deviceId,timestamp,hour,rawData,encryptedParam
V8Mrm1YC1Iq890kf,1744471392719,11,1744471392719@PWAV8Mrm1YC1Iq890kf,b37ed2ece2a7a151bd55702cd53b873e8d664ea5ce61e573aa3f4865ba8631ec75a9137ac49269c41d2fcc380a964822
V8Mrm1YC1Iq890kf,1744427809719,23,1744427809719@PWAV8Mrm1YC1Iq890kf,3cd58246c4b703d0a172891cdaeb027e38181c9bb8678438167c7b68f2c479e4c81f16690c6cd115f5c2fc1fee1200a5
V8Mrm1YC1Iq890kf,1744427611719,23,1744427611719@PWAV8Mrm1YC1Iq890kf,6809d28cce1b720654d34ff561075c437493b4950607c657b1ff0aafde4a644cbae497fc73d83d26faea2d24bc7754cd
V8Mrm1YC1Iq890kf,1744478771719,13,1744478771719@PWAV8Mrm1YC1Iq890kf,4a3864e9418384de2a21b9b2ce5bcfa3564d31ea86ce5a0df512bb6af4f2d35bf2ce4cb288a7cb17c0073a561ae07680
V8Mrm1YC1Iq890kf,1744437722719,2,1744437722719@PWAV8Mrm1YC1Iq890kf,f654cea7cd1a64c925123a0e51e22d432f4d861325c974a6862b43bd10b11c9c1ee0af49edad6df299201b89191645e4
V8Mrm1YC1Iq890kf,1744430133719,23,1744430133719@PWAV8Mrm1YC1Iq890kf,cd18251503049427f155e8fd14c133449b28adac8593c140b68c33cf40f6787e77db7a47c4c563e0e8ba6ce124b289b7
V8Mrm1YC1Iq890kf,1744451902719,5,1744451902719@PWAV8Mrm1YC1Iq890kf,5d086d1b1612472295a82311ebb4f13ee27a8722b666d0764baf3c4a99165dad34d830f6180678ab8bf019b8d0c6c5a0
V8Mrm1YC1Iq890kf,1744441082719,2,1744441082719@PWAV8Mrm1YC1Iq890kf,d23de24735425ff8b02b1c6c2c2c071a548ab15a558c2b922005490f221f064aa64dd0c28a71849475b8315c54d8b8dd
V8Mrm1YC1Iq890kf,1744461093719,8,1744461093719@PWAV8Mrm1YC1Iq890kf,f3a4d37435dce84eaf883cd6db2dfc8132f97f205e5d32de17b838d3384224cf07e780550c0b50c07ce2d9fcada7fe18
V8Mrm1YC1Iq890kf,1744436718719,1,1744436718719@PWAV8Mrm1YC1Iq890kf,a6aaa0c45c9504ada2f9d50897b40308f0a6a9bb96ea1382ead153f5cb316066c7860ee0ad255cc1cf5eba18416bb127
V8Mrm1YC1Iq890kf,1744449383719,5,1744449383719@PWAV8Mrm1YC1Iq890kf,0c29224352e3b2b52767e240e8379b403a0842f480abeebeeef92166b0decee268e45a6c949beb6924c54ca0bc722eaa
V8Mrm1YC1Iq890kf,1744465133719,9,1744465133719@PWAV8Mrm1YC1Iq890kf,4cb8cffb3e67405fed11520f2a581e8532d6bc6d05f625ecba65cc2ae9c0c6a677108ae59a6c3193a12d76699010c3c4
V8Mrm1YC1Iq890kf,1744461878719,8,1744461878719@PWAV8Mrm1YC1Iq890kf,863727cb9466be5a0012b041f26afb9f88a4621b71682dc72d0d0a367705029721ab175582bc902b95cc82f225527bb2
V8Mrm1YC1Iq890kf,1744461435719,8,1744461435719@PWAV8Mrm1YC1Iq890kf,a97c907fa4e0e9cf2832c5f9d42aecd3c8a703644fd1b34d3da3addf462736f7ab791b584191dd5e6aad76c970287115
V8Mrm1YC1Iq890kf,1744452848719,6,1744452848719@PWAV8Mrm1YC1Iq890kf,2bc967c6e9244ec6a995521aa8b84dd019c6e9ee9b6db11e43f4d31e82ff59c02c642c1441f1a3a959513afe096c79fb
V8Mrm1YC1Iq890kf,1744425246719,22,1744425246719@PWAV8Mrm1YC1Iq890kf,13b7b6f5f72e1af24425c57ac0a04f8a33a26ff7702f13f61f978129b2f976e6617831afea2d5a6b9586f3e7657065f0
V8Mrm1YC1Iq890kf,1744439578719,2,1744439578719@PWAV8Mrm1YC1Iq890kf,a3dd41ab2cfee7022d8a4c7c133a36b3519131c42a305197d52a7b9560f65dad6b8a582c23358ef98ca1e63f4bde69bf
V8Mrm1YC1Iq890kf,1744467492719,10,1744467492719@PWAV8Mrm1YC1Iq890kf,e3eb431c1a515afb455699c007ecc9bce0dee2867247ec0c3d1782c9f8b17dc4398a4f736d34e518bab2ee0c9bcd1ccf
V8Mrm1YC1Iq890kf,1744472018719,11,1744472018719@PWAV8Mrm1YC1Iq890kf,dd915e59cecd01552a09a04ad5e214620cb7f6e36b6bb6cdbd951b5d11ebd1dbbcbaacfe192cbafc8eb17d27b052f362
V8Mrm1YC1Iq890kf,1744450817719,5,1744450817719@PWAV8Mrm1YC1Iq890kf,cd4b1b5af5c53ef2dfdd2793b0bfee853353c2ff51a6356ad9647d3bff3955ff4b9c0b6e1db19c6f7d18897e7c62aad5
V8Mrm1YC1Iq890kf,1744452277719,6,1744452277719@PWAV8Mrm1YC1Iq890kf,cb5cbb1c7324cbdbb6888b7e311422e2e651b35a9efe020753097131a1e9ac17cbdad761a941f52097b430386f796cc5
V8Mrm1YC1Iq890kf,1744471869719,11,1744471869719@PWAV8Mrm1YC1Iq890kf,4b4357a86f8a87c6b72436fcded7de70e0d851137b66f9dd5bbb47c7197b6746c662f152c57a3b8938c4d2ee2f0d318f
V8Mrm1YC1Iq890kf,1744465083719,9,1744465083719@PWAV8Mrm1YC1Iq890kf,8ec56625ff480058137c87aa457d15d8cd6932ec12c55f495e5cbeff3e0a44482c5446896742afaa304c1a00c48c7bd1
V8Mrm1YC1Iq890kf,1744436454719,1,1744436454719@PWAV8Mrm1YC1Iq890kf,442732ce90bf4712ee58cb08ea4dca0762294add0a22fa2bda90a1f548127a4ce4a808d77b3ba86bb3c8d2e925f073be
V8Mrm1YC1Iq890kf,1744422613719,21,1744422613719@PWAV8Mrm1YC1Iq890kf,92ed012706c3a7b4bf16b40a6bf2bf6b5bf7f887f22c115be29b5db2fb95ecc3bf48a18a5b4fd67768cd4953d7256a21
V8Mrm1YC1Iq890kf,1744468714719,10,1744468714719@PWAV8Mrm1YC1Iq890kf,d018ccc0b0b5748930e40234a6df23c309a46e85bc65db5ead09bef9a30002196d809ce912d3c064fdf4e844793bc5a9
V8Mrm1YC1Iq890kf,1744428407719,23,1744428407719@PWAV8Mrm1YC1Iq890kf,b89fa04bd1c5bc8d16f543b65af52d91f85cbd89db7f7e8c64af3bf7f3072235f26b594a0f567ec1bcf26f44402c7f4c
V8Mrm1YC1Iq890kf,1744486201719,15,1744486201719@PWAV8Mrm1YC1Iq890kf,2ff4f05146e2e1367fba7c54144e128b63f565e505b4b306718c5e92b5cbe8ad74aa53785d42ff88b552b2c36e78cf96
V8Mrm1YC1Iq890kf,1744423950719,22,1744423950719@PWAV8Mrm1YC1Iq890kf,8f1f88205828dc0ef5bb19a6be9b65d3165d9bd219b9e4fae57239bb774e015b59de653b2942978c80e49a2a84c9257f
V8Mrm1YC1Iq890kf,1744427414719,23,1744427414719@PWAV8Mrm1YC1Iq890kf,76a2730d0bb1cf8bf336054795b0b96cbebae296e0619b1f9df93eb320c1289a3d962bb3956397622e4e1ce55510dd4f
V8Mrm1YC1Iq890kf,1744444528719,3,1744444528719@PWAV8Mrm1YC1Iq890kf,287fc87b2a05110c824e2e8a34c667aed30cb2951bd7532004d8abfe57b361d350944113f569229a37ee077b5a44b64b
V8Mrm1YC1Iq890kf,1744475027719,12,1744475027719@PWAV8Mrm1YC1Iq890kf,a561553275ba1cf934cf6274db8ab326c2342bcc985d27809dff53a6a69912fa51da8634c132ff43708a202c24b3f96b
V8Mrm1YC1Iq890kf,1744443459719,3,1744443459719@PWAV8Mrm1YC1Iq890kf,9a79094ac0e83bc7867abadc295664eb1d9dbd00cf203f8bdb13fcc1781ba6a9484a661c354cc271201b1c374acac701
V8Mrm1YC1Iq890kf,1744434847719,1,1744434847719@PWAV8Mrm1YC1Iq890kf,dbd6df42f395f8dc74a7636390d2c93af5f4113bd36ef67305dcf04b1c51a0089feaa6323d760e6dc386e2184b9bf1c7
V8Mrm1YC1Iq890kf,1744460673719,8,1744460673719@PWAV8Mrm1YC1Iq890kf,be3166eeed76b5c14e6ad0aa43e0bfb15d51d8c11eef76bc7be1a24532b8c0cd09167f3026d1d7c1f86561db78c769eb
V8Mrm1YC1Iq890kf,1744466998719,10,1744466998719@PWAV8Mrm1YC1Iq890kf,a6bbad03f1ec1592ff39158e1c1bf66c600131163011fd4f9ebe03eff7abaad40e6ec74a1cf6863ef352b90c2affd83b
V8Mrm1YC1Iq890kf,1744432087719,0,1744432087719@PWAV8Mrm1YC1Iq890kf,24a3530304ba09a2180c25ae50d68c28e56a6083b34bb15792021fddec43f61434a347a18d9c9b1aa97d0b6609bf08d2
V8Mrm1YC1Iq890kf,1744429197719,23,1744429197719@PWAV8Mrm1YC1Iq890kf,6b2eb2110716a8f056c478ce85e12e10ff6d569177bf9bd0e4dc1d558cc1e70103d2e795ed40bdcc3945840b12e6be35
V8Mrm1YC1Iq890kf,1744454603719,6,1744454603719@PWAV8Mrm1YC1Iq890kf,1ff009c5b2e427a3c7a2d73b3ec7386111651d5577ce8d3186c77a3f16fdd19660f1926b2a9887642926d57fe15b0bdb
V8Mrm1YC1Iq890kf,1744437787719,2,1744437787719@PWAV8Mrm1YC1Iq890kf,a69ace9e68a21e3327ae7d1fd9c8cd25b239ca353bcfd74fe962d66ee348cd413985307e2dd40fdab11c72542fab4eec
V8Mrm1YC1Iq890kf,1744442140719,3,1744442140719@PWAV8Mrm1YC1Iq890kf,97ca7bcf7569176ae336d0d8209945495b19c1ed8596400c0cbb0c5f417bd0dd812db79e51a866ee1ec64ccf3c7bc71b
V8Mrm1YC1Iq890kf,1744450278719,5,1744450278719@PWAV8Mrm1YC1Iq890kf,9c677cd29ccd9e29d8e7a48e7350e9eab4f21eb62abc70b40072c4ac756fd8028e6ddcb206b4b5e0d4df2926b915ade2
V8Mrm1YC1Iq890kf,1744447669719,4,1744447669719@PWAV8Mrm1YC1Iq890kf,f7e105cdc4e957d6f13589a8f3dbbe4e6eaff74e9bbeadc63c38171e73dc95b2e88afd264090af92e23c1b16b8cd20f9
V8Mrm1YC1Iq890kf,1744425247719,22,1744425247719@PWAV8Mrm1YC1Iq890kf,1db7abef030385547956e9c3f5ac9df1b59059b8442dfa4b297b578fbb9b3be6a3256d13c87049738c340996bbd4d8d7
V8Mrm1YC1Iq890kf,1744443322719,3,1744443322719@PWAV8Mrm1YC1Iq890kf,ce8a13c3e089c47ed6f34a2a877c3458d34df033a679aa4553521d0775988ed0c41fef9ed7608ae013adfbbdb270ce88
V8Mrm1YC1Iq890kf,1744432854719,0,1744432854719@PWAV8Mrm1YC1Iq890kf,178d9b2baa9d816a66554a4e6ec62395540b711fbd70f4eb575ebffc7f144e636e2b142bde59f9594c2bdc2a78d28e8b
V8Mrm1YC1Iq890kf,1744486127719,15,1744486127719@PWAV8Mrm1YC1Iq890kf,a81a8d9c0c88de0c9c662d8f90db3947120e753b0fd87a7515b1eb7714f0e1be51430d43138025e93f6ed56f168214b2
V8Mrm1YC1Iq890kf,1744455752719,7,1744455752719@PWAV8Mrm1YC1Iq890kf,a1c7622fe829b1057622b4a98c2817393ce654318160db234fc5a3cfda7c7141b7a58247ffe81fc422f9403d1db1711f
V8Mrm1YC1Iq890kf,1744426150719,22,1744426150719@PWAV8Mrm1YC1Iq890kf,0bea6ee2370ee8392a6d855523bbc92a7a894ea8ec046625f4325f3a88db29dfc78c56e21aaff5bb1045d4bc6f300be4
V8Mrm1YC1Iq890kf,1744464246719,9,1744464246719@PWAV8Mrm1YC1Iq890kf,bcc7a96dd6a16b26d2cf9af9aa8fa10af5872435c968ff15193cc9b207dada6f3642eba7b5bd5eb3522833a8e95267f0
V8Mrm1YC1Iq890kf,1744471300719,11,1744471300719@PWAV8Mrm1YC1Iq890kf,01effeb36b848311c4a6cd5b9adf8f95d7c9bf7739f47b844afe9519dc4734afde80019c4c814b938ce9fc093ad5e630
V8Mrm1YC1Iq890kf,1744465971719,9,1744465971719@PWAV8Mrm1YC1Iq890kf,4c7e0e37838e970ad9a81da8b2b64e371a7b8a8c95a9e342d7afeae4d2cb4a1bf22d45a91c8ba491b6cf253883779a10
V8Mrm1YC1Iq890kf,1744433389719,0,1744433389719@PWAV8Mrm1YC1Iq890kf,78a08a4c5684a51d07cd3a2b6f3015027d4331006be4156edd1a801de093e10396441f68e3d9e71e334d03e38d9c68b6
V8Mrm1YC1Iq890kf,1744420410719,21,1744420410719@PWAV8Mrm1YC1Iq890kf,7ea656f1a4b1e991b12d262066742328b04141b366d8613874b089e9396ef3a7559f2042cda80426a5e820bae2c90a54
V8Mrm1YC1Iq890kf,1744423669719,22,1744423669719@PWAV8Mrm1YC1Iq890kf,cfcec09ae3a7b5f030c9163806d3fb6c34284bc8ffefaaa2b0362427a98a82b49270e1462c96589b308b9be8e8f5e5a4
V8Mrm1YC1Iq890kf,1744463749719,9,1744463749719@PWAV8Mrm1YC1Iq890kf,1e36afeafda4c67fca42a6ff9ecf1e916194c2255cbd3cd103f1fdd69db25e155432f7df4c47b068ba3342be6e691b07
V8Mrm1YC1Iq890kf,1744430779719,0,1744430779719@PWAV8Mrm1YC1Iq890kf,725fbd5c9173dadc411e09de82b668917196b930a40565ee19739944061dccfc8c684ebcc2a397eee4c4ff5f32a50d21
V8Mrm1YC1Iq890kf,1744478348719,13,1744478348719@PWAV8Mrm1YC1Iq890kf,bdfcdb6e36d09e0062f06e6450a785e5f0abc9f8023071260255fe3215ef36e0eea638dfdd577109b2cfa7d4e6e20d7e
V8Mrm1YC1Iq890kf,1744433796719,0,1744433796719@PWAV8Mrm1YC1Iq890kf,f708edaa9058bb30f114337449260443458419c905d5c28217c1b87675fbc9852cebff2a324d969643e403a290f7f7a7
V8Mrm1YC1Iq890kf,1744418378719,20,1744418378719@PWAV8Mrm1YC1Iq890kf,7d76b4c8f7d3f4c808d498e2c7b360a97e918fd03e6374cab292018b10d4328a7370b6e13ad18c706bb7cb5bd5951a0f
V8Mrm1YC1Iq890kf,1744417915719,20,1744417915719@PWAV8Mrm1YC1Iq890kf,6c4d78faa641e3278c9df25b227528aa79098ed8953e8e92264f667c72ac00867ce90454beb3170514a755bfe392a2de
V8Mrm1YC1Iq890kf,1744453525719,6,1744453525719@PWAV8Mrm1YC1Iq890kf,a91a3f0807cc9ec54531941d7b66a849a588af6d4759a54f2b24480aa02fcda281b5274cee716f5d136385b9e9c1c0d0
V8Mrm1YC1Iq890kf,1744487755719,15,1744487755719@PWAV8Mrm1YC1Iq890kf,5740c87af33aa1ca8a2f8cdc65349fdac71ed39adb8ec139d54ee1869563e998b8796dec8fdcc1bc6f6516bc1ce29fc6
V8Mrm1YC1Iq890kf,1744461402719,8,1744461402719@PWAV8Mrm1YC1Iq890kf,f3aa9a9cf400eddba0fa31b2d882be97efd9b256eacb4798e50df68f53e15726304d06735011a5bc7c446ed6bdf17423
V8Mrm1YC1Iq890kf,1744460587719,8,1744460587719@PWAV8Mrm1YC1Iq890kf,bc91370587743d71cb74ed318a86cf9099ec257477579b22691e5f98712a231c3fcabf09f8d78d462bdb84b79da47dfd
V8Mrm1YC1Iq890kf,1744476871719,12,1744476871719@PWAV8Mrm1YC1Iq890kf,53c6c0eff088f2128dc3f17bd9e650866ff06cd4644f6b6dc44108c88a7f6b27cc771287586bc443cbc94a6a29e75213
V8Mrm1YC1Iq890kf,1744481677719,14,1744481677719@PWAV8Mrm1YC1Iq890kf,71b3e8db396711d13c1bd0f0f3d96fcc8cf819bbd3c0b3fc7fe3fcfa8930a01f3cd48b1e9bcd515de81cc1b1716dc9f8
9lkHG6Iccr87KYPj,1744441685719,3,1744441685719@PWA9lkHG6Iccr87KYPj,20a325ffa429a82a47e4026e1093858b469551175bb8f8dba4635839d5a136d8d3b1ddbc3b92c5e49cd5ff1d723fcada
9lkHG6Iccr87KYPj,1744417542719,20,1744417542719@PWA9lkHG6Iccr87KYPj,48e96aa25af5b20548f9584db843118a7d3e539157d81ca5ed3dde6680cd83870ff57d89edcac5e9f7cf69f37298f1bb
9lkHG6Iccr87KYPj,1744431963719,0,1744431963719@PWA9lkHG6Iccr87KYPj,d388420d060d11b6015a3664643460d3900852ca0b40e908bee0b935d1ec773e2d8777d517a47130f92582e97c6ed731
9lkHG6Iccr87KYPj,1744427894719,23,1744427894719@PWA9lkHG6Iccr87KYPj,94c0c15f0b7a198426650b653e40ff2364329cd6500244be19b9323a4a3ee913dfd7ef93819d3b147c232ba873c43cdc
9lkHG6Iccr87KYPj,1744463567719,9,1744463567719@PWA9lkHG6Iccr87KYPj,99cad00d6f1476ec57f6d6fb803e2ba49272271763df8581dfb9eeba859a67090fcff3ad759dbd55c380802787a2bf92
9lkHG6Iccr87KYPj,1744456132719,7,1744456132719@PWA9lkHG6Iccr87KYPj,a2cd9455f94f84ffba89e0221bd626978efa7695b1d8a5e0f230dcbaf7e5ed8667fe643a58e780f716ba2fda68857e64
9lkHG6Iccr87KYPj,1744426008719,22,1744426008719@PWA9lkHG6Iccr87KYPj,8cbc803a3c264d4f457ebf37fffd2a8d3ff0e1490df5b45fae63486e609e21e1f50c7ebd140488888276fa962dae2f67
9lkHG6Iccr87KYPj,1744463921719,9,1744463921719@PWA9lkHG6Iccr87KYPj,678ddf6954be9c7cf6cde904d77a0d684e380b5e6976b756f36d7164d39111b8ca71b405eacbc948b842a214b02e99db
9lkHG6Iccr87KYPj,1744460896719,8,1744460896719@PWA9lkHG6Iccr87KYPj,19971a66dc7d564ac17266dc9828f5e2f30725bf51bc09b92183315b2943382b53d01bd048ff0465e15c6d84b8194fa1
9lkHG6Iccr87KYPj,1744471018719,11,1744471018719@PWA9lkHG6Iccr87KYPj,cf16222b1679924006cf21077b6e80ab7312af1e39f4bcc5ac4b4dc4776e9136c20ca20e7fa424bc7285f09a0937b0a1
9lkHG6Iccr87KYPj,1744475904719,12,1744475904719@PWA9lkHG6Iccr87KYPj,778dd68536e689f249e2f33d9383f2bbafb3628b4a85351384208a0817482c3b380ff9ba141c6cc2e444ae3849550b78
9lkHG6Iccr87KYPj,1744479077719,13,1744479077719@PWA9lkHG6Iccr87KYPj,af57f05bd40556b738ec0a6b0e330b29eb5460a93bcb14a82ef6349186b9a57a1b26d3d46e47084fabf4e2c3659a892b
9lkHG6Iccr87KYPj,1744449490719,5,1744449490719@PWA9lkHG6Iccr87KYPj,f5358af9c358de8d432999f6de29227811e367e0859d4458d40d265830d93a8a060073c090414efdff9e460acff733ae
9lkHG6Iccr87KYPj,1744474303719,12,1744474303719@PWA9lkHG6Iccr87KYPj,15ccc7d41ca83c7f31702ec9a518f9eb33aace0bd36fa5ee13dbd679085bcc2fc98feef52cb0e1376b2e1ce078749959
9lkHG6Iccr87KYPj,1744436370719,1,1744436370719@PWA9lkHG6Iccr87KYPj,a05418f4d747c4005d59bc36ddd1cbea9f2dcd296d74a8e586d7a97276db51a567f463925c9bf0a9dd877c1670362a30
9lkHG6Iccr87KYPj,1744463745719,9,1744463745719@PWA9lkHG6Iccr87KYPj,a518966acc79656d87ce7628f87f51486feda80e73022afa9ecafe3bc861ee094289fc7a37a932069a80f2bc28d24f8a
9lkHG6Iccr87KYPj,1744423703719,22,1744423703719@PWA9lkHG6Iccr87KYPj,4906495d25405ab25ea9d8ef005aac3647edfdcc9fb5c615f3ff7dcec9ec40baec1a29050913d7e409a2a15bb6b051b9
9lkHG6Iccr87KYPj,1744480906719,14,1744480906719@PWA9lkHG6Iccr87KYPj,05a9ab240d51162659f44fa3fd6707df49671654f21021ec323fcc7afa06b1e3e99df64261e663620ba96c41c929b21e
9lkHG6Iccr87KYPj,1744422587719,21,1744422587719@PWA9lkHG6Iccr87KYPj,9e1b06dc13e7019b570bca3bdf72dff481f9a104d10925a5b79b4ad7f3186a08591adf912e9fa7f42cd66e19a20fdff1
9lkHG6Iccr87KYPj,1744437999719,2,1744437999719@PWA9lkHG6Iccr87KYPj,f2a2fb60bc52b532727a40451a51c7d4176d4b98cb548389b033121e3daab72f73e6000f970a923f5c4e3b3442fecc05
9lkHG6Iccr87KYPj,1744433161719,0,1744433161719@PWA9lkHG6Iccr87KYPj,3f426e1c44539bf28f773676aaeb97272dd7e91007a589049da8dedaf807c313f31e66ffa2bc5a6c91310baa354c2a53
9lkHG6Iccr87KYPj,1744480301719,13,1744480301719@PWA9lkHG6Iccr87KYPj,c2b6d0c0df2c2196109bef63e30a76bf4837f0dd37618c5839e5d0be847891b8241fe29f788b19dbde53556b13c0bb2e
9lkHG6Iccr87KYPj,1744441049719,2,1744441049719@PWA9lkHG6Iccr87KYPj,a016fbc86b2cc3a3ba222f9436d2ded333640eacaa9ff3b714a653b9853f534de16acc7c0fca9782d740815627a750e9
9lkHG6Iccr87KYPj,1744430366719,23,1744430366719@PWA9lkHG6Iccr87KYPj,89da9e9c6b13a6d4561ff5a89dc65e1497825a7e82b426618ef09180ec95c14b09a6bc9e35f129414364edfbd34f0324
9lkHG6Iccr87KYPj,1744461049719,8,1744461049719@PWA9lkHG6Iccr87KYPj,d13cf443897218e035927425ab61d4a8166d7dbd42d28ee6fe8fe9b01ecc5a1317e016ae8ef4b6056dd25d20879b323a
9lkHG6Iccr87KYPj,1744447696719,4,1744447696719@PWA9lkHG6Iccr87KYPj,dab06f129a78a9b3086b9d26a791f62da6c7547aa117646f9caac4e52a6d9666c7398f072ea8d49389f0c565752d0458
9lkHG6Iccr87KYPj,1744464104719,9,1744464104719@PWA9lkHG6Iccr87KYPj,515db9230b717235de8d51a2f65b543f23931fc09980b152d2e86beeaed9e3539c52f3550eca91e15d32f8cedb92af46
9lkHG6Iccr87KYPj,1744447473719,4,1744447473719@PWA9lkHG6Iccr87KYPj,0bd74838a431e47308cd8fb4a4b22eee390596747884c9507141a0871c0089ca26efe99674e2607a3d400837f2a351bd
9lkHG6Iccr87KYPj,1744473348719,11,1744473348719@PWA9lkHG6Iccr87KYPj,3917cf8b16ebdc8053835e2798ddcba740d983ae580f157132d34e1e0d9f077e45a8d80b7d5bd90b7b13228657aa3a0d
9lkHG6Iccr87KYPj,1744477834719,13,1744477834719@PWA9lkHG6Iccr87KYPj,dc673fcdb4a981d1aa6dd25458ae9b0a90685fb8a28f6a8311c7d7a7510c810612ce92472a6aa882cf4e8a1f3bff572c
9lkHG6Iccr87KYPj,1744431004719,0,1744431004719@PWA9lkHG6Iccr87KYPj,c288f4f6526ad834646f9734c6234041810bd8ed546abc55169633cee98dda4a6fbb72b010a19e048e6387d40855817c
9lkHG6Iccr87KYPj,1744446462719,4,1744446462719@PWA9lkHG6Iccr87KYPj,fe5bcc27d64beddfdffeeb69c4f689879cec1b39f0297962bb53258ba09ffd7c15437799153d6cd7cbd1588683fb795d
9lkHG6Iccr87KYPj,1744463689719,9,1744463689719@PWA9lkHG6Iccr87KYPj,3a90c5cee06b25edcff9d5cfc7f3b1f0756d26967ce9dcfe43719409befeeae92d214696a96e61b283746d65239e5a77
SXr0GM4SWu3w5AKB,1744475216719,12,1744475216719@PWASXr0GM4SWu3w5AKB,e36060eb85cd4423bc8ba209ffb63f4c5954e911c7c88604d7a47d9c5d1e8ef6e8be3df95e984031d664cde0f99c4927
SXr0GM4SWu3w5AKB,1744478151719,13,1744478151719@PWASXr0GM4SWu3w5AKB,e04fc0e76a2e2cd5afd9ba80b9dd3561d4e0fb96380ac69cd119ccca09cda796338f5c217c0c48c333b9f826585909db
SXr0GM4SWu3w5AKB,1744423683719,22,1744423683719@PWASXr0GM4SWu3w5AKB,cc461d9eec5b51208c44457109dad29ea2492db85cbffeb351bd86f705070d1e584c4fa0ced0cb77fa20a8806e2eea1a
SXr0GM4SWu3w5AKB,1744485799719,15,1744485799719@PWASXr0GM4SWu3w5AKB,50d5eae47aa007efa845bf647404cd5dab57bc97fdfdcf86276242e1c7c2fee64119839e8f44e16cb5b684968a2d6e7e
SXr0GM4SWu3w5AKB,1744431205719,0,1744431205719@PWASXr0GM4SWu3w5AKB,210ccab5d10975cc4760e25d89d3959b8b918f86de2de8ab5af358f00b42a0a712bb62bfbf5a5d76ee32df17eaafd718
SXr0GM4SWu3w5AKB,1744460205719,8,1744460205719@PWASXr0GM4SWu3w5AKB,01a7a1dbb83a8cb91dbd4b5d89a43baeabb67e11c0bd70588100fb1804bd231ac6eccd027f283b2c3233e33d873fd64e
SXr0GM4SWu3w5AKB,1744457351719,7,1744457351719@PWASXr0GM4SWu3w5AKB,5d28df27b36383675e47fc7e89acb52f887a21b8a4f66addba8eea3bd3e8a341b721406404570c1bac1e00444604302d
SXr0GM4SWu3w5AKB,1744424940719,22,1744424940719@PWASXr0GM4SWu3w5AKB,ff5bb34ac443e670133365f47ec97e35b54c4f4be83570b0b0ff06ad07f535ba139241d727f7c03911f0baffe91974de
SXr0GM4SWu3w5AKB,1744478918719,13,1744478918719@PWASXr0GM4SWu3w5AKB,4d84a395d43649ee822af1c09013600330ddaa932bc5a6b52311e25614b3bc1f355fa7607dd0722750d987699426fc45
SXr0GM4SWu3w5AKB,1744465454719,9,1744465454719@PWASXr0GM4SWu3w5AKB,8b6ace8041b58eebcd3cc179c6c208dde1d4760ae923463f34e9d7923aee9235cca54bb8cacaf15e23cfaa9d46479298
SXr0GM4SWu3w5AKB,1744471407719,11,1744471407719@PWASXr0GM4SWu3w5AKB,d9fe217f71b9a39149e1c5d31d337ef6b9517740d3a4e338c00a271f3daa2c6a70333d5eb84420c0c4eaaf74731ccb57
SXr0GM4SWu3w5AKB,1744469315719,10,1744469315719@PWASXr0GM4SWu3w5AKB,5fc1faf398d14d9bc32d4315ef006e89489b8155942ea65eebb2bf1e2e38497349bd62d99eb104b12df4e29d8ab91213
SXr0GM4SWu3w5AKB,1744485857719,15,1744485857719@PWASXr0GM4SWu3w5AKB,8aed010943965326eaf8363270fd23253beae5f6dd15f5852420fb3b3c771e50321c779c99e15566b877c34868fed700
SXr0GM4SWu3w5AKB,1744421506719,21,1744421506719@PWASXr0GM4SWu3w5AKB,1f8d55c6e6ef4e706cc8ba2fb6f1966ede5d9b85969c343803ce97745e8058288dbac6e3941d2a34c326d350c5c3d5a5
SXr0GM4SWu3w5AKB,1744419887719,21,1744419887719@PWASXr0GM4SWu3w5AKB,13a4ab41bb1697dd9f8dd823ff42a4edf1f3ead696b45b0714d1fd70752323911609d9046f9cb89a075466dd0b35f578
SXr0GM4SWu3w5AKB,1744464155719,9,1744464155719@PWASXr0GM4SWu3w5AKB,1aed267f2d48b81c58f1f34a3eb15398077988ba3767182b9416395793ab18a925a31600921778a01ff9055831c06599
SXr0GM4SWu3w5AKB,1744439861719,2,1744439861719@PWASXr0GM4SWu3w5AKB,cdbff08bf5038ed940647b395fe01cb940dec9681ddfddf0bdcb06f5a534361c7c83decc1db018261a4807c489b504ad
SXr0GM4SWu3w5AKB,1744423766719,22,1744423766719@PWASXr0GM4SWu3w5AKB,74fee8fc33a77a42d357b24649931e2fd1a6c9dbaf33f74b3a70580a94abd0cd8d7ed365559eb059fbc70b7bfa44b60f
SXr0GM4SWu3w5AKB,1744465663719,9,1744465663719@PWASXr0GM4SWu3w5AKB,a6187c9de902f4faed9881d34f3d8c2f539a631dc95f640de8ce6e43d454dc0d109c0c6b765c1367ad195d4fff08c1a1
SXr0GM4SWu3w5AKB,1744486993719,15,1744486993719@PWASXr0GM4SWu3w5AKB,296ffb46da2210bcb0b9da4eebd63efd3ee4cdf1bf5313dbe19af2ad939366552f16ceb3a1fe9ffda6f065dc3cd71ed2
SXr0GM4SWu3w5AKB,1744441469719,3,1744441469719@PWASXr0GM4SWu3w5AKB,ceafa0dfb611bfc2aebfee21e1fc4a7c9f1d2a0a56e52e1be0d6c7dcf533b996f87896ece2abd6bb207923416142ecd4
SXr0GM4SWu3w5AKB,1744432735719,0,1744432735719@PWASXr0GM4SWu3w5AKB,1af12bf84901463720d73767eed9a5800967edf94dcb794824b5db9f85aa88589780917126db3be684beb1c32d9d7c2b
SXr0GM4SWu3w5AKB,1744471036719,11,1744471036719@PWASXr0GM4SWu3w5AKB,4d0b00558379213bc4e501aa58ea151ca7ad9a70cee3d8ded05c172a3c005ea22b06dfa4b57ff3f3c1f3efa933b00b8a
SXr0GM4SWu3w5AKB,1744435275719,1,1744435275719@PWASXr0GM4SWu3w5AKB,02616f9b7d659f09b2fa3368e068d68f815a08fc0fb11606152a8865fd01ff258b32b6c01e82e031593b528bf75d0501
SXr0GM4SWu3w5AKB,1744429471719,23,1744429471719@PWASXr0GM4SWu3w5AKB,b2a341a4921e5da50508033f2fefdcdfdc010eeab4e090b76a7712d96f13067810d57e80d4fde1a123b59bbc255a0d3c
SXr0GM4SWu3w5AKB,1744470990719,11,1744470990719@PWASXr0GM4SWu3w5AKB,f36f44c866434acacb0cf16e196450f8298c4325ed62fdf0ca1f72ff9122a75c72082b764b0376ab46c6965bb67b13cc
SXr0GM4SWu3w5AKB,1744431226719,0,1744431226719@PWASXr0GM4SWu3w5AKB,0582692a8765e8ef27ca0389bd239b039e05850ce78cb615fd1331062b2f17b2c805bd8b827680dae2961332a03ac082
SXr0GM4SWu3w5AKB,1744457239719,7,1744457239719@PWASXr0GM4SWu3w5AKB,208cc98ada14c37b161f8da1eddba89276b4a9f115f2c601cfc30f757c72d26915dab918191300dbc01b45fee3758369
SXr0GM4SWu3w5AKB,1744437183719,1,1744437183719@PWASXr0GM4SWu3w5AKB,b1ee8c231376e1cf8c130965d00eb6eb14d2bb0ba1e43a75ccc4c9421833e648119e04cd898ef73c22789f591c07e482
SXr0GM4SWu3w5AKB,1744484219719,14,1744484219719@PWASXr0GM4SWu3w5AKB,e75d40f44da3aba2e83e2bc9a2809a44ffe9524dd01bb95fa9ada79de057cc0d5ccdac795a2d4fc564261a87bd35e07b
SXr0GM4SWu3w5AKB,1744430405719,0,1744430405719@PWASXr0GM4SWu3w5AKB,5f45ccc8ff61ce7ab690d28dea7d2a2aa053dcdfb6cce61c7762fc6767c183a0fca9ab834a5f8a75de170e008601ecb0
SXr0GM4SWu3w5AKB,1744473787719,12,1744473787719@PWASXr0GM4SWu3w5AKB,5769ffc06c274f3f4ed7471a675138b7829e42aad5fbcfc5162de51c9f7c211a308caf1c5372f5b22044347ebea10005
SXr0GM4SWu3w5AKB,1744428037719,23,1744428037719@PWASXr0GM4SWu3w5AKB,336ebbe3f13599598a4586afa75fe8c8663a6ae5374550854d14747d3a70a699d58141c4b35dde050f5c1ef68040836e
SXr0GM4SWu3w5AKB,1744486539719,15,1744486539719@PWASXr0GM4SWu3w5AKB,2af7faa4a9a72bf001c286fff5fa124cc9b33d9f6f17e98046ee4a08a62fb491925ee75ff650510322a99cf8880590de
SXr0GM4SWu3w5AKB,1744431971719,0,1744431971719@PWASXr0GM4SWu3w5AKB,f8c7f9a992ca3927f5375c4a6a0039466b3ccc040ff72cf1e1572bd143d5e1bf7fc830413c239f9ccc5a82cab6f7422f
SXr0GM4SWu3w5AKB,1744471349719,11,1744471349719@PWASXr0GM4SWu3w5AKB,a1b118ff796ee49c302db5542514ee1bccb650fee6942a10970af0b151f6908cad8cb45c7841521b9367add7d03c4563
SXr0GM4SWu3w5AKB,1744452964719,6,1744452964719@PWASXr0GM4SWu3w5AKB,d67fd6150195cb7f60fe77e990c4b9cd88b6c2a568af594c38b0b68e4d4d866222fcdc9a40e2f76b64cfc60028460c2b
SXr0GM4SWu3w5AKB,1744484407719,15,1744484407719@PWASXr0GM4SWu3w5AKB,cb799cfce7ab25e50f42a3d8e13f972217b73321125a6030915ba3cdacfb95ca6f254d1ef81503472e604e3c0d0503de
SXr0GM4SWu3w5AKB,1744469603719,10,1744469603719@PWASXr0GM4SWu3w5AKB,b63bde5171af58fa04149af4a11a8ee5a9b81eb9d0b36e15d622635f03b4e36503273acee0686df3c014558743f2a303
SXr0GM4SWu3w5AKB,1744466505719,10,1744466505719@PWASXr0GM4SWu3w5AKB,05b7c1a84e8d3e1bdf6d1e1859dbfd3d01adef0f4ef1571f25a4e9173e02cb836b3176f3287bcb631a9e7d3efcdc2894
V8Mrm1YC1Iq890kf,1744478227719,13,1744478227719@PWAV8Mrm1YC1Iq890kf,db99c8c828bf8af17e69d7ca528869c8e8431caccc0b483d15250fb6f8b14e3d8bf83e620cef0636feb431314cd51e18
V8Mrm1YC1Iq890kf,1744425624719,22,1744425624719@PWAV8Mrm1YC1Iq890kf,aa4277d04af80210582a9563d27de40e2d7dc43666c39c76cd752a008b6d0c20ea010bb9ab57a4fd2948cccb6a371ae8
V8Mrm1YC1Iq890kf,1744478864719,13,1744478864719@PWAV8Mrm1YC1Iq890kf,8a063f61b75e867face99e353947f04122033caf390ea93311525fe87fd161ec17fa2025d545a8b62594c5e968673618
V8Mrm1YC1Iq890kf,1744459664719,8,1744459664719@PWAV8Mrm1YC1Iq890kf,5a57aa6444596b1b6f72638f4dab25e868149a2c24b320d9801e645327fee4f11d6f81bd2646d903c29be95ddcaa57f8
V8Mrm1YC1Iq890kf,1744432454719,0,1744432454719@PWAV8Mrm1YC1Iq890kf,9d01de1c18ec0dfbc526aba18a6c516149af79fd590c17dd0ae4d2e1a7926423e43c0f62e09ad8db25a349cdf902e9b0
V8Mrm1YC1Iq890kf,1744458818719,7,1744458818719@PWAV8Mrm1YC1Iq890kf,8c984b43727283557ba6d062a6eae029183c4e675d8531655b089f941a59228b78c46de188760cda17c689513d5f160c
V8Mrm1YC1Iq890kf,1744420452719,21,1744420452719@PWAV8Mrm1YC1Iq890kf,bcbf77853d26fddc134cf028a68d08ad43b41ce3cdacad2f5de1b1ce7827842b716fec89e235bd23ef7309dcbb315de9
V8Mrm1YC1Iq890kf,1744416732719,20,1744416732719@PWAV8Mrm1YC1Iq890kf,be9bc145dbe2184cf796cdb1c5169e7882b88bdab5184ce4f1e56032aafcb3eb32f3ed15214fb4e77631e5ecf3d0f1c4
V8Mrm1YC1Iq890kf,1744431305719,0,1744431305719@PWAV8Mrm1YC1Iq890kf,5d75a822ffd5174bda565c852c31b7b700ed476611cc20c3242c00fd19c140544c46db4a6c618fc9b80acb98bb650821
V8Mrm1YC1Iq890kf,1744478671719,13,1744478671719@PWAV8Mrm1YC1Iq890kf,7dde2add8d795167f45e779b2a1c7958e21e70c7982d1c08d2089a650116ba6e2bc57880f9bff35f063b1141fe15dc94
V8Mrm1YC1Iq890kf,1744445533719,4,1744445533719@PWAV8Mrm1YC1Iq890kf,dc4f2a358f742af762f36fff29dfa0a3d00a9ea566262031deeecd34ca0d71966b4db17461f3b8288e8c60cdb0f82c45
V8Mrm1YC1Iq890kf,1744464367719,9,1744464367719@PWAV8Mrm1YC1Iq890kf,f003df2d09e8c8b615982596ced2bf45da9f0856013afad847cf1c93203b8c7deafecde97a4d0b4d5521563a14ed33b3
V8Mrm1YC1Iq890kf,1744453584719,6,1744453584719@PWAV8Mrm1YC1Iq890kf,2542315b5913cabb2b9bbcf6e91d9da60a385d4fe973f35133fe6a2c4b07a1154a9df833d23f0ad611d7b483835a7a98
V8Mrm1YC1Iq890kf,1744481043719,14,1744481043719@PWAV8Mrm1YC1Iq890kf,559415c91bc8defe869f1f3389041d34977623cde328a39ca3792066860d2f714c979a52052e07562b9d5366e9eb7058
V8Mrm1YC1Iq890kf,1744427405719,23,1744427405719@PWAV8Mrm1YC1Iq890kf,c4a5c3b67b66ff4958b39dbd495e8bda0918bc33b64275489701ff6675b755f20db4ba5b66a2e78750ab6a53f6cb26b4
V8Mrm1YC1Iq890kf,1744448287719,4,1744448287719@PWAV8Mrm1YC1Iq890kf,3d50ede48db79cc420eff273e21634e63ab06206a27aa6d19801c533bf1cffc2897d9509f8d80a907b98456eb38c7c6f
V8Mrm1YC1Iq890kf,1744477965719,13,1744477965719@PWAV8Mrm1YC1Iq890kf,0bc81ebba7813b6744907602b75f42e9870089468bbd44c371aed9d361ec4941e9bdd620b9386a5c5fa0d11a48f4d409
V8Mrm1YC1Iq890kf,1744438786719,2,1744438786719@PWAV8Mrm1YC1Iq890kf,6b2b677e135efc12c2d18fc1e53f207108e7ab8459879a6f85626e2235d80295e15555afeb3b21b271a72f2c537a2356
V8Mrm1YC1Iq890kf,1744462471719,8,1744462471719@PWAV8Mrm1YC1Iq890kf,9744b4ccdef4a6527ac12ab41c95c710ceec4afe0236cc2f6c78f0581899202fa6d80a6c99a2fb02fbf8f287ce8cd012
V8Mrm1YC1Iq890kf,1744475368719,12,1744475368719@PWAV8Mrm1YC1Iq890kf,c67dc524415dcdba613a4d218cf8e81c043f0b1ce85508222e56e37bf9c60d44cff8d0b526bb086f77c2a98ef86d808a
V8Mrm1YC1Iq890kf,1744422187719,21,1744422187719@PWAV8Mrm1YC1Iq890kf,ef6f40b63a4738d708a4210589281e2dd490b7580bc0874d0f55c71da777e7b1a0d38181665ad31387a48b2ed6f1d887
V8Mrm1YC1Iq890kf,1744423315719,22,1744423315719@PWAV8Mrm1YC1Iq890kf,f2c13fa4118ce5bec84be48ff56e91823e63a2cb410ba37add30bcf57fe08bd202fff1a0e0d5435cc8a0e891f9c00b16
V8Mrm1YC1Iq890kf,1744433192719,0,1744433192719@PWAV8Mrm1YC1Iq890kf,02870aac4f71978de7300debd5b096eaf580630ecc3a43969541802aa6f373d7d5977bc667139af2345952b14105633e
V8Mrm1YC1Iq890kf,1744448291719,4,1744448291719@PWAV8Mrm1YC1Iq890kf,023758bb416b2b382570b9b82e36ebc904c25a1a3e7bd1e8b303fb29ec8753babceb8f28a8829e547acb6fbbbea73f57
V8Mrm1YC1Iq890kf,1744423696719,22,1744423696719@PWAV8Mrm1YC1Iq890kf,cabf3ba17a5159b4da658ba7abd043293df46a639fc5d35e48a6d558820e5a071ea6d8dcbb58ee874676c541bee1c8a0
V8Mrm1YC1Iq890kf,1744470915719,11,1744470915719@PWAV8Mrm1YC1Iq890kf,22a199c1d9cb0a49140a34523cf6d14b368b530a4acc995bd2eb84d862ce0751e86aacd4704e108f34f185d030bc5be7
V8Mrm1YC1Iq890kf,1744470041719,11,1744470041719@PWAV8Mrm1YC1Iq890kf,a609bb9820a222cfc130b80c2a87644cd394458faff9c78687a9b71593417774eb767256e853e8bc1cbeee44067d2cd9
V8Mrm1YC1Iq890kf,1744462251719,8,1744462251719@PWAV8Mrm1YC1Iq890kf,a514b8c6dfbca4f04ee6f880e27a282bcdfa1f522ca3b01e3922d8128ae323f3c8c216e37c1f512dda79aff639ca9c20
V8Mrm1YC1Iq890kf,1744477857719,13,1744477857719@PWAV8Mrm1YC1Iq890kf,65f37d8d6814f0690efeecae261426565575d8026b8fe744a8c9d36338142f3b0587ca2159e715b50cd2cf7940c0cfa7
GUahXMpJsr7NDTyu,1744464845719,9,1744464845719@PWAGUahXMpJsr7NDTyu,29001a3592ce42c45da30a1adbe28d2f68e3ea22f0386ea8f8cfa00b2a8f7922b11eab1ec712d0253bb1da59bcbc0836
GUahXMpJsr7NDTyu,1744472565719,11,1744472565719@PWAGUahXMpJsr7NDTyu,9f53adaea55e6aae5a33f6ddbe892200716e68f883beb693047878e817a25fcc5152f39b28aa742c63891643d1298163
GUahXMpJsr7NDTyu,1744478675719,13,1744478675719@PWAGUahXMpJsr7NDTyu,31bd14ff571840071501c3527e1624bc9932dcd7691bc9d3753011153a831e06a34a767740f3312eafadb7b7c45b2fde
GUahXMpJsr7NDTyu,1744455825719,7,1744455825719@PWAGUahXMpJsr7NDTyu,100255786a56a267dd7675659374592224c0c5e9fd50d80b636207e0ae013284b7caa95242c6cdcce778a5426ba4ff0c
GUahXMpJsr7NDTyu,1744447701719,4,1744447701719@PWAGUahXMpJsr7NDTyu,467ff7aaf92176ec2d7ee306a7d9be97f3a8d5562525e666fa75397ff90cdf1093389f5d58162bd2584d7d13da992f02
GUahXMpJsr7NDTyu,1744450956719,5,1744450956719@PWAGUahXMpJsr7NDTyu,12f1b2c8a54a862b988ebb24c9ba39b51a833ebdd4e18a4afd891cf66ce4e95fcd0b33f3b6c2780caa2c2f6d0c5f771e
GUahXMpJsr7NDTyu,1744459149719,7,1744459149719@PWAGUahXMpJsr7NDTyu,56df52801d63d70e6c74bd8d7731885f8ea5c210aff192f9103dc516a3a5da9a09224ae0adc9a262ceb6345a0c183b4f
GUahXMpJsr7NDTyu,1744474953719,12,1744474953719@PWAGUahXMpJsr7NDTyu,f8215e51b5a0e828bcbaf58fdbaa933e90ed0c3a84fe92cf99388e0a6ffdae5f462f5983782408f09af660b13e0b28f3
GUahXMpJsr7NDTyu,1744433665719,0,1744433665719@PWAGUahXMpJsr7NDTyu,e613c1b1473d32be3811b8375d9fce46e37d22396ad66899ade2128ec044d7095e8641ca7527c77752753f40401a8fc2
GUahXMpJsr7NDTyu,1744430211719,23,1744430211719@PWAGUahXMpJsr7NDTyu,861b10bb579522f75590a9796625e50281cac1c21f4739f5b41f07e1d8cd045afaa5ee7052190cc38c4e4725805e0671
GUahXMpJsr7NDTyu,1744428721719,23,1744428721719@PWAGUahXMpJsr7NDTyu,50b65aba3deaac6a2370d3098be0634d17878a4da1d6bde6606383777746dde5825c53bea278af9cc81d8f70ea2a2799
GUahXMpJsr7NDTyu,1744454626719,6,1744454626719@PWAGUahXMpJsr7NDTyu,6f4329b0108faafda83f423b213adc8923fbe915cdb38206a31d2328fbfbd93aee9f89e86c2fc7f61750d0b4f8f28485
GUahXMpJsr7NDTyu,1744419292719,20,1744419292719@PWAGUahXMpJsr7NDTyu,5aba70785441a203329b6a15842c070a38c7c474623268e5790585dd65b14716e82991dbde68824bc30aaf0d39ce9c83
GUahXMpJsr7NDTyu,1744451076719,5,1744451076719@PWAGUahXMpJsr7NDTyu,0527fadd993c3d05e74bd01ff90ec5625913e7aee13d4ec2b489d2462a4be72cb023c1f1663b2c517b90250bf9e4d77f
GUahXMpJsr7NDTyu,1744427202719,23,1744427202719@PWAGUahXMpJsr7NDTyu,efa079e442f9cb2214a09bb541f1ee32b154942308ef1f0cb6ee94b47b32c51816c2686b149863041c71625f28f97af0
GUahXMpJsr7NDTyu,1744449303719,5,1744449303719@PWAGUahXMpJsr7NDTyu,d5aec2954dbae25695a3d471c1d8e167a89feee924a1e2c90d00d4a2089be295d34dc139f913542d02c1d94c5e96e158
GUahXMpJsr7NDTyu,1744420525719,21,1744420525719@PWAGUahXMpJsr7NDTyu,63dbbb112fc97d919bed9ff74ab8af9a90493f5fd7597cccc500522377233218dc308e07e61ed32c9a5b1ca263c9b389
GUahXMpJsr7NDTyu,1744454241719,6,1744454241719@PWAGUahXMpJsr7NDTyu,e25db4d8084b4d5fa34380b8fa53d7171ed36587c968686df92498f275d1d90ef4fd4da29a1f299a95a102116fc33d62
GUahXMpJsr7NDTyu,1744435633719,1,1744435633719@PWAGUahXMpJsr7NDTyu,faf029bdcb433db054c2519a9d3679e02f504351b4baa5d2b3e7519dcea160db313f7fb6f11b029c00f9d684a4545408
GUahXMpJsr7NDTyu,1744469308719,10,1744469308719@PWAGUahXMpJsr7NDTyu,8d9134658888344e4b75b8f3b35e606b8dba217108b14c44491df555cedccacea70c2d21d3305f137f56f42dbe1a0ab8
GUahXMpJsr7NDTyu,1744469174719,10,1744469174719@PWAGUahXMpJsr7NDTyu,345f6eed8694a20370728cd1bb6b50d51e42453119f6da8addc5f275a16437792735f71c176f6efed3b36aaccb66140c
GUahXMpJsr7NDTyu,1744469792719,10,1744469792719@PWAGUahXMpJsr7NDTyu,af2655f9f3c11c17d641f37dfd0f6dc75219e0442c1744699b4adfd663ccc91b1a1814f3f06090f9c98f072cf4be0a6a
GUahXMpJsr7NDTyu,1744439525719,2,1744439525719@PWAGUahXMpJsr7NDTyu,ccee39d25b16620b060e549d8e6850dba1de1d91a1edfa8c059921a17bba11b4304e497ad99e45fc0a6e571182bbc90b
GUahXMpJsr7NDTyu,1744480656719,13,1744480656719@PWAGUahXMpJsr7NDTyu,07d9705eb6ae7e7ae1b5fbb892fe2b00713ceeb03c07141475463a9fcaa882e6906423297c9714f32fff3186c2505bf6
GUahXMpJsr7NDTyu,1744467527719,10,1744467527719@PWAGUahXMpJsr7NDTyu,196e5260b975a7a2d3cd10327c94663ade636271f86a7ee8ad23327f70787520b61536d90590169c10831fdfe9f23e1a
GUahXMpJsr7NDTyu,1744433405719,0,1744433405719@PWAGUahXMpJsr7NDTyu,40b1c779e761ad3193437b143d8fe3ed140966c13a8c6ab8ea7f17ba7e337feae8e60e7d2a1571799f8bc08109924b84
GUahXMpJsr7NDTyu,1744485725719,15,1744485725719@PWAGUahXMpJsr7NDTyu,9cd0c7190795995d0de1885cde3a06b7d4445c321bb7ec97198ee003e73822b679aba245fec8400081896a76cf010f0e
GUahXMpJsr7NDTyu,1744419472719,20,1744419472719@PWAGUahXMpJsr7NDTyu,b22ce736a833a58a7f1b3a48fb8cf901d62832d3ac573498aeaa0256ceb4e959cc14049334b8cc9e5861f006ac03df5f
GUahXMpJsr7NDTyu,1744467812719,10,1744467812719@PWAGUahXMpJsr7NDTyu,dd78fe7d1e9b6c11e4dc7c00e5392790a786ce0793f3b5e506fffd56a380a5bf5d4c2e918b286ee448e95d33357c2ee3
GUahXMpJsr7NDTyu,1744455444719,6,1744455444719@PWAGUahXMpJsr7NDTyu,6515cf1189685e6684cd5935420b5dfac72726eb153babede86750feb5313d71e2f7e8e288ffaa8f9403376cd7162159
GUahXMpJsr7NDTyu,1744430191719,23,1744430191719@PWAGUahXMpJsr7NDTyu,d57c8a8228045623df837c13fb219a83b96a90a713161756dcbd067469903cc8cc60a6347556e2f844feede410039694
GUahXMpJsr7NDTyu,1744425808719,22,1744425808719@PWAGUahXMpJsr7NDTyu,40f3e9414cb46dbbebd901014b9f7ce68cfa63303608e92f580ed2bd3a15615bd4815596ff113f8876872e7662fc4fc4
GUahXMpJsr7NDTyu,1744434539719,1,1744434539719@PWAGUahXMpJsr7NDTyu,39e9265e03c4b664c223e914493041048475e065da09ba6efb438895bd74278f1c1d85f4159f9c7ebee9f548ca51aa9f
GUahXMpJsr7NDTyu,1744472830719,11,1744472830719@PWAGUahXMpJsr7NDTyu,0ed1d08e4d1dde7d1384cd65c886c08ef2066310a868fbc0d64fbed17b912fffe6b7128f81a3acb56555ddf3eedd0152
GUahXMpJsr7NDTyu,1744426792719,22,1744426792719@PWAGUahXMpJsr7NDTyu,cac033b5674d93be781248d8eb8916f4f97eb35169229fc3746ea1eafa33cbb7bade91b447b60abd65c0067c6463e499
GUahXMpJsr7NDTyu,1744465565719,9,1744465565719@PWAGUahXMpJsr7NDTyu,0dd000870b1a7e250d82afbe26ca0b25217db51a02883c0eb7a2ee3dc162cff12b2f477c6cd040f1a2a05bfe6d7dde9a
pf6NMIwvWbde6qQi,1744456999719,7,1744456999719@PWApf6NMIwvWbde6qQi,4f9b1bcd77af04ced130c9dba523a16643f51e16dbe249af325d5e9f6d0652f1f46341a8cc6c5e49d07d574d66028675
pf6NMIwvWbde6qQi,1744471252719,11,1744471252719@PWApf6NMIwvWbde6qQi,65dd22dec150da6fa6761e96961ce6b8b48d197a8a8cd56807da6f101d6522d25dd5de9a7bf534cdabcf92410946da49
pf6NMIwvWbde6qQi,1744475646719,12,1744475646719@PWApf6NMIwvWbde6qQi,cfd293cf64a3f199dd08171b4967e34b7a11fcd3e2bd84d665fdd666671553035be61b704205e92fd4542a43540d1704
pf6NMIwvWbde6qQi,1744427772719,23,1744427772719@PWApf6NMIwvWbde6qQi,e59cc5c20add4f609020af0304c6d490a0071367a88851b2c082e732f8ce1950c345689abe6a6f60d76e574868eb2bf2
pf6NMIwvWbde6qQi,1744427292719,23,1744427292719@PWApf6NMIwvWbde6qQi,4b5995caf56b61fd729b3b996807714a34463aac4f16ebbdb0f1881b54a2cd6948f5d944da4009f2c345674d8f446085
pf6NMIwvWbde6qQi,1744465751719,9,1744465751719@PWApf6NMIwvWbde6qQi,2d9bfef4da55e11095d5c19cc4dda11a763a20736330e59a7569b2b8c6f829106265370ecfc1c7d17197463c9206b2ee
pf6NMIwvWbde6qQi,1744459334719,8,1744459334719@PWApf6NMIwvWbde6qQi,4b6917d8853f831dca048d7ff3c84bd12cf07fc58efbb081287cf00d876701db2a6f7b8b5d967b098aabf0f4d64a1c62
pf6NMIwvWbde6qQi,1744480414719,13,1744480414719@PWApf6NMIwvWbde6qQi,8fe6ca3d32df511bda55854e84bcc339dfeea528294976e6eed04f6057649aaaa84abbdb066c2ceb7cf1b9b1e397ce1a
pf6NMIwvWbde6qQi,1744444285719,3,1744444285719@PWApf6NMIwvWbde6qQi,7b27aaf6810bcd30611853a61caf080839c299b5ac4395b6830952df89501a7a66bd22f538932dd7141bdfebe234ab81
pf6NMIwvWbde6qQi,1744437171719,1,1744437171719@PWApf6NMIwvWbde6qQi,f547f8ffdbdf88a773400945e6b27fd02d4cf3757105cb7951a5018f77b5c2a9ec98f916f4f4e1318fb74211c40b37aa
pf6NMIwvWbde6qQi,1744436193719,1,1744436193719@PWApf6NMIwvWbde6qQi,b3210d98600152d3faaec37dd3a2686006fa71466599c13aa5dd8591af5093ad4418bfd6c5c47915de194a75491880a7
pf6NMIwvWbde6qQi,1744434093719,1,1744434093719@PWApf6NMIwvWbde6qQi,bc73bffaaf5cfd277ce4302d07b72ecce7158f6e0d17a6eb06059b6b16473252693cbec0263d0bd050d950b484961063
pf6NMIwvWbde6qQi,1744458198719,7,1744458198719@PWApf6NMIwvWbde6qQi,fbdbe200f6327f33b8dccb4a4265128c9c4285b6c346441c2aaf9e2eb2ede570e6aa940297e75baad7e6e9e2d7a17eab
pf6NMIwvWbde6qQi,1744446701719,4,1744446701719@PWApf6NMIwvWbde6qQi,fd3dd577de151dc2883704d03f096281deeb7e169ac066efca5798493c2501862e644f70a06d174a613d10e6ccb62a2c
pf6NMIwvWbde6qQi,1744470004719,11,1744470004719@PWApf6NMIwvWbde6qQi,725db5b62a54adae372019e86a93466481b60791622aba9883e700712c91599815153c5a8c713f20e73cef24f7d17b1d
pf6NMIwvWbde6qQi,1744442506719,3,1744442506719@PWApf6NMIwvWbde6qQi,d2861e78216e9ea5b78bf92f869073877267ec48d4f09369bc649f8de1188030b59976d00e9691c824f9e2f6629971e9
pf6NMIwvWbde6qQi,1744445691719,4,1744445691719@PWApf6NMIwvWbde6qQi,778c8309301218fd84c03de2ac85895c1a7f77470beb276435d646d94f7cfdba4ea638574aade9bf49c7fd6121317224
pf6NMIwvWbde6qQi,1744416266719,20,1744416266719@PWApf6NMIwvWbde6qQi,e46f74228d92f39ed7ffeb904ee7d8dd46587690047e0d3316115416c19dda1d914df318661f1e152d7a2270cc08e52a
pf6NMIwvWbde6qQi,1744439680719,2,1744439680719@PWApf6NMIwvWbde6qQi,6600171d857bd3343280f8f1ee4758e30d3b669a857eac6862a7979ad968aa81f46489528f63ff9c0f970a94b5963604
pf6NMIwvWbde6qQi,1744435335719,1,1744435335719@PWApf6NMIwvWbde6qQi,dcbb54d6224955d90b552421d0d69766b2361718a3fd88eaebd7e173472f081340d38d72d187393372dda12645891551
pf6NMIwvWbde6qQi,1744450598719,5,1744450598719@PWApf6NMIwvWbde6qQi,8e8826d6b5541604237986d54855a1c203a7cae494d8ec36a03706476a41bbb2ec3082851a71f1b70020c46f22566ad2
pf6NMIwvWbde6qQi,1744459668719,8,1744459668719@PWApf6NMIwvWbde6qQi,14ec5f35b68879b9e7cab6b0a68a755af9ad300f4046f3d17d9492b062df34946e3e8700dd25c7e84a3d1c7d3d2fddee
pf6NMIwvWbde6qQi,1744451230719,5,1744451230719@PWApf6NMIwvWbde6qQi,c61cf3ae1a21be697cc51b24bba644e6afb609f10c1a051107c6bfb8929cbc3aa8bba560dcf971504ec4c9bff50ce89b
pf6NMIwvWbde6qQi,1744421410719,21,1744421410719@PWApf6NMIwvWbde6qQi,d5425605bc0ac413d3a948ffc9e3d6386ccb726011b2d1e96043397213c3c150b704ba27f8ec740c482679ed4d8f3537
pf6NMIwvWbde6qQi,1744453312719,6,1744453312719@PWApf6NMIwvWbde6qQi,88aa37bbcf017ee9bdfa58bb385dd78f38c253a3581032bd52da7e9506eafcb651f2b3de8598a6a89a4d6fe98ea69852
lyOvOf9ECVw31oJl,1744438678719,2,1744438678719@PWAlyOvOf9ECVw31oJl,774790b69885bcd380e271b937b7350bf7feb086cb90debaac379f426e015c66ecb29e6e06739f831058d9219ad04a2e
lyOvOf9ECVw31oJl,1744454927719,6,1744454927719@PWAlyOvOf9ECVw31oJl,8b609000cc36c7df777adaa298e8c1c1f0f580eb60ef7f4cc95bdf031809b557ce702cb7d74bfa553dbf54f5e5944452
lyOvOf9ECVw31oJl,1744470990719,11,1744470990719@PWAlyOvOf9ECVw31oJl,f36f44c866434acacb0cf16e196450f880408e4c2e681f6dd950f887ff114413fc0ab9a131b8ec13b17301b39bcef06c
lyOvOf9ECVw31oJl,1744459765719,8,1744459765719@PWAlyOvOf9ECVw31oJl,f7afa1b3fd0abcd92b7c0dc53f3febdf7b9b5266ab8967e4615b153eacb7a306eff74303c1be59c657387080a4cc8b1c
lyOvOf9ECVw31oJl,1744471377719,11,1744471377719@PWAlyOvOf9ECVw31oJl,c2e63fd584bddc705ec036e3c01c671f9bb81e72bde8314649b88af75ce33e7cfd3b05a66a23bb50f42c6300a8661a0b
lyOvOf9ECVw31oJl,1744446509719,4,1744446509719@PWAlyOvOf9ECVw31oJl,2131cd3db60d5590582c445a31f8eb0ce27fb5869b060672780f764be5c7893f638f320b05f9ed4e8101c58f0ef55d36
lyOvOf9ECVw31oJl,1744472294719,11,1744472294719@PWAlyOvOf9ECVw31oJl,a09f4eb030db7dc5c4720a7885d1c72ddd5df6c6cd68f53780918f4f48aa51912eb358dd738e454e0c7772a041ee295f
lyOvOf9ECVw31oJl,1744479195719,13,1744479195719@PWAlyOvOf9ECVw31oJl,b6c8dfce71f6d0e153212d34b476c0c3e2affde8efae2f946e7de8a099c10a46e2c75ae0dc89d1ee43f702efd75323c6
lyOvOf9ECVw31oJl,1744483579719,14,1744483579719@PWAlyOvOf9ECVw31oJl,b7327902fe5a95b4aff9d1766c8355f3cc1ae89eca0a1091552188ca3e9fd6e063437c874dc3b0d0b631ff1f2783e9f4
lyOvOf9ECVw31oJl,1744450546719,5,1744450546719@PWAlyOvOf9ECVw31oJl,c9f8cf9ee59f989ad16ab87ead21deacb8ed8fb2ed042164186c540b8a46305038db8e1849c3b21dc4e6ae9afcbc1c46
lyOvOf9ECVw31oJl,1744475009719,12,1744475009719@PWAlyOvOf9ECVw31oJl,175faee650341db56923d9fb410fbfee60c1ce714bed661105c41a0b4a36c62d01840149cf75b517ab2426dcaec62ac3
lyOvOf9ECVw31oJl,1744461810719,8,1744461810719@PWAlyOvOf9ECVw31oJl,1b8a6eff3a4702335cec549e51acda94f5d6784b8cea9242a0e025166e547d2ad7aa39e19cc21f160cdf1497cfa233b4
lyOvOf9ECVw31oJl,1744442875719,3,1744442875719@PWAlyOvOf9ECVw31oJl,3bc4e5f6c497ac853159ffd4dc599b8ecda904d77c1f6f9f1647a133e25c830ff655a5ccf7abd2da54780678d4e51c67
lyOvOf9ECVw31oJl,1744430639719,0,1744430639719@PWAlyOvOf9ECVw31oJl,162840086e5c844904dd17a88c297624b80e4ebce5d338fd21361531494282798d750ca6c03d7cf152f317aead9630e1
lyOvOf9ECVw31oJl,1744462074719,8,1744462074719@PWAlyOvOf9ECVw31oJl,2d004855233b7d449982785d268b0a888db31c296b8d9b50183d97c37d7250d2e7c2e555fa34ee36d7cb46b965a28e27
lyOvOf9ECVw31oJl,1744444079719,3,1744444079719@PWAlyOvOf9ECVw31oJl,5574d1752da7d498017c061a9253b5111869075bf7bda516696c29dab058739e41f91414f013dda28dfc196ea9fda14b
lyOvOf9ECVw31oJl,1744439190719,2,1744439190719@PWAlyOvOf9ECVw31oJl,75e0ccf69380ee5894b6753911ebe768797fcf91547ab375cac99b4a7a31a693f6671e2d8bd4e202366cb88570b6dece
lyOvOf9ECVw31oJl,1744459635719,8,1744459635719@PWAlyOvOf9ECVw31oJl,de9caa1ea73b5583391c9a911a4b5ede257921a0ff06ec2e5737374f5d944201941bf1afcad3631475a634c168716811
lyOvOf9ECVw31oJl,1744452826719,6,1744452826719@PWAlyOvOf9ECVw31oJl,d0c88780a0367c3c226d25eb08e0ea7373f9cdb218c15a1a06f3fd4d05f4961c2ca18ddc401118abe08ff485c29f0ca7
lyOvOf9ECVw31oJl,1744478610719,13,1744478610719@PWAlyOvOf9ECVw31oJl,aa0192803d9882d294da4f25d16a53669fd1214b15ec54331aa10c8ae3ed4b7094901e759d75b2e10c73e52d20db4873
lyOvOf9ECVw31oJl,1744487866719,15,1744487866719@PWAlyOvOf9ECVw31oJl,388521c4f697b1cae29736dac0a2e2e22d5de90b251ef8514a59b5a79caf49c1dfba43f168de127ca851a42c33665b91
lyOvOf9ECVw31oJl,1744436819719,1,1744436819719@PWAlyOvOf9ECVw31oJl,9813d88934e3beb7d7b014ec5e63189070969e20cfb6c47f38d2067609c06334deb086b52caf95b1590a01cc628e1596
lyOvOf9ECVw31oJl,1744438312719,2,1744438312719@PWAlyOvOf9ECVw31oJl,8091b9dc89affe460ac407f54eadf4b0f52ea203d338afefd9c6b8f35e4e6f24184eb5eac065f16ac22fdde6e29a58f8
lyOvOf9ECVw31oJl,1744480515719,13,1744480515719@PWAlyOvOf9ECVw31oJl,ec9b733395761da73484d68a950e5afc2f456fe39030c48df5ad497a49a1111e2e647d63a4e549201e9c25c418592462
lyOvOf9ECVw31oJl,1744438737719,2,1744438737719@PWAlyOvOf9ECVw31oJl,e13e22e6cc0fc8bebe0ab08b077c1783c27db3aa2b6e213d783cc75e1c315c1c9334250ea3263fb39282ff0b76bbe17a
lyOvOf9ECVw31oJl,1744456717719,7,1744456717719@PWAlyOvOf9ECVw31oJl,3c693be463d9fadd7842858db8448e55fca61d2a381646a500a331fd5e54513580763bbd79df0665a4f38b334eb87b7a
lyOvOf9ECVw31oJl,1744462617719,8,1744462617719@PWAlyOvOf9ECVw31oJl,35194243d01647c52535facb3a2a60914a893f02728248cd098cc9968360a0520815338224044a3894759f5b621b8c23
lyOvOf9ECVw31oJl,1744481181719,14,1744481181719@PWAlyOvOf9ECVw31oJl,4467f0d5650e5dce3d9e21f8dbf05e666ae63eb8feb90709fe28eb6e02055eb7b57700d12b8221fd3af4ab2df941b5fd
lyOvOf9ECVw31oJl,1744469740719,10,1744469740719@PWAlyOvOf9ECVw31oJl,d4e0d6bf5ff726844cb33d5b75cf47ae4ce9b84fdab5cc2e92238990fc19d59b22a28ab9faa035cb044208b6796871fd
lyOvOf9ECVw31oJl,1744437914719,2,1744437914719@PWAlyOvOf9ECVw31oJl,ef6f10b347f2ac4de34007515b9dcdaf8abaa5ca26c0ebba5e30a51f2ba6f47c4014715486cab9a3ea99a9c04f3ffbf2
lyOvOf9ECVw31oJl,1744457614719,7,1744457614719@PWAlyOvOf9ECVw31oJl,55e30acb167cdad242dd4adf9dd0ac976fadb9be4f464fd79d4d6fd468c69a09b06accfdba5220812086fabe9ca6a922
lyOvOf9ECVw31oJl,1744446386719,4,1744446386719@PWAlyOvOf9ECVw31oJl,b13d0bb7685b8c53a0da86cfe0a63a3b2cc10c7c9e9f203bf6e20d17674a1617344ca2d69610e9ac149746c99cb040ee
lyOvOf9ECVw31oJl,1744476971719,12,1744476971719@PWAlyOvOf9ECVw31oJl,bdde27531e0f6b10120a03efa52d283849776c22154de7d97d66a326114352d030dcead63b1904925b67d790754bd2e4
lyOvOf9ECVw31oJl,1744476613719,12,1744476613719@PWAlyOvOf9ECVw31oJl,f709bd1ac9c991a968a2167a4fa07569cc6ddc0fb8b19fbf4cb40cc7f330fe06a421cad2a5d1cc7f1c5305a192f9b3ac
lyOvOf9ECVw31oJl,1744487516719,15,1744487516719@PWAlyOvOf9ECVw31oJl,dc2af3e98567f56b41044d2c6bf40cd097549aeffb5fbcde248ad12829da1e09559e77722aa76bedcf179770473f7e94
lyOvOf9ECVw31oJl,1744439911719,2,1744439911719@PWAlyOvOf9ECVw31oJl,723dabb4846f74ceeb9480a1ee800e72b0b6c4482724a66c50981e854b86deeeeb6b0d41c549c98a1f9cb66348e88464
lyOvOf9ECVw31oJl,1744461846719,8,1744461846719@PWAlyOvOf9ECVw31oJl,6245d09481ca5c532062460efc62851e7ab6a4e17411348f98b6e9ad7f7740cabe05d568dd19a79e81eee7e23b1bea61
lyOvOf9ECVw31oJl,1744484942719,15,1744484942719@PWAlyOvOf9ECVw31oJl,5437aa7f9563fccd6d917442ec3aa35486a6679f1a221c669c46497e7a8f1f880bd1c1c37b7c6e9f63d67af9d8c2e658
lyOvOf9ECVw31oJl,1744484859719,15,1744484859719@PWAlyOvOf9ECVw31oJl,62dd9046924b32a0581d0736b2b2d4b8ebc25c28f9ad72b981ecde84999250e1433a3062745ba38f6c4a155e64f46c65
lyOvOf9ECVw31oJl,1744436015719,1,1744436015719@PWAlyOvOf9ECVw31oJl,e0ad79da693394ee371613b6d58cfc2fe2b7c0deddfa34bfca8d45af48c4c02edd3f6dccb0969d01caaa21300608c8e3
lyOvOf9ECVw31oJl,1744472986719,11,1744472986719@PWAlyOvOf9ECVw31oJl,f6929f6d4f13aa1c75d23e11ad2c7ee0846f84a36d21a8dc3ed54d897a3d1ee8c73ad877d0fbdea0a46cd0273f645d63
lyOvOf9ECVw31oJl,1744458207719,7,1744458207719@PWAlyOvOf9ECVw31oJl,306a92b255a60ce32d75f2f42b482b930dee5440592323a4eb4758a526d8a48018170299f9ddfcc531c40732e82abe9d
lyOvOf9ECVw31oJl,1744472758719,11,1744472758719@PWAlyOvOf9ECVw31oJl,14b18b3e6dc9dd5bd67f194dce3f5796796aedc2776ec9433a20b1d226cb452dd957ee5891f9b4ebc9947a116dbc850c
lyOvOf9ECVw31oJl,1744460639719,8,1744460639719@PWAlyOvOf9ECVw31oJl,1c2ff729d0291b9ea5dc1e02540b88e973a5b2fc8e5eb5c3f8fffd1a42cfe4e71fea0b75986e55a5a71be352d08747a1
lyOvOf9ECVw31oJl,1744446754719,4,1744446754719@PWAlyOvOf9ECVw31oJl,d1a7f172dfd54db0052fd2f1f22d8c90b54b56229c5973002d5e6b04d0d41020e3594f5d3802c5c42b8955750ef37fd3
lyOvOf9ECVw31oJl,1744485800719,15,1744485800719@PWAlyOvOf9ECVw31oJl,2c5152cdc442ea7a9718d28338d4753d569146d822f85d002e0656d40446749dd11219ae7f44a3ba8ae160b286a1ac9e
lyOvOf9ECVw31oJl,1744446045719,4,1744446045719@PWAlyOvOf9ECVw31oJl,f5e9e37aaca3b5fdfb1f54ad07d86a7c71a086293d15b4abe8d228e6abb6f70c1852defd4db39b68155b7e92caa15b38
lyOvOf9ECVw31oJl,1744436284719,1,1744436284719@PWAlyOvOf9ECVw31oJl,2bb8983a55ed83279c3e7a27bb5da341e03ed3250fc1631e59c870666019e965ac9536cd164ebcc95774773e641ee676
lyOvOf9ECVw31oJl,1744431453719,0,1744431453719@PWAlyOvOf9ECVw31oJl,d57635ada873462552e2181896a7c58de8549213e15cda176841e640cec63d3876371767c3eb572191370adcf0604b27
lyOvOf9ECVw31oJl,1744420152719,21,1744420152719@PWAlyOvOf9ECVw31oJl,952091178e04943470d81cd64bd9f37adc542c3057bd78cd5c62c2b9f181675ac1ef78cff16db5f1c723ddaeebc67f34
lyOvOf9ECVw31oJl,1744474663719,12,1744474663719@PWAlyOvOf9ECVw31oJl,345cdf9417432ac241643795a760b4de72c7ea4c696fe97c2ceb431c2e9b0bc7ff22861da876e7bdb1d8ff82ad3320ec
lyOvOf9ECVw31oJl,1744437563719,1,1744437563719@PWAlyOvOf9ECVw31oJl,890fdb3c9ab3f4367dc928ce004db6fa5c05bbc2c600909ce2d0614d1d77a7c1c45d080220dad477459734ab7faf4122
lyOvOf9ECVw31oJl,1744431269719,0,1744431269719@PWAlyOvOf9ECVw31oJl,6cf630f81fcf35d1222b377de312816f4a5e282c5ccf69efc47fbf72fa595116de494b5f2d2cd8c6e8e87abc9cb4420c
lyOvOf9ECVw31oJl,1744433294719,0,1744433294719@PWAlyOvOf9ECVw31oJl,f22f9e5204506c527c0d28b654a596e01ad2adbf34982e0cdf8fc81f15965cba5e474f6123bbe970cd6d5c2fbe3eac1c
lyOvOf9ECVw31oJl,1744436988719,1,1744436988719@PWAlyOvOf9ECVw31oJl,f7de856d10af34ce5fc06ca20530704a7f2bfc4b562be17f779cdf86af33002294db980f9bd58b1c390148a9bd5040c2
lyOvOf9ECVw31oJl,1744450178719,5,1744450178719@PWAlyOvOf9ECVw31oJl,dd373708e07218f154dea610ba0e633b6b1231d2153123148914b4ce19a0090a1b0a93d845d8d440ee281c98d1b9a1ba
lyOvOf9ECVw31oJl,1744450703719,5,1744450703719@PWAlyOvOf9ECVw31oJl,56f704a29f336dc39ef5b6a5ac8d91a6f31ef7cdc3c1931f04f0253e06bc415b941fbe2a410dc76acf9e4846fb924f82
lyOvOf9ECVw31oJl,1744434320719,1,1744434320719@PWAlyOvOf9ECVw31oJl,5c2de247040b923b7fe8f276058e3d65f7919d7e99f01770a8b641d2e243712dc44af56fff5da8e82efaf7fe695cabd7
lyOvOf9ECVw31oJl,1744473897719,12,1744473897719@PWAlyOvOf9ECVw31oJl,41e528abe0d98c103cd3f376715b193fdfca08537921858955eee5814ebee327d7ecb7934a2bcc2fd39f590398f29d62
lyOvOf9ECVw31oJl,1744483661719,14,1744483661719@PWAlyOvOf9ECVw31oJl,ef59238e0d7187ca4c3d1f219878f935caed392a9fea5efc37b09b5aed43dab198c277dcb708a340522bc2801487c9a6
lyOvOf9ECVw31oJl,1744479141719,13,1744479141719@PWAlyOvOf9ECVw31oJl,1c846b9ce5fa24b79e3df11f41045a491f2abc03eea09ffd8990022b9414c74f16dad11a63dfebd2085efdf610291bc1
lyOvOf9ECVw31oJl,1744431092719,0,1744431092719@PWAlyOvOf9ECVw31oJl,7d6c214d807bc3e5a179cae7bd63ab8540c197e7e3d2f004bf2adeb795663328daa9bacb2dc8acd212dff219c0af3ae3
lyOvOf9ECVw31oJl,1744443777719,3,1744443777719@PWAlyOvOf9ECVw31oJl,0b9ee97dd63fc92980328b5c2e4ab3bc557ae9e1f28a71d3671331ea147a3ad8361c4ea07ba58cb05b1938a845ef0e84
lyOvOf9ECVw31oJl,1744460311719,8,1744460311719@PWAlyOvOf9ECVw31oJl,f8d6542c7fdd6b63cf5e51c246e71747dc44f0cff9b8e80b00209ec4e6d99146e8e46a9e1d09df62fcfb72e8ef916eb8
lyOvOf9ECVw31oJl,1744433687719,0,1744433687719@PWAlyOvOf9ECVw31oJl,1bee3b19047e865e904d03c82d0fff01a3cd23f99705fb269ffe7943c6696be7c4b95d22db86458b31d118452e7635e8
lyOvOf9ECVw31oJl,1744485144719,15,1744485144719@PWAlyOvOf9ECVw31oJl,202e5936fdfebe736a50c2a61ff3a8bb8a7e0caa80627d1c031af133feb4f3f55c921be65a423939367aa727765146e9
lyOvOf9ECVw31oJl,1744473731719,12,1744473731719@PWAlyOvOf9ECVw31oJl,f189d771ea7a9b828a9af0e0019dceab5142b50c4e97cfcc4b7bf11b0d760e26689d532431bc453f78da907c9dfeef1b
lyOvOf9ECVw31oJl,1744455524719,6,1744455524719@PWAlyOvOf9ECVw31oJl,2831e430599c006f5f53eaf196ce9d4719ecf458907c2d68995a2cc79d5d0adfb52e295e15d9b6eacf9f858486f08dec
lyOvOf9ECVw31oJl,1744457781719,7,1744457781719@PWAlyOvOf9ECVw31oJl,4f5faa72043f435e17e47c109fa413fee9d9f99db222757e506b9fdededa017ca441f936f3be95a044dd479845556c4d
lyOvOf9ECVw31oJl,1744467196719,10,1744467196719@PWAlyOvOf9ECVw31oJl,4686a10bd0ea354f1eb48a6c5dc2e751f45e37520c2e2bd4feccdd7edaffc4ba3b7a56c4a7eadc7c422a62c51737c85d
lyOvOf9ECVw31oJl,1744474782719,12,1744474782719@PWAlyOvOf9ECVw31oJl,75d81c5034bfab54f196f2deb1c9bff48d885982a577ca5688260215cf55abb54526460e81d20b5c006e217c74c47877
lyOvOf9ECVw31oJl,1744476800719,12,1744476800719@PWAlyOvOf9ECVw31oJl,29f04e5da4efbd15ec07c8eaa4249341e61ede1346007368ceb486067bc9cb74d16a843ab3744edd446dc144ee786494
lyOvOf9ECVw31oJl,1744430016719,23,1744430016719@PWAlyOvOf9ECVw31oJl,4b1d2fa118b81552891c6c6cbe8bd6bccfd3f3e6abe60d9e1e9d1a96f2ff419b6ef312da72c3ccd3c02d68f99774fe3c
lyOvOf9ECVw31oJl,1744439192719,2,1744439192719@PWAlyOvOf9ECVw31oJl,097c2c23df959c45209997da84acf587615927cbf56172579a029b9d95cf8cc8f0d7ac986c87957f61617975fbcb008e
lyOvOf9ECVw31oJl,1744464639719,9,1744464639719@PWAlyOvOf9ECVw31oJl,bb107dffc7f15bc27c772468f220c74710b50b545a504fcd4622656e36256bd8342659782556c7c02e61c2cdc2f836b0
lyOvOf9ECVw31oJl,1744475090719,12,1744475090719@PWAlyOvOf9ECVw31oJl,cb5390bdfab8f8d99c336ff1b9bf60720a4ca4ef06946928e5bf8591a74d407f786263dd7a05f0c78b3983f54da9e6a4
lyOvOf9ECVw31oJl,1744470495719,11,1744470495719@PWAlyOvOf9ECVw31oJl,2f163b7d8f010751aa3055dcc1b35f249cd1bfead29ed57cd9a75056cbdd3feeeb3943c0a31f1123faa49d180fcda654
lyOvOf9ECVw31oJl,1744469532719,10,1744469532719@PWAlyOvOf9ECVw31oJl,6db95308dca4d0f1ae73bb81c589a7f99160ab8969fb64514fb4b1d1cf73621450cbf63c969c28bb2a1a5650ecf85093
lyOvOf9ECVw31oJl,1744433515719,0,1744433515719@PWAlyOvOf9ECVw31oJl,4252e3c00c8ce4a9aac6fab9d2bde3117e51021466c1b910ba9558b0405d08bc4b4ec438c8665a8fab203383d588aee1
lyOvOf9ECVw31oJl,1744433051719,0,1744433051719@PWAlyOvOf9ECVw31oJl,55c5a268a943aaffe20961a0ad374870b4b929b346c0dcc255706be0c92e1b0900e51a618a95348bf8160ca4499ebddc
lyOvOf9ECVw31oJl,1744456899719,7,1744456899719@PWAlyOvOf9ECVw31oJl,628d5eecba27f2605471a5205300e7b98078741841a6210999fa41ca9f565df8abd548f562febcf08a1046a2718fd83a
lyOvOf9ECVw31oJl,1744448879719,5,1744448879719@PWAlyOvOf9ECVw31oJl,6a89208c17ef83d27ba548d9d150854bcef5730236d221de9204216f57b63c0d3749c60ce5f77d8eeb9544f0a1d5ff89
lyOvOf9ECVw31oJl,1744427981719,23,1744427981719@PWAlyOvOf9ECVw31oJl,3de26ba3d601e940ae9be718041044654d2528d0e22bfe6d74e9274e8b248b3dbb4f154af2d1ed662eb947729ecffdac
lyOvOf9ECVw31oJl,1744430202719,23,1744430202719@PWAlyOvOf9ECVw31oJl,8d6c950d1d142d14f1435caa7531565269976d27c38bf5a0ad8d501944ed169735defe043cd78eb00b078a3327cc2e30
FD1h5yD4SNkrTgW2,1744439298719,2,1744439298719@PWAFD1h5yD4SNkrTgW2,809d592b744f804c20c1df8bc470a2bb5b619d9eb768feb423599dc9e13e0adb151e78afdfa1a2cc59e6a489aa531462
FD1h5yD4SNkrTgW2,1744481482719,14,1744481482719@PWAFD1h5yD4SNkrTgW2,a1befc2984cd9c1d78ef864abf0a79ff2b0e4b25365d9b9828c47f60c387fc19deb7369f7d0f582498ee48d786de590e
FD1h5yD4SNkrTgW2,1744424926719,22,1744424926719@PWAFD1h5yD4SNkrTgW2,8f5c72551d31cfd26f858138051fdcd5acda325a6cfab02ec996831ded8657cce31e6f72b91541ee5bd3d10e9ca66648
FD1h5yD4SNkrTgW2,1744456122719,7,1744456122719@PWAFD1h5yD4SNkrTgW2,5826dd33bae5333bd1d64bd6ed4cf083ead1800e3f4701fea8185a298f66b1a9ea528b513d69cb0790dccb6462b5fd30
FD1h5yD4SNkrTgW2,1744472384719,11,1744472384719@PWAFD1h5yD4SNkrTgW2,566f2ee784b6013de0b9ff97b66e6d5aa8ac1672d3c753aea57c0a4da343e087a78e44f0c3b560a3f36ec1ba7d9382b0
FD1h5yD4SNkrTgW2,1744480215719,13,1744480215719@PWAFD1h5yD4SNkrTgW2,b0008926c1d50e7e21dd23c0fa494fe2ec726ecfe72fa5f152ca7f0a5ea2e158d04cb308b4a1aafad4d651df7d7d2a30
FD1h5yD4SNkrTgW2,1744483520719,14,1744483520719@PWAFD1h5yD4SNkrTgW2,d8994b3375326e6718dc2ff64c047d6269594828c164bfc64ddf03d1bc5f219794b7aecee5ab19f8f67d12e035c73b2d
FD1h5yD4SNkrTgW2,1744467042719,10,1744467042719@PWAFD1h5yD4SNkrTgW2,049155895d88f3d7a7d7eec5f558b06e14597a77e49dcc8fa6faa1fa681573d1b49ea62172492bb6bda7fac61c766ff2
FD1h5yD4SNkrTgW2,1744474474719,12,1744474474719@PWAFD1h5yD4SNkrTgW2,042b9de73a4a4fd2352ff525b330bafdf063ef239cc3ebbeb2f166f55b27bbb8a4ae3f5110f48c82613bdd1e04524979
FD1h5yD4SNkrTgW2,1744470075719,11,1744470075719@PWAFD1h5yD4SNkrTgW2,03d8dd5cceeb54f838cf6af68293f4cc11d8c92b88047d1c9052c2890119678eb94728ea0698c3da391eed704a4fea16
FD1h5yD4SNkrTgW2,1744440899719,2,1744440899719@PWAFD1h5yD4SNkrTgW2,f031a2ec6474ce965692ee94c84fb9b4c561f63ea6fc9c8bd1490231e5bcc8e378b27b33b7125da5ab11f3a23f5efd27
FD1h5yD4SNkrTgW2,1744451823719,5,1744451823719@PWAFD1h5yD4SNkrTgW2,e6e65ea541f1be839359dc9fc79e43feeb61cfba2e79fd7c0a6365f616943ae0c8e1b36a019688c3d90ab10b612026bf
FD1h5yD4SNkrTgW2,1744486887719,15,1744486887719@PWAFD1h5yD4SNkrTgW2,e4802a9d1c090fb0c2c5a89f372c41fab580512b61addc915acbaca44940b70d8ee9f358533b29d4787eca8ff87ef108
FD1h5yD4SNkrTgW2,1744431031719,0,1744431031719@PWAFD1h5yD4SNkrTgW2,e2a9f500146dcc44b3bb69ae9282a14f97c5aaf6a96a31348c83407d53a3dded68ada4a2616de8453d6cd911da56ab8d
FD1h5yD4SNkrTgW2,1744464963719,9,1744464963719@PWAFD1h5yD4SNkrTgW2,6d6583787cd09e7f56944beb42045820446a2175fbb2ad4dcf382454ad0cf5373491da1ec1278c24a94c5d0b4e4828ed
FD1h5yD4SNkrTgW2,1744431509719,0,1744431509719@PWAFD1h5yD4SNkrTgW2,5b337ea6e18555c33eb0dd7d086c6f6f57acbb9f73d97a9bfbec769d2719320c3204f8c35e3c7c67e090456175d74620
FD1h5yD4SNkrTgW2,1744449908719,5,1744449908719@PWAFD1h5yD4SNkrTgW2,81a5dd925d01ba18fe6dfffcf6141d5c501abab6409d811496dc04a90021c5606cbbf1aeafd1326b00bc5edade7e65c2
FD1h5yD4SNkrTgW2,1744445294719,4,1744445294719@PWAFD1h5yD4SNkrTgW2,869128b665e7369249fd956425a3d138882b53da432e69830206348ff9a071a49f13ec92e474673ca1d9beb387f300b4
FD1h5yD4SNkrTgW2,1744443619719,3,1744443619719@PWAFD1h5yD4SNkrTgW2,7d4ee5fa2eba595961ea9e5006f47ef504dada984aa02b344651daf45ae8359108423fc839083d5cc65297cf145abf85
FD1h5yD4SNkrTgW2,1744476543719,12,1744476543719@PWAFD1h5yD4SNkrTgW2,b70537f42aca417b9ec5fed131e174fa028fc495a78387afada9e6413eefcf1c43ebecd0c981d16baf34682e1f274b01
FD1h5yD4SNkrTgW2,1744449098719,5,1744449098719@PWAFD1h5yD4SNkrTgW2,aad645bdb9afd679cd950cd3e9dd73c6ad65720b20247888830755bc7a7b6fb7a12285514ad59d8ddc3e1f5ba2418f04
FD1h5yD4SNkrTgW2,1744435372719,1,1744435372719@PWAFD1h5yD4SNkrTgW2,3b526f134312c410524f3d999ba6819a98c0662bab1600b235accce32f4c5d488152fbdd1e828a497002e8d9ecd5e55d
FD1h5yD4SNkrTgW2,1744429070719,23,1744429070719@PWAFD1h5yD4SNkrTgW2,4f330cc79ec5354bbbe924b64b9b213e46801e6cbfc9dcc0f5ab0f441f461a2aa5db226d5fd1353b78940eaed9582fb6
FD1h5yD4SNkrTgW2,1744479898719,13,1744479898719@PWAFD1h5yD4SNkrTgW2,dd253fcb3b6f9a7af64cbb31ae439b065efee2003f3599e82bc2feff421a8fd8ae70f2e27f5169e38a7da30e627259ee
FD1h5yD4SNkrTgW2,1744453386719,6,1744453386719@PWAFD1h5yD4SNkrTgW2,9c0809d36709896fc35e135c6579ebd5bb3017452227b21af71146c778b2de498de3ff3d1ad6e39c6f25edc944d7060d
FD1h5yD4SNkrTgW2,1744427047719,23,1744427047719@PWAFD1h5yD4SNkrTgW2,dd7bec2774750f6c252062e928879e3a4873de6a69a4a4f2282aee2ae3f78b480b7cefc8614cb3b5d3df821647340914
FD1h5yD4SNkrTgW2,1744417472719,20,1744417472719@PWAFD1h5yD4SNkrTgW2,26797ba5e779db2d2e43dde6abe76a9e1b6d387f370572c9f5e01a0cd9b9e1d2e710391caa6706590e6a0cd5ae170233
FD1h5yD4SNkrTgW2,1744452802719,6,1744452802719@PWAFD1h5yD4SNkrTgW2,b807bb4c75e802f54af3d19b56263af8e47e091c8fbabab77e987c953d7f010658cff6a2685adf30ec4d39f4f5b7d805
FD1h5yD4SNkrTgW2,1744444524719,3,1744444524719@PWAFD1h5yD4SNkrTgW2,851ad8b9cb9256f951088c251641dd02c087aaa73dae5f4366a741a042fc465b0c615919127c33a8da773b07b004e413
FD1h5yD4SNkrTgW2,1744425869719,22,1744425869719@PWAFD1h5yD4SNkrTgW2,5cf33143bacc75a65def3f2d56ed696cb5611753eaad6d85b9e8e339d5a04edee4e4f749da6087f6663fc5d9332904ce
FD1h5yD4SNkrTgW2,1744428562719,23,1744428562719@PWAFD1h5yD4SNkrTgW2,9fe5aed1c8065a795846c724d727d7b41ee75db63dabcebd0504858289db5ba3e72ef9014472acd0ba24bfb3fa6989fe
FD1h5yD4SNkrTgW2,1744464022719,9,1744464022719@PWAFD1h5yD4SNkrTgW2,25fcd024346977fff7be4e37299c2505d33b15cffe3270b51934aa734baa940b486d8e462edebc3d045b9ef017df36ae
FD1h5yD4SNkrTgW2,1744478561719,13,1744478561719@PWAFD1h5yD4SNkrTgW2,e8bea4736b3f3665f8bbb063efa621a1098c6d39f181b42a0bc3daa32f8acbd15a001052418e8f3d1d3f7df0457dc07d
FD1h5yD4SNkrTgW2,1744482838719,14,1744482838719@PWAFD1h5yD4SNkrTgW2,5773715a5539eccc4df57c3c0cc036108525d1c207033827dd1a6667fe2a29fc81140aefe637fd44ff804d2cb56e3a0e
FD1h5yD4SNkrTgW2,1744456498719,7,1744456498719@PWAFD1h5yD4SNkrTgW2,44140bc2d58bd6ab9aac1708f7f67ce2b1a2d7f3ca317c402515326a82e2001b87e59365ead0d900232fd0d095fdda69
FD1h5yD4SNkrTgW2,1744481123719,14,1744481123719@PWAFD1h5yD4SNkrTgW2,975f420d383354c23ecef0826c8e9f579e2d5fef82babdaf167f96087c15d251edfb89cc79679ec96ac830f814050825
FD1h5yD4SNkrTgW2,1744453269719,6,1744453269719@PWAFD1h5yD4SNkrTgW2,b39208ebf798029bbc4a560a27719d4e1ca0cd6df3946f8a9149b286411cd9d4cf871207da772060453eebbba43742d2
FD1h5yD4SNkrTgW2,1744481442719,14,1744481442719@PWAFD1h5yD4SNkrTgW2,137847e8a8f43a1e9489e02c0b95b9c00581bfbb9592dbf46eaa290716775a45ae12df30c1cc717edfd853e32c07383a
FD1h5yD4SNkrTgW2,1744462102719,8,1744462102719@PWAFD1h5yD4SNkrTgW2,8316425f36d69318aafb481cdc04b6684a84d9a7e5c98a61da564bba9ce105b6179a12bc13a6ba6c6d2a701714dfe389
FD1h5yD4SNkrTgW2,1744472820719,11,1744472820719@PWAFD1h5yD4SNkrTgW2,f4c5e58334389ccbece8af119ce21cb883f7f4ffe74d8472e641c238efbd030e8fb92e64f0eb528928627ebd3a48e4fb
FD1h5yD4SNkrTgW2,1744450235719,5,1744450235719@PWAFD1h5yD4SNkrTgW2,bdbc28c90153f848c52a974594ab214e1366672585eef5eb652ddd0bef55db799e0079bf145f19b12855e9be94a48366
FD1h5yD4SNkrTgW2,1744464768719,9,1744464768719@PWAFD1h5yD4SNkrTgW2,448048876dffc2ddd7a265d3d5ce02d5e978feeff1ff2c8d277b3474d4c767f80be4b03fbcc882fc957d6db4539a90b6
FD1h5yD4SNkrTgW2,1744463620719,9,1744463620719@PWAFD1h5yD4SNkrTgW2,2eddd18292a248cb9b83d0ead9853088e81e1e4ba36eb0871a5cec0a7fd77abb0e6bbf84e9f3b431dc554d0bd4633d61
FD1h5yD4SNkrTgW2,1744459482719,8,1744459482719@PWAFD1h5yD4SNkrTgW2,a5fe1f2c57fa39f49363655202e8822c67649ecb7e60b65a71217760defec2264563d0dcc8e97cc9e4926049bc889eb1
FD1h5yD4SNkrTgW2,1744461773719,8,1744461773719@PWAFD1h5yD4SNkrTgW2,0b73af76aeb8452142155fee5b56110d0ac5626b9c5b21022883c11af081a018d3f46eff2152b747af0aafc3a9d36198
FD1h5yD4SNkrTgW2,1744469539719,10,1744469539719@PWAFD1h5yD4SNkrTgW2,56de33dee458fdc57285570120e35ad2a095d8a97a2fb02656afc1979d2e8a36900be03ac6f82ad503a47abe63b32979
FD1h5yD4SNkrTgW2,1744456485719,7,1744456485719@PWAFD1h5yD4SNkrTgW2,00d12d1b24cac7812af9f81d02cad16ce4f8d5d4a8d12fef4a3fe465a5ab57cacdbdec125d556d4d31321d7f623ac445
FD1h5yD4SNkrTgW2,1744473043719,11,1744473043719@PWAFD1h5yD4SNkrTgW2,7a3f6be3909312350cfe45b1ec4036e96e5780ec6051bc3b3c170b628aa8db0968f3a88997d34d9d05c5a6cc2bc1f3aa
FD1h5yD4SNkrTgW2,1744481915719,14,1744481915719@PWAFD1h5yD4SNkrTgW2,64920778a14ed8faccd6865225711e9e7c4bf239b44db37e83dcd783fa438b984ef36483e41539e9c905927294e0e83b
FD1h5yD4SNkrTgW2,1744429552719,23,1744429552719@PWAFD1h5yD4SNkrTgW2,0efcca32545defd533086e22c962ff96f2f9f89ed80530e166eb9e5f9b7f0dc7ba3ad390a2e5be78f133dda3befd407e
FD1h5yD4SNkrTgW2,1744424366719,22,1744424366719@PWAFD1h5yD4SNkrTgW2,3e5bfa985ecd4a397f805589001986c445bb3e49ce5bfdca1db6b4dedab0ebab22da7aee5f9c9e257a751b987188669b
FD1h5yD4SNkrTgW2,1744476665719,12,1744476665719@PWAFD1h5yD4SNkrTgW2,967b853ae716d9959cb9c4dbf0fcedcda0ea5543225dfaca640a8cdaf1d0918ee239db14d7ef733831f2f4ae09f2e399
FD1h5yD4SNkrTgW2,1744416495719,20,1744416495719@PWAFD1h5yD4SNkrTgW2,71c00aa045044429424985e876ade46273e906e7b70d871d24aa5543e4ac01d9bbe62df4116db2132dc4771c542e2b6a
FD1h5yD4SNkrTgW2,1744423860719,22,1744423860719@PWAFD1h5yD4SNkrTgW2,02c6f8f3c674cd802150674913b8d1a91d07c7e730a81f81fc2892507ae6671d1b1cd92e42c1f95c9142a6eeeed230c7
FD1h5yD4SNkrTgW2,1744464130719,9,1744464130719@PWAFD1h5yD4SNkrTgW2,42996951d9474dfedba12faa524b9b206149b8d299a045d2982a79fec30523a2285732bb1efc164bf3a41ef845732591
FD1h5yD4SNkrTgW2,1744476621719,12,1744476621719@PWAFD1h5yD4SNkrTgW2,c2b255293b894dde66ff0d69caf88873b59db1f6e8ca65011a7dbed241f5896c4ec22ef175e22b34340e3ac2db827c84
FD1h5yD4SNkrTgW2,1744485638719,15,1744485638719@PWAFD1h5yD4SNkrTgW2,2f68d01c3a83d041b6b81487a59431fd5fdce6b70cfdd36d7f315b6b978b3e24c3313e28b2ee34335639d2517ef9ccbf
FD1h5yD4SNkrTgW2,1744460551719,8,1744460551719@PWAFD1h5yD4SNkrTgW2,5dcc01d600dd49fbfc3814d0fec428d1b0ce8200981a0b1a216c928bd9898656714ffde26305917b28f6f7f473a75d81
FD1h5yD4SNkrTgW2,1744434864719,1,1744434864719@PWAFD1h5yD4SNkrTgW2,d8dce00522b14255de8500600bd20d5fb8dbc1cb32a53c05170d2ba92e0b752939fb98c96e74ee2d4d355cfee8cadda9
FD1h5yD4SNkrTgW2,1744459939719,8,1744459939719@PWAFD1h5yD4SNkrTgW2,61e8717b2304fecf5722e75d96781bed38dcfe9b2efa87bc054d017a9142ed966e502e4a934d5b3f0fe1e49c791665b3
FD1h5yD4SNkrTgW2,1744423528719,22,1744423528719@PWAFD1h5yD4SNkrTgW2,9f32c8ee2f7113827241b0f64da9be645056abeca5586d3ce1c390ee1cf686f0e61fe7d7938504e7841678e39b46ce4f
FD1h5yD4SNkrTgW2,1744449156719,5,1744449156719@PWAFD1h5yD4SNkrTgW2,98fd7e187106aa378bbfd6da438dde6ff045443feb99fea31863ed3e45b2853ab2e495dccc7e2149cd77cd46629b59ee
FD1h5yD4SNkrTgW2,1744460191719,8,1744460191719@PWAFD1h5yD4SNkrTgW2,e122f86f3507836b016cc5d51e741a8cd7114ae3a91ec9fa51bfe0a4cf8ac6a7b861c1df5c89d39ac63101eaa1bd6c38
FD1h5yD4SNkrTgW2,1744440120719,2,1744440120719@PWAFD1h5yD4SNkrTgW2,b872f1ab0a0db34c87d8f0b63ee52dbeff58abdbdb5e6a9e49bfbe42b4a7c94a4e1c687de35e1d042db6c987657f9601
FD1h5yD4SNkrTgW2,1744442071719,3,1744442071719@PWAFD1h5yD4SNkrTgW2,cb63b7857630b36af51d874507b45a3128ea046d4723e3d15c44933bc41d9ef647d201f5f1b3b0eb7ac78023024018bb
FD1h5yD4SNkrTgW2,1744483366719,14,1744483366719@PWAFD1h5yD4SNkrTgW2,66ef742418bb464478fc561c18c2a12419f499d1b3362a397faf464c6d0c40f54917cc0ff60424f5a76acfb79073e57c
FD1h5yD4SNkrTgW2,1744474553719,12,1744474553719@PWAFD1h5yD4SNkrTgW2,459266c40361b0ddd1d66e8d1b8a9f2c3728c9832df2f9c1c524d1482c5892af7192c0f018f1586dac9af2d6d85bc216
FD1h5yD4SNkrTgW2,1744480895719,14,1744480895719@PWAFD1h5yD4SNkrTgW2,e5888d80ef882107bc208809325d214e7535f876c47c19fb34b15bf94eb15f56cf51a5393af6583a4971c0d3c9bf086a
FD1h5yD4SNkrTgW2,1744457955719,7,1744457955719@PWAFD1h5yD4SNkrTgW2,4cbc2d2188562f6c2de31cd18c120a5f9b95209a7ea707e0c07cf7ee764b6eadd577e47f41f61affd1f04dec3533c216
FD1h5yD4SNkrTgW2,1744461065719,8,1744461065719@PWAFD1h5yD4SNkrTgW2,ba8eb363e13bbc1741f9245b626c701c7481a2ce2d1182b67015de0695534e5e84cd56bec3493136cfc1f080b0c9212f
FD1h5yD4SNkrTgW2,1744431880719,0,1744431880719@PWAFD1h5yD4SNkrTgW2,085f3cbc9a23e27e50971a644f52f7a2696e5d05dfbce9b9087d0c302d3f07dd75a45805afec9f18a15e309077b3b87e
FD1h5yD4SNkrTgW2,1744423481719,22,1744423481719@PWAFD1h5yD4SNkrTgW2,20121259c99c69271c161a7aaf95db579acad2beb4f9b4152bb8b1bcaa0690542868d56819350275bb87b6703e122a64
FD1h5yD4SNkrTgW2,1744418306719,20,1744418306719@PWAFD1h5yD4SNkrTgW2,81c04c396f5f8e97422dc4599023fb4392136866f60b6a4a506e3e3cecd8ce7ee37d2601ccebd1ee0d3495588bacf47c
FD1h5yD4SNkrTgW2,1744425050719,22,1744425050719@PWAFD1h5yD4SNkrTgW2,8d07ac157494d2f16838ebe226568ff94a6dff62454c2cdfb657b5f8aa1262c4addb15bd41cbab0b26cbd2a08cc52c2d
GUahXMpJsr7NDTyu,1744457369719,7,1744457369719@PWAGUahXMpJsr7NDTyu,b6798f42f6c89b83653b96a2c2aaddcf4e797f11be4f9b5398fcfddf1cf8e979d3bfbc96dae96b2ee4f78094a9fc4f50
GUahXMpJsr7NDTyu,1744421588719,21,1744421588719@PWAGUahXMpJsr7NDTyu,9abcc49fe3dc5629345f20b3e16385e80645b59a79474837b06b9169bfaf6a10359c9aa945a182d624ae52249c0200d5
GUahXMpJsr7NDTyu,1744443060719,3,1744443060719@PWAGUahXMpJsr7NDTyu,588a6ed86997d57050b3f21f199c7f51c0627a0a1ab3e319a68c41744db68c51bab70dbf3a95bcc8547a3adbd12c6841
GUahXMpJsr7NDTyu,1744443830719,3,1744443830719@PWAGUahXMpJsr7NDTyu,685fb232a01ecac4eb97c3d725e113eef386c1d795e0fe46de920255729e169d6d4a9f3672f8b69411ea3204c43d9424
GUahXMpJsr7NDTyu,1744483174719,14,1744483174719@PWAGUahXMpJsr7NDTyu,e9bb0df9456c8d3043f06515cf3fae3b97adb441d21bab0cb49a2d58467cbd9a60393cd678139cd9d9261574f12b357b
GUahXMpJsr7NDTyu,1744432929719,0,1744432929719@PWAGUahXMpJsr7NDTyu,8c7c7baad5d654134890b645993f6ed93adc602efd445dcf47ef440baa19d06dd726538def0373e9e4609a3713efaf68
GUahXMpJsr7NDTyu,1744428073719,23,1744428073719@PWAGUahXMpJsr7NDTyu,ca9ba7c5b4d2091c46bb6f00dccf043a850e88cd5727d9f1ade1e29f35209a93f8b4d6cf4fef7c0b614cbb2135593e94
GUahXMpJsr7NDTyu,1744454728719,6,1744454728719@PWAGUahXMpJsr7NDTyu,0b28414edf46d7e9d5afbde50a3525fc1251c8a46a14f4dc847804d9849611053bc4c58652e14dcf64b741b73d466a7e
GUahXMpJsr7NDTyu,1744484990719,15,1744484990719@PWAGUahXMpJsr7NDTyu,c1b418eeb4025cc04a5a93fd81e8646cb3f3ebf7f4f343135b3ba51430572370b6ece9d6bfcf37d2c2f38f78ec6ece4c
GUahXMpJsr7NDTyu,1744424057719,22,1744424057719@PWAGUahXMpJsr7NDTyu,05cedd369b62643c4441691b5a52a243f71783cd4cd5e6d75d4ebf4c84fb21726d16cf4ce77b52703870f5bd4acc6198
GUahXMpJsr7NDTyu,1744437469719,1,1744437469719@PWAGUahXMpJsr7NDTyu,fe8b8cf05482d0066149674f3ee933ab410cbbce97bb5ea1ee2d2817afa2ff30b7c899e7059123b2fc970e1cbc76c50b
GUahXMpJsr7NDTyu,1744429305719,23,1744429305719@PWAGUahXMpJsr7NDTyu,669efead6daa9f2e06af3123b963dcd8f12b00424a50a574c946238b6a45af2fd3e455d520aca34a3f707316706e79d9
GUahXMpJsr7NDTyu,1744476350719,12,1744476350719@PWAGUahXMpJsr7NDTyu,0e79946e9b9c39ece70c4e4839ea80c0c42cfe94f69d267347162cc8245343a349791977e08ce0495149584c7c9c650b
GUahXMpJsr7NDTyu,1744418490719,20,1744418490719@PWAGUahXMpJsr7NDTyu,176bf0ebeb216c0b93d4de13dda3faf0d5253ce3748a0c69dbb1460051b75082ba680106ef85d6bc03d066e63a85cfba
GUahXMpJsr7NDTyu,1744425563719,22,1744425563719@PWAGUahXMpJsr7NDTyu,471ccce0a21c593d2c3a30ad10b4ecd517fb84a1cf331bbb815ab3d1762593c5be2602a66ce33f5bdbdf2d60f1c282ae
GUahXMpJsr7NDTyu,1744459461719,8,1744459461719@PWAGUahXMpJsr7NDTyu,6284cbdb543553b6e5cdfdad3cfcf7bee8d8713967f009cbd4fc37f8b9d4736af8670f11e1cddc85554413169790a6af
GUahXMpJsr7NDTyu,1744466024719,9,1744466024719@PWAGUahXMpJsr7NDTyu,b143b934eec2340a68c31523bd376a501da71ff5f0c81393bd4e2516b3bbd4623b619849c67cc05cb35ca0321c941f6c
GUahXMpJsr7NDTyu,1744420017719,21,1744420017719@PWAGUahXMpJsr7NDTyu,7b8745e358d756fabfb1588aacbba13723f6807e210c0b82f1c9c47aac3f59d0e419dabf392c93dd729cd20847f7ff67
GUahXMpJsr7NDTyu,1744450115719,5,1744450115719@PWAGUahXMpJsr7NDTyu,281f0910202201c5e5dc2e6600ac88f6b042fa5468f19f33b3814f681969a7f7b589d4f93696c0ee3b27dd296592fa91
GUahXMpJsr7NDTyu,1744441300719,3,1744441300719@PWAGUahXMpJsr7NDTyu,23d27f017c9bc2d54d075864c6c5b24570ba1b65d12f59fcc10e818bc2bbdf9bda65451e615857fc59a1bb22ea0e1b3e
GUahXMpJsr7NDTyu,1744447952719,4,1744447952719@PWAGUahXMpJsr7NDTyu,71c033c977df5d8a6c3c1a6d8f8ac99b0f78afd6d8e934c13c6fe9062835f857a1721eb2925013fa899c31d6bcb7dca9
GUahXMpJsr7NDTyu,1744468171719,10,1744468171719@PWAGUahXMpJsr7NDTyu,2968e231e05298018c6dc6c33be3a028e300ac1898249e469cc2c34e513865e68655f41a8582cead0deb036cb2b0ddda
GUahXMpJsr7NDTyu,1744464453719,9,1744464453719@PWAGUahXMpJsr7NDTyu,f383150b5e9f8d89ae9a902e4759a301271e69b5b2e0b78de13e8515a70fcd12dc3e681a14a8abe066a38a4a54ccca54
GUahXMpJsr7NDTyu,1744443002719,3,1744443002719@PWAGUahXMpJsr7NDTyu,323206dae2c2e320d08a0ed76e34c31f13c646c830b3b2f62c4a7510e7d07d86699964d040cc87a7404586edce158782
GUahXMpJsr7NDTyu,1744462786719,8,1744462786719@PWAGUahXMpJsr7NDTyu,6baac1958088418fcaf68e2c5902cb0f0ae150fca5583baa84f8422f70c903ed3a3a4fa1e7ac851cf187d1932d81c65d
GUahXMpJsr7NDTyu,1744431970719,0,1744431970719@PWAGUahXMpJsr7NDTyu,cb722c53413a908604182342cd675b1f913fbec74545d7252ffdfc37aca14e556dc8c905d911f787563916aac11c7d9b
GUahXMpJsr7NDTyu,1744448560719,5,1744448560719@PWAGUahXMpJsr7NDTyu,0a0ef291b3c926d26a3985d7cdac3be99ddeb875170a99cb3533bf66ab7de41d230158e7d857814b3edad712486da6c5
GUahXMpJsr7NDTyu,1744478148719,13,1744478148719@PWAGUahXMpJsr7NDTyu,c712c1e71c5d3db55a5d4ddec120715fad59fe541895fb9fe3d536ab78a56fc9bb1535bf38721bede60c8bb83fc06266
GUahXMpJsr7NDTyu,1744455970719,7,1744455970719@PWAGUahXMpJsr7NDTyu,c604cde2bf735624f01f8492f439673f53360786f555e7f1a7f9583b09b0c8cf32fe751e91bc26e631ec4a1b3090ffcc
GUahXMpJsr7NDTyu,1744449628719,5,1744449628719@PWAGUahXMpJsr7NDTyu,81ec7ccfbc7e364214f1399f774e7362e1c52a36c3fa6f69a8704b34ad474ff1966ade1f45a7eacfa3d09010d2d89677
GUahXMpJsr7NDTyu,1744449458719,5,1744449458719@PWAGUahXMpJsr7NDTyu,edc37f3bdfaf59bf982f8c83084e3617fa5ab093c48f21e861fdba31153ed4c64c0d51db90d9f200ccd2a1182d3bd388
FD1h5yD4SNkrTgW2,1744419991719,21,1744419991719@PWAFD1h5yD4SNkrTgW2,2a709a19fd61a73a02a876d4224afe7efdd402719ca66afb760104528f0d4fa0cc69a6a19507fc637f50c341013b0034
FD1h5yD4SNkrTgW2,1744465288719,9,1744465288719@PWAFD1h5yD4SNkrTgW2,edfd66b3c00d260cdefe5dd17fec520aabd47873b5edd73df93d68d76832cccfda67b131ecc0f998941669a968053afe
FD1h5yD4SNkrTgW2,1744438185719,2,1744438185719@PWAFD1h5yD4SNkrTgW2,b4b3b80eecd73f62be5b1c0932c751fbbc400db591ffb12e738f4e03afc73d3d377674b1844f6c973cfd8d3c943fb163
FD1h5yD4SNkrTgW2,1744446688719,4,1744446688719@PWAFD1h5yD4SNkrTgW2,03cace6d0e632b57311ccff223522683d48b76dc5885b4972a3b6e562c25dea180d7e04c8e00fb8bb4def6d185e75d0c
FD1h5yD4SNkrTgW2,1744445721719,4,1744445721719@PWAFD1h5yD4SNkrTgW2,f4707104f5e3323732b5513aa30b7fd803ac36122f1a57449de274bbed5e89d0df6a45e58ef8f201697afc058e2b9a7f
FD1h5yD4SNkrTgW2,1744467517719,10,1744467517719@PWAFD1h5yD4SNkrTgW2,de0abdbe77f479328c2729c67643b4f49d13e02f2e8044356d04f84a14e1afe3bc99d64a170b6ca5a0fe5c9338c36bcf
FD1h5yD4SNkrTgW2,1744462028719,8,1744462028719@PWAFD1h5yD4SNkrTgW2,d6917791d4b3350ba6e64cf751ee51205cf3a5139248ebc93d2b0c416552e679afd45539171051738130cf0158f5f3ae
FD1h5yD4SNkrTgW2,1744460078719,8,1744460078719@PWAFD1h5yD4SNkrTgW2,a9c8563b906d86750031543c719fdb61d6889458ca7c00533aec4d34ddbbbde8e856d182bc485c75de339dadeeebacad
FD1h5yD4SNkrTgW2,1744454891719,6,1744454891719@PWAFD1h5yD4SNkrTgW2,b7c99833bd8bae8889ea11e0cda6ed972392b80a6603cda5de6501d4a827a59a5727c26d52965e123a297d10ff57bf91
FD1h5yD4SNkrTgW2,1744485833719,15,1744485833719@PWAFD1h5yD4SNkrTgW2,c70cb41e1bdf285f5c73092815007515c8b71b8c683e1baedb924672c4112846660b71f4107cdb75f61311d5fe6a6cf6
FD1h5yD4SNkrTgW2,1744430147719,23,1744430147719@PWAFD1h5yD4SNkrTgW2,c329772e5017cf19690d0df5b855c2273f038ef829e478408de2ab2a4e9eb0c97e51bfcc7347b84cf270e64117ea02e2
FD1h5yD4SNkrTgW2,1744449102719,5,1744449102719@PWAFD1h5yD4SNkrTgW2,0dd287853406a719ee50a0def725c4df1b658cd613c93169aebeeca3d8d283f9851ca8ab60ba6b520a2124c57eebf6dd
FD1h5yD4SNkrTgW2,1744465990719,9,1744465990719@PWAFD1h5yD4SNkrTgW2,679282df4637dbd4ce45508de1b54c3559b1b1ba4ae16de6d60bbbdc99681a37da77ff26933bc82c87fdb4cbf6ef1015
FD1h5yD4SNkrTgW2,1744426630719,22,1744426630719@PWAFD1h5yD4SNkrTgW2,2a20fa194b7a0c27935cfcf57b70282917241a05886ab2855f6061dbe811a601dd4475cde52f5457af9b1ec930b060ee
FD1h5yD4SNkrTgW2,1744425425719,22,1744425425719@PWAFD1h5yD4SNkrTgW2,47571bebb88904b7db7af51c60123bf04bc633aff9269a0d00a7c88b284660a43d5e00ed8035bcbaefda9ac7eae3972c
FD1h5yD4SNkrTgW2,1744477089719,12,1744477089719@PWAFD1h5yD4SNkrTgW2,500cc8edbe06041dae8048563f6d5d81073980b55be238a167d3944c66878590831ef88204615702b54440fff188d13b
FD1h5yD4SNkrTgW2,1744471094719,11,1744471094719@PWAFD1h5yD4SNkrTgW2,86c0251edccae18bbfe68b9414f69a56c511a2aabfb3ab30df1a91af3df1a4361af93f6cb94c8678f647e822125ce505
FD1h5yD4SNkrTgW2,1744478932719,13,1744478932719@PWAFD1h5yD4SNkrTgW2,df7068405e4171b1fee5aa32183b96eb396fc792225a81afbefc2e3a1d1cdd96804e9e2cfbad393653adc1fe46aa687d
FD1h5yD4SNkrTgW2,1744475113719,12,1744475113719@PWAFD1h5yD4SNkrTgW2,cf189571eaa33c9963273d8ca606ecf977be96fbd2df67cfd85010811e98e04da6e51e4fdb8af2256c1d4e25faf8cc7f
FD1h5yD4SNkrTgW2,1744460505719,8,1744460505719@PWAFD1h5yD4SNkrTgW2,6e9911016ec1805b4b62a8b2cc39ed7d128323b707306ed5ec935d764f9e83032a696c4c06da91f6e5514bde61bc659b
FD1h5yD4SNkrTgW2,1744481976719,14,1744481976719@PWAFD1h5yD4SNkrTgW2,b3f115415738a223865924505ed81e76ad1c223752447da6d08bee1255df6245814f23a9b6c60003250cec020e1cf4a5
FD1h5yD4SNkrTgW2,1744464588719,9,1744464588719@PWAFD1h5yD4SNkrTgW2,c6ee913d26e5ca57a472a939e367942c49357a460f0ad033520060ac9af8b9594ef1337d5dc93a061ab527866a1934df
FD1h5yD4SNkrTgW2,1744437069719,1,1744437069719@PWAFD1h5yD4SNkrTgW2,805aaecf2283fe16f0a2b445ca925d4c809ad8a8739456b41208ffd39be51d895bad75d27674b8a94caa07763a66b925
FD1h5yD4SNkrTgW2,1744478298719,13,1744478298719@PWAFD1h5yD4SNkrTgW2,4964a1576fdffb2c629e4630977148476207a07d84fbc48eaed8ba2da2c14e2890765d22e96ce0a79c448748fb4da693
FD1h5yD4SNkrTgW2,1744468886719,10,1744468886719@PWAFD1h5yD4SNkrTgW2,bda789727128f1b2332b9e1a22658b27791530a6c80185e3037fecbcd020be82c2b53cb9fde1f68d54eb356cacec1db8
FD1h5yD4SNkrTgW2,1744445528719,4,1744445528719@PWAFD1h5yD4SNkrTgW2,3c7f5ac4462ff8f3222d7da1c4deeac77e6c62622dcc40918c89dbf68bdda900ef210295a3ae8e753f2ecaa093e83bf1
FD1h5yD4SNkrTgW2,1744478132719,13,1744478132719@PWAFD1h5yD4SNkrTgW2,5eca2f39b954e567d1cefa2b41a05301a171bb3114775a85a64d21945668ea0cc866a1f69b4dc9b1f63d1f4578721134
FD1h5yD4SNkrTgW2,1744435269719,1,1744435269719@PWAFD1h5yD4SNkrTgW2,77c93bc6b00f7a33085f0485b5c36163877e36d3d9b5d0ac294a6867cdd097195993a258e87080d83b65bae578ed1961
FD1h5yD4SNkrTgW2,1744440576719,2,1744440576719@PWAFD1h5yD4SNkrTgW2,0eb95930e4fb825063d15265aa7bfb9a52b517f020e39bb95fc23854c85e61022cc5fcd82c71a4157cc04a13286fe96d
FD1h5yD4SNkrTgW2,1744440943719,2,1744440943719@PWAFD1h5yD4SNkrTgW2,f43c72988299182f355ad97d5f7847a60040b6d6fbef44c004d9e02608572430249c74562e45937c559538e17167c23c
FD1h5yD4SNkrTgW2,1744454019719,6,1744454019719@PWAFD1h5yD4SNkrTgW2,ae8f17cc86ba69edcf7b3f0472fe9493d649329cf08e85954e4d035a005c3312345aaeedf281097c35f2fe835ee3a906
FD1h5yD4SNkrTgW2,1744449517719,5,1744449517719@PWAFD1h5yD4SNkrTgW2,dc8d0e7c29ea08dac382701f0b303c5cff6551a95e48acdb5f75447c80142c382e6005f37c9d0a1f69343692487f47eb
FD1h5yD4SNkrTgW2,1744478679719,13,1744478679719@PWAFD1h5yD4SNkrTgW2,758650f07541b59db9f020e9af5ed09ed29583ee8ac07012115d661a62dbc6870bfaffaf6cc529dcccdaee012f35c090
FD1h5yD4SNkrTgW2,1744424992719,22,1744424992719@PWAFD1h5yD4SNkrTgW2,ef48038121b10e38b7ba3b64af1b0f2fdde9bc4b69ec19548c426552c1eaab3f057e8e03c7e085c3acc29a24147f695e
FD1h5yD4SNkrTgW2,1744482979719,14,1744482979719@PWAFD1h5yD4SNkrTgW2,61765cbd62845ee53759fb372583b4d24cf51aa50456180e00836b1a7dd6d8517fb25914f7bc084a8ef606f468c78f0d
FD1h5yD4SNkrTgW2,1744463471719,9,1744463471719@PWAFD1h5yD4SNkrTgW2,803d655dcf7d41546dec856218a1395408562afecbc743857d3ffbcecee7719a514fa3db86cba4ec5aa6c1750102f150
FD1h5yD4SNkrTgW2,1744416555719,20,1744416555719@PWAFD1h5yD4SNkrTgW2,460b46bb137ab1737fd81bc2c0d20e7d06b36349b5c4778cecc395e356cee50f033e79fa6cd31469a5c5901f45b2de07
FD1h5yD4SNkrTgW2,1744417317719,20,1744417317719@PWAFD1h5yD4SNkrTgW2,19edda2b67ae8662ac896a8003d349b1c28e125e574346cc72ab863e226456465bc6d8e4cab96f6a2bc122fddb867f55
FD1h5yD4SNkrTgW2,1744470580719,11,1744470580719@PWAFD1h5yD4SNkrTgW2,8081881fb543d437648cabba43268ce5e13b33bdd092036b6fce8e1ebcf3003cbfb092d3a1af1476d9c14701fbc20ff3
FD1h5yD4SNkrTgW2,1744418628719,20,1744418628719@PWAFD1h5yD4SNkrTgW2,d51e8c2094024bd8ff2cdbf4529434bb8c1283f0c706de986c8a867c3011feec34e1726b8bb227e497e6ff33a7ef24f7
FD1h5yD4SNkrTgW2,1744429011719,23,1744429011719@PWAFD1h5yD4SNkrTgW2,012467326d739d291a4a4ff9f5faabbca8cb9ebe4cec6a5efe6dd8d51a433f604ab1ef05c780e29c86ba929fdf379840
FD1h5yD4SNkrTgW2,1744483001719,14,1744483001719@PWAFD1h5yD4SNkrTgW2,e81f5f1f5e1ed24a2b71ad2c94c6a325f6403809c268fa7b1608960f15279ad78d918886694960db120813252e30f916
FD1h5yD4SNkrTgW2,1744437205719,1,1744437205719@PWAFD1h5yD4SNkrTgW2,9543e2a4b76e713ff658c0aa4ccccbe8653bf3a2b9867fc8a3b85409089b7ea655fcc91c2572af76c2501f4adb68aebd
FD1h5yD4SNkrTgW2,1744447945719,4,1744447945719@PWAFD1h5yD4SNkrTgW2,39fc9cd54dbeab0c3dc1ee433dfc7168063577c906c461aa766887ba647a8d3ac3780bda388c29a11069a49d0fc4c37c
FD1h5yD4SNkrTgW2,1744431437719,0,1744431437719@PWAFD1h5yD4SNkrTgW2,1e7276dd39a587665e39fcd8a2067ef580a0e7d39dbe9bbe9b5d1a326f26dca0dddf34ae6fc92dae25a1178004e25fb2
lyOvOf9ECVw31oJl,1744476034719,12,1744476034719@PWAlyOvOf9ECVw31oJl,3b91962230cc9d5e2470c391ba22d2b7a64fcbe822c903cf6c0a3461d895d848d3da617d399def55905a1549ac9c1fe3
lyOvOf9ECVw31oJl,1744445167719,4,1744445167719@PWAlyOvOf9ECVw31oJl,324a89a2eeec926dff20f1d29058873c7b0b76afe1922348d5e33a8541a86c2fb7ccf0007cc2fcfd4121414f44842ee3
lyOvOf9ECVw31oJl,1744441119719,2,1744441119719@PWAlyOvOf9ECVw31oJl,5d45a72ea90563d8049cd8967cbea7220836ae422b39d361b66e6d1d6a88a03854c178aa3678bd1e9991530035de5e8d
lyOvOf9ECVw31oJl,1744447183719,4,1744447183719@PWAlyOvOf9ECVw31oJl,576d494ecafad508f13f7dd4c00b84b87cb194772caee12994e0eaaadedeebc7ad58a87990c8c83db462fc94a770e509
lyOvOf9ECVw31oJl,1744440241719,2,1744440241719@PWAlyOvOf9ECVw31oJl,11da57eff61ec3f75f982625fe36ab2aa6d5071593b1f9393636c70012771b1d6ef05e598209d2ee0331d0f7ae0d40d7
lyOvOf9ECVw31oJl,1744448565719,5,1744448565719@PWAlyOvOf9ECVw31oJl,16e0f4201ac3f3627dfa3e2ccb40cb7f195cb0994d988a4fd73c27aead71f2d664ea00931e6188726bc439bb7dbb218a
lyOvOf9ECVw31oJl,1744464259719,9,1744464259719@PWAlyOvOf9ECVw31oJl,76c0fce7e48d9690c6cbb9ebcf4b8fb8b4316d4eb610eb28e436930c3bf675c1e2ae564a772c417224c222a75c2b9c30
lyOvOf9ECVw31oJl,1744465558719,9,1744465558719@PWAlyOvOf9ECVw31oJl,3f32034c805bb69b9b7cdd85730095938a311a16ee175503a275186fbb50a601fd1ddc7acdf178ac61666ea74d71f8e3
lyOvOf9ECVw31oJl,1744452943719,6,1744452943719@PWAlyOvOf9ECVw31oJl,ef2043bb5e49242cb94e5a36a9b0d353a2adb90e5701a2b6281c807eb6aea55beb0de6069c7d7e83e8e29e5fe62ae387
lyOvOf9ECVw31oJl,1744427695719,23,1744427695719@PWAlyOvOf9ECVw31oJl,bdbdd5ec02b7657d89afa961741eb3ed10d436b8290a8a98744f5fa7fd21484f2fd548d3dff9d40c25f8ebf0efcb92e3
lyOvOf9ECVw31oJl,1744470487719,11,1744470487719@PWAlyOvOf9ECVw31oJl,084f5bc16a1a8235e832f8a644b8b19f663e49920088a5c0a02b4e5f167d33f02f43728e89fb6f1b4a5bc50d6edca923
lyOvOf9ECVw31oJl,1744454134719,6,1744454134719@PWAlyOvOf9ECVw31oJl,e9473dc869cb79e78f417ef59b2b5a20a83870b6d8a498cea6950eb3b6c8c812f1965f16842214f4d242c38ac24d5146
lyOvOf9ECVw31oJl,1744464895719,9,1744464895719@PWAlyOvOf9ECVw31oJl,57cb37bf5bff389a32f0a72a70e7df1efab2c85fa11d708a524da23616867f71e8e33356dd6b118981e57758a05b50f1
lyOvOf9ECVw31oJl,1744454398719,6,1744454398719@PWAlyOvOf9ECVw31oJl,1a957be0cff77331adb3f3b80287068d1e182e84f7b9f02613c32953324557ffc65125602a653ecc0c2c5a247d864081
lyOvOf9ECVw31oJl,1744472868719,11,1744472868719@PWAlyOvOf9ECVw31oJl,e5debdcc5c7beadc0de1400450fc37d3184adbdc4ad617eb58bcc098d7266e87b5c56032dbf1503f0afb709897fe64a0
lyOvOf9ECVw31oJl,1744417525719,20,1744417525719@PWAlyOvOf9ECVw31oJl,ba9c047536c3801b1fb709ec3c013dae8bdeb36515fefb9907e4a57f9d9f69231927a3da8cacd8ec3bec03c8df720842
lyOvOf9ECVw31oJl,1744465530719,9,1744465530719@PWAlyOvOf9ECVw31oJl,02f5c32c070de1660eb510c515e18903bc6aed623c342a4c57472ad8f387d243719f8e53d8a2d8f67277e3ead2d1ef75
lyOvOf9ECVw31oJl,1744429740719,23,1744429740719@PWAlyOvOf9ECVw31oJl,52dd34a24822d0cb0f8d144d6fd42e7e1185984f02eb945cd7be62d74ab93561a1516f46c4c0f6e5fc2bebc158b0b0a7
lyOvOf9ECVw31oJl,1744416736719,20,1744416736719@PWAlyOvOf9ECVw31oJl,96209a7900b420ad4bc7f19f06177c66af39bd3a8013301d414cf8b89b5402b2f177c5b1b75d9c0fb2e67b7b1679e373
lyOvOf9ECVw31oJl,1744470132719,11,1744470132719@PWAlyOvOf9ECVw31oJl,e940a793facc9987136fea906370c8572044ac54fdbbfd36bfda971342e3ea0c80939c93e04b11b98947a5d6c068670f
lyOvOf9ECVw31oJl,1744440919719,2,1744440919719@PWAlyOvOf9ECVw31oJl,652d60c4fe80c86a4ef28d06ffc8f92dfd8ebfcdcfd277f71195ec4356f3451c1867b67dfcd97f4a7b3b15f345b3684c
lyOvOf9ECVw31oJl,1744486274719,15,1744486274719@PWAlyOvOf9ECVw31oJl,1c425abf354d9041bd2ef93c420b42a51569c90e6a5ae7b43d71a9c462adb3127ceafb730760ffaf39f61ea7ecbca18e
lyOvOf9ECVw31oJl,1744440944719,2,1744440944719@PWAlyOvOf9ECVw31oJl,65918c10da6cefc062c3cd41a00d53000118b010ba0458943e0a87c9dd161d845fd6de5168e82113a5a9e90e7110b3b9
lyOvOf9ECVw31oJl,1744474818719,12,1744474818719@PWAlyOvOf9ECVw31oJl,ab4bb3309c84954f32026ae2ff735bfcd545e43c8198167c0947773441bea6dba09259754a98d3d14679ff8be4b13e99
lyOvOf9ECVw31oJl,1744431090719,0,1744431090719@PWAlyOvOf9ECVw31oJl,c5cb3ff381508940075ae15a5fada9fdc124a90a757568d33ea1faeb7be6a8b61dff1a82428a69860b90ebbeb25ee086
lyOvOf9ECVw31oJl,1744473535719,11,1744473535719@PWAlyOvOf9ECVw31oJl,f64b32a495fb033d973aa8d27f6d29fd82f5d7ab6ea0ddbf975ea1842d3824776156d6d28b2094b80a173c3c079feb2e
lyOvOf9ECVw31oJl,1744471216719,11,1744471216719@PWAlyOvOf9ECVw31oJl,33292ad534030cf2da52886331306b40e91d7eeb3621075c28d1387c3a924cf4716954fcadc7eef49904952af4395677
lyOvOf9ECVw31oJl,1744417628719,20,1744417628719@PWAlyOvOf9ECVw31oJl,8613156d83a3c5d18f71fe64113a9607b0202f65154e7c818ceba968628a81d33ea8e996c027af838a7a9ccd0572de8f
lyOvOf9ECVw31oJl,1744463706719,9,1744463706719@PWAlyOvOf9ECVw31oJl,27031a4279fbc96e4486610d6f98d3e4b5e715173d0975e9b575656226a522cb8ecb544082382b1876e7a58a91ab34d2
lyOvOf9ECVw31oJl,1744437504719,1,1744437504719@PWAlyOvOf9ECVw31oJl,7a6fe34d7e4c430eb51e2c30c3a560707cc12ab73c0829a8a1a4a337e1e43fec223f6fff1b028ae6e20b19757a666c3f
lyOvOf9ECVw31oJl,1744433890719,0,1744433890719@PWAlyOvOf9ECVw31oJl,94cbf187f01cedd7317e16fb46ecfef9e3a3c9b290546f7084b32c187dd5b499c9170fd6ba1820b5d694f0d8d5aa97cf
lyOvOf9ECVw31oJl,1744446905719,4,1744446905719@PWAlyOvOf9ECVw31oJl,b187d80c3a429b18eea773577bd651abfc1e29290ad6de31ff888d8d8e713859576c52bd6108ba1913e7fd448c49bd0e
lyOvOf9ECVw31oJl,1744454132719,6,1744454132719@PWAlyOvOf9ECVw31oJl,faaf372bbf1a8acd467a58af536652d983ddd7a5ba5cff867a165dd46bb65db5defb502e698a0e2418a9a6c8765b560e
lyOvOf9ECVw31oJl,1744424339719,22,1744424339719@PWAlyOvOf9ECVw31oJl,6cd56ddb8f3c7dc472cf3791c1eca52170f524929c31656513991cdfd7aeb443a8a5a12ffe6903c1712c9fb28b34c2ad
GUahXMpJsr7NDTyu,1744441213719,3,1744441213719@PWAGUahXMpJsr7NDTyu,7018f947f64316054c9e8fcc8c238f5e373dd5d9eb12a2c8143916c619151bd32907691b8592eb60a5f3b3082b07b4b1
GUahXMpJsr7NDTyu,1744420745719,21,1744420745719@PWAGUahXMpJsr7NDTyu,d9a8043db493129923853ede3bd60749ad03c657594fddd89657c4d04ec9760f6ed1551195de706652876fd7837e5481
GUahXMpJsr7NDTyu,1744424396719,22,1744424396719@PWAGUahXMpJsr7NDTyu,13f17910d81443e4e4ea73deabc234fd7bd3dc7c5f6f4eaa97fb8c4f67d72a8cf82054c31b333a85f1650f2b37b097ae
GUahXMpJsr7NDTyu,1744478968719,13,1744478968719@PWAGUahXMpJsr7NDTyu,dc73974ec064d44051a52ed69a8d5f944befc9236d16bd99ee8bff326a122a4f385d5835c8ab0faf20696d2f8a4602fb
GUahXMpJsr7NDTyu,1744480802719,14,1744480802719@PWAGUahXMpJsr7NDTyu,d685c1181d633d6c068e648dbad466441bccba65342b2c245038c358ec33ab160b0e243003037b9bec22e0e3b9958223
GUahXMpJsr7NDTyu,1744420008719,21,1744420008719@PWAGUahXMpJsr7NDTyu,406c70c04a985af8b166bf535a3fbc5a51801656f631ea6763664a1b53197b68930afb8c35ac845ed1b107b8b55c4373
GUahXMpJsr7NDTyu,1744452854719,6,1744452854719@PWAGUahXMpJsr7NDTyu,a5e86e8636d53365a054fa7db9b87638387b315ef0db5b0f81702ba500dcdff1b78e5a4951136ff70462190f4d740ec8
GUahXMpJsr7NDTyu,1744434425719,1,1744434425719@PWAGUahXMpJsr7NDTyu,5b788d348fa1506c81c13eeef5d3ee48136e0ff1f28fe81ddf6b5f17f2fef8bda760437555360e8160fc1d3a16f825f5
GUahXMpJsr7NDTyu,1744473855719,12,1744473855719@PWAGUahXMpJsr7NDTyu,b3d1f0f5e7cc770d43c4ccacf60acb4e1d702bd69e365f5653c7bfa9b23f544251cecce6ed8bb0392e9e9ba488f656cb
GUahXMpJsr7NDTyu,1744456950719,7,1744456950719@PWAGUahXMpJsr7NDTyu,294eb3f45ff944190dd675caedf3507e9b915a26c1e0036351c65a8b4918188d72bba8f9ee6ea7606c8e20b4707290db
GUahXMpJsr7NDTyu,1744467946719,10,1744467946719@PWAGUahXMpJsr7NDTyu,34b00557a8007a5accdfa8699c1c1d5e124f226fba1197b588e266c3db8521fca6f95a2b493c29d20d86212671b44fff
GUahXMpJsr7NDTyu,1744444368719,3,1744444368719@PWAGUahXMpJsr7NDTyu,1ef3f8d9498617cc2eb20b6f42f2931adfc44da992c4f4b0ce07e36c351d00ba4a93135772731d37fb2a9a2d98cc8b96
GUahXMpJsr7NDTyu,1744484323719,14,1744484323719@PWAGUahXMpJsr7NDTyu,6df8f2a292a21ed95512883f8ee30be7d25ac06425f599db6cd0152922fdbb801d1907fbf1d8314a8275b02fb75bfc63
GUahXMpJsr7NDTyu,1744468345719,10,1744468345719@PWAGUahXMpJsr7NDTyu,3a2290912a52a48cfe111276a2a763d6379b0c4f6aad1a850da5c8c772b770ba15a0a52cd01b002e823c43b755023bde
GUahXMpJsr7NDTyu,1744441427719,3,1744441427719@PWAGUahXMpJsr7NDTyu,5612802288424d7c91f52f3126120420c22689c05c17300984b9c5cae6708dd7939477be06ba00b10ead1dc2791ef284
GUahXMpJsr7NDTyu,1744431252719,0,1744431252719@PWAGUahXMpJsr7NDTyu,65b28ae835b5c8e1595fb0f26a5703d80d6341878ecc448c14a4c43747a8d137252ade727e0422d4632483f3dd71e245
GUahXMpJsr7NDTyu,1744419894719,21,1744419894719@PWAGUahXMpJsr7NDTyu,21b9266d121ef690e842bb6d02a6a27229c4d400d9f91171d02ba37a8229052d69201cdf1f451688bec92c7a2f230fbf
GUahXMpJsr7NDTyu,1744416233719,20,1744416233719@PWAGUahXMpJsr7NDTyu,d553bf4cbda01c92ebeac54b94992907c7d61a9ef0d59ef96dbd8595c91bf58ed3c8e4d042d258c2af595be0eb69cb9e
GUahXMpJsr7NDTyu,1744487077719,15,1744487077719@PWAGUahXMpJsr7NDTyu,d1abc34edac6934443058a976b57e98101695285c214ab5844f30f29979dbb383f5be8e490a228f9ef576fe6def81ee8
GUahXMpJsr7NDTyu,1744448082719,4,1744448082719@PWAGUahXMpJsr7NDTyu,62b89665fc55ad1b469b7c0c67224bf0558ccecc38d8c2e8343e673e64672ef431b5eab6df9c8419ded3d7ae189372ef
GUahXMpJsr7NDTyu,1744455511719,6,1744455511719@PWAGUahXMpJsr7NDTyu,dc7132fccb6a65df9f2a3a00a972445a89fc2696ee64a2f27229de649dfa45d97338cbe62b432368dfaf71c065194c5d
GUahXMpJsr7NDTyu,1744443124719,3,1744443124719@PWAGUahXMpJsr7NDTyu,9527ac95fb0fd7a21f26c7b2274a2fc4ebf3b08b3dad3f993f81645ced5a3e275578ec6ff4b9375a82fa63787cd010b8
GUahXMpJsr7NDTyu,1744469770719,10,1744469770719@PWAGUahXMpJsr7NDTyu,1eed437c3c3cb2797c2b43b2e5e4d665cb446dd23f928323f57e019005aa2d410f7778dee076974ca47e29edf8cb6a6a
GUahXMpJsr7NDTyu,1744462311719,8,1744462311719@PWAGUahXMpJsr7NDTyu,f3821146836d3e8a7f1648babcb2a72942fce1d6dbf7e08f86c5825f33729788c2fd1603f63616939d017ff1759d5ec6
GUahXMpJsr7NDTyu,1744478892719,13,1744478892719@PWAGUahXMpJsr7NDTyu,0a52d016f81483a5f367147a47f295a2203aed822bf93b407b80e5b684531fdb672d052ec4086f1d1d5cdd544ed943e1
GUahXMpJsr7NDTyu,1744452164719,6,1744452164719@PWAGUahXMpJsr7NDTyu,a3b1d1d052b7e89c2dd47a4838501544f7b990f04438820894742c283e159a27619321b2150a2fdfb10c068fbd1251a0
GUahXMpJsr7NDTyu,1744429201719,23,1744429201719@PWAGUahXMpJsr7NDTyu,69914a097bb42d7262125ad4ec610500af995210ac906978f573e131d71dfc0078fc4490c1e676d715eb86b600dfd677
GUahXMpJsr7NDTyu,1744434027719,1,1744434027719@PWAGUahXMpJsr7NDTyu,2757fba4dcad5fe94975303e2fe72e7e7fae8041b662b45783f4d7158b609c8211569ce180552eb82540fceaffe3b10d
GUahXMpJsr7NDTyu,1744481770719,14,1744481770719@PWAGUahXMpJsr7NDTyu,9aa16ac2ded0e3908553f53856dd43e9755ff9015415fe968ae3332c642c193645937f4a3b2d9a0befdeb89244c15ce6
GUahXMpJsr7NDTyu,1744456428719,7,1744456428719@PWAGUahXMpJsr7NDTyu,00d3c3d0c46bedfe450a7a2629c7830268bf8eca94eae07e1e500d47c25e326608c1d0c394f5d6226420f974878baf59
GUahXMpJsr7NDTyu,1744433592719,0,1744433592719@PWAGUahXMpJsr7NDTyu,be29a115575803cc4d851823136e245101d89533f79590f119ad8ab600d123c2d49cec9399486e47b236f63ef8e25804
GUahXMpJsr7NDTyu,1744486154719,15,1744486154719@PWAGUahXMpJsr7NDTyu,0126e161edbabde2b8e47a59776d2de2ff2ac5f9cc8d9377ff7b6206ad54f33ce4a92e6ac1e68700f6ff9928d975feeb
GUahXMpJsr7NDTyu,1744484537719,15,1744484537719@PWAGUahXMpJsr7NDTyu,1eda47f62ad5b20c5a58f43f69ec84ca2e18ba4feacafe41288e63699c96fd1cf9fc5452e9fcfd50db165587ccaa2059
GUahXMpJsr7NDTyu,1744432116719,0,1744432116719@PWAGUahXMpJsr7NDTyu,ec493cecca6ec2585c59c46d8ded3cbe71277a3a347c1bc3288c86f8d497ddcf5e8b00a885b00fce6e29e67d3d0ff868
GUahXMpJsr7NDTyu,1744482715719,14,1744482715719@PWAGUahXMpJsr7NDTyu,d545c93edc8b88ef7cbbf053180c30c870fdf47f695c7851800bba91d1e3293e428041fe7ab0ab001f277726ba727ab9
GUahXMpJsr7NDTyu,1744480809719,14,1744480809719@PWAGUahXMpJsr7NDTyu,fc95877018eaef1987c6dbfd4f6e19bc341d1993540a5f6aaff62e3bfe33f5851669d17b33960f47b49c377a4b03fc16
GUahXMpJsr7NDTyu,1744474530719,12,1744474530719@PWAGUahXMpJsr7NDTyu,c294cece876e275dfd10ab19c0bbc9e8d1c9e3eaee513a051f40c0970ce3e5651d4174b38ce6d9eaea0903d0ef5f9d40
GUahXMpJsr7NDTyu,1744422578719,21,1744422578719@PWAGUahXMpJsr7NDTyu,e49b1df636b18b5f3345fd9ddc4d6ab07d5e1d4fe9285f0abb7126622869df788cd49d6648b4259f214f9f25d8293b6d
GUahXMpJsr7NDTyu,1744472410719,11,1744472410719@PWAGUahXMpJsr7NDTyu,5c20bd8e4c76d952c1c9caa8fa62dffe25c924bf6e8e12467c5d7f18f8ed793b6cb19a52977142bde9cc5453286d6a6a
GUahXMpJsr7NDTyu,1744461190719,8,1744461190719@PWAGUahXMpJsr7NDTyu,c2c0693d99c5530054f47e08820b645a5efe81e743d8d94bb4218a47fac2f2ecfcf2789339094a02788be24c7ed5a9a6
FD1h5yD4SNkrTgW2,1744421289719,21,1744421289719@PWAFD1h5yD4SNkrTgW2,37490c0a784d61f9405130f276b1d9c2a101034056395762375e7027bc4c975fe22204048da72e0391ee2388ea5b0c49
FD1h5yD4SNkrTgW2,1744467578719,10,1744467578719@PWAFD1h5yD4SNkrTgW2,f08d3bdd9513e3c51b751ffc7841b027bd4a5b5b116897ae7e64935c525a404439a3bcd09e6833f06deaa7ee433f1de0
FD1h5yD4SNkrTgW2,1744434990719,1,1744434990719@PWAFD1h5yD4SNkrTgW2,7a4bb625971d2bded097b3d84c79ded510bda00072b54eb0c8d1f71e01cd52a0e5ca9f39ce2c927cdd40e2a871c0c125
FD1h5yD4SNkrTgW2,1744443351719,3,1744443351719@PWAFD1h5yD4SNkrTgW2,24abed3ef68adb166a6f8fe374c6fcd4146e47578784940daef2d456175e50b815e26b0ec05f6891255861018d922199
FD1h5yD4SNkrTgW2,1744453211719,6,1744453211719@PWAFD1h5yD4SNkrTgW2,b9fad9cc1e005e2fc5b0da672d330190133115fcb5d0963bc906d0c88585c7a6730c8932d306b722f57cb0a6b2e4a0e6
FD1h5yD4SNkrTgW2,1744424396719,22,1744424396719@PWAFD1h5yD4SNkrTgW2,13f17910d81443e4e4ea73deabc234fdada4e22694259188c5463024e73d96f2912e674887132e8dabdd0555ec187425
FD1h5yD4SNkrTgW2,1744462323719,8,1744462323719@PWAFD1h5yD4SNkrTgW2,17d829aaf50f33f86ac25a0de96c0c6af5bf34596eeb7e84d8e80a8243b29d1ebcccb9d2dcc303df167af81a38fdb780
FD1h5yD4SNkrTgW2,1744467226719,10,1744467226719@PWAFD1h5yD4SNkrTgW2,fece10b6da2c9d72d79b84422e006a1a3c6fb6b33c9b19d8a0a5a11eb6d7b3ea83333464bff483477c0f4497459a395c
FD1h5yD4SNkrTgW2,1744476587719,12,1744476587719@PWAFD1h5yD4SNkrTgW2,4e041b0679750a7dd19f5e635503bf84b8f8af851a3c8e1cad1ccc58c294595d1dacee9cdea0b5a2fa05672a39427455
FD1h5yD4SNkrTgW2,1744454647719,6,1744454647719@PWAFD1h5yD4SNkrTgW2,aa8db7fbb22007bacc2d81ee18e6545c585408f885b28b59b45c39625f796473b79f1e331e27ba6359c1de3766746483
FD1h5yD4SNkrTgW2,1744426409719,22,1744426409719@PWAFD1h5yD4SNkrTgW2,9b88a4c168e41a0a0ae1e725f93a9a5feb85c99ceb2766c425026bfdbcf117dc9278c6da3577221f4b1f4a87d5f1d645
FD1h5yD4SNkrTgW2,1744465360719,9,1744465360719@PWAFD1h5yD4SNkrTgW2,aac14674e14162a9dd3889668d776f4ddf2e4af8bc757d1f51bd892626365162dc3193ec3736a95afaac441de1036ffe
FD1h5yD4SNkrTgW2,1744466316719,9,1744466316719@PWAFD1h5yD4SNkrTgW2,5b697162e0b7619e23d021c82659639cbaffbd9adbc8672d1b5842add9965fe66444754411cb12762754f525055927d4
FD1h5yD4SNkrTgW2,1744462241719,8,1744462241719@PWAFD1h5yD4SNkrTgW2,ec6f9442f95bda97ed36d933dbd6246800db095cce10cd0262278b3f154f98e880e54548536b920ba39303927b6e38e3
FD1h5yD4SNkrTgW2,1744427258719,23,1744427258719@PWAFD1h5yD4SNkrTgW2,649e8fac1df6439d236f793a670b5beb72ccb003a565b6a956552bc0e9c45a46f8824b12636b425d28c5c15d58f29865
FD1h5yD4SNkrTgW2,1744439574719,2,1744439574719@PWAFD1h5yD4SNkrTgW2,9cdcc0986d4b3697785fc0a37ae25518b5c209eab6f5bbad12c6960bf9caea01653796651d316cb7cc0241da2161a921
FD1h5yD4SNkrTgW2,1744425713719,22,1744425713719@PWAFD1h5yD4SNkrTgW2,1e2a616a0e5e217578e56fe6520dedbaa2bd2207ed94e1c7f5790688bad4545f338cc42d0f07c39596835b686696afb7
FD1h5yD4SNkrTgW2,1744460748719,8,1744460748719@PWAFD1h5yD4SNkrTgW2,f62683f272a561ef49621a276e30ff652c7fb931c38df6336b299e9505c6ccb4528472a9a0dca337c9965213a8e6894d
FD1h5yD4SNkrTgW2,1744439647719,2,1744439647719@PWAFD1h5yD4SNkrTgW2,ccb96f39385986e5b4d485d89758875a63ad508f071dbb68f5202b3b0a7fdc563b2d532e8927f22983cd5c092386802f
FD1h5yD4SNkrTgW2,1744467392719,10,1744467392719@PWAFD1h5yD4SNkrTgW2,0f76ff3981dbc1a77f00da00a263d95b384c6020a3fa33112a49849f4ad55c453d3acb54495116d3cc9e2c66142f7c39
FD1h5yD4SNkrTgW2,1744439686719,2,1744439686719@PWAFD1h5yD4SNkrTgW2,ceedb3f768f0862047323db110f8b4038ae3ff0e58abb927347d42a31564702b23ca77a2a146212db63c47af6ada6dea
FD1h5yD4SNkrTgW2,1744448192719,4,1744448192719@PWAFD1h5yD4SNkrTgW2,f9a4a444cc05c243b160a5d0acd325b9a5dc67f5c32c2f8bfdfdc7ee2985200c8189e8c56cb683d5f9309e12e0cc7e28
FD1h5yD4SNkrTgW2,1744451414719,5,1744451414719@PWAFD1h5yD4SNkrTgW2,1333cf95564db4721768264aadded6a5c90455b7fc26f88c6ed59fad9d44718a2fa95e9b3d94dfa85f356326594d00f2
FD1h5yD4SNkrTgW2,1744425267719,22,1744425267719@PWAFD1h5yD4SNkrTgW2,518981c53cab17f65dcee851186cd7d2592749d69371f229c81d6bb354c5de88323cb1185b3ace03678dbcf7cabae2ec
FD1h5yD4SNkrTgW2,1744428433719,23,1744428433719@PWAFD1h5yD4SNkrTgW2,672bdc00760fd5af9f994c925ee7386fcf1524b3fa3761c4f611c7dd43e14f6e2c1403d02135bd8c4812ac4521617f6c
FD1h5yD4SNkrTgW2,1744434469719,1,1744434469719@PWAFD1h5yD4SNkrTgW2,1a9d63d3f9b4dd9b644c8c55eff1a7ccc415e18e1783d4becf628f3f84db5e95432b165bda6606d0ce005b7848f9daa6
FD1h5yD4SNkrTgW2,1744449541719,5,1744449541719@PWAFD1h5yD4SNkrTgW2,96f40bb436db3030007da2f34e7753997697947473b481be3135bca7309ba43d6846e140a03b0538f0949dc1117357b7
FD1h5yD4SNkrTgW2,1744422577719,21,1744422577719@PWAFD1h5yD4SNkrTgW2,4339f25ad673d953e098654dab0b134c2c559cb669aef02fc01a3b5261f75adc1d872e1bdb76060d8a02acc00b6fb68c
FD1h5yD4SNkrTgW2,1744417217719,20,1744417217719@PWAFD1h5yD4SNkrTgW2,86d89a0c36f494fab11ec7ccf4e01ca2732b54c7c8043eef330fec529f1096a697e82fb4aaecaf56a63c37e500154fbb
FD1h5yD4SNkrTgW2,1744431063719,0,1744431063719@PWAFD1h5yD4SNkrTgW2,3c8a700351cfbc5bc069df324c27916ced8fa8acfb5a3473cb9bf439d5a98dc2d06d11b68f764643f4923a5bae3a49a8
FD1h5yD4SNkrTgW2,1744438653719,2,1744438653719@PWAFD1h5yD4SNkrTgW2,1a299e7d3a03e98c4f6fb9ea36896cb293183f6155ded46fce9bcf91a5154060a073c13dd7d50b8cdd03bb3a32a22638
FD1h5yD4SNkrTgW2,1744454038719,6,1744454038719@PWAFD1h5yD4SNkrTgW2,cd425e3bc3eb7049629f6edc3aa06324485b5e4eab2f1cd13a1d441cd26eb691cfea599e61e139ff391885bd9f47fcfb
FD1h5yD4SNkrTgW2,1744487882719,15,1744487882719@PWAFD1h5yD4SNkrTgW2,c4876d791e1fef6589cc81121f980abc5aa2e83ab1373db003e941c6e35803a1ac03790018f84b608b8c4633e85e3de4
FD1h5yD4SNkrTgW2,1744465969719,9,1744465969719@PWAFD1h5yD4SNkrTgW2,0b3d68dfc284af701d81158f3bf0182b80fc224b3819e7a0c6b5bbaa981a5df97c7c91a8b25f223ab24cb70f90754536
9lkHG6Iccr87KYPj,1744448384719,4,1744448384719@PWA9lkHG6Iccr87KYPj,e808b78711f833ca441416ec5313982d071385dfdd085da75d0f1677628ed4b3663fecfe36211ce5dee186660f134495
9lkHG6Iccr87KYPj,1744484322719,14,1744484322719@PWA9lkHG6Iccr87KYPj,7d78a32f4c3200890f0434afa0f9db5ba020fee5d622ae718590494195ce9e875a7d0ff605ccc2216c1ae23ba3de27db
9lkHG6Iccr87KYPj,1744439234719,2,1744439234719@PWA9lkHG6Iccr87KYPj,4c7ca0ca48c9d66e276c95d72cadd8a73883b7dd22b6afb856423d5dc1331bb699bb5c4a0dec5dd58f1b41479cf4c6f8
9lkHG6Iccr87KYPj,1744444311719,3,1744444311719@PWA9lkHG6Iccr87KYPj,ee654b2510f6d1da35e8026cd6aa844ac610fe6e5862261bf85f52d993b0ef95640ccbdeb444237b5c1ad15444103a85
9lkHG6Iccr87KYPj,1744446551719,4,1744446551719@PWA9lkHG6Iccr87KYPj,53063381dd1b3a3f98f3d981a3da7285238c2f610f1afbff73ddcb6194124b4d7090bce0f113e6aba73906d625d6d9f7
9lkHG6Iccr87KYPj,1744475304719,12,1744475304719@PWA9lkHG6Iccr87KYPj,8494f963c1ecd1485f7b5e40a7180d313d17549eb23049663f6d44383c5314458224dfab4bc728a074d57b55c2537c7b
9lkHG6Iccr87KYPj,1744430853719,0,1744430853719@PWA9lkHG6Iccr87KYPj,344cc55fffa8c3b37d375f6f2ea7429adb580ba94be4a166cd503fe0dbaf9966cd27b9981b2cdb3e79678943d4a6fc75
9lkHG6Iccr87KYPj,1744448110719,4,1744448110719@PWA9lkHG6Iccr87KYPj,b572ec6d536ad809ba4f0695709317464e9ea715a827eef70f4a4ac397feb753e6c422e77d285ee3cb33a33140ce0b1b
9lkHG6Iccr87KYPj,1744435470719,1,1744435470719@PWA9lkHG6Iccr87KYPj,69b49675d1d9bddfe48f755c0c53e2db121a262637e6878f16c459f185dac3e03639d7b744b223ad603808efcfafb15e
9lkHG6Iccr87KYPj,1744425076719,22,1744425076719@PWA9lkHG6Iccr87KYPj,220b00f4e773ca4db44012274ac44c535e379dbcec935102a5ea23c33577e3e6a3a5a6eab28b019bd4ac21364d473c0f
9lkHG6Iccr87KYPj,1744460976719,8,1744460976719@PWA9lkHG6Iccr87KYPj,2acd71ff0580d8ddfb29c5f00d2e2e80f1d4c338e1d18121ee7b79285dd6ce94dfca43ed2a1f64faafd3de80ec8ebe82
9lkHG6Iccr87KYPj,1744451811719,5,1744451811719@PWA9lkHG6Iccr87KYPj,ed0b5ce0f5437b63d4ad6f7577ce0ba0fd5ae2b711e4d1fd1aeace7816ad606117b0e51ec47bd1c71d863736c48e4a0a
9lkHG6Iccr87KYPj,1744444952719,4,1744444952719@PWA9lkHG6Iccr87KYPj,fd4478b23e7d3638fbd1e6d5096cb5ef45e5b1828a1cdad067eb186a7f56c73e1c77593a32eaddc72b668a84e225d21a
9lkHG6Iccr87KYPj,1744424207719,22,1744424207719@PWA9lkHG6Iccr87KYPj,513fb73d311db0ef865a8d9245aa6765d5ac77e473b5abac465adaf9908e0757ed035c0fc0d1fe2aa227466b730e0c56
9lkHG6Iccr87KYPj,1744436704719,1,1744436704719@PWA9lkHG6Iccr87KYPj,46d232b49822885629c389a00b950c8a603b7497692dfa7d272b3280b3fb93cf52acc79bd56082a07b23341f181e7943
9lkHG6Iccr87KYPj,1744439653719,2,1744439653719@PWA9lkHG6Iccr87KYPj,19b46f9451dbc3a75f318324e92b0b12fc97b188ecd9244c9839b3e137845a2ce6d96a311bf087b0b76f904bdd5246cb
9lkHG6Iccr87KYPj,1744487467719,15,1744487467719@PWA9lkHG6Iccr87KYPj,313209c52c4974bd080bff37ca226c2f68225401dba6743589120ea7de7c31af1377d916c61c5e3a492b5ee4db6918d8
9lkHG6Iccr87KYPj,1744450696719,5,1744450696719@PWA9lkHG6Iccr87KYPj,88e9367badd32bf072561a59efccd1d3cf5645545a356f974f28fd4675e3f07943da67446110e48d930e8455d55c4bae
9lkHG6Iccr87KYPj,1744429546719,23,1744429546719@PWA9lkHG6Iccr87KYPj,b26f1634589f2fc0f9dd975aa87b5598bb39086efb9219b6595c9763e6a795786ec80c1b7c3ce990a48250ec739d9e60
9lkHG6Iccr87KYPj,1744429562719,23,1744429562719@PWA9lkHG6Iccr87KYPj,02bbfbb757211bea5a63a64de4383892217ded60f021572df5f91d0c258e112cf70276e8efb188bdc3b7e702f4605226
9lkHG6Iccr87KYPj,1744441019719,2,1744441019719@PWA9lkHG6Iccr87KYPj,548948a1eeec9f0bc6c2adfc114c302072c5254a7aa375af54953ed1d41915bbef9e8e3a6271031b0cb24594a8a66a1b
9lkHG6Iccr87KYPj,1744458073719,7,1744458073719@PWA9lkHG6Iccr87KYPj,ddc6783862962d06b91308ebec5868d72579c7686d8b47da0259d30850e139ddbbd037d5d0cf0b41177fba7ec55b8299
9lkHG6Iccr87KYPj,1744475545719,12,1744475545719@PWA9lkHG6Iccr87KYPj,05ac761ff542d58b383f28beec9039cf8a570a07cf252d6376054333b0bc481d80ff46f65556880ecfa35d0933bd6abe
9lkHG6Iccr87KYPj,1744462169719,8,1744462169719@PWA9lkHG6Iccr87KYPj,bb99da29994e7fbeee9dfa2118c90cfee6c2741bde4f0f56bc96c0c6373563255f13f241e6e95005f1e2ee3109f05164
9lkHG6Iccr87KYPj,1744454563719,6,1744454563719@PWA9lkHG6Iccr87KYPj,8ebba7121a3fdb8398511fb04be74fee392da3f431f06287223e62530e40a30b8eb430f841e2e1c45a48bea5de476abe
9lkHG6Iccr87KYPj,1744433491719,0,1744433491719@PWA9lkHG6Iccr87KYPj,44764cbf7a0d2f665682888a64ab4e35fd33031dad23ea015db9b276e76d0224cee78ec33a866518af834fa1b79872fc
9lkHG6Iccr87KYPj,1744421478719,21,1744421478719@PWA9lkHG6Iccr87KYPj,8d9a40899fba1501d0c9e1259549c85f75d42ebcaf29373626649c05594e6e09d4f285d1de8331a0a50ea9a740231741
9lkHG6Iccr87KYPj,1744439281719,2,1744439281719@PWA9lkHG6Iccr87KYPj,d084826088677316e118467093dbaa3470f1f7d2869bb741c2736750b4de7e9cb0cdec13402d4ba2893a3f017664ea77
9lkHG6Iccr87KYPj,1744416877719,20,1744416877719@PWA9lkHG6Iccr87KYPj,52a80364fab4aab778ac41855835b300a71468ec04c1bd6e5209ee8c526d8f56be407dc84e5995fdcce3f6705dd3476f
9lkHG6Iccr87KYPj,1744443536719,3,1744443536719@PWA9lkHG6Iccr87KYPj,4613fd2dfe4f0eb0a41c1c5a2e8a821051d57b1ad1a64c75f4a86cdeb5634d953cd23e0b75aa494d959de4649114faa0
9lkHG6Iccr87KYPj,1744416826719,20,1744416826719@PWA9lkHG6Iccr87KYPj,951653c865ce0630fd7759a6fc41890c75ace71d54f1109ef278f7d25213ff0d737221810689c9474adcbe092c91f764
9lkHG6Iccr87KYPj,1744444589719,3,1744444589719@PWA9lkHG6Iccr87KYPj,d5e686be12b753a10a3c30022b85b8d688a3f18c01843e5b9057c0f98d8208074627c6709a05648342e1871bbb635af5
9lkHG6Iccr87KYPj,1744448106719,4,1744448106719@PWA9lkHG6Iccr87KYPj,e180e790d9918cfaf4ca64d4bd6f0269f73f1f8141bdfe9654f8ada5db48aff014e261751f5e6ed03944a2be56b17ea4
9lkHG6Iccr87KYPj,1744430947719,0,1744430947719@PWA9lkHG6Iccr87KYPj,450ea811c9f6509a17014738b2b3060c7a7e2874a881f391e63d9923eb6496f521b8d739df77233b8463ee40ea6f4271
9lkHG6Iccr87KYPj,1744468274719,10,1744468274719@PWA9lkHG6Iccr87KYPj,7187d110fc096c83ff96c54b74cc877892b0a8304be71a5ab3230625134a7b53a67f4f563242fa07b28ae9db4aa654b0
9lkHG6Iccr87KYPj,1744468192719,10,1744468192719@PWA9lkHG6Iccr87KYPj,5220a80615c0b56a41efbbab7e3f6140e31b4ea473bddaf8e2a03d25fc3974d957b4539f4d2aa80daa27e6c44c9a94b6
9lkHG6Iccr87KYPj,1744437150719,1,1744437150719@PWA9lkHG6Iccr87KYPj,27077597f9aea82b0d7f0fba8c5f6e7b6cb7391d1fea5d84b9ce92c2a782365a82232333ba3e3c7676f6eac469404f61
9lkHG6Iccr87KYPj,1744430495719,0,1744430495719@PWA9lkHG6Iccr87KYPj,548d043a98614e696542b2c584b78e87c82af13a9b93c299112a835734944cded3bb5510ab47cbd613964ad8dd1de346
9lkHG6Iccr87KYPj,1744482163719,14,1744482163719@PWA9lkHG6Iccr87KYPj,92125c8850fdad517ba63763ed2f5834620ee7793aa9e3f2b7e38fd058662fb7334b77263a8f15154dfef0ac4482cb97
9lkHG6Iccr87KYPj,1744452796719,6,1744452796719@PWA9lkHG6Iccr87KYPj,f79547cbf71ab400eb80e94b1fe7e8aef280d42f520121d9ac8ceafb6abcd671f759d60939f4347adf1af68c8536cfbe
9lkHG6Iccr87KYPj,1744426975719,23,1744426975719@PWA9lkHG6Iccr87KYPj,e876b6d1bb96095d074f40ee27c0463b40a820cf73c8799d84e17ff4d5d01aec30943e6e995fe79a2a97e6ed396d70b7
V8Mrm1YC1Iq890kf,1744480149719,13,1744480149719@PWAV8Mrm1YC1Iq890kf,5b32064e4ddadae310440e173daf9867a3ec2938f9acb425ae797b6c195ae5a0b1ddb9cba7151cca45d3ca0a7fe6549d
V8Mrm1YC1Iq890kf,1744460835719,8,1744460835719@PWAV8Mrm1YC1Iq890kf,b5eebd29db52942a6f07dc3fc65b203d4da178ba7208cf67e010a0cb9e1bc807c25446b4d18ab3d163eefae66203ac54
V8Mrm1YC1Iq890kf,1744461618719,8,1744461618719@PWAV8Mrm1YC1Iq890kf,717b44c487d4cccdbd9413b6bd5361e7d28aac8a0d6421c223b325753abb2841d819e867691da96a3dcfe919b69618f2
V8Mrm1YC1Iq890kf,1744471300719,11,1744471300719@PWAV8Mrm1YC1Iq890kf,01effeb36b848311c4a6cd5b9adf8f95d7c9bf7739f47b844afe9519dc4734afde80019c4c814b938ce9fc093ad5e630
V8Mrm1YC1Iq890kf,1744481788719,14,1744481788719@PWAV8Mrm1YC1Iq890kf,7e9194aff65f4bf593cb9434598baa5b9736117252881e07402ff12be00bc924c70e800850ab7af04821142f0a2728b5
V8Mrm1YC1Iq890kf,1744424456719,22,1744424456719@PWAV8Mrm1YC1Iq890kf,9141849da40d55ed7c2680337b809793ddcf05495d993c5fc2e64a4221d59cf1a53dfd8abcf1de44ebd76cd2e1edf8cb
V8Mrm1YC1Iq890kf,1744438309719,2,1744438309719@PWAV8Mrm1YC1Iq890kf,5025fc1ce824351b7c3b69b4cf7f8ece51712ff9c39dc79a8b1d7154afcbac55eb3ef15d8617a2c7096b3795fbc43483
V8Mrm1YC1Iq890kf,1744420803719,21,1744420803719@PWAV8Mrm1YC1Iq890kf,f0686282c99a52e699dbd50fec06052039fc6ce9e20e1357a7379ec04d766fed0809df362c78a03ece4444c854a4179a
V8Mrm1YC1Iq890kf,1744430060719,23,1744430060719@PWAV8Mrm1YC1Iq890kf,93ef36b24b68fe45cde5fce348829235e5f73aa19d98bbfa04fdcbb6a0a8b0f6cab03cd8576bd64ada49716776fa8584
V8Mrm1YC1Iq890kf,1744441866719,3,1744441866719@PWAV8Mrm1YC1Iq890kf,85cc6099a6e11dfd18a88c4036730c626c7c777fab6a3ef4c2fce7956524f38956eb012cd79fd94d4df37c68206bc739
V8Mrm1YC1Iq890kf,1744429535719,23,1744429535719@PWAV8Mrm1YC1Iq890kf,f15a4ca529cd3b976aba050a7098957a787388c8145f75389a9efcc6909170b3c9b86624824c483d0f08bf0b5aa6290d
V8Mrm1YC1Iq890kf,1744458908719,7,1744458908719@PWAV8Mrm1YC1Iq890kf,9cc48feedcde8edb95043ddafde32ef7f0c10818b761b486d204b2daff448672f5123f07eb90ef5db1b7a02a7fe901ed
V8Mrm1YC1Iq890kf,1744465976719,9,1744465976719@PWAV8Mrm1YC1Iq890kf,94522670af455812f0f55eb91692d3240d6e1c7869c010d688e753509335fe4576f40eb6de20667e4557aee11d891734
V8Mrm1YC1Iq890kf,1744444789719,3,1744444789719@PWAV8Mrm1YC1Iq890kf,0772761a50893310885b87dd75a18bc87a137fe32c3f757b8ddb8f558fcde7aaba86fd3bdbd7667b1e140a0c86b3f7c5
V8Mrm1YC1Iq890kf,1744484292719,14,1744484292719@PWAV8Mrm1YC1Iq890kf,c137ddce3c912d1b14df4c822242d36dac2331ff76acc253185c7dd49d5fc504bd3d772bad9d65ca0d2305677d578d20
V8Mrm1YC1Iq890kf,1744469988719,10,1744469988719@PWAV8Mrm1YC1Iq890kf,387d3bbd78b8db4bde4bfbe5744d1a15a35a559bed57e5464ec9f05bc9871631e375a928b09e837d5093e95fe1b405bd
V8Mrm1YC1Iq890kf,1744430049719,23,1744430049719@PWAV8Mrm1YC1Iq890kf,780db5c582b896d9b45be4db5079d1b7adb7dff8372ec4dc6c81328600f2406c14f8b0e9590225a838ca86e74c85026a
V8Mrm1YC1Iq890kf,1744424920719,22,1744424920719@PWAV8Mrm1YC1Iq890kf,b81555a0b9fc82ba3fbdd19409fd09f075b716ef2a4d5d3863d8875d284eb6b5298dc3467a486cb6ce4de186c855b460
V8Mrm1YC1Iq890kf,1744486719719,15,1744486719719@PWAV8Mrm1YC1Iq890kf,3e71ce85a725a1b67d65bd8ddfdaf10dde15058443452c8b4111b5e7d1ea0e982b4abbb230d10ea7ca949e4258076285
V8Mrm1YC1Iq890kf,1744485950719,15,1744485950719@PWAV8Mrm1YC1Iq890kf,4693f86b411a815b39d0853d2202a7ab36ff71e678b0feec4a37792781a57afbf15bf491353178b8f04589cb71ecb9da
V8Mrm1YC1Iq890kf,1744419987719,21,1744419987719@PWAV8Mrm1YC1Iq890kf,76accdaf926f9079f6eb070b912b10ed88616630e1a10a76458d3e14b14189afbce8d62f77f1d2e402848ea03777f059
V8Mrm1YC1Iq890kf,1744478550719,13,1744478550719@PWAV8Mrm1YC1Iq890kf,4e04f7f5fd7d93dca10e757899b58d7797952343fb6c2870324a44dd98b65189ded7741f809dd8622f7119b8214911dd
V8Mrm1YC1Iq890kf,1744473729719,12,1744473729719@PWAV8Mrm1YC1Iq890kf,f2ceefa120f28785a4d4fd0abf1e93acd11e47fd1a80fb96cd3f21d680c9cfaff0e2f0d7828ee3563e7c585148ab4627
V8Mrm1YC1Iq890kf,1744424772719,22,1744424772719@PWAV8Mrm1YC1Iq890kf,5ac1e236232b8cbe2d678e67d3820bdfed64e6d55ee7575f0280ea7e94ed58a8762086dbbb078562769a446f45167f76
V8Mrm1YC1Iq890kf,1744425364719,22,1744425364719@PWAV8Mrm1YC1Iq890kf,fd65bae24c78d46ef37be3c0a7a3a223805dd82dbd89bfe21a94a32fe45ece3570ec6b66d3da6282ba7ea845797c39d8
V8Mrm1YC1Iq890kf,1744440173719,2,1744440173719@PWAV8Mrm1YC1Iq890kf,9d79bc5bee4b34d30811c3800aff39ebe5212bcf8ce7f1386f10ce76ebc800b77b58e3997dc7b2bc8f82c1d02472c53c
V8Mrm1YC1Iq890kf,1744476571719,12,1744476571719@PWAV8Mrm1YC1Iq890kf,8f49af6a225e655f9ca75bfc65e44c416136edfc337136f2694132618a01444dcf374ba7892cdbd5ffff933e21cf19c8
V8Mrm1YC1Iq890kf,1744479304719,13,1744479304719@PWAV8Mrm1YC1Iq890kf,09839cdb556134eadaeed5cbb629bcc490d27e0311660770ea549f0284c0d8c71b6486c00e2a739a853cebabb9ba4122
V8Mrm1YC1Iq890kf,1744465084719,9,1744465084719@PWAV8Mrm1YC1Iq890kf,fc0197b2f687638c7ad5c4b64ae46775a851874b4b6320c558a4d357ca0a8a16254010e5ca406005ee4043d355a59ee8
V8Mrm1YC1Iq890kf,1744467793719,10,1744467793719@PWAV8Mrm1YC1Iq890kf,d65b2673b277c2c327d50c63fd0118aac2b4c2b9d2e63be89ef5f74d7e1bfddc1653e83c5a417bdfce64ab27da825dca
V8Mrm1YC1Iq890kf,1744440132719,2,1744440132719@PWAV8Mrm1YC1Iq890kf,550d09cfa98e33ced8eb7439f6db9b47d8fdbeb1bcb5b971fa68121ae9979b08baaabb1da7b554667c12cd0f9f1ccc75
V8Mrm1YC1Iq890kf,1744416165719,20,1744416165719@PWAV8Mrm1YC1Iq890kf,36f6d00f0fc4a55cb6f30bcf775ecbc06b428b75229050ce25c39ddd97ab256a50d919d200670e237f0c433fc98e1bb8
V8Mrm1YC1Iq890kf,1744440867719,2,1744440867719@PWAV8Mrm1YC1Iq890kf,a967ed9690614ce9767bfcb593f61690971a8a502c37df0c5399aa9a83093ad09baab0e8c2f6e02431199332a94991be
V8Mrm1YC1Iq890kf,1744442365719,3,1744442365719@PWAV8Mrm1YC1Iq890kf,2e9046a5acde17c264b71a7561000ceff84368d1a19becc4832ad3cc9bd5d2ab5bcbc574bc138b5ee8846bb3daadde7e
V8Mrm1YC1Iq890kf,1744446189719,4,1744446189719@PWAV8Mrm1YC1Iq890kf,c9b342aef834435441b5d2b630708599e46f14c9de73523193d62845ce66924725bc430b946618c7fb97e8d0c0c64ceb
V8Mrm1YC1Iq890kf,1744481326719,14,1744481326719@PWAV8Mrm1YC1Iq890kf,d056139ae4dbd21c0e541b85cb8cc8b10a39baa5e71a3c3cda83c66bc730d59b5a5ec21e506bf7fe8872adb1dd12e7b5
V8Mrm1YC1Iq890kf,1744471524719,11,1744471524719@PWAV8Mrm1YC1Iq890kf,6eaeb27aab53a0e43dd1c6eff280d065129494debaa9f9727172487203c2e7ac6c4176cb8047990b6fb398359841aad5
V8Mrm1YC1Iq890kf,1744453505719,6,1744453505719@PWAV8Mrm1YC1Iq890kf,b13f9e477e670468d31084652bf34b9b4ed18dd364ffbbba8fa1b0e15bed7cd86c4d5d40e8fa18226704576f9c6b5fad
V8Mrm1YC1Iq890kf,1744436030719,1,1744436030719@PWAV8Mrm1YC1Iq890kf,4afcb438871a9a6708c09b2dcb295cedc68fe74a4814177657298a677774921c1820232ec2683c47c190f6e053bcaf0c
V8Mrm1YC1Iq890kf,1744425950719,22,1744425950719@PWAV8Mrm1YC1Iq890kf,ca2690ece8ba531d3f4dc0cc7c0185e348dbb1ee0416a589781459d2ea8b823b9da4b94d54481b38e9dcb8439240d3e3
V8Mrm1YC1Iq890kf,1744421642719,21,1744421642719@PWAV8Mrm1YC1Iq890kf,3f6ea2db142cc18067afd55c315befcfe25103dd991e3f08a1f7f70393bd05b4ce78937f2475897728bfc4bbb7544356
V8Mrm1YC1Iq890kf,1744437722719,2,1744437722719@PWAV8Mrm1YC1Iq890kf,f654cea7cd1a64c925123a0e51e22d432f4d861325c974a6862b43bd10b11c9c1ee0af49edad6df299201b89191645e4
V8Mrm1YC1Iq890kf,1744437249719,1,1744437249719@PWAV8Mrm1YC1Iq890kf,3154982a8743e89cd804b8492ede0305f6191f0408e45abf9020116b41d8a16f078607460fb989a499d56631cf4c28d2
V8Mrm1YC1Iq890kf,1744487048719,15,1744487048719@PWAV8Mrm1YC1Iq890kf,593f5b429c0f67f879fd18aa6492d7b801ee9023e37846173e4984a3b4bb77376d912f4cd3456138dc4c4dcf9cdcd029
V8Mrm1YC1Iq890kf,1744461718719,8,1744461718719@PWAV8Mrm1YC1Iq890kf,d2964cfa1fcaba1ac3f0dcbef65c25623526e020af6be9f59988ad41a8cb2de9dfce91a099387bdbfea52209f28fba9d
V8Mrm1YC1Iq890kf,1744438249719,2,1744438249719@PWAV8Mrm1YC1Iq890kf,ce231f1187a59eafb6a76f5480c8d4d62427272c8b1227c366881e3839aaabbdfb7cb6462682a862fbf0593546edbcde
V8Mrm1YC1Iq890kf,1744484843719,15,1744484843719@PWAV8Mrm1YC1Iq890kf,49a5a493b381816efb4550e1d2addd1716fc1c26512bab3129e0c28c1a42e4d4f49f27129bb15930abf9bc1495e0643d
V8Mrm1YC1Iq890kf,1744457541719,7,1744457541719@PWAV8Mrm1YC1Iq890kf,805240a12b12d3fa5ebe692c627f049c65947be7911e7a5c4d28459b679839cb1fc04c5ce2bb0d7344e0feace35c9e61
V8Mrm1YC1Iq890kf,1744429503719,23,1744429503719@PWAV8Mrm1YC1Iq890kf,fcfaa7a3d216232bab4231835e09a52847390375a3aa8f9c23c1a24f5c68d8fcde9f4374c2c9caf5d51a8ba6c755cb7b
V8Mrm1YC1Iq890kf,1744418085719,20,1744418085719@PWAV8Mrm1YC1Iq890kf,f8cd9766da523e6f91edd8c9b5bad0e143a4c88ade13969d4b070af4a20fbaf8f719fd75f8038332e419d1757d2b51af
V8Mrm1YC1Iq890kf,1744444321719,3,1744444321719@PWAV8Mrm1YC1Iq890kf,0c13e8eeef82454e65fcd5dadb4521614827d6f7325dd50009b93379e54851f0bf185d065a89bd17eb9acf0d5749cd8f
V8Mrm1YC1Iq890kf,1744435844719,1,1744435844719@PWAV8Mrm1YC1Iq890kf,49e0c9dfaa38667cf15df5ac4ca3459f6b9b7738fa965c61aa73911c66d26461f9a0720496bee395f18c1aaf51b4cefc
V8Mrm1YC1Iq890kf,1744486063719,15,1744486063719@PWAV8Mrm1YC1Iq890kf,24788c34ed1d9db19f1074e12047aa256d8c89ad03cf7b3e3236e66fe3a096ee142544172834ce01674113042024af35
V8Mrm1YC1Iq890kf,1744441637719,3,1744441637719@PWAV8Mrm1YC1Iq890kf,7bc94a591cdb5cc754dc556194ce9d3c065a09fa41b5f8fa0582adf16ea86d89d0df0dedb6270412270039a338759dc2
V8Mrm1YC1Iq890kf,1744419538719,20,1744419538719@PWAV8Mrm1YC1Iq890kf,be80f33b2e6587ae887f7ba22fbc76eb08992de8a6c5c066d096fe54773ccb6bd5fbf2a32003c54600118e1fb4929909
V8Mrm1YC1Iq890kf,1744426195719,22,1744426195719@PWAV8Mrm1YC1Iq890kf,1e4db4f30de33d6cce43986dbe62148a1bcd73da8bb345ddba4915800a72774ac52c0d21f483037cab45abf91d4935dd
V8Mrm1YC1Iq890kf,1744459976719,8,1744459976719@PWAV8Mrm1YC1Iq890kf,5b0de35e998b57f727d25f59bbe05ea8fe0f2dbb717def0b649442ec77033f328c10d50e356515408dcb5204a9fd8cdc
V8Mrm1YC1Iq890kf,1744478385719,13,1744478385719@PWAV8Mrm1YC1Iq890kf,87edd35a75f5b04e3d419d6268e255ae57829343d53274d53f44c2a8e38bef351f9a09b7584dd4dc9aa99da229c7aafd
V8Mrm1YC1Iq890kf,1744480411719,13,1744480411719@PWAV8Mrm1YC1Iq890kf,6b7e61cb73d1843a99c35a3255dd13c56ccd0a015bd46a8ec1c588584580ae0a0a907fab0c2e0c6a365183a6fa53035b
V8Mrm1YC1Iq890kf,1744448589719,5,1744448589719@PWAV8Mrm1YC1Iq890kf,e4a7cdc685a9ba1c9ed317b66a65776ca08d3e70587600745c4801fd6399e307e93c0b5ad704d4bb354a4361949c0b4b
V8Mrm1YC1Iq890kf,1744463713719,9,1744463713719@PWAV8Mrm1YC1Iq890kf,07cb1e832c2c475b91866f5af0116b21305aeecb0cf0801bc7bf329eb5390fc531f49f470534aa836b24ceb975acb585
V8Mrm1YC1Iq890kf,1744442218719,3,1744442218719@PWAV8Mrm1YC1Iq890kf,34bab589b35887fd3000999ee3aacb3939a962d71fd8cd9190610ba5e247f21994585ba18eff0b370cbe3b0641637104
V8Mrm1YC1Iq890kf,1744420720719,21,1744420720719@PWAV8Mrm1YC1Iq890kf,cc65bd8d059c935a28a71b98ed5f9769a206597e48a5010c769c11ed14834abfc52ad91339f857e5014f66aec600b31e
V8Mrm1YC1Iq890kf,1744478009719,13,1744478009719@PWAV8Mrm1YC1Iq890kf,db6cdf5c3e8677b47ae4ea5bd83a7932c8a369b8ac84fbbac3da4a44f4829b279e126927bdaeda9202c5b2095e5a107a
V8Mrm1YC1Iq890kf,1744430947719,0,1744430947719@PWAV8Mrm1YC1Iq890kf,450ea811c9f6509a17014738b2b3060c89d3a586116e0c7fc502b0118d5404d58fa2910141a131c26bee99399747b1af
V8Mrm1YC1Iq890kf,1744455974719,7,1744455974719@PWAV8Mrm1YC1Iq890kf,8aa2322bfe7f542790a45f6bd4df4700dd1b3aed18739f45c1d4ce26786fe7b1afeac3ddd22dfd54daec01d1bec997c1
V8Mrm1YC1Iq890kf,1744478455719,13,1744478455719@PWAV8Mrm1YC1Iq890kf,8e828f1bb6a5c7d97b5d7ef2836c52aef98766ddae4067cc9e2024da027866a6fc606cc66d9bb5af77a9b2f5f43e3f8e
V8Mrm1YC1Iq890kf,1744486852719,15,1744486852719@PWAV8Mrm1YC1Iq890kf,f0c9f17ec8fb9437e4e4ef3f1f7506e28a14d983e244e11406a2365eb0297e77a6bc99f4cfe0994283f678f26df4b9b1
V8Mrm1YC1Iq890kf,1744471572719,11,1744471572719@PWAV8Mrm1YC1Iq890kf,070d135ece0c85b1876663f41387d1405f0c880fd4c6164806c10873c5716457332b345332d711057b97708279245f02
V8Mrm1YC1Iq890kf,1744431548719,0,1744431548719@PWAV8Mrm1YC1Iq890kf,75e0131ed6b7b0e5d414571a3a46bf5dfe90f2e0a10ae3b12737fabda67d664442126a96b8de1c8ea2e98a8154de8533
V8Mrm1YC1Iq890kf,1744454422719,6,1744454422719@PWAV8Mrm1YC1Iq890kf,a4416e31d6511e2c99ec2e7dd99cee081f31e8d4214841102796241c33ac4dcda40a182bed365e38bd088e360f82168d
V8Mrm1YC1Iq890kf,1744475445719,12,1744475445719@PWAV8Mrm1YC1Iq890kf,7909930cdbf738d3497a73058134ef4b04579200d73750bda4d0413d531ee90d9f8fa2e2a9c5ab899c402a1830d41ffe
V8Mrm1YC1Iq890kf,1744432660719,0,1744432660719@PWAV8Mrm1YC1Iq890kf,766d0edf44b7309b914cde70263fad0b5531793b4f6a53c3f85044d72fac71ec2e6116174a3534c3b996f304d736931f
V8Mrm1YC1Iq890kf,1744471438719,11,1744471438719@PWAV8Mrm1YC1Iq890kf,d57b77406da74ea72d83b8f55cee6742c4b05556f117c287f4e85fcb6f0a256c0a2841d3d538e945a209226be69beff5
V8Mrm1YC1Iq890kf,1744439037719,2,1744439037719@PWAV8Mrm1YC1Iq890kf,2e23ad21eb81fa36d34eac644e71218ac31332967bbe017bdfd09b68633afbb95e4f84b5745523712e6bc1cbfebec4c3
V8Mrm1YC1Iq890kf,1744424156719,22,1744424156719@PWAV8Mrm1YC1Iq890kf,ba9b1a7febbd54eace5e73985d0b049056d78ffc81c22af57cd24d79f543d649feef3d08685ddd2c7dff3c5e0577103b
V8Mrm1YC1Iq890kf,1744430534719,0,1744430534719@PWAV8Mrm1YC1Iq890kf,b6fb3ab9cf91f466186add6793a929ae9b2af3d44fff3ef826bcb6dca5574e945a85d2d7bb4c1932b828194c4e6fc37f
V8Mrm1YC1Iq890kf,1744451332719,5,1744451332719@PWAV8Mrm1YC1Iq890kf,184de39800da36c4ad7f22f72cada5ecd1a7bd669929dcda3007132c288f96f72a694cfb4033da398d384480ed542fb2
9lkHG6Iccr87KYPj,1744433188719,0,1744433188719@PWA9lkHG6Iccr87KYPj,78089ea810b55aa20d9fee12436ce11c33c8977ca6199f9a7e1d0106afafb0a55cc975afa978669b932be96b195eeb97
9lkHG6Iccr87KYPj,1744434657719,1,1744434657719@PWA9lkHG6Iccr87KYPj,23d2784ed2cd3a861b2a8ca89cb3d7ee8e8227b53bd05d70b31e8d3a44437470ab77f9d56a400affba10f612c4062159
9lkHG6Iccr87KYPj,1744421238719,21,1744421238719@PWA9lkHG6Iccr87KYPj,64f69bb0fcaee73b4bb728d480ad12252619b4c8f1f86b20f86fc778395b2cf236656ee01c1b676bcf51546dcc909b9e
9lkHG6Iccr87KYPj,1744433915719,0,1744433915719@PWA9lkHG6Iccr87KYPj,6b8081f35ba71dcc6b38bc2d31c3b6ea8f048484a1e481af3464141916f25190d6e43c3d45e75b8f676895ffd9adb79e
9lkHG6Iccr87KYPj,1744441282719,3,1744441282719@PWA9lkHG6Iccr87KYPj,4d08cf203250cdd531610c1f94e5e8d4df0046976ccc6f0035347b1619dc17bab6db665e27259dd546fcff0e60f3c953
9lkHG6Iccr87KYPj,1744438075719,2,1744438075719@PWA9lkHG6Iccr87KYPj,82b54ccc75c2eec515296e71e9b44b7ce755c0eb8a9bd6dea81db37d9d0a486d28db9b76885100c0beb065089f3f538f
9lkHG6Iccr87KYPj,1744462059719,8,1744462059719@PWA9lkHG6Iccr87KYPj,4c7ee70446533dad57a4a961bfa5173c848cd569fb61fd6bce62dc32e1f067d2be8198fe9b60df3b494f589024493d72
9lkHG6Iccr87KYPj,1744474848719,12,1744474848719@PWA9lkHG6Iccr87KYPj,d76996b450062dc0756997945667c6d28bdbd5d3a394c0143b9fe8d76e3ddda7b665ebc80abd762af4be161400208c4b
9lkHG6Iccr87KYPj,1744472834719,11,1744472834719@PWA9lkHG6Iccr87KYPj,2f8cbca7ea58bb784ec6359d959481d7f05289109f9661fe5dcd8d2f6c38df3802194b5e36d646f591fbeccd254901c6
9lkHG6Iccr87KYPj,1744422651719,21,1744422651719@PWA9lkHG6Iccr87KYPj,0686458afba52cd77cb8689a5e5f51d361ad3bbcd6d90d13bbd2237674dbbdd78be3212066d111de0b76b940c6e8a191
9lkHG6Iccr87KYPj,1744431451719,0,1744431451719@PWA9lkHG6Iccr87KYPj,c803c7358b252a38d04edbcbebe568eb0ca98478c50c87c89c077edc19041c0fb20f478cc4d508376e9fc2a3aee10f63
9lkHG6Iccr87KYPj,1744426620719,22,1744426620719@PWA9lkHG6Iccr87KYPj,96575b7851df19b15b4a034d0b76a4a57385dd031040e3cffd3635c810aa2ac851663d747c6565f6c7f4a8922ee752f1
9lkHG6Iccr87KYPj,1744455861719,7,1744455861719@PWA9lkHG6Iccr87KYPj,a15e4d7c18f5f4ecc9f2204c18bb8453134c3724f764073625fcfb97de9eaae133d084f1dec01b3648d5272aae7ede82
9lkHG6Iccr87KYPj,1744435217719,1,1744435217719@PWA9lkHG6Iccr87KYPj,22389a48128e383c71ace1f98b114abd6446bb9915dfaa551089c1e2249aa9e2ce895ec24d2c87a1f92065079c725bec
9lkHG6Iccr87KYPj,1744433551719,0,1744433551719@PWA9lkHG6Iccr87KYPj,944a4eeb1bb93a1a10c947c3cb02042af5ce79b6dfb0b4546fc25b99082a2d80a82a404c43d72db91836a82014e0c6cb
9lkHG6Iccr87KYPj,1744444805719,4,1744444805719@PWA9lkHG6Iccr87KYPj,e8935360613e9c7c1201bae35d629d8156bb3587ac28651aea9aaaabec465f52e73fb40df2a94a40578c51f2f850183d
9lkHG6Iccr87KYPj,1744459737719,8,1744459737719@PWA9lkHG6Iccr87KYPj,1d0b481247111243483cfbab22ed4e0749cc4a19c24873a5c3e0de9e587755a1fbc3f41d06f4bdffa7864cfcff199191
9lkHG6Iccr87KYPj,1744432450719,0,1744432450719@PWA9lkHG6Iccr87KYPj,17f1ab505b616a34449072525dd0082670d32355a5680a50e11c6a7b2793a703b0829fad7806829ef1bd16b15b162c6f
9lkHG6Iccr87KYPj,1744483316719,14,1744483316719@PWA9lkHG6Iccr87KYPj,10fcf5ef1b5bb6a4dea01459308a63c1ece2233bd9502007111920321b763042808387fa6f8726028860d94f151f3610
9lkHG6Iccr87KYPj,1744482651719,14,1744482651719@PWA9lkHG6Iccr87KYPj,747221f8d9be7f5f335fb8e04515f518f36d08c146816b278155585bdda274dba43affd740644325f818170512b1eb7d
9lkHG6Iccr87KYPj,1744465044719,9,1744465044719@PWA9lkHG6Iccr87KYPj,cef3ea8355b5776bc4d29e7d8285a5a8fdcc631f6bd984e53217533c6d0eb5c2a28b078eaeac1ab4b5578c5c6b8a271f
9lkHG6Iccr87KYPj,1744478493719,13,1744478493719@PWA9lkHG6Iccr87KYPj,262e2f7d0a2c4c55c1a1fd272581c5ba577fc159a9cac5a7313cbdaf669f570a5fdf0b1b62c3b3d076985e92500d57a1
9lkHG6Iccr87KYPj,1744455619719,7,1744455619719@PWA9lkHG6Iccr87KYPj,0bf0fcf2aec3153290cf2ab87357e441e5e591ece1b9e19f2c2e568a65cc5bd08e2c54abf85c36971cf7b88bd8fe7e34
9lkHG6Iccr87KYPj,1744472244719,11,1744472244719@PWA9lkHG6Iccr87KYPj,b14eb4634a10a84c2ba5b263e2ced17e2e456935fc7782c5f787b386aa7050dcab202f49daa6c131f4ace8d3db8be87c
9lkHG6Iccr87KYPj,1744450683719,5,1744450683719@PWA9lkHG6Iccr87KYPj,15e73bbc8b9b95b393f8663db0176745a70b3e54559deea1ec7347f078b365f41b8bd8ccca07dfb9df91b43989102a08
9lkHG6Iccr87KYPj,1744433998719,0,1744433998719@PWA9lkHG6Iccr87KYPj,86243808aa3bc88edad9e66dfcff4e258fe685804e795fc2c64d461a1e7b59c3c871ca9317033bcfb7ffc17b6c696aff
9lkHG6Iccr87KYPj,1744476515719,12,1744476515719@PWA9lkHG6Iccr87KYPj,d36c616eb7e2c8ecf17ec045c4e6afbda3fde3f05768bfc5d20d0bbc9a6839aa438628ac3a7deb5c0ca0b129a2829479
9lkHG6Iccr87KYPj,1744466097719,9,1744466097719@PWA9lkHG6Iccr87KYPj,263de18556fee59e949c43143b1685d10a4a75641b4d09cce7be95fc0bb606bc8bf604825a1ff5b9cbeb96a59da5c784
9lkHG6Iccr87KYPj,1744421673719,21,1744421673719@PWA9lkHG6Iccr87KYPj,8edab096ca1d4aebf0ba535f9174265a221ee1691f73403e4f53a52acdf02fc6ce5f5e0fed921b3873dc10a65d57a326
9lkHG6Iccr87KYPj,1744421672719,21,1744421672719@PWA9lkHG6Iccr87KYPj,9477bd3452906272e51bd3093f4ec995b7f5f1a3b94af8968ec3abb1336cb9208d32d9e565746438c6dcd67a05650639
9lkHG6Iccr87KYPj,1744440637719,2,1744440637719@PWA9lkHG6Iccr87KYPj,eceb3aa927fd1d83e2102588d4c28c33fe33e2c874802dadabaee63ecdc98121ae0f95869fa28416588d6cba1a9a9942
9lkHG6Iccr87KYPj,1744450610719,5,1744450610719@PWA9lkHG6Iccr87KYPj,dc0a38fa41f783d3eb5e65b7a7503b4caccc1a8543560e0dfa3232ddea35a76048b48925ef592be7ba5019d40bda2930
9lkHG6Iccr87KYPj,1744445847719,4,1744445847719@PWA9lkHG6Iccr87KYPj,863524881d81a177eb2e75cc6c5cb7ad6398a0f15c5c74c5e2304e1caa818a2f6ee974315d44bad5af5ff4684a45ae35
9lkHG6Iccr87KYPj,1744421952719,21,1744421952719@PWA9lkHG6Iccr87KYPj,beaf30fee8acf81bdc0ff0db0cec5e5b5939d4567dd4999c9f519874bd26e560d7df393e84ee3424c6fb6c546d9138d5
9lkHG6Iccr87KYPj,1744421506719,21,1744421506719@PWA9lkHG6Iccr87KYPj,1f8d55c6e6ef4e706cc8ba2fb6f1966e05d52d5479bd849042510dd976b1c72a664c56f2046988483376361a0131c686
9lkHG6Iccr87KYPj,1744472653719,11,1744472653719@PWA9lkHG6Iccr87KYPj,6a443f13d29e7da30009eddfb8a548aa72b3ee0e6f1e3a219cdc604c3fa35eba91e72086971c00ef25a4981f4cc34418
9lkHG6Iccr87KYPj,1744453114719,6,1744453114719@PWA9lkHG6Iccr87KYPj,723ffe0b5054096aaa85bd30a95caa6634fd8dfad15a68c1eb0baddabfcdf59c8cdb7a14aac8b3143e5f8d3e06c91ccd
9lkHG6Iccr87KYPj,1744428544719,23,1744428544719@PWA9lkHG6Iccr87KYPj,bd79cc6a2037343656b24bdd3853654e0088275ada52af821252b509f080f87fd920e69912067a8ceb41d75525fb7dcf
9lkHG6Iccr87KYPj,1744454089719,6,1744454089719@PWA9lkHG6Iccr87KYPj,bdc9d6e4f32d8bfcf8a541a8bb2583c3f46fcc426fc7e9b7ae96fb7951bb342a2af1c5d5f30f71e40c30b94aec993f6b
