user_id,deviceId,timestamp,hour,rawData,encryptedParam
1,IPgtCz5whJjLnI1j,1745025741713,21,1745025741713@PWAIPgtCz5whJjLnI1j,699a51b4d26c1d04da431b20ffbb11b460aac51dd43de00625074269342999642bdbed405c007cbe05e2e88dffba7285
1,IPgtCz5whJjLnI1j,1745024945713,21,1745024945713@PWAIPgtCz5whJjLnI1j,fee0ed5004df064a84681087d7ea185711e797237b1e9aaf0a056009d9e9628f09568b4831f2c4975b5200088f4bcb6a
1,IPgtCz5whJjLnI1j,1745026506713,21,1745026506713@PWAIPgtCz5whJjLnI1j,f249d8d097c0be9f479ba523976e9f40cf89217f316a459703cb42485e7f06bb7d1a32763689c0df34c13a70b4a5f75a
1,IPgtCz5whJjLnI1j,1745017390713,19,1745017390713@PWAIPgtCz5whJjLnI1j,90fa271d84ac3003b73c66664de637b0cfc988e1a38910c8baa5635d05da55530391826b1c50bf5c0bd12220507c0d59
1,IPgtCz5whJjLnI1j,1745041808713,1,1745041808713@PWAIPgtCz5whJjLnI1j,31496b5ba4a0e58b5db039429a7364e5ccb3005832e26ae2a5987521693854acf812b3986cc03ca4cb47c22a1d844edb
1,IPgtCz5whJjLnI1j,1745036358713,0,1745036358713@PWAIPgtCz5whJjLnI1j,3b40de8779f3c08954a61a446a4b12f964d7c09c5af9c287b83f3765c70cf31243b1c86de128f859ed871c60e240f4a7
1,IPgtCz5whJjLnI1j,1745007578713,16,1745007578713@PWAIPgtCz5whJjLnI1j,0ee35104c90a6ccedec421879c4f9cabc09a3e2f927335d26ecfd21ecd8cf509224d39ced86b68393e456a5336925ee6
1,IPgtCz5whJjLnI1j,1745016210713,18,1745016210713@PWAIPgtCz5whJjLnI1j,ec8be0806cdb393246f74eae9f696a63b3ece1665fc6ed74d0742843801d951d0516561b39b8a3e2f8515a0d6ed98642
1,IPgtCz5whJjLnI1j,1745033164713,23,1745033164713@PWAIPgtCz5whJjLnI1j,215ca1773c8815f4df9095a4dc638c60dee0212c7be336594c5e12323f7ab4e71b47a689454bbe702d43ac81b351cb6b
1,IPgtCz5whJjLnI1j,1745034144713,23,1745034144713@PWAIPgtCz5whJjLnI1j,0bfebeba1a715525a0dfc0d52263a35d524a228818d209d513e0286cdbb3124a280386e5dca4e666a22803bcb77b20e5
1,IPgtCz5whJjLnI1j,1745065364713,8,1745065364713@PWAIPgtCz5whJjLnI1j,6f2fa83b01bda171ace70bef8c01951ac02741ae2f0cb3aa6965f46787f17bb02cf6852a0017497f5fcb9153604e74f0
1,IPgtCz5whJjLnI1j,1745047498713,3,1745047498713@PWAIPgtCz5whJjLnI1j,76d9df2de57be9836e9831beab8226f13f87dafe6a7b3a68a39f1854fee29bc3d1f2a9cf650363ca7b09ae96cada8c22
1,IPgtCz5whJjLnI1j,1745074472713,10,1745074472713@PWAIPgtCz5whJjLnI1j,cf0a916a4709017704506e37ea2db4626b9f3d0584ef46b5b00c0de4be0c3c92bd655b35d42abc63632d91419b1ecf5e
1,IPgtCz5whJjLnI1j,1745017290713,19,1745017290713@PWAIPgtCz5whJjLnI1j,896043c9d18d5c42edb142c7879fed51a64d64a44adb830157ae2de1a75c55615c423cf19186017dcc8fa96b4236ccb6
1,IPgtCz5whJjLnI1j,1745056792713,5,1745056792713@PWAIPgtCz5whJjLnI1j,ad3fe0b2dc77e649fb7a371e3196de29a51c74c79eab4df1fc8e03608d7255637153b2d605e1f7ed860d58cc8dd6b82e
1,IPgtCz5whJjLnI1j,1745053363713,5,1745053363713@PWAIPgtCz5whJjLnI1j,d0e58e7c749185157d56d335e9408316d135a67bb671df871dfecfa76e7955797829dbeb967404fb7ed66180bc8a936d
1,IPgtCz5whJjLnI1j,1745064290713,8,1745064290713@PWAIPgtCz5whJjLnI1j,a052f24ef41e2dfa96e64ec614b8b0ba0935df79839e35367a5e3cb59f0cae5df831091ae0b4531429435878e8ee566f
1,IPgtCz5whJjLnI1j,1745044925713,2,1745044925713@PWAIPgtCz5whJjLnI1j,304c93f9f5b4c73096b21e007b0f9c06d9070886a4f827c0a37d1620564acac7ef256b1a9ed324c0e134de25c24aa8f9
1,IPgtCz5whJjLnI1j,1745009912713,16,1745009912713@PWAIPgtCz5whJjLnI1j,28a45470bcd842ae3fd31e24ea50dd06e3cfa9f2d077e6abd561bccc5be7c3f3d826a89243475155edee0dd05a35e678
1,IPgtCz5whJjLnI1j,1745009863713,16,1745009863713@PWAIPgtCz5whJjLnI1j,513ae258423e2261e43408e7de3b2e3730b7a5c129154a13a3cd54bd9c11d65ab9ffb6c28346d8f6a5a38bc36b296dca
1,IPgtCz5whJjLnI1j,1745034616713,23,1745034616713@PWAIPgtCz5whJjLnI1j,16908e035d8eac2c690b095d7e639b64608ecd4b3c435c4c069567b2969c7c58d540d5d50b42dcd23529b35471108364
1,IPgtCz5whJjLnI1j,1745073179713,10,1745073179713@PWAIPgtCz5whJjLnI1j,71cf9d9c091365d8664cfe2519831710b7a0467f5ae3f77f346a70215f70e7bb0b42b91334d5cd0347b2d2c3ba1e3cf5
1,IPgtCz5whJjLnI1j,1745038431713,0,1745038431713@PWAIPgtCz5whJjLnI1j,f1e4c2a2ef2bbf90b7557e770889c40a9cb2ebbaa5dd2baecfd9dc9d78850c2b1df5b08050287100cd88e51ea9459369
1,IPgtCz5whJjLnI1j,1745026640713,21,1745026640713@PWAIPgtCz5whJjLnI1j,ab8de7c0b44c91dd8dce301e18330d22c52d12fe186dc349b4f5e55233de652d357bacb20023f54ddd3b68a14567d6d8
1,IPgtCz5whJjLnI1j,1745018672713,19,1745018672713@PWAIPgtCz5whJjLnI1j,e7eb16a65b7606e2073617627b9585a8387ff30d99f78ee4f704c9c219fd182704b60fcbaf30cfddd73aba4aba886d62
1,IPgtCz5whJjLnI1j,1745068886713,9,1745068886713@PWAIPgtCz5whJjLnI1j,c1143596979430535afda4a07e7d1fc2eb3c3c02f2d6f99c43a07a2326da893a061212779ae68661484e937cc2eb8907
1,IPgtCz5whJjLnI1j,1745045040713,2,1745045040713@PWAIPgtCz5whJjLnI1j,a4e92712a5e64bec1227fb37922cdbe682bb6b0d5aba16006b50c1575bbeeba905c1125b765852f583b3a582164708ba
1,IPgtCz5whJjLnI1j,1745039090713,1,1745039090713@PWAIPgtCz5whJjLnI1j,e6181b388f911753d4c9706ae283916944b8b1b29a122402418b206e30633293a60a9b23b70d51b9d1a3837c40bbd551
1,IPgtCz5whJjLnI1j,1745009693713,16,1745009693713@PWAIPgtCz5whJjLnI1j,9fac1b8242c925b4083fb4b2e7b65b29b88e460fe19a6ec8c2a7ae009b5b23b051588c1267bf2a69db2f537a48a23c60
1,IPgtCz5whJjLnI1j,1745010668713,17,1745010668713@PWAIPgtCz5whJjLnI1j,8d4aa127e1ba245ac35f79b7e1244caab899c2385482fdfa0ad3be43e90949c54c0c611f50b1e30257475ed9109ac4e9
1,IPgtCz5whJjLnI1j,1745059306713,6,1745059306713@PWAIPgtCz5whJjLnI1j,9c080ad19937260678f031c0bbebe45ec55f89f06e68b559280da2f465cfc131acbd7a016f84de7befeeb7120bac31d3
1,IPgtCz5whJjLnI1j,1745011539713,17,1745011539713@PWAIPgtCz5whJjLnI1j,36dc844ee8fd43f4bf58ae78c01b94ccfb087533507de10b9b4eb75e5d52b8b05d851ca52c248b57826bf3ca3d9a1eb8
1,IPgtCz5whJjLnI1j,1745069229713,9,1745069229713@PWAIPgtCz5whJjLnI1j,f7c7695ca46efac46d22dd36e70d1d543285b1c18c4087fc74d50f8a7f0c15c2c07804d9f9c50e7cc76da12924bb3c54
1,IPgtCz5whJjLnI1j,1745030241713,22,1745030241713@PWAIPgtCz5whJjLnI1j,52fbd0be5cd02c9550363791d3733fd248e6cbef3dacc936f3aa5a0e0e9edf62799bd12299976edb65f49c67cb0b7f2e
1,IPgtCz5whJjLnI1j,1745064617713,8,1745064617713@PWAIPgtCz5whJjLnI1j,a486906fc8eb9314bbd9f1d982f82d107b495a57bc57ec3f3be921dbc131a3220109a0c5a1ee665e141ef05a48924403
1,IPgtCz5whJjLnI1j,1745073720713,10,1745073720713@PWAIPgtCz5whJjLnI1j,2aa7200d47a3b0f71fdd9abd928630e4e0e9bd75c851a4789d3055cf46d2c2a4d5ed841adeda55bfd1b06ad594e09b81
1,IPgtCz5whJjLnI1j,1745034995713,23,1745034995713@PWAIPgtCz5whJjLnI1j,ffdfad12ce25b77eb14c5629ebb2df810ebbc280e695ba370bf347230258aa3cac201ca9e1d3cd4d2e6aa963daf8a958
1,IPgtCz5whJjLnI1j,1745056895713,6,1745056895713@PWAIPgtCz5whJjLnI1j,2adb154f7f61d33863df1f9e232e757eaf6a179ce5e95e15aea5c50f08014c4805fa53a8086a60b5473fae89cee1240e
2,MJBrKN4wyS2AxgkW,1745062281713,7,1745062281713@PWAMJBrKN4wyS2AxgkW,78b111f7343dfb570353b870b3d38ad5989c6118695109e631d5ab2e0b79f3c3e089152751dab159dbc45fcbe46b7bc5
2,MJBrKN4wyS2AxgkW,1745036736713,0,1745036736713@PWAMJBrKN4wyS2AxgkW,15539128e9dd0ffd4b651271e2a1b6121ac6e04eecabf80e1af947de582445adbe5a273a6c665b283bee8588514b5fbb
2,MJBrKN4wyS2AxgkW,1745055416713,5,1745055416713@PWAMJBrKN4wyS2AxgkW,af730f44879e68afedbb4af7d272fbe498f746e7ba45692b7f53410461082ca5b5e9dd14a9a289e6ea5b1f1d939a6a25
2,MJBrKN4wyS2AxgkW,1745071182713,9,1745071182713@PWAMJBrKN4wyS2AxgkW,992da699afdc4ed396d40799110992cd30955bfc0b855993f051d99b453ea70f85bf158132187dea91ff8c2d0bde5019
2,MJBrKN4wyS2AxgkW,1745022379713,20,1745022379713@PWAMJBrKN4wyS2AxgkW,d2ca31e191e9dcdc2457f97177fcf9478c39e794757531d3dda6a832234634bdc236ffe6e807f0400a48a9f0a6d715fa
2,MJBrKN4wyS2AxgkW,1745008657713,16,1745008657713@PWAMJBrKN4wyS2AxgkW,d4f63fef317978e01cf61daf18e1c233fb7b99f8cf1ca73bcd0e0b3c47a897872523cc4ffd0d71586c994fd7f30be5af
2,MJBrKN4wyS2AxgkW,1745014758713,18,1745014758713@PWAMJBrKN4wyS2AxgkW,431d411b6fab90e8588f6b0068157b069a756eae3932bb584ae3e5a4025712f99b5a6469569db1de13e88db282b27248
2,MJBrKN4wyS2AxgkW,1745046603713,3,1745046603713@PWAMJBrKN4wyS2AxgkW,04bb946f8020fbde761c1e5c4a135f87b020bb1bd831c6662d1c74de8830ac55b0568852b4c4413ba2e8ef5f9ae70605
2,MJBrKN4wyS2AxgkW,1745060132713,6,1745060132713@PWAMJBrKN4wyS2AxgkW,3169a5734fa1a920b48a1fa0c019df1d0987b79c67ff6e42addc300cdac02e8c1ddd8a95100671329d5ae554045156b6
2,MJBrKN4wyS2AxgkW,1745075442713,11,1745075442713@PWAMJBrKN4wyS2AxgkW,8917e92d7e8f466002c7f3897548ce2def410482517239b43d4fe8a27ab0fa47555344b3a6786e045aa135eaf72b6551
2,MJBrKN4wyS2AxgkW,1745045376713,2,1745045376713@PWAMJBrKN4wyS2AxgkW,c99a24454dc793b1b3785a2d048199e2458ba6f7c79ec30cd781bb07ee3171f86e28e7846e4d07a4d677e65ecae422e8
2,MJBrKN4wyS2AxgkW,1745011413713,17,1745011413713@PWAMJBrKN4wyS2AxgkW,24be033693272f09a8740daef06452af5760ec1a2e51733d01a9dd9469b4d75f138f681d5b9b9fc5bcb12a7a8f530208
2,MJBrKN4wyS2AxgkW,1745049026713,3,1745049026713@PWAMJBrKN4wyS2AxgkW,8d42a06cf0df67be4d234e0e2130de3bcc4243eb24201bae28046bfad478796739aa87e0f14b6333bb98a4112b51b519
2,MJBrKN4wyS2AxgkW,1745008088713,16,1745008088713@PWAMJBrKN4wyS2AxgkW,b0a590ae548385147627a9bf3e0ba550a5981feb91479c2150b9e25c35fa3b936447dcc4ec56c37c2f19682b4c491e1b
2,MJBrKN4wyS2AxgkW,1745028034713,22,1745028034713@PWAMJBrKN4wyS2AxgkW,684ab3dd779445845ad19b8be1c6cbf5e0640df502fefef94bca5dbfb94c532a6220ed475501d2a91224cb612c7cc0ae
2,MJBrKN4wyS2AxgkW,1745059939713,6,1745059939713@PWAMJBrKN4wyS2AxgkW,34a38db9a70c34ff55f421549033d075affe93226e24d7c55911319986d999d6e118d81ad7586341ee5da93061865db4
2,MJBrKN4wyS2AxgkW,1745073814713,10,1745073814713@PWAMJBrKN4wyS2AxgkW,6ada3b8da04058fe6d0fc05f25ecbea62b8a211a3c977d62c941b921d8a55d8712fe65cf667b39d873d3c4867261eba0
2,MJBrKN4wyS2AxgkW,1745077573713,11,1745077573713@PWAMJBrKN4wyS2AxgkW,a381e1dffefbbe4ebdea240bf20e4c471b7eedefd2539574475c62a38b4004206ea25f09c1c6253858103c0174b9f7bb
2,MJBrKN4wyS2AxgkW,1745070801713,9,1745070801713@PWAMJBrKN4wyS2AxgkW,0583e7b241eac27c2b679214b9a44cdaae9163b8f1d5c2ccce229c5b54c29da7be2abc1f57e452ba7d6300a20d62b6db
2,MJBrKN4wyS2AxgkW,1745042484713,2,1745042484713@PWAMJBrKN4wyS2AxgkW,2dd7f3cdb0c29528f2fb2ef678a2510e4ae4f02cb6655aa5967b0dd6921b8a0b9f95127ee2dba8ce8fc6b3a2be2af66f
2,MJBrKN4wyS2AxgkW,1745023483713,20,1745023483713@PWAMJBrKN4wyS2AxgkW,6cde0a85e87de9d9957da20a95e4f29a210381191932f1ee1c5d85ee8b89edc818082320597d2a95b4da7d97a028392d
2,MJBrKN4wyS2AxgkW,1745035552713,0,1745035552713@PWAMJBrKN4wyS2AxgkW,7d0304e3dad9109b532b6716f719133791b91a4957c64c919cafbbd8c8116bfc2ebc1f8b42b7718e5ca80d18b6588b23
2,MJBrKN4wyS2AxgkW,1745070727713,9,1745070727713@PWAMJBrKN4wyS2AxgkW,b469aa49689973fcd1a02550be8aa26d0f90c71b765c24bc8f544622499c88dd3b0a5504a80f19809ae5bdab60f4e89f
2,MJBrKN4wyS2AxgkW,1745025554713,21,1745025554713@PWAMJBrKN4wyS2AxgkW,932e7cb12be8653d1cb8236835188a380dd5bdafe06cba5c362e422f25a27628b2e76e23e104a19bea6f70b81661b0d5
2,MJBrKN4wyS2AxgkW,1745043640713,2,1745043640713@PWAMJBrKN4wyS2AxgkW,a28070cc907d811327eee0c78478fe22f00bb62794d546d785f731fb75c4cea0384595ffd137bd6fafd42a4dc1d1ccb9
2,MJBrKN4wyS2AxgkW,1745027973713,21,1745027973713@PWAMJBrKN4wyS2AxgkW,f16e72dad371c55889215bc6cc0050d82ac686890a4eb1019f36eaff1633e9914b57a17c507a738c7645a22a5cf614eb
2,MJBrKN4wyS2AxgkW,1745039493713,1,1745039493713@PWAMJBrKN4wyS2AxgkW,022625961059e44253f987ca626e21c38a93479c6a48107853ccc112f0864d78943d5763a553a28039a93cc4e6edb3e6
2,MJBrKN4wyS2AxgkW,1745053368713,5,1745053368713@PWAMJBrKN4wyS2AxgkW,35051347ba2ca4ea87b622cf4cc97705fd970f75dde18dfc7e7829286f37ecf3e945e708c5a4964455e0f36798769df8
2,MJBrKN4wyS2AxgkW,1745033578713,23,1745033578713@PWAMJBrKN4wyS2AxgkW,20f3ef4bee32ef12defea6bf862695edfb83cf9dba42d3b5f56d857dabe478eb1805491057b1fb6c962ee55114daee58
2,MJBrKN4wyS2AxgkW,1745047339713,3,1745047339713@PWAMJBrKN4wyS2AxgkW,7b750b7f89f1a8a57f85fd8b05d4f61df20f3c4f4779d101bda0907d76aa25ab7e47ce12f3b1701f31dc9ca42554f71c
2,MJBrKN4wyS2AxgkW,1745020676713,19,1745020676713@PWAMJBrKN4wyS2AxgkW,3edcc0825dc7ac1443151cb84cc60be2bcef4cca847da56e85a09a5d178931a0b2c6aefad99a698337ed39d488d7c7e0
2,MJBrKN4wyS2AxgkW,1745075692713,11,1745075692713@PWAMJBrKN4wyS2AxgkW,8cefc7c62385da2464aa4d32d162e28fcdaa3a26a638323977194edfa859a907d6210f29d36cf7df5def05aef857c548
2,MJBrKN4wyS2AxgkW,1745071467713,10,1745071467713@PWAMJBrKN4wyS2AxgkW,54f6176b2b6f88818a514b2286b017ba6df8ef32763ee84cfe333be4fa5512d8016b5b19ad348383077356db30d9455b
2,MJBrKN4wyS2AxgkW,1745047121713,3,1745047121713@PWAMJBrKN4wyS2AxgkW,9c3e21912e12f9c6e61ab767ba3d5b1e9a86de31c48d315410f87a8b4ae9fc8033e153cc081bfd296334c4c725b6d43c
2,MJBrKN4wyS2AxgkW,1745037618713,0,1745037618713@PWAMJBrKN4wyS2AxgkW,a79e158f43472787975c467d5bc95f2f3f44c252b50008d2d52f436374d1ab155a2531d1af9da5ebf999a648ded1f7af
2,MJBrKN4wyS2AxgkW,1745042409713,2,1745042409713@PWAMJBrKN4wyS2AxgkW,5a132c7d1a2fe8f59222887efd8c0ea693762def27e98c4984792776ec45ae299b659aa646cd4b9dde807ff902c9c71a
2,MJBrKN4wyS2AxgkW,1745064687713,8,1745064687713@PWAMJBrKN4wyS2AxgkW,d8ab2c5ea0cde7935134558783ab443526c35b610db2006919c8663d96debfa581628a4cf83542b50b69c88ff8d588ae
2,MJBrKN4wyS2AxgkW,1745073497713,10,1745073497713@PWAMJBrKN4wyS2AxgkW,d5085692c11ae227a1ce2cf6823f8e8b07e8f92a0804783344bedc904642db7744ce12d6d6b38d98f056cbd32be7d11d
2,MJBrKN4wyS2AxgkW,1745075198713,11,1745075198713@PWAMJBrKN4wyS2AxgkW,b6d2817a22184b5b718e16994215f6068e5c6a1439a9348bdd4ac36719acf6207cb107ade5b8979979bf07efd33210cb
2,MJBrKN4wyS2AxgkW,1745030183713,22,1745030183713@PWAMJBrKN4wyS2AxgkW,0c500f598c561e806ad4e0e17627e675204b48886140cb2cefe89bb01ae04067a435adcaa4d979db613eca637839ced1
2,MJBrKN4wyS2AxgkW,1745026977713,21,1745026977713@PWAMJBrKN4wyS2AxgkW,d3bb54d613008fc64d38cb7ae7451cfdc7acf1f2265efd2fbe83da0cc10016c31d2af46e3e7fc5c29299f5944ac78a41
2,MJBrKN4wyS2AxgkW,1745043719713,2,1745043719713@PWAMJBrKN4wyS2AxgkW,f7193e6220c3ff52e0f4cae66863227d95be9ee21e6050c007922ce993c99ba2d0fd204b69015e59545f9553dbb6c7e4
2,MJBrKN4wyS2AxgkW,1745018876713,19,1745018876713@PWAMJBrKN4wyS2AxgkW,77e35f540fb1a26f99a02b93f91115bac6eec2790bc1bfae5f03a990dd92a4f5ded4f94e30a40eb77677b8b8026555df
2,MJBrKN4wyS2AxgkW,1745068006713,9,1745068006713@PWAMJBrKN4wyS2AxgkW,d8e79c7eba88416c48d8fa0a2390dfeaaba4e7565e3791e2a9fc7fbe9c9e325d390af83071e2ad641bae485b5234f5b2
2,MJBrKN4wyS2AxgkW,1745067953713,9,1745067953713@PWAMJBrKN4wyS2AxgkW,e0dc0b479e046f04f0945b4aae58df1c9a0dc61b33c8c196c6f6688fcb91184892b16ba22a78e6b7360b1745ba206cc8
3,f6hAKWGZcT7V785W,1745044467713,2,1745044467713@PWAf6hAKWGZcT7V785W,20339a6178b547dce0a7c672c758bcd0ec469d38546d6265c5571539dad089972450dcae05ba96aa53acd332780b00e7
3,f6hAKWGZcT7V785W,1745057005713,6,1745057005713@PWAf6hAKWGZcT7V785W,2e2354f3f3cfbc6534d648fc83f83b9ce935af70d51eb3ddaa2f3e66d4e2dae9c2678988564e0175aa38dff8590216ff
3,f6hAKWGZcT7V785W,1745072272713,10,1745072272713@PWAf6hAKWGZcT7V785W,2a3f6d4f81f4f221bb3461e524c498f040283c0dbfd7405ffeeab06c39a6bca1cf8d8aaa8188733713ebb24762ef7e13
3,f6hAKWGZcT7V785W,1745066927713,8,1745066927713@PWAf6hAKWGZcT7V785W,973d9feb14c1860851688bba52c27a92c23fc7eba5dfb5fd0b7e356dd3b55106560e7fd7fa7dabe54c472ac64608d464
3,f6hAKWGZcT7V785W,1745033960713,23,1745033960713@PWAf6hAKWGZcT7V785W,33b3b829ac4996715059aae415a39029b9be2df72522c3b50f80fd8a7ce36b404daaadcbd73b88a5f176dcb242315ac5
3,f6hAKWGZcT7V785W,1745040404713,1,1745040404713@PWAf6hAKWGZcT7V785W,8420413d880368dbeaedf7b1fa3c1556c1defaed4c3d155c0d8f6d7c911bc5a80cf822187b62a06c589444244e3d896c
3,f6hAKWGZcT7V785W,1745064690713,8,1745064690713@PWAf6hAKWGZcT7V785W,3a7665e4c20c8deda3baf7d480a2d713690237b34d3e7b414d69e9a499a174071a1dc68a9b715756fefa1ac0b963bdcc
3,f6hAKWGZcT7V785W,1745037562713,0,1745037562713@PWAf6hAKWGZcT7V785W,a8ca5ef7e4c1637713276a9510859ea9b2d15941972bbe87eff96a82ec09d6e037322773a8d6eb79334ea50345df5770
3,f6hAKWGZcT7V785W,1745013135713,17,1745013135713@PWAf6hAKWGZcT7V785W,b6a28306c5513cdc7addd59f19c960f209b66490e2b37297a5bdc6a076ff9e6efe4fcb58780d3fb2c718084064383225
3,f6hAKWGZcT7V785W,1745067869713,9,1745067869713@PWAf6hAKWGZcT7V785W,75595573bf651c18e7cdebe73c3baba3de901e4a7b8ac0f2e19558ca610c328d047dddde79261a5d09cdd4f13ec23466
3,f6hAKWGZcT7V785W,1745005827713,15,1745005827713@PWAf6hAKWGZcT7V785W,d7177edf6370dddb893fc8be8dabb8ca9d01184a8da5f8808ed415756c77162a390c9719335e188ff781b98b20d929fb
3,f6hAKWGZcT7V785W,1745015573713,18,1745015573713@PWAf6hAKWGZcT7V785W,b1f431d1fe388a5227ab6e5bdabcca3f63a18223eb726591ebc6d77ad47420c20c2e929aa462dacecc6b250b703a9ce8
3,f6hAKWGZcT7V785W,1745029651713,22,1745029651713@PWAf6hAKWGZcT7V785W,233e9ebc503ff345a2f661ca75bb3235622dc17ec1df32cf602cbaeb4651e00ce7da3f211fa84c3721b20d0781331d6b
3,f6hAKWGZcT7V785W,1745038323713,0,1745038323713@PWAf6hAKWGZcT7V785W,e50c5f87aa8f0cff78a4e07b86a51123e9315344b93744a194745554bea6ef26686685fc23bf69b92d5af141798f2c0a
3,f6hAKWGZcT7V785W,1745066212713,8,1745066212713@PWAf6hAKWGZcT7V785W,52922f8b4d8054cc126050538853b5f4c57c22b9686dbc2868cdc23d2c284916f3f5cad402eb77332877bf3ea173de40
3,f6hAKWGZcT7V785W,1745076064713,11,1745076064713@PWAf6hAKWGZcT7V785W,398e01c722ee49a322124dfeb17b80da97a8f259827f7290c6708c39187a71f58118cf69b61354b0d6f38c1dbd4d3937
3,f6hAKWGZcT7V785W,1745059147713,6,1745059147713@PWAf6hAKWGZcT7V785W,c399c1324369b8d6e0c5bc33227691f509e97cf3ff7e6317eebfb508673b8d20e6772fd3245d20e75416cf4d22056c9f
3,f6hAKWGZcT7V785W,1745064924713,8,1745064924713@PWAf6hAKWGZcT7V785W,c0963b4d83dbf1c1120b158fcc10efcf2b94733a655114981671389397dca7574e5d6315f9fdb5a48bb24ee650e7d543
3,f6hAKWGZcT7V785W,1745015883713,18,1745015883713@PWAf6hAKWGZcT7V785W,8cbe01915a9b9c8d347206dbf1912dd4471ee6e4c732dcbbb4dc9539afa41d3c9b4bda79aa2e260453600b6a7a12215c
3,f6hAKWGZcT7V785W,1745071241713,10,1745071241713@PWAf6hAKWGZcT7V785W,2732068b99b5b617436cd9e0d136ce9924d9167a4cb5fb547c40ada0ea0ab4cd342bdbaddad52832e78c016d7530ff82
3,f6hAKWGZcT7V785W,1745036529713,0,1745036529713@PWAf6hAKWGZcT7V785W,0c39493e17777ba7531988a7cce9559cac9c212ea607680a26b8eb4886f107cffd3d5ab859481612fe9b4722309b681c
3,f6hAKWGZcT7V785W,1745060768713,7,1745060768713@PWAf6hAKWGZcT7V785W,871e80f11c947b87c4c59c6feeb0bf512a392d4018d19fc460e20585eec98d38e09f027b32074bce87461b2586cbdf92
3,f6hAKWGZcT7V785W,1745073909713,10,1745073909713@PWAf6hAKWGZcT7V785W,02a374fccf35c5273f2d908df4e3a97ea0d50ca9c410faf7ea2a7142d6621ae609dc01cd247127f0e84b443be9fdbb88
3,f6hAKWGZcT7V785W,1745013280713,17,1745013280713@PWAf6hAKWGZcT7V785W,e222df0204ee97d24334bbdc1b41793ad27824ef26fda4f2a75fc5f4b6d6ea82496ea162c18e163274d88e1489387678
3,f6hAKWGZcT7V785W,1745049556713,3,1745049556713@PWAf6hAKWGZcT7V785W,6f06062c30d2914e9c04a2d0cd9a0161c580241fe3500d56bfdcf10152aa073bd007fa96f7b836d82145a06e409783ca
3,f6hAKWGZcT7V785W,1745067191713,8,1745067191713@PWAf6hAKWGZcT7V785W,d0786389f9942b94a277c8dcea99c71ffd32cbfd3bd5b4df74fe1d3693dfee884aa0f279a864f8589820f090e92fdc5b
3,f6hAKWGZcT7V785W,1745071285713,10,1745071285713@PWAf6hAKWGZcT7V785W,b96d11c653205d04c8961d5fe7ae00d1cbc60e045d591aad0b985dd4e9d8734f78b81d3f3d6292de0c4c3499a4cc0b7f
3,f6hAKWGZcT7V785W,1745016729713,18,1745016729713@PWAf6hAKWGZcT7V785W,5147939013a4872c8bc117a4e5229a4e4cc9592e973d11385a43d161e374a945ee53cca1c7b2fe5ccdac3cac32557d81
3,f6hAKWGZcT7V785W,1745050604713,4,1745050604713@PWAf6hAKWGZcT7V785W,ff4e277f3500da6689a376b30b28482888fdcb13df3f4e4e824ee6829783aa92d129dfc5cc37dd1877b64a3f560f0e78
3,f6hAKWGZcT7V785W,1745023948713,20,1745023948713@PWAf6hAKWGZcT7V785W,010245fa3d79deabad49506c833cbc48dbabd8bcd52c5746d81a0ad6518e0cdc786d8863d484b9853af1b40610f363dd
3,f6hAKWGZcT7V785W,1745025099713,21,1745025099713@PWAf6hAKWGZcT7V785W,d692112d0f8bb8e0fd8ade2ded9dbde9ddfb2d47c7b1e039c220056113d9a95c393346aaad3ce292b98898658f8fd8dc
3,f6hAKWGZcT7V785W,1745069817713,9,1745069817713@PWAf6hAKWGZcT7V785W,a9f90a3ad878cb886ec38daa85410741a7f3c50876bd702437e2092e9250d90fe80a44b89f9268977c8f35225d5b9a29
3,f6hAKWGZcT7V785W,1745035471713,0,1745035471713@PWAf6hAKWGZcT7V785W,2c85518ae4922d5f22ad8824b5ad0e6ed4ec9735f0b43609560b55709716b65aca926af0e3f87da2072a8eb6fd74b1e3
3,f6hAKWGZcT7V785W,1745040267713,1,1745040267713@PWAf6hAKWGZcT7V785W,9ad8b42dbc12c1ebfc5523bdd7974d5b60cb8e1f852163cd881b1035466299f5e14d69e39a4e09a912f7ec64a77fc9ad
3,f6hAKWGZcT7V785W,1745035120713,23,1745035120713@PWAf6hAKWGZcT7V785W,a4613e73afcfaba5b6077dad63c4057abf3f67780845a467b7d0032e09b2f5bd2ebbb313eb08dae6e38d2f7db59a9711
3,f6hAKWGZcT7V785W,1745070527713,9,1745070527713@PWAf6hAKWGZcT7V785W,2e91b0ef9524ffaad2db0a72f8f3845f17aee6dc8d6d0e6a568ea593ada20cf01ada275774e871d54c91417803411372
3,f6hAKWGZcT7V785W,1745044631713,2,1745044631713@PWAf6hAKWGZcT7V785W,b10fdfe8d022c799327b4e12aa2168a92b6369ca5a0ae7eb28bb16bddc03ae9c6bbc2b74257dafcdfad44c6432ca0ba5
3,f6hAKWGZcT7V785W,1745008396713,16,1745008396713@PWAf6hAKWGZcT7V785W,2ac3e0e9d3ebb9ce7d5d9e86800aa4f5d8e3ef885b50833d41b5ed4bab0597cf375655ff87616fb69e86a683ed5b0e1a
3,f6hAKWGZcT7V785W,1745010385713,17,1745010385713@PWAf6hAKWGZcT7V785W,6e84234daf3002fe34d37b9682a91a32d24a8ae21b1d86d1c9a5f71d63c13c62cca766b2d2b0e546b8850724067c0eb6
4,rJVPSHxlT5HZMMLP,1745015263713,18,1745015263713@PWArJVPSHxlT5HZMMLP,d7c22491f6130a1f3fd713a7f70bbc42ab49263343c5c35681e25291145ec323267ada8c7a7144f7454c447b8d3ad8f2
4,rJVPSHxlT5HZMMLP,1745065653713,8,1745065653713@PWArJVPSHxlT5HZMMLP,16fa9ca62c5c7705000f81d97fb2db271efac2815150c632c1160f3222d44c2f0aad8ed9a995f0fcd4e18ab25a205dfd
4,rJVPSHxlT5HZMMLP,1745020893713,20,1745020893713@PWArJVPSHxlT5HZMMLP,dae66a29d1c405ba227552eba993980bb6d605c08d8447aaaf886f1a1d953fe07f85c2ae104f12cb228d2b4a060bc54c
4,rJVPSHxlT5HZMMLP,1745024139713,20,1745024139713@PWArJVPSHxlT5HZMMLP,549a85ae18b537871291c0bbdd38151bf0590a06a529123283fd7deb9049d3e7d557caa03c4b63248ad6ed01e226504e
4,rJVPSHxlT5HZMMLP,1745032919713,23,1745032919713@PWArJVPSHxlT5HZMMLP,2d8c0cf58cb58e0c7d1b8020799b2ecc7f82080017b011826d63949c3d077aeab69343da7bdb5d58ff2d080d5e938dfe
4,rJVPSHxlT5HZMMLP,1745021587713,20,1745021587713@PWArJVPSHxlT5HZMMLP,f66b70cc42358025900ba3ee8efbc277dec5b0bb7b3458e4fe1138c915a976dff30dd19c42773ed28a618f6e3a6c7c4e
4,rJVPSHxlT5HZMMLP,1745038629713,0,1745038629713@PWArJVPSHxlT5HZMMLP,e539ced4c5c2fa6796cd78a147e2b086968d2f03dfc9130600bdfc26f0837c5decf6ee48ba63178454c97fe489583594
4,rJVPSHxlT5HZMMLP,1745015398713,18,1745015398713@PWArJVPSHxlT5HZMMLP,a9d148163a0cc7bee11459def25765dcb52cec06ebfe0835419641c563af1683de7131c096eff2fab254764fbab5875e
4,rJVPSHxlT5HZMMLP,1745014541713,18,1745014541713@PWArJVPSHxlT5HZMMLP,7b445181731d5d680c2358cab9bdcdae7a2194d6584150093cd8eb95734f97dceabc6191788e19e7ffbead841f076df3
4,rJVPSHxlT5HZMMLP,1745063933713,7,1745063933713@PWArJVPSHxlT5HZMMLP,16e5fb2da34bb273956c7cb2e48954831123af3cf51ffa1b645fdc28d755dfb7e8b616df64acbc6339891e40dd5401fc
4,rJVPSHxlT5HZMMLP,1745017064713,18,1745017064713@PWArJVPSHxlT5HZMMLP,c21ac91f1d471422a37474def33c5feaec49908466adc8b3d82d75591df25eb5124c63f421cdd86424040d393cb361f7
4,rJVPSHxlT5HZMMLP,1745046455713,3,1745046455713@PWArJVPSHxlT5HZMMLP,d89a8b951aa3c951c9e05f4305d22bf312403de3f8e116395fcf0bde9281449d3972dcbd86fa9428259fca2eab712ddc
4,rJVPSHxlT5HZMMLP,1745020041713,19,1745020041713@PWArJVPSHxlT5HZMMLP,74c5679c8a68dbf863090576623a1dc1a778cc44618f05bdab4d8e5976fcd31daf79e2b4154eecb014359a0de910b5ce
4,rJVPSHxlT5HZMMLP,1745065087713,8,1745065087713@PWArJVPSHxlT5HZMMLP,bf9e46bcdb5208d6eb801b1405800853bd4b0d32f9e9f20f5ef18b8a60051d13c742fd4778dc098859c53d6fe833a6bc
4,rJVPSHxlT5HZMMLP,1745014957713,18,1745014957713@PWArJVPSHxlT5HZMMLP,44116512e48add4a62266dca9b8ba8ee16d9bce7b595baf9e23c9775dba69e70af7ef1e630c128e5847c28661ff3b7b5
4,rJVPSHxlT5HZMMLP,1745053756713,5,1745053756713@PWArJVPSHxlT5HZMMLP,960e94697b1a64a42a5ec02f0c5a5ac8685a0b717074b8e51ca61492afaee376fac1af76c9a0dfbcda7c86fef5f0fc65
4,rJVPSHxlT5HZMMLP,1745044885713,2,1745044885713@PWArJVPSHxlT5HZMMLP,4a7573cbdd4aec9f1c9fe8903518977e0acf124ca0bbe077e4cd89f4c6ac138a2b424edcd3e1b68563de623ab8fd8e02
4,rJVPSHxlT5HZMMLP,1745027947713,21,1745027947713@PWArJVPSHxlT5HZMMLP,eabb15b8e20f88c99eebbf7402ba15ec59e4163165890c184b489ff3352d5203e2ce7980d16eef3f570f8d427f8492e3
4,rJVPSHxlT5HZMMLP,1745035782713,0,1745035782713@PWArJVPSHxlT5HZMMLP,c1d3a759fd652516c8d180c294bde32e66d791f9705e63e1f246e0d0e96d372fa1bf404ec5ff6ac0c5beaf76688745a1
4,rJVPSHxlT5HZMMLP,1745013713713,18,1745013713713@PWArJVPSHxlT5HZMMLP,bf4b1c16d5b9e3d9555bbe469c757d67d28df91d605254e468e3149eaf03d96dc41f8a0ac4150a08a164c23cfa43a868
4,rJVPSHxlT5HZMMLP,1745055539713,5,1745055539713@PWArJVPSHxlT5HZMMLP,36efb783cde5cca036ec80036034d29b389e38ac2b53ca683587b490b7c050fec947b27cb1ccf8ed2c6e819580f5e31b
4,rJVPSHxlT5HZMMLP,1745017498713,19,1745017498713@PWArJVPSHxlT5HZMMLP,0993870c91644d8f2ed9c63535624010ad17df78b523258776efbbd3027c25b8b47176fd712980472bf7ae229b3d8b26
4,rJVPSHxlT5HZMMLP,1745071832713,10,1745071832713@PWArJVPSHxlT5HZMMLP,f91affd87ebcaaed31bfe26d7300fbe4bb5215a6fe2b1b7e91a9e251cd873025561b2f273891727381205038b7ce4dda
4,rJVPSHxlT5HZMMLP,1745017033713,18,1745017033713@PWArJVPSHxlT5HZMMLP,972e53d638be010da5db5682bf76558185feefa2234b63f3a0d93e15fb7a189e37f92205d879384f768cbb95bc600f24
4,rJVPSHxlT5HZMMLP,1745010002713,17,1745010002713@PWArJVPSHxlT5HZMMLP,e4078587f8d8db04afae3aebff472659df1fb5398c9b53d019cead758abeebe75aea9ce74ca4b77e6d495faeeac0da71
4,rJVPSHxlT5HZMMLP,1745049118713,3,1745049118713@PWArJVPSHxlT5HZMMLP,71f13a8b716cc9f5bb6d91c710e7b0f231ef1f7ef6079ca2bdc75e306dd8f88e078d98f321dcdede927a4553c867c8e0
4,rJVPSHxlT5HZMMLP,1745073657713,10,1745073657713@PWArJVPSHxlT5HZMMLP,1db39e9e9b7ba1fbb5eb17bda472bc3b3155255bd8db70cb711797536f11118602aafcaea43e387b05da6af201d10054
4,rJVPSHxlT5HZMMLP,1745069445713,9,1745069445713@PWArJVPSHxlT5HZMMLP,c0d74a820059a0ed03315084204d741c8e4397aac06d6b90969492679b134a5132590d8ea30b50f895bdf8d847f46d72
4,rJVPSHxlT5HZMMLP,1745025858713,21,1745025858713@PWArJVPSHxlT5HZMMLP,877d649b416c4d2cb0d386a1cc45c2f93eef2b70b1821e56235e6d28f631f11dc9590efd8142a55cafb8c1597ad8de04
4,rJVPSHxlT5HZMMLP,1745011179713,17,1745011179713@PWArJVPSHxlT5HZMMLP,7644d07f170397ff21c289722335e33dc668309ef7096b6fe116cf1974fc68d8f0bb67e069ef3dbdf404c86f509645d5
4,rJVPSHxlT5HZMMLP,1745044119713,2,1745044119713@PWArJVPSHxlT5HZMMLP,9ea1b6b6668e2fa3acdb5f2d933f134feb209c1f792263fe243be926577bdda295caaf1045153ea0441fbe65f619f606
4,rJVPSHxlT5HZMMLP,1745061073713,7,1745061073713@PWArJVPSHxlT5HZMMLP,b20ae68d9d412ee550d1df27531b1231ff868c32979633c2feae55c3eb678b3e2e2254aead7530ceff9def762fec5ebf
4,rJVPSHxlT5HZMMLP,1745011104713,17,1745011104713@PWArJVPSHxlT5HZMMLP,2653ca726a104983f60a1bbe552e52740ed56c6cccbd8dbdad56493a843e31ca2ad94d5f2d839c5a18848946f72ad60c
4,rJVPSHxlT5HZMMLP,1745039509713,1,1745039509713@PWArJVPSHxlT5HZMMLP,d11a0901347f8afce80a17876094b3cd077e844d218f2ecad40675175577789b96d993e173a33493a9e18b04612118b3
4,rJVPSHxlT5HZMMLP,1745040344713,1,1745040344713@PWArJVPSHxlT5HZMMLP,4d11928520fd05086d4ffd17dbac85d5b58bc5ffaaa2fa91dd52100d1785992b035fad0503d4a9ae770383cff97e5cb4
4,rJVPSHxlT5HZMMLP,1745010704713,17,1745010704713@PWArJVPSHxlT5HZMMLP,8aeedc6950cff4fac0891888cb5581a6f6f4cd35faff20184432d783ca5c4cdc95000d73238cfcc77ded0f772a533d89
4,rJVPSHxlT5HZMMLP,1745017376713,19,1745017376713@PWArJVPSHxlT5HZMMLP,eb3df3a980d5f5260b8f56f47fed04e8a59af62b6935004812de2935a425980540adb9d562ddc1fbf3b6221c2c26f3a3
4,rJVPSHxlT5HZMMLP,1745019290713,19,1745019290713@PWArJVPSHxlT5HZMMLP,c96bce7d4693ea29c2263e0d33b32630dae3408bd411cdb2570723fe42f57b79102184c64497a766948066d63a802d1d
4,rJVPSHxlT5HZMMLP,1745068026713,9,1745068026713@PWArJVPSHxlT5HZMMLP,fe0ede1ff49ce5afc3e8da96db2d25b76feadeebb67d3a90d533718558f8ae36fe5015fcbbd09d49e9542694a2292738
4,rJVPSHxlT5HZMMLP,1745066841713,8,1745066841713@PWArJVPSHxlT5HZMMLP,df68ebd3d184678be5edb1a2691f767ce28f083c50ad54d7884eda017043f56fdc47a095d97afc22fdb7e6847e4bed94
4,rJVPSHxlT5HZMMLP,1745017147713,18,1745017147713@PWArJVPSHxlT5HZMMLP,ccc3df03b36fa25bf10713819597888d095dd23d0899bd60e2fff2101c5f2daece4840c021c8aab22ca139cfc17ac18e
4,rJVPSHxlT5HZMMLP,1745008687713,16,1745008687713@PWArJVPSHxlT5HZMMLP,72f2247179b13bd78961bc85ae0a62d7d5c44949bcb15d2ad558505628e4da2663c83e6d24cc9d84b38680a0866c2b6f
5,ySgu1OkkX21lZTI1,1745070009713,9,1745070009713@PWAySgu1OkkX21lZTI1,3de0546dba3ce30c5b24546da61b09f6033d01137d9429e145a268558e5a35a367c3399f121e2a98fc4406059f464734
5,ySgu1OkkX21lZTI1,1745028197713,22,1745028197713@PWAySgu1OkkX21lZTI1,2f25299cb56794c41f33d36a6c10ea8f3deac20adca8ae66ca218bf97df077fbe02acf798123d4afebc95bd9e53d7eae
5,ySgu1OkkX21lZTI1,1745072930713,10,1745072930713@PWAySgu1OkkX21lZTI1,b8e28c2a106c5b82c2937346c576635c99223e42b7857f331629c0d86960217f949ecb957d5c57d18fa3e9f7d5e4a73e
5,ySgu1OkkX21lZTI1,1745029455713,22,1745029455713@PWAySgu1OkkX21lZTI1,562deb30ec7b4dafe68ea96c3e8cba220af8cf79e4dda74e95898ca3ef21fe75ef9eca983b88f227cc4dd53ddd3ed951
5,ySgu1OkkX21lZTI1,1745010880713,17,1745010880713@PWAySgu1OkkX21lZTI1,8df6e708797fdc64c02228bc737efd2cdaf186a35bd7b6632b3db6636b2770c91e08c7b10b329a0f7c043f67dfad1548
5,ySgu1OkkX21lZTI1,1745025758713,21,1745025758713@PWAySgu1OkkX21lZTI1,a37c7441f80b25537f734d7addea243746dfc0338c428edc24914cec0a372121db049dad541e16820331d30ef56106e4
5,ySgu1OkkX21lZTI1,1745007485713,16,1745007485713@PWAySgu1OkkX21lZTI1,c7d0d7dc77776e626eb46dbb0d06262f0895b8b40eac2b92db25b0090d80171e55e643d332c1c3dfa9e37363bfc9a683
5,ySgu1OkkX21lZTI1,1745022353713,20,1745022353713@PWAySgu1OkkX21lZTI1,f9c6ee6c126e278250ccb33d2a0ab593e68eab418534b3838ee2693c01cff60971dfb9497d668b3bc65738b5d431acd7
5,ySgu1OkkX21lZTI1,1745006338713,15,1745006338713@PWAySgu1OkkX21lZTI1,f1c3617d244689b2ec1a66bac44c65ba3827b4416b7e1c6c6607c46624257afcb2b10c9cf15fa1422a2f25ce8b4eba7d
5,ySgu1OkkX21lZTI1,1745062137713,7,1745062137713@PWAySgu1OkkX21lZTI1,9f0de6e759223b74c3b30bd59dbd62c0d9a799f7d2c9d23096305690100c33ade58175c466f377f28bb44fd01b018bb8
5,ySgu1OkkX21lZTI1,1745006543713,16,1745006543713@PWAySgu1OkkX21lZTI1,e0d28fe2ab9cd860030f506999976b071f7e894932ce07d063aa08f1f5e139ee06d8715789289427febc7e08a4ed0790
5,ySgu1OkkX21lZTI1,1745030147713,22,1745030147713@PWAySgu1OkkX21lZTI1,ac2eed1951c3711fa0255f26c8db41272e0504ef13ebcb65fb1714baf5577e13f6fd668aa050441bcfee88d06675445d
5,ySgu1OkkX21lZTI1,1745076466713,11,1745076466713@PWAySgu1OkkX21lZTI1,b3648bc3b1f59b487298213257ed02a64151bf828a1f8d62835391f93e7e60f69ed9605b1d0927f56f76c0dde6b601d2
5,ySgu1OkkX21lZTI1,1745046992713,3,1745046992713@PWAySgu1OkkX21lZTI1,dbfcfe86ca52528311e113d133dfd88b90520e1d3c59ff1edbc583562538faf6918c269cb029801ec8a79c35c09ae136
5,ySgu1OkkX21lZTI1,1745008540713,16,1745008540713@PWAySgu1OkkX21lZTI1,2148c3777bb13e5bd6be66c8aa847a242ab9b21bb12ff017bf9ea370a94c0333978dd5d33a193dfacf514545573d9171
5,ySgu1OkkX21lZTI1,1745020721713,19,1745020721713@PWAySgu1OkkX21lZTI1,bbabc32fba3d1479747493b629c9f1955010f3aec2696f2249eaa23727f4201a1d55884d45454219a97a4b29fc4fd49a
5,ySgu1OkkX21lZTI1,1745052783713,4,1745052783713@PWAySgu1OkkX21lZTI1,9a5c528b1b986ca84b60019e3e59a640c44a85807eb4110b75811d2e3e72eae4cf8dd317d7eb396c92f4d098c02d1a77
5,ySgu1OkkX21lZTI1,1745005994713,15,1745005994713@PWAySgu1OkkX21lZTI1,cc621b4ae880242dce845164083191296e4eee2dcdb9ef4a00ba9b9c7565766bd202a6703932ca3fe4c7d9950cbf1ab7
5,ySgu1OkkX21lZTI1,1745034850713,23,1745034850713@PWAySgu1OkkX21lZTI1,d0f33eae1b59318a55dbed2e495e346602df0ce7f1a49b9f50f5fe48ebe34e2c22569c318f50d78ba01d0fcc2f860811
5,ySgu1OkkX21lZTI1,1745042351713,1,1745042351713@PWAySgu1OkkX21lZTI1,e775b85caa266efd97626fd71a322bfeb02ffb3367664990cb3d880c578c1dfe28f5ce33520d48441600e5eddcddb9a4
5,ySgu1OkkX21lZTI1,1745014215713,18,1745014215713@PWAySgu1OkkX21lZTI1,62dedc3c2e37b1ab55685cea0a801c2c19d12f58e089b8d19eacfeb5a19c7c708bae145065a8ac5d81af7f1f61c7b320
5,ySgu1OkkX21lZTI1,1745006406713,16,1745006406713@PWAySgu1OkkX21lZTI1,10b46e4ab2cb44cf756d8fa605b21936b95ae988328b669c17be2e5ebdd5cccd96cf99c96403b5e543f74a5590047c9b
5,ySgu1OkkX21lZTI1,1745017545713,19,1745017545713@PWAySgu1OkkX21lZTI1,d619ce62e22f1957bc5a0e03e2e8766604f92cbb9613e55aaa11999a5d2a2e2582498cc336ede3c1f4cce9980619719e
5,ySgu1OkkX21lZTI1,1745039909713,1,1745039909713@PWAySgu1OkkX21lZTI1,a69d583f4e4b199abc97747218040c8680a0cb4e6f42b4f7114eaa5fea205e370b575a6c97ed317947a56759df1186d7
5,ySgu1OkkX21lZTI1,1745018597713,19,1745018597713@PWAySgu1OkkX21lZTI1,39729cb81a51ccc7af292e7d3f2521b7b4e2836c70ea9bebc47e9c6c284314d5a7ad04d412be6ed3e4a980515704807e
5,ySgu1OkkX21lZTI1,1745059060713,6,1745059060713@PWAySgu1OkkX21lZTI1,7ec3e6b6f5da70ecc2c664488c34061bfd3855562858c6ab7bc01fdb304ce76bcc31c1a567840fe2be084d269f269c16
5,ySgu1OkkX21lZTI1,1745012766713,17,1745012766713@PWAySgu1OkkX21lZTI1,52c7c3a47596c3f8912a51a475afdd0f9aaf286916fef111a23335a63220f8a93661c3b5cd8c42cbc0593599080ad5d0
5,ySgu1OkkX21lZTI1,1745064879713,8,1745064879713@PWAySgu1OkkX21lZTI1,4ab659bfce5e65c426f07793794e9d651ebd676747edee9e3f5b65861ea869a73d1a4d59003075c16eba9cc7663e4a73
5,ySgu1OkkX21lZTI1,1745051098713,4,1745051098713@PWAySgu1OkkX21lZTI1,c264af3e805ba3805c6e819d1af886197a74d071036501411ecebf3d8580798471c3d5d300b737c0ebe2e4db4a9773ab
5,ySgu1OkkX21lZTI1,1745065123713,8,1745065123713@PWAySgu1OkkX21lZTI1,fec330f4aca4ff1256e2e3915956371056a65f4a1d5171440662631e04401f41d8f00bbe1fa8048f8141b63d6f31b236
5,ySgu1OkkX21lZTI1,1745077312713,11,1745077312713@PWAySgu1OkkX21lZTI1,708c3b3a98701199474a93b9a820672343c0f437ac17e7ad786482f5418ae864817bcecad32e1cafa75bf08cf013861c
5,ySgu1OkkX21lZTI1,1745066190713,8,1745066190713@PWAySgu1OkkX21lZTI1,9652e1e83eacc3ea2b0b3fcf87a7ca9139b2c70b45d6602c00233348c3b73739b42e1c5b4b640dab09ad348adc19779a
5,ySgu1OkkX21lZTI1,1745024181713,20,1745024181713@PWAySgu1OkkX21lZTI1,6651e98a6c527ed1a52bb69bf3731fbb5994d0561f962121d43a9b06eea8bfb514f69536932536c0995dee6cfb6f0181
5,ySgu1OkkX21lZTI1,1745058292713,6,1745058292713@PWAySgu1OkkX21lZTI1,98db4dcbe293f3b3325c212971188a91a2be87f06f4e6ec70ff5b6f911b8ecc0de3082dffa89c1b4c116a4fb82059c20
5,ySgu1OkkX21lZTI1,1745021440713,20,1745021440713@PWAySgu1OkkX21lZTI1,ae08a4f916567c14827b5fc98c31e5d61edb8ec42bd457eb1d122378593b682d3712d5595cd56d209dcde5db9bc3687b
5,ySgu1OkkX21lZTI1,1745055658713,5,1745055658713@PWAySgu1OkkX21lZTI1,03093092f0e9387ded7b69c7e4d88cfb72c09be3225c9f19e7a8faf3d4a1d4f04581d5e5e0a51f42254ff56ad14d3e7c
6,I2vawZ79vFZupzku,1745015954713,18,1745015954713@PWAI2vawZ79vFZupzku,423793a97dabf9e024705341f3f37cc1253d292128fb79b4b4e87a5e7451eab19f1198c9d16707a695e65d2b9ddb2576
6,I2vawZ79vFZupzku,1745012553713,17,1745012553713@PWAI2vawZ79vFZupzku,8536859cf50e7ecabbd8c63e03e91f00e930fc27dc05979d9280a74eea32cbfbc1a4135e5fb4721cf2e411041da5b291
6,I2vawZ79vFZupzku,1745020160713,19,1745020160713@PWAI2vawZ79vFZupzku,9bec7431a56854f9879bbe957373a300a71d8120d38841b2a47a8f6fa4691301648cc14aea41f1a982605cd0724bd2ed
6,I2vawZ79vFZupzku,1745008440713,16,1745008440713@PWAI2vawZ79vFZupzku,ab9ff7fc39037be31f31c9f2ce55c4927c47cc02735f9541e3c6edee8a8442bb92dfd8053d1ad352fe6204695286c05d
6,I2vawZ79vFZupzku,1745017273713,19,1745017273713@PWAI2vawZ79vFZupzku,67a7974d3b2eb978a70f6b04a4d32b80acab71b0b5de8819b1b0de596ac715fc858b5691fdd37a36e67eb093564557bd
6,I2vawZ79vFZupzku,1745026513713,21,1745026513713@PWAI2vawZ79vFZupzku,9ae29b602086ad00b371d5229d3338e3c7d23c0c18cbfd627c4d5b3a44653ef89c5b111c55f015df8fd143a14b05ed9a
6,I2vawZ79vFZupzku,1745052811713,4,1745052811713@PWAI2vawZ79vFZupzku,f3cb39bc3fc14597da71ac101d2e26eded8ae22988d102b9a503b64d729be9963d9247a34f7653d889db78482ed14973
6,I2vawZ79vFZupzku,1745073201713,10,1745073201713@PWAI2vawZ79vFZupzku,11b8bec967eff637be5b2e3b2801f33ee566bc8fa3aace063dc3ffa4b5b98988d58b5eff6bcccff79e34152251fd7047
6,I2vawZ79vFZupzku,1745051266713,4,1745051266713@PWAI2vawZ79vFZupzku,0a2f60584cce06a9df58fd7509cb91c2e3f9d0c7e616b6bae355c08bf52d4a865b398befae11c2871b0d452ca9549acf
6,I2vawZ79vFZupzku,1745015910713,18,1745015910713@PWAI2vawZ79vFZupzku,af6b64e888da5bec5a89dcf7505bfeb221be9880aadc397c9f64e2ac82a5b5560151b31e124c7287ef735f617a0d9efb
6,I2vawZ79vFZupzku,1745039823713,1,1745039823713@PWAI2vawZ79vFZupzku,c193404f9a846b2c9478017b090d092fd638c061ef07323df447502dfca306ec2abb734a4dff095810018dd7717faba7
6,I2vawZ79vFZupzku,1745015080713,18,1745015080713@PWAI2vawZ79vFZupzku,553714f67c497392341c6d4dc54b915b8a8b5c0ecc52519227f9723fa8755848102a92d711b0a02b30a3045ab25f9f25
6,I2vawZ79vFZupzku,1745065326713,8,1745065326713@PWAI2vawZ79vFZupzku,435f61904271097e978d5dc6c2ebb4000158522288bf77fa155b51d7a142528f8cb2ca81784acfa25766c55d1e5ffdcc
6,I2vawZ79vFZupzku,1745011971713,17,1745011971713@PWAI2vawZ79vFZupzku,9e062badb93a06733f575836298159610dc5a5920f1f5a12ada845a1b6fd12a33b367a8147519ee88954539e8951137e
6,I2vawZ79vFZupzku,1745016169713,18,1745016169713@PWAI2vawZ79vFZupzku,c0784d63c8976fc97e3cab6cd42664a8e361854e02004641dc202d340ba119b9c995be94be9ebf82310becb09512917d
6,I2vawZ79vFZupzku,1745049701713,4,1745049701713@PWAI2vawZ79vFZupzku,7ad54ecccc34b02a4d2c91915c0a5d685bb1fa7d4dba2b0dd9afe51edcac552e2b96833356f83f7dbcf3caa56941b057
6,I2vawZ79vFZupzku,1745035363713,0,1745035363713@PWAI2vawZ79vFZupzku,9894761fd304db20effbe57378e7053f04318e276fa116192cdb4b0e4bc3bdffea53d02b9a77b6b1ee22dad99df00ebc
6,I2vawZ79vFZupzku,1745028244713,22,1745028244713@PWAI2vawZ79vFZupzku,daf992522c7714f97e9d630a899c76d580e712918251e606cd363afc043ad89bb9cb19990da650950896ba7f57f9beab
6,I2vawZ79vFZupzku,1745010050713,17,1745010050713@PWAI2vawZ79vFZupzku,155c39639a0257f4590a02319ce201d9aeed4dfa3ee788f539cf7173569a053a917aaec840d6d4d151a39d1a8d7a1115
6,I2vawZ79vFZupzku,1745029723713,22,1745029723713@PWAI2vawZ79vFZupzku,3f8ecc248805fddfc2d5322ead72b46efc1d61e1770816fb89422702bd8ce6a09b3b132628fe93bec8110f08e68f3a34
6,I2vawZ79vFZupzku,1745016755713,18,1745016755713@PWAI2vawZ79vFZupzku,93ee9ed81b42fed60f72826f7ce77bfc1fae242aa0f8b5feb9610b3e77a7b09493ea7f104689eb21078d3ae08b54f6a1
6,I2vawZ79vFZupzku,1745075844713,11,1745075844713@PWAI2vawZ79vFZupzku,795c0d555f1c1dd78501a0555189503211184ec8dfe5341aea6a970c17943af1eb2190306c93ef0d607f3a45b89ef5c0
6,I2vawZ79vFZupzku,1745057304713,6,1745057304713@PWAI2vawZ79vFZupzku,075f5d9a4661709fd60d29ecf48a38926f4bd76e3232c4f16a8013db84286e9d6feb11a56d2e95576181dd680665db87
6,I2vawZ79vFZupzku,1745045464713,2,1745045464713@PWAI2vawZ79vFZupzku,525e4f1c7e797ad2dbc4cc1b857d7937e4907222ccb992d26497d421b6afdfef89ff23c326659bc3d3dbcc2ea385801a
6,I2vawZ79vFZupzku,1745033633713,23,1745033633713@PWAI2vawZ79vFZupzku,6076d40a78655cc891865f41f9434e1bcf4b33ec5ad4cf9936c8a550aa17659cbd7c29ffe1cf9d1b93359484f171713b
6,I2vawZ79vFZupzku,1745017366713,19,1745017366713@PWAI2vawZ79vFZupzku,cda46ec8588f626c38600b5b82a9bcc3ef5929f6625c31dde006f0872edf780b8eefa5f9dd386d32364fe5a08db6968c
6,I2vawZ79vFZupzku,1745027400713,21,1745027400713@PWAI2vawZ79vFZupzku,a1f20b8a1d16f99f2f71e653cfaf4347d4adf9a364ebf64fc7e0698e4e431a39e09340a58755402ec8126746e4cc5147
6,I2vawZ79vFZupzku,1745063039713,7,1745063039713@PWAI2vawZ79vFZupzku,c58b89e2cf692bd694eef1ade7085823f1e3f359d33f13ee0fb6fd34fa5c5717d9fecbca9f884c187ae52f4476a00c45
7,RYH8qY6VPx5b6nhK,1745072515713,10,1745072515713@PWARYH8qY6VPx5b6nhK,6f8f3aa83aebdf0c7ff372da30aa4166d3e013e99f2fbe4cce8a479df00e2307b129171c07a8eaede0f66454aa3029b4
7,RYH8qY6VPx5b6nhK,1745039735713,1,1745039735713@PWARYH8qY6VPx5b6nhK,45707701e8f1167260081f5f99d8adf0fb5bcbfcb2391facff6f7eec2d25644728b7473a010967b4fea534b46edfe462
7,RYH8qY6VPx5b6nhK,1745013991713,18,1745013991713@PWARYH8qY6VPx5b6nhK,d9173e84b161ed0c747e79a514dcce5c548591fb75534e07c41ee44586ab40f943177e269bd7215bbb2e0435de85d226
7,RYH8qY6VPx5b6nhK,1745047428713,3,1745047428713@PWARYH8qY6VPx5b6nhK,e85edc1bbc08e8083464af834b9d8255ae58a5717038bbfba5d5e2557f25974724385f699f9072cb843c3bbf7d5661b3
7,RYH8qY6VPx5b6nhK,1745016316713,18,1745016316713@PWARYH8qY6VPx5b6nhK,accc44a7086b63fae46422a4cdcdfdf8a3d6c0c4401600065042a096daeb31b96e33f7185534a1546492ef5fdceae62e
7,RYH8qY6VPx5b6nhK,1745048127713,3,1745048127713@PWARYH8qY6VPx5b6nhK,550af14db67cc292ae021569a90debd457787773701a0c4873e460be35e404498ce20306e42db85a4508a9511d6bafb7
7,RYH8qY6VPx5b6nhK,1745061215713,7,1745061215713@PWARYH8qY6VPx5b6nhK,f4b714b8d108e7533edde69cb888a4b07bacb8635251ba5c3c7aa437a2a0670c5bd21dc16c1eee49d3e432639fbcaf21
7,RYH8qY6VPx5b6nhK,1745014945713,18,1745014945713@PWARYH8qY6VPx5b6nhK,eeb97c7b4cf318b0d1599ff1f351c64e91214a5cd470ab0964ab596a105d681adec557e06bc69e5898625e913cf1602e
7,RYH8qY6VPx5b6nhK,1745075921713,11,1745075921713@PWARYH8qY6VPx5b6nhK,0eb1a91b8f2f084346a6f1a261b34f27322d8356d8e06065aa615e2948fea749c83be02679e9fe6d5aff8cb7955e8c2b
7,RYH8qY6VPx5b6nhK,1745041879713,1,1745041879713@PWARYH8qY6VPx5b6nhK,bf447d2bcf3b741294fbb38197a9a5074bf7f363dba797c2beee482788751b537a72a21e51d7a06ab0535407438f9945
7,RYH8qY6VPx5b6nhK,1745042412713,2,1745042412713@PWARYH8qY6VPx5b6nhK,864a08430bc05ee49169c13367362e16944764cc13e881a991315a32c57a72fbda52cb906412b358590a417360f0a445
7,RYH8qY6VPx5b6nhK,1745054533713,5,1745054533713@PWARYH8qY6VPx5b6nhK,02d13d9d9ec57378634895f66c61ce96140148cced2e9662d9fc88a6caa895211b52a7eee417339b7fee8ecad6ec8798
7,RYH8qY6VPx5b6nhK,1745067456713,8,1745067456713@PWARYH8qY6VPx5b6nhK,db81d9ec3a2f59f184a6b76867f54dee403826910d38f57211288e324c6f99882f71aacc25f762c3b9e8030b6ddf599f
7,RYH8qY6VPx5b6nhK,1745040016713,1,1745040016713@PWARYH8qY6VPx5b6nhK,8e709991e65f3e9fbb3c65f860fb48e240548d9519e6991a788e93ea3d413c64d92d9926e64998e0a9ce677720b9d6ec
7,RYH8qY6VPx5b6nhK,1745008594713,16,1745008594713@PWARYH8qY6VPx5b6nhK,8d19ff4fcabe7ee6a9ff76eb8fde9924654b923407faf63ce25c3685549c96ac357a835880465ec6be73a3f344587813
7,RYH8qY6VPx5b6nhK,1745008828713,16,1745008828713@PWARYH8qY6VPx5b6nhK,0f75dd6d6d6ed4142c1daeacf1e056bd9bb2ed909652f6f43e9758d78bbfd35c85b89388bd8ac4da3dd4a5fc3a151044
7,RYH8qY6VPx5b6nhK,1745028955713,22,1745028955713@PWARYH8qY6VPx5b6nhK,fb48d78bb27e23582e01da4970b92212ab07795a5325667de713726d245bb10a82ccd698944e65768b64107f34cc00a8
7,RYH8qY6VPx5b6nhK,1745064028713,8,1745064028713@PWARYH8qY6VPx5b6nhK,4215cea7428b46b6a94919371ec0a76401a45d78bd56ced453a41fca267bebd5e56cb62e3165bf20afd12c232733f1fb
7,RYH8qY6VPx5b6nhK,1745025185713,21,1745025185713@PWARYH8qY6VPx5b6nhK,612c01ab91071a077ce009d6e7242c88907c8cd7b8a733eeccc9b6278a967cbab3e9dc3c079b679fb23ae863e861e5d8
7,RYH8qY6VPx5b6nhK,1745020137713,19,1745020137713@PWARYH8qY6VPx5b6nhK,15d5166e493eff4991962ab1137fa66880d25edb511212774a06b9415a79cd0a6067cab838a93ca3cdc5baac1d2c748e
7,RYH8qY6VPx5b6nhK,1745042342713,1,1745042342713@PWARYH8qY6VPx5b6nhK,749fd6c687572ca1b07c9aeab7458813eb671e832b421d27ac494cd218673c600723829cb79bd626f94dff3599e16201
7,RYH8qY6VPx5b6nhK,1745019713713,19,1745019713713@PWARYH8qY6VPx5b6nhK,caf98b90459a4dd88469054a78e8ad937fc3b2424540f9ed8832c69c98e1157e3759223b97db9d9ac5be2bd2394982ab
7,RYH8qY6VPx5b6nhK,1745063753713,7,1745063753713@PWARYH8qY6VPx5b6nhK,bd626dd86116ce95e27f950c59a40fe481ac04282b3c03f5bf4ec5a114b75cf4299d8f6a4d544e3b4567726dcec95017
7,RYH8qY6VPx5b6nhK,1745022418713,20,1745022418713@PWARYH8qY6VPx5b6nhK,9f589f21a306be1f4c0ad7e74157c09bec8ba8927ad1568f256a6446329686436475732fc62f41bfc751da972d081101
7,RYH8qY6VPx5b6nhK,1745060436713,7,1745060436713@PWARYH8qY6VPx5b6nhK,9cfaf7cae391ef35305fa87afa0d57a1163a93a3523da3dbd0cc17fc4e207d6a9431731b40beed25742db2c71bb81a4d
8,sa2PG0qkrBi9AnlR,1745022159713,20,1745022159713@PWAsa2PG0qkrBi9AnlR,c9eafd1c369f2ba25423e9537a2e6eb06f65cf31c51a154fa836aa845dd1a92bb37ff3098c1033e943103aecd7a96c7e
8,sa2PG0qkrBi9AnlR,1745059664713,6,1745059664713@PWAsa2PG0qkrBi9AnlR,97fd4c57e918942455430e441a727cce280aa6374f4106e8eeda0f85edc8d379ff86bd21dfd82bba9bbefc214e60eadd
8,sa2PG0qkrBi9AnlR,1745014599713,18,1745014599713@PWAsa2PG0qkrBi9AnlR,eb9d5d7d5ca9397d83cc3b30c0ce071a535c0ad619e6ad312f2c167475a64db44ae4227e3b131b4644062ebfe45b3aec
8,sa2PG0qkrBi9AnlR,1745052856713,4,1745052856713@PWAsa2PG0qkrBi9AnlR,83d8c41ff587454293772d1cc0ec8161642c1485a56a82b1c3919a8c5dc78c281028fea9128091d1b2c76b3a406704a9
8,sa2PG0qkrBi9AnlR,1745055978713,5,1745055978713@PWAsa2PG0qkrBi9AnlR,eead3831ed761c5c7791f0bb4ed12fd70bf429262d31d576351472e068ecfc3dbdcac20d25ce5fade856a4797b1c7003
8,sa2PG0qkrBi9AnlR,1745008656713,16,1745008656713@PWAsa2PG0qkrBi9AnlR,b67f1cc4a23067b794a5182370aab6a8dcba96fc35a89a9b983174c1570fdd8a41e383cfb23dc956766853aef1f0dcd8
8,sa2PG0qkrBi9AnlR,1745019314713,19,1745019314713@PWAsa2PG0qkrBi9AnlR,938083dde9a332f96f6d5f21949cf22b1c04999e4097e85a50dec14cbc5ca24fd6d7460a791ddfc0c9d3eafc7baa5400
8,sa2PG0qkrBi9AnlR,1745009463713,16,1745009463713@PWAsa2PG0qkrBi9AnlR,b110373fd82a41e22bf8c33460d60f499c6856fccd3f8ab9cf82ad621d4b2ec403216f6489951a802391b7fddc93d7c8
8,sa2PG0qkrBi9AnlR,1745063942713,7,1745063942713@PWAsa2PG0qkrBi9AnlR,887ff10feb92a9a7d47ef07b5cafb2c5fceb6641390f9be52a4587b9f4b658dc857960764d36c22ed51e62971ea6b653
8,sa2PG0qkrBi9AnlR,1745065449713,8,1745065449713@PWAsa2PG0qkrBi9AnlR,aafbffcda711be2731feefc914e4c55509b7e48883ad5298e055206272f55499584b91febbdc7d070cd0d3374a2a2e2a
8,sa2PG0qkrBi9AnlR,1745075284713,11,1745075284713@PWAsa2PG0qkrBi9AnlR,7587b3ba251e91be7ca3506ed7fa1ba15395fdec2a0cc83f59682db20fac1d3c57624960fae82b2619eccf3215b711d6
8,sa2PG0qkrBi9AnlR,1745037817713,0,1745037817713@PWAsa2PG0qkrBi9AnlR,9b39895aaace6647667d1ddec7ff965e08380cd83187275c0daa9fcf3084c5284194253d7513e4a8e77416c700b2fa6b
8,sa2PG0qkrBi9AnlR,1745031137713,22,1745031137713@PWAsa2PG0qkrBi9AnlR,6318a99b732df53517ab31f61873a669bbfba6ca58fe6341f31837da6eac1915dd61ce734e5077fe6bb370024cf3cfe2
8,sa2PG0qkrBi9AnlR,1745062970713,7,1745062970713@PWAsa2PG0qkrBi9AnlR,e9b2184976783fb65a6e84449ca58cf4a68afcd16459ccd9a9f839ad15e36909bd9680fe8392c98d3fe0189c059fe01a
8,sa2PG0qkrBi9AnlR,1745055232713,5,1745055232713@PWAsa2PG0qkrBi9AnlR,81fe912c0b29e1af303410aabe55521c4e53512c088b23a91cf48973bc47051eb91a1d8f72b32cd684542b2d905e8b6b
8,sa2PG0qkrBi9AnlR,1745010933713,17,1745010933713@PWAsa2PG0qkrBi9AnlR,2696186269299e5a35f2474d7b8f3580d0320fdadfdc2d09b89a2e5f3c0e8e04cdf536c28db213f9c1d706ca767e0b4b
8,sa2PG0qkrBi9AnlR,1745039128713,1,1745039128713@PWAsa2PG0qkrBi9AnlR,9c664214a7520c55f37e80fa2a8bc2be34cfe9ec0030f29ca898d96ed9370277647d8ca40571d46ce9b25c5b13b353ef
8,sa2PG0qkrBi9AnlR,1745041410713,1,1745041410713@PWAsa2PG0qkrBi9AnlR,97652f65cc3976773317242590c841b813aaee10395c3e7cf8a3d98fdd76a54b6062e3f5d16e9d5573e19941401133ce
8,sa2PG0qkrBi9AnlR,1745063895713,7,1745063895713@PWAsa2PG0qkrBi9AnlR,3d7871868fae7bdc46ee0b822a01e06406ce1692e0769d1219b18e3023c9a7989b3fb5361ba3a0f969d342a3156fef4a
8,sa2PG0qkrBi9AnlR,1745047319713,3,1745047319713@PWAsa2PG0qkrBi9AnlR,c2fed24e171683d822e2c4345f2371a28177d14b4635f95543ef15c410412123ffbd3be80422b8ccdc519a2ed8bbceb8
8,sa2PG0qkrBi9AnlR,1745007013713,16,1745007013713@PWAsa2PG0qkrBi9AnlR,df62a1c769b2abe1e3a8b2d1e7679eedc901767fed5fbb9a35517cfa27fd8784b8ea5389ff85aa47437d41e4ce122b2d
8,sa2PG0qkrBi9AnlR,1745036729713,0,1745036729713@PWAsa2PG0qkrBi9AnlR,15b6147702dc3d29f2a776df7fbfde166018d68ecc7bd8ff6fe2a1f921a57cfaed3dfdcdd7e98f4b44c521b7ec46b681
8,sa2PG0qkrBi9AnlR,1745025011713,21,1745025011713@PWAsa2PG0qkrBi9AnlR,60cadc04aa216c31f5a2ee648d37a1692868a35ca065445cf1e1c1b0f6660d0e12f081148bafcf79f5b15e78ceb76c3f
8,sa2PG0qkrBi9AnlR,1745017971713,19,1745017971713@PWAsa2PG0qkrBi9AnlR,dbf0c653976598d6338487aa299cf7f2ffca8f87e9631940dde4d80e8a1a5b93fcecff5067dbbf26041f7f44f2cd6841
8,sa2PG0qkrBi9AnlR,1745058552713,6,1745058552713@PWAsa2PG0qkrBi9AnlR,b63c40cfd1ef720c1292948c9897dbd5b7a37316be6a710ae42e938f639710b019e59e3651b8184cb0583a397ac356f6
8,sa2PG0qkrBi9AnlR,1745068336713,9,1745068336713@PWAsa2PG0qkrBi9AnlR,3a85a318a96559655b2799329fcd5b546cc7fda8565916f4a903ec915e0006b8fce7405cb7b0dbb0523c8e0656c538f9
8,sa2PG0qkrBi9AnlR,1745024245713,20,1745024245713@PWAsa2PG0qkrBi9AnlR,94af05c94aa50161b98d184589b66409cb423dcdf7c609107e8ff49649ecee802b66339e40d6cf7d186dcdeebb2030cf
8,sa2PG0qkrBi9AnlR,1745064426713,8,1745064426713@PWAsa2PG0qkrBi9AnlR,670f721590319fc31ccf5d838b07456b4d362173b7599694c7051684c0366f9db1e906f80b146351e65319fb047e34b0
8,sa2PG0qkrBi9AnlR,1745012469713,17,1745012469713@PWAsa2PG0qkrBi9AnlR,be78ed0d88be0540fec23d6de738ac69f0c950d179a60b9315509a82d4e9905c158f24eb7595e35e087d86e22dd7740b
8,sa2PG0qkrBi9AnlR,1745041634713,1,1745041634713@PWAsa2PG0qkrBi9AnlR,25c2ad604e1c6c4014ccb4fbc8a970b939cdb40df5d8253e7c9470b7dd6c158c560920a39a0fbdc20557d2451be82fee
8,sa2PG0qkrBi9AnlR,1745072439713,10,1745072439713@PWAsa2PG0qkrBi9AnlR,7185a1f41ad16cb2d80d28b2872d85e7350bf40ad3c7003c89785da8f42011df1c0270a5b6c672093f0891e40098c996
8,sa2PG0qkrBi9AnlR,1745040254713,1,1745040254713@PWAsa2PG0qkrBi9AnlR,9492767e3b0bc3ebd148489a1747c02670ec2d2418dcf4b1bc0ed4b4a765962855e7b41a64a245f73defd9758b2025e7
8,sa2PG0qkrBi9AnlR,1745027634713,21,1745027634713@PWAsa2PG0qkrBi9AnlR,2ea4775572c530f67a543567681abb93834eaf4bbd30eb4b205b202e852548642c43b61626bea8a4f636ba09b2018a27
8,sa2PG0qkrBi9AnlR,1745039322713,1,1745039322713@PWAsa2PG0qkrBi9AnlR,78a018985deae850e1b489847d00d611a68216b40f1a6fe5a7cd90ad07aeaf0e48ba407e2c1c8ac981d1adb164935f00
8,sa2PG0qkrBi9AnlR,1745030621713,22,1745030621713@PWAsa2PG0qkrBi9AnlR,843c6ba42e19f1362bb0dbc153acf94ccabce44ac8f6917dab6df674afcc10983eedb7b29e97162ab9ada0de730eb7bf
8,sa2PG0qkrBi9AnlR,1745033120713,23,1745033120713@PWAsa2PG0qkrBi9AnlR,fa7cde77e4720a010a179b415e4d33aeee04e40f0f8311b287ffd34e6724c053f760a72d73e3925e2aa566b42a8aef92
8,sa2PG0qkrBi9AnlR,1745042826713,2,1745042826713@PWAsa2PG0qkrBi9AnlR,3c36bb9be67a13a2c5655f8cd7430c0758b0851bc6c9f085de4d0578bf8b29253b2abe88f9effd9ad5fba4f349cbfc22
8,sa2PG0qkrBi9AnlR,1745062762713,7,1745062762713@PWAsa2PG0qkrBi9AnlR,91bd3e677b70c82b43b7e7aba7581a46562c942cc37429abc23069908fa258eb728ca30eb27893487fcb9763af5f1aea
8,sa2PG0qkrBi9AnlR,1745071586713,10,1745071586713@PWAsa2PG0qkrBi9AnlR,4b4b5f693bca66cb1c2386d0b95e6afc76dcea43d3520ba73f67cdad838b7e85b885ab16cf9274eb73e5f10c4cb2160a
8,sa2PG0qkrBi9AnlR,1745073912713,10,1745073912713@PWAsa2PG0qkrBi9AnlR,e9d668017160f9a0802a9ef5c87a6d59a0cf4bda79fd31d040ffa3fce14855f2572891b7658478678ab4bb8da0bc4868
8,sa2PG0qkrBi9AnlR,1745056114713,5,1745056114713@PWAsa2PG0qkrBi9AnlR,90540fb36f3588a4c1135fa73015b20580a292fde1eea93d2f08c74e2d767242f8754e8a1d808941c51d711e1259627e
9,DsM2KMBOYEh12PHz,1745035823713,0,1745035823713@PWADsM2KMBOYEh12PHz,f4694594852a02c88a942465d5eb1a67af5d61f1b20828bc4a709c22a4bec4e7cf1bacec13f93c439bd345b497271be9
9,DsM2KMBOYEh12PHz,1745066977713,8,1745066977713@PWADsM2KMBOYEh12PHz,291d3995779d8c1beef7a5a27a636155cd61961121ea34bf2a2107940d93ead8e005afbd711fdd219383204681188c94
9,DsM2KMBOYEh12PHz,1745048719713,3,1745048719713@PWADsM2KMBOYEh12PHz,a68e5f318e1bae41a2c9bb131cb7570a018a17bd7966a10bd50a342cf184cb686ea47e9e354e150ddacdb715839cce0b
9,DsM2KMBOYEh12PHz,1745053640713,5,1745053640713@PWADsM2KMBOYEh12PHz,f99b0482d3083b6f188b3bddbff6997bc199f1baecfac50392f325e21b7c2be53c9a46aaebc201527457cb117a88baaa
9,DsM2KMBOYEh12PHz,1745049840713,4,1745049840713@PWADsM2KMBOYEh12PHz,e0433f3ee6bf32555acda3965af7fdade5493cff4187d3f963ba57ba0cd38f23a0dea017e443e6c6eeb909be196a3984
9,DsM2KMBOYEh12PHz,1745040809713,1,1745040809713@PWADsM2KMBOYEh12PHz,ce63264327c1f253feb5ebc45868ea688e7b8c5c67fd6f832b11245a2c0d333ad1ffed5813e56d0ba2fd6b520c3bbeda
9,DsM2KMBOYEh12PHz,1745068985713,9,1745068985713@PWADsM2KMBOYEh12PHz,9c096273326703c4513709578df96dab11935ad750f5aa5f10901f5fc373baaaac11c0a3760f930c9877ff0903e3ffe9
9,DsM2KMBOYEh12PHz,1745029998713,22,1745029998713@PWADsM2KMBOYEh12PHz,02a7f11787faf3d9d8c2fe745dcec825d47b2ae97f99d9ad858055053fab30ac22ca277a8085ea972b609b54dec49e15
9,DsM2KMBOYEh12PHz,1745033258713,23,1745033258713@PWADsM2KMBOYEh12PHz,d450a90c409841a84314fbb9ba022617c601b7ffd783ec8f16708b1c0be476b87553efd0ad1e440a36ded2c55a80a43b
9,DsM2KMBOYEh12PHz,1745040756713,1,1745040756713@PWADsM2KMBOYEh12PHz,c27fee292c31a8b8e1e408751879496321d085f3bbd2ac9a58bde439b54e20787feeea6a0d8f2375c4b869160df1de3e
9,DsM2KMBOYEh12PHz,1745040374713,1,1745040374713@PWADsM2KMBOYEh12PHz,985afa7de14b175581fd25a10c073b92cf268769a1e4c09ed0d13462828960495dfc9aad4de62051c5e2a1218037a354
9,DsM2KMBOYEh12PHz,1745019496713,19,1745019496713@PWADsM2KMBOYEh12PHz,993ce6a1677f275493086892aff93291058880f9f687df37d4fb7af284d9dcc630d4a8ebc47e6c23c7ed2b752e240c52
9,DsM2KMBOYEh12PHz,1745069589713,9,1745069589713@PWADsM2KMBOYEh12PHz,1000f23d6d8ea49cd1e3038c4f0d8f201066795764cbb5a4788122f9e1aceac2ef5c1b67937ef5335b35dd480ef2c3a7
9,DsM2KMBOYEh12PHz,1745051416713,4,1745051416713@PWADsM2KMBOYEh12PHz,031168b33beaf51b7b5301f1c4c376fc54dff129737255beadb2caaaef7b8cabe842733182ce18a9e3479a3b7149b5cb
9,DsM2KMBOYEh12PHz,1745072447713,10,1745072447713@PWADsM2KMBOYEh12PHz,52c2779aecd142a3bb163ffd8d0648c8533e148c4125214594b3da09b51e633b589af378c645e8e04348db1dc2bd42dc
9,DsM2KMBOYEh12PHz,1745024657713,21,1745024657713@PWADsM2KMBOYEh12PHz,4c9fb27a3daa5ddfc8edeadf3a932a52bf81a71b8f0213312455a795dc976b5667f0ae4ffbaa6ad7834664486aeeb3c5
9,DsM2KMBOYEh12PHz,1745031322713,22,1745031322713@PWADsM2KMBOYEh12PHz,ce35e0bdb64d8c64a2016c9439335e64970d7b919a5bf868298407fc95ddc9d6d7eb72c67b9f3c1726b07f5e5f24933a
9,DsM2KMBOYEh12PHz,1745032022713,23,1745032022713@PWADsM2KMBOYEh12PHz,91e608104d6da98faf6302b5526bc699cb5b4d17ab340d491ccd757f2b78bd87117c65f7d78e0e5e310459181877d7bd
9,DsM2KMBOYEh12PHz,1745035309713,0,1745035309713@PWADsM2KMBOYEh12PHz,b89be249a5bbec2dfccd5921ade2507809aeeead8ad0ac4af3bc8054e478fe736547fca389e443881f8cf50db49ba085
9,DsM2KMBOYEh12PHz,1745014327713,18,1745014327713@PWADsM2KMBOYEh12PHz,1696c6a212db4e5f357fac549e32bdc9f65241a1e63d4d2b24fb51b60caa524a2e4fc3de344848676772ba2f22bb5d77
9,DsM2KMBOYEh12PHz,1745045203713,2,1745045203713@PWADsM2KMBOYEh12PHz,5f2cde488b40b3bddecff25c4d0a3e89e6983f9944b227cd10664023d4c87ae643604cc95da3191997ad7c1fe1b93dd8
9,DsM2KMBOYEh12PHz,1745030061713,22,1745030061713@PWADsM2KMBOYEh12PHz,eb6952b1978661544de8bd27c5a1b2a32d7e0f236f253befdf7938cdf9e6b7b23b0d7678178044736fd1fc37afc4c995
9,DsM2KMBOYEh12PHz,1745044781713,2,1745044781713@PWADsM2KMBOYEh12PHz,42131c754234ff8c99cf0cdaeebf956456bec9bb867b3bcfd04129abf5f448d08cdd2a30965ffc10d96f9a5f25c743ba
9,DsM2KMBOYEh12PHz,1745027449713,21,1745027449713@PWADsM2KMBOYEh12PHz,680694a8a65566f897765b2a747baf1a3d731393b442571be615060600d098e67c2ddf1c2030527cefb7e6e0f574ecdd
9,DsM2KMBOYEh12PHz,1745057875713,6,1745057875713@PWADsM2KMBOYEh12PHz,2d1ffad1d6e70fcf670db00efcb928c0a21254e9811f0a506e15cd78a445e3a51f64310ed53261b2725be8b2dfe7623e
9,DsM2KMBOYEh12PHz,1745020521713,19,1745020521713@PWADsM2KMBOYEh12PHz,97a34f13de80ab8d5772b6ea9cd6aabecb404fb7f39e8ba6f9bf84eb3e50d2a475a063423458d37a494cf4cf38dd345c
9,DsM2KMBOYEh12PHz,1745020898713,20,1745020898713@PWADsM2KMBOYEh12PHz,96b435d3c81d4668b71a0f0416761a2c2ddffa354e25c16e267a5a64394aea3012c4d5637af814887c79a46c7ee48016
9,DsM2KMBOYEh12PHz,1745015990713,18,1745015990713@PWADsM2KMBOYEh12PHz,7cf61e21d4d923c240e7ee78b1b39a5b93cd339e3d5e659efd80b8f4b8e93fcc69bfff67044314932db9eac0fb788f45
9,DsM2KMBOYEh12PHz,1745013488713,17,1745013488713@PWADsM2KMBOYEh12PHz,1e1b8268edb1ed5b5c0d8b654ba40507416077d5e3cf3f2db0e3a4034131444973f85cab11044262e555db8346e06cba
9,DsM2KMBOYEh12PHz,1745017031713,18,1745017031713@PWADsM2KMBOYEh12PHz,018141ee8c4aff7a8b687a48e05337dee7997facadd880b851e76d329723183f1399ac88650c0ad63a832c23f862155d
9,DsM2KMBOYEh12PHz,1745042905713,2,1745042905713@PWADsM2KMBOYEh12PHz,454fac6b75e52dec43de230ce44c41f8f3ed0a945f9c4ef53f92532ceafe68a68aa46f0937245bcdf4c8691cc8f3b480
9,DsM2KMBOYEh12PHz,1745025344713,21,1745025344713@PWADsM2KMBOYEh12PHz,db83dbadda23ca6c8f9fb8940369039c4d88b56576f14d0d5fb434224c4224a90ac6d812bf09ba2a8dd99277471f7782
9,DsM2KMBOYEh12PHz,1745061905713,7,1745061905713@PWADsM2KMBOYEh12PHz,f93c916a38d5e55a26a20595bba210288f8648d4e8ff7c8c14e98fdcb3ca9b6f268eb128998fbc2f6c92739337272ff5
9,DsM2KMBOYEh12PHz,1745040731713,1,1745040731713@PWADsM2KMBOYEh12PHz,7a10eb71a87579976e777cfe0d012a3ae62e7bbfbbe09d04d115910783fe3cdb18557effe94dae892d46b7c906eb3051
9,DsM2KMBOYEh12PHz,1745055730713,5,1745055730713@PWADsM2KMBOYEh12PHz,256a6266d1a9cc3cc2dbee78ee1394177c16bf71261fd9b75c859d12c5974676896cfb9e98e86b2f0803fd9a1872a0af
9,DsM2KMBOYEh12PHz,1745071270713,10,1745071270713@PWADsM2KMBOYEh12PHz,bc1e17f3cf7463a458491ff0d3c1b6f7e4ee474f16cd9739a8147db77e14338dc6e2412778fb3b1d16bf931a12b2f19d
9,DsM2KMBOYEh12PHz,1745006639713,16,1745006639713@PWADsM2KMBOYEh12PHz,10539baad88e9f6425eebcc2974ea00a6126dcbf4962c84ec5e54db266a11207167ecf1fd26d50077daddde50af27361
9,DsM2KMBOYEh12PHz,1745007325713,16,1745007325713@PWADsM2KMBOYEh12PHz,c39a3b90242c322c9fb98ea7d75957f324fded40798f0216c2a14052af5a4a0a3a06e81edd14b33c615efeb93f02fe25
9,DsM2KMBOYEh12PHz,1745067749713,9,1745067749713@PWADsM2KMBOYEh12PHz,b82409b2b8c2795f3dae7f3aea855002438d4004a15c534ca1beef99c4aaed6ddfb30152909d0b29626c7e191baf2978
10,33AexTrH7cH7KQSJ,1745072806713,10,1745072806713@PWA33AexTrH7cH7KQSJ,564a7130e54851ecba928b30987d688529558e23922cc688a6db19e0722837bb71ec1212f5940c524e1610a0f2f4e439
10,33AexTrH7cH7KQSJ,1745027938713,21,1745027938713@PWA33AexTrH7cH7KQSJ,acb98ebbaf63a1430dbe12f914cc445df73ea50f8649dee48b14d370e96e5aaa4891750d4e6ed8fc8e89b61b791dd6c0
10,33AexTrH7cH7KQSJ,1745070080713,9,1745070080713@PWA33AexTrH7cH7KQSJ,cb695d0986575e57d487db7ba60665dc245f4805b79340a20b7e3b8d0051007b20bc68e7e46810e3c0460159ed553d80
10,33AexTrH7cH7KQSJ,1745039745713,1,1745039745713@PWA33AexTrH7cH7KQSJ,bd611a1ee96c32f2ca05ebd53de7dafe7d0d0e51fdd2edaaa56d7a2b80cbbc420b7d31b432c22fbeb2beec0de0589b9f
10,33AexTrH7cH7KQSJ,1745018843713,19,1745018843713@PWA33AexTrH7cH7KQSJ,b93f3055a73614d19ac9c82eb8dca4835eddd0e0ec951b34c9063ba227e1f8a026fa23fcefa73aaa942f798e94b7ca71
10,33AexTrH7cH7KQSJ,1745056738713,5,1745056738713@PWA33AexTrH7cH7KQSJ,33a5b44df80d278570f4cee522cd47d982ca16cb25bc3b0a2462ad80a8023d5c58d176d41caa3a44ac311d338dd94ab9
10,33AexTrH7cH7KQSJ,1745070245713,9,1745070245713@PWA33AexTrH7cH7KQSJ,428f32ed41ff7ff29e80d76bbcb97d4aa06758b55129d48362fcc6e272770447a71e207cac04dc7ccda39169312befe4
10,33AexTrH7cH7KQSJ,1745054074713,5,1745054074713@PWA33AexTrH7cH7KQSJ,33ee84db07659caf2f873fe865a2937ca1a61f67e535ff1f201c6b66075b9aee520ad33095f882ffdfdfc18d299d3e14
10,33AexTrH7cH7KQSJ,1745070474713,9,1745070474713@PWA33AexTrH7cH7KQSJ,c40df4413c198f9fb738428b70202099330dc00ecf6bf55c448b7d67776099e531a46d04a7b2701fccb14409e28e2d86
10,33AexTrH7cH7KQSJ,1745036022713,0,1745036022713@PWA33AexTrH7cH7KQSJ,56045ffa61ae949ebfe045c842cefb74a97478be26b345ef7c505b65e628832443381de0c8ace700f38723db3a93aa7b
10,33AexTrH7cH7KQSJ,1745034730713,23,1745034730713@PWA33AexTrH7cH7KQSJ,b1db9de243034497579909dbe4e0db8a24c608610a502b05c29169d2ad69f1747ba96d67c7dfc48e7e4c042014b6d00c
10,33AexTrH7cH7KQSJ,1745021943713,20,1745021943713@PWA33AexTrH7cH7KQSJ,d91c52bcdd883907ac72a13ad64eceec88104a634061a49ee2b66561a34430ff056e79d5406d30f0ad3def5ae69f3f9c
10,33AexTrH7cH7KQSJ,1745051998713,4,1745051998713@PWA33AexTrH7cH7KQSJ,bab414603c80f93592a263a121c569cfb6d4948cf2399a3a067d4ccac11bf97335da46ad3915b53603fe5959aca57032
10,33AexTrH7cH7KQSJ,1745064142713,8,1745064142713@PWA33AexTrH7cH7KQSJ,effa8271cfb26af75ebc2b82496fcecf865d55944b40b6e3805889519fcedc0ddc35fbd7b409cc77fda355884d80aa58
10,33AexTrH7cH7KQSJ,1745027665713,21,1745027665713@PWA33AexTrH7cH7KQSJ,9fb3e69edc12630e24d14238b99c47cc83dcc1ab4273c3d17902ccfdb7dc110b484f1a3ca2a06acaaac85064c33ed3ce
10,33AexTrH7cH7KQSJ,1745061857713,7,1745061857713@PWA33AexTrH7cH7KQSJ,46ed84f7918e57d220a34d4ea2f4a80ae0dc53b777769ae107ce26c168262d1db89186a92d8cdf5206bf6c81bf68e656
10,33AexTrH7cH7KQSJ,1745061473713,7,1745061473713@PWA33AexTrH7cH7KQSJ,962203b646119f18b2e7b0d878a77444613f57167f2db37c6375db0d1e3305b5ffe734934819c92ea2a1179868ebf3e8
10,33AexTrH7cH7KQSJ,1745016529713,18,1745016529713@PWA33AexTrH7cH7KQSJ,67d5107050d2c380430c5c48a1456fea7d869c2326451b4d5c3c1b34fa4ef946352f6947e0b5e4afed88b258a1fe1eb1
10,33AexTrH7cH7KQSJ,1745006528713,16,1745006528713@PWA33AexTrH7cH7KQSJ,2662406f3ea91854608444ce69d4d0bec1a6eb45fa77b4caf4b5111f1b19f788533ec3e6dc47bc75988e45b216347c79
10,33AexTrH7cH7KQSJ,1745044676713,2,1745044676713@PWA33AexTrH7cH7KQSJ,a94fc780fced07480f17df624a9f7fe9cbee5cd96f794b6020b40bcad527234146b483d0168c6cb25e07cc5e473e266b
10,33AexTrH7cH7KQSJ,1745063621713,7,1745063621713@PWA33AexTrH7cH7KQSJ,9af0843eb18e5954b452528c7832ea114a9db8f7e40fb7a31abde2df300cdb6b39edfacf3a9abbeefcbb3ac14f15bf10
10,33AexTrH7cH7KQSJ,1745053869713,5,1745053869713@PWA33AexTrH7cH7KQSJ,37695217513d9fc09460da2e11a18d0b29b3941328a199640aa52a97a98638c9108dfc14b980b57359c0194ef86506fe
10,33AexTrH7cH7KQSJ,1745012242713,17,1745012242713@PWA33AexTrH7cH7KQSJ,612fe121b318ba7025be396bda4348fa503090b55d31fff127fdaa7082251eedd2894a6edd8fa89a1004ec7854b0fbaf
10,33AexTrH7cH7KQSJ,1745058887713,6,1745058887713@PWA33AexTrH7cH7KQSJ,4beecd4d163da0579c54c87bb4dd1864607c8728e48fd7c8bf528b77acdbbe68ccd97c3a6d864f8e4f02794f3a6cb664
10,33AexTrH7cH7KQSJ,1745049119713,3,1745049119713@PWA33AexTrH7cH7KQSJ,2f09e5a5ced6973f93a28d48315c3b379f127f39da0d404f12b890b7d756f0f77eea1c2d5ce4dbc14f7b68c87fb16dd2
10,33AexTrH7cH7KQSJ,1745075314713,11,1745075314713@PWA33AexTrH7cH7KQSJ,5c5ac1a6750b51c4c6e120dd6400a98167331c35fcd3dbc5a95768e456a5ba38726f7acdb1a6d7d8339ec83133289e23
10,33AexTrH7cH7KQSJ,1745066695713,8,1745066695713@PWA33AexTrH7cH7KQSJ,0712b3c61776fc5bb01ee16d2e8bdf2181463e9185f4540153434a94fa6a46c5492f663dcc91c08ca42ee11c635c3aea
10,33AexTrH7cH7KQSJ,1745032725713,23,1745032725713@PWA33AexTrH7cH7KQSJ,1b9bf08e90fc7037cb696377aa8c7c534ab1e8569d35f86b1832179ad2810e1ede15f194355c124dbadd932384558bda
10,33AexTrH7cH7KQSJ,1745069669713,9,1745069669713@PWA33AexTrH7cH7KQSJ,87963ebe44e2b679d798f2ee646be9af14ad7fbbe34223a011c9509fc3c0dfce24a27ae689b23e575374b8cc4aa57221
10,33AexTrH7cH7KQSJ,1745025819713,21,1745025819713@PWA33AexTrH7cH7KQSJ,40faae34a0ebc1490feca492ada0f20f6200d863955ea74637b48127023aab62eec58522e8dbd66949452aa401991609
11,apBGmFnSQplhSMAy,1745065835713,8,1745065835713@PWAapBGmFnSQplhSMAy,2d50df079e0c96bb3c1fef76dddd8c83cd154b28a5a5cf81f41e3a311479a60c9137189f0cac88dacb14d5862bb3c6b3
11,apBGmFnSQplhSMAy,1745072000713,10,1745072000713@PWAapBGmFnSQplhSMAy,6954173fd7266a3dd12448135fc64261c71fb7a20e9ac1b704d029880d8555540b94f15dd4debde4f103f084eb483595
11,apBGmFnSQplhSMAy,1745055566713,5,1745055566713@PWAapBGmFnSQplhSMAy,520bbc062c4e5b9b1b5294362a1603be8553800c70a98290b87bcf102c31a217a34e6b544db3feb38117a9175c71c9e8
11,apBGmFnSQplhSMAy,1745057095713,6,1745057095713@PWAapBGmFnSQplhSMAy,f90a201f35e6fbcc197c217b87a4c090d22089e558db100fa6300f12a077bee56cf14fa3d5f78bc67aa2aeb7231773d7
11,apBGmFnSQplhSMAy,1745072588713,10,1745072588713@PWAapBGmFnSQplhSMAy,11709470c62c7ede3f9acd50d288bc053bce7c9019f15f25a625f4284085414711b287532439807eed6e5064a01d78bf
11,apBGmFnSQplhSMAy,1745013483713,17,1745013483713@PWAapBGmFnSQplhSMAy,e9bf133e14d4d1f55e5635c65aa30ad08fc4c61567a3bdfdfa7438ab863125b453f45902fd2f2837eb0050c12a45fa86
11,apBGmFnSQplhSMAy,1745039242713,1,1745039242713@PWAapBGmFnSQplhSMAy,d9c905625c5f9aba333a935efd445e4813ef3d644ef4b14df3ec669bd1c5881dad9fc92cd674f8587d610e43e9a434e6
11,apBGmFnSQplhSMAy,1745035137713,23,1745035137713@PWAapBGmFnSQplhSMAy,45fcc0ebba40d95e9da775ad7c7938c4fc44613b6d640771b7758e3690d1359d5660d1c4466f11f307bc0e21c990ac39
11,apBGmFnSQplhSMAy,1745074154713,10,1745074154713@PWAapBGmFnSQplhSMAy,02ed97725a06236d37f75e346148ef17c710a1f4239c91d90659fb0f5897ba4f428a1043eb1a4da98c9aba862f3f9024
11,apBGmFnSQplhSMAy,1745013863713,18,1745013863713@PWAapBGmFnSQplhSMAy,b3a0d925313ba2ff972f4f46a067b4e27ba2e9e89b171e1eaa886f530f758baa2f0caeb0824f185784d84f860b595f4c
11,apBGmFnSQplhSMAy,1745019768713,19,1745019768713@PWAapBGmFnSQplhSMAy,7e86f2d023533050636d97730e2806bc1ddf3fc0bf758256d54d87172f7c4bd35b54ba26fa6a7fba706952298f0dbe92
11,apBGmFnSQplhSMAy,1745052859713,4,1745052859713@PWAapBGmFnSQplhSMAy,9f6943a893e163b1a8dfcc0d6d7829981eb1c3df3aaa5dc3f2909cf2ba7afd2cbfa9ae626c4234c6845a6d2d3c704ba3
11,apBGmFnSQplhSMAy,1745014723713,18,1745014723713@PWAapBGmFnSQplhSMAy,ebfa82855de13e6443a956e8cc61b6fed1eaab663e5648f55317d949192104810a6ecfa2d8b0b85edd3e2694ecfb0bb0
11,apBGmFnSQplhSMAy,1745029205713,22,1745029205713@PWAapBGmFnSQplhSMAy,57117e7a616aba7ff128cc8d4f1ad362711ad4cf592192f6ba38228b9f34142bc9cc08b4751da7f1cbc1a109877e16b3
11,apBGmFnSQplhSMAy,1745026434713,21,1745026434713@PWAapBGmFnSQplhSMAy,b203e54d2a1ea84693b2554de1c397ef60a6a87e6a258cf936110827946fd327bb4a7b409dd9f4d2e4bab417fb81ddbf
11,apBGmFnSQplhSMAy,1745077630713,11,1745077630713@PWAapBGmFnSQplhSMAy,5d2c723a826ce2b98f23c75fd9ea140c3aee0bde1671e76cc73e8a1c1fc75fafaafc5e5a8b656222b626fe677fe769ce
11,apBGmFnSQplhSMAy,1745054792713,5,1745054792713@PWAapBGmFnSQplhSMAy,c07db5c92e333d7420ad8e54eb5491e4a4160e19179fb4be76372a23c803cb3f397a764a754dec705c555a8ebfd2ba5f
11,apBGmFnSQplhSMAy,1745044677713,2,1745044677713@PWAapBGmFnSQplhSMAy,00e620d0ef2f929d07d508334ffcff4532a36f3effd2b94c2d64129f0df99d7c0fd5aafc690392d4b0a57e4dc128184e
11,apBGmFnSQplhSMAy,1745062851713,7,1745062851713@PWAapBGmFnSQplhSMAy,bcce62c402ba0c80f0b585731423ce7a3358e9eb87d99817eaa340da4105d91218955a1e103bc467c2cea10f61d92b7a
11,apBGmFnSQplhSMAy,1745017923713,19,1745017923713@PWAapBGmFnSQplhSMAy,2303c948807a1e7201c9554885671a116ba7560128baebe522a5fd26f9025edf234a60663d679ec374d6e4f0965c260a
11,apBGmFnSQplhSMAy,1745056707713,5,1745056707713@PWAapBGmFnSQplhSMAy,21ea538601392609ae7b574b34c850b74b45f2d0410fd119c8424b686b8fa576648ca1cd99cf82a228a5db4d7a5a1e7a
11,apBGmFnSQplhSMAy,1745009290713,16,1745009290713@PWAapBGmFnSQplhSMAy,924a2114d639ab9fc78311a8c1b6015d834c0819028927394c2dc16901aec0d37861f595ad34640c13ec6187b03a639c
11,apBGmFnSQplhSMAy,1745031349713,22,1745031349713@PWAapBGmFnSQplhSMAy,f5d6783692a80c4587360d0ffb48b0c4978733d08a8b87846676a85018c9c0cc04088cd029139ef18c2c91462148848f
11,apBGmFnSQplhSMAy,1745075897713,11,1745075897713@PWAapBGmFnSQplhSMAy,6ac107d3c33dabfe836d40ef584926723404c506cd2ebbf56dcda87a4a049248521f8b51d8a464662f074ac39d08fbdb
11,apBGmFnSQplhSMAy,1745041639713,1,1745041639713@PWAapBGmFnSQplhSMAy,ed884e7a829bf7d53522440fc2aac29b0dab6db02b13b9a8b5d75dc86c94668110514d0e7784af8adc759a0b44d97d37
11,apBGmFnSQplhSMAy,1745016766713,18,1745016766713@PWAapBGmFnSQplhSMAy,cc8634cadbd1e3d906123e8c537d8a53b8641b36124c3c2fc0504c6c035555ba06a2ec09789c8ec6631bebab430b75de
11,apBGmFnSQplhSMAy,1745047697713,3,1745047697713@PWAapBGmFnSQplhSMAy,e6da26960a72327eda0e728fc7f36d2706d1c0952b4fe3264a37799df41829ecdd5a29eeb326ffa0352b44776be40cef
11,apBGmFnSQplhSMAy,1745028426713,22,1745028426713@PWAapBGmFnSQplhSMAy,fd998ee24aedde9a37add7a831667c164533e7097c2fab79c46df5214aa07ea5db26ff0ba4cabe87636fbbb22db47fc0
11,apBGmFnSQplhSMAy,1745013537713,17,1745013537713@PWAapBGmFnSQplhSMAy,98c75468864fc397f50de0a481e610b720cb23266333cf4374fde65338f45803a37749b971514b603c2efba4b0ded31a
11,apBGmFnSQplhSMAy,1745053402713,5,1745053402713@PWAapBGmFnSQplhSMAy,3939e6bed4e21865f04ceb6631cfc6dc0a2f0d47704b36f41c33b0736fbbeaa768d26d62b6548606d0b2e949fd407b9b
11,apBGmFnSQplhSMAy,1745077578713,11,1745077578713@PWAapBGmFnSQplhSMAy,50850588362c3999bf4267d69085f63aa8ab51d33ac99ab6cafdbf95afbb565d53943d405f1f427cf14b44905d8e428f
12,NoClV91qj2z9Qvea,1745072422713,10,1745072422713@PWANoClV91qj2z9Qvea,855ae90fcfd7aea9ab7f22702ba7dbce041cf3c3d4dfa5bc6376b97f211123f6c2c717614a4c879ce0bed20274650252
12,NoClV91qj2z9Qvea,1745040279713,1,1745040279713@PWANoClV91qj2z9Qvea,627f3ea668d87f78e471e9e411d9d6e630f9a797610f19acd9525cf9be5c24cad32c4a27b0d29aeb361ac972991bf4c8
12,NoClV91qj2z9Qvea,1745060933713,7,1745060933713@PWANoClV91qj2z9Qvea,aa7489962a50d55612ee0c4d5f2d25a88ef173fb3f98150e7b4a654cb5a0d1434d25821899f35546a48a2a2f0c2e22bd
12,NoClV91qj2z9Qvea,1745008991713,16,1745008991713@PWANoClV91qj2z9Qvea,20b7b64eeaedc9675636817df22e8947580736784c914e92c07cd3f7d7e39beed4d70c40e66c3600d29ee4c38325a985
12,NoClV91qj2z9Qvea,1745061100713,7,1745061100713@PWANoClV91qj2z9Qvea,583e7ac20f60c420f38bdb38e7a5e28163140dba6f88c501c0d717c98cbccd6d1347fb8cc8d84d8857ad900ea3383576
12,NoClV91qj2z9Qvea,1745051401713,4,1745051401713@PWANoClV91qj2z9Qvea,8ee0be33e400c8e6421ba7bd9e43cff25be56951e835369fc1ecd9e425b9a0d180779c4277ba06547941ed7d66eb31aa
12,NoClV91qj2z9Qvea,1745034369713,23,1745034369713@PWANoClV91qj2z9Qvea,94dbea2a63a3c396db5ba704342815f8bbcf5486219941f75eb46aa7aadc7171f32cf4b9fddce52d68bdde80da482bb4
12,NoClV91qj2z9Qvea,1745011426713,17,1745011426713@PWANoClV91qj2z9Qvea,44ce49b1a7b5f27ddd1537876516166927fc2f1d993b67da16317b18ef990ae200a994bb0c352600b2a61fbc57409ef6
12,NoClV91qj2z9Qvea,1745028671713,22,1745028671713@PWANoClV91qj2z9Qvea,d096ea09450f5985e8c2acbfdc99b4939a51e2cca73927139c5f7e9f158dff2a27b75a5fc0378c1a5ad1e1989cb8dc85
12,NoClV91qj2z9Qvea,1745069602713,9,1745069602713@PWANoClV91qj2z9Qvea,9b03aa9a8bcaef728a7d1133fa1639df3413c6ed113f865c802d73b809c9c41a4b16abf9a1d2331c01423446e7af6ba6
12,NoClV91qj2z9Qvea,1745063669713,7,1745063669713@PWANoClV91qj2z9Qvea,c066ec8e7fec32ec0004fc5463399dfd13af21b7ac28fef337c3d7c95270e5465b335af8d9f414e4f650ad35b7091619
12,NoClV91qj2z9Qvea,1745070860713,9,1745070860713@PWANoClV91qj2z9Qvea,cd6fa845ccfe2a366bec73e678a7530454974cb4a213a2ebc30f62592972cdb31787465039bbf9b725589e77bf2aa82a
12,NoClV91qj2z9Qvea,1745059159713,6,1745059159713@PWANoClV91qj2z9Qvea,2e3172c6d139c322932caf1df50f6fd1a0ffa37c5a90aef76ff8d8b154bd37299febad78f0dfacebb923aaddebb6189d
12,NoClV91qj2z9Qvea,1745069951713,9,1745069951713@PWANoClV91qj2z9Qvea,34595d84ecd4c5740b178d9276eec34e646d75d9e3d64bb407e3dd52dcfe0051b6a3b507f3f8ef98a30daf214bf31da8
12,NoClV91qj2z9Qvea,1745077256713,11,1745077256713@PWANoClV91qj2z9Qvea,64a3b084e09d2b9bff5bd853976d874844407eb98a79e5f772cae38611e0e1d1da20bc76a22aaeb7c9befbbc07dc53a0
12,NoClV91qj2z9Qvea,1745034759713,23,1745034759713@PWANoClV91qj2z9Qvea,9576ea4baa13ba1e33829dade010a0a1eaa416adfd90b290ec5704a32c9d0d72b78c13ecfd58d4350a0d3eebaa571063
12,NoClV91qj2z9Qvea,1745040256713,1,1745040256713@PWANoClV91qj2z9Qvea,1ed05487347a5db3705adcdde2887f57ce31b4c4590f393e8e24044df905b9d7c066725bf5f3272222fa2f1eae1ce701
12,NoClV91qj2z9Qvea,1745042230713,1,1745042230713@PWANoClV91qj2z9Qvea,86c8339a9fdc3582207cb95c936de30ca9f6af5f9e973212df85428e5b412d82b22378e928c73e25fcf002d1a3e5f783
12,NoClV91qj2z9Qvea,1745044244713,2,1745044244713@PWANoClV91qj2z9Qvea,89de516f8133bb9693236d3fb197ee3a22fef27f0d1bc1ef45cf915aa89de77f2533bf856b1de56bbba02625fcaf3084
12,NoClV91qj2z9Qvea,1745007363713,16,1745007363713@PWANoClV91qj2z9Qvea,bb2abe8e6ddc9676195454c084b42763c8924324de4cb54ce9761daa17ea247608c0dbc4283361b28d88d43648762b84
12,NoClV91qj2z9Qvea,1745013190713,17,1745013190713@PWANoClV91qj2z9Qvea,7819402a8db6a115cac350b0aa52cb4da2c1299af9bb8987d2f94a90f6614c2136b92a3537c9b42276f0e2b56baebf87
12,NoClV91qj2z9Qvea,1745007940713,16,1745007940713@PWANoClV91qj2z9Qvea,3472d26a69be7e655d68dccf9d55ea7046afb99665da74097df7ec3d880b8638b360fa8b419ea0fa417db36017b729d9
12,NoClV91qj2z9Qvea,1745032825713,23,1745032825713@PWANoClV91qj2z9Qvea,1ed136848dbf1fa0b424daa7b872fac6187dbf34b8e35fe56b3b7e6a8bb8791fbcb39a26ced3be7e218cf0048be01d9b
12,NoClV91qj2z9Qvea,1745029883713,22,1745029883713@PWANoClV91qj2z9Qvea,20fdf01da11fe4fff67f11908a57cc1dea2506104d01557bd369bf6990da8f764e70aefdf76ab89b20f30790b7d8119d
12,NoClV91qj2z9Qvea,1745071582713,10,1745071582713@PWANoClV91qj2z9Qvea,0de3a26d96fac2e67215a56c556ad5f41483d8b3fa255efd65235d9ed3540ca2e85f83672f2fe7e7b4afbe289d3d8140
12,NoClV91qj2z9Qvea,1745069581713,9,1745069581713@PWANoClV91qj2z9Qvea,b933daa290c29a88778deeeeaa54693a299b2a4fe2b9cc57cc3331c94e9304b39c0f934dee9353c9b95bf84addf9bb52
12,NoClV91qj2z9Qvea,1745075391713,11,1745075391713@PWANoClV91qj2z9Qvea,84371a7397097701bcee1e0dbaa8813910c614c5b17f4ad887dd9c22d565875eeea2f1cd2883fd9e06c08731db950833
12,NoClV91qj2z9Qvea,1745023330713,20,1745023330713@PWANoClV91qj2z9Qvea,202479191cf64bfd02f1be611b282d7468d63e78b1901b63763d40fea965ae43832b3f86d26c5c0ddff0c9b534664a5b
12,NoClV91qj2z9Qvea,1745070004713,9,1745070004713@PWANoClV91qj2z9Qvea,0f5d5afa07ca1fcc7e4f7bfe77d0bd34dc2043d5c3f4b3abe9cea9275dfc21b621daacdcdf529ed34ca1d91f356628a5
13,RmvJ2sWwal6Dc7c0,1745039253713,1,1745039253713@PWARmvJ2sWwal6Dc7c0,26251ff974157116689780c2ec5715fb5956cdcf0ccd225c4d876015e8d78ca5f51ca657d79909b232409a50aaa23e93
13,RmvJ2sWwal6Dc7c0,1745007637713,16,1745007637713@PWARmvJ2sWwal6Dc7c0,82e17c97212dde7bb0ed2b4b478bd7772c84a47e020b1d39752f013d2a24f857ec4c45bb16f069fdd17160dd780087fd
13,RmvJ2sWwal6Dc7c0,1745022526713,20,1745022526713@PWARmvJ2sWwal6Dc7c0,dcb210437adbf8516d558eef37c5fd2258ded79c6a6816e98e16b54d700a262458f01fe33f0b981638ba87fc760d7279
13,RmvJ2sWwal6Dc7c0,1745015085713,18,1745015085713@PWARmvJ2sWwal6Dc7c0,5a5e07eb1de9ec10e7ee9cc2c78a26cc313d4e6337c4f0bfc2132734a9e7da8e3fef1afee55e82b08220527cba40d523
13,RmvJ2sWwal6Dc7c0,1745042848713,2,1745042848713@PWARmvJ2sWwal6Dc7c0,c68c1e2a4442f0d426b33c36801bb58e42a3cb76cc99bac9d37ec13318f51a144a4d0b903129db95014a3eac5d59c729
13,RmvJ2sWwal6Dc7c0,1745011252713,17,1745011252713@PWARmvJ2sWwal6Dc7c0,71deed5b56122f0b5fdbd93bb2c4c8e0d403098e2f484a06b49a603e897b3f3afb62bb2048ae3c1706406ed28f7af89e
13,RmvJ2sWwal6Dc7c0,1745055746713,5,1745055746713@PWARmvJ2sWwal6Dc7c0,1d704200115ea7eea22032cb16323b628dfef6baea3e2bde6a7008f84341bac6d889146af8b43380d97952a32a13c4ec
13,RmvJ2sWwal6Dc7c0,1745074195713,10,1745074195713@PWARmvJ2sWwal6Dc7c0,c5c31104a5a67a65898c3ca9d33048140fd0ed509698b66014cf1e84473e55aa0955ceded0199605a3cfe1bcab445243
13,RmvJ2sWwal6Dc7c0,1745025091713,21,1745025091713@PWARmvJ2sWwal6Dc7c0,ab2127fa6df3916bd2a96bb65b1a317061c864d567dddb848aebb852315b2edab99b4995bee5b451bfa80184e12a6980
13,RmvJ2sWwal6Dc7c0,1745012226713,17,1745012226713@PWARmvJ2sWwal6Dc7c0,8784e17fceee24bbed31446fa4ff2cfb8372ebd0e5f63ae2d11a3f3194376b9741e7c36422ad6820f1194ef147d69fb2
13,RmvJ2sWwal6Dc7c0,1745071259713,10,1745071259713@PWARmvJ2sWwal6Dc7c0,0dad4af66e4e178bfd6eba11f358c0ff7b55bd7db44aa4af024fd95c2a1b5f19c48daa4b616483ebe39a565afedf8b4f
13,RmvJ2sWwal6Dc7c0,1745045696713,2,1745045696713@PWARmvJ2sWwal6Dc7c0,6979939ef75f2e01ae23f2fe917d94b39be54a93ad4e4a42c8c9137d2bbfba40653770331f6bdf0daa256230592fa7f7
13,RmvJ2sWwal6Dc7c0,1745060125713,6,1745060125713@PWARmvJ2sWwal6Dc7c0,9f95a9c08a589925d5c118a2d1dbf0e0e7e1b1c115fb848cb13cd160f46afb9f7a97edb30749f5acbb441765f1123cb5
13,RmvJ2sWwal6Dc7c0,1745076608713,11,1745076608713@PWARmvJ2sWwal6Dc7c0,3654234a94cf7f5d006e8ef166e59d3b8c25de8b2be4f3ec48ea4004df7697c9cbe569cacfe9f102317ca854d7209943
13,RmvJ2sWwal6Dc7c0,1745040997713,1,1745040997713@PWARmvJ2sWwal6Dc7c0,f13f30c98b853f341588d39f9f97c8aa904c1a0100d7da30c301d3a762e623a2f28af1a562b4b1387b38361abda275fc
13,RmvJ2sWwal6Dc7c0,1745016288713,18,1745016288713@PWARmvJ2sWwal6Dc7c0,8cf5ed5a1532465d750f8b57ebe30df96db573944535d14f30be81e859d1491acc89f2b35fe49c90fb4325f474b898ed
13,RmvJ2sWwal6Dc7c0,1745076142713,11,1745076142713@PWARmvJ2sWwal6Dc7c0,3e1d5d1f7a1cfdbe576445a4baf8a28f31c39d700f5c659783a72f6df153d488ae9de3e1648af62aeebb124bf3d525f5
13,RmvJ2sWwal6Dc7c0,1745024368713,20,1745024368713@PWARmvJ2sWwal6Dc7c0,2ed3df2c24feb17bfdabe764fe91d889b47a1771645dc70385ce1bde614d4d65a3738adef4e9e8f67ce6c47a7ae5019a
13,RmvJ2sWwal6Dc7c0,1745012473713,17,1745012473713@PWARmvJ2sWwal6Dc7c0,c74b8c98b743d1cdd87bb3ef45d7a7c2db74e892e04dfd405b1c9568f42e1a7cbfb0f2e74bc6ae78624f451e416abb8b
13,RmvJ2sWwal6Dc7c0,1745041827713,1,1745041827713@PWARmvJ2sWwal6Dc7c0,703803841a7a0d7c457888e26753d486f350ac917054d23e7fe2405ee0c4ecf0b3cf11370192c1637c95ad6f0fd48bad
13,RmvJ2sWwal6Dc7c0,1745027956713,21,1745027956713@PWARmvJ2sWwal6Dc7c0,bf48ededae7fcfd77e2c56c6ee1448997b10c7222d19bec1aa3af9773df25991a7df892f098566524243d638aeb8ea9a
13,RmvJ2sWwal6Dc7c0,1745044659713,2,1745044659713@PWARmvJ2sWwal6Dc7c0,531b51c88c185bbd353042f64ec333c2ae7a1bbc8affd1fbeafedc2c3085b6fabd7dbe0cfe35dfa0baa8bbab3b1b0bba
13,RmvJ2sWwal6Dc7c0,1745051138713,4,1745051138713@PWARmvJ2sWwal6Dc7c0,43919bc19e01478245eb03991219aabe0230709e1ad91a58a12883106db93f3bb23237be83f2e44639a510a960e2515c
13,RmvJ2sWwal6Dc7c0,1745036113713,0,1745036113713@PWARmvJ2sWwal6Dc7c0,51fa8d4917c7aec2b7eca71a43ebd54a9c7d4c63172b0d004d9163eecebc8d20715613f82cea236983016ea79933e21f
13,RmvJ2sWwal6Dc7c0,1745036863713,0,1745036863713@PWARmvJ2sWwal6Dc7c0,a369741d20e94d4632fa734dd5597c280508f49753986ea202d03c40c89f2c9a54cc3d9d5abf1f9a788e14483e68b39b
13,RmvJ2sWwal6Dc7c0,1745010914713,17,1745010914713@PWARmvJ2sWwal6Dc7c0,5c97fd4f5e001680c68578a3579ee669974dc705cb6eab79f60fee5d6f9b141aed8d2b0748ff5b717ef7aa651d6faf5e
13,RmvJ2sWwal6Dc7c0,1745061714713,7,1745061714713@PWARmvJ2sWwal6Dc7c0,16f46e54c7a6a24859467c564682812d6a42d757100eac92055c15083302e5258e28756e79fc8335a9e0b03966c3c39f
13,RmvJ2sWwal6Dc7c0,1745040512713,1,1745040512713@PWARmvJ2sWwal6Dc7c0,bd015937539098f3886a3fcee7f190ac69618b71c00c1fe3aeb25ba352919296262920880abe66c93115817c7b353e70
13,RmvJ2sWwal6Dc7c0,1745033651713,23,1745033651713@PWARmvJ2sWwal6Dc7c0,2b970dd3b2a6cca8b7fbd209fa57e310376f4e5ad766ad10194b38ae4872bff261db66f6ee941a4c17fbae72fdad1a73
13,RmvJ2sWwal6Dc7c0,1745040220713,1,1745040220713@PWARmvJ2sWwal6Dc7c0,f8343f9f291a4f6eccf1c46ed75057249a48f9b1a24de20e914a364ad5d7d2d92ec15294602537ea995ff2970fa46a8b
13,RmvJ2sWwal6Dc7c0,1745019362713,19,1745019362713@PWARmvJ2sWwal6Dc7c0,908e458c45b4ebce417d2e9191e1589fdc8301ff938f5bca334231a9c9359e87b18bed54d103728fc810d0bf966f5ab1
13,RmvJ2sWwal6Dc7c0,1745070031713,9,1745070031713@PWARmvJ2sWwal6Dc7c0,836dd1dd1540c183c5005ca8e9c1d494c3e964ef41401d7a20e776d7589b2167ec54b15e97d02773e5f04632297dbba1
13,RmvJ2sWwal6Dc7c0,1745035828713,0,1745035828713@PWARmvJ2sWwal6Dc7c0,a1970a66184a0749ff61257743be093ee2eb3e7ff877a80b703313970db72444ac0a72dc3d36604bd181f27b3ce24237
13,RmvJ2sWwal6Dc7c0,1745044863713,2,1745044863713@PWARmvJ2sWwal6Dc7c0,83c4770d43d9c52ee56f55432c94a2c07167874634900c5254598c3048b2add8f3977e0d9017b02d8b7cb3226b38c6b7
13,RmvJ2sWwal6Dc7c0,1745044760713,2,1745044760713@PWARmvJ2sWwal6Dc7c0,e5d06b23d81525ff51573a0afc3faa6134aa64fc036df42e96723104de79de0215bacba360a12173322626a89620c433
13,RmvJ2sWwal6Dc7c0,1745075311713,11,1745075311713@PWARmvJ2sWwal6Dc7c0,9a2fd29bff27508e7ec61e225c3e915cbe82a17e9e68f6b4a493dca82a80f03cbd4e105366a6b40b69cb61e63cec4969
13,RmvJ2sWwal6Dc7c0,1745042179713,1,1745042179713@PWARmvJ2sWwal6Dc7c0,e304367a436f4a40aa0fb34a824621997fa58323b381ae922939f4aef87e54ae02790ec94fec4a26932eb48bf616f692
13,RmvJ2sWwal6Dc7c0,1745069441713,9,1745069441713@PWARmvJ2sWwal6Dc7c0,a750246896c896240158d73472454d542efabfa13d8f27c80c2cccf56609547d3b1fa1e330669e2edf19b7f79344dc0c
13,RmvJ2sWwal6Dc7c0,1745035342713,0,1745035342713@PWARmvJ2sWwal6Dc7c0,2d9c951852f940c9863d3a3ca9f9b319e7b8e45207ba5b5c76a99675394629989ea679ff150c3973e3f9594b56c3cc50
14,gW52ZdxTL4Ycx95S,1745008612713,16,1745008612713@PWAgW52ZdxTL4Ycx95S,0559690319ddb84cc193851060ed06bd20c98fb2da9374514d86e4ce8ab0cb6067a61a31824a48190f85daf93b7b7b50
14,gW52ZdxTL4Ycx95S,1745017440713,19,1745017440713@PWAgW52ZdxTL4Ycx95S,94e47623001701dbf892c55f19dcf2e7d98a6305e846f27f2d3ad2887a534858728821fa03aec4356ad064c644044dce
14,gW52ZdxTL4Ycx95S,1745020097713,19,1745020097713@PWAgW52ZdxTL4Ycx95S,10de0c5f638551145f6f0b9484dc6c6b99aa56531b9e78de761b2b6fa04b1fbe7373ea6f366e17b750e5ea3544bde4e9
14,gW52ZdxTL4Ycx95S,1745046789713,3,1745046789713@PWAgW52ZdxTL4Ycx95S,87fbe9228370af6c5fcc1c4f875f36561127eaa66383e69723b085bfd44e9ae0f6a61ec1fd2ff32d52a27d6ff54a4e2d
14,gW52ZdxTL4Ycx95S,1745017609713,19,1745017609713@PWAgW52ZdxTL4Ycx95S,0f8c533b0c375c0741e8a2ea03b29711359cee4da9072d0c9bcd4220e59f80b30579b18a0ab6761f0e737fa2d71ec7d3
14,gW52ZdxTL4Ycx95S,1745046872713,3,1745046872713@PWAgW52ZdxTL4Ycx95S,de49444d98b58f502e3461f0e10fb2e93bed25ef431fa8fdebc27b37087bb28bd147a65b4a048f3b323e2689ecb80979
14,gW52ZdxTL4Ycx95S,1745044698713,2,1745044698713@PWAgW52ZdxTL4Ycx95S,50ec80db583d5be785e1acab47a0241b9152d9bc504af0cd6dc78e976a35eefba47ce9af720110dbd9494e8946165e96
14,gW52ZdxTL4Ycx95S,1745069986713,9,1745069986713@PWAgW52ZdxTL4Ycx95S,87349fc091aa83838f738ec439a91bc25e710d12b38a8e84244266a00058dc19ddb597626b9fae310ed33934d6353202
14,gW52ZdxTL4Ycx95S,1745032772713,23,1745032772713@PWAgW52ZdxTL4Ycx95S,0b1cea85c7ba7ffa084046bebe8a51858cafb2fa286244741fe998a832246dea578e1d55b7a73e85a5995af0e7a23305
14,gW52ZdxTL4Ycx95S,1745014531713,18,1745014531713@PWAgW52ZdxTL4Ycx95S,92403bf9f6837e8fa64d750907e560cc832eb05b76368902dbd0a3760eff5ec11f6a17dc3fb3e871bc08fd8e9d4e04ad
14,gW52ZdxTL4Ycx95S,1745062146713,7,1745062146713@PWAgW52ZdxTL4Ycx95S,9027cbfb22ff405889b98954fbe3e0b12cd4f2096a8f1acb138af9de797e615f3846faff659ff7cb50d0ae1b91be7883
14,gW52ZdxTL4Ycx95S,1745017467713,19,1745017467713@PWAgW52ZdxTL4Ycx95S,971f314aa0db9492866dc87b3757bb3d091f97e482093988a57509a6d760bbd576f575b03956389b53817125faeb6a99
14,gW52ZdxTL4Ycx95S,1745010721713,17,1745010721713@PWAgW52ZdxTL4Ycx95S,70133cd217474f9a544ba13bb159cb78651dba5e362cb40fe145953a6d998a17cbaed9b6278c069dd884bbfaae013f4e
14,gW52ZdxTL4Ycx95S,1745027924713,21,1745027924713@PWAgW52ZdxTL4Ycx95S,25ff75fc1f930a4d730a2381ecce307d20bcd6a88894b229a0ad20b4ab02faf6828bc175cfdb321db30317973d1e430b
14,gW52ZdxTL4Ycx95S,1745051764713,4,1745051764713@PWAgW52ZdxTL4Ycx95S,4bb3af1eecebd537f7d84466a6e9673697fe500ea1b4cbd6571efa64a05488b581fda1e42f34e54091327d2bc18578d2
14,gW52ZdxTL4Ycx95S,1745017487713,19,1745017487713@PWAgW52ZdxTL4Ycx95S,b86beca1d9b41c58dcc17721bd949e389c01d54eea5712dd568f76e03e7a465a7c98edc1463250cb39745ce35c1aaf9e
14,gW52ZdxTL4Ycx95S,1745028148713,22,1745028148713@PWAgW52ZdxTL4Ycx95S,8024e3b08e17ed273026d48176ddb1362e9609aef37e9af6a4cea4fdc5af929dda83de738139596d71e60cbb0dd7708f
14,gW52ZdxTL4Ycx95S,1745031953713,23,1745031953713@PWAgW52ZdxTL4Ycx95S,ef3ed22aebbbb218510da6117392409d9b38f53d3eebb6dedbd36475406dd1c569133be52d2a8d4cdb4f100aadb0e486
14,gW52ZdxTL4Ycx95S,1745069077713,9,1745069077713@PWAgW52ZdxTL4Ycx95S,8c551e921c4116223d21b2c335bb70e00f6f0ce6c00283fec2945919ddb85df4c03614f7e43ff291880b1bb5cf3ab3ba
14,gW52ZdxTL4Ycx95S,1745013474713,17,1745013474713@PWAgW52ZdxTL4Ycx95S,7e7a354441a903c20cc6c5764f32438c4a313115a56d1bf9808506e1b593da69eeef8979f12f92d15ed568256351c440
14,gW52ZdxTL4Ycx95S,1745051673713,4,1745051673713@PWAgW52ZdxTL4Ycx95S,822a526ef1453d98f4d824408ea79fc42bf3f81c50f00dcbd797069c794f4237876448efb82216b21b30fcd1630ae685
14,gW52ZdxTL4Ycx95S,1745062541713,7,1745062541713@PWAgW52ZdxTL4Ycx95S,91b0cd96f2e2d1517ed64292c9cf0f811c523c9a95be29c75f27c8bac6f5aad0a529b2582c9144f3ce5602c11cd8b717
14,gW52ZdxTL4Ycx95S,1745035208713,0,1745035208713@PWAgW52ZdxTL4Ycx95S,28c252ff63e68c274f4959cf1ce48aea9316d19ca1ffd1888d59a3bfa5f6ef0495c1b66f3c9da34253b37b4ea15f608a
14,gW52ZdxTL4Ycx95S,1745007904713,16,1745007904713@PWAgW52ZdxTL4Ycx95S,9444801160745b4f6e5a47499d5c7bf3649a817dfc6ee772352750a26fc14294a7f0a0737840e1dd95ffbfcad6a93c90
14,gW52ZdxTL4Ycx95S,1745063976713,7,1745063976713@PWAgW52ZdxTL4Ycx95S,208b030fdcd312487eeb921b3aa54be89612e2c140a2c330273e35447de88d4d3eec9055bdd6bef829bcf2dad0a89c6c
14,gW52ZdxTL4Ycx95S,1745019583713,19,1745019583713@PWAgW52ZdxTL4Ycx95S,8916ae3e7cfc5fd5068e95d629b0711bba4bbcf7d6c9a9c191a759dfda8fb3171093347e78dc0b09141bce38e79803f6
14,gW52ZdxTL4Ycx95S,1745016661713,18,1745016661713@PWAgW52ZdxTL4Ycx95S,c8e61c241b8383d1f7386874fa7878897a3691e6afc392d3a47b8298682ee8e0875508fcab5d6aaed55f24f3bb98560a
14,gW52ZdxTL4Ycx95S,1745072346713,10,1745072346713@PWAgW52ZdxTL4Ycx95S,cedc38cd2e94218e9ad03dd2e46d363153cad15a158bd1aaf6a01e110328bbc97d0fb45f7aec841a92857a48ead3ef13
14,gW52ZdxTL4Ycx95S,1745056299713,5,1745056299713@PWAgW52ZdxTL4Ycx95S,2651985f034802a67795314646dba30bba928cfe7f8708624c011926d04940efbef1d7ea2eb9893844737ade77c75cf9
14,gW52ZdxTL4Ycx95S,1745058444713,6,1745058444713@PWAgW52ZdxTL4Ycx95S,2362c4223f139a2abc5d3fba4ad63f28cdc3881dfe93e16c01706500c799391efb5a5611097df7821fcaad460fcb958c
14,gW52ZdxTL4Ycx95S,1745070425713,9,1745070425713@PWAgW52ZdxTL4Ycx95S,d241b4ca355efda17aedc6017592e5794ea1aa2af7e1dc6d969fb5de2e42851e6ee70e163d291a3fd324f065d5c888c7
14,gW52ZdxTL4Ycx95S,1745039293713,1,1745039293713@PWAgW52ZdxTL4Ycx95S,cbdac5203cbe931d53f6ef79db14964b5ffaa66916997646fac064fe879d3405bcf1feaa14ca6b32bb90d10d08bc36d9
14,gW52ZdxTL4Ycx95S,1745053263713,5,1745053263713@PWAgW52ZdxTL4Ycx95S,8e3ae58ee8dea45894f6872d174b3b65a9111b0603f5a45642dc85467386b919af9258fa65ceacd3cefbf0b420181e43
15,5zCspHOuEfSsygOe,1745040073713,1,1745040073713@PWA5zCspHOuEfSsygOe,da0eb456439d9718c28b0f03315fa1cf768dd02d543ad9f29932aa71f572e855731a74fa79b02bb494f48a07d9c07255
15,5zCspHOuEfSsygOe,1745013207713,17,1745013207713@PWA5zCspHOuEfSsygOe,2340f1b9f663b5ded17f8c35b66df06e8a44e989a8397144caeb7ace5790ce7447f36e177f18a2d51a6fbace6c988a7e
15,5zCspHOuEfSsygOe,1745045925713,2,1745045925713@PWA5zCspHOuEfSsygOe,ff3f2e540b5065380524f29e7b6384d8a6d0d122c5b8d63a31df33e9e2fc80bcf55ebb9addaf73da7464c471eb3aa5cf
15,5zCspHOuEfSsygOe,1745052265713,4,1745052265713@PWA5zCspHOuEfSsygOe,16f1245ba3a9d3cda7e1da1baebf6f66ba51421131559ddd87b264b3d3d8ea66a6af06db244229c8362059834fa4260e
15,5zCspHOuEfSsygOe,1745056234713,5,1745056234713@PWA5zCspHOuEfSsygOe,d771f1a7bf92ee6ada3e33dddb4a138e75ca527e43e6b0bf18562209fb34dc82240235215638dbc807bd7968cfd1ba12
15,5zCspHOuEfSsygOe,1745024572713,21,1745024572713@PWA5zCspHOuEfSsygOe,b2437bcf68a15bad8aef8402654743dd0598ceb4a69d7e3d61c11bc2ef7d62cb125305e2178e990f4e92639eb441d950
15,5zCspHOuEfSsygOe,1745045900713,2,1745045900713@PWA5zCspHOuEfSsygOe,fd4629be55db426677fd66c3c6a385c4949caa926f0304d564af927860f72fa13fd41829c7c6f7e933016bcecffde672
15,5zCspHOuEfSsygOe,1745017151713,18,1745017151713@PWA5zCspHOuEfSsygOe,49ac804a6e6f04099babf66575bdb3a7750953be528f69120cb8bb3c2b6ce33b9a80ce7c93d5f9ce5354ec7fbedbd1ac
15,5zCspHOuEfSsygOe,1745041485713,1,1745041485713@PWA5zCspHOuEfSsygOe,47c945a3ef95950ead4f35df06a8c099de0f6f7e6376f0eb54616da6276e0ee007736c78e03e75be48e5a8a92d9da8b3
15,5zCspHOuEfSsygOe,1745006432713,16,1745006432713@PWA5zCspHOuEfSsygOe,44e7862f8aedc8125063cfe70507f132714c6528ca9e531b6cbcaf6f3a0f51ae1558e5e4a2beae95d501d0cecb954f26
15,5zCspHOuEfSsygOe,1745077527713,11,1745077527713@PWA5zCspHOuEfSsygOe,3d31f5c3aff8f95d6ffc6375b8c8469ed892b09a9c753bf8c01caf278cd1fb321f0eb8f136c6e3aeb772a9177b181138
15,5zCspHOuEfSsygOe,1745006147713,15,1745006147713@PWA5zCspHOuEfSsygOe,6735e1fbcf4c37d6294a8beeea77f2fd9427d2a3a8262f0ac51a24f9463b89077e72ef9b4a3168ce231706d3e65b6120
15,5zCspHOuEfSsygOe,1745029154713,22,1745029154713@PWA5zCspHOuEfSsygOe,e24b8ca7811f5988001764ff3577cc9a831add954348dbd902e531a11fafe8f860ea67d50a933fc7d1bbc7e5f8f2b217
15,5zCspHOuEfSsygOe,1745030741713,22,1745030741713@PWA5zCspHOuEfSsygOe,a4c7f00f32fe1195cbe45974a986d2d9807ed4af1f8ce748a8a32e8d20f1669435d8101874bffce0b27ad90276547d3b
15,5zCspHOuEfSsygOe,1745063609713,7,1745063609713@PWA5zCspHOuEfSsygOe,f21d1d1258c6ad22afb6ddc35c0299d448062c284dc39e0a8e9378b535522384537857e9045d4ef44ae6ff3814b709bb
15,5zCspHOuEfSsygOe,1745040086713,1,1745040086713@PWA5zCspHOuEfSsygOe,c86327b005de905518850eb54b3316c1716295d1196d0563d8653c14e461d02ea056f47b31656ea4d11c3e10bd4576df
15,5zCspHOuEfSsygOe,1745046855713,3,1745046855713@PWA5zCspHOuEfSsygOe,39c7e5ad951e06ab1b3168a424dd7548161b405ccc3b5dc8d60283d5d1113f745e4c42b32282ab4155f31c555ff6ca9c
15,5zCspHOuEfSsygOe,1745007485713,16,1745007485713@PWA5zCspHOuEfSsygOe,c7d0d7dc77776e626eb46dbb0d06262f3e065ef5299a460529b14e0a72b10f1af99029c08260c88448605b77e5dea059
15,5zCspHOuEfSsygOe,1745065728713,8,1745065728713@PWA5zCspHOuEfSsygOe,e2a3c9b86f356b9971f11ec28848bb158aca59f3e35ee7c7af7cbc244298bdbb6ce0771fd3a85fcdc50acf1a3bb53eec
15,5zCspHOuEfSsygOe,1745034483713,23,1745034483713@PWA5zCspHOuEfSsygOe,4616ed154d54fb09a3e3f4b50d2db8fae1c023861bb90dcd2942814e08802edc77237a923ff8ad51851bf77a463bcf1e
15,5zCspHOuEfSsygOe,1745058970713,6,1745058970713@PWA5zCspHOuEfSsygOe,ef6adc11b20a13f5d38f118ede15b72d53facd8099815876b2639fdcd52b9ddba5145e2bf94cebacbc069ac9c22a143e
15,5zCspHOuEfSsygOe,1745011668713,17,1745011668713@PWA5zCspHOuEfSsygOe,92ae236b183655ed4e41b3daadbd921db59922c97e3407bbec1df40fab496f653cf3d7e4347cf30a20e8997e8d171c4e
15,5zCspHOuEfSsygOe,1745047998713,3,1745047998713@PWA5zCspHOuEfSsygOe,35baaa2b33082ea5867a9e559d3d16f944561c1d25dcec7ab4b4ebfe7da506907cc2e1b31650dd931e495063cdd919b2
15,5zCspHOuEfSsygOe,1745013854713,18,1745013854713@PWA5zCspHOuEfSsygOe,f536d4735d348649846dfb000ad20f84991ae68f53ef7a452c9a793bd1ba909cfd9171f517873754c27ea02d39e2bac3
15,5zCspHOuEfSsygOe,1745024332713,20,1745024332713@PWA5zCspHOuEfSsygOe,63d1cfb6b0340c23d8ecfb21d1160fcabdd35fbe483a91f0bdeb660b917f0acd4945e9fc2ceb9bbb73d757661ac61eee
15,5zCspHOuEfSsygOe,1745052512713,4,1745052512713@PWA5zCspHOuEfSsygOe,ad7a5aab44fe9ecf31f317ec31f58bb50c2d4d6303400bfac2349518af796760ad8316d8d854f7220f4d883b45a5a859
15,5zCspHOuEfSsygOe,1745041922713,1,1745041922713@PWA5zCspHOuEfSsygOe,f72a662078622e6d898ecab005979ea77c2ff3f655c37cca24c737b5ab5b39ca3ed8f4cefc430199ad0663f582c5789e
15,5zCspHOuEfSsygOe,1745058561713,6,1745058561713@PWA5zCspHOuEfSsygOe,b2bd56e36532ec3e27ef183743255713f6ff5b4827e7e94357f7e81d0064166253f60400cc2312c2ddd7e5fe8a2a6946
15,5zCspHOuEfSsygOe,1745028871713,22,1745028871713@PWA5zCspHOuEfSsygOe,cc69a1c6d84c7218c3694df3544aef45b5da23b2bc9bc82e9dc94916c2b1fe0981a52d0b69e94ec472bb51a9a5db9d1d
15,5zCspHOuEfSsygOe,1745038791713,0,1745038791713@PWA5zCspHOuEfSsygOe,ae2b47528a267a1dabb306262da75265658d1583dfadb873606551f634818aa2f673d9e55cb187c7303d808a5c99c6ee
15,5zCspHOuEfSsygOe,1745075238713,11,1745075238713@PWA5zCspHOuEfSsygOe,47c26b443b708675b7f69ea3c1d4aa543cf4dc20f2008c039f071c5a50d9deb4cffe77e9616e22ce39d4b1f8e89df470
15,5zCspHOuEfSsygOe,1745073923713,10,1745073923713@PWA5zCspHOuEfSsygOe,c459920dd3af27d8d93c2dafa2a3ae1058ea25a868e8065ce200932aed4841e9fafe0186ea6302d6459f2a19f488906c
15,5zCspHOuEfSsygOe,1745006017713,15,1745006017713@PWA5zCspHOuEfSsygOe,00c02cfd427571e0c1915eb04b39dba959ce04da0c6df7717e5a0072d4a94da65203c3df8de149a624e962f7ae2e3b1f
15,5zCspHOuEfSsygOe,1745019892713,19,1745019892713@PWA5zCspHOuEfSsygOe,1d29ec2b0aaf52d83f732bdec4114a20713a4434715340b3d23463d1b5af315a55a8913f5ea777e4bc8fe8d9c88d3c4a
15,5zCspHOuEfSsygOe,1745006348713,15,1745006348713@PWA5zCspHOuEfSsygOe,094854670ef1e53319764928614f45c9c9b91d8f73b081e3be77e39967749e5d4f50b26fdde6021abd786b83d2cc5f6c
15,5zCspHOuEfSsygOe,1745049194713,3,1745049194713@PWA5zCspHOuEfSsygOe,21672c7845e5e11afcefd6c3e9e57149c57021f496ff048c7de2e433768e5a80678c4bd1b850be7cf2399ba4c467f845
15,5zCspHOuEfSsygOe,1745017034713,18,1745017034713@PWA5zCspHOuEfSsygOe,fd342b0645c0cc5449bb2094f703630da8494f25fb7f4fa89c03bd590fe989b66eefb212cfdc376bf93943eb7086cc5f
15,5zCspHOuEfSsygOe,1745054507713,5,1745054507713@PWA5zCspHOuEfSsygOe,f985fe48a3a0b83f005bc53722ab810efb46de122b113000d48046a87bfe18ccb3d06f04cdb2c1fedfcbb360ddc2bf41
15,5zCspHOuEfSsygOe,1745072165713,10,1745072165713@PWA5zCspHOuEfSsygOe,908199c3b4df6d1fb4825be16b1592a8a74c52ee0521f91bb9b5fba6e8f82edb6d1fb897d5d02801041734619da7707d
15,5zCspHOuEfSsygOe,1745068403713,9,1745068403713@PWA5zCspHOuEfSsygOe,cbc3cceea2ab693f71f2c49f0038e7666ece9eb6d8293aac93232efbfaeeb7ce8ab27cd5d4238ca1bfffc8a8c3b5226d
15,5zCspHOuEfSsygOe,1745060858713,7,1745060858713@PWA5zCspHOuEfSsygOe,8848e7eb607960bdc5961681cb52c80060d9aeb957050ede1ecd5376d5828b33168ff03d5a598b6224118b338fbb8502
15,5zCspHOuEfSsygOe,1745066837713,8,1745066837713@PWA5zCspHOuEfSsygOe,3a14af8f214a91a5c624e15c4bf011a99a52cfe224746343b884cbcf7aca7b2f86427cdeec8fea2b340a72118f2906ca
15,5zCspHOuEfSsygOe,1745046855713,3,1745046855713@PWA5zCspHOuEfSsygOe,39c7e5ad951e06ab1b3168a424dd7548161b405ccc3b5dc8d60283d5d1113f745e4c42b32282ab4155f31c555ff6ca9c
15,5zCspHOuEfSsygOe,1745053264713,5,1745053264713@PWA5zCspHOuEfSsygOe,5eacf5d560a5e6f7d7928f64f08b9c6e57be4eba5a8654a6782794eca2705014efd07cbe97661ef956b37a695b74dcbe
16,TlMniFFTDyZ1poFD,1745054463713,5,1745054463713@PWATlMniFFTDyZ1poFD,dfc072874b04ee3a552b16a65068aec9f39c3c85fb102d96f03ba0eca60ac0540fa8651c9265a18b74b5d7c2bf5508a1
16,TlMniFFTDyZ1poFD,1745068588713,9,1745068588713@PWATlMniFFTDyZ1poFD,7338615f74664e01ee96ebc48d6c3782a0188ffdd56d8e31682447c3e71950bd9c1de4de7875826a11f38e5d6f5f5e2e
16,TlMniFFTDyZ1poFD,1745077512713,11,1745077512713@PWATlMniFFTDyZ1poFD,119a2af66ff8ba2637915b2eaa1866c42f7dcd6cf4897abb9d9d5e8ec6b8e4c30194cb655703353a8efad47cfa6017db
16,TlMniFFTDyZ1poFD,1745050958713,4,1745050958713@PWATlMniFFTDyZ1poFD,0d3c701850fe81f67fb90466dbf58f04cb8d471865e2548e2bb513fe79b31d54a7d7e1a051cbf02f3ca51f437fb3dc28
16,TlMniFFTDyZ1poFD,1745018196713,19,1745018196713@PWATlMniFFTDyZ1poFD,062c9fe0f72f99fb957530aeda8ea77558c7157f3ce1b95c85d34989274561f8ba4fbb103239a2cf4963ba3664114a46
16,TlMniFFTDyZ1poFD,1745013376713,17,1745013376713@PWATlMniFFTDyZ1poFD,db2ef2b335ab89edc13514eb10be6bb41bbbe4db4c71cf8878182aaebba8635b34ab1c5faeeeb3f90727e6987a818892
16,TlMniFFTDyZ1poFD,1745043418713,2,1745043418713@PWATlMniFFTDyZ1poFD,e3ab88438665d99a656d11397ec326e1f2f42af66b8ed4551d25d578690b6f51f1d4411140f72a6bea0ed1926a535748
16,TlMniFFTDyZ1poFD,1745076274713,11,1745076274713@PWATlMniFFTDyZ1poFD,d81267ae9a83f2ad32056e70295d343c1d8ae40628b8204103d5aa4481f91240e70bc9b70f631010634f9088f0faee99
16,TlMniFFTDyZ1poFD,1745066666713,8,1745066666713@PWATlMniFFTDyZ1poFD,e41ec2da3e2f619c412dfcc8744b6704e8397079a12c4e193d4d01f355a8234742312eed0d9fe13eef1d6552b999171f
16,TlMniFFTDyZ1poFD,1745028709713,22,1745028709713@PWATlMniFFTDyZ1poFD,81dbaf66bebd1732e626f11480bb33062afe2aabc09106f070332c3a29a511affc33e22bef3323da261e73a31298227e
16,TlMniFFTDyZ1poFD,1745045155713,2,1745045155713@PWATlMniFFTDyZ1poFD,0d10ca2be7f461b290fe4a0db4061996bb809a8408ac79b0d043327d4b1df6a6984b83780b5fe6e2ef9ff36e1fe7b919
16,TlMniFFTDyZ1poFD,1745022230713,20,1745022230713@PWATlMniFFTDyZ1poFD,7332c5403e02e7c203e2f7782ad1565815f02abd1f871662d339bcdb6828c3ab56369c18b0268ce10f9da232eb33cd6c
16,TlMniFFTDyZ1poFD,1745060209713,6,1745060209713@PWATlMniFFTDyZ1poFD,409aab49d504ee91afdded3cb971cc5e54e6ebdd7ecfcb1e51f6c7471d388e6c05a9312b893f4766e95c082a55164c72
16,TlMniFFTDyZ1poFD,1745019929713,19,1745019929713@PWATlMniFFTDyZ1poFD,895b18e23f81134eaf53e5ce994637a87e9d434428f620e66685514c430161d3724faf5c981025cd582efb5317d65c97
16,TlMniFFTDyZ1poFD,1745048757713,3,1745048757713@PWATlMniFFTDyZ1poFD,4bcd970353d59b8fc9ea80e5f2c08ebfb9eaf8297b389ec37a6cfa9abb88364a65baaa879d270af011f329b508695a8e
16,TlMniFFTDyZ1poFD,1745061630713,7,1745061630713@PWATlMniFFTDyZ1poFD,42777ffe85df26373bd19707b647e2d0a791eddd70b8fba01d776bc5144ec697cf6894fabc34e6be7869c185f1316590
16,TlMniFFTDyZ1poFD,1745024385713,20,1745024385713@PWATlMniFFTDyZ1poFD,ffc6a5bce039471197428c165ed4ff92cb1bbb02eac1820f277aec56d83178cc34f3734460938bef221f92aeff7d25d6
16,TlMniFFTDyZ1poFD,1745013997713,18,1745013997713@PWATlMniFFTDyZ1poFD,4b1e373139ba60cb4ea0ab76960d72bfa389026f3fd0f05ed2ded30dd2bc6e34b357a23f491023052cc6a160cae79b96
16,TlMniFFTDyZ1poFD,1745024845713,21,1745024845713@PWATlMniFFTDyZ1poFD,40718690bfc7e59134b48bff22b390cb8dc481de75f204c9df04629ce263dc5386e27c6202bc79b4dd04be176caf8f06
16,TlMniFFTDyZ1poFD,1745010285713,17,1745010285713@PWATlMniFFTDyZ1poFD,ce3e6be69add8bee6fdc8ab825c9b77054e92aef98b8f7865f86747f7771e8d91b54424e03660fecdb6308bf41b79ff9
16,TlMniFFTDyZ1poFD,1745061554713,7,1745061554713@PWATlMniFFTDyZ1poFD,6f1f5745c4901a720af2d37b462547706b4ed1fa053e974526c58faadaa30dc0c2fd8165c2b82def3fe3b889784c8e71
16,TlMniFFTDyZ1poFD,1745055455713,5,1745055455713@PWATlMniFFTDyZ1poFD,b36106d66a8419657143bf70d58696aeeb2d4448ab9296e639aede71b51d88e57349aa9cd3f2189dec5144e26bbccf60
16,TlMniFFTDyZ1poFD,1745059682713,6,1745059682713@PWATlMniFFTDyZ1poFD,0bf26aff99040781535a7dd1d40190ff3019c45dbcf6dfad4dd7c904324285df5d066f994222a56011286535786ac9b1
16,TlMniFFTDyZ1poFD,1745041609713,1,1745041609713@PWATlMniFFTDyZ1poFD,ac22803f52f1cbfeb8f93c962c670d58cc13d9601cba35c543c0ce6d0f800ccca154a3400211f099515f3387e03bbda4
16,TlMniFFTDyZ1poFD,1745068959713,9,1745068959713@PWATlMniFFTDyZ1poFD,c4d3d084759bb2bbe50a1e7176f18d693946ff1eb30ca46668bb36f8813d4cfdd4336c96258711045f7990c0df8942c8
16,TlMniFFTDyZ1poFD,1745020555713,19,1745020555713@PWATlMniFFTDyZ1poFD,f98f2b0ec6f98a8844019cd160966eee4877a58d0c65a1d44f89b19b16995b751afa81dc3598881106272d81730c6f3a
16,TlMniFFTDyZ1poFD,1745064899713,8,1745064899713@PWATlMniFFTDyZ1poFD,0473b4b74af19462f4284a2579f7cceebce1bc1bc73338e420d5b27c50fd2c3c34d89b994d763ed160603a3b5228e930
16,TlMniFFTDyZ1poFD,1745005807713,15,1745005807713@PWATlMniFFTDyZ1poFD,de7cc8ac4d4a55254cad254ed795f0616427a628c7836c20b43b4b4884c5b39c78257fe522df44ebb2e18b88a952c454
16,TlMniFFTDyZ1poFD,1745021159713,20,1745021159713@PWATlMniFFTDyZ1poFD,f891ea0a4df714135715685a36bc3d6987ff6bbaf8ec5d657011add0322112b7f149b9b9e87e4dbea24f28d71d2a4115
16,TlMniFFTDyZ1poFD,1745018827713,19,1745018827713@PWATlMniFFTDyZ1poFD,6b9e1717f5a4841700a16916934a1135c86f4804a72eb125d8f46700f6d44b9c7ba17363cf32e20cb31d2b7e42dbb8da
16,TlMniFFTDyZ1poFD,1745015887713,18,1745015887713@PWATlMniFFTDyZ1poFD,c2b22547f3e1af0b8e44c5baf19e3bfb150ca3852608eb5ee2b3c6ccb271f6a45ccc69475effe3748aec0f0bf3c9d87a
16,TlMniFFTDyZ1poFD,1745032287713,23,1745032287713@PWATlMniFFTDyZ1poFD,eae35d8bfbe3ed04739ecf7293a62e87edfaa00fe487e9c112ccf05bdf238e4ce16cbb128afc32cdde3fb54f24b52463
16,TlMniFFTDyZ1poFD,1745075225713,11,1745075225713@PWATlMniFFTDyZ1poFD,ecc85c32db25b6874b0f2e4fea7c59bcffbda60441886285649f4f348fd09acfc306bd25a7b36b1d9850ced65471c746
16,TlMniFFTDyZ1poFD,1745056417713,5,1745056417713@PWATlMniFFTDyZ1poFD,1a8fc2226a5b4a9d055ea183b19685da382eee42177444caecd7b58adec5d93fce0fbee9f17706d3ab0064e7befe3545
16,TlMniFFTDyZ1poFD,1745052892713,4,1745052892713@PWATlMniFFTDyZ1poFD,7addb1109f805fd83746354e3c005dc72f6a7a50030035dbcf0cc50f9f8fc6f9a2f998c49c079e874b690748119c8ad7
16,TlMniFFTDyZ1poFD,1745031277713,22,1745031277713@PWATlMniFFTDyZ1poFD,ba02ddb3e15b7901a4481ceace7085f94921a2d6218c1aa6d2aa55f10a29a7c4f6b763af8e15e1041fdd36a273dd76c6
16,TlMniFFTDyZ1poFD,1745026543713,21,1745026543713@PWATlMniFFTDyZ1poFD,f21cac27eaa4d29647f39e12952977713a5c849d7bbdddb880dff444b5f6fe76be0afab82d4fd530294a701da119b514
16,TlMniFFTDyZ1poFD,1745006126713,15,1745006126713@PWATlMniFFTDyZ1poFD,0a9d04ee9e14715a08c75c7537b7a2626dd662c8fd972ba31084270f17f3b0717f58864dce364beb33c2c194db7451a8
16,TlMniFFTDyZ1poFD,1745061573713,7,1745061573713@PWATlMniFFTDyZ1poFD,1fea676539a6889b63dc71641fa6f8905586ef428325465985c476a5c9de3cfb354827fb13f5fb0d4f32e8e18c6ad26c
16,TlMniFFTDyZ1poFD,1745018995713,19,1745018995713@PWATlMniFFTDyZ1poFD,1294fa428a0443b5b23d8b5fbc6ddd179f05a8a48e54453de5e09285b30c3d40852de0b25e231699f5cfacbfe438764b
16,TlMniFFTDyZ1poFD,1745013861713,18,1745013861713@PWATlMniFFTDyZ1poFD,3c8ee63989d4054bb38eb6c7e264fcaccc62fe9fa3528310230fefa6addff1d1670948c73cbe83c236a6d930363fec5a
16,TlMniFFTDyZ1poFD,1745074697713,10,1745074697713@PWATlMniFFTDyZ1poFD,48827bd45db1854a5afcbd8baa2cfa5beb82bed50fb14110490a871a91c34b3ef22593be626e6ebaa226ee8fc2699a85
16,TlMniFFTDyZ1poFD,1745014849713,18,1745014849713@PWATlMniFFTDyZ1poFD,5fdb36f394581b4f2bcfa10d5df46efb7dfbbdc1aae9ff9f812a5834c4c0e3e321adca68d6a944d726f2b150d7a3e006
16,TlMniFFTDyZ1poFD,1745022384713,20,1745022384713@PWATlMniFFTDyZ1poFD,f9d6f5d9066de01e87b4bde06d32f2b9626bcd872903609cc6074400878569fd9241732a29d23c66aedee7a5c2e0a751
16,TlMniFFTDyZ1poFD,1745019535713,19,1745019535713@PWATlMniFFTDyZ1poFD,637b2d276c1c07366de3364d8a72d5547d80af64b62a914f07617278ec134aaebb36d181f6a91682e8da2a6eb5791813
17,wkPYOYCndhQUTfA4,1745032923713,23,1745032923713@PWAwkPYOYCndhQUTfA4,714b96d188d6fa4f39c3b364e4049e88943007bb6fea1f57198eebf7fb64c5254fc472d2b864b29889f42609fa4129f6
17,wkPYOYCndhQUTfA4,1745066987713,8,1745066987713@PWAwkPYOYCndhQUTfA4,f5b08b4454f22397f5b03f88b5bcdde786904f153b61ab0ad5e0a338d30523d01d07f198c30d3b1c1e3c5d7ad6f8420f
17,wkPYOYCndhQUTfA4,1745070179713,9,1745070179713@PWAwkPYOYCndhQUTfA4,6526242259fdfc8f4639b872b7e8931f76d3a66fc8e1166174ca6f39d943229da3d4d6edaee5e10cb271126f65247992
17,wkPYOYCndhQUTfA4,1745058983713,6,1745058983713@PWAwkPYOYCndhQUTfA4,490c8c04909fa8ec749a118214b282302ba690d39e2dd696445538e0bf33d73780d837ddc391bd359b31c1aa2655bfdc
17,wkPYOYCndhQUTfA4,1745041255713,1,1745041255713@PWAwkPYOYCndhQUTfA4,c9df65dffef17de276037a7cff8c741bbc59eceb2810deda7db8b0421262297d8d32c5348d7501742e540b1c98d321e1
17,wkPYOYCndhQUTfA4,1745029193713,22,1745029193713@PWAwkPYOYCndhQUTfA4,9066cf9daeb213e4e5d017554ca7700e97e7b6c3f32c3b18190a7661accf3c9cd0846ca668618d01d416168ce5314c6d
17,wkPYOYCndhQUTfA4,1745059854713,6,1745059854713@PWAwkPYOYCndhQUTfA4,d0a5cf078370e15a407b5eae82cb060477335aed617f5b595b3cb447db7e276a2e31535f9936714decb3bb24aa03df92
17,wkPYOYCndhQUTfA4,1745068618713,9,1745068618713@PWAwkPYOYCndhQUTfA4,d8718a9524a7587a2a5e333ae8817ceca7240fd1068cf9cc731aaa2c259fcf4410177866216883dd0cfe0d1853434007
17,wkPYOYCndhQUTfA4,1745049089713,3,1745049089713@PWAwkPYOYCndhQUTfA4,a31e4ac8f165fe72fc68ef259f39fa2a38425e64f92ea3a0b8c23b60aab6a826a058ce2cbcf7d6b81316013277a0c181
17,wkPYOYCndhQUTfA4,1745018407713,19,1745018407713@PWAwkPYOYCndhQUTfA4,215bb38a6aaad9aa04d1167865790eb47a94328b723ed7b7ca82e50ac664174a894090c23d1c7226ab8e84aa9fd0a3ee
17,wkPYOYCndhQUTfA4,1745014509713,18,1745014509713@PWAwkPYOYCndhQUTfA4,0b096b09b4d16ff304ac9d6f78b2af1df4beec7826df2fe40361a7dd75717cfd95042faec76de1dcb3a03835d9e677a1
17,wkPYOYCndhQUTfA4,1745055097713,5,1745055097713@PWAwkPYOYCndhQUTfA4,80027bc634267d6b45dcf5e9456dc9b781c738a92921be6408222c5a3e47d2b0d68ae0f0ed24829c1db5efa9c2dbaa58
17,wkPYOYCndhQUTfA4,1745067072713,8,1745067072713@PWAwkPYOYCndhQUTfA4,4d391514ff808ee570dc39ea60be212c5696edaac7fa86575af5882d6ea2ed0d281c552788d402167fcb9817e719ab0d
17,wkPYOYCndhQUTfA4,1745049587713,3,1745049587713@PWAwkPYOYCndhQUTfA4,b05f2d0ff2f37a87bedf8a0dec4677279740b8b8c5521f5b7115a41f194d77aad3d239f1be0241742373b5cb74b60c78
17,wkPYOYCndhQUTfA4,1745076349713,11,1745076349713@PWAwkPYOYCndhQUTfA4,5918655eae9e9d8db26c744c728986c0f5dda8ef9d0cba355336d279f6227cabc7799901cc5776f3542196f73307f0f9
17,wkPYOYCndhQUTfA4,1745072409713,10,1745072409713@PWAwkPYOYCndhQUTfA4,d8e65db1edc784f576b92cf327252033ae37e0ceb117d832560aff35c707eda2dd533a4b4a5989427d3c766b416c4845
17,wkPYOYCndhQUTfA4,1745028036713,22,1745028036713@PWAwkPYOYCndhQUTfA4,8765aea811dc64c0e64d747d0493bb44fb6ce5f5349c315e0a6732349fb1508852bd05361077accec20102de1b0a5cd4
17,wkPYOYCndhQUTfA4,1745067191713,8,1745067191713@PWAwkPYOYCndhQUTfA4,d0786389f9942b94a277c8dcea99c71f9f87b07e07f1f66bc1afde550268438141a2f1829dc58858f98f52512d6dc9ee
17,wkPYOYCndhQUTfA4,1745044201713,2,1745044201713@PWAwkPYOYCndhQUTfA4,10b20ece3508d399b5f8b315c28f7100836bccfc98a811e95725ab368b49dd8c36ef8160e05be4f4a1d43c7aa1f5eea0
17,wkPYOYCndhQUTfA4,1745010829713,17,1745010829713@PWAwkPYOYCndhQUTfA4,f3038c64305cd4108e521165ff5aebb8f74d7516f699a52018b8259bbcf34e439788ef002f1780c2ae6365985e4a7d17
17,wkPYOYCndhQUTfA4,1745056254713,5,1745056254713@PWAwkPYOYCndhQUTfA4,f33a06309dabdcd00174d398dbee61c93ec4563e63ecc931695d9c288cc756c4c81229e0ccddc98bab1aa13d26570e6c
17,wkPYOYCndhQUTfA4,1745034817713,23,1745034817713@PWAwkPYOYCndhQUTfA4,0f21be1afd58deaf003db1839ab0c0be16d79fd3240e67b7e8b7ea4df073a3801cd7254bb8a07e3a95de525b32121455
17,wkPYOYCndhQUTfA4,1745038860713,1,1745038860713@PWAwkPYOYCndhQUTfA4,de5c65819a5ebeedc90e731a2601e14f20a2ea90d3671af41495cba87c3d8df5fb2941b38f2c8d28bdbd5c69fd73315c
17,wkPYOYCndhQUTfA4,1745039112713,1,1745039112713@PWAwkPYOYCndhQUTfA4,14f5d52fa7e2553d19d885d679504ab10e14afec38687cd3a886a1133360441b3036c9caed4eaa9aaa8c716d1a4a8cbb
17,wkPYOYCndhQUTfA4,1745009151713,16,1745009151713@PWAwkPYOYCndhQUTfA4,31ff4470c6f28f42443ee883f8e29c8c124acb589c1b7daa7f6b42bd09abc9ccc2d9e52d3283138c1d126a8f020d3113
17,wkPYOYCndhQUTfA4,1745025275713,21,1745025275713@PWAwkPYOYCndhQUTfA4,980e221effa29085c14537e4c510f3cd24a996a50a1b480091b7f88f464ddd3517d0cbda91feceb599513a82feb66b8a
17,wkPYOYCndhQUTfA4,1745045299713,2,1745045299713@PWAwkPYOYCndhQUTfA4,acbcbe2c6e515d34470d0f84021388cf2a042d432ce07c70a4f46dcbb647616fae164350d92d2263d9835194b4d29751
17,wkPYOYCndhQUTfA4,1745060296713,6,1745060296713@PWAwkPYOYCndhQUTfA4,78df156b60f022d6554db85ccfc0417b832912c80640fe7ef76c7297f6ba4d43ef170d84dd026c6a20157e3d15539ff1
17,wkPYOYCndhQUTfA4,1745042086713,1,1745042086713@PWAwkPYOYCndhQUTfA4,d49f4653265b77f9d02926c464330b615f669f08214e0c9a2e5f06888c7d781d688cfb5e2884eb55aee7c32858bd0e2c
17,wkPYOYCndhQUTfA4,1745037944713,0,1745037944713@PWAwkPYOYCndhQUTfA4,59aca189baab390217fb94c33eda65573404378af8912d012b051841b26e4f72d6e8e4d4a9267fd7743af1f260eca68e
17,wkPYOYCndhQUTfA4,1745076273713,11,1745076273713@PWAwkPYOYCndhQUTfA4,1270e598066babdd8784a37a7c69d25000d4260349ebf994e1fa9e8b75fca19fd1712df8a7bd1b879b8b638cf89262e0
18,WJ8gVhl6R8LNiWnI,1745073567713,10,1745073567713@PWAWJ8gVhl6R8LNiWnI,d785815e56eedb1305de05d642758807832043d4548e3828386324bcd6c067aa8ab6e10bb1f8d58d891e2ffcb078f4d3
18,WJ8gVhl6R8LNiWnI,1745031255713,22,1745031255713@PWAWJ8gVhl6R8LNiWnI,d4aef25776fc3ba7417ed48dcc948bf440d6915ac527637cb3a9e3790ff92b47d190e5af54d9a5cee620810bd0c787f4
18,WJ8gVhl6R8LNiWnI,1745057453713,6,1745057453713@PWAWJ8gVhl6R8LNiWnI,e7259cca9c09cf1b8d4143adb074bf6a918317cad995a85a81c758050ae22bfc8299cefaec0ec73199d76f9f951333fd
18,WJ8gVhl6R8LNiWnI,1745051179713,4,1745051179713@PWAWJ8gVhl6R8LNiWnI,0a4c634e7a350e3c43cd99691c779c881d83cabb877bebe04614856103462c2442109a86153a7e938f9fe871d93426eb
18,WJ8gVhl6R8LNiWnI,1745027566713,21,1745027566713@PWAWJ8gVhl6R8LNiWnI,b9182ae3fee399fb40e18b4939c66adf08e6fad881f4bfcc182d73906efe00a59085cd82f60597afb93eeea8ec0ce93a
18,WJ8gVhl6R8LNiWnI,1745028283713,22,1745028283713@PWAWJ8gVhl6R8LNiWnI,de86f167ea4e7c668d0c3c74b0dd7606beb78d50c51bf1c43756e85ac45c83df15fb26b3134b2a282eb4e18df0325045
18,WJ8gVhl6R8LNiWnI,1745034463713,23,1745034463713@PWAWJ8gVhl6R8LNiWnI,fa9f553cc9a5582aab4a4966ad4b148a265a3bad4ffd2cff7d8437b5c4109c7472f28055608604ec9973f33127746fed
18,WJ8gVhl6R8LNiWnI,1745056724713,5,1745056724713@PWAWJ8gVhl6R8LNiWnI,88e40077397a5a79a8d681524287875171db11fc0b421a4ab6cdd611ad241b4221f551dac68b203c38a71f39b646ed83
18,WJ8gVhl6R8LNiWnI,1745029249713,22,1745029249713@PWAWJ8gVhl6R8LNiWnI,4b2f757ae707012ea6c662b050dd14d2f28bcf51515637ede112265459fb61668b7fe9ea1b07b9e1b65e2556e473b5a8
18,WJ8gVhl6R8LNiWnI,1745074064713,10,1745074064713@PWAWJ8gVhl6R8LNiWnI,7cf66202fded86dd9e31b119f06b8d5b078810b7ea69ab10cb9e4bbb7ea7a0bf86fd77116ce694f6c1e2dd441964e19e
18,WJ8gVhl6R8LNiWnI,1745017165713,18,1745017165713@PWAWJ8gVhl6R8LNiWnI,e2ec3ef13f7cf4dc4207f9d719f3936153c9397bebb95df5af2c292c99760e9fd8fc4825a5e88175fadc5870b8bb26a9
18,WJ8gVhl6R8LNiWnI,1745008836713,16,1745008836713@PWAWJ8gVhl6R8LNiWnI,8d988021a31295dd7de77ef9976b144c9802ea8967628d2d574f222e1b5991b8b6e24b22dd43f35839bd3e0231871b13
18,WJ8gVhl6R8LNiWnI,1745047363713,3,1745047363713@PWAWJ8gVhl6R8LNiWnI,09a6cb816f8f566b2c204e0200b66d05dee4ea2a1a015e015a6feff69d04064ff0ab6379989c561297acb536cbb22c2c
18,WJ8gVhl6R8LNiWnI,1745030783713,22,1745030783713@PWAWJ8gVhl6R8LNiWnI,1597846818c1c7c1372d5b457ea7ae7143e99dc6bb8a37b48c9b1ae6f752939192dec486148a707caba7a661b7f37257
18,WJ8gVhl6R8LNiWnI,1745047975713,3,1745047975713@PWAWJ8gVhl6R8LNiWnI,b7b4243ab17b59111dcefd0fdd9043be9eecf961c2a37e673745871bf96a0fd1d57db9c21bae759e05b5f055f99c04e8
18,WJ8gVhl6R8LNiWnI,1745069371713,9,1745069371713@PWAWJ8gVhl6R8LNiWnI,e3e025d55ecd986f893a5896d959f201107320a0c4753c09bd8d9a7d39f5b6a391d9f5f4e1ca1a310a68e1f3a9d54fbf
18,WJ8gVhl6R8LNiWnI,1745034615713,23,1745034615713@PWAWJ8gVhl6R8LNiWnI,a5960fa249fc181627d801b699ff48d8b1089397b83c8b1abc7f694165cc59aae753fb6d29cd756acbd8f1e53b305a7c
18,WJ8gVhl6R8LNiWnI,1745064714713,8,1745064714713@PWAWJ8gVhl6R8LNiWnI,5133c4da11b2f37ec58081fa7560da5dcf758fcdbc923c9b955f4b650217d29d59979826621bf8b9af83bb1d377be384
18,WJ8gVhl6R8LNiWnI,1745037854713,0,1745037854713@PWAWJ8gVhl6R8LNiWnI,3a90d3120f11401f20b227362056b62155e5c3cac51151f50629dab8406f8e4cdfd96a3bda8921bb4fdf413eba9c6a2a
18,WJ8gVhl6R8LNiWnI,1745065785713,8,1745065785713@PWAWJ8gVhl6R8LNiWnI,4b9ffa59c4bf6b96e79478b5ad775336bdbf40b5733f38e0f744e34e828d005a46940915e41bd7ceec7890bdaadd317b
18,WJ8gVhl6R8LNiWnI,1745037336713,0,1745037336713@PWAWJ8gVhl6R8LNiWnI,ba7e35d87508b416857034ed31fe36c869ea36f520cda565075b46a2a80b52b58a25bcc70e1d46ec24d0c5a0ba32a711
18,WJ8gVhl6R8LNiWnI,1745061560713,7,1745061560713@PWAWJ8gVhl6R8LNiWnI,05240ca209faf5c361b187f45715f50179316316c02c45781e14d84f3c5e4171edc35e1dbd4c5f02e5d76e710b262d99
18,WJ8gVhl6R8LNiWnI,1745017033713,18,1745017033713@PWAWJ8gVhl6R8LNiWnI,972e53d638be010da5db5682bf7655811df1e2a417e47907f26473b262fe85f4af9edd7969e10b01578bbd897f0a8d56
18,WJ8gVhl6R8LNiWnI,1745058786713,6,1745058786713@PWAWJ8gVhl6R8LNiWnI,4e428a93aa89392641b5c480079fc405f7de480125dabce1793bd0bd39381faf13c430cd16ddfe6c7dc3a175ca13623e
18,WJ8gVhl6R8LNiWnI,1745050225713,4,1745050225713@PWAWJ8gVhl6R8LNiWnI,4cea664226d10f414eeedbc4675668f8a991237c14a1ac82f193476ce91df85d9fa8227b877c7f31f4cd4a7432d23b10
18,WJ8gVhl6R8LNiWnI,1745066428713,8,1745066428713@PWAWJ8gVhl6R8LNiWnI,debccf796ed46be8e34da5a26f30c4af4495d24a1a63a3f875af90e9d923cadad9ef1e4b8455776accb20efe073f2571
18,WJ8gVhl6R8LNiWnI,1745058233713,6,1745058233713@PWAWJ8gVhl6R8LNiWnI,33aa220fcec8a506b3e39ec15c196c3bfe8ab31e6bc0007905b3983e4a04a2dc75c3b55a8022750b714c635fb67cfb2b
19,3RLRqghwVOZSwqON,1745022670713,20,1745022670713@PWA3RLRqghwVOZSwqON,1d403ceb048c90f6f4e0e2f6e76ea87c36280c6347589085dc075cb2e0715ac6d757e3f0a85f5f69dea29b474a11f3c6
19,3RLRqghwVOZSwqON,1745046002713,3,1745046002713@PWA3RLRqghwVOZSwqON,c88f8bd94ec56c91c98f5f5f475978206c77f4e8926f9e0c95aeeb452571fd8e9627626e15e2ca40eb0d6debe5784c7b
19,3RLRqghwVOZSwqON,1745043828713,2,1745043828713@PWA3RLRqghwVOZSwqON,bb00d04f2704f5cf5dc6d9d9dd1d06ce181dee56190cda999d4b33324de5d36bc6699b423b67d202f2134f16c3dc5382
19,3RLRqghwVOZSwqON,1745031689713,23,1745031689713@PWA3RLRqghwVOZSwqON,a3d129c1d6bad2b5c4f00bfc5b70888bf9197535856b77bc2a98aa2c4f49ddc09551c6f03095aa7567b1a5a86ca294c4
19,3RLRqghwVOZSwqON,1745045924713,2,1745045924713@PWA3RLRqghwVOZSwqON,045b4684916399de25d45c686b6d342f07ac83be37effa40f4579f95fc2f596b120116f814d1c057465b463389ff662b
19,3RLRqghwVOZSwqON,1745059577713,6,1745059577713@PWA3RLRqghwVOZSwqON,ac0fefc911c57048d96f0bdd4837861858172837e4c8ea1b3e2f365d6ff4f4c366a3e126c06570dd44359b41a2d6ab1c
19,3RLRqghwVOZSwqON,1745062094713,7,1745062094713@PWA3RLRqghwVOZSwqON,a538c1b10501cebff3f599edd8f49dbb217e33491ca9a0bc4cfa40ccc3a6a1eca677d54e49dcfb4ae5f1e1021e2d2f0d
19,3RLRqghwVOZSwqON,1745024248713,20,1745024248713@PWA3RLRqghwVOZSwqON,92dfda23e7be02fae817410c57d6fb2f626c8d593bc7f176e0a9f1a2b1747f2aa14b830a142adc432893a2d06af45f6e
19,3RLRqghwVOZSwqON,1745060570713,7,1745060570713@PWA3RLRqghwVOZSwqON,6e2f97f8d7b858c86651b49fc93e751ca25ad83d93d51f6a6d23567528585af68c8860f8dc8ebb7cabf2615af6591e0e
19,3RLRqghwVOZSwqON,1745057910713,6,1745057910713@PWA3RLRqghwVOZSwqON,21961d6673c8bbbeff10fc47c40e235e5b6acd615ebe8e0dab0f31c54887c843116754926702c2e2473857ab021eb26f
19,3RLRqghwVOZSwqON,1745059904713,6,1745059904713@PWA3RLRqghwVOZSwqON,0308e2a5f3db0cb329daa8130ce5ce831304249f09485752a673bcc47ba6431a87307f7c5801e7f641233d2d7365898d
19,3RLRqghwVOZSwqON,1745051438713,4,1745051438713@PWA3RLRqghwVOZSwqON,e6c1e1ca6db0356203699e20730f94137e378cc373664f6941502e0f741039af8d48196e94bb5f876acadf94429bcb57
19,3RLRqghwVOZSwqON,1745037407713,0,1745037407713@PWA3RLRqghwVOZSwqON,4294554554f4a37cd21c9b9a57322fcf94bdb07e76840a97bf5705989a16c4134e7130bc645d50d0b6b44a5d690a3b44
19,3RLRqghwVOZSwqON,1745021905713,20,1745021905713@PWA3RLRqghwVOZSwqON,6978b1acfac62f16e4c6f216522ff1956d6b8f296f4cd42c4229c1b99e4154cf7588daa6356c3f36d7a42eac19d2d68d
19,3RLRqghwVOZSwqON,1745057223713,6,1745057223713@PWA3RLRqghwVOZSwqON,f1bc5d3959bc01795d90141e99c768cdb71c3f8daa00181fc06d0ecc79b556e4fd7c76eb4a7b746197ab477472f2456a
19,3RLRqghwVOZSwqON,1745010077713,17,1745010077713@PWA3RLRqghwVOZSwqON,294dcced48e7a388ce06f8721cd0907383e635c89e6be0d2ace4195052c6767611f9737593f125c6e66e04e9fa10a319
19,3RLRqghwVOZSwqON,1745052530713,4,1745052530713@PWA3RLRqghwVOZSwqON,30f02728bc1637ffa55dfa8ec62baeca1750ab6256c2a80b26892a37019a5f155d9d9a21659e80273acb35bfa5e1d64d
19,3RLRqghwVOZSwqON,1745045071713,2,1745045071713@PWA3RLRqghwVOZSwqON,df1615ef66f1498b017eefb2c86822492f5e53d72c43ee09ab53f5e911058ba28fd9c21cc3d470652bde32636a99f4a4
19,3RLRqghwVOZSwqON,1745048800713,3,1745048800713@PWA3RLRqghwVOZSwqON,6606b0bd1ea36c78b0c58efa358dcd1852563c0e303e62c9e2afcf60666c2791cbb9f79f52159298aea042d328ba008d
19,3RLRqghwVOZSwqON,1745028462713,22,1745028462713@PWA3RLRqghwVOZSwqON,202e370a9feff94ff7e835f6d148eb686d3f57f9227111dc962ef824a6f8dfae349ab58864855a2ed2f5d0e5b9d3db3d
19,3RLRqghwVOZSwqON,1745057781713,6,1745057781713@PWA3RLRqghwVOZSwqON,e5212c39bf5261f07fb70b4c8b903d989a78604d0ec31f0faf6d46ff3b847f847e5f874ce513066ed60c3a3f7b81d511
19,3RLRqghwVOZSwqON,1745072722713,10,1745072722713@PWA3RLRqghwVOZSwqON,cf8b2fb8a37b065a4b653dc86e3726a4ce79f22786e8b3d5c5a853b7eed6538e279c1a35fd2ef6d89476a3b73c5e499a
19,3RLRqghwVOZSwqON,1745065203713,8,1745065203713@PWA3RLRqghwVOZSwqON,0291d22893dbd31aaa56a1976eb18b39ec1fb8b14f7169271b68a9e9211dc88aa674bbfbbcb49ae0a01002b769a08cb9
19,3RLRqghwVOZSwqON,1745021916713,20,1745021916713@PWA3RLRqghwVOZSwqON,dc83f6a3bde3d9b41b4281a5e83c5f2e9c83ac545360ca643dfc7ea95475d5c1c12415f622c466f0c3d25ded8fecf33c
19,3RLRqghwVOZSwqON,1745056048713,5,1745056048713@PWA3RLRqghwVOZSwqON,f419f97680e7300d0378dfa95eb2b4656a03bc14850bb3090cfd5aa0c6b4041d67b6558a7ccaa2a2fd7923627b101540
19,3RLRqghwVOZSwqON,1745066195713,8,1745066195713@PWA3RLRqghwVOZSwqON,e6b66efb3ad9032606cfb7843150c9906441b6a5b43a14c242a40d2e9c363574e8d0990cceea50e844af7b6f842c7f12
19,3RLRqghwVOZSwqON,1745032550713,23,1745032550713@PWA3RLRqghwVOZSwqON,eb46837e831ddc8f4dfc571efc6a03bdb23376f91a45694a1d4755ca5c2ae33b7ef36e4d8184d8daf3f9a27850d2f379
19,3RLRqghwVOZSwqON,1745066201713,8,1745066201713@PWA3RLRqghwVOZSwqON,ee5bf577a6631fba0db7c6b78450e73e8b93cbec154e2911a8d993ec0ef215accf3256bb21f77f6850bf66adf0463d27
19,3RLRqghwVOZSwqON,1745054971713,5,1745054971713@PWA3RLRqghwVOZSwqON,a16daa7865754303af33c426f65c2d436cf5e46ec97a3dc9371d54171132b9740a491ce8cb6697c5031c34ef034f79da
20,w7QUmJEfpIn5V5pa,1745008787713,16,1745008787713@PWAw7QUmJEfpIn5V5pa,48e765625d1945dcd78d72eec704944c3c3b39d3000cb6d1f1aa7ce51bc43a84d81aa520a5b645001b2eb4e3ab423ff8
20,w7QUmJEfpIn5V5pa,1745062301713,7,1745062301713@PWAw7QUmJEfpIn5V5pa,a64b9bdb48b7c2661396142b3fd6585072dace8b0c51846c9d475ebcfca5fefbcef49490189734dba5fdb30fdcfaa6c6
20,w7QUmJEfpIn5V5pa,1745016431713,18,1745016431713@PWAw7QUmJEfpIn5V5pa,d3e576b1491117d0b42e1cccb480b6a69bf650a960a507f64240b6481f47f03b4afcc4d2cc619d0328b3eeccc99f617f
20,w7QUmJEfpIn5V5pa,1745077431713,11,1745077431713@PWAw7QUmJEfpIn5V5pa,be66a6dc2bffda078420b83fb3aaa39273900cf210c3f49e767e5560e8a0542f0e81efacffe0250cc2c64e7237e05852
20,w7QUmJEfpIn5V5pa,1745023076713,20,1745023076713@PWAw7QUmJEfpIn5V5pa,151e91f1741c375a2b4e0d800921eb28741799544deefed08e8ae1ece0f6f0aa2f2dcd65cdcd71b534e5505abab71546
20,w7QUmJEfpIn5V5pa,1745073150713,10,1745073150713@PWAw7QUmJEfpIn5V5pa,050ef79421a6893cbcf0d6099edad8fd6367b95a019092ac73c227f4af9d7e2eeb8f1be57884451609f2bb322ece22e5
20,w7QUmJEfpIn5V5pa,1745009493713,16,1745009493713@PWAw7QUmJEfpIn5V5pa,cba407336e34165894749d563099a95c58f1c5a0042ae91517b3525fa446a76a6f7e976abcc0d78efed9aec2ce342825
20,w7QUmJEfpIn5V5pa,1745051708713,4,1745051708713@PWAw7QUmJEfpIn5V5pa,88cbd13e9d979788ce6474187a5975aa1917ea29051d6a929ab74155c39d474d30471723d78028718cf68c24c95e8e93
20,w7QUmJEfpIn5V5pa,1745054181713,5,1745054181713@PWAw7QUmJEfpIn5V5pa,7f30920a67d474ed05ac25f92eb71ea2eaf05ca0656aebb24555a2af76e488fd9fe3447be952cf25c273d61a03d00ae4
20,w7QUmJEfpIn5V5pa,1745049278713,3,1745049278713@PWAw7QUmJEfpIn5V5pa,ff18f0e035aadf42b9dfc5a938c257fe69c9b4d35578033ae708c15064c8c71ab88fe78e4292c0d88bd1401c7e409227
20,w7QUmJEfpIn5V5pa,1745024067713,20,1745024067713@PWAw7QUmJEfpIn5V5pa,f04ae5d87d29abe6f8985b99599c049c8a8306368c54bcd5dfd49d3bf676d31f5fb38b00bd9d346afa137e72cf1f8b16
20,w7QUmJEfpIn5V5pa,1745043100713,2,1745043100713@PWAw7QUmJEfpIn5V5pa,86664dbc7d759653308d7bfa57f7d6c2a6996473a508a99bc96fb653dd90b5c542aafa7cdd8cade089f3ccc778acac6e
20,w7QUmJEfpIn5V5pa,1745066343713,8,1745066343713@PWAw7QUmJEfpIn5V5pa,239121b3ae49a97a80e40de5be6ce6337667ce4e34ed39064309ec3b73bf3552a9ccb56c522a9b08dda1e24f750a9063
20,w7QUmJEfpIn5V5pa,1745028557713,22,1745028557713@PWAw7QUmJEfpIn5V5pa,be22a1c4c027143c30bb9a4c8f2ef77e68fb03d2504be372a6bbad1085b7cc1a60f83b218324b07ece9409d5667cccdf
20,w7QUmJEfpIn5V5pa,1745064930713,8,1745064930713@PWAw7QUmJEfpIn5V5pa,ec90ba803bef51f203234e51968a2accb88df2f99909768420a11188fe223ed225b2cef8d5ac6e4dd0b8ca60754a6b6a
20,w7QUmJEfpIn5V5pa,1745042689713,2,1745042689713@PWAw7QUmJEfpIn5V5pa,476dd568266cfb1451793d59d713e824856fb47f69728f4e2395265f05691fd3cf0ef37efeb853049d468e0eb4c6e040
20,w7QUmJEfpIn5V5pa,1745077183713,11,1745077183713@PWAw7QUmJEfpIn5V5pa,6d8ca96840773ad8f8a464d9333c764a0135e6d0b56f6c15dff570e9559bdcf30bcd2970ff29c7cdbdaee3ad72804be5
20,w7QUmJEfpIn5V5pa,1745025085713,21,1745025085713@PWAw7QUmJEfpIn5V5pa,139abce8319b1651231dd5f1eb0129907ac5a300d3d39ea29663826b84182773b1564fef9a9202304f726b241072b67f
20,w7QUmJEfpIn5V5pa,1745077011713,11,1745077011713@PWAw7QUmJEfpIn5V5pa,6b7a96b47a4d215edf980b75589e1d259afab13e7416b6739cf6d84c5a32f6333e66f140bcbf70f217e48b1f30709d26
20,w7QUmJEfpIn5V5pa,1745009483713,16,1745009483713@PWAw7QUmJEfpIn5V5pa,e1f1eace8aa25102ce5182e073ed84859b15ebe1158363e1556d837c56c6fcc7d3421f6968ddcb88b6823709f4f5fa8b
20,w7QUmJEfpIn5V5pa,1745049307713,3,1745049307713@PWAw7QUmJEfpIn5V5pa,5b764726ee245c99edbd19ac8f0ca858823079c71c279720343a5a8f6db0fe51a1fcec2844b7a11458b7f69c801bca07
20,w7QUmJEfpIn5V5pa,1745031005713,22,1745031005713@PWAw7QUmJEfpIn5V5pa,fad2201c91a05597c686195ed87091f8ccaf33d38aa5f2ba06beb655d0d115dc9cac1ed8b8f9c6d07fa45d59e61839eb
20,w7QUmJEfpIn5V5pa,1745027079713,21,1745027079713@PWAw7QUmJEfpIn5V5pa,de75868510771aa0c20e68036f38eff3bec2772f96dd225b0e91da613705373bc24fa70f16d28e119762f4d0cdb18d7a
20,w7QUmJEfpIn5V5pa,1745065049713,8,1745065049713@PWAw7QUmJEfpIn5V5pa,898398976464e277690047790dea2d4b9d893c61e740b0667c9aa0336f5f5345df10af4fc702e320e0851689bada9b77
20,w7QUmJEfpIn5V5pa,1745060433713,7,1745060433713@PWAw7QUmJEfpIn5V5pa,0f905e40faec93506447f7fcb5985fdd7c18a352ad8c6ad2126bcf582ef47381fc6ba1036f7adf77af2c7dd5e573da26
20,w7QUmJEfpIn5V5pa,1745041899713,1,1745041899713@PWAw7QUmJEfpIn5V5pa,d9d2988ec4825c662ceaab756ecf06f49a828d3de39915e115e642f99875871737b854025878c8afbd26bd31367ce76b
20,w7QUmJEfpIn5V5pa,1745044122713,2,1745044122713@PWAw7QUmJEfpIn5V5pa,4456fc940429665a9f57b2c6330a40f76ebc30fcd945db3768a6648e468a03b787b00e8f37641426fd33e251ef892750
20,w7QUmJEfpIn5V5pa,1745068161713,9,1745068161713@PWAw7QUmJEfpIn5V5pa,18046c9dd5b97cc7f5f623e7aecc827328e4eea7f12030be39add7a276272b564eb085b7fe3dfcc5de403f26617e01ef
20,w7QUmJEfpIn5V5pa,1745048639713,3,1745048639713@PWAw7QUmJEfpIn5V5pa,71f2c3312172d95c64876ff2e938e00f9cbbf22800e82a201bb3cda98dcbbbe41b90938602805d2c0dc1b563318c3f1f
21,9KmdO3VCWBUCcdzS,1745061174713,7,1745061174713@PWA9KmdO3VCWBUCcdzS,820ada7ac61a33eb7281860fc0aff6c156b98dea86a7d50d7a716aad2489ecc44a02ee5b43718428b9bafb4c9c0cc759
21,9KmdO3VCWBUCcdzS,1745016735713,18,1745016735713@PWA9KmdO3VCWBUCcdzS,cc3af63597250383d7a7cea786f7ff2571f9c1a5d2fd752a2ad5a53fb640f9ad061dc2b8cf23d06040cbc2d96aa4584f
21,9KmdO3VCWBUCcdzS,1745011679713,17,1745011679713@PWA9KmdO3VCWBUCcdzS,5db78694e40079b2c1bf3fca67ef1cffec54f46785fe7e194547c086e6cbf93d0548b9ea9b134331549ac844c842a5ec
21,9KmdO3VCWBUCcdzS,1745063204713,7,1745063204713@PWA9KmdO3VCWBUCcdzS,6e843a6e99bb7aa88d5886d3c2c230ed332c43432c052b8122f8c75bc4488034da48831efe58ec4d2d3eecdb2d5884c2
21,9KmdO3VCWBUCcdzS,1745033070713,23,1745033070713@PWA9KmdO3VCWBUCcdzS,2eb6e6f00e4307e09be1b5c5bac479f8b56584ea7d815f0a1e9a3858ecfe19d0a183faf9d6eaaf2c4a65ca8fae099e08
21,9KmdO3VCWBUCcdzS,1745032217713,23,1745032217713@PWA9KmdO3VCWBUCcdzS,a796a4cd6088e6c0fe90aabf3b76e36cdcbf29f2b6cd9fe530ab0928e7c3a6add4674af6872434212a56e662d42804bf
21,9KmdO3VCWBUCcdzS,1745021281713,20,1745021281713@PWA9KmdO3VCWBUCcdzS,3f6e7d4af4d8c654b852041a019602d6cf458e7f2050fc20c025943949d1c20028a1a520e55cf0ee946bf8cfbd1d814d
21,9KmdO3VCWBUCcdzS,1745057225713,6,1745057225713@PWA9KmdO3VCWBUCcdzS,105e81f41dfe85b9389f8a1dd2761d37c878ed9512ee0ccf3e6144dffde1f829a976e4a600e408769bcacaad307adb79
21,9KmdO3VCWBUCcdzS,1745035072713,23,1745035072713@PWA9KmdO3VCWBUCcdzS,4eecb04db2a6d8ddcb55df16b9bbe594a798e488e1439d69af0eb04457bcc7fe8e383e9548172daeb959732a2b0e894f
21,9KmdO3VCWBUCcdzS,1745066879713,8,1745066879713@PWA9KmdO3VCWBUCcdzS,d94854f3336f4319b5dd865dfe7b9c329133c66ca544280b106176128e61f0a562441b5db1da70cb4af027143a8a34d4
21,9KmdO3VCWBUCcdzS,1745069600713,9,1745069600713@PWA9KmdO3VCWBUCcdzS,bd1ec0db51f7114bd1dbe3f3570f1868eb735601725b3ce85d94d1d2fa36297072483c25c019fb4d3229509acd1ac034
21,9KmdO3VCWBUCcdzS,1745072686713,10,1745072686713@PWA9KmdO3VCWBUCcdzS,457a2211a7d2094f4aeb2e501445643b4124960c8489ee8fdb8b508a993345bd219a730a51d3bd346d5d8b9b428e11b0
21,9KmdO3VCWBUCcdzS,1745064854713,8,1745064854713@PWA9KmdO3VCWBUCcdzS,10a46b22547895cd508f5257440631c1bc2439430426794b66e321d160b19372c7445120cc7d477cd5f53f7dbc36795b
21,9KmdO3VCWBUCcdzS,1745045445713,2,1745045445713@PWA9KmdO3VCWBUCcdzS,629848ac3e0ad23476c107199a50fd4f8b36ee23665e4bd29f0b3dbb92a74c7f81a25e6c3e37d34b6c32159a84e34da9
21,9KmdO3VCWBUCcdzS,1745065890713,8,1745065890713@PWA9KmdO3VCWBUCcdzS,17a7d8ff5d32dd08f603fb3b22e1488c68234b20ca10e10b0306db78f1a9e1a6dbda2b460fc7884d9cf3c6e29c1fc69f
21,9KmdO3VCWBUCcdzS,1745059994713,6,1745059994713@PWA9KmdO3VCWBUCcdzS,a541c29322b8ae94a8391322fd8b4c61f134fce7bbb885e74338b6815ff123c836ae6ce3d5cb59bec2245a2734916f61
21,9KmdO3VCWBUCcdzS,1745047378713,3,1745047378713@PWA9KmdO3VCWBUCcdzS,e2cc1a131e57552971a70255ad7a24398ba247570d25c515108923038d1530403e50d009642d0666eaa0e79028f48dc8
21,9KmdO3VCWBUCcdzS,1745011278713,17,1745011278713@PWA9KmdO3VCWBUCcdzS,f5f24738374adb99e16614a8678866abb97bfad32afcdae0c5571862f15699818fb8306599900826ffa1ee834809874f
21,9KmdO3VCWBUCcdzS,1745013931713,18,1745013931713@PWA9KmdO3VCWBUCcdzS,7e32dd46303d48ed7826c56d2a646cde1e051bdecfba3e79d3094ad8668fccf328867baa9f4f8bd8bdd4a429e0eeb4e1
21,9KmdO3VCWBUCcdzS,1745019888713,19,1745019888713@PWA9KmdO3VCWBUCcdzS,4ff8e7c4b3876ecb86e2618f2c216745d9a633b6667e95f54dd1001bb9766c7a7420ca393973201bfb696094e90c4a84
21,9KmdO3VCWBUCcdzS,1745063801713,7,1745063801713@PWA9KmdO3VCWBUCcdzS,4729380fa0917c777b309620e10a5f0c515c70ad8b0e2dff3af0d7190f60508025021ebcc6c548061638f8458c7108e3
21,9KmdO3VCWBUCcdzS,1745012101713,17,1745012101713@PWA9KmdO3VCWBUCcdzS,ab981ac6b1dfc0b9d57c211523bf9f376a4198a06284914e8a2ea8627ae58b5f0e4852a769b24d39b65e07ed76a97a34
21,9KmdO3VCWBUCcdzS,1745041654713,1,1745041654713@PWA9KmdO3VCWBUCcdzS,bd5985f31fca28eb655908813f44bff9f7e42a98b5d5b9a02cce140d13098b916a5c69530a50e77a9f8ba71298e338ec
21,9KmdO3VCWBUCcdzS,1745063779713,7,1745063779713@PWA9KmdO3VCWBUCcdzS,59cc55a3689166c5f53059b8499948a162960b1f31a11d0d392abbedfba0c39e1064483f60b0c7c93f77a28d1a2ca71b
21,9KmdO3VCWBUCcdzS,1745006279713,15,1745006279713@PWA9KmdO3VCWBUCcdzS,5f5db7d0bebe607e1281d8892ddd154e37cbe2b77cddb3e7de93bd6c2340ba24146d88be4b15ced099827d2de63d9eb2
21,9KmdO3VCWBUCcdzS,1745060730713,7,1745060730713@PWA9KmdO3VCWBUCcdzS,51c31b47db1b6238532318e76c380d4923cde9f2470600a45418341f915fc7c844e0bc7438562ea7a179c4e7cdf78aab
21,9KmdO3VCWBUCcdzS,1745036064713,0,1745036064713@PWA9KmdO3VCWBUCcdzS,74635c02339380b8acc8123515fcd974d8d01bfa43c9cf4e58b5de115bdf0f4fb340ea149dac6efa77da359bbff4ecad
21,9KmdO3VCWBUCcdzS,1745027018713,21,1745027018713@PWA9KmdO3VCWBUCcdzS,fe8ebc17ba8f35911bf4cda64dab3a618fb3c7132811be8fd39f2e4bf1999a1bd22b5a9a15efce80aacffb9b6ba447e2
21,9KmdO3VCWBUCcdzS,1745052767713,4,1745052767713@PWA9KmdO3VCWBUCcdzS,c5511d8219513e3897077ef1169fa1d87576637e70c8a1237ef94aab8d6f6ed6d70d9c5f35cebca8c7392de04f153e6f
21,9KmdO3VCWBUCcdzS,1745062992713,7,1745062992713@PWA9KmdO3VCWBUCcdzS,adc3a4f7af6dca5da689cc093cc7d2d2f64e23935cc7af3820fd877bac95b7a89cd3fa04263b38c214d5ed45acf2241d
21,9KmdO3VCWBUCcdzS,1745013085713,17,1745013085713@PWA9KmdO3VCWBUCcdzS,b3130f5679cecc173ab9b48354bd0cecd7ddcb738d35af139d52e9d173c0433866f2db84dacd57db09259a5fae5ee0e9
21,9KmdO3VCWBUCcdzS,1745047908713,3,1745047908713@PWA9KmdO3VCWBUCcdzS,1ad64c391e854095bbce081190704f69b5a200fec0375ff65609767078bc0b87792fdac1cbebab4d5526ffdb75bb95be
21,9KmdO3VCWBUCcdzS,1745040488713,1,1745040488713@PWA9KmdO3VCWBUCcdzS,f3278bf793b0ce5ba84161b9260992d2a302f84533a90afb6ddf7998010a576845a1024abd7e59eac21cd8ac0ec183bb
22,nR9DLgiEifXAZ8n9,1745022675713,20,1745022675713@PWAnR9DLgiEifXAZ8n9,bb5df1335137d214c8b095dd5d65628abe5c1a4991090b25f0c0bbda32156e0817a04a05e7db1b3266ab77ae4c1a862b
22,nR9DLgiEifXAZ8n9,1745041083713,1,1745041083713@PWAnR9DLgiEifXAZ8n9,bb7a33a38e1fe3a382e7a3456cde34bdf45727096739be424524a1a37e87b954cc5ef86a43ebd3a054c5dcd349c47e0c
22,nR9DLgiEifXAZ8n9,1745028350713,22,1745028350713@PWAnR9DLgiEifXAZ8n9,7e99ed1bde04a533178c969a41f9cc6c67f3ca9509c0ce957e618283405001b4c4ee4e018f045caad8836ad467b3b1a4
22,nR9DLgiEifXAZ8n9,1745042916713,2,1745042916713@PWAnR9DLgiEifXAZ8n9,ed55fa99a2616cf83121c0f565f1921288510fcc1eac4e79ce662c13b0592873e166ab6ab5cb8199616b85524dfe4598
22,nR9DLgiEifXAZ8n9,1745023187713,20,1745023187713@PWAnR9DLgiEifXAZ8n9,d8f01c8d7ea39157d5d1e14d7924fe16c9fbb8ffb50a4ee4a2996947bfc41f696f285f37ccde90e4ad0d7879e94e6103
22,nR9DLgiEifXAZ8n9,1745060423713,7,1745060423713@PWAnR9DLgiEifXAZ8n9,009a85978178952f2d6c3163ba5b96d7b3c8ba37701f366d209cb254750a70a89bde68d67c588278edc1fa1d02d907a9
22,nR9DLgiEifXAZ8n9,1745045041713,2,1745045041713@PWAnR9DLgiEifXAZ8n9,7110fedc06635e16a89da7f6db59a35bd5a8131898bb4018b172b8aeffd02400c061374bf076decb40df78a11cb9d01b
22,nR9DLgiEifXAZ8n9,1745024037713,20,1745024037713@PWAnR9DLgiEifXAZ8n9,7f2f998dcd9ad6b87934eea8c2a04e5127db62c49b0a0f6f839ad69a2ab6723350286d08279aa7b8561ea4ce69051bae
22,nR9DLgiEifXAZ8n9,1745047140713,3,1745047140713@PWAnR9DLgiEifXAZ8n9,248585e5afaf0b865bb2577013adb18644505538b86c3d9c3d27bb3f710155bae153501dad2ddf74c44a80549605ba7d
22,nR9DLgiEifXAZ8n9,1745060588713,7,1745060588713@PWAnR9DLgiEifXAZ8n9,5f6edf15725cafb23aeacd8b7bbab2ca8422ea836b9ac83e486680e5f597a077b94063d9e338a847348ab16f4d090437
22,nR9DLgiEifXAZ8n9,1745059707713,6,1745059707713@PWAnR9DLgiEifXAZ8n9,6380355d8126cf5ebbef5f4aa14df266ad9abfb016c9f46945fd8813b89478d590968a7947e40fa1fecc83c61f4deaa6
22,nR9DLgiEifXAZ8n9,1745029122713,22,1745029122713@PWAnR9DLgiEifXAZ8n9,79eefcb4d682439012de93c6115e2435838f1877e93754ce34de94f1ebfdbfbbe4db987c6267cdb73ece3ec197b9bbae
22,nR9DLgiEifXAZ8n9,1745045450713,2,1745045450713@PWAnR9DLgiEifXAZ8n9,18a7c5e31155ed3b12badd9b5f31dcf8fdfeb429249791aa0d7967c348556e68477687049894ff031d5607de5ecec1dc
22,nR9DLgiEifXAZ8n9,1745069016713,9,1745069016713@PWAnR9DLgiEifXAZ8n9,48524f5f411be821da956b71c4c80636028bb61bc421ae517572890591dcf010fa8b92747e7c952adf7a73a6c7062dc1
22,nR9DLgiEifXAZ8n9,1745050514713,4,1745050514713@PWAnR9DLgiEifXAZ8n9,6fb1f3b2ec8f36adba4c38232def26fc411ef0c4429b1bbfb5a6bd3f7942eb9ce84cc10de7ab7de20e4b25f3c30d5bfa
22,nR9DLgiEifXAZ8n9,1745011978713,17,1745011978713@PWAnR9DLgiEifXAZ8n9,9cc80fcf4f8d7cd8280d6dc5c28bb57b594180fb53ccc1d01da5fdb5efc3be37a2f0b3cd429bd8d1fdafd194e59466aa
22,nR9DLgiEifXAZ8n9,1745011238713,17,1745011238713@PWAnR9DLgiEifXAZ8n9,0cfda9c71c1cd6f3689189519e065b61708cd8a1e508ec1fe7c0130c4db02e6ea9a21e992ef022637bfa910cf262321c
22,nR9DLgiEifXAZ8n9,1745072146713,10,1745072146713@PWAnR9DLgiEifXAZ8n9,d5e7b700afe6df4b707aac80ea63f85cafc71035af60fe228fdcdaa50fe7635c114b9d97216564edd609758d1009c26d
22,nR9DLgiEifXAZ8n9,1745040911713,1,1745040911713@PWAnR9DLgiEifXAZ8n9,95f6c6d88402e0a220dc151f68c05cb6b27f974f4a2ca5d668a1237bcb5cb4703ab31106b6afe8243b60dc01797f442b
22,nR9DLgiEifXAZ8n9,1745034246713,23,1745034246713@PWAnR9DLgiEifXAZ8n9,79d93de192ce7cac5fc0cf6a6fb5e19533ab88ece9b9d98f4bbd2bc055904ceac40a44f8e92b4c92fbfc5ba3353dc617
22,nR9DLgiEifXAZ8n9,1745007194713,16,1745007194713@PWAnR9DLgiEifXAZ8n9,f16eb1880636b88186130be38c35054735a9faffc655997875231109d698995b1c59f5de21337586c6e537f10a071da7
22,nR9DLgiEifXAZ8n9,1745034505713,23,1745034505713@PWAnR9DLgiEifXAZ8n9,2b166f6262b63a30bf3fdedb64d2b97cb0d58f988b9242c6e84c9ed4624381ee1fe48cbf20930883bf621f187cb04795
22,nR9DLgiEifXAZ8n9,1745044847713,2,1745044847713@PWAnR9DLgiEifXAZ8n9,5c24e306294929f3c7c813b55686d5c13e3b38c57e2c6e1f561c36d5e72ecbd4e89a734109d549ee63634bb65e5a5923
22,nR9DLgiEifXAZ8n9,1745058070713,6,1745058070713@PWAnR9DLgiEifXAZ8n9,706ba609728eab0ce330f3ae7902159fced9b216919749c5f6f95b8c9dcaa545bf6d4646bd307235fdb08b7b907a6c4d
22,nR9DLgiEifXAZ8n9,1745027101713,21,1745027101713@PWAnR9DLgiEifXAZ8n9,1b8a360e86aa0f28e0fddce7c50e2c1e3e193758e6c435d991558d02931290ffd5cbc89f3bfe60200cb65f9730b21885
22,nR9DLgiEifXAZ8n9,1745034667713,23,1745034667713@PWAnR9DLgiEifXAZ8n9,cef53ab77dee13606418065ea8625e1adf8be5896f869e64cf892727fd1c0bd87295bf9c787ff710c36f445952ca80f3
22,nR9DLgiEifXAZ8n9,1745037186713,0,1745037186713@PWAnR9DLgiEifXAZ8n9,5f26f564341e689a04a0333ed11e6cdd7b848a4250e8700c527fc4c676a4b52eba685ce9feb5e4ab452a4ed4d4991520
22,nR9DLgiEifXAZ8n9,1745057687713,6,1745057687713@PWAnR9DLgiEifXAZ8n9,94c37934a310d9405ad4f81f60d5722c91f960f6cf8845701120d24dea4a5815769561f6705db87fc6f355dffdaa4a2b
22,nR9DLgiEifXAZ8n9,1745037137713,0,1745037137713@PWAnR9DLgiEifXAZ8n9,e6af02a96ab854e87b7b7337f6b0c5761a9444c76957b078c94d4d7a69ce8b30583ea2f2b32fc936f47c59c2746146c6
22,nR9DLgiEifXAZ8n9,1745043850713,2,1745043850713@PWAnR9DLgiEifXAZ8n9,e198fa72dfe3a14031a37cad1dec3f13077fec9a2d08c055c086e884e8ae8765659bf9cb32c6ac960f4ebd76cf61a89f
22,nR9DLgiEifXAZ8n9,1745033393713,23,1745033393713@PWAnR9DLgiEifXAZ8n9,aa39e32e03dedc33f94a8fbd0a6cdd9cfa7c7121b5f9107c393c9f8de78d719f49fb47ca96b331b299fc414d7d9a52f6
22,nR9DLgiEifXAZ8n9,1745024819713,21,1745024819713@PWAnR9DLgiEifXAZ8n9,4a393992fbcac8af09ad053f0065ae7dbb2d9c350217af810ac244fb9f90b73130820b3fcfaf128e5bc72a8339d5fdce
22,nR9DLgiEifXAZ8n9,1745067097713,8,1745067097713@PWAnR9DLgiEifXAZ8n9,8557b3807808f68796f71904e76fb7455807c61ab95c2462f49d91cb01e38d133299139ccb623a480f24b72e47d506ed
22,nR9DLgiEifXAZ8n9,1745040118713,1,1745040118713@PWAnR9DLgiEifXAZ8n9,72dd811c112ea3724e87dcb9ece68058ecbeae821fe3cf758d076b0fe223582443e6ad41c3fb36836f6a342e2b256748
22,nR9DLgiEifXAZ8n9,1745042840713,2,1745042840713@PWAnR9DLgiEifXAZ8n9,24011e3e84524eaf0f70cfa4a2f9668f8984b934971c5db1847bd5cab0ec897934583d46f6eefd65cc399288f633ca8b
22,nR9DLgiEifXAZ8n9,1745025870713,21,1745025870713@PWAnR9DLgiEifXAZ8n9,f01861d7ed1b10cd03ccea88c493c2835e983a4483747fea312d5d4eb1b08da1a4b04af0c92503a97fa1e1b940aad34f
22,nR9DLgiEifXAZ8n9,1745056657713,5,1745056657713@PWAnR9DLgiEifXAZ8n9,4a763a7f7d50ce6c1e68ce6be9549e3f61bf55178ef5027f8f721ae9e1df33bfb347a4d1455b354cb58a5e244318e33d
22,nR9DLgiEifXAZ8n9,1745068985713,9,1745068985713@PWAnR9DLgiEifXAZ8n9,9c096273326703c4513709578df96dab5efa47238b84ab37206cef8d5719b190b2a7a96fde8591114ec0a8923e13ced6
22,nR9DLgiEifXAZ8n9,1745021479713,20,1745021479713@PWAnR9DLgiEifXAZ8n9,ae11eb8cc02ff99278f99bcdde7320e7403f09a96f2095ad312a6a86c8a034dca196c8d5a8719206c0a81db4953d7bbb
23,mZ6B5nF5Q8LCOl0N,1745061016713,7,1745061016713@PWAmZ6B5nF5Q8LCOl0N,b981b67cd4afa01e15d4c6b28c5518ef15ca85cc229892784414a50891a9d74ecdf3cc91a4a120f9346da898ca6db116
23,mZ6B5nF5Q8LCOl0N,1745035579713,0,1745035579713@PWAmZ6B5nF5Q8LCOl0N,631124817640203f60d3d951ecf38c261673e80b8fdcff1d3a0d130deec55a724229f3db2948882bf26d7c4b38df031b
23,mZ6B5nF5Q8LCOl0N,1745074201713,10,1745074201713@PWAmZ6B5nF5Q8LCOl0N,b396acd5630234f99f7fa0705547d5411ad4234d976d9ad2f37a01fd83742a530200d5139f25475650e6bc1f45d78536
23,mZ6B5nF5Q8LCOl0N,1745012511713,17,1745012511713@PWAmZ6B5nF5Q8LCOl0N,f4084f2152e0d2152acac7fec87084cb38d276618793e2e958faea140cade063ff786a52d4ac1ce01a8d3b72370ef9aa
23,mZ6B5nF5Q8LCOl0N,1745054075713,5,1745054075713@PWAmZ6B5nF5Q8LCOl0N,60e85645e532c92e85481167051a4a0aa517138d0a6f19ad83a1262a43667370232aa25ee80a3ea2c6f896be3ddbf466
23,mZ6B5nF5Q8LCOl0N,1745043881713,2,1745043881713@PWAmZ6B5nF5Q8LCOl0N,3e7ecc493054a93738ab00a29d301c315e59b6260b77a523825678bc3f7415ea640ab54b4bcad75311380cd797621963
23,mZ6B5nF5Q8LCOl0N,1745077235713,11,1745077235713@PWAmZ6B5nF5Q8LCOl0N,a2079712a23896bc4a765b62fef2810296ccb159e82e39f46dd679128af843a249115642378020c100129fdc41ed3f14
23,mZ6B5nF5Q8LCOl0N,1745072462713,10,1745072462713@PWAmZ6B5nF5Q8LCOl0N,49b1de036a5c2da503d9869daa081a7b6ac59d87af2b8c912e59009e87322e171ae506cfe3d04abd1f7ef301748e84f1
23,mZ6B5nF5Q8LCOl0N,1745023024713,20,1745023024713@PWAmZ6B5nF5Q8LCOl0N,e5c2f73e642db020abe4c042a31fd8e7031cb1a6e1e9517c981e42dd99957c606727ed0834d317631cd41c9297b9fe44
23,mZ6B5nF5Q8LCOl0N,1745059045713,6,1745059045713@PWAmZ6B5nF5Q8LCOl0N,d14c69a39e9a3587f654848844ebb6d4f414b1aa5d9203dd0a3e79183a3adff5e3330e59e0f4ac747968fcd4df3ca59a
23,mZ6B5nF5Q8LCOl0N,1745018895713,19,1745018895713@PWAmZ6B5nF5Q8LCOl0N,a07d8e13c014f15cb2c46c2ecdef7c392d55f630f604d342f0a5f3a2a988bf3520f4d3d42b213d1808bb41962d266b48
23,mZ6B5nF5Q8LCOl0N,1745013446713,17,1745013446713@PWAmZ6B5nF5Q8LCOl0N,91304699e727daa98f8438a9615cb03a592dda43ebb86002cd5b4fd145e35b925e7a6be9a69da497034d3a760b0c474e
23,mZ6B5nF5Q8LCOl0N,1745053527713,5,1745053527713@PWAmZ6B5nF5Q8LCOl0N,ed8645a8b2dc3c6e729982a5570707d572c3eb9646290944dc8dea5bb2e7e5724991e63a4dba5e07f9f45cdc5296bd71
23,mZ6B5nF5Q8LCOl0N,1745036093713,0,1745036093713@PWAmZ6B5nF5Q8LCOl0N,2c5ad48b48f4a527c06cafbdacce9a2153531a6c9f402a62f05ca4952f37d985a453a7b527907a9afdd7e97e62c0740b
23,mZ6B5nF5Q8LCOl0N,1745034022713,23,1745034022713@PWAmZ6B5nF5Q8LCOl0N,29e3ccaa5ff3b9bc2f6a82c8a75c7b74fd611a6d9c3cbcdf805bc0df15788289f6e637c818a876d9df1f5adcc571b4a9
23,mZ6B5nF5Q8LCOl0N,1745016326713,18,1745016326713@PWAmZ6B5nF5Q8LCOl0N,efac673deb27a91746a4aa4da7ba8ea406fa0e618f10d3316f564eba6a3078e9fe5a743da23784457f43cf2ff77b83cb
23,mZ6B5nF5Q8LCOl0N,1745067675713,9,1745067675713@PWAmZ6B5nF5Q8LCOl0N,4ac81a96da268f9054b0c5c9815a54bb810e6d6e86b935f42ffbe0cb8e1ac2193dd8e3c1b85dfd967f187bd272695bd4
23,mZ6B5nF5Q8LCOl0N,1745058459713,6,1745058459713@PWAmZ6B5nF5Q8LCOl0N,ff5360ef9ab0ea90441d4b2b7b25f216b211538bc1d58a5cdae7ed8886090ec36e57a6e15b7564112375c1b0e4b05b47
23,mZ6B5nF5Q8LCOl0N,1745020099713,19,1745020099713@PWAmZ6B5nF5Q8LCOl0N,3912efc8efbdec89e6b2072acf94991667762177f0ad1f388f5f5c35a2929b9124cdb0dd945042d876a42b844c1d0553
23,mZ6B5nF5Q8LCOl0N,1745031810713,23,1745031810713@PWAmZ6B5nF5Q8LCOl0N,fd5188383a4d967b6696a02a3682a7c6ca52d91fb5c307e78954f6c6ddd5638d74c865b43c5f773c36f9b5a2446a8fc6
23,mZ6B5nF5Q8LCOl0N,1745042605713,2,1745042605713@PWAmZ6B5nF5Q8LCOl0N,dc2c50ee396d621c9c7492423dbd75091f39388ce09e48c3794f654ef4ba2e7c796cbeeb2976eb95d0b1ec921cf3ff6b
23,mZ6B5nF5Q8LCOl0N,1745009517713,16,1745009517713@PWAmZ6B5nF5Q8LCOl0N,e24ed893dd7485790fa0d461029c119051ccee3bb217074741b29a0e28c32e07d8446159d9345d1c07edda909dde11d7
23,mZ6B5nF5Q8LCOl0N,1745027396713,21,1745027396713@PWAmZ6B5nF5Q8LCOl0N,8bf857b66ff8660356ab0998d752d3549a15587c7ed6ab74b2efa8104c0faa2c94e8a5c407469f216a62e419aca7207c
23,mZ6B5nF5Q8LCOl0N,1745028650713,22,1745028650713@PWAmZ6B5nF5Q8LCOl0N,be5541a754069269632ac9d97725046a6b6942c7795612876484a6bc85b2750c6ee7b299f47fb7da0ef626174b830a72
23,mZ6B5nF5Q8LCOl0N,1745023231713,20,1745023231713@PWAmZ6B5nF5Q8LCOl0N,5f35e096e2101ce30656017527ae8067b427c8c60ed821a6fee093843a019a41f3b598932028aec888d92c37a0713d14
23,mZ6B5nF5Q8LCOl0N,1745042140713,1,1745042140713@PWAmZ6B5nF5Q8LCOl0N,ac6856b8bb32207c220f711301516eaccf87e1cdf37065ed2568c6a5057eb92529332f7481a31955a9265d60c82fce63
23,mZ6B5nF5Q8LCOl0N,1745042515713,2,1745042515713@PWAmZ6B5nF5Q8LCOl0N,faf17e2b1a05462c5684ea4c5fe3c0045eda9f59a32b36a8cdc99e212161045d3584ae79d85272c19b137f78352bc51b
23,mZ6B5nF5Q8LCOl0N,1745060762713,7,1745060762713@PWAmZ6B5nF5Q8LCOl0N,7b8f2cf0160e29a92db3148987c03bceee7b5c5a4a50486a8aeef3efa931cde1eac7c942b8bf23ff0ba6c162db60906d
24,7c7RpM1nTHgl49eN,1745043499713,2,1745043499713@PWA7c7RpM1nTHgl49eN,233ae5e89f2a121f8818d938350efcda8e8f9e959ef253f0c473890d3577e11d08ea0645d74a5e26a989d0e7bba6b6d6
24,7c7RpM1nTHgl49eN,1745045126713,2,1745045126713@PWA7c7RpM1nTHgl49eN,525317dc780714a1662068f981f4571b86a7c0816a59bb6ea2ee0c20b7644560033a38f0f397c7f9cdc2b96585de71ef
24,7c7RpM1nTHgl49eN,1745072648713,10,1745072648713@PWA7c7RpM1nTHgl49eN,f4dd1eb1468e09dbe690c1ac4969bf5bed5c0b2cd7ab52a71e65bae2d2aab84029b75b7620b4c1a9e6bd46fc80ee5dbc
24,7c7RpM1nTHgl49eN,1745012916713,17,1745012916713@PWA7c7RpM1nTHgl49eN,2fd235c24630eb9cfbf518840ba4e6b0cc1ff082045ef39804134bdda291b5b069e177c3d6c5a5a2c1ff2ca0335a80b2
24,7c7RpM1nTHgl49eN,1745023693713,20,1745023693713@PWA7c7RpM1nTHgl49eN,d44d9bf59ae8d4deed043b7349c954451c9b010ee702f31a6831e79090ba1b4bbdbdb2e2af19a49b46c995d0ca0848e1
24,7c7RpM1nTHgl49eN,1745069681713,9,1745069681713@PWA7c7RpM1nTHgl49eN,032683ecb6eaf628e38cf95ca16f6ea67049641178a72d2b3652043f699c89e9316e56e1f13a51f61091ec733d3609d2
24,7c7RpM1nTHgl49eN,1745059280713,6,1745059280713@PWA7c7RpM1nTHgl49eN,54b36001f97292062c4caff93194ce7346e2277d5f59b740dbc9c0f6017448c04836459baad0bc4ed732ed6545c8c0e8
24,7c7RpM1nTHgl49eN,1745066845713,8,1745066845713@PWA7c7RpM1nTHgl49eN,64e6d332d92330231e588902b6c30e03c34874643f293bf58dfb17c7fa48f822a2d6813eb00e8f7796e6869af5aed164
24,7c7RpM1nTHgl49eN,1745023389713,20,1745023389713@PWA7c7RpM1nTHgl49eN,133b52a98508851d4e8592f893bf51cc273514e3a71fe4af243473ab63fea71e981523a9691a8461acc353b956786180
24,7c7RpM1nTHgl49eN,1745011094713,17,1745011094713@PWA7c7RpM1nTHgl49eN,1d800ed0d075bfcbd0c0d1a90215d2cf2475a0c750d68e5029b6ec44e889c886a3896135851b6427f84853e2c8d9d684
24,7c7RpM1nTHgl49eN,1745069551713,9,1745069551713@PWA7c7RpM1nTHgl49eN,a2da731f156300550fdad92c3919ccc998dcb04804b726932c79bf71b22044d0fced2fafc16d3046961b650e57fa4d2b
24,7c7RpM1nTHgl49eN,1745068454713,9,1745068454713@PWA7c7RpM1nTHgl49eN,ed706bee48b31ddb2ebe4ea880cf0452f7d1fa5ec2d416b4a0ce3f40ed3d37eacd7aae250d2b52b9d2adc28888b6df13
24,7c7RpM1nTHgl49eN,1745011123713,17,1745011123713@PWA7c7RpM1nTHgl49eN,f2d2e93f7a9bc61594d2e7e8b99a34756ed2c48d69e01877166bc2ab70a8a71f59f6d3d52095980e0b8b8bbaf7485586
24,7c7RpM1nTHgl49eN,1745014744713,18,1745014744713@PWA7c7RpM1nTHgl49eN,40ab59a00298f927aacde5f847b0c76fbaa009e3ff893cf13ca366811e70866c6a7f02ed4468cb095469925fe3310807
24,7c7RpM1nTHgl49eN,1745020049713,19,1745020049713@PWA7c7RpM1nTHgl49eN,805eb2ac456abb4c0f9370e5d83c044dc5c1e4c08e353510ce7719db85439d5576b370effbfb6ad8ece8ca168bf3942c
24,7c7RpM1nTHgl49eN,1745053072713,4,1745053072713@PWA7c7RpM1nTHgl49eN,a5d87145f5c66f1bfa15cea8788383afe50dcdf44e37fe744c7cb6bf5589c71b0d0e69290326d78db0301047bfc94168
24,7c7RpM1nTHgl49eN,1745070009713,9,1745070009713@PWA7c7RpM1nTHgl49eN,3de0546dba3ce30c5b24546da61b09f6272b0d76e3f8c4f67ea044150c5d313c104790bc33bdad94094a731bd1a7c2b8
24,7c7RpM1nTHgl49eN,1745039936713,1,1745039936713@PWA7c7RpM1nTHgl49eN,4306f89ab52819d7853c2a4585c6f7929da7bd181217e98da10ab3bc8bcdf6f7f4c64ed7c02adc12b1425cf419d96267
24,7c7RpM1nTHgl49eN,1745007529713,16,1745007529713@PWA7c7RpM1nTHgl49eN,89baa890e4cc2c13efefd7f9f2a0fa0922c93faa6899dfad6e11c6752b1673aac1cfb05f969ba05065a71e2a15a34208
24,7c7RpM1nTHgl49eN,1745032022713,23,1745032022713@PWA7c7RpM1nTHgl49eN,91e608104d6da98faf6302b5526bc699d5ee6ee08ee77f3a1341a836a3732c1241f23da64be478a358d9e361045f4e50
24,7c7RpM1nTHgl49eN,1745027350713,21,1745027350713@PWA7c7RpM1nTHgl49eN,656fe2899ed0de6aa7f612de650a1f218dc6f146749920b87608d4e34d1e51cc719642c90f2b1a65116137e794e3f77f
24,7c7RpM1nTHgl49eN,1745019009713,19,1745019009713@PWA7c7RpM1nTHgl49eN,98d3b824ef42e0408ad23162cb1adaa961489d315abf3f0229357ff182af4519b2a00892b3fdb8574ddf06408599df24
24,7c7RpM1nTHgl49eN,1745055827713,5,1745055827713@PWA7c7RpM1nTHgl49eN,cf1aa728ef71158ca38264e5c540d64195fec7e76cdf0e7bc945c98952944384b13224309fb8f902162c92f10a944ab5
24,7c7RpM1nTHgl49eN,1745059002713,6,1745059002713@PWA7c7RpM1nTHgl49eN,a7433b983e3a2899dc1e4b78996d518dccb169685f0b514288b30f6d80367fe903bf0973cb7ed21917cfdc45d811b4f3
24,7c7RpM1nTHgl49eN,1745042132713,1,1745042132713@PWA7c7RpM1nTHgl49eN,01239568c76b116bbfc0d65a4993976571a508cbb36e255076ea9f083f413c4cef22443ccde57e0f25b9597f70722f67
24,7c7RpM1nTHgl49eN,1745037885713,0,1745037885713@PWA7c7RpM1nTHgl49eN,b525e8877032d72814f6dfec450976f1d76fc1f9a4520a4dfb03a42e375ef8ccc0c2ce157b0fb1a53ac041383da8caaa
24,7c7RpM1nTHgl49eN,1745057611713,6,1745057611713@PWA7c7RpM1nTHgl49eN,99127d856cf1e18d1a98d134820d2ef7fec59eb95c6d29e1f45f6d0651ac345f1847744ad14e180f96fca94af9e738d6
24,7c7RpM1nTHgl49eN,1745061394713,7,1745061394713@PWA7c7RpM1nTHgl49eN,01e93efce638bd3189f7dde0ded778851cfabdce012ceb85e7119e1bcf7f20b903e39049d89137a05aa7b366a0f0fd51
24,7c7RpM1nTHgl49eN,1745014591713,18,1745014591713@PWA7c7RpM1nTHgl49eN,b500c846978865f009c8a6a3d05754891a2aaeea427dc161c1b43a21f22adcee6e5b368860e00855b6520c7cda85fbe7
24,7c7RpM1nTHgl49eN,1745070997713,9,1745070997713@PWA7c7RpM1nTHgl49eN,78228b5e6cfc65da9e45b0747efdbb52112606a722fe9c80f8b39324d1fb66fab75d6fa17229f6d2688d8e45015b16c0
24,7c7RpM1nTHgl49eN,1745026190713,21,1745026190713@PWA7c7RpM1nTHgl49eN,ea7ec2cc789303ec2acd4611e33a3f1b7990f5ffedf1b5f1c07c4b0b1e3fc499f044e4f1d4843c28eb6577f19f83792f
24,7c7RpM1nTHgl49eN,1745073727713,10,1745073727713@PWA7c7RpM1nTHgl49eN,e2e375d576c74afe55d02b24c7437eec488fc9561d33f5097eea4545a2c9fac79a7b2dab9062a378920fbee879a9c1fd
24,7c7RpM1nTHgl49eN,1745027989713,21,1745027989713@PWA7c7RpM1nTHgl49eN,1421802529b3caabb4461d39af74c919e9d32dcb6c62d8b8727e36288ea210ed66c1b171739a58568df928a3ed7cfecc
24,7c7RpM1nTHgl49eN,1745028000713,22,1745028000713@PWA7c7RpM1nTHgl49eN,bbc74fa9d62b5e22986265c361a7dc430ece13d83b54f0d896195544cc4b3e1cc6d81b22ac35f6573250579a7206e7c8
25,7zeRE9xhpXIWPMtp,1745049151713,3,1745049151713@PWA7zeRE9xhpXIWPMtp,c81ed7b8a1e6c656849200d6e420e905515d69035cd548f73546a5b84cc9853e2c6cd4111f2a9a3a0426d66943561ca9
25,7zeRE9xhpXIWPMtp,1745055944713,5,1745055944713@PWA7zeRE9xhpXIWPMtp,79fdc9ed986ff00e91f8f85ac2adfcba1ec181bcbfbcfa8dd2fa0e77fc5b3ed2076d3744dcf2e2279a26cb4216d2a7cc
25,7zeRE9xhpXIWPMtp,1745028953713,22,1745028953713@PWA7zeRE9xhpXIWPMtp,4c61e4807138bb7e6f18e53fc7a1653e525c818ea4720b9d0d9cec7732e3e207875b990ec9d2baef30c4cd7fed550ea5
25,7zeRE9xhpXIWPMtp,1745070118713,9,1745070118713@PWA7zeRE9xhpXIWPMtp,ebc468c8bfa15e318c29574b19db9ae436d312c048804126ae66d515000268c14e6389a498a3026b4a874ce72225f4a0
25,7zeRE9xhpXIWPMtp,1745035046713,23,1745035046713@PWA7zeRE9xhpXIWPMtp,96eae74d7184b2794266469f413e5206038493ab2f23cd874ac7f7aa96032a3a70b0e22b1f5f07aa7989c8a876a136d2
25,7zeRE9xhpXIWPMtp,1745039492713,1,1745039492713@PWA7zeRE9xhpXIWPMtp,b6fd48ecc32d8309062dda6c0ae3bf530020f741569f70493e0ddef6f0ce2669e58eb3951dfd9676fed39be7acbed95f
25,7zeRE9xhpXIWPMtp,1745006692713,16,1745006692713@PWA7zeRE9xhpXIWPMtp,d460671748b232cabcb16558bd65ac6b54e21e9d252f4ecc8798d34b4284b480a2b5fae62cb3072f20b63f4c7f8721aa
25,7zeRE9xhpXIWPMtp,1745022583713,20,1745022583713@PWA7zeRE9xhpXIWPMtp,972bec4f16bbce4698ede4642af2916f0f4c8cd1333e6da0c5d98dc486b41a41a2132d906e0463d83a8c897868d02dce
25,7zeRE9xhpXIWPMtp,1745046127713,3,1745046127713@PWA7zeRE9xhpXIWPMtp,5f03f0b8d048956b56092b2b3267e73207fedb32920feb231c223dc62680589356a866f6abdd700f20b3623c82d0fda3
25,7zeRE9xhpXIWPMtp,1745041828713,1,1745041828713@PWA7zeRE9xhpXIWPMtp,52ec19971f055702377f98ed586cb353feb77d50a1d4040a42e0be585771d78d19c39848039b5e2301d90bc91eca8709
25,7zeRE9xhpXIWPMtp,1745035466713,0,1745035466713@PWA7zeRE9xhpXIWPMtp,b597dc0c38df4802ee9b9dfb05ff4bef54e9685129e929d2ed0348d2dd318ac39daa9869b74a419110548af7a20df134
25,7zeRE9xhpXIWPMtp,1745029498713,22,1745029498713@PWA7zeRE9xhpXIWPMtp,719cf0d1227ca5b700084d2eb1a7bf60b44077b6120389068a1ef4eca6ecd6b12e04d08c72e90409e513e128c1677388
25,7zeRE9xhpXIWPMtp,1745036241713,0,1745036241713@PWA7zeRE9xhpXIWPMtp,9123a035d6d8b2122ad9708e67fbfbf3c209b1548e38ce05291573207640bb13d02841851d63670a44eaa8b05f4a9e48
25,7zeRE9xhpXIWPMtp,1745035397713,0,1745035397713@PWA7zeRE9xhpXIWPMtp,17f6d20399b5a24014325e6b8c484b2ac12d2437947fd674407ce93b554844122013a106c4219d712b4448b55a8abe70
25,7zeRE9xhpXIWPMtp,1745065539713,8,1745065539713@PWA7zeRE9xhpXIWPMtp,548db063cfece6b9b2615f4601a7cd341bbeb912f0fa95aecec004d7325b97947760193b9d69e6f68e42451677aded4d
25,7zeRE9xhpXIWPMtp,1745072811713,10,1745072811713@PWA7zeRE9xhpXIWPMtp,44235643678386a188ba095a877ffd3d1d36ce0e634e321f79012cf6a23cf2e276012f589009c7d7edb97f49049730e0
25,7zeRE9xhpXIWPMtp,1745024284713,20,1745024284713@PWA7zeRE9xhpXIWPMtp,7533ce43cf6bc170dae8048b35ec6c34cd17b104a331b5a405c10b417535ad65d66e4c1a271b2a7c79fa7490fa72f643
25,7zeRE9xhpXIWPMtp,1745009657713,16,1745009657713@PWA7zeRE9xhpXIWPMtp,dd07567b10df529faf1f5da4fbd54af3ac51c711b230b2dc5581fff9f96e702920397b26fbda09e441a073f8efe790a6
25,7zeRE9xhpXIWPMtp,1745065749713,8,1745065749713@PWA7zeRE9xhpXIWPMtp,c8bfc10732bb5c775ec659709a2a53587d06a13fb04bf02af7469e33eba23e122e7dcec5e12fbaba2f5bdb006d8a98c6
25,7zeRE9xhpXIWPMtp,1745036473713,0,1745036473713@PWA7zeRE9xhpXIWPMtp,a28bb73a5ff1d5816ebaedfe2767479bb0667d9f04504d8bc75b2de69e94956fc73916af79f45adbd01bcce46d01a83a
25,7zeRE9xhpXIWPMtp,1745033496713,23,1745033496713@PWA7zeRE9xhpXIWPMtp,1c824f61d935be0df277ebdf38540aa390b84af8a0069133d0241a91d5653d52544e04e2b618fcfdf2174259a939733d
25,7zeRE9xhpXIWPMtp,1745006140713,15,1745006140713@PWA7zeRE9xhpXIWPMtp,ac2f37ee766ddf33d3301c3b12dafcba780d4230869794d4f9bb6b2300f80641cf31493a8a6daeac61ea3f6e60b2813f
25,7zeRE9xhpXIWPMtp,1745062902713,7,1745062902713@PWA7zeRE9xhpXIWPMtp,491921040f60e9f16e8580a6d5cf26ce09e17de830fb5cef79e1e7e54274040c28eb681dd59322a7bb4c54de69952618
25,7zeRE9xhpXIWPMtp,1745047801713,3,1745047801713@PWA7zeRE9xhpXIWPMtp,6b64a25e9db7a36404afe6a2dfb3546cd2129a5665adbcccd1a71fa337e9ad29a51402dc6788b1d2780eb62eb63335f3
25,7zeRE9xhpXIWPMtp,1745009040713,16,1745009040713@PWA7zeRE9xhpXIWPMtp,f0404949ec3d85f2668b80a8dc5d3dc447d59edcad071fe553b437ff152d0a6d9b3a7382e6e804f63763aab245fc1b5b
25,7zeRE9xhpXIWPMtp,1745038793713,0,1745038793713@PWA7zeRE9xhpXIWPMtp,37ff36b1f3a16b0a76c4aad37215ba980430d8bf7956bfcb0910daa981f6108fbf5576048eba44e7e4ef4f39f1dd9502
25,7zeRE9xhpXIWPMtp,1745045426713,2,1745045426713@PWA7zeRE9xhpXIWPMtp,4fb10929b9ecea40821acbecf6b393acbb41756e04d004b2ae79da09fcfdd259d6b22f19e97a0d2553cfafae4a7ce243
25,7zeRE9xhpXIWPMtp,1745046616713,3,1745046616713@PWA7zeRE9xhpXIWPMtp,6d3df7ae14c2cd4a76ec8690d5e2c4a6bc922816c2b686ff03edc99b7a35e8254a493709acf46ed44f9d7d7319950de5
25,7zeRE9xhpXIWPMtp,1745060226713,6,1745060226713@PWA7zeRE9xhpXIWPMtp,39e0ac6ea671f6ca5cffc8c840703c06ec00e2f8ba42d5fb190a54ab43e9a4e358ac5cf27d969e8edf5ea82a414f9963
25,7zeRE9xhpXIWPMtp,1745017188713,18,1745017188713@PWA7zeRE9xhpXIWPMtp,dafb6b2c5311a7c515fd7bdf1ce4118704b59aa970b09c9cf21514d7c28c127bda6f9a189cbba31ae09e27f70203f148
25,7zeRE9xhpXIWPMtp,1745040934713,1,1745040934713@PWA7zeRE9xhpXIWPMtp,0ea64d53533dd9bbc83bc401f8a5e015881ef8787536e810d1fdf72c02346841428fb5ba94981564aa3d4d960c8c3a2a
25,7zeRE9xhpXIWPMtp,1745005834713,15,1745005834713@PWA7zeRE9xhpXIWPMtp,b9a4bef05ed2bf694c930f530228dc8d49c9949b6dc9941de4c4185d7add67afaf4418cd0d9d92abe28f4001c7000376
25,7zeRE9xhpXIWPMtp,1745025088713,21,1745025088713@PWA7zeRE9xhpXIWPMtp,c76e18e379b75eb279d8eaffa85401a46f35d61de1a802a8079895ff3ce693851920ebab4f6b4804ab78a43717da0271
25,7zeRE9xhpXIWPMtp,1745074514713,10,1745074514713@PWA7zeRE9xhpXIWPMtp,480beea9c3150ba60c0870acb482857c4ac1815198ad05008f6379567be9a6c361a6e01e9f5c9fb80bca74718f98ecb4
25,7zeRE9xhpXIWPMtp,1745054774713,5,1745054774713@PWA7zeRE9xhpXIWPMtp,5ebab4d6a3040f1ed321e38d76e1bef507c032346581947a148c4f204c2d45ba39f90ffa61e7b9965a90e33a10b2515d
25,7zeRE9xhpXIWPMtp,1745023228713,20,1745023228713@PWA7zeRE9xhpXIWPMtp,abe6ee9cd659b33de2e10597830457f97490ea12f47d3adf9e418337a18a51a3af36a00a1105860468c77ade18a9d40a
25,7zeRE9xhpXIWPMtp,1745025179713,21,1745025179713@PWA7zeRE9xhpXIWPMtp,7866d8f8a2b968a55092ced31bb7f366e3ade10835aa754a9c95fad2114f55df06045369b14f29aa78fd65b2128f7b30
25,7zeRE9xhpXIWPMtp,1745012922713,17,1745012922713@PWA7zeRE9xhpXIWPMtp,661f7acd41aad8514e50ca985d558bb7a58cd013ac57612d79f7738162eadcf42ad8b26cb6cfe2cc29ece6d4f53121ba
25,7zeRE9xhpXIWPMtp,1745009176713,16,1745009176713@PWA7zeRE9xhpXIWPMtp,46f6e3ef8719d74ace9053f906cc7a93fd910a9db5ee18258d5fc40ac9d7c2a047220282501422eb20d86600fe7f0307
25,7zeRE9xhpXIWPMtp,1745059740713,6,1745059740713@PWA7zeRE9xhpXIWPMtp,40ca2f24ba243dc6db6a0a69da150e16c458f918d81b3d451734a78dbd5a3e4f0106858bb7fb36c327a179550e300bd0
25,7zeRE9xhpXIWPMtp,1745029200713,22,1745029200713@PWA7zeRE9xhpXIWPMtp,01aa9c1033360c1d0503630f0857491b51c212c1d3df12d789e3704fdc00b8cac10cd1870356a72cec80a3edd702647f
25,7zeRE9xhpXIWPMtp,1745061099713,7,1745061099713@PWA7zeRE9xhpXIWPMtp,bc06ce67f53f3e8af786098ab6c57f6e7444afd6385bc494d3042c39f3e41749e901cc30bf498b66786a7916ddf79f36
25,7zeRE9xhpXIWPMtp,1745018681713,19,1745018681713@PWA7zeRE9xhpXIWPMtp,77fc96a1d08cb829ebc6430b53157a7fbb57fb4daff50117070b261767c78fe47de54adc6bf34fae76897811a3a48ea5
26,ITcNNigvMApM8ajz,1745038330713,0,1745038330713@PWAITcNNigvMApM8ajz,00f98f5e61eb938f027fe8a98eb59c78f4f5b6f67c8646cfb7b275ad6057831d2a6118acb6e884f037666a30503a8c5f
26,ITcNNigvMApM8ajz,1745066317713,8,1745066317713@PWAITcNNigvMApM8ajz,ed19227a781922d09b7c8ff6538dc14157ea82d748d2d597982b1d371a3cebee6e2412e45e2ce4b6bf68417cfa0c049f
26,ITcNNigvMApM8ajz,1745067043713,8,1745067043713@PWAITcNNigvMApM8ajz,b09aff2a0f870b50a8b48ad4bacc4e436da49e17df9ad73a50d7806a4d5c00a47c0042873cae796db6b11ede25f36a7d
26,ITcNNigvMApM8ajz,1745006033713,15,1745006033713@PWAITcNNigvMApM8ajz,74d7f4c74d3fd302e91129aa72d6d53bd97510ebcec0ca24e2e3e0879c0c2d735c33c173569f62fa21e52e292e0fbec2
26,ITcNNigvMApM8ajz,1745064073713,8,1745064073713@PWAITcNNigvMApM8ajz,34679fd17328f42b8b588d8cfb4ea602768e047c551eb3fd621dc8ecc896fae919546fbccc982773f514f97638b93e15
26,ITcNNigvMApM8ajz,1745061911713,7,1745061911713@PWAITcNNigvMApM8ajz,77807cd67e697c2b07c52ef5a41218f87da6499110e4521e3359f1e67277102e9b12361442f0aa7878ac5fa9d0aae940
26,ITcNNigvMApM8ajz,1745060533713,7,1745060533713@PWAITcNNigvMApM8ajz,d60f30420ec149aeaeba3e925537905f5c74926da247ffbf1a268c2070f14f24a788cc0ea28fcc94d0b9532fa3eb72aa
26,ITcNNigvMApM8ajz,1745020184713,19,1745020184713@PWAITcNNigvMApM8ajz,1ef01b25c909e025d9876aa7e7da355d80e6c5a950acbf0342d2ab4745fae7e8089b7ba5693e573e0650f4c29408e977
26,ITcNNigvMApM8ajz,1745041776713,1,1745041776713@PWAITcNNigvMApM8ajz,0fcb33ac741c8cb472face89bcdb9195bda8cc80f26e0658dade8de4216fa8889e5d20b566ff89f55ec597696ad437b4
26,ITcNNigvMApM8ajz,1745014626713,18,1745014626713@PWAITcNNigvMApM8ajz,e61e0cc6f665ae76be8b0b62e735ed9a1642e78fe89c89e4f5ef469314fbe911788a7845e73743090acd1e1b30ef7a78
26,ITcNNigvMApM8ajz,1745005805713,15,1745005805713@PWAITcNNigvMApM8ajz,ab8a02f13ccbab94ee9065fd83c3ab75836e07eda7064effbbfd491df4d4e18f3711c60e1a3d1ce98304a5e1579d8c2d
26,ITcNNigvMApM8ajz,1745067898713,9,1745067898713@PWAITcNNigvMApM8ajz,a2b8af8bf4e5cafd43f05ac1f92e988a6e98e51967f7c565225e5afb444dbc8f3caa2872495e72191d93ed9b1a10522f
26,ITcNNigvMApM8ajz,1745063775713,7,1745063775713@PWAITcNNigvMApM8ajz,4ab4a3f933e6597b343638a48aeeb480286bb4e8d8a2dbb1adc4ec8e1b48c98c4ab8e701a71f18fc96b98aab510cf040
26,ITcNNigvMApM8ajz,1745034943713,23,1745034943713@PWAITcNNigvMApM8ajz,91a50da2e7d31789bc4a4c0c6791b518e6b1b3b644b63c0e33d07ceba49ec6b4de65c424aa76903e677ddda0b7ee6dc0
26,ITcNNigvMApM8ajz,1745039468713,1,1745039468713@PWAITcNNigvMApM8ajz,6c5a16d9432a3b6b86061634bf15d0165cae4a7cb6a8ebd31dac440679addd0d194bb2a6c5c238caa4cbafaeacefe783
26,ITcNNigvMApM8ajz,1745025339713,21,1745025339713@PWAITcNNigvMApM8ajz,e8bd07a8976a164983228ae8421f02f36af884a3a5eb3054b436c5ce36e377bc2e7ba42603cc08ca08ff11352267e9a4
26,ITcNNigvMApM8ajz,1745010226713,17,1745010226713@PWAITcNNigvMApM8ajz,9b2109a064f96931bc8e3e898efaa7f2707e8a954c1cce5458683ed358e3c477f79081f2f45a0ca55f01a71c067ac12b
26,ITcNNigvMApM8ajz,1745042933713,2,1745042933713@PWAITcNNigvMApM8ajz,ffe3377f7f62450d5989b96d76460d2328e6a24281fcdae5f9d1741fb3f5b5a0c73b46188bc9f01b2ba92a6aadd80376
26,ITcNNigvMApM8ajz,1745012650713,17,1745012650713@PWAITcNNigvMApM8ajz,53e421fac6ab765d849c398515aea1048d3993771b864e7eaea34dd4e9b4f117e7138fc7475cd6bae785f7e9824a83cb
26,ITcNNigvMApM8ajz,1745012039713,17,1745012039713@PWAITcNNigvMApM8ajz,75e7db3a94f290d3eb4512c5d5b586c940786d3b3e761eabcaede48557046417db30f30d5c3c97378e5b4330993341bf
26,ITcNNigvMApM8ajz,1745032568713,23,1745032568713@PWAITcNNigvMApM8ajz,230243b540f7d4568eabf74a83b37e009591a1b3a2accf634b1e4ff4fbd845cce7437374e668ef7b66431ae983519458
26,ITcNNigvMApM8ajz,1745030012713,22,1745030012713@PWAITcNNigvMApM8ajz,ae8fad77648545a93516db0b9e3d1c721060bb3fdfdcd4a1484debe625412e420f6538eea9edf66e580077297ac72a8e
26,ITcNNigvMApM8ajz,1745010061713,17,1745010061713@PWAITcNNigvMApM8ajz,d5827f67448e5c16c74355cbba18dfe62bdbd1ad50293d4eb8f04c06eeba556d1f965ae69fb52483cffca79e757f955d
26,ITcNNigvMApM8ajz,1745040159713,1,1745040159713@PWAITcNNigvMApM8ajz,fcd4f442e683c2abd3a8a552e87e208f8100135cc0550960353b1eb61911aff9269623e852e4191e7b94a1cbc9c3c5c2
26,ITcNNigvMApM8ajz,1745036785713,0,1745036785713@PWAITcNNigvMApM8ajz,54528c5f0c52cc3c7821bf8a6202465adf4bb71cf0722b27252fa6e3466daf75eeee1f6157fcc00e097938ccc5791a80
26,ITcNNigvMApM8ajz,1745031481713,22,1745031481713@PWAITcNNigvMApM8ajz,96a71ceafd0a392f655cc015dc222b832cd8b5491e105d9a45ad7982382ccf0d3f90c028cb6405af7634463ff17240c4
26,ITcNNigvMApM8ajz,1745073357713,10,1745073357713@PWAITcNNigvMApM8ajz,352752b5dac9b6db08b3b7160a1b70440384ca7158224376afb4b419077873c07410b207d7f0e8a5b88cd5593e17f20b
26,ITcNNigvMApM8ajz,1745073373713,10,1745073373713@PWAITcNNigvMApM8ajz,adf55d160202624c589c6615b2c0b35d5aa5b56c37842bb5853557c998fbf1bb6e467f2cf9e69923cf58b546480cc1b6
26,ITcNNigvMApM8ajz,1745030515713,22,1745030515713@PWAITcNNigvMApM8ajz,ce0c99895521d54e05aff38d5d14ad7643f0ad2d918e22e4721991360d14ca85ebb1df11188a1229e1b9bd402eafea58
26,ITcNNigvMApM8ajz,1745058423713,6,1745058423713@PWAITcNNigvMApM8ajz,036f68510c0af4aba9a8282d7888d96b460886f4d69f63d0e77ebd41493c74365df8d10c93cb5fc066c90bc2bbe38287
26,ITcNNigvMApM8ajz,1745057962713,6,1745057962713@PWAITcNNigvMApM8ajz,e7b9b0fda3e53f60105ee466f41bf2b1a87ab30b902917df327da66798b917e90700068b78199328a261a95d90667e43
27,PhElYb7gUfuv95RJ,1745051754713,4,1745051754713@PWAPhElYb7gUfuv95RJ,698863e37566c653e46209c03e11eba4bc89a850860477b12dad27f7e81d13ec04a3f1ea18a1c31653fd838c050dbd05
27,PhElYb7gUfuv95RJ,1745066043713,8,1745066043713@PWAPhElYb7gUfuv95RJ,38ff76b22c7ca8f5ed8fd8754255dabd2687e8c420bba64809c478c9ec37fcea5cc13a613fea2c4941b936a7c1bdcffc
27,PhElYb7gUfuv95RJ,1745063246713,7,1745063246713@PWAPhElYb7gUfuv95RJ,e79067cf0a4a5716d5976847e3f61f2822a84a24692e6bcb4cb821220103abd2e5894ef107c3a704bd93ab017cf12815
27,PhElYb7gUfuv95RJ,1745007720713,16,1745007720713@PWAPhElYb7gUfuv95RJ,76fd4bf505cb91a71542f3d144197d0b06091bbd97891f65da541860bd3c731d51af744d3befce53c22aec67df008c96
27,PhElYb7gUfuv95RJ,1745031804713,23,1745031804713@PWAPhElYb7gUfuv95RJ,5cf6beb1d1069eb1f5cf1587a6a186d6e6e7114a4eb3079231e96c8dbc289269d4d82f55d323f257273b84891e2c61d6
27,PhElYb7gUfuv95RJ,1745038829713,1,1745038829713@PWAPhElYb7gUfuv95RJ,f930a6c80ef14ba92779a8bfd07b951677911f2fcfae84f095236710a60fbe97d0d87121491a701de872a2e04562996d
27,PhElYb7gUfuv95RJ,1745057716713,6,1745057716713@PWAPhElYb7gUfuv95RJ,62d8c5a03578fa49ccb56c5485199020db43b5ab89f1ebcd374e6c85b14fe8ab5ee93afbe235e8b0b02cd67d6093e60d
27,PhElYb7gUfuv95RJ,1745035028713,23,1745035028713@PWAPhElYb7gUfuv95RJ,b912d298fa6d71a141797a0388d51a6b36bed191ff8fed7ad8126c2f6d0ebe862daef51db74ded83161fecaa57a4126f
27,PhElYb7gUfuv95RJ,1745046645713,3,1745046645713@PWAPhElYb7gUfuv95RJ,62746dec1da2ad57a7b422b9e1f8beeeafeba45c5cd162e1dc1b80a124316318243493ae8c0121d5130618524d9c2494
27,PhElYb7gUfuv95RJ,1745041647713,1,1745041647713@PWAPhElYb7gUfuv95RJ,d05b19bbf2a09ed0115295e525f71813548edf871cb5c7a42c6cd0217e92168decca44e90724da605ebd0ac2b0bf39d5
27,PhElYb7gUfuv95RJ,1745010366713,17,1745010366713@PWAPhElYb7gUfuv95RJ,4f648d1ffaa14c6d34bb50a14dda7da5b91d48a197eaaa83f38c023256974e7b57655a996553477f1e4a4afbafdddcb7
27,PhElYb7gUfuv95RJ,1745006487713,16,1745006487713@PWAPhElYb7gUfuv95RJ,17d9e9f925c3e589c71a6bd502319178d86b674496864eed1bd2365680c15bd5c0311016c57baee8ec50cb4869b85b17
27,PhElYb7gUfuv95RJ,1745076425713,11,1745076425713@PWAPhElYb7gUfuv95RJ,fab58a07c1c30a716dcfee208f964b70259765b981974fe05d8c761dcbb24dcdd0a6668e4c7614724049249d2d0a3c6c
27,PhElYb7gUfuv95RJ,1745074541713,10,1745074541713@PWAPhElYb7gUfuv95RJ,94d436a56b625fd2fcfa363eeefa0758d7f70ebd16b2ab9ac539687bc94f9dada4a76c12564fb32bf9c135a40b030752
27,PhElYb7gUfuv95RJ,1745062043713,7,1745062043713@PWAPhElYb7gUfuv95RJ,b0c2039080badc795fd8f72a8691770cd3b0d51bcd85183375b2c8b201bd1ca211429fac2d83399178938d17beacaefd
27,PhElYb7gUfuv95RJ,1745076671713,11,1745076671713@PWAPhElYb7gUfuv95RJ,bd8aa85f7fa0727b52ca8b5017c0f3f3fc70432b281ea3e295351382cc5b78c8d33ab380b261cd571f4c27e143472502
27,PhElYb7gUfuv95RJ,1745041547713,1,1745041547713@PWAPhElYb7gUfuv95RJ,ef7980f53130008571d12d7fb4dcd11badc0da9eac0c15405a88e49afc2acafaa9c6c8bf27a9a807b74d40da1638e1d7
27,PhElYb7gUfuv95RJ,1745046327713,3,1745046327713@PWAPhElYb7gUfuv95RJ,6610567447422b239b737f775fa8dc9f70eae768bbebc38c3642e953f2043ba0e7c278748f768ad821926bdd9263dda7
27,PhElYb7gUfuv95RJ,1745068600713,9,1745068600713@PWAPhElYb7gUfuv95RJ,a810157513441f09bfdaf2e42fd48d5f9f359a978b8786ad4688021174ce0661243935c57e16c34a5d3f3fe8882ac1d8
27,PhElYb7gUfuv95RJ,1745057417713,6,1745057417713@PWAPhElYb7gUfuv95RJ,f76834601d298e2ced1cc74f5837d614c93ec77919236d6e62ca0c890f585e7061233ae2ec272df27c92491f5dfa2374
27,PhElYb7gUfuv95RJ,1745063390713,7,1745063390713@PWAPhElYb7gUfuv95RJ,2f343101b23576ac85dcc08bda0da9500d6bb2998f53226460f9711a3999ad243d6a7f3cbb664c653da2764ca152ac95
27,PhElYb7gUfuv95RJ,1745011515713,17,1745011515713@PWAPhElYb7gUfuv95RJ,989849653e2b20726561059b352f6255ab417a9cd6721f5d2d9f60511505fcf4390c1fa63c2a45c2de1443ed6cdc1953
27,PhElYb7gUfuv95RJ,1745073767713,10,1745073767713@PWAPhElYb7gUfuv95RJ,07f84aaf64ec3280b9dffccbba1f7a83840eb0f034503d06ba39250c80573fd848039c6f5496d958d3b46437742b889d
27,PhElYb7gUfuv95RJ,1745023649713,20,1745023649713@PWAPhElYb7gUfuv95RJ,5d008403da684481c2233a62c10e4162c60ef2638a97ffcb14ade869906cd3ddcc7db7b87a731b052f55c0cfe65bde6c
27,PhElYb7gUfuv95RJ,1745045916713,2,1745045916713@PWAPhElYb7gUfuv95RJ,72121884b1d75a82dc96f375650cf60d8ef86bc91f1b69a7b68be885b5bbeadeb07ba5a6451dc362d6ef9608724e778e
27,PhElYb7gUfuv95RJ,1745007985713,16,1745007985713@PWAPhElYb7gUfuv95RJ,ebbad1fe81982932aaa04d1521fe098fcb3fff15fca8d2645371611a4a9b68b96a3f72ca507e74da977e7652ae2a140a
27,PhElYb7gUfuv95RJ,1745043174713,2,1745043174713@PWAPhElYb7gUfuv95RJ,0de9abb0195617cb446cb802f4ec4c800fefd75dc8db479034f0110568f7c77ed8571584fd27bd26761f44062ee0776f
27,PhElYb7gUfuv95RJ,1745051900713,4,1745051900713@PWAPhElYb7gUfuv95RJ,258d5e981023ae670351bb7fc3c4cbc70cc0d9ea80488b2230e41445203ad13357d20cc8ba44f69bcca530707f34df67
27,PhElYb7gUfuv95RJ,1745008458713,16,1745008458713@PWAPhElYb7gUfuv95RJ,6ac00e9f8fa1f5bcd432809751e3efd9e1b5b5c6de91c927c297c86b1ddcc0e9b1b8eec38bf6d6505a133e5a7b55ff4c
27,PhElYb7gUfuv95RJ,1745010438713,17,1745010438713@PWAPhElYb7gUfuv95RJ,a7a549435ae0b791a9f8c2ce875a0e6a4ee406b6b3d184bb3242d51aaa0f03e1750ff5ac1d0040e519970ddfa16445b9
27,PhElYb7gUfuv95RJ,1745046660713,3,1745046660713@PWAPhElYb7gUfuv95RJ,5a5d9d53a5594e505755a8287fbfbdd2b0ffc4fd8cbfb4c3180f4b26e523e11e2bcf5d2c6aeae28bf26bb819762c43bb
27,PhElYb7gUfuv95RJ,1745065148713,8,1745065148713@PWAPhElYb7gUfuv95RJ,21f74eb6a20bd6f6fb082afa9635142269bfdce3ad42c67c01d389f130406b1c292bb091b101e5aa5626ddbe154aa3d0
27,PhElYb7gUfuv95RJ,1745067593713,8,1745067593713@PWAPhElYb7gUfuv95RJ,e09d8c88554deb0bcb322a41518432d8289bb686305da9ceef76d9c34b597e79e92e642f9373afaf1bced7970f5b61d9
27,PhElYb7gUfuv95RJ,1745052684713,4,1745052684713@PWAPhElYb7gUfuv95RJ,9c20643c8a1145167851f16c6cc38e0f75f9b5d426811fc8262eac54e2307c9bc8ada7755f0b7e69a31854c165a934ce
27,PhElYb7gUfuv95RJ,1745061514713,7,1745061514713@PWAPhElYb7gUfuv95RJ,07d7903b1dc4dcee109a97b74c084a540d17cbdb5cd6d5db306ddb3343443fbbc6a91c65b0cdad5e90d566d05dfeaf9c
27,PhElYb7gUfuv95RJ,1745035825713,0,1745035825713@PWAPhElYb7gUfuv95RJ,541a9a6dcdfe116999d6bfad93cb9da516dc360c410601b9605a04f125e71d76eb420bc138a9b2fe31a9d37ab46f314e
27,PhElYb7gUfuv95RJ,1745029279713,22,1745029279713@PWAPhElYb7gUfuv95RJ,af80792146fc1eb37aefd0d9656e3ae89bfd8a7edf58f51e1dfa8720e85fea9b935cd32d8dbe57e1b2cef9e7ce17cc5b
27,PhElYb7gUfuv95RJ,1745041055713,1,1745041055713@PWAPhElYb7gUfuv95RJ,1dac565316b825e44f3e97228d754f268af45014c3681dfea323cf368b0ccba911316967972754f6d979671865ee7684
27,PhElYb7gUfuv95RJ,1745046528713,3,1745046528713@PWAPhElYb7gUfuv95RJ,b50a64db6edd696157c539fdb53d8767a49d09bae099ade68851a82e301e529944833e29d979631aac357cb3c9681cfd
27,PhElYb7gUfuv95RJ,1745023604713,20,1745023604713@PWAPhElYb7gUfuv95RJ,fad338bd2751a239d117e5fbb2b23ac5d78fb4df2d12537aab15298d6bea3c9159febe193d93ee30664179f1c9c3310d
27,PhElYb7gUfuv95RJ,1745018098713,19,1745018098713@PWAPhElYb7gUfuv95RJ,e224ccccce95edf04a85023152649e1c32205b9f5c52fcc5c50fb35f1dc663f1174efa1de2df9bb4224ff129bd369794
27,PhElYb7gUfuv95RJ,1745040650713,1,1745040650713@PWAPhElYb7gUfuv95RJ,b80184b23332dfcf7314211480f37d2f6ece00a320fbd47403e1e6ac2d52abb4381777da0393efbc75412cff1792a4b8
27,PhElYb7gUfuv95RJ,1745038059713,0,1745038059713@PWAPhElYb7gUfuv95RJ,f2748c764b13fd97a3b68f861588ac11b33c7d7e1e16f32fe4bfc2c1a131638c2c029208b6087871f39e571bb14e4d44
27,PhElYb7gUfuv95RJ,1745073784713,10,1745073784713@PWAPhElYb7gUfuv95RJ,c58e149e760d7ee00f48237d12cb8fb4234e71c08c1a073f706b19cee868c449d778a257b1bf45c45a18a850f1e95b06
27,PhElYb7gUfuv95RJ,1745014638713,18,1745014638713@PWAPhElYb7gUfuv95RJ,9ee9168ba50fc8c961718c36242c771c9dc7a4208a9ea80d8edb5a61b691f2b2019b74268b15bc7bfd273837941c4a0e
28,I4JY0dUprLKlIVrU,1745017373713,19,1745017373713@PWAI4JY0dUprLKlIVrU,6af296e3b34857e31658c2104849f57063b13b173ac7749adf6ed9a13ea0aa306c4199dc534c028a6692c2af8043e2b2
28,I4JY0dUprLKlIVrU,1745020884713,20,1745020884713@PWAI4JY0dUprLKlIVrU,0408d83e5344dc1b8a020e57c4f9f1af0df1ece1a2756f302a3f5ae1c0f2c5e221d43343fc7fa073be76568d20e47c21
28,I4JY0dUprLKlIVrU,1745008048713,16,1745008048713@PWAI4JY0dUprLKlIVrU,023ac705dc222e976a1d229f30a9f9b6381f83ddbaac6d66ec56a176e2567388bc722c55b748e6078decfacf63dd3d5e
28,I4JY0dUprLKlIVrU,1745060680713,7,1745060680713@PWAI4JY0dUprLKlIVrU,70ac1a5d261fb11676ce7d5d90b5c33fabbe7b1ad284220e7fb893b5ad30170ae956c0c41d6f4ff245468f702447d0f0
28,I4JY0dUprLKlIVrU,1745058003713,6,1745058003713@PWAI4JY0dUprLKlIVrU,74a3c060eabe380c1ef32f595fdc3d1c0085e82b8c84a11b9dbe29d94c9890ec8d491f0623e5837abd0469d7133e90fc
28,I4JY0dUprLKlIVrU,1745016401713,18,1745016401713@PWAI4JY0dUprLKlIVrU,603535fa6879db2df85a1f62aafe4af4f9dd48aadd65f87b7b94ebd6279eb5748c8b3c3566453cf37306d7137e742392
28,I4JY0dUprLKlIVrU,1745032855713,23,1745032855713@PWAI4JY0dUprLKlIVrU,92ed11214da1c391dba3d75de59c3a002b951e1a7553cf83714d92f95d7788e8a769ef4c368e861e750cb112c6b5d01d
28,I4JY0dUprLKlIVrU,1745031857713,23,1745031857713@PWAI4JY0dUprLKlIVrU,ece819fe8dd516c9811bafce725663a3c845e32401b1b472b7ff0f1430757f2b6e1779fe81da5520238d258b6ce4ab17
28,I4JY0dUprLKlIVrU,1745012771713,17,1745012771713@PWAI4JY0dUprLKlIVrU,2b8f894e5aa0349b770070d33acca8a34a6df2108f4df500651e58894be2c07f142760a65eaa87a442302f088fe720a6
28,I4JY0dUprLKlIVrU,1745043185713,2,1745043185713@PWAI4JY0dUprLKlIVrU,b3c5204699a2d39f09d61e590d4f2a3cf5daa03110b855774c258e4935fc2f84a9c5849d8ab19b403a07ac6d9e9b36eb
28,I4JY0dUprLKlIVrU,1745022929713,20,1745022929713@PWAI4JY0dUprLKlIVrU,43982e2b4a9ca76eade6ba44261918300c034da49dee4bf8855b3ad605a7ff30958a6a9da1cdc1bc7dc8dd9fdfe668e2
28,I4JY0dUprLKlIVrU,1745006092713,15,1745006092713@PWAI4JY0dUprLKlIVrU,ef025be10197b41610b5fe82a089f9843fe3caa715971035ab7a015db75d9d5f42875d2e2fc2b835f42c9a352088eef5
28,I4JY0dUprLKlIVrU,1745060006713,6,1745060006713@PWAI4JY0dUprLKlIVrU,f4238e6765123519ba90f55c612d3e754baf14db8f696959e225b9a2dbe205daad7884266fa4621f212173c560539926
28,I4JY0dUprLKlIVrU,1745050131713,4,1745050131713@PWAI4JY0dUprLKlIVrU,cc572b1cef6d7467140dad930e416c4105e097cbc8c147e79534286ef88b4899028fda4dd8108add4aa139d184a1a70e
28,I4JY0dUprLKlIVrU,1745035059713,23,1745035059713@PWAI4JY0dUprLKlIVrU,4b9e319f29f10c8d94f78abc099122bea488c009aa28a7cceeb75bed2b05d4945bf1acd4219fb841dfd6e877c6706692
28,I4JY0dUprLKlIVrU,1745070788713,9,1745070788713@PWAI4JY0dUprLKlIVrU,bc5b1e079db1a772a3ed48fad34b329cb3018169c44378e49b061a93c21d6fe45c34dbad655ee1acdeafaf2dfe7dbace
28,I4JY0dUprLKlIVrU,1745007174713,16,1745007174713@PWAI4JY0dUprLKlIVrU,f9541be49d91a557dcfdcc6000dde9dcbbd3bd4622f6b1005bf53200cffdc540df3cab39491a8f4f3c91f8c6118d6829
28,I4JY0dUprLKlIVrU,1745056483713,5,1745056483713@PWAI4JY0dUprLKlIVrU,7bb33423eeaf01c18148d9d95b7e336ceb7fbe740b705cf7a0ec7baac6e03f3481faf958f7f221709363a71848c4b6f2
28,I4JY0dUprLKlIVrU,1745008678713,16,1745008678713@PWAI4JY0dUprLKlIVrU,37139843d3330027ec6e9e240f6a12354f1f429be4c3e4ae5cfae2df86a8f5d182ce2ceeb45e5022b69121b6b8b74204
28,I4JY0dUprLKlIVrU,1745023006713,20,1745023006713@PWAI4JY0dUprLKlIVrU,bc29748126337a5b9dc8ee8132da4741e2c5d37b85c86ad3e8a10fe668c6a8fc2ac5a53715a04f013f1d4cb7a72d0cda
28,I4JY0dUprLKlIVrU,1745029421713,22,1745029421713@PWAI4JY0dUprLKlIVrU,4c9c551e42c358cea9f37a9d5e86c0c7cc5e14b9ccd96ce938779a3a469355c90b683cee5783ae07ddfd2a12ee2715ad
28,I4JY0dUprLKlIVrU,1745017759713,19,1745017759713@PWAI4JY0dUprLKlIVrU,8f37b85baabc8a2071ba05518397176b7ef74364b0b6e7f3a6ea633a5c7e558af94da1eb1a42e8c4f6d3c145dffa911c
28,I4JY0dUprLKlIVrU,1745008497713,16,1745008497713@PWAI4JY0dUprLKlIVrU,1f0b5faf65a5160a4e718737f66fe5171bda73b44a8590ffab302215e955bef4c0e0ba9b690676a23a9890adfca36a68
28,I4JY0dUprLKlIVrU,1745036002713,0,1745036002713@PWAI4JY0dUprLKlIVrU,81da19a18b1530622f4e16d412f9cc63868c14c3be152e65e8eaeb671a32bcfbfa19e08dde8b2270c1642bb4195a1df6
28,I4JY0dUprLKlIVrU,1745008398713,16,1745008398713@PWAI4JY0dUprLKlIVrU,1c08328ce02f8fc319e3f5a71b26cc4ac8cc47cceb24ceb1bf9fac8e1fc52dda93008cf8c4ab46a2a6451444a697842f
28,I4JY0dUprLKlIVrU,1745058144713,6,1745058144713@PWAI4JY0dUprLKlIVrU,3b2ef0b5ed64dbe90947fd14820ca155be2fb1b4f802501e4c4fec4aca0e1626f6e52151a4b001e28f6ab2925e520d5b
28,I4JY0dUprLKlIVrU,1745006896713,16,1745006896713@PWAI4JY0dUprLKlIVrU,406f41c4f167c7c20d8802e6260eade633df38101ef197d2da1856dc05342abebcf613239c91cf08e2812d90497812e1
29,7t9uyKjKOclvQTzI,1745071007713,9,1745071007713@PWA7t9uyKjKOclvQTzI,76052cd2d698cd55ed4aa7ef872ee065a417f5207f1724e71fb6e0a0a3a3f9f3709fe629ce97e3bcebf386f0e0284d28
29,7t9uyKjKOclvQTzI,1745043207713,2,1745043207713@PWA7t9uyKjKOclvQTzI,b5974d0764a0584884231e4cd93762f08871966dbd2dc5d6a550581a06b1557459a865753de5859826f330687e191bd5
29,7t9uyKjKOclvQTzI,1745058824713,6,1745058824713@PWA7t9uyKjKOclvQTzI,c0a4ff1894f6cf39ad6749d5f14893db56db4545506b27848ca049dcfbba5866caf26db0116778c4996fa8fede444d8a
29,7t9uyKjKOclvQTzI,1745068795713,9,1745068795713@PWA7t9uyKjKOclvQTzI,a93c52ec06e11889bc58174efd4a509415fe567e9cf345c93f208c276a6572c5d4090d9c7e432307dbaf79443875e870
29,7t9uyKjKOclvQTzI,1745032521713,23,1745032521713@PWA7t9uyKjKOclvQTzI,3a4497bebd3d72ea64f4486b6b01a584a6e041532f5282084b570567f6bc4f9d2c7bc603b5cbe1c4a08ecfdc2436d908
29,7t9uyKjKOclvQTzI,1745068428713,9,1745068428713@PWA7t9uyKjKOclvQTzI,6a25179100616155438d7c943e2b804821be654d31e9c667624795ce6d00b64b83a53e34af482ca90575d40ac1cb0b4d
29,7t9uyKjKOclvQTzI,1745046820713,3,1745046820713@PWA7t9uyKjKOclvQTzI,9ec6f05e8ac5dabcd6ec1ff3cc142884220f9a4408ff86c7a698c326f17d507385e6a1f78e289639342542987e9414b8
29,7t9uyKjKOclvQTzI,1745062207713,7,1745062207713@PWA7t9uyKjKOclvQTzI,df94794bf0cc5297a278e9784c8096f760dc488739b2e187e51a1939a6eb87b5760240afe7a1f1f01efc1355d47a2f93
29,7t9uyKjKOclvQTzI,1745016784713,18,1745016784713@PWA7t9uyKjKOclvQTzI,be2494eb76e2ce7ec2668987834387a556a2e3cfb2ce25f1d549673ecb34110fdd0407fbb4822cb64b015bfbbfa8deff
29,7t9uyKjKOclvQTzI,1745060858713,7,1745060858713@PWA7t9uyKjKOclvQTzI,8848e7eb607960bdc5961681cb52c800a2964942f7f3e3a67842eccddc33170eb144831f8fc261de588f22a24185d599
29,7t9uyKjKOclvQTzI,1745072671713,10,1745072671713@PWA7t9uyKjKOclvQTzI,36921e7ce993f513391eca2d201b881d91c545a3c533cf9529252e5dd2cc130b8601dc8ec280b14b0d42e6659404a86e
29,7t9uyKjKOclvQTzI,1745018521713,19,1745018521713@PWA7t9uyKjKOclvQTzI,61a0ba0e7b57a1ab6e699db6bb651e8f4f23278d4fa6495ac48cfe2d536c2b16a7eda527cd099b42713b90b25cd3468a
29,7t9uyKjKOclvQTzI,1745025858713,21,1745025858713@PWA7t9uyKjKOclvQTzI,877d649b416c4d2cb0d386a1cc45c2f9f7d94f2538f7ed0aee692428bd0104d37889cc56f656d9229fa22de5b839f1a2
29,7t9uyKjKOclvQTzI,1745050766713,4,1745050766713@PWA7t9uyKjKOclvQTzI,00d093c5603d9839be342f4cd84090e6b4ea1d7f47034b284e4fffe8c7224ae0f6d686097b52e3c5d24a00a0b5ccef1c
29,7t9uyKjKOclvQTzI,1745070473713,9,1745070473713@PWA7t9uyKjKOclvQTzI,4c8a35782b6ca4e53b1b5821edfc0102ff3e32ec08ab0a984492c71a908e3acc27d7678cb08b326e906bdcccc26cab1e
29,7t9uyKjKOclvQTzI,1745013386713,17,1745013386713@PWA7t9uyKjKOclvQTzI,7ae6133b4236fae7ed9a2a20114e31368c0818fd94539e3900ade4493bbde377ad1378bdf72151f80cd32a85b5932412
29,7t9uyKjKOclvQTzI,1745032990713,23,1745032990713@PWA7t9uyKjKOclvQTzI,6d753990f6d8e4e9c69a4d58601634d19fed18ec126f5b62a330ab3f1be24f54a27e03db2118c768fd7e45597eca98d9
29,7t9uyKjKOclvQTzI,1745037761713,0,1745037761713@PWA7t9uyKjKOclvQTzI,e430de9c6034a3614d01da5852cc6d2be0f38bd860ccb0bf03dc030dd47d3f9f6b3661cac0609ea0e5780ff670382ab2
29,7t9uyKjKOclvQTzI,1745067403713,8,1745067403713@PWA7t9uyKjKOclvQTzI,d16d956b2dd8f9d9b0a700d69d494870656e7f98674c2b51eb9a212c717fff6e8e4607feb6a73adb718075ae4403a272
29,7t9uyKjKOclvQTzI,1745041341713,1,1745041341713@PWA7t9uyKjKOclvQTzI,abf32b5c5a49238ca4809b874641c4857d73efe4dab6a99580305d36f3507f92a3058ca30ebbe318baf2d90744240cb6
29,7t9uyKjKOclvQTzI,1745040776713,1,1745040776713@PWA7t9uyKjKOclvQTzI,25544de99a1c8f908ef199f2f662f8b178039f23a61bd20a8505251730e43f481c304dae83c9c47cef66d7e61400c147
29,7t9uyKjKOclvQTzI,1745030220713,22,1745030220713@PWA7t9uyKjKOclvQTzI,aa5e35c62f5bdf365ebbbad7c65d49c5aebd250feb742d50cfc853f74935626f097de617ec085c27b39976d98d4ffc1d
29,7t9uyKjKOclvQTzI,1745056889713,6,1745056889713@PWA7t9uyKjKOclvQTzI,916d57bf0a1811a4db0c2a3f026f4b195f30dee3fdca0efb8ececa4b6cd67389bcc73ff50cb836144e02550f172b7af2
29,7t9uyKjKOclvQTzI,1745015924713,18,1745015924713@PWA7t9uyKjKOclvQTzI,34de8c75e137039719c15d2261382b0e879486132e7f066c3ebf204245f46f164064d38afe4f329f0aeb051406051e9a
29,7t9uyKjKOclvQTzI,1745070966713,9,1745070966713@PWA7t9uyKjKOclvQTzI,0490b79a0339eb273aafdff4f9ac441f92830e30bbb9f4df23db35f6db47957c1491da2689bfb22c4826a930c62dfbf8
29,7t9uyKjKOclvQTzI,1745071533713,10,1745071533713@PWA7t9uyKjKOclvQTzI,259085efed7f94c3f727fb357b3731aece6c8de391f4589debf5962d611d6a75533da4747ec6fd8f57906f6b90546a52
29,7t9uyKjKOclvQTzI,1745070858713,9,1745070858713@PWA7t9uyKjKOclvQTzI,a7e5e207080d118b8d8fec8e275f593e616061fdc462b4954e7865bcffd50b1c402db1fa91534072f88ccfb0dc9c65c9
29,7t9uyKjKOclvQTzI,1745013729713,18,1745013729713@PWA7t9uyKjKOclvQTzI,94a2cfa68a2de957a2323934d786714989fbd09d2edc9a287dd2d5b913d8bc7693dc28d25c53f846b8ef659bdc6e1c5d
29,7t9uyKjKOclvQTzI,1745030359713,22,1745030359713@PWA7t9uyKjKOclvQTzI,04029ccc5a7904338b83190220cee1d3c2e013878b53ff583de5a0d32bb95467329af505952ff1bb911c75bc0546cbee
29,7t9uyKjKOclvQTzI,1745073914713,10,1745073914713@PWA7t9uyKjKOclvQTzI,206464ffc95a37ca9bf9a74d28de04fef786cd6b47705ac4ca263f46958bda4316859f4947d49cf485169dbac63b93b0
29,7t9uyKjKOclvQTzI,1745060967713,7,1745060967713@PWA7t9uyKjKOclvQTzI,3780edcaacd9abade7b123c4fc861baf69de81f732c6a2537adbec6fcdcc59026ee480760487f4202161698cf49a3274
29,7t9uyKjKOclvQTzI,1745015028713,18,1745015028713@PWA7t9uyKjKOclvQTzI,c14674398b5bb7ee40fff23d73d9b4a0e6ef31c01fd43e79f182211e2e1e8bd45f7eb5a1346879d32800560e93a3145c
29,7t9uyKjKOclvQTzI,1745076263713,11,1745076263713@PWA7t9uyKjKOclvQTzI,226a0376eaaff25d6cd88507baa9c2faccac003ff51c5f0ce50a204ba419fd317642a47ec3749ee5ec05bb5327756560
29,7t9uyKjKOclvQTzI,1745053062713,4,1745053062713@PWA7t9uyKjKOclvQTzI,a2ebcace16c3151d98637f739fe01ac71f34a8ae28b162d3d377d5f06b0175e5e9b9f6899af0100b8c97e337c071e86c
29,7t9uyKjKOclvQTzI,1745019304713,19,1745019304713@PWA7t9uyKjKOclvQTzI,911f04b89a9723086e490db0e8495fa2416601f6fe3b1812103ec340319b355af27162b15bf48f464d5306c9d34babc2
30,kz5HXJ7kA7stb6lj,1745022493713,20,1745022493713@PWAkz5HXJ7kA7stb6lj,1c3cc5fcd6796fb7560be7042ce9ebb2b8f27a3e7ba9e5946e3177f5a6b0d211b9599c61e0d76133ac41c8de97d076b5
30,kz5HXJ7kA7stb6lj,1745044945713,2,1745044945713@PWAkz5HXJ7kA7stb6lj,b3869cc8aae44474bc7428f3f15bfa2e83c73410ffae6ab1c321577a55dca76822ee9a0a075e084080dabff6bed9cf1f
30,kz5HXJ7kA7stb6lj,1745071411713,10,1745071411713@PWAkz5HXJ7kA7stb6lj,7e029b78046de1f1b9acd209d650cd95c393fd3078acb88e482d510bae7b688a0e46b5cd15899a01f0fa8ed4605cf9da
30,kz5HXJ7kA7stb6lj,1745046752713,3,1745046752713@PWAkz5HXJ7kA7stb6lj,c9da42bf15dda16da43d405cea92353cebda52606f40f56f2c008b69469ea8a804856e3b890a302b5f075b794bf09b02
30,kz5HXJ7kA7stb6lj,1745013780713,18,1745013780713@PWAkz5HXJ7kA7stb6lj,eccf5667dc2b7d0f2ad19e03934ca4bc0835ea6cb04c8daf2e3fe0e8203e14ab29a916d4a329104df303f14a65e08413
30,kz5HXJ7kA7stb6lj,1745061155713,7,1745061155713@PWAkz5HXJ7kA7stb6lj,1b21d26202ec5365c8c6ea70b255b01b6dc4a38dae5f2069f9d0fab11a675d032875f88b8c87993921f661fd0126628f
30,kz5HXJ7kA7stb6lj,1745028975713,22,1745028975713@PWAkz5HXJ7kA7stb6lj,6a8d11795b2f70d0f428992b6eb43c22d77354f1b6e082704a7647a495d01a540e11d25f20ce372ed0e327daeb49c7d6
30,kz5HXJ7kA7stb6lj,1745066986713,8,1745066986713@PWAkz5HXJ7kA7stb6lj,20b76456ec55c3029d167c5f46b12185f5f2c6ff606c48b2f8531a075ae6fd35201d8bc462e474ba0d8089d4737f16f2
30,kz5HXJ7kA7stb6lj,1745022987713,20,1745022987713@PWAkz5HXJ7kA7stb6lj,c79574e0f0eee351228f45552234ab2384efb352b61541f328b4e80f6f039c8efcdc3acff72325ca7a36fbbfdd62ca71
30,kz5HXJ7kA7stb6lj,1745067637713,9,1745067637713@PWAkz5HXJ7kA7stb6lj,d81ac710a0e0614ff821131fb9b7510e65cd5189b749e7fde695074f176b778bd85470e431425d127a8b2c180928b5b5
30,kz5HXJ7kA7stb6lj,1745046193713,3,1745046193713@PWAkz5HXJ7kA7stb6lj,bb80c5e4f907dd2e82123ac44cbc609b20195d5a8542727b848aafead22529b2193e3ba65c721d88d2fbab85304100d8
30,kz5HXJ7kA7stb6lj,1745012426713,17,1745012426713@PWAkz5HXJ7kA7stb6lj,4a5e77a462a75177d8802e8655ba09201a8d945c2a1e5dc9550dbbeb5c95595e8e22913934d26883e08a04a7d5ac158b
30,kz5HXJ7kA7stb6lj,1745025813713,21,1745025813713@PWAkz5HXJ7kA7stb6lj,09cd1b9649ded7b66182ccd7f49d44bc791d8dcf93d96008c55e86477603878e5d408975e6962da613571e60d7129a72
30,kz5HXJ7kA7stb6lj,1745011988713,17,1745011988713@PWAkz5HXJ7kA7stb6lj,c3862c27b686ea040b25af1be587d7404ed1d80f52ee89ceb10f896771837d3251d24461caf3b395b9bbe56aa3af9bbb
30,kz5HXJ7kA7stb6lj,1745066810713,8,1745066810713@PWAkz5HXJ7kA7stb6lj,29337b31b0d0cb7d5ba8a9d2de2cc637b6a4ff9abd6d2de994df15411d1744cad944ff97a5d358810b88db57a7500e77
30,kz5HXJ7kA7stb6lj,1745065113713,8,1745065113713@PWAkz5HXJ7kA7stb6lj,bcb2074c21d73ea6db78180b9ec6c9fe48b0caf08c1c4c40818684b0556822a730a5d944836133a2d7e8651a70106992
30,kz5HXJ7kA7stb6lj,1745042128713,1,1745042128713@PWAkz5HXJ7kA7stb6lj,25a0cef60f469ce67b52c30d4aea2cd6893f373b537fa79adea53ae4f6088604b7d81ab7c49715c0f5ce90bbdfd5c510
30,kz5HXJ7kA7stb6lj,1745038561713,0,1745038561713@PWAkz5HXJ7kA7stb6lj,18ad5705c66520bb7550f621b4f83a3ac5dd7ac66de62407f22631c564e3e19b43699552822fe5394a3f82b97c7baa1b
30,kz5HXJ7kA7stb6lj,1745019385713,19,1745019385713@PWAkz5HXJ7kA7stb6lj,509d0c76a4a7a642ed8a7f23e30cf57511ae19077dbb226f0b19b7c56f3b4281fbb79c2c72781f3f181a7bbe4240f5a3
30,kz5HXJ7kA7stb6lj,1745013067713,17,1745013067713@PWAkz5HXJ7kA7stb6lj,c82e7001edb18227c942f391b8e8f472236e42eebcdce1003c0f959c4cd98fd73afe50cfe0757222a63fb865f2281553
30,kz5HXJ7kA7stb6lj,1745065422713,8,1745065422713@PWAkz5HXJ7kA7stb6lj,5ff18359c5e6823c1a30362a3edb741013cb761ee7c393b54567474051236957eebaecd3f37c54c81fb182163bdea47c
30,kz5HXJ7kA7stb6lj,1745066989713,8,1745066989713@PWAkz5HXJ7kA7stb6lj,804175760e5bf4bfd3aee759a6c2ae27b476b01c80accd60ea2cc4216695c8b80b896579c062c02f82f4b7281d5c7f8e
30,kz5HXJ7kA7stb6lj,1745010508713,17,1745010508713@PWAkz5HXJ7kA7stb6lj,d09191dbbc89b6c86e3718ff8f17256064f62aa237bb30bb505245d89b2990bc7157f25ea2f85f04569ccba594f8e4d8
30,kz5HXJ7kA7stb6lj,1745073387713,10,1745073387713@PWAkz5HXJ7kA7stb6lj,c71552a9880f42c7d38385c6447eb2fbee54c887292ab9890eb832c553b3a28faeae5b5b724f504a9f2bf1556ca8aa21
30,kz5HXJ7kA7stb6lj,1745034083713,23,1745034083713@PWAkz5HXJ7kA7stb6lj,6228283d81309879bae5179d7bbef94a99b37abe7b731d74087aecf77ab7165d492425d74018a5d61ab300bb9c2433cc
30,kz5HXJ7kA7stb6lj,1745015955713,18,1745015955713@PWAkz5HXJ7kA7stb6lj,a0ae54fad6d6fbeaeeb901969d739841bfa2a7c240335830c593c34f6d9bc35e899106a90bce49671ef09c6a92a4411f
30,kz5HXJ7kA7stb6lj,1745025115713,21,1745025115713@PWAkz5HXJ7kA7stb6lj,c4d6fba26396e6bfd3a5ad9fb20395d6b9b4358236e16fd9ff6318873f7826156ed90083bbde3c94e8d328ed9136dfc8
30,kz5HXJ7kA7stb6lj,1745050838713,4,1745050838713@PWAkz5HXJ7kA7stb6lj,e58d702eb551bfc73f45c8f3ba6a69f961690d336cace13c0820cda8f931034c2862ee31eea90609de229c0c72d74298
30,kz5HXJ7kA7stb6lj,1745012603713,17,1745012603713@PWAkz5HXJ7kA7stb6lj,334bf76abfa0c80ad27f3c14b2da8cf23980c158b4e6affc47f542563d9f18db24d57f33b91b85db3023bb90a8652ab9
30,kz5HXJ7kA7stb6lj,1745030231713,22,1745030231713@PWAkz5HXJ7kA7stb6lj,cc7aaf2d8941aa64b8335d1aa9870f41befc28365d2c6607e07af032b8941d382c8bd658a8d0e868e48007fdf754b598
30,kz5HXJ7kA7stb6lj,1745045168713,2,1745045168713@PWAkz5HXJ7kA7stb6lj,0fde8cb842c213990b8d685c2597cdc87a8e26ba44deafa12007295460fe90f3706505eeaf01cd3ce0c2499bf98b019e
30,kz5HXJ7kA7stb6lj,1745013324713,17,1745013324713@PWAkz5HXJ7kA7stb6lj,019fab8746f3c9b016bce9cfbc3d84bc23a8a0f5b4f257e8ef06ac6d73071e3c655d8bb25b0b4c81cb377819dad4e866
30,kz5HXJ7kA7stb6lj,1745020392713,19,1745020392713@PWAkz5HXJ7kA7stb6lj,7fa698759403da6a61414c8971403ebad0a3e88ad5511a882d182cc2b5ea8aa4dee7784c13e4d86e19abdb19e071af5d
30,kz5HXJ7kA7stb6lj,1745076030713,11,1745076030713@PWAkz5HXJ7kA7stb6lj,a4221ab290d8bcc24621127fb2decf8ef587a094d9ff41648722f164e697cd0f7634a5f06a8ce4f9de5a75f30064468c
30,kz5HXJ7kA7stb6lj,1745034833713,23,1745034833713@PWAkz5HXJ7kA7stb6lj,7a6120e3f84470bbe13600d5daf054d52cef9c2203a2d3c0031831d5f70842fe35f8c9d959e0898c351c27eb5e5031c3
30,kz5HXJ7kA7stb6lj,1745074113713,10,1745074113713@PWAkz5HXJ7kA7stb6lj,72411df0dc602a9d542392a1f58154f81ce7836ec173a35eaf78d55d4888fdc56db68501603b8bd30fb1f92ed456d7e8
30,kz5HXJ7kA7stb6lj,1745028726713,22,1745028726713@PWAkz5HXJ7kA7stb6lj,271ebeea12ced1aafe3efd27663f16d87928cc7b286c5761b25684bcb0a09ee2d21fc2d65b8c29b2c36f1276efbb9b82
30,kz5HXJ7kA7stb6lj,1745043065713,2,1745043065713@PWAkz5HXJ7kA7stb6lj,19ba88b7ab8324c2eab36707a0799e1990b53c0e8343fff584c44bbdc1c5788bdf4c4749f6f871ed04cb85a73a37fadc
30,kz5HXJ7kA7stb6lj,1745070739713,9,1745070739713@PWAkz5HXJ7kA7stb6lj,b4681ccbadba2cd7c0c2af8195f6906072d8ab1b1024c7dd34e8f055bfa78472bb33b95b18f5c662e8a65e6a1c4ec76d
30,kz5HXJ7kA7stb6lj,1745024199713,20,1745024199713@PWAkz5HXJ7kA7stb6lj,4d168cc13164f9e622d4b3b2487b5fd086396bc77cbaa89e48280ddd87c2a1f2f37910d6e5893eaae1fecd3432b011bf
31,9r5kt9xPkDoo16mw,1745065989713,8,1745065989713@PWA9r5kt9xPkDoo16mw,a3b2e8c5c82745b448451c41d1afe57c6f3ed5505c1ba52773f64bdfa2e5c478c212436b8df0bbb28729e4fcee4aec89
31,9r5kt9xPkDoo16mw,1745046989713,3,1745046989713@PWA9r5kt9xPkDoo16mw,3872de4706fc995217c6acdc219c4cc82cc91372dd3f5b52b1a53c3b8e2e735cfc8f6e68c873f76c0b1d89e2e2af9d86
31,9r5kt9xPkDoo16mw,1745024563713,21,1745024563713@PWA9r5kt9xPkDoo16mw,918b39b0a106bc36b3d2746733b08a0f7eb9fec1c415a529cfa03f281f10b07bcfc5ff9347ca299a47255cadf5f77f00
31,9r5kt9xPkDoo16mw,1745021929713,20,1745021929713@PWA9r5kt9xPkDoo16mw,637a027d12045f6fa6cb0dd2ec3bdfc39cc0d45d091a3fb1371f230542f2eae1c28411a7da552ca7a30aa1e9023ced95
31,9r5kt9xPkDoo16mw,1745071663713,10,1745071663713@PWA9r5kt9xPkDoo16mw,10522abf649826de4e82307fbb3ad6d5f3f216966244694a51e2be0d56f1913c447a9ae3c7081ca79295edcb3f3607bc
31,9r5kt9xPkDoo16mw,1745043612713,2,1745043612713@PWA9r5kt9xPkDoo16mw,89e5a27293ad2b58a0b7893a878648aa888597b998aa1081f44893dd5d40964a7fa6a3f6180437a9c1caadf877a5a4fd
31,9r5kt9xPkDoo16mw,1745050689713,4,1745050689713@PWA9r5kt9xPkDoo16mw,6a046bfaf62168da4b5e52a0cc4a3cb64a83288b788bf1a326da98ce37bd3b834e9c2d39b05cf8e49ed00c79f70ee709
31,9r5kt9xPkDoo16mw,1745042036713,1,1745042036713@PWA9r5kt9xPkDoo16mw,edd71b292b12ca86c70a167589a2f32576f0f6f7345a1f6a05dd8ab6eee1ccd63273db0e6e6a519270ceb593838822ba
31,9r5kt9xPkDoo16mw,1745029507713,22,1745029507713@PWA9r5kt9xPkDoo16mw,0155ac606aea8de443786e3305e6a8629174c7d94d7feda81d7e4af62e3f4bd9a52c0d63c729fb04df415fc7e5916034
31,9r5kt9xPkDoo16mw,1745018122713,19,1745018122713@PWA9r5kt9xPkDoo16mw,5f05307ad8adb6c36f4a681bdd9ab0edf462790a665eb5fa95990dfaf3db9a45f092ac43e46ae04badc1c86172690133
31,9r5kt9xPkDoo16mw,1745041250713,1,1745041250713@PWA9r5kt9xPkDoo16mw,0f03ed9754123482a4657929ffdd75e7200a486989ead90ae505c2195cd207f4483342f8f77542f4dfb3c469517fa3a8
31,9r5kt9xPkDoo16mw,1745046294713,3,1745046294713@PWA9r5kt9xPkDoo16mw,bcbee1ccd8ab0f64bbd69d785d9f1fa994a57e81578d21e75a79429fe88e16b5ee4a1f7352e3237c7cb3cf1a38ca23fe
31,9r5kt9xPkDoo16mw,1745067283713,8,1745067283713@PWA9r5kt9xPkDoo16mw,e1ba73f562558e68d500373c616cec921237eddb3f9f3b31fc760e50df110f9f0bc2381de27d95b6862dddb4219768b1
31,9r5kt9xPkDoo16mw,1745041307713,1,1745041307713@PWA9r5kt9xPkDoo16mw,184860403acce73abb82393bd00e091705d092ad7e818dd484a0a2305d3ec1bb45378296685b17b7408b54fe21fb2d1c
31,9r5kt9xPkDoo16mw,1745028133713,22,1745028133713@PWA9r5kt9xPkDoo16mw,d29a792e4a29baf00fdaee9b567c4c0a5e76f7e8b65d10d768aeacec27603bcc25b32d4e4d8b929622ddb538a163b91a
31,9r5kt9xPkDoo16mw,1745027391713,21,1745027391713@PWA9r5kt9xPkDoo16mw,1fcd3c8c70bdd6d603397eef7366c1039d64d382b649bdc497d5a6370fb6a15b55ccb0a616dfb48e656a5f6feedb3b0c
31,9r5kt9xPkDoo16mw,1745040551713,1,1745040551713@PWA9r5kt9xPkDoo16mw,8955ec1dc5c5926584b1d046d30296f6a0cd03f5d52a55b480459790936cb3eb569aea168cacbe8bf6fcc172c3b71075
31,9r5kt9xPkDoo16mw,1745031589713,22,1745031589713@PWA9r5kt9xPkDoo16mw,f74cc29ecee487f03c82a81329fe5925ccb733d9156b276b1a2941982dc4c3cc847df27d4b39d78c338376940c793eef
31,9r5kt9xPkDoo16mw,1745028585713,22,1745028585713@PWA9r5kt9xPkDoo16mw,bf15b2879282adb3636652bfbf9b7df08ede8e50bfe6982175adb90855bf91f92cf7cb18f0af42f24fb7bd5d989e6193
31,9r5kt9xPkDoo16mw,1745045255713,2,1745045255713@PWA9r5kt9xPkDoo16mw,80b5972dc89a9bce7c807b5435f659aec720789a6a7cae6fc6fa367084dd54316df409a4be0ffcced56d24c584d117b7
31,9r5kt9xPkDoo16mw,1745010246713,17,1745010246713@PWA9r5kt9xPkDoo16mw,1995996c5b596eeed32421e2018d621da37bab382a49a61c1772ab7a113b7353ddce445cf6cf432d4c247682c30f0e56
31,9r5kt9xPkDoo16mw,1745022222713,20,1745022222713@PWA9r5kt9xPkDoo16mw,343e789d8a8f842de1c2b24d31fc50895716e4131ce75e8e62cb602ab34d661830bf3873cac0ea5586e81bf363ce174d
31,9r5kt9xPkDoo16mw,1745050165713,4,1745050165713@PWA9r5kt9xPkDoo16mw,6571bb6a80590b86b180b4b2d64e2887785a00d9bbadbc2324c6399fd5be025f75fa621445aac472695879501b2483b4
31,9r5kt9xPkDoo16mw,1745029564713,22,1745029564713@PWA9r5kt9xPkDoo16mw,07ebb190ddaea10f247a8239aeb692d7351a1afd80340ceadc9db4c64557b4f4b5f9c38a31374915906da77ba05eb999
31,9r5kt9xPkDoo16mw,1745068319713,9,1745068319713@PWA9r5kt9xPkDoo16mw,668dbf120189af270d7d74d284fcc8a12a85275bc310935ef267e5c24ccd4390b5a5a6e2323877f70ee684053ea37ecf
31,9r5kt9xPkDoo16mw,1745036937713,0,1745036937713@PWA9r5kt9xPkDoo16mw,b5967ebfe491568dbaf1313438d45f7e13989b9d53802c1464c2f2add538bf9a140d4a4ba53a69157cc6d5b99879b259
31,9r5kt9xPkDoo16mw,1745075350713,11,1745075350713@PWA9r5kt9xPkDoo16mw,ecf30fd9e4e15093603765811e5a4f579b55dd214611918d3622c477228b816ee3d1eb3a1c1476e0f8e93181a94fe5ed
31,9r5kt9xPkDoo16mw,1745041256713,1,1745041256713@PWA9r5kt9xPkDoo16mw,bd829c15dfb11270acb0ac2bf0514d8243b0acf24da86a6077d899ff11a4c6ee07d04a39eff8c7da1d4271710877cffa
31,9r5kt9xPkDoo16mw,1745045036713,2,1745045036713@PWA9r5kt9xPkDoo16mw,c8c2f37ecbf39f2780b2150034b75a109c13a9a6a156291081a2f7261da2dfae6a48345db092b07250a792e07fe9f14c
31,9r5kt9xPkDoo16mw,1745053278713,5,1745053278713@PWA9r5kt9xPkDoo16mw,8927b84cb755b7616db5f1e3ab47b08e80edf219a9d850abab915b693ffd951b807124fd07359256e70d8046f500eaf2
31,9r5kt9xPkDoo16mw,1745057564713,6,1745057564713@PWA9r5kt9xPkDoo16mw,54f49601c948470c179d7e8fac584578ee1608f98f79b4c2aede0930ee939aaa2f385cb6ec40a77f6410075c7e6a1f23
31,9r5kt9xPkDoo16mw,1745031020713,22,1745031020713@PWA9r5kt9xPkDoo16mw,fddcab6d0f593f51f58d65a5c63e4f2b79bfc97e0e7faf4a7f38754d4cc686273dbdc8f7e3a20d39c36257ec0fc95ba2
31,9r5kt9xPkDoo16mw,1745013524713,17,1745013524713@PWA9r5kt9xPkDoo16mw,bbfb8885fbc9a9795e60fd83bd6b7b284d386aeed425034c96ad4dca45604ca422828b040b2cda0a4bcdb0a26bd073cc
32,kV4JZoKz0teLCCa1,1745076078713,11,1745076078713@PWAkV4JZoKz0teLCCa1,8b362b01f272bfb8486d673aaefcf84b9da2848cd3a3bf9f8481c1ff715c2292db146056ab75382db03cb60a6a89adfb
32,kV4JZoKz0teLCCa1,1745036241713,0,1745036241713@PWAkV4JZoKz0teLCCa1,9123a035d6d8b2122ad9708e67fbfbf3a6236a91db1333b7b3637e602440a8d88e94cd400ba56761dd63b1270c3008a8
32,kV4JZoKz0teLCCa1,1745013299713,17,1745013299713@PWAkV4JZoKz0teLCCa1,7dec65cd3aa8a2524cb7619fcce00a037fbab801834cf9f38b459e28e11b733462b0a53ba77438a6e0053c2e5b56c55a
32,kV4JZoKz0teLCCa1,1745017101713,18,1745017101713@PWAkV4JZoKz0teLCCa1,8176eef9565df28df238efd7a3e4882cae639e6b6e119d014f22dd8339d02506903ee75107e3e9d4f68f60026768448a
32,kV4JZoKz0teLCCa1,1745049331713,3,1745049331713@PWAkV4JZoKz0teLCCa1,119d94bc97c83dea4a732b4fc999ab4fccc19ed2f11136ff694260627e07646bffd6d050f39bbc343216643aaf1e2d72
32,kV4JZoKz0teLCCa1,1745059799713,6,1745059799713@PWAkV4JZoKz0teLCCa1,1eecc5fee6141f73b15dee094509179a92addf00b47a605db1b418b94f01dc123fc07da48197b5681203bc1a08326ced
32,kV4JZoKz0teLCCa1,1745050886713,4,1745050886713@PWAkV4JZoKz0teLCCa1,3a80acc98033a5c3165d08e6624d16b4e0d2fc9912ff29c5646d7a24f09093fa952d04a107662fb673ba5142cefa8a30
32,kV4JZoKz0teLCCa1,1745046180713,3,1745046180713@PWAkV4JZoKz0teLCCa1,b16de6bc6571a993119e3540b2317ad47a569a8a671999caed2b20fb2bc07a6d4f86524b1c6e70624b8a6766e3862ed1
32,kV4JZoKz0teLCCa1,1745027460713,21,1745027460713@PWAkV4JZoKz0teLCCa1,468f3bcf848c1eb2e1f7d1418cef7a81c7f73353b0814c160128ca662f521c215499585a8986cffe27b81dbaf8f87beb
32,kV4JZoKz0teLCCa1,1745058171713,6,1745058171713@PWAkV4JZoKz0teLCCa1,d23b67b731e87b6a59378c2edfa9655329c54ca7974ab8666231ab5a0a3f2768a9260b14ea0873b33d5c0c0a0b1b62f4
32,kV4JZoKz0teLCCa1,1745040001713,1,1745040001713@PWAkV4JZoKz0teLCCa1,0ce795e80267c5cab86ca2fe20436d00bcc29690b9a1d08bb08d85a00e611c7387f30f8b3e96d3f9dee207531a457929
32,kV4JZoKz0teLCCa1,1745039863713,1,1745039863713@PWAkV4JZoKz0teLCCa1,58f3ad67be52e33d9385ad1cb4be8f28ecc239f98f4daf057293cc6f26b846da4b28ebfb4f7e92c8f82d2fa68bf2660f
32,kV4JZoKz0teLCCa1,1745020729713,19,1745020729713@PWAkV4JZoKz0teLCCa1,d4e8d07d406db2544759444fb4b4ab711f1f35fa7ab6ee9a8075ce9f9271165e81993fc700133ef3f5ccd268cc469d04
32,kV4JZoKz0teLCCa1,1745075233713,11,1745075233713@PWAkV4JZoKz0teLCCa1,e2b80481d4247b278da748fa998029a5e2e33c62c5c307e35e73971b2ec84b8a11540c87d5d88687df2a2acc5f8ace9e
32,kV4JZoKz0teLCCa1,1745007093713,16,1745007093713@PWAkV4JZoKz0teLCCa1,84b10dcc29b82e6b6d25dcd7c30e0aa0e1496f4527aa9c112fb5a542d5db9feda93cce35205502be8dd6db45c9571d15
32,kV4JZoKz0teLCCa1,1745049562713,3,1745049562713@PWAkV4JZoKz0teLCCa1,f2e720aae4f068819538ffde85d39a7f5b1f4a18bdb1b5c2ea065a093def725e7f8ef12e59cd4c47c72516ec07817457
32,kV4JZoKz0teLCCa1,1745074808713,11,1745074808713@PWAkV4JZoKz0teLCCa1,58e0b6ddb02fd2cf4d312ebe4c2298720e026cc546808faf0efb6ba231295c703a2243db6a9a7135a5fe82421fd7d85b
32,kV4JZoKz0teLCCa1,1745067754713,9,1745067754713@PWAkV4JZoKz0teLCCa1,caa7905db31fb93a38719a8f8aaa721b9eabc4f82b7bcff28df55a9f7e1f28088bd4a84d1fc55fa5951e6ff5a5c9d93b
32,kV4JZoKz0teLCCa1,1745046616713,3,1745046616713@PWAkV4JZoKz0teLCCa1,6d3df7ae14c2cd4a76ec8690d5e2c4a6a494cecf3e4a693152f04c3b089b5e8c1f6f15db56c55efe77832f8e08ce5814
32,kV4JZoKz0teLCCa1,1745009712713,16,1745009712713@PWAkV4JZoKz0teLCCa1,98993614b394024073ebfb6d9a6873b26fbba14e85b50be85698ce4d6d2d6966399ef1b524961318e23ba1ce5872ccd1
32,kV4JZoKz0teLCCa1,1745056768713,5,1745056768713@PWAkV4JZoKz0teLCCa1,ae06dc8d382f1f017a7c51375044d3f233a0434b37043d40dd0b286c43f9e85b7ec13623121b3204ae53e9ce2f61e091
32,kV4JZoKz0teLCCa1,1745077613713,11,1745077613713@PWAkV4JZoKz0teLCCa1,2323cecc94466e80da66db53c0bad3a5b5d8cb42ff08bb80e1311d8fdd62d519302c6af8e0331dd894cd9034dc3f8b66
32,kV4JZoKz0teLCCa1,1745063371713,7,1745063371713@PWAkV4JZoKz0teLCCa1,fa0601f31dd5e74697c629f0605bc9b1efafc5cc78b6f3c3dbec20967a7e515c6063b476bd281336b57a6058ce1c3ed7
32,kV4JZoKz0teLCCa1,1745015460713,18,1745015460713@PWAkV4JZoKz0teLCCa1,412491df2fc3314c4de605262f4156e3d74b19112cf9d790794751687b47e1bf1c339391cadcac1678b8725c30f690c3
32,kV4JZoKz0teLCCa1,1745010135713,17,1745010135713@PWAkV4JZoKz0teLCCa1,50113821f95dd7c826b39b955f24e7f01485680292d9a6cbcc8c42e3d0bb77bc5b641165d6276d514e3a5bdda464ccf7
32,kV4JZoKz0teLCCa1,1745073916713,10,1745073916713@PWAkV4JZoKz0teLCCa1,f5d4dab5bf0753c004adc46dbefe12b8a816bc0ba5a4a21a22e34c91a7e87bc750adafb189c9b54d046914defb912d76
32,kV4JZoKz0teLCCa1,1745053664713,5,1745053664713@PWAkV4JZoKz0teLCCa1,e207a803e2f04dd4805b141829e26aee9a690f69e20fc55b39d8852188d0348fcaa5822ae32682802b84ea792d1b21b4
32,kV4JZoKz0teLCCa1,1745061398713,7,1745061398713@PWAkV4JZoKz0teLCCa1,2b35bb87cbec5efd7475eea6cfbf8ed00fa1ec98d4d70a28a09ab5c800d91c4721e724743e7477e72784d693f382bef3
32,kV4JZoKz0teLCCa1,1745058069713,6,1745058069713@PWAkV4JZoKz0teLCCa1,075bbdd589c46be6bf76bd4e56dd568e2dc5b90b738e51b41fc73cb1bb4724dc6c0cecae2826436e208b1eefddb930ec
32,kV4JZoKz0teLCCa1,1745062220713,7,1745062220713@PWAkV4JZoKz0teLCCa1,43a03def4eb6252ee44e47cf7e042de78e9672ce49c161d2f7cbfd8dcc660e89bbd86e49ad9d97cd20113e7af2728769
32,kV4JZoKz0teLCCa1,1745067765713,9,1745067765713@PWAkV4JZoKz0teLCCa1,2e4c688164265b8cbf679fb8471a5a9c75d4fa11476d26e033bcbd62663c4f8892c059ca00c2681127289b9a57611d7d
32,kV4JZoKz0teLCCa1,1745071977713,10,1745071977713@PWAkV4JZoKz0teLCCa1,5e449b72766be4911f73c80227841de173700ee59cd24fe9d32763c6592f613ed158b9256b93d9ddc37fb5c5cdab9310
32,kV4JZoKz0teLCCa1,1745039498713,1,1745039498713@PWAkV4JZoKz0teLCCa1,48584843208b6a28a6dc560e6dc5fd174115290cb353204e26091fa0e31cba5835d9414549255a8c3e106ac9f73b76ce
33,c3rkAjMazTgQZFpJ,1745073881713,10,1745073881713@PWAc3rkAjMazTgQZFpJ,a7b56b53e8998f40b2c23ac822cfc653a7c071a5ed7afad772df74db8de911a3b71392b656034d03f3527d1ab15abdc4
33,c3rkAjMazTgQZFpJ,1745024866713,21,1745024866713@PWAc3rkAjMazTgQZFpJ,cab8d76ea0c5e3af5e409a8470036a7940115b4e2d9d714640acfed7048fcf8477cab580fc20b1e413cbfd21f15ef7db
33,c3rkAjMazTgQZFpJ,1745053435713,5,1745053435713@PWAc3rkAjMazTgQZFpJ,0113301c7f9f5041bcd5000daf81cd2b13aea8b53902b4d172b5c8b0d53f432bd51e3cf493481729d1ea4f96d9cd95a2
33,c3rkAjMazTgQZFpJ,1745011683713,17,1745011683713@PWAc3rkAjMazTgQZFpJ,3ac112767931a4c2f479bce55ef2606ab7080a4d920e333560125c3e7e265b002087443596d8cb807467e0804c5c6b82
33,c3rkAjMazTgQZFpJ,1745017171713,18,1745017171713@PWAc3rkAjMazTgQZFpJ,8c8b617805070013833e689e668eaeb26e09b9a7b2dff89286e1269e6d2ccbf8fb5a3507bb178c9cbfb552ec10dd8b49
33,c3rkAjMazTgQZFpJ,1745045990713,2,1745045990713@PWAc3rkAjMazTgQZFpJ,ba08db4f6cf4cae8721c21d717b14e12f047638688b869ce7f8ebc3fd3474bd2d85950756871cce4820e5dbfbb550929
33,c3rkAjMazTgQZFpJ,1745069836713,9,1745069836713@PWAc3rkAjMazTgQZFpJ,3844943a9608b6fe4fb5609a58369936e1f0f1eb79f0fdcdb7803eaeed4b35ef47091160d717bb9a6a36496ecf8282bd
33,c3rkAjMazTgQZFpJ,1745028149713,22,1745028149713@PWAc3rkAjMazTgQZFpJ,ac177383f5a2427bf2428129ce2cbf7bde95252e1af562b040141d2af20a02f99114e9ce427b2e145352ebea5e8af666
33,c3rkAjMazTgQZFpJ,1745056863713,6,1745056863713@PWAc3rkAjMazTgQZFpJ,ad93f4fee68ffb1bcc276315daa5932d94ffbfafa201d8e0e75faa76b71f9aba19a7ce89639eb94936dd479fc335eeb2
33,c3rkAjMazTgQZFpJ,1745044672713,2,1745044672713@PWAc3rkAjMazTgQZFpJ,8251d4ce6bdeeb46d977cb832fb08e48466b296475251c3b143d777d8dcada791870b1a3ed084cbed3115e2f804c05b9
33,c3rkAjMazTgQZFpJ,1745076118713,11,1745076118713@PWAc3rkAjMazTgQZFpJ,ca27b104c888920d3ce272507962e43d33acfbde2cd578590cddda704b6110d0d18ca062af489d25e9a33728ecdefde4
33,c3rkAjMazTgQZFpJ,1745011248713,17,1745011248713@PWAc3rkAjMazTgQZFpJ,9e173973a5328ca5a646a8412880e4c8b700349515441caec3ef320c6251f612c9b6482bbf08db69f99795c6de29882b
33,c3rkAjMazTgQZFpJ,1745056893713,6,1745056893713@PWAc3rkAjMazTgQZFpJ,0d7ab89c0fce392059506b6c7ade69d7b62705e439d10b4e64677ab09ca4d68a025b4bf5830d29c235e93d11ccc91e84
33,c3rkAjMazTgQZFpJ,1745074315713,10,1745074315713@PWAc3rkAjMazTgQZFpJ,028f7153a0d28e8a4e04a379c558336603a2384c19b6bb0c772a4688d0e21b5110e3e4d34f524ecf4c6f3409e7779494
33,c3rkAjMazTgQZFpJ,1745050804713,4,1745050804713@PWAc3rkAjMazTgQZFpJ,2ba41a0584c2c36f4881651137754c0035208cfb84cd679bcf9a315526fd04a23371bd7785c921035c94dbf8f1605760
33,c3rkAjMazTgQZFpJ,1745039680713,1,1745039680713@PWAc3rkAjMazTgQZFpJ,7fb6cbeeebf36da422872f8482165de2dcb05ec69c6fc5eccf4990ecd8e6bee373efd6d5ba54262bd769b7a692c10ed3
33,c3rkAjMazTgQZFpJ,1745055053713,5,1745055053713@PWAc3rkAjMazTgQZFpJ,274d965df7e797bc5d3895846149552cb02ef0abcc3f7ad621adc1222c96b7ddf2c42cc704d8af0ef55394d563ac2a62
33,c3rkAjMazTgQZFpJ,1745055567713,5,1745055567713@PWAc3rkAjMazTgQZFpJ,c8143b57f83b53f14a38f413bd7e6f2dfd775bc2fcab39c45453fcbf1375ded863437569d0b79946fe8caadf640ec26d
33,c3rkAjMazTgQZFpJ,1745030518713,22,1745030518713@PWAc3rkAjMazTgQZFpJ,d979361c90f1981a1a1e7a9ff9888c85f274421feac2e9fb6c38651a75a06f21ab8baf798fa7d39a17fffd59e74d1e72
33,c3rkAjMazTgQZFpJ,1745040907713,1,1745040907713@PWAc3rkAjMazTgQZFpJ,7452a56dfcf866528dc66af9f093f6633603c6f1ebb707e32c987646640eb0220a02638e1bcdb4903f82ef69f253fc8b
33,c3rkAjMazTgQZFpJ,1745067801713,9,1745067801713@PWAc3rkAjMazTgQZFpJ,d672252c6abeead200f42fb106fa93b6d9bdcad90f8b75ba43b8d342805ff2a6cfa355d5b4d511c03c7b1d3600b85408
33,c3rkAjMazTgQZFpJ,1745067145713,8,1745067145713@PWAc3rkAjMazTgQZFpJ,ca728e750015533ed9b03b54975d75ca20e904b9382eb14094a638689f338192743470d1d43f2a50d54408baec4fed1e
33,c3rkAjMazTgQZFpJ,1745016162713,18,1745016162713@PWAc3rkAjMazTgQZFpJ,d472412bf853e0fcbe41b11cd8d116659de82dfca7e3f41041fac0237747dfba0e0daa2756e4fa8d79a47e52bcfc256a
33,c3rkAjMazTgQZFpJ,1745026707713,21,1745026707713@PWAc3rkAjMazTgQZFpJ,72c49d95197d2b1cd98cfb76aaed2eeb417992067dedc7ccd97cd147b82675096a490a3cdf1bf59f577300ed4224d782
33,c3rkAjMazTgQZFpJ,1745035900713,0,1745035900713@PWAc3rkAjMazTgQZFpJ,50572b04c14867220ef9c1fc4be9c5b7674c8fe494e5e0d6e21b0b03b4598743efe114064c6844c408c71c5cdf7ad312
33,c3rkAjMazTgQZFpJ,1745021453713,20,1745021453713@PWAc3rkAjMazTgQZFpJ,e9807ed3887f137cdfbcc42a888722fa4fb1d60b9313b04c7886857e9cab71c2223fc4bd72cd32bb988ec0c358e74f33
33,c3rkAjMazTgQZFpJ,1745031886713,23,1745031886713@PWAc3rkAjMazTgQZFpJ,6a98fbfec066f08bdac11325d2caaa85702a121da18ae79427b29fb2e312952f37ec1cd8713cd15293dd9390c92fd6b5
33,c3rkAjMazTgQZFpJ,1745038192713,0,1745038192713@PWAc3rkAjMazTgQZFpJ,dfa279a1a116081a42fe0a0c0bf2c6e4598cd2a0e458834ee9bf5a74c23f5e9d438a2babdbbc6b985f91773ccd222967
33,c3rkAjMazTgQZFpJ,1745060638713,7,1745060638713@PWAc3rkAjMazTgQZFpJ,5b43d5ab248bffd98c3e3291b55f96b076febfb5e2a8bb7c5d3124524e7c17590a8e88b7fab764954c46242d4666f854
33,c3rkAjMazTgQZFpJ,1745023972713,20,1745023972713@PWAc3rkAjMazTgQZFpJ,732fec839d63abaa364b63e3aff1786971c7393a634441c75447ba9125acf74a15976b59e5e5bd74a705271809661883
33,c3rkAjMazTgQZFpJ,1745037270713,0,1745037270713@PWAc3rkAjMazTgQZFpJ,5e8f2c07521a564353aeb0b66c8781990b5d889309e2e34483503caabd731ed7a074725c11de50a8b7c3a2324d0f3b28
33,c3rkAjMazTgQZFpJ,1745077029713,11,1745077029713@PWAc3rkAjMazTgQZFpJ,e0cf2e046331462a5e75bfc160ccdf8942d1944ca955db3948bf2cc14f6f00ec29b1d1610b36f1ef86157abdd01cb52f
33,c3rkAjMazTgQZFpJ,1745048459713,3,1745048459713@PWAc3rkAjMazTgQZFpJ,8a08527d4d9e2985d3e07c74b7fbfc94a56737e8225b5710b65cde2add976917e805e41f71cd734928c07333a7083868
33,c3rkAjMazTgQZFpJ,1745064835713,8,1745064835713@PWAc3rkAjMazTgQZFpJ,4e20cebf460dcab179af84ad888a7ff3c405af39d6d46c2cb425ccc55a54b60c302ce40574f553b869ede9e293b9ef5c
33,c3rkAjMazTgQZFpJ,1745045881713,2,1745045881713@PWAc3rkAjMazTgQZFpJ,d44c9e31a8f0f0025b8e1bb0b3ed6212ce1cf4f7af048883aaa1ec68c5bcc17211bb42e9127d64c7dc92a9fccf0c6c55
33,c3rkAjMazTgQZFpJ,1745056704713,5,1745056704713@PWAc3rkAjMazTgQZFpJ,34ec7a6896868e811edf6d9890e0f756b8a82afba9bbea5d5455b5acec058438c5389ddbe6d2bcc59f53c0ec90ed4b1b
33,c3rkAjMazTgQZFpJ,1745013388713,17,1745013388713@PWAc3rkAjMazTgQZFpJ,6bac695ba9187182e8ba07f67b88ed4bb0c2c0afb7d3160e055253a3c09e61cec1f4fc3cfbaef238d436a16c185f1779
33,c3rkAjMazTgQZFpJ,1745033409713,23,1745033409713@PWAc3rkAjMazTgQZFpJ,ec65ff9167de75ca923dedfe75b14bd212f9f64af7b239e96054b1b661631cec01b141faf353702bf37c2182a996eaa6
33,c3rkAjMazTgQZFpJ,1745023463713,20,1745023463713@PWAc3rkAjMazTgQZFpJ,19f0199dea0a2f2ab99db23841520007fe2ced35406018edf57f772e1e44da87849e0f9048c472cbd17ccd637800ef68
33,c3rkAjMazTgQZFpJ,1745023066713,20,1745023066713@PWAc3rkAjMazTgQZFpJ,bd08e7b079f3edbbcf66f8103ce1f839479ad3376e94748c925ae48305f0f0a88403bb50ecc94fec59c6ccbbfd2aad12
33,c3rkAjMazTgQZFpJ,1745033549713,23,1745033549713@PWAc3rkAjMazTgQZFpJ,f927ae89debabce8437d6f178be19392b0f91a89cb43d5a82ab25c1dddd1036a211a66c200da37653b01ee141b8914c1
33,c3rkAjMazTgQZFpJ,1745070699713,9,1745070699713@PWAc3rkAjMazTgQZFpJ,19f5eb0df6cd0361f9f9cecb5bb51ebb3f0fd24863e310ad1bee27d8af5153f9b91b9f44f8b0252739a6810ef5154225
33,c3rkAjMazTgQZFpJ,1745029980713,22,1745029980713@PWAc3rkAjMazTgQZFpJ,6a60884198ac2746a6ddf7952fc34719cd675433d5b45c8c15cf66da231f4914e5d2f5aae0cb63de22d3b95c0038ab7c
33,c3rkAjMazTgQZFpJ,1745041914713,1,1745041914713@PWAc3rkAjMazTgQZFpJ,87fe75e75bcdcab7cd75c155f42c744f37f58491b43848563565265fece071013e369543c1c4dde699585940a1243772
33,c3rkAjMazTgQZFpJ,1745068414713,9,1745068414713@PWAc3rkAjMazTgQZFpJ,baafe032c6a481312ab8b96cdd6c9aead32ced83ff088cfaca4b07ea7245471978984c22a82fc8f12a15e6bf3e0b92a3
34,UeQnHwlQBoi9uEnh,1745055404713,5,1745055404713@PWAUeQnHwlQBoi9uEnh,456f3fadfa45eebcde07a59365fb76fe77951082f1874e1cb942081c7a4cf16ca33f09eae7d7a97a35c51aa1580bacf7
34,UeQnHwlQBoi9uEnh,1745063690713,7,1745063690713@PWAUeQnHwlQBoi9uEnh,929718bcb713547e93ebbb87a4a5ea4b8f26c46743024fcd8731ee4337c21f726cbc401df7eb62afa2000be63e412988
34,UeQnHwlQBoi9uEnh,1745049641713,4,1745049641713@PWAUeQnHwlQBoi9uEnh,367d21fa7209daba301d7ea8e54b8fbd7d5806543ec7970ec284706cc4e0fa5824b4b7135a6f379af024e9d1d0f7ff0d
34,UeQnHwlQBoi9uEnh,1745036167713,0,1745036167713@PWAUeQnHwlQBoi9uEnh,43697bf3662a44cdde12b56f3da055a72d776b03022cf70f7484722fe3fc5477a9dcb9953abc5128905f32560230a9f4
34,UeQnHwlQBoi9uEnh,1745045893713,2,1745045893713@PWAUeQnHwlQBoi9uEnh,ea9f6ea9846da096e0bdafe4c32c93c2c143da0d8a4021b9b58e57f32db5f93a99a3c7faaca15365cf9ded785a7e0f46
34,UeQnHwlQBoi9uEnh,1745021955713,20,1745021955713@PWAUeQnHwlQBoi9uEnh,fcdac7620802044ebcdeca5fe88522dc9c32fc471e654d1af4948af2ab5a482eeac4f44cd68983c145e5809786ce4a25
34,UeQnHwlQBoi9uEnh,1745052246713,4,1745052246713@PWAUeQnHwlQBoi9uEnh,76887a98bf85c3380e287f595c8401f0e467ba6517b758eb8cd248d3f8ede6ddda81bbd6fd170fbfe28e8910d7f0d5cd
34,UeQnHwlQBoi9uEnh,1745049515713,3,1745049515713@PWAUeQnHwlQBoi9uEnh,ea702406f49efc4f980a167923ec2d5c094da685b51d9224490d96514edf93e2a53716beeded2e71eb3ddb4b4e6065d0
34,UeQnHwlQBoi9uEnh,1745035059713,23,1745035059713@PWAUeQnHwlQBoi9uEnh,4b9e319f29f10c8d94f78abc099122be09c3d7c336a2333cb0d5f1d2f3245ea6df1938ccac85de81f84633bb2f5e2a51
34,UeQnHwlQBoi9uEnh,1745073800713,10,1745073800713@PWAUeQnHwlQBoi9uEnh,184e1d6db84fca590ffee08179c9bde4a74759fc54ccf3c88c35a2d9d99371088b9023166d2c92e8103cc36df3ea35e6
34,UeQnHwlQBoi9uEnh,1745048539713,3,1745048539713@PWAUeQnHwlQBoi9uEnh,5444b7ae6abcc4e7eb57a27a90c5b2d477fe9ebf8140d6fc505ec32d217eaf862532fa520905cc649becfbb388973899
34,UeQnHwlQBoi9uEnh,1745056260713,5,1745056260713@PWAUeQnHwlQBoi9uEnh,51fd885d18303e518f28dda9195ce01bf79a0cf87386bdf0228b4cedf01cd15ed02a78a306e4c8a5a6b3f8f259b06661
34,UeQnHwlQBoi9uEnh,1745030985713,22,1745030985713@PWAUeQnHwlQBoi9uEnh,1b142b124dcbce77bc0b3a1c02faf31ac7611644801de5399bd5ab41891ab3c7928d3fdcfe893b4c2b9d19eecf253c66
34,UeQnHwlQBoi9uEnh,1745050833713,4,1745050833713@PWAUeQnHwlQBoi9uEnh,1cb281b30eff2fcd4c8131d60cb1d7edb52def88d73f78c2fd8bc60e3c0e2483ef27bc444f9d462a80635ad8058fc81e
34,UeQnHwlQBoi9uEnh,1745042158713,1,1745042158713@PWAUeQnHwlQBoi9uEnh,1b98ced3b2ee110f35965c1987ef7ac3dd0f1ecf84b59e65e16a0a1f9312491c7b8deabf94495d1d3893fe19a392721e
34,UeQnHwlQBoi9uEnh,1745031993713,23,1745031993713@PWAUeQnHwlQBoi9uEnh,56c297b5c0d471ddbbf13516beaeb80fc51e01e57d15369cd87e85de4dd8a6fbc3c8fae6a23f5df95781e42d59d018b5
34,UeQnHwlQBoi9uEnh,1745025210713,21,1745025210713@PWAUeQnHwlQBoi9uEnh,ddbc4f50e82f1134da177c329fc94bcd8974d4f668210f448ab6efe8f61bb869098f5c52018cadf3d87a538fcc8accb7
34,UeQnHwlQBoi9uEnh,1745015396713,18,1745015396713@PWAUeQnHwlQBoi9uEnh,14dd1db6db7c72ac86dd370de631453724908ee45eb7f20da8d534a9ee6891bd72fd8285ba94240fd13d1f0cddfa1df5
34,UeQnHwlQBoi9uEnh,1745009709713,16,1745009709713@PWAUeQnHwlQBoi9uEnh,361b40f934a97559f23ce6b67bd6108dd5ba657ff7adc9cc81c009da8ca9d6b4316e37009113247d64ef2b3176693e2f
34,UeQnHwlQBoi9uEnh,1745073207713,10,1745073207713@PWAUeQnHwlQBoi9uEnh,bb2ae47d6ebc5267642e119995ccf4fdf2a96a26d2cbbe8801d36597cf0949e289b5cb10b80f5c1677517c30bd164634
34,UeQnHwlQBoi9uEnh,1745033225713,23,1745033225713@PWAUeQnHwlQBoi9uEnh,369a623712fd9b3c3dc902913e7def15d2e5305d934390989fbc14471598793fb3f580f9740f44302a33f1fa3b0011ca
34,UeQnHwlQBoi9uEnh,1745014210713,18,1745014210713@PWAUeQnHwlQBoi9uEnh,dca47c1e6a2c6103b3e86bb8f640d16978a5efcf69dfdf0e0cd28acbebadff7c58a8aeb48d26024356fc628b34b3515b
34,UeQnHwlQBoi9uEnh,1745008059713,16,1745008059713@PWAUeQnHwlQBoi9uEnh,980f5da0f7c0954d95aa2b35cf6f917de9f63826b1ff85af2f0076c6054af955f89c8729f7e04bcaf3e6a586fbf3171b
34,UeQnHwlQBoi9uEnh,1745019289713,19,1745019289713@PWAUeQnHwlQBoi9uEnh,629a7bb4d3b53757764c7bb26053ad154ce536124123ab4f541d06bd1e0601a86f57cbc57402843ac621b79ea62f6230
34,UeQnHwlQBoi9uEnh,1745020927713,20,1745020927713@PWAUeQnHwlQBoi9uEnh,1482b52d1ecfef7d6f0abd4bb5801ce536fc1077da8ef91d9077ebc80794082a95eca983322a55988022a7eb737254e8
34,UeQnHwlQBoi9uEnh,1745049191713,3,1745049191713@PWAUeQnHwlQBoi9uEnh,dadff3a47ece82398a00143baaf5db7ff7749e71b4d065ef500a4d50a0eaf8cd2864899dc158c37ef7abacf19572d02a
34,UeQnHwlQBoi9uEnh,1745074290713,10,1745074290713@PWAUeQnHwlQBoi9uEnh,d9eb901b2c18eb7f318dc3a9dc6b09c7501a9d3379432406e9fd4565c6fd9a59bdbfff00994ff2760f881b5b09f348ae
34,UeQnHwlQBoi9uEnh,1745044366713,2,1745044366713@PWAUeQnHwlQBoi9uEnh,2eee7d8da36eb0f8912c8b449e8b0446541db5c4d3c45271378b5d5fe4a01469990d8ef5fc4398f7cb4b3d6e6a41f0b9
34,UeQnHwlQBoi9uEnh,1745040374713,1,1745040374713@PWAUeQnHwlQBoi9uEnh,985afa7de14b175581fd25a10c073b9246870662919509d500371eb924313392656eaf5146359331de489cfccd42f8ed
34,UeQnHwlQBoi9uEnh,1745041839713,1,1745041839713@PWAUeQnHwlQBoi9uEnh,3764a9f7d91772f6ac829d42ceceac21153f3b34f17d8808d9e89fdf995ed339ab42f537e77934b97af8d87da5908c43
34,UeQnHwlQBoi9uEnh,1745053718713,5,1745053718713@PWAUeQnHwlQBoi9uEnh,74b371c628602bf3c195d330cff10e6ed660de0a33e1d40e58ec0df84b818a5e704626b27a3e738c40a5c61c1ed1da52
34,UeQnHwlQBoi9uEnh,1745074750713,10,1745074750713@PWAUeQnHwlQBoi9uEnh,d91af1935eb435cd490c701f950886dddddceef8031771bcd01daa4be4435915c7cd140af1e755a8353eb5662fb93c68
34,UeQnHwlQBoi9uEnh,1745039105713,1,1745039105713@PWAUeQnHwlQBoi9uEnh,2042a4bd71e3510258a856f15fbbc849634bd4f8c7f73fcc6f2cd6e9360fcedda59e645c279c4b71c326b7a8a12a0c5f
34,UeQnHwlQBoi9uEnh,1745058513713,6,1745058513713@PWAUeQnHwlQBoi9uEnh,966aa75829089cefd5d6b9c1ae109df0c9146e8a02a381d266565fc9324d0d7ce36c2806984cf96fdbf0062201893b3c
34,UeQnHwlQBoi9uEnh,1745027722713,21,1745027722713@PWAUeQnHwlQBoi9uEnh,e60b343ce1abd0fc2e1f85c7d2fade16f6f9a6c475b0bb412fa450a809069b6ba57087f844b3e4f7cc4f2211fe827f7f
34,UeQnHwlQBoi9uEnh,1745030083713,22,1745030083713@PWAUeQnHwlQBoi9uEnh,91445c4fa4a985d90a58c9f56baa295249276b638273ab0d13acf5797283e94207d24a8b256813c3f294697d8f7f7ece
34,UeQnHwlQBoi9uEnh,1745063482713,7,1745063482713@PWAUeQnHwlQBoi9uEnh,ede71f388ce0c43f6a28f423bf1854a3f99d5feaa5e4caa82e1a447c34375530ee4ac6dc7cce5a07860d2f927d2f9e33
35,AUjjMdOb2MYXfEUk,1745027025713,21,1745027025713@PWAAUjjMdOb2MYXfEUk,3bef4e0170900fbe998df5309a02da40934927d5983fa5c58b9631434f49d4d6920989aadd4d1fca90fb3e07ad4b3450
35,AUjjMdOb2MYXfEUk,1745060452713,7,1745060452713@PWAAUjjMdOb2MYXfEUk,dbee63a209501549516e4beb4a2eeff376a97c4b772494e6a2865f7eaf595f9b4bc4947f359d6c4ba2f7c4b9c318762e
35,AUjjMdOb2MYXfEUk,1745028527713,22,1745028527713@PWAAUjjMdOb2MYXfEUk,af87c91fd14627e69fc5dad91e7ed1059249027b7e09e28fc7fc4aa07fe5bc7ea240badd5aa8931c127f669f42b4c812
35,AUjjMdOb2MYXfEUk,1745074650713,10,1745074650713@PWAAUjjMdOb2MYXfEUk,9a337ef4bc4f126ec01fa5a0031bbd1da05f5faa3ddde66f39c337ac68fc8d30bbe389b19460d9f2118a85c2442a5cd2
35,AUjjMdOb2MYXfEUk,1745067323713,8,1745067323713@PWAAUjjMdOb2MYXfEUk,02bd0f7f89fdc2b0ec3e2bf246f6ba1fd964744a8abaad6e58da467e15d3dc0ced4b8968dc552e1d598aac8bd65711f4
35,AUjjMdOb2MYXfEUk,1745070247713,9,1745070247713@PWAAUjjMdOb2MYXfEUk,c33638ad94080fe2a50108d6bb0942e582aca5806decfcd85bbd85ad03170e7165d0f4ac7c0752fb2b93a597adede725
35,AUjjMdOb2MYXfEUk,1745021280713,20,1745021280713@PWAAUjjMdOb2MYXfEUk,2fd8609db9b6c9893753ac0b8a74bec4ff20783b110718bf113d6218c1db777182bd22be1867237064312ab0291a6e56
35,AUjjMdOb2MYXfEUk,1745032445713,23,1745032445713@PWAAUjjMdOb2MYXfEUk,dfbbc150e0a27aa34b6993f703245e1b87d0dc240919eb16bd2c4e57a5e6cd1b0a29885add7ecc582bb41a2db6f9c169
35,AUjjMdOb2MYXfEUk,1745069669713,9,1745069669713@PWAAUjjMdOb2MYXfEUk,87963ebe44e2b679d798f2ee646be9affda6276fa26f0ddb4a61ccaccceae6709c25bfa14f2f1e26eda4ea82bae7f0fc
35,AUjjMdOb2MYXfEUk,1745020332713,19,1745020332713@PWAAUjjMdOb2MYXfEUk,bb5babcbbd838abaf510af8af943aebcdc0710310490dae2c854407b5b6f97e7b2cb15a2e8d2464f3c0c6cc7fe0271a1
35,AUjjMdOb2MYXfEUk,1745016427713,18,1745016427713@PWAAUjjMdOb2MYXfEUk,bd5421b5abf74b7930933b1fc94642d736d6b6e5b9f19fba8431b571c7d9f24cd6419136dfa85cb540d02f7ba399dc24
35,AUjjMdOb2MYXfEUk,1745012748713,17,1745012748713@PWAAUjjMdOb2MYXfEUk,02f33d159ec4afe1538d9854729179ed781695d20a779c9bf05a844abc525d5ddd95012207849392093d0ddf254a1dcd
35,AUjjMdOb2MYXfEUk,1745024979713,21,1745024979713@PWAAUjjMdOb2MYXfEUk,45f30a75f7c6708ddf5676fcdefe67e09f05cc1f0813ef3f8eaec740103f289a639c87b50b7fc06e72172799e2343c81
35,AUjjMdOb2MYXfEUk,1745076785713,11,1745076785713@PWAAUjjMdOb2MYXfEUk,27e08c951c3a4edc53ed13a0041dbe36e486588b5c1cf65911fe0c98cbe5b07218584bfb231a5f30856dd5860207344d
35,AUjjMdOb2MYXfEUk,1745026125713,21,1745026125713@PWAAUjjMdOb2MYXfEUk,21fc783813aa143f74c1d2c78bf59f7228aafaf3cae9e819eba8b5cd407aa6a73a0addb8cb2a91e715e921fae34605b5
35,AUjjMdOb2MYXfEUk,1745029837713,22,1745029837713@PWAAUjjMdOb2MYXfEUk,9764abd7cd82f1b493956d7bcabdf0d5705c8827f9c0eb902f7be2d2743a2a89637c94e0cdc7ab3cae117f5e4e7548a2
35,AUjjMdOb2MYXfEUk,1745011569713,17,1745011569713@PWAAUjjMdOb2MYXfEUk,215d4083b77a6c1850085d8117bff85b142a5315638d4b3acf3cca34fd75025b9208d0685800f85da0203ff9fb57f2fd
35,AUjjMdOb2MYXfEUk,1745070450713,9,1745070450713@PWAAUjjMdOb2MYXfEUk,49908c69d13803b35488a30b3c7db9f022859813a63c90ef5c6dec59d75930362b236cb6f52543994154f44db6c57c97
35,AUjjMdOb2MYXfEUk,1745073223713,10,1745073223713@PWAAUjjMdOb2MYXfEUk,3db3c13301533024eef3518bd7935caab672f6f388b7c10cfd9b22f8b4621286a6e1fb009dc2860c07cf3b32d24c672a
35,AUjjMdOb2MYXfEUk,1745050555713,4,1745050555713@PWAAUjjMdOb2MYXfEUk,f998e00da602b6e582b518a273018f047b01e0a3777920a8ef72d2b208ff801ba038e03902a69969a5884db8f2905b9e
35,AUjjMdOb2MYXfEUk,1745017510713,19,1745017510713@PWAAUjjMdOb2MYXfEUk,c63b2b4b7e8ed69b63478d01d824e409473582b4aad772287836f4c96b6f1146d1c9feb97d4bf269eff32e7e0e64d52a
35,AUjjMdOb2MYXfEUk,1745063665713,7,1745063665713@PWAAUjjMdOb2MYXfEUk,b8c10e169382a557309d6d1c5fc95e6da40a9ac17bbf9543ef60e741acdc12b77c6e65992cf7c7b48c3798400d0a1bf8
35,AUjjMdOb2MYXfEUk,1745009553713,16,1745009553713@PWAAUjjMdOb2MYXfEUk,7c488c1171d05347664c98cbb74c9808bae8085c12c14ef766a9f99c938c9841c74212ae7fbd6f59635816d2a7730814
35,AUjjMdOb2MYXfEUk,1745015969713,18,1745015969713@PWAAUjjMdOb2MYXfEUk,c188cbec21ff7ab778f515dadfd024dda58b839e52c74a7bb8ef21c383eedc203b920b2c02d3d077766a84fa44bf8254
35,AUjjMdOb2MYXfEUk,1745011119713,17,1745011119713@PWAAUjjMdOb2MYXfEUk,1c7b76c610105cd59519b40b659c4f7a86606882929b1a14ee3d2b82c2987fcbdd6a1e304d7a630847a9bd3ad24e51fd
35,AUjjMdOb2MYXfEUk,1745042547713,2,1745042547713@PWAAUjjMdOb2MYXfEUk,4f333a06c435aef1f0ee1464c183ce6465e3d4dbbabc032cd97f33cce67184afe023e02f8db594026fc0f2f8e62d370d
35,AUjjMdOb2MYXfEUk,1745015764713,18,1745015764713@PWAAUjjMdOb2MYXfEUk,6091932fee1f776c42d125983268ab8108121833912fba5b34347861124f381d28c22181064de74d7da415d54b9e8afe
35,AUjjMdOb2MYXfEUk,1745059282713,6,1745059282713@PWAAUjjMdOb2MYXfEUk,f9d41858dc3f82c139f4968e2e063f7f1cba21ca4b716008d5b9559f1a477b071194ad6665549feb33f08a4b328dd863
35,AUjjMdOb2MYXfEUk,1745020305713,19,1745020305713@PWAAUjjMdOb2MYXfEUk,876a801d7a16e0578dddaf96504e7c733b864178e3cdb9c0eac0052e9d9763f39b11aacf426e5b719255690f80e814c6
35,AUjjMdOb2MYXfEUk,1745062858713,7,1745062858713@PWAAUjjMdOb2MYXfEUk,f76508145504241e5165e3dea908fa7e504c2a2640de262e929d8d574dc92891e8832c4749f1f766d9434afb761de69b
35,AUjjMdOb2MYXfEUk,1745040384713,1,1745040384713@PWAAUjjMdOb2MYXfEUk,402b92972d1ea9ff804e539131bf8475aa79e45833b40d56e31a7246af10132c51765754fd9c7692eb7b126546b2db50
35,AUjjMdOb2MYXfEUk,1745041694713,1,1745041694713@PWAAUjjMdOb2MYXfEUk,e4f42843b2b1e12329224e3794450fdfa4774c44c1c1a5be5e2a7d05ef1bbf84b939f9708ef1d8e15f15b3a0737dd7c6
35,AUjjMdOb2MYXfEUk,1745010833713,17,1745010833713@PWAAUjjMdOb2MYXfEUk,f2ced1a129c563becb324e6d4e86f0273982d9f5ea30531a14d8d380c329b8a6ae6cd160e097a528f9effa43c180a475
35,AUjjMdOb2MYXfEUk,1745044685713,2,1745044685713@PWAAUjjMdOb2MYXfEUk,8fef9819c18cebe1643fd4951cdcdd1e8c442d02f5a70988faf4ce183db29fee4bda6e899b1c8a5a07fe270d0769c4d4
35,AUjjMdOb2MYXfEUk,1745032734713,23,1745032734713@PWAAUjjMdOb2MYXfEUk,ceecbcdb3cfa41616e34984b289f7aa8629b87ea742e98581dd5e415e5e268a0fe5fb4d691277e2b57f2fac67548b09a
35,AUjjMdOb2MYXfEUk,1745050036713,4,1745050036713@PWAAUjjMdOb2MYXfEUk,6eee888ce63fc00704281bb05553ae4f9e8d411eb10faf597449392298ed4bccb1ebe12b8bb7880ce87459da207b5d91
36,vdnD1AqgjzSTtUWV,1745034334713,23,1745034334713@PWAvdnD1AqgjzSTtUWV,8c09da668419833a256572d963597a5b818fc942ddfb4c2386ffceb60c24b338d0e05007f35e73fdfd487152140c6b19
36,vdnD1AqgjzSTtUWV,1745017318713,19,1745017318713@PWAvdnD1AqgjzSTtUWV,b224a22c038f0038e92f2de38f0e375567bdc4840603170db47d9854164951fd36489ae26eeb7422ef2670cf4b3cecdb
36,vdnD1AqgjzSTtUWV,1745067397713,8,1745067397713@PWAvdnD1AqgjzSTtUWV,aecc1a3ff129552d50ba9ee973249164dea12bc61f2b3ba970f02effd19d5183ba456341b453be9b9aa062b2725b457e
36,vdnD1AqgjzSTtUWV,1745006558713,16,1745006558713@PWAvdnD1AqgjzSTtUWV,17fb6794cd1a2c8fea61d84654cd11425cc5b0072664dada16b2d6e0b498b5e02f9421dcbdf726fe82618f8c8369a1e6
36,vdnD1AqgjzSTtUWV,1745021372713,20,1745021372713@PWAvdnD1AqgjzSTtUWV,11a973a6da0156bd997c28f2318bff11d17c122d2307282ad0d20838d9e79983c227bb055cd708ea875ad9c4d8d151dc
36,vdnD1AqgjzSTtUWV,1745019134713,19,1745019134713@PWAvdnD1AqgjzSTtUWV,480af1b4e0c055b39ce31023358d44d0361ba1ecd685a30dfeac15567db810dbc6bfae4faf17cc23ed29799561b455ef
36,vdnD1AqgjzSTtUWV,1745071356713,10,1745071356713@PWAvdnD1AqgjzSTtUWV,25505e34bf684d3c44e2a20799233688a66182fcb8e16395ae111706dc234d0fcf7a72eecfc0a109e21f3fb9c03612dd
36,vdnD1AqgjzSTtUWV,1745042171713,1,1745042171713@PWAvdnD1AqgjzSTtUWV,1c5c147db73361e328bdf9e786632304f7870874d336d7fcac96698a08ca111923260e6251372ec7dfa87f1bb711490f
36,vdnD1AqgjzSTtUWV,1745044678713,2,1745044678713@PWAvdnD1AqgjzSTtUWV,2d134e655a9a2d54f905601cbe1e255f2b7d9aa841ab6c7a28755b7fa996205d9556387487ee7714940fd87571f779c7
36,vdnD1AqgjzSTtUWV,1745029486713,22,1745029486713@PWAvdnD1AqgjzSTtUWV,77b3cf03845570051521856d428fb52feaeeeb3cbf5f4de73e755de5e2ff8787d7b077a7f575963d4d9f23cfb44ac23e
36,vdnD1AqgjzSTtUWV,1745040906713,1,1745040906713@PWAvdnD1AqgjzSTtUWV,df7698dabe35cef71e6a2c5f45b2f6a972c0e171ddede0204e6280e4321b4051441dbaca155ca957bb38963e22a0a434
36,vdnD1AqgjzSTtUWV,1745055625713,5,1745055625713@PWAvdnD1AqgjzSTtUWV,30540ecaf4b2e5a79dcee541d2ceea7aec564f65193895478f415565f87ee4ac8a221ae34aba011b1d77b020a0a982dc
36,vdnD1AqgjzSTtUWV,1745005910713,15,1745005910713@PWAvdnD1AqgjzSTtUWV,3caf28bbb0f596e6e636d5874d7abf1596a382621c4aefed2742670e8c08a569641f25000d756d4b68f6405cd712cfe7
36,vdnD1AqgjzSTtUWV,1745071931713,10,1745071931713@PWAvdnD1AqgjzSTtUWV,3e4d4a4982eade1705411e387cb4ade38b9912afddacd3204e193ffb127dd2ad4a8c8ad9baf76a2b8338385a9f187f9c
36,vdnD1AqgjzSTtUWV,1745066206713,8,1745066206713@PWAvdnD1AqgjzSTtUWV,97d7c9f4a331d895cddb2b023c55686196f9e30d8637667c59ecefb2b782a4f58683102d2282715c87e5830a0bccc738
36,vdnD1AqgjzSTtUWV,1745027272713,21,1745027272713@PWAvdnD1AqgjzSTtUWV,7f4271bfbf597bc455b79345dd9704b9e1c6c5023849728f48e8f260946e424a9794c13cc4b3f96dea33ae58536943bf
36,vdnD1AqgjzSTtUWV,1745006484713,16,1745006484713@PWAvdnD1AqgjzSTtUWV,1d846c1ead014e1f0049df0ba36c50626d6c2e3086258082693e286065c0498d7c10a252572f38d5b6df741e2575db49
36,vdnD1AqgjzSTtUWV,1745042590713,2,1745042590713@PWAvdnD1AqgjzSTtUWV,b3fc9e620a6499a0c8cac62add1032b064426a5e6b307245731378d3bb7425915076845bcd0f3c3dc2a2e18c0e822abb
36,vdnD1AqgjzSTtUWV,1745070416713,9,1745070416713@PWAvdnD1AqgjzSTtUWV,1ae5d6ff9906a3470f9cf22de69bd9b0a96ed9bd7ce868ef7bfb2acfd74dcd843c4b2b7e1f2bfa3c677ce9653aa3453b
36,vdnD1AqgjzSTtUWV,1745036772713,0,1745036772713@PWAvdnD1AqgjzSTtUWV,a519352cfe9e4d79ecdb8140111e1ae24c2766349cc559876839cbf4cafc183f61a75d3c802b5c1544a24d28f5904489
36,vdnD1AqgjzSTtUWV,1745064460713,8,1745064460713@PWAvdnD1AqgjzSTtUWV,54e387bf20b52a7b467916329c4f8c0791b951353dbb420b8b67e1300b06b31b7d817e3df80a80cd7712a62774e3ce5b
36,vdnD1AqgjzSTtUWV,1745064635713,8,1745064635713@PWAvdnD1AqgjzSTtUWV,792b17318f23543470561ccbb2e22cb7d12123968049b3348cf2d11eca06b9929bc332afda51cb649dba5d3a50c2f66b
36,vdnD1AqgjzSTtUWV,1745009401713,16,1745009401713@PWAvdnD1AqgjzSTtUWV,9f9b9d49edc3e8ea9c003402a3d7d4e91bbf0439dd9625ed321a7325759a18318307aabe9f309ba5c338bf18ce402c50
36,vdnD1AqgjzSTtUWV,1745051677713,4,1745051677713@PWAvdnD1AqgjzSTtUWV,fa062c29c60fee93421339d42c3f066b50a4e61e9755e335365157fd478feda1fba6be93484bd584c71c8f14dc6aa042
36,vdnD1AqgjzSTtUWV,1745056330713,5,1745056330713@PWAvdnD1AqgjzSTtUWV,71b2fafddb18475ea5801e6b1fb90452618f7e8edeb5b02c1c8cf7fbd4783104538a5797c955d1a48d8d1b4a1997138e
36,vdnD1AqgjzSTtUWV,1745042836713,2,1745042836713@PWAvdnD1AqgjzSTtUWV,2bca45617e646fcb03a30f27df65be15d48549c020eb16da1362b2c5f7248985f8fe071303cea0db96ba04dca3b3736f
36,vdnD1AqgjzSTtUWV,1745028710713,22,1745028710713@PWAvdnD1AqgjzSTtUWV,10b85e11bb313bb7add1be54e6c3985468fb85311f7f412f11e7949033ee4961e81d0d62ea87062825e39a2fff76a133
36,vdnD1AqgjzSTtUWV,1745028226713,22,1745028226713@PWAvdnD1AqgjzSTtUWV,091f602dfec46125b2dc816e91619fb145db1f9073b10927933a563176d35885ff44fdaf3a81008515b962c92f98ef05
36,vdnD1AqgjzSTtUWV,1745033161713,23,1745033161713@PWAvdnD1AqgjzSTtUWV,aee3b7c42e3f8e0ac400564c3b9d9ddaeef52119c294556b98b3e22525cc2d3730933fb71fc9e8b5e985a505c4ad71db
36,vdnD1AqgjzSTtUWV,1745050641713,4,1745050641713@PWAvdnD1AqgjzSTtUWV,db1e235561865944cf22e0973142a4ac81cac9ddb1c6b5944d1b4f4603eee7271922ce71e48cf40e4b822575be870fd0
36,vdnD1AqgjzSTtUWV,1745022863713,20,1745022863713@PWAvdnD1AqgjzSTtUWV,5712fae93209ddad092c801c74c1f77845bf77fe861acc118c44c57337a038d8f8db3460ca6fc95a70ae5a9bb17e122a
37,MnM6D16f0MOng884,1745063446713,7,1745063446713@PWAMnM6D16f0MOng884,67307e421551accf22c1960e42d4dd91d99ce6bcf35fb600bb6e77c7cd0ba22277fdbfcad101e277980f5c6fbed9d713
37,MnM6D16f0MOng884,1745049265713,3,1745049265713@PWAMnM6D16f0MOng884,b9d8a3c0a18f4088e0c0aefdc65e4156e899d0961c45536bc39ae74980fc2a099f702896deec3102256f355dcdd1802d
37,MnM6D16f0MOng884,1745051704713,4,1745051704713@PWAMnM6D16f0MOng884,dc8b83e32c8f3c9f4f6c9645e5eafec8a61075e3e418751f4a0868da7a5430019eedf365c2cd78012ceeb4ce4db7ceb4
37,MnM6D16f0MOng884,1745007082713,16,1745007082713@PWAMnM6D16f0MOng884,8b07e7dc47f9ac68c0fb18161146f565b5090ee022ba55132534c01d6b27d485167e2c93407bd6509aacd566e56977ba
37,MnM6D16f0MOng884,1745059117713,6,1745059117713@PWAMnM6D16f0MOng884,95e9f9461f70811883f21c8bb006ac2b2b4a418334749ee35ead4fc1840f28fc8bbd7e8728aa887acb7215e341e16705
37,MnM6D16f0MOng884,1745007651713,16,1745007651713@PWAMnM6D16f0MOng884,3587d1b17ea43247036a2510fa0ee5770a453a377b704862d60628e25beb38043548cd3492fc17380af3144d619d8f5f
37,MnM6D16f0MOng884,1745012283713,17,1745012283713@PWAMnM6D16f0MOng884,e8c01ea6e778f04476e27ad2fa53a86a267f27c5ccaf6306636296f3347a0f3795fa2065d890516338d7a7ac90fd8980
37,MnM6D16f0MOng884,1745051464713,4,1745051464713@PWAMnM6D16f0MOng884,d5989aa47978f6ad49ed57635a5fa66f55babb325c2f422858857f2f8ad6a2e708d5321e6bd14dd97278e08979ec161d
37,MnM6D16f0MOng884,1745060967713,7,1745060967713@PWAMnM6D16f0MOng884,3780edcaacd9abade7b123c4fc861baf8137cb32be656037a34cb4c76b2c47cce56586d50f28e7e1341a7500f4f5d9e0
37,MnM6D16f0MOng884,1745007255713,16,1745007255713@PWAMnM6D16f0MOng884,0867f03b471d4aaf251b9b7c7dee6021d6c2a4ce9b6e40e469dadb6d2f0322847941661cf569984eb5ccfe609451c757
37,MnM6D16f0MOng884,1745035021713,23,1745035021713@PWAMnM6D16f0MOng884,dc1df125792ed12b7e43e599c519379c896c70812eca5f54c587dac2c0363fd9f1e258e353aa49e85121f008dbd1c322
37,MnM6D16f0MOng884,1745060948713,7,1745060948713@PWAMnM6D16f0MOng884,44a2a959166e205843e9aa9566ee52110a2824b1960d317c061e81c5635c81dc8e67b8bd6eb9fc12ed17e70a6117230d
37,MnM6D16f0MOng884,1745074967713,11,1745074967713@PWAMnM6D16f0MOng884,e717ccb61154b611220fc939e76362b31813e71bf493f0cfe036e53e27eca606c835b0334d391646512d9dd51a503562
37,MnM6D16f0MOng884,1745056835713,6,1745056835713@PWAMnM6D16f0MOng884,5749238e330b87af0773111b676a4dc6c78caad08c923fdaee1d68528a1c5883c1310cb44b128dab782f0aa76396c7c0
37,MnM6D16f0MOng884,1745064996713,8,1745064996713@PWAMnM6D16f0MOng884,9daee9b48c2ae26cbd7e6c646094347689ff38d9570d042e789d06e71b4519c65e1503a5611ef0494f7c7e237e0f3fb6
37,MnM6D16f0MOng884,1745034467713,23,1745034467713@PWAMnM6D16f0MOng884,13a6cb8fe7abaa57a6c08530c52fa3639492d1f9f2324c2d6ef8c2158c47750c70759759207106deb68ae72f3c35c02c
37,MnM6D16f0MOng884,1745074803713,11,1745074803713@PWAMnM6D16f0MOng884,ff8dce37e01c268d648a753527ab0495a532bb603b217e0864ba5d28bc079bd8daee49a53b95c1fb4ee499f3dbc47b6d
37,MnM6D16f0MOng884,1745067131713,8,1745067131713@PWAMnM6D16f0MOng884,5fd0377470f8fbe755a3b67a1d8bc24222a694cb930f904fa48365b6e0fed9670facf9efefc7fff656bedec4ad8bda57
37,MnM6D16f0MOng884,1745032404713,23,1745032404713@PWAMnM6D16f0MOng884,50ffc29f7b0677e27f2f0cd053b1e42173a1dd4a5e5f49c52a9d03e5cb45a6b82151fce2e3fd8131a788272a71f45b06
37,MnM6D16f0MOng884,1745057912713,6,1745057912713@PWAMnM6D16f0MOng884,74ccf810deffd8870398108f9be7e505556a44c37554772393dc1ddb5898f63fc0ef069561f6896dc528f21c3ae0eaf8
37,MnM6D16f0MOng884,1745011615713,17,1745011615713@PWAMnM6D16f0MOng884,e9397ba33380f85131b4efb698a846ca9bd67e09d3509da93dcec6307ed56043be138287d8a6f583c3b1789a436cc822
37,MnM6D16f0MOng884,1745023482713,20,1745023482713@PWAMnM6D16f0MOng884,e2c512d7e17b428a6d7435206bced2f1075a676d9d14d8b9380b122666d40da6d4c80b078760a5b1f07f92a11f29496e
37,MnM6D16f0MOng884,1745030949713,22,1745030949713@PWAMnM6D16f0MOng884,cc793219775febc509494bfd403a37be000b7f75b6c812d4ea26079ec473bf0234e411d893373129f6222aa530371c9a
37,MnM6D16f0MOng884,1745052189713,4,1745052189713@PWAMnM6D16f0MOng884,5c2db6747e04c43c558968674bcf8832618deb2949d78e507bf084ed189d14b49cef4d0fef1ee9aca31ed6ae3d76c5cf
37,MnM6D16f0MOng884,1745063482713,7,1745063482713@PWAMnM6D16f0MOng884,ede71f388ce0c43f6a28f423bf1854a3c0ba5fb30da8a180b690ee8847b1925fb92847a3744c6f6e590a97217a11e170
37,MnM6D16f0MOng884,1745058048713,6,1745058048713@PWAMnM6D16f0MOng884,fb228acf731c756fed34f758ea19cf6e4b9110d7d5b12b7f7bfed3a71d9d48a5630152e9e4fda282264e7ee1d4ed1c7b
37,MnM6D16f0MOng884,1745022593713,20,1745022593713@PWAMnM6D16f0MOng884,d5269a6240e918a6c653f18cb35f300e03f25d214c232c87214622a5e5abb20c0f1f477c2f39299c86a2179b734d4117
37,MnM6D16f0MOng884,1745074169713,10,1745074169713@PWAMnM6D16f0MOng884,5bdcb4b577c7fc03b01d57a38cb51ded509a09b39b95e48525e1d0690bb0b7dd58ddac4f1e4610bbc161a119c78237f3
37,MnM6D16f0MOng884,1745022930713,20,1745022930713@PWAMnM6D16f0MOng884,bf76df2358275e993918a64dd55d687e6589c57df194f9072d9414e3b7e15065f766cf6e76f666e25beeb93a63f8291f
37,MnM6D16f0MOng884,1745039278713,1,1745039278713@PWAMnM6D16f0MOng884,dc2f749a78eea9201fba1dcfea891b97fe1ebc81c3aee6884f6ad64cf639c6c6f0c3d6dd56a31f1c98ee33eafe9e5f55
37,MnM6D16f0MOng884,1745067797713,9,1745067797713@PWAMnM6D16f0MOng884,f58ebd2243ea0a7056a1958ef65171b6a3a73dc4d9e55d698e67c5871ec7f0db31430a752d504bec510deb854f904d13
37,MnM6D16f0MOng884,1745037740713,0,1745037740713@PWAMnM6D16f0MOng884,1fea67b13b4850d7f850a8c22db8aa47910d95c113bcfde56b8cbd7dc6c1cd804f631b6a24f794667914a30775b438e9
38,rtjNr6Bx5xIQshD9,1745014732713,18,1745014732713@PWArtjNr6Bx5xIQshD9,cbf39f777afe9e550e236488e7340cfbc1d7ba522fe81a5919507d80a83c0e45d34b7b3975d1771d21b1923a35dff9e3
38,rtjNr6Bx5xIQshD9,1745048076713,3,1745048076713@PWArtjNr6Bx5xIQshD9,0a05f00a8ef1d06d9f7fbf8f4cea725f70bf9cbf55ac774dac2dc2b2a6d3b4e46d08a488cb79b988857833f0fe5fe07c
38,rtjNr6Bx5xIQshD9,1745056920713,6,1745056920713@PWArtjNr6Bx5xIQshD9,ed66762a09f30b821eae9be4635c223a48bc42208797bca9f2aa6161deb6b3ce516b1cb0b860f24255394012f266b8e4
38,rtjNr6Bx5xIQshD9,1745012001713,17,1745012001713@PWArtjNr6Bx5xIQshD9,1315b4fdc39d7872cb47835954c4bc2594537feb228aeea6b09b39f6212e24623774d26a7ff489869b9b489826d513d2
38,rtjNr6Bx5xIQshD9,1745064021713,8,1745064021713@PWArtjNr6Bx5xIQshD9,c863f7783a86ba6f5dc8a6ea8ce5b1968fa4374cfb733bc4209d65655cc668f8eb6d6374442fbe143dde1f290872ea49
38,rtjNr6Bx5xIQshD9,1745037345713,0,1745037345713@PWArtjNr6Bx5xIQshD9,faf037bc8db718882bb704bc0e8a8daa524828c89e932bf20f1f9ab9e72e18c8cd6a682800be8697b466a49f8b53fd19
38,rtjNr6Bx5xIQshD9,1745034982713,23,1745034982713@PWArtjNr6Bx5xIQshD9,4579829dedc1babfa01dfb157f4a30f211b66668f2a98a588d1af2b8bb450ecab63af052a3471436d765cd5117eff6cd
38,rtjNr6Bx5xIQshD9,1745048962713,3,1745048962713@PWArtjNr6Bx5xIQshD9,3dc94041e0d0357edb30eb3e767dd0484b8c9527eb0da69bef54d20cddcee1ea0a3b44533bd919d4b8f345debe9f66ac
38,rtjNr6Bx5xIQshD9,1745023138713,20,1745023138713@PWArtjNr6Bx5xIQshD9,e76a9e5ae187ea7dbdb1f351451c8e125ebc5bf504da937277a43127ce26a0623b91a867d003e740bb48b5d4ebc52052
38,rtjNr6Bx5xIQshD9,1745070324713,9,1745070324713@PWArtjNr6Bx5xIQshD9,eb9cab614d8dc21b8ce9a9fddde1f92cb5639a944c13db92696ee046eafb4b21a709fa711c4ed782863fcbfd191981bf
38,rtjNr6Bx5xIQshD9,1745037245713,0,1745037245713@PWArtjNr6Bx5xIQshD9,ba2d21a7f915c8207d77e33a1abb6eb31c92d54d395726bb1289d304d1732a272d08b55457fd6a73fd92b60ddcd4011a
38,rtjNr6Bx5xIQshD9,1745022690713,20,1745022690713@PWArtjNr6Bx5xIQshD9,0729bb740bdd672d3331f6b81554d1eb80e4a3adee1314dcd8f286fc95bed54743e3e37c89d8ed1c5ad821a2e9b7caf9
38,rtjNr6Bx5xIQshD9,1745017676713,19,1745017676713@PWArtjNr6Bx5xIQshD9,2788b50a834a3d0eb0c43e8082282dd5fc5c8b344c13b77696308776b2dee4552f56b572fc240f38cf9079072c06e875
38,rtjNr6Bx5xIQshD9,1745070813713,9,1745070813713@PWArtjNr6Bx5xIQshD9,ebf06704ead6274bc02878c8b31f5a96ffa97e3ae1f7d3c3def5a93f0bf2efd06345429e3dd98069c9216cbfcf2f607d
38,rtjNr6Bx5xIQshD9,1745015938713,18,1745015938713@PWArtjNr6Bx5xIQshD9,094f96a0727222ef6be8d34bd67a68a184d18b12e18b46e7bbb3d21a0f8aefb697807bdc8a731770b6c0b73cdbe91dd9
38,rtjNr6Bx5xIQshD9,1745072187713,10,1745072187713@PWArtjNr6Bx5xIQshD9,57862f15942a6f06f499cfa833e6ce7b372b5d012c1946e330da135a76f4ba0827e560330b441bf89ec978adb0393365
38,rtjNr6Bx5xIQshD9,1745055143713,5,1745055143713@PWArtjNr6Bx5xIQshD9,26444dd5e3ecc7deb67079674528ffa443af778436f8bb631483bcd33ce2a962d08c5cbe521d19de43b000639e708bfa
38,rtjNr6Bx5xIQshD9,1745006609713,16,1745006609713@PWArtjNr6Bx5xIQshD9,0a36a902dcb6972ee796879fb278da9b5dbdec09c8d90e44bab24bd2fb5e71013982514347c273629c29920b980b213a
38,rtjNr6Bx5xIQshD9,1745028968713,22,1745028968713@PWArtjNr6Bx5xIQshD9,e9887dbecc84c6a26e3568ddd5377783fd946bef8181ba176e5a8aed24bd6b885606c0aa88e8cbad5056285156e854a2
38,rtjNr6Bx5xIQshD9,1745039682713,1,1745039682713@PWArtjNr6Bx5xIQshD9,6d7d3e5bee9aac7e353229035219d5a7d21b84d6104ad24a1c80a4418dc336531f84be192b5466d200ef84a559fbf2f7
38,rtjNr6Bx5xIQshD9,1745072766713,10,1745072766713@PWArtjNr6Bx5xIQshD9,93d6a04178d55cfa951578bfa25a228af42f36ad7620351750dd3ad2f9994752c91dba83fc673f35b7edd70c7b984432
38,rtjNr6Bx5xIQshD9,1745068078713,9,1745068078713@PWArtjNr6Bx5xIQshD9,fe1887809f9b8cf39aae7a8a3885440605bfe4f376f3d63858b0c80b9f10d87bc1d5370dd00cbab5fb959ed985f845a4
38,rtjNr6Bx5xIQshD9,1745040790713,1,1745040790713@PWArtjNr6Bx5xIQshD9,28a862da8fd14b54d3dd66ec8f7f5235e4c3a515fc3cacb505f04a0a13c27b9ae8f6db3d984cb13b6932092c846665de
38,rtjNr6Bx5xIQshD9,1745032442713,23,1745032442713@PWArtjNr6Bx5xIQshD9,9fecc5c493d0ec47ec8fc9f4c6040b85e22b155c04356c432d39ec1e75b3975627fbc871310158faeac89032f6df5e93
38,rtjNr6Bx5xIQshD9,1745062076713,7,1745062076713@PWArtjNr6Bx5xIQshD9,cf1746d437faaa01ec2141ca3f1602ac08ca0bfa7cccca9b19426e1f6c651034d77f51a789d01ec9ff4e1ab56c4f5b7d
38,rtjNr6Bx5xIQshD9,1745046577713,3,1745046577713@PWArtjNr6Bx5xIQshD9,343df5d5b8696fcacf44d6c2a4e8f6a16a1ab3d2a818e8c8086c28f7268889493380041294f624ffc663ae683465ba68
38,rtjNr6Bx5xIQshD9,1745040138713,1,1745040138713@PWArtjNr6Bx5xIQshD9,1695ae9e5075a7c115dc22a912dc838b100b6b043b11c3f75518476655b88c9f4ed7f40177221f65509dae351e2299a7
38,rtjNr6Bx5xIQshD9,1745072262713,10,1745072262713@PWArtjNr6Bx5xIQshD9,5f5a975782353bf2060893cd27b252075b8a7e9ce6393a20306f236809395821b80a62ef32735ad89507212c8fc35d1a
38,rtjNr6Bx5xIQshD9,1745048837713,3,1745048837713@PWArtjNr6Bx5xIQshD9,8a97185c56024e63102ecd62245eed8298fd5e982492ac317658fbea32704f7ee6fe13886b36baa8efe65a58c512a740
38,rtjNr6Bx5xIQshD9,1745061381713,7,1745061381713@PWArtjNr6Bx5xIQshD9,f0c35bc672719585de0a16548949355125064140609fce696cdf336d0ce8eefb584d37142ab828ddfc9ed7c2bd1ab3f5
38,rtjNr6Bx5xIQshD9,1745055442713,5,1745055442713@PWArtjNr6Bx5xIQshD9,bed2352ab0d168ca72f7a897a8e9cbddd977c064c34d4b0eb7f8d43dac4fb187197dea4582a4506361cb416281976a39
38,rtjNr6Bx5xIQshD9,1745049443713,3,1745049443713@PWArtjNr6Bx5xIQshD9,2333bf454805ca71e8eeca9ae49e08a7593841e9581be8f2776192946ff25b44f5a25b1bd0362e3448f65cb926fd34e0
38,rtjNr6Bx5xIQshD9,1745044296713,2,1745044296713@PWArtjNr6Bx5xIQshD9,875ace6540df6ee94e6a6c201e90e2193d6a401d6e1a4297f0c79f38058e4822862e3c838a034770a037685abe367ee2
39,9nUrFc7mXQvFmHib,1745059783713,6,1745059783713@PWA9nUrFc7mXQvFmHib,8d512e511797b32008b3ec0c104fab05ca2f5f23122b4ec4d82f27f61d12bf61b9f4dd2755317228937152172fd35b43
39,9nUrFc7mXQvFmHib,1745023854713,20,1745023854713@PWA9nUrFc7mXQvFmHib,81d30c119ce63b523ada64def97a72318f747b1cd42c06eb309a8001774f29581252f03a7c8857091360655c867c2999
39,9nUrFc7mXQvFmHib,1745012786713,17,1745012786713@PWA9nUrFc7mXQvFmHib,5f8bca233b686549a2761d8cf61d3f938b3b3d98b771db295347015aed0f65f3e202e42892169cafe97ca4423cde355c
39,9nUrFc7mXQvFmHib,1745047139713,3,1745047139713@PWA9nUrFc7mXQvFmHib,db0f4f93323097d2eda87772ab6a8ec25a570ee31fcc60d002b2e5779f4dfcb8ef52e9ac4d1afc37b28b856acc6a5f4a
39,9nUrFc7mXQvFmHib,1745016366713,18,1745016366713@PWA9nUrFc7mXQvFmHib,6c190968d6e24ab518046cf2b2538f7ae249523ac43b5108ead592517198d834c01df37dd1001d3fade0b72d17a3e8d1
39,9nUrFc7mXQvFmHib,1745051279713,4,1745051279713@PWA9nUrFc7mXQvFmHib,6d339fc4feacfa6e316866b4d5e7970ec4caf50335b26975eeab1dda8c69cf55426e48ec076ae1bdff6083ed9ae0a3fa
39,9nUrFc7mXQvFmHib,1745019468713,19,1745019468713@PWA9nUrFc7mXQvFmHib,2bb05bdcf3066ab3b605ccec541bbcee96f741fb7496db6eba2a4749590ea8d36e740736b047323bab96f6c41cdbc5ed
39,9nUrFc7mXQvFmHib,1745054795713,5,1745054795713@PWA9nUrFc7mXQvFmHib,9c116d787e3c882a45c01802e48c1ade36f3c29f7b8f4f292c68d4fd43ac7d380ac6e99a80d7abc7965646af4f966115
39,9nUrFc7mXQvFmHib,1745040503713,1,1745040503713@PWA9nUrFc7mXQvFmHib,93a33460e8853495366cc3b1798f27cba2d6e3f6c5e59ec839126ad68bf0623b5505aeb12972715e3616289ad9a9b9d4
39,9nUrFc7mXQvFmHib,1745040783713,1,1745040783713@PWA9nUrFc7mXQvFmHib,45fdf4892865ac0860579f41873bb1976f4a9e638bb02a40de4e932d613fc8d2092f2507d05f6409b00d656ff25b00ed
39,9nUrFc7mXQvFmHib,1745071123713,9,1745071123713@PWA9nUrFc7mXQvFmHib,ee8969e6be563c9fd3b1ed6a9e21d35b2a0752a6f3f530bfce2f8004d8ae50af6c053dbe7f3402f4d80221fd9b64b995
39,9nUrFc7mXQvFmHib,1745057572713,6,1745057572713@PWA9nUrFc7mXQvFmHib,941ba0d6ec391df553569448ce71fe9e1229af976dd12fee97977dfd3b5a5ff957ff240a8644543068aa10319cdf68e3
39,9nUrFc7mXQvFmHib,1745040774713,1,1745040774713@PWA9nUrFc7mXQvFmHib,ba24a187c1d7cde03345eb67703bd488ba713cefb9ccc132878898721923082446aae62d657534de4f9515784a482c4b
39,9nUrFc7mXQvFmHib,1745012261713,17,1745012261713@PWA9nUrFc7mXQvFmHib,ff4c345e6aa2b920d0f180628270d6d088c6437583bbc9122fdbc1eda8d2dd7887765680021173300c88ae3c8e7c01a9
39,9nUrFc7mXQvFmHib,1745041443713,1,1745041443713@PWA9nUrFc7mXQvFmHib,2b1c795809a8da3043b5a63243855f89aacfe5267833361d8b8d5128314ae1926f46ad5e911150252470d1821188173f
39,9nUrFc7mXQvFmHib,1745040763713,1,1745040763713@PWA9nUrFc7mXQvFmHib,490bf37e46d5b92c43b7ad16b75d92bccd1c039abb22f5a420ff0b871f0655e413bb06eca03fe40608e4b2d151185492
39,9nUrFc7mXQvFmHib,1745036595713,0,1745036595713@PWA9nUrFc7mXQvFmHib,601e3a5a780cf2864c48ffa901e24f02b3c31c1f87cb068a88f685bdb80b0f412bea52f1ded16bc11ad10af4e79cfd8b
39,9nUrFc7mXQvFmHib,1745032979713,23,1745032979713@PWA9nUrFc7mXQvFmHib,836677762f2f371eabb3914865e93c14616c649715debc7f0fd75af0844c1a2bb9ba60aa2d5e2ba08459c66f2a2374b2
39,9nUrFc7mXQvFmHib,1745075056713,11,1745075056713@PWA9nUrFc7mXQvFmHib,d9c9ade6847d13e2316fb0e5f8d1a5131e7fb7557ead20ed3eac7224827043ea008bd8817819df0c4bc161b4457dc86e
39,9nUrFc7mXQvFmHib,1745018107713,19,1745018107713@PWA9nUrFc7mXQvFmHib,2de04a307b69a7846a904404b771ae7c2e8032afd3ed9b2bd5ddf095b0545fb9bed7730e31bdfe5f33031650d0c52efc
39,9nUrFc7mXQvFmHib,1745053109713,4,1745053109713@PWA9nUrFc7mXQvFmHib,864dcce2497cd49b711fc4bfa4602775d211116fd3b2a421a846dda166458d6279863372404363e641a575c9e15c4c40
39,9nUrFc7mXQvFmHib,1745032389713,23,1745032389713@PWA9nUrFc7mXQvFmHib,50c4a4092e839aaf6c7a32879fc60946609b6439f77f4eae2e636cc6c3108ba2c850013118ee002b89e44b1c8b991027
39,9nUrFc7mXQvFmHib,1745062607713,7,1745062607713@PWA9nUrFc7mXQvFmHib,1dd866be4aecd6f040367a175a29d8ca9bdfcc457da48b27b872a83c9a4cdab4f34a6f22ca24b43e676208373c7d31bd
39,9nUrFc7mXQvFmHib,1745011926713,17,1745011926713@PWA9nUrFc7mXQvFmHib,95bad42a04b65e626e8c23f6bc2627376bcceb5dc3267f980c3ed61a14a7d5235069fb9772a3a97fcec6d2380564c4a2
39,9nUrFc7mXQvFmHib,1745049072713,3,1745049072713@PWA9nUrFc7mXQvFmHib,04adaf6d004c72d4a539e732741118e0dd2e76efe8e0518c59a8101fe2735f827353d8eea622bdb50153ae0f6c221ad0
39,9nUrFc7mXQvFmHib,1745042812713,2,1745042812713@PWA9nUrFc7mXQvFmHib,9282f79f9cedb5368ba137a1466c86b73baf77369a6712c62583d148787187ffb72b9f0162cbddf58ca90936eaeb624d
39,9nUrFc7mXQvFmHib,1745007032713,16,1745007032713@PWA9nUrFc7mXQvFmHib,59e0c07b421b0e414fb5f8a1f5286e8cc6b697894e18249e0be0291f970f7eb5ed149bdc712ad8a27a3959135fe52e9c
39,9nUrFc7mXQvFmHib,1745069567713,9,1745069567713@PWA9nUrFc7mXQvFmHib,b75b30019fe0a7d7bd0615d683e9086d1ec3d423da34fb563f1e851f70a7c65630e91228c6ae36156c3947b12bf9e479
39,9nUrFc7mXQvFmHib,1745068384713,9,1745068384713@PWA9nUrFc7mXQvFmHib,d1849f7861d20c63e9c68ebb2d7e8570ceccf90c204555c6a66972bba82fa61f2732ed36b8ee9addb05469ddf55b9726
39,9nUrFc7mXQvFmHib,1745061200713,7,1745061200713@PWA9nUrFc7mXQvFmHib,64a19bca0828fb599563d46379faa6b207987070441121752b7fef53da84f7a10fce248deb2aeaabbc40bb8aec1b2e7a
39,9nUrFc7mXQvFmHib,1745013689713,18,1745013689713@PWA9nUrFc7mXQvFmHib,afa4cdf3de720ac5b30ab3f1a30c49e6b1aa6b85ce3a40d2d95b4ae1a4ecb0617ed2437addf886c1809a8809481266fc
39,9nUrFc7mXQvFmHib,1745044861713,2,1745044861713@PWA9nUrFc7mXQvFmHib,a5ca11cf8525a5ed6b80da9675aa1480f87feb56e358de5a94d32415d46c15395a0778be70c822aab5543edb2dc95f5c
39,9nUrFc7mXQvFmHib,1745016762713,18,1745016762713@PWA9nUrFc7mXQvFmHib,022568e97a88bd82b1b594d3fd80443662ec9c0b225b24f08b52b9738a350850efc45248a1811f3c2b82fac13738cdb8
39,9nUrFc7mXQvFmHib,1745010762713,17,1745010762713@PWA9nUrFc7mXQvFmHib,6ee86fcee69235ada8fac608b7429b30a4cfdf3b2ac0f2adbc8c6c8f425312bfb99cbaa26a4a8480bbfacc273c29f1f0
39,9nUrFc7mXQvFmHib,1745071710713,10,1745071710713@PWA9nUrFc7mXQvFmHib,b805c8680f6fb99ba468ada038dd8ecf26913c505c21c17a24b16b89553cd5a9bed3034f180bc4d4eea9af7dd516349d
39,9nUrFc7mXQvFmHib,1745039220713,1,1745039220713@PWA9nUrFc7mXQvFmHib,8ce0fd4f58eba1a4243309244d9a7f060b8fead11b624f8323885ab10c80816c5750f49ccd7c2e7d0e44d0dc0cba7797
39,9nUrFc7mXQvFmHib,1745070690713,9,1745070690713@PWA9nUrFc7mXQvFmHib,1bb2140d4cd8b1453ef28bf4ea827d1078e125491d93102c2073aef94b27ab0e6bf3146b005ae926609f3c8ea7cf17ce
39,9nUrFc7mXQvFmHib,1745031309713,22,1745031309713@PWA9nUrFc7mXQvFmHib,16ce92a12277ee62a5fce4bb199462e119283c5436373a0c504df607dc8b597d54528deaffb55e4106e8c5f64ed7292a
39,9nUrFc7mXQvFmHib,1745030716713,22,1745030716713@PWA9nUrFc7mXQvFmHib,e897b7c253158875ff8ce8a012397f6642f63687e1647a5d844a712e13b10eabd684809b3a9feb3a26aed4e901f57a19
39,9nUrFc7mXQvFmHib,1745054249713,5,1745054249713@PWA9nUrFc7mXQvFmHib,16069ecb956ceef6ede156ed30c41a16c21a295fa6bf86edc4b5a14efe7d16d2981a0fc1c75dcbf636349fc56fe6f327
40,NoXWHsMTeCSSVToX,1745050389713,4,1745050389713@PWANoXWHsMTeCSSVToX,ae0c3ac2dfabec43e833863e0b59e750fc2b998ec39945f0e31fb89002e4e0167b1278ef17bc1f1f99d32f8ee0f20433
40,NoXWHsMTeCSSVToX,1745013863713,18,1745013863713@PWANoXWHsMTeCSSVToX,b3a0d925313ba2ff972f4f46a067b4e28069c956dfcf8ee8028e72270a469186077c703ab71471a2440aab8580531987
40,NoXWHsMTeCSSVToX,1745059777713,6,1745059777713@PWANoXWHsMTeCSSVToX,56aed1471e1708731294aea7b4f347ad1be186364abcb8a244041e2bf895a9dbcb63dac0cd4493d10fe80d7e42d58988
40,NoXWHsMTeCSSVToX,1745046247713,3,1745046247713@PWANoXWHsMTeCSSVToX,65565048684d649f74d8c3023d5b5082445b596a417a3ef8055e98d8bd61ce95c65ac3dbb14cd873472e7e7f5209f76b
40,NoXWHsMTeCSSVToX,1745024502713,21,1745024502713@PWANoXWHsMTeCSSVToX,0e1899f34f3fa78f2261251c17534a0480b197151abb4d877c8f0cc987bedc3d7e59839c4f40078117b5e2dd2a6b6d32
40,NoXWHsMTeCSSVToX,1745063015713,7,1745063015713@PWANoXWHsMTeCSSVToX,3eec2471e1bd605356f2d703510b285f7c72154335f367b7e53e234df23f08fe87a5a3801ac94b15c567b67f8d6ca7bb
40,NoXWHsMTeCSSVToX,1745030897713,22,1745030897713@PWANoXWHsMTeCSSVToX,271a748781eb283dedac9da38e3730ef58f9469b6eb03e210f0571b30e830d413fac9770bfea5ad5465ed1e5519200fc
40,NoXWHsMTeCSSVToX,1745072032713,10,1745072032713@PWANoXWHsMTeCSSVToX,63ce7d6885e9f6740ca5c86b5a3d9b35c808a80b1b642e0fd4b927e4af2dcba7013cee54be684eca7fa5f83d45585608
40,NoXWHsMTeCSSVToX,1745057520713,6,1745057520713@PWANoXWHsMTeCSSVToX,bcafdb862e1a12287f3080e7bc86ded5dd12cc72fbcd61744b0f087b246c13d115e1cf37ecd29560f665bfbc760e95bb
40,NoXWHsMTeCSSVToX,1745049413713,3,1745049413713@PWANoXWHsMTeCSSVToX,0db0b4d0b0f4c3003d168d33d685ada4765fcc902820dda65d3d27cf35bb8ac82356c3f023d27755e3f4f58fe45d5fea
40,NoXWHsMTeCSSVToX,1745030085713,22,1745030085713@PWANoXWHsMTeCSSVToX,8872c9c746b7bd26a0d7ee0a86e6dfa48469709b0c81da18dde917faa1e7001433a396d546daa11a28df8866eeba9848
40,NoXWHsMTeCSSVToX,1745035247713,0,1745035247713@PWANoXWHsMTeCSSVToX,d63345dcac41e776338d4c8b476329408f2ddd9fe3eaadc3a790dcc2f0ef559d0122560852102e476e64efcfd316f97d
40,NoXWHsMTeCSSVToX,1745013457713,17,1745013457713@PWANoXWHsMTeCSSVToX,530432354f3a528a706f8fc84bb01aefc7f30a5e24097260877c5df763a1058b34d08397dab4095180845142cd9771ed
40,NoXWHsMTeCSSVToX,1745068014713,9,1745068014713@PWANoXWHsMTeCSSVToX,8f80e929076bc0e1bdfa36616237e789b218b56bc805e681a5e10d1a8926c76c7033eafe6376d4781eb6cdd50dd18456
40,NoXWHsMTeCSSVToX,1745049143713,3,1745049143713@PWANoXWHsMTeCSSVToX,31ec4fd5e2b9cb3fdaa82254e764fcea7cdd58fb6febcea8ea329dcf885c01f0e5e7f4e6de33bc11e710b8e82418bf7f
40,NoXWHsMTeCSSVToX,1745052149713,4,1745052149713@PWANoXWHsMTeCSSVToX,26953e5319854ab79919accab8d9e83c3b92d4676d18c993421051400ae3f9864ab47e547af50f55ead12c027a6ec6ef
40,NoXWHsMTeCSSVToX,1745025260713,21,1745025260713@PWANoXWHsMTeCSSVToX,1cdd949d807b89735877abe2b6ec4bacdb1b126fc2200a68a806df50ebb71e5c0e49525c8678069b91f22be4608dd046
40,NoXWHsMTeCSSVToX,1745050538713,4,1745050538713@PWANoXWHsMTeCSSVToX,ac9ce27d7076bcb5b5da80cb88517dc2a149594f1bb425267746667ace0e1917d596c514d592e4932cf6f216c99896c6
40,NoXWHsMTeCSSVToX,1745028158713,22,1745028158713@PWANoXWHsMTeCSSVToX,4913fc802250b7b6fa5849c5cbf5433ea6159ddf50e7bbd1644a74f0f6bf3cb24a4b4584551ed45c530d8e08339e57e6
40,NoXWHsMTeCSSVToX,1745075915713,11,1745075915713@PWANoXWHsMTeCSSVToX,d93474ce4062069453c0af36dd71aa464dbc0cc082045791b512bb2a581b4f1fe6fe1366c7fdd3d582e0edef6128cf99
40,NoXWHsMTeCSSVToX,1745049945713,4,1745049945713@PWANoXWHsMTeCSSVToX,a50bbb3908449b6021d1f0e350b2493cd8727f56c32ba2af4cd420d7830014e685fd61faf64280905bf3369b0fe3bb71
40,NoXWHsMTeCSSVToX,1745068924713,9,1745068924713@PWANoXWHsMTeCSSVToX,f48f1bd777c0d7a6f1352753377023a00843553425caa896779b3b6e0d11228fb17b12305bef706718dd55209937be9b
40,NoXWHsMTeCSSVToX,1745012355713,17,1745012355713@PWANoXWHsMTeCSSVToX,c4cd934746e756c5d260a1adfe1f7e47d55a2b61dc4f44531718ade799a191c6bd2df8b7330db055787f8413918530c0
40,NoXWHsMTeCSSVToX,1745052723713,4,1745052723713@PWANoXWHsMTeCSSVToX,c4438e5357cd9bf337b4a306c2aacff655e36b54139d3b1e5ac68bb49635d9a0b4b6d559693010cf7b5f08c720e7171b
40,NoXWHsMTeCSSVToX,1745040451713,1,1745040451713@PWANoXWHsMTeCSSVToX,767f356c335bf86e3ec0219a5b40478ed774a1ed9e960febf043610cc906a01f4c2a80eb6953ef810f7bcbe37893c5b2
40,NoXWHsMTeCSSVToX,1745038247713,0,1745038247713@PWANoXWHsMTeCSSVToX,393d9a88c3cf2ce0b3f0a98408e703e991bf3c2bc307b65d3d8b73e42029613dae81f4dd3f7846fe0e32e544b99e31dc
40,NoXWHsMTeCSSVToX,1745029103713,22,1745029103713@PWANoXWHsMTeCSSVToX,86094f0204c4e9854c0f3609a66314dfe58c7073d266b71cb806da1ea3e7f72b0eaf3e35d825cba9f5938877965da184
40,NoXWHsMTeCSSVToX,1745012262713,17,1745012262713@PWANoXWHsMTeCSSVToX,803c08c47b111fd9c1e9969202db15b80b3e74163f51af80545e5a4d031b3009dcb3fba7d500a8b8e42604cf91841381
40,NoXWHsMTeCSSVToX,1745059929713,6,1745059929713@PWANoXWHsMTeCSSVToX,f6420af4bfd919ed19952cd89b486c2984b260643de301cb129f048216fcd64d22e4ff4e43c6508dec8095b4e89fdd1b
40,NoXWHsMTeCSSVToX,1745046167713,3,1745046167713@PWANoXWHsMTeCSSVToX,d916cc059a1303e95181b1ec85ca9be1e8e12c2b3a81cecfe5701b7e1c527ca3e76c217bf207d3a3163e4bd0effe46f4
40,NoXWHsMTeCSSVToX,1745033034713,23,1745033034713@PWANoXWHsMTeCSSVToX,69343945e8d668df05aaa199ff0a6a9e8bdab4d2ba6b8408c080173081c77a65f988d8b2676eaa602ccc0a497fb69358
40,NoXWHsMTeCSSVToX,1745045589713,2,1745045589713@PWANoXWHsMTeCSSVToX,956d5efb06decde9ca7bf69a4b3505efd3d18b3957241c25859e9f800cadb14fbee43cb460781f671ef2bc1a98eda94a
41,Elhic7IyemBdFhbC,1745048458713,3,1745048458713@PWAElhic7IyemBdFhbC,ca43f9c9835ab565273950bade5057bc277e4d0b2ebd377e9cab477f75cdaee385d1f2d70899d424745b00433366b8ba
41,Elhic7IyemBdFhbC,1745076425713,11,1745076425713@PWAElhic7IyemBdFhbC,fab58a07c1c30a716dcfee208f964b70349b9fa1e5352d31d25e5cf8ed50b9e451d66e9b0402d7d0760b3f624e6fb357
41,Elhic7IyemBdFhbC,1745073986713,10,1745073986713@PWAElhic7IyemBdFhbC,64a01acc071a917fafe23e36eef3e3eae694bcb25e9861d88e8ece66e9f29c02bc6750cd721082f91a8ce6cdb56e813d
41,Elhic7IyemBdFhbC,1745035298713,0,1745035298713@PWAElhic7IyemBdFhbC,8a3faffca7bb1d6adfdb1b8f6bbf4c36ded2ccf4e3df581c22f2d936848ca895bc33f5cd573087c35e3933989d7b92e6
41,Elhic7IyemBdFhbC,1745065353713,8,1745065353713@PWAElhic7IyemBdFhbC,7ad34888fb9e32f52ab6c91aeb8b7c3813da9aa98d3609de1c83e26909d473d83d101f35af3403eb0f170bd7bbe05046
41,Elhic7IyemBdFhbC,1745065453713,8,1745065453713@PWAElhic7IyemBdFhbC,b66aa7e226ddda4070e0ff0d401b58662d8c5a97c1c06614d8c202f6b5783466906c0e65bfdba59a73042f022fe0124e
41,Elhic7IyemBdFhbC,1745023335713,20,1745023335713@PWAElhic7IyemBdFhbC,8ebba3e9dfa060c25afb6ab3bbd48c6ff1601bbd846d3ec7ea8071800e70bb88b3559cd46fbe8d96e1e36611bb03110d
41,Elhic7IyemBdFhbC,1745054020713,5,1745054020713@PWAElhic7IyemBdFhbC,57a9776cd0e54538dc4dc330c39129a5437a55615460fee0997db25788e444b95fc8cac06800fb674e1e210894b6b1d0
41,Elhic7IyemBdFhbC,1745037834713,0,1745037834713@PWAElhic7IyemBdFhbC,0f6999c575a45a00289e05513cc63a6ebbb48a33ebafe03fe76739221625085812ab4e2e99bce174ece5faed2063680f
41,Elhic7IyemBdFhbC,1745055730713,5,1745055730713@PWAElhic7IyemBdFhbC,256a6266d1a9cc3cc2dbee78ee139417c30935b3832b9f2418287f431344118593b8a8147b26ad5f002a1557be205847
41,Elhic7IyemBdFhbC,1745026952713,21,1745026952713@PWAElhic7IyemBdFhbC,339e1c22ce7330b8c37740b72e3d381931b36e9a509c4a306d307effc6dce0365eee7d7372828d95ba566966ef09ddf5
41,Elhic7IyemBdFhbC,1745037096713,0,1745037096713@PWAElhic7IyemBdFhbC,fab79a3cef08fab06cef39f4d257ece3e7802418185030478e78947c36207cb17497840e4eff7e967630ba416a11276f
41,Elhic7IyemBdFhbC,1745044736713,2,1745044736713@PWAElhic7IyemBdFhbC,661245589b7e358a57d4cafe4d557de8bdacc8747a9b8919ad3f1981e819710d119913955a48d3862a9ab6aa9d8784fc
41,Elhic7IyemBdFhbC,1745010319713,17,1745010319713@PWAElhic7IyemBdFhbC,55fb05373aabadfd56f7eb8755bd3499fed5f5b2e20fda8d5d5adf7096d75eed479ca4695394506ef4e5529e7bd1ad5c
41,Elhic7IyemBdFhbC,1745070720713,9,1745070720713@PWAElhic7IyemBdFhbC,50908cf0a8616845229ba913c651e1071055c2264a20527fc9a2131fa1066dab5c1d930493c362f040af99773d693824
41,Elhic7IyemBdFhbC,1745044453713,2,1745044453713@PWAElhic7IyemBdFhbC,6be23adbfe232b0246862dc9c7afde72fd662d3447e8dea85e7cd62bd484fa77fecec1dfdc8d13b7bd5f84e3e41e4c29
41,Elhic7IyemBdFhbC,1745030178713,22,1745030178713@PWAElhic7IyemBdFhbC,1596cc9e80ecb5700c4f22d756df67296f0f57f43b31fbcbb50f9ef0f1eb01758324355f12c7156244dcea96bb2f1f48
41,Elhic7IyemBdFhbC,1745061893713,7,1745061893713@PWAElhic7IyemBdFhbC,abbed47d07a6b8c978f314abe9686f769db6f212a4677b6f02ade8fa8c1bd2752c130d4f9302b38143da8699f6d58300
41,Elhic7IyemBdFhbC,1745073446713,10,1745073446713@PWAElhic7IyemBdFhbC,62bb0b0b670fc85b8f4cc98b2342d45876e8ef2f98d013a88cf760b2c6c1565bf8f2cfbc4d64f727d02b9ecb79f0b2ad
41,Elhic7IyemBdFhbC,1745008136713,16,1745008136713@PWAElhic7IyemBdFhbC,ab06d49006b652a1e4ba8dcf246b219b620bf5c030d2d72b2ab0bc978e93dc4dd5e50ae8c073a9b78c8d5e82acce226c
41,Elhic7IyemBdFhbC,1745009520713,16,1745009520713@PWAElhic7IyemBdFhbC,1cae1762399bb75ae1b135ab9e96efa6ee07f9abdff82d74590fc4b87d4c7e1dd2a9762d275f1e8dd79b256096bf9206
41,Elhic7IyemBdFhbC,1745066126713,8,1745066126713@PWAElhic7IyemBdFhbC,ef5bd53913e264274d428aec95cb198fb09de1b6272609beae318c05fc27931fecf388ab7ca3bce5e1ea7e90bfb4931f
41,Elhic7IyemBdFhbC,1745043017713,2,1745043017713@PWAElhic7IyemBdFhbC,62cf5c6bbaad2c3800191fe50646f4a9ee991db3177d9c18837a4df0eb0fb2e605f8c5af76c03bf8b9ce2030067b41a6
41,Elhic7IyemBdFhbC,1745050097713,4,1745050097713@PWAElhic7IyemBdFhbC,5e3c190956d7ab7e427e79239dfa2ef71b05855eef0419ec5efdfe107cf6220e7d85aa5aaa108a808d2056fdafeea58c
41,Elhic7IyemBdFhbC,1745066344713,8,1745066344713@PWAElhic7IyemBdFhbC,f9358128a78673bfcb3a982d3c51f761721535835c20b455c37ff9788dd911f69e73014fbea6964c0ea6ac91b033f050
41,Elhic7IyemBdFhbC,1745021961713,20,1745021961713@PWAElhic7IyemBdFhbC,34b96d1fdffaf0a469d6f30299f44220d8a42a76c8fadc368fdd21040e3e232b415e224a8ec1d78246f660783064fe91
41,Elhic7IyemBdFhbC,1745007951713,16,1745007951713@PWAElhic7IyemBdFhbC,cb48ba8e602c7ae17b892d4e11ab91c4dccff6c03200636295a9b9797ef1f4881722a314815e0a6f002dba7390052eb3
41,Elhic7IyemBdFhbC,1745044093713,2,1745044093713@PWAElhic7IyemBdFhbC,67b735d2d4304b446ca90609d9c22ca3d9e61b3bf4f631dda8fef5b0db3f925cceace6ad51a9a03f6a7ad49cded9c41c
41,Elhic7IyemBdFhbC,1745034930713,23,1745034930713@PWAElhic7IyemBdFhbC,f045b3449a076c6185b7ffc623c3b16612733383f31aa58254b11f60ffa4f4e76144fd3d2ad873a245eece3a0bc6250a
41,Elhic7IyemBdFhbC,1745021821713,20,1745021821713@PWAElhic7IyemBdFhbC,4d0f41a54412bb9794f4ed54e1e8b4bae87e73ecfdacf143633bb5c95695cf7638ae887c36dfbd798b5b5e8bab037092
41,Elhic7IyemBdFhbC,1745070172713,9,1745070172713@PWAElhic7IyemBdFhbC,cb864ed975038042b75f2a77a53c8a3bb7a0c253f4158b40408366bb096e03d0b36d24aec0b1059d1ad4feb336e2b800
41,Elhic7IyemBdFhbC,1745013301713,17,1745013301713@PWAElhic7IyemBdFhbC,d5437f2b76b5fba67d8380aaddc184ff9b68e85aec316d95bc60960cc30ece654c71467f50e1f6fb5b5ceac5dfdbc75d
41,Elhic7IyemBdFhbC,1745069578713,9,1745069578713@PWAElhic7IyemBdFhbC,c295593d7a6c9979f8d458bb8cb95858e312e99305540cb727965e842f6406cf0a2fff3155b21209a4f0b25d2a6ad60b
41,Elhic7IyemBdFhbC,1745023265713,20,1745023265713@PWAElhic7IyemBdFhbC,1c60f511562e756204deee8ce406573d7fe613654cb7a70cbd6a04890807f86637e65a4b39cf929cc06d21d8048abc3a
41,Elhic7IyemBdFhbC,1745016461713,18,1745016461713@PWAElhic7IyemBdFhbC,0b11a6a5fd493e1d5c938a68df9b0d5f97a956723558b9dcfb37c65f41c1d28728d85a77fa5fb45580893fa52db3136a
41,Elhic7IyemBdFhbC,1745059948713,6,1745059948713@PWAElhic7IyemBdFhbC,34d84e594ee1a592ce0cc0e886eaad3aabbc947ea288a56ea4c23e9c238c09058109e752cb0952dca8abef1c94b01ee9
41,Elhic7IyemBdFhbC,1745038764713,0,1745038764713@PWAElhic7IyemBdFhbC,e6c0aa9b600ea77f11ab228bf3f2538bfad5d1c847c037aad813fe955d734f83584fc649b71679ca221530bb86d5759e
41,Elhic7IyemBdFhbC,1745008247713,16,1745008247713@PWAElhic7IyemBdFhbC,8707e53ba785fb1a68c85421de5fdf74201db91efdcd3f55fcca125f0f7b03217065d530750755b20eb705002c2e8c76
41,Elhic7IyemBdFhbC,1745036680713,0,1745036680713@PWAElhic7IyemBdFhbC,93d5cf2a80ebaed77228f7978d08de8f934a1a0024a167f40bbd9387f94e9b29ae3c6189a718338869da724fb270f48c
42,3ezRfcNv7mVXJ6p0,1745037500713,0,1745037500713@PWA3ezRfcNv7mVXJ6p0,6340d70a437fb5e073a2c0a4f412dccf49128a21098c8629c843a4769aa1c0c2ef01da1cb9376b413d4d43c09426ba83
42,3ezRfcNv7mVXJ6p0,1745046853713,3,1745046853713@PWA3ezRfcNv7mVXJ6p0,e5a2ab8f63ace407908397d179e5383e44755c6be349e885185f6f721042ecb2303491a5ae168caece4469f504f74914
42,3ezRfcNv7mVXJ6p0,1745070451713,9,1745070451713@PWA3ezRfcNv7mVXJ6p0,65587c4ab2a97a92f8ddbef6b09e536d21f657fca46c6309266b3187aea8621729145cb3a45f58847443b2a3b618a7a1
42,3ezRfcNv7mVXJ6p0,1745016552713,18,1745016552713@PWA3ezRfcNv7mVXJ6p0,69ca42921b8f1413123d6755e3bccc64ac71e0da414f373269943e7191ce344cd303af471fd189f804f564848c610151
42,3ezRfcNv7mVXJ6p0,1745014820713,18,1745014820713@PWA3ezRfcNv7mVXJ6p0,b5529d59b55ea4ab15a85dcc1842c1f5f57cba0fd557980bbae3f6ff566d50e680a05e752e0c2a4eff82f695a8abe4af
42,3ezRfcNv7mVXJ6p0,1745041221713,1,1745041221713@PWA3ezRfcNv7mVXJ6p0,d41806a0a59ed5b23f499f32211e314b35c0e740e5b9703c40ad9cd575ad12627e500708e124c2467ec20b9fd12f82cf
42,3ezRfcNv7mVXJ6p0,1745022818713,20,1745022818713@PWA3ezRfcNv7mVXJ6p0,5ee5968d87a107a5268fa7e22439b109c06daaf0ed51674992ca843d536def9de59486b066d8be3030ec189f3040cd02
42,3ezRfcNv7mVXJ6p0,1745030379713,22,1745030379713@PWA3ezRfcNv7mVXJ6p0,424e338a899886fa21b32520f075bee73b9f61be038599d877820f48b7d79fe3d3e30b69573536f5f0565c13fa66392c
42,3ezRfcNv7mVXJ6p0,1745055306713,5,1745055306713@PWA3ezRfcNv7mVXJ6p0,1c65e3a182537003f4a182fd794440c74bb4a667c441078345683bf5b813304084fcfe939784f6a009012d0484ca7c45
42,3ezRfcNv7mVXJ6p0,1745026890713,21,1745026890713@PWA3ezRfcNv7mVXJ6p0,8e9336c7c72e8293a33762580426edaec9f9bdae47b827e443cd1d733139a21ae321d3a6cb4b318d7d5e09503779a063
42,3ezRfcNv7mVXJ6p0,1745033921713,23,1745033921713@PWA3ezRfcNv7mVXJ6p0,1c83008e626a8bcbae824af2cba20171c309eb0566ebf56a509065225ae39d3a6eebb0f1ebf64226bfb56169aabee6fb
42,3ezRfcNv7mVXJ6p0,1745043220713,2,1745043220713@PWA3ezRfcNv7mVXJ6p0,1868c96ae47d39e68a1de694f1523451f2ce0e28e5ae1637831cc5d393cd70438cb9f7e1401e82937509b22be2174d3d
42,3ezRfcNv7mVXJ6p0,1745014158713,18,1745014158713@PWA3ezRfcNv7mVXJ6p0,4d3fecb555ad399945daacbadddf782884573a8991972ab71d44dee8735eb83bbe9acbd732702429b43c8d8b69dc9f27
42,3ezRfcNv7mVXJ6p0,1745072346713,10,1745072346713@PWA3ezRfcNv7mVXJ6p0,cedc38cd2e94218e9ad03dd2e46d36313bd73225566ea0cc4257d725c0a1a2b39bc39aa2370a6425c3013169ccd32394
42,3ezRfcNv7mVXJ6p0,1745051960713,4,1745051960713@PWA3ezRfcNv7mVXJ6p0,c3c00179de5e4b21c631eb74fc66a9b817429da85e039716078b887a092422ac881f45897c2da13246b3c8e5134e6390
42,3ezRfcNv7mVXJ6p0,1745018807713,19,1745018807713@PWA3ezRfcNv7mVXJ6p0,18e11caabeed78174cfc204868629a60bcde0fa37423f093d119daba7cf731f03fe4be8c47d426ae9726a9522b7aa1e8
42,3ezRfcNv7mVXJ6p0,1745006618713,16,1745006618713@PWA3ezRfcNv7mVXJ6p0,5469a8ad784a8572735f5a53d2cdc5e0cb44fa934123bda6bb1c5671a7ea732ca94cd6572932c89b1ca3ba5e34016a37
42,3ezRfcNv7mVXJ6p0,1745068365713,9,1745068365713@PWA3ezRfcNv7mVXJ6p0,cf44681db906de0c835aa61ca0cd59f628b28f9f09a1dd05e70a55d58c5e9d3c3f4a06021982c9928e1e23a4bb71e71a
42,3ezRfcNv7mVXJ6p0,1745043575713,2,1745043575713@PWA3ezRfcNv7mVXJ6p0,1b22f1f0112435917b016da0c3d68a5252695df1fdf6abf170a1701988928423753dc15575164986edefd239a526f527
42,3ezRfcNv7mVXJ6p0,1745014794713,18,1745014794713@PWA3ezRfcNv7mVXJ6p0,785352c4c9eade8ea0ce62a32014fd545985a3ac518de4da1b182bd7c7aa1dfd5254bfa1623e5d8e0010ea2c00d20187
42,3ezRfcNv7mVXJ6p0,1745059730713,6,1745059730713@PWA3ezRfcNv7mVXJ6p0,04898370ceae71724def967f181d42f56dea67d54f2eb3e564d8cdf66a912026e37015832fab88364f40a02b05225604
42,3ezRfcNv7mVXJ6p0,1745020982713,20,1745020982713@PWA3ezRfcNv7mVXJ6p0,6099a19c5674e203aec1a0eb87465c715d12720c4ed504f94ea1e781721573be6667a9f6b8ec8b0642ec2a6d8b89133e
42,3ezRfcNv7mVXJ6p0,1745026614713,21,1745026614713@PWA3ezRfcNv7mVXJ6p0,c14ee7fb32356b5e756252db983c099b7e9b02ff565e3a7a2ba55a4e63c753eaaa56eed530973da3cf10ae9b26e469bf
42,3ezRfcNv7mVXJ6p0,1745052007713,4,1745052007713@PWA3ezRfcNv7mVXJ6p0,fe1b20788849c920aee9d877b37d7147f385e9094d67c8e550b5f3342ac05b3ba13ac13c74d328fd400ea9edbed2a97c
42,3ezRfcNv7mVXJ6p0,1745032914713,23,1745032914713@PWA3ezRfcNv7mVXJ6p0,7eb43faa7a333e2ad9c6c7e24f0cac942459b9b5be73b701667c18096b7e64d172fc18ae2e6b5039b05dd9a8ef9c95e3
42,3ezRfcNv7mVXJ6p0,1745073283713,10,1745073283713@PWA3ezRfcNv7mVXJ6p0,a5403afc20cb970f0e62381a5c71208f87cea5efb5daac32f7ba0ebbb3aff2ffaae8a82e685ef73dcbdf6d16f66299ef
42,3ezRfcNv7mVXJ6p0,1745032769713,23,1745032769713@PWA3ezRfcNv7mVXJ6p0,fd333619ee746bd44e7f6c1ed25a72ef9479a99201f3bce0bc1cfe2769f6a3adce537eb33cc85964ace37311379752c6
42,3ezRfcNv7mVXJ6p0,1745070535713,9,1745070535713@PWA3ezRfcNv7mVXJ6p0,c6a8faca5ace121b14376d1ea0f7e0a0d452baedb071fdc6c7f8eb22c665a2482e364623a19cd43f6f2003ace8a68234
42,3ezRfcNv7mVXJ6p0,1745066324713,8,1745066324713@PWA3ezRfcNv7mVXJ6p0,1c0c4e42682f5216ea5a447cad2c3a79f1a35d570cdf911ac5402ff563d770abbbf0a723f9cb4446fc387a49e2a2b497
42,3ezRfcNv7mVXJ6p0,1745061165713,7,1745061165713@PWA3ezRfcNv7mVXJ6p0,b89ef341fcd9a0a08f21a366385c210fc28cb287bb9cafc9ff6b6168f617eab53425674e2a70a7d1ac6cc2ec25d719c9
42,3ezRfcNv7mVXJ6p0,1745018761713,19,1745018761713@PWA3ezRfcNv7mVXJ6p0,3971c0bff1dcd87eae421712fd37d47c7b7ba656d0ab511b1e38bddb7d63b0b452d6596640ad0286774246c6a5d0dd50
42,3ezRfcNv7mVXJ6p0,1745042085713,1,1745042085713@PWA3ezRfcNv7mVXJ6p0,06cd5e1960d72e4c6d45d26d147d6e3c62d59af774ea776c05e127d05506e5549b0a8ad4d1780f5d71ab4822ff48d005
42,3ezRfcNv7mVXJ6p0,1745065512713,8,1745065512713@PWA3ezRfcNv7mVXJ6p0,63fcd14b2a18a8c7446e605db24396e3fb61457ea38a426cef2cc157f513b6e047ec1ef28d8149e18987a71b272ce8d3
42,3ezRfcNv7mVXJ6p0,1745017409713,19,1745017409713@PWA3ezRfcNv7mVXJ6p0,87afcec5d765a06efce360b28cbfbf508837272d8981d3201f26867c59749d0fd88248cd194993b8089e43f44b027667
42,3ezRfcNv7mVXJ6p0,1745066753713,8,1745066753713@PWA3ezRfcNv7mVXJ6p0,518a2b9056963a07b9060375b87d07e80fe131eec888d4f7eb2451598da8920cee76500e13c4914d2a9e6c3146b5884a
42,3ezRfcNv7mVXJ6p0,1745016357713,18,1745016357713@PWA3ezRfcNv7mVXJ6p0,17412c0e570251b48af5ed4261dfcaa69b14ea79e02ab122d27fa643ea6e6faf4f2c9df0668ac61d443b6fd35f982f3c
43,LfWLCJaZP5vzIK4N,1745077075713,11,1745077075713@PWALfWLCJaZP5vzIK4N,d3dd7ca2949579d4efea45d4ef42643885f4a3a4b8707f8a04804bc07cc131a8d584c78178b727a63525682fcdf9b545
43,LfWLCJaZP5vzIK4N,1745046836713,3,1745046836713@PWALfWLCJaZP5vzIK4N,cd3e7298ecf860cb16fa567651d7abb08dca92279d694d396b69886dcd13d693afebdf94543895f97acb9976333b29a5
43,LfWLCJaZP5vzIK4N,1745022154713,20,1745022154713@PWALfWLCJaZP5vzIK4N,7e566d8bb7de4604fb52deb8b18d17f97156f4652ce7d968edf7a428181401e4a9799e431bec3cdab464616680ed4535
43,LfWLCJaZP5vzIK4N,1745015020713,18,1745015020713@PWALfWLCJaZP5vzIK4N,115f150bf5e1e2d7725b4c22c9073ec8163190df28c3a540b25062371f4d832a7ae9a159e371fd800a3da8f8c5aa7b4b
43,LfWLCJaZP5vzIK4N,1745046238713,3,1745046238713@PWALfWLCJaZP5vzIK4N,f1d2f76488258b6e6bf16e8e4612ce2b763e3517e9a1cb56a997b14f5366d5198f3a3307447b881b8369fa3f93a452f1
43,LfWLCJaZP5vzIK4N,1745053089713,4,1745053089713@PWALfWLCJaZP5vzIK4N,2af10ddd89b8744b5e233e5d2c171a0445a398406dc6f5d224c470e3aa092b07aed7ac611f53a55720efb95e6fbd1a47
43,LfWLCJaZP5vzIK4N,1745009819713,16,1745009819713@PWALfWLCJaZP5vzIK4N,8874eb912dad7e74544fb7a289b70da7881d2b6bfd40b4334aecf5168de71268be0fca0af6b5291ade20eff3a4ecaac2
43,LfWLCJaZP5vzIK4N,1745058161713,6,1745058161713@PWALfWLCJaZP5vzIK4N,58ab35b6db1a84982aaf4868532c36f6ad56f8f36966ed49f183d2ca54dfe11366a47b10adab5f0d1283aa60a47e022a
43,LfWLCJaZP5vzIK4N,1745076209713,11,1745076209713@PWALfWLCJaZP5vzIK4N,ff3b8caad06c4a4576065095515b38674cc54484eac5756411fc24bbee1a7b92c387e10932edfff931b045e871533fae
43,LfWLCJaZP5vzIK4N,1745061674713,7,1745061674713@PWALfWLCJaZP5vzIK4N,8fff8974596ed0a859e436d38c6ffcb1201c1126bae110c41abc4057a1ac7db32491e4205c95614c685f230b450295a5
43,LfWLCJaZP5vzIK4N,1745077137713,11,1745077137713@PWALfWLCJaZP5vzIK4N,5c6d3b4b627d083eabf32b8e76c478ab4897dc8d9c0796fbeceff980f9afbe7c6b3ac5b8dc20c45ddaa63d2b73967517
43,LfWLCJaZP5vzIK4N,1745018562713,19,1745018562713@PWALfWLCJaZP5vzIK4N,72fe3b844007c5d8e2e4132b698f7cd4387d2f6bb42cda8cf6e04a1ea746c0b0b9bf55d6c1494a9e480967d373a08440
43,LfWLCJaZP5vzIK4N,1745017996713,19,1745017996713@PWALfWLCJaZP5vzIK4N,ebea861ccba8ab709b72a20c18cdbf5e81a2287aa5b56fda017193df557215a84915dd0cd48097cfa92daa75348b0eda
43,LfWLCJaZP5vzIK4N,1745011091713,17,1745011091713@PWALfWLCJaZP5vzIK4N,4667348927721320ee2d91b7bee9f80582ecc49656d13dcc6c9edcdfc39af94668de79b3717d079f1a9d57b221d2e65d
43,LfWLCJaZP5vzIK4N,1745035827713,0,1745035827713@PWALfWLCJaZP5vzIK4N,a74cb8724a8d9532b7598c62efb481fd380f1a9fddd6770267850f59c50eeb5ecaf867ff3fac3fa87dd75e2e28ca4ee7
43,LfWLCJaZP5vzIK4N,1745076434713,11,1745076434713@PWALfWLCJaZP5vzIK4N,745875bc35d96d1a9094be293049bc634e1bc8c91eecf6633831599d26f48498ff26826421f66211a6d5feb3f358de9e
43,LfWLCJaZP5vzIK4N,1745056775713,5,1745056775713@PWALfWLCJaZP5vzIK4N,984682134319e13fba54debd1ddbda0868dbdc3cca99ad8d037ae4aa4bbbd8e5d00dae7d12d8e59bff2380d1b130e389
43,LfWLCJaZP5vzIK4N,1745011938713,17,1745011938713@PWALfWLCJaZP5vzIK4N,607f1f855d566599ee5227f6d5345421ccbe523961359c43d2b22dda20a21433b4b51de8bdfbbe9f51868ac866e1926c
43,LfWLCJaZP5vzIK4N,1745065863713,8,1745065863713@PWALfWLCJaZP5vzIK4N,c835ca25f14cf13aed9c931c783cfff4cd14c092fd4865c8dd4ebed7366a57909cb344263513a57dcdaea5ed8579e044
43,LfWLCJaZP5vzIK4N,1745013000713,17,1745013000713@PWALfWLCJaZP5vzIK4N,7af11c89896423b924c40164277f3ad7b8810af8f96b382fd6ff0cdabe600a277a69d0efa7ab70e6e460bb544900fe11
43,LfWLCJaZP5vzIK4N,1745022308713,20,1745022308713@PWALfWLCJaZP5vzIK4N,ac230a70bc8d3f3093e75c70c160057def512121ba7e92edcc044a350d417af6c7726912c79b68cfb6b45ba919c35310
43,LfWLCJaZP5vzIK4N,1745048738713,3,1745048738713@PWALfWLCJaZP5vzIK4N,c0a9dc794c152e7322f3e56bde45780c355bcc227b5482dbfae0a851baadb36ac4ff55ebf5eb5f8a4174ace7109e5832
43,LfWLCJaZP5vzIK4N,1745018676713,19,1745018676713@PWALfWLCJaZP5vzIK4N,762dbce2c28a28b0b72424deb7f4e3bb3fff036b14082d68988c915d7a2b93f204da69bcdaa46bb8b5f343dd8a1c5bf5
43,LfWLCJaZP5vzIK4N,1745011294713,17,1745011294713@PWALfWLCJaZP5vzIK4N,0023f0a80de6a0dc9c7c9396c874eab33d8a7e3894cadca0be151f94dbf5057ab95d8a46555f9429e70d3730ea24c188
43,LfWLCJaZP5vzIK4N,1745077353713,11,1745077353713@PWALfWLCJaZP5vzIK4N,3cee9a24a22b385b757b6fa0acfdda92644bcf0b9c49394bf74b5e0ed42224d3d6bc400fde33d13200dcfcfa02d829a5
43,LfWLCJaZP5vzIK4N,1745048602713,3,1745048602713@PWALfWLCJaZP5vzIK4N,6a90c37ec7295f7e32a1e5ebe4ee6fe459ab8e004fab67efe80b0d8c1b5b6609151000ab57db392108810f2a1bf7a311
43,LfWLCJaZP5vzIK4N,1745014569713,18,1745014569713@PWALfWLCJaZP5vzIK4N,79b93bfd6a19399064d80bea9b3dfbdc9e6a48ec66720fe9d7272896ce2a2f6cb37b9f788545c2abe507728283547667
43,LfWLCJaZP5vzIK4N,1745068696713,9,1745068696713@PWALfWLCJaZP5vzIK4N,d35a3fb463f2a315c263515f50e7e2e225ea74092c8ea20c73bb61137c84280c6f43da403641d4995f385e43c498da0d
43,LfWLCJaZP5vzIK4N,1745006664713,16,1745006664713@PWALfWLCJaZP5vzIK4N,bd4a837459386b05f4dce6de2dc756b5cf263e1ed00b457c86238ae82f9ee21799bdcbea5186f360a238c052bc4ef34d
44,yFqI3RL6LJeP7Kpp,1745009412713,16,1745009412713@PWAyFqI3RL6LJeP7Kpp,5d6c39108d5ddb93bb8c7310b0f0d40815c0625c8c28f721253b00d53945f9bc95572c13e7341981a7b7e90bf4c063f4
44,yFqI3RL6LJeP7Kpp,1745035878713,0,1745035878713@PWAyFqI3RL6LJeP7Kpp,107fcd54883500741a645e8ad61edea7a5c15d706b1d9eb27a97a163d0591ca9d5756804524b3307b0d1fb192817d4fd
44,yFqI3RL6LJeP7Kpp,1745053259713,5,1745053259713@PWAyFqI3RL6LJeP7Kpp,5128834d6dad70ea9d30bb9b2b6550ac18015943d3738f7253f11c314f38e304156a08aca7790a5b9b8f526758a80584
44,yFqI3RL6LJeP7Kpp,1745055017713,5,1745055017713@PWAyFqI3RL6LJeP7Kpp,344756c97c55ac4404fb227a90836023ee2bcb24947a05b48020454d5edc803f50f9933be9e7e677d4e0582ef6b66cb7
44,yFqI3RL6LJeP7Kpp,1745041167713,1,1745041167713@PWAyFqI3RL6LJeP7Kpp,8d941a1b53c3b4e5a4a916a04bb85a7caf64c732d6545c006b7febb1d797f2308e177d388dafeb920ce80384bf8b3d31
44,yFqI3RL6LJeP7Kpp,1745065667713,8,1745065667713@PWAyFqI3RL6LJeP7Kpp,1377a6d98c3623d11f0fe280bbe8e31d7bb754cf540007509eef49933f4d128038f3954a5b648c003f9452d566cb0819
44,yFqI3RL6LJeP7Kpp,1745061604713,7,1745061604713@PWAyFqI3RL6LJeP7Kpp,ffaa536afa7ab5d07eb23d99ec895da88da9a511b05baf122509447aa972e68f1552710ea48f790a1785d36322b4ab9c
44,yFqI3RL6LJeP7Kpp,1745058888713,6,1745058888713@PWAyFqI3RL6LJeP7Kpp,5bf760a8572927f864702a00097d7c8edf588ba6a1c5d1801daf1d1b818195837915bdff9b3c870195c1b3da69cf6381
44,yFqI3RL6LJeP7Kpp,1745034667713,23,1745034667713@PWAyFqI3RL6LJeP7Kpp,cef53ab77dee13606418065ea8625e1a123ec5880220fc42c99972c252aa94046bedb778c6e622b097ea7822544a97c3
44,yFqI3RL6LJeP7Kpp,1745039803713,1,1745039803713@PWAyFqI3RL6LJeP7Kpp,115f32b93492c7aaed2dd30da0e47c29868e2b97f527323ad955790aa187b967b62d34eb667ef7cfe5c060399f802f99
44,yFqI3RL6LJeP7Kpp,1745043110713,2,1745043110713@PWAyFqI3RL6LJeP7Kpp,300b764bc4d104f3a924d722766a43928a65b8f7099b04b650f34456add04c44d0b54112648a34edbb23a6bd26f491ec
44,yFqI3RL6LJeP7Kpp,1745065224713,8,1745065224713@PWAyFqI3RL6LJeP7Kpp,bb6807a475ebf5fe9e4ee02a8281610cc128985d1251607598e3a54ec8de5ae85e1a8516154e96aa0987836e0a16ae24
44,yFqI3RL6LJeP7Kpp,1745008992713,16,1745008992713@PWAyFqI3RL6LJeP7Kpp,01550527a488d08f5824d83dc630e98287097420c51d9787a60f830abb59496cc12f328c8c6508988994d42fc5d4fa17
44,yFqI3RL6LJeP7Kpp,1745035539713,0,1745035539713@PWAyFqI3RL6LJeP7Kpp,2e3929f80076ec249cd4b99d816a2a5baf8ae62a6471de9335a0132898a69c81cd354a60d01d0ffe69e77a8e8e8abd80
44,yFqI3RL6LJeP7Kpp,1745011991713,17,1745011991713@PWAyFqI3RL6LJeP7Kpp,5ec44a6eb2d88b91595fb3f9ab615b2b5ffb1267754ea68bf68a7eb4c43ec4e5ac4f1a54aa7d0de1a937a91617b6f99e
44,yFqI3RL6LJeP7Kpp,1745051151713,4,1745051151713@PWAyFqI3RL6LJeP7Kpp,a5eaff89b1e1e082ba74b335c7e249ba21b171815a1e1fbabefbcc791823d3e661df8887b1abe4318176d57a2f4df35a
44,yFqI3RL6LJeP7Kpp,1745027075713,21,1745027075713@PWAyFqI3RL6LJeP7Kpp,d9edbcb99c84da9b9727c88a12fc4bc8c0eca3f4a8aaa3e0c8ef5d91589c737d6180c45320976c6ac0e9079a7047ff05
44,yFqI3RL6LJeP7Kpp,1745053739713,5,1745053739713@PWAyFqI3RL6LJeP7Kpp,25a35d06fe4668d9a600f3709320114c018698247baa6433ba66cb622411b845790b33e1c59e68ec11f53231d6a64b58
44,yFqI3RL6LJeP7Kpp,1745066607713,8,1745066607713@PWAyFqI3RL6LJeP7Kpp,7bc9d885ab2d1692ddb0df3055b7389bb1e62c07857fce339185435c20a0474ba23be4cc5660f000b70def7739d7d8a3
44,yFqI3RL6LJeP7Kpp,1745010225713,17,1745010225713@PWAyFqI3RL6LJeP7Kpp,6237b2015ab169f33d5aa093692487ab93ac924d65cb1fd6ac53b84ddb0da2ff76714557fe4915b2dd23f675d753a027
44,yFqI3RL6LJeP7Kpp,1745068008713,9,1745068008713@PWAyFqI3RL6LJeP7Kpp,e86408240858762a5f3ae31d4ca4be1aa31d977b538a3f6a4999353454360f3586de090f28e5b8533151f74a19b5fcf9
44,yFqI3RL6LJeP7Kpp,1745030806713,22,1745030806713@PWAyFqI3RL6LJeP7Kpp,45807b54f4bcfe27942f56ad53d70d73249085e0b0b35e2276d24e7ad7397edbedd06ee9311bd332f2bf42ee84b1940d
44,yFqI3RL6LJeP7Kpp,1745064390713,8,1745064390713@PWAyFqI3RL6LJeP7Kpp,af7e4c0c351953d578079055ebe78d13fc49e2abf7826d47692952cfad6dbe176cd1f42f501fbb37fe1968d9f2dc6d42
44,yFqI3RL6LJeP7Kpp,1745039792713,1,1745039792713@PWAyFqI3RL6LJeP7Kpp,7815a8f868e662b5e6feb5e2bd4718afc041d83fbf8946b5cb843ba0d129f92982e833fd6b39b35c8ad32052460ad5c4
44,yFqI3RL6LJeP7Kpp,1745048736713,3,1745048736713@PWAyFqI3RL6LJeP7Kpp,86113385ddeb4315862ab70f89fb26103899428815837293cc847643352e7e9ccb4d024f505609824464ddd53db9ec1c
44,yFqI3RL6LJeP7Kpp,1745015189713,18,1745015189713@PWAyFqI3RL6LJeP7Kpp,2ee067621c2020efe0c40813a2dc62fe9c2bf49f3a12044629f07b5d730e737d01ad1bd5b40c1372e7e6a48971477da1
45,OW5f2aYGQEM2tHZS,1745007284713,16,1745007284713@PWAOW5f2aYGQEM2tHZS,fcba18a47fc29ece0c8996996cd4a21f5d6d4c526549fc32017aa9d828aefe1f44d7dba7dbab5a9fffbf1e6f72d21d4d
45,OW5f2aYGQEM2tHZS,1745029715713,22,1745029715713@PWAOW5f2aYGQEM2tHZS,09623dd251fa8230556f067e1ab66640e300faba3d2639f13650edb6a93b0a90b189cb378bb897d692ce680b57709ee2
45,OW5f2aYGQEM2tHZS,1745026887713,21,1745026887713@PWAOW5f2aYGQEM2tHZS,b5a759442b1485a7dc02bdbadc5cbc94da46b9ba2f205edc83ef175c6b7f85c84fedb8fee15ac582db3073f977b60e7b
45,OW5f2aYGQEM2tHZS,1745066423713,8,1745066423713@PWAOW5f2aYGQEM2tHZS,c55e04fbe67ef7e39e297ad71b6c3574fba8c2b7915717fa0245e00b9ee97b8ea4b646e76e7d2d6556a99a549d11bd78
45,OW5f2aYGQEM2tHZS,1745034906713,23,1745034906713@PWAOW5f2aYGQEM2tHZS,2091fd2b8b286fa00c761f4eb8f40fdce8988afdb95e7ddb3b87b21543ca7e9c49fdf105f5ced678378c3a0e23e24813
45,OW5f2aYGQEM2tHZS,1745019559713,19,1745019559713@PWAOW5f2aYGQEM2tHZS,78f580d253150e22743835960eb8b4b59ca2ab3de68c946f26a7ab9824304b05658c84047bfdddadd5a22742af2570b7
45,OW5f2aYGQEM2tHZS,1745069868713,9,1745069868713@PWAOW5f2aYGQEM2tHZS,201e3b1856020cf77e19ff70eb57d7993d10bf6918aabfafce7f272e43e2cff5281360ca4088c7b0d3b4c83c4c47dfa8
45,OW5f2aYGQEM2tHZS,1745036844713,0,1745036844713@PWAOW5f2aYGQEM2tHZS,c701b251835efe156503f1ac7337648d510f973018292270901d44d50062f0dac1bf48319374e8f3895dff4f3b107c6e
45,OW5f2aYGQEM2tHZS,1745052267713,4,1745052267713@PWAOW5f2aYGQEM2tHZS,0a9cc61064ecfefad9215280cb85e506ae910153c641bfce5dd40054a5e4bcf0d44ef81f1f86c2c8a3a2e1290512a7a0
45,OW5f2aYGQEM2tHZS,1745030096713,22,1745030096713@PWAOW5f2aYGQEM2tHZS,ea9da40d9eabdf191033edaa1d4aeba9b440e1d0e57832b2a8e241b528cad7f0ca987467b857d9ecc0960a67292103a0
45,OW5f2aYGQEM2tHZS,1745027302713,21,1745027302713@PWAOW5f2aYGQEM2tHZS,1d23ec477f582144d066235fd6c5d9b358994fc98bb37dbe5d1321c681f7702abb7f2cf2d5cb71e3130597ab4b7475d5
45,OW5f2aYGQEM2tHZS,1745044619713,2,1745044619713@PWAOW5f2aYGQEM2tHZS,0138feeb34b5cd85d230547169992eb2b3d3a607a0eaafff2a90fa971b4df22a04cd2ed726c6e96cec605213eb6aaed8
45,OW5f2aYGQEM2tHZS,1745012646713,17,1745012646713@PWAOW5f2aYGQEM2tHZS,960e18cd52aac7f348c2e084ace6bf99ac22e44850b261cf78fef05f9bcb386387a807f57fa9c84d180deaec4f9c8ce2
45,OW5f2aYGQEM2tHZS,1745030164713,22,1745030164713@PWAOW5f2aYGQEM2tHZS,e21ce8f77e5e6ff522b9be6cd0dd3c26fa52dcb4fdb4e03f31e74189b93e74355391e19c3a49d65e04bcd493d6002d65
45,OW5f2aYGQEM2tHZS,1745057988713,6,1745057988713@PWAOW5f2aYGQEM2tHZS,9cb223129ff6e5c92a681d53f5dd0f63d0bb70564345c740b70fa23565ed0f535f7aad1c270460b453d3bdcabdf5b993
45,OW5f2aYGQEM2tHZS,1745019841713,19,1745019841713@PWAOW5f2aYGQEM2tHZS,536acb6d337eda883efa1d6a04d182b5f13783c8a92a0e0e7b8e839a0de26f605ae3f30e1434b30e0a682b80e8dc67bf
45,OW5f2aYGQEM2tHZS,1745070522713,9,1745070522713@PWAOW5f2aYGQEM2tHZS,e2682737758831c043f2315cfa720d03786916abab19d1b282c9ae8b5dc344bae79659a89b104d06c8826e2355a03090
45,OW5f2aYGQEM2tHZS,1745049485713,3,1745049485713@PWAOW5f2aYGQEM2tHZS,7d6f63405b9ba78b0cb9a5b9a9c9a3499159fdb5a3770ef4597d5e18be630ac0c578f7a51a3d06c7076ef799b37b30c0
45,OW5f2aYGQEM2tHZS,1745026031713,21,1745026031713@PWAOW5f2aYGQEM2tHZS,b4c1ebe3bd0f84be6a1c58c1b7b3ef83328f26c15ac7a3ee3f237b96be5e67cc1b0d4f4ad1f7e3f4fc683341ea6084c4
45,OW5f2aYGQEM2tHZS,1745041669713,1,1745041669713@PWAOW5f2aYGQEM2tHZS,5f2b64e178db70340cf0123b00c8b14363e51c34d69ff7fb502a708684ffa4adab551b5d31763bf2ad0ed70767836580
45,OW5f2aYGQEM2tHZS,1745046999713,3,1745046999713@PWAOW5f2aYGQEM2tHZS,e2b1a12536ba0ea527a67a7eb19163943c599e7c52a264ac84302ef57e642b14c2ae9ba8d4de41a5899a4122f4a6ee1f
45,OW5f2aYGQEM2tHZS,1745023333713,20,1745023333713@PWAOW5f2aYGQEM2tHZS,057a696d64454a7998df4a2a04679eebb9298e1b09d16bbcccf6f05d35f74ea792fcce304f31da086e7a116a95b79626
45,OW5f2aYGQEM2tHZS,1745037059713,0,1745037059713@PWAOW5f2aYGQEM2tHZS,ad2e14951d9943f36e27aaadb89cc08b75e5fbb9128709ed6ad10c01f30f3dd4de8a5793ef12d4b28e301f9eaec675c6
45,OW5f2aYGQEM2tHZS,1745060425713,7,1745060425713@PWAOW5f2aYGQEM2tHZS,32ee0e056ce34014b82a5b83256f5bd81eaf5d61fb90aa797a7c10d5c81dd3906bd2c236d0790c7f496ce248649bbb72
45,OW5f2aYGQEM2tHZS,1745045963713,2,1745045963713@PWAOW5f2aYGQEM2tHZS,89793d89d867012254a68c3cf8f0db88d29363789583bd7f9bd8b8b60b5fb8b8d36112af9eca1416f1868f3d03d6ac21
45,OW5f2aYGQEM2tHZS,1745076788713,11,1745076788713@PWAOW5f2aYGQEM2tHZS,7b3cbc7c711cedfc7827632295ac17a6a2fda31d83843c209504cc1b291af777cf79825e7fd99e69b78ea09962e7d23a
45,OW5f2aYGQEM2tHZS,1745052981713,4,1745052981713@PWAOW5f2aYGQEM2tHZS,a83f366fc0183d913678458ae8d881acb4d1b7588bee32e4804499aa2d5f60ebdc46f6f96dcb27a4f56c84c0c999dc36
45,OW5f2aYGQEM2tHZS,1745010429713,17,1745010429713@PWAOW5f2aYGQEM2tHZS,f61b2de94368c6578a627dcdda835c5126136eec921924121572e3b7885e20f87fd5f271b5e3ad02405629144cf75d9a
45,OW5f2aYGQEM2tHZS,1745033911713,23,1745033911713@PWAOW5f2aYGQEM2tHZS,e2eca8cf3829e0f15c2a630419a55e85b3f2fefc20a0471cc366358e7b8e97a14599e718406ce21b86c4405c0770f016
46,wjYt0TS2X44XBzM3,1745050157713,4,1745050157713@PWAwjYt0TS2X44XBzM3,e9505cbfa824a8b23f1054986ba37e97dfb47694afa4edf42c2d0b46620db35a85981e9e929f521817595165e756c649
46,wjYt0TS2X44XBzM3,1745041794713,1,1745041794713@PWAwjYt0TS2X44XBzM3,0907f55dd96da8a1a0e07c6901fbad81ab024b11652abadf300bc5955a867da29e8c452cf3b0f5977f9cd2c9969a7332
46,wjYt0TS2X44XBzM3,1745061680713,7,1745061680713@PWAwjYt0TS2X44XBzM3,72a1b209ba0dedd32c65442badad50c3660f7918f564b65ea72c419687bc8d455bd987fa10f09c4f5c721b37e32427d9
46,wjYt0TS2X44XBzM3,1745064047713,8,1745064047713@PWAwjYt0TS2X44XBzM3,77b8abd49b0ab0c3ab402058a9d2acdbfce36830cc8cea03375187d945026cf91fa2841ee10d3fe13e02c9d816817438
46,wjYt0TS2X44XBzM3,1745049548713,3,1745049548713@PWAwjYt0TS2X44XBzM3,72694a4feef06488b59432085658053c65b3419045e636ffb0d32d1ffc3b7fd91206f0b425d4693dd88157715be56a9c
46,wjYt0TS2X44XBzM3,1745076139713,11,1745076139713@PWAwjYt0TS2X44XBzM3,4b47e136b42a6e059b3b94462b8d4c462d6afccf3c657283cf5b235a4a585c31c92b2c383dc53f3cfb7dc876b220204c
46,wjYt0TS2X44XBzM3,1745061934713,7,1745061934713@PWAwjYt0TS2X44XBzM3,3278fa1bf6484875853bc921f8ebc5b21fb6d07dc8cd5a382126fcbe74e6e4a484689b779b70e73d4528f9502b039bc8
46,wjYt0TS2X44XBzM3,1745058564713,6,1745058564713@PWAwjYt0TS2X44XBzM3,3e2e0a5d33345454e064611220ca3394afb98e4ea331d3f022a0d9fb053099d919708489f8bedc3bb39dfb10034a66b7
46,wjYt0TS2X44XBzM3,1745057766713,6,1745057766713@PWAwjYt0TS2X44XBzM3,9a2d6040b8a093d79b9e663c7733e7ab0b893713452916bc9b2ef5b6653f714e11a73caf317bf0332dd9073da79c3c04
46,wjYt0TS2X44XBzM3,1745043089713,2,1745043089713@PWAwjYt0TS2X44XBzM3,5db09c6c76c53f4cfa57f1761ba396d63914cd83557fbffbbd58ef300413d641a73df55931f6da3b4477c97b5642679c
46,wjYt0TS2X44XBzM3,1745020489713,19,1745020489713@PWAwjYt0TS2X44XBzM3,5eac7879e8aecbfb4163708621572a68113c599edad5710f0896187148e23d64ee3d0d88acb3d8413479bf1bb6ce86c9
46,wjYt0TS2X44XBzM3,1745016814713,18,1745016814713@PWAwjYt0TS2X44XBzM3,8c5959a53ef66387fee69d97feb049d1902515d9921be5c52b8a18c14da5d39c3e3faf298b9a65331bd7642d9992d9f1
46,wjYt0TS2X44XBzM3,1745064791713,8,1745064791713@PWAwjYt0TS2X44XBzM3,74bb2aac6deb34f2a1a8a9edaacd241c8dad63f059e616e2e511b5d52c132abfb2192be92b9c0ff2febadcd479e649d3
46,wjYt0TS2X44XBzM3,1745040107713,1,1745040107713@PWAwjYt0TS2X44XBzM3,80a0f06b8916e18a9b0e87f8f94f940122e1f235a2aea5a8d4f5fd2e53c10c05c8b56e81a975845e2cd8589c143c46ce
46,wjYt0TS2X44XBzM3,1745045852713,2,1745045852713@PWAwjYt0TS2X44XBzM3,a68bfc3cd7fcd59e77a00a9f6e704644fae23d4d8338471092747ceca7d13e5b41d0ea92b1f8b7e12b14189cfa475f82
46,wjYt0TS2X44XBzM3,1745044893713,2,1745044893713@PWAwjYt0TS2X44XBzM3,21c8e65b7c8bf39cf22fef8ae31fbfe3fafc70dd3fe6000a87542a5c81c9ee19c43f4e4b0f924a4177b2234beb6c6fc7
46,wjYt0TS2X44XBzM3,1745048160713,3,1745048160713@PWAwjYt0TS2X44XBzM3,4c74689762d7b5d61bac632f92986dcae2b3fb987c746fe0541ba1084ebdff38a2e2310911078bdaaba9124da061a4a6
46,wjYt0TS2X44XBzM3,1745064516713,8,1745064516713@PWAwjYt0TS2X44XBzM3,5dc016702e5db1a6effd1a1e2e1d28d79bfb2d7203a534fe20c9fca822b9152b4eea512323df2956e38a0b3e46b4ee02
46,wjYt0TS2X44XBzM3,1745058588713,6,1745058588713@PWAwjYt0TS2X44XBzM3,9fd9274bf453280a09aa1931853749732e061f0a23ea29b6957022baa3e8fea9609e5a78b7cb789da005746289dd6986
46,wjYt0TS2X44XBzM3,1745009807713,16,1745009807713@PWAwjYt0TS2X44XBzM3,896d6287d22962714300577619319bc9b986b183c92689eb8092b3f6e37df6803d2dcfa1700b21a6c811900a3ba9ec00
46,wjYt0TS2X44XBzM3,1745069410713,9,1745069410713@PWAwjYt0TS2X44XBzM3,4f8d3c525043cc04f95f13c9a75774a89471c5898ab1c0943f6130c2d00a2a13614f48624faf1efe41f079ab4b3ef5bc
46,wjYt0TS2X44XBzM3,1745027162713,21,1745027162713@PWAwjYt0TS2X44XBzM3,7cf43a96872d7d031fa9c477113f7f904ac9ebdb3d1791be9225c3b7aaf7847593a9572a3327ad4d4ff700fe9f7f3f0c
46,wjYt0TS2X44XBzM3,1745033002713,23,1745033002713@PWAwjYt0TS2X44XBzM3,0f90432147892ca29a131dad130d6d6ed2e624ac400ae86b7bd6785d5b29ff14d5f6ff33c9df3d79e8e3f52514dc17d2
46,wjYt0TS2X44XBzM3,1745033802713,23,1745033802713@PWAwjYt0TS2X44XBzM3,4707f425a5e08dc72aee828185464a259e59172103c102c697df012f10175b722316da84bab490dd69373bbf00c3af78
46,wjYt0TS2X44XBzM3,1745039466713,1,1745039466713@PWAwjYt0TS2X44XBzM3,8ca3a32441e35201549e220e39ad9a242fe0a764564e0beec235f46d00c3294aab801bd39524f9eb94c21c802fd70024
46,wjYt0TS2X44XBzM3,1745063597713,7,1745063597713@PWAwjYt0TS2X44XBzM3,98e8ef95dac2115465c52ac42a331c066f42dbf136cf672404afa4b13b5134e93b348b4b2c3d2ef3b41c76fb028e9741
46,wjYt0TS2X44XBzM3,1745064428713,8,1745064428713@PWAwjYt0TS2X44XBzM3,f2faa112457885c6a48fc15485ac5b70908508863557220d51a1bb67ba80f8f8f41a856b5f287524fb515d8cb6aaf97b
46,wjYt0TS2X44XBzM3,1745049757713,4,1745049757713@PWAwjYt0TS2X44XBzM3,6ac3245f3357bf0bbe5f3e66398d1e9aaa42367e8294e4da80c36e252ce48c3d8330aa38cf257576e17061a06731ae4c
46,wjYt0TS2X44XBzM3,1745053333713,5,1745053333713@PWAwjYt0TS2X44XBzM3,ef3f7cb6276a9df24932f4bf270a9287dd8892afc823a21397063a029548d4ff84ee0fd75490cdad167738d80ae8b7e1
47,23WNYmz71AdOEqIg,1745027499713,21,1745027499713@PWA23WNYmz71AdOEqIg,a19a0fc4321be381bae47f45e4e8a972d37ab35d91b54ce0b8983460e0a82cd225e4a48c2ddec1eefaffc3428e103845
47,23WNYmz71AdOEqIg,1745033838713,23,1745033838713@PWA23WNYmz71AdOEqIg,85e94d652bd08dbde8bf36aa6057211f32d53a121ca71bdb056345124e604d826e3245ece10ba3f2ef6352ce5c0fae69
47,23WNYmz71AdOEqIg,1745036164713,0,1745036164713@PWA23WNYmz71AdOEqIg,7e87c9938d5e66ea8923b102071c8033a497fdfbe4012ecf61019f04bd71b5e650664a2ecbc88e4eb5ca7016f8e6dbeb
47,23WNYmz71AdOEqIg,1745057589713,6,1745057589713@PWA23WNYmz71AdOEqIg,0b8d3e777f68ba13c5eed7634c6702396d0943b65109e8a0cb934dc14f398f354b19c494968a37f6b6adb8d84f2a4e8a
47,23WNYmz71AdOEqIg,1745010115713,17,1745010115713@PWA23WNYmz71AdOEqIg,a9b510510421bc0b870ba086b6d316b887e7660ec0d714bd742668600486a06d02b58fa3010c185e9007162a1a0ea747
47,23WNYmz71AdOEqIg,1745038981713,1,1745038981713@PWA23WNYmz71AdOEqIg,bf8f6cd1d397258199558dc149541705b41534afaa191d1f34d3976e03a064e3a2777157ad43de08a3a026f057c14fd6
47,23WNYmz71AdOEqIg,1745058762713,6,1745058762713@PWA23WNYmz71AdOEqIg,a31a3d06be4cd02d36b761a1b095c6ebe5524fba11a2ee41ad5d60e5341d83f8f745338f3d6d0609e28d668fde79907e
47,23WNYmz71AdOEqIg,1745068174713,9,1745068174713@PWA23WNYmz71AdOEqIg,0aba35b53510657bb963b6616d9ddf1bbc893c79ce4fb6f4226e9b7d09c8267a102d68b3a954d7263f3e7a8268f4cb49
47,23WNYmz71AdOEqIg,1745047157713,3,1745047157713@PWA23WNYmz71AdOEqIg,8c11bc09f4750edf35d10ac9a262648c0e7ef4475dc2b01bc66a99000f143c06138aa064c538777c00478ef8b8b0c2d8
47,23WNYmz71AdOEqIg,1745015551713,18,1745015551713@PWA23WNYmz71AdOEqIg,f44d2f277ecbaf45d51fd13273ab858d9b06db1bae8c7385499136e646636a6e95ffbe1dce67a2ce829789caed4cd4a3
47,23WNYmz71AdOEqIg,1745069746713,9,1745069746713@PWA23WNYmz71AdOEqIg,4f9b9098655c2bf68028596290130bb4e2ef57ad7aff07a070cd783ca764dd1fa01780d4c4f0b4a9e7787d0603c40a85
47,23WNYmz71AdOEqIg,1745027005713,21,1745027005713@PWA23WNYmz71AdOEqIg,40eb786d6ba4d712b9278d83a9ae19b33d1c9f403ccb5f319771b22d9df09c88644a1e6d556336d25bb3d63a9e751426
47,23WNYmz71AdOEqIg,1745060508713,7,1745060508713@PWA23WNYmz71AdOEqIg,91c20e7be5e04170d49e94cf51fbb40c7c8f16463983d1b168fd2b569ea9fbad4f6d3649de76affd7cf7b1dd32d5527e
47,23WNYmz71AdOEqIg,1745074554713,10,1745074554713@PWA23WNYmz71AdOEqIg,37669ab6169b8bebd7e837f98a90947b6974b76a92c56804c372c7c23f9651af933bdb9183149cb02884fa71f15f0f3b
47,23WNYmz71AdOEqIg,1745056627713,5,1745056627713@PWA23WNYmz71AdOEqIg,3290f7787c2ab531ebbcc298dfd45800b44b63d098e9f45ce4154e19ee90f49885de8d94afe8e68dfbb1ec535f4ec19e
47,23WNYmz71AdOEqIg,1745008061713,16,1745008061713@PWA23WNYmz71AdOEqIg,a3152fc39636168aa923944f560c619d0dcacabcf3b403978f5281c5202ddb8c3a7f475115513c85da67f12020a881b8
47,23WNYmz71AdOEqIg,1745036633713,0,1745036633713@PWA23WNYmz71AdOEqIg,19c014d23cc353fdae2fb1967ada83903fee07c6e871d8a489c20dc27900710230124da2a2ecd8e84433108bb115e9e9
47,23WNYmz71AdOEqIg,1745064508713,8,1745064508713@PWA23WNYmz71AdOEqIg,201c86f373b27bbbcd6e93f58aa327d3012eb3e753dcc24d4f7da0b7a050d21faf711a31084d3a5f894fa8792b0a11f4
47,23WNYmz71AdOEqIg,1745071869713,10,1745071869713@PWA23WNYmz71AdOEqIg,c53b859555c37c33a44c1aa98f3bcac9a26bc4a69a2bf79d748d5cfdb559e4a13e7ee191c53f223be53e445f8b41909d
47,23WNYmz71AdOEqIg,1745029297713,22,1745029297713@PWA23WNYmz71AdOEqIg,22a51d92574e5615698ed3ae47fce9e67c4dd16ff28718ded195df91d2475c14925e4656525c96ee6a1cdb050a627d04
47,23WNYmz71AdOEqIg,1745028765713,22,1745028765713@PWA23WNYmz71AdOEqIg,99f9ae79b08e6684f9a75eb26f616402f43aa25e54b0536b8e8489b2b6d584db446b17e4a40c4251ce8857174904d48e
47,23WNYmz71AdOEqIg,1745052653713,4,1745052653713@PWA23WNYmz71AdOEqIg,914eb409d5366b78bf421f0f0f69949c6ad839e271190470edcea57be29dbb75b55d234fffe750112a5fae2f125662d5
47,23WNYmz71AdOEqIg,1745023241713,20,1745023241713@PWA23WNYmz71AdOEqIg,49e9a5c0421f3128dbac5a4c9f4a543d2bbb56fdbeb9a2ccab591ba807765427323c515cc1f19a390bec899e80d9cfce
47,23WNYmz71AdOEqIg,1745064808713,8,1745064808713@PWA23WNYmz71AdOEqIg,c38702dea7c0a2d8b74b525e533eecf75a98d9c39c902f6e28dc25418ed55d3112b4f2e1c6127e01274f97621ed0004b
47,23WNYmz71AdOEqIg,1745073149713,10,1745073149713@PWA23WNYmz71AdOEqIg,6c1e4734d131de8643ba0ad0b7ae22aff0c8380a68edbe869d989ca6e87053a7832ae5c9f3798fb8a2abc78863fbd45d
47,23WNYmz71AdOEqIg,1745034701713,23,1745034701713@PWA23WNYmz71AdOEqIg,af8ee2780cb2102cfbaa212a18c628918aeaf9a6e85858d3cd9c309c7c0a114e6f455001701d2540c4d2c0a9b1ca648a
47,23WNYmz71AdOEqIg,1745052398713,4,1745052398713@PWA23WNYmz71AdOEqIg,f02bc6d923f76522997f098b76b5f4b3bbdb25eeb34c9802600339ca6f36bcb407805a56d911c9df5af7913af8d130f3
47,23WNYmz71AdOEqIg,1745030739713,22,1745030739713@PWA23WNYmz71AdOEqIg,bb6ca43b82b938e2927a174e9ba5f40e7f350f8ef6d37f97cce51f96cd989efb46786f651123d6ed3cd7dff982d6866e
47,23WNYmz71AdOEqIg,1745076978713,11,1745076978713@PWA23WNYmz71AdOEqIg,449b58f8c3907f069b1842a25c3511ff5e19bdf2f5b18a294c90ea181b8b3431cc9e43d61b1368640c528bd74964cd19
47,23WNYmz71AdOEqIg,1745064356713,8,1745064356713@PWA23WNYmz71AdOEqIg,32216816b4e8db6f709f644a7354d104f73d6dc10fffc8cdeb14fa6f9539f5488371fb58339f03e99b48bd6662474f4c
47,23WNYmz71AdOEqIg,1745029649713,22,1745029649713@PWA23WNYmz71AdOEqIg,738cf2bdea5640b3f5b8d5b5ce0f8ec096b72982b3a03bb7cd4085a087ef1ce79ab6e55a3f20bc9ca49f6bf7febfe69c
47,23WNYmz71AdOEqIg,1745069589713,9,1745069589713@PWA23WNYmz71AdOEqIg,1000f23d6d8ea49cd1e3038c4f0d8f2019c0ea5aeedd90b2bdb5250e9ee980681196c7e7c83cf3ebe680b946ceccfd97
47,23WNYmz71AdOEqIg,1745031693713,23,1745031693713@PWA23WNYmz71AdOEqIg,cb1b31a2b54875c31bd0792ca504686b22579726983832b842535b2d95da613411f44189d528230ac245a553b9c281b6
47,23WNYmz71AdOEqIg,1745033381713,23,1745033381713@PWA23WNYmz71AdOEqIg,4d07724b9bb1517f51c7802dc175e896f944ebaae956ad346c30884a1fbc0d34bf379c9b98dfb696f9e00092672d2064
47,23WNYmz71AdOEqIg,1745041788713,1,1745041788713@PWA23WNYmz71AdOEqIg,c9e5e86982d3ed78a36417695abd6d18993ad5d4e40008db512bd05d86a1408cededf004bed276f6a6ad177725190ee3
48,xwB9Q85ynAWZXOFc,1745022857713,20,1745022857713@PWAxwB9Q85ynAWZXOFc,25f3ef3f14082d179c6b60200ec4051f2049a39443d10d2a8f03103c47551c3cb133d5c8835ce22ab0faee1f418948d1
48,xwB9Q85ynAWZXOFc,1745077410713,11,1745077410713@PWAxwB9Q85ynAWZXOFc,09ec795a9cd2513b37453cfd75733e934fe616a8987d0f45ca19429fa36eccade4af1c5d7bc89937141517c18a6f77c5
48,xwB9Q85ynAWZXOFc,1745026504713,21,1745026504713@PWAxwB9Q85ynAWZXOFc,76d56d91930e0875d8bc40bdd7c8328f9f1572fe7c4cf213e7a93935d4691234c8e205339b489a296e72805282ba816b
48,xwB9Q85ynAWZXOFc,1745059588713,6,1745059588713@PWAxwB9Q85ynAWZXOFc,e5b90ec22f7fa182f05920203379a9f378e81b994f5e012074457744f4de2bab5f7c8a533d0805cff42be34bf85f077a
48,xwB9Q85ynAWZXOFc,1745008161713,16,1745008161713@PWAxwB9Q85ynAWZXOFc,f8ac74565e54ef82c94d22ca9a78ceaed3d50296731d2b1f1ccc11c9b761c362b1fbd149cd309a7f99c819a87712d2df
48,xwB9Q85ynAWZXOFc,1745060793713,7,1745060793713@PWAxwB9Q85ynAWZXOFc,dbdc0415d839b8fca9f8ea860641cba80619ea34f99700dde0030cba3242fe5e07dc618ecf785939240d341518f945b0
48,xwB9Q85ynAWZXOFc,1745022247713,20,1745022247713@PWAxwB9Q85ynAWZXOFc,14b2122c9c9191e28e30f61d15cca0a5edf004b149072fe09363835c70eec4d423444d13c1af5fdeedb5ce6af4a58b6f
48,xwB9Q85ynAWZXOFc,1745052245713,4,1745052245713@PWAxwB9Q85ynAWZXOFc,24a7e118fafd60ef42e92bdd40d83c9e6adb67f61e4dee853a618b328184c41ea2a27651de5ef4f7f498dcde89a0394a
48,xwB9Q85ynAWZXOFc,1745023669713,20,1745023669713@PWAxwB9Q85ynAWZXOFc,323736593b74f2d45f8ec58aa5155a6f1cec41073593339aac194cfe17576949a6eb1bd718f1707781907a5a2e3a6244
48,xwB9Q85ynAWZXOFc,1745045204713,2,1745045204713@PWAxwB9Q85ynAWZXOFc,94beb6e91fb2a6054561fc080630db3ebed61da783ebd988b56732d92770762729a1f645fc8e7005c133c39429486f5b
48,xwB9Q85ynAWZXOFc,1745047307713,3,1745047307713@PWAxwB9Q85ynAWZXOFc,bba77a4e29751deadbf3b947d409dbbbb20a418606efe71d2aa2cc52ae53a8bcf6f5cbb2d4eb932c0fb396bd6f6f11e9
48,xwB9Q85ynAWZXOFc,1745032320713,23,1745032320713@PWAxwB9Q85ynAWZXOFc,28b8d01e8c2c6a2a9aba205e6165277d4d1e041360689a3abd60d5d5a910a9a22bd163c042e79c0192172c45dd8867f4
48,xwB9Q85ynAWZXOFc,1745063883713,7,1745063883713@PWAxwB9Q85ynAWZXOFc,704575486d69cc2a1c09431d43d685cc168899d386697fd6689608d25072d2b0eb33e4d5fa86ab0e8de79fece5ca41ff
48,xwB9Q85ynAWZXOFc,1745054965713,5,1745054965713@PWAxwB9Q85ynAWZXOFc,7aa933a79e5a14a1363c58406c06e07d13aa20c80e0d812698ef8845cfc83ba63b05c826c4efe069985b5d23475af417
48,xwB9Q85ynAWZXOFc,1745006227713,15,1745006227713@PWAxwB9Q85ynAWZXOFc,7bea50cb64dbe66f901c621370a77ec18ce73fd15299ca5747cbc76e031ea12e633d9f0b1b5fc54ab6ee3d23818db5d2
48,xwB9Q85ynAWZXOFc,1745032988713,23,1745032988713@PWAxwB9Q85ynAWZXOFc,3fd4a50fcc722948c5f1c28b9fd4dea1493c1159a3f9e90268b0df77c3d3fbb638dfa7e70f20ebe0ac0bcf159c04efe9
48,xwB9Q85ynAWZXOFc,1745030371713,22,1745030371713@PWAxwB9Q85ynAWZXOFc,8f35423b0c8fd1404f177d18d29c4805f9fc2825d6962926a7d2df2c785f0fcfa27bd6252ddc587ce8287af3ea804e97
48,xwB9Q85ynAWZXOFc,1745031157713,22,1745031157713@PWAxwB9Q85ynAWZXOFc,febe19ba400415d3355c40535a1d11fc096ebb590dc34aa25779da6db83cfe7ddd5ff7a14b47b1d608459995d80515c9
48,xwB9Q85ynAWZXOFc,1745034230713,23,1745034230713@PWAxwB9Q85ynAWZXOFc,bf827098d6f09210d6695b6658ee2e5255ea67346a51a207b5d5bfdd1a789f4e81c8a4394221ece3ce3cc9ebea6c1631
48,xwB9Q85ynAWZXOFc,1745066986713,8,1745066986713@PWAxwB9Q85ynAWZXOFc,20b76456ec55c3029d167c5f46b12185512549c9c0a35eecf040a4b7da5c5d064df15492fdc0a099bec49fbc4ed211d5
48,xwB9Q85ynAWZXOFc,1745050987713,4,1745050987713@PWAxwB9Q85ynAWZXOFc,01d378eca632cc2819634d482465fdf9bcf90aedfa12bdcac65aaebb946269a13626ded197534fe0daa3cfa5dd23f2c4
48,xwB9Q85ynAWZXOFc,1745021481713,20,1745021481713@PWAxwB9Q85ynAWZXOFc,c22922cc87b7bd930ae1ade89b59c0c9ed350078b29f4423f326d039434e06e8f9f40990d85ae857cba817746cd22ca2
48,xwB9Q85ynAWZXOFc,1745039563713,1,1745039563713@PWAxwB9Q85ynAWZXOFc,460150b06d1c2e730ea2e8d4e8b95b64737430329f5fcfd84dce3feb7d91844da45aa58f63528186ab108a031f6d11a2
48,xwB9Q85ynAWZXOFc,1745016259713,18,1745016259713@PWAxwB9Q85ynAWZXOFc,0dd700448a714ba20e8571e6379b74c66d93b408d261512671d15e0c705e190f411c9087538db797e44fe687e128d44e
48,xwB9Q85ynAWZXOFc,1745047219713,3,1745047219713@PWAxwB9Q85ynAWZXOFc,ca98e116ff697b3bc861b572860e5cd6b862deb49630739904a93cbacac758e603bc264cc43cbf94769d5e3c23995ebd
48,xwB9Q85ynAWZXOFc,1745056818713,6,1745056818713@PWAxwB9Q85ynAWZXOFc,3bd6e09c407a9128d622afad2976db384e1ae12e86ffda0e360652143fd09ca76dabaa49531d0f483de7558240f3f404
48,xwB9Q85ynAWZXOFc,1745026049713,21,1745026049713@PWAxwB9Q85ynAWZXOFc,775e6a85abda9fc119865a32b56ed53ed1428c7a3f1dac5118f226b9232b7b46d41016f083484a008a7a0deebb1ffee6
48,xwB9Q85ynAWZXOFc,1745028051713,22,1745028051713@PWAxwB9Q85ynAWZXOFc,eed75093e6e9f0f15b756ebf24450113e5f3155e2df207c89e178d1c55ee007c06defeef28d534b9aad877a453f13496
48,xwB9Q85ynAWZXOFc,1745036117713,0,1745036117713@PWAxwB9Q85ynAWZXOFc,2dd91b0c62ae6c557dee7a0ffe9ba7ed6467f07d3f273dfe20681762d9d8ec9df39dd3e30581b45d275e7d45832a2ccb
48,xwB9Q85ynAWZXOFc,1745045470713,2,1745045470713@PWAxwB9Q85ynAWZXOFc,e9f5ebf1407ffce4813b9883574303c1abd0d1fa0134fdf54b9e9bce30218c19ce9e1ee5f5d1a217ffb7e0c62a0b049a
48,xwB9Q85ynAWZXOFc,1745040168713,1,1745040168713@PWAxwB9Q85ynAWZXOFc,5d609eed42f1c051e2b96e1646a73c054b8709ffb524107e3cc12d5619bbdb9b08950806fed99c680168c437e44be485
48,xwB9Q85ynAWZXOFc,1745068993713,9,1745068993713@PWAxwB9Q85ynAWZXOFc,a4b39c21e46217d2e076c297eaa5c356986a1110d9b4c65385c7dfb77970e255ee2dbaa82b0af4a10864f793846ae779
48,xwB9Q85ynAWZXOFc,1745067614713,9,1745067614713@PWAxwB9Q85ynAWZXOFc,2152769b7950b9e8e7ea48b2750074cad8568b50b05edad9c414b7f29af0feae608296ab175b7d6d08b944abb8ef4b1a
48,xwB9Q85ynAWZXOFc,1745017789713,19,1745017789713@PWAxwB9Q85ynAWZXOFc,eb72c7ce70422f37c427763419b33be8b5720fe9fdfc703a7cc02e27fd33711852543f42435513de61f59e04b793b607
48,xwB9Q85ynAWZXOFc,1745032438713,23,1745032438713@PWAxwB9Q85ynAWZXOFc,0b93472c3ed111541cb432dcebecc2d7e239763423c4664e5fb6e9bdde6f9ddb8e7787638cf38b1f4d52430c0c8da03d
48,xwB9Q85ynAWZXOFc,1745042489713,2,1745042489713@PWAxwB9Q85ynAWZXOFc,3214c766e7574010f79e1c40ca9a8d68920125170d5d74e161197aada485dc9bd90eb295126b5eeb1b03dfb6f6eb4a93
48,xwB9Q85ynAWZXOFc,1745035669713,0,1745035669713@PWAxwB9Q85ynAWZXOFc,9bfa8b5714007c4dbb2dc21162323017b3c12c0ddc8bc6ef2b7e07bb1bf62c2be867070af6efd650156c24559aa08805
48,xwB9Q85ynAWZXOFc,1745047606713,3,1745047606713@PWAxwB9Q85ynAWZXOFc,6edea92c9564c9bbbfe348c2e5597c0b1ec5bf916c50051190018fe00046589dc6e0f1ef066997208f000f07357d3452
48,xwB9Q85ynAWZXOFc,1745045716713,2,1745045716713@PWAxwB9Q85ynAWZXOFc,be4cb0a973b75a11ab45ccbba91dccb454d0231bf845ac105e5a7ee6c9df81c7406a4f904aa3defa720cc6005eba3f1b
48,xwB9Q85ynAWZXOFc,1745006777713,16,1745006777713@PWAxwB9Q85ynAWZXOFc,647a3c8f8504f7f14a1e90b3180df96169d126dc78d3ef69732ab788654befcdaef782f166eacbc29eb78e72eeb5b78f
49,TUbcbPMJTvrb3dfa,1745011554713,17,1745011554713@PWATUbcbPMJTvrb3dfa,b76149355e6453f0085b0cfc22a9d81e4de330b534fb7e48a1e462a7d041e567f6c58c82b2d3f9010f28c3443d77eee3
49,TUbcbPMJTvrb3dfa,1745020885713,20,1745020885713@PWATUbcbPMJTvrb3dfa,cfe27341076a631b6102dfd2a37a90044d3520d9c52f81a9e8444b7e111b4b0d193ac24a19259451f697196944ba8cc8
49,TUbcbPMJTvrb3dfa,1745040216713,1,1745040216713@PWATUbcbPMJTvrb3dfa,51f58a660d5bb8bc47f62104f54ee72edfeb354488ee3f664fad77bf50044c7f91db36eef2ca1a6c12d6a3a053cb92fa
49,TUbcbPMJTvrb3dfa,1745033150713,23,1745033150713@PWATUbcbPMJTvrb3dfa,b21965611c492b1992042a7cb23f7349a1579dcb63f4986cbe7d833e13edc719ab5683c21418c64476c907297e2a71b1
49,TUbcbPMJTvrb3dfa,1745033890713,23,1745033890713@PWATUbcbPMJTvrb3dfa,3e26bf637882a21498abcb4ed1af3ebbf8e31624984e8aca569ad340fcc74892b2533d2cc2673cfb5002476e7cbddd4b
49,TUbcbPMJTvrb3dfa,1745064461713,8,1745064461713@PWATUbcbPMJTvrb3dfa,21daee9590eb95b53b6cfe5a87ddbaf81ed01f3d663e066a3445a45c6f14cfd405126a37332ce0ed74308b1f685adeb0
49,TUbcbPMJTvrb3dfa,1745068947713,9,1745068947713@PWATUbcbPMJTvrb3dfa,2551b8d1523dccd04c79abc4e1040b0018387270b94770f4faf9337745e38132c2613fb8dc802d38ef1b9b3cb860b5d3
49,TUbcbPMJTvrb3dfa,1745011588713,17,1745011588713@PWATUbcbPMJTvrb3dfa,4893294a78c23f94b98ee3ad37b09758f7cb49dc5b2c51b877fede0e1b04621d78a6786f442638c7cc8adee9c6beb4ea
49,TUbcbPMJTvrb3dfa,1745067870713,9,1745067870713@PWATUbcbPMJTvrb3dfa,12f5998047c0cd65fdd4f1f680fff73caca97cbb48a92aa6a8c2d7e2d6a22e19bfce21627c1f4ed563129b7b549bc473
49,TUbcbPMJTvrb3dfa,1745034718713,23,1745034718713@PWATUbcbPMJTvrb3dfa,6b59f70d8ade9ee5ca710f8d265b26cc2122be2946c41057fe174733e1d8393579510abc2dd62385189789f7cdac411d
49,TUbcbPMJTvrb3dfa,1745062888713,7,1745062888713@PWATUbcbPMJTvrb3dfa,1c8479d1a3cf0556465a46a0db0750073a4328ee0b30dc0cad5c3ea6345fe3fecda1e23a3b7a56051533ce3e7f81e1b4
49,TUbcbPMJTvrb3dfa,1745062132713,7,1745062132713@PWATUbcbPMJTvrb3dfa,b57b95a07a2e2800a581c507b5ae98aeffabca6c5deba9c367c4950b7a729e6affcd66abf8235796ebf4b7856f501381
49,TUbcbPMJTvrb3dfa,1745070757713,9,1745070757713@PWATUbcbPMJTvrb3dfa,e5412423c4a63b27d857e97fa57d5d7bb4cefe4cc7bd4db75e8c7e130140ffaa0bba9e7cba241ecb19f750c01dc2df70
49,TUbcbPMJTvrb3dfa,1745006366713,15,1745006366713@PWATUbcbPMJTvrb3dfa,da0214aa26faa8abda6915baa2f3dd2fd09a1cb8fab1d77e9aaff807d5dcc2ae7c0d0625925e6c3756e6d8aced4be0ea
49,TUbcbPMJTvrb3dfa,1745052490713,4,1745052490713@PWATUbcbPMJTvrb3dfa,26a06ab34a9b5fbbbadb65ed5720393d3e83a21110635e7e918c2e2fe5a688e73c1aa6807238c75341f390c96ec7e502
49,TUbcbPMJTvrb3dfa,1745044178713,2,1745044178713@PWATUbcbPMJTvrb3dfa,f9db118103b9f45f808f25c442f433f885748ec982c19a3e04f6b1d2c5dc5bf5e0b24a09dae02d23cc6f314532f4a8b6
49,TUbcbPMJTvrb3dfa,1745011905713,17,1745011905713@PWATUbcbPMJTvrb3dfa,2d382faed7a7479dabdf6336af054660679dc9e559cfc28961d47ac414ca8cc663cdb6e1f417a6c7b441b28b9484d840
49,TUbcbPMJTvrb3dfa,1745034238713,23,1745034238713@PWATUbcbPMJTvrb3dfa,a29bfeb376e24035e70d40c39531bc1fc8bdefb0a1fb0448c1a3f76d4878d415b9b880deea84f3c5edd3ba1e6aa3bbe1
49,TUbcbPMJTvrb3dfa,1745076865713,11,1745076865713@PWATUbcbPMJTvrb3dfa,d0152378e70dee74ca168a044ef9b8b83975a18703d9cd662f871ca318c740c582b096870a007fd86f821322d03f2092
49,TUbcbPMJTvrb3dfa,1745031645713,23,1745031645713@PWATUbcbPMJTvrb3dfa,4b038584712587c1e7ed96fc3579272d2bb33ea8a1c8e7cbe1af36084a71c4cf94de52f28693238e10897349a6a8bc51
49,TUbcbPMJTvrb3dfa,1745031448713,22,1745031448713@PWATUbcbPMJTvrb3dfa,87927dab0da9b65214adf5750d84f4b2732fc4eeb58488eff102916c8bd4bd3e794425c0bbea8ba5abba5ec4ccdb88dd
49,TUbcbPMJTvrb3dfa,1745023435713,20,1745023435713@PWATUbcbPMJTvrb3dfa,17a4bb0001be89c2977ac26cc73037fdfdee79e9d68aaaf8634af460b79057af62058d8c66c8e4d4af8f2367706a7348
49,TUbcbPMJTvrb3dfa,1745041203713,1,1745041203713@PWATUbcbPMJTvrb3dfa,983e8d5b231d6b98e6cbf0917a19b4795d273fb61826716ce0fa2bede58fa3649f62b8598d847b3978b8e946fb2fab65
49,TUbcbPMJTvrb3dfa,1745044895713,2,1745044895713@PWATUbcbPMJTvrb3dfa,821ae9e4c4bb76dae49a277955508b082a558895384bec416c40770f67cd963c77ca78712bbf9a68ab98dd01959a141c
49,TUbcbPMJTvrb3dfa,1745039696713,1,1745039696713@PWATUbcbPMJTvrb3dfa,1e2f922f65fb50312f01d1b2902a8e38d32b929e6caafbd71bbf035b295c5052571526f255edba56d7a366f59c4588a0
49,TUbcbPMJTvrb3dfa,1745033772713,23,1745033772713@PWATUbcbPMJTvrb3dfa,4325d39ad42af20162ec01c9748f02f3af2d1c2feea860ee67a99b18e5a8a53b0a387cd42b43cdd5845491bc0652c79f
49,TUbcbPMJTvrb3dfa,1745065271713,8,1745065271713@PWATUbcbPMJTvrb3dfa,cd0cae3849bd80c826d4a60e27a46451d55af7d91c28ea5a96d3df23f31db7809c6104af942317d5a7e5b18f33b08118
49,TUbcbPMJTvrb3dfa,1745019109713,19,1745019109713@PWATUbcbPMJTvrb3dfa,4d69f6457eedf0b59f5a8399e2a528592c6195cf44ca47db32b0dfb928ed4ce49946f2c38c3a274ce60bff181acc25fd
49,TUbcbPMJTvrb3dfa,1745045842713,2,1745045842713@PWATUbcbPMJTvrb3dfa,ef0d3732c663759d8a0d38a0f54a7b566a6da6a9f4b14b805a69efe4da0521e4266a7ad64771334f1bcabe489989e3d9
49,TUbcbPMJTvrb3dfa,1745039234713,1,1745039234713@PWATUbcbPMJTvrb3dfa,2968f35d353662b41bcdd2263c6193316f72dc42a5990e333fea73441c090405155cc9efd8bc73a9fdc7363be1e8db0d
49,TUbcbPMJTvrb3dfa,1745062837713,7,1745062837713@PWATUbcbPMJTvrb3dfa,b8a497ed29b0d355c5874da500de8b6ebb20f55c27e0fbe10706bcab0bd3cb738cfc3a3ff8607a0b0f9a48fa0022ce57
50,DWMOf6RWaFP3dMQw,1745067757713,9,1745067757713@PWADWMOf6RWaFP3dMQw,dd800a3360bda9d255629136b6e503fd0dd127bc720bbbb871a86497905cedddf78441d2576da0254df26ad4c20f1c02
50,DWMOf6RWaFP3dMQw,1745023931713,20,1745023931713@PWADWMOf6RWaFP3dMQw,9d45266f199cab7517679d66628e59c2308c694bd438e3922e9b8bc040c26f2e37abad8d1fde4c5e7c43034a7643d0c8
50,DWMOf6RWaFP3dMQw,1745011400713,17,1745011400713@PWADWMOf6RWaFP3dMQw,c7c8878bfc50ed5b992816090d63af79682bb8b3e66bc931e7e7f9a46efdffe499b6fa9cf9562790c5b9141f9fec4ad7
50,DWMOf6RWaFP3dMQw,1745063379713,7,1745063379713@PWADWMOf6RWaFP3dMQw,318dc71583e1f081ee46aea79b544601c8f6072fb05dcb66e929f9190b864a744d71f0fe44dfd4d555d47aa5c0410994
50,DWMOf6RWaFP3dMQw,1745010275713,17,1745010275713@PWADWMOf6RWaFP3dMQw,a4bf7d11b39ad4c0237084883f4ee4b807c93d6865f38bbead326f974d55e8a835f7cacf32d20ad56c01dd6489b7ccbc
50,DWMOf6RWaFP3dMQw,1745020945713,20,1745020945713@PWADWMOf6RWaFP3dMQw,f2760170144c78217f4409b108a14e75c42580cb5c4f297e4ce5e3b7229c953595ba2667129a0ac2cd124851ca5c7b03
50,DWMOf6RWaFP3dMQw,1745017533713,19,1745017533713@PWADWMOf6RWaFP3dMQw,4a6704e73807a9c6b7452c7d542412a931dccb56448590f1962578b4a14688817f87b4176d555a1db173467d3aa91179
50,DWMOf6RWaFP3dMQw,1745029347713,22,1745029347713@PWADWMOf6RWaFP3dMQw,ec866184b017258fab024bb1612c1df5bcb870aeb76d7cc08bdfcda5530d1fc8b2f4f1db668a5543dc75616ff79b6583
50,DWMOf6RWaFP3dMQw,1745022707713,20,1745022707713@PWADWMOf6RWaFP3dMQw,54e364f62a5bbdcc97f5705472dcdea552b40f9a944ace20101dfa9671a45d112574f4a1a330d2710944ffd03a326d74
50,DWMOf6RWaFP3dMQw,1745062734713,7,1745062734713@PWADWMOf6RWaFP3dMQw,818c64899f92add1fc41b82ed2e347fda97e02dd7e1d71d03e3ed588a79d99d569c9a520303e2ef401ee46ea87c20b98
50,DWMOf6RWaFP3dMQw,1745047590713,3,1745047590713@PWADWMOf6RWaFP3dMQw,25d5bd34c3b8c8f988390e3e4ff61f0d2747282d441d699df6997a356eda4d1fd55f45d0d2e97b61865a265ab9ed46a9
50,DWMOf6RWaFP3dMQw,1745072828713,10,1745072828713@PWADWMOf6RWaFP3dMQw,a50dac1e0f2ccfd2cf5099709191adf3dc8291869466648ca812254a47186918bf2d2e80372804eef512a9f3583d889c
50,DWMOf6RWaFP3dMQw,1745017962713,19,1745017962713@PWADWMOf6RWaFP3dMQw,b0a46d3ac234e610ca72942b00476837e924717447cd5fc4447a9cb8139c4a0cda6059db7abb53c932edaf44edc58e28
50,DWMOf6RWaFP3dMQw,1745028294713,22,1745028294713@PWADWMOf6RWaFP3dMQw,cdb9c92c2d1f7d52e430a3964e9e284158e686b8ec4a3d92e39d52aefcd05fe1c5435e916ebb7643e8edd94d009003e6
50,DWMOf6RWaFP3dMQw,1745033174713,23,1745033174713@PWADWMOf6RWaFP3dMQw,e1cc8ea87ed5664569668b61b8327e087017267d10f6354194b861cc5eaf11cbe7662e5d105277db6f01aca0eb288aaa
50,DWMOf6RWaFP3dMQw,1745044318713,2,1745044318713@PWADWMOf6RWaFP3dMQw,f46e548e9911d33e11bf556b388cf934fa3f3b05b5a1597ee6c27e1114b9861aaffda4096d7cf2cf21e23bf81b1262de
50,DWMOf6RWaFP3dMQw,1745018059713,19,1745018059713@PWADWMOf6RWaFP3dMQw,7a775c4570444e1d76bb07830a4d8d2f8f3497ef26633a683cd3eff5544ce363b876f0be06463de14cc945f85bf020ab
50,DWMOf6RWaFP3dMQw,1745065346713,8,1745065346713@PWADWMOf6RWaFP3dMQw,51851dfa1e61be8519ecc27315aa3d8f536836e52878334cf8acf7fff7b923597730bd69fddb9efcad1e1678ea91dca7
50,DWMOf6RWaFP3dMQw,1745059758713,6,1745059758713@PWADWMOf6RWaFP3dMQw,6f2f0cfa7af7e8b81f3e5876f3998da7f190074e598371c796ec2a42827c67fe86a17ecb22ad77431a9f7907f7ea75bf
50,DWMOf6RWaFP3dMQw,1745010791713,17,1745010791713@PWADWMOf6RWaFP3dMQw,d497d0b4a88c15d688b5dd9bdd09898e024de80c669d33e2d11e4bc4e4464315591f5c1247377ccb38ac07c50227efe6
50,DWMOf6RWaFP3dMQw,1745049581713,3,1745049581713@PWADWMOf6RWaFP3dMQw,66726afc83fa2c3b956a81a7fdcbaa0d1cde45cb3dabaefb66b7cc6eb63c5d6e715be7246cec1e2a021c39a2d3ce0003
50,DWMOf6RWaFP3dMQw,1745023798713,20,1745023798713@PWADWMOf6RWaFP3dMQw,7c13daddda185e76532c484be0afb18c01976251f10ad16a86053a4432394e7b4c5373e6f9ef570eeb728a1f1defc852
50,DWMOf6RWaFP3dMQw,1745016440713,18,1745016440713@PWADWMOf6RWaFP3dMQw,50c3911edb3df5ca28e81509f7a300d8da01f948999f6fcd18d34f15eb0ea8ebda3ccbdab44b9172496400fb0b8484e8
50,DWMOf6RWaFP3dMQw,1745073971713,10,1745073971713@PWADWMOf6RWaFP3dMQw,f391ec88520abd22781c2b78a99375e236dc9ae021271e58d7649a6f9b25a2b9664ff3859cf65bc04e77407ae0338a85
50,DWMOf6RWaFP3dMQw,1745018821713,19,1745018821713@PWADWMOf6RWaFP3dMQw,9a076adea8b430270a8e70dc27fc548a65882bc31aec187608e3600bfdfdf9fda35301e3064f68f3986cf20655396bfc
50,DWMOf6RWaFP3dMQw,1745053233713,5,1745053233713@PWADWMOf6RWaFP3dMQw,ed461c5128000ba48e141ef07ca60f0808c491715b9f4f74a742e2fd5dd25118d067026a9dc16b4ab65f7ba4b8a673fc
50,DWMOf6RWaFP3dMQw,1745024071713,20,1745024071713@PWADWMOf6RWaFP3dMQw,cdb869123bc604ccb23b6b47bc3e04379c510417c5647d8116b40d0744d1f4d3319bf1241fc687f01767282f16c848b9
50,DWMOf6RWaFP3dMQw,1745013850713,18,1745013850713@PWADWMOf6RWaFP3dMQw,589efaaeabdf9999656df712bb663531d707a70f09cd9527e542a6848b679576b3e59a1a6fed60339377b1a2b44ce18d
50,DWMOf6RWaFP3dMQw,1745065947713,8,1745065947713@PWADWMOf6RWaFP3dMQw,ee33e7a91a8f2a4335d76549161d2a5c5474b3e4f2e077866562284b5f08ec8e4d4a44ec342249351b98837e7e6686d5
50,DWMOf6RWaFP3dMQw,1745048427713,3,1745048427713@PWADWMOf6RWaFP3dMQw,81fc95c44e6007e0e9666e8a2b129d8927450c225aa89a9755d2cb0b8010c5ef6a24a534c0231510a1b77150b6b5f04e
50,DWMOf6RWaFP3dMQw,1745066432713,8,1745066432713@PWADWMOf6RWaFP3dMQw,c555a8b98891078c8c6bd900ff7b53960154c73d123034a7ea80ec0a700dc9ae2a5831b92f28e642c46ef4f27de89cf5
50,DWMOf6RWaFP3dMQw,1745075142713,11,1745075142713@PWADWMOf6RWaFP3dMQw,7dc8efaf8a86f7fdeba24d9d73f52fbb48ccfd65e42b27948711f2a77536ee5f0c8fd0eb219f85af153c877db91bc138
50,DWMOf6RWaFP3dMQw,1745028569713,22,1745028569713@PWADWMOf6RWaFP3dMQw,a2675f9dc1bc8c8eca8e125ce9c4a8a3d1bdb015a0aed34644dca9a553cc1c0045444a947bf87767afabae81d4fba904
50,DWMOf6RWaFP3dMQw,1745012527713,17,1745012527713@PWADWMOf6RWaFP3dMQw,a933b41ae20ab84b5656b5adacef736c0fa0898d12f9b051ac4c715d42a319c9ca16eba006489e70701294a5253c8aa9
50,DWMOf6RWaFP3dMQw,1745077448713,11,1745077448713@PWADWMOf6RWaFP3dMQw,c8a7aaf0c922a923c2e4c10c1f47c440f7d9615abfb7476e130714afac20b99bc1c3fcb71b6d00b9277f52aeefb99596
50,DWMOf6RWaFP3dMQw,1745037273713,0,1745037273713@PWADWMOf6RWaFP3dMQw,61cb5a357c1af524a5ac34a0bf4c76a6ddc7d9fcaf918844d8fc4a8f392d0aeb00032f7a2958b1ba24bf5b5d3fb0f123
50,DWMOf6RWaFP3dMQw,1745076049713,11,1745076049713@PWADWMOf6RWaFP3dMQw,df6c6a405ddb35234247ea5af89ff51ede3e4b273c747741ff803120228aa75c4b366af0b18ed4c5e036e48a28c67918
50,DWMOf6RWaFP3dMQw,1745062298713,7,1745062298713@PWADWMOf6RWaFP3dMQw,e40a9d5d7dca3b1cd7d04e222cfb711dfb75c47a113b4bfa3b0554e6b3df99c1942bb6a2976bdf75f2db08e4aadc6ac6
50,DWMOf6RWaFP3dMQw,1745035306713,0,1745035306713@PWADWMOf6RWaFP3dMQw,048273dcbd0dd965c42e1440b99e2d386f9016470be44e1f9aced6aefb35abe81d468a2f138a338da5fc2183ced3498f
50,DWMOf6RWaFP3dMQw,1745013125713,17,1745013125713@PWADWMOf6RWaFP3dMQw,7239fa76ac6433e62028c915d428484a0f49ccbc3c059724432bc822fcef79b43629f03c95975bf9132612d7f3192c3d
50,DWMOf6RWaFP3dMQw,1745052089713,4,1745052089713@PWADWMOf6RWaFP3dMQw,2f89289f6c8d8feaba2393d1282285e25dee61bae502267d94003b65d64ecdd59bec359b7ebdf37095a36e3e63d36f88
51,6EX4Laqyrqm1hwDi,1745057998713,6,1745057998713@PWA6EX4Laqyrqm1hwDi,b8cff75c577a584494778077c473f36aac17846af3a6392e5497bc46af802bbff0e06c41904c594c03f7a60be5735d52
51,6EX4Laqyrqm1hwDi,1745052014713,4,1745052014713@PWA6EX4Laqyrqm1hwDi,503f2f41570391c2645c765bbccc7a78911afa081450958d27db1395ef709151e605a9e14288ddd00279ef05355fec7e
51,6EX4Laqyrqm1hwDi,1745026450713,21,1745026450713@PWA6EX4Laqyrqm1hwDi,6fbd10d8cd0f92f90666ffaa854025e9ed17cacff37fc725ec50fa7e5e9d97dd7f258f6f21f3daf1382a097924c68302
51,6EX4Laqyrqm1hwDi,1745068052713,9,1745068052713@PWA6EX4Laqyrqm1hwDi,7e5eaeeec8066ebd20829225508c1e94a5e154e8ba820d130e946816988462c9f873348eebf7b2702a5839f59b6a94cb
51,6EX4Laqyrqm1hwDi,1745026283713,21,1745026283713@PWA6EX4Laqyrqm1hwDi,8a48c924a869ed5073a76819e6fd554ef17846f0b326ff41d4a52a771827a551b5b9ea42f57fb846f82dbf340fa3dbda
51,6EX4Laqyrqm1hwDi,1745075822713,11,1745075822713@PWA6EX4Laqyrqm1hwDi,c105416e684b43a99789e68334f8512005e85697be1bea16849931964ec36ea5a10d89bc79d9baf93800754bdf30768f
51,6EX4Laqyrqm1hwDi,1745046052713,3,1745046052713@PWA6EX4Laqyrqm1hwDi,44170c27a2f49b10a185a27743ac57701b9f6e575912d3d948c6b5c0a007f7acf5614ec27f6abc6851fa34526a070b70
51,6EX4Laqyrqm1hwDi,1745031821713,23,1745031821713@PWA6EX4Laqyrqm1hwDi,a757c6dacfe0b00633e020c567d9ebd56cea54ab17002fbc405e7214b5f85c52773897518527406e3a05c69937e5ed91
51,6EX4Laqyrqm1hwDi,1745022461713,20,1745022461713@PWA6EX4Laqyrqm1hwDi,b937de74d18240d88bdf1cb323f21cbd17ec61221bd2f6fa11f5fb29e8e06bba5c2461ce56f4947c509187611677c2b2
51,6EX4Laqyrqm1hwDi,1745012814713,17,1745012814713@PWA6EX4Laqyrqm1hwDi,acd4597b5cac8703e7da75cbe70bfefbd0ea3977365e55048560894835523c0f0011a4dea6ea7bddaa5eff31e656309a
51,6EX4Laqyrqm1hwDi,1745016888713,18,1745016888713@PWA6EX4Laqyrqm1hwDi,9b5b0aaadc0c3b436f0fb59c20987591e5cad1c2d75fc4b0f0a97c80e3193b5a3528a1c026285b82614fc21262f8bed4
51,6EX4Laqyrqm1hwDi,1745027828713,21,1745027828713@PWA6EX4Laqyrqm1hwDi,f8b23ec31e4884b67c96824733970d89bfcde3f026ea3055291a20f3449300a96dab513b988ff8d19e53fc60979c42ef
51,6EX4Laqyrqm1hwDi,1745031095713,22,1745031095713@PWA6EX4Laqyrqm1hwDi,63887ba6e378fff8c85c713b29ccd248e8d463a3a6793c286d8a371ad310ff7279a3fc2984c1ae4954e4815144db8cd7
51,6EX4Laqyrqm1hwDi,1745032849713,23,1745032849713@PWA6EX4Laqyrqm1hwDi,6935afd049181ff96f69408782fb2ad59e4f8c0736aaff18f5e055b5037dd1e5a3c1e3c53a833d36ef96da5a47f8cc78
51,6EX4Laqyrqm1hwDi,1745032749713,23,1745032749713@PWA6EX4Laqyrqm1hwDi,b45ebf969686f396d570f6a7623fe90f8f2d2bbefd6d7027618afe5e8d4bbadb6901318857890b7d075193f36bff6102
51,6EX4Laqyrqm1hwDi,1745060602713,7,1745060602713@PWA6EX4Laqyrqm1hwDi,6ab7b53225d0f54b5cf88790836e16cc9b42d46c2cd4058a7e92d2995e94e527fc505366add9e61d2c5836c8f2e8c9c5
51,6EX4Laqyrqm1hwDi,1745055740713,5,1745055740713@PWA6EX4Laqyrqm1hwDi,53a0c52e3c86bdbdb99b93e2f3b1d68c7e1214e54464271c4a6468925b35a444d2f97fc08bd7756af2b93c4051693f66
51,6EX4Laqyrqm1hwDi,1745051794713,4,1745051794713@PWA6EX4Laqyrqm1hwDi,fe4ea15a2573e33e69d7ec6a168f5a322b5a804cd691fa48844d153bc547aae163c6a5c21eeca4b356506a389cc0ea20
51,6EX4Laqyrqm1hwDi,1745054891713,5,1745054891713@PWA6EX4Laqyrqm1hwDi,dde3634a64eaaea8b2420fca2e04ecbab07f1ea54f83363d0b6e8d35799eb676ca704bd8898b797a72a90ef69f66f5c1
51,6EX4Laqyrqm1hwDi,1745008489713,16,1745008489713@PWA6EX4Laqyrqm1hwDi,2933a1712c186414cc098d3ce4ad06249fd5cdf5a8bd18397d29569fa0978569f7c3e1c95fe85915b4f71b2b7a476078
51,6EX4Laqyrqm1hwDi,1745074974713,11,1745074974713@PWA6EX4Laqyrqm1hwDi,a53c4288fda7857505a7d44f79107a5f716bf07b591faa1fb5e2630839e6b4e9989c84f52dd8310a6a1513fd7274da1d
51,6EX4Laqyrqm1hwDi,1745040216713,1,1745040216713@PWA6EX4Laqyrqm1hwDi,51f58a660d5bb8bc47f62104f54ee72e00dd51dd17218f5b75b8a049120f946c82dd19fb0fda44c1cf36ee481078c35b
51,6EX4Laqyrqm1hwDi,1745017234713,19,1745017234713@PWA6EX4Laqyrqm1hwDi,54296c0b8b841133762bb17b306cfe8e393b8921710a0b74504efb37381261a4878a8c79a3cdda7f79c447363770e142
51,6EX4Laqyrqm1hwDi,1745064243713,8,1745064243713@PWA6EX4Laqyrqm1hwDi,7ea9a9664ecef60582f0e70cc53b772a3cd67c49ee5873a6e3d85d1b1b24ae20da94ada2bae5422d5fb1587549a7d23c
51,6EX4Laqyrqm1hwDi,1745054779713,5,1745054779713@PWA6EX4Laqyrqm1hwDi,2944c4da56017f443f0c2ce099dbd63f8c6feda90b3f36b336c609b88f76e49c7492253428e98b3c4297265083c85dc4
51,6EX4Laqyrqm1hwDi,1745015182713,18,1745015182713@PWA6EX4Laqyrqm1hwDi,c434ffd02afd5e9d03de270d948b6c82cdaad43a812859172a8bf9710482f399fdbd46f8564fa794f2ae86f3c77e11d5
51,6EX4Laqyrqm1hwDi,1745015091713,18,1745015091713@PWA6EX4Laqyrqm1hwDi,0e8c7a144a0790edd35f3807206f5321b3dff8a4b1047d7652023b3b8077b3f8883de295c5a7470d52ea44db633a464b
51,6EX4Laqyrqm1hwDi,1745076154713,11,1745076154713@PWA6EX4Laqyrqm1hwDi,e8caea705a099a1776662348409e352cdc97a3b9a8e5749436899bf7f11d02391180feea28188b59c694f0c772574f42
51,6EX4Laqyrqm1hwDi,1745043802713,2,1745043802713@PWA6EX4Laqyrqm1hwDi,8e713c401a643c160bdd6c034be10a40f79a13850a6451ea5a346333203281e4eecf370f7976bba81c2065c0fa35d8a6
51,6EX4Laqyrqm1hwDi,1745011419713,17,1745011419713@PWA6EX4Laqyrqm1hwDi,e458c69a92697f48a023911e3b53ab02e50897b555cdbff47a5c34188b7769d5319d4d5c56238976e66caf0fe174afa1
51,6EX4Laqyrqm1hwDi,1745028423713,22,1745028423713@PWA6EX4Laqyrqm1hwDi,e83f66d0dcdbbe419924d1715cb52cfc14923a8e54f50556870b835a99245db503ae0b2cbb32c299930e181c403fc53b
51,6EX4Laqyrqm1hwDi,1745018259713,19,1745018259713@PWA6EX4Laqyrqm1hwDi,440c47d30173b48d8c003316fb4f200e9c75e295a97b06cad3c6c45b6fa41051cde549c8e15f1fd6482427e2333bb8c4
51,6EX4Laqyrqm1hwDi,1745070165713,9,1745070165713@PWA6EX4Laqyrqm1hwDi,e5423c43671981baa3a37748f4ed7a0e2505cda65959bbf99bc013f7df1b5fb496c1d164eeba83337eb9186e6c403cf5
51,6EX4Laqyrqm1hwDi,1745013480713,17,1745013480713@PWA6EX4Laqyrqm1hwDi,b30aa42593ba865f5580dcdafc38bd09e566544a1b0ba19903e8c3dce80d2c124c9dab876213e56416df829e054a35fb
51,6EX4Laqyrqm1hwDi,1745061547713,7,1745061547713@PWA6EX4Laqyrqm1hwDi,31ca5a6ba5f5e1eb148ceaadb0549e1da86b61522dc6dab76f61b6ca931fc9a80dd7fc39355382a702c7de06ebe199c4
51,6EX4Laqyrqm1hwDi,1745023706713,20,1745023706713@PWA6EX4Laqyrqm1hwDi,f3e36fadea9fdc2e80d69f35f6a90c86109b90296da0cf78e9dc5da8b2f3a9710a35a5578cb2246a55e80b6fc48fbfe1
51,6EX4Laqyrqm1hwDi,1745056854713,6,1745056854713@PWA6EX4Laqyrqm1hwDi,9160a7d865d1d42badf3cebd90172ced639be62eededf62bb394e59ab7874e991b7156678bdb6c4c16890960bacf49f3
51,6EX4Laqyrqm1hwDi,1745016190713,18,1745016190713@PWA6EX4Laqyrqm1hwDi,6bd7410015a1f7ddf154d47d3f611f848e0f57526dade7354d198a27a3db9646b99dd055bb7a75c2927e94d43d99c9c2
51,6EX4Laqyrqm1hwDi,1745005804713,15,1745005804713@PWA6EX4Laqyrqm1hwDi,557ec5d831a840d48f6e4032e1df5cedf746b57162506e0a91f0f3593d0127ce95e9bf7157001f657fa5b81e4db90b13
52,MYV5HhaHATXUhItn,1745021822713,20,1745021822713@PWAMYV5HhaHATXUhItn,9197d76fa4f97eefd9a2c4596bc5246b4db1c657d919b01e616632f1113ab71de5c7e73b4496aa687198fb89e69e5527
52,MYV5HhaHATXUhItn,1745041788713,1,1745041788713@PWAMYV5HhaHATXUhItn,c9e5e86982d3ed78a36417695abd6d184a60ea812ef3edb36e661f82435d922b877b88add55495277db0a96e102a604c
52,MYV5HhaHATXUhItn,1745029646713,22,1745029646713@PWAMYV5HhaHATXUhItn,d620cad6e0608ca9958d72a99de29f1fa2e372a37ec51331909140c36b656c3fa464e32fdf9ebc52310c70ec5ee32223
52,MYV5HhaHATXUhItn,1745024006713,20,1745024006713@PWAMYV5HhaHATXUhItn,99e2b1e7fb5d377d952abeb2767347b3210ff3a38cb99dcf414558b6abcd8c6fee9189eea342a319d5d9991626a06da8
52,MYV5HhaHATXUhItn,1745016550713,18,1745016550713@PWAMYV5HhaHATXUhItn,ad1b2f9db9512a6f794f132035b29b56aae5e9aae563645331936bc0efb9bea28b69554ad98b1e4493bd6e51eb50c4ea
52,MYV5HhaHATXUhItn,1745018117713,19,1745018117713@PWAMYV5HhaHATXUhItn,07669e039a9de41d127d59c7fc7f46e607057edf1a92088475ef515275f0c982810a5193ebd57f9d9e53c0b5f7e611cf
52,MYV5HhaHATXUhItn,1745017135713,18,1745017135713@PWAMYV5HhaHATXUhItn,7cdb66ea538f3a7778476c55edf32738d65ee28fdf4908a4a809041967126ed05505f6287de0b4fe6ea58af6c8a55acb
52,MYV5HhaHATXUhItn,1745061471713,7,1745061471713@PWAMYV5HhaHATXUhItn,b3f2ab342626400c337ef26b30252ad622686486bf7a9cf8d228bd9fb72dc909f571ad50f6ec0703219d6fb52ebb9d74
52,MYV5HhaHATXUhItn,1745029072713,22,1745029072713@PWAMYV5HhaHATXUhItn,55798045e94f435b3585e1fb11736b03ee9b7faadfdbce76204174a7ea07e4e362b86997077398d6201f4b4eb1603b71
52,MYV5HhaHATXUhItn,1745045447713,2,1745045447713@PWAMYV5HhaHATXUhItn,70e0dbd51e3262f87776b30a5e43a6faeaf80f42292792003f63d4dd09d709354777a9883198562db9ff24b50d6c9318
52,MYV5HhaHATXUhItn,1745025921713,21,1745025921713@PWAMYV5HhaHATXUhItn,0c706f6ffaadb2a4b88134b52bf94bd8ad557667445688c6a6df16b3c40cc582d14995e7dddd78b7fd997599b516feea
52,MYV5HhaHATXUhItn,1745014736713,18,1745014736713@PWAMYV5HhaHATXUhItn,392207443889578fc709ad0927c459d1b0443cb5f43a26a38122c8d6d22f4f731531ba18bac302b46c9921cb9e682fd6
52,MYV5HhaHATXUhItn,1745021305713,20,1745021305713@PWAMYV5HhaHATXUhItn,fb03cf19d58616a615b7a9fc51b38434118ade8dc9335743b7c8ba5218a6408497017ed30fa30245b3f63db6fc20fa61
52,MYV5HhaHATXUhItn,1745054029713,5,1745054029713@PWAMYV5HhaHATXUhItn,fc0ea39a01b7bc2a504ceb7fc3c002118762af51a69fb6257625855c93ee7c53f2b51dcb37c506004b568d087da0ab72
52,MYV5HhaHATXUhItn,1745030859713,22,1745030859713@PWAMYV5HhaHATXUhItn,54dfe6e480f8dabb9b446d1f490acad6508a38ca343999f2c09c0c68f132a683d343eba4fff2c5f7a3739a19d661448e
52,MYV5HhaHATXUhItn,1745074320713,10,1745074320713@PWAMYV5HhaHATXUhItn,e6e710e0109774594c5a054ddf70576544c48123b135c2b78e8f49a9d1340dd51cb5c5a22e2e1fc3711bcb5b0aa7dbd1
52,MYV5HhaHATXUhItn,1745010741713,17,1745010741713@PWAMYV5HhaHATXUhItn,73d26ff176d9850a8c1ccac625d024237184ac2cc5eb4d09ae23aaf1e3d0050cb1081324b2a2db103afac3fc89bc5a8d
52,MYV5HhaHATXUhItn,1745016682713,18,1745016682713@PWAMYV5HhaHATXUhItn,07a9a6f829b19d1da5a0fbbe6cb03d7a8e9ceee8349ccdf28e25f1e6428be77c64d5f0e1cf2271ae5f36298ccf92607e
52,MYV5HhaHATXUhItn,1745054629713,5,1745054629713@PWAMYV5HhaHATXUhItn,d645a06e102bc6199b1f3922ab70c8a97652804239bad81e0f0af05c8ace292bee690287b4e2fcaa98c4366c7cdb1e2c
52,MYV5HhaHATXUhItn,1745045973713,2,1745045973713@PWAMYV5HhaHATXUhItn,ea19df39ffa526ec3ed0bcdf66880f14e66b8b1749d4521513363fc6f3ba59a979c12b1c9d7f9f2529e11995db6a6ee9
52,MYV5HhaHATXUhItn,1745037293713,0,1745037293713@PWAMYV5HhaHATXUhItn,0d274c29e442c717b50be5dabf989e08cdbd51cdbfa88aaba428d223d536624b7ea664ab14f88decb49b7712a3e48832
52,MYV5HhaHATXUhItn,1745039654713,1,1745039654713@PWAMYV5HhaHATXUhItn,2e4bf6d37e3f06704fdab3772cabc8725bcd3ba4288a98a6477f4cdd49a987421c293640cdc24d051ea02a9fe699bd9a
52,MYV5HhaHATXUhItn,1745059676713,6,1745059676713@PWAMYV5HhaHATXUhItn,a09a2af21072f34b07873cd4cc54b5a5288d7941cf38e0289809a22dd0852815f579b64ed24b9cca7d0e09623136e738
52,MYV5HhaHATXUhItn,1745042069713,1,1745042069713@PWAMYV5HhaHATXUhItn,f3bf00cb65c6812aaa2106267ed6ae4c48b565f6e89ff39385d17a727c5f4e6561082114acbf5b31a71e35a1e1c05e41
52,MYV5HhaHATXUhItn,1745020093713,19,1745020093713@PWAMYV5HhaHATXUhItn,a6e3ee7c3fa041da82eccee323b8b3efd9d450e72ffd17199672707844c485dfa5724a1634517ae9c0fa13d1576c2876
52,MYV5HhaHATXUhItn,1745006289713,15,1745006289713@PWAMYV5HhaHATXUhItn,48f4511c2665933bc0317421872233fda4a72c7bfd1f95fc037d25823d6f74415f63c2b1d52051525c8229d801abc264
52,MYV5HhaHATXUhItn,1745033292713,23,1745033292713@PWAMYV5HhaHATXUhItn,4fb3ff95d756e3503f2cc324ebc9f12cfae272511732f068f0a098c6c4c62cdef821197a813ab9d0dec05e883155db36
52,MYV5HhaHATXUhItn,1745071704713,10,1745071704713@PWAMYV5HhaHATXUhItn,6dbb1119d48d5be42ad676967687d892c122b716b51883fce044a13a4845743aa5bce36802b1eaf9d06fd4444bc023e4
52,MYV5HhaHATXUhItn,1745032646713,23,1745032646713@PWAMYV5HhaHATXUhItn,bcfbfbc7ece912dd42627b22d801299161dba1a99dfb9d65f41c0ee4ad818c895e543726f4bf98b6c4972d2999188bab
52,MYV5HhaHATXUhItn,1745024927713,21,1745024927713@PWAMYV5HhaHATXUhItn,8b185a4f72a53d1cf54314dee9eab93eda4fd18ce08b92d2fe20ccab4ace9de29fe9922c2a6aa3834d5d6a2aa7552d1c
52,MYV5HhaHATXUhItn,1745011704713,17,1745011704713@PWAMYV5HhaHATXUhItn,90064d13c21c4014d93ca32f35e732302dc9c1a3a501a1d7d38078c7b3b30d4981941ebb24265bce29660cf05767bc37
52,MYV5HhaHATXUhItn,1745058332713,6,1745058332713@PWAMYV5HhaHATXUhItn,56d7317db6d65a35e5ef3ff9657fbe9aa70adf92014f607c7c7a2945ba18cb79cb2d2c0f849696ad6c4caab984eaa56e
52,MYV5HhaHATXUhItn,1745065702713,8,1745065702713@PWAMYV5HhaHATXUhItn,16e0c46bfe3dbb723ca4b7caa04698c7183fcdfb6cbc4ec853261d9e31dbca7bc1cbc6db1e0328bbb79b8d244663852b
52,MYV5HhaHATXUhItn,1745017512713,19,1745017512713@PWAMYV5HhaHATXUhItn,d12af2eb132315745b1b09d0e8b8aacfc00ad87ce63654eb63bdbf205fd05fe8c78066a199a792880fd9c71e2afdb0ab
52,MYV5HhaHATXUhItn,1745047552713,3,1745047552713@PWAMYV5HhaHATXUhItn,7aac2e47c8aaaf422cab000302f05ec056374fe32cac381bbf123dff1a1db8f9fb5294a7ee01f35992e63bf8d30ba7aa
52,MYV5HhaHATXUhItn,1745010406713,17,1745010406713@PWAMYV5HhaHATXUhItn,b3be1bd5fc2602de1a3138552446cd1b0259dd0522a02b5fe08a07e8492235665dec2b846fa2f7b3c7393453eea66f74
52,MYV5HhaHATXUhItn,1745040681713,1,1745040681713@PWAMYV5HhaHATXUhItn,9cd8192d526296b1eee1856f2bdd410a45b0970cd861897d830e951797e19e075081fca30136cb4c7d9b3ca0820c7a5e
52,MYV5HhaHATXUhItn,1745075976713,11,1745075976713@PWAMYV5HhaHATXUhItn,f946c33b3868739e9c57f9e8bc26308ef107fda7deb7d4753ea19bd018eba0a64030a64d2be8013f1deaecaab678552e
52,MYV5HhaHATXUhItn,1745039659713,1,1745039659713@PWAMYV5HhaHATXUhItn,d8a04db7b905d1b70ad6447aff4800f050f1aaa762c38a75bc77a8060c76644ea6fdc7829ca61334c9f90d740b545dee
52,MYV5HhaHATXUhItn,1745033207713,23,1745033207713@PWAMYV5HhaHATXUhItn,30a1a9830d3674f1112c2c7f0228fbefe0a775f9d3a7b7e6e0423f47d2f630bdcdaac69d853415820a804adf6a32ff91
52,MYV5HhaHATXUhItn,1745058260713,6,1745058260713@PWAMYV5HhaHATXUhItn,bb295aa1880205647d2f74ed6ff7e93750bf031f230a1ed5618bbc5b06fd9db6f5253e0af1d6b4e37e708322e41b9262
52,MYV5HhaHATXUhItn,1745049420713,3,1745049420713@PWAMYV5HhaHATXUhItn,ad3b94f16d5302e5a394cbaab831116c37602954006b75f137df6d5448d05c8a8012c2bdc36acb1f6d45020898d207a1
52,MYV5HhaHATXUhItn,1745047319713,3,1745047319713@PWAMYV5HhaHATXUhItn,c2fed24e171683d822e2c4345f2371a253d07b746de08c066889f8bd2d453341f81cc94c6a0f73664e6007a5d708babf
53,m1dhcc1I1msI3tgg,1745071721713,10,1745071721713@PWAm1dhcc1I1msI3tgg,23d32167862dbcd8d0ed7aa27fdabb5032521dcce24ff49575184aa637fe8a4ff96f39c6e4adfea11679fddfe8c818b5
53,m1dhcc1I1msI3tgg,1745050072713,4,1745050072713@PWAm1dhcc1I1msI3tgg,b50b85e465875018345a8cb82f6597ee22bb46595167920f97232a2cd4fd14126666a93a75452d74567e0ccef9ea4f09
53,m1dhcc1I1msI3tgg,1745038028713,0,1745038028713@PWAm1dhcc1I1msI3tgg,dc203bd1a43c000e6f2b8d094317f71eebefefd490d0f79d1e68fab8d32188724fce567f6b4b528b3c1b15ba223621ab
53,m1dhcc1I1msI3tgg,1745067331713,8,1745067331713@PWAm1dhcc1I1msI3tgg,342e9ca28b8af7114cc031a937025d3a1328557f676ef7efdc56426fbfe772032f0e2f237f2f139a762e67177345f5be
53,m1dhcc1I1msI3tgg,1745058041713,6,1745058041713@PWAm1dhcc1I1msI3tgg,8b8400cb40b590e9948576f3ac9aa425bdd1230c32c76966a96bae6224b6d9b1f668f8534979d1fe273f954ed4211dae
53,m1dhcc1I1msI3tgg,1745016613713,18,1745016613713@PWAm1dhcc1I1msI3tgg,627ab4403f1e7aa8abab21459d4298c4b5118b18b65517069a344324c73be8221e59b68cf12119c20c4a01c9b0b5eb4f
53,m1dhcc1I1msI3tgg,1745016347713,18,1745016347713@PWAm1dhcc1I1msI3tgg,97fcf1973b68a15d75ccc42ce69d3c71ede8d400e55c1353fc3888af35ca7339b9bb312f53be3e4c808aebf0a552d05c
53,m1dhcc1I1msI3tgg,1745070975713,9,1745070975713@PWAm1dhcc1I1msI3tgg,9618390141352a3031763d83831fbea4d298417fdf312073a89a8e7b3a45bbfdd6aea0443ed988d9f3a1bfba9436fa76
53,m1dhcc1I1msI3tgg,1745050222713,4,1745050222713@PWAm1dhcc1I1msI3tgg,f2f4c6b8496c685e4ac9b646a39584cbdfd68ac5b2f67dc662f3694facfd9aa8855ad3453bd1f78cfeef9ec19b27fe7a
53,m1dhcc1I1msI3tgg,1745072169713,10,1745072169713@PWAm1dhcc1I1msI3tgg,8cb3483d321c3f641109143029f657d18b0b10b6165a450cfd59d8c2f3dcccd2af1c7353ce2f3ed3ebc6f98799b1b7b5
53,m1dhcc1I1msI3tgg,1745015653713,18,1745015653713@PWAm1dhcc1I1msI3tgg,2d917494413c2cbe997640ee551b6be37b4e0cc41275cf89aa77e71865036a366e3896913eb20f6789749c3dca417668
53,m1dhcc1I1msI3tgg,1745073298713,10,1745073298713@PWAm1dhcc1I1msI3tgg,2f5f68a1d78c288b43c3899c90241e392afb0902ab4ee87f5c2cf6a0b4545670c63fac4e799400828bca386f35b997f5
53,m1dhcc1I1msI3tgg,1745050308713,4,1745050308713@PWAm1dhcc1I1msI3tgg,7f2480cc515c0dfea29d877ce50c92a6b540ef25ad380c2536f69c5561110127194cf7bd67e7c469d958e20e3fefdf9d
53,m1dhcc1I1msI3tgg,1745017220713,19,1745017220713@PWAm1dhcc1I1msI3tgg,42e42360a339e11cda778945710f79d348002e0a4613dbc966e6565f0adc2d7b00e9564b5b34ff5b9776aca833744a77
53,m1dhcc1I1msI3tgg,1745019177713,19,1745019177713@PWAm1dhcc1I1msI3tgg,2762f023a5738b95aa306e22ccbdf444220d1f9aa6c5bd3b25f73c7ba01c61e00ac756ec5e6af206efcda2f8b481d606
53,m1dhcc1I1msI3tgg,1745071397713,10,1745071397713@PWAm1dhcc1I1msI3tgg,f76b56ba891edeb2a431369fe524de5c9fae176f53dfce8b1f59a33b1c317e69c8e84ea723ce6113c24f3073fffa6d75
53,m1dhcc1I1msI3tgg,1745051049713,4,1745051049713@PWAm1dhcc1I1msI3tgg,fb636ff7ce6232d745a93fa99c7468d0c51fcc3f4473f49467200d7aff488e4c32850340e9d75c2b25f7a5ccc7c5feaa
53,m1dhcc1I1msI3tgg,1745074480713,10,1745074480713@PWAm1dhcc1I1msI3tgg,c54fe2a1db51a2d0ebea4eb08f0a071a6a356e31439f8994041304f14f127d1986859f5af69c8d1b210b99ee90736641
53,m1dhcc1I1msI3tgg,1745043083713,2,1745043083713@PWAm1dhcc1I1msI3tgg,cd509e8b7e2015f19b56b0990a23c9ede67aa897a98576280bfc76f4396a71c74ffef328110c0dcd723025896aec63fe
53,m1dhcc1I1msI3tgg,1745014000713,18,1745014000713@PWAm1dhcc1I1msI3tgg,2eab568cbb79dd40014b7ae09fc506b6e722e0798465a1ab7ba8b7551fc09d39ac5d8d4e56c51a737f04adca9d0ca5de
53,m1dhcc1I1msI3tgg,1745006991713,16,1745006991713@PWAm1dhcc1I1msI3tgg,925e57666489760104a45a6d32b5bef89c043ec75b4abe2e875a0fc37fec682c9d90f294aeeb2c126d8e6cd64bc51235
53,m1dhcc1I1msI3tgg,1745072211713,10,1745072211713@PWAm1dhcc1I1msI3tgg,2420fe0e3cfedcdfac70928f855b79a67530a434b414d41e38e1939610199349cfdb4c6ffddee1ac8361c48e547c5c35
53,m1dhcc1I1msI3tgg,1745054878713,5,1745054878713@PWAm1dhcc1I1msI3tgg,51d2b8baad1cd14568f8f7f40f22a888afc82911c3820b7a6dc2be5789fef6758711c5b092ddac207f846f5e16e8e0a5
53,m1dhcc1I1msI3tgg,1745064268713,8,1745064268713@PWAm1dhcc1I1msI3tgg,d381f12626ae5a0108fdd27dae6adfcb4a0e43951030678ca4db209510e0d2ad31b5e8deb521723969f99aab19c0309e
53,m1dhcc1I1msI3tgg,1745022245713,20,1745022245713@PWAm1dhcc1I1msI3tgg,6241af748a0f5ac4181f03fedbe32539ac888820148754d60ae8eeb685e5c5671bab1314c440ce76b5d99d0a97473f82
53,m1dhcc1I1msI3tgg,1745065932713,8,1745065932713@PWAm1dhcc1I1msI3tgg,4555485862209b998f622f2a998912f6e7be5c58b6b80b731e9fc02f56e7a9ec592556b13d4a205c2906af54afb59d3a
53,m1dhcc1I1msI3tgg,1745035672713,0,1745035672713@PWAm1dhcc1I1msI3tgg,7949f5642ac9d0f2a55e84473732d329c4765447d3566a5a1e4662e4a5d4477dfda453f87b29eefcd39f03bd1cce5083
53,m1dhcc1I1msI3tgg,1745019678713,19,1745019678713@PWAm1dhcc1I1msI3tgg,12aa3a37583eda4e44674093649c0ed45547df8661db3f019a59fe4d2fbc91ad0cd1a09118b2a044665505c3cd029748
53,m1dhcc1I1msI3tgg,1745026952713,21,1745026952713@PWAm1dhcc1I1msI3tgg,339e1c22ce7330b8c37740b72e3d3819ea2974da3b0f2f06622b9ca1ee4ae1bce98e5575002908def8c2af030afe6d6a
53,m1dhcc1I1msI3tgg,1745031474713,22,1745031474713@PWAm1dhcc1I1msI3tgg,2b942b49fb3f2a41e40c5093103463ffc7e3ce74abbf5303543e914745cc8f4f2ad0a468f21144391724a0b0dc66870d
53,m1dhcc1I1msI3tgg,1745046404713,3,1745046404713@PWAm1dhcc1I1msI3tgg,44097a3996662f911315f3fb4654a3188128d9181c82f432fd0b207cee3ef6905ce3a9c570c6155c6303b90c5d96f6bc
53,m1dhcc1I1msI3tgg,1745047832713,3,1745047832713@PWAm1dhcc1I1msI3tgg,1434c568948078dd265d8774402c4ff9da8c93aca6b178d27213bc59e4bf534437ac54fb7aa861a26a293a7169f91510
53,m1dhcc1I1msI3tgg,1745071754713,10,1745071754713@PWAm1dhcc1I1msI3tgg,18723a67679f8237d00ce8612f96de3365be8c95fc581b4e51064483be426a64fde56ebe9953f18842466d7d1cf9d8dd
53,m1dhcc1I1msI3tgg,1745037324713,0,1745037324713@PWAm1dhcc1I1msI3tgg,fc6c5d89dd2a3e37edf30ec914d19f9560bfd9691b2516102228dbb885e276423474c5e6e66ea5b12abe6c26f97672f9
53,m1dhcc1I1msI3tgg,1745052559713,4,1745052559713@PWAm1dhcc1I1msI3tgg,969965c5a312deb469d197d1e04e7edd0de3015a2da75a7cc1dbd073e6a71c26a7457083c7c68560bc53c5b375693bbb
53,m1dhcc1I1msI3tgg,1745029453713,22,1745029453713@PWAm1dhcc1I1msI3tgg,b0af3cf009d299e75946658e3664a5a6a2b131d1b076a6eb809572fc26d86b6a988a7d866e55ca24e27f2fa971edf2f5
53,m1dhcc1I1msI3tgg,1745052731713,4,1745052731713@PWAm1dhcc1I1msI3tgg,813eb764127119c28f09be7a83c76f90e03359def4a3739007b0118ffa9df3bca7de8183859096c44e1a9808775c3a59
53,m1dhcc1I1msI3tgg,1745009500713,16,1745009500713@PWAm1dhcc1I1msI3tgg,8a391e089b733fc3703a4c0fd3452d047b594322511c0de1492d5264abaf8849eb45d0f7abc50d8d7f79da14d8db0d45
53,m1dhcc1I1msI3tgg,1745062151713,7,1745062151713@PWAm1dhcc1I1msI3tgg,69392d6d0190a35c830c9d4d40123bee1e44d82b9cb6d6ddaa73f87f457ab1177341df2498a745a14416b6cc4b1030c6
53,m1dhcc1I1msI3tgg,1745059246713,6,1745059246713@PWAm1dhcc1I1msI3tgg,1d03c9a776aa2c865316a701b5b168f65eedea55e61f6cc2d0a1c666747d5462bc13fe17726abec6ba7d92eb6388d80e
54,7wRZiaBCYGhZSEX5,1745033094713,23,1745033094713@PWA7wRZiaBCYGhZSEX5,c46a542d31267b82876e23093d4f60f0284bb5e49c87a5ce79c217046552a9c8edf862e74da439e9559abe1ac2ccb3e6
54,7wRZiaBCYGhZSEX5,1745071208713,10,1745071208713@PWA7wRZiaBCYGhZSEX5,91c52a38cdb1c5a719ba27a8d9d1a76de7f400ccc531bdd67faf6b24c3c6a0c31d60a9f5b740c790a0f42c1a94983a12
54,7wRZiaBCYGhZSEX5,1745062687713,7,1745062687713@PWA7wRZiaBCYGhZSEX5,5136fa12f69ece655e8175b64915e05cefd3bc9433f22b914e697b3295b2cb76611b06e7a97778ff31d58c427d96da80
54,7wRZiaBCYGhZSEX5,1745006299713,15,1745006299713@PWA7wRZiaBCYGhZSEX5,c8f936f29ad829cab4a16798efc89c3f0e5f6d4723d23e0e552436226bb9ae6caa6e7e85bc7eea9b69206aa351343423
54,7wRZiaBCYGhZSEX5,1745064081713,8,1745064081713@PWA7wRZiaBCYGhZSEX5,bc13bcbf4ede597febe794ec40153f22faf5119cc5bff9d5ec0e5a0508a3fbaaf1b6c8c673bef5b55ea5fe7c81e25d39
54,7wRZiaBCYGhZSEX5,1745037553713,0,1745037553713@PWA7wRZiaBCYGhZSEX5,c484297f59bebeb20e9651fd34ebbb5ded0a4fb4a45445651f40b950dfc46bec3adebeaa73f53f5f14f5dba540986cb4
54,7wRZiaBCYGhZSEX5,1745016037713,18,1745016037713@PWA7wRZiaBCYGhZSEX5,546b08116710f4fcfdd77afcb780837021ef17748ebbb4038224e683fbd9288891ee27511abc8da0c06f9922641f36d5
54,7wRZiaBCYGhZSEX5,1745071499713,10,1745071499713@PWA7wRZiaBCYGhZSEX5,75c19a1e8fba4135c01c1ee34a86a386640a99a769692729d6143c59fcfb5561b31809a0ebfbd106cc2e9f4f42636176
54,7wRZiaBCYGhZSEX5,1745043413713,2,1745043413713@PWA7wRZiaBCYGhZSEX5,38be7be1c9fb21df211fcdb04f6fcb732da4cc354ff38aea0327f5fef8661547e0ae72288129f69664b5d791d6f98e4d
54,7wRZiaBCYGhZSEX5,1745048134713,3,1745048134713@PWA7wRZiaBCYGhZSEX5,7a9894184dea88ee321993d31408417b1a67e7d9e2d73ad582a0e0d69efa90d20f12f0ba31b019c7729946f1532c50c4
54,7wRZiaBCYGhZSEX5,1745070542713,9,1745070542713@PWA7wRZiaBCYGhZSEX5,33535cc2512471d8c7dba9d9d0efb5a6182b3d7691aa91c5eb6a1dd27d1ea3b5d1b50647d38812f0dff265625cd31fed
54,7wRZiaBCYGhZSEX5,1745010735713,17,1745010735713@PWA7wRZiaBCYGhZSEX5,09362a3a5e9a9bc84df33a3eda6923d0009f771eafa15346561f3b26ee153fb94809b44366a67b0188b576f02dc4daab
54,7wRZiaBCYGhZSEX5,1745062261713,7,1745062261713@PWA7wRZiaBCYGhZSEX5,3ed7d58545f238ac843223b4d94e60a1fc2c7b6e21ca5302cdbb34c97d4464df64b71277ce6ebe746cf511d97f4feba6
54,7wRZiaBCYGhZSEX5,1745029228713,22,1745029228713@PWA7wRZiaBCYGhZSEX5,77223ac005d1975193f0f85957800940a0815aaba4d961e8e30b2a0e43d2f4a1658b94da422d1905b9bb9bd35e5610d7
54,7wRZiaBCYGhZSEX5,1745076615713,11,1745076615713@PWA7wRZiaBCYGhZSEX5,f3a7177162d6c43420ce3dfab3a02c19cc9a5dc12463e296efe568823e55ad19544123b08566e8852a0f79b1c305248c
54,7wRZiaBCYGhZSEX5,1745063667713,7,1745063667713@PWA7wRZiaBCYGhZSEX5,f1f0ec4e1373ff2a9a6d1cf6657679a60b83307581e7bbda8841b6d6e2b8131820e478fb7ba7008d1aeeb3e28c27768b
54,7wRZiaBCYGhZSEX5,1745076449713,11,1745076449713@PWA7wRZiaBCYGhZSEX5,ec74b0ceecc5e1c6d7828aefb7b5434d3ba5e8a1e8b8c02f708da8d837bfdb70d2a863e865fb64de8ccaec6e9478e510
54,7wRZiaBCYGhZSEX5,1745075449713,11,1745075449713@PWA7wRZiaBCYGhZSEX5,043fd5793b4f746a7b5adc82f5a47c2731b81af3eb0fc940791f455a9f88a8d3c757b282b958d4ef6944818d1ccd1ef0
54,7wRZiaBCYGhZSEX5,1745031824713,23,1745031824713@PWA7wRZiaBCYGhZSEX5,fb378dee37cb404324acfee4da3c70e961047ac72b3a87685bf0d7e694eb8266643a8b54f8f73742cef922ee044084c0
54,7wRZiaBCYGhZSEX5,1745008296713,16,1745008296713@PWA7wRZiaBCYGhZSEX5,7689ee76050f60a7cbf222e348ef11d12080567d4a634dffda3d9b31c59acda2e59960cba3bd58d5f34819ba392a1987
54,7wRZiaBCYGhZSEX5,1745012043713,17,1745012043713@PWA7wRZiaBCYGhZSEX5,46c6fa9006ae8d873f6446a1ec00730ce589332e2a1164672bb6030600db11ddf319f2ace2955ca85b2111b8c201d2e4
54,7wRZiaBCYGhZSEX5,1745034958713,23,1745034958713@PWA7wRZiaBCYGhZSEX5,626be099645203c451ba1c9743bcb560eabd9aebb89edc849a0906fccda8d030999122e3a86bfac0bb794e640fd50164
54,7wRZiaBCYGhZSEX5,1745040886713,1,1745040886713@PWA7wRZiaBCYGhZSEX5,1e232365d7e3c11901f19f08922a63a43bca15791d0db0130f902334afce0d708bfbde781ce3e5b6306503e5d8920551
54,7wRZiaBCYGhZSEX5,1745040234713,1,1745040234713@PWA7wRZiaBCYGhZSEX5,45dcab25de56b421d5c02d17828f7c81d6ff01e565c28f297c4c2c11fc4442d1ba707908a0500167de8e8928b37aca1d
54,7wRZiaBCYGhZSEX5,1745038545713,0,1745038545713@PWA7wRZiaBCYGhZSEX5,b492b5e9b67db57e82dd618cfe2f7f61768cefec228925463ef622e20e90bf624e654d0a4a55ed79908c9effbe61f93b
55,GN4w9Op5BnU6FoNa,1745057042713,6,1745057042713@PWAGN4w9Op5BnU6FoNa,59c009b78a6e9da618d9f44560575563c577f3f29f509b53709142ab184912724b99ac548e7ee7dc756908b845ae21ff
55,GN4w9Op5BnU6FoNa,1745071971713,10,1745071971713@PWAGN4w9Op5BnU6FoNa,6dfbb70520954c2fb5ccf75d4f02b9ac9b9199c0f08f4266b775dd518d8a25008f27e555aa22fa8db7db3dc8429a2bfc
55,GN4w9Op5BnU6FoNa,1745061800713,7,1745061800713@PWAGN4w9Op5BnU6FoNa,162af989972da2a427963e0e129992b49426fb7f2908346d464ef581b9b43ac6f5042434530619c857f85540fe5216fe
55,GN4w9Op5BnU6FoNa,1745051157713,4,1745051157713@PWAGN4w9Op5BnU6FoNa,d31fe60940951e272c2a54a6e612c7802af47ed669da53d0d072a5ea64011470a75635421aed4bcbb41f86bef5144a96
55,GN4w9Op5BnU6FoNa,1745033649713,23,1745033649713@PWAGN4w9Op5BnU6FoNa,57fabf7465b0d2e563e9d33422545c781fbde33755c83a00ef46bea6467875b225e3446f8360c9c51e0394e8aa30d2e5
55,GN4w9Op5BnU6FoNa,1745037428713,0,1745037428713@PWAGN4w9Op5BnU6FoNa,89825756f005f2b718e6940af4e3c4c96cea72d1e767d4ce00bddaccde64dd89886a701d6cad78f72995f543697282c4
55,GN4w9Op5BnU6FoNa,1745029956713,22,1745029956713@PWAGN4w9Op5BnU6FoNa,4239765e9a4d00726d71662306e5a50c1b2a7b0579c88a08773c1b3ef7dac393bb075da972525f7730cece732a1344b6
55,GN4w9Op5BnU6FoNa,1745040215713,1,1745040215713@PWAGN4w9Op5BnU6FoNa,1b20291dbd9e1a7a9d6595c2c01e6d3bbc924f6ff733a4c07b9db1c85a7415e5a5118fa5cc938eb011495751bbab3fde
55,GN4w9Op5BnU6FoNa,1745032807713,23,1745032807713@PWAGN4w9Op5BnU6FoNa,b7a197c2b16941810054e365ff4db385fb28045545caeeb86554c543d005f176b8809903b9cc8903f4b1e08631aae8da
55,GN4w9Op5BnU6FoNa,1745040397713,1,1745040397713@PWAGN4w9Op5BnU6FoNa,764a684a93799a4772adb245fa8d08cff472aee337d3b442e80bb0d8620b10e5966af32b6e36b91eef29b1dbd83cd651
55,GN4w9Op5BnU6FoNa,1745053961713,5,1745053961713@PWAGN4w9Op5BnU6FoNa,04ab2e411b2eadf130fbddd56ba7088d780f03f711baa6b2e800d9edb8f42dbb2c7596683b3011ac7cee667e2ad50b2f
55,GN4w9Op5BnU6FoNa,1745050631713,4,1745050631713@PWAGN4w9Op5BnU6FoNa,aadc2befe862f5d5bfa050e0aaee2909f02386edf9b56920c1621b26d7a44d9601beaff02f30269419fcb620022f44cd
55,GN4w9Op5BnU6FoNa,1745072684713,10,1745072684713@PWAGN4w9Op5BnU6FoNa,0e298e4f07708ef2daf76d18ae2d6ee0d4412ec096dc49035a026a71e01ccf50744dce731aa11d4fbe27095978d0181c
55,GN4w9Op5BnU6FoNa,1745070914713,9,1745070914713@PWAGN4w9Op5BnU6FoNa,560df213f1321107e777294aa145d33be20cf8ad5b3ba15cd818a2cc86c6c7cd9ce9731fb34a23489263f1ebad420d11
55,GN4w9Op5BnU6FoNa,1745022003713,20,1745022003713@PWAGN4w9Op5BnU6FoNa,b3cd014150ea98927064b66553c650e218e5b383adfafb0f5e0df9359f12945035aacc57e1a4aeea83af129b43673f47
55,GN4w9Op5BnU6FoNa,1745017303713,19,1745017303713@PWAGN4w9Op5BnU6FoNa,88cf861947de14f267e34b452b04bcd4ee25a4ebbd29066462f52c5fd5c6708bd0e24d3492fd2824661ec26a3ee7a9ab
55,GN4w9Op5BnU6FoNa,1745015960713,18,1745015960713@PWAGN4w9Op5BnU6FoNa,66dace08af2384d2e89e2379502e36358cebd18ec09b3fccc0d3eddffe7612ea59185592781e4ebc9985a43e1cd0e394
55,GN4w9Op5BnU6FoNa,1745031867713,23,1745031867713@PWAGN4w9Op5BnU6FoNa,dfb4c3142d7ce2dc91f8ded303bf7792a22782aa5a3943dfc283bf8d69d8165a8423babfc085c7c9c9478c6e6852d45f
55,GN4w9Op5BnU6FoNa,1745020947713,20,1745020947713@PWAGN4w9Op5BnU6FoNa,03688e3f6c772e35e9d88ea3d3c4364a6e067575cc7f5b271469c385a7f1ce56015ab2764060396c2914e4ca1c844ac1
55,GN4w9Op5BnU6FoNa,1745022365713,20,1745022365713@PWAGN4w9Op5BnU6FoNa,25a93edf11f364ce35fc9ca86313b783e0f25ba292577a917eaecc5cabe78a7e962beba65cf6edcc9ba18c1c60de1fc8
55,GN4w9Op5BnU6FoNa,1745023337713,20,1745023337713@PWAGN4w9Op5BnU6FoNa,2be4fece2e60c6a7b247987e430cc8e0c57f52763433a733518736a27676280bce9397b70a12ade95c295f5ccb3bef6e
55,GN4w9Op5BnU6FoNa,1745021480713,20,1745021480713@PWAGN4w9Op5BnU6FoNa,9f46344c3439320beaac617aa6cd7e54f7e0114f21f2e96dd66b77e67979de60ebe4cc65dcd5ff6e0cee1c378c31a33d
55,GN4w9Op5BnU6FoNa,1745061554713,7,1745061554713@PWAGN4w9Op5BnU6FoNa,6f1f5745c4901a720af2d37b46254770d1ea89625d3112cf2ee5729265d83ba27753c6bdc8b6c7959c7ee528f33282b5
55,GN4w9Op5BnU6FoNa,1745021680713,20,1745021680713@PWAGN4w9Op5BnU6FoNa,df20282a99dc247f736d12d9c733b6a9b65d5e5bf95de06f479d293888617ed456d57dbd1db7e7c9a35060f7d96e757f
55,GN4w9Op5BnU6FoNa,1745036820713,0,1745036820713@PWAGN4w9Op5BnU6FoNa,b15f5ea919a00c55f511a089ab21d47edf2572edcf07caf07eee3e10728767d905ff165e1b45c56f33647db580939514
55,GN4w9Op5BnU6FoNa,1745020772713,19,1745020772713@PWAGN4w9Op5BnU6FoNa,4fcd731ae29c10b84a692f3f566cd3502b979083bb3b3a9e05401013cea97f5b582ee9d62439c0b62dfdf3f1ccb31e40
55,GN4w9Op5BnU6FoNa,1745072953713,10,1745072953713@PWAGN4w9Op5BnU6FoNa,611413ce4a0884f734ce9aa190201d2faa3417fbc139a2320e9496f3045f2432597256cf420c261af6e66a963dd46feb
55,GN4w9Op5BnU6FoNa,1745029425713,22,1745029425713@PWAGN4w9Op5BnU6FoNa,6b819188de9a2ce50dfbd44ee55010a758d362a791c8e6e9c226af9b2de42bff01c8d8de653915670a45734fdf695e17
55,GN4w9Op5BnU6FoNa,1745039846713,1,1745039846713@PWAGN4w9Op5BnU6FoNa,2df801fc0b4b2ce960e0b43c5b75f7a15a2cc7f0f834fff2954959200e08377312f195f190e2ee7fe722c7011caec1d0
55,GN4w9Op5BnU6FoNa,1745036091713,0,1745036091713@PWAGN4w9Op5BnU6FoNa,5d5b7807c1ce0499ec9e3d8d48ac038925a4492fe75be8a68e5ac1799760f3ee0cb8afd26bff2041d0d88f79cb383491
56,cYYxlcl5xZeuU4e8,1745054314713,5,1745054314713@PWAcYYxlcl5xZeuU4e8,6696bae5f6fb63c32b7a270f1ea339a508f3cef1e66167e0695185d5e193dd6f140da5a579a4df6be25f58ee5f5bbbac
56,cYYxlcl5xZeuU4e8,1745014709713,18,1745014709713@PWAcYYxlcl5xZeuU4e8,802d6997b02d9ef8e5c15269563cbaa261d8005899a83ef5052f4ec5891a0315c0b15ec303ae9e31823caed0db6f7ea7
56,cYYxlcl5xZeuU4e8,1745035298713,0,1745035298713@PWAcYYxlcl5xZeuU4e8,8a3faffca7bb1d6adfdb1b8f6bbf4c366e64bc6212010eeb925612c57e94c48d12a52ee02a7a743e9c5127df37961871
56,cYYxlcl5xZeuU4e8,1745046408713,3,1745046408713@PWAcYYxlcl5xZeuU4e8,d80f1a222a432850e7302b910b1cc2969e80121c537005434ff0c6ddba0b284e5437d5339931207574d69a0463b7bae5
56,cYYxlcl5xZeuU4e8,1745008345713,16,1745008345713@PWAcYYxlcl5xZeuU4e8,f619aff29396d44ae5fc15454783cf128770bbc8387dddb599af66048f3379cd5e37a6a1cfd483834b217efd4a25eada
56,cYYxlcl5xZeuU4e8,1745054554713,5,1745054554713@PWAcYYxlcl5xZeuU4e8,aff14d51e48908fb4cb2e9d055ea70cece2a53cd68635b12a79592de87e800b52743735da33ca5a9dfec08551e938d47
56,cYYxlcl5xZeuU4e8,1745051188713,4,1745051188713@PWAcYYxlcl5xZeuU4e8,5a0f89576c80842ea61503ef64f9979092ede0a160646b5385222baa8a19f27ae3ed6bae307e0856ae5ccb5d1f6bc342
56,cYYxlcl5xZeuU4e8,1745026280713,21,1745026280713@PWAcYYxlcl5xZeuU4e8,19e29d4a1b62f4a9cf4b33757eda6b87f61a8b77b19457a6e669061dac4db702756d0d978983a38278aaaaa85b1dd6dc
56,cYYxlcl5xZeuU4e8,1745010492713,17,1745010492713@PWAcYYxlcl5xZeuU4e8,07482218298cc2e1ef898084ff6a3c4ddedaa5ae9d2589e0ef57d406b8219592fb3eba2d2e1c8025a5f8a36893cd62e5
56,cYYxlcl5xZeuU4e8,1745044875713,2,1745044875713@PWAcYYxlcl5xZeuU4e8,b58d7e6e0b875e425e2edd87cfe619577df34b1189a12e5bed27cf9b139b205f6951378a5f6a9047c8e488e52caa9834
56,cYYxlcl5xZeuU4e8,1745074004713,10,1745074004713@PWAcYYxlcl5xZeuU4e8,eaa9e9d6f9e9bbde07d040a1aa1dfcee064d4892ca72412bedeff937b8ba3ace5688a9e47334e0f9cf4f841904ce5056
56,cYYxlcl5xZeuU4e8,1745018787713,19,1745018787713@PWAcYYxlcl5xZeuU4e8,9a2069d880f2fde7c834a3161cdc1ccef40155a5da3bf3fb40b9a05d294e5cc5ebeb2438317294141aa894abfa27ff82
56,cYYxlcl5xZeuU4e8,1745038959713,1,1745038959713@PWAcYYxlcl5xZeuU4e8,8e63c59153acab5f1ad64c41c0e73cdc2bed3810bda6b22194a85fbdbfe98eb8830c46e830b1b034606c979c605960aa
56,cYYxlcl5xZeuU4e8,1745075743713,11,1745075743713@PWAcYYxlcl5xZeuU4e8,023a1aca0177afc1fd8435b99ef4f785ad0c6dc24d516e9cafecc9334b085c93ab685e47f643c7d5da49f07ecac88d19
56,cYYxlcl5xZeuU4e8,1745021931713,20,1745021931713@PWAcYYxlcl5xZeuU4e8,5a77b55f670341dabed9817216b4e032609d7f861d518ac86de678cf2b61c335cb01b4b02f3c05a5314bfa739bc355e3
56,cYYxlcl5xZeuU4e8,1745007976713,16,1745007976713@PWAcYYxlcl5xZeuU4e8,f22ee1703767acf2b14936c87bd4bd4b63ffd4256035dfdd3eb9bfff3cfae5c60136bd3b8c91a8d25d299a2e66e8d86f
56,cYYxlcl5xZeuU4e8,1745060377713,6,1745060377713@PWAcYYxlcl5xZeuU4e8,bbe36c2d13d067c56f3b8a22c1b17ea5404528e89bf4401fba7fb10f7dd4c221d3d6619cb54196021b58aa473a110f5d
56,cYYxlcl5xZeuU4e8,1745069533713,9,1745069533713@PWAcYYxlcl5xZeuU4e8,07d3716db3a3cbe7596c7f43538255c2a00ccdf2833c36a4b1762c328010ee8dbbb809c4fcf3ea6a87c45b10d0e105bb
56,cYYxlcl5xZeuU4e8,1745060094713,6,1745060094713@PWAcYYxlcl5xZeuU4e8,01348764834a682477e019af6cdcff870404602ab82005ccf53e85de6623af17600c8c65e64cce0a444d1003e1840efc
56,cYYxlcl5xZeuU4e8,1745045345713,2,1745045345713@PWAcYYxlcl5xZeuU4e8,32f147e518a0bdad289dc2ec43d5e31688c8491ea9ffa7d326083eeaf5209ac8a491ac8194d290d71fb6f1a7a58f9545
56,cYYxlcl5xZeuU4e8,1745037087713,0,1745037087713@PWAcYYxlcl5xZeuU4e8,f76130e1637ee60ca5b18a1b6400635525f527cd6829c5a4a24f9d289b9282d51fb85501f6d7e5403548c7eaabaefd0d
56,cYYxlcl5xZeuU4e8,1745070642713,9,1745070642713@PWAcYYxlcl5xZeuU4e8,a15d5bc8e3b9dd94157592368b9e7e35143634e07ca3be3d2cd7b196a76aa5ae5a133e3f77680bd4fbeae1f261ddfbfd
56,cYYxlcl5xZeuU4e8,1745058447713,6,1745058447713@PWAcYYxlcl5xZeuU4e8,21a769faa8a0cc112d2b9a8922f107a9d9dea8481aced7929a3dd9eb25acb579de31c612a2c4b9eb7a61ce3951111b43
56,cYYxlcl5xZeuU4e8,1745068286713,9,1745068286713@PWAcYYxlcl5xZeuU4e8,4fc7e84aabdd4537f809dc311fb24156d5c170062a7c49b9b1ba12ecd07045e5e10049d205c3d4f90458709e74209cc1
56,cYYxlcl5xZeuU4e8,1745032245713,23,1745032245713@PWAcYYxlcl5xZeuU4e8,a064b415268c769b457a497526d1710477b1a3883b812a79ccfa30474aaceda190ac4e4b284a65528d0d2a3fbf4c4880
56,cYYxlcl5xZeuU4e8,1745061801713,7,1745061801713@PWAcYYxlcl5xZeuU4e8,954b20295386e2bf1efa1614368c5302e10d6c1cb22f720595ddd5a45c71bdfc73c2d9e8cf2ed8407982f3cc7ae4b6d3
56,cYYxlcl5xZeuU4e8,1745027203713,21,1745027203713@PWAcYYxlcl5xZeuU4e8,3ab30dcaed1a69b6149aa3ff27f67c59c8357d866932da683cad5c0121041d09049db5f763af4b94f37cdd39b1a44475
56,cYYxlcl5xZeuU4e8,1745009407713,16,1745009407713@PWAcYYxlcl5xZeuU4e8,d959e70a218613004abc44cd0cd3943d87704763e09f03cf4e4272292d5f12447101bb0ecd39572ae5a469d9fd27c464
56,cYYxlcl5xZeuU4e8,1745077320713,11,1745077320713@PWAcYYxlcl5xZeuU4e8,ed14df0765879405aa6f37d9151269d4ba1144e75d9b015ee5d45359cac440bd53377ad261df844430f3398a6ae2390d
56,cYYxlcl5xZeuU4e8,1745052155713,4,1745052155713@PWAcYYxlcl5xZeuU4e8,c9be4a8bd7562c7f3574fe25897d033f0d9b3524ffbabbf6d7a34be7de523cc269afb5888f6ff6fae5f360c81aebea24
56,cYYxlcl5xZeuU4e8,1745067340713,8,1745067340713@PWAcYYxlcl5xZeuU4e8,85a0a8a7d10f102902778f28edea12edb4a89991bf95a7c6bd2cde05c4ab3f27d5e83653fb3856e17af4b66d8072ffa0
56,cYYxlcl5xZeuU4e8,1745022030713,20,1745022030713@PWAcYYxlcl5xZeuU4e8,7014b42f99ec3c075195e815580e4223abb4188ae1ffa34ab3706140ebf8ba74487a22ae5bba4c26d27525a4f1dfb6ea
56,cYYxlcl5xZeuU4e8,1745013403713,17,1745013403713@PWAcYYxlcl5xZeuU4e8,ef054c76b7561f6321686c2997fe0f5f27fb0593227da1ccae19af30db461894cb60ed2172de62f880a46059aebf904d
56,cYYxlcl5xZeuU4e8,1745011919713,17,1745011919713@PWAcYYxlcl5xZeuU4e8,ef411b1f8ae76caae8fdf2580b66d5b49cd4f5cc0effb996f2847a61a360469b9bdb396f674e8120f32b4d71ce6a5edf
56,cYYxlcl5xZeuU4e8,1745014125713,18,1745014125713@PWAcYYxlcl5xZeuU4e8,c97240fe8543e220af16c0e9d999abd4b77db0124b6cd4ffa132fb0b4f30e41e49fa21cdab792b5e609e45f13e263384
56,cYYxlcl5xZeuU4e8,1745049794713,4,1745049794713@PWAcYYxlcl5xZeuU4e8,1dd79066dc89f20f0cf884ada5684c101b0e300f3a8f5bb5491aef78bf82f01c4be913a446e116e2612ab1685cd8f968
56,cYYxlcl5xZeuU4e8,1745046857713,3,1745046857713@PWAcYYxlcl5xZeuU4e8,8d0f8394452653c7f59513fd3f36dc553611803a49ed8bf5ae6fe6440968226434b628029eb8f6f7a1b8ed95708e1b15
56,cYYxlcl5xZeuU4e8,1745056001713,5,1745056001713@PWAcYYxlcl5xZeuU4e8,b751cf098f788537101570b3a55cec7e7bfc14cf5324b63eae60a176e62233156467829488d2f5bdfbbf7e688aad6a28
56,cYYxlcl5xZeuU4e8,1745043341713,2,1745043341713@PWAcYYxlcl5xZeuU4e8,63c52bfcb235974d1294de26696193244ccded8dade653f265784fc5c32e4abb87a0c338e0b0d6163db1e45ce04797a4
56,cYYxlcl5xZeuU4e8,1745063352713,7,1745063352713@PWAcYYxlcl5xZeuU4e8,0d70463b2d238d04042871d9aaca31277ba3311913a0b8304797c72b980e017e090a73e35fc5ae83fac59fc132cdbafe
56,cYYxlcl5xZeuU4e8,1745025040713,21,1745025040713@PWAcYYxlcl5xZeuU4e8,5c4ae2902e64cc4a57c16906e45a272968fbf5f91157f229a299af1d60a6ab197ab0540aa037dfa80aff7974046b9316
56,cYYxlcl5xZeuU4e8,1745021026713,20,1745021026713@PWAcYYxlcl5xZeuU4e8,8fce93d1722fb6ae002d40ae2df120f6beebaabaf4764c09a87207b3676c4f29c998ba4f986a8e7df576709a50a9b0ea
56,cYYxlcl5xZeuU4e8,1745045412713,2,1745045412713@PWAcYYxlcl5xZeuU4e8,f8ba6235343d856cb6d4fe0a3bc050f860c16621dd89f28ed57b76ae38a48ecda3a70aa93561067b3d1b811bf463abca
56,cYYxlcl5xZeuU4e8,1745077387713,11,1745077387713@PWAcYYxlcl5xZeuU4e8,a092e2d9c01e37da2fa56b6038bbd9f16d76b72ddd32a0c9dfbf0193e1eafaeb1666925c04a27e83fdcfbb3905f3d6ed
57,GRxmCKTLrBb7E7ZC,1745063079713,7,1745063079713@PWAGRxmCKTLrBb7E7ZC,5aac33731aca8210afe0b5382c8706b3d1760f221c872227758be0e985247c20e5292d63c53daabe453cab5e66d7c329
57,GRxmCKTLrBb7E7ZC,1745035248713,0,1745035248713@PWAGRxmCKTLrBb7E7ZC,81d968510f51db5e1691a25e31450081cfd525d55913c49f2ff6f679a424982cfccdc563342d1c5c93d32dfbc1dca2f9
57,GRxmCKTLrBb7E7ZC,1745039554713,1,1745039554713@PWAGRxmCKTLrBb7E7ZC,26464ee6ad3e8e64419f44b884771ac4493dfe7677e8d4ba7b701b69135ce4840fea05a7e10a5d1e90d2894b06260f4e
57,GRxmCKTLrBb7E7ZC,1745054998713,5,1745054998713@PWAGRxmCKTLrBb7E7ZC,a83685e623dcf4e213666be5a2c5f4e66717332a7b980da112d73dd74c279c365fe70b5ecf218f53fd5fbf52938345c4
57,GRxmCKTLrBb7E7ZC,1745073581713,10,1745073581713@PWAGRxmCKTLrBb7E7ZC,3c6a3086885dd9c2d8a51815b00bada2c66ba9c57f9ea7dedc5c98c2c206988aaf2550859adc8b3d515087961e11e336
57,GRxmCKTLrBb7E7ZC,1745049991713,4,1745049991713@PWAGRxmCKTLrBb7E7ZC,69b047e0d19d4c06091f86d18ed2b2978836e09ebcd4afeed8cc8072fa9cf3f5492287486bad5da2cfba366017049761
57,GRxmCKTLrBb7E7ZC,1745053401713,5,1745053401713@PWAGRxmCKTLrBb7E7ZC,92c8dad8682cefbcfa988dc4e517c501872d1a74c7d12cacb52ddc1c4c303d37441f305fe532e8a49d2d07c02cfc1264
57,GRxmCKTLrBb7E7ZC,1745044252713,2,1745044252713@PWAGRxmCKTLrBb7E7ZC,cc1fe8e9002ad4942f3829545e0d82b4b0dedc761e493e2a8abb1677d4dca5dd928cff51116d1c4f38fb7b7151d6ca0e
57,GRxmCKTLrBb7E7ZC,1745045839713,2,1745045839713@PWAGRxmCKTLrBb7E7ZC,a9e76946804d7aff7cb33ff7af62960c9fd47d53a8df4bfdc4a2d44363f2b02016cc350916856155d83c13e4668b798f
57,GRxmCKTLrBb7E7ZC,1745020790713,19,1745020790713@PWAGRxmCKTLrBb7E7ZC,503244743cbab67ce369e903e0527533a89b500089309bec00af2dc6d33fec763cc4b4e2120efadb7554b54c7418fe29
57,GRxmCKTLrBb7E7ZC,1745039594713,1,1745039594713@PWAGRxmCKTLrBb7E7ZC,9898a96a2728086a9e941b14f702be7a83f4b80d6f1cfec9503395392f612c50bd6c41577771c2b52859b384c9575aa9
57,GRxmCKTLrBb7E7ZC,1745007561713,16,1745007561713@PWAGRxmCKTLrBb7E7ZC,b4b29c9dd53e27b9d972a57c66d66c0a25e6364a187a90a4752a2ed40ffb3495d607fa80a6ae121b6df89d64c09babc6
57,GRxmCKTLrBb7E7ZC,1745068394713,9,1745068394713@PWAGRxmCKTLrBb7E7ZC,28d6a6920b9a09f1c10cc55fa2f5c16e91044d86469fe05164991b7b185e6b1ac2ca42b80ec573b27dee2be43e5a7483
57,GRxmCKTLrBb7E7ZC,1745030142713,22,1745030142713@PWAGRxmCKTLrBb7E7ZC,617b874c3872cdca1bfb39a970704ff225326ad9d9036d2737fa7eab3d2b68479820825ff6065198967dd159ea37c2bb
57,GRxmCKTLrBb7E7ZC,1745033998713,23,1745033998713@PWAGRxmCKTLrBb7E7ZC,91d4c96e95b9efb15cab035c9743efef9f7ef3d1c54913eb3f963515c786909bdd8000cba45263b2668bf0c0768546e3
57,GRxmCKTLrBb7E7ZC,1745017480713,19,1745017480713@PWAGRxmCKTLrBb7E7ZC,a2bddccb7c343073fee2901856fa13be8c8551a0d187efea579bd02f2be6d101ad8af8d554882354557e43b09e3b79ad
57,GRxmCKTLrBb7E7ZC,1745031716713,23,1745031716713@PWAGRxmCKTLrBb7E7ZC,503f76b08ea4269477df1d2c55b9a7ec05452750de126fed78fe0238b3cb63dd6c269feb9de08a343d22a46e7b03ea1b
57,GRxmCKTLrBb7E7ZC,1745010020713,17,1745010020713@PWAGRxmCKTLrBb7E7ZC,86852faac4671060eed47ce357c4ae6b3a849a9e5b51ec28c44d19e809237c1faa0eb4570a18aa46934034af1e15a08b
57,GRxmCKTLrBb7E7ZC,1745010630713,17,1745010630713@PWAGRxmCKTLrBb7E7ZC,7c5a8b1149d88c42e15c44cf18474e886158373f01f97461c752544203a378f9aa963f5bd01144530790bd30a823c993
57,GRxmCKTLrBb7E7ZC,1745076609713,11,1745076609713@PWAGRxmCKTLrBb7E7ZC,1e02689a077f297e98b1185a661b5da1409695ef788ab548aa2e9d4fbdb27573208bcc31734f4351adbebc5bb9b8fc19
57,GRxmCKTLrBb7E7ZC,1745035263713,0,1745035263713@PWAGRxmCKTLrBb7E7ZC,49905c76bd10002ed546d95e3e80c6fd9d9c583d845775c994fa1409225707f55ef9dbd46c197a469561414d6757b964
57,GRxmCKTLrBb7E7ZC,1745006817713,16,1745006817713@PWAGRxmCKTLrBb7E7ZC,92376d9379f6295474e1b0ca1c1600a50bafa46c032d41598447ff5c639812db9c841185cb29fe33c4610959359b9ea3
57,GRxmCKTLrBb7E7ZC,1745074812713,11,1745074812713@PWAGRxmCKTLrBb7E7ZC,3bbd54b0ee6f9d58eff16741bab413f804c9ae49f7c56c468c7d3f0a8dd3449d217ea0a11cdbb32128624e728b9092ff
57,GRxmCKTLrBb7E7ZC,1745033250713,23,1745033250713@PWAGRxmCKTLrBb7E7ZC,ab2702554bd298c9d1e86c93d42172fa27b71346d6b58300a3b7a353ad4802cbb8bf0754ebcedb15db25ca4e5a5caf34
57,GRxmCKTLrBb7E7ZC,1745009471713,16,1745009471713@PWAGRxmCKTLrBb7E7ZC,fb01bff0fc2cc16490bfb7f4b5cbba68952882ad7bdc5ab09e026aee195f61d858c30caf931be86452f5934acbaeffaf
57,GRxmCKTLrBb7E7ZC,1745034909713,23,1745034909713@PWAGRxmCKTLrBb7E7ZC,78055d4fa9faf706dc7a85ca704e30d9953915c573a8a5cfa67715b122c53d88db96b1c3066f28c5dbf6720513225905
57,GRxmCKTLrBb7E7ZC,1745050105713,4,1745050105713@PWAGRxmCKTLrBb7E7ZC,0b215a9476ab15656d4d042a3e05690dc4b56e8a60fbceebb3994e4dda322411b5fa37e6746b061866e273b3f78db958
57,GRxmCKTLrBb7E7ZC,1745043146713,2,1745043146713@PWAGRxmCKTLrBb7E7ZC,d4128f8e1c65952fb30eba85131861e9fb8bd26a06ea5721fb23ee476ad776a7034bb949c3d42ca795dfb795f625f869
57,GRxmCKTLrBb7E7ZC,1745068211713,9,1745068211713@PWAGRxmCKTLrBb7E7ZC,e6da4f640951daab471a18ba48d149dd95946ca06612e9e5cc14827439674611e34c64bf0a2674b3981c3595de8308b4
57,GRxmCKTLrBb7E7ZC,1745024013713,20,1745024013713@PWAGRxmCKTLrBb7E7ZC,34391b212d0ce94f69551cac633d6c47d4f82f93adb6d850c1c8adb42ca6c219811df33e6391ebd3742da3605f96dc99
57,GRxmCKTLrBb7E7ZC,1745066364713,8,1745066364713@PWAGRxmCKTLrBb7E7ZC,fbb3433f6e7d45fa3bb682f5758330fefdb5d77b201038fc28b946f6b03fd38030a4e351a6c3c3eed0d0343ed34e9c3c
57,GRxmCKTLrBb7E7ZC,1745075391713,11,1745075391713@PWAGRxmCKTLrBb7E7ZC,84371a7397097701bcee1e0dbaa881399e7eb3a5f1c773406f94b3546d8f8e3b267c4b01272b2e765f57f2a520aa3282
57,GRxmCKTLrBb7E7ZC,1745074723713,10,1745074723713@PWAGRxmCKTLrBb7E7ZC,892ef2b972d4788f2a2feb165a3db8aae7ff85b68935931f313cd04df9bf201dcba361e3d73fb4c673b9b8a5e486cec1
57,GRxmCKTLrBb7E7ZC,1745045037713,2,1745045037713@PWAGRxmCKTLrBb7E7ZC,d0701ec2ef15bc866efebcdd10f96f16fea70480002867a6b4d2c66b2bcc4f3fac0a433b0baa6c19d3d7bc5d6ceed9fd
57,GRxmCKTLrBb7E7ZC,1745066410713,8,1745066410713@PWAGRxmCKTLrBb7E7ZC,56d5c872933e7cb01db72e7e28df6282177e5ac4040f0f24aea523e66f3399345c9e204e9c8ebb3383844919e79e6c8b
57,GRxmCKTLrBb7E7ZC,1745022354713,20,1745022354713@PWAGRxmCKTLrBb7E7ZC,312145b4f51a141db9f01acfa023bc5dd9db6b3a93b68e0f621eca69070b1f4641b29fc11a901560f2455488fe35953c
57,GRxmCKTLrBb7E7ZC,1745018667713,19,1745018667713@PWAGRxmCKTLrBb7E7ZC,6420b549e9a706e7724b7c7b0da08901240b4c9b143c68227702d664d287d2993c24a477a2538f13604996b8b2f83567
57,GRxmCKTLrBb7E7ZC,1745050123713,4,1745050123713@PWAGRxmCKTLrBb7E7ZC,9dd1c4db51aa39da4a8873deb4f80efc4dc547400429b0bab6c187f354686a10983e91c873d003efdd68396b75a157f7
58,nRK07O4ShFSguv0f,1745043318713,2,1745043318713@PWAnRK07O4ShFSguv0f,f2ddb0ff49ebebac6f59911d8bcc2542949b560d9d53d0715d92b24f2e90d665e5b206effade8169934ca6d298b682e9
58,nRK07O4ShFSguv0f,1745038964713,1,1745038964713@PWAnRK07O4ShFSguv0f,0601dbcf957e4a1074af3aa7456b420bc94cff61429b8bd4d6f89f052749ca9819a03ff367985916042d66ab43639536
58,nRK07O4ShFSguv0f,1745058345713,6,1745058345713@PWAnRK07O4ShFSguv0f,727b445aee4fe6f8fae2f0e386e91113d4972cb4c9e3c4f1a49f919db05165f09a81bf291ee30d3ad285160088b05696
58,nRK07O4ShFSguv0f,1745052392713,4,1745052392713@PWAnRK07O4ShFSguv0f,2487b280d2364dfadf2d202c81264aa42462010e71cc73fe2dacd8547a365e99b53067cb14532e95df40c1a52ae6833a
58,nRK07O4ShFSguv0f,1745064992713,8,1745064992713@PWAnRK07O4ShFSguv0f,1562a1a3ac3c58cbf49487dcc75ee8fd65101627ca0621da8c27f8dff4da9b816af6927bdea6c562df653a5860d9215d
58,nRK07O4ShFSguv0f,1745033345713,23,1745033345713@PWAnRK07O4ShFSguv0f,dea0a7d85b558cc987f16a5ba1abb382f8647236ea406203338fe70db1d56b31b2c86b8e9188b7c1e9a61a7bfd5dc9e4
58,nRK07O4ShFSguv0f,1745027483713,21,1745027483713@PWAnRK07O4ShFSguv0f,f7397ed3558ada16e8430d5f6951042244d3ab16134ae69686405ea8e24816dcecdded733ac60ccaa4994a474298d4c3
58,nRK07O4ShFSguv0f,1745020596713,19,1745020596713@PWAnRK07O4ShFSguv0f,382380dc31baf4b65484a0b9b76baab85e813f4570eda26862cd8038c2a597a02f79ff39b8aeebe90a335529aa52e493
58,nRK07O4ShFSguv0f,1745014553713,18,1745014553713@PWAnRK07O4ShFSguv0f,9768142675718aabb70effceac7014f0780a3618a5a48ed3e4014f5e239bb304c9c2e96f3a7e7a4238bc8d921d6ef8fe
58,nRK07O4ShFSguv0f,1745069710713,9,1745069710713@PWAnRK07O4ShFSguv0f,68713035b3d8f543555abc2dc154d6a7e68ffb2fcb3da343169c401349412b81014f2656fdb826b6bcc9ac33f1889fb2
58,nRK07O4ShFSguv0f,1745028439713,22,1745028439713@PWAnRK07O4ShFSguv0f,d4d481f93c369a6966f9483e164c4897ff475399e2f6f86c3211cfec2d428ef876df2e393ecba1731eb3d9c64cc9adf5
58,nRK07O4ShFSguv0f,1745016550713,18,1745016550713@PWAnRK07O4ShFSguv0f,ad1b2f9db9512a6f794f132035b29b56a30decb1225ba03aa166eaf00fdd12e75495bb1b4092f5b135a0208453ad3484
58,nRK07O4ShFSguv0f,1745010759713,17,1745010759713@PWAnRK07O4ShFSguv0f,1c2f5e17417968624ec6a6ce1f9a4677027240612a172c2a3d16f3846cf7a28c8e72d90cd1a16864faf4285d059bed0c
58,nRK07O4ShFSguv0f,1745053652713,5,1745053652713@PWAnRK07O4ShFSguv0f,eb05a77baf1c3f7cacef3cdc5252372ff29ed08165548662670c042dd2237ea2c9c439458bfaa835f3fb48c194a68814
58,nRK07O4ShFSguv0f,1745065512713,8,1745065512713@PWAnRK07O4ShFSguv0f,63fcd14b2a18a8c7446e605db24396e32c8cf82e0a38a770568ef0091c2273a976fbd2e87266748a2f89d94356632d88
58,nRK07O4ShFSguv0f,1745051769713,4,1745051769713@PWAnRK07O4ShFSguv0f,b64db28e7d7d759647c45596de294a6d3f3c9880ffc243367ae42829aebb27c1e9ea6798e7ad6163556bd7a8c23c9852
58,nRK07O4ShFSguv0f,1745042127713,1,1745042127713@PWAnRK07O4ShFSguv0f,bdfcb8658562703106ac1b4a783f013cdaa52a5c1388d96f9405bbe6790cd52ac1706c9774b6be87bd5893cf9473dfe9
58,nRK07O4ShFSguv0f,1745012981713,17,1745012981713@PWAnRK07O4ShFSguv0f,c11f393eb12cfd34e4853239dda79c9688f3a8021450485716b177c5d4838d13f27f3fb36f622e432a7d12fb3d48177b
58,nRK07O4ShFSguv0f,1745032256713,23,1745032256713@PWAnRK07O4ShFSguv0f,8a6df802c21916a3396a2617df729cc9b921c9afdeafa4d33f07b14d1810a52c60ca976668829c6d7f5eb77fb7fe026b
58,nRK07O4ShFSguv0f,1745040327713,1,1745040327713@PWAnRK07O4ShFSguv0f,e31479d2b55aa6fbc635b8516f2964d344ae2550559a60ab09efc35e78725ac40c33c7a99936d9609ab1334ad5e27e31
58,nRK07O4ShFSguv0f,1745052667713,4,1745052667713@PWAnRK07O4ShFSguv0f,6029bdb8e7c597923d436ea01e8721bf1a8cb6c236b3b12f090da3481f1eddd186dc12efd536f8aed652efbe209c5e5d
58,nRK07O4ShFSguv0f,1745015871713,18,1745015871713@PWAnRK07O4ShFSguv0f,72d8cb4d822ca76720a9c7bfbe1b83f90bf7dd00b3e5812fef03455626306e88db9049fd830215bedcac9655414a71f2
58,nRK07O4ShFSguv0f,1745046653713,3,1745046653713@PWAnRK07O4ShFSguv0f,0a74c0d2dc682cb6a074a7e814711871c6be96e26d0a307319a6368623011d2cecd7d92c050157b83377b01057d2c562
58,nRK07O4ShFSguv0f,1745009945713,16,1745009945713@PWAnRK07O4ShFSguv0f,3adc8e66b70a09d101943bbefbc08ebbbc87383d9c1ace1856d1ff28ee4cff7e415a6b89845f262fdc5c54af3322c3df
58,nRK07O4ShFSguv0f,1745076037713,11,1745076037713@PWAnRK07O4ShFSguv0f,f68d1deb3499ba2c25dcb36a515592b221f5bcebef898a80bdb1a8818d0fea6682f77ef13767cee1e77128730c86d7fe
58,nRK07O4ShFSguv0f,1745029922713,22,1745029922713@PWAnRK07O4ShFSguv0f,24b026534df8f7a408be6947b05ae37db846296fb19cfe30b995bf97c5eb981bdb4b8047ddeb73076ff47b7420f7cbfe
58,nRK07O4ShFSguv0f,1745074137713,10,1745074137713@PWAnRK07O4ShFSguv0f,b32ae1a7e00cb2663460ee18f7c46ad4f51eb78fbf11cf14ff513067ca147475662112cfafd0827a171d74497c59429f
58,nRK07O4ShFSguv0f,1745022846713,20,1745022846713@PWAnRK07O4ShFSguv0f,33d99993a26effbd5c1ca92ff76531e6f715b1f1bbc1917371341fafdb92402a2f48a80928f9299d45f8adfc788b62ea
58,nRK07O4ShFSguv0f,1745023415713,20,1745023415713@PWAnRK07O4ShFSguv0f,39e0041cad1f147e933d24c22d255158aed12ef2f3f0d66161620e8ef33fb0229662c149462e101358d2c506bd62d729
58,nRK07O4ShFSguv0f,1745047821713,3,1745047821713@PWAnRK07O4ShFSguv0f,f8e14cb25ee62b602d19ef97f91e626e5050a9659da895ff9acb4d014334aa56c00fc0bec3dd60c2a75e6f44a8ae051b
58,nRK07O4ShFSguv0f,1745031799713,23,1745031799713@PWAnRK07O4ShFSguv0f,26dcc8ce5fb749fcc34ccbc1532c42f6b59642ce0b425a501638ffe310f7f7b4f4f5097a5939dc42466d12957f01eb6b
58,nRK07O4ShFSguv0f,1745016969713,18,1745016969713@PWAnRK07O4ShFSguv0f,f4e5331d3cf527670e1998767088aa9e62e50face695bfc1f2656abc115549f15ffeab0705786df51b20175352f063b0
58,nRK07O4ShFSguv0f,1745013569713,17,1745013569713@PWAnRK07O4ShFSguv0f,b6259904989c2687938d398e88fc332a922c07dce06079b88ae0441ae371f84094720e3d9a7144c40e321cb4bbdf270c
58,nRK07O4ShFSguv0f,1745075976713,11,1745075976713@PWAnRK07O4ShFSguv0f,f946c33b3868739e9c57f9e8bc26308e1b7ec29971146f53082a128ff9d590d8a85fbf3650bcf11ec467f294cdb2e46b
58,nRK07O4ShFSguv0f,1745016768713,18,1745016768713@PWAnRK07O4ShFSguv0f,63703aa20f42f461f5f2d73dec1c755e5c23e2694670172e360b41668f583cb99d14bf5317621449af3039358bfb2f20
58,nRK07O4ShFSguv0f,1745067217713,8,1745067217713@PWAnRK07O4ShFSguv0f,f61d90589c8e4fd8c8afdb0eb4fa8e81aeaf15dec73c0c6ec72e8edb32857afb877c2e695c64fc8f20b37bb8e9a046bf
59,SUOsqUuMeVBnxMPL,1745047374713,3,1745047374713@PWASUOsqUuMeVBnxMPL,ad90bdd6fa82a1e9bf35ac331edbe3706c69ebcd07412e41f2e75c3dfe556510f3bb3126efcbf4b01c7ae80308e427b0
59,SUOsqUuMeVBnxMPL,1745016922713,18,1745016922713@PWASUOsqUuMeVBnxMPL,015897742e2528ffc32757d481215ec6884c26b735f84242c902d92bc50a3299bba1fbf76dc622e48cd2b0ddddfff3d9
59,SUOsqUuMeVBnxMPL,1745006768713,16,1745006768713@PWASUOsqUuMeVBnxMPL,22e622a05f8927750399a2477d58c31daf614c4d8c517ba8f99bfe4351e7e2a1de5a6937eac64273b5ca0b651f681643
59,SUOsqUuMeVBnxMPL,1745063599713,7,1745063599713@PWASUOsqUuMeVBnxMPL,a08ef68de8b1acc141bf7fc4c1354c47acb12b1fc2b9b403bd62e80b1ee25f7952d1694ef19e019e1b38446b88cdc002
59,SUOsqUuMeVBnxMPL,1745036177713,0,1745036177713@PWASUOsqUuMeVBnxMPL,f5869f5d14217bf10bc0974ed23eb953643a42dcca4f3afd0213418f6273aa5fbcf32e5302a9eb43d758f28bfb59bb64
59,SUOsqUuMeVBnxMPL,1745024672713,21,1745024672713@PWASUOsqUuMeVBnxMPL,2aad4f050cc61bd0d1a391a209c3ff74cac2a46aaa5ade5dd68b4ebec5a766430debfec42a71a7200be097812d22c022
59,SUOsqUuMeVBnxMPL,1745018560713,19,1745018560713@PWASUOsqUuMeVBnxMPL,d41a58c31cbe3334a27b4816c747a2790d6074e7f3ffafa3fab53194dba30d724cd9ad41f51fa746631232da8bc41b08
59,SUOsqUuMeVBnxMPL,1745060074713,6,1745060074713@PWASUOsqUuMeVBnxMPL,9c1c656bfb846259718d211f88dcb85a2edc08ff68815680499bcd444c7237f7e83ab9247e3cf2adbf260b20a4b800ce
59,SUOsqUuMeVBnxMPL,1745028665713,22,1745028665713@PWASUOsqUuMeVBnxMPL,90e93300dd26eddc7c52657b9f4ed32baef02cc06e8fcf55092bc54f5ec87ac5e25119fc9a47c61924424eafd54a8af7
59,SUOsqUuMeVBnxMPL,1745017736713,19,1745017736713@PWASUOsqUuMeVBnxMPL,b3436becc348937d044a150cd52a2636952cd5f2858205d24706462f4b646ef7aa87598ce6a66959a407eeeea586b8e5
59,SUOsqUuMeVBnxMPL,1745073851713,10,1745073851713@PWASUOsqUuMeVBnxMPL,ac61a449bb4fbe2d5031947165e507d54f8980ac9d678befe82852e098474ab59734801fd9462caa208e05b01e018098
59,SUOsqUuMeVBnxMPL,1745038819713,1,1745038819713@PWASUOsqUuMeVBnxMPL,d1067787b10bce1502c2d1e223aacc14fd7b7fd109311af7d09807b764e445420b68784875b29c440461a3dde3b3d570
59,SUOsqUuMeVBnxMPL,1745033473713,23,1745033473713@PWASUOsqUuMeVBnxMPL,25d3f0fb38add5eda607ef1b412b5cf6922e9f40cee6c5898bcb66a5caa5445ab2cc5dfee337c01d7eb0ae5f0962a0f8
59,SUOsqUuMeVBnxMPL,1745046001713,3,1745046001713@PWASUOsqUuMeVBnxMPL,637af00a0afddc191f132f8b9f79851a3f929d8d81a94083b20c9897ecfec849c136c67ecc5de637dfb131d71155806f
59,SUOsqUuMeVBnxMPL,1745019927713,19,1745019927713@PWASUOsqUuMeVBnxMPL,dbc1798eb4c7325809a68a1939a67649a5739eeeb2616b09617a1ab0e95faf7fc4bfaf2ad046fe0a9422e542cf688c14
59,SUOsqUuMeVBnxMPL,1745039329713,1,1745039329713@PWASUOsqUuMeVBnxMPL,6f90343d9a90f0a87330f0a0b2323633ec6e0732f8e26f3d626b4b2086197699ad35294f0361558644599f6754655396
59,SUOsqUuMeVBnxMPL,1745040996713,1,1745040996713@PWASUOsqUuMeVBnxMPL,acdb499d9dc0e722ded6538bf6ed4be156ca6fb128226ae45a6f4f86c7a9cd09ae1a3fe8a06a0280c00b8ff8e8acc91e
59,SUOsqUuMeVBnxMPL,1745032626713,23,1745032626713@PWASUOsqUuMeVBnxMPL,96cfd3605d1b0d5d5b4b56cc1946f6effd1e0478e170ee4bba3b311ee8608a2051dc2b3389b007e73a8f47045b1bbc5b
59,SUOsqUuMeVBnxMPL,1745059519713,6,1745059519713@PWASUOsqUuMeVBnxMPL,ec7aed7128fa8630241ba8e792429c2de4958729af813cb04d5f8fc792f5f5c1c69dc87d44cde98192e65497c0da0da4
59,SUOsqUuMeVBnxMPL,1745030601713,22,1745030601713@PWASUOsqUuMeVBnxMPL,b1b8b8b7448f7fe3190fc6044926291e52da2e97d2e23e7354db13d46a6b8258232ce805379f767325ea937b2a1906ec
59,SUOsqUuMeVBnxMPL,1745051448713,4,1745051448713@PWASUOsqUuMeVBnxMPL,ebfb780849b48dbf92c842c1d56a87c063f3db2c64c4550e25032ef37ecea56e49d7734d4c81c32a5b85ce129f685726
59,SUOsqUuMeVBnxMPL,1745017008713,18,1745017008713@PWASUOsqUuMeVBnxMPL,7ed970d75e746fab829f1d98fc8d634759152fc5c259f864c73bc8bf9735ef2624d37ed8724e2f4bcedc54205d8a500e
59,SUOsqUuMeVBnxMPL,1745014393713,18,1745014393713@PWASUOsqUuMeVBnxMPL,97431299efb204c522ad3cb2eb957c6ef9982634fe66de28060ee5ab9ebaa21bdf86c00d95aafa82d093d672b57628fc
59,SUOsqUuMeVBnxMPL,1745021335713,20,1745021335713@PWASUOsqUuMeVBnxMPL,97f24452c6806650acee55989dc68e0583c62ee31e6d797917fcdfecd7300e72f0adf98784f006385fd0d08b62eb53b3
59,SUOsqUuMeVBnxMPL,1745013530713,17,1745013530713@PWASUOsqUuMeVBnxMPL,caebe53ac65f415cf7ca555511a71516eeb8ae7ec0d6b99fff03625bc7da4c09feaf1253afa36a2b3396b880847f2723
59,SUOsqUuMeVBnxMPL,1745028345713,22,1745028345713@PWASUOsqUuMeVBnxMPL,aa83b453f39eb4d7e9fc2893b0a84a73b85530b4fce05db213c94fba973a5bb599e7c732a803bab215d9e24d92da3a49
59,SUOsqUuMeVBnxMPL,1745026929713,21,1745026929713@PWASUOsqUuMeVBnxMPL,09ca9f99c05a840b620ce74fd79c32c2f5ddd7ff9c0f1efbcc87a3e7a0074ea45aa1d3204137f6f037d6ac2a746dbff8
59,SUOsqUuMeVBnxMPL,1745052299713,4,1745052299713@PWASUOsqUuMeVBnxMPL,9cb5c4bc1771f3a5ba89c7291a88acbf8aeb47cd00e78e486e0280758ce87fd9afb732b94f626c69fa0fd8575dd5cfd0
59,SUOsqUuMeVBnxMPL,1745067002713,8,1745067002713@PWASUOsqUuMeVBnxMPL,5c9000fd8d4798a17865d37bdb91724d466c29c16bd022caae72258b831772eaf4c16126e1da739223e2ce19e1eca5ef
59,SUOsqUuMeVBnxMPL,1745016516713,18,1745016516713@PWASUOsqUuMeVBnxMPL,6e00f153c4dcc851938e4fcae9f30f39ba6e1fbc4f9ae8a20042dd9b6b1f74b88951afd3f867aca994f18d3345baad33
59,SUOsqUuMeVBnxMPL,1745076546713,11,1745076546713@PWASUOsqUuMeVBnxMPL,3e2f68bd8395ab203c26e0ef4ee3067292155c876217433e6c2a2ca96094db362d6affbbeb2d644ce1aa91a5da543de7
59,SUOsqUuMeVBnxMPL,1745009654713,16,1745009654713@PWASUOsqUuMeVBnxMPL,0885ed81639cf14949033700ccfcb4e92071d58c3ec58419e8bc3b1f7ab86a79e99cd30e1e55579b1be6b3794578f693
59,SUOsqUuMeVBnxMPL,1745039172713,1,1745039172713@PWASUOsqUuMeVBnxMPL,cb3cebba82d773b075de0635560d02628fd3348a86d8af101e1f37bb0ac6f112976dbdd8f098d6b3d65463264dc1ae20
59,SUOsqUuMeVBnxMPL,1745006601713,16,1745006601713@PWASUOsqUuMeVBnxMPL,2236a1aa6ab4d0399bbe487dd2cede3357fbca5db0a803f82e0ef89d1e256119a276355bf9ae69b8d0656dd8723b5e51
59,SUOsqUuMeVBnxMPL,1745065191713,8,1745065191713@PWASUOsqUuMeVBnxMPL,b38db44b04d17029f0f9c7fe608b4d9b8d98043a03f126e9e4600bd059b9c702c9ee37022ca44026d48a2da5bfbd855c
59,SUOsqUuMeVBnxMPL,1745061095713,7,1745061095713@PWASUOsqUuMeVBnxMPL,01bfc3e03e9cf34ee27ef1f9ec2611346dfb440c6a644c88288d323b770ab5151dde38b3d7e77e116f66003c55d94061
59,SUOsqUuMeVBnxMPL,1745042145713,1,1745042145713@PWASUOsqUuMeVBnxMPL,bcffab9b828f44dea53cc98e735b31904089fac2f00a75a34d86af0fb47be8fc60e29113e6ad088ac215fabfed2192c5
59,SUOsqUuMeVBnxMPL,1745007988713,16,1745007988713@PWASUOsqUuMeVBnxMPL,06b21c8de4ae813215cedc2b4057048a7751a4a72dd5e1d005d0b0154800f0082a3a07b36a939415b023bb2cc9823368
60,CaxaOI5Iu1hw6EZb,1745049670713,4,1745049670713@PWACaxaOI5Iu1hw6EZb,70da08793611ada530ec2084395df35193c07128ac85c783d5ea2c4e096cd6605d85694c496e108e942d22ad3db04905
60,CaxaOI5Iu1hw6EZb,1745027640713,21,1745027640713@PWACaxaOI5Iu1hw6EZb,ea777af9d6265756ceaeb3f5b0f32c6f9701e1ac24932ab172791fb7f153c3c58b71f65e2e2a37b4e3ee522c5be8009f
60,CaxaOI5Iu1hw6EZb,1745029117713,22,1745029117713@PWACaxaOI5Iu1hw6EZb,c050db09cd55e2c9fafb9f273f4abe087fa2a8232f49246122bdde5f5db41689f16cd0390dcaa01a2a0c015f9ca6ad9a
60,CaxaOI5Iu1hw6EZb,1745077419713,11,1745077419713@PWACaxaOI5Iu1hw6EZb,6bf2fc74439029b5f508a02937e5c484039b5ffd387f76567404b591ea5673805f2f6ae6ac03b4072657a786e81da6dd
60,CaxaOI5Iu1hw6EZb,1745034962713,23,1745034962713@PWACaxaOI5Iu1hw6EZb,7cc4a49b9b9aa27f981f99fa3b02e293ca4b8a7d9eaabfcf881a2b44a638686a120834d9052f74681cf6667142c36299
60,CaxaOI5Iu1hw6EZb,1745034524713,23,1745034524713@PWACaxaOI5Iu1hw6EZb,cff799c9521526038554f00266373e79a282205ec757012bb5f05007fa6cfb0e3af7688a12c88aa95e86e432d0456bb0
60,CaxaOI5Iu1hw6EZb,1745011312713,17,1745011312713@PWACaxaOI5Iu1hw6EZb,a46f112ff05608e71900fecc86a7418dcfb1282f2dd54f4d32884eec69669c3e44f3b86e29ced262cd3135b140dbd7f1
60,CaxaOI5Iu1hw6EZb,1745024536713,21,1745024536713@PWACaxaOI5Iu1hw6EZb,1824db90b68d05e64170ccdda311c055bc060540b21e6536bd08b662b193ea793582cd12fc78ec8f555987b7cdf84fa6
60,CaxaOI5Iu1hw6EZb,1745067477713,8,1745067477713@PWACaxaOI5Iu1hw6EZb,8b463e1e16a7cce5303f2e42767e0e1a8f2976e41a9b541e3566bd18e75114040438de1f37a4d42132307a00155257f2
60,CaxaOI5Iu1hw6EZb,1745017820713,19,1745017820713@PWACaxaOI5Iu1hw6EZb,1eeebedb583e3eb4542acb9ee8af1d6e6b032253efe0ad7c4860ff803381fcd773995f4a15dc0cefbfdd8cd0a5e05042
60,CaxaOI5Iu1hw6EZb,1745025556713,21,1745025556713@PWACaxaOI5Iu1hw6EZb,eeb246643384dd562c9fbb1b976ce071e93306d415b636f551216b6e2dacfd8835453df6e1494f17e0c63fe66412c25e
60,CaxaOI5Iu1hw6EZb,1745007912713,16,1745007912713@PWACaxaOI5Iu1hw6EZb,bb0eee6c205b67c0e683fefa27ea5c04fc3ef99acad6a9315867d0bdaa3504b1e7fa327384678181720020a630f195a6
60,CaxaOI5Iu1hw6EZb,1745052474713,4,1745052474713@PWACaxaOI5Iu1hw6EZb,37a74719d26d2120aa39f7f65975d4bea0b68f79bfda71066b45b8942b525af2edc5579ab3d7e3a1a51f5e9ff6a24d58
60,CaxaOI5Iu1hw6EZb,1745050192713,4,1745050192713@PWACaxaOI5Iu1hw6EZb,f24e11f64816673859aaf90efdafd9e40d6fa0089d001454db679265d5cf04c75dfb38421b82980e99f8384f101754e2
60,CaxaOI5Iu1hw6EZb,1745039681713,1,1745039681713@PWACaxaOI5Iu1hw6EZb,f9a63ba8c29b1e5230012d24570f8a3842ba9cabb2fb5b002cc57d402e558fdf0efa5826edc78bb89a41066b56174afb
60,CaxaOI5Iu1hw6EZb,1745049080713,3,1745049080713@PWACaxaOI5Iu1hw6EZb,870501f88927deddd8ab58809453ca4b7e48448bbcca022d06347569a9911561e04943b9b51985a909d2446f608cd03e
60,CaxaOI5Iu1hw6EZb,1745030067713,22,1745030067713@PWACaxaOI5Iu1hw6EZb,93d1aad6bedfa7abef035169cb9e8cdb14a75b219c80afc992a5efe8831dd20f646849400af495652d5ffa040e8dd5f5
60,CaxaOI5Iu1hw6EZb,1745015092713,18,1745015092713@PWACaxaOI5Iu1hw6EZb,37b9c868a4f1c91bc5b5a86cbe7c757f4cb9df2f3281b4bd730f484d72016cf40320761151a093d609806176a5a93b72
60,CaxaOI5Iu1hw6EZb,1745071625713,10,1745071625713@PWACaxaOI5Iu1hw6EZb,9cc2e27212f98c02195074874371ab3635d8f496ae40acb453e0f75ce5eefc43529a66f1b8b11bb43857d4305fe2e904
60,CaxaOI5Iu1hw6EZb,1745060817713,7,1745060817713@PWACaxaOI5Iu1hw6EZb,1058785493b80a449942c8de85da95707edc428f88727fdee39d753f790a6fbe168256ea96f9fe344ea584fecdc014cc
60,CaxaOI5Iu1hw6EZb,1745044712713,2,1745044712713@PWACaxaOI5Iu1hw6EZb,71061855e1243cf1857303f6b603102a5ee2897f7dc2df65dde002fa1f929541d395b4fae08652d02ade9589b2781b1b
60,CaxaOI5Iu1hw6EZb,1745071493713,10,1745071493713@PWACaxaOI5Iu1hw6EZb,b43b771d1f3109fa9f025c42f4297125f997468d817ba4c70f068c9df14e5509e8a1fd65270d0a3186ef3ff79a3702b3
60,CaxaOI5Iu1hw6EZb,1745026294713,21,1745026294713@PWACaxaOI5Iu1hw6EZb,e4d97929b6d96fbb058ed7dffbd48ae458a1bd797e5a62128f672045358ab214eebdace4582f4999fb1feae77be05388
60,CaxaOI5Iu1hw6EZb,1745064405713,8,1745064405713@PWACaxaOI5Iu1hw6EZb,bff33da5758c5cead71d4699d9f4116bf1081bddaee0470f8983bda6b3b16258dbd162c8636f3dbed8c06a30e9634fdd
60,CaxaOI5Iu1hw6EZb,1745062753713,7,1745062753713@PWACaxaOI5Iu1hw6EZb,c678c3dd761a09bdb49495b57aaa2293dce2ac746c2133675ce41decd45dd51d71ca4c5edec01c9c267c70b1eeedb10e
60,CaxaOI5Iu1hw6EZb,1745045198713,2,1745045198713@PWACaxaOI5Iu1hw6EZb,c42961d37e448772a76c0d65a9f694243eb18d8f5d4f3430a0564972ead1e7261ad508dc1da100bdc022b13c32c2c5af
60,CaxaOI5Iu1hw6EZb,1745043081713,2,1745043081713@PWACaxaOI5Iu1hw6EZb,ba5cb52e26d55e9c08c812949ec08cb768de569b9bda45b65a4a006272aedf2f6dca33bc18b8d6916b0ec409edb1aded
60,CaxaOI5Iu1hw6EZb,1745035325713,0,1745035325713@PWACaxaOI5Iu1hw6EZb,5f5452424673a2b215d93c894be66c94c5ccbedf5093645b142eca8b0b8a6d898563daba3d3109e0e119ec0dfd42d7b8
60,CaxaOI5Iu1hw6EZb,1745063098713,7,1745063098713@PWACaxaOI5Iu1hw6EZb,246da6ce114743b96612ebfe09c51716e1132860ff78e18d56dab80d0b68985aac264fb631ae64f84cce58ddfe717fb5
60,CaxaOI5Iu1hw6EZb,1745071240713,10,1745071240713@PWACaxaOI5Iu1hw6EZb,5f37d15c10d059ad6b7c1e71ae1d510dcfbaadd1e98b40bdf87bc49a9f61e9edc4d4bc86c88858fdcf99ad98d356ae36
60,CaxaOI5Iu1hw6EZb,1745045715713,2,1745045715713@PWACaxaOI5Iu1hw6EZb,95eaa631050ff43b8726757e9645118d4dc2d37fca90edcf4d6195ee5e7433da3282376162ec22d13c2dfed362a60220
60,CaxaOI5Iu1hw6EZb,1745016867713,18,1745016867713@PWACaxaOI5Iu1hw6EZb,75ae53bda8c1831402238fe60b1df2b14ef26c52a8ca3baa2ba1d35245762314f8ba06f379b962a55e73b11231ba7d99
60,CaxaOI5Iu1hw6EZb,1745018766713,19,1745018766713@PWACaxaOI5Iu1hw6EZb,db03e0e36b373271e611d8f0994f60b9179e704dea48b0788ebd78f5c96f50bc2b37dd1849906d0bc4d4ea61c8df9836
60,CaxaOI5Iu1hw6EZb,1745064071713,8,1745064071713@PWACaxaOI5Iu1hw6EZb,70d842b13daa91e22a5de2cdf5d81fc35462d6068c3ccbd610ef01358e103320b8f2e640f64654287e0660ffb150acad
60,CaxaOI5Iu1hw6EZb,1745028924713,22,1745028924713@PWACaxaOI5Iu1hw6EZb,837719c1a6167e238da7df56871c9e4901559bfe01cd0a562be568706d8708ff72308dfe691416cb41cf0dcb7431ee55
61,VXY188lsFG73XI37,1745071689713,10,1745071689713@PWAVXY188lsFG73XI37,79c9536f191efcd8f68eb356238079d5e6bed5bd1f2290317c52f65316b9961b498ba4782a60e8031287338f44f17468
61,VXY188lsFG73XI37,1745068110713,9,1745068110713@PWAVXY188lsFG73XI37,a00f36fae81ae65bf84d8f112540a9d5f670e01f007bc3115dad7a84b94dd7e18dfa272f19d7562b6493c297492b8474
61,VXY188lsFG73XI37,1745037687713,0,1745037687713@PWAVXY188lsFG73XI37,f2893c76d862502971bd0825fc48e2575843155946a441ab477af7cddceb1fbcfcd5b7000ca4939649b2f0dbf6f22d13
61,VXY188lsFG73XI37,1745075443713,11,1745075443713@PWAVXY188lsFG73XI37,a1dc01b3fb6ad1f829cd575a59ea0a5d4f5aeb1f3c24df90a2bc2402f95bb82b91ee1a42eb26f98bfd2fd1bee73baca9
61,VXY188lsFG73XI37,1745027885713,21,1745027885713@PWAVXY188lsFG73XI37,51ad823f870e1550d74ffe250d2ec2efdbcd3e32111bdcf21a9f3bcaee8f3d4369fa60579d8f30adfdda0d9a0239de04
61,VXY188lsFG73XI37,1745034336713,23,1745034336713@PWAVXY188lsFG73XI37,4700696002f844c759cc5d3e55d70cff39d8efb89c591878cc655afc31ac798dc7076820423aedd9e785ef0d196cd318
61,VXY188lsFG73XI37,1745009601713,16,1745009601713@PWAVXY188lsFG73XI37,2ee057e41c0ab8ff6f8575d1e0157fb0cdb263c990d675387ee59e92fc749adbddc7049d021e8d04ef4ff37284ee35f2
61,VXY188lsFG73XI37,1745056700713,5,1745056700713@PWAVXY188lsFG73XI37,eb4d3559ad91a7396ee528e4dac39b6411abb7694fc7169ed53bc019f0ac7ebbcbd12b5d12079ce0e67227c41195798a
61,VXY188lsFG73XI37,1745065117713,8,1745065117713@PWAVXY188lsFG73XI37,b6fb61c010ee6a16a1ade48e646d1ce4357cf0ceb658c8ef94112288f35070062b46a607672d65b19c95becb08c86a99
61,VXY188lsFG73XI37,1745062588713,7,1745062588713@PWAVXY188lsFG73XI37,329e0b625be09db85a059f1e4cdc24a1acb295b3c6beb2904fdd9c5d2b7d5943d941e443e5fae6d0c98ae6bfba970b2d
61,VXY188lsFG73XI37,1745032581713,23,1745032581713@PWAVXY188lsFG73XI37,32a42a14b7b50e3f8c324aebab2a13424d33c50f96e81a45908d8d529220475dceb79e527e161cf1cfbcba2cd52a9258
61,VXY188lsFG73XI37,1745065620713,8,1745065620713@PWAVXY188lsFG73XI37,6df3f555a3146b7c5f177f42e168f1265b48127f7eccac057e39874f3cdc4d91042a0e8f279b5d4163f725574db7bff7
61,VXY188lsFG73XI37,1745067608713,9,1745067608713@PWAVXY188lsFG73XI37,cbe207969864171d084ccba8767dea50486805dc81d88e6636abdab7477d1fccf54bc06446d535357a35f69a4846671c
61,VXY188lsFG73XI37,1745016831713,18,1745016831713@PWAVXY188lsFG73XI37,c4458fcc40b0a22f65409cc42fe9ff9fd2f3f4844b65613b37b2084e3c71d84f7892b8d6f079f1441fb66674b5743cbd
61,VXY188lsFG73XI37,1745015139713,18,1745015139713@PWAVXY188lsFG73XI37,26d14f6fd5400f351a41ec015ba00c0a6dc7c0ff0ff632646b6256c5d64a4969f4ea96fcea3f62e63f3773fe02ff2f16
61,VXY188lsFG73XI37,1745018229713,19,1745018229713@PWAVXY188lsFG73XI37,f9a48d29923f104ea0506ffa4645dc818693e8ba077885874f30308fb673b63bb3aa1530b5f2b7ed55b545364cfe428b
61,VXY188lsFG73XI37,1745074727713,10,1745074727713@PWAVXY188lsFG73XI37,9c2c94aada86e266893c61658bc7a43d155071fd6302d50995a110dc9e4d74bbc4db9b9b38352e2f9acce0fa7c4a30a9
61,VXY188lsFG73XI37,1745007969713,16,1745007969713@PWAVXY188lsFG73XI37,0022e1f0d0285d3b3ef29a37c15639a44d3370b02f970606e5a45b6213014c78aa1954f1a09b401edaf300eef3ab30c2
61,VXY188lsFG73XI37,1745069699713,9,1745069699713@PWAVXY188lsFG73XI37,000557182b8c79358eca52227a43393d7d0e504ed3fa0895c7ffc35fc5f148bc4620e177b1b070d87eb6bfab100d6c3b
61,VXY188lsFG73XI37,1745059248713,6,1745059248713@PWAVXY188lsFG73XI37,e8edc5325a696c75992e23022c0d91ee11ed6a57f48ac960b064cb42f326115e5f6c1e9e7eb745981ae6dcd999990999
61,VXY188lsFG73XI37,1745056621713,5,1745056621713@PWAVXY188lsFG73XI37,38476f96e3e55d67279d7ad9a36962a1d64d39f763e51c11e4a41a69ebae260b9faa307fae7b1eb023b5d594b27ba1bc
61,VXY188lsFG73XI37,1745027793713,21,1745027793713@PWAVXY188lsFG73XI37,1c3fce6fc957034bbd5971f51a1d25d06e7a4d99fbb1d4116ef4e58810ff9944fd1b1db8bcce09bb72af3c6c37e9ceea
61,VXY188lsFG73XI37,1745018324713,19,1745018324713@PWAVXY188lsFG73XI37,bff3d2ceb5ede885ae00602f6ee7248da30a7a157480403a8c4b17ef0816dedb61941c9aaa6e1ad9140140ba27ade5a1
61,VXY188lsFG73XI37,1745075606713,11,1745075606713@PWAVXY188lsFG73XI37,a2690936b11af4b23e3f48064cdcb2f0c810c81b4354823853d6bcfa3b9c5f3f013077d49e3b1aef8cea7c20c9f14251
61,VXY188lsFG73XI37,1745073677713,10,1745073677713@PWAVXY188lsFG73XI37,97151c9a8c0f67c74c33a54ad37a979eea2377dbacbaac4d6af56108026740cab0de843d6e00eb54d85854eef7473211
61,VXY188lsFG73XI37,1745047007713,3,1745047007713@PWAVXY188lsFG73XI37,c596efb210df75710ac2ccc26b1da3e8227ab37f14dbac069c1c44e88faf64746e49037a3cc097dae9ec97ddb8d63ff6
61,VXY188lsFG73XI37,1745031205713,22,1745031205713@PWAVXY188lsFG73XI37,552a9135065c6c4a856913e6b0e5ef20bdc09847fef9991011c03de7c7baf1606eacbbd499cef47520aeede4c260f599
62,1kZ9tAHge0V573D5,1745007216713,16,1745007216713@PWA1kZ9tAHge0V573D5,17e22d302e4646f5397d3bb50c4a71df7029929fbe7497368d68963ac72e67a3d5ce3f09fc23e846a66b319e1e51751f
62,1kZ9tAHge0V573D5,1745012944713,17,1745012944713@PWA1kZ9tAHge0V573D5,a9271f2700ad5440c73d25bf02c5fef334cd678471f2767b1031424ad7b3e42b30646ddbbb7160a87c91d36f53717b28
62,1kZ9tAHge0V573D5,1745023025713,20,1745023025713@PWA1kZ9tAHge0V573D5,1d88286f40ca6b8ea370d8e6773cda22e4f6469522b22cc872df23f5f17139cb2a611e51ee54b2fbd590989af8e7e156
62,1kZ9tAHge0V573D5,1745014465713,18,1745014465713@PWA1kZ9tAHge0V573D5,8bfba1c80d07613c3320d5f976cefa22aed3687935e5c6d755664ab924a412f7f341b2b36670a5b240e6b03ea99f4862
62,1kZ9tAHge0V573D5,1745066955713,8,1745066955713@PWA1kZ9tAHge0V573D5,27adbdcc948e36a599375db31b86346c921f392b524f3f4998ad2765936ad088ba033365df805273f751fcd3c32d183b
62,1kZ9tAHge0V573D5,1745063167713,7,1745063167713@PWA1kZ9tAHge0V573D5,88dde4326afa96838ca26ecc8a9fe5d916ccd64344efe306157e233742cd62e7ef2a3e8cf41e5b71575ec96e535bbe89
62,1kZ9tAHge0V573D5,1745034519713,23,1745034519713@PWA1kZ9tAHge0V573D5,83baa263aed923fa1967026bf82a1bc747a3132f8bb6696b42015fd7f8a74e970d883c3ba2dfabee1cc8a402f9665324
62,1kZ9tAHge0V573D5,1745031500713,22,1745031500713@PWA1kZ9tAHge0V573D5,af8dfb6e15502941d6f1eaaf035f3c2f74ce0e069a8a7d70eb03e36cfd9fc3552c173d7e2b8cf12dd78d31535b9772db
62,1kZ9tAHge0V573D5,1745044613713,2,1745044613713@PWA1kZ9tAHge0V573D5,3fc7d7edee87de75f6ab890f74004d640278e1c1721aee665e5d8616b29e60b20989db54aae0f6dea1dcb2d099beab85
62,1kZ9tAHge0V573D5,1745060584713,7,1745060584713@PWA1kZ9tAHge0V573D5,83fdc159c075eac892472f759c32654eeed8e5eb716b5f92728a057613d6bc6ea99aaea70b21752df47ed54a7c5a5042
62,1kZ9tAHge0V573D5,1745050457713,4,1745050457713@PWA1kZ9tAHge0V573D5,29f4a1ec961cbdf1e89657636cafeb1a2b050550e911db872ce0eca337eda724fc85b9fd82990a7fc48dfbbc111a5232
62,1kZ9tAHge0V573D5,1745031570713,22,1745031570713@PWA1kZ9tAHge0V573D5,151106ae8265b5b5416c8190ad3ace97259f38115f93bae495240aa101bc1d9debc6bba0f43cf4b5c90513cf8497c030
62,1kZ9tAHge0V573D5,1745008572713,16,1745008572713@PWA1kZ9tAHge0V573D5,c8d2dadf6bc25b66ca4da0cf1eba2cc07430888c3eec1ea97b2242f0bcebd082b78d7b4bfe8b7d73a43255bbcddb7036
62,1kZ9tAHge0V573D5,1745042543713,2,1745042543713@PWA1kZ9tAHge0V573D5,008d003f813009e775f5cf3ef6683e265ce651b020ee79aca6257ae090cbe85a0970636daed98ae58717dde14ddff52e
62,1kZ9tAHge0V573D5,1745007214713,16,1745007214713@PWA1kZ9tAHge0V573D5,3c087c0f700f0f54a84966c4fdb944383ad091d4c0ffddd7fbadc4ed89320656896a1907e3a7b4be42875512714ec633
62,1kZ9tAHge0V573D5,1745023301713,20,1745023301713@PWA1kZ9tAHge0V573D5,38c4351c265f8299efc835121be562dc121bd1eb956cbb2ffa9277a9156081782237a79a81d451abeed1ae83d61328f9
62,1kZ9tAHge0V573D5,1745045973713,2,1745045973713@PWA1kZ9tAHge0V573D5,ea19df39ffa526ec3ed0bcdf66880f14496fca2776fbb0c5e9a1b3f79b564d05ac4ea868b82f7722b4ed84906902539d
62,1kZ9tAHge0V573D5,1745059374713,6,1745059374713@PWA1kZ9tAHge0V573D5,4b47482a212ae2b419147e8b45814efe9c259359ef343391a1092a6cc33762fc7901a5826898549e0458ea2e47881c0b
62,1kZ9tAHge0V573D5,1745071925713,10,1745071925713@PWA1kZ9tAHge0V573D5,deded3d7a44d63c99113912d6f86bc7776c500ee0d57f524bd351fe61827fbd8cb3dc65347012364913d73ed42598315
62,1kZ9tAHge0V573D5,1745054346713,5,1745054346713@PWA1kZ9tAHge0V573D5,b528ac5122acc99373754fe6231799fe817ad0dd5784545e1ed38f6b42c894c98117374d834bb5740bd86118273a575e
62,1kZ9tAHge0V573D5,1745024572713,21,1745024572713@PWA1kZ9tAHge0V573D5,b2437bcf68a15bad8aef8402654743ddb6e0eaccd3bc7cb2509be1b1bdd9744641cccefe3d0d5a8d87f53b024d908065
62,1kZ9tAHge0V573D5,1745021633713,20,1745021633713@PWA1kZ9tAHge0V573D5,30258601b7714b655d3e8e6c9ad6727adf57826a4d274df43d9f86cc2b18717ce012ff8dbf82f9bd7ac70c49d406eff4
62,1kZ9tAHge0V573D5,1745050951713,4,1745050951713@PWA1kZ9tAHge0V573D5,785a63c18d8764b43bf2ef7cd91b4bb450086d239989c71aa658cbfa83fe9f5af6bcf0b3a273156ab922075aff5aa569
62,1kZ9tAHge0V573D5,1745047819713,3,1745047819713@PWA1kZ9tAHge0V573D5,a97ccf4dab86968d86fe7b9f229749f9494351ac6f34dc4fdbafa3abfa3d53e84a4b83a1a66b576698f222da0fafa968
62,1kZ9tAHge0V573D5,1745028048713,22,1745028048713@PWA1kZ9tAHge0V573D5,f6694a7dab2af5309417fcf5186d7faa80323266a95ce49629be41247f2ef44fcec7848fbab18de99b822093b6187514
62,1kZ9tAHge0V573D5,1745021016713,20,1745021016713@PWA1kZ9tAHge0V573D5,468c97258b67aba749288e989847dffb381da60fee112507c8555f7a1277bb8b8f96d3d6362f33fb1a29c69dcac41a9f
62,1kZ9tAHge0V573D5,1745049329713,3,1745049329713@PWA1kZ9tAHge0V573D5,58e793a0fa82cdd7c9ef881c13cf3bd25f54bfb5941b7fc48b7f19c00ea2dd8a4439dc6601a6948217b97e466f6b97b8
62,1kZ9tAHge0V573D5,1745006456713,16,1745006456713@PWA1kZ9tAHge0V573D5,ac500b138ab439e2dc49283ee323ec0110d65643f8f158ed5a40a9f51dc83d6890950b0b26c62f14a75256d99470a073
62,1kZ9tAHge0V573D5,1745029646713,22,1745029646713@PWA1kZ9tAHge0V573D5,d620cad6e0608ca9958d72a99de29f1f704a361cf25986228a7a774437884361583214a848baa5d345603b2a4d24b892
62,1kZ9tAHge0V573D5,1745031168713,22,1745031168713@PWA1kZ9tAHge0V573D5,fc7a11c68ac10935d79cdb2995a323d4bbdaff6b62e9cfc401b235d2a35e2632647a53ce6db46c32a72aeca1e61699d0
62,1kZ9tAHge0V573D5,1745072184713,10,1745072184713@PWA1kZ9tAHge0V573D5,57e4e193de01ed9c6a7754178d0d51e3ad6d682efcf74ba0423adfabba5648cce36ed7f98c8d5d148185988a0cc92990
62,1kZ9tAHge0V573D5,1745028659713,22,1745028659713@PWA1kZ9tAHge0V573D5,c5c8ab5d739f16bce67ab2cff50a63ff7e5d2f8061f6c9040e9505ae4627b1f23e936dbc358592a11f9c07c0fdb31844
62,1kZ9tAHge0V573D5,1745070967713,9,1745070967713@PWA1kZ9tAHge0V573D5,0b28d5463b838f6c9eb0d6163d51f45cd6acfc0c2f03725cdfd52adce16e1e5460bcb044f9f1fb154e186394fc2b427a
62,1kZ9tAHge0V573D5,1745014337713,18,1745014337713@PWA1kZ9tAHge0V573D5,4c60a95902d12fe175b1613c6b12e64742a564ed1ef6ca2b5bd7de4ce30f44b3880001df12b69ff9f916ae51c837d7ed
62,1kZ9tAHge0V573D5,1745016974713,18,1745016974713@PWA1kZ9tAHge0V573D5,4001407f5597bab4dd9d37ddedaec9abeeb74f8fb7c9888ed079776c16c7aebb42500b9be522d83b9de9a3bf4e6a736e
62,1kZ9tAHge0V573D5,1745012074713,17,1745012074713@PWA1kZ9tAHge0V573D5,511ac7196c2341a4ccb2c37f49acb3a108b1d0ff14f2c6e9974b2a059f19eacfc7e90717a0ba03d1cb2cdfeb754bebf5
62,1kZ9tAHge0V573D5,1745035074713,23,1745035074713@PWA1kZ9tAHge0V573D5,29d582f678b70ef2cb715bb6dde5e73c2b0de4d708a1d17b261799d92d4373126b7a1fcdf42232688dbd1d41cc75bea2
62,1kZ9tAHge0V573D5,1745035097713,23,1745035097713@PWA1kZ9tAHge0V573D5,2cb3b789d231a1b005e0055ea438bf41d677655618551f86356d9b58786733744a20bb8f43724b5243a6bf0714afb8b1
62,1kZ9tAHge0V573D5,1745013806713,18,1745013806713@PWA1kZ9tAHge0V573D5,7cf569134dbb6629ed775e10fa3d4f383240f77aff5333afa8c1526292e602038b46b428eb0fe33ae3d272ad79d4f309
62,1kZ9tAHge0V573D5,1745029047713,22,1745029047713@PWA1kZ9tAHge0V573D5,e0b78e27caa1d035a93f9ff266e53d48c53c0e0384119f48a395d8cd59819936375e7f8470c937af98a0e6e577da1270
62,1kZ9tAHge0V573D5,1745022458713,20,1745022458713@PWA1kZ9tAHge0V573D5,d0cdc41f71943d04d4073afb0f9047b81e805a5ae7cb182fedfbf35413ae12da8b65ca460e75c2c04550fa8de6336a7a
62,1kZ9tAHge0V573D5,1745064792713,8,1745064792713@PWA1kZ9tAHge0V573D5,98b4d537390099b97028c817acdfca77444c1da24405684c3c651c2cbf14de8abf9a314369ddf5926ae5caee1bd9fd63
62,1kZ9tAHge0V573D5,1745034693713,23,1745034693713@PWA1kZ9tAHge0V573D5,39c984bb8a3b50a9e84b44b1e14c26ce505a8703d392d178c63271384e25161bcfc536cb4333d1a6380384b22db1ef48
62,1kZ9tAHge0V573D5,1745074506713,10,1745074506713@PWA1kZ9tAHge0V573D5,14dfd2845af137e70c2ada8b2577c049abafa07cb8a3fc043b0eb7bf99f4768eae801f2c87bc38630a2c1fba99485113
63,dlVr5o8yXIdRqdrH,1745032622713,23,1745032622713@PWAdlVr5o8yXIdRqdrH,c28e5777cd9800e72d3f9c51708d8ecb0c042218ce824791f955043dab0f1dd5c6d9dcebb7ac3aca1feed9142aefc507
63,dlVr5o8yXIdRqdrH,1745011819713,17,1745011819713@PWAdlVr5o8yXIdRqdrH,6b659b39b6c5ac8db1466917ad6f2379a794f8a5dbc96a2b63d353932a43127a13b5977a7759010fcdc10643d611db39
63,dlVr5o8yXIdRqdrH,1745032427713,23,1745032427713@PWAdlVr5o8yXIdRqdrH,6af832f0db48c6133575a7550591c7984832a1192eb389f0426ac6052e12e67990f905fae2e03f6d4ba21911ab22da6d
63,dlVr5o8yXIdRqdrH,1745033025713,23,1745033025713@PWAdlVr5o8yXIdRqdrH,1f97f10b83db295df6129bc6c7a7cdbdf83ef0006710a1521df3874ddd001b1ad172665c8a61b98287591b9fa309b4a6
63,dlVr5o8yXIdRqdrH,1745032599713,23,1745032599713@PWAdlVr5o8yXIdRqdrH,db446214d0a70cb408414273ac75218aa17dd86f9ebc8c0af9bf62a2c3bbf7feb6cf41d9b45e245e5d644ae539234e16
63,dlVr5o8yXIdRqdrH,1745034142713,23,1745034142713@PWAdlVr5o8yXIdRqdrH,b83224a511f4e503de56a535f1aeb6da9a9c07b020648df4d6d918f0f41a327544b0fef901ffd4f0044c3a04d3e9f686
63,dlVr5o8yXIdRqdrH,1745020874713,20,1745020874713@PWAdlVr5o8yXIdRqdrH,8f545943ab3285339b33832a4a24f245d145c69527ba77e3fd1c89ff40562a9cd91d666db990fc39918d7ff3e99424d8
63,dlVr5o8yXIdRqdrH,1745019439713,19,1745019439713@PWAdlVr5o8yXIdRqdrH,089c11e530b48fab1b9ab764fcf62a56732fbc26c4244c11851b9257c8bb958c32abdd493bc5fb09ea1621bb6541d445
63,dlVr5o8yXIdRqdrH,1745062130713,7,1745062130713@PWAdlVr5o8yXIdRqdrH,a71e09a4b4e0f572f38934c7be6fd18d0918d31c894e02f8fb6be2406c4815a51380f7fc23fdda808a9c3730364dda5b
63,dlVr5o8yXIdRqdrH,1745021497713,20,1745021497713@PWAdlVr5o8yXIdRqdrH,a74abf6bd44351ce324eae3ee3ffb43fda7fd2b7368e827506239ae014460e09cc68154e1c6567fe466e5948ce74ed06
63,dlVr5o8yXIdRqdrH,1745009921713,16,1745009921713@PWAdlVr5o8yXIdRqdrH,dd1996a0311a0735c89ed5aad89045185c18d189af692db606d9fde17ba6365edfb1ecb0b7c799a2931a55e7964d7940
63,dlVr5o8yXIdRqdrH,1745036411713,0,1745036411713@PWAdlVr5o8yXIdRqdrH,10e9566aa58c47a95a1f12ce8b543d1273ea69b2de24f2d71114226372bb0166c03b729c3c609e4aa78ab61583ad25f9
63,dlVr5o8yXIdRqdrH,1745050122713,4,1745050122713@PWAdlVr5o8yXIdRqdrH,b99db014e6f4c107196dc198ad88f6a6e0ce4a699f90c20bf51fdd5ece5b7b75ede7a48207489a2db35aa788dc2038eb
63,dlVr5o8yXIdRqdrH,1745069055713,9,1745069055713@PWAdlVr5o8yXIdRqdrH,face55311b57854d1b40a5bcb567564552fb390f6841879e9b01e2c5edcb604ec85db88b264b82ae838d550a45ee8597
63,dlVr5o8yXIdRqdrH,1745006735713,16,1745006735713@PWAdlVr5o8yXIdRqdrH,5ac1e0d6f41df704b523e1498e26b2b81b896628d5dfe089409f516e26a664ced9b1214ca8294076dc473260887e7ecd
63,dlVr5o8yXIdRqdrH,1745035836713,0,1745035836713@PWAdlVr5o8yXIdRqdrH,671bba5affabd0c5e69ed48cd55b7a8fad5516e71884ea10b04b13a4a641309dce60fd306e2d578bef9af787fc273542
63,dlVr5o8yXIdRqdrH,1745076410713,11,1745076410713@PWAdlVr5o8yXIdRqdrH,aee277c7d9088d3bd7e57a0a6d4dea030cc373f8dde30dc50d1cdfd029fb8fb95550f264025a5c679cc8a007b5538d07
63,dlVr5o8yXIdRqdrH,1745007586713,16,1745007586713@PWAdlVr5o8yXIdRqdrH,b2c3a45821fa70b9089342a9ce2d5431dfb070f3537183b70debcebc9f3fcb67939101cec3b3b0c937a0b9a1bccf44ea
63,dlVr5o8yXIdRqdrH,1745046836713,3,1745046836713@PWAdlVr5o8yXIdRqdrH,cd3e7298ecf860cb16fa567651d7abb045acbc96efd54a5552f0322ddfb7badf2e76c32b7b9188ef91f91ca12ec93bc8
63,dlVr5o8yXIdRqdrH,1745035766713,0,1745035766713@PWAdlVr5o8yXIdRqdrH,39a2e0607b4853af30b737c6495f5c747db031f7c564634cf032385c34a23737f7f9650d1f63884fbe7aab20ace31292
63,dlVr5o8yXIdRqdrH,1745051124713,4,1745051124713@PWAdlVr5o8yXIdRqdrH,837a6b7abc7594e11329ba850189279292184c7e48e5daeecd3e91fcaebea3593fae5741df36139adfffe87589afb746
63,dlVr5o8yXIdRqdrH,1745067598713,8,1745067598713@PWAdlVr5o8yXIdRqdrH,49c82c32740a03526b3366a0f475fcba64b92a67c07e9345669e619f30c41cfdf10f30c85c3f20a663ce50dc143f5059
63,dlVr5o8yXIdRqdrH,1745032149713,23,1745032149713@PWAdlVr5o8yXIdRqdrH,e55df0cca033e6e51ca4fdf95420b45553a220ddc205a79e802356fb18a8c567457a450241b3902300f449bd89aafd2c
63,dlVr5o8yXIdRqdrH,1745027325713,21,1745027325713@PWAdlVr5o8yXIdRqdrH,e5163723a9f94376dcbfce45b176f3f559e080a2468196de48394b9a5e3ab89eb447a75b12c432cc47fb8be6b7b3368f
63,dlVr5o8yXIdRqdrH,1745037081713,0,1745037081713@PWAdlVr5o8yXIdRqdrH,e6bfd0b9cd6b738d1db54e4c06da320b61543ae3117087e52af2d79386dbbe200691837bed0fe148c6dcc3c874e24095
63,dlVr5o8yXIdRqdrH,1745030822713,22,1745030822713@PWAdlVr5o8yXIdRqdrH,fdf515169c9c941e614c15607c9853998b6b7a121655f358bc3d39ce5e1f30ff57dc4b2157cc2c6b594791f900154eab
63,dlVr5o8yXIdRqdrH,1745011377713,17,1745011377713@PWAdlVr5o8yXIdRqdrH,9240fbe4d2faf2ad24a1088ca6709b9e73a3b5db5e07ff92dac071bf45650679394626c34e8941d34d338b481f90ae65
63,dlVr5o8yXIdRqdrH,1745014880713,18,1745014880713@PWAdlVr5o8yXIdRqdrH,1619c453f00b2e1d601fe0289db8de395a65c27f60c5e5a19eb9440ce3697f4ffe572ef1ce07ee81d7c8440ee5aa07d9
63,dlVr5o8yXIdRqdrH,1745013985713,18,1745013985713@PWAdlVr5o8yXIdRqdrH,9b0c0ef40e511af9c8883393939a50225a24af6b9441763bc94de7d430534bc1021bc38ed44b4eab942a75489ef11e1d
63,dlVr5o8yXIdRqdrH,1745042540713,2,1745042540713@PWAdlVr5o8yXIdRqdrH,f30897e48bc94ae14d961fda3e26b66edd9d45840f9677692a194795088cfd39595ebadf2684fe24fedb7c24be9ae241
63,dlVr5o8yXIdRqdrH,1745075465713,11,1745075465713@PWAdlVr5o8yXIdRqdrH,bef2a559069cae09b8ef42a883b3195c852dbce85eefd3fa5ee242d3fa17dd8cb2fb5c207f89c40e41a081375d245685
63,dlVr5o8yXIdRqdrH,1745062880713,7,1745062880713@PWAdlVr5o8yXIdRqdrH,5e091ed99bb17dd0ff1d0f6ff1258d42502725b474f27dc1ea865a85af4429bfbb1464b0b5d1c1348253c048f8eb0af2
63,dlVr5o8yXIdRqdrH,1745060203713,6,1745060203713@PWAdlVr5o8yXIdRqdrH,6ffd0c79fab37ab01bf2a19be6a1841a55729cccceb2d65aa2c4c95545500b4da8b44256efac048f0d730ae38eb0e5d9
63,dlVr5o8yXIdRqdrH,1745067885713,9,1745067885713@PWAdlVr5o8yXIdRqdrH,2efda8defebf2fb1de8a9b34b1cf314cc932b9cdb0cdedd5d94741fa36dfd82d62b5c7b1193a4020209e17dfb7e47ad2
63,dlVr5o8yXIdRqdrH,1745066994713,8,1745066994713@PWAdlVr5o8yXIdRqdrH,e2cb78c4327d812667fbd10f82519294c20c93bdd743c093c4f7ea1972c1e4943922777732f90c8ff0d84717b1e0eb3b
63,dlVr5o8yXIdRqdrH,1745077304713,11,1745077304713@PWAdlVr5o8yXIdRqdrH,457d01378be386684a7ad68c9d4de997254a910d52f70ee27bb7d8cfc18185044acbb5fd819f39c00a1bbbf7a846f0a9
63,dlVr5o8yXIdRqdrH,1745045984713,2,1745045984713@PWAdlVr5o8yXIdRqdrH,513414c80d96777290a3290a6537717d32dd8330652bcaf57cf28a1ca9192e25b6a4ea9d22e6f676c5559c6bc301db17
63,dlVr5o8yXIdRqdrH,1745046818713,3,1745046818713@PWAdlVr5o8yXIdRqdrH,db12bb52419dc458f8e4dc35682be6e8b24852490e92287f30ad72f466f0026547f12a4747cc89499e979147c75383d7
64,5Rm8CFqDDNWTEhTb,1745075621713,11,1745075621713@PWA5Rm8CFqDDNWTEhTb,645097eaaee225efc65401dabd19331db7400a419c2705f5d329ea23cbf59e2b3439ac99cf0db77ea39dad113478ccf7
64,5Rm8CFqDDNWTEhTb,1745047798713,3,1745047798713@PWA5Rm8CFqDDNWTEhTb,f071684e807366999d5c4108d89c3a7660662715c420f9d1da414b2c80e257c991efb3572f99163a260913a2a58d03f8
64,5Rm8CFqDDNWTEhTb,1745036397713,0,1745036397713@PWA5Rm8CFqDDNWTEhTb,2596efe0088eb004ccb2f7f01a4c02bc94352f05c91e8803a5f76bb103ae35efa995d220ea8b88672f1f15b83c5d7560
64,5Rm8CFqDDNWTEhTb,1745012028713,17,1745012028713@PWA5Rm8CFqDDNWTEhTb,28cad6b2480b94aef87eb6f899f74a7c17fedcebc91e67a98a9994c9518641618c2c77a037fc2326fb5f159e79569d2d
64,5Rm8CFqDDNWTEhTb,1745029122713,22,1745029122713@PWA5Rm8CFqDDNWTEhTb,79eefcb4d682439012de93c6115e24352be7c988cf3c1c210a43a562a69535467bb6e93d90c21930cd524d7b8f5fd591
64,5Rm8CFqDDNWTEhTb,1745041459713,1,1745041459713@PWA5Rm8CFqDDNWTEhTb,eb3168a13174186d267a41d22e47ce6cf71f0905cb77c0516222b4aa947dfe90381759a6cfd455fec29547f8aafe8de1
64,5Rm8CFqDDNWTEhTb,1745023869713,20,1745023869713@PWA5Rm8CFqDDNWTEhTb,f493c998fa433f5b142e0a0d763a5ae8374b5b81f0e22dac46e5b62acac6dc9514985529b89df255cac96af87c32f022
64,5Rm8CFqDDNWTEhTb,1745057459713,6,1745057459713@PWA5Rm8CFqDDNWTEhTb,128ef7a1a4355d99dd75b419586762cec72d1436f300da431bfd087f28eb2a57da1a06db68dece55863142adc3ff87c3
64,5Rm8CFqDDNWTEhTb,1745006260713,15,1745006260713@PWA5Rm8CFqDDNWTEhTb,b3c20d3708344a4036bbcb8a5bdee9aea2180998aa8c3888ccc7747499f2cacdcf63a8e8afa967e816120a4a57787094
64,5Rm8CFqDDNWTEhTb,1745013410713,17,1745013410713@PWA5Rm8CFqDDNWTEhTb,5b70863aabe7d69179fa1da20dd37bae4cef6b35930f7d0cd623793c4265994b26847cc2c73747f17350742fb7639a19
64,5Rm8CFqDDNWTEhTb,1745009841713,16,1745009841713@PWA5Rm8CFqDDNWTEhTb,c79955859a4663b6952d1e315879f4eeeb4a82f5518323c543dca32bb75065aa10c5a7dbb636ebf8eba360b30fdde776
64,5Rm8CFqDDNWTEhTb,1745035052713,23,1745035052713@PWA5Rm8CFqDDNWTEhTb,c956c53d7075515a2747aed9c3e1c5ce672b190bba736bdb1fef6265c9f12875d484beaa231c1c902808048bde34d192
64,5Rm8CFqDDNWTEhTb,1745048835713,3,1745048835713@PWA5Rm8CFqDDNWTEhTb,f334f7a9fcbecbc86290feda8c3cfbf41084f0f885bb080b5e97f551c5a83c6cd5e6bc3206ca3c2c8619971d048dc7b0
64,5Rm8CFqDDNWTEhTb,1745073775713,10,1745073775713@PWA5Rm8CFqDDNWTEhTb,0dd5df89aa6050fb986bc037eec4c279317104d59b47887330fbd6f10f9b408312bbf4331d4d03174803c068b4b7c769
64,5Rm8CFqDDNWTEhTb,1745015429713,18,1745015429713@PWA5Rm8CFqDDNWTEhTb,f70708b75d3f3758da67e7dcb9b31aca1d6479e4eb99063db82f1a0a83b4db734ef10bed721837c1b0f6daf0bb62a118
64,5Rm8CFqDDNWTEhTb,1745066567713,8,1745066567713@PWA5Rm8CFqDDNWTEhTb,e339895ea3b8ad348d16a0395e514908ea231b994121593adf7de2957c17a9a14808af5e114ff30e59ac27e53fa18c58
64,5Rm8CFqDDNWTEhTb,1745055778713,5,1745055778713@PWA5Rm8CFqDDNWTEhTb,103a7efefd63b7cab77ed8451f18effc8a003d54d056790f3da5bce8781ceb9f2c9943f96be9af896c2a177037f36b65
64,5Rm8CFqDDNWTEhTb,1745048365713,3,1745048365713@PWA5Rm8CFqDDNWTEhTb,7339f998c002368e72956be9d6e629925591b531e09210f1eadfffcc0d01067b17610a642af11d92991f7d309d9941f0
64,5Rm8CFqDDNWTEhTb,1745011891713,17,1745011891713@PWA5Rm8CFqDDNWTEhTb,4ff59ca3f13cf34232a8354bd18c44bcc9d404908e9ebc8c991f301f01a45b3cf71d89fb1425dedb5978575153ccfd0c
64,5Rm8CFqDDNWTEhTb,1745025423713,21,1745025423713@PWA5Rm8CFqDDNWTEhTb,fcb8fbd9a395d3d4e15cfa2fd5e0c102c3f126505ca8e0b6b3a1c667255ef50cc76e870edda2b985b0082838ca589f14
64,5Rm8CFqDDNWTEhTb,1745065539713,8,1745065539713@PWA5Rm8CFqDDNWTEhTb,548db063cfece6b9b2615f4601a7cd3460a28dc5fe3702b5799f676929897e29dc54dee5ad0f4ba11ced17c46ad6b380
64,5Rm8CFqDDNWTEhTb,1745060627713,7,1745060627713@PWA5Rm8CFqDDNWTEhTb,d67f656e8ebe5d5c85c63521b858ed10f305907b364a50832c839948d2e788c1461461f9d7a13c5b8c15d5279cfc9d8d
64,5Rm8CFqDDNWTEhTb,1745049990713,4,1745049990713@PWA5Rm8CFqDDNWTEhTb,596a5a2dd38ab772cfbd9a08cd864af97c34f5900a34ffe80eeef8f02700c8fbedf8849f6571454e193a5b70b3edcaa3
64,5Rm8CFqDDNWTEhTb,1745021763713,20,1745021763713@PWA5Rm8CFqDDNWTEhTb,8fe3f958440b4dbb44111ebb05101adf4fdab33931965b9057247f4b3868140f9b0974202089f6b2ff8f5ee1fb3a5b88
64,5Rm8CFqDDNWTEhTb,1745026626713,21,1745026626713@PWA5Rm8CFqDDNWTEhTb,2194f94e73c30625baed5934db70b6d5586226f045ceb5128ee318e05838aa85d01850d30d7102247b5e69a2e2faf660
64,5Rm8CFqDDNWTEhTb,1745063197713,7,1745063197713@PWA5Rm8CFqDDNWTEhTb,f054524ba9cb1fd6e2b786105f8e9cb6da20ecb5dced77e5005fc93bcabcdc1d15d27716d1cc9a9e58533aebb9d5961c
65,w2FQQtmonworaFXp,1745045375713,2,1745045375713@PWAw2FQQtmonworaFXp,831efe292928db42c0466b586ab4e2d0e74cdb11c72ba19dca6dbffb97d03a4c51f5fee6c3e74fa129705df57eb20dea
65,w2FQQtmonworaFXp,1745049562713,3,1745049562713@PWAw2FQQtmonworaFXp,f2e720aae4f068819538ffde85d39a7f06ad5684680391c494a086aa065e3df8ffbd72ec6cced85c21b2cc402346e27c
65,w2FQQtmonworaFXp,1745074313713,10,1745074313713@PWAw2FQQtmonworaFXp,edbd3068ac447ae31e05be4b3e0031c6afb8656745d2238740e5b708e5ae5168e550286c824758e00dc47d4fa9e4afee
65,w2FQQtmonworaFXp,1745065272713,8,1745065272713@PWAw2FQQtmonworaFXp,6d6ad6b8c07ccae366d314983420b26e39a2a4a8b3f5503f5232e8ad2bbc4b8a5a587869126516a74500600f75513807
65,w2FQQtmonworaFXp,1745034621713,23,1745034621713@PWAw2FQQtmonworaFXp,084a0b2b5372000eafc050cad268a00fbfaee47df7900e19a0566c5cf7a0f694198b22d120cba9f43b08ac58f925dbd4
65,w2FQQtmonworaFXp,1745059932713,6,1745059932713@PWAw2FQQtmonworaFXp,0a42ce15f9205e6318fea431544193f008eac4446b68f5efe9a43b92d25f8fd9a08ebf548c38fd055de3c77c1dffc0e9
65,w2FQQtmonworaFXp,1745069533713,9,1745069533713@PWAw2FQQtmonworaFXp,07d3716db3a3cbe7596c7f43538255c219ee3bfdc16ada724a023d15a56cfc4f2da43a29a353e31dc114560faa942941
65,w2FQQtmonworaFXp,1745043048713,2,1745043048713@PWAw2FQQtmonworaFXp,cfebbd7f4f526952cb214ecb5344b9236795058d56a5e4f2c5255b2e32d44783ef49a4663628a6301a13805f5b01952c
65,w2FQQtmonworaFXp,1745067577713,8,1745067577713@PWAw2FQQtmonworaFXp,e6b90dda7e00a3f5378049e1a64864c54eb20b4d31c6504b0929966a7b324e2a80c6a4dd1758d4fd7248b396894a8f8d
65,w2FQQtmonworaFXp,1745052486713,4,1745052486713@PWAw2FQQtmonworaFXp,4cb4496dc5daae4fb31f37a97f4f1624cd7c55f2842737e9980905a719852e582ed0623b863f73c5e2030616b9318904
65,w2FQQtmonworaFXp,1745073792713,10,1745073792713@PWAw2FQQtmonworaFXp,495c8a469aa14481aee174b05be63dc8bf2f7df9a946abbdae68332edfe00b8b7750532a80e743ca72810d78a8bfa897
65,w2FQQtmonworaFXp,1745005741713,15,1745005741713@PWAw2FQQtmonworaFXp,35d0fde8c6993d24e4037fa5a9d9fedac435df3a6f2df758b5717dcb75bdd1a690ecf0c8e268bae2a9b48cdbb0d43272
65,w2FQQtmonworaFXp,1745059663713,6,1745059663713@PWAw2FQQtmonworaFXp,529e0a03f475224a69e158626e7637f22c11277fad4c7b09f1644d695c7be6c77ed327c5f15a9a7ef70fa8d48a8d862b
65,w2FQQtmonworaFXp,1745070978713,9,1745070978713@PWAw2FQQtmonworaFXp,d75e343b6b74174354427026acf16bb3317564cadcc1b3c67ad5c8494cde4c51f120b0e4d7fc28e2b5177f49c13170d7
65,w2FQQtmonworaFXp,1745043068713,2,1745043068713@PWAw2FQQtmonworaFXp,e357db95277eb9e45a79d6a9db69f971065a9792fac0d61ca7209e841e10d618484585b8cf18953748ba3db691ddb223
65,w2FQQtmonworaFXp,1745041462713,1,1745041462713@PWAw2FQQtmonworaFXp,ebb3739a508926dc6fc1e060151cd4f2f48392071fb12ccf00ffacf92bce4a6c5a0bc4f3915fa90aa5d7935592e6f1a8
65,w2FQQtmonworaFXp,1745007200713,16,1745007200713@PWAw2FQQtmonworaFXp,9f085fbe8f878c496a8535e86eec8c75655e926e9000c489a04e91501ac2ce777998c7f598a19b79baac2bac17bf6a0e
65,w2FQQtmonworaFXp,1745037969713,0,1745037969713@PWAw2FQQtmonworaFXp,df6a5c40ef5569515b14af24463127f6f13f49bdffd8cde37e2dd7c5475ba250d0b3552bfee0ddc3db79d5a31ede76d4
65,w2FQQtmonworaFXp,1745065300713,8,1745065300713@PWAw2FQQtmonworaFXp,ba01e95354403dbef054f8747f4ac0233ff780911b55bfe9de59f22d49e616b47339b310d870d6a60373bc0fddf4515b
65,w2FQQtmonworaFXp,1745014557713,18,1745014557713@PWAw2FQQtmonworaFXp,f8dff898a2edbdd3a6bffae1697675505c3d07f61e9cf11188e6dc455582b39baf0308878ce8e30e62a36f448a9af5ea
65,w2FQQtmonworaFXp,1745050117713,4,1745050117713@PWAw2FQQtmonworaFXp,44cb0bd647365a0505ed54a09f3865ee6f8701cb0c975a56754436bdfe103544ebf605895704e4bd675f04fd745e0ed9
65,w2FQQtmonworaFXp,1745015106713,18,1745015106713@PWAw2FQQtmonworaFXp,7ea93798a55916991d02fdf2182dd12b7da496b97558a2312e935ae10a060d847f426c57eda2da79251d4f5f0f35ce30
65,w2FQQtmonworaFXp,1745044841713,2,1745044841713@PWAw2FQQtmonworaFXp,242d3fd8c06b1650891385640c23f9315b4f8c3142c49ccbffef33ec5ca934ddd6150a2b7cac7cb92a34e0a1c7170bf1
65,w2FQQtmonworaFXp,1745019370713,19,1745019370713@PWAw2FQQtmonworaFXp,01281288058109ba6ab57d72cd4a14440afce5657e8476c92123dd832c32aa004d7c8594cb951ef19ef8dd3aef57c26a
65,w2FQQtmonworaFXp,1745068006713,9,1745068006713@PWAw2FQQtmonworaFXp,d8e79c7eba88416c48d8fa0a2390dfea896c4c822f4ba7b19283c07ddc3c2f27770d385b60bbd3e0c20c82ca9dd8c6da
65,w2FQQtmonworaFXp,1745065980713,8,1745065980713@PWAw2FQQtmonworaFXp,50223a0ceceff31d1d49ca0498d8cdc7fada07271d4ccdbe39c31b15ed72aa1dc5e3d12331e98d4fba302ec2ebb5f03a
65,w2FQQtmonworaFXp,1745049675713,4,1745049675713@PWAw2FQQtmonworaFXp,eb9be33a5ca17b785cb795b26a86e72fc93cd7c8c9f1e757008e1fa7058261f351629b7e41b115bf9771c197e985abcd
65,w2FQQtmonworaFXp,1745074380713,10,1745074380713@PWAw2FQQtmonworaFXp,eeb496e479089001c22b19ad870747cec5e3993808be1790b4878d5d8561fdc509cad9eb8bd6cd2748f01540cf882130
66,ylN0i01VL7rSBRTy,1745012597713,17,1745012597713@PWAylN0i01VL7rSBRTy,bb05c441f75d3300d2daae5d4b52c2fb178e54001b37080d99007ddfec2b1c3ee54362c4e9d46e1ea0a33841609e877e
66,ylN0i01VL7rSBRTy,1745054606713,5,1745054606713@PWAylN0i01VL7rSBRTy,07cc01c05a7ecc167032743a918638d29c1a5266e982203ee1b660ca0aba3241d413100640e478e09459baa88207a0d5
66,ylN0i01VL7rSBRTy,1745062333713,7,1745062333713@PWAylN0i01VL7rSBRTy,1d62e95fb5019d400119f953c879d5ff024339cdd6cd651bb07afe3ec1d68bd99bcec13fe6486ca433916a3fd52e1ffb
66,ylN0i01VL7rSBRTy,1745039700713,1,1745039700713@PWAylN0i01VL7rSBRTy,67202c4bd7e47973f37d539e7452b6b5b6a216de297b378b25e222936a097ca8d80a5737483217cd8bbc3870e86fc322
66,ylN0i01VL7rSBRTy,1745022642713,20,1745022642713@PWAylN0i01VL7rSBRTy,588577814c331a6fafffe1041732add4fae1e2891045cb6a4ad24ad9992a499f332e55b44ddb9b8ac38300273016f8b0
66,ylN0i01VL7rSBRTy,1745035191713,23,1745035191713@PWAylN0i01VL7rSBRTy,32796d4c7bb0711df6bd0a286d109662172c7867e02fc154d67f26363b20a6ea5ea0a3d2c67be28e89833e240deaac49
66,ylN0i01VL7rSBRTy,1745035201713,0,1745035201713@PWAylN0i01VL7rSBRTy,16015563f5780d2f271ba2e24fa19043bbd88d88b13196aec83d261a093a35bfee2d2ff91065327524c36763b2380bc3
66,ylN0i01VL7rSBRTy,1745047997713,3,1745047997713@PWAylN0i01VL7rSBRTy,3e3c778d0ef65144ece3f702c56cdb8824fb53b4ec55102f704d7e670196dea3e91369f923823eb11923784a71d4bd47
66,ylN0i01VL7rSBRTy,1745059025713,6,1745059025713@PWAylN0i01VL7rSBRTy,7b8911289de26de74bc49b69edf3e4f9b8412925947faf1bbb0fe3c3896980e523048954121c076d21d4d4ea8ac22480
66,ylN0i01VL7rSBRTy,1745071010713,9,1745071010713@PWAylN0i01VL7rSBRTy,5d2b80fed9a10fd3f4c1012c1e048ec7f1797534ac5bee77432cff8497902478163b3b31e93f28a76b774da2111b3d1e
66,ylN0i01VL7rSBRTy,1745038538713,0,1745038538713@PWAylN0i01VL7rSBRTy,ecfa3e65b12012c87870eaccf27da2cd50974165e4b5ac877a8f43d70f45a48231eea6072eae6acc1f53e1f9555bf1d1
66,ylN0i01VL7rSBRTy,1745017051713,18,1745017051713@PWAylN0i01VL7rSBRTy,9ab20e2ed085d084c3ce8c7fcf5005e4fa6c7b94cb0bc0ce4a0fc69d9aa3fd34beacb7401494de43a3a254e0171f74d8
66,ylN0i01VL7rSBRTy,1745007657713,16,1745007657713@PWAylN0i01VL7rSBRTy,f9dd81bac58cb60d9e7901bda54f3f96ade9bc94af17d8c8b28b40b8063cdc9e981d7c934b59601a660996792fb4758d
66,ylN0i01VL7rSBRTy,1745041243713,1,1745041243713@PWAylN0i01VL7rSBRTy,b72b6ad974739ea71ce63ed5462c63cbbe51b3f25c809062ff0fd7b6aa603ce938b59b75416bb66ca5ba61e4c396c0e8
66,ylN0i01VL7rSBRTy,1745060655713,7,1745060655713@PWAylN0i01VL7rSBRTy,4c78ab1027e02ad1f5bc8f51723015134970857947994631a876c44036db8fe9f8be0887e9c48d19f0a6d42354632b85
66,ylN0i01VL7rSBRTy,1745074135713,10,1745074135713@PWAylN0i01VL7rSBRTy,954ac3a39ad071f64057d9e6f7311e3db232ecddc5a962eeedb5f5e5f4d2c1bf4b5181b7448727edcd65cb3e32b4cd23
66,ylN0i01VL7rSBRTy,1745064834713,8,1745064834713@PWAylN0i01VL7rSBRTy,c0013c376d758a390b668a8a7af221c128b14469807f4054a208ea7a08ca4e84da5d1459b66b9e044873ade8d67ae907
66,ylN0i01VL7rSBRTy,1745006645713,16,1745006645713@PWAylN0i01VL7rSBRTy,f39673af0bfe0ea1fc80bcae605bab33d565ac037bb4c9eab10df7fb1cdf6d99d8b5c0a969bb9d446a4c6f8137bb781e
66,ylN0i01VL7rSBRTy,1745042561713,2,1745042561713@PWAylN0i01VL7rSBRTy,91ce440ca3eabc865c58f1b96cd084e487b53392a45e19173d50514ad50ac7b5d65267c61d3fa5c6e28f72e6f6c7a617
66,ylN0i01VL7rSBRTy,1745026664713,21,1745026664713@PWAylN0i01VL7rSBRTy,364a686e102cbd600ef113b12e00ba32abf9bf5923ae216267f5649ed5c1f2869df4df3a218f176288d5c1b1d35370d6
66,ylN0i01VL7rSBRTy,1745011819713,17,1745011819713@PWAylN0i01VL7rSBRTy,6b659b39b6c5ac8db1466917ad6f2379fe0335c8c30de1071992e6fc086527b9fff926566450f74320ec03d6cd86cd3a
66,ylN0i01VL7rSBRTy,1745046804713,3,1745046804713@PWAylN0i01VL7rSBRTy,ecd6067b560fd92aa91ce05b8f47b002df9aaafcd8542c5bb5ab521ce3359596e1a9666cc9484ba24be3e1b09de13d57
66,ylN0i01VL7rSBRTy,1745060829713,7,1745060829713@PWAylN0i01VL7rSBRTy,923cbed0096595826dbeeac0904b2236c59d64787af1032bb1e17aa645ed8807b5cbbd937c2ff1ce5426ed2aee57810c
66,ylN0i01VL7rSBRTy,1745074012713,10,1745074012713@PWAylN0i01VL7rSBRTy,2fd46d1a94ae25ca0b8e05fa891794255bf7cb49521efffaa16518b862720ea81b3f507dfda4432601e895a1d4002eb9
66,ylN0i01VL7rSBRTy,1745073045713,10,1745073045713@PWAylN0i01VL7rSBRTy,62789a9d44628329c5cfb45363a36c487fc9de68a6ebd358840fcdff8779d050178b5503c56bed6495f3a744839e09bd
66,ylN0i01VL7rSBRTy,1745030092713,22,1745030092713@PWAylN0i01VL7rSBRTy,d76b64187251e90b3c3563a65dbc653eb6520691c19e44fd3481d89846e1945e41a1b8ce3955a9874faf534c24536147
66,ylN0i01VL7rSBRTy,1745049794713,4,1745049794713@PWAylN0i01VL7rSBRTy,1dd79066dc89f20f0cf884ada5684c10b9c36a01076b68f47908af3012ba7f48568ea0367c1aa7c686a864e73cc83cb9
66,ylN0i01VL7rSBRTy,1745068958713,9,1745068958713@PWAylN0i01VL7rSBRTy,be34282aca7acf7c474a31c7420d4a7cb5531d1538ffd041344e170b10813f04d8390746388a703508e6822de6c60814
66,ylN0i01VL7rSBRTy,1745048305713,3,1745048305713@PWAylN0i01VL7rSBRTy,ed436e68b6f9c22e79b1581abc5ee265732c766c86d3464dca6e804183c65b9f581fe60c5d67b1d572665b0426361b57
66,ylN0i01VL7rSBRTy,1745034190713,23,1745034190713@PWAylN0i01VL7rSBRTy,52b1722a4b955ecb2097246d71e3e96716fdcc2e74db7cb48a7692f64c69572d555a62dcc4006bcd84055f7e3e0d54bb
66,ylN0i01VL7rSBRTy,1745053765713,5,1745053765713@PWAylN0i01VL7rSBRTy,1de447152966b779979dedddbbc134d64b3be2f940855b7218c8d44d7ae05abe7763dd99e24c6b04e93de6535b774b14
66,ylN0i01VL7rSBRTy,1745056219713,5,1745056219713@PWAylN0i01VL7rSBRTy,3cbfd8970ab1ecad728df245caaa7356183797a80414eb24bb7430960e75c9018a5d7435d680ffe54d4e92097af4ba43
66,ylN0i01VL7rSBRTy,1745016974713,18,1745016974713@PWAylN0i01VL7rSBRTy,4001407f5597bab4dd9d37ddedaec9ab752a1cc7b17b40d278add8afebd10fd0b8f760cdc43df5e5a205a19868aaaa21
66,ylN0i01VL7rSBRTy,1745033016713,23,1745033016713@PWAylN0i01VL7rSBRTy,d59be7c13d7966a9a328aca5af6568c6a45baf7123540a6f9ea7f2259b5a0c72d6f7a9a53afe2cb669fe6faa9f378a15
66,ylN0i01VL7rSBRTy,1745029616713,22,1745029616713@PWAylN0i01VL7rSBRTy,90e8fc4bcbba48f5bae3b3c1a61ab0e13f3c88a3a1485e16aa9b8c5d885ff0fd800a3e3750ee67c81ecace3c5755d897
66,ylN0i01VL7rSBRTy,1745063473713,7,1745063473713@PWAylN0i01VL7rSBRTy,e6b51e063839538fc676a068c42db13a2e49347edc4af0473a461f0b876de5b9fa9ab940ae25da77ca554c8e4b68d71e
66,ylN0i01VL7rSBRTy,1745069038713,9,1745069038713@PWAylN0i01VL7rSBRTy,e899e2612b1bc479cd2bdb32e6d5365044f57aebc9edf24d09fa4363c83cd8fb5b67caf7b07cec24482c6eae7fd7534a
66,ylN0i01VL7rSBRTy,1745047553713,3,1745047553713@PWAylN0i01VL7rSBRTy,ac40ed9cfd035e06705c0c10c6386c55eea6adc8c2fed7bb05b2b5fc054a0df5ebe8f8f083ebf0a870b161f0136699ea
66,ylN0i01VL7rSBRTy,1745005996713,15,1745005996713@PWAylN0i01VL7rSBRTy,c77d88b3f40ed8f638f52a37073f9af3bf7182077b2f1311c2aeebca0de2fe34209c614bf7be3edd15b47d902e07585b
66,ylN0i01VL7rSBRTy,1745065412713,8,1745065412713@PWAylN0i01VL7rSBRTy,a8e47241da3b6ae81d15d6686966de96808ab0bd6c9d6d1a4f7c2fb54c65235e2d4d35f8243c5ce22a1fa8601b7ee04f
66,ylN0i01VL7rSBRTy,1745018716713,19,1745018716713@PWAylN0i01VL7rSBRTy,ca6a4ab3e22d7bd5b8a51cc76e592ac35d164deb0f4f9004bf1eaa9e07bfd1c5eecb2ba3cf3606639df56a41bcbc65f4
66,ylN0i01VL7rSBRTy,1745076541713,11,1745076541713@PWAylN0i01VL7rSBRTy,48ba3a5d216ba0103c479549b536dc39107fa2a9974fcd582386344ac36f048d85bfb5e32067f72b874ca802e8ea6bca
66,ylN0i01VL7rSBRTy,1745066637713,8,1745066637713@PWAylN0i01VL7rSBRTy,757a92fd97cfb71fcdd458c716e59b3f4a27ae60aa68c211b21467816180c5560e8c6b02fecf8f010744f0ad2d105a76
66,ylN0i01VL7rSBRTy,1745007326713,16,1745007326713@PWAylN0i01VL7rSBRTy,4ff6d2f058ee348c55c09cf27f29b3e0e533b744674a2f1cea4efff6d39cc1070490d1a969cdc9a176db76fa1fb4374f
66,ylN0i01VL7rSBRTy,1745035672713,0,1745035672713@PWAylN0i01VL7rSBRTy,7949f5642ac9d0f2a55e84473732d329700a2af2100a63c5623e25b1a0137757edfa74e9fd7b85e3689d23acd7a9bee3
67,3DmWJUqEZeTwHf7u,1745009774713,16,1745009774713@PWA3DmWJUqEZeTwHf7u,6edfa955664c19febfb1eb7b111982d5edea210082c8933f1935458feece87d2477ec5b53fc04a1fca618e1641516f0c
67,3DmWJUqEZeTwHf7u,1745063670713,7,1745063670713@PWA3DmWJUqEZeTwHf7u,887c3d877cb7f66ef2a10c8c4cfc87b8f9c51194c990ae24f8103902bbc517936dc123061c8f55e474368ca6e961f7e4
67,3DmWJUqEZeTwHf7u,1745006564713,16,1745006564713@PWA3DmWJUqEZeTwHf7u,50de22a7c108154f0511e226aa7cf83325ca3cdc45f3837cc4a4bb8f1fe953d3999f47db1e76a607a570c56028395583
67,3DmWJUqEZeTwHf7u,1745009263713,16,1745009263713@PWA3DmWJUqEZeTwHf7u,5997b3d7a93d130af9ef11c9d2abf8a90f08e4828b7e8afda6a82880086f95ed90b1482bfa46e0da68cf9ef0eb2cb63b
67,3DmWJUqEZeTwHf7u,1745054006713,5,1745054006713@PWA3DmWJUqEZeTwHf7u,68f548d1f5a27d761254b80a579a0b6722f8a77b1f4cbdd8d65d1c4c87afdf5e6db9b57dc081eb76f5ca26a8c1c70bbc
67,3DmWJUqEZeTwHf7u,1745061607713,7,1745061607713@PWA3DmWJUqEZeTwHf7u,c8498dc3d833e6ebc305836eca15ad507aa78bf2cc39e44b1f46799b6d2585c4b35271567d3e53cc84660571fe372295
67,3DmWJUqEZeTwHf7u,1745063299713,7,1745063299713@PWA3DmWJUqEZeTwHf7u,704b42a8887c69bacf2a744ba98a8e26053dc839ab1762d81ad2896ffc6956a50faf7d840f59797e8a046e16080f36d6
67,3DmWJUqEZeTwHf7u,1745033269713,23,1745033269713@PWA3DmWJUqEZeTwHf7u,864fadb878a34e1f6be924e4506f9abf021e20984997ad6626026bf2aaf485a91ed66e32811ad33fd63759107d4c33e3
67,3DmWJUqEZeTwHf7u,1745071165713,9,1745071165713@PWA3DmWJUqEZeTwHf7u,d0bc8e91a172cee6e5b94875390ef00ac4025da997d2dd4f38b76bf5ed965785f7ad2bd46fa95c2ccb58097bdfa00c0c
67,3DmWJUqEZeTwHf7u,1745016815713,18,1745016815713@PWA3DmWJUqEZeTwHf7u,e17172fe4f26694b08e32b56b80fa50366ce593c939646c236cd04191e1c829b87f14598b663073d6e977dfc906b9aff
67,3DmWJUqEZeTwHf7u,1745040393713,1,1745040393713@PWA3DmWJUqEZeTwHf7u,ff05abc6a4d90511fa8d09a8d063b66a64675cf0708bc14b5fcb57e0b312cc8e226bdb570a42e6732dd21337af22196f
67,3DmWJUqEZeTwHf7u,1745056152713,5,1745056152713@PWA3DmWJUqEZeTwHf7u,25fab9c9746d011f02305e9af946526bbd57754b7b72de8f39857224b50830b725061d6a998f8daf91b1ffa8aaa84974
67,3DmWJUqEZeTwHf7u,1745072808713,10,1745072808713@PWA3DmWJUqEZeTwHf7u,e551acf6dcd4d7ad44ba7b1789966188dc3108b3d53ec25225acad7c3bfc01a46c6d11d070ea600641b928c179fad20f
67,3DmWJUqEZeTwHf7u,1745061697713,7,1745061697713@PWA3DmWJUqEZeTwHf7u,19dc0db5f492dd5ea785863be65ee8ba9fa5497384488f6acf18585f6dc07ee0e8f55fd661177a977944a9e001030c9e
67,3DmWJUqEZeTwHf7u,1745026375713,21,1745026375713@PWA3DmWJUqEZeTwHf7u,8a3982602519d897bfec1dfe03ee5918e3d5af73e72f5e4eddc23a6e02a7e26648de67c9503809966edeb50008da7720
67,3DmWJUqEZeTwHf7u,1745018349713,19,1745018349713@PWA3DmWJUqEZeTwHf7u,87db08a4c2b08cd5e51f62d6c49c7912646286c4ccb4bc720d4f88801d060ab7867e38d2f411c8e6161599aa6a47276d
67,3DmWJUqEZeTwHf7u,1745076095713,11,1745076095713@PWA3DmWJUqEZeTwHf7u,2753269c5dd70c6744f0ef82c0cc829f1e5743c8ff55f465a5fb878ab1e7a8ac7ae91953d815107c6a49afa6d28b0523
67,3DmWJUqEZeTwHf7u,1745052480713,4,1745052480713@PWA3DmWJUqEZeTwHf7u,f051c7b43720a1121fab48552f405bb13d1409ff2535cb49d4946c8cdbfd713ba4ba9c109ce7b4fcf0cefa139db83b1f
67,3DmWJUqEZeTwHf7u,1745023661713,20,1745023661713@PWA3DmWJUqEZeTwHf7u,14f119185ce8dfa263e0228010ac98b9b273bf64a7b981937ab7b982c70d44fd69f57711c81f19280071502f32385285
67,3DmWJUqEZeTwHf7u,1745006945713,16,1745006945713@PWA3DmWJUqEZeTwHf7u,212df01e162122cc13dda8a63c11bce9c2764fc446f9dbd08d450b31091d587474b04d3658a7ebba6ee893467f25c196
67,3DmWJUqEZeTwHf7u,1745052944713,4,1745052944713@PWA3DmWJUqEZeTwHf7u,504f6980b55796daddf29c49623a9b51f9c6abf4169adae107f37efcc7f59dfd913ba98876a0fbc78c85a62f024c55b7
67,3DmWJUqEZeTwHf7u,1745018094713,19,1745018094713@PWA3DmWJUqEZeTwHf7u,f057b123431f0be73448ddf293cfcddb5edf6bba28a104cea5358579eff3e5fc90bdebe42a1a541472d327c501efd174
67,3DmWJUqEZeTwHf7u,1745039763713,1,1745039763713@PWA3DmWJUqEZeTwHf7u,5f948ab5d8bdd40d7d90671d9b9608d6e9b7fd17c53a8235d191532fac63b896e6f07b06af3654b6bf7563c2c071620b
67,3DmWJUqEZeTwHf7u,1745077673713,11,1745077673713@PWA3DmWJUqEZeTwHf7u,24cc8538d61cf26e68a9fd90a9455603fff0f6272ec5a908957ad0097282d59e91f58d3c08b2fe25fdcfe67824f88a80
67,3DmWJUqEZeTwHf7u,1745053455713,5,1745053455713@PWA3DmWJUqEZeTwHf7u,3b473d9790ce730695a820b06765c9b3c5dbfcf77f8135fc634f8eeab6d3f7dc4dbfe41292eacc5563908c5b312c463f
67,3DmWJUqEZeTwHf7u,1745054807713,5,1745054807713@PWA3DmWJUqEZeTwHf7u,310168f09ab8c13c190c696c80a976eb365be235688c5625efc5e54f3da89d43fc7c9385b0b456d70ad05050854af070
67,3DmWJUqEZeTwHf7u,1745025779713,21,1745025779713@PWA3DmWJUqEZeTwHf7u,e687305aa93a984afbdebf970795186848413a4b29027ef8fca8ed0a5fb657a1d1c0210dfa5f7dd1dd610a67a5f705f8
67,3DmWJUqEZeTwHf7u,1745062481713,7,1745062481713@PWA3DmWJUqEZeTwHf7u,86b428c19a5e3cdb40f4f47eb5731e92be920b0175bbcba6979cd2f890a39a220f922d0964cb507e46e50ea9b568113b
67,3DmWJUqEZeTwHf7u,1745035130713,23,1745035130713@PWA3DmWJUqEZeTwHf7u,6611a732e32a4e4397e31a0f76bf24593cd51615a1e57cbc8b9beed2dbc89e599a0fcbfa011571e022e4c55f585168b1
67,3DmWJUqEZeTwHf7u,1745035027713,23,1745035027713@PWA3DmWJUqEZeTwHf7u,a01d75a0a9d1282611783e7d78028bf4f252b49b69801b65676d84833198173c4cabff82626c9cacef19096063bb1bee
67,3DmWJUqEZeTwHf7u,1745066526713,8,1745066526713@PWA3DmWJUqEZeTwHf7u,c26187f880088b93985a392809bfd34fea407558c467a72e5ad8ff4450a213680af67e7304719d83de5561ac6fee9a90
67,3DmWJUqEZeTwHf7u,1745073060713,10,1745073060713@PWA3DmWJUqEZeTwHf7u,945b756a8a954832857050bf6c34ade57b7c6c2715a2269895390993be74fed1f6cf774e2756b803606e28ed9626edbe
67,3DmWJUqEZeTwHf7u,1745073344713,10,1745073344713@PWA3DmWJUqEZeTwHf7u,d37c7a225d85b312062fd3cf1f3916f84d27d70fd712902c68c8823f304341d2a3f57089eebde240f055423806714c2e
67,3DmWJUqEZeTwHf7u,1745035635713,0,1745035635713@PWA3DmWJUqEZeTwHf7u,be4145e65d510239862b81418b8008d9c83c60c20bd19762ef012d9b0237e6a4a684edb230a61e26767f640c29220499
67,3DmWJUqEZeTwHf7u,1745042578713,2,1745042578713@PWA3DmWJUqEZeTwHf7u,67b221dfa1cc48c231812d3624adc4f895b5c1d1d7378b6dc2ae7199a2ec2a99d65df4b8ed5eb5181cff6a1794599c79
67,3DmWJUqEZeTwHf7u,1745023367713,20,1745023367713@PWA3DmWJUqEZeTwHf7u,13ce483ec61ac6c98d89267308e2255b10d8ed4d9305ddc86cfbc642ab73c7bac44b38767f43750c2106be4862e17bfd
67,3DmWJUqEZeTwHf7u,1745056699713,5,1745056699713@PWA3DmWJUqEZeTwHf7u,d3a26b9efe6472da7f0fd678cfe697e7d506db03622eeef9c1e5e886a32382c856e9f2e0ddbd90186416ecb512b6b84e
67,3DmWJUqEZeTwHf7u,1745073286713,10,1745073286713@PWA3DmWJUqEZeTwHf7u,90958ba8a6c8d34c74f48ac8f01511a0c93c57bd0b21ab77764d4f37d07d958d348753fe11d73c0f7e95fe7e6a5656ba
67,3DmWJUqEZeTwHf7u,1745033500713,23,1745033500713@PWA3DmWJUqEZeTwHf7u,bf8b402f561155a7f126254772f6f9194be87d1008c0dae590d7910cf0e77af5377d3273f5049c6ceba56f06cf653198
67,3DmWJUqEZeTwHf7u,1745060573713,7,1745060573713@PWA3DmWJUqEZeTwHf7u,97c818e086d2f18bc5aca69bcefb7fd3380257f7e5ad0e7e91098a2c92835503e4d18a3c816b470aafabde2defff15ff
68,FExiOImjMA8umX1n,1745038151713,0,1745038151713@PWAFExiOImjMA8umX1n,5c14f00feeed3ae7cb93a6db5c76682f8e361d9ed893d46221cf7cd94af559cb53ecf4672771d6e49657110a3b954c2c
68,FExiOImjMA8umX1n,1745044745713,2,1745044745713@PWAFExiOImjMA8umX1n,67b4451e4cbb7d32de4d4d9510ec655439f061344b8124906eae5dcd88461393b3707b394993e14201e62001a2ea5831
68,FExiOImjMA8umX1n,1745058976713,6,1745058976713@PWAFExiOImjMA8umX1n,0c54a3dffbe7327f01be47b2b30b8a233dcc626b6cf6597de45c6d6aea85be508f710e1298da7046c56b6006b747de43
68,FExiOImjMA8umX1n,1745044993713,2,1745044993713@PWAFExiOImjMA8umX1n,a54a18f2ed91b8cfcf8723b0ea11b89124bffcd23f59c62e99447c12568f26511316de1e8551188e5cb09a79af48a0dc
68,FExiOImjMA8umX1n,1745034414713,23,1745034414713@PWAFExiOImjMA8umX1n,6c33d95a4ed0cdbb20659a0dbfc35f6c1e203bdf9bc7af684da884b2f2794a718f252132ecd6c4c261a10a01af8411e5
68,FExiOImjMA8umX1n,1745074831713,11,1745074831713@PWAFExiOImjMA8umX1n,4dbf8802472f5a42290256926b8ec1fa75805eabaf8c896cb930e6b0efe90f7ecf383d5e3f0c9c33040e173dfb0aa30a
68,FExiOImjMA8umX1n,1745060763713,7,1745060763713@PWAFExiOImjMA8umX1n,1e12d55fc021954d8c11dd1a340ce98a899ecedd68303e6b15ce86a9ee5dc11eb8b05b5be5525a4c8becc34c5e57a8e0
68,FExiOImjMA8umX1n,1745026224713,21,1745026224713@PWAFExiOImjMA8umX1n,68b43d626cb5587caa19b4b005174602a53ea3fd7c5789a7484f57c748eeb45b352fa1ab77d28864efcfc6ea44ce91bf
68,FExiOImjMA8umX1n,1745074610713,10,1745074610713@PWAFExiOImjMA8umX1n,8b7f07f454e78d32975ae09c025cb31f13e0ca31d8747dbd2509d175f93a994b3fe8fe7f189090093ad65f8efbc17896
68,FExiOImjMA8umX1n,1745064943713,8,1745064943713@PWAFExiOImjMA8umX1n,71ceb2f9f76a873ba4d2689931f340ea062bf81db6c3ec363406718b5a22c0cdd9ded89f0f095b30fca09c6f04185ad4
68,FExiOImjMA8umX1n,1745019391713,19,1745019391713@PWAFExiOImjMA8umX1n,63a7c5c36d4b1438ff022c7d74378a1c1475afc5fbf887d357484bc5f21d3749a561ba1adcd7dba1003017e9eae04ec6
68,FExiOImjMA8umX1n,1745045428713,2,1745045428713@PWAFExiOImjMA8umX1n,185bb9ad8ecc95a8b342777c59dd6270702ea80992cc7913425efe876be3f4c42aedab47e73f100c8ca2aeeaa45cd266
68,FExiOImjMA8umX1n,1745025804713,21,1745025804713@PWAFExiOImjMA8umX1n,933d849506d122ce854db9c30e396b4bbd7f5a1dafc1c3ca33429b5450812976f064a59a0032aff8a3cce2dca6bf316c
68,FExiOImjMA8umX1n,1745024533713,21,1745024533713@PWAFExiOImjMA8umX1n,a16fc7d780d070b1d239a162191ac3f3c2aaa5c2e02f998ea32ef593c3b2498ddddf11a9fb0808a6a0448a040d9d9d10
68,FExiOImjMA8umX1n,1745021062713,20,1745021062713@PWAFExiOImjMA8umX1n,62c884d6b7c7c8947b567cea26b66ec01b5fd06e777f76b7f6e2ac1bf5e358b5459ca9538587edc5713fb28e1904bea7
68,FExiOImjMA8umX1n,1745044382713,2,1745044382713@PWAFExiOImjMA8umX1n,89cfd649c9d19076e884a6446a138040cb9f2ab3978b38fac9285e32a6b13196276ca2256d14afd7545cf2425ff7c34f
68,FExiOImjMA8umX1n,1745076729713,11,1745076729713@PWAFExiOImjMA8umX1n,e880d891cabe98a18e20ef1bbf9238b6cf372516d4026c34ce28e1039d6998a3c54516b63d4b15fd67682fb8eef95962
68,FExiOImjMA8umX1n,1745021522713,20,1745021522713@PWAFExiOImjMA8umX1n,a8ba98ae187d3259bb893f9c8dd80eb6a7eee4f9f6f10c6a3e0b4e0f9050daa28dc6fdfc42915dc2122d2b8ea0970323
68,FExiOImjMA8umX1n,1745021047713,20,1745021047713@PWAFExiOImjMA8umX1n,0209fe2ebeffb5a3a318a8a25e916fb2a5ff0dbf01c0cd28b5ef4b85759eeb00adedef567a32f714007e7c490bc32319
68,FExiOImjMA8umX1n,1745022537713,20,1745022537713@PWAFExiOImjMA8umX1n,db8284fa160f4f72147915e7a444d90eb5626e97e8a557c22ed934d55b6b080ed31d2bfbc7ffeae650a0e9cb00714b72
68,FExiOImjMA8umX1n,1745062753713,7,1745062753713@PWAFExiOImjMA8umX1n,c678c3dd761a09bdb49495b57aaa2293de55a82893bd30bbe8ee90523b5716dcb22ae1128f5cb05aa2d392511360912b
68,FExiOImjMA8umX1n,1745044534713,2,1745044534713@PWAFExiOImjMA8umX1n,d08b7c6b82f9a606b70f6a270ac84ddc61fd51f68a37bdb08847ac4785a9b33d3c7bdb298044d38642504771e3116572
68,FExiOImjMA8umX1n,1745057981713,6,1745057981713@PWAFExiOImjMA8umX1n,6c24e6de68cf2002ea26cd2d85c4965695742dc5b30a55ea1f7accb0646d1bf6aab4052faa23960dddcb2685f5ce8cfa
68,FExiOImjMA8umX1n,1745023569713,20,1745023569713@PWAFExiOImjMA8umX1n,f102a5b60c0b54767dcc838ea2434cd7ca5b3a01171a700e099431628f4c2fa5e1d2c73465cbbaeeec1134fd5e02b91f
68,FExiOImjMA8umX1n,1745015590713,18,1745015590713@PWAFExiOImjMA8umX1n,a3359d60fdc8f7dcb33863159d9b6f7b4c8305a59f70cc029019dfa2b0469795d280dff50f97bf4b9cc0b5f5ec66677f
68,FExiOImjMA8umX1n,1745057298713,6,1745057298713@PWAFExiOImjMA8umX1n,5a04db44857a81187351cd8ccfd97d33ca06f4e6dccdc24bd9d34e36e8778e709609e7c26daba768209dd45e499da507
68,FExiOImjMA8umX1n,1745070136713,9,1745070136713@PWAFExiOImjMA8umX1n,db74f0aa326f4c97269c9e059bebfbc23a68fff23a6edda7818c2b7a1a5ae7a025eddc22463b9e1667830e8cba9efd44
68,FExiOImjMA8umX1n,1745026338713,21,1745026338713@PWAFExiOImjMA8umX1n,269ffa702dfc34a54b5b3cb8a8325f3b0d25a697b7f432f34cbd7342b79542101d32697a0ae4bb73ca56e3784e9bc4e1
68,FExiOImjMA8umX1n,1745035548713,0,1745035548713@PWAFExiOImjMA8umX1n,e692484e040bb145e76d2b806863c00ed06b2bbbe1b96c9b0f0d1e77752619c9c05c146b47c754bb3811799500addea5
68,FExiOImjMA8umX1n,1745053561713,5,1745053561713@PWAFExiOImjMA8umX1n,f6e6e4565baeaa9d74c90848ed9d5b815bd280fed25c087eaf110430c32704c3c92b5a6b577851c0e6d0c9cd55fd2e6d
68,FExiOImjMA8umX1n,1745018177713,19,1745018177713@PWAFExiOImjMA8umX1n,b1e0f5dc156fd532f8b94ddaba1bf542e3265c6d88fd039a43c1094c83183ca37b84addb4451602907f4ea353c9c24b7
68,FExiOImjMA8umX1n,1745050743713,4,1745050743713@PWAFExiOImjMA8umX1n,d3a7783632e49c71b17bdada263c4a4704619edacac27e92ccdca601456e88cc55780ac4d8568bf2bb8bee66d7023130
68,FExiOImjMA8umX1n,1745061315713,7,1745061315713@PWAFExiOImjMA8umX1n,307b6ee931cb12816dfcff6913528430e98943f48d522afbadb60aa74b215fbaf23ccaef2ff732cfb9dbdbb6113422c8
68,FExiOImjMA8umX1n,1745014199713,18,1745014199713@PWAFExiOImjMA8umX1n,ccc4cfd83cde6f9439175c3ad614f85f12e22c38759e184d0bfea5c2e56e6c0e8ffdb937cff40f77aff82f8465e53108
68,FExiOImjMA8umX1n,1745049239713,3,1745049239713@PWAFExiOImjMA8umX1n,87673f8ab3b59aa021fd2945cec9f107dd58ee2e62514163afac8705b27b39714ee7b6f591414a09a492cc67f5741481
68,FExiOImjMA8umX1n,1745044632713,2,1745044632713@PWAFExiOImjMA8umX1n,74cb1dd1b888bba3f4391298b7dbf7b9ea41119765c50573900bfea3103a188002b6988cdd894b3f900e52a64185cd83
68,FExiOImjMA8umX1n,1745065663713,8,1745065663713@PWAFExiOImjMA8umX1n,6f44bf0cb9eb364f799d21872001e614285ba7de47cb701cc6885a2ec4fe95c02888c418809594bd21e1b91d3f8c2126
69,TCNLdskdfwAA7JBE,1745018223713,19,1745018223713@PWATCNLdskdfwAA7JBE,54b8e0194f55abdc73af1b12d0b85b0da9391651c633c56b064cb301a857a6f9e086e7d6b0a7364de8c53fe0ee12f397
69,TCNLdskdfwAA7JBE,1745052887713,4,1745052887713@PWATCNLdskdfwAA7JBE,b552457d3a29ba1ba782b27d515c3ae85efa45e62b7d7fde37fb4eb9d817ad095d8beb6948ac0aca2399a93203b97d33
69,TCNLdskdfwAA7JBE,1745051620713,4,1745051620713@PWATCNLdskdfwAA7JBE,a277e2d990a1de14ae0aeda7366c97acbd5b7942261305507a1ebd34b1bdfbcba12ead34cea244d8f09889f1e7c6f394
69,TCNLdskdfwAA7JBE,1745056021713,5,1745056021713@PWATCNLdskdfwAA7JBE,89025da659f01de6f54fdc5e9f5c019dd98150f373e9f0c03efcb9f542efee94b3b35aa3701c120dec70ddc1dadf9555
69,TCNLdskdfwAA7JBE,1745046363713,3,1745046363713@PWATCNLdskdfwAA7JBE,b146e0dcc81c2c49ef7230c30ded9f78ecbdd37a7a3b9d6d960bf4f7d82fac7e6745732be05a596652241328838ef684
69,TCNLdskdfwAA7JBE,1745030846713,22,1745030846713@PWATCNLdskdfwAA7JBE,2177e98422665a268bda51cca0a6a7aa878b21547e36fdcb7eafcaccc56ae6d495138f5621c39ba3a1e30ef08e3db23a
69,TCNLdskdfwAA7JBE,1745069539713,9,1745069539713@PWATCNLdskdfwAA7JBE,1dcbbb2f63106dd3493e81794a2df864e9a1bced1d2d520f7e15f3a534df35f46151a657549179062f49988ac196ceca
69,TCNLdskdfwAA7JBE,1745040063713,1,1745040063713@PWATCNLdskdfwAA7JBE,08749a910c3981eaa55fc24bdc1b96e95b1085413397dc7a0bb95d39b00c0a3a06d1bade4e07cf7c42918be796784b4f
69,TCNLdskdfwAA7JBE,1745065376713,8,1745065376713@PWATCNLdskdfwAA7JBE,aada6ab65b8c80dd5aec23b32007d77fff23ca6b62e8cec602c0afb32c91b346c523b85b649ea48da4996327c7890013
69,TCNLdskdfwAA7JBE,1745013307713,17,1745013307713@PWATCNLdskdfwAA7JBE,875f964e0e62c9e663a1e46e6aa58da5b5867e1cf456cd089b974933a5e6ebcd3acd3cb86ec650e0c440d41c18bedd86
69,TCNLdskdfwAA7JBE,1745076911713,11,1745076911713@PWATCNLdskdfwAA7JBE,f928f822591ce48f099553f296b300932baf436f700c2d9026d3e64edb42b4cddc5b385275a8ab7ad2193482eb62e39e
69,TCNLdskdfwAA7JBE,1745045572713,2,1745045572713@PWATCNLdskdfwAA7JBE,1c57ed9da27a55ddb5aaf1e3c6e63b4112e5b835ef29beac48794a8fdf87c6ed7cb51e11b2f126859172f38ae99c805b
69,TCNLdskdfwAA7JBE,1745011781713,17,1745011781713@PWATCNLdskdfwAA7JBE,f37c1fdf3ab324acefe731922f9a51b00951d71c81b6c5877343db1347c6e5fd93119ad1109d2e3754140c03455b1061
69,TCNLdskdfwAA7JBE,1745067470713,8,1745067470713@PWATCNLdskdfwAA7JBE,e3a100121765cee7abd9943662f79e3504957008aaf1ef4d491a479f0931291e7f2bd6fd87a5b0de1b994c29ce283f47
69,TCNLdskdfwAA7JBE,1745043716713,2,1745043716713@PWATCNLdskdfwAA7JBE,aadec6c6001b208aaad08b5cd75d31eb5c404d40a4de6da70f47dfec24d56a1cf8ada7d087d70f021006bf08cfff5597
69,TCNLdskdfwAA7JBE,1745058373713,6,1745058373713@PWATCNLdskdfwAA7JBE,8e02edc52d925dda218930994d46100cb6763522ee5536eeafe26f56741e24fa97cbb71cfc1e7a1533d599a0a468f463
69,TCNLdskdfwAA7JBE,1745054219713,5,1745054219713@PWATCNLdskdfwAA7JBE,0daf935d2c95c9eff5cd584df9da67b4514e9d0b83a559f956dbe6320074494d589117ee9332f27be661d24775c06bdf
69,TCNLdskdfwAA7JBE,1745065284713,8,1745065284713@PWATCNLdskdfwAA7JBE,45d4699ef8fcaa8435cedfcc86640a4271c5e735e794966fbae7c055863e2ffcd9896dfcd5d8102f17b08caa798ce5f2
69,TCNLdskdfwAA7JBE,1745070160713,9,1745070160713@PWATCNLdskdfwAA7JBE,5a817ca9c1f12d8a9cf7f6dc34fdeb4ed916d951223e3127f5084ac6011fec390b505c16f4d8b5704f1457a049138731
69,TCNLdskdfwAA7JBE,1745056321713,5,1745056321713@PWATCNLdskdfwAA7JBE,75840b8ac8f5d74af967a169cdced68596ace2ea1d6f9ac47d37700de3e410ef00c738409e24f5aa15250dda779d0e60
69,TCNLdskdfwAA7JBE,1745047457713,3,1745047457713@PWATCNLdskdfwAA7JBE,e753c3f2cd16b0d9142e7fa9002d8fff51d776644452fa5befa922de8943e8cb01f7f724417541c1520311fcfd5bfe48
69,TCNLdskdfwAA7JBE,1745035148713,23,1745035148713@PWATCNLdskdfwAA7JBE,bea586460f4cd536d9f865067425af4acddf8697c0181d59ff7ce719d8b8a32512b8cb01e93bd1a83c3f3932f1da6b3d
69,TCNLdskdfwAA7JBE,1745032637713,23,1745032637713@PWATCNLdskdfwAA7JBE,c72963ccac1c2c1eb90f8c2ec4f987b38f067ddffdaf7ec127749f733ed95d860631d4f36390629108a7d57687d8f07c
69,TCNLdskdfwAA7JBE,1745076356713,11,1745076356713@PWATCNLdskdfwAA7JBE,b02252360d8c0d86fd8a0f2affd71a06325a74c591036310dc676e336e0051d9c57de82d9fd4a7007663f014f8bcf6c9
69,TCNLdskdfwAA7JBE,1745059614713,6,1745059614713@PWATCNLdskdfwAA7JBE,d664f52447e82ccdfabc8b32ef3eea81eea49896d4b81b15d1fa140e71a607640aad1e5408ea109081373aa2b7b24d6d
69,TCNLdskdfwAA7JBE,1745030911713,22,1745030911713@PWATCNLdskdfwAA7JBE,7dcde2831499375eec58c3cd5d3c25d55eaf5e82c7206723cec7b76fc96e68ec595433254df8ee26702ef9a055947503
69,TCNLdskdfwAA7JBE,1745049824713,4,1745049824713@PWATCNLdskdfwAA7JBE,a6cfb481a7d8d9ec9d198914563c77b5e8e1bb9b7c1da588e60d7d1d919c7e133df372a8ea4b3da0d8db77ec19ec473e
69,TCNLdskdfwAA7JBE,1745075316713,11,1745075316713@PWATCNLdskdfwAA7JBE,256f7329a887ebd6954639200d98ebac370ee9c7b1719838fa2049122f34b139612c765dfc153e16ed3d8ad7be3820ae
69,TCNLdskdfwAA7JBE,1745067108713,8,1745067108713@PWATCNLdskdfwAA7JBE,b74c8756e7bbe99a72e8b923f7999074f69457bfdb540b43da08f01338b5b149f9bc6652f9de1fd9e8098f9af38eda77
69,TCNLdskdfwAA7JBE,1745022447713,20,1745022447713@PWATCNLdskdfwAA7JBE,0bc3f993805300f2f25b119d3234b880de885cba75da6eb10a25b7c4805804c269b381342570c1c92f294f06c06864d1
69,TCNLdskdfwAA7JBE,1745015835713,18,1745015835713@PWATCNLdskdfwAA7JBE,59b65a8dbd2aace73b08b5f51abc5139116b7bbb139b595db9bd1d443f5dad96eeffbb8e09929081e0df1b4ff3e46197
69,TCNLdskdfwAA7JBE,1745050890713,4,1745050890713@PWATCNLdskdfwAA7JBE,ee64d079ca37049200a88d043e9beddda0067dfb5a1c0735e2e98f2e7e5fc8362d869507fe6b36443e85d9199592228c
69,TCNLdskdfwAA7JBE,1745009415713,16,1745009415713@PWATCNLdskdfwAA7JBE,f8cb5877875fc38e7474eac1bc368a59957492e1f4250f47773a134f9953e8482c8cea49efb348390f7a93cd5f2b9f94
70,GBIhNK6OfCmE2HV5,1745006938713,16,1745006938713@PWAGBIhNK6OfCmE2HV5,0b17627046e6351acc0418c020f082683144bf9b2206f283991e1cde1031bf1160a09eb0fb8f14bc37294e01447ddce4
70,GBIhNK6OfCmE2HV5,1745057234713,6,1745057234713@PWAGBIhNK6OfCmE2HV5,69caa9757e4e6c4819566f7ebb5db6ae36865568b2c3942c3ff189a5396c70358d6435d19ac638966270aa8da6c7ef95
70,GBIhNK6OfCmE2HV5,1745021377713,20,1745021377713@PWAGBIhNK6OfCmE2HV5,0d55c44f9dcb3ef7b4e7a6d1ea62265e47ee1d4bfee2695e8df71c3e3ea2d91c99fceaf06369cc81baff25a6597e5b42
70,GBIhNK6OfCmE2HV5,1745039623713,1,1745039623713@PWAGBIhNK6OfCmE2HV5,5065fcea6d350a94ef9dab021c606657ec6aa8ff46b04b3d5665305f468fe823be808237f46bbacbd5ede93c90c1499e
70,GBIhNK6OfCmE2HV5,1745032529713,23,1745032529713@PWAGBIhNK6OfCmE2HV5,852216f2c812cf9d6ece3d574649133b5a1cd313c6648e6d77319c4e2aabf00a5dca43e3ccc2163c32584abd953f7676
70,GBIhNK6OfCmE2HV5,1745009719713,16,1745009719713@PWAGBIhNK6OfCmE2HV5,ab6ada3c713d7696270177c9343feee04c88bfd1c23baf69b3dfb64486eb4970c0c7decd26fcae92bfcd4e813a5411ae
70,GBIhNK6OfCmE2HV5,1745044293713,2,1745044293713@PWAGBIhNK6OfCmE2HV5,66e101895a372fae80895103738a8affb8b62393a9e523c9a8497a7857ca0bf93309051b1bbeaf74b25fa24bf49039c1
70,GBIhNK6OfCmE2HV5,1745051790713,4,1745051790713@PWAGBIhNK6OfCmE2HV5,46e11ced9c2ed3cfbcabdc381825c2e2fdd96de1d20f73996a610762ee907ed8f946b82ba2a738e6a2dd4742227fd359
70,GBIhNK6OfCmE2HV5,1745074821713,11,1745074821713@PWAGBIhNK6OfCmE2HV5,8617c2f0f1950701b49c0237d5256840104eee5ae814ae6220b5089e64c88385a118371931d77bbb26dfb9d26bec1779
70,GBIhNK6OfCmE2HV5,1745006046713,15,1745006046713@PWAGBIhNK6OfCmE2HV5,58bddf77ae2ccf6ed81c32786dab8bca321a05e536e80999c1af0b3f2fa68a9dd57dce8819ab84d74b9199f77cfcbc77
70,GBIhNK6OfCmE2HV5,1745023333713,20,1745023333713@PWAGBIhNK6OfCmE2HV5,057a696d64454a7998df4a2a04679eebbfa0eb8bfaa541ccca90f8ee6572ac9379528fc204ed2788f093e389687a4f6d
70,GBIhNK6OfCmE2HV5,1745039271713,1,1745039271713@PWAGBIhNK6OfCmE2HV5,690759f0efe0b56fc4b906ce06802d00c31442588c297bee4b3cca1d81ff79f676c14c5495037ce0763c9d07ce886fc4
70,GBIhNK6OfCmE2HV5,1745064845713,8,1745064845713@PWAGBIhNK6OfCmE2HV5,f6ad4a6e0f217bd4eadfe8984f5f5fd16ca32cac7c86bf7263840d05a3bf49adfb272e75cca5b6c404351dc4d5c03906
70,GBIhNK6OfCmE2HV5,1745024396713,20,1745024396713@PWAGBIhNK6OfCmE2HV5,e2f2ad7ba5f9aea8bcbf1ae0a4c3936f7c30db88d23eaf087103940d1b289485db461cb04c148dcd1175b5b65dbc7d04
70,GBIhNK6OfCmE2HV5,1745040242713,1,1745040242713@PWAGBIhNK6OfCmE2HV5,692e86b3c8a878fa2aa4ad6d15e9ef19f85ba2931b38765a4dc1e7311df75cd7d710b8ad30747d9feda4597b7b69957d
70,GBIhNK6OfCmE2HV5,1745019455713,19,1745019455713@PWAGBIhNK6OfCmE2HV5,65afa427c293f3406b8f208d18ef25371bef9d5d4f91021a854a1287f182354d0808192d233348ff2347b92ce1f6739f
70,GBIhNK6OfCmE2HV5,1745026328713,21,1745026328713@PWAGBIhNK6OfCmE2HV5,b72eb05547f19c434f978a87e8bec7255c66c9963ad8d844fa485676dfb54e97c6994405592f195ccffd5ca546774cc5
70,GBIhNK6OfCmE2HV5,1745068986713,9,1745068986713@PWAGBIhNK6OfCmE2HV5,cd6cedcf98de7f0b73b70fe88cf66b4c45e21b4536fd5471cdd54ea41e42b64484bffe13e0149f7d6fd13935aee183fc
70,GBIhNK6OfCmE2HV5,1745009972713,16,1745009972713@PWAGBIhNK6OfCmE2HV5,63d2f6653dc66e13c2e3c979823c59f258572cfec319294c879c4cdbcb0b0968d98fe52c923a10eb33737e92f424057c
70,GBIhNK6OfCmE2HV5,1745017937713,19,1745017937713@PWAGBIhNK6OfCmE2HV5,2aeade2676f6eab0fd829efee0ecef0e851bf82b57a45d03602e447f4354ef72830e934bb38cf9a8f37cb5c1b53a580e
70,GBIhNK6OfCmE2HV5,1745021551713,20,1745021551713@PWAGBIhNK6OfCmE2HV5,27b2efc1eae8592dbd18d66a5510e75fa8c845b8d4d47e24b59de9263fcad4975984ac4127bbf42f0f44af76d410cc65
70,GBIhNK6OfCmE2HV5,1745057925713,6,1745057925713@PWAGBIhNK6OfCmE2HV5,18a6618499ae687e056e78967a56c81039de084140920aa58a37f04d39b958981eaddc6aae0baf9a44e554e02e543c36
70,GBIhNK6OfCmE2HV5,1745072316713,10,1745072316713@PWAGBIhNK6OfCmE2HV5,4dd59638946ad600a08a0528d6e61700ac5ad5089a85b8e91c3c7daad26bbb4c339340a1c1de0df55887aa1135bb4117
70,GBIhNK6OfCmE2HV5,1745050099713,4,1745050099713@PWAGBIhNK6OfCmE2HV5,6a07c3e103e0fa7feeb8c3fb351578535f270d94473b33de6c126a158a4fe87ed9cbd84a80cdde3c2c00362b2701830f
70,GBIhNK6OfCmE2HV5,1745018813713,19,1745018813713@PWAGBIhNK6OfCmE2HV5,55932df1d7e1d55ecdd2c4bcac2bcf29b5953b0e1b00255eb72be97a780bbb656a62fcaed777e2e3a97bebf6fb5f9250
70,GBIhNK6OfCmE2HV5,1745017250713,19,1745017250713@PWAGBIhNK6OfCmE2HV5,52d60d60aacbb7d68aa54c5ee6d51883faeb91ff3e7edd00fcb57fefe986906a281bf04e49bbf60efeb5ab330f90f1cc
70,GBIhNK6OfCmE2HV5,1745008512713,16,1745008512713@PWAGBIhNK6OfCmE2HV5,751819e68953ff9fb4e8e5ee301e6923be9362e0e94452ef23e592e242cb290e19c8ca11149cce8376cdc7592540bf88
70,GBIhNK6OfCmE2HV5,1745053461713,5,1745053461713@PWAGBIhNK6OfCmE2HV5,948642620c79e505de89a36461a29e746634b09a283179de6c3d6eaca97eaac89a8fa827cce669bca1b8480742d4b824
70,GBIhNK6OfCmE2HV5,1745049626713,4,1745049626713@PWAGBIhNK6OfCmE2HV5,8c4fac73a40b3e42c7bd1bbf257095a47fcc65973d28f37b06e8775618b93902f92d1573e452af928e22aeb4814bc5ae
70,GBIhNK6OfCmE2HV5,1745017526713,19,1745017526713@PWAGBIhNK6OfCmE2HV5,1efd9b19338f38e7e1f4a67403e394267ef8561833a528f498ea884f6639991c5774100eb72babff145c72fe1de01c61
71,q2YPXzajJjkCW0nI,1745033232713,23,1745033232713@PWAq2YPXzajJjkCW0nI,bee2832439e563c42ad4d3d6cb8fbe3c9d6093f571c3f16df6dfefcb10022cefc8ec7865bddb6f17a9306872e715bbc2
71,q2YPXzajJjkCW0nI,1745007762713,16,1745007762713@PWAq2YPXzajJjkCW0nI,1b859311e653414134417d8bda215c39cb5ccb533d9745c9509c210ef73c6e4664cee85a9007fc8a1302a3c66c388518
71,q2YPXzajJjkCW0nI,1745012397713,17,1745012397713@PWAq2YPXzajJjkCW0nI,cf19ef903676061847da2dc2bcb3783d66d0ed2b7dd6bae1e90fb0c7d7973567c61e5b387d6a04802caf2038ea230737
71,q2YPXzajJjkCW0nI,1745046878713,3,1745046878713@PWAq2YPXzajJjkCW0nI,939572257cc4acc3f323667c75e285abe6e2b29647a4d0d230b978e367dd0cbea772e5d0e3a39d88e41905bd7b2ee95e
71,q2YPXzajJjkCW0nI,1745043360713,2,1745043360713@PWAq2YPXzajJjkCW0nI,7827f0f98d6dcee82ac0e3f9ff11b64bf8da705800062747e2996b9daa4b1cacd765f62174e841f408a7bcd0fd26171b
71,q2YPXzajJjkCW0nI,1745025192713,21,1745025192713@PWAq2YPXzajJjkCW0nI,52976f0aefe575ed0f0b57fbe5d400d90b5b85348fca6ce22e29b302bd596eafac18a7f99db379378cc633a8caab3f41
71,q2YPXzajJjkCW0nI,1745006549713,16,1745006549713@PWAq2YPXzajJjkCW0nI,f1b58122c2c07eb16a761f4c9bd52deb34de087ed7db19f96da3dd444da51a5be619d266a721bf2cf0b6531048cd0d34
71,q2YPXzajJjkCW0nI,1745038710713,0,1745038710713@PWAq2YPXzajJjkCW0nI,226a659447bc92cd622ea85704d3e5070c0fbafb021e879b0f9d8766f7aced97c23201d2e3d4aec87364a1ced232242e
71,q2YPXzajJjkCW0nI,1745067880713,9,1745067880713@PWAq2YPXzajJjkCW0nI,6a32b42c001e2642a2ad5eec703dd6b15b50aed8f267e28c604101fd9b03a58bf73c9925fb5ab9ef5efe83029f2ddecc
71,q2YPXzajJjkCW0nI,1745034622713,23,1745034622713@PWAq2YPXzajJjkCW0nI,073a2581a56ee5af6ba0e277b1b89fc475dcac5a9923b2bd04651322ea5433ddb187b2ca00c16d71d35623abc19dd3cd
71,q2YPXzajJjkCW0nI,1745017652713,19,1745017652713@PWAq2YPXzajJjkCW0nI,c8103e49f6fa2f06c4b983e458679a5340c92ecb834edd914ea20270ea0b0e1dc0e401653a0f7b47a25a57f3679eabca
71,q2YPXzajJjkCW0nI,1745016121713,18,1745016121713@PWAq2YPXzajJjkCW0nI,f87075f2648355694d23872c394bd51a928eaad4ef70d5aca996765a346cf8e1838053c9b8c726cd123a825a01663047
71,q2YPXzajJjkCW0nI,1745040801713,1,1745040801713@PWAq2YPXzajJjkCW0nI,4d91c999263c44155e46736dac46c648fc965f01f87a7ab85d5fc433023e82d0a19835a5eebfcc9e9f247c5e719f3ed0
71,q2YPXzajJjkCW0nI,1745070572713,9,1745070572713@PWAq2YPXzajJjkCW0nI,9989d2826765889c7ec3b72b670d57153558b12c31c18fbdc1de66b1b51fb284d2947757decf90d89e651fb19f31694d
71,q2YPXzajJjkCW0nI,1745023327713,20,1745023327713@PWAq2YPXzajJjkCW0nI,b82f527d387a673338753896a6037528b01baa4ad4faaf06c48470ae0d7bdc38093d522b601463c2e5cdd6010fc22de0
71,q2YPXzajJjkCW0nI,1745058465713,6,1745058465713@PWAq2YPXzajJjkCW0nI,dc3945ae38db992e4b80b60ff8ee61727ee38773687eb5e91a0d2bcdb32ded9272340223c50b2021f1acbae806293490
71,q2YPXzajJjkCW0nI,1745036119713,0,1745036119713@PWAq2YPXzajJjkCW0nI,9bf82523c289cfc84447cbb148d4e10b1ff9db43ab1e309df0698b4381d139d7a552feba1c11aa7426b4157d5bb75ceb
71,q2YPXzajJjkCW0nI,1745064231713,8,1745064231713@PWAq2YPXzajJjkCW0nI,466ed104e7ec92e601ebfd3d5cb0a51ea1562b0bba9a5079bc2363891793edc5e37913d0055346b101a0ffd4f3a7403a
71,q2YPXzajJjkCW0nI,1745033083713,23,1745033083713@PWAq2YPXzajJjkCW0nI,c81700bf31ee48c45e016b9aad0443943a508d337b931eb376d01240f66b45dd8a39de52058bd0b011b2eec59023acf4
71,q2YPXzajJjkCW0nI,1745010072713,17,1745010072713@PWAq2YPXzajJjkCW0nI,6086378e3668ac8f1ae593c2f10b194b1f8e895935a395fe3c00156f5304cdf7d8aaa816713f084bb2166c76a1c7ee84
71,q2YPXzajJjkCW0nI,1745048073713,3,1745048073713@PWAq2YPXzajJjkCW0nI,2c359c51719afb9036190cfddb5efd4fcc5380c265f3d4e547dfe7a7ba00164cec02e60e08dbe3c84f29201d957d06fe
71,q2YPXzajJjkCW0nI,1745011485713,17,1745011485713@PWAq2YPXzajJjkCW0nI,c5f461ad514834972393d16e2eb9bd66b0c55ff0d1e8dcdfff11a7589bc6748946cc9fe79f385402a56fb6290972f13d
71,q2YPXzajJjkCW0nI,1745021010713,20,1745021010713@PWAq2YPXzajJjkCW0nI,bd9244feffeee6d5a1f8def9407d4de0688caefbd0d733248f76231ee986aa69a94740174b7a24d1abecb3d9ae0b18fc
71,q2YPXzajJjkCW0nI,1745007871713,16,1745007871713@PWAq2YPXzajJjkCW0nI,97780d3689043534c8c4006fb267c8cc796bba070df6f4c2219122ea01481f65a382f1f77e1815b89a0d3e48157045f2
71,q2YPXzajJjkCW0nI,1745045014713,2,1745045014713@PWAq2YPXzajJjkCW0nI,17808d1b12268458de22bf75c301579c2dee600be8d9e5b0704921cdcf96a5db6ec7013bd21445d615dbf728cbc5d313
71,q2YPXzajJjkCW0nI,1745009061713,16,1745009061713@PWAq2YPXzajJjkCW0nI,7d1751ed147975addbe517df876062d618eac5b5e022a7d3a3212dbb039be4d35f14b18079fcb6fbd9735418ad089acf
71,q2YPXzajJjkCW0nI,1745018448713,19,1745018448713@PWAq2YPXzajJjkCW0nI,0a7c133fd78460cde98d65881260bca371f2ca8a4aeca6a1f4ca0c8febdc4117348fb1b11275904ab0bef5442a22c7ec
71,q2YPXzajJjkCW0nI,1745046161713,3,1745046161713@PWAq2YPXzajJjkCW0nI,069b1f15dfc8437a7153f76f50cb25c119f0ded9142e3f3b1015de050a6e8a3c6e636d91554b9898c49197983135d260
71,q2YPXzajJjkCW0nI,1745031100713,22,1745031100713@PWAq2YPXzajJjkCW0nI,e00912240bcc4c87cb4325355ed8e8b7a864fa815913bdc77dd1116d8f667a47053df59b17d15221710734605ada4def
71,q2YPXzajJjkCW0nI,1745059240713,6,1745059240713@PWAq2YPXzajJjkCW0nI,5ef6e860ed9e637109885401347c02faf4f5214b04826983f03028b65ee51f2a89eb826339f62d37a6132c60deaad44b
71,q2YPXzajJjkCW0nI,1745074256713,10,1745074256713@PWAq2YPXzajJjkCW0nI,2f4475b238d62cafb721914ce9db1e07b7da44f0a7b8375e8cf3589f96ab07d7dcd762be7b733e7dcced6b844ad5d1d7
71,q2YPXzajJjkCW0nI,1745026858713,21,1745026858713@PWAq2YPXzajJjkCW0nI,2c06252067b2be2c53b2e8ed9fb2357add3c24b0220310c6829806863d2be5e43b0f03a6eac476c72e6fefad94f0bec7
71,q2YPXzajJjkCW0nI,1745031817713,23,1745031817713@PWAq2YPXzajJjkCW0nI,a438bc6885f9cea1222f72001d3d2339fcda80290e5315e04009d9aa42b477cc36409e8487258b28cd55bfd299c77d0c
71,q2YPXzajJjkCW0nI,1745035117713,23,1745035117713@PWAq2YPXzajJjkCW0nI,3b0da33e0ba66d4d93b4199c6ac691377095aa338dc3fdb0bc445fa1c3afeb62de8f42c54ef207929c9aee2ccbf12619
71,q2YPXzajJjkCW0nI,1745035157713,23,1745035157713@PWAq2YPXzajJjkCW0nI,b13549c8bbffac938729261cdc2ee36cfbdaf90a8fe3c6dbb06e0f21e22bc3c34d40a3452ea98132a936e97bf21c445a
71,q2YPXzajJjkCW0nI,1745016880713,18,1745016880713@PWAq2YPXzajJjkCW0nI,e8c989077e60065bf1ddc9cbfba407b553baba035a27e0da082fcb543f019c3d8be1d5b908e009623d145732f6ddbe2a
71,q2YPXzajJjkCW0nI,1745061731713,7,1745061731713@PWAq2YPXzajJjkCW0nI,19c9658d840f439b78e3603334720ffb666fe5e0476473faaab400f622f380262fac8636471d91dab79237920df72a93
71,q2YPXzajJjkCW0nI,1745050153713,4,1745050153713@PWAq2YPXzajJjkCW0nI,64e8b4d6f67906f924441fc1d1806662008fb84fc19b9fa0f8f78a29e28c41f4f93d5dee2d194ffaac3a1a2c31cfe9f4
71,q2YPXzajJjkCW0nI,1745066925713,8,1745066925713@PWAq2YPXzajJjkCW0nI,1dc74d32992cb074bade99c3c8d1886b225e9495429b3c88a683bc996c349cc7ccaa11b0ab4f07f8d2efc6435e63b2fc
71,q2YPXzajJjkCW0nI,1745017230713,19,1745017230713@PWAq2YPXzajJjkCW0nI,82488e24bce3f7728ca34b24063c03c4da1489ef78a50ed54ae4880345fec79a1015b56fcb65e2dc4a9a66754b342d81
72,kHnRwjCmff76GzHG,1745013181713,17,1745013181713@PWAkHnRwjCmff76GzHG,b9ccbd7d2ed5c2a003da7356244c8cb4a4cb81a18fe4c471d42253394c368aa870569292c72ab86c483d2c1fc2e1258a
72,kHnRwjCmff76GzHG,1745067937713,9,1745067937713@PWAkHnRwjCmff76GzHG,a0fe395a162b05a05234f0426f8feb3aff78a0c7a3af410cea1dd330137ab3ac42a160441c28270100649f14f3721e18
72,kHnRwjCmff76GzHG,1745050074713,4,1745050074713@PWAkHnRwjCmff76GzHG,35041ce2fdbfd9875a6378958655820b414c7d9b6f062fe058441e6321c212767833cb3af561c7d5d76dafefe6fa2258
72,kHnRwjCmff76GzHG,1745021178713,20,1745021178713@PWAkHnRwjCmff76GzHG,b91f3efa9b82f2550a9d3abb184b1a698e5f9bd4c021b3f8ecaf40a1e37652293bc8fd900ecf0a92ae48aaf4588bf95a
72,kHnRwjCmff76GzHG,1745025913713,21,1745025913713@PWAkHnRwjCmff76GzHG,1cd0de2705293e3a6ac44adbb04e8a0eeefcc63e6e5963e60a076c03d9669fb2c0ec979968efa607f733e7f7d115f3a2
72,kHnRwjCmff76GzHG,1745028159713,22,1745028159713@PWAkHnRwjCmff76GzHG,494a1dc1d4c1fca318a74219ec034b51c0c52d9c9fd6e6f744c460a2906330554a1da38e0854f3e127bd3707489fc416
72,kHnRwjCmff76GzHG,1745075049713,11,1745075049713@PWAkHnRwjCmff76GzHG,9d6c0bdf2a0dcdb8f9c529dbeaea3362ad55c77b2d79f3a60245a4e8d8e5be935b4ec00d5ea76cbedfc958b284608ad6
72,kHnRwjCmff76GzHG,1745051477713,4,1745051477713@PWAkHnRwjCmff76GzHG,0f034d4b119cf7bf55eb70aba663287cbd15abb08827894058ab0a3c67fde1c6e50c893625ce8391acbf92b6ba4a8711
72,kHnRwjCmff76GzHG,1745018361713,19,1745018361713@PWAkHnRwjCmff76GzHG,af362fae3114e300784a01e5768febcc2ffceb00f785df58eddc12bf757835c4b58686e76cfa2b9714456d5ce32322b2
72,kHnRwjCmff76GzHG,1745076413713,11,1745076413713@PWAkHnRwjCmff76GzHG,cf51befacaefd5179dd8090222bf76b4fefca5ad49313016e2e5ac9e87f399860d9a0719aadeb11819cf322b2566ff1c
72,kHnRwjCmff76GzHG,1745035571713,0,1745035571713@PWAkHnRwjCmff76GzHG,3a18d212dbc6ee38425138751512ab5b217d4c4e50d093ed0e58d72b948648a8aa81a8e33cf152e910bf8d3353ddbaaa
72,kHnRwjCmff76GzHG,1745011316713,17,1745011316713@PWAkHnRwjCmff76GzHG,bc06fbf072e301915e19647b529032609f034376f6c98cbab7575fdbbb2db2179e64ff1a2e9e15ddf728f04bf0bbe0be
72,kHnRwjCmff76GzHG,1745070928713,9,1745070928713@PWAkHnRwjCmff76GzHG,697286d44396fcf228caf696f35dbad80f4f1c2f4ff55c6ab4e0b6d4ff9c074a2418196ff175c46f8601c5346178f318
72,kHnRwjCmff76GzHG,1745074500713,10,1745074500713@PWAkHnRwjCmff76GzHG,ffacfd5e53adf889f16235a2a287fbaa38f9c5699327e244b8fe00485ceea5975f47b674ea85a64a5bfa3caaa1821a20
72,kHnRwjCmff76GzHG,1745013799713,18,1745013799713@PWAkHnRwjCmff76GzHG,bb30feb5596e766d042346b5c777b420eb12a0227a3d6abc59dcde6cd9cd42d4854c2bc4ae0a73d8d8cdcf56a079d291
72,kHnRwjCmff76GzHG,1745032351713,23,1745032351713@PWAkHnRwjCmff76GzHG,e9a032c9708eded01e9bcbbe2bf3d97c7655f35e65e578a95c2328b49238ba29a83286f5c168838509a4682430ca49ab
72,kHnRwjCmff76GzHG,1745038994713,1,1745038994713@PWAkHnRwjCmff76GzHG,6cc5151a8770df9e79fe1c8ad9c684ba70f016c8e08a963cb36d7dbb7211d235e23d23420332218759b0ac519c7907f5
72,kHnRwjCmff76GzHG,1745023580713,20,1745023580713@PWAkHnRwjCmff76GzHG,684b386c784406457efa55a6e85ed3d5020252eaee005701444bfc49c11deb613d92f5adaa5d88f99d640e3f62950afb
72,kHnRwjCmff76GzHG,1745007655713,16,1745007655713@PWAkHnRwjCmff76GzHG,ecd20a8ea67f4dcba7c84a579a255cfeb39eaa30a679e74f69d977f93ab0f168753db06773f6dd7988d2a78af16c8229
72,kHnRwjCmff76GzHG,1745062153713,7,1745062153713@PWAkHnRwjCmff76GzHG,f0f5127d5ebf59af0a9fad28c86530edbb3d512c854dde4546d5dee76bb64098173d49f4aac8e89f3c874ab26b1cb003
72,kHnRwjCmff76GzHG,1745039713713,1,1745039713713@PWAkHnRwjCmff76GzHG,7a453622ab55e40b04108310676d059032544a3464abff297b4918a1f778077fa71f4781d85a95c25f22a136f6aebf2d
72,kHnRwjCmff76GzHG,1745047957713,3,1745047957713@PWAkHnRwjCmff76GzHG,0ec8101d5b3e6a269c32aaa52bfb0fc46696d234a0f3251b0edeffae9a898c9fb188b0df9b91b3268356f66eeb5d9f42
72,kHnRwjCmff76GzHG,1745064772713,8,1745064772713@PWAkHnRwjCmff76GzHG,068da3a11a373c1cec04e7886dde015931c90337ccc2afbf6489f4ee281a800f98ad149b4e0e2371d29a38e53d8e8198
72,kHnRwjCmff76GzHG,1745006545713,16,1745006545713@PWAkHnRwjCmff76GzHG,b002afa2749e1480ebb58aaaaa95dc6d57485e27f804ee7d1e2d114f4404d2c8f1b374538d4729140bbc6adf735adcf0
72,kHnRwjCmff76GzHG,1745043410713,2,1745043410713@PWAkHnRwjCmff76GzHG,cf2f356ce5a4450bdbcaa006da61534693b7505f696ea8c3958986d183f4c8c106afb2b1947c3bf4bcb2fa1a7bd01b32
73,an8y0BciaVD94VWM,1745060404713,7,1745060404713@PWAan8y0BciaVD94VWM,7588476b5214c7dae76a29ffd0608e1cd84df5f94542d7d10a8b0e0084c8ea9165f05370f5830f235c6ba74fb12114b8
73,an8y0BciaVD94VWM,1745007799713,16,1745007799713@PWAan8y0BciaVD94VWM,c4c9ca8097b9737518ed378d2e0d7897e575e0e3d8ef49c4c28afb324bb6bfca2c8b3d03bffe5cd000537db88782648d
73,an8y0BciaVD94VWM,1745063601713,7,1745063601713@PWAan8y0BciaVD94VWM,fe1ba1d6b59ae0ea0a6afa1de0acbafc75aa2f4e1a35c910a83d75638eb7583422257f392d00ceb747ddff8ef2fb5b31
73,an8y0BciaVD94VWM,1745064692713,8,1745064692713@PWAan8y0BciaVD94VWM,dd10dbb921734f4ead3744a6e1334fcd1a1e8f2a0f3bdac818f9fe8ffe270cd243f5f615e4dc007bb872929d032bd4e8
73,an8y0BciaVD94VWM,1745019717713,19,1745019717713@PWAan8y0BciaVD94VWM,63cb7f28772e7ff75a31a8e6cb85898aebec7be7d2571f94ae803d26b553ddf6023f9144a9d71e2727d2f7c73e301881
73,an8y0BciaVD94VWM,1745045842713,2,1745045842713@PWAan8y0BciaVD94VWM,ef0d3732c663759d8a0d38a0f54a7b566c2d69b2e2ae69d0977cdeaa16adc0ad84686068b05fcc8bab403f47fde29569
73,an8y0BciaVD94VWM,1745006397713,15,1745006397713@PWAan8y0BciaVD94VWM,2502b18108ca7269965bf0331b68a4216c45a08f57e64cf8ad7a7b547e897ecddd66cf3af6c4da31dc7177508538ea21
73,an8y0BciaVD94VWM,1745076564713,11,1745076564713@PWAan8y0BciaVD94VWM,4da271752d9973cc87af1389db55b94294c2fc4f7598355fbdd660860800a9bbfbc4fcb85952aeb07afadf0905c1c7e4
73,an8y0BciaVD94VWM,1745008279713,16,1745008279713@PWAan8y0BciaVD94VWM,7809132d0579921c6efefa2757b947d411d768e031db072bb6bd4462e6620310ede0dcfa2d13fff21a938ad5b052fd03
73,an8y0BciaVD94VWM,1745054705713,5,1745054705713@PWAan8y0BciaVD94VWM,7315812c95985ff139fb4edb1d076b535fd7459ba040dc0eee6372ead934499a2bf1b638edc2b963317de25c9df2b0f3
73,an8y0BciaVD94VWM,1745027528713,21,1745027528713@PWAan8y0BciaVD94VWM,8dc5077b938d3e751e87ffa42ea171f36ab6538b682a05e872076b0d533a4d1dca28002719ece7a975bbf9a3f4c118d4
73,an8y0BciaVD94VWM,1745077412713,11,1745077412713@PWAan8y0BciaVD94VWM,59bb03ef49889ea7557283a24673a00b9e87c9cc1036a63b1891dd0fc3b8156baded10479ac97058f8614ab023df4114
73,an8y0BciaVD94VWM,1745013926713,18,1745013926713@PWAan8y0BciaVD94VWM,5476d3fb6e2ed8021fb4333885066916c1568b5ca5503b65848b6870960a6a5ffe46434c32354c1bbc1c42acf9661ab8
73,an8y0BciaVD94VWM,1745034418713,23,1745034418713@PWAan8y0BciaVD94VWM,00a2ed957d7deb9c05d214661e95bc115698a5c295c36705324c120c7a630171a46e8e9c2658e9538ad13af01ec7daa7
73,an8y0BciaVD94VWM,1745016302713,18,1745016302713@PWAan8y0BciaVD94VWM,8e396ebb1b0d624f6654eaf6396d181ded083dfb8d04d2559ec997c7f4779f4e255dd49f79043d6a112f0e019fe4bb04
73,an8y0BciaVD94VWM,1745068861713,9,1745068861713@PWAan8y0BciaVD94VWM,8197ea008ba6abbbe8d4af5ce1c4a9b471c676d7edfef701593b5e91460c136260d67d30f8355160b961db7c5d48666a
73,an8y0BciaVD94VWM,1745007218713,16,1745007218713@PWAan8y0BciaVD94VWM,fd76bc0242b81953773e0d5334a99a2fe3640a51ca25d5509e2ff87e4105c3720130c7c15faed7d3cffdc990ad72b6bd
73,an8y0BciaVD94VWM,1745037630713,0,1745037630713@PWAan8y0BciaVD94VWM,b2c0eeca267f3e6aa104a7da1b16b1f0ddc2a2ca118b1f28ce799f7e4a128ed944673a3105877eb9d225c072e18f0c55
73,an8y0BciaVD94VWM,1745012263713,17,1745012263713@PWAan8y0BciaVD94VWM,d0d164706e54c887cd609d5b61c0fdf40cfc45300faa2dc25a75b2e1049b1ff0d4a3e47cd657f7e98b3b7cec1e1f1d61
73,an8y0BciaVD94VWM,1745029850713,22,1745029850713@PWAan8y0BciaVD94VWM,c7169feef57cfbec6ff428c3d02cb5024f02055057eae3c6abb963cbcb9fa6ae0cf092f40338529cf9312bdd419022c7
73,an8y0BciaVD94VWM,1745057913713,6,1745057913713@PWAan8y0BciaVD94VWM,132a8fcd6412f3d28f35afb8ea82823f06a03a8efb86d6b7d68a80affb4a55421e3f2d39fc7109d197c70dcf9d65aeb9
73,an8y0BciaVD94VWM,1745040230713,1,1745040230713@PWAan8y0BciaVD94VWM,4b6f350829f600d8da76c0b7d8d1e245ddef87e03b53e85945403e0ecdd6a8caabc73b4e3dde94774922676b094a6627
73,an8y0BciaVD94VWM,1745054224713,5,1745054224713@PWAan8y0BciaVD94VWM,6714f2469b6964e89a9708d9b548c57fa121e980eeddb5049be8bdfe9cb3acf64e8a1c2d42ec12a81cc64d9a3a1e04b9
73,an8y0BciaVD94VWM,1745050887713,4,1745050887713@PWAan8y0BciaVD94VWM,b6608185c6df36c4dfd038b24ac17099c091af5e1fbaa7e16ca56038d95ca10b199b500cadaace870d9c401c774c4a9f
73,an8y0BciaVD94VWM,1745022246713,20,1745022246713@PWAan8y0BciaVD94VWM,d59b8ca0d77fed93a34ef4a1f383031e4a1ca44745e88ec23249b2c97acaca8a10fb30910c5f096fbcb5da94bde1086d
73,an8y0BciaVD94VWM,1745034091713,23,1745034091713@PWAan8y0BciaVD94VWM,a664f0626658e12e21902bea249ba26bdcdd62ed36347b33198487adb16223b19f5d4f6639ae70f43a02c2307809ad39
73,an8y0BciaVD94VWM,1745012103713,17,1745012103713@PWAan8y0BciaVD94VWM,dc54c8540b1ba32483b73288096fbbad0e1d2f5209178229cf8a4e11037ac68480fee9a81f3050adec1a582e5bbc07d7
73,an8y0BciaVD94VWM,1745060335713,6,1745060335713@PWAan8y0BciaVD94VWM,f9715ffbe489ffb76b0ee72f8fa1c72dbb5eab30c453d2204dada2c5ac7153ab53d20bca6fae62b4b848806b82685ced
74,wQxTTv8yol72RrGi,1745032583713,23,1745032583713@PWAwQxTTv8yol72RrGi,ac59a54daef66c32f95ec75a05c01f7df0564b31d651dbed4bad3394ef36f13a38b47b70fc10b25f0bd88b2851ff40c1
74,wQxTTv8yol72RrGi,1745009048713,16,1745009048713@PWAwQxTTv8yol72RrGi,0f0a49e0e48cb3b7fa14917472e897a8c13a7c76ee2650f516619bc1eb7ed9ff4a4070c49e89579b434ae2b637930184
74,wQxTTv8yol72RrGi,1745031749713,23,1745031749713@PWAwQxTTv8yol72RrGi,1dde3a880331ea3d6440e5f7e9e445caf2e5a3207f988a4c6a3c48ef50276a6d8b0800bfcac41e9f1d04205e6e28935e
74,wQxTTv8yol72RrGi,1745067331713,8,1745067331713@PWAwQxTTv8yol72RrGi,342e9ca28b8af7114cc031a937025d3ad6356fac4f65e9ed89f63279da325dada3e03deae047e073f831f271d0c36cc0
74,wQxTTv8yol72RrGi,1745021647713,20,1745021647713@PWAwQxTTv8yol72RrGi,32d0d83fb2fa4e1a564b88700023f3f1a3c5abee4bdab472b90fc4324172f8ee82fac1c76e62f306623e24f9efa3f4fc
74,wQxTTv8yol72RrGi,1745053219713,5,1745053219713@PWAwQxTTv8yol72RrGi,82241e016900b19edd1d07b706e8d9ee104424f308ca3228a6b8e98dac89a4b8c5d7312d0663d4462d8848c9c9aad8dc
74,wQxTTv8yol72RrGi,1745012627713,17,1745012627713@PWAwQxTTv8yol72RrGi,c25a2e0a92274607278fadb87ebebcb7c0b4b2655d756262415879de0aecdb0e3bb8b07a8301e3f0862daaf5f4059030
74,wQxTTv8yol72RrGi,1745008247713,16,1745008247713@PWAwQxTTv8yol72RrGi,8707e53ba785fb1a68c85421de5fdf74fd899cb8a5fc5d1935d46b50d49fb117579f41ae3591f6a60de9d543ade44ce6
74,wQxTTv8yol72RrGi,1745037600713,0,1745037600713@PWAwQxTTv8yol72RrGi,e4b71f34978cfa740361a4c9eef9a45cacfe833a2f9b11e6060e777191dc3c5e390a8102d9c12d6eed1df64731712fdb
74,wQxTTv8yol72RrGi,1745014581713,18,1745014581713@PWAwQxTTv8yol72RrGi,aef79c44bc6a4435a7f16c06a92bd418fd0d8966f092e685e27050ac92c86165f9de6a0faa5cd40dd090ea20aaa6c7fe
74,wQxTTv8yol72RrGi,1745016482713,18,1745016482713@PWAwQxTTv8yol72RrGi,d11457be821bb9939f72dde8ab4d6e3f25a6b1cd30859d11132e27dfe5673df0140fa33cc9a688d61eaa27a1131951be
74,wQxTTv8yol72RrGi,1745037438713,0,1745037438713@PWAwQxTTv8yol72RrGi,2aa93d9e5bbe9ed6ce22d477b6ad328a5c8f39b868fd90b97ec208c3e319a9b254705e59c03080b909feaec4ac07ad6b
74,wQxTTv8yol72RrGi,1745055421713,5,1745055421713@PWAwQxTTv8yol72RrGi,acc985ddb7a699b77b5d313b37815af8e43c22ce43247dff25675d06a0c29b02f9919b48d5ee1a592bf235693a429566
74,wQxTTv8yol72RrGi,1745050720713,4,1745050720713@PWAwQxTTv8yol72RrGi,637cd6d97826fdc6ca8e971b607bc7750915b2eb180fcee80e85f6250ac4174ff8bf5081eff25647b2ae7d7df551785a
74,wQxTTv8yol72RrGi,1745042869713,2,1745042869713@PWAwQxTTv8yol72RrGi,d58fcc0ba113f1fe9d4aa6b1f6764788a9a3b7e5beab7e9c9230775c9b551583713a72da614f30b32fc8fd35f6de4299
74,wQxTTv8yol72RrGi,1745008604713,16,1745008604713@PWAwQxTTv8yol72RrGi,3a7d0da4b1acb9d541b9e138ebee1d1ceb78afbb41ab91e212e2278d3bf049d44351c278644cfe2f4972b77b81ca74a0
74,wQxTTv8yol72RrGi,1745027358713,21,1745027358713@PWAwQxTTv8yol72RrGi,e6455507c6186a6b708410212b8dd5f5c7119bded34c807d0acf4569ea0431d37e344d486b9c64e6dd379f51aff75bfd
74,wQxTTv8yol72RrGi,1745070607713,9,1745070607713@PWAwQxTTv8yol72RrGi,f3acd14e9c6d591922e9771639483102609614b25a471da2795d69cef52cdee08e7757f951252052956c81c01f2d8683
74,wQxTTv8yol72RrGi,1745015330713,18,1745015330713@PWAwQxTTv8yol72RrGi,07f8fa5299e27dec3c363c71e352a7233d99284eb8b2252bf109adc3d3adafdfaea6ed6ab4258367ddd2d969f59eea77
74,wQxTTv8yol72RrGi,1745050971713,4,1745050971713@PWAwQxTTv8yol72RrGi,5b78dd0aedd836608bb711ccdf6695252e793c4e5f66312c14c6f21e5034743a198eb4f6d031cd072f195ff83878baf1
74,wQxTTv8yol72RrGi,1745064758713,8,1745064758713@PWAwQxTTv8yol72RrGi,f544baa2207dd02611bdef1a65f3c892005e73ea07185b3268119b062261e684a42f6e7c11555e5c4563daa58b3f8b5a
74,wQxTTv8yol72RrGi,1745026689713,21,1745026689713@PWAwQxTTv8yol72RrGi,543e35ab14bd03cd81c92d17dd3bf5dc4c8e4a41fbf76d7e869e41fb93d8472050e60f9a22aea6181182adecb3758ee6
74,wQxTTv8yol72RrGi,1745007433713,16,1745007433713@PWAwQxTTv8yol72RrGi,b83de315e9d246acfca604e0f3fcd3a6f8cec4330169f5cc91692da94ac23d3f57855a981aae53167af0adbcdb4c30f4
74,wQxTTv8yol72RrGi,1745052607713,4,1745052607713@PWAwQxTTv8yol72RrGi,6b3b1a579a3b9620070e675b4be0cbeb1fa69ff59b2ffdb3397f31726be42b47eec729e1a1b95d63828b9bac7d34e321
74,wQxTTv8yol72RrGi,1745018523713,19,1745018523713@PWAwQxTTv8yol72RrGi,4488a7b373e2d06536140552f8a65ffac44877a57f9f9991f05afe77caa9bc9a6a05c301675dc886b2c325e695881636
74,wQxTTv8yol72RrGi,1745042296713,1,1745042296713@PWAwQxTTv8yol72RrGi,10f05c0d67f2e08468bb1070bc9d13a65e7afc16dfa0c67d54c806ce79f41b4f3a1215cd4356bbb83d7c2eae8348eccd
74,wQxTTv8yol72RrGi,1745047932713,3,1745047932713@PWAwQxTTv8yol72RrGi,e9925e26044486db025c77d209792fdc1faf7c5071b25a97a30ab869cb0bfb86a92b3c366d472bf1e320b38586b8ff3d
74,wQxTTv8yol72RrGi,1745017691713,19,1745017691713@PWAwQxTTv8yol72RrGi,0b7e9e61376347f9aed35055a3056cabf11d4abf0acad4379437e959fc8f896125d3c01092c626405966ba47e0d5448d
74,wQxTTv8yol72RrGi,1745068092713,9,1745068092713@PWAwQxTTv8yol72RrGi,ba2b479942db01db30d6cbe26fde10c05972ab0d0a4cdb25c140f5f1d3ae24506bfb8bab0b73763aed9e459dc9d1c7d9
74,wQxTTv8yol72RrGi,1745060362713,6,1745060362713@PWAwQxTTv8yol72RrGi,902bbe9336fd757602d97408bcb128c639e1ee1643bb760d7c3dd314c1b18862d71b7eda95fb24877e25804cd3f2999d
74,wQxTTv8yol72RrGi,1745065418713,8,1745065418713@PWAwQxTTv8yol72RrGi,3cf38c8566d0e0a174e32a0ed257fc4591005a6d825d0b3c3eb7f93ded761849062c7fb3ed5ba2a9bd6c94f7ec052252
74,wQxTTv8yol72RrGi,1745036244713,0,1745036244713@PWAwQxTTv8yol72RrGi,e1474165f76d692c1bb8a9f92014c4815b8b9f6020a2b1c7da2f7c8eeb30cdead0ee3582a4aefddf02b26674095c2068
74,wQxTTv8yol72RrGi,1745006863713,16,1745006863713@PWAwQxTTv8yol72RrGi,2031ad43f1c92a004ce7e599b6a5fd103c963da5dfca66e0755f149f3026e8511f69f288558e78045a47db17053485d9
74,wQxTTv8yol72RrGi,1745025190713,21,1745025190713@PWAwQxTTv8yol72RrGi,390085c80ee588782abb08cb63e3a5bffe08cae9af528dbeb1d9995fd7fa3d7b5a171ba2041df8f6d8260b5c26265cad
74,wQxTTv8yol72RrGi,1745034287713,23,1745034287713@PWAwQxTTv8yol72RrGi,4878b8b65e4451622ada2e4df4bfa08ee8ffbfdbbf4db5b86bf1b8ba123865d049fc65be5e6cdff57707834f666e19cc
74,wQxTTv8yol72RrGi,1745027116713,21,1745027116713@PWAwQxTTv8yol72RrGi,4237726990273461dea18277cf5cd914a906eb0d26bd4c884a4c04ece4efeb4150cc1a1e88a2b06c5b341bbb2f8e9b3b
74,wQxTTv8yol72RrGi,1745008758713,16,1745008758713@PWAwQxTTv8yol72RrGi,da35d7e646a49882122a9259eb44cf508bc7e73c87192b5eab886cce41fea787ff624755620088345fc6db5543fc29c7
74,wQxTTv8yol72RrGi,1745027182713,21,1745027182713@PWAwQxTTv8yol72RrGi,804dea48567d21fd8520d77e47d01c7eedfd247b82e2dc4a4547cef70010ee94c5792f8709e995e03f07fcd0079085a6
74,wQxTTv8yol72RrGi,1745060489713,7,1745060489713@PWAwQxTTv8yol72RrGi,87730ed072e3e1342501060ba8be78181001161e7bf7ddc3e59d932b54ff2b67a27c9bb90638bb8bb757b4be7d843113
74,wQxTTv8yol72RrGi,1745059730713,6,1745059730713@PWAwQxTTv8yol72RrGi,04898370ceae71724def967f181d42f5548ef2458c006482d32b4f7abd1c241bdb0632adc0de0e550d2d32e42e4d2c25
74,wQxTTv8yol72RrGi,1745059183713,6,1745059183713@PWAwQxTTv8yol72RrGi,eefe60a800aa464705845abb46a790471d5abcf3d12e10aae618d64564c591076a244e2116b49579b5e957188f5673a6
75,eZtnDdsmaaJFMYka,1745050345713,4,1745050345713@PWAeZtnDdsmaaJFMYka,523f3c6985240abf6115e96a14996c4b50b27d8b59c5f753b1d2b103ec20683ace7898cb7cbc7b3f2efac178cb988662
75,eZtnDdsmaaJFMYka,1745034409713,23,1745034409713@PWAeZtnDdsmaaJFMYka,99c5a659936a3fc557134181db7c2c9570ddefa9984da32f2cc126d28cc1802d998fb0b90a83968aa3530814d070f83a
75,eZtnDdsmaaJFMYka,1745036292713,0,1745036292713@PWAeZtnDdsmaaJFMYka,1a5de861426516b2ba26c60082e03e451786a0d76218751260979e9fc14675daa99136fb882247eb835bad95203a1058
75,eZtnDdsmaaJFMYka,1745053987713,5,1745053987713@PWAeZtnDdsmaaJFMYka,fd6da33de0ba9538304f0c99a1f35c90fd2b744d67da7ee8cb5617745caf823ffff47afa579b5d5cadb3856dca541fde
75,eZtnDdsmaaJFMYka,1745046943713,3,1745046943713@PWAeZtnDdsmaaJFMYka,c1d07209a60ed393638d7bfbdecd843f961882e68dbaed0a27748f658a0dd5fd669a065c61b4a873c08fec20aba05fe7
75,eZtnDdsmaaJFMYka,1745070169713,9,1745070169713@PWAeZtnDdsmaaJFMYka,d8c0931e082d4d251e4333482b2231fc02eab76dee36922c8b48c6c284c63556d74e52ff14631262462928965ffc8da2
75,eZtnDdsmaaJFMYka,1745006128713,15,1745006128713@PWAeZtnDdsmaaJFMYka,3ee5b6e4af0efe86c172cc1b5ca56d971a77699b38ca5e90f23c4fbe8cc89d9935c0ae5c329f3824eb901598d2b1bd91
75,eZtnDdsmaaJFMYka,1745053198713,4,1745053198713@PWAeZtnDdsmaaJFMYka,e38e0dddbaf82db2c830b9b62e4bfddeae0749e23b3f7c585c6f487883e0f34ecff264244fbf15dff6f80ae36a06c21e
75,eZtnDdsmaaJFMYka,1745069377713,9,1745069377713@PWAeZtnDdsmaaJFMYka,c8d1bb42b9d467910d4f5e6acc29d2d4dbd9cc9f7ea5d69578d8c8188391243eaf454bed9ac303811671fc0eed8943a8
75,eZtnDdsmaaJFMYka,1745076495713,11,1745076495713@PWAeZtnDdsmaaJFMYka,9b5340ea5888ae01cce64f9debbea05494fd0dfc11846c3ada855d8a2e661ee619e0d5767b3d82bf3410f33b323e96a9
75,eZtnDdsmaaJFMYka,1745060915713,7,1745060915713@PWAeZtnDdsmaaJFMYka,c3d36e2749614cf9f61d8b1c0a874acd3dbffc76aebca9787a1d46621efe1384c96f54a44f2fc7a2815eba804e1baedd
75,eZtnDdsmaaJFMYka,1745020666713,19,1745020666713@PWAeZtnDdsmaaJFMYka,32aca7cf4586b5e81016a27254d0f175e54683dd0ac6b7317c8f90133fac2a098af8da8b9afd7fd996c9ec51caa2eb27
75,eZtnDdsmaaJFMYka,1745071522713,10,1745071522713@PWAeZtnDdsmaaJFMYka,307d086714078661036a51f96408069352ccac2299c5377b1023e938365d883a1692781c55f227d75a62dd04f3970bc2
75,eZtnDdsmaaJFMYka,1745020448713,19,1745020448713@PWAeZtnDdsmaaJFMYka,fb02dfd9f42965a9ad8f102da7c50294a43aac47dd97d998b4329899a4efeb968dde666d62553ecb62e19f0e70c413dc
75,eZtnDdsmaaJFMYka,1745013581713,17,1745013581713@PWAeZtnDdsmaaJFMYka,13223c2f1022be1f1b72f227dd3c7b2edd04b08b7c23caf6f0e85bb12b411a520e2f3ceff9ada229c1cfc8fd558983a3
75,eZtnDdsmaaJFMYka,1745029890713,22,1745029890713@PWAeZtnDdsmaaJFMYka,2cab854355b6a086963db2c78b482b135c8f9e2eb5dfa44e9acc3ce285ba037becd46f6b23d7bb99ca94c8c645495643
75,eZtnDdsmaaJFMYka,1745073415713,10,1745073415713@PWAeZtnDdsmaaJFMYka,bf97cee4d7326d08745c0c225dcb8414dafffdcb50df51fb0dc0ca83912467b8162d869032967140705cf1f5081e7b8d
75,eZtnDdsmaaJFMYka,1745076221713,11,1745076221713@PWAeZtnDdsmaaJFMYka,6633b6e76774743c0a772770cb81860658e5988a6505842667df6a73574ff7351cac9ce0977fa3afa90b261512a64125
75,eZtnDdsmaaJFMYka,1745055496713,5,1745055496713@PWAeZtnDdsmaaJFMYka,4bf2e4586bbac35e4f6ef4620fa176e1a35ab4b8581371516233e4fdcba6210ff1abcdc87c88c0096c29f50c0ef4cced
75,eZtnDdsmaaJFMYka,1745037777713,0,1745037777713@PWAeZtnDdsmaaJFMYka,91f89de59e697facef6dfcceab860822b324cd73ddb44ce3955c5a6311a1afafa883512676681a3f3e79a82476b08604
75,eZtnDdsmaaJFMYka,1745052011713,4,1745052011713@PWAeZtnDdsmaaJFMYka,d81cca7a9bdcee9419c60608d1118dca78f48549a7295ec5d2f6cf579d0534afa70462593c7010b11ba48afe32246dca
75,eZtnDdsmaaJFMYka,1745060507713,7,1745060507713@PWAeZtnDdsmaaJFMYka,8e897fbda5777592578bb6f1e44737cccbc8ee35387ab061f0b2cef958c2d7ebd1a35b1387f3776ec4d32e46221eca07
75,eZtnDdsmaaJFMYka,1745076152713,11,1745076152713@PWAeZtnDdsmaaJFMYka,1c3294599db14701d29554df14725a276397dd7655c3c2b560b2abbddc02f50e58a55ad6a163d9aee3bc1b5c28f3bd19
75,eZtnDdsmaaJFMYka,1745031405713,22,1745031405713@PWAeZtnDdsmaaJFMYka,1627594f69597d7b3e8ab56c8271e84717a827f21221f0db31b3bc3e2aec7754a4c586eb11a4f99f0d3ff94d82f09fb9
75,eZtnDdsmaaJFMYka,1745071777713,10,1745071777713@PWAeZtnDdsmaaJFMYka,447a425367390b6e2191ad8dae1e75705986d5496fb98a2658985b202f4c990308bdd8a0deeb2b08a3339b14796f018a
75,eZtnDdsmaaJFMYka,1745034771713,23,1745034771713@PWAeZtnDdsmaaJFMYka,d390225781123a07cf210f790a8bedd8a513f5bf2ca62216249b909a15eb6825fbbf3c141a28f20debf02daaec6ddbba
75,eZtnDdsmaaJFMYka,1745055920713,5,1745055920713@PWAeZtnDdsmaaJFMYka,6e8ad02c04568691d4bcca810d3b1c97d61a800df2b65136919e9f2193cb00f4f471bc776ba6149ac0ed503548105d18
75,eZtnDdsmaaJFMYka,1745075220713,11,1745075220713@PWAeZtnDdsmaaJFMYka,8324e012e7cb0d104b950bcd97c7bd54d54913bb900ca1643c032e554fead0e32b3018dffff08f9c41e60736bb6f94a0
75,eZtnDdsmaaJFMYka,1745061369713,7,1745061369713@PWAeZtnDdsmaaJFMYka,647b495905dc1bd2c3a7a2fe2e1f08c42c900b4a268f8c557194cad6eef0cd06749f46d87b22dcf7a17262b8218dc417
75,eZtnDdsmaaJFMYka,1745013909713,18,1745013909713@PWAeZtnDdsmaaJFMYka,e99257566119cc4fd2cbeb6f920bc1fc9d9390edf3a1bc12b1db0f7709adab7426fecd2beed908c7237f91e6446bb319
75,eZtnDdsmaaJFMYka,1745059926713,6,1745059926713@PWAeZtnDdsmaaJFMYka,4a7fe189bd8bb99ba188c0e9fe66afcce553960c11a39c71af7bab8c51803216662462b235f5f3cda21a17b1d5b87c00
75,eZtnDdsmaaJFMYka,1745019687713,19,1745019687713@PWAeZtnDdsmaaJFMYka,c540fc87324145568dff8b3f5451e8e430bc0c50f7d0d2ec9e5ecafdecb2387aa9454a1b569ec73be54b5cf28b6991bc
75,eZtnDdsmaaJFMYka,1745046464713,3,1745046464713@PWAeZtnDdsmaaJFMYka,82abe48dae7bc1b3e9209d1f34be7dde64e602518fccb2903ef21b682d29292cac8622a5c0be452e09214137238fcebb
75,eZtnDdsmaaJFMYka,1745054512713,5,1745054512713@PWAeZtnDdsmaaJFMYka,b09672167704ad0f53e07d2fd5722aa4d269bf05a192277001d4ed68fb00fdc3ab64dc66f69b425ea00f78fbb05c2ecf
75,eZtnDdsmaaJFMYka,1745074249713,10,1745074249713@PWAeZtnDdsmaaJFMYka,2c069a313668487bc0036e6b1708e3858c822c6f43d3f8036d7754487795bdbd34cdf1e87e8f357062204f54caa92a0e
75,eZtnDdsmaaJFMYka,1745065936713,8,1745065936713@PWAeZtnDdsmaaJFMYka,e4d6302479d15f2f19f53aa4cda31e2c02c293e653159be588df370e02c8fb093d1f794bc28837e5bbd392f9d692b5a7
75,eZtnDdsmaaJFMYka,1745016772713,18,1745016772713@PWAeZtnDdsmaaJFMYka,dde4f9c33bde011131d9d531b2c0162bd6bdb64028c7e0a92b0f81fa9c954d14d1c20768b8f38737aa73c9c02bf58c9c
75,eZtnDdsmaaJFMYka,1745073252713,10,1745073252713@PWAeZtnDdsmaaJFMYka,f9bc7bdb546d407de8f724424d1bb39ed0560ff67c85522e54f9a977ca7ee1c3d4104d1d95e4cb5b6d86853ebddda407
75,eZtnDdsmaaJFMYka,1745019729713,19,1745019729713@PWAeZtnDdsmaaJFMYka,e5641782cd0383267428a6e9cacf217d316caf1e71e0c09bf77217149b29671a413d09faac05ec0719b95093b529f911
75,eZtnDdsmaaJFMYka,1745048263713,3,1745048263713@PWAeZtnDdsmaaJFMYka,6bdf4891d1ca003c9ed6a62cf03f7c8ff982551c9a1308f92e95a8bee52911d43c21d34f13f35b7d6bbe25dd784db0ca
75,eZtnDdsmaaJFMYka,1745031298713,22,1745031298713@PWAeZtnDdsmaaJFMYka,990dd0a5129da28cf398c704862189af0f879cb87a1441d3c9fe37c4658df28156a8d6e429c0ee3303f63cdefc832993
75,eZtnDdsmaaJFMYka,1745038378713,0,1745038378713@PWAeZtnDdsmaaJFMYka,716e0c2e74086b6404c4f21bfce4e7b2a2c2df3798aa3f192236ae2516bd512d798f0296d5aac4492d9705078363a877
75,eZtnDdsmaaJFMYka,1745020034713,19,1745020034713@PWAeZtnDdsmaaJFMYka,691856dabdc6bda9eaa4ada8a72cfb25fa31584f70408bb76f2df4522bc337757e7e420e51bc9bedbf6cfaab06547608
75,eZtnDdsmaaJFMYka,1745032302713,23,1745032302713@PWAeZtnDdsmaaJFMYka,ad0ce68258eb8c3087ee9b67234e6b7430bf4b0a7cb37ce3e852f79d8b033d360f2bf454b96a193884aaf014bf9e1b0e
76,2QTtCzv3b3ZK4v5X,1745062691713,7,1745062691713@PWA2QTtCzv3b3ZK4v5X,f0f64896c9a5597ec71435d83babc353d61e4481ba3e5716e8a0123c9c8fef0609fa96637caa31035d9aba115e37232d
76,2QTtCzv3b3ZK4v5X,1745039034713,1,1745039034713@PWA2QTtCzv3b3ZK4v5X,9d1955d25150c29a1f4a706434617bd7d0f063996cfd8abc137dfa53294fc9c9b4b5e2320a1bb73fa809134572386c23
76,2QTtCzv3b3ZK4v5X,1745077521713,11,1745077521713@PWA2QTtCzv3b3ZK4v5X,7854cb326088cdc721bd8cf0f308bc8c4a249b65cefdc1314ae6e5bc7e7b81adff2cb0464c1ff0c7f52e76d78976a07c
76,2QTtCzv3b3ZK4v5X,1745060093713,6,1745060093713@PWA2QTtCzv3b3ZK4v5X,cba0814328ad08e3c2c0ac8b713b7d5d398bbdd12dcd7f90f05f2c21d53ad6faff1f8ab26a82d20b5c5e667b7458e291
76,2QTtCzv3b3ZK4v5X,1745021209713,20,1745021209713@PWA2QTtCzv3b3ZK4v5X,60165dde773ce090253b9cc36a98a2bb44a49146d222472bb813dbbac38dfa31cc7fbe80b9a68f9821105b5459a59957
76,2QTtCzv3b3ZK4v5X,1745032304713,23,1745032304713@PWA2QTtCzv3b3ZK4v5X,5751bdc41008f35d968af271c62c6552d99548c1a3d03eab19bf67f3f3bcbebc2f0003e10e523949214325506e03673b
76,2QTtCzv3b3ZK4v5X,1745069515713,9,1745069515713@PWA2QTtCzv3b3ZK4v5X,7ec06bfe7c8622efb09830ffd38f6ee644ecb4fcf5d7b146f92bfaab208a95dfde1ff8c35ea118b999905da99be0c700
76,2QTtCzv3b3ZK4v5X,1745039660713,1,1745039660713@PWA2QTtCzv3b3ZK4v5X,16162162e02d79ae53badb65d811c6b6b02b867b4b0a23dc52c8e5c27f50b24203a00344e0b9ab7bc05ba7d1fa9dc10b
76,2QTtCzv3b3ZK4v5X,1745068564713,9,1745068564713@PWA2QTtCzv3b3ZK4v5X,4f78e04d8a007defb2ca6553a7a6cd87b85b99b7f0db77e8a662a914c3ddc0173a286abb32f39668b62952c517038fd8
76,2QTtCzv3b3ZK4v5X,1745041452713,1,1745041452713@PWA2QTtCzv3b3ZK4v5X,6e6bf8b8188e3a18a1408f8660cac82e626457267f4cde461214f4e010b62e066da7cfa202c5dc86547ca099bba29e80
76,2QTtCzv3b3ZK4v5X,1745012898713,17,1745012898713@PWA2QTtCzv3b3ZK4v5X,8b7f81a1bcc5cd0c3496d1574442adc4d5bd77a826e892a07c68617bf6e1e67e2c765be4213bb09dacc1f9bae010d9fd
76,2QTtCzv3b3ZK4v5X,1745022575713,20,1745022575713@PWA2QTtCzv3b3ZK4v5X,879203fa2745d2ded00970a2c91cc216712c80f0afb47676c6aceea4389ffceaa00d7feb8bff66884a9892c5a7af56cb
76,2QTtCzv3b3ZK4v5X,1745069828713,9,1745069828713@PWA2QTtCzv3b3ZK4v5X,57db0836961fffb09364b61ff9dd71ba5d38715348b84a9914f363c1238eea6db00a441eb5f0cdce9511440c82e55b56
76,2QTtCzv3b3ZK4v5X,1745022609713,20,1745022609713@PWA2QTtCzv3b3ZK4v5X,945ebb39bff46564bf13432e2cda47417a3edfb89655f2056f95d465686d5df07b2164033de8f812aff269339612d633
76,2QTtCzv3b3ZK4v5X,1745050049713,4,1745050049713@PWA2QTtCzv3b3ZK4v5X,a29220d5d99028b883f66e4f09ecd9d05e9cfe54f1bf93134a04e843cc80cfb7f5817d33b6c6fa1341944dc20a27a3ea
76,2QTtCzv3b3ZK4v5X,1745020619713,19,1745020619713@PWA2QTtCzv3b3ZK4v5X,b8da3fb3797ca0afe4597e058b9e64c9f5fa72a39e47eb7282f66be125dedb2bc30ebdeb76e3aff8e4e548bff432ddbe
76,2QTtCzv3b3ZK4v5X,1745054901713,5,1745054901713@PWA2QTtCzv3b3ZK4v5X,67eb53a82cd50b7430a2f7ec1e4712d8056ac1cbf5df2a5fb25c345c1953715a547e243fbcef99214c12e9ec1776650e
76,2QTtCzv3b3ZK4v5X,1745030139713,22,1745030139713@PWA2QTtCzv3b3ZK4v5X,efd546440febdb1973d9b26014f382f7e787e4f5f43b7b8b4dab37bde75a3657a8349b4a262c12cf85902b3648c3a8ee
76,2QTtCzv3b3ZK4v5X,1745019206713,19,1745019206713@PWA2QTtCzv3b3ZK4v5X,04dba1673877f9e2bd91fc877f1b7be8ded607bbb3c96f056b385f8b587307beb1497ef119f8c47a7bde5812be4df5fe
76,2QTtCzv3b3ZK4v5X,1745047388713,3,1745047388713@PWA2QTtCzv3b3ZK4v5X,83447b88247cddf719b51119b199803aea25a72c81cbb79ca865ed773da1b1e89400f3f8cc98acaede73f7afa3415020
76,2QTtCzv3b3ZK4v5X,1745065693713,8,1745065693713@PWA2QTtCzv3b3ZK4v5X,a8d09424e16fb0dcece12d68988ac5d2b588b7a3d4724eb4726c2016e32750a828632ac39cd6ffa2304b12c50b50d715
76,2QTtCzv3b3ZK4v5X,1745014057713,18,1745014057713@PWA2QTtCzv3b3ZK4v5X,07b219205c90ec2cd5be862d9a46b9915cdabdbf320fd3e6365557d4bffb23d1ffd305851f392e088732ea0e0eaf54c7
76,2QTtCzv3b3ZK4v5X,1745061069713,7,1745061069713@PWA2QTtCzv3b3ZK4v5X,99ee04fd2ab5b6d74ab63289175908f798eccd6046db837016172c677903efee031f652184b7cfa2b25c7e784b240863
76,2QTtCzv3b3ZK4v5X,1745048992713,3,1745048992713@PWA2QTtCzv3b3ZK4v5X,272107042eee2fb66268b110e71eedc11fb783de5e4e8806d67e4cefe04848efbc6e92f16f98eb749dda3f8d8a25bff7
76,2QTtCzv3b3ZK4v5X,1745073511713,10,1745073511713@PWA2QTtCzv3b3ZK4v5X,00ff0708440614e616e82eee59559b0ce1d47019891d17b2a6228381761a2356c2c712eb91c34a6736e69dbe174e3c5a
76,2QTtCzv3b3ZK4v5X,1745050678713,4,1745050678713@PWA2QTtCzv3b3ZK4v5X,b9d87baa9c9ffd597434d8602160d22311babf144c868609a9d35f9541f0f51cff2a873723092d5717aad44ac687c794
76,2QTtCzv3b3ZK4v5X,1745077197713,11,1745077197713@PWA2QTtCzv3b3ZK4v5X,b13eaedaa1875383de088a7558cfaabec347da6af41bb311e6c90aef52464e05f2e8bb40e85254fafe18c4f9a9c565ea
76,2QTtCzv3b3ZK4v5X,1745005764713,15,1745005764713@PWA2QTtCzv3b3ZK4v5X,ecf388ee786fde003e23f6c88a6e7630413e48dabd7ad6258d07a7047ca3544d81542c8f61d00d56fd9f2b44f0c34e5f
76,2QTtCzv3b3ZK4v5X,1745034881713,23,1745034881713@PWA2QTtCzv3b3ZK4v5X,6a09e12e28e1ef234aee4e6be7f9b1c4b34efeabfc4fa41c7c9b1cf393ced7afb0bbd4be8e99781b05545039288951eb
76,2QTtCzv3b3ZK4v5X,1745044611713,2,1745044611713@PWA2QTtCzv3b3ZK4v5X,a4bcab8b5025fc9d7ca91c1525af4000c923a81211e4bb4f0f0b25764eaef4c270fa4f5efe578cdb6d1a58c101146406
76,2QTtCzv3b3ZK4v5X,1745047702713,3,1745047702713@PWA2QTtCzv3b3ZK4v5X,4e422cde692d0eb81efab9361853f91caf0ec5f149e7fa1ef83e6b7b016767eb1f09cb76ec656517936fb0de53007499
76,2QTtCzv3b3ZK4v5X,1745011065713,17,1745011065713@PWA2QTtCzv3b3ZK4v5X,dadd7e57c7f560442c5b6f2b47b89eb898a7499ec41cfe1b0203a8d90db4000ec08af2e95ae0fc06551b3d506b4cc4fd
76,2QTtCzv3b3ZK4v5X,1745009151713,16,1745009151713@PWA2QTtCzv3b3ZK4v5X,31ff4470c6f28f42443ee883f8e29c8cce6b68fb55db7d62fff2143649b413eda785ea2a07b5eb810b1bd3ac359e808f
76,2QTtCzv3b3ZK4v5X,1745062659713,7,1745062659713@PWA2QTtCzv3b3ZK4v5X,cecac9463fb81f2f1cc7506b6b4f8c539fd1efd826ada3ef6da8ae810e8e5419a10ed6602827c95a09145550e6b2a50f
76,2QTtCzv3b3ZK4v5X,1745035905713,0,1745035905713@PWA2QTtCzv3b3ZK4v5X,c26ba2093148176941e4e6f091e947f9496e1b59e7d53ed3ee846e639677e9c9f2f6209a976f41a0fab6518a21831508
76,2QTtCzv3b3ZK4v5X,1745029110713,22,1745029110713@PWA2QTtCzv3b3ZK4v5X,5db6e9db9809d8ab02729ffbcb1194f2abffc279af567c3222b79d2c08762fb4a830e3951967f2ed6fe9e75e3f339ba4
76,2QTtCzv3b3ZK4v5X,1745019326713,19,1745019326713@PWA2QTtCzv3b3ZK4v5X,f539c85d0a11071ec991352b0151925b41025dc5f2c7d721265c462ad58305a79a20f14ebd7d8f656d0e7e15359d6b41
76,2QTtCzv3b3ZK4v5X,1745021532713,20,1745021532713@PWA2QTtCzv3b3ZK4v5X,ec051d46dbd000cd391be6611c768f695b7644fbb1f0abe55f4ba13fd826b8dcb8a8f2b72954da935143b51b25fb596b
76,2QTtCzv3b3ZK4v5X,1745027261713,21,1745027261713@PWA2QTtCzv3b3ZK4v5X,e8adefb807ceed8cb06d3ba1c3e8a4eded086f337ecc0a65d830b25896656397fe1080b013589fc0da3f131226cbe153
76,2QTtCzv3b3ZK4v5X,1745013487713,17,1745013487713@PWA2QTtCzv3b3ZK4v5X,d370804acba3adca2aae52a93aa57151bf1dba5a7f1943696950ac113c1dda2d0fb2d741cd3ce54d661142231e063101
76,2QTtCzv3b3ZK4v5X,1745016393713,18,1745016393713@PWA2QTtCzv3b3ZK4v5X,a6e2b081f969dfe0825af564dbbeda2cd035ff233b2fdf55777dcd8ef98dbffedc363fc0dea799885990c048a80dc857
76,2QTtCzv3b3ZK4v5X,1745033481713,23,1745033481713@PWA2QTtCzv3b3ZK4v5X,32593d236395b56245b79717add174f62a1a7bd2f193b205415c47800a6ebdae35ef84339ad5394ada5563dfe2b95dd0
76,2QTtCzv3b3ZK4v5X,1745055874713,5,1745055874713@PWA2QTtCzv3b3ZK4v5X,885ddc1593bc2e7ee4385eb20cdc6d8f29915de208071cada792c471f8c75baaf439bd666de85bc2a9bfc7ce40d27281
76,2QTtCzv3b3ZK4v5X,1745072289713,10,1745072289713@PWA2QTtCzv3b3ZK4v5X,7de2389e3f13a4ef60d4d1d53e1efb4f4b44ddf1ab659b41ae25bd72d4b13b1a7f9aa3e5fb5cab5a405e81794ea8b155
76,2QTtCzv3b3ZK4v5X,1745016664713,18,1745016664713@PWA2QTtCzv3b3ZK4v5X,352d1a6b6eb20a79582f434ecfe608090b271ee1d5f8089bb8c7594e68c4c29be16218eeb5b012de1cb1cb5c8fde814e
77,ExWdvPgV6bKg1Ckq,1745070188713,9,1745070188713@PWAExWdvPgV6bKg1Ckq,600386a3f99c852af0fbf596d3e4fd37c5f949f957b93913ca5df2e92e14c530d9818f6f577657b0c81e689067825516
77,ExWdvPgV6bKg1Ckq,1745050469713,4,1745050469713@PWAExWdvPgV6bKg1Ckq,211a2162c0f3d411a1f0370561bde7a55b95a22946b202a403f9a9bcea7c7a9df9d57ab1dcc1c72662325961ef1040ab
77,ExWdvPgV6bKg1Ckq,1745062186713,7,1745062186713@PWAExWdvPgV6bKg1Ckq,056b91984adb7b7fe2147876320ea30aaed5452b09928d00eeea20f8b8e4f5d60b4908805ef1eba721a01dd8a9070217
77,ExWdvPgV6bKg1Ckq,1745068173713,9,1745068173713@PWAExWdvPgV6bKg1Ckq,9f5d2536faf83eba2c88bc89b20be0bbccc151d7fbeabc026a80dbd3b4a21ef7eef8aba2fc07c1fabed191090c326570
77,ExWdvPgV6bKg1Ckq,1745047124713,3,1745047124713@PWAExWdvPgV6bKg1Ckq,ece26c595d9c8344a7a13f0a8d9d3d0815254e534ef06874af0e17a53eb1dd2a3fdd2cc02dc13191a61cf87c6d11474f
77,ExWdvPgV6bKg1Ckq,1745047918713,3,1745047918713@PWAExWdvPgV6bKg1Ckq,265d64fbc16d027964a119b11f346081a3fb05f34e8912c6ddec5b9d6e62fb5c9c9981ed6c5d828cfa2d12544ea87e75
77,ExWdvPgV6bKg1Ckq,1745052425713,4,1745052425713@PWAExWdvPgV6bKg1Ckq,238a31e6ff90b86c464af3e636f28525d11110e323f452499f67636e34537af8928f0c51442a65e6726611eeb9c7186f
77,ExWdvPgV6bKg1Ckq,1745042640713,2,1745042640713@PWAExWdvPgV6bKg1Ckq,ce4be4b214a4626e786ef72156881fcbc2f32dd199fb4a67d69201067f9a544ca460750c80becfae2ad3d7dfd07796c6
77,ExWdvPgV6bKg1Ckq,1745051171713,4,1745051171713@PWAExWdvPgV6bKg1Ckq,0156fe6437f21a6bbc8c2c676055e8bfb7bd674197bbd2ded36d4dad3684ee390c3c438c04037cdf60cae10e240218d4
77,ExWdvPgV6bKg1Ckq,1745017007713,18,1745017007713@PWAExWdvPgV6bKg1Ckq,93f759a50856cb84c9b64a9f5d75e189e39951a695e36483e30219da0ae31b515376a4415c4f04a1ec1d11b83ceb8722
77,ExWdvPgV6bKg1Ckq,1745077083713,11,1745077083713@PWAExWdvPgV6bKg1Ckq,3f75d47bd74e8f141bd0f0c496249d041ca672090e36a593c2c6baed1951931cb356892f38bf6cb4ee7b7aeef42bc064
77,ExWdvPgV6bKg1Ckq,1745022875713,20,1745022875713@PWAExWdvPgV6bKg1Ckq,bb392b71894ee72b7881492864b9e6cde7eddade93de9ee07de2b2174d561bac0b4cd17a9e596d6e3be4ca61aeccd8d2
77,ExWdvPgV6bKg1Ckq,1745069484713,9,1745069484713@PWAExWdvPgV6bKg1Ckq,2d6b80f8da1777eaf075181a41bf3dfee2ee326571bc41c96422c7638bc456013d07d563b0fcd7a4dce80f28bf9ca1d4
77,ExWdvPgV6bKg1Ckq,1745046715713,3,1745046715713@PWAExWdvPgV6bKg1Ckq,ca2251ad0c87c7220be269bdd718a48f3f354435a0e44be9a73ea923d4eb051d7565042af0ebb32241023f17964006ea
77,ExWdvPgV6bKg1Ckq,1745060623713,7,1745060623713@PWAExWdvPgV6bKg1Ckq,039141cf471882bc7be75dae75b4b82411329aab32b13494d42b7c85357ac06f45bb68459b7f11b5c4865dee457f853a
77,ExWdvPgV6bKg1Ckq,1745071868713,10,1745071868713@PWAExWdvPgV6bKg1Ckq,b5a4c065bb2ad4fa2c27d64a609f549e7b1722f8a1f99345742b7a6d05e3982a9aa4694372d7ba1bee8f563b0e050333
77,ExWdvPgV6bKg1Ckq,1745064507713,8,1745064507713@PWAExWdvPgV6bKg1Ckq,84c908f9b8e8fad3a60a2cb9a8f243f96106910824ee0813071439c52fc1fb7c86bfb18358cf13adb0625de23226b189
77,ExWdvPgV6bKg1Ckq,1745008421713,16,1745008421713@PWAExWdvPgV6bKg1Ckq,455a3f102007928e9404fffcc2e968e4380726194f5f29b40378531cbbe3aa744537b2a65071b719a1d34292bec5ab98
77,ExWdvPgV6bKg1Ckq,1745063159713,7,1745063159713@PWAExWdvPgV6bKg1Ckq,768727609f5478e016ff7973fe8ad93f44081b6f327a6fc7feaeaf1cc30d5438e79e4924a00430ebf8755ca1c79de4e8
77,ExWdvPgV6bKg1Ckq,1745073947713,10,1745073947713@PWAExWdvPgV6bKg1Ckq,93608b32ee007335fac65fdb9d918d1043258b668463e7b6f0a8afc998a6c8c3baf3d95378121f8bb8716045bdd6ee7e
77,ExWdvPgV6bKg1Ckq,1745048874713,3,1745048874713@PWAExWdvPgV6bKg1Ckq,f32c54b05857fc716ca01929012d6b900d53c73b3907253f7137ce543b38df6f9e93bd0ed9bb0ac1bbcddff3ddba66a0
77,ExWdvPgV6bKg1Ckq,1745064306713,8,1745064306713@PWAExWdvPgV6bKg1Ckq,0e770dfeda7b3a01d1c9e69a45926fbcaee497cedea0f7f0346e28bba14746cee49b1b8cad0df281d42b225400ce6ef7
77,ExWdvPgV6bKg1Ckq,1745068403713,9,1745068403713@PWAExWdvPgV6bKg1Ckq,cbc3cceea2ab693f71f2c49f0038e766c38548f885a64bb315f7fc21b6408d187ce98154ceb380ef422337ec3be806d3
77,ExWdvPgV6bKg1Ckq,1745011373713,17,1745011373713@PWAExWdvPgV6bKg1Ckq,37b541a00eea6320eebd57efb3ae36236cfcbac6ede4d31059835d3d7e99b5013783fdc4efd10c09a4ff074d20af0cca
77,ExWdvPgV6bKg1Ckq,1745014829713,18,1745014829713@PWAExWdvPgV6bKg1Ckq,e923f514501a2a241aeba1c29f694daf751ca531e7ed2d5df1f5dd96469777af4e38b3baf67453302194bc68901bd03b
77,ExWdvPgV6bKg1Ckq,1745064363713,8,1745064363713@PWAExWdvPgV6bKg1Ckq,024700fb8fd11775290933782eb4259acbc7984167b629e91cd04b55c22650f316c22d3b37aaf56764b411ebedfef4d4
77,ExWdvPgV6bKg1Ckq,1745018510713,19,1745018510713@PWAExWdvPgV6bKg1Ckq,48e051c3291d15e6b41238062d0661162f71340feb256c5f21f5b49dc2e7d42f93e01e699741207ea44536ce8e1a8468
77,ExWdvPgV6bKg1Ckq,1745071798713,10,1745071798713@PWAExWdvPgV6bKg1Ckq,d46a38a6d5a70dda326e3019c7596a2d6456dbdf750de0864398025e42256bad6ffe2a7cc13ff5b1f8d5323fc7ff87b9
77,ExWdvPgV6bKg1Ckq,1745075521713,11,1745075521713@PWAExWdvPgV6bKg1Ckq,7bb4a978409e88724c35811f7ec241171c69d7b10fbd7ae219a8d1d838a2a6ee581de8dc66aab64ad9af8c446d0e8f00
77,ExWdvPgV6bKg1Ckq,1745012592713,17,1745012592713@PWAExWdvPgV6bKg1Ckq,e92e325420b4bdfc755404cf75f50d9a1988481b984a4afb9780d73f6685a568a19012824fc6dd59288c11a68e872191
77,ExWdvPgV6bKg1Ckq,1745032190713,23,1745032190713@PWAExWdvPgV6bKg1Ckq,508ae3b328709fe4928cf60a59bc8fd3bbb1194774f27e8708818eba3b0879beb84c8cbf09f7a47fc1a6332003b16c57
77,ExWdvPgV6bKg1Ckq,1745029577713,22,1745029577713@PWAExWdvPgV6bKg1Ckq,9b5e407c1df4f54acac28dcde0d896e1ae7d8e6050afad30df3169f95114a236ac2aa6d3da56f7abf75fd02e3c5abd50
77,ExWdvPgV6bKg1Ckq,1745009346713,16,1745009346713@PWAExWdvPgV6bKg1Ckq,6537d390f1d0ea3fa8ed12a24b0c45a63ce069f032fed8849dfb42474f153859ca9d1b69180b79a72d5f9bc021438831
77,ExWdvPgV6bKg1Ckq,1745025110713,21,1745025110713@PWAExWdvPgV6bKg1Ckq,eb88effcd12bcc33b6127df587473da5e75d9da537db5cebf5328ee14ea3ed32be852d44f4cc3f8e66b909c3fd4bebf7
77,ExWdvPgV6bKg1Ckq,1745068642713,9,1745068642713@PWAExWdvPgV6bKg1Ckq,f4c05d28f97acea3c6d60d828e7f57a942f306acf507eb91c0fce6284cf014fb621677a0c203515be66d19146fe5938b
77,ExWdvPgV6bKg1Ckq,1745054032713,5,1745054032713@PWAExWdvPgV6bKg1Ckq,9cb0107b1319d1131462e7f5754ecbe15f5c3d69b543b4fb35785cb1db52f78f9bfcef7b225ce2bd0d49a15c62c733e2
77,ExWdvPgV6bKg1Ckq,1745031236713,22,1745031236713@PWAExWdvPgV6bKg1Ckq,496fd4931526c7076cd2764bb6eda14c95f39e8cbc7ecf94d4dbc691c9d6444bcc6bc82eb284d8f644b7ff6226c62152
77,ExWdvPgV6bKg1Ckq,1745066589713,8,1745066589713@PWAExWdvPgV6bKg1Ckq,dbce2ec1255e1dc85ca79ffb68f2edca75a7ae127756904389f4041dcbd6b3f7189cb49038cbad61382a2461a7ca16c0
78,VNzgret6z1FsPZQA,1745011528713,17,1745011528713@PWAVNzgret6z1FsPZQA,3e1683a4e27bbac05f55994f27fb7647718cd95d878271c28c628dc518bc5c7a0025b60f491863eda1de1fa732dc6b2c
78,VNzgret6z1FsPZQA,1745075197713,11,1745075197713@PWAVNzgret6z1FsPZQA,5bff7ae756c2da6e8f338b759afee8b45f3f5655a6aaa91e8f20d1dc17d8eb543061320420c57a844e70a0dba43cac86
78,VNzgret6z1FsPZQA,1745019253713,19,1745019253713@PWAVNzgret6z1FsPZQA,9045fac85be730538b11e10a8744a0ee76f1a6e0811c58bc18a5c4589bc06724aeabf8367aff7b1b0ada36cccf6f4b98
78,VNzgret6z1FsPZQA,1745056235713,5,1745056235713@PWAVNzgret6z1FsPZQA,3d191b3f3e73358cd4987df5840b0439a6c1b3d5f9155980063013cda2e78999b226ed647ffc5b97f6a2e19fe17cb75e
78,VNzgret6z1FsPZQA,1745009063713,16,1745009063713@PWAVNzgret6z1FsPZQA,dab25aba934f6b397cb23abfe803c5a4478bf29500598f2ac83e862a0f1fc051fe09cca9b6e83670c8b013b5abcd13ac
78,VNzgret6z1FsPZQA,1745058153713,6,1745058153713@PWAVNzgret6z1FsPZQA,215d0142111de010591cc7174fbfa15ee80758b7fc0ce720d5c5428c0bace2ce7d28a7986dfa102f19e4cd81e51aa8b8
78,VNzgret6z1FsPZQA,1745061317713,7,1745061317713@PWAVNzgret6z1FsPZQA,fb2b9b6d187d84fdc18b42412b192dfb582193db2622d54a884360bfaaa48be35795faae5987d33db4a89f647e8d0bf3
78,VNzgret6z1FsPZQA,1745068349713,9,1745068349713@PWAVNzgret6z1FsPZQA,4015408f16fea070f78414bb5b01ef711471d1dd21e11172e34d55c93de429883b96a4adf559b80c56de4b23c9bacc0d
78,VNzgret6z1FsPZQA,1745055925713,5,1745055925713@PWAVNzgret6z1FsPZQA,4284e52e6a834333bd3dcb8bdba7a090c9b7939c6b20399b078daa84c1d8a3f026fd5a7d2d1df06f19ae95236b535267
78,VNzgret6z1FsPZQA,1745014915713,18,1745014915713@PWAVNzgret6z1FsPZQA,c44126fb400e48541a843a9218d7f3c83e04995af6bd0ba31df8cdcd0d443ad7356d1927f8ff53002c923c0c7b1bd67b
78,VNzgret6z1FsPZQA,1745073979713,10,1745073979713@PWAVNzgret6z1FsPZQA,b1f5e87aebd499e8ec628d8429d6913a1882b0e6edb0a2e527787783f837b239fb39e325bc14b8aa12452fa844c741ce
78,VNzgret6z1FsPZQA,1745052994713,4,1745052994713@PWAVNzgret6z1FsPZQA,e4606f1e5ab0c666946c8c902ae37f659af2d60f262159f3702e51bcbcfc5d3b85fe8612410e37533f37599fae57c06c
78,VNzgret6z1FsPZQA,1745022833713,20,1745022833713@PWAVNzgret6z1FsPZQA,9178ff6bd61aa83e5ab48e4dbf516f680dd2d8782895d6766080d45747f4b9372283d5d336f841088ed49d120cb63c16
78,VNzgret6z1FsPZQA,1745071028713,9,1745071028713@PWAVNzgret6z1FsPZQA,9eb020678487264a99f40dcc4d398104bf2628d4bb673aac3d346dae4195baf7e7ea8514064e8597150c14040d145bba
78,VNzgret6z1FsPZQA,1745062763713,7,1745062763713@PWAVNzgret6z1FsPZQA,4d16b266b2113ebc161702dafbb606b00df16f495f23441fb667ebb16bbdb72504514114b18707b29e112c68fee371ab
78,VNzgret6z1FsPZQA,1745010416713,17,1745010416713@PWAVNzgret6z1FsPZQA,50fa18a19ec62c01942ffa0cb53c4e89653dfba33f511969b5e35cbf786c3717dd4a20365d0a5690277850ce45ffbfa0
78,VNzgret6z1FsPZQA,1745071449713,10,1745071449713@PWAVNzgret6z1FsPZQA,26d249a28d67414ea2a7c8c9b8d39bfeb67973814a309ca0a70bf63aec103d59815d79197765a3a1c2d3d23d8556955e
78,VNzgret6z1FsPZQA,1745011473713,17,1745011473713@PWAVNzgret6z1FsPZQA,e48978b2573a5601270564995c35d5abca0cf2a21e39581f72de9ee2dd7372e482ed32cf3c2ecd3719bbd07c84d4b2c8
78,VNzgret6z1FsPZQA,1745021494713,20,1745021494713@PWAVNzgret6z1FsPZQA,6443db9106c236efbd979a2081165b85c1ad8d4dfe6933afb8e2e312abb9db333176e596368c317db48a3a976f670670
78,VNzgret6z1FsPZQA,1745009167713,16,1745009167713@PWAVNzgret6z1FsPZQA,3ad0ae6ab137eb612b76ee1a9164be4816f43855660a39eeca760ca82bf06b5a968e8e82b77bf003d262c3128270c10f
78,VNzgret6z1FsPZQA,1745013654713,18,1745013654713@PWAVNzgret6z1FsPZQA,7fee8fde25c06fa4dae98952943387708783cfed25d91872cee202101912d2b6fbf9f2ee2d77598191cc8f685adda5f5
78,VNzgret6z1FsPZQA,1745070790713,9,1745070790713@PWAVNzgret6z1FsPZQA,a62336134fe894f0f402aaa0b9e883b89daa7cd515012671586e847035543748c2ad4bf2395703309549ad7281b2a2e6
78,VNzgret6z1FsPZQA,1745011827713,17,1745011827713@PWAVNzgret6z1FsPZQA,c1f237e99de728df39c8d78807837f717d62eb29034a42b349a94c040082423e460fddee208cd564ba7c7b60b0a9689f
78,VNzgret6z1FsPZQA,1745042501713,2,1745042501713@PWAVNzgret6z1FsPZQA,81b5cfa5d24c1a29e4658539d05b967ca647c9cdf8a5c8a55503424585848dc7a0bb188aa8057fd73bbed4c1d460eff5
78,VNzgret6z1FsPZQA,1745044555713,2,1745044555713@PWAVNzgret6z1FsPZQA,9bacd5240b83a869b460aca90038557f48a455e82198058821d65b70d0e55d218f696b474cb2df9d08c3e75a75061bab
78,VNzgret6z1FsPZQA,1745016745713,18,1745016745713@PWAVNzgret6z1FsPZQA,dd8b7ed62fd5aa6123784281bb941880aa720ca59f877e95a89d36f3b697b6768c95c799d887f19ac7bbf8b89c6755e0
78,VNzgret6z1FsPZQA,1745041715713,1,1745041715713@PWAVNzgret6z1FsPZQA,489c00cc310a5f5653e59387e5fc1bfbd4d595c6d49070d9408f00739f03dfcc15dbda63ee5b97df07762487ac01b60e
78,VNzgret6z1FsPZQA,1745059479713,6,1745059479713@PWAVNzgret6z1FsPZQA,3c0d1140311726c5b11a8125d41a90ac4ba7d876e53c1b0fafb0c8f78c9bb0d3329afdb346235abbdf8e7e80113c6c03
78,VNzgret6z1FsPZQA,1745051404713,4,1745051404713@PWAVNzgret6z1FsPZQA,6b195a72a41f5fe8dd7604c971327da82040f42917403a62d671cb5cffed56100f2da38afde7cf58b47d3de88dc8d067
78,VNzgret6z1FsPZQA,1745038829713,1,1745038829713@PWAVNzgret6z1FsPZQA,f930a6c80ef14ba92779a8bfd07b95163a3075cbf40b2e08f4e4c0dc3c3d7de9dd371e5f98d1595e22d691918bf88008
79,JXDCKX8Zz5kgGaBk,1745042610713,2,1745042610713@PWAJXDCKX8Zz5kgGaBk,685f3bbdad5ef96b0a4d442a29a20e2330b1ac3ef4f45f8509ff1b9de67d9bccd74b902ee5810ffe046a3c14626a5f78
79,JXDCKX8Zz5kgGaBk,1745029631713,22,1745029631713@PWAJXDCKX8Zz5kgGaBk,1a9f940ba930d55c7fd9af659cdc72c300b81d6c2e699037a5deedf51b47fee826e33e97dc495e28ba3f4740449f59fa
79,JXDCKX8Zz5kgGaBk,1745014880713,18,1745014880713@PWAJXDCKX8Zz5kgGaBk,1619c453f00b2e1d601fe0289db8de395afce54b9a0a2154fe3d534030bcafa3ed2713aaf0cbed4d33f4f9d941e74a58
79,JXDCKX8Zz5kgGaBk,1745035066713,23,1745035066713@PWAJXDCKX8Zz5kgGaBk,320c6c44c62146e2b6fc5f76c2d56eaf5f9c8f20495e5224a6f9d82032baa39da2391239f88d51c213bb9126ecca8c74
79,JXDCKX8Zz5kgGaBk,1745025164713,21,1745025164713@PWAJXDCKX8Zz5kgGaBk,7985f79c45de9ed3d53fec3ee7c0623878e357812d0c3af911907245f8eba07d62cc08cd265af6365b0e33385d5ef1b5
79,JXDCKX8Zz5kgGaBk,1745022662713,20,1745022662713@PWAJXDCKX8Zz5kgGaBk,511358e6262ddc195d3a644b3b2e6e40d20372d4b5983f30b3a2219a6fd8f279ffd6e7f820b6942bd044900cb46aa2bb
79,JXDCKX8Zz5kgGaBk,1745076784713,11,1745076784713@PWAJXDCKX8Zz5kgGaBk,200e74c6547e9d3432e228d48c3a91148fe8d9cbdba3b796c2b8139dd0a66e857febb3aa33d9138d3cac64dc08802462
79,JXDCKX8Zz5kgGaBk,1745021360713,20,1745021360713@PWAJXDCKX8Zz5kgGaBk,b35025e21d5dc69038e963e574065ff346f5eb389a78bf84ea8cb485267af9a34388aef7702722b9563975aa90654da2
79,JXDCKX8Zz5kgGaBk,1745017586713,19,1745017586713@PWAJXDCKX8Zz5kgGaBk,eea6f6c45291266b129a53c8d969a6645dfac6f45f671eadd1688267cc7ee51314d48c8afbca77923f95d081855ab074
79,JXDCKX8Zz5kgGaBk,1745031928713,23,1745031928713@PWAJXDCKX8Zz5kgGaBk,da513513f462b7a980eed233143c5bb8ff713712ab350546c9a45e4044c65a2b5589800aec40f239e9cdbdee733c7a05
79,JXDCKX8Zz5kgGaBk,1745063294713,7,1745063294713@PWAJXDCKX8Zz5kgGaBk,b40714a75d94a89eae34c60778e8dffa143e336ad14e0b1664276f91628f0fd7d0ec0c46b1140ccb7c64d805bfc3e950
79,JXDCKX8Zz5kgGaBk,1745013342713,17,1745013342713@PWAJXDCKX8Zz5kgGaBk,a0fc8fc27fcf26455d7e8679ba68c82f524e7b584a46e10b472db805b5a4a42df4b961a3631939488ff2c53606b9cfe9
79,JXDCKX8Zz5kgGaBk,1745077468713,11,1745077468713@PWAJXDCKX8Zz5kgGaBk,230808a1353336200e98508be71f1468f5a8aebdfee601a825904b89fb82d3ed8c098b3ee912c7c4d5ffcc57cb2a14c0
79,JXDCKX8Zz5kgGaBk,1745055912713,5,1745055912713@PWAJXDCKX8Zz5kgGaBk,542f1a73a94ff8689bb482933da43d0a146b3b5bcb02697c1aff053d90cfc3f60b162135c63c59308e11e770b2585988
79,JXDCKX8Zz5kgGaBk,1745034025713,23,1745034025713@PWAJXDCKX8Zz5kgGaBk,93fd9e754477675886c996f8bae6fafe15f0cc5b83d2cee73fd74b88e4c9fba9e872288062e354470d7e31df437d8d45
79,JXDCKX8Zz5kgGaBk,1745011230713,17,1745011230713@PWAJXDCKX8Zz5kgGaBk,46e6b899f9fe69d8ef65836dad6836c4d6a7765aa2e746fbd7a7bc6de9ad9791b879b0f4bb3d15ab10505ae0359e668d
79,JXDCKX8Zz5kgGaBk,1745012460713,17,1745012460713@PWAJXDCKX8Zz5kgGaBk,746d1f21cae53aa73f39687488560145cafd252d060ed58b6b68e03f8cc090e8bb8d59247e23f183feee68b7e60a4a1c
79,JXDCKX8Zz5kgGaBk,1745027777713,21,1745027777713@PWAJXDCKX8Zz5kgGaBk,9d395352be2ec4732d69894a65538c8f53a38559c76ebd485933addf07a04c20d13ff621e42d9a3b9db2829f8ee249f7
79,JXDCKX8Zz5kgGaBk,1745046099713,3,1745046099713@PWAJXDCKX8Zz5kgGaBk,3e92ba5202545fcfe1fb9179a5b61b0ce6a0af86be39e24d307363d29cfe7e7664843084847120f048359cfec0d64644
79,JXDCKX8Zz5kgGaBk,1745025186713,21,1745025186713@PWAJXDCKX8Zz5kgGaBk,905a5078de896ad46f96e45fcdc3e60ee1ddef439242d6288a4910b0eaf09d2de1bac096a0d240358865877385f711b0
79,JXDCKX8Zz5kgGaBk,1745070981713,9,1745070981713@PWAJXDCKX8Zz5kgGaBk,7c1d530a709992cefb8c7a0ac6617d86aacb7479a153ac7dba0d3481c980148c8d8c94d6e874405d30e8f5c605b40f94
79,JXDCKX8Zz5kgGaBk,1745020071713,19,1745020071713@PWAJXDCKX8Zz5kgGaBk,4f78c2cc71c83412904186e97317d8317018fd10527f7b10d2b2233777906cdaab53ec313612426f9783f88efae79d9e
79,JXDCKX8Zz5kgGaBk,1745008304713,16,1745008304713@PWAJXDCKX8Zz5kgGaBk,88b6a58ebe64988f5a19a3031b5c0fd5a102e8fc216bf897533543cfa1e4d08e11f97d512167d80dfb09ba4d392fb854
79,JXDCKX8Zz5kgGaBk,1745065606713,8,1745065606713@PWAJXDCKX8Zz5kgGaBk,3d84d5b15997810b57f1b6abb5e6772d65635a5bbc7d4503f8ad22e5d46d5ff6ae5212c6aa9f87d24fa4aa829f7349ba
79,JXDCKX8Zz5kgGaBk,1745033900713,23,1745033900713@PWAJXDCKX8Zz5kgGaBk,5b7c47049d5f923f1badbb0f5ee1cd56901d68e6773a388017a00858e444ac6abea956ac18ac6d1d8cafa19454c34658
79,JXDCKX8Zz5kgGaBk,1745039365713,1,1745039365713@PWAJXDCKX8Zz5kgGaBk,38b85e7be428a7459923e5cf1f5f6ef846ce3046d2e9b8157f75af539de79b46fa72bff325941a6d97f988734168ecb2
79,JXDCKX8Zz5kgGaBk,1745071185713,9,1745071185713@PWAJXDCKX8Zz5kgGaBk,b1bc05c624e96e90d6925a0e21ccd5828fbf841cc7942fc7d7551fda7353e77fa3533bdd83db410e91c7561aee4df99a
79,JXDCKX8Zz5kgGaBk,1745077092713,11,1745077092713@PWAJXDCKX8Zz5kgGaBk,96e07d145d722cf8cdd906b29219ebe5e084c7e35aa7788b308a93b2e16140dff49b3351a04bbfada4e633b6bcd2a8e2
79,JXDCKX8Zz5kgGaBk,1745054048713,5,1745054048713@PWAJXDCKX8Zz5kgGaBk,6444d84923503e0c3294b6481308a6f12109a1599f849d6133720365885c45a327d6d9eafea82d231e047505dca0e1e4
79,JXDCKX8Zz5kgGaBk,1745018740713,19,1745018740713@PWAJXDCKX8Zz5kgGaBk,cd3fd79064e03526aed1533dd4c787a07995be8856f97a3d252312e728d175e59a45fee42eaf1ab24d32cf53797013be
79,JXDCKX8Zz5kgGaBk,1745075177713,11,1745075177713@PWAJXDCKX8Zz5kgGaBk,3647c61e9c2aa8efa727aadc3d32499209ae292169b7197aa8def2031f144e75b2c8fc5f6a6ed4ede0fd82dabf94b933
79,JXDCKX8Zz5kgGaBk,1745059626713,6,1745059626713@PWAJXDCKX8Zz5kgGaBk,4084da40f4fd8edb2831b753f318d6ab05e8f6b894d63f842f35580a5ee752a38e995406f211308d59afb5c8f2144855
79,JXDCKX8Zz5kgGaBk,1745068706713,9,1745068706713@PWAJXDCKX8Zz5kgGaBk,3a52d919e0298138ae7b5ff4720443f961569900eeeadf61e9c680c16013a9754d9e092abe066f57870990203b02efaa
79,JXDCKX8Zz5kgGaBk,1745071510713,10,1745071510713@PWAJXDCKX8Zz5kgGaBk,1d561a7ffe622eaa0c772ccb9c0fa3230af26114d6c63d8ca29349d174f45bdaf63b22b31439899e8781685e96daa7ff
79,JXDCKX8Zz5kgGaBk,1745067949713,9,1745067949713@PWAJXDCKX8Zz5kgGaBk,851c62b68106a10aded8d9c1eaeb357eea37059fa8491cd1fb68124702adc2c5767146c15235d02d7981306ba1ccf983
79,JXDCKX8Zz5kgGaBk,1745053872713,5,1745053872713@PWAJXDCKX8Zz5kgGaBk,5d6c82dc2faaf28db2962e025f9e5d3fe1691fa5bf6188686f1cc49fee0c57c8c5dc9d54a3f2f5a527442a18f088fa15
79,JXDCKX8Zz5kgGaBk,1745024224713,20,1745024224713@PWAJXDCKX8Zz5kgGaBk,7ce004991979f7298469db55ad76e7493226ed51d864d23de93dd07f43ec0b0c5a976c973f2962a10b6fb59413b6b565
79,JXDCKX8Zz5kgGaBk,1745069921713,9,1745069921713@PWAJXDCKX8Zz5kgGaBk,77f4273c614277c69d4bf01a7077b32fb05631dc8e3840b028e3a104068c1ddfe0db4703449538d376d3b12e06f3ef18
79,JXDCKX8Zz5kgGaBk,1745074578713,10,1745074578713@PWAJXDCKX8Zz5kgGaBk,d7c311959b1745875ab7bb41bd6c2083ef1081d3d243dc839e8cfcbea4eba6539ca6da70d6e7acbaf55fc2311a85ea03
79,JXDCKX8Zz5kgGaBk,1745053385713,5,1745053385713@PWAJXDCKX8Zz5kgGaBk,cd13cdacbf0d703b4f9fe9c3e20dcc3679febcbdd9d336f653f7c04ba671307ae2790ee40fefb7c2d60d8d6c5f448ecd
79,JXDCKX8Zz5kgGaBk,1745064772713,8,1745064772713@PWAJXDCKX8Zz5kgGaBk,068da3a11a373c1cec04e7886dde0159603a768fea5e8109b4cee7508f3def97b5715b100d0d9adb79e11af075888801
80,rSdgoWMHEuUauSx3,1745023867713,20,1745023867713@PWArSdgoWMHEuUauSx3,a3d9b85d4bc0b81ed82237848a6336285481524fb1c99d15cded4e58d87edf98917a3ea0079660a659af8e10f6811206
80,rSdgoWMHEuUauSx3,1745074085713,10,1745074085713@PWArSdgoWMHEuUauSx3,9ccd2336e50aa9f332d8dc4c513da672cded42eec5c5c6ffeb827d24cc0da7e219b31a0489628492519f275dc9394a75
80,rSdgoWMHEuUauSx3,1745069730713,9,1745069730713@PWArSdgoWMHEuUauSx3,e4683f1d1418356c7bd4828742bee70cee35d23ace0f893ed11b9588eddafd57f26bf358794d5d44aed7ec8c6732448f
80,rSdgoWMHEuUauSx3,1745046228713,3,1745046228713@PWArSdgoWMHEuUauSx3,aa4dc17c80e6266946c87edddadb6ccc462cae957bcd0984d308cce295bc050461716efe4c2cba83d8b7f7af4bdc220d
80,rSdgoWMHEuUauSx3,1745024782713,21,1745024782713@PWArSdgoWMHEuUauSx3,3559c6e1be5aae829b4ed49dbf06f4134b4a83a3076299b46796ee38ad31493610313b38f8a1791681bc865e66766d32
80,rSdgoWMHEuUauSx3,1745016332713,18,1745016332713@PWArSdgoWMHEuUauSx3,837be1a5a646dc837036d07e1c167a7e4d23d9d3594fc9901316c6f74572342c7ed1404fc0a7869a2a5933254ceb1e1b
80,rSdgoWMHEuUauSx3,1745029479713,22,1745029479713@PWArSdgoWMHEuUauSx3,ea147b36df70f6f6ec5aaed19e561ce7cfb95ea3ec33b8ea1712a3d4ca7f9071a1be8e4609fbbbab603544034d964587
80,rSdgoWMHEuUauSx3,1745014137713,18,1745014137713@PWArSdgoWMHEuUauSx3,3ce0ca1b432cba23b77647366f420112124cd64366703a6c5e48f9c7bb58fbf1dc06a3d631cca70a3f9806f6df4196f0
80,rSdgoWMHEuUauSx3,1745071538713,10,1745071538713@PWArSdgoWMHEuUauSx3,f19d7e5585f185866755f03aa53ed918edbeb6a0a53b39142b2ae177bbf0ec402fed5826c620e4c2770a2cdc802e778a
80,rSdgoWMHEuUauSx3,1745013483713,17,1745013483713@PWArSdgoWMHEuUauSx3,e9bf133e14d4d1f55e5635c65aa30ad0818074c0a9acb515979447603e47066b73bf4ed89b78628b50bde571612b9ff6
80,rSdgoWMHEuUauSx3,1745040833713,1,1745040833713@PWArSdgoWMHEuUauSx3,ad1adc9df199318d9be2e4526c718e7b18a61ef5d4a1c0fe1e57306d53abd46ce28a301887022721670c1fe4f6c4d816
80,rSdgoWMHEuUauSx3,1745074519713,10,1745074519713@PWArSdgoWMHEuUauSx3,499bd61b79390b673a42382eb12bb4aba7538081afc2a01b9239553c5f718a13c63886e2bd85df4d5bb8f767c71e5368
80,rSdgoWMHEuUauSx3,1745071449713,10,1745071449713@PWArSdgoWMHEuUauSx3,26d249a28d67414ea2a7c8c9b8d39bfe8ed145c5f716b1942aa1813d34d005e5b4ac700177c0efbfa4957e80769bc5d8
80,rSdgoWMHEuUauSx3,1745076899713,11,1745076899713@PWArSdgoWMHEuUauSx3,a6a63fd08b693bf66c9a7e2c3e50fc7306a22eb9120dc7568c93575e0926b153b1437d27df7357ca81bf44d855d2edab
80,rSdgoWMHEuUauSx3,1745021787713,20,1745021787713@PWArSdgoWMHEuUauSx3,dfc3b5596d6195433eb502896660a2f37c0c7438afa7c7974b67c98fbeef674650200c1183365703f6553bd9e5eaea47
80,rSdgoWMHEuUauSx3,1745015448713,18,1745015448713@PWArSdgoWMHEuUauSx3,fd98eba154574cea26c0033f119e8634f3cb7b6581d164e57a5ceb27167637f58ad914ec6f6d25d8bb2370f57e26c060
80,rSdgoWMHEuUauSx3,1745017352713,19,1745017352713@PWArSdgoWMHEuUauSx3,eb489bd2195376de004a8a95815164c038010cf01bedde3a5c54e1c0a7f5f6e5b113c5438101af94f41d63bab8f183ed
80,rSdgoWMHEuUauSx3,1745060269713,6,1745060269713@PWArSdgoWMHEuUauSx3,5db1f2e112662e022c7a1bc944c1626172671b14df7b133c39392912e57cc3b33405729b99e07ed8cde7abc2d3d273ef
80,rSdgoWMHEuUauSx3,1745009876713,16,1745009876713@PWArSdgoWMHEuUauSx3,0d9b3ca8ffbbb6d446712d5e54e9381cfc395464cd791988a98dfbd432af00bcc91918bf372bcec4f1fce36883759491
80,rSdgoWMHEuUauSx3,1745009027713,16,1745009027713@PWArSdgoWMHEuUauSx3,de4f392213096ce4865f99ec048c09c253c4c81d05015b24635e74b9969882077d3f851eadc26e60c413b71b30c08bc0
80,rSdgoWMHEuUauSx3,1745048079713,3,1745048079713@PWArSdgoWMHEuUauSx3,123c6f6a5ca8ddfa1d982c7e8adf34f209caf8b5302efaddfcf81b916b9a9eae98194e4f3fa7459e3303cff7385fb6c6
80,rSdgoWMHEuUauSx3,1745013752713,18,1745013752713@PWArSdgoWMHEuUauSx3,b745e4fa8c31cf5803a5ee458f19a607bf70555f810f530f97b0849c77e619425100517c58addccff4d8c31b9896e975
80,rSdgoWMHEuUauSx3,1745027350713,21,1745027350713@PWArSdgoWMHEuUauSx3,656fe2899ed0de6aa7f612de650a1f21acc6acf1deca35c48461572502ef184e181ed324648e183e52d031a257ceee70
80,rSdgoWMHEuUauSx3,1745023953713,20,1745023953713@PWArSdgoWMHEuUauSx3,71f51779fb02c59fffc9d51e9e9fa14160cb989cb6f0a0842b28475cfeb603af755fc0e74f9cb3c0d956392894afb5fb
80,rSdgoWMHEuUauSx3,1745051032713,4,1745051032713@PWArSdgoWMHEuUauSx3,33d9da2509b5503f0d00760bd975018863e1da3362699aea36ac73af7ce64054596886db010933e1116be6074f79915d
80,rSdgoWMHEuUauSx3,1745013539713,17,1745013539713@PWArSdgoWMHEuUauSx3,3f191e7897e6f07d292a2ce2ceabc1e8f0267417c74a378302a12b1938bd7a6c14fa6e37e58a4bd7e0aceb7bdd2dc219
80,rSdgoWMHEuUauSx3,1745039588713,1,1745039588713@PWArSdgoWMHEuUauSx3,d29fcad1e98ee269fef864464b7e126c7657324fe0568358e9468e9711c5a151f92622805d4914ad074711625eac8b8c
80,rSdgoWMHEuUauSx3,1745017487713,19,1745017487713@PWArSdgoWMHEuUauSx3,b86beca1d9b41c58dcc17721bd949e387d3e637d302a5c0f65a726a413fa25135d6187e906e5942dee0e566a3042496e
81,VrIbLskJUih20TBe,1745065030713,8,1745065030713@PWAVrIbLskJUih20TBe,a65caa07979670aee9b1afef59e9eae0dd4fa317c3d7ee600f506daf129bd850534a88172bd30196f288add9b6367ca4
81,VrIbLskJUih20TBe,1745055923713,5,1745055923713@PWAVrIbLskJUih20TBe,7bb66e203ebf9a337049ada03e93dc44c10eeec47109bd489ea0b9ec7e74f051a1b2f56184729ac2046969be5381a0cf
81,VrIbLskJUih20TBe,1745046827713,3,1745046827713@PWAVrIbLskJUih20TBe,e8c70ef0336e82a03de034cf30db4a09de4ca4cb88c348d7296cf5c66978021bf3d90b11807c08d7da74214a3a3fb286
81,VrIbLskJUih20TBe,1745050338713,4,1745050338713@PWAVrIbLskJUih20TBe,883093cfb8523e1f339e1252ba1b1655af311d58493cc0020665945b7013252f560d62b05105f93dbd347b1ae21915c7
81,VrIbLskJUih20TBe,1745036845713,0,1745036845713@PWAVrIbLskJUih20TBe,91a072300338a62004ca5db8ac0ae0368b7e824241b7e3bfd6b8ba02368179406e340d361778e3921cca8d2da32ebaaa
81,VrIbLskJUih20TBe,1745032871713,23,1745032871713@PWAVrIbLskJUih20TBe,8dead0a8492560660f5832835bee995be191d6197650a93082a7910dafe92b7a8093012cec16abdfb95153c77aad4656
81,VrIbLskJUih20TBe,1745061137713,7,1745061137713@PWAVrIbLskJUih20TBe,22a86e4b44e07806b3791e309b3cad61123dad814b6408bfc3bd947e759826436dd440084df2d0f0a867abed80137773
81,VrIbLskJUih20TBe,1745072973713,10,1745072973713@PWAVrIbLskJUih20TBe,0c38d07dcc9e96e18b76af95acd3de8f132da8e36cb6bbe401f8f966d9cf20cf67d2d5c57c3b412b902d73ae7f42c49c
81,VrIbLskJUih20TBe,1745008785713,16,1745008785713@PWAVrIbLskJUih20TBe,c3f3840c56af7406349ef99fe9baba1ecf7aad3a38e81933e9e9549ac9868c33a5e604b2f2482add6e5afd48015d43dd
81,VrIbLskJUih20TBe,1745009886713,16,1745009886713@PWAVrIbLskJUih20TBe,137f8ca750d92b9b9c538db5b97b3c4fcade75137353b6914b832c831165f0110dfd44af2312bc49965b5302bf04ab2f
81,VrIbLskJUih20TBe,1745061317713,7,1745061317713@PWAVrIbLskJUih20TBe,fb2b9b6d187d84fdc18b42412b192dfb15d56dbf7feeafe19f46143e9c5c5396fa90ef06670f3552054ac38b51fcae76
81,VrIbLskJUih20TBe,1745037076713,0,1745037076713@PWAVrIbLskJUih20TBe,a8803060670c2ade11925c2a1e800e689c89ec7943efd1b62e59ca8bc51a87b89c8ed91bc12160937748b1dcf4641fa9
81,VrIbLskJUih20TBe,1745061589713,7,1745061589713@PWAVrIbLskJUih20TBe,eb5b2e145f5e31a521df97311f1b8ff154dbaa65862439f094403f8fbf3187572312fa99603bc93b24c7e03c24aa972a
81,VrIbLskJUih20TBe,1745020340713,19,1745020340713@PWAVrIbLskJUih20TBe,cf95539b8ed505d0ce81d0a4e31ea5c2a2d73e412497eff0906c9af4c251c0479d4053a36b94c49f859162b51fb283cb
81,VrIbLskJUih20TBe,1745031171713,22,1745031171713@PWAVrIbLskJUih20TBe,70b6362c29491ecdfe0c1ee159cd7002b586cdfeca4fd9038ce3cd08c9248fb92a507c623669ec91133a737b078cdc98
81,VrIbLskJUih20TBe,1745067263713,8,1745067263713@PWAVrIbLskJUih20TBe,c609cae03a8eb188b386aa5307aa6516df8fcbb34e2bf60fa8cafec73f1ad7469d448714c9d5d91b05e952f12166067f
81,VrIbLskJUih20TBe,1745021866713,20,1745021866713@PWAVrIbLskJUih20TBe,35657098e94cd2140a9250bfff0ecfe62c2a045a3c7456ff2cb58aefbe8a1bc4c07fc0957d9de42a5c9f6f8f1f84ed56
81,VrIbLskJUih20TBe,1745030456713,22,1745030456713@PWAVrIbLskJUih20TBe,ef1c098ad84905a9b409db68c1786246ea25bde1098496ba68d11dc92a9b0318b4678bb022657c71806a46ebb7b11f91
81,VrIbLskJUih20TBe,1745019002713,19,1745019002713@PWAVrIbLskJUih20TBe,225396a80aaf726e815c226d822d98dedbc188a94e593a80c4636edb8e9a06c8a435d5ce27dad5ea16db42eebb4a96b8
81,VrIbLskJUih20TBe,1745054289713,5,1745054289713@PWAVrIbLskJUih20TBe,53dc5cb71876eb5d524aeb6e3753044b6c865c734aded3e13729d5c25dcf322d87e6487d3086baaacb8eda89013c69a0
81,VrIbLskJUih20TBe,1745029938713,22,1745029938713@PWAVrIbLskJUih20TBe,d672908c38c01dbd7a9a3226aec91fdcd0bd1f3ed7f5ec52bc2614a24cba8abf914617be905fea7a39a295d0ef57c7e9
81,VrIbLskJUih20TBe,1745071441713,10,1745071441713@PWAVrIbLskJUih20TBe,55d3e17e3b00ba0ce381c36a1b299dcdf12c955ce78d0154a0c155c432c36671ad4b616d78772f8e1059ed15101b30ac
81,VrIbLskJUih20TBe,1745024786713,21,1745024786713@PWAVrIbLskJUih20TBe,1a7e49eb272a564c153282773040ed84bf8418a7127401fd1c2e19d7908301b3c37b82dde4b06e81069fa54ea64af4c4
81,VrIbLskJUih20TBe,1745043431713,2,1745043431713@PWAVrIbLskJUih20TBe,cfe212265ebffb4bee7d04b79739fbed70561a275f7236f542ab766250e3716a87ad47259872f1a92163d7e3676133a0
81,VrIbLskJUih20TBe,1745073448713,10,1745073448713@PWAVrIbLskJUih20TBe,1a7b48d436cff14cdc28396020b57435f436ddd165b5ec641198a90d536e142ae15d68a99fb76d8e6100ae735f23591b
81,VrIbLskJUih20TBe,1745075809713,11,1745075809713@PWAVrIbLskJUih20TBe,337500cedff4f3efd60f7f7039590497c2227ad8bcd62ee9b4359d1bd06b7031ae56843a787e836ac1904b96b4a4291e
81,VrIbLskJUih20TBe,1745066952713,8,1745066952713@PWAVrIbLskJUih20TBe,40d02985eee786cdace0f9b3606608cbbca9ff0ec62283f9edb81b5b6963bdd10a51b6d5c0c06935a631aee36b68253d
81,VrIbLskJUih20TBe,1745005741713,15,1745005741713@PWAVrIbLskJUih20TBe,35d0fde8c6993d24e4037fa5a9d9feda0671d9c55a6c6dcd060c93631c8cf18f2f3dc62189b479efd1c217cc4f859bba
81,VrIbLskJUih20TBe,1745059576713,6,1745059576713@PWAVrIbLskJUih20TBe,d185ef56a4d0f873cdbec903160902ea975729f3c965de8e400a12a8c0704bcace48b6478f9efe2c0e93471af7a1e30b
81,VrIbLskJUih20TBe,1745067406713,8,1745067406713@PWAVrIbLskJUih20TBe,12d9722bfd5c058d347107746c5fd10387982c97d32d0f4b849bbf3b6bab711614c48b3f3d9a7414e2c60647bc3e310e
81,VrIbLskJUih20TBe,1745011949713,17,1745011949713@PWAVrIbLskJUih20TBe,e0f15b42c3c879019d2aa74bcc0190bba38b3a84bcc7c88c9c10bca9960d61cb7402c5c608843664791094af8631d5d0
81,VrIbLskJUih20TBe,1745011622713,17,1745011622713@PWAVrIbLskJUih20TBe,4d8d1368cedea95f9235c7db2acf81eaf7f5504c0da60acf431e3aaea20ac2f409e749ef7c847724c65dda1d3b722b03
81,VrIbLskJUih20TBe,1745062992713,7,1745062992713@PWAVrIbLskJUih20TBe,adc3a4f7af6dca5da689cc093cc7d2d2ffde5b54b67d9de127cdc29e07913b44900562c54c79d8440a0335f86863d217
81,VrIbLskJUih20TBe,1745026205713,21,1745026205713@PWAVrIbLskJUih20TBe,9bc92883d71bb322ffbd9753ce1395e978bb2d9e82852556460a0719905e14eb371e10cc3d11e645c7899f6615239dfa
81,VrIbLskJUih20TBe,1745034365713,23,1745034365713@PWAVrIbLskJUih20TBe,c07a0d0997725aa5b8cac2ab12632c258afb3eec820b2df23d947ee254c481eb8fdfce024b943db3a4ad6abecd66b432
81,VrIbLskJUih20TBe,1745074348713,10,1745074348713@PWAVrIbLskJUih20TBe,592b4be07b2d40eb10423e83336dbbcfac9de85f3df6f64797eddc15859b07ce322a5bedb1323b4e769df3603d407088
81,VrIbLskJUih20TBe,1745054821713,5,1745054821713@PWAVrIbLskJUih20TBe,42472d2d19aac88d2fd1930c50ce5f8baed25908731c12fad1b1266307bc01a542a4c0b33a94e8e1e26af761bcabf711
81,VrIbLskJUih20TBe,1745010835713,17,1745010835713@PWAVrIbLskJUih20TBe,134a3c1722b4afed30adef87b36828d45ed94cc382fbcbca6f8ce78f934760e3c740684928911cc7c6a8b347e951849a
82,p6xYp5Hi8OHq2vR8,1745019945713,19,1745019945713@PWAp6xYp5Hi8OHq2vR8,f6d2e6a8bc39eb9c167e0f1e4d9c93c1f892ae5ea71d5bedd17cae63603a4fa99dffb1d4f28d95f3d3fd240e06ac7120
82,p6xYp5Hi8OHq2vR8,1745066345713,8,1745066345713@PWAp6xYp5Hi8OHq2vR8,371355d7efce2ffe29d0e89b3d91c37137a3de2b05aa79b920c7bab1a1def2538e233b488cc87e96c2171e104031b737
82,p6xYp5Hi8OHq2vR8,1745042815713,2,1745042815713@PWAp6xYp5Hi8OHq2vR8,e147047d79df27dfac09e3b5bb4c908f00732d978ec0b795af5c91102464ea8de4988dd73d12ddd57dac795926a00be5
82,p6xYp5Hi8OHq2vR8,1745025345713,21,1745025345713@PWAp6xYp5Hi8OHq2vR8,5b58e3dc806bc80f53967f22491720077d6203f0505c855434cb896901c3ae818d9f2a69642d78378dd953a83ce84884
82,p6xYp5Hi8OHq2vR8,1745015280713,18,1745015280713@PWAp6xYp5Hi8OHq2vR8,ce14f9cc6d13054d5b8426cdcf522dbb8d5a6892f5e563578e29e0fd6c0b7fed5a385e18e6749be61e62288c6a95139f
82,p6xYp5Hi8OHq2vR8,1745029272713,22,1745029272713@PWAp6xYp5Hi8OHq2vR8,c2fe82e2c65630fb3034e989bbd5a922fb309c557a218d46b810463dd7d336b153b464bb17d2ad3efbe05648101b8626
82,p6xYp5Hi8OHq2vR8,1745036847713,0,1745036847713@PWAp6xYp5Hi8OHq2vR8,cebc4d1dce0ed514108918b223e7861771330e4b95e4e568d79958376f86516b54e1f0481b07ce988435d81ac4ad9b50
82,p6xYp5Hi8OHq2vR8,1745048010713,3,1745048010713@PWAp6xYp5Hi8OHq2vR8,bd01f6dfcb148824c7df97d85687a9fa11645c93b4bc1c893fd3616d428372a2b87d8e00d9dd73d639205758a40e1a4b
82,p6xYp5Hi8OHq2vR8,1745061643713,7,1745061643713@PWAp6xYp5Hi8OHq2vR8,cc87e456ec2ad16076f32207e75de264122e51650d7b4f578fa4491677895443d05d7a25e6da5146aa24ff4ad96a3f68
82,p6xYp5Hi8OHq2vR8,1745011218713,17,1745011218713@PWAp6xYp5Hi8OHq2vR8,575a217cc71557037af0898a631a2e615dc38c3f92cadbc42343e6ebbf448d2cf62cf1819d1276b2a7fda73f6ff8e9d0
82,p6xYp5Hi8OHq2vR8,1745037353713,0,1745037353713@PWAp6xYp5Hi8OHq2vR8,f10dc33a42eb509dc6f29fa45760222aa290369856c6ccd783d2860b775ce45cf11fefa2060117c8d973a29fb1d287e1
82,p6xYp5Hi8OHq2vR8,1745034665713,23,1745034665713@PWAp6xYp5Hi8OHq2vR8,7add78e7626bf329d8a16cc477c15ce8a469223a05e61911f1cc264d6df8e3a10dadcb7512c9e1ae2a1ac1928f4d6da2
82,p6xYp5Hi8OHq2vR8,1745058807713,6,1745058807713@PWAp6xYp5Hi8OHq2vR8,d467ea5d3708cc73017edc2fd474a9ae52ccba26d6f042dd8b46778b6f2d56fa70c15e8613d7a2c9e31bfcbff40c39c0
82,p6xYp5Hi8OHq2vR8,1745010394713,17,1745010394713@PWAp6xYp5Hi8OHq2vR8,9abedd6ca05a35e929f7d854c09166848f2c10753c6e549e33b8b7eb87e7addf7bd6624112431c21024083c6731280a1
82,p6xYp5Hi8OHq2vR8,1745036862713,0,1745036862713@PWAp6xYp5Hi8OHq2vR8,4037eec23a2e8a7720ddb527a76171ab8d08c29d9c5eac7b745b53865d82504a1805b6cc8236645a0ce9a308a595ce26
82,p6xYp5Hi8OHq2vR8,1745013948713,18,1745013948713@PWAp6xYp5Hi8OHq2vR8,d180d8d951aa3bd81771974ecf40619fa9d8267d1f9737d0b6c8734dc598d895b728f401b2ac73f75734583f47bcfc1a
82,p6xYp5Hi8OHq2vR8,1745050041713,4,1745050041713@PWAp6xYp5Hi8OHq2vR8,1a01fd3aebd3ec7cffd0cc6bda6882d3e77a2b2a84ae42bad0dee44f7bbf098c91fbede3d5d450a771157712dbb05721
82,p6xYp5Hi8OHq2vR8,1745015225713,18,1745015225713@PWAp6xYp5Hi8OHq2vR8,51d1011320e986a3820d34a65239b1ac9aeb9d59f6d647c45ea1aaf9ab97c24cac8500ba03e8faca53b4f0175a4c523c
82,p6xYp5Hi8OHq2vR8,1745067338713,8,1745067338713@PWAp6xYp5Hi8OHq2vR8,928a7bc00ecdc75e542426990d5c89ceb6b56b42147a53c8b16defa90a39adc2cb71318ade806832c3ef16eb54d90080
82,p6xYp5Hi8OHq2vR8,1745008067713,16,1745008067713@PWAp6xYp5Hi8OHq2vR8,0f1d1f0657cfddfb06a94deccbef7e517f78792d00f69a51560bfea9e2b9d846150cbe2780471bfcfec30ebd5f014750
82,p6xYp5Hi8OHq2vR8,1745056582713,5,1745056582713@PWAp6xYp5Hi8OHq2vR8,0e304134b3a13e180e4cd241457378bc5db33a86703412f5c14b520a7764cabd067fe927c3fea9109df3f88445a62b32
82,p6xYp5Hi8OHq2vR8,1745030460713,22,1745030460713@PWAp6xYp5Hi8OHq2vR8,79ec01034d93897fb78bd2c5d07d1dedacf6b4ba10fb440a459bbad3b48dd1d2f1dde89fd316d027223c1e05e690b1ab
82,p6xYp5Hi8OHq2vR8,1745031465713,22,1745031465713@PWAp6xYp5Hi8OHq2vR8,dd02aeed0e92999dce0c1c650afd2070f8babda8eb7c9948db6717b82641162ff85358b95deab6ce13789e0f2ecfcc65
82,p6xYp5Hi8OHq2vR8,1745033042713,23,1745033042713@PWAp6xYp5Hi8OHq2vR8,d3012ff1a75416b836370a866840c40dee441cea2a895794d256fbde9881d568495b839d9e7acdea2493064b8a45dfea
82,p6xYp5Hi8OHq2vR8,1745040248713,1,1745040248713@PWAp6xYp5Hi8OHq2vR8,08fe4d07c744b524503433fa1b19940bd0b3c72e36dbe598bc23870c621e7a2f687addf27d1b9d7a975756f0054d1b40
82,p6xYp5Hi8OHq2vR8,1745014931713,18,1745014931713@PWAp6xYp5Hi8OHq2vR8,d7909c5c990b4d8ec249af60758a9ec614690881d76d26399e9f2d7067831d5c65bf09fb3ea4b36d4ceadebcefc11ebd
82,p6xYp5Hi8OHq2vR8,1745058459713,6,1745058459713@PWAp6xYp5Hi8OHq2vR8,ff5360ef9ab0ea90441d4b2b7b25f21618dc24faabdb96ae4a98cc7c50febdbdfd462927b3ae21d559cd02f05ff28481
82,p6xYp5Hi8OHq2vR8,1745016719713,18,1745016719713@PWAp6xYp5Hi8OHq2vR8,58fd91ad41e27eef16b8b6598a44c88c1d198b0fa84d3a1a11b2a9281b3c7f71a39020069c6e549c694de8696c946c59
82,p6xYp5Hi8OHq2vR8,1745060351713,6,1745060351713@PWAp6xYp5Hi8OHq2vR8,4e3547e732a164738dd98e48fca35b8b0262bda038ec7b468a83be761dea0e10fc9f9c8e9adab386dfe96f872832e36c
82,p6xYp5Hi8OHq2vR8,1745060462713,7,1745060462713@PWAp6xYp5Hi8OHq2vR8,0209bfc47d3eddc2b59bbd9c28339fac9e692c31e4fca99056b49faaf8524c4fb673329c6f507e4a4e9a7e711daa88ce
82,p6xYp5Hi8OHq2vR8,1745038366713,0,1745038366713@PWAp6xYp5Hi8OHq2vR8,2430320d0219fbe8af0c063487356056cfb1f58f80bd925ce73185309301663995ab82ba2375550a65f8d5571bb1c134
82,p6xYp5Hi8OHq2vR8,1745050234713,4,1745050234713@PWAp6xYp5Hi8OHq2vR8,4ae1e783e4d4385954ff945384c609af102abeab97c8d37fb145ceff475aabf636288fe0fc403d11445d658512d4b6d7
82,p6xYp5Hi8OHq2vR8,1745041653713,1,1745041653713@PWAp6xYp5Hi8OHq2vR8,a57724b1deba042290c944731e1ab3f5fcc10a0d8fc2185f6b06efd2cb0fcd89c4940b191d623374a8b7ce1c62ea8b39
82,p6xYp5Hi8OHq2vR8,1745026763713,21,1745026763713@PWAp6xYp5Hi8OHq2vR8,6734a2d88b604c156b4b994a380362c44c4e6a27ccbb8f8346e0bff38c7b87dcd527bc5fed37527e8d0b72ff4d334a5c
82,p6xYp5Hi8OHq2vR8,1745022636713,20,1745022636713@PWAp6xYp5Hi8OHq2vR8,4d57f37e5eb24baa8601154d70e910256034efae14370fae4e8c822b800f891178bf4ef1f3a7ce0e430cf4bcb3f515d2
82,p6xYp5Hi8OHq2vR8,1745015620713,18,1745015620713@PWAp6xYp5Hi8OHq2vR8,ffb451e82b0a2f161c4ef6f9b12f9c7aa92aeb58305d8a9273c5fe448b7c8b148a2360b03c288ed2b6f1f6e397684cb2
82,p6xYp5Hi8OHq2vR8,1745073396713,10,1745073396713@PWAp6xYp5Hi8OHq2vR8,8fcbaf25635d52bc5668617a0e4dc02fe92fce51fca48c8f97370d536bcc28f66435156d063e3b1419b853a19600474c
82,p6xYp5Hi8OHq2vR8,1745073372713,10,1745073372713@PWAp6xYp5Hi8OHq2vR8,49813834b218d36f386f5144c3af3e2d14572a9dd8676f3e97d9b9f65a11e5a9ce3395c8aa6da575162acd8bb6241f99
82,p6xYp5Hi8OHq2vR8,1745021963713,20,1745021963713@PWAp6xYp5Hi8OHq2vR8,9d5873e8208b8747d5feafc8a4bf679a15756fd3c7502d3a58212fd869fd0c13ea0e56db9ecf1d24358f730baf93130e
82,p6xYp5Hi8OHq2vR8,1745038020713,0,1745038020713@PWAp6xYp5Hi8OHq2vR8,b2524e4d0c42bd0284a72aaac02d9cba5da56115b6419870dcd9b54c6eb33fdcda4ac7643137b18c45329c8e8bc573c7
82,p6xYp5Hi8OHq2vR8,1745060670713,7,1745060670713@PWAp6xYp5Hi8OHq2vR8,7a8e3e6cab2f6447efe27303bd689f24a88a143170d4e5230281ffece601fb7b74b2c4ce47af261c6163ba30aa9d3de0
82,p6xYp5Hi8OHq2vR8,1745037764713,0,1745037764713@PWAp6xYp5Hi8OHq2vR8,13f9e52544b38730ba265099d8b60d707b270e612293b447baceca1236a27dbb1c86e1927cf4ccefc61c89423a2ca111
82,p6xYp5Hi8OHq2vR8,1745006767713,16,1745006767713@PWAp6xYp5Hi8OHq2vR8,cac1edc6c5aaeadc3ac18df6fc5f2a7f490b2d93f9b9ae331aafd0898bb4c23e484b13c69f2f0d166eabca2c2ede244c
83,SptgyX0I6exPzWdZ,1745039749713,1,1745039749713@PWASptgyX0I6exPzWdZ,dcf1c5c47bd44620bd203a2e500d04ab8e1b336c918bcfa5de28c0048103ab14e11b2419cc605f62b79e6fa3358a3e75
83,SptgyX0I6exPzWdZ,1745050583713,4,1745050583713@PWASptgyX0I6exPzWdZ,8c0f488c5d451a420a5ca51717e2b55fca23406cd7baf46052962c81067f7a2a23b0f018647fd78a794fd361c350948d
83,SptgyX0I6exPzWdZ,1745031600713,23,1745031600713@PWASptgyX0I6exPzWdZ,ff0e9431bcd2a4400e52c7ebd845f7168462413f7fb4a5add1eced84645de0a5d48e4430a727ab1aeca23030515d39f8
83,SptgyX0I6exPzWdZ,1745023437713,20,1745023437713@PWASptgyX0I6exPzWdZ,f86853efa6608a798a4d87dbc6bde2835584ab64e84d169513f8ba97b479be3d9641f31dabba2522a0d007a8a13ce233
83,SptgyX0I6exPzWdZ,1745040890713,1,1745040890713@PWASptgyX0I6exPzWdZ,e3acfa35df610a4b3d8f54c6aa40b2d0b7801672286b89a3b22a7a8555c6ba2738850aa583d4a0942c90438f605296e6
83,SptgyX0I6exPzWdZ,1745067774713,9,1745067774713@PWASptgyX0I6exPzWdZ,28e3a06cbc9a9f17acbb055ae1dba4bc472d623983dea13d7b8dc98b5c543a56ad093a4bd207ad3536c0423917b3d38a
83,SptgyX0I6exPzWdZ,1745044088713,2,1745044088713@PWASptgyX0I6exPzWdZ,fb27a94d6874c2e7afae0c705b1e17119c6170a2497340908d8ddbb318be7e63a914d770cd7ac60f6d30581ae93b467b
83,SptgyX0I6exPzWdZ,1745039854713,1,1745039854713@PWASptgyX0I6exPzWdZ,d68ba901ffae802b0d7c4dd4810fad833297e13ac79ea602a62b9e0d8925644ca1208826d68472a535d49edfc4b627b5
83,SptgyX0I6exPzWdZ,1745012446713,17,1745012446713@PWASptgyX0I6exPzWdZ,24f5414d47103fcc485372556009c0cee7f3a9fc3c3b08106657388db36348de6be05bec1b37c26a737aafecab48eb8b
83,SptgyX0I6exPzWdZ,1745016319713,18,1745016319713@PWASptgyX0I6exPzWdZ,951977edb32bbb386bc2d9fd8b775823ead0767bedeff25e7c78e7c29c7cc17e01b256362c4ef6a4fa72cfb3181841b0
83,SptgyX0I6exPzWdZ,1745032711713,23,1745032711713@PWASptgyX0I6exPzWdZ,10983eb627e4d46127190ecef734e5ab905d9c30cff9cb2624e8fa19868adfefd39f8e7ef885584ea0f55e98d00a5c40
83,SptgyX0I6exPzWdZ,1745020185713,19,1745020185713@PWASptgyX0I6exPzWdZ,2334393d360cefe7221924b9098c0d87928b4b89547c9b525fb2dbab1d8376cd0d7f17cfc5165b145dc6c138904c07ed
83,SptgyX0I6exPzWdZ,1745007565713,16,1745007565713@PWASptgyX0I6exPzWdZ,bb7a66dd1466e03580097b4f18fdd322e75d95b8e32c3627d43a0d8a85ed3f42727ae968fb3e65f4216b82f46c42fcd9
83,SptgyX0I6exPzWdZ,1745062779713,7,1745062779713@PWASptgyX0I6exPzWdZ,b2a5403d5268173361303dd37c954c3b8cba00f53ad1c265961e41b6dc09341f74bdde9afad6e8b3cc5aa7e56928fa48
83,SptgyX0I6exPzWdZ,1745035342713,0,1745035342713@PWASptgyX0I6exPzWdZ,2d9c951852f940c9863d3a3ca9f9b31913b6d053a3ef5a92a102a0e18f272f687de91ee4550c797189b71c0944106ee8
83,SptgyX0I6exPzWdZ,1745045639713,2,1745045639713@PWASptgyX0I6exPzWdZ,679163b5dc33dde17029f6cf08aca8cb314ac523eb180c36233177f5e64e33b0cbda085254fc21dc627bc22a277abc2b
83,SptgyX0I6exPzWdZ,1745071882713,10,1745071882713@PWASptgyX0I6exPzWdZ,43f8bf2e4d1b8d8736d121a6bcdccd4eab681199a9915a701885501a757a6301f452ee9fcdb0d1b47d0d4efefd424eda
83,SptgyX0I6exPzWdZ,1745064505713,8,1745064505713@PWASptgyX0I6exPzWdZ,30bdbf7af182b5e712af2db83f431bb089e795354457480952eb44d51e48e72eb7a6a2fed34ea57938598d5f716a13b3
83,SptgyX0I6exPzWdZ,1745049436713,3,1745049436713@PWASptgyX0I6exPzWdZ,4d84da3d08a5c589936323fc9e8c123907129d7a1ca09e65303418eb2abb1ba3182360330112132fb1138dbcde2eaafd
83,SptgyX0I6exPzWdZ,1745077663713,11,1745077663713@PWASptgyX0I6exPzWdZ,165bb36b68a1953120b13af896a3600c6bc7d8d42a0fb70e540ca5bdd8093a30f23227329ed986da273afbcf77f3dcdc
83,SptgyX0I6exPzWdZ,1745035738713,0,1745035738713@PWASptgyX0I6exPzWdZ,f1995af13aec8720c2e7f363d7c4e989c1aa95381f6f31ab1a57350c30374652a2b1a751b21c5225aecff8b09e3f8930
83,SptgyX0I6exPzWdZ,1745071206713,10,1745071206713@PWASptgyX0I6exPzWdZ,d1ea96dc9b5a9c2b2984e82ee40f812917602da8dcaf5a9971721be0d49bbdfe6a64c9a33a8b0b446f6343734eda679c
83,SptgyX0I6exPzWdZ,1745045704713,2,1745045704713@PWASptgyX0I6exPzWdZ,a3110d62e60bb984bf60e0e18a48a5c8b1071b3089c529c230545b1734077e7b60b79324958ef0d3c11e510a40bca862
83,SptgyX0I6exPzWdZ,1745075348713,11,1745075348713@PWASptgyX0I6exPzWdZ,75b8ef49f7aa6a7ff643356a9446cfac289a22cc59aa9ca6032e240d56134c23a2d2e2e00c3b0d2272473de039fb6231
83,SptgyX0I6exPzWdZ,1745037929713,0,1745037929713@PWASptgyX0I6exPzWdZ,a610aa7ad60728cde766c0f2e424642e4c3341cad802fc352604f9e07eae27235b381d4486f64c6ead81ea3de6de5177
83,SptgyX0I6exPzWdZ,1745032152713,23,1745032152713@PWASptgyX0I6exPzWdZ,9881fb2a47bef1a1e2e8d80dc7f5f838f1847344491c64975c6ed22719853c9675e0add1dc6d74d8b8ccaf7a6d08fe10
83,SptgyX0I6exPzWdZ,1745012013713,17,1745012013713@PWASptgyX0I6exPzWdZ,937b76bd7d6ea3fa9394a9ce7b94d0c3294df57cb268aebd1f035d5feafcb34aa35841bfbb701f5d37e19378b035b454
83,SptgyX0I6exPzWdZ,1745006973713,16,1745006973713@PWASptgyX0I6exPzWdZ,561785c34848d462a2f0997fae477e672f0ca1f47550cbd29d822d7d091ee094832161afd4dfac7fde6d233596e09e55
83,SptgyX0I6exPzWdZ,1745007097713,16,1745007097713@PWASptgyX0I6exPzWdZ,907af6081626a2621f8d161823a756f8dd562733092d1044e1a63cac6dea0182cf19c8adc3b7e6af8ac8556c932576c8
83,SptgyX0I6exPzWdZ,1745077244713,11,1745077244713@PWASptgyX0I6exPzWdZ,db2ae16c71862320ed7a88a81a4ea593e77bb74cfd982d418715aeaab1616ce5a636bf08ccd4d6dc2bab548c57328908
83,SptgyX0I6exPzWdZ,1745016655713,18,1745016655713@PWASptgyX0I6exPzWdZ,82f48a2d37d7b13c8ac2c2e33f6e1c20729a7df950d52453157ec6870c7c09bf9d6d98104cf489c8d51ac46fa6c4f271
83,SptgyX0I6exPzWdZ,1745030384713,22,1745030384713@PWASptgyX0I6exPzWdZ,95efe7d35ff6ce42cb0ee8a3c1bae2eafb580ee45c9e1167995cc58eeb2f4b2400f8cfb9b52104743c09bbae646d5439
83,SptgyX0I6exPzWdZ,1745055098713,5,1745055098713@PWASptgyX0I6exPzWdZ,5d1a23c5ebd635ad0ecbb2bc9ca7a5041bc168f565ab3a3ae9cb2fceef024b5e882469958831a03bbd6126e1163cbc9f
83,SptgyX0I6exPzWdZ,1745049582713,3,1745049582713@PWASptgyX0I6exPzWdZ,8d2f8c1d498e3c97caa87515ae1d1fd86129c10069a1b1dc741da95e49439a572469926f1f429181d64901f93d3a58be
83,SptgyX0I6exPzWdZ,1745018431713,19,1745018431713@PWASptgyX0I6exPzWdZ,e3445c7a52db3a6265b709f169cf5e8b614d3b5aa043dc91222c04e821107abf3c8126acda43d51c7f80f0b07c81d674
83,SptgyX0I6exPzWdZ,1745044810713,2,1745044810713@PWASptgyX0I6exPzWdZ,b6467fdf3a099be463681273a9fe60c39fc41d30884aa2f27ffa55b19c05a087dfadac0262ab2e9eda618215aba331d7
83,SptgyX0I6exPzWdZ,1745074429713,10,1745074429713@PWASptgyX0I6exPzWdZ,7d71ad30fecd1c298f0d94d776d92366b0667dc2f3b668d9c158462d196a7d2d049e59db95aa1d493b1fec48aafb3b26
83,SptgyX0I6exPzWdZ,1745043681713,2,1745043681713@PWASptgyX0I6exPzWdZ,df8596d29c48b62041c0d599dc21fc1229450636215dbec4e840991d8b8668b6bfd2bdae87c4d631c9978481cefa4ecd
83,SptgyX0I6exPzWdZ,1745012926713,17,1745012926713@PWASptgyX0I6exPzWdZ,9b744b70056d050073af840762871efcec184def76f69c051b68466b51024bc1828f68bb50a5e30c860c1e18cfaab04b
83,SptgyX0I6exPzWdZ,1745047078713,3,1745047078713@PWASptgyX0I6exPzWdZ,4298d77d85d59a3e6fee76fc59f5755b138aa2da69cd6d3d17f92df2cc8562af53c7add7cb3ee768f220d1ef633e3876
84,n1L0QgeR9scwjbF8,1745075554713,11,1745075554713@PWAn1L0QgeR9scwjbF8,02e13e2940b5f34e8f8c45afd5f3e08154abf6467d2686540b1fa43da65e0bc920bfa97d3b87706c3e17366fd55327d1
84,n1L0QgeR9scwjbF8,1745041080713,1,1745041080713@PWAn1L0QgeR9scwjbF8,9134ac9f184ca4caf9304c24f913a52584e0244b5a14c43a2f77b992a59730074db07c6b7a6c5c59708f712b82645424
84,n1L0QgeR9scwjbF8,1745034154713,23,1745034154713@PWAn1L0QgeR9scwjbF8,19fd4dc2f74d093c2e0f6f3ca6d90c043e7e8161342ddbe9e52b566ad4cf619dc814763f63ed265adef162e94570d565
84,n1L0QgeR9scwjbF8,1745048960713,3,1745048960713@PWAn1L0QgeR9scwjbF8,08c9db55a098e07eb62865ac081537568f2c84573ee98a05c6997ea63a97727412a5e66013de379d4dca6aa577cc8443
84,n1L0QgeR9scwjbF8,1745037063713,0,1745037063713@PWAn1L0QgeR9scwjbF8,7ca4fa27134cd916eb4580e110ae848cd4266b41821aa67b96d187e178b4c68051eb516632b353615129c5a1b9b43d6d
84,n1L0QgeR9scwjbF8,1745007010713,16,1745007010713@PWAn1L0QgeR9scwjbF8,377a51302b9a3a5a662122153b6a69bdfd82d4fd6aba8a75d8b3e905bd664d09f3ecaa1a0f28f2eebd9dd35e5ebbb28e
84,n1L0QgeR9scwjbF8,1745013592713,17,1745013592713@PWAn1L0QgeR9scwjbF8,1de7517886827842f9a2d6994d9e9c7b77d203f56e41e33db10fd8a6aa3c1e24457f95ef0f8b2d995adfbf1d36226573
84,n1L0QgeR9scwjbF8,1745022684713,20,1745022684713@PWAn1L0QgeR9scwjbF8,57d4504562e2fbd034c672b881f62b8a3bd03f706f978ada1e9164bf85303d0c5fa64669863cf5e7ae4dc53c0b7721eb
84,n1L0QgeR9scwjbF8,1745021695713,20,1745021695713@PWAn1L0QgeR9scwjbF8,d5461eef69353bc1175ccdd7be58025e5123c4bb5b34b0f8f1eb6ca8912c4ddd9a9c8d8ea3e0e4b62737b34a52270d98
84,n1L0QgeR9scwjbF8,1745039024713,1,1745039024713@PWAn1L0QgeR9scwjbF8,aa09e64729722225756beaaf79e0364fae146bc7a6656995916fff2c8e3f14deda282626dd718689e0b3cd8f2f3778ac
84,n1L0QgeR9scwjbF8,1745010021713,17,1745010021713@PWAn1L0QgeR9scwjbF8,5b12aa185ccf9af4b8463aef37084ab8de5edf847c736fa4924001c8d0e7c8b58b01e3d19b79eecf18e027fdf883d3ef
84,n1L0QgeR9scwjbF8,1745060098713,6,1745060098713@PWAn1L0QgeR9scwjbF8,da308d7d04bac9ed0c9b4011c5e4dfc96f74b506b8112f94515bfe274372f9a2036431e2a01c42b4adb9f66789232b77
84,n1L0QgeR9scwjbF8,1745035455713,0,1745035455713@PWAn1L0QgeR9scwjbF8,6766db5ab00063334793099ce4d8457877741b915e8462b6e22013cd908be3aede58e375be47861b3c5ddfa8a915dc4d
84,n1L0QgeR9scwjbF8,1745017692713,19,1745017692713@PWAn1L0QgeR9scwjbF8,2f7726da1ba7781188270572368da60e5c2a7e24f06413a1bccdf6f27a146ee8e6be623720f3e316c75b907c2ec16cb9
84,n1L0QgeR9scwjbF8,1745035412713,0,1745035412713@PWAn1L0QgeR9scwjbF8,1affa88acfbd5aa322bfebd684ccf3fadcee72563b31ef1b6b8e2449b63d656afef800576cc9d2f6e6f655e0b92d2459
84,n1L0QgeR9scwjbF8,1745017824713,19,1745017824713@PWAn1L0QgeR9scwjbF8,355a89373b6b0b8259c27dc5bb7c49749c31b73559990b8f08ad009bacbd1fc3be4c9375f681be9caabaacb035cb3eef
84,n1L0QgeR9scwjbF8,1745014820713,18,1745014820713@PWAn1L0QgeR9scwjbF8,b5529d59b55ea4ab15a85dcc1842c1f55ca00e816d1681123012741eda2264231b90c262833b88273123e2b568f77b36
84,n1L0QgeR9scwjbF8,1745075699713,11,1745075699713@PWAn1L0QgeR9scwjbF8,1fd3bf4278f4c6a900ed009212eaeb92481adce949ee446d716c10c9b9bf0f065c1f966353ebf2ee7c6be003a9cfd5fe
84,n1L0QgeR9scwjbF8,1745060984713,7,1745060984713@PWAn1L0QgeR9scwjbF8,fbee23580e4fe99cc5bedff8ca2803a9eff21b01a7900e450ee688bec70969dde1d1c78fd28cf56202e0db623097bfd7
84,n1L0QgeR9scwjbF8,1745066423713,8,1745066423713@PWAn1L0QgeR9scwjbF8,c55e04fbe67ef7e39e297ad71b6c3574213e1c152941e80d30717dc3dac9451fd7e18ee957267e2b7d8149fdb216fc96
84,n1L0QgeR9scwjbF8,1745037570713,0,1745037570713@PWAn1L0QgeR9scwjbF8,bc41bc17325ee58e31932190f066da44661f5fdb713ef4a53bd5a19353c669e0f351c4ac01e878d49839d1adf7aba547
84,n1L0QgeR9scwjbF8,1745061946713,7,1745061946713@PWAn1L0QgeR9scwjbF8,7e8f66b0af98cd70e5451e0a0e5f62efdbc2285b082f787f51f2b3da98cf1c67ad8ed1fc0b4be57e07fba4785ecbd8a9
84,n1L0QgeR9scwjbF8,1745007319713,16,1745007319713@PWAn1L0QgeR9scwjbF8,5d6c9cb0adf8006aa93194b288043f6a8394924e8dbbfbf8b61896465c1f4f903794953f351e74fc43177eb283fa1e4b
84,n1L0QgeR9scwjbF8,1745011507713,17,1745011507713@PWAn1L0QgeR9scwjbF8,e604ef9fe753066505c5aeb09eaa07f149855f3acad9211188cc4fd12045e71e5180ea1678e92378891a67a5666a741e
84,n1L0QgeR9scwjbF8,1745070744713,9,1745070744713@PWAn1L0QgeR9scwjbF8,82abd29822e71b0c34143a096a3fc8233164bab331931a4a9454324cae83c10281b82183ea7e084bf8ecce97aedb0e3b
84,n1L0QgeR9scwjbF8,1745032792713,23,1745032792713@PWAn1L0QgeR9scwjbF8,970b7128d89faad81b6d80f0abb59b706a1d98c5f7eef76f9c091954898771449688ea261ae9c2840254623d2ffc533f
84,n1L0QgeR9scwjbF8,1745033638713,23,1745033638713@PWAn1L0QgeR9scwjbF8,504f1bc30b712c28a4c6571c9bf8d34a2d236a56af94d09317fca3b2d239b8734b31a0b8e84770c533e5c7e113462c1b
84,n1L0QgeR9scwjbF8,1745043319713,2,1745043319713@PWAn1L0QgeR9scwjbF8,c16f3e24e32b6acc3b70c54e645b58033884679a7dc64d5f6f67d1f93996a4444cbb842c45176fa5796fa179b9d0d361
84,n1L0QgeR9scwjbF8,1745052949713,4,1745052949713@PWAn1L0QgeR9scwjbF8,5792c5ce595e4a966a44415bde8fb9b433ef67f8a85880cd8ecc8c37f28803fcf33a96cbf86242cf5df6d4fcc9ca7454
84,n1L0QgeR9scwjbF8,1745013019713,17,1745013019713@PWAn1L0QgeR9scwjbF8,61891dfe4de3877016c9e0dec8ec3b452485ae8e7ec4ff2b0e89f77c1f34578264e07864464ede6487bd1d95ef7792e0
84,n1L0QgeR9scwjbF8,1745062132713,7,1745062132713@PWAn1L0QgeR9scwjbF8,b57b95a07a2e2800a581c507b5ae98aead7c7dace36a5578dadc71631a38d197523ed9a881ec076d68148311b81252ea
84,n1L0QgeR9scwjbF8,1745072808713,10,1745072808713@PWAn1L0QgeR9scwjbF8,e551acf6dcd4d7ad44ba7b1789966188b02e125a4436ba6a7e4d94aeeab281ce6d7026700855997addcdca23b2cc7fab
85,pPishaH437YDKOJL,1745008891713,16,1745008891713@PWApPishaH437YDKOJL,d8f2ad23defa8c77fe3489f6c5e15b5106ffb1c2126dce50a455581a50c7fce75e85f7733d1abc6edbe01949d88de9a8
85,pPishaH437YDKOJL,1745026192713,21,1745026192713@PWApPishaH437YDKOJL,46ee83692758cfb703371085a61058ed62588a5ef8fafab803b474948d4300eb841b663ba7abdcb92310c5df8d4e3153
85,pPishaH437YDKOJL,1745055777713,5,1745055777713@PWApPishaH437YDKOJL,fa04dc4d3663f71d677fa559e8fad90b61c883ae7dc616211cc84e64572dd9f93fd1124e83f64f53f81febb5c9012306
85,pPishaH437YDKOJL,1745013256713,17,1745013256713@PWApPishaH437YDKOJL,521bb04718f95bc690fc03c0ab99ea35c2f5a490df1418e586f96dcdcb136ed7ff23a34cc72a49fd1c9ebafbb566fc4a
85,pPishaH437YDKOJL,1745067357713,8,1745067357713@PWApPishaH437YDKOJL,574654c0135e57e52d0f22406e877674c0bb8093e665b48b8354933d0b57dc7f6a94140c03d48c0ff6b084850d6ec4ca
85,pPishaH437YDKOJL,1745057582713,6,1745057582713@PWApPishaH437YDKOJL,3eca18e526c6240c63a0b8e93cf6be627b616b2734ef4c415e95b1b46d902e247334ea751f45f06f1312f24cde590679
85,pPishaH437YDKOJL,1745077600713,11,1745077600713@PWApPishaH437YDKOJL,543434687dc80096c29c8dc6209c487db81ae9645768b58874225affdcedb720a103f9de16c5b271bfb18ed23c15ad55
85,pPishaH437YDKOJL,1745017161713,18,1745017161713@PWApPishaH437YDKOJL,5b274142c12e37f51c5f395478914aebd53ff049c0a4412623f2e136c8943ff036b8b99b39bda40cec35842950c68a5f
85,pPishaH437YDKOJL,1745015598713,18,1745015598713@PWApPishaH437YDKOJL,7ff60d0f55ef171cecadf88f07d717254cb207a6e8d25ac6595e5810cf78d3621cbdab8f7225bac1e43fc7b6a897ce94
85,pPishaH437YDKOJL,1745049670713,4,1745049670713@PWApPishaH437YDKOJL,70da08793611ada530ec2084395df351ef876558ac7c3d0688d9ea4b310451b50316cc144ff633142eb826d7808fe3f8
85,pPishaH437YDKOJL,1745060572713,7,1745060572713@PWApPishaH437YDKOJL,35817f1595b6aeaf045a0b610d41acb9c11d87310adb90bb6ebb0de9093d244c9ee84771b9f06bf67a817764e94f1ab4
85,pPishaH437YDKOJL,1745068579713,9,1745068579713@PWApPishaH437YDKOJL,1bf5c54834ec7eeaffc76618dd618f21436bc383303dfe97c10dc40f1872fb3b74a019a4e1d1a551d611f125d587d03e
85,pPishaH437YDKOJL,1745039803713,1,1745039803713@PWApPishaH437YDKOJL,115f32b93492c7aaed2dd30da0e47c295ca76a6bd41323cb4d55d74bf287af2560dc7df96ec02616c58774ab6e811c0b
85,pPishaH437YDKOJL,1745023137713,20,1745023137713@PWApPishaH437YDKOJL,4ae703f676fd0b229a8cf2b3779039b441fec1136bebae3713ab1ac872bb2034a90ed828fcf88d7fea4e147ebca7d267
85,pPishaH437YDKOJL,1745073831713,10,1745073831713@PWApPishaH437YDKOJL,72a334290f1352f42b1c35ef022c3a34215cd52b49ef6aee97f445324898cba1cdddce51b5041684bf49a5cd9c8372b2
85,pPishaH437YDKOJL,1745021855713,20,1745021855713@PWApPishaH437YDKOJL,3b0fb24a28bfe5e172923f8525745e283c605ca3f6e76244386c70d188e1f359e3a384ce1301de932e98ed7536690807
85,pPishaH437YDKOJL,1745073979713,10,1745073979713@PWApPishaH437YDKOJL,b1f5e87aebd499e8ec628d8429d6913a973bbdaeec2868a73b4b42c12679ad22aa9d5b954303ab3815e2aea8f025fea7
85,pPishaH437YDKOJL,1745066182713,8,1745066182713@PWApPishaH437YDKOJL,7b35521795fc71afca6e0055a61debc88fc01e4fde9cdb364859414d5809fb54e464baf46762e4be38ac71844b55793e
85,pPishaH437YDKOJL,1745009674713,16,1745009674713@PWApPishaH437YDKOJL,9f6663a1534cc9c0c584fea506b77ee45f1f3b6ef3b455daf28b1265b9c49c63310d5a4c7f4f9b56819d4d758cab9b4a
85,pPishaH437YDKOJL,1745039054713,1,1745039054713@PWApPishaH437YDKOJL,08188eb99353b4695bfbaa888d737428fe57f2431d4161c3fb7aab2e2fea5bff8b13a36d86be54ee1f452c026e7d6443
85,pPishaH437YDKOJL,1745020330713,19,1745020330713@PWApPishaH437YDKOJL,54acf3d3321a323396f48059f4ce6812c48b3a60f0d56b45574bf702f421af222690ee69f0e4f2a4ec99ac06a24aae7b
85,pPishaH437YDKOJL,1745028528713,22,1745028528713@PWApPishaH437YDKOJL,c41cfba79914586fb4338434c32437d81c2de47584b04dd3bafcdbe8bb33b4f2577d51ccca9e5a63c71392a6d5b54b3f
85,pPishaH437YDKOJL,1745038113713,0,1745038113713@PWApPishaH437YDKOJL,b4cb0e99c669fdb86c1aa96a762ef77696d74e03719c135c01f2b7d861557622998bb590de28a141904815e3e26b09d8
85,pPishaH437YDKOJL,1745070591713,9,1745070591713@PWApPishaH437YDKOJL,1d9117601ad00b6f09d01bb4dff28ce668299c6f5e7bc82ea0f16baa1f83a7e0ec8bcdc3aafc6b66aab34521c3124de5
85,pPishaH437YDKOJL,1745070423713,9,1745070423713@PWApPishaH437YDKOJL,7f9e181aab000e84f6e9d9c3f87d8e3359c8702150e928dc0961953b6cb8ce68f55118fa6e222e26a5eb06438790cb7d
85,pPishaH437YDKOJL,1745037964713,0,1745037964713@PWApPishaH437YDKOJL,5132285b10f29b5ad3d223c7d0f9a00159f452a7853e03016690c8008f3092ae96a20a2c5dee49421fa25c1bf2d5ea1f
85,pPishaH437YDKOJL,1745075918713,11,1745075918713@PWApPishaH437YDKOJL,dbf159016ccf9958a91a2e2c761ac26308c6f9c78a000901515537f940683a5cc0338fe53299075e2108af48f7f56b9d
85,pPishaH437YDKOJL,1745042719713,2,1745042719713@PWApPishaH437YDKOJL,cd52f17c9eaf206a2e1296be09e71c0bf0327ea9f5c10818c5f9e0354eb2cd531bb11a8bec89c47bfad066ac7bc57cad
85,pPishaH437YDKOJL,1745014366713,18,1745014366713@PWApPishaH437YDKOJL,116e78afd31410bab2d8102422d24eedc0d2158bf50ee0a78b8be1e19cfceb9432214e2b818b0928f0c5e6ccf5d30f0e
85,pPishaH437YDKOJL,1745026589713,21,1745026589713@PWApPishaH437YDKOJL,03411aec29e99efcf2f7ab1fe1aae0bef54b0117bb88c98a921ed44be4cf22ece7897db6b8b9e2e3de97fe9fa742444a
85,pPishaH437YDKOJL,1745070207713,9,1745070207713@PWApPishaH437YDKOJL,f74b4c58436b19b9b5e6783727605a154654a0e952d96a887509b9a5b6e2c1bc946bb2e8069952dc0ffaaee6efe9b568
85,pPishaH437YDKOJL,1745053756713,5,1745053756713@PWApPishaH437YDKOJL,960e94697b1a64a42a5ec02f0c5a5ac80180905817e1c5c6c7db0257511289e930201ecf5fa440ca8d5e7e58a9cd89ee
85,pPishaH437YDKOJL,1745027802713,21,1745027802713@PWApPishaH437YDKOJL,9e6ae66922de422d0c9055bda1ffd1508110a4859d68042dc2f690ce52bc062b4f0998c2394ec47413a65335c623ad20
85,pPishaH437YDKOJL,1745055382713,5,1745055382713@PWApPishaH437YDKOJL,73dac4eb1a12ee68675019dcd5bcdaf13714294dfe0fbedab0dab90f74d8bab468881d29e72c992877ae2a5150a7d45c
85,pPishaH437YDKOJL,1745056539713,5,1745056539713@PWApPishaH437YDKOJL,be545a0977835db9a56e788085c1bbfb2b383d73a698f5ed1409aadf1f7006fb38499eacbdf6dad4dedb99fba2fefbd8
85,pPishaH437YDKOJL,1745006070713,15,1745006070713@PWApPishaH437YDKOJL,0ff3dc7e67a34b41bdefacada3caf9b8eaf007903a968ae34ba1829e02b4224794f2e29c9bfed28a47f5403c9b8b2367
85,pPishaH437YDKOJL,1745005790713,15,1745005790713@PWApPishaH437YDKOJL,1f31ef308666e6d248c6352ee93f00ff10047eca0846325499fa9cba1904a3a13966304a75253ad3c20a8c9099517f41
85,pPishaH437YDKOJL,1745073655713,10,1745073655713@PWApPishaH437YDKOJL,92e2f098b20946f2a207d5ed24323e872438dbbdf1b4999ab24044584f2c054a435645d542fdf1839066e17161085afd
86,PhzmqkToI2tCWUUs,1745059567713,6,1745059567713@PWAPhzmqkToI2tCWUUs,42565070e9031f42cb1bea5d1e856ea319a2351bfa4a07df79c83a955170337285f4ff732b1eda3dbe4bcb4ae1b2b6c3
86,PhzmqkToI2tCWUUs,1745046903713,3,1745046903713@PWAPhzmqkToI2tCWUUs,1e8e5924a8136cb854ba0d6310dc1af80d98e519b8451cf974b321034db09cab37b952c1a61a8a5ab3860c5450166936
86,PhzmqkToI2tCWUUs,1745041693713,1,1745041693713@PWAPhzmqkToI2tCWUUs,0fdccf12f5339d2eacf2451e42d9a2fd5088a3669f67882666e8ee89bd66d4968887f752992469a2f9858ebf397e0eb8
86,PhzmqkToI2tCWUUs,1745064497713,8,1745064497713@PWAPhzmqkToI2tCWUUs,c51d23bbcf719f0442a843890a4a17e38d31f0d47da2817ad86680f0dfa2dbb207787ce52498a3dd56ed4b3ec68ee0db
86,PhzmqkToI2tCWUUs,1745068196713,9,1745068196713@PWAPhzmqkToI2tCWUUs,7acba90e1b9b165bd1d8df9e4f3f767ff1d36de1ace156e77390c1525dac6d9e6e84ff6011c40459d82b04d7b577f2c7
86,PhzmqkToI2tCWUUs,1745054615713,5,1745054615713@PWAPhzmqkToI2tCWUUs,cbc79ff734d8db257b0c6e667b4e4f52c541eb76129ac66619f24191a72af2a68aed5f318d3612412ea43baa1fad7814
86,PhzmqkToI2tCWUUs,1745037088713,0,1745037088713@PWAPhzmqkToI2tCWUUs,ea34519e94657a706ea16fb986a680bdc2d708550fb716b746ca2aa73f1492eea6a6d7d407649cccf8991c7fc73f5a0d
86,PhzmqkToI2tCWUUs,1745034262713,23,1745034262713@PWAPhzmqkToI2tCWUUs,5f7072a7108b1d42226e86413af62b2ff77a1c6ef1e34d89eaaea0daf02ba8a1ac38e20f63e2aa02d1e9ed6aa9e40049
86,PhzmqkToI2tCWUUs,1745024112713,20,1745024112713@PWAPhzmqkToI2tCWUUs,5bcd91b9768d4122a3840c561498ee75418bede23e7ee772a9fc5bb33bdccc8850d983b89348140057896e256c992c03
86,PhzmqkToI2tCWUUs,1745046020713,3,1745046020713@PWAPhzmqkToI2tCWUUs,bea86eb9bbf7b0dbf8e3165cdfcd72443f6db314ff922d9fb9d4e34dad4b65310754fde2f6169174ffb2f223d68e9fd8
86,PhzmqkToI2tCWUUs,1745046073713,3,1745046073713@PWAPhzmqkToI2tCWUUs,f49a86f02494a9b11ac9c1df9edc23753e0dd45b0dc652f2daf4b61b33a1c841dcdb4e3ed31ad69551a0596da7b48971
86,PhzmqkToI2tCWUUs,1745044417713,2,1745044417713@PWAPhzmqkToI2tCWUUs,6a6bd6274753b166099af5c2ced5fe2750573b99da61c9d67031889295598104e0b7576b50566921ec573447525d7900
86,PhzmqkToI2tCWUUs,1745061967713,7,1745061967713@PWAPhzmqkToI2tCWUUs,e906c553094cbc638febe5aba314ced689747024ca5a2ed0ba0f69a08459fbf47951d1f9fe71271cafa53136b14ae846
86,PhzmqkToI2tCWUUs,1745009476713,16,1745009476713@PWAPhzmqkToI2tCWUUs,af89892ed9e8e38d3162bfa5e5d4477e23c12e1ad2eca69c27571d8bacd1aae6ab9566b504b950b16ae03902b1b92fdb
86,PhzmqkToI2tCWUUs,1745074580713,10,1745074580713@PWAPhzmqkToI2tCWUUs,30ebe575000caa109bac1e0300b1a78ade983e69d724b600d4e11f851aeedd74a94cc2691beb0b2ff33189a670544135
86,PhzmqkToI2tCWUUs,1745049628713,4,1745049628713@PWAPhzmqkToI2tCWUUs,3e6540f9d78441cd51e805b764140d7c4343970435973c9f29df2f3c46e3c3ef5fb7232d717d8d4017f26a1944680a49
86,PhzmqkToI2tCWUUs,1745047674713,3,1745047674713@PWAPhzmqkToI2tCWUUs,11f4240db4d8170062d0e9c51e8f1c5ec30f729b2e3fa5cfb5dd0303ce3a1ac4e1ad347ea42248e3e84696b86bd3187b
86,PhzmqkToI2tCWUUs,1745056137713,5,1745056137713@PWAPhzmqkToI2tCWUUs,04a8b24d5f492bad7fc3bf44521dcc42f6829f2ec80e67f2526e325605e62fcd843bbaaac015536b0a6ffccd4956e686
86,PhzmqkToI2tCWUUs,1745050472713,4,1745050472713@PWAPhzmqkToI2tCWUUs,748f3ff162bbd0cc477482247f64d1e2c9034f2365d2196116c1b26c471029452ff2854cb595d440e270ab4873331b6a
86,PhzmqkToI2tCWUUs,1745036321713,0,1745036321713@PWAPhzmqkToI2tCWUUs,9e7a8ad7ab41d778e0915574f45b2ab76aac263825a47fa36e248648629cc20e3c8b00673a6af9169f5aa1bbb2aa387f
86,PhzmqkToI2tCWUUs,1745075773713,11,1745075773713@PWAPhzmqkToI2tCWUUs,b46a372052c125413dff7d5bc2c1e96ece6723fa62f53f96f1b00b73764aea450ce2629b5bfb1df257c35a8c00579b4b
86,PhzmqkToI2tCWUUs,1745072420713,10,1745072420713@PWAPhzmqkToI2tCWUUs,f47bdd82e19ade6253a084faf763eaf51d9b943786417c288683c1a91f15b5f15303f7af176e6fd0568262eea55fabd0
86,PhzmqkToI2tCWUUs,1745011940713,17,1745011940713@PWAPhzmqkToI2tCWUUs,946a8ac47f6c58f15a59fbb521bceaf306cd57ed72b9e91cae02c34157df1b8a27076aee2603e225d5f24359d6ac1d1c
86,PhzmqkToI2tCWUUs,1745026244713,21,1745026244713@PWAPhzmqkToI2tCWUUs,91d91d7b182857e097a6cfa5e3cf6861f5c1bce58c822e4ce16d10e885dd602c847dcee624f13144902e4e2b8756029b
86,PhzmqkToI2tCWUUs,1745031468713,22,1745031468713@PWAPhzmqkToI2tCWUUs,c9d0ff29a69824c8a91c39ff6af7db6247f36d26cf3f8bd67be50ece7a99900abc6e402ff4eba56d95041d7d32664a5e
86,PhzmqkToI2tCWUUs,1745028360713,22,1745028360713@PWAPhzmqkToI2tCWUUs,4aefb1196bdb475074259d8c056619f9d1339d57ed800487276f60ec5d342a52fb1430cb0e7139a484f430e48b88f1a4
86,PhzmqkToI2tCWUUs,1745030957713,22,1745030957713@PWAPhzmqkToI2tCWUUs,4b39eb196f6a2a5aa81635186eb52e0a9ca7386c9fc276d7f765a6ec2f547954394c2012d4c05c6a1b6b56ef00f5d840
86,PhzmqkToI2tCWUUs,1745050592713,4,1745050592713@PWAPhzmqkToI2tCWUUs,dfd6ebbf1eb923d78fd517060c11fb2ee811a20e0af51683f12f6500af4e37b3a191a842559f11ab6434ae7386f89c09
86,PhzmqkToI2tCWUUs,1745040855713,1,1745040855713@PWAPhzmqkToI2tCWUUs,5fa9da33bf048eff247248f0e74b30ee075aa76db1ea40830ceeb3cb04782b8e1c58d7cfbd3f188b88d6d3576b9129d8
86,PhzmqkToI2tCWUUs,1745026652713,21,1745026652713@PWAPhzmqkToI2tCWUUs,f7d0607aa313091060e2dd0790cfc3923b556766a3c9205a5b74c20f6fb12e624158860d5f3a956ca0358eb1b5770ff0
86,PhzmqkToI2tCWUUs,1745056463713,5,1745056463713@PWAPhzmqkToI2tCWUUs,966414412001503b05095017e148096fca877d7ac292fc7f9d0878c9db0a162c676051f0905131d11cddef61c2fc4bbf
86,PhzmqkToI2tCWUUs,1745025050713,21,1745025050713@PWAPhzmqkToI2tCWUUs,f60027da4178a8e9f66e3e0097888d5652e0f1b4c0f9de9c3c95c21257d1c7c9f94a886a60ee3fa4298b8d5ac32e446e
86,PhzmqkToI2tCWUUs,1745071737713,10,1745071737713@PWAPhzmqkToI2tCWUUs,5942aa81bc39586039386aea5d8f7d4ceab57602b6bff4f9d6aaa430855e91557385fa77176086a3d1efcd1ef31f66d7
86,PhzmqkToI2tCWUUs,1745046606713,3,1745046606713@PWAPhzmqkToI2tCWUUs,8661b793a27f91a6a33999d6180f5957dd4a4a2932cce584e61c183168f38f5c2ead06d7cf75c981412fa48459913e1f
86,PhzmqkToI2tCWUUs,1745077604713,11,1745077604713@PWAPhzmqkToI2tCWUUs,7517433b6431f32419d6f30a5229d70b34ddb371a630a1f495da44adffbb6cbb1ac5810144959de8042fb54c21b1fd63
86,PhzmqkToI2tCWUUs,1745061137713,7,1745061137713@PWAPhzmqkToI2tCWUUs,22a86e4b44e07806b3791e309b3cad61adaad185f88c51011c36aafe164a932320e59c44ac30ee183793793e1fe28243
86,PhzmqkToI2tCWUUs,1745008746713,16,1745008746713@PWAPhzmqkToI2tCWUUs,d154d72878399ee9b7fc2abbf8cda3538172a11550a9fe24a7dde2bc859171b9159a08f5a21323d853c459c18f96f7b9
87,RmvvhHaC09vlDL23,1745071548713,10,1745071548713@PWARmvvhHaC09vlDL23,09e69be2564b430836032fa55c93c927b5cee46756a39e4390f774aca0f15e731f784a79d5bc0f13ff6f7cd27ef2fe01
87,RmvvhHaC09vlDL23,1745052178713,4,1745052178713@PWARmvvhHaC09vlDL23,253f17bcc0bb6faef7679fd30038fefa3d58e805b978a1deff1c411c2217cd77c6700593227f0a231f625f3b89848c3f
87,RmvvhHaC09vlDL23,1745039204713,1,1745039204713@PWARmvvhHaC09vlDL23,ede4fd90e50c6f5de18afbf475d87cdf88400bdb8b6c2de91ef12287010b713f3bf0cc845440312846404683455dcf90
87,RmvvhHaC09vlDL23,1745034749713,23,1745034749713@PWARmvvhHaC09vlDL23,d3be210da3433e6e95e29f73de40fb520304fcf8ce4fa1e4be8c5de2d250ea4996ef1e161e48ce753e6300d48d06e57c
87,RmvvhHaC09vlDL23,1745063208713,7,1745063208713@PWARmvvhHaC09vlDL23,e6d79ba2e029ddebd4250e04c558e07808731ed96ff39838816edf1c21c8a73383b2d57ddf6ca6e1ebe7647bbbddf045
87,RmvvhHaC09vlDL23,1745010370713,17,1745010370713@PWARmvvhHaC09vlDL23,3f5899725508796eed11643e2ccc6b041e8e7552f67e86aa521ebfb1f330c69ed7919c11b44d187fc6249ea38b06134c
87,RmvvhHaC09vlDL23,1745036482713,0,1745036482713@PWARmvvhHaC09vlDL23,8d709f63b4972887dba6b91796cb7f00f81bd3114cb39d68de15572b74e578cf9ad1912332480d3ed1dab3af3a269af3
87,RmvvhHaC09vlDL23,1745030412713,22,1745030412713@PWARmvvhHaC09vlDL23,5c56562adc268fa2c85b4a3e1f19be2a5e940e1d8f490bf4d88360460a3820f640bbfa975c0edf2a6a286ced8150137c
87,RmvvhHaC09vlDL23,1745047116713,3,1745047116713@PWARmvvhHaC09vlDL23,20897790b828934417e6f8a4b886e084e56d7cf7363b1b4c4174b5c7d766229143aab6b66ab10b4b3667e9b6b226877b
87,RmvvhHaC09vlDL23,1745045574713,2,1745045574713@PWARmvvhHaC09vlDL23,0771b7207845518f0245ee865c1f6a9b3eec15c88c64bbeaef8bf0e2c843d413c4edc15a1ffc15b920313431c4e44115
87,RmvvhHaC09vlDL23,1745030375713,22,1745030375713@PWARmvvhHaC09vlDL23,ffab706b2724bbdb1f08d461d3264e12c68916251052acf4b06d1dea1fbbfe228c352a73e7beded098fbb3e82f616168
87,RmvvhHaC09vlDL23,1745058189713,6,1745058189713@PWARmvvhHaC09vlDL23,627b41821c568c3a15a7981b59e644ff946f3d43487e763248feab13569ec46ed5f2e081d5c63277ceda347d9c325a59
87,RmvvhHaC09vlDL23,1745029741713,22,1745029741713@PWARmvvhHaC09vlDL23,4078445d7f9accd8070edd2b27ac16206b09a332617406b27c6474270324535cd2a89227ddd02c5c69ea5a76f58fb82c
87,RmvvhHaC09vlDL23,1745051158713,4,1745051158713@PWARmvvhHaC09vlDL23,fcf46d16baa1ac1fd6b9d8ac7e13c9781b1ad5025c992d2c1059823bf99c16da96d7a0fcba07a8d1d0041dc9e255e1c9
87,RmvvhHaC09vlDL23,1745072280713,10,1745072280713@PWARmvvhHaC09vlDL23,37abc4488a16c3cfd7b375b3659f7994f6482a355662b942431e544d80a73cbd40228d29511e21c724b5ed8406f308a0
87,RmvvhHaC09vlDL23,1745026421713,21,1745026421713@PWARmvvhHaC09vlDL23,a859c7bceec8d4609b0ac3353fadc5cadb0fc3ccaab9c8124bdb24dfea389df714f47780437379a8732df4304fdde817
87,RmvvhHaC09vlDL23,1745060127713,6,1745060127713@PWARmvvhHaC09vlDL23,f1c692271b57e5568c5518fb10bbb8b548ced7e8e3dd3b7e4442dda34489ebea5629498da2df24ecd1f60ca8513ab1d4
87,RmvvhHaC09vlDL23,1745074371713,10,1745074371713@PWARmvvhHaC09vlDL23,d0fea0b13569ff6742226b31ec788ec26089b7c208cb84785d46e69692cfb7b1bc8d9e9e5273cf59120602d9e94a0cf1
87,RmvvhHaC09vlDL23,1745061476713,7,1745061476713@PWARmvvhHaC09vlDL23,ac8cfce7c06afd58b199ccd4916ad80f63157387fad10afce7d725854e0fce4abbe61dcd63a04c8caf2d19b9c914c21d
87,RmvvhHaC09vlDL23,1745046283713,3,1745046283713@PWARmvvhHaC09vlDL23,a42c0020f3dbb579a00d546274bd6c9fc7ce3b6c93a23a3cf8499ec60705be7824750a934983ff78938c193e08d3c12c
87,RmvvhHaC09vlDL23,1745019199713,19,1745019199713@PWARmvvhHaC09vlDL23,a8310c1fce41aa96c70bcaef29b35aa04a1d3d95db7f2c7401b472d08846b13905c8d942a7f4ce30ad8e5f62f02120ca
87,RmvvhHaC09vlDL23,1745022837713,20,1745022837713@PWARmvvhHaC09vlDL23,56a3ccd51ee50cbe58b0ac0a470e1191ed92fee6287b70090d46a5cea660eb8c4b17538bd69a3881d08411a56e8506de
87,RmvvhHaC09vlDL23,1745055004713,5,1745055004713@PWARmvvhHaC09vlDL23,fcaf8ffb3e6eee7972fb28423d9868e87c2d261215d608dcc87a8565943617fe40298446ed5101b5b4b8c162d3ec2602
87,RmvvhHaC09vlDL23,1745050614713,4,1745050614713@PWARmvvhHaC09vlDL23,9ebe71481c83cb86d2ebfb95cf70305ce48db779ec497ba7636144e3f999c0d688b0143a58f3505aa0ba412c210d2c9c
87,RmvvhHaC09vlDL23,1745046159713,3,1745046159713@PWARmvvhHaC09vlDL23,8297603a82738877cccca39ff171006b3fc5d19d41bd0de7fe8f200ca8021685fc0c653202b6ab75d95cfb9ac7848b14
87,RmvvhHaC09vlDL23,1745071627713,10,1745071627713@PWARmvvhHaC09vlDL23,b86342534d20c60cb3bdb45eaa159eb4fd2954279d8a9384be05532064f0fb79676aedbca46d8e4ef3b241abcdb80ab7
87,RmvvhHaC09vlDL23,1745027970713,21,1745027970713@PWARmvvhHaC09vlDL23,17dbb02fda11cbfc4a64500a4097150ec5d5c6cddc0e22f585591725a81ed56228dbd2e686b1aa48834b5afff361852f
88,LwHZgj7lMydqTSlE,1745018166713,19,1745018166713@PWALwHZgj7lMydqTSlE,9fd360df75cf1d1cac9c70284c1de897094bed9e36dcbb17c607194beadf83a2c0823d58e2e6e8c97ccb6e9addd258c9
88,LwHZgj7lMydqTSlE,1745053748713,5,1745053748713@PWALwHZgj7lMydqTSlE,069b90e4dbed4529e8799eaa073c34d37ecac33e981adf6c7fc7ee893b955eaf3bfb5d38290d407fce88d650de935305
88,LwHZgj7lMydqTSlE,1745026204713,21,1745026204713@PWALwHZgj7lMydqTSlE,6aaa9a542931a35053257ca495e3766a06273dae1b700802eac285c2cf389153ade52c9ea5dbef1cd1760075669d6e59
88,LwHZgj7lMydqTSlE,1745038448713,0,1745038448713@PWALwHZgj7lMydqTSlE,63551ec5b8c16b5df8048f2f53ffb33006d273cb515570f8d7c5552ace68833a6ab46d8391d01678a23b88f7b36ddca8
88,LwHZgj7lMydqTSlE,1745033835713,23,1745033835713@PWALwHZgj7lMydqTSlE,d8cc035b38c9b871660f31cafbafc37a9e945128c3274e24161ca9ae5016d1b0cf14239e8f95fd81d640dfb0d7717f53
88,LwHZgj7lMydqTSlE,1745071797713,10,1745071797713@PWALwHZgj7lMydqTSlE,41b1bb1d878d4e8b72988426c35dd30a78592ae0f62066f47d5e7481a3fd09902cf575d5072bdda873c2d55475988d3d
88,LwHZgj7lMydqTSlE,1745070226713,9,1745070226713@PWALwHZgj7lMydqTSlE,0b84dead73e71e1a5db12971c81f9db294441d6883e19e6ec71b87ab29d41b2623a00360c3e1d780e7f5b182b2fb69fd
88,LwHZgj7lMydqTSlE,1745019279713,19,1745019279713@PWALwHZgj7lMydqTSlE,086c107686e409410e46bbdd4969e7e44ec7f210e0170d75bef76b764a42ae35154b49e3369a539a2b54fbc2da5f57a6
88,LwHZgj7lMydqTSlE,1745007631713,16,1745007631713@PWALwHZgj7lMydqTSlE,fca476caa7f64a94f1eaa17fc4e48ff243df5f84d1f87fc53686d3bc45a4377e4541b69baedcef742f5e32eb253e18c9
88,LwHZgj7lMydqTSlE,1745010734713,17,1745010734713@PWALwHZgj7lMydqTSlE,f8467fd5dd0bac6da5cf60e63f62e28f5b6d35e8e10b0bf8e3ec7bc666e00a148d603a9b08746a2adc5b63ab8f69b6da
88,LwHZgj7lMydqTSlE,1745044902713,2,1745044902713@PWALwHZgj7lMydqTSlE,7043153b5c9427bf362aecb344145d7769312211986a73e1c0a7c20afc932de3a29ad89bd7b2341122773b64b477acbe
88,LwHZgj7lMydqTSlE,1745045253713,2,1745045253713@PWALwHZgj7lMydqTSlE,d1148d41c5bd36b3d715d72341ebbc249c37050c0cd3eec16d25632d7a30e820111fb64c247e29768eb96d97a06cc7ef
88,LwHZgj7lMydqTSlE,1745015545713,18,1745015545713@PWALwHZgj7lMydqTSlE,cb868cd1c0c893f28991ff27f50a19faabb4063b52f184f416ec320c4a480a4074d60a72dac41f28b38e23c92d215b64
88,LwHZgj7lMydqTSlE,1745023274713,20,1745023274713@PWALwHZgj7lMydqTSlE,fcb8c8d070204ec06c90f255fc1092629aa6d61f7f7ea8d531e472980c62d0c48d1810d97dc54bd36367d79fcf02918f
88,LwHZgj7lMydqTSlE,1745077423713,11,1745077423713@PWALwHZgj7lMydqTSlE,564d65b542cfa314d22409042bdbe70660f0d62d5d582337720bc966c28df1e1a982bc5a1827e33e61e34c9a789c98dc
88,LwHZgj7lMydqTSlE,1745033133713,23,1745033133713@PWALwHZgj7lMydqTSlE,09d9062dfc8d6828301e21766eb87902f96c42376d5ef4f58d0f80c91af70a28e8070ec1d9318afd5fb8890f1b76026f
88,LwHZgj7lMydqTSlE,1745052755713,4,1745052755713@PWALwHZgj7lMydqTSlE,5be1bd102127ad34e7b4082a6f37720614f39060a9eef368f39ef5462ac11ba61adf94276e7ad039b55d6d0047dc7c93
88,LwHZgj7lMydqTSlE,1745050594713,4,1745050594713@PWALwHZgj7lMydqTSlE,a316e26b7f21dc4458c1ac79771449d0420f1a60284c586dad38b7bf490ed8fe300369a58b5ed8d84c0b3a194a3e537e
88,LwHZgj7lMydqTSlE,1745023899713,20,1745023899713@PWALwHZgj7lMydqTSlE,7075d6077cf173b4bd57cf78ed15f4d679f9776b92dde17a4f7410547c320e23c63ce51a3e57cd4f34a277d56f3b0c0f
88,LwHZgj7lMydqTSlE,1745067662713,9,1745067662713@PWALwHZgj7lMydqTSlE,cc8ed308ab7336648c83ee32db9d0c330caec6f075513321640c2b37013bb9eeb0ad8d421e0f368b244eb157818aa777
88,LwHZgj7lMydqTSlE,1745077293713,11,1745077293713@PWALwHZgj7lMydqTSlE,a89b630a9d5abc8a016e83235df70f2db20a6f020337a245dfd555d4790915d1ec4309c6354a248a93e9ad340f7aa711
88,LwHZgj7lMydqTSlE,1745068985713,9,1745068985713@PWALwHZgj7lMydqTSlE,9c096273326703c4513709578df96dab1aa549f475da0a498f078d3ee727a2bfde53b038ce7e2532d736f3bab1730f10
88,LwHZgj7lMydqTSlE,1745058403713,6,1745058403713@PWALwHZgj7lMydqTSlE,f1ea829ce5870f238c279b7ac53c36e4ebfbc8da0a38596474c14a124fc1d99a398c0da6b9b321e3886827d12e505989
88,LwHZgj7lMydqTSlE,1745064221713,8,1745064221713@PWALwHZgj7lMydqTSlE,cbe39ca8ddcc618a8b316af1bed84282996e968021e3c21e9e3ad86ffdf8610f6e97d80653286fc2d4cecb3311fead4c
88,LwHZgj7lMydqTSlE,1745024773713,21,1745024773713@PWALwHZgj7lMydqTSlE,ae48dd9dbb17a1a0d8eeaa827cc4f4d867befc88b45a68a259718a11d1108d8ec88638dc354c404e6beae9c2cec70a34
88,LwHZgj7lMydqTSlE,1745041672713,1,1745041672713@PWALwHZgj7lMydqTSlE,d543237bbc73adcc55f88808d266da6faae586b17a8de1cbbfdd0cd999e5d9b020f4ca0f53e8bd2103237135bdedeba6
88,LwHZgj7lMydqTSlE,1745059030713,6,1745059030713@PWALwHZgj7lMydqTSlE,420af75525862c9da2a30c947450196fdd9dd34f44d5b8458f59eacbfafffa19f3bf468e89430075218afad550781163
88,LwHZgj7lMydqTSlE,1745049890713,4,1745049890713@PWALwHZgj7lMydqTSlE,1603c176a6958823a50b7e7a7b14a40ba8fd2b8a4e63d5650f9fe0534a14650dc3d852bd388bd245054f37035257cb11
88,LwHZgj7lMydqTSlE,1745023000713,20,1745023000713@PWALwHZgj7lMydqTSlE,9a0afcabf6c0fb8c13c02a8ac67e511011e63a23e8a1146322c13413403967ab236fe50bdfa5557b41b9a607eece5ae7
88,LwHZgj7lMydqTSlE,1745050469713,4,1745050469713@PWALwHZgj7lMydqTSlE,211a2162c0f3d411a1f0370561bde7a5d2204b519e116b3cc8fbeb76ff609a9c9844a165a8d547f22d08c98c9d946c0a
88,LwHZgj7lMydqTSlE,1745061257713,7,1745061257713@PWALwHZgj7lMydqTSlE,411f7e0c727eae2edfad4c82b2d697359e1695297a2868f092db244e1f381136eafe16f6cf9caeb0a6e96255a3765336
88,LwHZgj7lMydqTSlE,1745024977713,21,1745024977713@PWALwHZgj7lMydqTSlE,3571f7144aa41d13ff7aa9e4a3ff3a0afe0689c77937c52bc7b0335f29f0752eb4f020ba93edb1440c33a6f10d3ec77e
88,LwHZgj7lMydqTSlE,1745068540713,9,1745068540713@PWALwHZgj7lMydqTSlE,6f5742c5d7653c7b584b679d304588200e91d0147e555fb9cb4b29c5a50c2abd15ff871bd092a22d9ac0d0032fbd3ad0
88,LwHZgj7lMydqTSlE,1745030922713,22,1745030922713@PWALwHZgj7lMydqTSlE,f03d3b5824160228fe8fc47ae301730dbff86c8efb0d08a1d2a7af0acf320f6e2c89ea74989c1b43e95dc5a6a41582ec
88,LwHZgj7lMydqTSlE,1745034935713,23,1745034935713@PWALwHZgj7lMydqTSlE,d4a0b28b0015b26cf3b124c1b32b4ec1e2c7b3953c620b2aa2f7311ed5299a3fa35aee20d0af876d64af6acd15351955
88,LwHZgj7lMydqTSlE,1745066354713,8,1745066354713@PWALwHZgj7lMydqTSlE,a1764f9b8362f8e21de6b2e7e76004f0bc331e99209de90f20e9dad76e72d0d868fed3734fda5ccccb9b6ce606778054
88,LwHZgj7lMydqTSlE,1745043702713,2,1745043702713@PWALwHZgj7lMydqTSlE,6171afc630b9b8b4b02ca95b9c31aa0f8174b8cdefab5eb730e3a5ad2787b622fa0edabc29319ed9cd8120407dea5909
88,LwHZgj7lMydqTSlE,1745070804713,9,1745070804713@PWALwHZgj7lMydqTSlE,21dcd90ef749f41a187d0150a19d558c6ecc6a9cb45e7b17206c3754ea3debbaeaf0aa33c74eb4c9b6a6df0003986eaa
89,pc6u3BeTCSK4u59r,1745045353713,2,1745045353713@PWApc6u3BeTCSK4u59r,56a8bc0be2b6276aabb1048eb807ed1ab060c748130a77e255bb261ccf8697299131b507dbd039061e2b3f14e29147a4
89,pc6u3BeTCSK4u59r,1745035878713,0,1745035878713@PWApc6u3BeTCSK4u59r,107fcd54883500741a645e8ad61edea720075a68966d35ae79955ffed7edc0b76d33221c0008f28893420b6bf2c0988b
89,pc6u3BeTCSK4u59r,1745021374713,20,1745021374713@PWApc6u3BeTCSK4u59r,ecb20586ff5141b95b046c42d90894e6ebc343a0016d7eee009a99d51181b31b14320d51ae9108baba4e91c0f31cce46
89,pc6u3BeTCSK4u59r,1745026755713,21,1745026755713@PWApc6u3BeTCSK4u59r,65695c3b740c839487f07d02a4ad979e8b396c9cb16110a5609677810c8bc24fee6522b507f395816b6d899ae05595fc
89,pc6u3BeTCSK4u59r,1745074773713,10,1745074773713@PWApc6u3BeTCSK4u59r,b998e2a28083cfc32625828d58ad8bcfd4c12943b31016fff4a9eeb25308c634348039d8da5a142ffeaedbfec9a4a05d
89,pc6u3BeTCSK4u59r,1745028265713,22,1745028265713@PWApc6u3BeTCSK4u59r,399367a5a842a0bb4d4a4f90ce1668af3215ad0e9b5a66ebdf6ea68959acd6acacf8fd66ee832084e4c83574958dee06
89,pc6u3BeTCSK4u59r,1745069058713,9,1745069058713@PWApc6u3BeTCSK4u59r,c948dff5cac4db0deb2a19117858e98c73fef950d37e0c035c5be22aa5891a4ccc9ee16560599145887a53822516cb62
89,pc6u3BeTCSK4u59r,1745006147713,15,1745006147713@PWApc6u3BeTCSK4u59r,6735e1fbcf4c37d6294a8beeea77f2fd3ba529c7c0871cb61e36f878cebba3b84097ea9015e8895177401a9e9980d7bb
89,pc6u3BeTCSK4u59r,1745031705713,23,1745031705713@PWApc6u3BeTCSK4u59r,02df505129ca58d9591a5217500eabd9f7d9afb7c90c05f31560a2aff18cb1d2311495f9837df40207d80c47084b5d19
89,pc6u3BeTCSK4u59r,1745037334713,0,1745037334713@PWApc6u3BeTCSK4u59r,63566b5fef8ff9986a9b907bbc8a9db6b0a493d8a4c482ffbc28fc98167ec391947ed5be6b4730d30214f3f6713bfc81
89,pc6u3BeTCSK4u59r,1745069860713,9,1745069860713@PWApc6u3BeTCSK4u59r,5a07dcf5bc9434fc0b3120d7e10bb8a5a61cf9f1ed13ed03b74db38721573f0d4adbeb7775ad8deac309d221ee0bbb1e
89,pc6u3BeTCSK4u59r,1745069332713,9,1745069332713@PWApc6u3BeTCSK4u59r,13fbafabd3eda75a71fca820486703cc5477449a7da4c581170b3f9acf76a0bcb8eeca6e3826830cb8421bb2b2343c64
89,pc6u3BeTCSK4u59r,1745010096713,17,1745010096713@PWApc6u3BeTCSK4u59r,9a1a9fceb433c3269d239088c33d55e6589659e14a540e4a0969fefbca1264d6a3f491de9a1257d6774ac40f461ccdfd
89,pc6u3BeTCSK4u59r,1745065037713,8,1745065037713@PWApc6u3BeTCSK4u59r,eec004d36f00fd20b9b37d480c51d48397e484592b4f15a57d46d705e1f1abae4599c99edfeaa797a036c847e528ecb0
89,pc6u3BeTCSK4u59r,1745064058713,8,1745064058713@PWApc6u3BeTCSK4u59r,2a466cbecd157462d89e3613893fb6a09369e3c524b4f646a215cd845722715e0d30ff9a07b734565a95055956d19805
89,pc6u3BeTCSK4u59r,1745044993713,2,1745044993713@PWApc6u3BeTCSK4u59r,a54a18f2ed91b8cfcf8723b0ea11b8913e866b875d5ad5bfa937a81eef0330935117c17ac73f674c408488049e3815d9
89,pc6u3BeTCSK4u59r,1745050082713,4,1745050082713@PWApc6u3BeTCSK4u59r,e2e8196d8f025f661e370d746f964ac23f3b71654f168d0dd3ba408fd848954f033bb81f3a509ed0435348b539d03959
89,pc6u3BeTCSK4u59r,1745037777713,0,1745037777713@PWApc6u3BeTCSK4u59r,91f89de59e697facef6dfcceab860822c8b4f0623255d0229b542b23d92db9117314a76b27886f040c95404108c61806
89,pc6u3BeTCSK4u59r,1745022085713,20,1745022085713@PWApc6u3BeTCSK4u59r,cd9c70b2fcc2c96f78063102422a1458cc9e2697b38afc21b962d79191e98caf31008fb7eec506bab3b39590951313cb
89,pc6u3BeTCSK4u59r,1745027997713,21,1745027997713@PWApc6u3BeTCSK4u59r,d35dfdbd1e2ab0e841540f5e83c91bd9fbaf14b0eef06b2b1432847a98262027927781a2076c1632371ecfcad997d08d
89,pc6u3BeTCSK4u59r,1745070538713,9,1745070538713@PWApc6u3BeTCSK4u59r,238ccf524b5e1465e77ed676602c2c0a33b7629a48d9059052becdd1b5dc98c84fc4cf4f48292366e49870fa8cf04cb9
89,pc6u3BeTCSK4u59r,1745022880713,20,1745022880713@PWApc6u3BeTCSK4u59r,e07b090c5715cf0da3b149b28d2956c0df8b465ad15a8d9bbdf2c3cbb99548428b261225842c70d84724ddb0a4f5f84b
89,pc6u3BeTCSK4u59r,1745053841713,5,1745053841713@PWApc6u3BeTCSK4u59r,c5a60027617b6e072e6f33b329fdbb0c67ff810c6f411bde1c842371d12684603442b29c82c07c8b6be795cbbb31a6cf
89,pc6u3BeTCSK4u59r,1745035084713,23,1745035084713@PWApc6u3BeTCSK4u59r,418093c31deee4442f13293994e9e3f8f498279a41610ba686e1b20987225fa4fb2bc97fb7e186622e2d9f0706bf095f
89,pc6u3BeTCSK4u59r,1745050907713,4,1745050907713@PWApc6u3BeTCSK4u59r,74d0b6a95c93d9494b12282716c1067fba08b2c787f1e62e10af07659c0768c045ac79a289326d4f8d663e34ec15aa13
89,pc6u3BeTCSK4u59r,1745045467713,2,1745045467713@PWApc6u3BeTCSK4u59r,50f681bb737fcb398f2e54124a948ddc47fba3a0837afc4725c709ae70a13dd2aef51ccce3d300394623ee372a1532af
89,pc6u3BeTCSK4u59r,1745025231713,21,1745025231713@PWApc6u3BeTCSK4u59r,687d54f96ec5c3768cab64aca28821c5cbe5824c1e8ca6c0ea5c98225a829a9ad3c99a37086b536029122dea7367ddb8
90,ehA0wmw4XVPoEVKI,1745066418713,8,1745066418713@PWAehA0wmw4XVPoEVKI,1eca419a60cca6e771669893dfd056cb521a9715a918e982db2dd74fcc9708ace838b269e057c2fd0c469a2c3fa10ad1
90,ehA0wmw4XVPoEVKI,1745065378713,8,1745065378713@PWAehA0wmw4XVPoEVKI,aa9597005548f97cb6d28f88dea18f83c261c24a1f1a0f352d4705aa1db21c567a6c4af35c7fd24917e50d8589755749
90,ehA0wmw4XVPoEVKI,1745061938713,7,1745061938713@PWAehA0wmw4XVPoEVKI,07404bd2266591eace71744eb198eb1335cf19eaf122d270941538f154decf7fa68f0305c8e9c38c402b7d2d1c3518f0
90,ehA0wmw4XVPoEVKI,1745077426713,11,1745077426713@PWAehA0wmw4XVPoEVKI,3abc0e9947f3079a51c7c31cdf9960c17f0d83e895554493c67fc6bfbefdbae11452255359a27b8ddd830ce9fdba2a35
90,ehA0wmw4XVPoEVKI,1745066233713,8,1745066233713@PWAehA0wmw4XVPoEVKI,5216d1192cbefddbb90aab336fa3256b4d749cd99d43d0b9a85caa5f9a0c9492fde12dd8b192604ec9bd0588a0c47543
90,ehA0wmw4XVPoEVKI,1745049435713,3,1745049435713@PWAehA0wmw4XVPoEVKI,273b2c3d77cf5248886588d4dcc8edba39a458f9fdbd510f131497e69278eff8a218b1836129dc17ad9783b39041fce6
90,ehA0wmw4XVPoEVKI,1745011046713,17,1745011046713@PWAehA0wmw4XVPoEVKI,8b9282f10afb074d389ba4bb292d5b41d99379cb2dfac13397bbaf968e6e7a25f2afbbfe547163c62883f73d9a29af9f
90,ehA0wmw4XVPoEVKI,1745051386713,4,1745051386713@PWAehA0wmw4XVPoEVKI,87c9a89986404c2ca74b19fe12df274d85fb7a04d1765e6e9091a65b7362d60e563fae7cb35278ec724b47f495964bab
90,ehA0wmw4XVPoEVKI,1745049251713,3,1745049251713@PWAehA0wmw4XVPoEVKI,8d35285186c75a7cb6981094ce91182148e70229e1cc47cbc9e78ba0dc1547f8de59e02cd12c29f954ba3abf00ecef49
90,ehA0wmw4XVPoEVKI,1745046642713,3,1745046642713@PWAehA0wmw4XVPoEVKI,4e2f9673b58aed7fb6a7fed425cb0ef34d1ab25dd737295f3e1d702fad4f3f979b9aa6095c3741887a5251e82a905a58
90,ehA0wmw4XVPoEVKI,1745073499713,10,1745073499713@PWAehA0wmw4XVPoEVKI,e1005f448d300f90d2717d6f26e7602c98babb9cf7f7cebf6cefe63a3154e2e1a20bc23b78a17e90bdefab1570d5d82f
90,ehA0wmw4XVPoEVKI,1745019191713,19,1745019191713@PWAehA0wmw4XVPoEVKI,51f0568772df471bae0216a8fde6d2167d0de8c438954163be95a6a92bff512124697ba6842b5e3df9248ad1f2190c10
90,ehA0wmw4XVPoEVKI,1745020552713,19,1745020552713@PWAehA0wmw4XVPoEVKI,17a0191f8ecfb02609f613b7bee01b78526891ea0a44121513780576d51c1c36a34c230a445d5924d231fa2ed28d2259
90,ehA0wmw4XVPoEVKI,1745034472713,23,1745034472713@PWAehA0wmw4XVPoEVKI,a4b364f0ac60ea4de6b869bfef153297da01992f68b778b50de513be706290d21468a14768316ea53aa66d2a1755e828
90,ehA0wmw4XVPoEVKI,1745052084713,4,1745052084713@PWAehA0wmw4XVPoEVKI,99e53d7b4e3cb20609160570b41ff67d029d8a67925e7a7451ceebd9c8808002a825d06c7e2f9c7e7b4562169cc58415
90,ehA0wmw4XVPoEVKI,1745041592713,1,1745041592713@PWAehA0wmw4XVPoEVKI,e82afa6791d07508225725bf26beafc3f34114b96140683982e297c8947ae9729fb4e8cff93154dacc416b0e516715f6
90,ehA0wmw4XVPoEVKI,1745060147713,6,1745060147713@PWAehA0wmw4XVPoEVKI,4173d6811e0f02346a6fec14e1a1cc51d6a7538f97445e90369676286f37b0c9abf691566ae0d813b4cd99fdabf69681
90,ehA0wmw4XVPoEVKI,1745012030713,17,1745012030713@PWAehA0wmw4XVPoEVKI,6b5be8771241fd38233a7dd7e6b5840b446c7d4447da01d5fd05fd8b237be1ce0d70a787b1e690b5f34ebd8925abc2da
90,ehA0wmw4XVPoEVKI,1745041164713,1,1745041164713@PWAehA0wmw4XVPoEVKI,973153459c1da8ade0f22b3301665bb93857df8e913e47ced580d2ad4aebb90c278db0cce1667d4be6282b37acfacf34
90,ehA0wmw4XVPoEVKI,1745062122713,7,1745062122713@PWAehA0wmw4XVPoEVKI,081df2cb7c18987871371779373bdffabbdf6a8d685f331f12626ebc08962bc7f807d1ecec187ee9f4552e14570d17f7
90,ehA0wmw4XVPoEVKI,1745066768713,8,1745066768713@PWAehA0wmw4XVPoEVKI,03f505e14bd7d889255008cfdaaa8f231b7d26e1dfa956a4fd78e42c68fc3bc537249178309c816e9748e6b7eb957727
90,ehA0wmw4XVPoEVKI,1745069760713,9,1745069760713@PWAehA0wmw4XVPoEVKI,0c4bbaa2062427096db79411cb3e58772e87025f5a757f34fa836a47e2280e2125e08c0ba582aab7b18edd8838d92b79
90,ehA0wmw4XVPoEVKI,1745063256713,7,1745063256713@PWAehA0wmw4XVPoEVKI,c909b3f5963b98e3d3d779446dc2877d4d133c0246d204c511f01438df75fda23cce43416e01f05243c99e8d4dc5a12d
90,ehA0wmw4XVPoEVKI,1745070436713,9,1745070436713@PWAehA0wmw4XVPoEVKI,e4fd7e92d3e017dd80cbb635a782eabfe16e3425e7069fe342611cb4e7ff972764063450378e996485065ccf6bcb2925
90,ehA0wmw4XVPoEVKI,1745045970713,2,1745045970713@PWAehA0wmw4XVPoEVKI,355bb8ed2beac3af666a1b4203db7657f8b7dc0033a6670e11f1ef36fe3d467e7eec2d291041d0fbb468c1c48440ef68
90,ehA0wmw4XVPoEVKI,1745034734713,23,1745034734713@PWAehA0wmw4XVPoEVKI,5da438e10cc41dfad33235a26ff1116e38bb8f6dbf7ba44d1a08a3c23ea61bb2b2ed9fa421cad44796dce835814c1bc7
90,ehA0wmw4XVPoEVKI,1745050598713,4,1745050598713@PWAehA0wmw4XVPoEVKI,4344b75082f47722e4adfdd6f01be6b7b524a91313fa2ba57f15b2c702fed199e01d514b9d8db66310b20918e1212622
90,ehA0wmw4XVPoEVKI,1745051292713,4,1745051292713@PWAehA0wmw4XVPoEVKI,bd9f550af272772b13303c87ed7bb69883acc3aa462a5b796e8ca9015ead8cd7797c5016802ee1332333c6e338dfb588
90,ehA0wmw4XVPoEVKI,1745027723713,21,1745027723713@PWAehA0wmw4XVPoEVKI,a5ca1342d8f85f9169c8c9023e767f3170bd2d83e859a744a428c3649dfdd9eade07167e01fa2a15493bfdc25e0a5bdb
90,ehA0wmw4XVPoEVKI,1745021981713,20,1745021981713@PWAehA0wmw4XVPoEVKI,ee38937d7a81a58b0c380ae8aff5373fc121bc99511ed4992c3fa13ef401415333b7d739f4ccd9f288e561fc7fabb26a
90,ehA0wmw4XVPoEVKI,1745010976713,17,1745010976713@PWAehA0wmw4XVPoEVKI,4baf32c969ac027c4a87a97ee34f625f32836e58abcd02f6f28673c1ed77341d13c5f4ae419c62e526e5265bea9c6495
90,ehA0wmw4XVPoEVKI,1745047768713,3,1745047768713@PWAehA0wmw4XVPoEVKI,0a03b5f2a0c5f7e4e7a49e37eddf379997c4f2cf34225eb96e2144ebacb2382973c8a19ada0c9597e63b76c4b5d71881
90,ehA0wmw4XVPoEVKI,1745007980713,16,1745007980713@PWAehA0wmw4XVPoEVKI,4bb49dd03dc4c97fb1e59f10e73935289e7aedb7a3d71ab3250702749ffc8758979b93dead723107921f944f2b98e7a1
90,ehA0wmw4XVPoEVKI,1745066730713,8,1745066730713@PWAehA0wmw4XVPoEVKI,2c4326fd9a6c53f2351edc808a2ac269989aa21527306ac0160612b7683f3807bc3f7129b198b570b6fdbfbae448ddc2
90,ehA0wmw4XVPoEVKI,1745040002713,1,1745040002713@PWAehA0wmw4XVPoEVKI,e63ded7d70a5ac23c410e06847e924978a1f8fd08d61a5d56ee80a01972f32b1bc7d45ab9315919a4aaa141ba653c756
90,ehA0wmw4XVPoEVKI,1745048933713,3,1745048933713@PWAehA0wmw4XVPoEVKI,73e3f480625a52247b72e6ea9a20823a668dd89924d6dcdef02132c9d5ea6f8a05a0f9fbc4e857782566990eb0104892
90,ehA0wmw4XVPoEVKI,1745041303713,1,1745041303713@PWAehA0wmw4XVPoEVKI,fadee4e7442c9f2a46d2a2e8d2c222d8e3247d7e0054fe1e8f8bf1d824b390d48c0fa601a18db17623a1c075c2776229
90,ehA0wmw4XVPoEVKI,1745033568713,23,1745033568713@PWAehA0wmw4XVPoEVKI,a95022f882d467313f6c8ab4ce0354b9a21a904441d9484d6e372741c2d7f8907edb98c2ab5f39de2952c9e8565c2656
90,ehA0wmw4XVPoEVKI,1745014669713,18,1745014669713@PWAehA0wmw4XVPoEVKI,a21c1a298b0a3c102d321a362fa5d129e1dc9d73f0a781c7f0f8e6f3aa06e1b9b464586be9fd6cf423463b079976bc5a
90,ehA0wmw4XVPoEVKI,1745011569713,17,1745011569713@PWAehA0wmw4XVPoEVKI,215d4083b77a6c1850085d8117bff85b3986584d83b51c0d706da6e0e0962049c86b56c86da0ad44821e87acc19a47a6
90,ehA0wmw4XVPoEVKI,1745058074713,6,1745058074713@PWAehA0wmw4XVPoEVKI,4fdf1445dc7dbeaa9009c8f33e07d53fb87f24cef40bd9fd2cbd6e9af7db735429942f42c2ab9c1ed85bc094739bee72
91,NqnqEBR8z7o7uwnq,1745024431713,21,1745024431713@PWANqnqEBR8z7o7uwnq,badd39969959247a21268f9255b0fb640f4f67a89cb5fc34a980b09bbe2ecefb25027b17cc973931ff17c913c0da2385
91,NqnqEBR8z7o7uwnq,1745014605713,18,1745014605713@PWANqnqEBR8z7o7uwnq,31bc56b7e8142774532dd27d71a49f1504fea70c7287574d326a684dea048f3168e6635d1cec682e0754ffaf8a65b8b1
91,NqnqEBR8z7o7uwnq,1745077195713,11,1745077195713@PWANqnqEBR8z7o7uwnq,a10f907eedcf1bbaf48c9cb90e7840510df0685a5e18fc660e23959a0adcb2787674d5557ec9b4187eecda4d62543db8
91,NqnqEBR8z7o7uwnq,1745052026713,4,1745052026713@PWANqnqEBR8z7o7uwnq,47198d1c647712baffd2f1e0ec9a4a908604e8244eb98f75bcab3a8c9907864ac0a5ba3664e819590eb4a4bd6b68a8bb
91,NqnqEBR8z7o7uwnq,1745031996713,23,1745031996713@PWANqnqEBR8z7o7uwnq,d47ca3f5779db283da444525f81cc2422a8cfcb17317f3f923be89fc29c32515f47628ca3def144a934c5c989a92cd45
91,NqnqEBR8z7o7uwnq,1745064745713,8,1745064745713@PWANqnqEBR8z7o7uwnq,fcdc5876bedac93296de2c254db14cf5607a474e360531c3eb41a3f25b1d0fcf088db0c8448cde401d9b176f926286b7
91,NqnqEBR8z7o7uwnq,1745017225713,19,1745017225713@PWANqnqEBR8z7o7uwnq,08894b8779b2299c439f2ce08b77d58e6c28226ddb2dd1e355b9637108bcb45f3a7cd7102acaf230683cb2c7b0673205
91,NqnqEBR8z7o7uwnq,1745044670713,2,1745044670713@PWANqnqEBR8z7o7uwnq,b968697ae37152828087a0df036e93b356d90276892f6752d44d3b8084dfc1692c0ddfca5ee8320974d4f657a72a2a82
91,NqnqEBR8z7o7uwnq,1745017649713,19,1745017649713@PWANqnqEBR8z7o7uwnq,407e3e218e010fffc7729840e49faa56c3e0dbe3d49a12cc330175f253a26056477ed49f345a72069b0a8ece4c6b78e1
91,NqnqEBR8z7o7uwnq,1745033265713,23,1745033265713@PWANqnqEBR8z7o7uwnq,c1a3205ee9b7e6923278901e0040ef2941ca26c51b5c82b835b5d6ab010acc2c921f19019c96c5f995d84852ef15b1e1
91,NqnqEBR8z7o7uwnq,1745063570713,7,1745063570713@PWANqnqEBR8z7o7uwnq,47978b5f36539d1d9eccaa7ad03ba56d6de2595ef85ccfb7116531327fc5fbd8ad1a06c96d8948e9d6c8d6fba4a5ee48
91,NqnqEBR8z7o7uwnq,1745070062713,9,1745070062713@PWANqnqEBR8z7o7uwnq,a667864e7d5bc0eaaf4d48965fd9ed382122c368d21ef70706aee7f79a0caa1b51c517066a60a8605352b7a0dcf8301e
91,NqnqEBR8z7o7uwnq,1745029128713,22,1745029128713@PWANqnqEBR8z7o7uwnq,99e3ecd00d25c3be2baf23c061406ec58cc6ea10bce19a7a60e71dd0e78fe16409097576142a01add6d6770fa672dbd8
91,NqnqEBR8z7o7uwnq,1745033772713,23,1745033772713@PWANqnqEBR8z7o7uwnq,4325d39ad42af20162ec01c9748f02f35bcfc7896abfd80ba88587caf302d0e31f902c3f3a6f9cef1862f2b7dea6fa8d
91,NqnqEBR8z7o7uwnq,1745070307713,9,1745070307713@PWANqnqEBR8z7o7uwnq,84c33046a06a37364a5debc29fe99c9df9711d84a8ba3c691ebbb2acb90b94957349c133819e19dfa7b8822d97755cb6
91,NqnqEBR8z7o7uwnq,1745065221713,8,1745065221713@PWANqnqEBR8z7o7uwnq,b1650ec67a0f10e255f3a17ab3b94121a35ce24df92a63884429f6356a6be210bca4ff243b7dc5e78c4bee04730e319c
91,NqnqEBR8z7o7uwnq,1745077499713,11,1745077499713@PWANqnqEBR8z7o7uwnq,20b15aded72dbde5b1e5ce0f2529b916eb4fb578d63aa163caa041645a2ba7175b1ddd6d776456d4836756ac7efbc9b3
91,NqnqEBR8z7o7uwnq,1745055008713,5,1745055008713@PWANqnqEBR8z7o7uwnq,9e0494e4bb0ab9fc6c0bd8c03966ad25a7eac596aeefb6c8aa4b88c65f6d9a8e9bbd840b439bfbedf6d00527ff9520c8
91,NqnqEBR8z7o7uwnq,1745073606713,10,1745073606713@PWANqnqEBR8z7o7uwnq,5980917ef8f8f4ef835224fe44ede59942ccbd0938e9bb6856fdf2a2706d5d90f4d7be03db844ac5954688f5fbf345d5
91,NqnqEBR8z7o7uwnq,1745033572713,23,1745033572713@PWANqnqEBR8z7o7uwnq,589abee77aa4e11d4342413fce3e62c724bfe798dab7d3135a9b8eed84b66655c9ac4093f3c951ca4d75592ebede1849
91,NqnqEBR8z7o7uwnq,1745013661713,18,1745013661713@PWANqnqEBR8z7o7uwnq,942f3e1ad95f6501df843a53a921d88331f9d6f698b12ef27b889452c83c2c4ba0f7afe63511ba615da009730b97962a
91,NqnqEBR8z7o7uwnq,1745070410713,9,1745070410713@PWANqnqEBR8z7o7uwnq,028fd8db667ca769e26a915ee1860744f2a1593e9c07a01f02a7425700e1319f159b2f8163aa6b52ce280710208f4bfb
91,NqnqEBR8z7o7uwnq,1745037997713,0,1745037997713@PWANqnqEBR8z7o7uwnq,fdc495f220ad7479e568edd857ce51c7660a77fc7f95775672515adcc842591fd54face7718fb80b2edb76bfcb668487
91,NqnqEBR8z7o7uwnq,1745035397713,0,1745035397713@PWANqnqEBR8z7o7uwnq,17f6d20399b5a24014325e6b8c484b2ac7a49e1e4ec267c3213a649a1366e04042c9c3e970ff0c7d6479444ee65794ff
91,NqnqEBR8z7o7uwnq,1745044586713,2,1745044586713@PWANqnqEBR8z7o7uwnq,5624e9decb34c54b5678156b97272aa34364874f2f51727afa4c458ddfad2d3c555dced32e656d29519cc17219069f00
91,NqnqEBR8z7o7uwnq,1745031765713,23,1745031765713@PWANqnqEBR8z7o7uwnq,75fcf0fd0be6184f335a9bf7df515d0c8b8771073d4f0153645b87dd98fe04487a4bf0815412b2b497947e59755f4f2d
91,NqnqEBR8z7o7uwnq,1745050369713,4,1745050369713@PWANqnqEBR8z7o7uwnq,02459eff09cac2c2b6b084127e427230ecc51e1f23b0e27332ff6b664cf0740f5fc72533072d5487223f460ae3c62100
91,NqnqEBR8z7o7uwnq,1745054416713,5,1745054416713@PWANqnqEBR8z7o7uwnq,3412afec4c61a29638cffeaa8a7a3fdca90b78e4eb32753d27f51f614e6f2a7dc1d0c82dbe79e6a57afbc015907d3ad1
91,NqnqEBR8z7o7uwnq,1745038606713,0,1745038606713@PWANqnqEBR8z7o7uwnq,484c836593624b3732ceade2c6011c6f5f05586ad957c16630137edd2783058bae609938f9d7bc771c3495156fc8fbba
91,NqnqEBR8z7o7uwnq,1745056875713,6,1745056875713@PWANqnqEBR8z7o7uwnq,025a49a06ca1e4cb440ae80acf789cdc52009a025ba5aec4e9c3962a235310747e0192e92d3d4b3bcefb77277661707e
91,NqnqEBR8z7o7uwnq,1745039995713,1,1745039995713@PWANqnqEBR8z7o7uwnq,21cdab89cc69f4dedb9d0c7c8476aa3650ee9e5a729bb4ad245a4f92b3c00eda7ea137f58aa1d649dfb7121ec45658e7
91,NqnqEBR8z7o7uwnq,1745006296713,15,1745006296713@PWANqnqEBR8z7o7uwnq,b531415e27dab5d729d5e6f8116043b4c7945bad4e7d1e991886f6c584583851e232bc94ac712315a29b1a993d461a0a
91,NqnqEBR8z7o7uwnq,1745071951713,10,1745071951713@PWANqnqEBR8z7o7uwnq,f88891008daa795dffe7b81e80e3f9af83533c47a61b99e66aadfeead414ec39dcab88f62e6797bbb9245133b4748d6e
91,NqnqEBR8z7o7uwnq,1745028727713,22,1745028727713@PWANqnqEBR8z7o7uwnq,45fabf69993e332955ea60002e48fac9d3be14d28f7e085b78d68b5adee50d13852357ccf240003d9c11736791da0e95
91,NqnqEBR8z7o7uwnq,1745040022713,1,1745040022713@PWANqnqEBR8z7o7uwnq,4ca5592ba34f29ae4b14679ba3b18437aa0f11bfef9e9420a326ccef96e082ba91a058f601931afdad6118f1649b9258
91,NqnqEBR8z7o7uwnq,1745011539713,17,1745011539713@PWANqnqEBR8z7o7uwnq,36dc844ee8fd43f4bf58ae78c01b94ccc31731a05dbb0c19d078e167e85ceb32d2f83748af43983f9534fe1ce0c89f2a
91,NqnqEBR8z7o7uwnq,1745007504713,16,1745007504713@PWANqnqEBR8z7o7uwnq,c0b12484a366879371bdb6da0df7e159343f8e20be84400961ed0861a4ed9b4caef699c8019ea0364edacf6cc742ebeb
91,NqnqEBR8z7o7uwnq,1745018797713,19,1745018797713@PWANqnqEBR8z7o7uwnq,d6da75d4c2c51192e4df618824aa7db9be269aff98d750338d8572476cd5ab6323c132a082f749f3608ba63d65887019
91,NqnqEBR8z7o7uwnq,1745075951713,11,1745075951713@PWANqnqEBR8z7o7uwnq,6f95b3adb7e6643adb3d0600ef9c0c79a16b6931ade10af7355d2eb376c6ad87be2cd4b3f191e52fcb4c96abbdc2df5a
91,NqnqEBR8z7o7uwnq,1745052678713,4,1745052678713@PWANqnqEBR8z7o7uwnq,fcd0ee1eb0b6f1eb0e0e2fd0e13c9b6348dea84f29f51008cfa8ae17b8c121951e33143922b1a399b67fa86ba9b99a9d
91,NqnqEBR8z7o7uwnq,1745031727713,23,1745031727713@PWANqnqEBR8z7o7uwnq,713cc783c9a9ba5cf5b4f300daf694621bf6e817ec961b0574d191706f2826046cb8f95f794756f4f5a510ff60b37e06
91,NqnqEBR8z7o7uwnq,1745016390713,18,1745016390713@PWANqnqEBR8z7o7uwnq,7e4ec1fbd84453ec630ed367027c775dffd5f54ccb470fa3a89f2e76778c9e811f5c136cd7c2269e70a5a4f76790be44
91,NqnqEBR8z7o7uwnq,1745033620713,23,1745033620713@PWANqnqEBR8z7o7uwnq,c13a73de2cb5859db870157ec6553309cfe6f65dfbdf594eade4131e16d2d83087de694b02be5636659676f5cfdd3bf6
91,NqnqEBR8z7o7uwnq,1745023282713,20,1745023282713@PWANqnqEBR8z7o7uwnq,21d9d6a42c3412a4474cc3bdc80338bc37741e255b20cad8c76a0d115d37440d320cca410ec3e7603187d2d1c045ea30
91,NqnqEBR8z7o7uwnq,1745009403713,16,1745009403713@PWANqnqEBR8z7o7uwnq,5686c4e46f6b10eedc43c59e7d2bbacffb39c747348cf5c1887b6aeb45ff30b33d83921df6c574e9642175adf970122f
92,SCkxMMNVYVIlcqoq,1745046414713,3,1745046414713@PWASCkxMMNVYVIlcqoq,3b0e8c53a71b220cc8c2419c985566dc1aac18bba6fd7e5ee75d8fdc07167eeb6ac867ce83a36105d09ad63fd6da7545
92,SCkxMMNVYVIlcqoq,1745046306713,3,1745046306713@PWASCkxMMNVYVIlcqoq,7f5ec249011d4de25262c9480a1e0c273f4ddf3c018c0dd7eeaf551156584bd16b5242f2732cddbd84c3a9ccd19dd5dc
92,SCkxMMNVYVIlcqoq,1745016829713,18,1745016829713@PWASCkxMMNVYVIlcqoq,5837c47c3aabd7d6adf8dd75331f4229b3ace21be48f2009b62b387e783605947bd36e0b4ce797f2b0111acd78886dd9
92,SCkxMMNVYVIlcqoq,1745042078713,1,1745042078713@PWASCkxMMNVYVIlcqoq,68ad20ae1b1f00ba3805371aa78acdd1798f712c715ef517f84bc9d5a068ed9974bf36f6af5d7fda6a72f13ee0762443
92,SCkxMMNVYVIlcqoq,1745047338713,3,1745047338713@PWASCkxMMNVYVIlcqoq,b1559966a3a32db2e645c087f864af137864ab6458c6b48523be26e8ce1d6072dea99e37b6a16b6dabdeb38b24508aa7
92,SCkxMMNVYVIlcqoq,1745056976713,6,1745056976713@PWASCkxMMNVYVIlcqoq,e3c2b485fb7487f9c6bbeb3e75f900cc220f5cda09be21b29d5e85af8bef2dc7c9e0084dcfdcaa2e1cce926151e8de4f
92,SCkxMMNVYVIlcqoq,1745049452713,3,1745049452713@PWASCkxMMNVYVIlcqoq,815618c9b5665602137cda367d19b9f4bb7dd949c2ec378e6350ef12a2573f6ae48639f0399dea6aa4098565c72b713d
92,SCkxMMNVYVIlcqoq,1745062260713,7,1745062260713@PWASCkxMMNVYVIlcqoq,8e585eff42a5b230dadb0e96aab102b3ffce44476e5006edf26f476b9c341bdde007ef0c790639a355327d686113c092
92,SCkxMMNVYVIlcqoq,1745045603713,2,1745045603713@PWASCkxMMNVYVIlcqoq,1a6141f543af1130510d31e32562fd325029ad54976085e8a451ec22353b49fee62ed32c640e8163d1cf636bb9718a94
92,SCkxMMNVYVIlcqoq,1745010822713,17,1745010822713@PWASCkxMMNVYVIlcqoq,02879edd80647c5470ffb865ba533f4d24535309fd8e8ecdbdc54f131873a648228505ab6f19cb1c5271a75064520d4a
92,SCkxMMNVYVIlcqoq,1745046845713,3,1745046845713@PWASCkxMMNVYVIlcqoq,1eee9d78171dc703379c550506e392aa8419d0dfd36461da1ff271756b04f042fb78cfada1a98fc0a3cde61d1a7a85fe
92,SCkxMMNVYVIlcqoq,1745074176713,10,1745074176713@PWASCkxMMNVYVIlcqoq,ceef6a7506a2d4f8042f9f47b1421e28acb64c6bf52496ff75fc01dd7c784476db5672bff6aca7d8b5d73bd7a654595e
92,SCkxMMNVYVIlcqoq,1745039049713,1,1745039049713@PWASCkxMMNVYVIlcqoq,bc64d370b29b03ce5e10166adc0396458e9bc97b1c8ab82c54fc4c1c11a1bbcd3d9214d543b616ac3169ef8deb2b1969
92,SCkxMMNVYVIlcqoq,1745049407713,3,1745049407713@PWASCkxMMNVYVIlcqoq,e133ea7b8bc30a4d925b5c717923cdda78721a6d58f6a22831dc12740b52adc8db22a78acc3c306ffce41290fcfb8db9
92,SCkxMMNVYVIlcqoq,1745060936713,7,1745060936713@PWASCkxMMNVYVIlcqoq,8b3f592eac3fe3c620afc306d5728dbd3d3be0ed2a3b824dee021d9f05559c17c1b3bbcbd8a091a448cb8d4311f1ee68
92,SCkxMMNVYVIlcqoq,1745008934713,16,1745008934713@PWASCkxMMNVYVIlcqoq,e47a663e58b97068c31f466754b8f807a90624ec5536bd2273650c0080258cd01627fc27aca4f7e9269bef7d41e7c883
92,SCkxMMNVYVIlcqoq,1745052783713,4,1745052783713@PWASCkxMMNVYVIlcqoq,9a5c528b1b986ca84b60019e3e59a6405bc59949313b6e5a7221bf800d400d5f73daa8ea564d3e2ecc3d799cad69675f
92,SCkxMMNVYVIlcqoq,1745016651713,18,1745016651713@PWASCkxMMNVYVIlcqoq,db9e100181094cab3e16e25784743bdfc3a2f07591c7736e30b2739fef63a697ccb0b987afe200b133f41d73dd1df648
92,SCkxMMNVYVIlcqoq,1745015881713,18,1745015881713@PWASCkxMMNVYVIlcqoq,bcff4ef45a907b9b7270fb783189fbdfd13854676a23574027ceec84fc618c9aebb15e4a681c1450c3d75e351b68e3fa
92,SCkxMMNVYVIlcqoq,1745074019713,10,1745074019713@PWASCkxMMNVYVIlcqoq,24e255850615fc8a71d27ffa737be417d86158884b08d7dac9102c32b94480d34d08d93bdfef7171e965a045c7a97dea
92,SCkxMMNVYVIlcqoq,1745051856713,4,1745051856713@PWASCkxMMNVYVIlcqoq,d169cf634f84f73c9b673f8a06dd323bcdae5d0e80c1fdbb45cff333b01bd66e31a5b2b06e673f0ff09c2fa0606b2df1
92,SCkxMMNVYVIlcqoq,1745031349713,22,1745031349713@PWASCkxMMNVYVIlcqoq,f5d6783692a80c4587360d0ffb48b0c42da23bce0ef43aa55f49e4acdc54cb9113951607a3832fb4029d69fa7f8d0a5d
92,SCkxMMNVYVIlcqoq,1745030912713,22,1745030912713@PWASCkxMMNVYVIlcqoq,eadfa90cd67cb58d8c5d6beee7985afcf6c730128107fe3ef651a1ea39da6196f645735b1c6f0a0315efae7df9878764
92,SCkxMMNVYVIlcqoq,1745068588713,9,1745068588713@PWASCkxMMNVYVIlcqoq,7338615f74664e01ee96ebc48d6c3782742490423716277a37c1fc9e2888ee796dcc08b3ec938a3469a3824ebf9b1931
92,SCkxMMNVYVIlcqoq,1745048516713,3,1745048516713@PWASCkxMMNVYVIlcqoq,2bb92ad03ac74cd513a30c0a802072d244de85b76da247913149338320381fd6b4d8e6a22ce606650030ba493fbd804d
92,SCkxMMNVYVIlcqoq,1745034505713,23,1745034505713@PWASCkxMMNVYVIlcqoq,2b166f6262b63a30bf3fdedb64d2b97ced567f2d44c7ae7229fbd270a06e5f745665bb291959a14e0c8e9b99f8dc148c
92,SCkxMMNVYVIlcqoq,1745071745713,10,1745071745713@PWASCkxMMNVYVIlcqoq,0856406443b89ce13ee91bf75c56542ecc95663b31abfa99efe63ca3491f7dd35df65615e19a8bff667ada275339d383
92,SCkxMMNVYVIlcqoq,1745069562713,9,1745069562713@PWASCkxMMNVYVIlcqoq,b9b8c1a3c221f17a7624868f65b1359ef627a816c55a26ab49cc4f1ccff9d9d6ce67fca1fb9a72dda48b32d74478bc29
92,SCkxMMNVYVIlcqoq,1745058387713,6,1745058387713@PWASCkxMMNVYVIlcqoq,cfa67a51f05725b5d7f95cca49c00a7949b4b380909205ff2c5546801d7d29281cb30e04a48a9267362a0204233c9a22
92,SCkxMMNVYVIlcqoq,1745034445713,23,1745034445713@PWASCkxMMNVYVIlcqoq,535f695ddd126f9170ce41680c6a228196c88c2996ea6168a394c276d4b18d6c20df5e4039fac09de70948122e2b89d5
92,SCkxMMNVYVIlcqoq,1745006164713,15,1745006164713@PWASCkxMMNVYVIlcqoq,a3f4d3cc81856fb1c039c51b29bdfc4fed504349de679a47e1d6279fde9938783f7fac310b428a0255073f4ff7f8e0fd
92,SCkxMMNVYVIlcqoq,1745073354713,10,1745073354713@PWASCkxMMNVYVIlcqoq,1639f81695af67f7c7144196e7c77c8d1c2df88e5fb463d1eb24278894f17f4cd69ce38b053d92abe13865be61518d8d
92,SCkxMMNVYVIlcqoq,1745024517713,21,1745024517713@PWASCkxMMNVYVIlcqoq,2f7c911cd04edf6add65ee2774ecb32a48fa5a18168c4ade5e34a9122fba7bd165b698277b50f39a6da25e2eefaa4241
92,SCkxMMNVYVIlcqoq,1745013349713,17,1745013349713@PWASCkxMMNVYVIlcqoq,85689e285a0858782bdc6aecdd7f6359e51eab6d57cd982859c4b2a63e0bf98ee1b922eda8cc9dffd92564f9b82de975
92,SCkxMMNVYVIlcqoq,1745069703713,9,1745069703713@PWASCkxMMNVYVIlcqoq,8ea7f8f968bbc51d1dd136e3a3e4317431a140d5e583860538501b3037d8a1421e6f53dc44a58fe27d56e3652d749494
92,SCkxMMNVYVIlcqoq,1745073551713,10,1745073551713@PWASCkxMMNVYVIlcqoq,d16e5706acbca56480738e83729f215b353d6911bf4ab672345973b83e17b36c98cb8d865f52e0f195b7500966ba9be9
92,SCkxMMNVYVIlcqoq,1745012053713,17,1745012053713@PWASCkxMMNVYVIlcqoq,aef3bfb7590a156066dff14a22706cc856eaaf28dd08fe19010cd4f7a057480ef513a1b2e2a9021500f0b008364326b1
92,SCkxMMNVYVIlcqoq,1745023418713,20,1745023418713@PWASCkxMMNVYVIlcqoq,c3637c6b80772b913f76cbf659c17cf9cfb187ba7a9c079b2354cae3dcd00cf82513b96a8e0077ffb9f3d57fc848a978
92,SCkxMMNVYVIlcqoq,1745068857713,9,1745068857713@PWASCkxMMNVYVIlcqoq,a708c09403059c6e0b1d5212b77fa177bc221deee9b38f9487cb611c7f6b3afc2ffa55d36887506aff5419f2ede6de14
92,SCkxMMNVYVIlcqoq,1745026926713,21,1745026926713@PWASCkxMMNVYVIlcqoq,a8fb7a6915f412401c46a970e392bf33495830b98e5573c5c95982b12bbead6cc5a17099a533901c2c0d5bb415e4c29a
92,SCkxMMNVYVIlcqoq,1745077275713,11,1745077275713@PWASCkxMMNVYVIlcqoq,318866943c4d5f7ab2900a1616503772687759aa411528c936a3f578f909119312fac66724d6cd0a11a5065028f3c5e6
92,SCkxMMNVYVIlcqoq,1745035222713,0,1745035222713@PWASCkxMMNVYVIlcqoq,e88ccb44513902e3c29ca35dd7b956b752c26e6cec81c0d5a5ad0ae04693e1f33fec9b438577abeb34e3664ad91af421
92,SCkxMMNVYVIlcqoq,1745054772713,5,1745054772713@PWASCkxMMNVYVIlcqoq,7fe34226871df3af9f48fa605dc663046d1de0b1a418168f1a8efc4c26796d61e07edbb5bff5f54de0cd0d05c4e4a405
92,SCkxMMNVYVIlcqoq,1745047036713,3,1745047036713@PWASCkxMMNVYVIlcqoq,3202c6d59a6a121d4cbb97636b4f927e717d12fc1b394e79059d5580594be99239759b721d05e5c5c92a5fe53761d020
93,XJGwbwd152o4q57u,1745064081713,8,1745064081713@PWAXJGwbwd152o4q57u,bc13bcbf4ede597febe794ec40153f2203385a5b3a9a8cfeb8257ed8d49fb2260662e3cf5aa7773792d4f4b41b6b7523
93,XJGwbwd152o4q57u,1745035066713,23,1745035066713@PWAXJGwbwd152o4q57u,320c6c44c62146e2b6fc5f76c2d56eaf952481484cf776ed4f780c0d54e6daa2bf136035d7ebf2485bf526643c01e8b0
93,XJGwbwd152o4q57u,1745067943713,9,1745067943713@PWAXJGwbwd152o4q57u,c664822a7f89bdda60a28fee5127628baca90ca11ecce4b24de5d5f92ae89dbc721930c24d6919c15b4a2d7ef085d5ce
93,XJGwbwd152o4q57u,1745051091713,4,1745051091713@PWAXJGwbwd152o4q57u,e0b3f84ced632118e99059d5b9f48b66f21ca129f645ab958ac0e621fed5d8217d7d5a2904b8e51951ff7b43336e328f
93,XJGwbwd152o4q57u,1745067123713,8,1745067123713@PWAXJGwbwd152o4q57u,86290aa2b33d3179cb3c8d448d6085c3a346188d52b83d7eda23b86c692718a7d44780241368900c720171fa93448ab8
93,XJGwbwd152o4q57u,1745060389713,6,1745060389713@PWAXJGwbwd152o4q57u,655ce900b89b9258b5b2296301c9f742ad8cdd3e6fa7c74951977f44b34a65910038b0d2d8996661923612ac33b7d9b8
93,XJGwbwd152o4q57u,1745015752713,18,1745015752713@PWAXJGwbwd152o4q57u,67ef6fd5f64fa5537109bf544e08cc1b39069f7d8efa3e8fec681f59346921b079fe7102d57cb3840b28b4e3cd3ca251
93,XJGwbwd152o4q57u,1745066398713,8,1745066398713@PWAXJGwbwd152o4q57u,3863d0202d433ecbd90786721b411f16b09a0ac78fa937762bebe11f61a7835ce55339a541e1d646dd6cbae744ea6a82
93,XJGwbwd152o4q57u,1745036551713,0,1745036551713@PWAXJGwbwd152o4q57u,02119108e8676a06027e6f66222e1bc37563749fbec550cffe3a671d00796b8c9a7e45965d77d67807eb95d5bb359718
93,XJGwbwd152o4q57u,1745075245713,11,1745075245713@PWAXJGwbwd152o4q57u,ef3c89fa52414b87599948c0a1a8dbf5db5a0e1bf4b80a1a09694ee041e636e281c2a4dc8f7fc3e898bf3806eb89ab9f
93,XJGwbwd152o4q57u,1745015194713,18,1745015194713@PWAXJGwbwd152o4q57u,b28089743e1e22169786f129daeb6ce21292f9ced4a307232a70eca51f55231adc237a4d083edcd36eddd4f57cd60d14
93,XJGwbwd152o4q57u,1745062638713,7,1745062638713@PWAXJGwbwd152o4q57u,16488c5a64ae1434772f85b68e142849e6bb9d441038c82132145d285b2390bfe861d2a346273d3d080ce11061a83724
93,XJGwbwd152o4q57u,1745051808713,4,1745051808713@PWAXJGwbwd152o4q57u,722936185b53dfd541c93e7cf109be14683b1d1576ddfb1acac53002e99c88cc88143f0e2dbf0db797fe02bf8fe18581
93,XJGwbwd152o4q57u,1745029206713,22,1745029206713@PWAXJGwbwd152o4q57u,431beee8f0a340b40cb8bef198307a17eec652a80a97af54ef4db3c4c06b192fbd442c857d2ade6d2296045a7d45a766
93,XJGwbwd152o4q57u,1745007922713,16,1745007922713@PWAXJGwbwd152o4q57u,95059f5c1c660529a05eacce141957d88e9299305d27d5ff58e5210183dabd8a467eb1d9321c6f0b48419d17790b3e99
93,XJGwbwd152o4q57u,1745019928713,19,1745019928713@PWAXJGwbwd152o4q57u,641a87d4aafa6d5c2fb77562f63787145bb812aa119496e87a1620ac9e7d904619146dc4910ea7db58b9c0de99f0232e
93,XJGwbwd152o4q57u,1745022456713,20,1745022456713@PWAXJGwbwd152o4q57u,b261d14138992676b1941b3212af508082535685993cca01dbbc051c28763996694b2848a446c1edb63d5efc45885804
93,XJGwbwd152o4q57u,1745068612713,9,1745068612713@PWAXJGwbwd152o4q57u,953235b4857ffc859e23bc901aea7d548f72a05e04ec4c2565fcc6e0d6b470e8438a770be89dd2d900c24440eb590947
93,XJGwbwd152o4q57u,1745049188713,3,1745049188713@PWAXJGwbwd152o4q57u,99f8f8ea72d40440710269eded9dba48febd858ed949a7c1eaf76a9e1e9bbbc53edd844db1798ce5fbeb0e645006ee08
93,XJGwbwd152o4q57u,1745051592713,4,1745051592713@PWAXJGwbwd152o4q57u,5cd7ca46d06f60c1f71fec1c7981085c42d421b14a39997db5912e5af29fa3985394cdbfe16034056e604eb35eff1826
93,XJGwbwd152o4q57u,1745041062713,1,1745041062713@PWAXJGwbwd152o4q57u,6376f60ec96f4ea1dcf3b4d97da4736e94ab9405cb198e737cd4a47dbab0e8c4213c429a21597cde2965ba9bc6791e3b
93,XJGwbwd152o4q57u,1745036955713,0,1745036955713@PWAXJGwbwd152o4q57u,b8a9b5cba4cb6a6eef304bb7643c9b75f5b8394ede55717b12c12bd97f8703bcac07b271bdd9642ac9656cb2c152d6a1
93,XJGwbwd152o4q57u,1745013237713,17,1745013237713@PWAXJGwbwd152o4q57u,ce9daf701b68a838eb6eb102d7276a3883cbd916a184260470d73c259dfad09ce912ef55b5511adeaece36cd95ad1a1b
93,XJGwbwd152o4q57u,1745076891713,11,1745076891713@PWAXJGwbwd152o4q57u,e58f775a3ca10062e07cf1d3725917e8c6042cd7bb90429538f5b69995d813aba606d3a376796189a3224a78f052ffe4
93,XJGwbwd152o4q57u,1745067971713,9,1745067971713@PWAXJGwbwd152o4q57u,0897ef1b5b0659131e776d6c5d49e75beedc1498fdfb9b4c7ebf1cbd6a0eac734b99001949a0a79790eb87d08ca93314
93,XJGwbwd152o4q57u,1745077177713,11,1745077177713@PWAXJGwbwd152o4q57u,f2d41f0073c5e94e2ddb716ef31ca7a62010f43c271b9dda01a89b03e9178563085a3618b05523303298630b47377a9d
93,XJGwbwd152o4q57u,1745030148713,22,1745030148713@PWAXJGwbwd152o4q57u,ec25392372a195f6e8d32f93f0a39a45b24a4986b2c1e190bec4cc79cf543e195b236ef836c2843018fc2649abaf32be
93,XJGwbwd152o4q57u,1745011630713,17,1745011630713@PWAXJGwbwd152o4q57u,3b0fa7b0655b69053232d4fed229c352e7b69537539f9538abc5815d748cdd1a353e508d3899a4f0009201046da15661
93,XJGwbwd152o4q57u,1745021929713,20,1745021929713@PWAXJGwbwd152o4q57u,637a027d12045f6fa6cb0dd2ec3bdfc326f588f437983a56a2190843ad1b72489f802d284437b4b9d4c5660140bd0f22
93,XJGwbwd152o4q57u,1745013021713,17,1745013021713@PWAXJGwbwd152o4q57u,29666861e179cb11b79a617fbe832ad813fd803a133f59f9ab2432eab742b215848bbd7f91ceb420096a6163d6b1d565
93,XJGwbwd152o4q57u,1745021971713,20,1745021971713@PWAXJGwbwd152o4q57u,af438724a9cfc986d7525b209471b0a0979aa9f16f07c017fc06941b36864c53b04977452e4287084d8a8db5cd55c5de
93,XJGwbwd152o4q57u,1745023886713,20,1745023886713@PWAXJGwbwd152o4q57u,888e3f14978c8d555dad16f22517ddcd72e5b3b78202e2ff34ff044f890dc972c55183fc776fe8349e7e141abab7c654
94,3pApLvLSChIaFDJR,1745038928713,1,1745038928713@PWA3pApLvLSChIaFDJR,8bea2850cb46f0400ebb908b99bab7e0a2a49a5a58e84fec2bafb5b64e0d8edfd476e073226c80c44bc010f9dd71ea79
94,3pApLvLSChIaFDJR,1745065582713,8,1745065582713@PWA3pApLvLSChIaFDJR,bb669975e15bcab34c7668f6c68ab4ad205934b292a9636c01b2f45701bdc09fe0838f5322257fdaa1d3dfd4d79b4576
94,3pApLvLSChIaFDJR,1745051301713,4,1745051301713@PWA3pApLvLSChIaFDJR,aa5c62bfd29cb372409de3a87fa9e9578ecd12fc9aff1f9f6a216b69d41a9ff08f4b8ab5b8c3fe4f2aa528bcf0ce8a68
94,3pApLvLSChIaFDJR,1745053501713,5,1745053501713@PWA3pApLvLSChIaFDJR,e305e9fa4399033bcb8d41564ffd1a0246832bac94a80f888eaee852b363c53ec669cba1b9c1ba6fff45ed0224c34499
94,3pApLvLSChIaFDJR,1745046410713,3,1745046410713@PWA3pApLvLSChIaFDJR,d6cace9a92ce2885b8c443c65f2cf4b41d8d51899f5a5089bc8cfeaa384a104c7edf4c0686b96e00979ec633a7303302
94,3pApLvLSChIaFDJR,1745069729713,9,1745069729713@PWA3pApLvLSChIaFDJR,a03e03289be14a1b7cc877fe83154b297b4d8342c952ce110ffd60a48f83521db30b7b9afa897b74cfbbbb64529a7f7d
94,3pApLvLSChIaFDJR,1745041774713,1,1745041774713@PWA3pApLvLSChIaFDJR,8076e998ee20d5bf2f120642ad52fe4d8630406771745c87431bf613886b16f54524b8ea4a5510cd88e9247a9be62f41
94,3pApLvLSChIaFDJR,1745013169713,17,1745013169713@PWA3pApLvLSChIaFDJR,c116c1664ab4edd4846a542f76acc700c516325559de107e0fbb70d4ae5717a77e7c0779b4763988b10c50d3c667394d
94,3pApLvLSChIaFDJR,1745021891713,20,1745021891713@PWA3pApLvLSChIaFDJR,a89eab3ad623fa98f21c7e8af0093025f11672a961a660d33fa5565e139f40e3ca833a49194410ad8786f736f89c44ba
94,3pApLvLSChIaFDJR,1745011514713,17,1745011514713@PWA3pApLvLSChIaFDJR,f5e6a52ac6c77fdf98ebf53d3bd9cc0c690b76d6cced05df1ea67539031bd204a26bafc548332609902752c72676cb3d
94,3pApLvLSChIaFDJR,1745063346713,7,1745063346713@PWA3pApLvLSChIaFDJR,db1a796f5f40a3c5197b3e6babcbbe83be9dc0f44e050dd19bcba793df2068c295c35079dad8d57e473203b9ffe084fb
94,3pApLvLSChIaFDJR,1745050381713,4,1745050381713@PWA3pApLvLSChIaFDJR,9fd58efc83e3fefd6fb051d6df0085996de4f6d99f26586760118376f7c9964e4e47f2e7bb20adb418afb4c249dd674c
94,3pApLvLSChIaFDJR,1745035338713,0,1745035338713@PWA3pApLvLSChIaFDJR,d6700180eb67a9bcb8ffd456e53ad9033e0f75448681d47eaa7ec442d2da73483bf7ef70cbe7c8c072d01ff0e714eecb
94,3pApLvLSChIaFDJR,1745014721713,18,1745014721713@PWA3pApLvLSChIaFDJR,4dd3ef9fbfd3de1aa75f30fd1af8a70df3c58fe0519e88c982e32db88cce99ff799a444665314564bd62813a099c34bf
94,3pApLvLSChIaFDJR,1745037597713,0,1745037597713@PWA3pApLvLSChIaFDJR,6a48eb8e7549ea1f871ecde6ee12769a20b39bde403dcc98b3748cb5f9e7a11003d0218304af7aebe3a7bf49aba1b592
94,3pApLvLSChIaFDJR,1745009148713,16,1745009148713@PWA3pApLvLSChIaFDJR,3ee6949cfab2d1cf693a3655c561ac6297747c4c3fc831de14a3f4cbf9085e29ae53bfb250989575f2859ae0b562f7a6
94,3pApLvLSChIaFDJR,1745031031713,22,1745031031713@PWA3pApLvLSChIaFDJR,f92f3587cbd788487740b445fd66803f0c1a74570ab65e7511b3ecf97379520d7af09ad31bb8a34847a20a2af859f759
94,3pApLvLSChIaFDJR,1745076676713,11,1745076676713@PWA3pApLvLSChIaFDJR,4146e556f857995c58d5a48ddbd091906b9c2e9be999b50de2f387b4890c386d5ca4faf4bd2715e886228c97e744329d
94,3pApLvLSChIaFDJR,1745016272713,18,1745016272713@PWA3pApLvLSChIaFDJR,501f5870eb6ee1de9cd37a69fe57ef2826dabe77f773e126d0999b0ea23878d796ad6172056c1726bd1dc2f02cfd1765
94,3pApLvLSChIaFDJR,1745067297713,8,1745067297713@PWA3pApLvLSChIaFDJR,2b5db9703a2f7721ed34439725ef9987010424d6aa2a3993fc5a124795a68275b562b2c15f33e8c5d65df6268693c00f
94,3pApLvLSChIaFDJR,1745005739713,15,1745005739713@PWA3pApLvLSChIaFDJR,68b9e707e9ce910296d4ba96216b68e324ef95802168323554946d5e02cd7d56e7cc760370c2902617ee01a02ea6c222
94,3pApLvLSChIaFDJR,1745015923713,18,1745015923713@PWA3pApLvLSChIaFDJR,40af23859f9081f853a99a3a5229f9f0d6770e47befbc91e694094baf3ba683e644e216d7387c29c69c189525292a02b
94,3pApLvLSChIaFDJR,1745062755713,7,1745062755713@PWA3pApLvLSChIaFDJR,2ce5cecbfae2ae77cd28159e4eed50effb59488d95b90dcc5440d9cfd9455b6aec3fd412d26cd659a8e1293e788cb011
94,3pApLvLSChIaFDJR,1745041721713,1,1745041721713@PWA3pApLvLSChIaFDJR,0768110c7dc2277f6255cee4289e63af13686abe600fa4760d8371cd816149fcf4885fab02a7bea6d0892889896e3b85
94,3pApLvLSChIaFDJR,1745057928713,6,1745057928713@PWA3pApLvLSChIaFDJR,758c510a485ece03c532c5685147f95da31f03eb1c62ca41f1e5e9ff053388f0b13e5c5909ea793a51d3187e827318cd
94,3pApLvLSChIaFDJR,1745061575713,7,1745061575713@PWA3pApLvLSChIaFDJR,4b074e83cfa5bd1b66fb26ff2c021cee0eaa4f7f0ad22c69e6524abc886448ea900f42beebe4129cb187a84ed44eda98
94,3pApLvLSChIaFDJR,1745029819713,22,1745029819713@PWA3pApLvLSChIaFDJR,f2bdcc8d20bd371d619949f675e98e914f360df41bdb1ddc45f024609ed20cb18e54c60d98806601d2b42f1921eaf48d
94,3pApLvLSChIaFDJR,1745057411713,6,1745057411713@PWA3pApLvLSChIaFDJR,e7054ba6feb62bd3025077cdd38537e9e5b37360289cb4d04b292e4ae932a6ca5a5ce4765583c7e291a14c1ab18cca63
94,3pApLvLSChIaFDJR,1745064214713,8,1745064214713@PWA3pApLvLSChIaFDJR,66bdac8dc6508668a485aa9acd6b580065776799a289ef5e0523b503b5fb40b57831fd78322b347c8ded3195630861c7
94,3pApLvLSChIaFDJR,1745076943713,11,1745076943713@PWA3pApLvLSChIaFDJR,0ce38ebf716caaa1181d28de19f7f81e4fb130fbf8b6e869746824ea2c6f76cd65552211688cd1ee6bcd435d5eb86efb
94,3pApLvLSChIaFDJR,1745007188713,16,1745007188713@PWA3pApLvLSChIaFDJR,5a97510b11e4233e1e3833d18c16dab7298b79896fc0c8710ef2721268c76ebeabc68729f7579c954b162ff17db73442
95,hMpI2H0z193D2jEE,1745013365713,17,1745013365713@PWAhMpI2H0z193D2jEE,7d0d2894db50d4503ff46b79057923824444c7c877bb0d6890ae313af1f2b1106e878ddaffa54f23879cfbca5c42e33d
95,hMpI2H0z193D2jEE,1745029840713,22,1745029840713@PWAhMpI2H0z193D2jEE,c59baf96df3ca066155915d9c1da4d74ddb2afbf1036e95e4a8b6f3a791ac4440646fc9df72a720826994787364ae053
95,hMpI2H0z193D2jEE,1745050657713,4,1745050657713@PWAhMpI2H0z193D2jEE,ccfbced59694cc8dbf2b73e27e95b24f9771ea27410432a6f1a8bf2825751edb412c2dc583928ae682817aee38a41d00
95,hMpI2H0z193D2jEE,1745028612713,22,1745028612713@PWAhMpI2H0z193D2jEE,608fb293bd43a95ebb1bae06a314b086e49f5d1d92a0257037928a1be4fab472373111f56f19dd90d4e38d44db28e771
95,hMpI2H0z193D2jEE,1745007380713,16,1745007380713@PWAhMpI2H0z193D2jEE,f1afdc83570513e0990d3d62e7e996ad1372ed6011ae3afca4716368f1b5133528159051986ed522d7170367eb9308d9
95,hMpI2H0z193D2jEE,1745018562713,19,1745018562713@PWAhMpI2H0z193D2jEE,72fe3b844007c5d8e2e4132b698f7cd4f0520c38d96348acd49745b4c9251d757d76e5c58a3a016c55dd22f9093dee94
95,hMpI2H0z193D2jEE,1745071677713,10,1745071677713@PWAhMpI2H0z193D2jEE,b1deb75d1c5f3f18eb0fcab44f2b8ac6e7b0078dc6f03bfe07465d7c47f19e9375e5d593102267bb1d8c2e672a82bae7
95,hMpI2H0z193D2jEE,1745016487713,18,1745016487713@PWAhMpI2H0z193D2jEE,0151d9fe3bbcb83860bee8782da0ba3faaa71ee6454491a8de4be742d875010cae5c65e9385292a9ecd4a01c72373ab9
95,hMpI2H0z193D2jEE,1745014394713,18,1745014394713@PWAhMpI2H0z193D2jEE,85c8e507e59ea2acec37627d82ae04a9155fb666d82393b81867305a84691bba2310b34c8fb99c6f055d89e0ef992493
95,hMpI2H0z193D2jEE,1745051950713,4,1745051950713@PWAhMpI2H0z193D2jEE,5a9dfaf01f50a0e60860ce8d5c5885e55e5f50a45c11644f70e556e7e80f0ae128b4d2088f32dc7eeaf0866b6f10d58e
95,hMpI2H0z193D2jEE,1745013475713,17,1745013475713@PWAhMpI2H0z193D2jEE,1c9c60dbc129ef394e33bcf8033f62d484acf3e804ed71a6ea83443297a8b4525d49ebb1b5f6ee2f43b2b2ec7263c02d
95,hMpI2H0z193D2jEE,1745024414713,21,1745024414713@PWAhMpI2H0z193D2jEE,becf7627a1c958c455715205c848ac26ea948faa0a787b961caf0fa062366738152e93e8dbd9c2084611499c236996b8
95,hMpI2H0z193D2jEE,1745026328713,21,1745026328713@PWAhMpI2H0z193D2jEE,b72eb05547f19c434f978a87e8bec7254015ee31a5440ad7306d12f0c2bf192c3030beee055549148bffb56fbee0c6ae
95,hMpI2H0z193D2jEE,1745026252713,21,1745026252713@PWAhMpI2H0z193D2jEE,bdb48fe4d87b434cdb45e7218571d291237a6d1600ce02873d4dcce179fc7499a399b4481bea90747ebad458dade7383
95,hMpI2H0z193D2jEE,1745020880713,20,1745020880713@PWAhMpI2H0z193D2jEE,c623a5b539c0442242930d3a38f65d771d1134b6af99410f3c5a9a3cbdcf4dca68736cf34b43e95553a9ffba10af6af7
95,hMpI2H0z193D2jEE,1745021816713,20,1745021816713@PWAhMpI2H0z193D2jEE,2fb2949b6eb0459a01dca2bd079bffeecd3c5a0cad2f25be9ed43be79ef6c99ed2126163a805c746f49b1c9d0c3c36a6
95,hMpI2H0z193D2jEE,1745076666713,11,1745076666713@PWAhMpI2H0z193D2jEE,a7c7693da975b472fe4f48fc2468ca588bd8f800130029aa90cde4ec29cb964ca268bde9a9dca3f67603b9227bd21d14
95,hMpI2H0z193D2jEE,1745044633713,2,1745044633713@PWAhMpI2H0z193D2jEE,e15f24ce562a95f0dd769f0954bd8d52760d418222441ad7d0057408b569b1dbc6513f562fc0fcdaa94a3eaab926ee21
95,hMpI2H0z193D2jEE,1745075226713,11,1745075226713@PWAhMpI2H0z193D2jEE,ed3f33ac3b270d6461c28d8706352f968617a08351cdd68b1de03b8eeb3d9401213f048784729bc01dd8f08ddf5a21a8
95,hMpI2H0z193D2jEE,1745040473713,1,1745040473713@PWAhMpI2H0z193D2jEE,983ceaf967dee122cfae6c15493373659873e34a2dd57d5810d442300d6fc8424f83b3eef91dbcdaae94781f2b869eeb
95,hMpI2H0z193D2jEE,1745034773713,23,1745034773713@PWAhMpI2H0z193D2jEE,30e6a5f8a52761f86a55528f9dda0149502954f3a7340bb993401b12b8cf3fdb1bb0b135f839efc052dc3a89add9e3db
95,hMpI2H0z193D2jEE,1745068304713,9,1745068304713@PWAhMpI2H0z193D2jEE,49b6471b8f076fb5b956f88aada0ffd1aaff9d455e0f900b72bd68c9ff4ba7c10378fbd085ee49706f6c7d2866cec9cf
95,hMpI2H0z193D2jEE,1745013281713,17,1745013281713@PWAhMpI2H0z193D2jEE,6d1a0142f803e5a03805dc3bd9ca5218ef86b8dc3d1931fcb88c1096b7536dd16a309904e806d082c76cca4aec21b020
95,hMpI2H0z193D2jEE,1745056903713,6,1745056903713@PWAhMpI2H0z193D2jEE,675d977984f1398104b44543e6399c52a272eabc03e2a2f7efb41cf2f3b95cce270b8bf5fcda5a5a199f734d0e57a5e7
95,hMpI2H0z193D2jEE,1745024410713,21,1745024410713@PWAhMpI2H0z193D2jEE,b70d9d6eb6911827991831d1f0739b0dd2aa203534adb431936ed64bfc0db9717f2944a42202d8ad50680dbb7d78fe01
95,hMpI2H0z193D2jEE,1745032805713,23,1745032805713@PWAhMpI2H0z193D2jEE,a9c92e8219fd1c593556d8f1df17172f22a6c9b7eeaf192f715d8b9fbfa122323cadb0584374af436b480c9744edd2c3
95,hMpI2H0z193D2jEE,1745075447713,11,1745075447713@PWAhMpI2H0z193D2jEE,58b77cd61ba905b34d23e42904e7edf693c5372faecf83b93f8d1203fd8926549faa822d18cfb0e36a828a63bbfecfe3
95,hMpI2H0z193D2jEE,1745025967713,21,1745025967713@PWAhMpI2H0z193D2jEE,40bb603ce4e590396922a0895bd1f2939ab0741c0d1af37d33ba399900fafa6d156ddf4449a535c36c617e4d081236c2
95,hMpI2H0z193D2jEE,1745051556713,4,1745051556713@PWAhMpI2H0z193D2jEE,f207892e2130d2e3b584d8a2972f91a69e9c09d8451ef80e4aada2228fca47e0b84826f0fe9593376ff110895e93690f
95,hMpI2H0z193D2jEE,1745039755713,1,1745039755713@PWAhMpI2H0z193D2jEE,a6e9909c18e7db8ad1394c78e4faf890d0de89da1b8df697ecb0f5ee2629e1cf8227eecd35d0ee006f4cadd2ee6bdcad
95,hMpI2H0z193D2jEE,1745068204713,9,1745068204713@PWAhMpI2H0z193D2jEE,0c48580d266f265b3c5439e63fb02f33245ba81ff6cecb8636487fc23701b573ca97dd4b6eb3aa7aa5e28d7e2dec18a7
95,hMpI2H0z193D2jEE,1745006861713,16,1745006861713@PWAhMpI2H0z193D2jEE,0cc507a8400da74e988078fe76638a524ad1488a5693c6ec7fb2fa95e88c8d337fa0214e3d02c4ec143dc77b50879ff7
95,hMpI2H0z193D2jEE,1745026804713,21,1745026804713@PWAhMpI2H0z193D2jEE,d5ee98df16615286861125896c49ecfb6227076bb09b5fc0432a686af33808fcefe83b30911be36d654bea974bc12451
95,hMpI2H0z193D2jEE,1745065719713,8,1745065719713@PWAhMpI2H0z193D2jEE,b7c6eb4465a54cbe075a1ecd39dae2634647e1ef90e2adb812667c5b25c656d8a648616e776291a7249c1fce653ceb8f
95,hMpI2H0z193D2jEE,1745018356713,19,1745018356713@PWAhMpI2H0z193D2jEE,912e202ec2d7a31bbb8625f38c9c693dc383e5d1709bfd28070bfc66d6e9bd8651e8764a1e6409a02a3d28644e1e218b
95,hMpI2H0z193D2jEE,1745068066713,9,1745068066713@PWAhMpI2H0z193D2jEE,93af45790b6cdbe5f06fc30a0f35f5d003bab4aa3967e47a356561b83ec10498da82023c1ff1332578fd1d4d837f6882
96,sqV6xDiSRFKFxNeB,1745031073713,22,1745031073713@PWAsqV6xDiSRFKFxNeB,e5a8e2a84fe7ff3b6edc79fe2f98ee2f478e422bac5c65930411017f1fbd850e3dfe06e4b7c380ffaad3411e2e936048
96,sqV6xDiSRFKFxNeB,1745072934713,10,1745072934713@PWAsqV6xDiSRFKFxNeB,871f023913b777481344803594f6a66ee0b063c3fd225db318f7ba38b9c7e06dca3aedaaf3d7250ec1ffa6e61f94cb06
96,sqV6xDiSRFKFxNeB,1745077048713,11,1745077048713@PWAsqV6xDiSRFKFxNeB,7e05a92ffe9ffd4ae7a60e588451c341cf81663dec633b9db21b5e87745a1582c28b0ad90e20c51a14e0bc898ade5321
96,sqV6xDiSRFKFxNeB,1745046806713,3,1745046806713@PWAsqV6xDiSRFKFxNeB,ad6d67f65e4d8f5b8f67ce2fb3275e6cf7042697441652b377d411ba16ce21213148966ee5dacc88a1308b5691f4e1ac
96,sqV6xDiSRFKFxNeB,1745007516713,16,1745007516713@PWAsqV6xDiSRFKFxNeB,783ca1193dad9f7324a4762ed634b127d832866e10bc76bb7e36f45ced876e7ee279a81d62b944f7891378bf16d09961
96,sqV6xDiSRFKFxNeB,1745061338713,7,1745061338713@PWAsqV6xDiSRFKFxNeB,7a61377b2d045618bc27f630de2328261e409e92396f85034222dab84ac0fb7c4881367f4eb3f1a9fbe48485d3e19d29
96,sqV6xDiSRFKFxNeB,1745072828713,10,1745072828713@PWAsqV6xDiSRFKFxNeB,a50dac1e0f2ccfd2cf5099709191adf37fe1ca9e7dee20ada78a7c865b15a2a5785204db7e5e6439b7a3345d20d2a8eb
96,sqV6xDiSRFKFxNeB,1745010154713,17,1745010154713@PWAsqV6xDiSRFKFxNeB,9853b820841635648c98ccd1c8c3ab250a48fb1cb5161822f2e70b0ac214eb54a392c1d2348e3fd09ad8b4fa329d99ec
96,sqV6xDiSRFKFxNeB,1745031355713,22,1745031355713@PWAsqV6xDiSRFKFxNeB,76c419001b63758d338d51cbfb4e43baf06d74fc3048d0843c929b9590e254607186a71882d4b55aaefa7d28d021546a
96,sqV6xDiSRFKFxNeB,1745064266713,8,1745064266713@PWAsqV6xDiSRFKFxNeB,58010197ff71c5ba3ce84bd4d6d13d8c93b7c3b9f8af3523dad2e24e882d92271e2f063bc44be9c7c216e8a9f0e77a8a
96,sqV6xDiSRFKFxNeB,1745027460713,21,1745027460713@PWAsqV6xDiSRFKFxNeB,468f3bcf848c1eb2e1f7d1418cef7a81dca09f1e800f8d07d4b32f011f3b312cc6f45f4aa30fa7d86e2a52e895e521da
96,sqV6xDiSRFKFxNeB,1745014765713,18,1745014765713@PWAsqV6xDiSRFKFxNeB,b3a20a5af6c370348da8aad680c273f44f126e2b954464e0c0e49f04e5fbb31e12f96f5f0c75f4ed530e018816c7412b
96,sqV6xDiSRFKFxNeB,1745074150713,10,1745074150713@PWAsqV6xDiSRFKFxNeB,7585bd435b0126a6dfcdd5552b436df6a7dd58a6c256248bafc51ad0fb156d5a1b4e19db2b650ae4c0ead511756c4a21
96,sqV6xDiSRFKFxNeB,1745069303713,9,1745069303713@PWAsqV6xDiSRFKFxNeB,dad561d5593c817c5f961dc9fd479c6da0ab9312f11ac56ae385b465d658e188677d2a2c399766398fecc4f47a5010c2
96,sqV6xDiSRFKFxNeB,1745054471713,5,1745054471713@PWAsqV6xDiSRFKFxNeB,2aefa07bf259e9fcc2be45fe6d78929bb7de558edb766dc871a1be4d28916e918f11bea00e9a5d85b802dff55f005c50
96,sqV6xDiSRFKFxNeB,1745023459713,20,1745023459713@PWAsqV6xDiSRFKFxNeB,434b5690cbbd869359f13cd22493dce280d9b5c8dfa1264c3d8bd537feefb2beb93ba53203c95c88892ec1ab2888232b
96,sqV6xDiSRFKFxNeB,1745022547713,20,1745022547713@PWAsqV6xDiSRFKFxNeB,abd35233bd377e43d82bf88c86625acb2d496bd7b9d058d5c0ae807c9e786ae5184007ad52d4f879627c8364406a6b4e
96,sqV6xDiSRFKFxNeB,1745076032713,11,1745076032713@PWAsqV6xDiSRFKFxNeB,aa0899becc8a6e5b8108e1b9b4c6772e88016c89c90845bce6c629a6fb59bf19fb33cbf1406861daf4100fb4e4f670f4
96,sqV6xDiSRFKFxNeB,1745018694713,19,1745018694713@PWAsqV6xDiSRFKFxNeB,83d437223c7cfdc799581df72a5898be4df2878fe973a7cc7801ce90b50551ee2dfa6b336638d9426efcee008ee8ff6f
96,sqV6xDiSRFKFxNeB,1745047854713,3,1745047854713@PWAsqV6xDiSRFKFxNeB,24788634f50c9ea05ff32c59890d48e5fc82a492f9949754bb51e2a8fe2d368d73cfa1195fd72ba61948f5beaa404ea1
96,sqV6xDiSRFKFxNeB,1745028512713,22,1745028512713@PWAsqV6xDiSRFKFxNeB,033fe8a7d14240c0e42efbac3a940d7990d681cda8babe55936cce43690406537ad2431073def02abd98b99a98baa0ec
96,sqV6xDiSRFKFxNeB,1745024353713,20,1745024353713@PWAsqV6xDiSRFKFxNeB,2daa11abf3f181bd5b58b7042ffdb99c88c28d58ed4d2b6becab2d0078e814c4b869636bc6c56837793d1d9b9e84fd94
96,sqV6xDiSRFKFxNeB,1745024481713,21,1745024481713@PWAsqV6xDiSRFKFxNeB,a416afe111e75dd102339194cf6f4cf5f8a221381402c1358d315952d270733662fcd3e93517d065f55b1f46aad7e9e8
96,sqV6xDiSRFKFxNeB,1745039863713,1,1745039863713@PWAsqV6xDiSRFKFxNeB,58f3ad67be52e33d9385ad1cb4be8f287dbf2b20e6903bd0a68a723fe70832a7d85da0187bb2922b31c0d6756c02a898
96,sqV6xDiSRFKFxNeB,1745043015713,2,1745043015713@PWAsqV6xDiSRFKFxNeB,3327b154906891628e070269765a375a955ca78c9a83353fe49970fab0533348373a19f370e8e293b07ce305c3bbf05e
96,sqV6xDiSRFKFxNeB,1745019764713,19,1745019764713@PWAsqV6xDiSRFKFxNeB,954aefab5f0fb9b1c2bbd7f427ab11721cd632d688a0ee19d64c5dce4f121461cf3b1a3f605fd88d814a273c92d9f1d0
96,sqV6xDiSRFKFxNeB,1745029646713,22,1745029646713@PWAsqV6xDiSRFKFxNeB,d620cad6e0608ca9958d72a99de29f1fb06375d7055979904458605807dcd40a83582bebb5b857ebfc6e43beae5c15ea
96,sqV6xDiSRFKFxNeB,1745039844713,1,1745039844713@PWAsqV6xDiSRFKFxNeB,d037cbc40df43aa6e91be589c7d1a26024f5b6fde46a56a1a6335b8616ab3b972fc75ffbcf881f23750a1b194ad46d41
96,sqV6xDiSRFKFxNeB,1745013367713,17,1745013367713@PWAsqV6xDiSRFKFxNeB,5d0fa75ada68c168109ecbf1daa3c1ed47429d2cadead140591f94c9155febbefe52ca0165ea695587d89d54281916c8
96,sqV6xDiSRFKFxNeB,1745024681713,21,1745024681713@PWAsqV6xDiSRFKFxNeB,e7999f51381205ef9ae7ce847433555c62e3244b6d4d03b55361b164c1b0c4532e61f9a3546d48ff2a1a17327f53befb
96,sqV6xDiSRFKFxNeB,1745041090713,1,1745041090713@PWAsqV6xDiSRFKFxNeB,cd85ccf95556a0461092008dcc569fe3fc877e67e4d27a63453f02cd72387ae4ae74fc6a64e04c20a3a6a5257e05fac1
96,sqV6xDiSRFKFxNeB,1745010850713,17,1745010850713@PWAsqV6xDiSRFKFxNeB,66ca7ed4429c74367ac631f8296e4ec486ff6b77465145bac8ea546192557d91a00aaaa020b497b44ba961559922a89f
96,sqV6xDiSRFKFxNeB,1745064899713,8,1745064899713@PWAsqV6xDiSRFKFxNeB,0473b4b74af19462f4284a2579f7ccee57357e3880f2c3bf6903edded68deaf4764fbad706b483391da86461ef6c0ca5
96,sqV6xDiSRFKFxNeB,1745035241713,0,1745035241713@PWAsqV6xDiSRFKFxNeB,7b91f848fd54fe17951aa7b3e31d6937b545bf3ae13b20ac6448a25b85e03a42a73c85e88fbaf04620059e08e527a2e4
96,sqV6xDiSRFKFxNeB,1745047044713,3,1745047044713@PWAsqV6xDiSRFKFxNeB,9afd2bd8fdc41f96edb04973f2233a60493b0936c75a1488576740cb2748dea7a6c930c236fde6073ba6a6050fac5a72
96,sqV6xDiSRFKFxNeB,1745069199713,9,1745069199713@PWAsqV6xDiSRFKFxNeB,1df3dd0ace962461d6c7c286f5c98efdea5386fb138500cb4014c466dccca184c54e4563fb0a8680bfbb3f02a9370ed1
96,sqV6xDiSRFKFxNeB,1745067795713,9,1745067795713@PWAsqV6xDiSRFKFxNeB,861cfe92b44642d8628c875c0dad2136cf415b66fe46e5cdc25690aef38827a504fe5a60291e5447a010132e363ed65d
96,sqV6xDiSRFKFxNeB,1745071121713,9,1745071121713@PWAsqV6xDiSRFKFxNeB,9b7824f99540832728df0fd961c40c6a90ac4f23fc235ad1279db1e81e9b752186a4dd680428c6ffcf5295b9234a6788
96,sqV6xDiSRFKFxNeB,1745077127713,11,1745077127713@PWAsqV6xDiSRFKFxNeB,2143d65c4c99a228c37278a21d4a60609aa75626d6144b1190daad3ec60ffde72e5825dc330c93298c75c148bb4279dd
96,sqV6xDiSRFKFxNeB,1745045186713,2,1745045186713@PWAsqV6xDiSRFKFxNeB,444438b38274def66002b1612f676f7b61844203b52857404480e518cef67b1bb9df61fa13761815354225afb97019dd
96,sqV6xDiSRFKFxNeB,1745040937713,1,1745040937713@PWAsqV6xDiSRFKFxNeB,92f4377a16746feb03f47263b94bcabbbcc766529f7954529075c6f01f991049cef44677830fc158585f8ddffc623d33
96,sqV6xDiSRFKFxNeB,1745064911713,8,1745064911713@PWAsqV6xDiSRFKFxNeB,b2e2bba10b4769646d4854169973646a49c83013d9acee9ec365e0ebde75c730d6c972b82d3aca4a066ea4f531cc408d
96,sqV6xDiSRFKFxNeB,1745026064713,21,1745026064713@PWAsqV6xDiSRFKFxNeB,2871c9cf9d0ed8c38af0a707d210012bac7cd14f2ed18335feec6d08095eeab7fff4e2a6fb43e96703317543f58d701c
96,sqV6xDiSRFKFxNeB,1745057576713,6,1745057576713@PWAsqV6xDiSRFKFxNeB,ccfc3083a08c1a904988ef16ed2da8d0c6001eaaed81f0dbe2fc2064fdb861fc9104596620529dbfd41a086e6f9de6a1
96,sqV6xDiSRFKFxNeB,1745048246713,3,1745048246713@PWAsqV6xDiSRFKFxNeB,5bfacc80988ff677e6a4b025c8a156d16cb52d14ec0fef0d048b579800c573ef556522cdf8be6df2aa6fb14cd549f4e1
97,QESIMhukblPXzPlJ,1745018904713,19,1745018904713@PWAQESIMhukblPXzPlJ,396e21cc85aa591564b773b1d18fbe63178a70cee23d9f737052d49d9ad8b177c9230a2e70a9b643d5acdbe3e841fee7
97,QESIMhukblPXzPlJ,1745030205713,22,1745030205713@PWAQESIMhukblPXzPlJ,7a5fc2de085b9c8451eef2ac6071bad9f58c04acf3d5ae552fb73b2d078436b386f172b9f8e7ede8004251667c589463
97,QESIMhukblPXzPlJ,1745027515713,21,1745027515713@PWAQESIMhukblPXzPlJ,fc275d9ded42fd2014c4211926ce9f0ca3cdafc6435b44367b2b3ce8b13fbffb948ef434a9d2628372f661450bcad038
97,QESIMhukblPXzPlJ,1745029355713,22,1745029355713@PWAQESIMhukblPXzPlJ,a596fcdcfb1df0d962734b931506701f8592b1622c30f90920191846a24af919d976a75ff5482714afa64a9e08c76667
97,QESIMhukblPXzPlJ,1745058111713,6,1745058111713@PWAQESIMhukblPXzPlJ,150ff12f0ddb59c3ffe643d07d979f86b9ee6f515b5fb49c6f6cc319cf8d9c475eff98b246f02ff59fec149a23402287
97,QESIMhukblPXzPlJ,1745038558713,0,1745038558713@PWAQESIMhukblPXzPlJ,8632715f7f23923b1f09735569b4ac024659a3c1a8fc1effccb63726bffa96f09d2e728f72677696190b2bee1a04c32e
97,QESIMhukblPXzPlJ,1745058654713,6,1745058654713@PWAQESIMhukblPXzPlJ,75d1f3f0afd239d3630df0785b800ad94dbd1e98e5295aa9f5d7f0b1170a5fcded6ef839e74c5988dff2ebd01f291809
97,QESIMhukblPXzPlJ,1745051405713,4,1745051405713@PWAQESIMhukblPXzPlJ,60abdaf7d175cd96db50f2963495dfbd1ec015085fe157cd8b72b9518ef3c8889f6cffbbf17c40d91af54257edd434d8
97,QESIMhukblPXzPlJ,1745034047713,23,1745034047713@PWAQESIMhukblPXzPlJ,46d4053afefe9d33a5a85013fe407d617fae133b6a5194feab7a17ff2700c6005670827dd9f97a45fdb83ae62d0261d0
97,QESIMhukblPXzPlJ,1745009065713,16,1745009065713@PWAQESIMhukblPXzPlJ,84ce555e3b55d77304b7ad32973b3142c89ff2cf7b4376ed0e19d4be86be63d952e8d5a7809f6cffa8cf2ccd3ae88e44
97,QESIMhukblPXzPlJ,1745032382713,23,1745032382713@PWAQESIMhukblPXzPlJ,832875735ab00c43e6325f5b1a9599432e669af42582a1dcdbe2e85ff77a66bdf1156daa74414cbcdee94d0da238b0f4
97,QESIMhukblPXzPlJ,1745043869713,2,1745043869713@PWAQESIMhukblPXzPlJ,bf8397ffc013021e7066c6ad5b3ed918be1b342e1509df4d5f754023afdbf79839c60835a697f3bb5080e0daadda35a7
97,QESIMhukblPXzPlJ,1745019367713,19,1745019367713@PWAQESIMhukblPXzPlJ,d4d54f32e5fba1e9f70c4fe749465aff87ca1d1fd2dd8d96c0a7e4c043dc9379e470f050560ce85e2efa162ff072ed22
97,QESIMhukblPXzPlJ,1745077437713,11,1745077437713@PWAQESIMhukblPXzPlJ,ccd92e66974a78d0dea0052d66ca798c1840af2a4d4bcdfcbfdcda97120cb96aa08c0e340831851763c6b6a93e777bfb
97,QESIMhukblPXzPlJ,1745008186713,16,1745008186713@PWAQESIMhukblPXzPlJ,e0ce42d983b965f8e6e357c83d98f22ef9f7f1094c466bec2c9cb1c8de2f7ad330e3caf1a35892572b34a5056485c188
97,QESIMhukblPXzPlJ,1745037759713,0,1745037759713@PWAQESIMhukblPXzPlJ,0768b7d2aaaa36a6d2e6303a917a99c019c82353e7584073929425646e8372eb0597f184157b3967f8e91dc6d8ea48ac
97,QESIMhukblPXzPlJ,1745073316713,10,1745073316713@PWAQESIMhukblPXzPlJ,89f453129d679d39b9b98ab921563b92bd48ce55b93b624b40f9fcfc2965f6d4b91be104259a1ca61f3ca775876ccb83
97,QESIMhukblPXzPlJ,1745036576713,0,1745036576713@PWAQESIMhukblPXzPlJ,513974ddcb7c2634608094d6e3a22531612859ddc9004212893f0b3dfdb730083f98188fbee184b21fc8b803e597437b
97,QESIMhukblPXzPlJ,1745045875713,2,1745045875713@PWAQESIMhukblPXzPlJ,5cd2014169374a9cafa7e89f1290733fe2e372f94c352ef7c6e74fc38c1ffc21b9291df643bcfc52e1c742e962df3be5
97,QESIMhukblPXzPlJ,1745076542713,11,1745076542713@PWAQESIMhukblPXzPlJ,5f748e5315ad4be5271eda13a1a5790d2bc03359f46c88ab864b58e6138791491d462b5e4037c2f3ff6c71d2e38ac6fe
97,QESIMhukblPXzPlJ,1745025585713,21,1745025585713@PWAQESIMhukblPXzPlJ,561196f448e08fb57c511a6ccfe9d096b764aed49f6c3cda1713516870bb47a1a5d7d2a74d236c6feafba97d5b148eaf
97,QESIMhukblPXzPlJ,1745021736713,20,1745021736713@PWAQESIMhukblPXzPlJ,5abcc247ad607a062cd3cea88a6ed8a8256ec1c0839e8fcd8f8be5975af3cb89064f103d13abb87e87e569ae879bcfdf
97,QESIMhukblPXzPlJ,1745026065713,21,1745026065713@PWAQESIMhukblPXzPlJ,4c580bd828a0b1f1e879b9bce194dbd5c0be9f111c2071d3147865c3fa429843a404b12c58b8d241b4815179e74d8491
97,QESIMhukblPXzPlJ,1745018860713,19,1745018860713@PWAQESIMhukblPXzPlJ,463c19df8565cef66c491ebc416606a094b34dd7196db97092a6b5508ff5684c52b552b5b9eec8c36d985d9a5f3c5adc
97,QESIMhukblPXzPlJ,1745014295713,18,1745014295713@PWAQESIMhukblPXzPlJ,225295231be7b6c5a110ff1eaeac44ac2a537c39fe91f90338d85c16b6556257eba1a51f9d2a72c6840362454ac8714e
97,QESIMhukblPXzPlJ,1745055073713,5,1745055073713@PWAQESIMhukblPXzPlJ,5f9bc43de882ba6e90a77c60f5c7805a43f91e2b6eac8967f1c4eb3e6ed975ca08ec8858694a60789b6e26b6e4d25bbc
98,hNMNZsFCrMr2ECQg,1745067255713,8,1745067255713@PWAhNMNZsFCrMr2ECQg,619c3b94218640b4a3491ed55d00d1a2f2bf1933bc3ed359327fef7affb8ccf8de516b9dec8fe39e2e1bb6b162a33803
98,hNMNZsFCrMr2ECQg,1745008442713,16,1745008442713@PWAhNMNZsFCrMr2ECQg,a2424ee3cd37a01994f988913334c2b761528a57438f1c960f41c22dfa25e3dc52781e9583d81e79a1202ced51128a25
98,hNMNZsFCrMr2ECQg,1745032450713,23,1745032450713@PWAhNMNZsFCrMr2ECQg,701eb830d2183234d49acff328a05bf5eeaf69b669c4d1d74b09882a191a91f6965126a31eef98f1cbdcf42f898212c7
98,hNMNZsFCrMr2ECQg,1745060043713,6,1745060043713@PWAhNMNZsFCrMr2ECQg,1dd57f088c7d789746cca3b0ffed73c230ecb9a76c009d328878cb8b7e6a009ad3e5d43e40ff467a9184cf4ff4b3fc46
98,hNMNZsFCrMr2ECQg,1745042724713,2,1745042724713@PWAhNMNZsFCrMr2ECQg,8583fd5798d0aae93be3802b86c261f492603b9393aa417b0f6b7c5dd6ddebf28a758c420b378438040d827cc1d4fb40
98,hNMNZsFCrMr2ECQg,1745030027713,22,1745030027713@PWAhNMNZsFCrMr2ECQg,8bf998302d6fe463b748860ae850263016966a34b3e59ed2ac399608b3c44d5316ab45a8c93a9d97bd24ad3ca9a36af5
98,hNMNZsFCrMr2ECQg,1745073287713,10,1745073287713@PWAhNMNZsFCrMr2ECQg,400e458e975167c1b5adcce5e1b208f388b9b493a6d4f3680ef13cd9bf71755ad0ff03d9115e9a4ecbd7b574c706c102
98,hNMNZsFCrMr2ECQg,1745077014713,11,1745077014713@PWAhNMNZsFCrMr2ECQg,134e075b3c84f915d165da3c178ab85ae0721036075cfa80ef39a9b531d0480376f80a76df265e872783f1c6037880da
98,hNMNZsFCrMr2ECQg,1745070979713,9,1745070979713@PWAhNMNZsFCrMr2ECQg,c073ad8392a1805bde96cf943c15e12f37597c16077b3dc9046b32a76abe82b6e33ecb70c58e6b7c11086f6a7e7eb3e7
98,hNMNZsFCrMr2ECQg,1745074012713,10,1745074012713@PWAhNMNZsFCrMr2ECQg,2fd46d1a94ae25ca0b8e05fa89179425875d2ec49f6fdd36771349d43bfa0077842bfbb722e32ef58219a82ed38b1042
98,hNMNZsFCrMr2ECQg,1745011029713,17,1745011029713@PWAhNMNZsFCrMr2ECQg,270499c4c022fe0f4b5a2d5b9ea2b44e132b378db1a1b3dc0727d5696c59698b5198a013928aeca2d348108d18252bed
98,hNMNZsFCrMr2ECQg,1745047774713,3,1745047774713@PWAhNMNZsFCrMr2ECQg,ec2ddd4a62f18613fcd5c7c406d0c2d0039a5526e87b5294944a64e5082fd5f9c4e3e77709b6792a8f3e59a76b538dd4
98,hNMNZsFCrMr2ECQg,1745058686713,6,1745058686713@PWAhNMNZsFCrMr2ECQg,421b2e725fd41d56848b6071a2d59ebe364d764dcde23f38a60d3421bc8cb7260874ca05be59faa32ecea3fd2f48fb17
98,hNMNZsFCrMr2ECQg,1745007216713,16,1745007216713@PWAhNMNZsFCrMr2ECQg,17e22d302e4646f5397d3bb50c4a71df33e1ebd85bdb49394e85aaf5914b4f8aa150b2e249a53244fdc8e45c2a38e9f0
98,hNMNZsFCrMr2ECQg,1745051254713,4,1745051254713@PWAhNMNZsFCrMr2ECQg,4aa162dcdeec3af38fec99c78af7a70022021e1e63dea172b002cd44a777f56ce9d2bdeb2e7aa7f224443d5ea66e357d
98,hNMNZsFCrMr2ECQg,1745038529713,0,1745038529713@PWAhNMNZsFCrMr2ECQg,4cd9fc8efc9f55a2c991675701ae897fe2070d58163479a546d4a89f6416a66ec18647e5503163f3ab9f69f63b5ff357
98,hNMNZsFCrMr2ECQg,1745013989713,18,1745013989713@PWAhNMNZsFCrMr2ECQg,23b0c284ed660d0ce62a6e948a4e88741e91b315d0a8f1a6ee482b434afedfdca9b7e0181ed44d3b79ed5561cbd70979
98,hNMNZsFCrMr2ECQg,1745032739713,23,1745032739713@PWAhNMNZsFCrMr2ECQg,23d9ce51da5bb4e86a957ea5590cf019cec4c8fdaa09db63948fb84f2336825476fa15ae7c580fdfb8bb29f3a8bdb20b
98,hNMNZsFCrMr2ECQg,1745046091713,3,1745046091713@PWAhNMNZsFCrMr2ECQg,b8e7fb6ec48b39b0ea907414449c89965c66235284c7d678c0fcff329c13db08920b66ddc010a679b9545adc570f45bc
98,hNMNZsFCrMr2ECQg,1745049023713,3,1745049023713@PWAhNMNZsFCrMr2ECQg,1d230d4ccd18b3117864834d3b4008425f9181fa5a35e8b6f9290584297bd06052a8a6fccd4c068cd8231c8e6281db53
98,hNMNZsFCrMr2ECQg,1745056364713,5,1745056364713@PWAhNMNZsFCrMr2ECQg,1877c98186a1ccb7c6638ee8d7ba145a02c4896359071e080f90743c8470638a12391049eeebfd0835233d9c52db501f
98,hNMNZsFCrMr2ECQg,1745065803713,8,1745065803713@PWAhNMNZsFCrMr2ECQg,81de3a240c32b9fbbc6cd6de2379d584e888c0bf159946843ed3e03b0488c8187f5e6a0a2ae92cdad6466bf0358b7db0
98,hNMNZsFCrMr2ECQg,1745056170713,5,1745056170713@PWAhNMNZsFCrMr2ECQg,3c6631508d65e6f719d0d889e07a1e96b570ea1be2a9a684669cc2c080d587d5a96d464f4c48109108f100a7e788fb07
98,hNMNZsFCrMr2ECQg,1745018381713,19,1745018381713@PWAhNMNZsFCrMr2ECQg,1e075d94a87543a6ee669ff043b14c3ca0ebce78cbaf60b7c9545edb7cf0c206f2a000dc903edf64bfffcde609da64c3
98,hNMNZsFCrMr2ECQg,1745067680713,9,1745067680713@PWAhNMNZsFCrMr2ECQg,40752e992acba82b6c0b1b8b96261a705bb13fb5d11e28b86b9bceb4837bb2f7697a7e1a23fcf0ccfd01c52eeefaab0b
98,hNMNZsFCrMr2ECQg,1745042164713,1,1745042164713@PWAhNMNZsFCrMr2ECQg,830caba1178c075c6db985a6915538d0c80f001de33e4e148b5b65ea8c185a0f86efb244070b3732cd0a46d74266849f
98,hNMNZsFCrMr2ECQg,1745016416713,18,1745016416713@PWAhNMNZsFCrMr2ECQg,dc80f5a7deadf31c4acc49714dcd76c79317cd2f57a7643d14dd2b792f122fb70728ac9e29d3ade47146a5dd68ec8a8d
98,hNMNZsFCrMr2ECQg,1745073695713,10,1745073695713@PWAhNMNZsFCrMr2ECQg,74712a33827cfbf64f06bfaa30c83d5692c3d47b2529142b80e8cc146d6f6e544fc94360b96672fa5dfb89fc107310d8
98,hNMNZsFCrMr2ECQg,1745046753713,3,1745046753713@PWAhNMNZsFCrMr2ECQg,e916e6d0b1f81c3187751d8dd82a19ab5a1ad185f8e53f84a48c4dcda775425ca19ab4fbcb038d72ec2cc9409207676b
98,hNMNZsFCrMr2ECQg,1745025611713,21,1745025611713@PWAhNMNZsFCrMr2ECQg,2f3ef0300f0f6518fda960dd3f2459c1b9d064ac73f7a74e112509e7c37b53596614305778ac9223300bdc73e1384c9d
98,hNMNZsFCrMr2ECQg,1745034330713,23,1745034330713@PWAhNMNZsFCrMr2ECQg,0c37e351b1a459487412b859165128e67c8d599e6657578ac9033560097415ef78ff67db9620bf379b2a873702e1ec2c
98,hNMNZsFCrMr2ECQg,1745043441713,2,1745043441713@PWAhNMNZsFCrMr2ECQg,ad23602c4d3cc17e6f3895cd60c1a39613f2f005df8960c7aaeb1f99e0290771413620755bffb0d9468818852c2d125b
98,hNMNZsFCrMr2ECQg,1745026366713,21,1745026366713@PWAhNMNZsFCrMr2ECQg,2be439e1b59419157721d088dde1c7d818a5fc1f003040cfedfb082a0918b03da850b1f57a0f375a247f93569f760091
98,hNMNZsFCrMr2ECQg,1745006633713,16,1745006633713@PWAhNMNZsFCrMr2ECQg,a1e8b9e5b30fdc1cc76be216ac6f9baa221cc7be7899c77eabdd431923a003caa01f87a253fe2403d1fff51803a4c2d2
98,hNMNZsFCrMr2ECQg,1745035608713,0,1745035608713@PWAhNMNZsFCrMr2ECQg,8617abb1f0d4e192f0cabf9e0894d5e24eb9975034e61bb322c5a28aff304b4afe9d69459475a7c1c35079082fddfe44
99,r6QqQB7h5anwxUxW,1745030261713,22,1745030261713@PWAr6QqQB7h5anwxUxW,6a5a73dcb9f295e495066ead172a627a479b9c49357bc6066d16d723c3f75bb625d93d469de45536d42c2807d1602890
99,r6QqQB7h5anwxUxW,1745063163713,7,1745063163713@PWAr6QqQB7h5anwxUxW,95d91c31bbb3e5f250b13b5ab3382d9ae3216ea8a2a5c1e805c856b7e03c3ba5944d01a61719c54e5428aefe5f4789f1
99,r6QqQB7h5anwxUxW,1745060916713,7,1745060916713@PWAr6QqQB7h5anwxUxW,3544bd671b84178676b5271a7aca08b61f404f569a5ea8dc138efc6d95a7b94996ed844f1437eb55d5e6f3eef6002052
99,r6QqQB7h5anwxUxW,1745031894713,23,1745031894713@PWAr6QqQB7h5anwxUxW,045a5b2390f66a5cddf3ecbfe715027cb29143ea5199588ab0050b3967a0b5738317205df79076f3a5684c116f1a2e55
99,r6QqQB7h5anwxUxW,1745043359713,2,1745043359713@PWAr6QqQB7h5anwxUxW,af492ff16574f11defadd8c6f820fe9dee5ce1e2aab6d97eedcd9cbc39ac761448b7916373510df0c3b795b7076f40d7
99,r6QqQB7h5anwxUxW,1745035544713,0,1745035544713@PWAr6QqQB7h5anwxUxW,77122c590681dfaffc79adb99e23e7d9ccec4a937aaffe5e092c6ab6a0b15ce898e952a4cc4889d01272040dd95deca1
99,r6QqQB7h5anwxUxW,1745008744713,16,1745008744713@PWAr6QqQB7h5anwxUxW,2fd1caf1d06ecb3a486aefe94da94a645aa8466e366114615edaf196d1c3a292d4524d94e6c32b8b59083c0184a1f72a
99,r6QqQB7h5anwxUxW,1745027092713,21,1745027092713@PWAr6QqQB7h5anwxUxW,607c19351796f0b58eb9ae993607595041d8304a8913556e85e424619af04fbd9657b958320f545ddb118723d7a2cd5b
99,r6QqQB7h5anwxUxW,1745020878713,20,1745020878713@PWAr6QqQB7h5anwxUxW,589b929d2bf47c5a2cbca35d5f156a04fd01fdabfeb4a4d19b46a75a5eec7c800a6c618552003bcb0b6aca607aaaaa6e
99,r6QqQB7h5anwxUxW,1745048533713,3,1745048533713@PWAr6QqQB7h5anwxUxW,30b161d03cc51cd45ba0c05815a954e4b547d2a80308a4458137d55b0ad260cc45e4671d17c9c3886f73c4da3b04fd07
99,r6QqQB7h5anwxUxW,1745017146713,18,1745017146713@PWAr6QqQB7h5anwxUxW,72d461023efa97952b65661a7184f6bd50212799364988894bad0d01cac8050ebfc3a59fcf58ceaad03d07f3d6a4d376
99,r6QqQB7h5anwxUxW,1745027870713,21,1745027870713@PWAr6QqQB7h5anwxUxW,00c8a589e15832449eed74e17a2f074a5f7cf14ca7b62b27946364c7c5ff19a02b46618d76085e6ab7d9c6a8ac9ea103
99,r6QqQB7h5anwxUxW,1745039881713,1,1745039881713@PWAr6QqQB7h5anwxUxW,4388482c3dd10ce64e4dffbab2d9d783581b57f4710206c399524a073aa7d15f19f48572e1dd6a3768d6d2d051f1f67b
99,r6QqQB7h5anwxUxW,1745035243713,0,1745035243713@PWAr6QqQB7h5anwxUxW,9634697ad053f0e3b53641246b2ac9503946b43e50e66e81d2efbe31a746995828089a42b2cc77f1d1bc5c69f057a551
99,r6QqQB7h5anwxUxW,1745050615713,4,1745050615713@PWAr6QqQB7h5anwxUxW,3b58c1f18c611f0147852a0e3f1012c2e9401b101c70313e5b1bdf98499bb96db93e45461b3627878a3af55d4b3d7340
99,r6QqQB7h5anwxUxW,1745054160713,5,1745054160713@PWAr6QqQB7h5anwxUxW,70e0bd0c09539d661963792f027a70d5a1c5924c4734ef67e5a496450b9e3e17e5c2a593925b48ffaada0e5a1e645df4
99,r6QqQB7h5anwxUxW,1745022616713,20,1745022616713@PWAr6QqQB7h5anwxUxW,6fa612993569dc823f7ee93649dfbb3c80bc9be7dc2453175a787ec1bf4c65b6f27a64b3c48a4fb90f11b8fb8a698322
99,r6QqQB7h5anwxUxW,1745053776713,5,1745053776713@PWAr6QqQB7h5anwxUxW,e3b7f079e20f2a9a594330ab971ec8f4ae44e07cca6e6aba5c41491a3ebca866e4ef275c7beb701b68d09adf09ff6504
99,r6QqQB7h5anwxUxW,1745013512713,17,1745013512713@PWAr6QqQB7h5anwxUxW,aaa24aa1f7e4f2ced3305682749dcc9aa395565fa92fc549fbcf8387ede37dc0c41608a6d0219f192dae9d4b3b6b824d
99,r6QqQB7h5anwxUxW,1745014065713,18,1745014065713@PWAr6QqQB7h5anwxUxW,c3074d7b74ab7c7ab9bf7a18beadee5912b100027aa64e816e042a2a4251e3425857f3b84f63e951dc61a822a1b40ffd
99,r6QqQB7h5anwxUxW,1745017138713,18,1745017138713@PWAr6QqQB7h5anwxUxW,214b14aff3b5638c45ed7ec97726f45adfd4980ec126a6b8c91852ead7ea9c93d5436163cb9b506a5c27febef7e87f41
99,r6QqQB7h5anwxUxW,1745035619713,0,1745035619713@PWAr6QqQB7h5anwxUxW,2da70bc4b59fb95cbfb5618821e81b8d2ec7c0c257d7323b7e8c09295a382ef7b4f7eb36e880826c778a724778fcbac1
99,r6QqQB7h5anwxUxW,1745022612713,20,1745022612713@PWAr6QqQB7h5anwxUxW,71162c07e440a9f2a6b63aa8f5cf25b5fc9f4eba1bc65c31efc5637d071e66db9b52a6985005c3950ccea94da233525e
99,r6QqQB7h5anwxUxW,1745039577713,1,1745039577713@PWAr6QqQB7h5anwxUxW,c4b6765354d9bdee424b17b5ef449aa2204d42b351c5efb96cb4a3be382cd6163d917dc2762d9847c9561a5e7fb73548
99,r6QqQB7h5anwxUxW,1745019355713,19,1745019355713@PWAr6QqQB7h5anwxUxW,8675eca4622e7b352489ef304007035174e2e402feb460c70fb03ed4cbd81008ee34337d757a1e3f0b4fb936f065e60c
99,r6QqQB7h5anwxUxW,1745040022713,1,1745040022713@PWAr6QqQB7h5anwxUxW,4ca5592ba34f29ae4b14679ba3b1843712bcc8bda8323cf03292ad36dd6515da7005ec75a2f8ab219e267e4121c1d60c
99,r6QqQB7h5anwxUxW,1745035422713,0,1745035422713@PWAr6QqQB7h5anwxUxW,c250b1e84d7b1c06787c029fde2b0e2bf4401c3352f273894904a56358004cb67c311b7fc737166da58ac49176b86f60
99,r6QqQB7h5anwxUxW,1745038590713,0,1745038590713@PWAr6QqQB7h5anwxUxW,c327fafe0a0f82bd707df0bb2cc0d65c4ffd42e4d27ae6806d22305e78874b66659711eae055e2adefa4684c410e059e
99,r6QqQB7h5anwxUxW,1745032975713,23,1745032975713@PWAr6QqQB7h5anwxUxW,0bc753fb8fcc645bad6c3ae7f67b289c9efb1d645624392646b44ee21205974d1293b996721ba926abec51f70ea3d64a
99,r6QqQB7h5anwxUxW,1745027809713,21,1745027809713@PWAr6QqQB7h5anwxUxW,f52fbeff7bec59900d659685b773dce1148c3beab6042c431e30e8d74c6d7e0993ceb497f09ee23e75066b1cbfaf60f8
99,r6QqQB7h5anwxUxW,1745052677713,4,1745052677713@PWAr6QqQB7h5anwxUxW,45c6f94384455c9b93117e800387368936a3943ad3e2fdf5a9c83e8a9bdba6517f19917736e52b73b566e86b99602b57
99,r6QqQB7h5anwxUxW,1745018999713,19,1745018999713@PWAr6QqQB7h5anwxUxW,bb47012e9b3f7cb02b68c3988e15cafa01e7158dca60720da67c89392ac9f42a32431191d6f933da34febc7df349d930
99,r6QqQB7h5anwxUxW,1745041201713,1,1745041201713@PWAr6QqQB7h5anwxUxW,9fb1b8a3e385f25bec1ebc638e4eeed804d2608e5c48ab5cd1f66085841f0a5489f32e04db162d371e7c6d3e467564e3
99,r6QqQB7h5anwxUxW,1745049368713,3,1745049368713@PWAr6QqQB7h5anwxUxW,62910d097d28e9f3f074cd0205ff678a4bebb425ae2c4a5fc1b91a962d9c61c358dc7253750312d035730602fc9ead00
99,r6QqQB7h5anwxUxW,1745039867713,1,1745039867713@PWAr6QqQB7h5anwxUxW,5f24cc1e9d5bcb3600cf8b3710dee437f0cd920073cc23ee8248ba5e307d497ddae6e796bc23c6d63c8063808bb213b0
99,r6QqQB7h5anwxUxW,1745024610713,21,1745024610713@PWAr6QqQB7h5anwxUxW,b40c9a190fb3be898b443cb108f80c93a112f014b2e0e890e1217956b2a2d6859cd87cccd209c6c2d4061814e3326f52
99,r6QqQB7h5anwxUxW,1745018590713,19,1745018590713@PWAr6QqQB7h5anwxUxW,56e32af709777db3e45577ca5db6f336622b4956cf0c3bd952e3006f1e6507d221cee793cb9f3c98af33c2f05ce104a9
99,r6QqQB7h5anwxUxW,1745071096713,9,1745071096713@PWAr6QqQB7h5anwxUxW,dec0cf65f27ad78f1d465e4b75a6a9ebbaa227f764997e9f4d682ccb205dc620bf78963b93761f179336cdc65e8b12e8
99,r6QqQB7h5anwxUxW,1745069037713,9,1745069037713@PWAr6QqQB7h5anwxUxW,701e08529fc290b58faa83a458efec620eb4be861b992810adc53a1d2516540938fa3f3e8e274b5c54af65790b4e951b
99,r6QqQB7h5anwxUxW,1745016717713,18,1745016717713@PWAr6QqQB7h5anwxUxW,49a77cbaafba80d9514b2ab3adbc244de5cc61178bae671c01a89c0f6ad7fda569529fd34ce3bb857e6caad095e00e6b
100,vNiQifOtPQbHogiY,1745034241713,23,1745034241713@PWAvNiQifOtPQbHogiY,0b806bb8b9dd5d56a6a6c03f75411a36f7eb86c9d63f18a9a93393e2b2fea3fdd6b1320619263f3c03797847a8bfefd8
100,vNiQifOtPQbHogiY,1745010264713,17,1745010264713@PWAvNiQifOtPQbHogiY,e79e25fbb1dbd1028ae9a1a639a5d9ed7f6979e9f0eae0d715b2bb0fcc36dbc3e8e69940c53294cf41eb89b70005816c
100,vNiQifOtPQbHogiY,1745071229713,10,1745071229713@PWAvNiQifOtPQbHogiY,35cd506ac0ed1e6cbbf7eb79ba5b6bdcc9269149c3c4a9f536daa483af04df3ff285f93aed973878256f198274f86a35
100,vNiQifOtPQbHogiY,1745072137713,10,1745072137713@PWAvNiQifOtPQbHogiY,3f66ee80dd1df196c5a078575423e0c91d1d8d017656d0a6d5f5aaa824bb4bee908c03f181c577431994ff4277ba6c1b
100,vNiQifOtPQbHogiY,1745036720713,0,1745036720713@PWAvNiQifOtPQbHogiY,98b1c66e94e46bbf0f1929b85b54c14adf606ecb9f08e28b5615542a26fe70f11f14335b1e4299f4900ca8ba23056185
100,vNiQifOtPQbHogiY,1745054701713,5,1745054701713@PWAvNiQifOtPQbHogiY,af5d8a47d6f5e5107f8fb7f0d0dfd52b03d7037b29c733037a8466fcf18a8a0f18513f59becaf08bcd90649b01c5bb96
100,vNiQifOtPQbHogiY,1745064643713,8,1745064643713@PWAvNiQifOtPQbHogiY,8ad3e15b1688cc794844c5d1bce5052138598becbfe3d03abf0e03f8f720d03082add2f8a922218bff322262796187f7
100,vNiQifOtPQbHogiY,1745063378713,7,1745063378713@PWAvNiQifOtPQbHogiY,a04944c060ac42f26cbc82e30d9d28113906ec7feddf6332a9bcaf3a2c755b58fe15c47a4ce5683eba3ab63349f63e68
100,vNiQifOtPQbHogiY,1745020623713,19,1745020623713@PWAvNiQifOtPQbHogiY,c932834f8961d164a377d44565701598b91cef618755bc8083db9d940661507544ae61be5689d33b342692ed80cbc43e
100,vNiQifOtPQbHogiY,1745009144713,16,1745009144713@PWAvNiQifOtPQbHogiY,806b5468138db8f3cba8cdd0dd68cb1aa0bfbc7ae389ea5b720dbf2c4da4f8f197b0bca6745b19a5ff43ab13677a239c
100,vNiQifOtPQbHogiY,1745043950713,2,1745043950713@PWAvNiQifOtPQbHogiY,6fbc170827cd02c8793c5b2fa297da7387c8046a12f05add0661fe2dd4b7bb94a5ceee8b3cbb5803f276d0465606b862
100,vNiQifOtPQbHogiY,1745057041713,6,1745057041713@PWAvNiQifOtPQbHogiY,1a3f6ffb03350f4c4382dad5d7ed759ba7574bb63355cb46c44c7263a36b42995f2eab933298910e0f6cf12792f1a995
100,vNiQifOtPQbHogiY,1745019448713,19,1745019448713@PWAvNiQifOtPQbHogiY,1a7d46468f2266a9d4d4480332d85969a9cc0ac754cfc4f0e88d367088af49623b8ff9d391302c879ed824c5be259f74
100,vNiQifOtPQbHogiY,1745049201713,3,1745049201713@PWAvNiQifOtPQbHogiY,53a4b62dc03f2f2d17d3268a0ffcb13ba82f4a819183085e91a36fa2e56b6626fd1c99745113409986a08d194b0d8981
100,vNiQifOtPQbHogiY,1745027995713,21,1745027995713@PWAvNiQifOtPQbHogiY,f9dd21d24c7542188b5d99353464252e7c94647e4a7b53542d5c61bc1367d1b70ca7baba3d4b9d202b2c50bb670217d5
100,vNiQifOtPQbHogiY,1745044400713,2,1745044400713@PWAvNiQifOtPQbHogiY,cdd678a6f3b0a6ba0d88d979cd769264ce9f45f5c8dd5dc89eea5180df975523181a080d8595d8c9461173f4a621e34a
100,vNiQifOtPQbHogiY,1745012306713,17,1745012306713@PWAvNiQifOtPQbHogiY,4a3dab3a0cbb0b8cac828341d241d51f14c30f6a273296ffccd8447f6e0ac8f191caa0a6eeba32a7cdf6a7812012d463
100,vNiQifOtPQbHogiY,1745030830713,22,1745030830713@PWAvNiQifOtPQbHogiY,4b3e94765e66e6405700a23aaa1b10306eed3fe344f3b295098848eb41c1da80591e8477543b8cf2c5eaa5fc189acac3
100,vNiQifOtPQbHogiY,1745069343713,9,1745069343713@PWAvNiQifOtPQbHogiY,f5f34331907449ed3f77f87be5bb0e57b8622ba10b4026b38516c3c3e554e744b3c3bf9de774d8a9aca6d0e3a4c96129
100,vNiQifOtPQbHogiY,1745042374713,1,1745042374713@PWAvNiQifOtPQbHogiY,32cb3ed4d540034263899d9801de8d41cb112d38bf621668d843a29f20070df475a19b602f1f7c14eed502ab605e881f
100,vNiQifOtPQbHogiY,1745041397713,1,1745041397713@PWAvNiQifOtPQbHogiY,ea4c61790ad9841006cf87dc2cd317dfad34ed06c5639c87253a750c850ea270015e7ad1a27de6d0f136a3af33438bc8
100,vNiQifOtPQbHogiY,1745043727713,2,1745043727713@PWAvNiQifOtPQbHogiY,9105d2c2a8787df31b5a0d0f45045fbdcd6219e76684268c06b6d4623f8f3353dff6233307e306a2c31c6ad4b44731c0
100,vNiQifOtPQbHogiY,1745040067713,1,1745040067713@PWAvNiQifOtPQbHogiY,6bb8ac80806dc7cfd1a57200ff2e0095cf541467580c04db9c714b49de82d0e7b15af3bbb04275a9ebe0e8130f99c418
100,vNiQifOtPQbHogiY,1745046310713,3,1745046310713@PWAvNiQifOtPQbHogiY,a793eaf94464c41dc4e8c6d02189bf4be11867d26aa83d406873acf95c63f514d907fd8ec81b89824e6a6697b6955ab3
100,vNiQifOtPQbHogiY,1745067607713,9,1745067607713@PWAvNiQifOtPQbHogiY,9267ed4a05577c41ed8e7c4b55a682e9aa4200c2c9d8e3d54036643d49c1277834af94b7d7f34a50db5366a0342cb692
100,vNiQifOtPQbHogiY,1745039453713,1,1745039453713@PWAvNiQifOtPQbHogiY,f8a4e9185a1bf622ea83dd8c378ee517f12227394c77f3aa8e97e4a0886a863067b331d891daeb1d1581d74579b180de
100,vNiQifOtPQbHogiY,1745046672713,3,1745046672713@PWAvNiQifOtPQbHogiY,1244a6afa0a4b9c5f4d0987f1e4abeedbb49f399136e866d2adb6014fcc5688268863345a50cf320d147ab567ffa43f5
100,vNiQifOtPQbHogiY,1745066854713,8,1745066854713@PWAvNiQifOtPQbHogiY,10740380752f204cb6ea1dc38ca6df45da0d3da69a92b57203af6a8624b396c3841f4dde0fd43811c1d9928bad646569
100,vNiQifOtPQbHogiY,1745056158713,5,1745056158713@PWAvNiQifOtPQbHogiY,d3888b7354cdc4011953d99a9b10f5655ad29893f4af678a9478986baea4198e8d1950643ee6d2cccce026625f3c559d
100,vNiQifOtPQbHogiY,1745006092713,15,1745006092713@PWAvNiQifOtPQbHogiY,ef025be10197b41610b5fe82a089f98453c4a553db6e9bf4a362f4c9356af42ea2a515cd187f2ae158ac872a5ec39ddf
100,vNiQifOtPQbHogiY,1745022548713,20,1745022548713@PWAvNiQifOtPQbHogiY,bdb3bdd7d11afe31c81a7bc16498fd78a7a3f10ff2faee19372cc64b77740b79c664cf3d71b7560c68a4c1d5c550219d
100,vNiQifOtPQbHogiY,1745037612713,0,1745037612713@PWAvNiQifOtPQbHogiY,530068ae797a6227ef8774e021ebcd521d58421d11f14813cc10ff0370b5796ea7f2e775cccd27fb83535de12504440e
100,vNiQifOtPQbHogiY,1745061339713,7,1745061339713@PWAvNiQifOtPQbHogiY,3acb9b479ff0eb22b8b7e51235eced734fb0dd54324b1cfe3006d4c398a20399a5c0e8f040c4b82e90a5d971b057dd8d
100,vNiQifOtPQbHogiY,1745013703713,18,1745013703713@PWAvNiQifOtPQbHogiY,8ab75b7efcf235cf3dd16d9ae95206908ad7c6d8551c162c57518737a50b8dbadce772f504bf9280b8fc5835cec67040
100,vNiQifOtPQbHogiY,1745012771713,17,1745012771713@PWAvNiQifOtPQbHogiY,2b8f894e5aa0349b770070d33acca8a377ac65e25f880c1c052912d8b7b9442f424dcc7759b09140fb222ec0f619c223
100,vNiQifOtPQbHogiY,1745013864713,18,1745013864713@PWAvNiQifOtPQbHogiY,1a2af7518cb0dfc47756e47395015ee9f16921cb95c769c6e0017e9a86eadd32d9e690889bfed1c5d70b98c403c69646
100,vNiQifOtPQbHogiY,1745052947713,4,1745052947713@PWAvNiQifOtPQbHogiY,68fc59fc2f56622f1195ec05b02ccaecc58a74e23171d8e8c94ae71a46aad52d8cb3e41144efa7a4d33f2ccc1914312b
100,vNiQifOtPQbHogiY,1745067659713,9,1745067659713@PWAvNiQifOtPQbHogiY,582142c6d8d61a4d337e67f3a88df912dee99003b0534142a4334fa70ca75ebb9f97f4a20edaba60d1df0a82b9827f08
100,vNiQifOtPQbHogiY,1745047349713,3,1745047349713@PWAvNiQifOtPQbHogiY,2d8740376cbd11338579a57217ddb506bf66be01b702e4d0afd9680c390539791f74e0e2fa72e03047a95c5475ee508c
100,vNiQifOtPQbHogiY,1745033156713,23,1745033156713@PWAvNiQifOtPQbHogiY,8679f8243611f8342094870411188d9b9650bd1a7474acd4e7ba4bdea585a50fa89296208d2e099b7bfa64edb92e94eb
100,vNiQifOtPQbHogiY,1745051132713,4,1745051132713@PWAvNiQifOtPQbHogiY,59b6d0a08d850e78e7095044f03da55b51bba6bf8d5e0f32e1e4728721c13f128ba288cedc448cbdfcfd48e1d50f074f
100,vNiQifOtPQbHogiY,1745010459713,17,1745010459713@PWAvNiQifOtPQbHogiY,22d13c7e01bfba84cd6974cb14e8b2fdba0614f13eb812e3b8484d5dabbe4a20f0c9f072e9f13a3e697171afd8b4f533
100,vNiQifOtPQbHogiY,1745035606713,0,1745035606713@PWAvNiQifOtPQbHogiY,15094875c4ec7a5316b8fa5b7a46105ec5dc8e4daac723364beb190c032a0b4b96d0f17faf04be399d2e7002f5a33471
100,vNiQifOtPQbHogiY,1745072382713,10,1745072382713@PWAvNiQifOtPQbHogiY,cf5a82378e7b0edb820c31a2b15943ad3a885707a8706316630bc4a7af3830f3acf2260467ee543ed34c5eea60101005
100,vNiQifOtPQbHogiY,1745042626713,2,1745042626713@PWAvNiQifOtPQbHogiY,8b21ac72812a1adaaf0b1c59ddbcb40a8d5c5bdd1107e77c10d52f4a8567d72b679fe7a6d136ef44e7f6beb27eec8cdd
