user_id,deviceID,timestamp,response_status,response_message,raw_response
1,Mu2ElMy8h0J9vztp,1745010887231,200,Success,"{'message': 'Success', 'quote': 'Everything you’ve ever wanted is on the other side of fear.', 'writer': 'George Addair'}"
1,Mu2ElMy8h0J9vztp,1745076062231,200,Success,"{'message': 'Success', 'quote': 'Turn your wounds into wisdom.', 'writer': 'Oprah Winfrey'}"
1,Mu2ElMy8h0J9vztp,1745057905231,200,Success,"{'message': 'Success', 'quote': ""Life is what happens when you're busy making other plans."", 'writer': 'John Lennon'}"
1,Mu2ElMy8h0J9vztp,1745043608231,200,Success,"{'message': 'Success', 'quote': 'The purpose of our lives is to be happy.', 'writer': 'Dalai Lama'}"
1,Mu2ElMy8h0J9vztp,1745048147231,200,Success,"{'message': 'Success', 'quote': 'Do what you feel in your heart to be right—for you’ll be criticized anyway.', 'writer': 'Eleanor Roosevelt'}"
1,Mu2ElMy8h0J9vztp,1745048793231,200,Success,"{'message': 'Success', 'quote': 'Act as if what you do makes a difference. It does.', 'writer': 'William James'}"
1,Mu2ElMy8h0J9vztp,1745070199231,200,Success,"{'message': 'Success', 'quote': 'Success is not how high you have climbed, but how you make a positive difference to the world.', 'writer': 'Roy T. Bennett'}"
1,Mu2ElMy8h0J9vztp,1745024021231,200,Success,"{'message': 'Success', 'quote': 'What you get by achieving your goals is not as important as what you become by achieving your goals.', 'writer': 'Zig Ziglar'}"
1,Mu2ElMy8h0J9vztp,1745048902231,200,Success,"{'message': 'Success', 'quote': 'The only limit to our realization of tomorrow is our doubts of today.', 'writer': 'Franklin D. Roosevelt'}"
1,Mu2ElMy8h0J9vztp,1745017009231,200,Success,"{'message': 'Success', 'quote': 'The purpose of our lives is to be happy.', 'writer': 'Dalai Lama'}"
1,Mu2ElMy8h0J9vztp,1745032831231,200,Success,"{'message': 'Success', 'quote': 'It is never too late to be what you might have been.', 'writer': 'George Eliot'}"
1,Mu2ElMy8h0J9vztp,1745037797231,200,Success,"{'message': 'Success', 'quote': 'Quality means doing it right when no one is looking.', 'writer': 'Henry Ford'}"
1,Mu2ElMy8h0J9vztp,1745036569231,200,Success,"{'message': 'Success', 'quote': 'It’s not whether you get knocked down, it’s whether you get up.', 'writer': 'Vince Lombardi'}"
1,Mu2ElMy8h0J9vztp,1745032416231,200,Success,"{'message': 'Success', 'quote': 'Hardships often prepare ordinary people for an extraordinary destiny.', 'writer': 'C.S. Lewis'}"
1,Mu2ElMy8h0J9vztp,1745071504231,200,Success,"{'message': 'Success', 'quote': 'Everything you can imagine is real.', 'writer': 'Pablo Picasso'}"
1,Mu2ElMy8h0J9vztp,1745060281231,200,Success,"{'message': 'Success', 'quote': ""Opportunities don't happen. You create them."", 'writer': 'Chris Grosser'}"
1,Mu2ElMy8h0J9vztp,1745045646231,200,Success,"{'message': 'Success', 'quote': 'A journey of a thousand miles begins with a single step.', 'writer': 'Lao Tzu'}"
1,Mu2ElMy8h0J9vztp,1745053540231,200,Success,"{'message': 'Success', 'quote': 'The only limit to our realization of tomorrow is our doubts of today.', 'writer': 'Franklin D. Roosevelt'}"
1,Mu2ElMy8h0J9vztp,1745022157231,200,Success,"{'message': 'Success', 'quote': 'Do what you love and the money will follow.', 'writer': 'Marsha Sinetar'}"
1,Mu2ElMy8h0J9vztp,1745054266231,200,Success,"{'message': 'Success', 'quote': 'Do what you feel in your heart to be right—for you’ll be criticized anyway.', 'writer': 'Eleanor Roosevelt'}"
1,Mu2ElMy8h0J9vztp,1745049745231,200,Success,"{'message': 'Success', 'quote': 'Nothing is impossible, the word itself says ‘I’m possible’!', 'writer': 'Audrey Hepburn'}"
1,Mu2ElMy8h0J9vztp,1745070060231,200,Success,"{'message': 'Success', 'quote': 'Everything you can imagine is real.', 'writer': 'Pablo Picasso'}"
1,Mu2ElMy8h0J9vztp,1745043624231,200,Success,"{'message': 'Success', 'quote': 'Success usually comes to those who are too busy to be looking for it.', 'writer': 'Henry David Thoreau'}"
1,Mu2ElMy8h0J9vztp,1745013622231,200,Success,"{'message': 'Success', 'quote': 'Failure is simply the opportunity to begin again, this time more intelligently.', 'writer': 'Henry Ford'}"
1,Mu2ElMy8h0J9vztp,1745042012231,200,Success,"{'message': 'Success', 'quote': 'Do what you love and the money will follow.', 'writer': 'Marsha Sinetar'}"
1,Mu2ElMy8h0J9vztp,1745067744231,200,Success,"{'message': 'Success', 'quote': 'Do what you feel in your heart to be right—for you’ll be criticized anyway.', 'writer': 'Eleanor Roosevelt'}"
1,Mu2ElMy8h0J9vztp,1745038005231,200,Success,"{'message': 'Success', 'quote': 'Be yourself; everyone else is already taken.', 'writer': 'Oscar Wilde'}"
1,Mu2ElMy8h0J9vztp,1745008740231,200,Success,"{'message': 'Success', 'quote': 'Do what you love and the money will follow.', 'writer': 'Marsha Sinetar'}"
2,U3gq6cIPD3Hy2aYQ,1745020133231,200,Success,"{'message': 'Success', 'quote': 'To be yourself in a world that is constantly trying to make you something else is the greatest accomplishment.', 'writer': 'Ralph Waldo Emerson'}"
2,U3gq6cIPD3Hy2aYQ,1745026412231,200,Success,"{'message': 'Success', 'quote': 'Live as if you were to die tomorrow. Learn as if you were to live forever.', 'writer': 'Mahatma Gandhi'}"
2,U3gq6cIPD3Hy2aYQ,1745064173231,200,Success,"{'message': 'Success', 'quote': ""Don't watch the clock; do what it does. Keep going."", 'writer': 'Sam Levenson'}"
2,U3gq6cIPD3Hy2aYQ,1745023768231,200,Success,"{'message': 'Success', 'quote': ""Opportunities don't happen. You create them."", 'writer': 'Chris Grosser'}"
2,U3gq6cIPD3Hy2aYQ,1745070518231,200,Success,"{'message': 'Success', 'quote': 'Success is not in what you have, but who you are.', 'writer': 'Bo Bennett'}"
2,U3gq6cIPD3Hy2aYQ,1745061860231,200,Success,"{'message': 'Success', 'quote': 'If opportunity doesn’t knock, build a door.', 'writer': 'Milton Berle'}"
2,U3gq6cIPD3Hy2aYQ,1745061588231,200,Success,"{'message': 'Success', 'quote': ""If everything seems under control, you're not going fast enough."", 'writer': 'Mario Andretti'}"
2,U3gq6cIPD3Hy2aYQ,1745015966231,200,Success,"{'message': 'Success', 'quote': ""Don't watch the clock; do what it does. Keep going."", 'writer': 'Sam Levenson'}"
2,U3gq6cIPD3Hy2aYQ,1745071606231,200,Success,"{'message': 'Success', 'quote': 'It does not matter how slowly you go as long as you do not stop.', 'writer': 'Confucius'}"
2,U3gq6cIPD3Hy2aYQ,1745047393231,200,Success,"{'message': 'Success', 'quote': 'I attribute my success to this: I never gave or took any excuse.', 'writer': 'Florence Nightingale'}"
2,U3gq6cIPD3Hy2aYQ,1745014543231,200,Success,"{'message': 'Success', 'quote': ""Opportunities don't happen. You create them."", 'writer': 'Chris Grosser'}"
2,U3gq6cIPD3Hy2aYQ,1745067277231,200,Success,"{'message': 'Success', 'quote': 'The mind is everything. What you think you become.', 'writer': 'Buddha'}"
2,U3gq6cIPD3Hy2aYQ,1745023166231,200,Success,"{'message': 'Success', 'quote': 'It’s not whether you get knocked down, it’s whether you get up.', 'writer': 'Vince Lombardi'}"
2,U3gq6cIPD3Hy2aYQ,1745073468231,200,Success,"{'message': 'Success', 'quote': 'What you get by achieving your goals is not as important as what you become by achieving your goals.', 'writer': 'Zig Ziglar'}"
2,U3gq6cIPD3Hy2aYQ,1745046553231,200,Success,"{'message': 'Success', 'quote': 'Success is a journey, not a destination.', 'writer': 'Arthur Ashe'}"
2,U3gq6cIPD3Hy2aYQ,1745024015231,200,Success,"{'message': 'Success', 'quote': 'Don’t let yesterday take up too much of today.', 'writer': 'Will Rogers'}"
2,U3gq6cIPD3Hy2aYQ,1745027588231,200,Success,"{'message': 'Success', 'quote': 'Turn your wounds into wisdom.', 'writer': 'Oprah Winfrey'}"
2,U3gq6cIPD3Hy2aYQ,1745043148231,200,Success,"{'message': 'Success', 'quote': 'Do what you can, with what you have, where you are.', 'writer': 'Theodore Roosevelt'}"
2,U3gq6cIPD3Hy2aYQ,1745026694231,200,Success,"{'message': 'Success', 'quote': 'Get busy living or get busy dying.', 'writer': 'Stephen King'}"
2,U3gq6cIPD3Hy2aYQ,1745039028231,200,Success,"{'message': 'Success', 'quote': 'Do what you feel in your heart to be right—for you’ll be criticized anyway.', 'writer': 'Eleanor Roosevelt'}"
2,U3gq6cIPD3Hy2aYQ,1745036951231,200,Success,"{'message': 'Success', 'quote': 'Be yourself; everyone else is already taken.', 'writer': 'Oscar Wilde'}"
2,U3gq6cIPD3Hy2aYQ,1745046633231,200,Success,"{'message': 'Success', 'quote': 'Don’t let yesterday take up too much of today.', 'writer': 'Will Rogers'}"
2,U3gq6cIPD3Hy2aYQ,1745020361231,200,Success,"{'message': 'Success', 'quote': 'The way to get started is to quit talking and begin doing.', 'writer': 'Walt Disney'}"
2,U3gq6cIPD3Hy2aYQ,1745043814231,200,Success,"{'message': 'Success', 'quote': 'The only limit to our realization of tomorrow is our doubts of today.', 'writer': 'Franklin D. Roosevelt'}"
2,U3gq6cIPD3Hy2aYQ,1745052539231,200,Success,"{'message': 'Success', 'quote': 'Everything has beauty, but not everyone sees it.', 'writer': 'Confucius'}"
2,U3gq6cIPD3Hy2aYQ,1745060711231,200,Success,"{'message': 'Success', 'quote': 'Don’t let yesterday take up too much of today.', 'writer': 'Will Rogers'}"
2,U3gq6cIPD3Hy2aYQ,1745023104231,200,Success,"{'message': 'Success', 'quote': 'To be yourself in a world that is constantly trying to make you something else is the greatest accomplishment.', 'writer': 'Ralph Waldo Emerson'}"
2,U3gq6cIPD3Hy2aYQ,1745061643231,200,Success,"{'message': 'Success', 'quote': 'What lies behind us and what lies before us are tiny matters compared to what lies within us.', 'writer': 'Ralph Waldo Emerson'}"
2,U3gq6cIPD3Hy2aYQ,1745059316231,200,Success,"{'message': 'Success', 'quote': ""If everything seems under control, you're not going fast enough."", 'writer': 'Mario Andretti'}"
2,U3gq6cIPD3Hy2aYQ,1745012394231,200,Success,"{'message': 'Success', 'quote': 'Don’t count the days, make the days count.', 'writer': 'Muhammad Ali'}"
2,U3gq6cIPD3Hy2aYQ,1745064643231,429,Access limit reached,"{'error': 'Access limit reached', 'retry_after': '6 hours 14 minutes'}"
2,U3gq6cIPD3Hy2aYQ,1745069253231,429,Access limit reached,"{'error': 'Access limit reached', 'retry_after': '6 hours 14 minutes'}"
3,3nBKrhW1fBAghtFJ,1745055357231,200,Success,"{'message': 'Success', 'quote': 'Do not go where the path may lead, go instead where there is no path and leave a trail.', 'writer': 'Ralph Waldo Emerson'}"
3,3nBKrhW1fBAghtFJ,1745016818231,200,Success,"{'message': 'Success', 'quote': 'What lies behind us and what lies before us are tiny matters compared to what lies within us.', 'writer': 'Ralph Waldo Emerson'}"
3,3nBKrhW1fBAghtFJ,1745068120231,200,Success,"{'message': 'Success', 'quote': ""Believe you can and you're halfway there."", 'writer': 'Theodore Roosevelt'}"
3,3nBKrhW1fBAghtFJ,1745068503231,200,Success,"{'message': 'Success', 'quote': 'It always seems impossible until it’s done.', 'writer': 'Nelson Mandela'}"
3,3nBKrhW1fBAghtFJ,1745067617231,200,Success,"{'message': 'Success', 'quote': 'You must be the change you wish to see in the world.', 'writer': 'Mahatma Gandhi'}"
3,3nBKrhW1fBAghtFJ,1745054649231,200,Success,"{'message': 'Success', 'quote': 'We become what we think about.', 'writer': 'Earl Nightingale'}"
3,3nBKrhW1fBAghtFJ,1745059141231,200,Success,"{'message': 'Success', 'quote': ""Opportunities don't happen. You create them."", 'writer': 'Chris Grosser'}"
3,3nBKrhW1fBAghtFJ,1745048674231,200,Success,"{'message': 'Success', 'quote': 'A person who never made a mistake never tried anything new.', 'writer': 'Albert Einstein'}"
3,3nBKrhW1fBAghtFJ,1745034061231,200,Success,"{'message': 'Success', 'quote': 'Do what you can, with what you have, where you are.', 'writer': 'Theodore Roosevelt'}"
3,3nBKrhW1fBAghtFJ,1745008087231,200,Success,"{'message': 'Success', 'quote': 'Dream big and dare to fail.', 'writer': 'Norman Vaughan'}"
3,3nBKrhW1fBAghtFJ,1745064158231,200,Success,"{'message': 'Success', 'quote': 'Success is getting what you want. Happiness is wanting what you get.', 'writer': 'Dale Carnegie'}"
3,3nBKrhW1fBAghtFJ,1745039601231,200,Success,"{'message': 'Success', 'quote': 'Failure is simply the opportunity to begin again, this time more intelligently.', 'writer': 'Henry Ford'}"
3,3nBKrhW1fBAghtFJ,1745050188231,200,Success,"{'message': 'Success', 'quote': 'I never dreamed about success. I worked for it.', 'writer': 'Estee Lauder'}"
3,3nBKrhW1fBAghtFJ,1745062830231,200,Success,"{'message': 'Success', 'quote': 'Quality means doing it right when no one is looking.', 'writer': 'Henry Ford'}"
3,3nBKrhW1fBAghtFJ,1745053377231,200,Success,"{'message': 'Success', 'quote': 'If you really look closely, most overnight successes took a long time.', 'writer': 'Steve Jobs'}"
3,3nBKrhW1fBAghtFJ,1745061809231,200,Success,"{'message': 'Success', 'quote': 'Quality means doing it right when no one is looking.', 'writer': 'Henry Ford'}"
3,3nBKrhW1fBAghtFJ,1745071130231,200,Success,"{'message': 'Success', 'quote': 'Everything has beauty, but not everyone sees it.', 'writer': 'Confucius'}"
3,3nBKrhW1fBAghtFJ,1745020228231,200,Success,"{'message': 'Success', 'quote': 'To succeed in life, you need two things: ignorance and confidence.', 'writer': 'Mark Twain'}"
3,3nBKrhW1fBAghtFJ,1745072203231,200,Success,"{'message': 'Success', 'quote': 'Quality means doing it right when no one is looking.', 'writer': 'Henry Ford'}"
3,3nBKrhW1fBAghtFJ,1745044831231,200,Success,"{'message': 'Success', 'quote': ""Life is what happens when you're busy making other plans."", 'writer': 'John Lennon'}"
3,3nBKrhW1fBAghtFJ,1745049372231,200,Success,"{'message': 'Success', 'quote': 'Get busy living or get busy dying.', 'writer': 'Stephen King'}"
3,3nBKrhW1fBAghtFJ,1745022960231,200,Success,"{'message': 'Success', 'quote': 'What you get by achieving your goals is not as important as what you become by achieving your goals.', 'writer': 'Zig Ziglar'}"
3,3nBKrhW1fBAghtFJ,1745063310231,200,Success,"{'message': 'Success', 'quote': 'Success is a journey, not a destination.', 'writer': 'Arthur Ashe'}"
3,3nBKrhW1fBAghtFJ,1745068004231,200,Success,"{'message': 'Success', 'quote': 'Act as if what you do makes a difference. It does.', 'writer': 'William James'}"
3,3nBKrhW1fBAghtFJ,1745042926231,200,Success,"{'message': 'Success', 'quote': 'Do not go where the path may lead, go instead where there is no path and leave a trail.', 'writer': 'Ralph Waldo Emerson'}"
3,3nBKrhW1fBAghtFJ,1745014769231,200,Success,"{'message': 'Success', 'quote': 'Success is not in what you have, but who you are.', 'writer': 'Bo Bennett'}"
3,3nBKrhW1fBAghtFJ,1745062341231,200,Success,"{'message': 'Success', 'quote': ""Believe you can and you're halfway there."", 'writer': 'Theodore Roosevelt'}"
3,3nBKrhW1fBAghtFJ,1745049715231,200,Success,"{'message': 'Success', 'quote': 'Success is not in what you have, but who you are.', 'writer': 'Bo Bennett'}"
3,3nBKrhW1fBAghtFJ,1745076703231,200,Success,"{'message': 'Success', 'quote': 'Do what you feel in your heart to be right—for you’ll be criticized anyway.', 'writer': 'Eleanor Roosevelt'}"
3,3nBKrhW1fBAghtFJ,1745066286231,200,Success,"{'message': 'Success', 'quote': ""Life is what happens when you're busy making other plans."", 'writer': 'John Lennon'}"
3,3nBKrhW1fBAghtFJ,1745031282231,429,Access limit reached,"{'error': 'Access limit reached', 'retry_after': '5 hours 2 minutes'}"
3,3nBKrhW1fBAghtFJ,1745022652231,429,Access limit reached,"{'error': 'Access limit reached', 'retry_after': '5 hours 2 minutes'}"
3,3nBKrhW1fBAghtFJ,1745038726231,429,Access limit reached,"{'error': 'Access limit reached', 'retry_after': '5 hours 2 minutes'}"
3,3nBKrhW1fBAghtFJ,1745065326231,429,Access limit reached,"{'error': 'Access limit reached', 'retry_after': '5 hours 2 minutes'}"
3,3nBKrhW1fBAghtFJ,1745077105231,429,Access limit reached,"{'error': 'Access limit reached', 'retry_after': '5 hours 2 minutes'}"
4,z0JDHDmlF0xC3xmv,1745061294231,200,Success,"{'message': 'Success', 'quote': 'To succeed in life, you need two things: ignorance and confidence.', 'writer': 'Mark Twain'}"
4,z0JDHDmlF0xC3xmv,1745037930231,200,Success,"{'message': 'Success', 'quote': 'Success usually comes to those who are too busy to be looking for it.', 'writer': 'Henry David Thoreau'}"
4,z0JDHDmlF0xC3xmv,1745071581231,200,Success,"{'message': 'Success', 'quote': 'You have within you right now, everything you need to deal with whatever the world can throw at you.', 'writer': 'Brian Tracy'}"
4,z0JDHDmlF0xC3xmv,1745030332231,200,Success,"{'message': 'Success', 'quote': 'Success is not in what you have, but who you are.', 'writer': 'Bo Bennett'}"
4,z0JDHDmlF0xC3xmv,1745043127231,200,Success,"{'message': 'Success', 'quote': 'The mind is everything. What you think you become.', 'writer': 'Buddha'}"
4,z0JDHDmlF0xC3xmv,1745033726231,200,Success,"{'message': 'Success', 'quote': 'If opportunity doesn’t knock, build a door.', 'writer': 'Milton Berle'}"
4,z0JDHDmlF0xC3xmv,1745059638231,200,Success,"{'message': 'Success', 'quote': ""Opportunities don't happen. You create them."", 'writer': 'Chris Grosser'}"
4,z0JDHDmlF0xC3xmv,1745035675231,200,Success,"{'message': 'Success', 'quote': 'Success is a journey, not a destination.', 'writer': 'Arthur Ashe'}"
4,z0JDHDmlF0xC3xmv,1745056388231,200,Success,"{'message': 'Success', 'quote': 'Your time is limited, so don’t waste it living someone else’s life.', 'writer': 'Steve Jobs'}"
4,z0JDHDmlF0xC3xmv,1745064976231,200,Success,"{'message': 'Success', 'quote': 'Turn your wounds into wisdom.', 'writer': 'Oprah Winfrey'}"
4,z0JDHDmlF0xC3xmv,1745074279231,200,Success,"{'message': 'Success', 'quote': 'Do what you feel in your heart to be right—for you’ll be criticized anyway.', 'writer': 'Eleanor Roosevelt'}"
4,z0JDHDmlF0xC3xmv,1745039025231,200,Success,"{'message': 'Success', 'quote': 'Get busy living or get busy dying.', 'writer': 'Stephen King'}"
4,z0JDHDmlF0xC3xmv,1745050002231,200,Success,"{'message': 'Success', 'quote': 'Dream big and dare to fail.', 'writer': 'Norman Vaughan'}"
4,z0JDHDmlF0xC3xmv,1745051341231,200,Success,"{'message': 'Success', 'quote': 'Live as if you were to die tomorrow. Learn as if you were to live forever.', 'writer': 'Mahatma Gandhi'}"
4,z0JDHDmlF0xC3xmv,1745055045231,200,Success,"{'message': 'Success', 'quote': ""Don't watch the clock; do what it does. Keep going."", 'writer': 'Sam Levenson'}"
4,z0JDHDmlF0xC3xmv,1745045973231,200,Success,"{'message': 'Success', 'quote': 'I attribute my success to this: I never gave or took any excuse.', 'writer': 'Florence Nightingale'}"
4,z0JDHDmlF0xC3xmv,1745070199231,200,Success,"{'message': 'Success', 'quote': ""If everything seems under control, you're not going fast enough."", 'writer': 'Mario Andretti'}"
4,z0JDHDmlF0xC3xmv,1745045227231,200,Success,"{'message': 'Success', 'quote': 'Success usually comes to those who are too busy to be looking for it.', 'writer': 'Henry David Thoreau'}"
4,z0JDHDmlF0xC3xmv,1745035879231,200,Success,"{'message': 'Success', 'quote': 'The best way to predict the future is to create it.', 'writer': 'Peter Drucker'}"
4,z0JDHDmlF0xC3xmv,1745026307231,200,Success,"{'message': 'Success', 'quote': 'A journey of a thousand miles begins with a single step.', 'writer': 'Lao Tzu'}"
4,z0JDHDmlF0xC3xmv,1745070585231,200,Success,"{'message': 'Success', 'quote': 'People who are crazy enough to think they can change the world, are the ones who do.', 'writer': 'Rob Siltanen'}"
4,z0JDHDmlF0xC3xmv,1745021268231,200,Success,"{'message': 'Success', 'quote': 'Small deeds done are better than great deeds planned.', 'writer': 'Peter Marshall'}"
4,z0JDHDmlF0xC3xmv,1745026391231,200,Success,"{'message': 'Success', 'quote': 'We become what we think about.', 'writer': 'Earl Nightingale'}"
4,z0JDHDmlF0xC3xmv,1745060280231,200,Success,"{'message': 'Success', 'quote': 'Everything has beauty, but not everyone sees it.', 'writer': 'Confucius'}"
4,z0JDHDmlF0xC3xmv,1745026887231,200,Success,"{'message': 'Success', 'quote': 'Turn your wounds into wisdom.', 'writer': 'Oprah Winfrey'}"
4,z0JDHDmlF0xC3xmv,1745047233231,200,Success,"{'message': 'Success', 'quote': 'The mind is everything. What you think you become.', 'writer': 'Buddha'}"
4,z0JDHDmlF0xC3xmv,1745060993231,200,Success,"{'message': 'Success', 'quote': 'Keep your face always toward the sunshine—and shadows will fall behind you.', 'writer': 'Walt Whitman'}"
4,z0JDHDmlF0xC3xmv,1745039492231,200,Success,"{'message': 'Success', 'quote': 'Everything you’ve ever wanted is on the other side of fear.', 'writer': 'George Addair'}"
4,z0JDHDmlF0xC3xmv,1745013068231,200,Success,"{'message': 'Success', 'quote': 'Keep your face always toward the sunshine—and shadows will fall behind you.', 'writer': 'Walt Whitman'}"
4,z0JDHDmlF0xC3xmv,1745032406231,200,Success,"{'message': 'Success', 'quote': 'Success is not how high you have climbed, but how you make a positive difference to the world.', 'writer': 'Roy T. Bennett'}"
4,z0JDHDmlF0xC3xmv,1745017796231,429,Access limit reached,"{'error': 'Access limit reached', 'retry_after': '6 hours 25 minutes'}"
4,z0JDHDmlF0xC3xmv,1745010385231,429,Access limit reached,"{'error': 'Access limit reached', 'retry_after': '6 hours 25 minutes'}"
4,z0JDHDmlF0xC3xmv,1745025352231,429,Access limit reached,"{'error': 'Access limit reached', 'retry_after': '6 hours 25 minutes'}"
4,z0JDHDmlF0xC3xmv,1745026649231,429,Access limit reached,"{'error': 'Access limit reached', 'retry_after': '6 hours 25 minutes'}"
4,z0JDHDmlF0xC3xmv,1745040702231,429,Access limit reached,"{'error': 'Access limit reached', 'retry_after': '6 hours 25 minutes'}"
4,z0JDHDmlF0xC3xmv,1745025731231,429,Access limit reached,"{'error': 'Access limit reached', 'retry_after': '6 hours 25 minutes'}"
4,z0JDHDmlF0xC3xmv,1745065331231,429,Access limit reached,"{'error': 'Access limit reached', 'retry_after': '6 hours 25 minutes'}"
4,z0JDHDmlF0xC3xmv,1745053980231,429,Access limit reached,"{'error': 'Access limit reached', 'retry_after': '6 hours 25 minutes'}"
4,z0JDHDmlF0xC3xmv,1745031322231,429,Access limit reached,"{'error': 'Access limit reached', 'retry_after': '6 hours 25 minutes'}"
4,z0JDHDmlF0xC3xmv,1745070097231,429,Access limit reached,"{'error': 'Access limit reached', 'retry_after': '6 hours 25 minutes'}"
4,z0JDHDmlF0xC3xmv,1745036108231,429,Access limit reached,"{'error': 'Access limit reached', 'retry_after': '6 hours 25 minutes'}"
4,z0JDHDmlF0xC3xmv,1745062825231,429,Access limit reached,"{'error': 'Access limit reached', 'retry_after': '6 hours 25 minutes'}"
4,z0JDHDmlF0xC3xmv,1745030459231,429,Access limit reached,"{'error': 'Access limit reached', 'retry_after': '6 hours 25 minutes'}"
4,z0JDHDmlF0xC3xmv,1745052903231,429,Access limit reached,"{'error': 'Access limit reached', 'retry_after': '6 hours 25 minutes'}"
4,z0JDHDmlF0xC3xmv,1745016133231,429,Access limit reached,"{'error': 'Access limit reached', 'retry_after': '6 hours 25 minutes'}"
5,z0JDHDmlF0xC3xmv,1745062837231,429,Access limit reached,"{'error': 'Access limit reached', 'retry_after': '6 hours 25 minutes'}"
5,z0JDHDmlF0xC3xmv,1745020300231,429,Access limit reached,"{'error': 'Access limit reached', 'retry_after': '6 hours 25 minutes'}"
5,z0JDHDmlF0xC3xmv,1745037903231,429,Access limit reached,"{'error': 'Access limit reached', 'retry_after': '6 hours 25 minutes'}"
5,z0JDHDmlF0xC3xmv,1745027301231,429,Access limit reached,"{'error': 'Access limit reached', 'retry_after': '6 hours 25 minutes'}"
5,z0JDHDmlF0xC3xmv,1745017193231,429,Access limit reached,"{'error': 'Access limit reached', 'retry_after': '6 hours 25 minutes'}"
5,z0JDHDmlF0xC3xmv,1745046493231,429,Access limit reached,"{'error': 'Access limit reached', 'retry_after': '6 hours 25 minutes'}"
5,z0JDHDmlF0xC3xmv,1745007745231,429,Access limit reached,"{'error': 'Access limit reached', 'retry_after': '6 hours 25 minutes'}"
5,z0JDHDmlF0xC3xmv,1745048874231,429,Access limit reached,"{'error': 'Access limit reached', 'retry_after': '6 hours 25 minutes'}"
5,z0JDHDmlF0xC3xmv,1745013993231,429,Access limit reached,"{'error': 'Access limit reached', 'retry_after': '6 hours 25 minutes'}"
5,z0JDHDmlF0xC3xmv,1745046952231,429,Access limit reached,"{'error': 'Access limit reached', 'retry_after': '6 hours 25 minutes'}"
5,z0JDHDmlF0xC3xmv,1745078276231,429,Access limit reached,"{'error': 'Access limit reached', 'retry_after': '6 hours 25 minutes'}"
5,z0JDHDmlF0xC3xmv,1745040202231,429,Access limit reached,"{'error': 'Access limit reached', 'retry_after': '6 hours 25 minutes'}"
5,z0JDHDmlF0xC3xmv,1745046371231,429,Access limit reached,"{'error': 'Access limit reached', 'retry_after': '6 hours 25 minutes'}"
5,z0JDHDmlF0xC3xmv,1745077901231,429,Access limit reached,"{'error': 'Access limit reached', 'retry_after': '6 hours 25 minutes'}"
5,z0JDHDmlF0xC3xmv,1745020006231,429,Access limit reached,"{'error': 'Access limit reached', 'retry_after': '6 hours 25 minutes'}"
5,z0JDHDmlF0xC3xmv,1745040602231,429,Access limit reached,"{'error': 'Access limit reached', 'retry_after': '6 hours 25 minutes'}"
5,z0JDHDmlF0xC3xmv,1745012328231,429,Access limit reached,"{'error': 'Access limit reached', 'retry_after': '6 hours 25 minutes'}"
5,z0JDHDmlF0xC3xmv,1745034849231,429,Access limit reached,"{'error': 'Access limit reached', 'retry_after': '6 hours 25 minutes'}"
5,z0JDHDmlF0xC3xmv,1745021323231,429,Access limit reached,"{'error': 'Access limit reached', 'retry_after': '6 hours 25 minutes'}"
5,z0JDHDmlF0xC3xmv,1745044935231,429,Access limit reached,"{'error': 'Access limit reached', 'retry_after': '6 hours 25 minutes'}"
5,z0JDHDmlF0xC3xmv,1745014883231,429,Access limit reached,"{'error': 'Access limit reached', 'retry_after': '6 hours 25 minutes'}"
5,z0JDHDmlF0xC3xmv,1745061925231,429,Access limit reached,"{'error': 'Access limit reached', 'retry_after': '6 hours 25 minutes'}"
5,z0JDHDmlF0xC3xmv,1745010014231,429,Access limit reached,"{'error': 'Access limit reached', 'retry_after': '6 hours 25 minutes'}"
5,z0JDHDmlF0xC3xmv,1745040700231,429,Access limit reached,"{'error': 'Access limit reached', 'retry_after': '6 hours 25 minutes'}"
5,z0JDHDmlF0xC3xmv,1745014050231,429,Access limit reached,"{'error': 'Access limit reached', 'retry_after': '6 hours 25 minutes'}"
5,z0JDHDmlF0xC3xmv,1745026401231,429,Access limit reached,"{'error': 'Access limit reached', 'retry_after': '6 hours 25 minutes'}"
5,z0JDHDmlF0xC3xmv,1745014365231,429,Access limit reached,"{'error': 'Access limit reached', 'retry_after': '6 hours 25 minutes'}"
5,z0JDHDmlF0xC3xmv,1745019937231,429,Access limit reached,"{'error': 'Access limit reached', 'retry_after': '6 hours 25 minutes'}"
5,z0JDHDmlF0xC3xmv,1745078219231,429,Access limit reached,"{'error': 'Access limit reached', 'retry_after': '6 hours 25 minutes'}"
5,z0JDHDmlF0xC3xmv,1745034550231,429,Access limit reached,"{'error': 'Access limit reached', 'retry_after': '6 hours 25 minutes'}"
5,z0JDHDmlF0xC3xmv,1745038973231,429,Access limit reached,"{'error': 'Access limit reached', 'retry_after': '6 hours 25 minutes'}"
5,z0JDHDmlF0xC3xmv,1745073511231,429,Access limit reached,"{'error': 'Access limit reached', 'retry_after': '6 hours 25 minutes'}"
5,z0JDHDmlF0xC3xmv,1745046062231,429,Access limit reached,"{'error': 'Access limit reached', 'retry_after': '6 hours 25 minutes'}"
5,z0JDHDmlF0xC3xmv,1745007775231,429,Access limit reached,"{'error': 'Access limit reached', 'retry_after': '6 hours 25 minutes'}"
5,z0JDHDmlF0xC3xmv,1745023239231,429,Access limit reached,"{'error': 'Access limit reached', 'retry_after': '6 hours 25 minutes'}"
5,z0JDHDmlF0xC3xmv,1745058512231,429,Access limit reached,"{'error': 'Access limit reached', 'retry_after': '6 hours 25 minutes'}"
5,z0JDHDmlF0xC3xmv,1745033746231,429,Access limit reached,"{'error': 'Access limit reached', 'retry_after': '6 hours 25 minutes'}"
5,z0JDHDmlF0xC3xmv,1745019147231,429,Access limit reached,"{'error': 'Access limit reached', 'retry_after': '6 hours 25 minutes'}"
5,z0JDHDmlF0xC3xmv,1745063886231,429,Access limit reached,"{'error': 'Access limit reached', 'retry_after': '6 hours 25 minutes'}"
5,z0JDHDmlF0xC3xmv,1745050137231,429,Access limit reached,"{'error': 'Access limit reached', 'retry_after': '6 hours 25 minutes'}"
5,z0JDHDmlF0xC3xmv,1745075222231,429,Access limit reached,"{'error': 'Access limit reached', 'retry_after': '6 hours 25 minutes'}"
5,z0JDHDmlF0xC3xmv,1745047931231,429,Access limit reached,"{'error': 'Access limit reached', 'retry_after': '6 hours 25 minutes'}"
6,Mu2ElMy8h0J9vztp,1745065288231,200,Success,"{'message': 'Success', 'quote': 'Get busy living or get busy dying.', 'writer': 'Stephen King'}"
6,Mu2ElMy8h0J9vztp,1745046694231,200,Success,"{'message': 'Success', 'quote': 'When you reach the end of your rope, tie a knot in it and hang on.', 'writer': 'Franklin D. Roosevelt'}"
6,Mu2ElMy8h0J9vztp,1745076405231,429,Access limit reached,"{'error': 'Access limit reached', 'retry_after': '5 hours 13 minutes'}"
6,Mu2ElMy8h0J9vztp,1745035516231,429,Access limit reached,"{'error': 'Access limit reached', 'retry_after': '5 hours 13 minutes'}"
6,Mu2ElMy8h0J9vztp,1745040128231,429,Access limit reached,"{'error': 'Access limit reached', 'retry_after': '5 hours 13 minutes'}"
6,Mu2ElMy8h0J9vztp,1745064106231,429,Access limit reached,"{'error': 'Access limit reached', 'retry_after': '5 hours 13 minutes'}"
6,Mu2ElMy8h0J9vztp,1745013389231,429,Access limit reached,"{'error': 'Access limit reached', 'retry_after': '5 hours 13 minutes'}"
6,Mu2ElMy8h0J9vztp,1745045758231,429,Access limit reached,"{'error': 'Access limit reached', 'retry_after': '5 hours 13 minutes'}"
6,Mu2ElMy8h0J9vztp,1745016320231,429,Access limit reached,"{'error': 'Access limit reached', 'retry_after': '5 hours 13 minutes'}"
6,Mu2ElMy8h0J9vztp,1745027214231,429,Access limit reached,"{'error': 'Access limit reached', 'retry_after': '5 hours 13 minutes'}"
6,Mu2ElMy8h0J9vztp,1745049737231,429,Access limit reached,"{'error': 'Access limit reached', 'retry_after': '5 hours 13 minutes'}"
6,Mu2ElMy8h0J9vztp,1745046610231,429,Access limit reached,"{'error': 'Access limit reached', 'retry_after': '5 hours 13 minutes'}"
6,Mu2ElMy8h0J9vztp,1745067824231,429,Access limit reached,"{'error': 'Access limit reached', 'retry_after': '5 hours 13 minutes'}"
6,Mu2ElMy8h0J9vztp,1745074541231,429,Access limit reached,"{'error': 'Access limit reached', 'retry_after': '5 hours 13 minutes'}"
6,Mu2ElMy8h0J9vztp,1745066013231,429,Access limit reached,"{'error': 'Access limit reached', 'retry_after': '5 hours 13 minutes'}"
6,Mu2ElMy8h0J9vztp,1745020267231,429,Access limit reached,"{'error': 'Access limit reached', 'retry_after': '5 hours 13 minutes'}"
6,Mu2ElMy8h0J9vztp,1745021956231,429,Access limit reached,"{'error': 'Access limit reached', 'retry_after': '5 hours 13 minutes'}"
6,Mu2ElMy8h0J9vztp,1745072140231,429,Access limit reached,"{'error': 'Access limit reached', 'retry_after': '5 hours 13 minutes'}"
6,Mu2ElMy8h0J9vztp,1745074271231,429,Access limit reached,"{'error': 'Access limit reached', 'retry_after': '5 hours 13 minutes'}"
6,Mu2ElMy8h0J9vztp,1745052337231,429,Access limit reached,"{'error': 'Access limit reached', 'retry_after': '5 hours 13 minutes'}"
6,Mu2ElMy8h0J9vztp,1745048994231,429,Access limit reached,"{'error': 'Access limit reached', 'retry_after': '5 hours 13 minutes'}"
6,Mu2ElMy8h0J9vztp,1745013811231,429,Access limit reached,"{'error': 'Access limit reached', 'retry_after': '5 hours 13 minutes'}"
6,Mu2ElMy8h0J9vztp,1745026817231,429,Access limit reached,"{'error': 'Access limit reached', 'retry_after': '5 hours 13 minutes'}"
6,Mu2ElMy8h0J9vztp,1745045232231,429,Access limit reached,"{'error': 'Access limit reached', 'retry_after': '5 hours 13 minutes'}"
6,Mu2ElMy8h0J9vztp,1745019142231,429,Access limit reached,"{'error': 'Access limit reached', 'retry_after': '5 hours 13 minutes'}"
6,Mu2ElMy8h0J9vztp,1745036963231,429,Access limit reached,"{'error': 'Access limit reached', 'retry_after': '5 hours 13 minutes'}"
6,Mu2ElMy8h0J9vztp,1745041775231,429,Access limit reached,"{'error': 'Access limit reached', 'retry_after': '5 hours 13 minutes'}"
6,Mu2ElMy8h0J9vztp,1745023412231,429,Access limit reached,"{'error': 'Access limit reached', 'retry_after': '5 hours 13 minutes'}"
6,Mu2ElMy8h0J9vztp,1745052038231,429,Access limit reached,"{'error': 'Access limit reached', 'retry_after': '5 hours 13 minutes'}"
6,Mu2ElMy8h0J9vztp,1745036005231,429,Access limit reached,"{'error': 'Access limit reached', 'retry_after': '5 hours 13 minutes'}"
6,Mu2ElMy8h0J9vztp,1745068689231,429,Access limit reached,"{'error': 'Access limit reached', 'retry_after': '5 hours 13 minutes'}"
6,Mu2ElMy8h0J9vztp,1745036076231,429,Access limit reached,"{'error': 'Access limit reached', 'retry_after': '5 hours 13 minutes'}"
6,Mu2ElMy8h0J9vztp,1745073903231,429,Access limit reached,"{'error': 'Access limit reached', 'retry_after': '5 hours 13 minutes'}"
6,Mu2ElMy8h0J9vztp,1745060926231,429,Access limit reached,"{'error': 'Access limit reached', 'retry_after': '5 hours 13 minutes'}"
6,Mu2ElMy8h0J9vztp,1745048250231,429,Access limit reached,"{'error': 'Access limit reached', 'retry_after': '5 hours 13 minutes'}"
6,Mu2ElMy8h0J9vztp,1745044106231,429,Access limit reached,"{'error': 'Access limit reached', 'retry_after': '5 hours 13 minutes'}"
6,Mu2ElMy8h0J9vztp,1745073916231,429,Access limit reached,"{'error': 'Access limit reached', 'retry_after': '5 hours 13 minutes'}"
6,Mu2ElMy8h0J9vztp,1745011024231,429,Access limit reached,"{'error': 'Access limit reached', 'retry_after': '5 hours 13 minutes'}"
6,Mu2ElMy8h0J9vztp,1745030165231,429,Access limit reached,"{'error': 'Access limit reached', 'retry_after': '5 hours 12 minutes'}"
6,Mu2ElMy8h0J9vztp,1745032668231,429,Access limit reached,"{'error': 'Access limit reached', 'retry_after': '5 hours 12 minutes'}"
6,Mu2ElMy8h0J9vztp,1745032926231,429,Access limit reached,"{'error': 'Access limit reached', 'retry_after': '5 hours 12 minutes'}"
7,sZaWrwSAC0YhuHOq,1745026006231,200,Success,"{'message': 'Success', 'quote': 'Do what you can, with what you have, where you are.', 'writer': 'Theodore Roosevelt'}"
7,sZaWrwSAC0YhuHOq,1745040156231,200,Success,"{'message': 'Success', 'quote': 'You have within you right now, everything you need to deal with whatever the world can throw at you.', 'writer': 'Brian Tracy'}"
7,sZaWrwSAC0YhuHOq,1745038337231,200,Success,"{'message': 'Success', 'quote': 'We become what we think about.', 'writer': 'Earl Nightingale'}"
7,sZaWrwSAC0YhuHOq,1745066767231,200,Success,"{'message': 'Success', 'quote': ""Don't watch the clock; do what it does. Keep going."", 'writer': 'Sam Levenson'}"
7,sZaWrwSAC0YhuHOq,1745069590231,200,Success,"{'message': 'Success', 'quote': 'A journey of a thousand miles begins with a single step.', 'writer': 'Lao Tzu'}"
7,sZaWrwSAC0YhuHOq,1745032245231,200,Success,"{'message': 'Success', 'quote': 'If opportunity doesn’t knock, build a door.', 'writer': 'Milton Berle'}"
7,sZaWrwSAC0YhuHOq,1745068854231,200,Success,"{'message': 'Success', 'quote': 'Turn your wounds into wisdom.', 'writer': 'Oprah Winfrey'}"
7,sZaWrwSAC0YhuHOq,1745057417231,200,Success,"{'message': 'Success', 'quote': 'Be yourself; everyone else is already taken.', 'writer': 'Oscar Wilde'}"
7,sZaWrwSAC0YhuHOq,1745039992231,200,Success,"{'message': 'Success', 'quote': 'Failure is simply the opportunity to begin again, this time more intelligently.', 'writer': 'Henry Ford'}"
7,sZaWrwSAC0YhuHOq,1745059128231,200,Success,"{'message': 'Success', 'quote': 'A journey of a thousand miles begins with a single step.', 'writer': 'Lao Tzu'}"
7,sZaWrwSAC0YhuHOq,1745076897231,200,Success,"{'message': 'Success', 'quote': 'Don’t count the days, make the days count.', 'writer': 'Muhammad Ali'}"
7,sZaWrwSAC0YhuHOq,1745041587231,200,Success,"{'message': 'Success', 'quote': ""Life is what happens when you're busy making other plans."", 'writer': 'John Lennon'}"
7,sZaWrwSAC0YhuHOq,1745066146231,200,Success,"{'message': 'Success', 'quote': ""Life is what happens when you're busy making other plans."", 'writer': 'John Lennon'}"
7,sZaWrwSAC0YhuHOq,1745027203231,200,Success,"{'message': 'Success', 'quote': 'Failure is simply the opportunity to begin again, this time more intelligently.', 'writer': 'Henry Ford'}"
7,sZaWrwSAC0YhuHOq,1745040483231,200,Success,"{'message': 'Success', 'quote': 'The mind is everything. What you think you become.', 'writer': 'Buddha'}"
7,sZaWrwSAC0YhuHOq,1745008427231,200,Success,"{'message': 'Success', 'quote': 'Happiness depends upon ourselves.', 'writer': 'Aristotle'}"
7,sZaWrwSAC0YhuHOq,1745060121231,200,Success,"{'message': 'Success', 'quote': 'Turn your wounds into wisdom.', 'writer': 'Oprah Winfrey'}"
7,sZaWrwSAC0YhuHOq,1745009174231,200,Success,"{'message': 'Success', 'quote': 'A person who never made a mistake never tried anything new.', 'writer': 'Albert Einstein'}"
7,sZaWrwSAC0YhuHOq,1745042539231,200,Success,"{'message': 'Success', 'quote': 'Success is getting what you want. Happiness is wanting what you get.', 'writer': 'Dale Carnegie'}"
7,sZaWrwSAC0YhuHOq,1745033392231,200,Success,"{'message': 'Success', 'quote': 'Success is not in what you have, but who you are.', 'writer': 'Bo Bennett'}"
7,sZaWrwSAC0YhuHOq,1745058110231,200,Success,"{'message': 'Success', 'quote': 'Live as if you were to die tomorrow. Learn as if you were to live forever.', 'writer': 'Mahatma Gandhi'}"
7,sZaWrwSAC0YhuHOq,1745036253231,200,Success,"{'message': 'Success', 'quote': 'Be yourself; everyone else is already taken.', 'writer': 'Oscar Wilde'}"
7,sZaWrwSAC0YhuHOq,1745065154231,200,Success,"{'message': 'Success', 'quote': 'The best way to predict the future is to create it.', 'writer': 'Peter Drucker'}"
7,sZaWrwSAC0YhuHOq,1745039109231,200,Success,"{'message': 'Success', 'quote': 'Do what you feel in your heart to be right—for you’ll be criticized anyway.', 'writer': 'Eleanor Roosevelt'}"
7,sZaWrwSAC0YhuHOq,1745067233231,200,Success,"{'message': 'Success', 'quote': 'The only limit to our realization of tomorrow is our doubts of today.', 'writer': 'Franklin D. Roosevelt'}"
7,sZaWrwSAC0YhuHOq,1745076056231,200,Success,"{'message': 'Success', 'quote': 'Small deeds done are better than great deeds planned.', 'writer': 'Peter Marshall'}"
7,sZaWrwSAC0YhuHOq,1745027321231,200,Success,"{'message': 'Success', 'quote': 'What lies behind us and what lies before us are tiny matters compared to what lies within us.', 'writer': 'Ralph Waldo Emerson'}"
7,sZaWrwSAC0YhuHOq,1745041049231,200,Success,"{'message': 'Success', 'quote': 'It is never too late to be what you might have been.', 'writer': 'George Eliot'}"
7,sZaWrwSAC0YhuHOq,1745077591231,200,Success,"{'message': 'Success', 'quote': ""Don't watch the clock; do what it does. Keep going."", 'writer': 'Sam Levenson'}"
8,sZaWrwSAC0YhuHOq,1745032929231,200,Success,"{'message': 'Success', 'quote': 'Do what you love and the money will follow.', 'writer': 'Marsha Sinetar'}"
8,sZaWrwSAC0YhuHOq,1745041808231,429,Access limit reached,"{'error': 'Access limit reached', 'retry_after': '5 hours 7 minutes'}"
8,sZaWrwSAC0YhuHOq,1745052181231,429,Access limit reached,"{'error': 'Access limit reached', 'retry_after': '5 hours 7 minutes'}"
8,sZaWrwSAC0YhuHOq,1745013680231,429,Access limit reached,"{'error': 'Access limit reached', 'retry_after': '5 hours 7 minutes'}"
8,sZaWrwSAC0YhuHOq,1745074748231,429,Access limit reached,"{'error': 'Access limit reached', 'retry_after': '5 hours 7 minutes'}"
8,sZaWrwSAC0YhuHOq,1745052861231,429,Access limit reached,"{'error': 'Access limit reached', 'retry_after': '5 hours 7 minutes'}"
8,sZaWrwSAC0YhuHOq,1745074955231,429,Access limit reached,"{'error': 'Access limit reached', 'retry_after': '5 hours 7 minutes'}"
8,sZaWrwSAC0YhuHOq,1745035037231,429,Access limit reached,"{'error': 'Access limit reached', 'retry_after': '5 hours 7 minutes'}"
8,sZaWrwSAC0YhuHOq,1745040685231,429,Access limit reached,"{'error': 'Access limit reached', 'retry_after': '5 hours 7 minutes'}"
8,sZaWrwSAC0YhuHOq,1745027550231,429,Access limit reached,"{'error': 'Access limit reached', 'retry_after': '5 hours 7 minutes'}"
8,sZaWrwSAC0YhuHOq,1745036316231,429,Access limit reached,"{'error': 'Access limit reached', 'retry_after': '5 hours 7 minutes'}"
8,sZaWrwSAC0YhuHOq,1745037026231,429,Access limit reached,"{'error': 'Access limit reached', 'retry_after': '5 hours 7 minutes'}"
8,sZaWrwSAC0YhuHOq,1745026726231,429,Access limit reached,"{'error': 'Access limit reached', 'retry_after': '5 hours 7 minutes'}"
8,sZaWrwSAC0YhuHOq,1745018072231,429,Access limit reached,"{'error': 'Access limit reached', 'retry_after': '5 hours 7 minutes'}"
8,sZaWrwSAC0YhuHOq,1745029359231,429,Access limit reached,"{'error': 'Access limit reached', 'retry_after': '5 hours 7 minutes'}"
8,sZaWrwSAC0YhuHOq,1745063413231,429,Access limit reached,"{'error': 'Access limit reached', 'retry_after': '5 hours 7 minutes'}"
8,sZaWrwSAC0YhuHOq,1745031011231,429,Access limit reached,"{'error': 'Access limit reached', 'retry_after': '5 hours 7 minutes'}"
8,sZaWrwSAC0YhuHOq,1745016426231,429,Access limit reached,"{'error': 'Access limit reached', 'retry_after': '5 hours 7 minutes'}"
8,sZaWrwSAC0YhuHOq,1745021147231,429,Access limit reached,"{'error': 'Access limit reached', 'retry_after': '5 hours 7 minutes'}"
8,sZaWrwSAC0YhuHOq,1745063313231,429,Access limit reached,"{'error': 'Access limit reached', 'retry_after': '5 hours 7 minutes'}"
8,sZaWrwSAC0YhuHOq,1745041522231,429,Access limit reached,"{'error': 'Access limit reached', 'retry_after': '5 hours 7 minutes'}"
8,sZaWrwSAC0YhuHOq,1745045956231,429,Access limit reached,"{'error': 'Access limit reached', 'retry_after': '5 hours 7 minutes'}"
8,sZaWrwSAC0YhuHOq,1745059543231,429,Access limit reached,"{'error': 'Access limit reached', 'retry_after': '5 hours 7 minutes'}"
8,sZaWrwSAC0YhuHOq,1745024654231,429,Access limit reached,"{'error': 'Access limit reached', 'retry_after': '5 hours 7 minutes'}"
8,sZaWrwSAC0YhuHOq,1745018449231,429,Access limit reached,"{'error': 'Access limit reached', 'retry_after': '5 hours 7 minutes'}"
8,sZaWrwSAC0YhuHOq,1745064202231,429,Access limit reached,"{'error': 'Access limit reached', 'retry_after': '5 hours 7 minutes'}"
8,sZaWrwSAC0YhuHOq,1745073098231,429,Access limit reached,"{'error': 'Access limit reached', 'retry_after': '5 hours 7 minutes'}"
8,sZaWrwSAC0YhuHOq,1745074596231,429,Access limit reached,"{'error': 'Access limit reached', 'retry_after': '5 hours 7 minutes'}"
8,sZaWrwSAC0YhuHOq,1745073266231,429,Access limit reached,"{'error': 'Access limit reached', 'retry_after': '5 hours 7 minutes'}"
8,sZaWrwSAC0YhuHOq,1745061818231,429,Access limit reached,"{'error': 'Access limit reached', 'retry_after': '5 hours 7 minutes'}"
8,sZaWrwSAC0YhuHOq,1745059285231,429,Access limit reached,"{'error': 'Access limit reached', 'retry_after': '5 hours 7 minutes'}"
8,sZaWrwSAC0YhuHOq,1745035791231,429,Access limit reached,"{'error': 'Access limit reached', 'retry_after': '5 hours 7 minutes'}"
8,sZaWrwSAC0YhuHOq,1745073332231,429,Access limit reached,"{'error': 'Access limit reached', 'retry_after': '5 hours 7 minutes'}"
8,sZaWrwSAC0YhuHOq,1745033956231,429,Access limit reached,"{'error': 'Access limit reached', 'retry_after': '5 hours 7 minutes'}"
8,sZaWrwSAC0YhuHOq,1745078311231,429,Access limit reached,"{'error': 'Access limit reached', 'retry_after': '5 hours 7 minutes'}"
8,sZaWrwSAC0YhuHOq,1745027063231,429,Access limit reached,"{'error': 'Access limit reached', 'retry_after': '5 hours 7 minutes'}"
8,sZaWrwSAC0YhuHOq,1745038249231,429,Access limit reached,"{'error': 'Access limit reached', 'retry_after': '5 hours 7 minutes'}"
8,sZaWrwSAC0YhuHOq,1745030051231,429,Access limit reached,"{'error': 'Access limit reached', 'retry_after': '5 hours 7 minutes'}"
8,sZaWrwSAC0YhuHOq,1745018653231,429,Access limit reached,"{'error': 'Access limit reached', 'retry_after': '5 hours 7 minutes'}"
8,sZaWrwSAC0YhuHOq,1745056690231,429,Access limit reached,"{'error': 'Access limit reached', 'retry_after': '5 hours 7 minutes'}"
8,sZaWrwSAC0YhuHOq,1745067008231,429,Access limit reached,"{'error': 'Access limit reached', 'retry_after': '5 hours 7 minutes'}"
8,sZaWrwSAC0YhuHOq,1745036516231,429,Access limit reached,"{'error': 'Access limit reached', 'retry_after': '5 hours 7 minutes'}"
8,sZaWrwSAC0YhuHOq,1745031338231,429,Access limit reached,"{'error': 'Access limit reached', 'retry_after': '5 hours 7 minutes'}"
8,sZaWrwSAC0YhuHOq,1745010746231,429,Access limit reached,"{'error': 'Access limit reached', 'retry_after': '5 hours 7 minutes'}"
8,sZaWrwSAC0YhuHOq,1745061332231,429,Access limit reached,"{'error': 'Access limit reached', 'retry_after': '5 hours 7 minutes'}"
9,och15Vm379Xa1g1Q,1745020694231,200,Success,"{'message': 'Success', 'quote': 'People who are crazy enough to think they can change the world, are the ones who do.', 'writer': 'Rob Siltanen'}"
9,och15Vm379Xa1g1Q,1745019466231,200,Success,"{'message': 'Success', 'quote': 'Success is getting what you want. Happiness is wanting what you get.', 'writer': 'Dale Carnegie'}"
9,och15Vm379Xa1g1Q,1745076802231,200,Success,"{'message': 'Success', 'quote': 'We become what we think about.', 'writer': 'Earl Nightingale'}"
9,och15Vm379Xa1g1Q,1745023497231,200,Success,"{'message': 'Success', 'quote': 'Don’t let yesterday take up too much of today.', 'writer': 'Will Rogers'}"
9,och15Vm379Xa1g1Q,1745040632231,200,Success,"{'message': 'Success', 'quote': 'Act as if what you do makes a difference. It does.', 'writer': 'William James'}"
9,och15Vm379Xa1g1Q,1745013097231,200,Success,"{'message': 'Success', 'quote': 'You must be the change you wish to see in the world.', 'writer': 'Mahatma Gandhi'}"
9,och15Vm379Xa1g1Q,1745074363231,200,Success,"{'message': 'Success', 'quote': 'Everything you’ve ever wanted is on the other side of fear.', 'writer': 'George Addair'}"
9,och15Vm379Xa1g1Q,1745072275231,200,Success,"{'message': 'Success', 'quote': 'It’s not whether you get knocked down, it’s whether you get up.', 'writer': 'Vince Lombardi'}"
9,och15Vm379Xa1g1Q,1745043536231,200,Success,"{'message': 'Success', 'quote': 'Success is getting what you want. Happiness is wanting what you get.', 'writer': 'Dale Carnegie'}"
9,och15Vm379Xa1g1Q,1745022382231,200,Success,"{'message': 'Success', 'quote': 'Success is getting what you want. Happiness is wanting what you get.', 'writer': 'Dale Carnegie'}"
9,och15Vm379Xa1g1Q,1745019885231,200,Success,"{'message': 'Success', 'quote': 'Live as if you were to die tomorrow. Learn as if you were to live forever.', 'writer': 'Mahatma Gandhi'}"
9,och15Vm379Xa1g1Q,1745064209231,200,Success,"{'message': 'Success', 'quote': 'When you reach the end of your rope, tie a knot in it and hang on.', 'writer': 'Franklin D. Roosevelt'}"
9,och15Vm379Xa1g1Q,1745020355231,200,Success,"{'message': 'Success', 'quote': 'When you reach the end of your rope, tie a knot in it and hang on.', 'writer': 'Franklin D. Roosevelt'}"
9,och15Vm379Xa1g1Q,1745076958231,200,Success,"{'message': 'Success', 'quote': 'Small deeds done are better than great deeds planned.', 'writer': 'Peter Marshall'}"
9,och15Vm379Xa1g1Q,1745040134231,200,Success,"{'message': 'Success', 'quote': 'The way to get started is to quit talking and begin doing.', 'writer': 'Walt Disney'}"
9,och15Vm379Xa1g1Q,1745020294231,200,Success,"{'message': 'Success', 'quote': 'Get busy living or get busy dying.', 'writer': 'Stephen King'}"
9,och15Vm379Xa1g1Q,1745062773231,200,Success,"{'message': 'Success', 'quote': ""Life is what happens when you're busy making other plans."", 'writer': 'John Lennon'}"
9,och15Vm379Xa1g1Q,1745048614231,200,Success,"{'message': 'Success', 'quote': 'Everything you can imagine is real.', 'writer': 'Pablo Picasso'}"
9,och15Vm379Xa1g1Q,1745047899231,200,Success,"{'message': 'Success', 'quote': 'To be yourself in a world that is constantly trying to make you something else is the greatest accomplishment.', 'writer': 'Ralph Waldo Emerson'}"
9,och15Vm379Xa1g1Q,1745045210231,200,Success,"{'message': 'Success', 'quote': 'Everything you can imagine is real.', 'writer': 'Pablo Picasso'}"
9,och15Vm379Xa1g1Q,1745077143231,200,Success,"{'message': 'Success', 'quote': 'You have within you right now, everything you need to deal with whatever the world can throw at you.', 'writer': 'Brian Tracy'}"
9,och15Vm379Xa1g1Q,1745066020231,200,Success,"{'message': 'Success', 'quote': 'Act as if what you do makes a difference. It does.', 'writer': 'William James'}"
9,och15Vm379Xa1g1Q,1745035119231,200,Success,"{'message': 'Success', 'quote': 'A journey of a thousand miles begins with a single step.', 'writer': 'Lao Tzu'}"
9,och15Vm379Xa1g1Q,1745041354231,200,Success,"{'message': 'Success', 'quote': 'To succeed in life, you need two things: ignorance and confidence.', 'writer': 'Mark Twain'}"
9,och15Vm379Xa1g1Q,1745029005231,200,Success,"{'message': 'Success', 'quote': 'Everything you’ve ever wanted is on the other side of fear.', 'writer': 'George Addair'}"
9,och15Vm379Xa1g1Q,1745008137231,200,Success,"{'message': 'Success', 'quote': 'What lies behind us and what lies before us are tiny matters compared to what lies within us.', 'writer': 'Ralph Waldo Emerson'}"
9,och15Vm379Xa1g1Q,1745055094231,200,Success,"{'message': 'Success', 'quote': 'To succeed in life, you need two things: ignorance and confidence.', 'writer': 'Mark Twain'}"
9,och15Vm379Xa1g1Q,1745018925231,200,Success,"{'message': 'Success', 'quote': 'To be yourself in a world that is constantly trying to make you something else is the greatest accomplishment.', 'writer': 'Ralph Waldo Emerson'}"
9,och15Vm379Xa1g1Q,1745009725231,200,Success,"{'message': 'Success', 'quote': 'Do not go where the path may lead, go instead where there is no path and leave a trail.', 'writer': 'Ralph Waldo Emerson'}"
9,och15Vm379Xa1g1Q,1745045283231,200,Success,"{'message': 'Success', 'quote': ""If everything seems under control, you're not going fast enough."", 'writer': 'Mario Andretti'}"
9,och15Vm379Xa1g1Q,1745010202231,429,Access limit reached,"{'error': 'Access limit reached', 'retry_after': '5 hours 2 minutes'}"
9,och15Vm379Xa1g1Q,1745010621231,429,Access limit reached,"{'error': 'Access limit reached', 'retry_after': '5 hours 2 minutes'}"
10,z0JDHDmlF0xC3xmv,1745034151231,429,Access limit reached,"{'error': 'Access limit reached', 'retry_after': '6 hours 24 minutes'}"
10,z0JDHDmlF0xC3xmv,1745054148231,429,Access limit reached,"{'error': 'Access limit reached', 'retry_after': '6 hours 24 minutes'}"
10,z0JDHDmlF0xC3xmv,1745064977231,429,Access limit reached,"{'error': 'Access limit reached', 'retry_after': '6 hours 24 minutes'}"
10,z0JDHDmlF0xC3xmv,1745061541231,429,Access limit reached,"{'error': 'Access limit reached', 'retry_after': '6 hours 24 minutes'}"
10,z0JDHDmlF0xC3xmv,1745045787231,429,Access limit reached,"{'error': 'Access limit reached', 'retry_after': '6 hours 24 minutes'}"
10,z0JDHDmlF0xC3xmv,1745022266231,429,Access limit reached,"{'error': 'Access limit reached', 'retry_after': '6 hours 24 minutes'}"
10,z0JDHDmlF0xC3xmv,1745037321231,429,Access limit reached,"{'error': 'Access limit reached', 'retry_after': '6 hours 24 minutes'}"
10,z0JDHDmlF0xC3xmv,1745036591231,429,Access limit reached,"{'error': 'Access limit reached', 'retry_after': '6 hours 24 minutes'}"
10,z0JDHDmlF0xC3xmv,1745017325231,429,Access limit reached,"{'error': 'Access limit reached', 'retry_after': '6 hours 24 minutes'}"
10,z0JDHDmlF0xC3xmv,1745011472231,429,Access limit reached,"{'error': 'Access limit reached', 'retry_after': '6 hours 24 minutes'}"
10,z0JDHDmlF0xC3xmv,1745037739231,429,Access limit reached,"{'error': 'Access limit reached', 'retry_after': '6 hours 24 minutes'}"
10,z0JDHDmlF0xC3xmv,1745010082231,429,Access limit reached,"{'error': 'Access limit reached', 'retry_after': '6 hours 24 minutes'}"
10,z0JDHDmlF0xC3xmv,1745019463231,429,Access limit reached,"{'error': 'Access limit reached', 'retry_after': '6 hours 24 minutes'}"
10,z0JDHDmlF0xC3xmv,1745036793231,429,Access limit reached,"{'error': 'Access limit reached', 'retry_after': '6 hours 24 minutes'}"
10,z0JDHDmlF0xC3xmv,1745078988231,429,Access limit reached,"{'error': 'Access limit reached', 'retry_after': '6 hours 24 minutes'}"
10,z0JDHDmlF0xC3xmv,1745045709231,429,Access limit reached,"{'error': 'Access limit reached', 'retry_after': '6 hours 24 minutes'}"
10,z0JDHDmlF0xC3xmv,1745019185231,429,Access limit reached,"{'error': 'Access limit reached', 'retry_after': '6 hours 24 minutes'}"
10,z0JDHDmlF0xC3xmv,1745038490231,429,Access limit reached,"{'error': 'Access limit reached', 'retry_after': '6 hours 24 minutes'}"
10,z0JDHDmlF0xC3xmv,1745060796231,429,Access limit reached,"{'error': 'Access limit reached', 'retry_after': '6 hours 24 minutes'}"
10,z0JDHDmlF0xC3xmv,1745033095231,429,Access limit reached,"{'error': 'Access limit reached', 'retry_after': '6 hours 24 minutes'}"
10,z0JDHDmlF0xC3xmv,1745038738231,429,Access limit reached,"{'error': 'Access limit reached', 'retry_after': '6 hours 24 minutes'}"
10,z0JDHDmlF0xC3xmv,1745010908231,429,Access limit reached,"{'error': 'Access limit reached', 'retry_after': '6 hours 24 minutes'}"
10,z0JDHDmlF0xC3xmv,1745073059231,429,Access limit reached,"{'error': 'Access limit reached', 'retry_after': '6 hours 24 minutes'}"
10,z0JDHDmlF0xC3xmv,1745071728231,429,Access limit reached,"{'error': 'Access limit reached', 'retry_after': '6 hours 24 minutes'}"
10,z0JDHDmlF0xC3xmv,1745027304231,429,Access limit reached,"{'error': 'Access limit reached', 'retry_after': '6 hours 24 minutes'}"
10,z0JDHDmlF0xC3xmv,1745029598231,429,Access limit reached,"{'error': 'Access limit reached', 'retry_after': '6 hours 24 minutes'}"
10,z0JDHDmlF0xC3xmv,1745068854231,429,Access limit reached,"{'error': 'Access limit reached', 'retry_after': '6 hours 24 minutes'}"
10,z0JDHDmlF0xC3xmv,1745052142231,429,Access limit reached,"{'error': 'Access limit reached', 'retry_after': '6 hours 24 minutes'}"
10,z0JDHDmlF0xC3xmv,1745048687231,429,Access limit reached,"{'error': 'Access limit reached', 'retry_after': '6 hours 24 minutes'}"
10,z0JDHDmlF0xC3xmv,1745072311231,429,Access limit reached,"{'error': 'Access limit reached', 'retry_after': '6 hours 24 minutes'}"
11,och15Vm379Xa1g1Q,1745068208231,429,Access limit reached,"{'error': 'Access limit reached', 'retry_after': '5 hours 2 minutes'}"
11,och15Vm379Xa1g1Q,1745044079231,429,Access limit reached,"{'error': 'Access limit reached', 'retry_after': '5 hours 2 minutes'}"
11,och15Vm379Xa1g1Q,1745059018231,429,Access limit reached,"{'error': 'Access limit reached', 'retry_after': '5 hours 2 minutes'}"
11,och15Vm379Xa1g1Q,1745075595231,429,Access limit reached,"{'error': 'Access limit reached', 'retry_after': '5 hours 2 minutes'}"
11,och15Vm379Xa1g1Q,1745019820231,429,Access limit reached,"{'error': 'Access limit reached', 'retry_after': '5 hours 2 minutes'}"
11,och15Vm379Xa1g1Q,1745060808231,429,Access limit reached,"{'error': 'Access limit reached', 'retry_after': '5 hours 2 minutes'}"
11,och15Vm379Xa1g1Q,1745047468231,429,Access limit reached,"{'error': 'Access limit reached', 'retry_after': '5 hours 2 minutes'}"
11,och15Vm379Xa1g1Q,1745047157231,429,Access limit reached,"{'error': 'Access limit reached', 'retry_after': '5 hours 2 minutes'}"
11,och15Vm379Xa1g1Q,1745045348231,429,Access limit reached,"{'error': 'Access limit reached', 'retry_after': '5 hours 2 minutes'}"
11,och15Vm379Xa1g1Q,1745079071231,429,Access limit reached,"{'error': 'Access limit reached', 'retry_after': '5 hours 2 minutes'}"
11,och15Vm379Xa1g1Q,1745074888231,429,Access limit reached,"{'error': 'Access limit reached', 'retry_after': '5 hours 2 minutes'}"
11,och15Vm379Xa1g1Q,1745034606231,429,Access limit reached,"{'error': 'Access limit reached', 'retry_after': '5 hours 2 minutes'}"
11,och15Vm379Xa1g1Q,1745038998231,429,Access limit reached,"{'error': 'Access limit reached', 'retry_after': '5 hours 2 minutes'}"
11,och15Vm379Xa1g1Q,1745068912231,429,Access limit reached,"{'error': 'Access limit reached', 'retry_after': '5 hours 2 minutes'}"
11,och15Vm379Xa1g1Q,1745032347231,429,Access limit reached,"{'error': 'Access limit reached', 'retry_after': '5 hours 2 minutes'}"
11,och15Vm379Xa1g1Q,1745057367231,429,Access limit reached,"{'error': 'Access limit reached', 'retry_after': '5 hours 2 minutes'}"
11,och15Vm379Xa1g1Q,1745078499231,429,Access limit reached,"{'error': 'Access limit reached', 'retry_after': '5 hours 2 minutes'}"
11,och15Vm379Xa1g1Q,1745073435231,429,Access limit reached,"{'error': 'Access limit reached', 'retry_after': '5 hours 2 minutes'}"
11,och15Vm379Xa1g1Q,1745022297231,429,Access limit reached,"{'error': 'Access limit reached', 'retry_after': '5 hours 2 minutes'}"
11,och15Vm379Xa1g1Q,1745053129231,429,Access limit reached,"{'error': 'Access limit reached', 'retry_after': '5 hours 2 minutes'}"
11,och15Vm379Xa1g1Q,1745027397231,429,Access limit reached,"{'error': 'Access limit reached', 'retry_after': '5 hours 2 minutes'}"
11,och15Vm379Xa1g1Q,1745020072231,429,Access limit reached,"{'error': 'Access limit reached', 'retry_after': '5 hours 2 minutes'}"
11,och15Vm379Xa1g1Q,1745069504231,429,Access limit reached,"{'error': 'Access limit reached', 'retry_after': '5 hours 2 minutes'}"
11,och15Vm379Xa1g1Q,1745042412231,429,Access limit reached,"{'error': 'Access limit reached', 'retry_after': '5 hours 2 minutes'}"
11,och15Vm379Xa1g1Q,1745059473231,429,Access limit reached,"{'error': 'Access limit reached', 'retry_after': '5 hours 2 minutes'}"
11,och15Vm379Xa1g1Q,1745077542231,429,Access limit reached,"{'error': 'Access limit reached', 'retry_after': '5 hours 2 minutes'}"
11,och15Vm379Xa1g1Q,1745010996231,429,Access limit reached,"{'error': 'Access limit reached', 'retry_after': '5 hours 2 minutes'}"
11,och15Vm379Xa1g1Q,1745013118231,429,Access limit reached,"{'error': 'Access limit reached', 'retry_after': '5 hours 2 minutes'}"
11,och15Vm379Xa1g1Q,1745016644231,429,Access limit reached,"{'error': 'Access limit reached', 'retry_after': '5 hours 2 minutes'}"
11,och15Vm379Xa1g1Q,1745012232231,429,Access limit reached,"{'error': 'Access limit reached', 'retry_after': '5 hours 2 minutes'}"
11,och15Vm379Xa1g1Q,1745031401231,429,Access limit reached,"{'error': 'Access limit reached', 'retry_after': '5 hours 2 minutes'}"
11,och15Vm379Xa1g1Q,1745013205231,429,Access limit reached,"{'error': 'Access limit reached', 'retry_after': '5 hours 2 minutes'}"
11,och15Vm379Xa1g1Q,1745034494231,429,Access limit reached,"{'error': 'Access limit reached', 'retry_after': '5 hours 2 minutes'}"
11,och15Vm379Xa1g1Q,1745076367231,429,Access limit reached,"{'error': 'Access limit reached', 'retry_after': '5 hours 2 minutes'}"
11,och15Vm379Xa1g1Q,1745032913231,429,Access limit reached,"{'error': 'Access limit reached', 'retry_after': '5 hours 2 minutes'}"
11,och15Vm379Xa1g1Q,1745016293231,429,Access limit reached,"{'error': 'Access limit reached', 'retry_after': '5 hours 2 minutes'}"
11,och15Vm379Xa1g1Q,1745020589231,429,Access limit reached,"{'error': 'Access limit reached', 'retry_after': '5 hours 2 minutes'}"
11,och15Vm379Xa1g1Q,1745011962231,429,Access limit reached,"{'error': 'Access limit reached', 'retry_after': '5 hours 2 minutes'}"
11,och15Vm379Xa1g1Q,1745019326231,429,Access limit reached,"{'error': 'Access limit reached', 'retry_after': '5 hours 2 minutes'}"
11,och15Vm379Xa1g1Q,1745030302231,429,Access limit reached,"{'error': 'Access limit reached', 'retry_after': '5 hours 2 minutes'}"
11,och15Vm379Xa1g1Q,1745051755231,429,Access limit reached,"{'error': 'Access limit reached', 'retry_after': '5 hours 2 minutes'}"
11,och15Vm379Xa1g1Q,1745039505231,429,Access limit reached,"{'error': 'Access limit reached', 'retry_after': '5 hours 2 minutes'}"
11,och15Vm379Xa1g1Q,1745009626231,429,Access limit reached,"{'error': 'Access limit reached', 'retry_after': '5 hours 2 minutes'}"
11,och15Vm379Xa1g1Q,1745037557231,429,Access limit reached,"{'error': 'Access limit reached', 'retry_after': '5 hours 2 minutes'}"
11,och15Vm379Xa1g1Q,1745026616231,429,Access limit reached,"{'error': 'Access limit reached', 'retry_after': '5 hours 2 minutes'}"
12,U3gq6cIPD3Hy2aYQ,1745074977231,429,Access limit reached,"{'error': 'Access limit reached', 'retry_after': '6 hours 13 minutes'}"
12,U3gq6cIPD3Hy2aYQ,1745021924231,429,Access limit reached,"{'error': 'Access limit reached', 'retry_after': '6 hours 13 minutes'}"
12,U3gq6cIPD3Hy2aYQ,1745025434231,429,Access limit reached,"{'error': 'Access limit reached', 'retry_after': '6 hours 13 minutes'}"
12,U3gq6cIPD3Hy2aYQ,1745038235231,429,Access limit reached,"{'error': 'Access limit reached', 'retry_after': '6 hours 13 minutes'}"
12,U3gq6cIPD3Hy2aYQ,1745070118231,429,Access limit reached,"{'error': 'Access limit reached', 'retry_after': '6 hours 13 minutes'}"
12,U3gq6cIPD3Hy2aYQ,1745065705231,429,Access limit reached,"{'error': 'Access limit reached', 'retry_after': '6 hours 13 minutes'}"
12,U3gq6cIPD3Hy2aYQ,1745072434231,429,Access limit reached,"{'error': 'Access limit reached', 'retry_after': '6 hours 13 minutes'}"
12,U3gq6cIPD3Hy2aYQ,1745060453231,429,Access limit reached,"{'error': 'Access limit reached', 'retry_after': '6 hours 13 minutes'}"
12,U3gq6cIPD3Hy2aYQ,1745029852231,429,Access limit reached,"{'error': 'Access limit reached', 'retry_after': '6 hours 13 minutes'}"
12,U3gq6cIPD3Hy2aYQ,1745036863231,429,Access limit reached,"{'error': 'Access limit reached', 'retry_after': '6 hours 13 minutes'}"
12,U3gq6cIPD3Hy2aYQ,1745018361231,429,Access limit reached,"{'error': 'Access limit reached', 'retry_after': '6 hours 13 minutes'}"
12,U3gq6cIPD3Hy2aYQ,1745064674231,429,Access limit reached,"{'error': 'Access limit reached', 'retry_after': '6 hours 13 minutes'}"
12,U3gq6cIPD3Hy2aYQ,1745052106231,429,Access limit reached,"{'error': 'Access limit reached', 'retry_after': '6 hours 13 minutes'}"
12,U3gq6cIPD3Hy2aYQ,1745057246231,429,Access limit reached,"{'error': 'Access limit reached', 'retry_after': '6 hours 13 minutes'}"
12,U3gq6cIPD3Hy2aYQ,1745022400231,429,Access limit reached,"{'error': 'Access limit reached', 'retry_after': '6 hours 13 minutes'}"
12,U3gq6cIPD3Hy2aYQ,1745062835231,429,Access limit reached,"{'error': 'Access limit reached', 'retry_after': '6 hours 13 minutes'}"
12,U3gq6cIPD3Hy2aYQ,1745064033231,429,Access limit reached,"{'error': 'Access limit reached', 'retry_after': '6 hours 13 minutes'}"
12,U3gq6cIPD3Hy2aYQ,1745031568231,429,Access limit reached,"{'error': 'Access limit reached', 'retry_after': '6 hours 13 minutes'}"
12,U3gq6cIPD3Hy2aYQ,1745044236231,429,Access limit reached,"{'error': 'Access limit reached', 'retry_after': '6 hours 13 minutes'}"
12,U3gq6cIPD3Hy2aYQ,1745054904231,429,Access limit reached,"{'error': 'Access limit reached', 'retry_after': '6 hours 13 minutes'}"
12,U3gq6cIPD3Hy2aYQ,1745030993231,429,Access limit reached,"{'error': 'Access limit reached', 'retry_after': '6 hours 13 minutes'}"
12,U3gq6cIPD3Hy2aYQ,1745034389231,429,Access limit reached,"{'error': 'Access limit reached', 'retry_after': '6 hours 13 minutes'}"
12,U3gq6cIPD3Hy2aYQ,1745044108231,429,Access limit reached,"{'error': 'Access limit reached', 'retry_after': '6 hours 13 minutes'}"
12,U3gq6cIPD3Hy2aYQ,1745049120231,429,Access limit reached,"{'error': 'Access limit reached', 'retry_after': '6 hours 13 minutes'}"
12,U3gq6cIPD3Hy2aYQ,1745037655231,429,Access limit reached,"{'error': 'Access limit reached', 'retry_after': '6 hours 13 minutes'}"
12,U3gq6cIPD3Hy2aYQ,1745048810231,429,Access limit reached,"{'error': 'Access limit reached', 'retry_after': '6 hours 13 minutes'}"
12,U3gq6cIPD3Hy2aYQ,1745065213231,429,Access limit reached,"{'error': 'Access limit reached', 'retry_after': '6 hours 13 minutes'}"
12,U3gq6cIPD3Hy2aYQ,1745029610231,429,Access limit reached,"{'error': 'Access limit reached', 'retry_after': '6 hours 13 minutes'}"
12,U3gq6cIPD3Hy2aYQ,1745033874231,429,Access limit reached,"{'error': 'Access limit reached', 'retry_after': '6 hours 13 minutes'}"
12,U3gq6cIPD3Hy2aYQ,1745030507231,429,Access limit reached,"{'error': 'Access limit reached', 'retry_after': '6 hours 13 minutes'}"
12,U3gq6cIPD3Hy2aYQ,1745066042231,429,Access limit reached,"{'error': 'Access limit reached', 'retry_after': '6 hours 13 minutes'}"
12,U3gq6cIPD3Hy2aYQ,1745051676231,429,Access limit reached,"{'error': 'Access limit reached', 'retry_after': '6 hours 13 minutes'}"
12,U3gq6cIPD3Hy2aYQ,1745014444231,429,Access limit reached,"{'error': 'Access limit reached', 'retry_after': '6 hours 13 minutes'}"
13,IzFNSTGy3eHVyDTQ,1745041810231,200,Success,"{'message': 'Success', 'quote': 'What lies behind us and what lies before us are tiny matters compared to what lies within us.', 'writer': 'Ralph Waldo Emerson'}"
13,IzFNSTGy3eHVyDTQ,1745019101231,200,Success,"{'message': 'Success', 'quote': 'Be yourself; everyone else is already taken.', 'writer': 'Oscar Wilde'}"
13,IzFNSTGy3eHVyDTQ,1745076770231,200,Success,"{'message': 'Success', 'quote': 'Don’t let yesterday take up too much of today.', 'writer': 'Will Rogers'}"
13,IzFNSTGy3eHVyDTQ,1745019812231,200,Success,"{'message': 'Success', 'quote': 'Happiness depends upon ourselves.', 'writer': 'Aristotle'}"
13,IzFNSTGy3eHVyDTQ,1745007563231,200,Success,"{'message': 'Success', 'quote': 'Success is not how high you have climbed, but how you make a positive difference to the world.', 'writer': 'Roy T. Bennett'}"
13,IzFNSTGy3eHVyDTQ,1745028606231,200,Success,"{'message': 'Success', 'quote': 'Hardships often prepare ordinary people for an extraordinary destiny.', 'writer': 'C.S. Lewis'}"
13,IzFNSTGy3eHVyDTQ,1745030086231,200,Success,"{'message': 'Success', 'quote': 'It does not matter how slowly you go as long as you do not stop.', 'writer': 'Confucius'}"
13,IzFNSTGy3eHVyDTQ,1745045286231,200,Success,"{'message': 'Success', 'quote': 'Do what you love and the money will follow.', 'writer': 'Marsha Sinetar'}"
13,IzFNSTGy3eHVyDTQ,1745045406231,200,Success,"{'message': 'Success', 'quote': 'Success is not how high you have climbed, but how you make a positive difference to the world.', 'writer': 'Roy T. Bennett'}"
13,IzFNSTGy3eHVyDTQ,1745044415231,200,Success,"{'message': 'Success', 'quote': 'We become what we think about.', 'writer': 'Earl Nightingale'}"
13,IzFNSTGy3eHVyDTQ,1745071858231,200,Success,"{'message': 'Success', 'quote': 'If you really look closely, most overnight successes took a long time.', 'writer': 'Steve Jobs'}"
13,IzFNSTGy3eHVyDTQ,1745026688231,200,Success,"{'message': 'Success', 'quote': 'It is never too late to be what you might have been.', 'writer': 'George Eliot'}"
13,IzFNSTGy3eHVyDTQ,1745068382231,200,Success,"{'message': 'Success', 'quote': 'I attribute my success to this: I never gave or took any excuse.', 'writer': 'Florence Nightingale'}"
13,IzFNSTGy3eHVyDTQ,1745017061231,200,Success,"{'message': 'Success', 'quote': 'The purpose of our lives is to be happy.', 'writer': 'Dalai Lama'}"
13,IzFNSTGy3eHVyDTQ,1745038437231,200,Success,"{'message': 'Success', 'quote': 'Act as if what you do makes a difference. It does.', 'writer': 'William James'}"
13,IzFNSTGy3eHVyDTQ,1745069189231,200,Success,"{'message': 'Success', 'quote': 'Nothing is impossible, the word itself says ‘I’m possible’!', 'writer': 'Audrey Hepburn'}"
13,IzFNSTGy3eHVyDTQ,1745045081231,200,Success,"{'message': 'Success', 'quote': 'Keep your face always toward the sunshine—and shadows will fall behind you.', 'writer': 'Walt Whitman'}"
13,IzFNSTGy3eHVyDTQ,1745046793231,200,Success,"{'message': 'Success', 'quote': 'Don’t count the days, make the days count.', 'writer': 'Muhammad Ali'}"
13,IzFNSTGy3eHVyDTQ,1745060241231,200,Success,"{'message': 'Success', 'quote': 'If you really look closely, most overnight successes took a long time.', 'writer': 'Steve Jobs'}"
13,IzFNSTGy3eHVyDTQ,1745020071231,200,Success,"{'message': 'Success', 'quote': 'Quality means doing it right when no one is looking.', 'writer': 'Henry Ford'}"
13,IzFNSTGy3eHVyDTQ,1745008559231,200,Success,"{'message': 'Success', 'quote': 'Turn your wounds into wisdom.', 'writer': 'Oprah Winfrey'}"
13,IzFNSTGy3eHVyDTQ,1745031368231,200,Success,"{'message': 'Success', 'quote': 'If you really look closely, most overnight successes took a long time.', 'writer': 'Steve Jobs'}"
13,IzFNSTGy3eHVyDTQ,1745013456231,200,Success,"{'message': 'Success', 'quote': 'To be yourself in a world that is constantly trying to make you something else is the greatest accomplishment.', 'writer': 'Ralph Waldo Emerson'}"
13,IzFNSTGy3eHVyDTQ,1745062951231,200,Success,"{'message': 'Success', 'quote': 'Success is not how high you have climbed, but how you make a positive difference to the world.', 'writer': 'Roy T. Bennett'}"
13,IzFNSTGy3eHVyDTQ,1745023748231,200,Success,"{'message': 'Success', 'quote': 'It’s not whether you get knocked down, it’s whether you get up.', 'writer': 'Vince Lombardi'}"
13,IzFNSTGy3eHVyDTQ,1745049586231,200,Success,"{'message': 'Success', 'quote': 'Keep your face always toward the sunshine—and shadows will fall behind you.', 'writer': 'Walt Whitman'}"
13,IzFNSTGy3eHVyDTQ,1745061510231,200,Success,"{'message': 'Success', 'quote': 'It’s not whether you get knocked down, it’s whether you get up.', 'writer': 'Vince Lombardi'}"
13,IzFNSTGy3eHVyDTQ,1745076035231,200,Success,"{'message': 'Success', 'quote': 'Dream big and dare to fail.', 'writer': 'Norman Vaughan'}"
13,IzFNSTGy3eHVyDTQ,1745058839231,200,Success,"{'message': 'Success', 'quote': 'Success is not final, failure is not fatal: It is the courage to continue that counts.', 'writer': 'Winston Churchill'}"
13,IzFNSTGy3eHVyDTQ,1745030964231,200,Success,"{'message': 'Success', 'quote': 'The only limit to our realization of tomorrow is our doubts of today.', 'writer': 'Franklin D. Roosevelt'}"
13,IzFNSTGy3eHVyDTQ,1745034132231,429,Access limit reached,"{'error': 'Access limit reached', 'retry_after': '4 hours 52 minutes'}"
13,IzFNSTGy3eHVyDTQ,1745015992231,429,Access limit reached,"{'error': 'Access limit reached', 'retry_after': '4 hours 52 minutes'}"
13,IzFNSTGy3eHVyDTQ,1745025273231,429,Access limit reached,"{'error': 'Access limit reached', 'retry_after': '4 hours 52 minutes'}"
13,IzFNSTGy3eHVyDTQ,1745051875231,429,Access limit reached,"{'error': 'Access limit reached', 'retry_after': '4 hours 52 minutes'}"
14,IzFNSTGy3eHVyDTQ,1745050662231,429,Access limit reached,"{'error': 'Access limit reached', 'retry_after': '4 hours 52 minutes'}"
14,IzFNSTGy3eHVyDTQ,1745008092231,429,Access limit reached,"{'error': 'Access limit reached', 'retry_after': '4 hours 52 minutes'}"
14,IzFNSTGy3eHVyDTQ,1745020676231,429,Access limit reached,"{'error': 'Access limit reached', 'retry_after': '4 hours 52 minutes'}"
14,IzFNSTGy3eHVyDTQ,1745010067231,429,Access limit reached,"{'error': 'Access limit reached', 'retry_after': '4 hours 52 minutes'}"
14,IzFNSTGy3eHVyDTQ,1745069378231,429,Access limit reached,"{'error': 'Access limit reached', 'retry_after': '4 hours 52 minutes'}"
14,IzFNSTGy3eHVyDTQ,1745032049231,429,Access limit reached,"{'error': 'Access limit reached', 'retry_after': '4 hours 52 minutes'}"
14,IzFNSTGy3eHVyDTQ,1745046518231,429,Access limit reached,"{'error': 'Access limit reached', 'retry_after': '4 hours 52 minutes'}"
14,IzFNSTGy3eHVyDTQ,1745048107231,429,Access limit reached,"{'error': 'Access limit reached', 'retry_after': '4 hours 52 minutes'}"
14,IzFNSTGy3eHVyDTQ,1745077187231,429,Access limit reached,"{'error': 'Access limit reached', 'retry_after': '4 hours 52 minutes'}"
14,IzFNSTGy3eHVyDTQ,1745016987231,429,Access limit reached,"{'error': 'Access limit reached', 'retry_after': '4 hours 52 minutes'}"
14,IzFNSTGy3eHVyDTQ,1745025398231,429,Access limit reached,"{'error': 'Access limit reached', 'retry_after': '4 hours 52 minutes'}"
14,IzFNSTGy3eHVyDTQ,1745066621231,429,Access limit reached,"{'error': 'Access limit reached', 'retry_after': '4 hours 52 minutes'}"
14,IzFNSTGy3eHVyDTQ,1745011449231,429,Access limit reached,"{'error': 'Access limit reached', 'retry_after': '4 hours 52 minutes'}"
14,IzFNSTGy3eHVyDTQ,1745058505231,429,Access limit reached,"{'error': 'Access limit reached', 'retry_after': '4 hours 52 minutes'}"
14,IzFNSTGy3eHVyDTQ,1745074731231,429,Access limit reached,"{'error': 'Access limit reached', 'retry_after': '4 hours 52 minutes'}"
14,IzFNSTGy3eHVyDTQ,1745044421231,429,Access limit reached,"{'error': 'Access limit reached', 'retry_after': '4 hours 52 minutes'}"
14,IzFNSTGy3eHVyDTQ,1745039736231,429,Access limit reached,"{'error': 'Access limit reached', 'retry_after': '4 hours 52 minutes'}"
14,IzFNSTGy3eHVyDTQ,1745060032231,429,Access limit reached,"{'error': 'Access limit reached', 'retry_after': '4 hours 52 minutes'}"
14,IzFNSTGy3eHVyDTQ,1745050322231,429,Access limit reached,"{'error': 'Access limit reached', 'retry_after': '4 hours 52 minutes'}"
14,IzFNSTGy3eHVyDTQ,1745071293231,429,Access limit reached,"{'error': 'Access limit reached', 'retry_after': '4 hours 52 minutes'}"
14,IzFNSTGy3eHVyDTQ,1745038803231,429,Access limit reached,"{'error': 'Access limit reached', 'retry_after': '4 hours 52 minutes'}"
14,IzFNSTGy3eHVyDTQ,1745049289231,429,Access limit reached,"{'error': 'Access limit reached', 'retry_after': '4 hours 52 minutes'}"
14,IzFNSTGy3eHVyDTQ,1745061813231,429,Access limit reached,"{'error': 'Access limit reached', 'retry_after': '4 hours 52 minutes'}"
14,IzFNSTGy3eHVyDTQ,1745050797231,429,Access limit reached,"{'error': 'Access limit reached', 'retry_after': '4 hours 52 minutes'}"
14,IzFNSTGy3eHVyDTQ,1745046935231,429,Access limit reached,"{'error': 'Access limit reached', 'retry_after': '4 hours 52 minutes'}"
14,IzFNSTGy3eHVyDTQ,1745054277231,429,Access limit reached,"{'error': 'Access limit reached', 'retry_after': '4 hours 52 minutes'}"
14,IzFNSTGy3eHVyDTQ,1745077180231,429,Access limit reached,"{'error': 'Access limit reached', 'retry_after': '4 hours 52 minutes'}"
14,IzFNSTGy3eHVyDTQ,1745060654231,429,Access limit reached,"{'error': 'Access limit reached', 'retry_after': '4 hours 52 minutes'}"
14,IzFNSTGy3eHVyDTQ,1745021871231,429,Access limit reached,"{'error': 'Access limit reached', 'retry_after': '4 hours 52 minutes'}"
14,IzFNSTGy3eHVyDTQ,1745046039231,429,Access limit reached,"{'error': 'Access limit reached', 'retry_after': '4 hours 52 minutes'}"
14,IzFNSTGy3eHVyDTQ,1745022282231,429,Access limit reached,"{'error': 'Access limit reached', 'retry_after': '4 hours 52 minutes'}"
14,IzFNSTGy3eHVyDTQ,1745008830231,429,Access limit reached,"{'error': 'Access limit reached', 'retry_after': '4 hours 52 minutes'}"
14,IzFNSTGy3eHVyDTQ,1745053110231,429,Access limit reached,"{'error': 'Access limit reached', 'retry_after': '4 hours 52 minutes'}"
14,IzFNSTGy3eHVyDTQ,1745079057231,429,Access limit reached,"{'error': 'Access limit reached', 'retry_after': '4 hours 52 minutes'}"
14,IzFNSTGy3eHVyDTQ,1745026690231,429,Access limit reached,"{'error': 'Access limit reached', 'retry_after': '4 hours 52 minutes'}"
14,IzFNSTGy3eHVyDTQ,1745052136231,429,Access limit reached,"{'error': 'Access limit reached', 'retry_after': '4 hours 52 minutes'}"
14,IzFNSTGy3eHVyDTQ,1745027759231,429,Access limit reached,"{'error': 'Access limit reached', 'retry_after': '4 hours 52 minutes'}"
14,IzFNSTGy3eHVyDTQ,1745034117231,429,Access limit reached,"{'error': 'Access limit reached', 'retry_after': '4 hours 52 minutes'}"
14,IzFNSTGy3eHVyDTQ,1745036050231,429,Access limit reached,"{'error': 'Access limit reached', 'retry_after': '4 hours 52 minutes'}"
14,IzFNSTGy3eHVyDTQ,1745010248231,429,Access limit reached,"{'error': 'Access limit reached', 'retry_after': '4 hours 52 minutes'}"
14,IzFNSTGy3eHVyDTQ,1745019451231,429,Access limit reached,"{'error': 'Access limit reached', 'retry_after': '4 hours 52 minutes'}"
14,IzFNSTGy3eHVyDTQ,1745023369231,429,Access limit reached,"{'error': 'Access limit reached', 'retry_after': '4 hours 52 minutes'}"
14,IzFNSTGy3eHVyDTQ,1745018329231,429,Access limit reached,"{'error': 'Access limit reached', 'retry_after': '4 hours 52 minutes'}"
15,4YHYRv9IiZ7e2gos,1745063654231,200,Success,"{'message': 'Success', 'quote': 'Success is not final, failure is not fatal: It is the courage to continue that counts.', 'writer': 'Winston Churchill'}"
15,4YHYRv9IiZ7e2gos,1745007401231,200,Success,"{'message': 'Success', 'quote': 'It’s not whether you get knocked down, it’s whether you get up.', 'writer': 'Vince Lombardi'}"
15,4YHYRv9IiZ7e2gos,1745043123231,200,Success,"{'message': 'Success', 'quote': 'Do what you feel in your heart to be right – for you’ll be criticized anyway.', 'writer': 'Eleanor Roosevelt'}"
15,4YHYRv9IiZ7e2gos,1745034505231,200,Success,"{'message': 'Success', 'quote': 'You must be the change you wish to see in the world.', 'writer': 'Mahatma Gandhi'}"
15,4YHYRv9IiZ7e2gos,1745078083231,200,Success,"{'message': 'Success', 'quote': 'I never dreamed about success. I worked for it.', 'writer': 'Estee Lauder'}"
15,4YHYRv9IiZ7e2gos,1745039480231,200,Success,"{'message': 'Success', 'quote': 'A person who never made a mistake never tried anything new.', 'writer': 'Albert Einstein'}"
15,4YHYRv9IiZ7e2gos,1745021863231,200,Success,"{'message': 'Success', 'quote': ""Don't watch the clock; do what it does. Keep going."", 'writer': 'Sam Levenson'}"
15,4YHYRv9IiZ7e2gos,1745019680231,200,Success,"{'message': 'Success', 'quote': 'Turn your wounds into wisdom.', 'writer': 'Oprah Winfrey'}"
15,4YHYRv9IiZ7e2gos,1745051041231,200,Success,"{'message': 'Success', 'quote': ""If everything seems under control, you're not going fast enough."", 'writer': 'Mario Andretti'}"
15,4YHYRv9IiZ7e2gos,1745034640231,200,Success,"{'message': 'Success', 'quote': 'I attribute my success to this: I never gave or took any excuse.', 'writer': 'Florence Nightingale'}"
15,4YHYRv9IiZ7e2gos,1745024117231,200,Success,"{'message': 'Success', 'quote': 'Do what you feel in your heart to be right—for you’ll be criticized anyway.', 'writer': 'Eleanor Roosevelt'}"
15,4YHYRv9IiZ7e2gos,1745050343231,200,Success,"{'message': 'Success', 'quote': 'Hardships often prepare ordinary people for an extraordinary destiny.', 'writer': 'C.S. Lewis'}"
15,4YHYRv9IiZ7e2gos,1745028363231,200,Success,"{'message': 'Success', 'quote': 'Turn your wounds into wisdom.', 'writer': 'Oprah Winfrey'}"
15,4YHYRv9IiZ7e2gos,1745025017231,200,Success,"{'message': 'Success', 'quote': ""If everything seems under control, you're not going fast enough."", 'writer': 'Mario Andretti'}"
15,4YHYRv9IiZ7e2gos,1745060964231,200,Success,"{'message': 'Success', 'quote': 'We become what we think about.', 'writer': 'Earl Nightingale'}"
15,4YHYRv9IiZ7e2gos,1745013242231,200,Success,"{'message': 'Success', 'quote': 'Small deeds done are better than great deeds planned.', 'writer': 'Peter Marshall'}"
15,4YHYRv9IiZ7e2gos,1745037738231,200,Success,"{'message': 'Success', 'quote': 'The best way to predict the future is to create it.', 'writer': 'Peter Drucker'}"
15,4YHYRv9IiZ7e2gos,1745021586231,200,Success,"{'message': 'Success', 'quote': 'What you get by achieving your goals is not as important as what you become by achieving your goals.', 'writer': 'Zig Ziglar'}"
15,4YHYRv9IiZ7e2gos,1745034786231,200,Success,"{'message': 'Success', 'quote': 'Everything you’ve ever wanted is on the other side of fear.', 'writer': 'George Addair'}"
15,4YHYRv9IiZ7e2gos,1745066738231,200,Success,"{'message': 'Success', 'quote': 'Dream big and dare to fail.', 'writer': 'Norman Vaughan'}"
15,4YHYRv9IiZ7e2gos,1745059007231,200,Success,"{'message': 'Success', 'quote': 'Dream big and dare to fail.', 'writer': 'Norman Vaughan'}"
15,4YHYRv9IiZ7e2gos,1745073708231,200,Success,"{'message': 'Success', 'quote': 'We become what we think about.', 'writer': 'Earl Nightingale'}"
15,4YHYRv9IiZ7e2gos,1745016480231,200,Success,"{'message': 'Success', 'quote': 'To be yourself in a world that is constantly trying to make you something else is the greatest accomplishment.', 'writer': 'Ralph Waldo Emerson'}"
15,4YHYRv9IiZ7e2gos,1745066013231,200,Success,"{'message': 'Success', 'quote': 'Get busy living or get busy dying.', 'writer': 'Stephen King'}"
15,4YHYRv9IiZ7e2gos,1745017887231,200,Success,"{'message': 'Success', 'quote': 'The best way to predict the future is to create it.', 'writer': 'Peter Drucker'}"
15,4YHYRv9IiZ7e2gos,1745047125231,200,Success,"{'message': 'Success', 'quote': 'Act as if what you do makes a difference. It does.', 'writer': 'William James'}"
15,4YHYRv9IiZ7e2gos,1745074913231,200,Success,"{'message': 'Success', 'quote': 'Act as if what you do makes a difference. It does.', 'writer': 'William James'}"
15,4YHYRv9IiZ7e2gos,1745009413231,200,Success,"{'message': 'Success', 'quote': 'Everything you’ve ever wanted is on the other side of fear.', 'writer': 'George Addair'}"
15,4YHYRv9IiZ7e2gos,1745022596231,200,Success,"{'message': 'Success', 'quote': 'Turn your wounds into wisdom.', 'writer': 'Oprah Winfrey'}"
15,4YHYRv9IiZ7e2gos,1745016958231,200,Success,"{'message': 'Success', 'quote': 'Happiness depends upon ourselves.', 'writer': 'Aristotle'}"
15,4YHYRv9IiZ7e2gos,1745044497231,429,Access limit reached,"{'error': 'Access limit reached', 'retry_after': '4 hours 50 minutes'}"
15,4YHYRv9IiZ7e2gos,1745079007231,429,Access limit reached,"{'error': 'Access limit reached', 'retry_after': '4 hours 50 minutes'}"
16,U3gq6cIPD3Hy2aYQ,1745019028231,429,Access limit reached,"{'error': 'Access limit reached', 'retry_after': '6 hours 13 minutes'}"
16,U3gq6cIPD3Hy2aYQ,1745045083231,429,Access limit reached,"{'error': 'Access limit reached', 'retry_after': '6 hours 13 minutes'}"
16,U3gq6cIPD3Hy2aYQ,1745032698231,429,Access limit reached,"{'error': 'Access limit reached', 'retry_after': '6 hours 13 minutes'}"
16,U3gq6cIPD3Hy2aYQ,1745068713231,429,Access limit reached,"{'error': 'Access limit reached', 'retry_after': '6 hours 13 minutes'}"
16,U3gq6cIPD3Hy2aYQ,1745028740231,429,Access limit reached,"{'error': 'Access limit reached', 'retry_after': '6 hours 13 minutes'}"
16,U3gq6cIPD3Hy2aYQ,1745011027231,429,Access limit reached,"{'error': 'Access limit reached', 'retry_after': '6 hours 13 minutes'}"
16,U3gq6cIPD3Hy2aYQ,1745072754231,429,Access limit reached,"{'error': 'Access limit reached', 'retry_after': '6 hours 13 minutes'}"
16,U3gq6cIPD3Hy2aYQ,1745026514231,429,Access limit reached,"{'error': 'Access limit reached', 'retry_after': '6 hours 13 minutes'}"
16,U3gq6cIPD3Hy2aYQ,1745045035231,429,Access limit reached,"{'error': 'Access limit reached', 'retry_after': '6 hours 13 minutes'}"
16,U3gq6cIPD3Hy2aYQ,1745011634231,429,Access limit reached,"{'error': 'Access limit reached', 'retry_after': '6 hours 13 minutes'}"
16,U3gq6cIPD3Hy2aYQ,1745033735231,429,Access limit reached,"{'error': 'Access limit reached', 'retry_after': '6 hours 13 minutes'}"
16,U3gq6cIPD3Hy2aYQ,1745038215231,429,Access limit reached,"{'error': 'Access limit reached', 'retry_after': '6 hours 13 minutes'}"
16,U3gq6cIPD3Hy2aYQ,1745054110231,429,Access limit reached,"{'error': 'Access limit reached', 'retry_after': '6 hours 13 minutes'}"
16,U3gq6cIPD3Hy2aYQ,1745043137231,429,Access limit reached,"{'error': 'Access limit reached', 'retry_after': '6 hours 13 minutes'}"
16,U3gq6cIPD3Hy2aYQ,1745047983231,429,Access limit reached,"{'error': 'Access limit reached', 'retry_after': '6 hours 13 minutes'}"
16,U3gq6cIPD3Hy2aYQ,1745032553231,429,Access limit reached,"{'error': 'Access limit reached', 'retry_after': '6 hours 13 minutes'}"
16,U3gq6cIPD3Hy2aYQ,1745069471231,429,Access limit reached,"{'error': 'Access limit reached', 'retry_after': '6 hours 13 minutes'}"
16,U3gq6cIPD3Hy2aYQ,1745067178231,429,Access limit reached,"{'error': 'Access limit reached', 'retry_after': '6 hours 13 minutes'}"
16,U3gq6cIPD3Hy2aYQ,1745065151231,429,Access limit reached,"{'error': 'Access limit reached', 'retry_after': '6 hours 13 minutes'}"
16,U3gq6cIPD3Hy2aYQ,1745029018231,429,Access limit reached,"{'error': 'Access limit reached', 'retry_after': '6 hours 13 minutes'}"
16,U3gq6cIPD3Hy2aYQ,1745007391231,429,Access limit reached,"{'error': 'Access limit reached', 'retry_after': '6 hours 13 minutes'}"
16,U3gq6cIPD3Hy2aYQ,1745074842231,429,Access limit reached,"{'error': 'Access limit reached', 'retry_after': '6 hours 13 minutes'}"
16,U3gq6cIPD3Hy2aYQ,1745039691231,429,Access limit reached,"{'error': 'Access limit reached', 'retry_after': '6 hours 13 minutes'}"
16,U3gq6cIPD3Hy2aYQ,1745016981231,429,Access limit reached,"{'error': 'Access limit reached', 'retry_after': '6 hours 13 minutes'}"
16,U3gq6cIPD3Hy2aYQ,1745048034231,429,Access limit reached,"{'error': 'Access limit reached', 'retry_after': '6 hours 13 minutes'}"
16,U3gq6cIPD3Hy2aYQ,1745018395231,429,Access limit reached,"{'error': 'Access limit reached', 'retry_after': '6 hours 13 minutes'}"
16,U3gq6cIPD3Hy2aYQ,1745050623231,429,Access limit reached,"{'error': 'Access limit reached', 'retry_after': '6 hours 13 minutes'}"
16,U3gq6cIPD3Hy2aYQ,1745040559231,429,Access limit reached,"{'error': 'Access limit reached', 'retry_after': '6 hours 13 minutes'}"
16,U3gq6cIPD3Hy2aYQ,1745074324231,429,Access limit reached,"{'error': 'Access limit reached', 'retry_after': '6 hours 13 minutes'}"
16,U3gq6cIPD3Hy2aYQ,1745067002231,429,Access limit reached,"{'error': 'Access limit reached', 'retry_after': '6 hours 13 minutes'}"
17,U3gq6cIPD3Hy2aYQ,1745072060231,429,Access limit reached,"{'error': 'Access limit reached', 'retry_after': '6 hours 13 minutes'}"
17,U3gq6cIPD3Hy2aYQ,1745047582231,429,Access limit reached,"{'error': 'Access limit reached', 'retry_after': '6 hours 13 minutes'}"
17,U3gq6cIPD3Hy2aYQ,1745046681231,429,Access limit reached,"{'error': 'Access limit reached', 'retry_after': '6 hours 13 minutes'}"
17,U3gq6cIPD3Hy2aYQ,1745044092231,429,Access limit reached,"{'error': 'Access limit reached', 'retry_after': '6 hours 13 minutes'}"
17,U3gq6cIPD3Hy2aYQ,1745033831231,429,Access limit reached,"{'error': 'Access limit reached', 'retry_after': '6 hours 13 minutes'}"
17,U3gq6cIPD3Hy2aYQ,1745012547231,429,Access limit reached,"{'error': 'Access limit reached', 'retry_after': '6 hours 13 minutes'}"
17,U3gq6cIPD3Hy2aYQ,1745054805231,429,Access limit reached,"{'error': 'Access limit reached', 'retry_after': '6 hours 13 minutes'}"
17,U3gq6cIPD3Hy2aYQ,1745027377231,429,Access limit reached,"{'error': 'Access limit reached', 'retry_after': '6 hours 13 minutes'}"
17,U3gq6cIPD3Hy2aYQ,1745065905231,429,Access limit reached,"{'error': 'Access limit reached', 'retry_after': '6 hours 13 minutes'}"
17,U3gq6cIPD3Hy2aYQ,1745014550231,429,Access limit reached,"{'error': 'Access limit reached', 'retry_after': '6 hours 13 minutes'}"
17,U3gq6cIPD3Hy2aYQ,1745026332231,429,Access limit reached,"{'error': 'Access limit reached', 'retry_after': '6 hours 13 minutes'}"
17,U3gq6cIPD3Hy2aYQ,1745067419231,429,Access limit reached,"{'error': 'Access limit reached', 'retry_after': '6 hours 13 minutes'}"
17,U3gq6cIPD3Hy2aYQ,1745057475231,429,Access limit reached,"{'error': 'Access limit reached', 'retry_after': '6 hours 13 minutes'}"
17,U3gq6cIPD3Hy2aYQ,1745078349231,429,Access limit reached,"{'error': 'Access limit reached', 'retry_after': '6 hours 13 minutes'}"
17,U3gq6cIPD3Hy2aYQ,1745041891231,429,Access limit reached,"{'error': 'Access limit reached', 'retry_after': '6 hours 13 minutes'}"
17,U3gq6cIPD3Hy2aYQ,1745033481231,429,Access limit reached,"{'error': 'Access limit reached', 'retry_after': '6 hours 13 minutes'}"
17,U3gq6cIPD3Hy2aYQ,1745041937231,429,Access limit reached,"{'error': 'Access limit reached', 'retry_after': '6 hours 13 minutes'}"
17,U3gq6cIPD3Hy2aYQ,1745070446231,429,Access limit reached,"{'error': 'Access limit reached', 'retry_after': '6 hours 13 minutes'}"
17,U3gq6cIPD3Hy2aYQ,1745045640231,429,Access limit reached,"{'error': 'Access limit reached', 'retry_after': '6 hours 13 minutes'}"
17,U3gq6cIPD3Hy2aYQ,1745073244231,429,Access limit reached,"{'error': 'Access limit reached', 'retry_after': '6 hours 13 minutes'}"
17,U3gq6cIPD3Hy2aYQ,1745061816231,429,Access limit reached,"{'error': 'Access limit reached', 'retry_after': '6 hours 13 minutes'}"
17,U3gq6cIPD3Hy2aYQ,1745025468231,429,Access limit reached,"{'error': 'Access limit reached', 'retry_after': '6 hours 13 minutes'}"
17,U3gq6cIPD3Hy2aYQ,1745013391231,429,Access limit reached,"{'error': 'Access limit reached', 'retry_after': '6 hours 13 minutes'}"
17,U3gq6cIPD3Hy2aYQ,1745019247231,429,Access limit reached,"{'error': 'Access limit reached', 'retry_after': '6 hours 13 minutes'}"
17,U3gq6cIPD3Hy2aYQ,1745070903231,429,Access limit reached,"{'error': 'Access limit reached', 'retry_after': '6 hours 13 minutes'}"
17,U3gq6cIPD3Hy2aYQ,1745059605231,429,Access limit reached,"{'error': 'Access limit reached', 'retry_after': '6 hours 13 minutes'}"
17,U3gq6cIPD3Hy2aYQ,1745046490231,429,Access limit reached,"{'error': 'Access limit reached', 'retry_after': '6 hours 13 minutes'}"
17,U3gq6cIPD3Hy2aYQ,1745054036231,429,Access limit reached,"{'error': 'Access limit reached', 'retry_after': '6 hours 13 minutes'}"
17,U3gq6cIPD3Hy2aYQ,1745046086231,429,Access limit reached,"{'error': 'Access limit reached', 'retry_after': '6 hours 13 minutes'}"
18,och15Vm379Xa1g1Q,1745015592231,429,Access limit reached,"{'error': 'Access limit reached', 'retry_after': '5 hours 2 minutes'}"
18,och15Vm379Xa1g1Q,1745056817231,429,Access limit reached,"{'error': 'Access limit reached', 'retry_after': '5 hours 2 minutes'}"
18,och15Vm379Xa1g1Q,1745054627231,429,Access limit reached,"{'error': 'Access limit reached', 'retry_after': '5 hours 2 minutes'}"
18,och15Vm379Xa1g1Q,1745018117231,429,Access limit reached,"{'error': 'Access limit reached', 'retry_after': '5 hours 2 minutes'}"
18,och15Vm379Xa1g1Q,1745020068231,429,Access limit reached,"{'error': 'Access limit reached', 'retry_after': '5 hours 2 minutes'}"
18,och15Vm379Xa1g1Q,1745025066231,429,Access limit reached,"{'error': 'Access limit reached', 'retry_after': '5 hours 2 minutes'}"
18,och15Vm379Xa1g1Q,1745019329231,429,Access limit reached,"{'error': 'Access limit reached', 'retry_after': '5 hours 2 minutes'}"
18,och15Vm379Xa1g1Q,1745055779231,429,Access limit reached,"{'error': 'Access limit reached', 'retry_after': '5 hours 2 minutes'}"
18,och15Vm379Xa1g1Q,1745014038231,429,Access limit reached,"{'error': 'Access limit reached', 'retry_after': '5 hours 2 minutes'}"
18,och15Vm379Xa1g1Q,1745056726231,429,Access limit reached,"{'error': 'Access limit reached', 'retry_after': '5 hours 2 minutes'}"
18,och15Vm379Xa1g1Q,1745014104231,429,Access limit reached,"{'error': 'Access limit reached', 'retry_after': '5 hours 2 minutes'}"
18,och15Vm379Xa1g1Q,1745010948231,429,Access limit reached,"{'error': 'Access limit reached', 'retry_after': '5 hours 2 minutes'}"
18,och15Vm379Xa1g1Q,1745028820231,429,Access limit reached,"{'error': 'Access limit reached', 'retry_after': '5 hours 2 minutes'}"
18,och15Vm379Xa1g1Q,1745014453231,429,Access limit reached,"{'error': 'Access limit reached', 'retry_after': '5 hours 2 minutes'}"
18,och15Vm379Xa1g1Q,1745071013231,429,Access limit reached,"{'error': 'Access limit reached', 'retry_after': '5 hours 2 minutes'}"
18,och15Vm379Xa1g1Q,1745020682231,429,Access limit reached,"{'error': 'Access limit reached', 'retry_after': '5 hours 2 minutes'}"
18,och15Vm379Xa1g1Q,1745010823231,429,Access limit reached,"{'error': 'Access limit reached', 'retry_after': '5 hours 2 minutes'}"
18,och15Vm379Xa1g1Q,1745035159231,429,Access limit reached,"{'error': 'Access limit reached', 'retry_after': '5 hours 2 minutes'}"
18,och15Vm379Xa1g1Q,1745046180231,429,Access limit reached,"{'error': 'Access limit reached', 'retry_after': '5 hours 2 minutes'}"
18,och15Vm379Xa1g1Q,1745070845231,429,Access limit reached,"{'error': 'Access limit reached', 'retry_after': '5 hours 2 minutes'}"
18,och15Vm379Xa1g1Q,1745020116231,429,Access limit reached,"{'error': 'Access limit reached', 'retry_after': '5 hours 2 minutes'}"
18,och15Vm379Xa1g1Q,1745054015231,429,Access limit reached,"{'error': 'Access limit reached', 'retry_after': '5 hours 2 minutes'}"
18,och15Vm379Xa1g1Q,1745053555231,429,Access limit reached,"{'error': 'Access limit reached', 'retry_after': '5 hours 2 minutes'}"
18,och15Vm379Xa1g1Q,1745052575231,429,Access limit reached,"{'error': 'Access limit reached', 'retry_after': '5 hours 2 minutes'}"
18,och15Vm379Xa1g1Q,1745067956231,429,Access limit reached,"{'error': 'Access limit reached', 'retry_after': '5 hours 2 minutes'}"
18,och15Vm379Xa1g1Q,1745008791231,429,Access limit reached,"{'error': 'Access limit reached', 'retry_after': '5 hours 2 minutes'}"
18,och15Vm379Xa1g1Q,1745065422231,429,Access limit reached,"{'error': 'Access limit reached', 'retry_after': '5 hours 2 minutes'}"
18,och15Vm379Xa1g1Q,1745047736231,429,Access limit reached,"{'error': 'Access limit reached', 'retry_after': '5 hours 2 minutes'}"
18,och15Vm379Xa1g1Q,1745073255231,429,Access limit reached,"{'error': 'Access limit reached', 'retry_after': '5 hours 2 minutes'}"
18,och15Vm379Xa1g1Q,1745048877231,429,Access limit reached,"{'error': 'Access limit reached', 'retry_after': '5 hours 2 minutes'}"
18,och15Vm379Xa1g1Q,1745078501231,429,Access limit reached,"{'error': 'Access limit reached', 'retry_after': '5 hours 2 minutes'}"
18,och15Vm379Xa1g1Q,1745047539231,429,Access limit reached,"{'error': 'Access limit reached', 'retry_after': '5 hours 2 minutes'}"
18,och15Vm379Xa1g1Q,1745046179231,429,Access limit reached,"{'error': 'Access limit reached', 'retry_after': '5 hours 2 minutes'}"
18,och15Vm379Xa1g1Q,1745024981231,429,Access limit reached,"{'error': 'Access limit reached', 'retry_after': '5 hours 2 minutes'}"
18,och15Vm379Xa1g1Q,1745077057231,429,Access limit reached,"{'error': 'Access limit reached', 'retry_after': '5 hours 2 minutes'}"
18,och15Vm379Xa1g1Q,1745024321231,429,Access limit reached,"{'error': 'Access limit reached', 'retry_after': '5 hours 2 minutes'}"
19,3nBKrhW1fBAghtFJ,1745069298231,429,Access limit reached,"{'error': 'Access limit reached', 'retry_after': '5 hours 1 minutes'}"
19,3nBKrhW1fBAghtFJ,1745046748231,429,Access limit reached,"{'error': 'Access limit reached', 'retry_after': '5 hours 1 minutes'}"
19,3nBKrhW1fBAghtFJ,1745078006231,429,Access limit reached,"{'error': 'Access limit reached', 'retry_after': '5 hours 1 minutes'}"
19,3nBKrhW1fBAghtFJ,1745035991231,429,Access limit reached,"{'error': 'Access limit reached', 'retry_after': '5 hours 1 minutes'}"
19,3nBKrhW1fBAghtFJ,1745047928231,429,Access limit reached,"{'error': 'Access limit reached', 'retry_after': '5 hours 1 minutes'}"
19,3nBKrhW1fBAghtFJ,1745038397231,429,Access limit reached,"{'error': 'Access limit reached', 'retry_after': '5 hours 1 minutes'}"
19,3nBKrhW1fBAghtFJ,1745049614231,429,Access limit reached,"{'error': 'Access limit reached', 'retry_after': '5 hours 1 minutes'}"
19,3nBKrhW1fBAghtFJ,1745012005231,429,Access limit reached,"{'error': 'Access limit reached', 'retry_after': '5 hours 1 minutes'}"
19,3nBKrhW1fBAghtFJ,1745075060231,429,Access limit reached,"{'error': 'Access limit reached', 'retry_after': '5 hours 1 minutes'}"
19,3nBKrhW1fBAghtFJ,1745009837231,429,Access limit reached,"{'error': 'Access limit reached', 'retry_after': '5 hours 1 minutes'}"
19,3nBKrhW1fBAghtFJ,1745037390231,429,Access limit reached,"{'error': 'Access limit reached', 'retry_after': '5 hours 1 minutes'}"
19,3nBKrhW1fBAghtFJ,1745049688231,429,Access limit reached,"{'error': 'Access limit reached', 'retry_after': '5 hours 1 minutes'}"
19,3nBKrhW1fBAghtFJ,1745019948231,429,Access limit reached,"{'error': 'Access limit reached', 'retry_after': '5 hours 1 minutes'}"
19,3nBKrhW1fBAghtFJ,1745076533231,429,Access limit reached,"{'error': 'Access limit reached', 'retry_after': '5 hours 1 minutes'}"
19,3nBKrhW1fBAghtFJ,1745074008231,429,Access limit reached,"{'error': 'Access limit reached', 'retry_after': '5 hours 1 minutes'}"
19,3nBKrhW1fBAghtFJ,1745052431231,429,Access limit reached,"{'error': 'Access limit reached', 'retry_after': '5 hours 1 minutes'}"
19,3nBKrhW1fBAghtFJ,1745063362231,429,Access limit reached,"{'error': 'Access limit reached', 'retry_after': '5 hours 1 minutes'}"
19,3nBKrhW1fBAghtFJ,1745041985231,429,Access limit reached,"{'error': 'Access limit reached', 'retry_after': '5 hours 1 minutes'}"
19,3nBKrhW1fBAghtFJ,1745056797231,429,Access limit reached,"{'error': 'Access limit reached', 'retry_after': '5 hours 1 minutes'}"
19,3nBKrhW1fBAghtFJ,1745019352231,429,Access limit reached,"{'error': 'Access limit reached', 'retry_after': '5 hours 1 minutes'}"
19,3nBKrhW1fBAghtFJ,1745023235231,429,Access limit reached,"{'error': 'Access limit reached', 'retry_after': '5 hours 1 minutes'}"
19,3nBKrhW1fBAghtFJ,1745066345231,429,Access limit reached,"{'error': 'Access limit reached', 'retry_after': '5 hours 1 minutes'}"
19,3nBKrhW1fBAghtFJ,1745012477231,429,Access limit reached,"{'error': 'Access limit reached', 'retry_after': '5 hours 1 minutes'}"
19,3nBKrhW1fBAghtFJ,1745039618231,429,Access limit reached,"{'error': 'Access limit reached', 'retry_after': '5 hours 1 minutes'}"
19,3nBKrhW1fBAghtFJ,1745068405231,429,Access limit reached,"{'error': 'Access limit reached', 'retry_after': '5 hours 1 minutes'}"
19,3nBKrhW1fBAghtFJ,1745048561231,429,Access limit reached,"{'error': 'Access limit reached', 'retry_after': '5 hours 1 minutes'}"
19,3nBKrhW1fBAghtFJ,1745030082231,429,Access limit reached,"{'error': 'Access limit reached', 'retry_after': '5 hours 1 minutes'}"
19,3nBKrhW1fBAghtFJ,1745009729231,429,Access limit reached,"{'error': 'Access limit reached', 'retry_after': '5 hours 1 minutes'}"
19,3nBKrhW1fBAghtFJ,1745014212231,429,Access limit reached,"{'error': 'Access limit reached', 'retry_after': '5 hours 1 minutes'}"
19,3nBKrhW1fBAghtFJ,1745039006231,429,Access limit reached,"{'error': 'Access limit reached', 'retry_after': '5 hours 1 minutes'}"
19,3nBKrhW1fBAghtFJ,1745073370231,429,Access limit reached,"{'error': 'Access limit reached', 'retry_after': '5 hours 1 minutes'}"
19,3nBKrhW1fBAghtFJ,1745032664231,429,Access limit reached,"{'error': 'Access limit reached', 'retry_after': '5 hours 1 minutes'}"
19,3nBKrhW1fBAghtFJ,1745028630231,429,Access limit reached,"{'error': 'Access limit reached', 'retry_after': '5 hours 1 minutes'}"
19,3nBKrhW1fBAghtFJ,1745053175231,429,Access limit reached,"{'error': 'Access limit reached', 'retry_after': '5 hours 1 minutes'}"
19,3nBKrhW1fBAghtFJ,1745048462231,429,Access limit reached,"{'error': 'Access limit reached', 'retry_after': '5 hours 1 minutes'}"
19,3nBKrhW1fBAghtFJ,1745015661231,429,Access limit reached,"{'error': 'Access limit reached', 'retry_after': '5 hours 1 minutes'}"
19,3nBKrhW1fBAghtFJ,1745031778231,429,Access limit reached,"{'error': 'Access limit reached', 'retry_after': '5 hours 1 minutes'}"
20,z0JDHDmlF0xC3xmv,1745018083231,429,Access limit reached,"{'error': 'Access limit reached', 'retry_after': '6 hours 24 minutes'}"
20,z0JDHDmlF0xC3xmv,1745017798231,429,Access limit reached,"{'error': 'Access limit reached', 'retry_after': '6 hours 24 minutes'}"
20,z0JDHDmlF0xC3xmv,1745063631231,429,Access limit reached,"{'error': 'Access limit reached', 'retry_after': '6 hours 24 minutes'}"
20,z0JDHDmlF0xC3xmv,1745057132231,429,Access limit reached,"{'error': 'Access limit reached', 'retry_after': '6 hours 24 minutes'}"
20,z0JDHDmlF0xC3xmv,1745008565231,429,Access limit reached,"{'error': 'Access limit reached', 'retry_after': '6 hours 24 minutes'}"
20,z0JDHDmlF0xC3xmv,1745057758231,429,Access limit reached,"{'error': 'Access limit reached', 'retry_after': '6 hours 24 minutes'}"
20,z0JDHDmlF0xC3xmv,1745062855231,429,Access limit reached,"{'error': 'Access limit reached', 'retry_after': '6 hours 24 minutes'}"
20,z0JDHDmlF0xC3xmv,1745020655231,429,Access limit reached,"{'error': 'Access limit reached', 'retry_after': '6 hours 24 minutes'}"
20,z0JDHDmlF0xC3xmv,1745060900231,429,Access limit reached,"{'error': 'Access limit reached', 'retry_after': '6 hours 24 minutes'}"
20,z0JDHDmlF0xC3xmv,1745050379231,429,Access limit reached,"{'error': 'Access limit reached', 'retry_after': '6 hours 24 minutes'}"
20,z0JDHDmlF0xC3xmv,1745010453231,429,Access limit reached,"{'error': 'Access limit reached', 'retry_after': '6 hours 24 minutes'}"
20,z0JDHDmlF0xC3xmv,1745056642231,429,Access limit reached,"{'error': 'Access limit reached', 'retry_after': '6 hours 24 minutes'}"
20,z0JDHDmlF0xC3xmv,1745057193231,429,Access limit reached,"{'error': 'Access limit reached', 'retry_after': '6 hours 24 minutes'}"
20,z0JDHDmlF0xC3xmv,1745071446231,429,Access limit reached,"{'error': 'Access limit reached', 'retry_after': '6 hours 24 minutes'}"
20,z0JDHDmlF0xC3xmv,1745063836231,429,Access limit reached,"{'error': 'Access limit reached', 'retry_after': '6 hours 24 minutes'}"
20,z0JDHDmlF0xC3xmv,1745052534231,429,Access limit reached,"{'error': 'Access limit reached', 'retry_after': '6 hours 24 minutes'}"
20,z0JDHDmlF0xC3xmv,1745020952231,429,Access limit reached,"{'error': 'Access limit reached', 'retry_after': '6 hours 24 minutes'}"
20,z0JDHDmlF0xC3xmv,1745020193231,429,Access limit reached,"{'error': 'Access limit reached', 'retry_after': '6 hours 24 minutes'}"
20,z0JDHDmlF0xC3xmv,1745069671231,429,Access limit reached,"{'error': 'Access limit reached', 'retry_after': '6 hours 24 minutes'}"
20,z0JDHDmlF0xC3xmv,1745021271231,429,Access limit reached,"{'error': 'Access limit reached', 'retry_after': '6 hours 24 minutes'}"
20,z0JDHDmlF0xC3xmv,1745075392231,429,Access limit reached,"{'error': 'Access limit reached', 'retry_after': '6 hours 24 minutes'}"
20,z0JDHDmlF0xC3xmv,1745076374231,429,Access limit reached,"{'error': 'Access limit reached', 'retry_after': '6 hours 24 minutes'}"
20,z0JDHDmlF0xC3xmv,1745014320231,429,Access limit reached,"{'error': 'Access limit reached', 'retry_after': '6 hours 24 minutes'}"
20,z0JDHDmlF0xC3xmv,1745057433231,429,Access limit reached,"{'error': 'Access limit reached', 'retry_after': '6 hours 24 minutes'}"
20,z0JDHDmlF0xC3xmv,1745051382231,429,Access limit reached,"{'error': 'Access limit reached', 'retry_after': '6 hours 24 minutes'}"
20,z0JDHDmlF0xC3xmv,1745064892231,429,Access limit reached,"{'error': 'Access limit reached', 'retry_after': '6 hours 24 minutes'}"
20,z0JDHDmlF0xC3xmv,1745013358231,429,Access limit reached,"{'error': 'Access limit reached', 'retry_after': '6 hours 24 minutes'}"
20,z0JDHDmlF0xC3xmv,1745078766231,429,Access limit reached,"{'error': 'Access limit reached', 'retry_after': '6 hours 24 minutes'}"
20,z0JDHDmlF0xC3xmv,1745072358231,429,Access limit reached,"{'error': 'Access limit reached', 'retry_after': '6 hours 24 minutes'}"
20,z0JDHDmlF0xC3xmv,1745073162231,429,Access limit reached,"{'error': 'Access limit reached', 'retry_after': '6 hours 24 minutes'}"
20,z0JDHDmlF0xC3xmv,1745070339231,429,Access limit reached,"{'error': 'Access limit reached', 'retry_after': '6 hours 24 minutes'}"
20,z0JDHDmlF0xC3xmv,1745024461231,429,Access limit reached,"{'error': 'Access limit reached', 'retry_after': '6 hours 24 minutes'}"
20,z0JDHDmlF0xC3xmv,1745034702231,429,Access limit reached,"{'error': 'Access limit reached', 'retry_after': '6 hours 24 minutes'}"
20,z0JDHDmlF0xC3xmv,1745021581231,429,Access limit reached,"{'error': 'Access limit reached', 'retry_after': '6 hours 24 minutes'}"
21,U3gq6cIPD3Hy2aYQ,1745072439231,429,Access limit reached,"{'error': 'Access limit reached', 'retry_after': '6 hours 12 minutes'}"
21,U3gq6cIPD3Hy2aYQ,1745023623231,429,Access limit reached,"{'error': 'Access limit reached', 'retry_after': '6 hours 12 minutes'}"
21,U3gq6cIPD3Hy2aYQ,1745059547231,429,Access limit reached,"{'error': 'Access limit reached', 'retry_after': '6 hours 12 minutes'}"
21,U3gq6cIPD3Hy2aYQ,1745010566231,429,Access limit reached,"{'error': 'Access limit reached', 'retry_after': '6 hours 12 minutes'}"
21,U3gq6cIPD3Hy2aYQ,1745007375231,429,Access limit reached,"{'error': 'Access limit reached', 'retry_after': '6 hours 12 minutes'}"
21,U3gq6cIPD3Hy2aYQ,1745032480231,429,Access limit reached,"{'error': 'Access limit reached', 'retry_after': '6 hours 12 minutes'}"
21,U3gq6cIPD3Hy2aYQ,1745045359231,429,Access limit reached,"{'error': 'Access limit reached', 'retry_after': '6 hours 12 minutes'}"
21,U3gq6cIPD3Hy2aYQ,1745054831231,429,Access limit reached,"{'error': 'Access limit reached', 'retry_after': '6 hours 12 minutes'}"
21,U3gq6cIPD3Hy2aYQ,1745016114231,429,Access limit reached,"{'error': 'Access limit reached', 'retry_after': '6 hours 12 minutes'}"
21,U3gq6cIPD3Hy2aYQ,1745078208231,429,Access limit reached,"{'error': 'Access limit reached', 'retry_after': '6 hours 12 minutes'}"
21,U3gq6cIPD3Hy2aYQ,1745029293231,429,Access limit reached,"{'error': 'Access limit reached', 'retry_after': '6 hours 12 minutes'}"
21,U3gq6cIPD3Hy2aYQ,1745071712231,429,Access limit reached,"{'error': 'Access limit reached', 'retry_after': '6 hours 12 minutes'}"
21,U3gq6cIPD3Hy2aYQ,1745008779231,429,Access limit reached,"{'error': 'Access limit reached', 'retry_after': '6 hours 12 minutes'}"
21,U3gq6cIPD3Hy2aYQ,1745067940231,429,Access limit reached,"{'error': 'Access limit reached', 'retry_after': '6 hours 12 minutes'}"
21,U3gq6cIPD3Hy2aYQ,1745068741231,429,Access limit reached,"{'error': 'Access limit reached', 'retry_after': '6 hours 12 minutes'}"
21,U3gq6cIPD3Hy2aYQ,1745052651231,429,Access limit reached,"{'error': 'Access limit reached', 'retry_after': '6 hours 12 minutes'}"
21,U3gq6cIPD3Hy2aYQ,1745015542231,429,Access limit reached,"{'error': 'Access limit reached', 'retry_after': '6 hours 12 minutes'}"
21,U3gq6cIPD3Hy2aYQ,1745068100231,429,Access limit reached,"{'error': 'Access limit reached', 'retry_after': '6 hours 12 minutes'}"
21,U3gq6cIPD3Hy2aYQ,1745058966231,429,Access limit reached,"{'error': 'Access limit reached', 'retry_after': '6 hours 12 minutes'}"
21,U3gq6cIPD3Hy2aYQ,1745007728231,429,Access limit reached,"{'error': 'Access limit reached', 'retry_after': '6 hours 12 minutes'}"
21,U3gq6cIPD3Hy2aYQ,1745023303231,429,Access limit reached,"{'error': 'Access limit reached', 'retry_after': '6 hours 12 minutes'}"
21,U3gq6cIPD3Hy2aYQ,1745022853231,429,Access limit reached,"{'error': 'Access limit reached', 'retry_after': '6 hours 12 minutes'}"
21,U3gq6cIPD3Hy2aYQ,1745019359231,429,Access limit reached,"{'error': 'Access limit reached', 'retry_after': '6 hours 12 minutes'}"
21,U3gq6cIPD3Hy2aYQ,1745056470231,429,Access limit reached,"{'error': 'Access limit reached', 'retry_after': '6 hours 12 minutes'}"
21,U3gq6cIPD3Hy2aYQ,1745036781231,429,Access limit reached,"{'error': 'Access limit reached', 'retry_after': '6 hours 12 minutes'}"
21,U3gq6cIPD3Hy2aYQ,1745078593231,429,Access limit reached,"{'error': 'Access limit reached', 'retry_after': '6 hours 12 minutes'}"
21,U3gq6cIPD3Hy2aYQ,1745038586231,429,Access limit reached,"{'error': 'Access limit reached', 'retry_after': '6 hours 12 minutes'}"
22,4YHYRv9IiZ7e2gos,1745070245231,429,Access limit reached,"{'error': 'Access limit reached', 'retry_after': '4 hours 49 minutes'}"
22,4YHYRv9IiZ7e2gos,1745013810231,429,Access limit reached,"{'error': 'Access limit reached', 'retry_after': '4 hours 49 minutes'}"
22,4YHYRv9IiZ7e2gos,1745036624231,429,Access limit reached,"{'error': 'Access limit reached', 'retry_after': '4 hours 49 minutes'}"
22,4YHYRv9IiZ7e2gos,1745030221231,429,Access limit reached,"{'error': 'Access limit reached', 'retry_after': '4 hours 49 minutes'}"
22,4YHYRv9IiZ7e2gos,1745046989231,429,Access limit reached,"{'error': 'Access limit reached', 'retry_after': '4 hours 49 minutes'}"
22,4YHYRv9IiZ7e2gos,1745078298231,429,Access limit reached,"{'error': 'Access limit reached', 'retry_after': '4 hours 49 minutes'}"
22,4YHYRv9IiZ7e2gos,1745033099231,429,Access limit reached,"{'error': 'Access limit reached', 'retry_after': '4 hours 49 minutes'}"
22,4YHYRv9IiZ7e2gos,1745010244231,429,Access limit reached,"{'error': 'Access limit reached', 'retry_after': '4 hours 49 minutes'}"
22,4YHYRv9IiZ7e2gos,1745073028231,429,Access limit reached,"{'error': 'Access limit reached', 'retry_after': '4 hours 49 minutes'}"
22,4YHYRv9IiZ7e2gos,1745051529231,429,Access limit reached,"{'error': 'Access limit reached', 'retry_after': '4 hours 49 minutes'}"
22,4YHYRv9IiZ7e2gos,1745071918231,429,Access limit reached,"{'error': 'Access limit reached', 'retry_after': '4 hours 49 minutes'}"
22,4YHYRv9IiZ7e2gos,1745076340231,429,Access limit reached,"{'error': 'Access limit reached', 'retry_after': '4 hours 49 minutes'}"
22,4YHYRv9IiZ7e2gos,1745055142231,429,Access limit reached,"{'error': 'Access limit reached', 'retry_after': '4 hours 49 minutes'}"
22,4YHYRv9IiZ7e2gos,1745023698231,429,Access limit reached,"{'error': 'Access limit reached', 'retry_after': '4 hours 49 minutes'}"
22,4YHYRv9IiZ7e2gos,1745059563231,429,Access limit reached,"{'error': 'Access limit reached', 'retry_after': '4 hours 49 minutes'}"
22,4YHYRv9IiZ7e2gos,1745055831231,429,Access limit reached,"{'error': 'Access limit reached', 'retry_after': '4 hours 49 minutes'}"
22,4YHYRv9IiZ7e2gos,1745065370231,429,Access limit reached,"{'error': 'Access limit reached', 'retry_after': '4 hours 49 minutes'}"
22,4YHYRv9IiZ7e2gos,1745056363231,429,Access limit reached,"{'error': 'Access limit reached', 'retry_after': '4 hours 49 minutes'}"
22,4YHYRv9IiZ7e2gos,1745058513231,429,Access limit reached,"{'error': 'Access limit reached', 'retry_after': '4 hours 49 minutes'}"
22,4YHYRv9IiZ7e2gos,1745045749231,429,Access limit reached,"{'error': 'Access limit reached', 'retry_after': '4 hours 49 minutes'}"
22,4YHYRv9IiZ7e2gos,1745014034231,429,Access limit reached,"{'error': 'Access limit reached', 'retry_after': '4 hours 49 minutes'}"
22,4YHYRv9IiZ7e2gos,1745041767231,429,Access limit reached,"{'error': 'Access limit reached', 'retry_after': '4 hours 49 minutes'}"
22,4YHYRv9IiZ7e2gos,1745048432231,429,Access limit reached,"{'error': 'Access limit reached', 'retry_after': '4 hours 49 minutes'}"
22,4YHYRv9IiZ7e2gos,1745045151231,429,Access limit reached,"{'error': 'Access limit reached', 'retry_after': '4 hours 49 minutes'}"
22,4YHYRv9IiZ7e2gos,1745021142231,429,Access limit reached,"{'error': 'Access limit reached', 'retry_after': '4 hours 49 minutes'}"
22,4YHYRv9IiZ7e2gos,1745038720231,429,Access limit reached,"{'error': 'Access limit reached', 'retry_after': '4 hours 49 minutes'}"
22,4YHYRv9IiZ7e2gos,1745077174231,429,Access limit reached,"{'error': 'Access limit reached', 'retry_after': '4 hours 49 minutes'}"
22,4YHYRv9IiZ7e2gos,1745055295231,429,Access limit reached,"{'error': 'Access limit reached', 'retry_after': '4 hours 49 minutes'}"
22,4YHYRv9IiZ7e2gos,1745031324231,429,Access limit reached,"{'error': 'Access limit reached', 'retry_after': '4 hours 49 minutes'}"
22,4YHYRv9IiZ7e2gos,1745040935231,429,Access limit reached,"{'error': 'Access limit reached', 'retry_after': '4 hours 49 minutes'}"
22,4YHYRv9IiZ7e2gos,1745075519231,429,Access limit reached,"{'error': 'Access limit reached', 'retry_after': '4 hours 49 minutes'}"
22,4YHYRv9IiZ7e2gos,1745077548231,429,Access limit reached,"{'error': 'Access limit reached', 'retry_after': '4 hours 49 minutes'}"
22,4YHYRv9IiZ7e2gos,1745069507231,429,Access limit reached,"{'error': 'Access limit reached', 'retry_after': '4 hours 49 minutes'}"
22,4YHYRv9IiZ7e2gos,1745044976231,429,Access limit reached,"{'error': 'Access limit reached', 'retry_after': '4 hours 49 minutes'}"
22,4YHYRv9IiZ7e2gos,1745074088231,429,Access limit reached,"{'error': 'Access limit reached', 'retry_after': '4 hours 49 minutes'}"
22,4YHYRv9IiZ7e2gos,1745018635231,429,Access limit reached,"{'error': 'Access limit reached', 'retry_after': '4 hours 49 minutes'}"
23,h94anv2bwU2NJJkA,1745054332231,200,Success,"{'message': 'Success', 'quote': 'We become what we think about.', 'writer': 'Earl Nightingale'}"
23,h94anv2bwU2NJJkA,1745016234231,200,Success,"{'message': 'Success', 'quote': 'Don’t count the days, make the days count.', 'writer': 'Muhammad Ali'}"
23,h94anv2bwU2NJJkA,1745038638231,200,Success,"{'message': 'Success', 'quote': 'Do what you feel in your heart to be right – for you’ll be criticized anyway.', 'writer': 'Eleanor Roosevelt'}"
23,h94anv2bwU2NJJkA,1745029555231,200,Success,"{'message': 'Success', 'quote': 'Don’t count the days, make the days count.', 'writer': 'Muhammad Ali'}"
23,h94anv2bwU2NJJkA,1745053181231,200,Success,"{'message': 'Success', 'quote': 'Nothing is impossible, the word itself says ‘I’m possible’!', 'writer': 'Audrey Hepburn'}"
23,h94anv2bwU2NJJkA,1745022232231,200,Success,"{'message': 'Success', 'quote': 'Success usually comes to those who are too busy to be looking for it.', 'writer': 'Henry David Thoreau'}"
23,h94anv2bwU2NJJkA,1745015191231,200,Success,"{'message': 'Success', 'quote': 'Don’t count the days, make the days count.', 'writer': 'Muhammad Ali'}"
23,h94anv2bwU2NJJkA,1745078695231,200,Success,"{'message': 'Success', 'quote': 'We become what we think about.', 'writer': 'Earl Nightingale'}"
23,h94anv2bwU2NJJkA,1745040204231,200,Success,"{'message': 'Success', 'quote': 'Keep your face always toward the sunshine—and shadows will fall behind you.', 'writer': 'Walt Whitman'}"
23,h94anv2bwU2NJJkA,1745024136231,200,Success,"{'message': 'Success', 'quote': 'Success usually comes to those who are too busy to be looking for it.', 'writer': 'Henry David Thoreau'}"
23,h94anv2bwU2NJJkA,1745060307231,200,Success,"{'message': 'Success', 'quote': 'Turn your wounds into wisdom.', 'writer': 'Oprah Winfrey'}"
23,h94anv2bwU2NJJkA,1745056866231,200,Success,"{'message': 'Success', 'quote': 'It’s not whether you get knocked down, it’s whether you get up.', 'writer': 'Vince Lombardi'}"
23,h94anv2bwU2NJJkA,1745077867231,200,Success,"{'message': 'Success', 'quote': 'Hardships often prepare ordinary people for an extraordinary destiny.', 'writer': 'C.S. Lewis'}"
23,h94anv2bwU2NJJkA,1745040171231,200,Success,"{'message': 'Success', 'quote': 'It’s not whether you get knocked down, it’s whether you get up.', 'writer': 'Vince Lombardi'}"
23,h94anv2bwU2NJJkA,1745026254231,200,Success,"{'message': 'Success', 'quote': 'When you reach the end of your rope, tie a knot in it and hang on.', 'writer': 'Franklin D. Roosevelt'}"
23,h94anv2bwU2NJJkA,1745039270231,200,Success,"{'message': 'Success', 'quote': 'It’s not whether you get knocked down, it’s whether you get up.', 'writer': 'Vince Lombardi'}"
23,h94anv2bwU2NJJkA,1745023196231,200,Success,"{'message': 'Success', 'quote': 'Don’t count the days, make the days count.', 'writer': 'Muhammad Ali'}"
23,h94anv2bwU2NJJkA,1745026111231,200,Success,"{'message': 'Success', 'quote': 'Nothing is impossible, the word itself says ‘I’m possible’!', 'writer': 'Audrey Hepburn'}"
23,h94anv2bwU2NJJkA,1745021374231,200,Success,"{'message': 'Success', 'quote': 'If you really look closely, most overnight successes took a long time.', 'writer': 'Steve Jobs'}"
23,h94anv2bwU2NJJkA,1745041363231,200,Success,"{'message': 'Success', 'quote': 'Live as if you were to die tomorrow. Learn as if you were to live forever.', 'writer': 'Mahatma Gandhi'}"
23,h94anv2bwU2NJJkA,1745016044231,200,Success,"{'message': 'Success', 'quote': 'The purpose of our lives is to be happy.', 'writer': 'Dalai Lama'}"
23,h94anv2bwU2NJJkA,1745015273231,200,Success,"{'message': 'Success', 'quote': 'Your time is limited, so don’t waste it living someone else’s life.', 'writer': 'Steve Jobs'}"
23,h94anv2bwU2NJJkA,1745068094231,200,Success,"{'message': 'Success', 'quote': 'We become what we think about.', 'writer': 'Earl Nightingale'}"
23,h94anv2bwU2NJJkA,1745024076231,200,Success,"{'message': 'Success', 'quote': 'Do what you feel in your heart to be right – for you’ll be criticized anyway.', 'writer': 'Eleanor Roosevelt'}"
23,h94anv2bwU2NJJkA,1745020535231,200,Success,"{'message': 'Success', 'quote': 'It does not matter how slowly you go as long as you do not stop.', 'writer': 'Confucius'}"
23,h94anv2bwU2NJJkA,1745035921231,200,Success,"{'message': 'Success', 'quote': 'Get busy living or get busy dying.', 'writer': 'Stephen King'}"
23,h94anv2bwU2NJJkA,1745078203231,200,Success,"{'message': 'Success', 'quote': 'I never dreamed about success. I worked for it.', 'writer': 'Estee Lauder'}"
23,h94anv2bwU2NJJkA,1745019124231,200,Success,"{'message': 'Success', 'quote': 'Quality means doing it right when no one is looking.', 'writer': 'Henry Ford'}"
23,h94anv2bwU2NJJkA,1745077231231,200,Success,"{'message': 'Success', 'quote': 'Success usually comes to those who are too busy to be looking for it.', 'writer': 'Henry David Thoreau'}"
23,h94anv2bwU2NJJkA,1745055135231,200,Success,"{'message': 'Success', 'quote': 'The best way to predict the future is to create it.', 'writer': 'Peter Drucker'}"
23,h94anv2bwU2NJJkA,1745036163231,429,Access limit reached,"{'error': 'Access limit reached', 'retry_after': '6 hours 59 minutes'}"
23,h94anv2bwU2NJJkA,1745055678231,429,Access limit reached,"{'error': 'Access limit reached', 'retry_after': '6 hours 59 minutes'}"
23,h94anv2bwU2NJJkA,1745077840231,429,Access limit reached,"{'error': 'Access limit reached', 'retry_after': '6 hours 59 minutes'}"
23,h94anv2bwU2NJJkA,1745066583231,429,Access limit reached,"{'error': 'Access limit reached', 'retry_after': '6 hours 59 minutes'}"
23,h94anv2bwU2NJJkA,1745068978231,429,Access limit reached,"{'error': 'Access limit reached', 'retry_after': '6 hours 59 minutes'}"
23,h94anv2bwU2NJJkA,1745045965231,429,Access limit reached,"{'error': 'Access limit reached', 'retry_after': '6 hours 59 minutes'}"
23,h94anv2bwU2NJJkA,1745017592231,429,Access limit reached,"{'error': 'Access limit reached', 'retry_after': '6 hours 59 minutes'}"
23,h94anv2bwU2NJJkA,1745053261231,429,Access limit reached,"{'error': 'Access limit reached', 'retry_after': '6 hours 59 minutes'}"
23,h94anv2bwU2NJJkA,1745070372231,429,Access limit reached,"{'error': 'Access limit reached', 'retry_after': '6 hours 59 minutes'}"
23,h94anv2bwU2NJJkA,1745058145231,429,Access limit reached,"{'error': 'Access limit reached', 'retry_after': '6 hours 59 minutes'}"
23,h94anv2bwU2NJJkA,1745077554231,429,Access limit reached,"{'error': 'Access limit reached', 'retry_after': '6 hours 59 minutes'}"
23,h94anv2bwU2NJJkA,1745031170231,429,Access limit reached,"{'error': 'Access limit reached', 'retry_after': '6 hours 59 minutes'}"
23,h94anv2bwU2NJJkA,1745059074231,429,Access limit reached,"{'error': 'Access limit reached', 'retry_after': '6 hours 59 minutes'}"
24,sZaWrwSAC0YhuHOq,1745014095231,429,Access limit reached,"{'error': 'Access limit reached', 'retry_after': '5 hours 6 minutes'}"
24,sZaWrwSAC0YhuHOq,1745055639231,429,Access limit reached,"{'error': 'Access limit reached', 'retry_after': '5 hours 6 minutes'}"
24,sZaWrwSAC0YhuHOq,1745036827231,429,Access limit reached,"{'error': 'Access limit reached', 'retry_after': '5 hours 6 minutes'}"
24,sZaWrwSAC0YhuHOq,1745032230231,429,Access limit reached,"{'error': 'Access limit reached', 'retry_after': '5 hours 6 minutes'}"
24,sZaWrwSAC0YhuHOq,1745033075231,429,Access limit reached,"{'error': 'Access limit reached', 'retry_after': '5 hours 6 minutes'}"
24,sZaWrwSAC0YhuHOq,1745067385231,429,Access limit reached,"{'error': 'Access limit reached', 'retry_after': '5 hours 6 minutes'}"
24,sZaWrwSAC0YhuHOq,1745073598231,429,Access limit reached,"{'error': 'Access limit reached', 'retry_after': '5 hours 6 minutes'}"
24,sZaWrwSAC0YhuHOq,1745077469231,429,Access limit reached,"{'error': 'Access limit reached', 'retry_after': '5 hours 6 minutes'}"
24,sZaWrwSAC0YhuHOq,1745044021231,429,Access limit reached,"{'error': 'Access limit reached', 'retry_after': '5 hours 6 minutes'}"
24,sZaWrwSAC0YhuHOq,1745023795231,429,Access limit reached,"{'error': 'Access limit reached', 'retry_after': '5 hours 6 minutes'}"
24,sZaWrwSAC0YhuHOq,1745022733231,429,Access limit reached,"{'error': 'Access limit reached', 'retry_after': '5 hours 6 minutes'}"
24,sZaWrwSAC0YhuHOq,1745068632231,429,Access limit reached,"{'error': 'Access limit reached', 'retry_after': '5 hours 6 minutes'}"
24,sZaWrwSAC0YhuHOq,1745078325231,429,Access limit reached,"{'error': 'Access limit reached', 'retry_after': '5 hours 6 minutes'}"
24,sZaWrwSAC0YhuHOq,1745009300231,429,Access limit reached,"{'error': 'Access limit reached', 'retry_after': '5 hours 6 minutes'}"
24,sZaWrwSAC0YhuHOq,1745062429231,429,Access limit reached,"{'error': 'Access limit reached', 'retry_after': '5 hours 6 minutes'}"
24,sZaWrwSAC0YhuHOq,1745033178231,429,Access limit reached,"{'error': 'Access limit reached', 'retry_after': '5 hours 6 minutes'}"
24,sZaWrwSAC0YhuHOq,1745044405231,429,Access limit reached,"{'error': 'Access limit reached', 'retry_after': '5 hours 6 minutes'}"
24,sZaWrwSAC0YhuHOq,1745032729231,429,Access limit reached,"{'error': 'Access limit reached', 'retry_after': '5 hours 6 minutes'}"
24,sZaWrwSAC0YhuHOq,1745008101231,429,Access limit reached,"{'error': 'Access limit reached', 'retry_after': '5 hours 6 minutes'}"
24,sZaWrwSAC0YhuHOq,1745012179231,429,Access limit reached,"{'error': 'Access limit reached', 'retry_after': '5 hours 6 minutes'}"
24,sZaWrwSAC0YhuHOq,1745075244231,429,Access limit reached,"{'error': 'Access limit reached', 'retry_after': '5 hours 6 minutes'}"
24,sZaWrwSAC0YhuHOq,1745045082231,429,Access limit reached,"{'error': 'Access limit reached', 'retry_after': '5 hours 6 minutes'}"
24,sZaWrwSAC0YhuHOq,1745043045231,429,Access limit reached,"{'error': 'Access limit reached', 'retry_after': '5 hours 6 minutes'}"
24,sZaWrwSAC0YhuHOq,1745055700231,429,Access limit reached,"{'error': 'Access limit reached', 'retry_after': '5 hours 6 minutes'}"
24,sZaWrwSAC0YhuHOq,1745023843231,429,Access limit reached,"{'error': 'Access limit reached', 'retry_after': '5 hours 6 minutes'}"
24,sZaWrwSAC0YhuHOq,1745032926231,429,Access limit reached,"{'error': 'Access limit reached', 'retry_after': '5 hours 6 minutes'}"
24,sZaWrwSAC0YhuHOq,1745048719231,429,Access limit reached,"{'error': 'Access limit reached', 'retry_after': '5 hours 6 minutes'}"
24,sZaWrwSAC0YhuHOq,1745062893231,429,Access limit reached,"{'error': 'Access limit reached', 'retry_after': '5 hours 6 minutes'}"
24,sZaWrwSAC0YhuHOq,1745010122231,429,Access limit reached,"{'error': 'Access limit reached', 'retry_after': '5 hours 6 minutes'}"
25,och15Vm379Xa1g1Q,1745047240231,429,Access limit reached,"{'error': 'Access limit reached', 'retry_after': '5 hours 1 minutes'}"
25,och15Vm379Xa1g1Q,1745015547231,429,Access limit reached,"{'error': 'Access limit reached', 'retry_after': '5 hours 1 minutes'}"
25,och15Vm379Xa1g1Q,1745056389231,429,Access limit reached,"{'error': 'Access limit reached', 'retry_after': '5 hours 1 minutes'}"
25,och15Vm379Xa1g1Q,1745037469231,429,Access limit reached,"{'error': 'Access limit reached', 'retry_after': '5 hours 1 minutes'}"
25,och15Vm379Xa1g1Q,1745035128231,429,Access limit reached,"{'error': 'Access limit reached', 'retry_after': '5 hours 1 minutes'}"
25,och15Vm379Xa1g1Q,1745050735231,429,Access limit reached,"{'error': 'Access limit reached', 'retry_after': '5 hours 1 minutes'}"
25,och15Vm379Xa1g1Q,1745055435231,429,Access limit reached,"{'error': 'Access limit reached', 'retry_after': '5 hours 1 minutes'}"
25,och15Vm379Xa1g1Q,1745033673231,429,Access limit reached,"{'error': 'Access limit reached', 'retry_after': '5 hours 1 minutes'}"
25,och15Vm379Xa1g1Q,1745074475231,429,Access limit reached,"{'error': 'Access limit reached', 'retry_after': '5 hours 1 minutes'}"
25,och15Vm379Xa1g1Q,1745030238231,429,Access limit reached,"{'error': 'Access limit reached', 'retry_after': '5 hours 1 minutes'}"
25,och15Vm379Xa1g1Q,1745078719231,429,Access limit reached,"{'error': 'Access limit reached', 'retry_after': '5 hours 1 minutes'}"
25,och15Vm379Xa1g1Q,1745025157231,429,Access limit reached,"{'error': 'Access limit reached', 'retry_after': '5 hours 1 minutes'}"
25,och15Vm379Xa1g1Q,1745035492231,429,Access limit reached,"{'error': 'Access limit reached', 'retry_after': '5 hours 1 minutes'}"
25,och15Vm379Xa1g1Q,1745013835231,429,Access limit reached,"{'error': 'Access limit reached', 'retry_after': '5 hours 1 minutes'}"
25,och15Vm379Xa1g1Q,1745022332231,429,Access limit reached,"{'error': 'Access limit reached', 'retry_after': '5 hours 1 minutes'}"
25,och15Vm379Xa1g1Q,1745040463231,429,Access limit reached,"{'error': 'Access limit reached', 'retry_after': '5 hours 1 minutes'}"
25,och15Vm379Xa1g1Q,1745056998231,429,Access limit reached,"{'error': 'Access limit reached', 'retry_after': '5 hours 1 minutes'}"
25,och15Vm379Xa1g1Q,1745062739231,429,Access limit reached,"{'error': 'Access limit reached', 'retry_after': '5 hours 1 minutes'}"
25,och15Vm379Xa1g1Q,1745039450231,429,Access limit reached,"{'error': 'Access limit reached', 'retry_after': '5 hours 1 minutes'}"
25,och15Vm379Xa1g1Q,1745040468231,429,Access limit reached,"{'error': 'Access limit reached', 'retry_after': '5 hours 1 minutes'}"
25,och15Vm379Xa1g1Q,1745034848231,429,Access limit reached,"{'error': 'Access limit reached', 'retry_after': '5 hours 1 minutes'}"
25,och15Vm379Xa1g1Q,1745023005231,429,Access limit reached,"{'error': 'Access limit reached', 'retry_after': '5 hours 1 minutes'}"
25,och15Vm379Xa1g1Q,1745046901231,429,Access limit reached,"{'error': 'Access limit reached', 'retry_after': '5 hours 1 minutes'}"
25,och15Vm379Xa1g1Q,1745039922231,429,Access limit reached,"{'error': 'Access limit reached', 'retry_after': '5 hours 1 minutes'}"
25,och15Vm379Xa1g1Q,1745054636231,429,Access limit reached,"{'error': 'Access limit reached', 'retry_after': '5 hours 1 minutes'}"
25,och15Vm379Xa1g1Q,1745034842231,429,Access limit reached,"{'error': 'Access limit reached', 'retry_after': '5 hours 1 minutes'}"
25,och15Vm379Xa1g1Q,1745077931231,429,Access limit reached,"{'error': 'Access limit reached', 'retry_after': '5 hours 1 minutes'}"
25,och15Vm379Xa1g1Q,1745064756231,429,Access limit reached,"{'error': 'Access limit reached', 'retry_after': '5 hours 1 minutes'}"
25,och15Vm379Xa1g1Q,1745017262231,429,Access limit reached,"{'error': 'Access limit reached', 'retry_after': '5 hours 1 minutes'}"
25,och15Vm379Xa1g1Q,1745031948231,429,Access limit reached,"{'error': 'Access limit reached', 'retry_after': '5 hours 1 minutes'}"
25,och15Vm379Xa1g1Q,1745036547231,429,Access limit reached,"{'error': 'Access limit reached', 'retry_after': '5 hours 1 minutes'}"
25,och15Vm379Xa1g1Q,1745077690231,429,Access limit reached,"{'error': 'Access limit reached', 'retry_after': '5 hours 1 minutes'}"
25,och15Vm379Xa1g1Q,1745036595231,429,Access limit reached,"{'error': 'Access limit reached', 'retry_after': '5 hours 1 minutes'}"
25,och15Vm379Xa1g1Q,1745078293231,429,Access limit reached,"{'error': 'Access limit reached', 'retry_after': '5 hours 1 minutes'}"
25,och15Vm379Xa1g1Q,1745075171231,429,Access limit reached,"{'error': 'Access limit reached', 'retry_after': '5 hours 1 minutes'}"
25,och15Vm379Xa1g1Q,1745039883231,429,Access limit reached,"{'error': 'Access limit reached', 'retry_after': '5 hours 1 minutes'}"
25,och15Vm379Xa1g1Q,1745008336231,429,Access limit reached,"{'error': 'Access limit reached', 'retry_after': '5 hours 1 minutes'}"
25,och15Vm379Xa1g1Q,1745047394231,429,Access limit reached,"{'error': 'Access limit reached', 'retry_after': '5 hours 1 minutes'}"
25,och15Vm379Xa1g1Q,1745016386231,429,Access limit reached,"{'error': 'Access limit reached', 'retry_after': '5 hours 1 minutes'}"
25,och15Vm379Xa1g1Q,1745012197231,429,Access limit reached,"{'error': 'Access limit reached', 'retry_after': '5 hours 1 minutes'}"
26,3nBKrhW1fBAghtFJ,1745043022231,429,Access limit reached,"{'error': 'Access limit reached', 'retry_after': '5 hours 0 minutes'}"
26,3nBKrhW1fBAghtFJ,1745008635231,429,Access limit reached,"{'error': 'Access limit reached', 'retry_after': '5 hours 0 minutes'}"
26,3nBKrhW1fBAghtFJ,1745008118231,429,Access limit reached,"{'error': 'Access limit reached', 'retry_after': '5 hours 0 minutes'}"
26,3nBKrhW1fBAghtFJ,1745060154231,429,Access limit reached,"{'error': 'Access limit reached', 'retry_after': '5 hours 0 minutes'}"
26,3nBKrhW1fBAghtFJ,1745020393231,429,Access limit reached,"{'error': 'Access limit reached', 'retry_after': '5 hours 0 minutes'}"
26,3nBKrhW1fBAghtFJ,1745052354231,429,Access limit reached,"{'error': 'Access limit reached', 'retry_after': '5 hours 0 minutes'}"
26,3nBKrhW1fBAghtFJ,1745025536231,429,Access limit reached,"{'error': 'Access limit reached', 'retry_after': '5 hours 0 minutes'}"
26,3nBKrhW1fBAghtFJ,1745054844231,429,Access limit reached,"{'error': 'Access limit reached', 'retry_after': '5 hours 0 minutes'}"
26,3nBKrhW1fBAghtFJ,1745049447231,429,Access limit reached,"{'error': 'Access limit reached', 'retry_after': '5 hours 0 minutes'}"
26,3nBKrhW1fBAghtFJ,1745046350231,429,Access limit reached,"{'error': 'Access limit reached', 'retry_after': '5 hours 0 minutes'}"
26,3nBKrhW1fBAghtFJ,1745071937231,429,Access limit reached,"{'error': 'Access limit reached', 'retry_after': '5 hours 0 minutes'}"
26,3nBKrhW1fBAghtFJ,1745038378231,429,Access limit reached,"{'error': 'Access limit reached', 'retry_after': '5 hours 0 minutes'}"
26,3nBKrhW1fBAghtFJ,1745027416231,429,Access limit reached,"{'error': 'Access limit reached', 'retry_after': '5 hours 0 minutes'}"
26,3nBKrhW1fBAghtFJ,1745034619231,429,Access limit reached,"{'error': 'Access limit reached', 'retry_after': '5 hours 0 minutes'}"
26,3nBKrhW1fBAghtFJ,1745012664231,429,Access limit reached,"{'error': 'Access limit reached', 'retry_after': '5 hours 0 minutes'}"
26,3nBKrhW1fBAghtFJ,1745058868231,429,Access limit reached,"{'error': 'Access limit reached', 'retry_after': '5 hours 0 minutes'}"
26,3nBKrhW1fBAghtFJ,1745036893231,429,Access limit reached,"{'error': 'Access limit reached', 'retry_after': '5 hours 0 minutes'}"
26,3nBKrhW1fBAghtFJ,1745010226231,429,Access limit reached,"{'error': 'Access limit reached', 'retry_after': '5 hours 0 minutes'}"
26,3nBKrhW1fBAghtFJ,1745066355231,429,Access limit reached,"{'error': 'Access limit reached', 'retry_after': '5 hours 0 minutes'}"
26,3nBKrhW1fBAghtFJ,1745057791231,429,Access limit reached,"{'error': 'Access limit reached', 'retry_after': '5 hours 0 minutes'}"
26,3nBKrhW1fBAghtFJ,1745009230231,429,Access limit reached,"{'error': 'Access limit reached', 'retry_after': '5 hours 0 minutes'}"
26,3nBKrhW1fBAghtFJ,1745071318231,429,Access limit reached,"{'error': 'Access limit reached', 'retry_after': '5 hours 0 minutes'}"
26,3nBKrhW1fBAghtFJ,1745067931231,429,Access limit reached,"{'error': 'Access limit reached', 'retry_after': '5 hours 0 minutes'}"
26,3nBKrhW1fBAghtFJ,1745058590231,429,Access limit reached,"{'error': 'Access limit reached', 'retry_after': '5 hours 0 minutes'}"
26,3nBKrhW1fBAghtFJ,1745046276231,429,Access limit reached,"{'error': 'Access limit reached', 'retry_after': '5 hours 0 minutes'}"
26,3nBKrhW1fBAghtFJ,1745049386231,429,Access limit reached,"{'error': 'Access limit reached', 'retry_after': '5 hours 0 minutes'}"
26,3nBKrhW1fBAghtFJ,1745016241231,429,Access limit reached,"{'error': 'Access limit reached', 'retry_after': '5 hours 0 minutes'}"
26,3nBKrhW1fBAghtFJ,1745025323231,429,Access limit reached,"{'error': 'Access limit reached', 'retry_after': '5 hours 0 minutes'}"
26,3nBKrhW1fBAghtFJ,1745047824231,429,Access limit reached,"{'error': 'Access limit reached', 'retry_after': '5 hours 0 minutes'}"
26,3nBKrhW1fBAghtFJ,1745055365231,429,Access limit reached,"{'error': 'Access limit reached', 'retry_after': '5 hours 0 minutes'}"
26,3nBKrhW1fBAghtFJ,1745038408231,429,Access limit reached,"{'error': 'Access limit reached', 'retry_after': '5 hours 0 minutes'}"
26,3nBKrhW1fBAghtFJ,1745026998231,429,Access limit reached,"{'error': 'Access limit reached', 'retry_after': '5 hours 0 minutes'}"
26,3nBKrhW1fBAghtFJ,1745034139231,429,Access limit reached,"{'error': 'Access limit reached', 'retry_after': '5 hours 0 minutes'}"
26,3nBKrhW1fBAghtFJ,1745065931231,429,Access limit reached,"{'error': 'Access limit reached', 'retry_after': '5 hours 0 minutes'}"
26,3nBKrhW1fBAghtFJ,1745064527231,429,Access limit reached,"{'error': 'Access limit reached', 'retry_after': '5 hours 0 minutes'}"
27,h94anv2bwU2NJJkA,1745013306231,429,Access limit reached,"{'error': 'Access limit reached', 'retry_after': '6 hours 59 minutes'}"
27,h94anv2bwU2NJJkA,1745066879231,429,Access limit reached,"{'error': 'Access limit reached', 'retry_after': '6 hours 59 minutes'}"
27,h94anv2bwU2NJJkA,1745048431231,429,Access limit reached,"{'error': 'Access limit reached', 'retry_after': '6 hours 59 minutes'}"
27,h94anv2bwU2NJJkA,1745055634231,429,Access limit reached,"{'error': 'Access limit reached', 'retry_after': '6 hours 59 minutes'}"
27,h94anv2bwU2NJJkA,1745029838231,429,Access limit reached,"{'error': 'Access limit reached', 'retry_after': '6 hours 59 minutes'}"
27,h94anv2bwU2NJJkA,1745046166231,429,Access limit reached,"{'error': 'Access limit reached', 'retry_after': '6 hours 59 minutes'}"
27,h94anv2bwU2NJJkA,1745061091231,429,Access limit reached,"{'error': 'Access limit reached', 'retry_after': '6 hours 59 minutes'}"
27,h94anv2bwU2NJJkA,1745010153231,429,Access limit reached,"{'error': 'Access limit reached', 'retry_after': '6 hours 59 minutes'}"
27,h94anv2bwU2NJJkA,1745063675231,429,Access limit reached,"{'error': 'Access limit reached', 'retry_after': '6 hours 59 minutes'}"
27,h94anv2bwU2NJJkA,1745046217231,429,Access limit reached,"{'error': 'Access limit reached', 'retry_after': '6 hours 59 minutes'}"
27,h94anv2bwU2NJJkA,1745046821231,429,Access limit reached,"{'error': 'Access limit reached', 'retry_after': '6 hours 59 minutes'}"
27,h94anv2bwU2NJJkA,1745040111231,429,Access limit reached,"{'error': 'Access limit reached', 'retry_after': '6 hours 59 minutes'}"
27,h94anv2bwU2NJJkA,1745077413231,429,Access limit reached,"{'error': 'Access limit reached', 'retry_after': '6 hours 59 minutes'}"
27,h94anv2bwU2NJJkA,1745035578231,429,Access limit reached,"{'error': 'Access limit reached', 'retry_after': '6 hours 59 minutes'}"
27,h94anv2bwU2NJJkA,1745055929231,429,Access limit reached,"{'error': 'Access limit reached', 'retry_after': '6 hours 59 minutes'}"
27,h94anv2bwU2NJJkA,1745067205231,429,Access limit reached,"{'error': 'Access limit reached', 'retry_after': '6 hours 59 minutes'}"
27,h94anv2bwU2NJJkA,1745067796231,429,Access limit reached,"{'error': 'Access limit reached', 'retry_after': '6 hours 59 minutes'}"
27,h94anv2bwU2NJJkA,1745029079231,429,Access limit reached,"{'error': 'Access limit reached', 'retry_after': '6 hours 59 minutes'}"
27,h94anv2bwU2NJJkA,1745008792231,429,Access limit reached,"{'error': 'Access limit reached', 'retry_after': '6 hours 59 minutes'}"
27,h94anv2bwU2NJJkA,1745048384231,429,Access limit reached,"{'error': 'Access limit reached', 'retry_after': '6 hours 59 minutes'}"
27,h94anv2bwU2NJJkA,1745049449231,429,Access limit reached,"{'error': 'Access limit reached', 'retry_after': '6 hours 59 minutes'}"
27,h94anv2bwU2NJJkA,1745067464231,429,Access limit reached,"{'error': 'Access limit reached', 'retry_after': '6 hours 59 minutes'}"
27,h94anv2bwU2NJJkA,1745054652231,429,Access limit reached,"{'error': 'Access limit reached', 'retry_after': '6 hours 59 minutes'}"
27,h94anv2bwU2NJJkA,1745038455231,429,Access limit reached,"{'error': 'Access limit reached', 'retry_after': '6 hours 59 minutes'}"
27,h94anv2bwU2NJJkA,1745075091231,429,Access limit reached,"{'error': 'Access limit reached', 'retry_after': '6 hours 59 minutes'}"
27,h94anv2bwU2NJJkA,1745026069231,429,Access limit reached,"{'error': 'Access limit reached', 'retry_after': '6 hours 59 minutes'}"
27,h94anv2bwU2NJJkA,1745031678231,429,Access limit reached,"{'error': 'Access limit reached', 'retry_after': '6 hours 59 minutes'}"
27,h94anv2bwU2NJJkA,1745011677231,429,Access limit reached,"{'error': 'Access limit reached', 'retry_after': '6 hours 59 minutes'}"
28,U3gq6cIPD3Hy2aYQ,1745042876231,429,Access limit reached,"{'error': 'Access limit reached', 'retry_after': '6 hours 12 minutes'}"
28,U3gq6cIPD3Hy2aYQ,1745048948231,429,Access limit reached,"{'error': 'Access limit reached', 'retry_after': '6 hours 12 minutes'}"
28,U3gq6cIPD3Hy2aYQ,1745021637231,429,Access limit reached,"{'error': 'Access limit reached', 'retry_after': '6 hours 12 minutes'}"
28,U3gq6cIPD3Hy2aYQ,1745043231231,429,Access limit reached,"{'error': 'Access limit reached', 'retry_after': '6 hours 12 minutes'}"
28,U3gq6cIPD3Hy2aYQ,1745062343231,429,Access limit reached,"{'error': 'Access limit reached', 'retry_after': '6 hours 12 minutes'}"
28,U3gq6cIPD3Hy2aYQ,1745057257231,429,Access limit reached,"{'error': 'Access limit reached', 'retry_after': '6 hours 12 minutes'}"
28,U3gq6cIPD3Hy2aYQ,1745055155231,429,Access limit reached,"{'error': 'Access limit reached', 'retry_after': '6 hours 12 minutes'}"
28,U3gq6cIPD3Hy2aYQ,1745044118231,429,Access limit reached,"{'error': 'Access limit reached', 'retry_after': '6 hours 12 minutes'}"
28,U3gq6cIPD3Hy2aYQ,1745061051231,429,Access limit reached,"{'error': 'Access limit reached', 'retry_after': '6 hours 12 minutes'}"
28,U3gq6cIPD3Hy2aYQ,1745052875231,429,Access limit reached,"{'error': 'Access limit reached', 'retry_after': '6 hours 12 minutes'}"
28,U3gq6cIPD3Hy2aYQ,1745071407231,429,Access limit reached,"{'error': 'Access limit reached', 'retry_after': '6 hours 12 minutes'}"
28,U3gq6cIPD3Hy2aYQ,1745068434231,429,Access limit reached,"{'error': 'Access limit reached', 'retry_after': '6 hours 12 minutes'}"
28,U3gq6cIPD3Hy2aYQ,1745032920231,429,Access limit reached,"{'error': 'Access limit reached', 'retry_after': '6 hours 12 minutes'}"
28,U3gq6cIPD3Hy2aYQ,1745007898231,429,Access limit reached,"{'error': 'Access limit reached', 'retry_after': '6 hours 12 minutes'}"
28,U3gq6cIPD3Hy2aYQ,1745077068231,429,Access limit reached,"{'error': 'Access limit reached', 'retry_after': '6 hours 12 minutes'}"
28,U3gq6cIPD3Hy2aYQ,1745034519231,429,Access limit reached,"{'error': 'Access limit reached', 'retry_after': '6 hours 12 minutes'}"
28,U3gq6cIPD3Hy2aYQ,1745066855231,429,Access limit reached,"{'error': 'Access limit reached', 'retry_after': '6 hours 12 minutes'}"
28,U3gq6cIPD3Hy2aYQ,1745010117231,429,Access limit reached,"{'error': 'Access limit reached', 'retry_after': '6 hours 12 minutes'}"
28,U3gq6cIPD3Hy2aYQ,1745073779231,429,Access limit reached,"{'error': 'Access limit reached', 'retry_after': '6 hours 12 minutes'}"
28,U3gq6cIPD3Hy2aYQ,1745037174231,429,Access limit reached,"{'error': 'Access limit reached', 'retry_after': '6 hours 12 minutes'}"
28,U3gq6cIPD3Hy2aYQ,1745060473231,429,Access limit reached,"{'error': 'Access limit reached', 'retry_after': '6 hours 12 minutes'}"
28,U3gq6cIPD3Hy2aYQ,1745039314231,429,Access limit reached,"{'error': 'Access limit reached', 'retry_after': '6 hours 12 minutes'}"
28,U3gq6cIPD3Hy2aYQ,1745041224231,429,Access limit reached,"{'error': 'Access limit reached', 'retry_after': '6 hours 12 minutes'}"
28,U3gq6cIPD3Hy2aYQ,1745048116231,429,Access limit reached,"{'error': 'Access limit reached', 'retry_after': '6 hours 12 minutes'}"
28,U3gq6cIPD3Hy2aYQ,1745032984231,429,Access limit reached,"{'error': 'Access limit reached', 'retry_after': '6 hours 12 minutes'}"
28,U3gq6cIPD3Hy2aYQ,1745027815231,429,Access limit reached,"{'error': 'Access limit reached', 'retry_after': '6 hours 12 minutes'}"
28,U3gq6cIPD3Hy2aYQ,1745027433231,429,Access limit reached,"{'error': 'Access limit reached', 'retry_after': '6 hours 12 minutes'}"
28,U3gq6cIPD3Hy2aYQ,1745049092231,429,Access limit reached,"{'error': 'Access limit reached', 'retry_after': '6 hours 12 minutes'}"
28,U3gq6cIPD3Hy2aYQ,1745060662231,429,Access limit reached,"{'error': 'Access limit reached', 'retry_after': '6 hours 12 minutes'}"
28,U3gq6cIPD3Hy2aYQ,1745056163231,429,Access limit reached,"{'error': 'Access limit reached', 'retry_after': '6 hours 12 minutes'}"
28,U3gq6cIPD3Hy2aYQ,1745008011231,429,Access limit reached,"{'error': 'Access limit reached', 'retry_after': '6 hours 12 minutes'}"
28,U3gq6cIPD3Hy2aYQ,1745014138231,429,Access limit reached,"{'error': 'Access limit reached', 'retry_after': '6 hours 12 minutes'}"
28,U3gq6cIPD3Hy2aYQ,1745057441231,429,Access limit reached,"{'error': 'Access limit reached', 'retry_after': '6 hours 12 minutes'}"
28,U3gq6cIPD3Hy2aYQ,1745055350231,429,Access limit reached,"{'error': 'Access limit reached', 'retry_after': '6 hours 12 minutes'}"
28,U3gq6cIPD3Hy2aYQ,1745037832231,429,Access limit reached,"{'error': 'Access limit reached', 'retry_after': '6 hours 12 minutes'}"
28,U3gq6cIPD3Hy2aYQ,1745043183231,429,Access limit reached,"{'error': 'Access limit reached', 'retry_after': '6 hours 12 minutes'}"
28,U3gq6cIPD3Hy2aYQ,1745049270231,429,Access limit reached,"{'error': 'Access limit reached', 'retry_after': '6 hours 12 minutes'}"
28,U3gq6cIPD3Hy2aYQ,1745038383231,429,Access limit reached,"{'error': 'Access limit reached', 'retry_after': '6 hours 12 minutes'}"
28,U3gq6cIPD3Hy2aYQ,1745017928231,429,Access limit reached,"{'error': 'Access limit reached', 'retry_after': '6 hours 12 minutes'}"
28,U3gq6cIPD3Hy2aYQ,1745063426231,429,Access limit reached,"{'error': 'Access limit reached', 'retry_after': '6 hours 12 minutes'}"
28,U3gq6cIPD3Hy2aYQ,1745008605231,429,Access limit reached,"{'error': 'Access limit reached', 'retry_after': '6 hours 12 minutes'}"
28,U3gq6cIPD3Hy2aYQ,1745047898231,429,Access limit reached,"{'error': 'Access limit reached', 'retry_after': '6 hours 12 minutes'}"
28,U3gq6cIPD3Hy2aYQ,1745014022231,429,Access limit reached,"{'error': 'Access limit reached', 'retry_after': '6 hours 12 minutes'}"
29,z0JDHDmlF0xC3xmv,1745071825231,429,Access limit reached,"{'error': 'Access limit reached', 'retry_after': '6 hours 23 minutes'}"
29,z0JDHDmlF0xC3xmv,1745075174231,429,Access limit reached,"{'error': 'Access limit reached', 'retry_after': '6 hours 23 minutes'}"
29,z0JDHDmlF0xC3xmv,1745041973231,429,Access limit reached,"{'error': 'Access limit reached', 'retry_after': '6 hours 23 minutes'}"
29,z0JDHDmlF0xC3xmv,1745020032231,429,Access limit reached,"{'error': 'Access limit reached', 'retry_after': '6 hours 23 minutes'}"
29,z0JDHDmlF0xC3xmv,1745037506231,429,Access limit reached,"{'error': 'Access limit reached', 'retry_after': '6 hours 23 minutes'}"
29,z0JDHDmlF0xC3xmv,1745074832231,429,Access limit reached,"{'error': 'Access limit reached', 'retry_after': '6 hours 23 minutes'}"
29,z0JDHDmlF0xC3xmv,1745073980231,429,Access limit reached,"{'error': 'Access limit reached', 'retry_after': '6 hours 23 minutes'}"
29,z0JDHDmlF0xC3xmv,1745021033231,429,Access limit reached,"{'error': 'Access limit reached', 'retry_after': '6 hours 23 minutes'}"
29,z0JDHDmlF0xC3xmv,1745017250231,429,Access limit reached,"{'error': 'Access limit reached', 'retry_after': '6 hours 23 minutes'}"
29,z0JDHDmlF0xC3xmv,1745073823231,429,Access limit reached,"{'error': 'Access limit reached', 'retry_after': '6 hours 23 minutes'}"
29,z0JDHDmlF0xC3xmv,1745023281231,429,Access limit reached,"{'error': 'Access limit reached', 'retry_after': '6 hours 23 minutes'}"
29,z0JDHDmlF0xC3xmv,1745007605231,429,Access limit reached,"{'error': 'Access limit reached', 'retry_after': '6 hours 23 minutes'}"
29,z0JDHDmlF0xC3xmv,1745073047231,429,Access limit reached,"{'error': 'Access limit reached', 'retry_after': '6 hours 23 minutes'}"
29,z0JDHDmlF0xC3xmv,1745039943231,429,Access limit reached,"{'error': 'Access limit reached', 'retry_after': '6 hours 23 minutes'}"
29,z0JDHDmlF0xC3xmv,1745026999231,429,Access limit reached,"{'error': 'Access limit reached', 'retry_after': '6 hours 23 minutes'}"
29,z0JDHDmlF0xC3xmv,1745048126231,429,Access limit reached,"{'error': 'Access limit reached', 'retry_after': '6 hours 23 minutes'}"
29,z0JDHDmlF0xC3xmv,1745026781231,429,Access limit reached,"{'error': 'Access limit reached', 'retry_after': '6 hours 23 minutes'}"
29,z0JDHDmlF0xC3xmv,1745015555231,429,Access limit reached,"{'error': 'Access limit reached', 'retry_after': '6 hours 23 minutes'}"
29,z0JDHDmlF0xC3xmv,1745069945231,429,Access limit reached,"{'error': 'Access limit reached', 'retry_after': '6 hours 23 minutes'}"
29,z0JDHDmlF0xC3xmv,1745062630231,429,Access limit reached,"{'error': 'Access limit reached', 'retry_after': '6 hours 23 minutes'}"
29,z0JDHDmlF0xC3xmv,1745073353231,429,Access limit reached,"{'error': 'Access limit reached', 'retry_after': '6 hours 23 minutes'}"
29,z0JDHDmlF0xC3xmv,1745032964231,429,Access limit reached,"{'error': 'Access limit reached', 'retry_after': '6 hours 23 minutes'}"
29,z0JDHDmlF0xC3xmv,1745071050231,429,Access limit reached,"{'error': 'Access limit reached', 'retry_after': '6 hours 23 minutes'}"
29,z0JDHDmlF0xC3xmv,1745062951231,429,Access limit reached,"{'error': 'Access limit reached', 'retry_after': '6 hours 23 minutes'}"
29,z0JDHDmlF0xC3xmv,1745062837231,429,Access limit reached,"{'error': 'Access limit reached', 'retry_after': '6 hours 23 minutes'}"
29,z0JDHDmlF0xC3xmv,1745021554231,429,Access limit reached,"{'error': 'Access limit reached', 'retry_after': '6 hours 23 minutes'}"
29,z0JDHDmlF0xC3xmv,1745013628231,429,Access limit reached,"{'error': 'Access limit reached', 'retry_after': '6 hours 23 minutes'}"
29,z0JDHDmlF0xC3xmv,1745071103231,429,Access limit reached,"{'error': 'Access limit reached', 'retry_after': '6 hours 23 minutes'}"
29,z0JDHDmlF0xC3xmv,1745073851231,429,Access limit reached,"{'error': 'Access limit reached', 'retry_after': '6 hours 23 minutes'}"
29,z0JDHDmlF0xC3xmv,1745040892231,429,Access limit reached,"{'error': 'Access limit reached', 'retry_after': '6 hours 23 minutes'}"
29,z0JDHDmlF0xC3xmv,1745030563231,429,Access limit reached,"{'error': 'Access limit reached', 'retry_after': '6 hours 23 minutes'}"
29,z0JDHDmlF0xC3xmv,1745064402231,429,Access limit reached,"{'error': 'Access limit reached', 'retry_after': '6 hours 23 minutes'}"
29,z0JDHDmlF0xC3xmv,1745043806231,429,Access limit reached,"{'error': 'Access limit reached', 'retry_after': '6 hours 23 minutes'}"
29,z0JDHDmlF0xC3xmv,1745012265231,429,Access limit reached,"{'error': 'Access limit reached', 'retry_after': '6 hours 23 minutes'}"
29,z0JDHDmlF0xC3xmv,1745054280231,429,Access limit reached,"{'error': 'Access limit reached', 'retry_after': '6 hours 23 minutes'}"
29,z0JDHDmlF0xC3xmv,1745048777231,429,Access limit reached,"{'error': 'Access limit reached', 'retry_after': '6 hours 23 minutes'}"
29,z0JDHDmlF0xC3xmv,1745046479231,429,Access limit reached,"{'error': 'Access limit reached', 'retry_after': '6 hours 23 minutes'}"
29,z0JDHDmlF0xC3xmv,1745059657231,429,Access limit reached,"{'error': 'Access limit reached', 'retry_after': '6 hours 23 minutes'}"
29,z0JDHDmlF0xC3xmv,1745055244231,429,Access limit reached,"{'error': 'Access limit reached', 'retry_after': '6 hours 23 minutes'}"
30,och15Vm379Xa1g1Q,1745058569231,429,Access limit reached,"{'error': 'Access limit reached', 'retry_after': '5 hours 1 minutes'}"
30,och15Vm379Xa1g1Q,1745076090231,429,Access limit reached,"{'error': 'Access limit reached', 'retry_after': '5 hours 1 minutes'}"
30,och15Vm379Xa1g1Q,1745013194231,429,Access limit reached,"{'error': 'Access limit reached', 'retry_after': '5 hours 1 minutes'}"
30,och15Vm379Xa1g1Q,1745018420231,429,Access limit reached,"{'error': 'Access limit reached', 'retry_after': '5 hours 1 minutes'}"
30,och15Vm379Xa1g1Q,1745062796231,429,Access limit reached,"{'error': 'Access limit reached', 'retry_after': '5 hours 1 minutes'}"
30,och15Vm379Xa1g1Q,1745054060231,429,Access limit reached,"{'error': 'Access limit reached', 'retry_after': '5 hours 1 minutes'}"
30,och15Vm379Xa1g1Q,1745018774231,429,Access limit reached,"{'error': 'Access limit reached', 'retry_after': '5 hours 1 minutes'}"
30,och15Vm379Xa1g1Q,1745067190231,429,Access limit reached,"{'error': 'Access limit reached', 'retry_after': '5 hours 1 minutes'}"
30,och15Vm379Xa1g1Q,1745008878231,429,Access limit reached,"{'error': 'Access limit reached', 'retry_after': '5 hours 1 minutes'}"
30,och15Vm379Xa1g1Q,1745059514231,429,Access limit reached,"{'error': 'Access limit reached', 'retry_after': '5 hours 1 minutes'}"
30,och15Vm379Xa1g1Q,1745066569231,429,Access limit reached,"{'error': 'Access limit reached', 'retry_after': '5 hours 1 minutes'}"
30,och15Vm379Xa1g1Q,1745042146231,429,Access limit reached,"{'error': 'Access limit reached', 'retry_after': '5 hours 1 minutes'}"
30,och15Vm379Xa1g1Q,1745015532231,429,Access limit reached,"{'error': 'Access limit reached', 'retry_after': '5 hours 1 minutes'}"
30,och15Vm379Xa1g1Q,1745022475231,429,Access limit reached,"{'error': 'Access limit reached', 'retry_after': '5 hours 1 minutes'}"
30,och15Vm379Xa1g1Q,1745077235231,429,Access limit reached,"{'error': 'Access limit reached', 'retry_after': '5 hours 1 minutes'}"
30,och15Vm379Xa1g1Q,1745041629231,429,Access limit reached,"{'error': 'Access limit reached', 'retry_after': '5 hours 1 minutes'}"
30,och15Vm379Xa1g1Q,1745024086231,429,Access limit reached,"{'error': 'Access limit reached', 'retry_after': '5 hours 1 minutes'}"
30,och15Vm379Xa1g1Q,1745029089231,429,Access limit reached,"{'error': 'Access limit reached', 'retry_after': '5 hours 1 minutes'}"
30,och15Vm379Xa1g1Q,1745047797231,429,Access limit reached,"{'error': 'Access limit reached', 'retry_after': '5 hours 1 minutes'}"
30,och15Vm379Xa1g1Q,1745069619231,429,Access limit reached,"{'error': 'Access limit reached', 'retry_after': '5 hours 1 minutes'}"
30,och15Vm379Xa1g1Q,1745010287231,429,Access limit reached,"{'error': 'Access limit reached', 'retry_after': '5 hours 1 minutes'}"
30,och15Vm379Xa1g1Q,1745052742231,429,Access limit reached,"{'error': 'Access limit reached', 'retry_after': '5 hours 1 minutes'}"
30,och15Vm379Xa1g1Q,1745026606231,429,Access limit reached,"{'error': 'Access limit reached', 'retry_after': '5 hours 1 minutes'}"
30,och15Vm379Xa1g1Q,1745008968231,429,Access limit reached,"{'error': 'Access limit reached', 'retry_after': '5 hours 1 minutes'}"
30,och15Vm379Xa1g1Q,1745031649231,429,Access limit reached,"{'error': 'Access limit reached', 'retry_after': '5 hours 1 minutes'}"
30,och15Vm379Xa1g1Q,1745039450231,429,Access limit reached,"{'error': 'Access limit reached', 'retry_after': '5 hours 1 minutes'}"
30,och15Vm379Xa1g1Q,1745064591231,429,Access limit reached,"{'error': 'Access limit reached', 'retry_after': '5 hours 1 minutes'}"
30,och15Vm379Xa1g1Q,1745073161231,429,Access limit reached,"{'error': 'Access limit reached', 'retry_after': '5 hours 1 minutes'}"
30,och15Vm379Xa1g1Q,1745033022231,429,Access limit reached,"{'error': 'Access limit reached', 'retry_after': '5 hours 1 minutes'}"
31,sZaWrwSAC0YhuHOq,1745050452231,429,Access limit reached,"{'error': 'Access limit reached', 'retry_after': '5 hours 6 minutes'}"
31,sZaWrwSAC0YhuHOq,1745049755231,429,Access limit reached,"{'error': 'Access limit reached', 'retry_after': '5 hours 6 minutes'}"
31,sZaWrwSAC0YhuHOq,1745045536231,429,Access limit reached,"{'error': 'Access limit reached', 'retry_after': '5 hours 6 minutes'}"
31,sZaWrwSAC0YhuHOq,1745024162231,429,Access limit reached,"{'error': 'Access limit reached', 'retry_after': '5 hours 6 minutes'}"
31,sZaWrwSAC0YhuHOq,1745030071231,429,Access limit reached,"{'error': 'Access limit reached', 'retry_after': '5 hours 6 minutes'}"
31,sZaWrwSAC0YhuHOq,1745073200231,429,Access limit reached,"{'error': 'Access limit reached', 'retry_after': '5 hours 6 minutes'}"
31,sZaWrwSAC0YhuHOq,1745057883231,429,Access limit reached,"{'error': 'Access limit reached', 'retry_after': '5 hours 6 minutes'}"
31,sZaWrwSAC0YhuHOq,1745015852231,429,Access limit reached,"{'error': 'Access limit reached', 'retry_after': '5 hours 6 minutes'}"
31,sZaWrwSAC0YhuHOq,1745064379231,429,Access limit reached,"{'error': 'Access limit reached', 'retry_after': '5 hours 6 minutes'}"
31,sZaWrwSAC0YhuHOq,1745060619231,429,Access limit reached,"{'error': 'Access limit reached', 'retry_after': '5 hours 6 minutes'}"
31,sZaWrwSAC0YhuHOq,1745050188231,429,Access limit reached,"{'error': 'Access limit reached', 'retry_after': '5 hours 6 minutes'}"
31,sZaWrwSAC0YhuHOq,1745067069231,429,Access limit reached,"{'error': 'Access limit reached', 'retry_after': '5 hours 6 minutes'}"
31,sZaWrwSAC0YhuHOq,1745042555231,429,Access limit reached,"{'error': 'Access limit reached', 'retry_after': '5 hours 6 minutes'}"
31,sZaWrwSAC0YhuHOq,1745044953231,429,Access limit reached,"{'error': 'Access limit reached', 'retry_after': '5 hours 6 minutes'}"
31,sZaWrwSAC0YhuHOq,1745061734231,429,Access limit reached,"{'error': 'Access limit reached', 'retry_after': '5 hours 6 minutes'}"
31,sZaWrwSAC0YhuHOq,1745024015231,429,Access limit reached,"{'error': 'Access limit reached', 'retry_after': '5 hours 6 minutes'}"
31,sZaWrwSAC0YhuHOq,1745027927231,429,Access limit reached,"{'error': 'Access limit reached', 'retry_after': '5 hours 6 minutes'}"
31,sZaWrwSAC0YhuHOq,1745058716231,429,Access limit reached,"{'error': 'Access limit reached', 'retry_after': '5 hours 6 minutes'}"
31,sZaWrwSAC0YhuHOq,1745047503231,429,Access limit reached,"{'error': 'Access limit reached', 'retry_after': '5 hours 6 minutes'}"
31,sZaWrwSAC0YhuHOq,1745026514231,429,Access limit reached,"{'error': 'Access limit reached', 'retry_after': '5 hours 6 minutes'}"
31,sZaWrwSAC0YhuHOq,1745054846231,429,Access limit reached,"{'error': 'Access limit reached', 'retry_after': '5 hours 6 minutes'}"
31,sZaWrwSAC0YhuHOq,1745060186231,429,Access limit reached,"{'error': 'Access limit reached', 'retry_after': '5 hours 6 minutes'}"
31,sZaWrwSAC0YhuHOq,1745018694231,429,Access limit reached,"{'error': 'Access limit reached', 'retry_after': '5 hours 6 minutes'}"
31,sZaWrwSAC0YhuHOq,1745042730231,429,Access limit reached,"{'error': 'Access limit reached', 'retry_after': '5 hours 6 minutes'}"
31,sZaWrwSAC0YhuHOq,1745069463231,429,Access limit reached,"{'error': 'Access limit reached', 'retry_after': '5 hours 6 minutes'}"
31,sZaWrwSAC0YhuHOq,1745057091231,429,Access limit reached,"{'error': 'Access limit reached', 'retry_after': '5 hours 6 minutes'}"
31,sZaWrwSAC0YhuHOq,1745021562231,429,Access limit reached,"{'error': 'Access limit reached', 'retry_after': '5 hours 6 minutes'}"
31,sZaWrwSAC0YhuHOq,1745034480231,429,Access limit reached,"{'error': 'Access limit reached', 'retry_after': '5 hours 6 minutes'}"
31,sZaWrwSAC0YhuHOq,1745026259231,429,Access limit reached,"{'error': 'Access limit reached', 'retry_after': '5 hours 6 minutes'}"
31,sZaWrwSAC0YhuHOq,1745077809231,429,Access limit reached,"{'error': 'Access limit reached', 'retry_after': '5 hours 6 minutes'}"
31,sZaWrwSAC0YhuHOq,1745049229231,429,Access limit reached,"{'error': 'Access limit reached', 'retry_after': '5 hours 6 minutes'}"
31,sZaWrwSAC0YhuHOq,1745007357231,429,Access limit reached,"{'error': 'Access limit reached', 'retry_after': '5 hours 6 minutes'}"
31,sZaWrwSAC0YhuHOq,1745038731231,429,Access limit reached,"{'error': 'Access limit reached', 'retry_after': '5 hours 6 minutes'}"
32,z0JDHDmlF0xC3xmv,1745018954231,429,Access limit reached,"{'error': 'Access limit reached', 'retry_after': '6 hours 23 minutes'}"
32,z0JDHDmlF0xC3xmv,1745051306231,429,Access limit reached,"{'error': 'Access limit reached', 'retry_after': '6 hours 23 minutes'}"
32,z0JDHDmlF0xC3xmv,1745048286231,429,Access limit reached,"{'error': 'Access limit reached', 'retry_after': '6 hours 23 minutes'}"
32,z0JDHDmlF0xC3xmv,1745013221231,429,Access limit reached,"{'error': 'Access limit reached', 'retry_after': '6 hours 23 minutes'}"
32,z0JDHDmlF0xC3xmv,1745018991231,429,Access limit reached,"{'error': 'Access limit reached', 'retry_after': '6 hours 23 minutes'}"
32,z0JDHDmlF0xC3xmv,1745040641231,429,Access limit reached,"{'error': 'Access limit reached', 'retry_after': '6 hours 23 minutes'}"
32,z0JDHDmlF0xC3xmv,1745013150231,429,Access limit reached,"{'error': 'Access limit reached', 'retry_after': '6 hours 23 minutes'}"
32,z0JDHDmlF0xC3xmv,1745017492231,429,Access limit reached,"{'error': 'Access limit reached', 'retry_after': '6 hours 23 minutes'}"
32,z0JDHDmlF0xC3xmv,1745078915231,429,Access limit reached,"{'error': 'Access limit reached', 'retry_after': '6 hours 23 minutes'}"
32,z0JDHDmlF0xC3xmv,1745038289231,429,Access limit reached,"{'error': 'Access limit reached', 'retry_after': '6 hours 23 minutes'}"
32,z0JDHDmlF0xC3xmv,1745024452231,429,Access limit reached,"{'error': 'Access limit reached', 'retry_after': '6 hours 23 minutes'}"
32,z0JDHDmlF0xC3xmv,1745034187231,429,Access limit reached,"{'error': 'Access limit reached', 'retry_after': '6 hours 23 minutes'}"
32,z0JDHDmlF0xC3xmv,1745070721231,429,Access limit reached,"{'error': 'Access limit reached', 'retry_after': '6 hours 23 minutes'}"
32,z0JDHDmlF0xC3xmv,1745011160231,429,Access limit reached,"{'error': 'Access limit reached', 'retry_after': '6 hours 23 minutes'}"
32,z0JDHDmlF0xC3xmv,1745044531231,429,Access limit reached,"{'error': 'Access limit reached', 'retry_after': '6 hours 23 minutes'}"
32,z0JDHDmlF0xC3xmv,1745052029231,429,Access limit reached,"{'error': 'Access limit reached', 'retry_after': '6 hours 23 minutes'}"
32,z0JDHDmlF0xC3xmv,1745027407231,429,Access limit reached,"{'error': 'Access limit reached', 'retry_after': '6 hours 23 minutes'}"
32,z0JDHDmlF0xC3xmv,1745015976231,429,Access limit reached,"{'error': 'Access limit reached', 'retry_after': '6 hours 23 minutes'}"
32,z0JDHDmlF0xC3xmv,1745070112231,429,Access limit reached,"{'error': 'Access limit reached', 'retry_after': '6 hours 23 minutes'}"
32,z0JDHDmlF0xC3xmv,1745041375231,429,Access limit reached,"{'error': 'Access limit reached', 'retry_after': '6 hours 23 minutes'}"
32,z0JDHDmlF0xC3xmv,1745050468231,429,Access limit reached,"{'error': 'Access limit reached', 'retry_after': '6 hours 23 minutes'}"
32,z0JDHDmlF0xC3xmv,1745075654231,429,Access limit reached,"{'error': 'Access limit reached', 'retry_after': '6 hours 23 minutes'}"
32,z0JDHDmlF0xC3xmv,1745070697231,429,Access limit reached,"{'error': 'Access limit reached', 'retry_after': '6 hours 23 minutes'}"
32,z0JDHDmlF0xC3xmv,1745035513231,429,Access limit reached,"{'error': 'Access limit reached', 'retry_after': '6 hours 23 minutes'}"
32,z0JDHDmlF0xC3xmv,1745078304231,429,Access limit reached,"{'error': 'Access limit reached', 'retry_after': '6 hours 23 minutes'}"
32,z0JDHDmlF0xC3xmv,1745008113231,429,Access limit reached,"{'error': 'Access limit reached', 'retry_after': '6 hours 23 minutes'}"
33,IzFNSTGy3eHVyDTQ,1745044091231,429,Access limit reached,"{'error': 'Access limit reached', 'retry_after': '4 hours 51 minutes'}"
33,IzFNSTGy3eHVyDTQ,1745046242231,429,Access limit reached,"{'error': 'Access limit reached', 'retry_after': '4 hours 51 minutes'}"
33,IzFNSTGy3eHVyDTQ,1745050064231,429,Access limit reached,"{'error': 'Access limit reached', 'retry_after': '4 hours 51 minutes'}"
33,IzFNSTGy3eHVyDTQ,1745017727231,429,Access limit reached,"{'error': 'Access limit reached', 'retry_after': '4 hours 51 minutes'}"
33,IzFNSTGy3eHVyDTQ,1745052705231,429,Access limit reached,"{'error': 'Access limit reached', 'retry_after': '4 hours 51 minutes'}"
33,IzFNSTGy3eHVyDTQ,1745042630231,429,Access limit reached,"{'error': 'Access limit reached', 'retry_after': '4 hours 51 minutes'}"
33,IzFNSTGy3eHVyDTQ,1745077879231,429,Access limit reached,"{'error': 'Access limit reached', 'retry_after': '4 hours 51 minutes'}"
33,IzFNSTGy3eHVyDTQ,1745048971231,429,Access limit reached,"{'error': 'Access limit reached', 'retry_after': '4 hours 51 minutes'}"
33,IzFNSTGy3eHVyDTQ,1745061201231,429,Access limit reached,"{'error': 'Access limit reached', 'retry_after': '4 hours 51 minutes'}"
33,IzFNSTGy3eHVyDTQ,1745059894231,429,Access limit reached,"{'error': 'Access limit reached', 'retry_after': '4 hours 51 minutes'}"
33,IzFNSTGy3eHVyDTQ,1745049300231,429,Access limit reached,"{'error': 'Access limit reached', 'retry_after': '4 hours 51 minutes'}"
33,IzFNSTGy3eHVyDTQ,1745012396231,429,Access limit reached,"{'error': 'Access limit reached', 'retry_after': '4 hours 51 minutes'}"
33,IzFNSTGy3eHVyDTQ,1745041519231,429,Access limit reached,"{'error': 'Access limit reached', 'retry_after': '4 hours 51 minutes'}"
33,IzFNSTGy3eHVyDTQ,1745057574231,429,Access limit reached,"{'error': 'Access limit reached', 'retry_after': '4 hours 51 minutes'}"
33,IzFNSTGy3eHVyDTQ,1745059138231,429,Access limit reached,"{'error': 'Access limit reached', 'retry_after': '4 hours 51 minutes'}"
33,IzFNSTGy3eHVyDTQ,1745045378231,429,Access limit reached,"{'error': 'Access limit reached', 'retry_after': '4 hours 51 minutes'}"
33,IzFNSTGy3eHVyDTQ,1745020119231,429,Access limit reached,"{'error': 'Access limit reached', 'retry_after': '4 hours 51 minutes'}"
33,IzFNSTGy3eHVyDTQ,1745019546231,429,Access limit reached,"{'error': 'Access limit reached', 'retry_after': '4 hours 51 minutes'}"
33,IzFNSTGy3eHVyDTQ,1745013205231,429,Access limit reached,"{'error': 'Access limit reached', 'retry_after': '4 hours 51 minutes'}"
33,IzFNSTGy3eHVyDTQ,1745078378231,429,Access limit reached,"{'error': 'Access limit reached', 'retry_after': '4 hours 51 minutes'}"
33,IzFNSTGy3eHVyDTQ,1745032119231,429,Access limit reached,"{'error': 'Access limit reached', 'retry_after': '4 hours 51 minutes'}"
33,IzFNSTGy3eHVyDTQ,1745077335231,429,Access limit reached,"{'error': 'Access limit reached', 'retry_after': '4 hours 51 minutes'}"
33,IzFNSTGy3eHVyDTQ,1745011542231,429,Access limit reached,"{'error': 'Access limit reached', 'retry_after': '4 hours 51 minutes'}"
33,IzFNSTGy3eHVyDTQ,1745021381231,429,Access limit reached,"{'error': 'Access limit reached', 'retry_after': '4 hours 51 minutes'}"
33,IzFNSTGy3eHVyDTQ,1745043106231,429,Access limit reached,"{'error': 'Access limit reached', 'retry_after': '4 hours 51 minutes'}"
34,sZaWrwSAC0YhuHOq,1745033137231,429,Access limit reached,"{'error': 'Access limit reached', 'retry_after': '5 hours 6 minutes'}"
34,sZaWrwSAC0YhuHOq,1745053089231,429,Access limit reached,"{'error': 'Access limit reached', 'retry_after': '5 hours 6 minutes'}"
34,sZaWrwSAC0YhuHOq,1745029428231,429,Access limit reached,"{'error': 'Access limit reached', 'retry_after': '5 hours 6 minutes'}"
34,sZaWrwSAC0YhuHOq,1745078883231,429,Access limit reached,"{'error': 'Access limit reached', 'retry_after': '5 hours 6 minutes'}"
34,sZaWrwSAC0YhuHOq,1745071711231,429,Access limit reached,"{'error': 'Access limit reached', 'retry_after': '5 hours 6 minutes'}"
34,sZaWrwSAC0YhuHOq,1745016184231,429,Access limit reached,"{'error': 'Access limit reached', 'retry_after': '5 hours 6 minutes'}"
34,sZaWrwSAC0YhuHOq,1745009083231,429,Access limit reached,"{'error': 'Access limit reached', 'retry_after': '5 hours 6 minutes'}"
34,sZaWrwSAC0YhuHOq,1745010336231,429,Access limit reached,"{'error': 'Access limit reached', 'retry_after': '5 hours 6 minutes'}"
34,sZaWrwSAC0YhuHOq,1745063481231,429,Access limit reached,"{'error': 'Access limit reached', 'retry_after': '5 hours 6 minutes'}"
34,sZaWrwSAC0YhuHOq,1745065481231,429,Access limit reached,"{'error': 'Access limit reached', 'retry_after': '5 hours 6 minutes'}"
34,sZaWrwSAC0YhuHOq,1745026998231,429,Access limit reached,"{'error': 'Access limit reached', 'retry_after': '5 hours 6 minutes'}"
34,sZaWrwSAC0YhuHOq,1745026709231,429,Access limit reached,"{'error': 'Access limit reached', 'retry_after': '5 hours 6 minutes'}"
34,sZaWrwSAC0YhuHOq,1745062706231,429,Access limit reached,"{'error': 'Access limit reached', 'retry_after': '5 hours 6 minutes'}"
34,sZaWrwSAC0YhuHOq,1745026406231,429,Access limit reached,"{'error': 'Access limit reached', 'retry_after': '5 hours 6 minutes'}"
34,sZaWrwSAC0YhuHOq,1745008011231,429,Access limit reached,"{'error': 'Access limit reached', 'retry_after': '5 hours 6 minutes'}"
34,sZaWrwSAC0YhuHOq,1745009603231,429,Access limit reached,"{'error': 'Access limit reached', 'retry_after': '5 hours 6 minutes'}"
34,sZaWrwSAC0YhuHOq,1745020265231,429,Access limit reached,"{'error': 'Access limit reached', 'retry_after': '5 hours 6 minutes'}"
34,sZaWrwSAC0YhuHOq,1745046166231,429,Access limit reached,"{'error': 'Access limit reached', 'retry_after': '5 hours 6 minutes'}"
34,sZaWrwSAC0YhuHOq,1745015505231,429,Access limit reached,"{'error': 'Access limit reached', 'retry_after': '5 hours 6 minutes'}"
34,sZaWrwSAC0YhuHOq,1745014559231,429,Access limit reached,"{'error': 'Access limit reached', 'retry_after': '5 hours 6 minutes'}"
34,sZaWrwSAC0YhuHOq,1745061983231,429,Access limit reached,"{'error': 'Access limit reached', 'retry_after': '5 hours 6 minutes'}"
34,sZaWrwSAC0YhuHOq,1745008211231,429,Access limit reached,"{'error': 'Access limit reached', 'retry_after': '5 hours 6 minutes'}"
34,sZaWrwSAC0YhuHOq,1745034783231,429,Access limit reached,"{'error': 'Access limit reached', 'retry_after': '5 hours 6 minutes'}"
34,sZaWrwSAC0YhuHOq,1745054210231,429,Access limit reached,"{'error': 'Access limit reached', 'retry_after': '5 hours 6 minutes'}"
34,sZaWrwSAC0YhuHOq,1745028272231,429,Access limit reached,"{'error': 'Access limit reached', 'retry_after': '5 hours 6 minutes'}"
34,sZaWrwSAC0YhuHOq,1745012120231,429,Access limit reached,"{'error': 'Access limit reached', 'retry_after': '5 hours 6 minutes'}"
34,sZaWrwSAC0YhuHOq,1745057894231,429,Access limit reached,"{'error': 'Access limit reached', 'retry_after': '5 hours 6 minutes'}"
34,sZaWrwSAC0YhuHOq,1745055661231,429,Access limit reached,"{'error': 'Access limit reached', 'retry_after': '5 hours 6 minutes'}"
34,sZaWrwSAC0YhuHOq,1745011039231,429,Access limit reached,"{'error': 'Access limit reached', 'retry_after': '5 hours 6 minutes'}"
34,sZaWrwSAC0YhuHOq,1745007869231,429,Access limit reached,"{'error': 'Access limit reached', 'retry_after': '5 hours 6 minutes'}"
34,sZaWrwSAC0YhuHOq,1745027018231,429,Access limit reached,"{'error': 'Access limit reached', 'retry_after': '5 hours 6 minutes'}"
34,sZaWrwSAC0YhuHOq,1745070399231,429,Access limit reached,"{'error': 'Access limit reached', 'retry_after': '5 hours 5 minutes'}"
34,sZaWrwSAC0YhuHOq,1745042613231,429,Access limit reached,"{'error': 'Access limit reached', 'retry_after': '5 hours 5 minutes'}"
34,sZaWrwSAC0YhuHOq,1745076299231,429,Access limit reached,"{'error': 'Access limit reached', 'retry_after': '5 hours 5 minutes'}"
34,sZaWrwSAC0YhuHOq,1745071901231,429,Access limit reached,"{'error': 'Access limit reached', 'retry_after': '5 hours 5 minutes'}"
34,sZaWrwSAC0YhuHOq,1745052040231,429,Access limit reached,"{'error': 'Access limit reached', 'retry_after': '5 hours 5 minutes'}"
34,sZaWrwSAC0YhuHOq,1745012924231,429,Access limit reached,"{'error': 'Access limit reached', 'retry_after': '5 hours 5 minutes'}"
34,sZaWrwSAC0YhuHOq,1745055243231,429,Access limit reached,"{'error': 'Access limit reached', 'retry_after': '5 hours 5 minutes'}"
34,sZaWrwSAC0YhuHOq,1745064079231,429,Access limit reached,"{'error': 'Access limit reached', 'retry_after': '5 hours 5 minutes'}"
35,Mu2ElMy8h0J9vztp,1745063370231,429,Access limit reached,"{'error': 'Access limit reached', 'retry_after': '5 hours 11 minutes'}"
35,Mu2ElMy8h0J9vztp,1745039134231,429,Access limit reached,"{'error': 'Access limit reached', 'retry_after': '5 hours 11 minutes'}"
35,Mu2ElMy8h0J9vztp,1745041552231,429,Access limit reached,"{'error': 'Access limit reached', 'retry_after': '5 hours 11 minutes'}"
35,Mu2ElMy8h0J9vztp,1745038586231,429,Access limit reached,"{'error': 'Access limit reached', 'retry_after': '5 hours 11 minutes'}"
35,Mu2ElMy8h0J9vztp,1745028017231,429,Access limit reached,"{'error': 'Access limit reached', 'retry_after': '5 hours 11 minutes'}"
35,Mu2ElMy8h0J9vztp,1745041945231,429,Access limit reached,"{'error': 'Access limit reached', 'retry_after': '5 hours 11 minutes'}"
35,Mu2ElMy8h0J9vztp,1745052422231,429,Access limit reached,"{'error': 'Access limit reached', 'retry_after': '5 hours 11 minutes'}"
35,Mu2ElMy8h0J9vztp,1745038858231,429,Access limit reached,"{'error': 'Access limit reached', 'retry_after': '5 hours 11 minutes'}"
35,Mu2ElMy8h0J9vztp,1745027273231,429,Access limit reached,"{'error': 'Access limit reached', 'retry_after': '5 hours 11 minutes'}"
35,Mu2ElMy8h0J9vztp,1745073455231,429,Access limit reached,"{'error': 'Access limit reached', 'retry_after': '5 hours 11 minutes'}"
35,Mu2ElMy8h0J9vztp,1745043518231,429,Access limit reached,"{'error': 'Access limit reached', 'retry_after': '5 hours 11 minutes'}"
35,Mu2ElMy8h0J9vztp,1745068556231,429,Access limit reached,"{'error': 'Access limit reached', 'retry_after': '5 hours 11 minutes'}"
35,Mu2ElMy8h0J9vztp,1745017411231,429,Access limit reached,"{'error': 'Access limit reached', 'retry_after': '5 hours 11 minutes'}"
35,Mu2ElMy8h0J9vztp,1745077486231,429,Access limit reached,"{'error': 'Access limit reached', 'retry_after': '5 hours 11 minutes'}"
35,Mu2ElMy8h0J9vztp,1745054662231,429,Access limit reached,"{'error': 'Access limit reached', 'retry_after': '5 hours 11 minutes'}"
35,Mu2ElMy8h0J9vztp,1745011784231,429,Access limit reached,"{'error': 'Access limit reached', 'retry_after': '5 hours 11 minutes'}"
35,Mu2ElMy8h0J9vztp,1745073925231,429,Access limit reached,"{'error': 'Access limit reached', 'retry_after': '5 hours 11 minutes'}"
35,Mu2ElMy8h0J9vztp,1745010876231,429,Access limit reached,"{'error': 'Access limit reached', 'retry_after': '5 hours 11 minutes'}"
35,Mu2ElMy8h0J9vztp,1745017683231,429,Access limit reached,"{'error': 'Access limit reached', 'retry_after': '5 hours 11 minutes'}"
35,Mu2ElMy8h0J9vztp,1745060328231,429,Access limit reached,"{'error': 'Access limit reached', 'retry_after': '5 hours 11 minutes'}"
35,Mu2ElMy8h0J9vztp,1745036337231,429,Access limit reached,"{'error': 'Access limit reached', 'retry_after': '5 hours 11 minutes'}"
35,Mu2ElMy8h0J9vztp,1745043036231,429,Access limit reached,"{'error': 'Access limit reached', 'retry_after': '5 hours 11 minutes'}"
35,Mu2ElMy8h0J9vztp,1745026772231,429,Access limit reached,"{'error': 'Access limit reached', 'retry_after': '5 hours 11 minutes'}"
35,Mu2ElMy8h0J9vztp,1745011761231,429,Access limit reached,"{'error': 'Access limit reached', 'retry_after': '5 hours 11 minutes'}"
35,Mu2ElMy8h0J9vztp,1745050650231,429,Access limit reached,"{'error': 'Access limit reached', 'retry_after': '5 hours 11 minutes'}"
35,Mu2ElMy8h0J9vztp,1745069120231,429,Access limit reached,"{'error': 'Access limit reached', 'retry_after': '5 hours 11 minutes'}"
35,Mu2ElMy8h0J9vztp,1745058220231,429,Access limit reached,"{'error': 'Access limit reached', 'retry_after': '5 hours 11 minutes'}"
35,Mu2ElMy8h0J9vztp,1745069272231,429,Access limit reached,"{'error': 'Access limit reached', 'retry_after': '5 hours 11 minutes'}"
35,Mu2ElMy8h0J9vztp,1745040544231,429,Access limit reached,"{'error': 'Access limit reached', 'retry_after': '5 hours 11 minutes'}"
35,Mu2ElMy8h0J9vztp,1745065335231,429,Access limit reached,"{'error': 'Access limit reached', 'retry_after': '5 hours 11 minutes'}"
35,Mu2ElMy8h0J9vztp,1745028285231,429,Access limit reached,"{'error': 'Access limit reached', 'retry_after': '5 hours 11 minutes'}"
35,Mu2ElMy8h0J9vztp,1745055054231,429,Access limit reached,"{'error': 'Access limit reached', 'retry_after': '5 hours 11 minutes'}"
35,Mu2ElMy8h0J9vztp,1745064546231,429,Access limit reached,"{'error': 'Access limit reached', 'retry_after': '5 hours 11 minutes'}"
35,Mu2ElMy8h0J9vztp,1745020803231,429,Access limit reached,"{'error': 'Access limit reached', 'retry_after': '5 hours 11 minutes'}"
36,4YHYRv9IiZ7e2gos,1745012757231,429,Access limit reached,"{'error': 'Access limit reached', 'retry_after': '4 hours 48 minutes'}"
36,4YHYRv9IiZ7e2gos,1745008975231,429,Access limit reached,"{'error': 'Access limit reached', 'retry_after': '4 hours 48 minutes'}"
36,4YHYRv9IiZ7e2gos,1745054881231,429,Access limit reached,"{'error': 'Access limit reached', 'retry_after': '4 hours 48 minutes'}"
36,4YHYRv9IiZ7e2gos,1745044147231,429,Access limit reached,"{'error': 'Access limit reached', 'retry_after': '4 hours 48 minutes'}"
36,4YHYRv9IiZ7e2gos,1745054410231,429,Access limit reached,"{'error': 'Access limit reached', 'retry_after': '4 hours 48 minutes'}"
36,4YHYRv9IiZ7e2gos,1745056291231,429,Access limit reached,"{'error': 'Access limit reached', 'retry_after': '4 hours 48 minutes'}"
36,4YHYRv9IiZ7e2gos,1745053402231,429,Access limit reached,"{'error': 'Access limit reached', 'retry_after': '4 hours 48 minutes'}"
36,4YHYRv9IiZ7e2gos,1745059143231,429,Access limit reached,"{'error': 'Access limit reached', 'retry_after': '4 hours 48 minutes'}"
36,4YHYRv9IiZ7e2gos,1745049630231,429,Access limit reached,"{'error': 'Access limit reached', 'retry_after': '4 hours 48 minutes'}"
36,4YHYRv9IiZ7e2gos,1745045811231,429,Access limit reached,"{'error': 'Access limit reached', 'retry_after': '4 hours 48 minutes'}"
36,4YHYRv9IiZ7e2gos,1745015748231,429,Access limit reached,"{'error': 'Access limit reached', 'retry_after': '4 hours 48 minutes'}"
36,4YHYRv9IiZ7e2gos,1745067104231,429,Access limit reached,"{'error': 'Access limit reached', 'retry_after': '4 hours 48 minutes'}"
36,4YHYRv9IiZ7e2gos,1745037027231,429,Access limit reached,"{'error': 'Access limit reached', 'retry_after': '4 hours 48 minutes'}"
36,4YHYRv9IiZ7e2gos,1745061345231,429,Access limit reached,"{'error': 'Access limit reached', 'retry_after': '4 hours 48 minutes'}"
36,4YHYRv9IiZ7e2gos,1745068340231,429,Access limit reached,"{'error': 'Access limit reached', 'retry_after': '4 hours 48 minutes'}"
36,4YHYRv9IiZ7e2gos,1745063018231,429,Access limit reached,"{'error': 'Access limit reached', 'retry_after': '4 hours 48 minutes'}"
36,4YHYRv9IiZ7e2gos,1745047173231,429,Access limit reached,"{'error': 'Access limit reached', 'retry_after': '4 hours 48 minutes'}"
36,4YHYRv9IiZ7e2gos,1745067531231,429,Access limit reached,"{'error': 'Access limit reached', 'retry_after': '4 hours 48 minutes'}"
36,4YHYRv9IiZ7e2gos,1745017755231,429,Access limit reached,"{'error': 'Access limit reached', 'retry_after': '4 hours 48 minutes'}"
36,4YHYRv9IiZ7e2gos,1745038844231,429,Access limit reached,"{'error': 'Access limit reached', 'retry_after': '4 hours 48 minutes'}"
36,4YHYRv9IiZ7e2gos,1745039324231,429,Access limit reached,"{'error': 'Access limit reached', 'retry_after': '4 hours 48 minutes'}"
36,4YHYRv9IiZ7e2gos,1745064996231,429,Access limit reached,"{'error': 'Access limit reached', 'retry_after': '4 hours 48 minutes'}"
36,4YHYRv9IiZ7e2gos,1745030344231,429,Access limit reached,"{'error': 'Access limit reached', 'retry_after': '4 hours 48 minutes'}"
36,4YHYRv9IiZ7e2gos,1745057004231,429,Access limit reached,"{'error': 'Access limit reached', 'retry_after': '4 hours 48 minutes'}"
36,4YHYRv9IiZ7e2gos,1745017522231,429,Access limit reached,"{'error': 'Access limit reached', 'retry_after': '4 hours 48 minutes'}"
36,4YHYRv9IiZ7e2gos,1745078885231,429,Access limit reached,"{'error': 'Access limit reached', 'retry_after': '4 hours 48 minutes'}"
36,4YHYRv9IiZ7e2gos,1745077818231,429,Access limit reached,"{'error': 'Access limit reached', 'retry_after': '4 hours 48 minutes'}"
36,4YHYRv9IiZ7e2gos,1745007962231,429,Access limit reached,"{'error': 'Access limit reached', 'retry_after': '4 hours 48 minutes'}"
36,4YHYRv9IiZ7e2gos,1745038537231,429,Access limit reached,"{'error': 'Access limit reached', 'retry_after': '4 hours 48 minutes'}"
36,4YHYRv9IiZ7e2gos,1745067708231,429,Access limit reached,"{'error': 'Access limit reached', 'retry_after': '4 hours 48 minutes'}"
36,4YHYRv9IiZ7e2gos,1745050221231,429,Access limit reached,"{'error': 'Access limit reached', 'retry_after': '4 hours 48 minutes'}"
36,4YHYRv9IiZ7e2gos,1745024091231,429,Access limit reached,"{'error': 'Access limit reached', 'retry_after': '4 hours 48 minutes'}"
36,4YHYRv9IiZ7e2gos,1745023614231,429,Access limit reached,"{'error': 'Access limit reached', 'retry_after': '4 hours 48 minutes'}"
36,4YHYRv9IiZ7e2gos,1745057435231,429,Access limit reached,"{'error': 'Access limit reached', 'retry_after': '4 hours 48 minutes'}"
36,4YHYRv9IiZ7e2gos,1745052676231,429,Access limit reached,"{'error': 'Access limit reached', 'retry_after': '4 hours 48 minutes'}"
36,4YHYRv9IiZ7e2gos,1745031120231,429,Access limit reached,"{'error': 'Access limit reached', 'retry_after': '4 hours 48 minutes'}"
36,4YHYRv9IiZ7e2gos,1745027542231,429,Access limit reached,"{'error': 'Access limit reached', 'retry_after': '4 hours 48 minutes'}"
36,4YHYRv9IiZ7e2gos,1745076663231,429,Access limit reached,"{'error': 'Access limit reached', 'retry_after': '4 hours 48 minutes'}"
36,4YHYRv9IiZ7e2gos,1745067336231,429,Access limit reached,"{'error': 'Access limit reached', 'retry_after': '4 hours 48 minutes'}"
36,4YHYRv9IiZ7e2gos,1745022097231,429,Access limit reached,"{'error': 'Access limit reached', 'retry_after': '4 hours 48 minutes'}"
36,4YHYRv9IiZ7e2gos,1745042154231,429,Access limit reached,"{'error': 'Access limit reached', 'retry_after': '4 hours 48 minutes'}"
37,U3gq6cIPD3Hy2aYQ,1745007131231,429,Access limit reached,"{'error': 'Access limit reached', 'retry_after': '6 hours 11 minutes'}"
37,U3gq6cIPD3Hy2aYQ,1745048849231,429,Access limit reached,"{'error': 'Access limit reached', 'retry_after': '6 hours 11 minutes'}"
37,U3gq6cIPD3Hy2aYQ,1745027995231,429,Access limit reached,"{'error': 'Access limit reached', 'retry_after': '6 hours 11 minutes'}"
37,U3gq6cIPD3Hy2aYQ,1745075403231,429,Access limit reached,"{'error': 'Access limit reached', 'retry_after': '6 hours 11 minutes'}"
37,U3gq6cIPD3Hy2aYQ,1745032967231,429,Access limit reached,"{'error': 'Access limit reached', 'retry_after': '6 hours 11 minutes'}"
37,U3gq6cIPD3Hy2aYQ,1745066389231,429,Access limit reached,"{'error': 'Access limit reached', 'retry_after': '6 hours 11 minutes'}"
37,U3gq6cIPD3Hy2aYQ,1745034539231,429,Access limit reached,"{'error': 'Access limit reached', 'retry_after': '6 hours 11 minutes'}"
37,U3gq6cIPD3Hy2aYQ,1745029334231,429,Access limit reached,"{'error': 'Access limit reached', 'retry_after': '6 hours 11 minutes'}"
37,U3gq6cIPD3Hy2aYQ,1745031128231,429,Access limit reached,"{'error': 'Access limit reached', 'retry_after': '6 hours 11 minutes'}"
37,U3gq6cIPD3Hy2aYQ,1745023732231,429,Access limit reached,"{'error': 'Access limit reached', 'retry_after': '6 hours 11 minutes'}"
37,U3gq6cIPD3Hy2aYQ,1745031424231,429,Access limit reached,"{'error': 'Access limit reached', 'retry_after': '6 hours 11 minutes'}"
37,U3gq6cIPD3Hy2aYQ,1745055066231,429,Access limit reached,"{'error': 'Access limit reached', 'retry_after': '6 hours 11 minutes'}"
37,U3gq6cIPD3Hy2aYQ,1745018452231,429,Access limit reached,"{'error': 'Access limit reached', 'retry_after': '6 hours 11 minutes'}"
37,U3gq6cIPD3Hy2aYQ,1745066781231,429,Access limit reached,"{'error': 'Access limit reached', 'retry_after': '6 hours 11 minutes'}"
37,U3gq6cIPD3Hy2aYQ,1745060052231,429,Access limit reached,"{'error': 'Access limit reached', 'retry_after': '6 hours 11 minutes'}"
37,U3gq6cIPD3Hy2aYQ,1745078689231,429,Access limit reached,"{'error': 'Access limit reached', 'retry_after': '6 hours 11 minutes'}"
37,U3gq6cIPD3Hy2aYQ,1745050571231,429,Access limit reached,"{'error': 'Access limit reached', 'retry_after': '6 hours 11 minutes'}"
37,U3gq6cIPD3Hy2aYQ,1745009232231,429,Access limit reached,"{'error': 'Access limit reached', 'retry_after': '6 hours 11 minutes'}"
37,U3gq6cIPD3Hy2aYQ,1745029609231,429,Access limit reached,"{'error': 'Access limit reached', 'retry_after': '6 hours 11 minutes'}"
37,U3gq6cIPD3Hy2aYQ,1745013951231,429,Access limit reached,"{'error': 'Access limit reached', 'retry_after': '6 hours 11 minutes'}"
37,U3gq6cIPD3Hy2aYQ,1745061694231,429,Access limit reached,"{'error': 'Access limit reached', 'retry_after': '6 hours 11 minutes'}"
37,U3gq6cIPD3Hy2aYQ,1745033887231,429,Access limit reached,"{'error': 'Access limit reached', 'retry_after': '6 hours 11 minutes'}"
37,U3gq6cIPD3Hy2aYQ,1745048293231,429,Access limit reached,"{'error': 'Access limit reached', 'retry_after': '6 hours 11 minutes'}"
37,U3gq6cIPD3Hy2aYQ,1745048040231,429,Access limit reached,"{'error': 'Access limit reached', 'retry_after': '6 hours 11 minutes'}"
37,U3gq6cIPD3Hy2aYQ,1745015818231,429,Access limit reached,"{'error': 'Access limit reached', 'retry_after': '6 hours 11 minutes'}"
37,U3gq6cIPD3Hy2aYQ,1745053046231,429,Access limit reached,"{'error': 'Access limit reached', 'retry_after': '6 hours 11 minutes'}"
37,U3gq6cIPD3Hy2aYQ,1745040650231,429,Access limit reached,"{'error': 'Access limit reached', 'retry_after': '6 hours 11 minutes'}"
37,U3gq6cIPD3Hy2aYQ,1745059620231,429,Access limit reached,"{'error': 'Access limit reached', 'retry_after': '6 hours 11 minutes'}"
37,U3gq6cIPD3Hy2aYQ,1745058120231,429,Access limit reached,"{'error': 'Access limit reached', 'retry_after': '6 hours 11 minutes'}"
37,U3gq6cIPD3Hy2aYQ,1745076914231,429,Access limit reached,"{'error': 'Access limit reached', 'retry_after': '6 hours 11 minutes'}"
37,U3gq6cIPD3Hy2aYQ,1745037217231,429,Access limit reached,"{'error': 'Access limit reached', 'retry_after': '6 hours 11 minutes'}"
37,U3gq6cIPD3Hy2aYQ,1745017090231,429,Access limit reached,"{'error': 'Access limit reached', 'retry_after': '6 hours 11 minutes'}"
37,U3gq6cIPD3Hy2aYQ,1745053841231,429,Access limit reached,"{'error': 'Access limit reached', 'retry_after': '6 hours 11 minutes'}"
37,U3gq6cIPD3Hy2aYQ,1745069537231,429,Access limit reached,"{'error': 'Access limit reached', 'retry_after': '6 hours 11 minutes'}"
37,U3gq6cIPD3Hy2aYQ,1745065038231,429,Access limit reached,"{'error': 'Access limit reached', 'retry_after': '6 hours 11 minutes'}"
37,U3gq6cIPD3Hy2aYQ,1745029825231,429,Access limit reached,"{'error': 'Access limit reached', 'retry_after': '6 hours 11 minutes'}"
37,U3gq6cIPD3Hy2aYQ,1745025600231,429,Access limit reached,"{'error': 'Access limit reached', 'retry_after': '6 hours 11 minutes'}"
37,U3gq6cIPD3Hy2aYQ,1745020303231,429,Access limit reached,"{'error': 'Access limit reached', 'retry_after': '6 hours 11 minutes'}"
37,U3gq6cIPD3Hy2aYQ,1745075850231,429,Access limit reached,"{'error': 'Access limit reached', 'retry_after': '6 hours 11 minutes'}"
37,U3gq6cIPD3Hy2aYQ,1745046924231,429,Access limit reached,"{'error': 'Access limit reached', 'retry_after': '6 hours 11 minutes'}"
37,U3gq6cIPD3Hy2aYQ,1745008972231,429,Access limit reached,"{'error': 'Access limit reached', 'retry_after': '6 hours 11 minutes'}"
37,U3gq6cIPD3Hy2aYQ,1745036730231,429,Access limit reached,"{'error': 'Access limit reached', 'retry_after': '6 hours 11 minutes'}"
37,U3gq6cIPD3Hy2aYQ,1745022157231,429,Access limit reached,"{'error': 'Access limit reached', 'retry_after': '6 hours 11 minutes'}"
38,IzFNSTGy3eHVyDTQ,1745057098231,429,Access limit reached,"{'error': 'Access limit reached', 'retry_after': '4 hours 51 minutes'}"
38,IzFNSTGy3eHVyDTQ,1745033942231,429,Access limit reached,"{'error': 'Access limit reached', 'retry_after': '4 hours 51 minutes'}"
38,IzFNSTGy3eHVyDTQ,1745020497231,429,Access limit reached,"{'error': 'Access limit reached', 'retry_after': '4 hours 51 minutes'}"
38,IzFNSTGy3eHVyDTQ,1745066339231,429,Access limit reached,"{'error': 'Access limit reached', 'retry_after': '4 hours 51 minutes'}"
38,IzFNSTGy3eHVyDTQ,1745072950231,429,Access limit reached,"{'error': 'Access limit reached', 'retry_after': '4 hours 51 minutes'}"
38,IzFNSTGy3eHVyDTQ,1745044991231,429,Access limit reached,"{'error': 'Access limit reached', 'retry_after': '4 hours 51 minutes'}"
38,IzFNSTGy3eHVyDTQ,1745035703231,429,Access limit reached,"{'error': 'Access limit reached', 'retry_after': '4 hours 51 minutes'}"
38,IzFNSTGy3eHVyDTQ,1745062462231,429,Access limit reached,"{'error': 'Access limit reached', 'retry_after': '4 hours 51 minutes'}"
38,IzFNSTGy3eHVyDTQ,1745054099231,429,Access limit reached,"{'error': 'Access limit reached', 'retry_after': '4 hours 51 minutes'}"
38,IzFNSTGy3eHVyDTQ,1745060735231,429,Access limit reached,"{'error': 'Access limit reached', 'retry_after': '4 hours 51 minutes'}"
38,IzFNSTGy3eHVyDTQ,1745007457231,429,Access limit reached,"{'error': 'Access limit reached', 'retry_after': '4 hours 51 minutes'}"
38,IzFNSTGy3eHVyDTQ,1745062467231,429,Access limit reached,"{'error': 'Access limit reached', 'retry_after': '4 hours 51 minutes'}"
38,IzFNSTGy3eHVyDTQ,1745034077231,429,Access limit reached,"{'error': 'Access limit reached', 'retry_after': '4 hours 51 minutes'}"
38,IzFNSTGy3eHVyDTQ,1745046053231,429,Access limit reached,"{'error': 'Access limit reached', 'retry_after': '4 hours 51 minutes'}"
38,IzFNSTGy3eHVyDTQ,1745030009231,429,Access limit reached,"{'error': 'Access limit reached', 'retry_after': '4 hours 51 minutes'}"
38,IzFNSTGy3eHVyDTQ,1745049599231,429,Access limit reached,"{'error': 'Access limit reached', 'retry_after': '4 hours 51 minutes'}"
38,IzFNSTGy3eHVyDTQ,1745025573231,429,Access limit reached,"{'error': 'Access limit reached', 'retry_after': '4 hours 51 minutes'}"
38,IzFNSTGy3eHVyDTQ,1745030661231,429,Access limit reached,"{'error': 'Access limit reached', 'retry_after': '4 hours 51 minutes'}"
38,IzFNSTGy3eHVyDTQ,1745029342231,429,Access limit reached,"{'error': 'Access limit reached', 'retry_after': '4 hours 51 minutes'}"
38,IzFNSTGy3eHVyDTQ,1745076426231,429,Access limit reached,"{'error': 'Access limit reached', 'retry_after': '4 hours 51 minutes'}"
38,IzFNSTGy3eHVyDTQ,1745066611231,429,Access limit reached,"{'error': 'Access limit reached', 'retry_after': '4 hours 51 minutes'}"
38,IzFNSTGy3eHVyDTQ,1745026557231,429,Access limit reached,"{'error': 'Access limit reached', 'retry_after': '4 hours 51 minutes'}"
38,IzFNSTGy3eHVyDTQ,1745020250231,429,Access limit reached,"{'error': 'Access limit reached', 'retry_after': '4 hours 51 minutes'}"
38,IzFNSTGy3eHVyDTQ,1745075024231,429,Access limit reached,"{'error': 'Access limit reached', 'retry_after': '4 hours 51 minutes'}"
38,IzFNSTGy3eHVyDTQ,1745033437231,429,Access limit reached,"{'error': 'Access limit reached', 'retry_after': '4 hours 51 minutes'}"
38,IzFNSTGy3eHVyDTQ,1745021965231,429,Access limit reached,"{'error': 'Access limit reached', 'retry_after': '4 hours 51 minutes'}"
38,IzFNSTGy3eHVyDTQ,1745023638231,429,Access limit reached,"{'error': 'Access limit reached', 'retry_after': '4 hours 51 minutes'}"
38,IzFNSTGy3eHVyDTQ,1745057172231,429,Access limit reached,"{'error': 'Access limit reached', 'retry_after': '4 hours 51 minutes'}"
38,IzFNSTGy3eHVyDTQ,1745041113231,429,Access limit reached,"{'error': 'Access limit reached', 'retry_after': '4 hours 51 minutes'}"
38,IzFNSTGy3eHVyDTQ,1745075150231,429,Access limit reached,"{'error': 'Access limit reached', 'retry_after': '4 hours 51 minutes'}"
39,och15Vm379Xa1g1Q,1745058390231,429,Access limit reached,"{'error': 'Access limit reached', 'retry_after': '5 hours 0 minutes'}"
39,och15Vm379Xa1g1Q,1745026909231,429,Access limit reached,"{'error': 'Access limit reached', 'retry_after': '5 hours 0 minutes'}"
39,och15Vm379Xa1g1Q,1745054053231,429,Access limit reached,"{'error': 'Access limit reached', 'retry_after': '5 hours 0 minutes'}"
39,och15Vm379Xa1g1Q,1745072524231,429,Access limit reached,"{'error': 'Access limit reached', 'retry_after': '5 hours 0 minutes'}"
39,och15Vm379Xa1g1Q,1745018433231,429,Access limit reached,"{'error': 'Access limit reached', 'retry_after': '5 hours 0 minutes'}"
39,och15Vm379Xa1g1Q,1745057802231,429,Access limit reached,"{'error': 'Access limit reached', 'retry_after': '5 hours 0 minutes'}"
39,och15Vm379Xa1g1Q,1745061957231,429,Access limit reached,"{'error': 'Access limit reached', 'retry_after': '5 hours 0 minutes'}"
39,och15Vm379Xa1g1Q,1745036623231,429,Access limit reached,"{'error': 'Access limit reached', 'retry_after': '5 hours 0 minutes'}"
39,och15Vm379Xa1g1Q,1745037004231,429,Access limit reached,"{'error': 'Access limit reached', 'retry_after': '5 hours 0 minutes'}"
39,och15Vm379Xa1g1Q,1745059720231,429,Access limit reached,"{'error': 'Access limit reached', 'retry_after': '5 hours 0 minutes'}"
39,och15Vm379Xa1g1Q,1745016438231,429,Access limit reached,"{'error': 'Access limit reached', 'retry_after': '5 hours 0 minutes'}"
39,och15Vm379Xa1g1Q,1745046337231,429,Access limit reached,"{'error': 'Access limit reached', 'retry_after': '5 hours 0 minutes'}"
39,och15Vm379Xa1g1Q,1745074447231,429,Access limit reached,"{'error': 'Access limit reached', 'retry_after': '5 hours 0 minutes'}"
39,och15Vm379Xa1g1Q,1745045363231,429,Access limit reached,"{'error': 'Access limit reached', 'retry_after': '5 hours 0 minutes'}"
39,och15Vm379Xa1g1Q,1745035556231,429,Access limit reached,"{'error': 'Access limit reached', 'retry_after': '5 hours 0 minutes'}"
39,och15Vm379Xa1g1Q,1745038654231,429,Access limit reached,"{'error': 'Access limit reached', 'retry_after': '5 hours 0 minutes'}"
39,och15Vm379Xa1g1Q,1745060304231,429,Access limit reached,"{'error': 'Access limit reached', 'retry_after': '5 hours 0 minutes'}"
39,och15Vm379Xa1g1Q,1745050045231,429,Access limit reached,"{'error': 'Access limit reached', 'retry_after': '5 hours 0 minutes'}"
39,och15Vm379Xa1g1Q,1745074039231,429,Access limit reached,"{'error': 'Access limit reached', 'retry_after': '5 hours 0 minutes'}"
39,och15Vm379Xa1g1Q,1745022966231,429,Access limit reached,"{'error': 'Access limit reached', 'retry_after': '5 hours 0 minutes'}"
39,och15Vm379Xa1g1Q,1745064477231,429,Access limit reached,"{'error': 'Access limit reached', 'retry_after': '5 hours 0 minutes'}"
39,och15Vm379Xa1g1Q,1745058252231,429,Access limit reached,"{'error': 'Access limit reached', 'retry_after': '5 hours 0 minutes'}"
39,och15Vm379Xa1g1Q,1745069504231,429,Access limit reached,"{'error': 'Access limit reached', 'retry_after': '5 hours 0 minutes'}"
39,och15Vm379Xa1g1Q,1745058908231,429,Access limit reached,"{'error': 'Access limit reached', 'retry_after': '5 hours 0 minutes'}"
39,och15Vm379Xa1g1Q,1745055362231,429,Access limit reached,"{'error': 'Access limit reached', 'retry_after': '5 hours 0 minutes'}"
39,och15Vm379Xa1g1Q,1745047646231,429,Access limit reached,"{'error': 'Access limit reached', 'retry_after': '5 hours 0 minutes'}"
39,och15Vm379Xa1g1Q,1745028702231,429,Access limit reached,"{'error': 'Access limit reached', 'retry_after': '5 hours 0 minutes'}"
39,och15Vm379Xa1g1Q,1745078340231,429,Access limit reached,"{'error': 'Access limit reached', 'retry_after': '5 hours 0 minutes'}"
39,och15Vm379Xa1g1Q,1745018620231,429,Access limit reached,"{'error': 'Access limit reached', 'retry_after': '5 hours 0 minutes'}"
39,och15Vm379Xa1g1Q,1745034965231,429,Access limit reached,"{'error': 'Access limit reached', 'retry_after': '5 hours 0 minutes'}"
39,och15Vm379Xa1g1Q,1745011292231,429,Access limit reached,"{'error': 'Access limit reached', 'retry_after': '5 hours 0 minutes'}"
39,och15Vm379Xa1g1Q,1745060862231,429,Access limit reached,"{'error': 'Access limit reached', 'retry_after': '5 hours 0 minutes'}"
39,och15Vm379Xa1g1Q,1745046323231,429,Access limit reached,"{'error': 'Access limit reached', 'retry_after': '5 hours 0 minutes'}"
39,och15Vm379Xa1g1Q,1745015473231,429,Access limit reached,"{'error': 'Access limit reached', 'retry_after': '5 hours 0 minutes'}"
40,U3gq6cIPD3Hy2aYQ,1745015062231,429,Access limit reached,"{'error': 'Access limit reached', 'retry_after': '6 hours 11 minutes'}"
40,U3gq6cIPD3Hy2aYQ,1745059108231,429,Access limit reached,"{'error': 'Access limit reached', 'retry_after': '6 hours 11 minutes'}"
40,U3gq6cIPD3Hy2aYQ,1745021260231,429,Access limit reached,"{'error': 'Access limit reached', 'retry_after': '6 hours 11 minutes'}"
40,U3gq6cIPD3Hy2aYQ,1745047257231,429,Access limit reached,"{'error': 'Access limit reached', 'retry_after': '6 hours 11 minutes'}"
40,U3gq6cIPD3Hy2aYQ,1745036692231,429,Access limit reached,"{'error': 'Access limit reached', 'retry_after': '6 hours 11 minutes'}"
40,U3gq6cIPD3Hy2aYQ,1745029533231,429,Access limit reached,"{'error': 'Access limit reached', 'retry_after': '6 hours 11 minutes'}"
40,U3gq6cIPD3Hy2aYQ,1745038267231,429,Access limit reached,"{'error': 'Access limit reached', 'retry_after': '6 hours 11 minutes'}"
40,U3gq6cIPD3Hy2aYQ,1745057374231,429,Access limit reached,"{'error': 'Access limit reached', 'retry_after': '6 hours 11 minutes'}"
40,U3gq6cIPD3Hy2aYQ,1745031157231,429,Access limit reached,"{'error': 'Access limit reached', 'retry_after': '6 hours 11 minutes'}"
40,U3gq6cIPD3Hy2aYQ,1745018242231,429,Access limit reached,"{'error': 'Access limit reached', 'retry_after': '6 hours 11 minutes'}"
40,U3gq6cIPD3Hy2aYQ,1745067785231,429,Access limit reached,"{'error': 'Access limit reached', 'retry_after': '6 hours 11 minutes'}"
40,U3gq6cIPD3Hy2aYQ,1745075896231,429,Access limit reached,"{'error': 'Access limit reached', 'retry_after': '6 hours 11 minutes'}"
40,U3gq6cIPD3Hy2aYQ,1745023732231,429,Access limit reached,"{'error': 'Access limit reached', 'retry_after': '6 hours 11 minutes'}"
40,U3gq6cIPD3Hy2aYQ,1745052022231,429,Access limit reached,"{'error': 'Access limit reached', 'retry_after': '6 hours 11 minutes'}"
40,U3gq6cIPD3Hy2aYQ,1745047057231,429,Access limit reached,"{'error': 'Access limit reached', 'retry_after': '6 hours 11 minutes'}"
40,U3gq6cIPD3Hy2aYQ,1745036088231,429,Access limit reached,"{'error': 'Access limit reached', 'retry_after': '6 hours 11 minutes'}"
40,U3gq6cIPD3Hy2aYQ,1745036934231,429,Access limit reached,"{'error': 'Access limit reached', 'retry_after': '6 hours 11 minutes'}"
40,U3gq6cIPD3Hy2aYQ,1745055426231,429,Access limit reached,"{'error': 'Access limit reached', 'retry_after': '6 hours 11 minutes'}"
40,U3gq6cIPD3Hy2aYQ,1745012764231,429,Access limit reached,"{'error': 'Access limit reached', 'retry_after': '6 hours 11 minutes'}"
40,U3gq6cIPD3Hy2aYQ,1745073786231,429,Access limit reached,"{'error': 'Access limit reached', 'retry_after': '6 hours 11 minutes'}"
40,U3gq6cIPD3Hy2aYQ,1745023192231,429,Access limit reached,"{'error': 'Access limit reached', 'retry_after': '6 hours 11 minutes'}"
40,U3gq6cIPD3Hy2aYQ,1745070127231,429,Access limit reached,"{'error': 'Access limit reached', 'retry_after': '6 hours 11 minutes'}"
40,U3gq6cIPD3Hy2aYQ,1745067525231,429,Access limit reached,"{'error': 'Access limit reached', 'retry_after': '6 hours 11 minutes'}"
40,U3gq6cIPD3Hy2aYQ,1745033184231,429,Access limit reached,"{'error': 'Access limit reached', 'retry_after': '6 hours 11 minutes'}"
40,U3gq6cIPD3Hy2aYQ,1745048763231,429,Access limit reached,"{'error': 'Access limit reached', 'retry_after': '6 hours 11 minutes'}"
40,U3gq6cIPD3Hy2aYQ,1745071682231,429,Access limit reached,"{'error': 'Access limit reached', 'retry_after': '6 hours 11 minutes'}"
40,U3gq6cIPD3Hy2aYQ,1745032932231,429,Access limit reached,"{'error': 'Access limit reached', 'retry_after': '6 hours 11 minutes'}"
40,U3gq6cIPD3Hy2aYQ,1745033294231,429,Access limit reached,"{'error': 'Access limit reached', 'retry_after': '6 hours 11 minutes'}"
40,U3gq6cIPD3Hy2aYQ,1745067728231,429,Access limit reached,"{'error': 'Access limit reached', 'retry_after': '6 hours 11 minutes'}"
40,U3gq6cIPD3Hy2aYQ,1745038089231,429,Access limit reached,"{'error': 'Access limit reached', 'retry_after': '6 hours 11 minutes'}"
40,U3gq6cIPD3Hy2aYQ,1745078309231,429,Access limit reached,"{'error': 'Access limit reached', 'retry_after': '6 hours 11 minutes'}"
40,U3gq6cIPD3Hy2aYQ,1745039629231,429,Access limit reached,"{'error': 'Access limit reached', 'retry_after': '6 hours 11 minutes'}"
40,U3gq6cIPD3Hy2aYQ,1745017689231,429,Access limit reached,"{'error': 'Access limit reached', 'retry_after': '6 hours 11 minutes'}"
40,U3gq6cIPD3Hy2aYQ,1745030897231,429,Access limit reached,"{'error': 'Access limit reached', 'retry_after': '6 hours 11 minutes'}"
40,U3gq6cIPD3Hy2aYQ,1745053373231,429,Access limit reached,"{'error': 'Access limit reached', 'retry_after': '6 hours 11 minutes'}"
40,U3gq6cIPD3Hy2aYQ,1745074768231,429,Access limit reached,"{'error': 'Access limit reached', 'retry_after': '6 hours 11 minutes'}"
40,U3gq6cIPD3Hy2aYQ,1745015569231,429,Access limit reached,"{'error': 'Access limit reached', 'retry_after': '6 hours 11 minutes'}"
40,U3gq6cIPD3Hy2aYQ,1745034930231,429,Access limit reached,"{'error': 'Access limit reached', 'retry_after': '6 hours 11 minutes'}"
40,U3gq6cIPD3Hy2aYQ,1745048128231,429,Access limit reached,"{'error': 'Access limit reached', 'retry_after': '6 hours 11 minutes'}"
40,U3gq6cIPD3Hy2aYQ,1745033288231,429,Access limit reached,"{'error': 'Access limit reached', 'retry_after': '6 hours 11 minutes'}"
40,U3gq6cIPD3Hy2aYQ,1745028758231,429,Access limit reached,"{'error': 'Access limit reached', 'retry_after': '6 hours 11 minutes'}"
40,U3gq6cIPD3Hy2aYQ,1745077690231,429,Access limit reached,"{'error': 'Access limit reached', 'retry_after': '6 hours 11 minutes'}"
40,U3gq6cIPD3Hy2aYQ,1745064746231,429,Access limit reached,"{'error': 'Access limit reached', 'retry_after': '6 hours 11 minutes'}"
40,U3gq6cIPD3Hy2aYQ,1745012653231,429,Access limit reached,"{'error': 'Access limit reached', 'retry_after': '6 hours 11 minutes'}"
40,U3gq6cIPD3Hy2aYQ,1745034667231,429,Access limit reached,"{'error': 'Access limit reached', 'retry_after': '6 hours 11 minutes'}"
41,3nBKrhW1fBAghtFJ,1745047893231,429,Access limit reached,"{'error': 'Access limit reached', 'retry_after': '4 hours 59 minutes'}"
41,3nBKrhW1fBAghtFJ,1745015331231,429,Access limit reached,"{'error': 'Access limit reached', 'retry_after': '4 hours 59 minutes'}"
41,3nBKrhW1fBAghtFJ,1745049205231,429,Access limit reached,"{'error': 'Access limit reached', 'retry_after': '4 hours 59 minutes'}"
41,3nBKrhW1fBAghtFJ,1745067597231,429,Access limit reached,"{'error': 'Access limit reached', 'retry_after': '4 hours 59 minutes'}"
41,3nBKrhW1fBAghtFJ,1745019748231,429,Access limit reached,"{'error': 'Access limit reached', 'retry_after': '4 hours 59 minutes'}"
41,3nBKrhW1fBAghtFJ,1745028416231,429,Access limit reached,"{'error': 'Access limit reached', 'retry_after': '4 hours 59 minutes'}"
41,3nBKrhW1fBAghtFJ,1745023731231,429,Access limit reached,"{'error': 'Access limit reached', 'retry_after': '4 hours 59 minutes'}"
41,3nBKrhW1fBAghtFJ,1745050295231,429,Access limit reached,"{'error': 'Access limit reached', 'retry_after': '4 hours 59 minutes'}"
41,3nBKrhW1fBAghtFJ,1745052009231,429,Access limit reached,"{'error': 'Access limit reached', 'retry_after': '4 hours 59 minutes'}"
41,3nBKrhW1fBAghtFJ,1745032018231,429,Access limit reached,"{'error': 'Access limit reached', 'retry_after': '4 hours 59 minutes'}"
41,3nBKrhW1fBAghtFJ,1745022439231,429,Access limit reached,"{'error': 'Access limit reached', 'retry_after': '4 hours 59 minutes'}"
41,3nBKrhW1fBAghtFJ,1745018254231,429,Access limit reached,"{'error': 'Access limit reached', 'retry_after': '4 hours 59 minutes'}"
41,3nBKrhW1fBAghtFJ,1745041366231,429,Access limit reached,"{'error': 'Access limit reached', 'retry_after': '4 hours 59 minutes'}"
41,3nBKrhW1fBAghtFJ,1745042747231,429,Access limit reached,"{'error': 'Access limit reached', 'retry_after': '4 hours 59 minutes'}"
41,3nBKrhW1fBAghtFJ,1745040599231,429,Access limit reached,"{'error': 'Access limit reached', 'retry_after': '4 hours 59 minutes'}"
41,3nBKrhW1fBAghtFJ,1745014604231,429,Access limit reached,"{'error': 'Access limit reached', 'retry_after': '4 hours 59 minutes'}"
41,3nBKrhW1fBAghtFJ,1745036119231,429,Access limit reached,"{'error': 'Access limit reached', 'retry_after': '4 hours 59 minutes'}"
41,3nBKrhW1fBAghtFJ,1745056345231,429,Access limit reached,"{'error': 'Access limit reached', 'retry_after': '4 hours 59 minutes'}"
41,3nBKrhW1fBAghtFJ,1745062582231,429,Access limit reached,"{'error': 'Access limit reached', 'retry_after': '4 hours 59 minutes'}"
41,3nBKrhW1fBAghtFJ,1745032717231,429,Access limit reached,"{'error': 'Access limit reached', 'retry_after': '4 hours 59 minutes'}"
41,3nBKrhW1fBAghtFJ,1745075118231,429,Access limit reached,"{'error': 'Access limit reached', 'retry_after': '4 hours 59 minutes'}"
41,3nBKrhW1fBAghtFJ,1745008410231,429,Access limit reached,"{'error': 'Access limit reached', 'retry_after': '4 hours 59 minutes'}"
41,3nBKrhW1fBAghtFJ,1745020337231,429,Access limit reached,"{'error': 'Access limit reached', 'retry_after': '4 hours 59 minutes'}"
41,3nBKrhW1fBAghtFJ,1745048925231,429,Access limit reached,"{'error': 'Access limit reached', 'retry_after': '4 hours 59 minutes'}"
41,3nBKrhW1fBAghtFJ,1745068501231,429,Access limit reached,"{'error': 'Access limit reached', 'retry_after': '4 hours 59 minutes'}"
41,3nBKrhW1fBAghtFJ,1745060735231,429,Access limit reached,"{'error': 'Access limit reached', 'retry_after': '4 hours 59 minutes'}"
41,3nBKrhW1fBAghtFJ,1745015801231,429,Access limit reached,"{'error': 'Access limit reached', 'retry_after': '4 hours 59 minutes'}"
41,3nBKrhW1fBAghtFJ,1745044709231,429,Access limit reached,"{'error': 'Access limit reached', 'retry_after': '4 hours 59 minutes'}"
41,3nBKrhW1fBAghtFJ,1745035245231,429,Access limit reached,"{'error': 'Access limit reached', 'retry_after': '4 hours 59 minutes'}"
41,3nBKrhW1fBAghtFJ,1745048187231,429,Access limit reached,"{'error': 'Access limit reached', 'retry_after': '4 hours 59 minutes'}"
41,3nBKrhW1fBAghtFJ,1745067164231,429,Access limit reached,"{'error': 'Access limit reached', 'retry_after': '4 hours 59 minutes'}"
41,3nBKrhW1fBAghtFJ,1745051004231,429,Access limit reached,"{'error': 'Access limit reached', 'retry_after': '4 hours 59 minutes'}"
41,3nBKrhW1fBAghtFJ,1745054830231,429,Access limit reached,"{'error': 'Access limit reached', 'retry_after': '4 hours 59 minutes'}"
41,3nBKrhW1fBAghtFJ,1745007823231,429,Access limit reached,"{'error': 'Access limit reached', 'retry_after': '4 hours 59 minutes'}"
41,3nBKrhW1fBAghtFJ,1745032954231,429,Access limit reached,"{'error': 'Access limit reached', 'retry_after': '4 hours 59 minutes'}"
41,3nBKrhW1fBAghtFJ,1745079006231,429,Access limit reached,"{'error': 'Access limit reached', 'retry_after': '4 hours 59 minutes'}"
42,h94anv2bwU2NJJkA,1745010721231,429,Access limit reached,"{'error': 'Access limit reached', 'retry_after': '6 hours 58 minutes'}"
42,h94anv2bwU2NJJkA,1745029699231,429,Access limit reached,"{'error': 'Access limit reached', 'retry_after': '6 hours 58 minutes'}"
42,h94anv2bwU2NJJkA,1745043355231,429,Access limit reached,"{'error': 'Access limit reached', 'retry_after': '6 hours 58 minutes'}"
42,h94anv2bwU2NJJkA,1745035341231,429,Access limit reached,"{'error': 'Access limit reached', 'retry_after': '6 hours 58 minutes'}"
42,h94anv2bwU2NJJkA,1745024584231,429,Access limit reached,"{'error': 'Access limit reached', 'retry_after': '6 hours 58 minutes'}"
42,h94anv2bwU2NJJkA,1745027409231,429,Access limit reached,"{'error': 'Access limit reached', 'retry_after': '6 hours 58 minutes'}"
42,h94anv2bwU2NJJkA,1745015843231,429,Access limit reached,"{'error': 'Access limit reached', 'retry_after': '6 hours 58 minutes'}"
42,h94anv2bwU2NJJkA,1745061257231,429,Access limit reached,"{'error': 'Access limit reached', 'retry_after': '6 hours 58 minutes'}"
42,h94anv2bwU2NJJkA,1745075860231,429,Access limit reached,"{'error': 'Access limit reached', 'retry_after': '6 hours 58 minutes'}"
42,h94anv2bwU2NJJkA,1745039338231,429,Access limit reached,"{'error': 'Access limit reached', 'retry_after': '6 hours 58 minutes'}"
42,h94anv2bwU2NJJkA,1745071532231,429,Access limit reached,"{'error': 'Access limit reached', 'retry_after': '6 hours 58 minutes'}"
42,h94anv2bwU2NJJkA,1745067543231,429,Access limit reached,"{'error': 'Access limit reached', 'retry_after': '6 hours 58 minutes'}"
42,h94anv2bwU2NJJkA,1745025441231,429,Access limit reached,"{'error': 'Access limit reached', 'retry_after': '6 hours 58 minutes'}"
42,h94anv2bwU2NJJkA,1745074982231,429,Access limit reached,"{'error': 'Access limit reached', 'retry_after': '6 hours 58 minutes'}"
42,h94anv2bwU2NJJkA,1745073984231,429,Access limit reached,"{'error': 'Access limit reached', 'retry_after': '6 hours 58 minutes'}"
42,h94anv2bwU2NJJkA,1745057721231,429,Access limit reached,"{'error': 'Access limit reached', 'retry_after': '6 hours 58 minutes'}"
42,h94anv2bwU2NJJkA,1745071075231,429,Access limit reached,"{'error': 'Access limit reached', 'retry_after': '6 hours 58 minutes'}"
42,h94anv2bwU2NJJkA,1745067556231,429,Access limit reached,"{'error': 'Access limit reached', 'retry_after': '6 hours 58 minutes'}"
42,h94anv2bwU2NJJkA,1745066905231,429,Access limit reached,"{'error': 'Access limit reached', 'retry_after': '6 hours 58 minutes'}"
42,h94anv2bwU2NJJkA,1745009055231,429,Access limit reached,"{'error': 'Access limit reached', 'retry_after': '6 hours 58 minutes'}"
42,h94anv2bwU2NJJkA,1745032463231,429,Access limit reached,"{'error': 'Access limit reached', 'retry_after': '6 hours 58 minutes'}"
42,h94anv2bwU2NJJkA,1745028267231,429,Access limit reached,"{'error': 'Access limit reached', 'retry_after': '6 hours 58 minutes'}"
42,h94anv2bwU2NJJkA,1745067603231,429,Access limit reached,"{'error': 'Access limit reached', 'retry_after': '6 hours 58 minutes'}"
42,h94anv2bwU2NJJkA,1745016861231,429,Access limit reached,"{'error': 'Access limit reached', 'retry_after': '6 hours 58 minutes'}"
42,h94anv2bwU2NJJkA,1745078173231,429,Access limit reached,"{'error': 'Access limit reached', 'retry_after': '6 hours 58 minutes'}"
42,h94anv2bwU2NJJkA,1745029196231,429,Access limit reached,"{'error': 'Access limit reached', 'retry_after': '6 hours 58 minutes'}"
42,h94anv2bwU2NJJkA,1745047455231,429,Access limit reached,"{'error': 'Access limit reached', 'retry_after': '6 hours 58 minutes'}"
42,h94anv2bwU2NJJkA,1745021332231,429,Access limit reached,"{'error': 'Access limit reached', 'retry_after': '6 hours 58 minutes'}"
42,h94anv2bwU2NJJkA,1745059022231,429,Access limit reached,"{'error': 'Access limit reached', 'retry_after': '6 hours 58 minutes'}"
42,h94anv2bwU2NJJkA,1745029175231,429,Access limit reached,"{'error': 'Access limit reached', 'retry_after': '6 hours 58 minutes'}"
42,h94anv2bwU2NJJkA,1745020460231,429,Access limit reached,"{'error': 'Access limit reached', 'retry_after': '6 hours 58 minutes'}"
42,h94anv2bwU2NJJkA,1745042936231,429,Access limit reached,"{'error': 'Access limit reached', 'retry_after': '6 hours 58 minutes'}"
43,Mu2ElMy8h0J9vztp,1745038809231,429,Access limit reached,"{'error': 'Access limit reached', 'retry_after': '5 hours 10 minutes'}"
43,Mu2ElMy8h0J9vztp,1745016286231,429,Access limit reached,"{'error': 'Access limit reached', 'retry_after': '5 hours 10 minutes'}"
43,Mu2ElMy8h0J9vztp,1745010238231,429,Access limit reached,"{'error': 'Access limit reached', 'retry_after': '5 hours 10 minutes'}"
43,Mu2ElMy8h0J9vztp,1745046983231,429,Access limit reached,"{'error': 'Access limit reached', 'retry_after': '5 hours 10 minutes'}"
43,Mu2ElMy8h0J9vztp,1745029139231,429,Access limit reached,"{'error': 'Access limit reached', 'retry_after': '5 hours 10 minutes'}"
43,Mu2ElMy8h0J9vztp,1745059698231,429,Access limit reached,"{'error': 'Access limit reached', 'retry_after': '5 hours 10 minutes'}"
43,Mu2ElMy8h0J9vztp,1745031163231,429,Access limit reached,"{'error': 'Access limit reached', 'retry_after': '5 hours 10 minutes'}"
43,Mu2ElMy8h0J9vztp,1745061459231,429,Access limit reached,"{'error': 'Access limit reached', 'retry_after': '5 hours 10 minutes'}"
43,Mu2ElMy8h0J9vztp,1745011707231,429,Access limit reached,"{'error': 'Access limit reached', 'retry_after': '5 hours 10 minutes'}"
43,Mu2ElMy8h0J9vztp,1745020727231,429,Access limit reached,"{'error': 'Access limit reached', 'retry_after': '5 hours 10 minutes'}"
43,Mu2ElMy8h0J9vztp,1745034404231,429,Access limit reached,"{'error': 'Access limit reached', 'retry_after': '5 hours 10 minutes'}"
43,Mu2ElMy8h0J9vztp,1745055991231,429,Access limit reached,"{'error': 'Access limit reached', 'retry_after': '5 hours 10 minutes'}"
43,Mu2ElMy8h0J9vztp,1745065650231,429,Access limit reached,"{'error': 'Access limit reached', 'retry_after': '5 hours 10 minutes'}"
43,Mu2ElMy8h0J9vztp,1745051371231,429,Access limit reached,"{'error': 'Access limit reached', 'retry_after': '5 hours 10 minutes'}"
43,Mu2ElMy8h0J9vztp,1745032108231,429,Access limit reached,"{'error': 'Access limit reached', 'retry_after': '5 hours 10 minutes'}"
43,Mu2ElMy8h0J9vztp,1745059268231,429,Access limit reached,"{'error': 'Access limit reached', 'retry_after': '5 hours 10 minutes'}"
43,Mu2ElMy8h0J9vztp,1745041082231,429,Access limit reached,"{'error': 'Access limit reached', 'retry_after': '5 hours 10 minutes'}"
43,Mu2ElMy8h0J9vztp,1745022850231,429,Access limit reached,"{'error': 'Access limit reached', 'retry_after': '5 hours 10 minutes'}"
43,Mu2ElMy8h0J9vztp,1745031377231,429,Access limit reached,"{'error': 'Access limit reached', 'retry_after': '5 hours 10 minutes'}"
43,Mu2ElMy8h0J9vztp,1745015144231,429,Access limit reached,"{'error': 'Access limit reached', 'retry_after': '5 hours 10 minutes'}"
43,Mu2ElMy8h0J9vztp,1745046025231,429,Access limit reached,"{'error': 'Access limit reached', 'retry_after': '5 hours 10 minutes'}"
43,Mu2ElMy8h0J9vztp,1745037929231,429,Access limit reached,"{'error': 'Access limit reached', 'retry_after': '5 hours 10 minutes'}"
43,Mu2ElMy8h0J9vztp,1745049941231,429,Access limit reached,"{'error': 'Access limit reached', 'retry_after': '5 hours 10 minutes'}"
43,Mu2ElMy8h0J9vztp,1745017175231,429,Access limit reached,"{'error': 'Access limit reached', 'retry_after': '5 hours 10 minutes'}"
43,Mu2ElMy8h0J9vztp,1745076490231,429,Access limit reached,"{'error': 'Access limit reached', 'retry_after': '5 hours 10 minutes'}"
43,Mu2ElMy8h0J9vztp,1745013726231,429,Access limit reached,"{'error': 'Access limit reached', 'retry_after': '5 hours 10 minutes'}"
43,Mu2ElMy8h0J9vztp,1745009362231,429,Access limit reached,"{'error': 'Access limit reached', 'retry_after': '5 hours 10 minutes'}"
43,Mu2ElMy8h0J9vztp,1745021823231,429,Access limit reached,"{'error': 'Access limit reached', 'retry_after': '5 hours 10 minutes'}"
43,Mu2ElMy8h0J9vztp,1745034920231,429,Access limit reached,"{'error': 'Access limit reached', 'retry_after': '5 hours 10 minutes'}"
43,Mu2ElMy8h0J9vztp,1745063871231,429,Access limit reached,"{'error': 'Access limit reached', 'retry_after': '5 hours 10 minutes'}"
43,Mu2ElMy8h0J9vztp,1745026984231,429,Access limit reached,"{'error': 'Access limit reached', 'retry_after': '5 hours 10 minutes'}"
43,Mu2ElMy8h0J9vztp,1745048769231,429,Access limit reached,"{'error': 'Access limit reached', 'retry_after': '5 hours 10 minutes'}"
43,Mu2ElMy8h0J9vztp,1745034476231,429,Access limit reached,"{'error': 'Access limit reached', 'retry_after': '5 hours 10 minutes'}"
43,Mu2ElMy8h0J9vztp,1745021013231,429,Access limit reached,"{'error': 'Access limit reached', 'retry_after': '5 hours 10 minutes'}"
44,IzFNSTGy3eHVyDTQ,1745048640231,429,Access limit reached,"{'error': 'Access limit reached', 'retry_after': '4 hours 50 minutes'}"
44,IzFNSTGy3eHVyDTQ,1745036911231,429,Access limit reached,"{'error': 'Access limit reached', 'retry_after': '4 hours 50 minutes'}"
44,IzFNSTGy3eHVyDTQ,1745026146231,429,Access limit reached,"{'error': 'Access limit reached', 'retry_after': '4 hours 50 minutes'}"
44,IzFNSTGy3eHVyDTQ,1745045758231,429,Access limit reached,"{'error': 'Access limit reached', 'retry_after': '4 hours 50 minutes'}"
44,IzFNSTGy3eHVyDTQ,1745020296231,429,Access limit reached,"{'error': 'Access limit reached', 'retry_after': '4 hours 50 minutes'}"
44,IzFNSTGy3eHVyDTQ,1745016523231,429,Access limit reached,"{'error': 'Access limit reached', 'retry_after': '4 hours 50 minutes'}"
44,IzFNSTGy3eHVyDTQ,1745073951231,429,Access limit reached,"{'error': 'Access limit reached', 'retry_after': '4 hours 50 minutes'}"
44,IzFNSTGy3eHVyDTQ,1745012352231,429,Access limit reached,"{'error': 'Access limit reached', 'retry_after': '4 hours 50 minutes'}"
44,IzFNSTGy3eHVyDTQ,1745061235231,429,Access limit reached,"{'error': 'Access limit reached', 'retry_after': '4 hours 50 minutes'}"
44,IzFNSTGy3eHVyDTQ,1745067601231,429,Access limit reached,"{'error': 'Access limit reached', 'retry_after': '4 hours 50 minutes'}"
44,IzFNSTGy3eHVyDTQ,1745059660231,429,Access limit reached,"{'error': 'Access limit reached', 'retry_after': '4 hours 50 minutes'}"
44,IzFNSTGy3eHVyDTQ,1745057226231,429,Access limit reached,"{'error': 'Access limit reached', 'retry_after': '4 hours 50 minutes'}"
44,IzFNSTGy3eHVyDTQ,1745077638231,429,Access limit reached,"{'error': 'Access limit reached', 'retry_after': '4 hours 50 minutes'}"
44,IzFNSTGy3eHVyDTQ,1745039469231,429,Access limit reached,"{'error': 'Access limit reached', 'retry_after': '4 hours 50 minutes'}"
44,IzFNSTGy3eHVyDTQ,1745017479231,429,Access limit reached,"{'error': 'Access limit reached', 'retry_after': '4 hours 50 minutes'}"
44,IzFNSTGy3eHVyDTQ,1745056119231,429,Access limit reached,"{'error': 'Access limit reached', 'retry_after': '4 hours 50 minutes'}"
44,IzFNSTGy3eHVyDTQ,1745007149231,429,Access limit reached,"{'error': 'Access limit reached', 'retry_after': '4 hours 50 minutes'}"
44,IzFNSTGy3eHVyDTQ,1745049946231,429,Access limit reached,"{'error': 'Access limit reached', 'retry_after': '4 hours 50 minutes'}"
44,IzFNSTGy3eHVyDTQ,1745012130231,429,Access limit reached,"{'error': 'Access limit reached', 'retry_after': '4 hours 50 minutes'}"
44,IzFNSTGy3eHVyDTQ,1745041869231,429,Access limit reached,"{'error': 'Access limit reached', 'retry_after': '4 hours 50 minutes'}"
44,IzFNSTGy3eHVyDTQ,1745072607231,429,Access limit reached,"{'error': 'Access limit reached', 'retry_after': '4 hours 50 minutes'}"
44,IzFNSTGy3eHVyDTQ,1745027279231,429,Access limit reached,"{'error': 'Access limit reached', 'retry_after': '4 hours 50 minutes'}"
44,IzFNSTGy3eHVyDTQ,1745042165231,429,Access limit reached,"{'error': 'Access limit reached', 'retry_after': '4 hours 50 minutes'}"
44,IzFNSTGy3eHVyDTQ,1745051444231,429,Access limit reached,"{'error': 'Access limit reached', 'retry_after': '4 hours 50 minutes'}"
44,IzFNSTGy3eHVyDTQ,1745012036231,429,Access limit reached,"{'error': 'Access limit reached', 'retry_after': '4 hours 50 minutes'}"
44,IzFNSTGy3eHVyDTQ,1745043981231,429,Access limit reached,"{'error': 'Access limit reached', 'retry_after': '4 hours 50 minutes'}"
44,IzFNSTGy3eHVyDTQ,1745029363231,429,Access limit reached,"{'error': 'Access limit reached', 'retry_after': '4 hours 50 minutes'}"
44,IzFNSTGy3eHVyDTQ,1745024306231,429,Access limit reached,"{'error': 'Access limit reached', 'retry_after': '4 hours 50 minutes'}"
44,IzFNSTGy3eHVyDTQ,1745028170231,429,Access limit reached,"{'error': 'Access limit reached', 'retry_after': '4 hours 50 minutes'}"
44,IzFNSTGy3eHVyDTQ,1745019908231,429,Access limit reached,"{'error': 'Access limit reached', 'retry_after': '4 hours 50 minutes'}"
44,IzFNSTGy3eHVyDTQ,1745046570231,429,Access limit reached,"{'error': 'Access limit reached', 'retry_after': '4 hours 50 minutes'}"
44,IzFNSTGy3eHVyDTQ,1745040692231,429,Access limit reached,"{'error': 'Access limit reached', 'retry_after': '4 hours 50 minutes'}"
44,IzFNSTGy3eHVyDTQ,1745023996231,429,Access limit reached,"{'error': 'Access limit reached', 'retry_after': '4 hours 50 minutes'}"
44,IzFNSTGy3eHVyDTQ,1745044320231,429,Access limit reached,"{'error': 'Access limit reached', 'retry_after': '4 hours 50 minutes'}"
44,IzFNSTGy3eHVyDTQ,1745016798231,429,Access limit reached,"{'error': 'Access limit reached', 'retry_after': '4 hours 50 minutes'}"
44,IzFNSTGy3eHVyDTQ,1745044307231,429,Access limit reached,"{'error': 'Access limit reached', 'retry_after': '4 hours 50 minutes'}"
45,IzFNSTGy3eHVyDTQ,1745060670231,429,Access limit reached,"{'error': 'Access limit reached', 'retry_after': '4 hours 50 minutes'}"
45,IzFNSTGy3eHVyDTQ,1745024021231,429,Access limit reached,"{'error': 'Access limit reached', 'retry_after': '4 hours 50 minutes'}"
45,IzFNSTGy3eHVyDTQ,1745014788231,429,Access limit reached,"{'error': 'Access limit reached', 'retry_after': '4 hours 50 minutes'}"
45,IzFNSTGy3eHVyDTQ,1745024749231,429,Access limit reached,"{'error': 'Access limit reached', 'retry_after': '4 hours 50 minutes'}"
45,IzFNSTGy3eHVyDTQ,1745067362231,429,Access limit reached,"{'error': 'Access limit reached', 'retry_after': '4 hours 50 minutes'}"
45,IzFNSTGy3eHVyDTQ,1745008284231,429,Access limit reached,"{'error': 'Access limit reached', 'retry_after': '4 hours 50 minutes'}"
45,IzFNSTGy3eHVyDTQ,1745068095231,429,Access limit reached,"{'error': 'Access limit reached', 'retry_after': '4 hours 50 minutes'}"
45,IzFNSTGy3eHVyDTQ,1745033058231,429,Access limit reached,"{'error': 'Access limit reached', 'retry_after': '4 hours 50 minutes'}"
45,IzFNSTGy3eHVyDTQ,1745062761231,429,Access limit reached,"{'error': 'Access limit reached', 'retry_after': '4 hours 50 minutes'}"
45,IzFNSTGy3eHVyDTQ,1745074211231,429,Access limit reached,"{'error': 'Access limit reached', 'retry_after': '4 hours 50 minutes'}"
45,IzFNSTGy3eHVyDTQ,1745017504231,429,Access limit reached,"{'error': 'Access limit reached', 'retry_after': '4 hours 50 minutes'}"
45,IzFNSTGy3eHVyDTQ,1745052022231,429,Access limit reached,"{'error': 'Access limit reached', 'retry_after': '4 hours 50 minutes'}"
45,IzFNSTGy3eHVyDTQ,1745054281231,429,Access limit reached,"{'error': 'Access limit reached', 'retry_after': '4 hours 50 minutes'}"
45,IzFNSTGy3eHVyDTQ,1745076945231,429,Access limit reached,"{'error': 'Access limit reached', 'retry_after': '4 hours 50 minutes'}"
45,IzFNSTGy3eHVyDTQ,1745068207231,429,Access limit reached,"{'error': 'Access limit reached', 'retry_after': '4 hours 50 minutes'}"
45,IzFNSTGy3eHVyDTQ,1745034518231,429,Access limit reached,"{'error': 'Access limit reached', 'retry_after': '4 hours 50 minutes'}"
45,IzFNSTGy3eHVyDTQ,1745048157231,429,Access limit reached,"{'error': 'Access limit reached', 'retry_after': '4 hours 50 minutes'}"
45,IzFNSTGy3eHVyDTQ,1745009471231,429,Access limit reached,"{'error': 'Access limit reached', 'retry_after': '4 hours 50 minutes'}"
45,IzFNSTGy3eHVyDTQ,1745029703231,429,Access limit reached,"{'error': 'Access limit reached', 'retry_after': '4 hours 50 minutes'}"
45,IzFNSTGy3eHVyDTQ,1745062525231,429,Access limit reached,"{'error': 'Access limit reached', 'retry_after': '4 hours 50 minutes'}"
45,IzFNSTGy3eHVyDTQ,1745010781231,429,Access limit reached,"{'error': 'Access limit reached', 'retry_after': '4 hours 50 minutes'}"
45,IzFNSTGy3eHVyDTQ,1745071294231,429,Access limit reached,"{'error': 'Access limit reached', 'retry_after': '4 hours 50 minutes'}"
45,IzFNSTGy3eHVyDTQ,1745037490231,429,Access limit reached,"{'error': 'Access limit reached', 'retry_after': '4 hours 50 minutes'}"
45,IzFNSTGy3eHVyDTQ,1745051089231,429,Access limit reached,"{'error': 'Access limit reached', 'retry_after': '4 hours 50 minutes'}"
45,IzFNSTGy3eHVyDTQ,1745047644231,429,Access limit reached,"{'error': 'Access limit reached', 'retry_after': '4 hours 50 minutes'}"
45,IzFNSTGy3eHVyDTQ,1745010092231,429,Access limit reached,"{'error': 'Access limit reached', 'retry_after': '4 hours 50 minutes'}"
45,IzFNSTGy3eHVyDTQ,1745049978231,429,Access limit reached,"{'error': 'Access limit reached', 'retry_after': '4 hours 50 minutes'}"
45,IzFNSTGy3eHVyDTQ,1745070383231,429,Access limit reached,"{'error': 'Access limit reached', 'retry_after': '4 hours 50 minutes'}"
45,IzFNSTGy3eHVyDTQ,1745020901231,429,Access limit reached,"{'error': 'Access limit reached', 'retry_after': '4 hours 50 minutes'}"
45,IzFNSTGy3eHVyDTQ,1745069540231,429,Access limit reached,"{'error': 'Access limit reached', 'retry_after': '4 hours 50 minutes'}"
45,IzFNSTGy3eHVyDTQ,1745023300231,429,Access limit reached,"{'error': 'Access limit reached', 'retry_after': '4 hours 50 minutes'}"
45,IzFNSTGy3eHVyDTQ,1745019478231,429,Access limit reached,"{'error': 'Access limit reached', 'retry_after': '4 hours 50 minutes'}"
45,IzFNSTGy3eHVyDTQ,1745028942231,429,Access limit reached,"{'error': 'Access limit reached', 'retry_after': '4 hours 50 minutes'}"
45,IzFNSTGy3eHVyDTQ,1745019927231,429,Access limit reached,"{'error': 'Access limit reached', 'retry_after': '4 hours 50 minutes'}"
45,IzFNSTGy3eHVyDTQ,1745057803231,429,Access limit reached,"{'error': 'Access limit reached', 'retry_after': '4 hours 50 minutes'}"
46,och15Vm379Xa1g1Q,1745012247231,429,Access limit reached,"{'error': 'Access limit reached', 'retry_after': '5 hours 0 minutes'}"
46,och15Vm379Xa1g1Q,1745009570231,429,Access limit reached,"{'error': 'Access limit reached', 'retry_after': '5 hours 0 minutes'}"
46,och15Vm379Xa1g1Q,1745065255231,429,Access limit reached,"{'error': 'Access limit reached', 'retry_after': '5 hours 0 minutes'}"
46,och15Vm379Xa1g1Q,1745072269231,429,Access limit reached,"{'error': 'Access limit reached', 'retry_after': '5 hours 0 minutes'}"
46,och15Vm379Xa1g1Q,1745037421231,429,Access limit reached,"{'error': 'Access limit reached', 'retry_after': '5 hours 0 minutes'}"
46,och15Vm379Xa1g1Q,1745046784231,429,Access limit reached,"{'error': 'Access limit reached', 'retry_after': '5 hours 0 minutes'}"
46,och15Vm379Xa1g1Q,1745045871231,429,Access limit reached,"{'error': 'Access limit reached', 'retry_after': '5 hours 0 minutes'}"
46,och15Vm379Xa1g1Q,1745034085231,429,Access limit reached,"{'error': 'Access limit reached', 'retry_after': '5 hours 0 minutes'}"
46,och15Vm379Xa1g1Q,1745060738231,429,Access limit reached,"{'error': 'Access limit reached', 'retry_after': '5 hours 0 minutes'}"
46,och15Vm379Xa1g1Q,1745020892231,429,Access limit reached,"{'error': 'Access limit reached', 'retry_after': '5 hours 0 minutes'}"
46,och15Vm379Xa1g1Q,1745027404231,429,Access limit reached,"{'error': 'Access limit reached', 'retry_after': '5 hours 0 minutes'}"
46,och15Vm379Xa1g1Q,1745041945231,429,Access limit reached,"{'error': 'Access limit reached', 'retry_after': '5 hours 0 minutes'}"
46,och15Vm379Xa1g1Q,1745008652231,429,Access limit reached,"{'error': 'Access limit reached', 'retry_after': '5 hours 0 minutes'}"
46,och15Vm379Xa1g1Q,1745024054231,429,Access limit reached,"{'error': 'Access limit reached', 'retry_after': '5 hours 0 minutes'}"
46,och15Vm379Xa1g1Q,1745024609231,429,Access limit reached,"{'error': 'Access limit reached', 'retry_after': '5 hours 0 minutes'}"
46,och15Vm379Xa1g1Q,1745017886231,429,Access limit reached,"{'error': 'Access limit reached', 'retry_after': '5 hours 0 minutes'}"
46,och15Vm379Xa1g1Q,1745030509231,429,Access limit reached,"{'error': 'Access limit reached', 'retry_after': '5 hours 0 minutes'}"
46,och15Vm379Xa1g1Q,1745068974231,429,Access limit reached,"{'error': 'Access limit reached', 'retry_after': '5 hours 0 minutes'}"
46,och15Vm379Xa1g1Q,1745009064231,429,Access limit reached,"{'error': 'Access limit reached', 'retry_after': '5 hours 0 minutes'}"
46,och15Vm379Xa1g1Q,1745056077231,429,Access limit reached,"{'error': 'Access limit reached', 'retry_after': '5 hours 0 minutes'}"
46,och15Vm379Xa1g1Q,1745052332231,429,Access limit reached,"{'error': 'Access limit reached', 'retry_after': '5 hours 0 minutes'}"
46,och15Vm379Xa1g1Q,1745064048231,429,Access limit reached,"{'error': 'Access limit reached', 'retry_after': '5 hours 0 minutes'}"
46,och15Vm379Xa1g1Q,1745050722231,429,Access limit reached,"{'error': 'Access limit reached', 'retry_after': '5 hours 0 minutes'}"
46,och15Vm379Xa1g1Q,1745027833231,429,Access limit reached,"{'error': 'Access limit reached', 'retry_after': '5 hours 0 minutes'}"
46,och15Vm379Xa1g1Q,1745065293231,429,Access limit reached,"{'error': 'Access limit reached', 'retry_after': '5 hours 0 minutes'}"
46,och15Vm379Xa1g1Q,1745066659231,429,Access limit reached,"{'error': 'Access limit reached', 'retry_after': '5 hours 0 minutes'}"
46,och15Vm379Xa1g1Q,1745022402231,429,Access limit reached,"{'error': 'Access limit reached', 'retry_after': '5 hours 0 minutes'}"
46,och15Vm379Xa1g1Q,1745077808231,429,Access limit reached,"{'error': 'Access limit reached', 'retry_after': '5 hours 0 minutes'}"
47,3nBKrhW1fBAghtFJ,1745069361231,429,Access limit reached,"{'error': 'Access limit reached', 'retry_after': '4 hours 59 minutes'}"
47,3nBKrhW1fBAghtFJ,1745012258231,429,Access limit reached,"{'error': 'Access limit reached', 'retry_after': '4 hours 59 minutes'}"
47,3nBKrhW1fBAghtFJ,1745047858231,429,Access limit reached,"{'error': 'Access limit reached', 'retry_after': '4 hours 59 minutes'}"
47,3nBKrhW1fBAghtFJ,1745009481231,429,Access limit reached,"{'error': 'Access limit reached', 'retry_after': '4 hours 59 minutes'}"
47,3nBKrhW1fBAghtFJ,1745053410231,429,Access limit reached,"{'error': 'Access limit reached', 'retry_after': '4 hours 59 minutes'}"
47,3nBKrhW1fBAghtFJ,1745020406231,429,Access limit reached,"{'error': 'Access limit reached', 'retry_after': '4 hours 59 minutes'}"
47,3nBKrhW1fBAghtFJ,1745050679231,429,Access limit reached,"{'error': 'Access limit reached', 'retry_after': '4 hours 59 minutes'}"
47,3nBKrhW1fBAghtFJ,1745057592231,429,Access limit reached,"{'error': 'Access limit reached', 'retry_after': '4 hours 59 minutes'}"
47,3nBKrhW1fBAghtFJ,1745029926231,429,Access limit reached,"{'error': 'Access limit reached', 'retry_after': '4 hours 59 minutes'}"
47,3nBKrhW1fBAghtFJ,1745074664231,429,Access limit reached,"{'error': 'Access limit reached', 'retry_after': '4 hours 59 minutes'}"
47,3nBKrhW1fBAghtFJ,1745018935231,429,Access limit reached,"{'error': 'Access limit reached', 'retry_after': '4 hours 59 minutes'}"
47,3nBKrhW1fBAghtFJ,1745063624231,429,Access limit reached,"{'error': 'Access limit reached', 'retry_after': '4 hours 59 minutes'}"
47,3nBKrhW1fBAghtFJ,1745040018231,429,Access limit reached,"{'error': 'Access limit reached', 'retry_after': '4 hours 59 minutes'}"
47,3nBKrhW1fBAghtFJ,1745062467231,429,Access limit reached,"{'error': 'Access limit reached', 'retry_after': '4 hours 59 minutes'}"
47,3nBKrhW1fBAghtFJ,1745076044231,429,Access limit reached,"{'error': 'Access limit reached', 'retry_after': '4 hours 59 minutes'}"
47,3nBKrhW1fBAghtFJ,1745011295231,429,Access limit reached,"{'error': 'Access limit reached', 'retry_after': '4 hours 59 minutes'}"
47,3nBKrhW1fBAghtFJ,1745048187231,429,Access limit reached,"{'error': 'Access limit reached', 'retry_after': '4 hours 59 minutes'}"
47,3nBKrhW1fBAghtFJ,1745041435231,429,Access limit reached,"{'error': 'Access limit reached', 'retry_after': '4 hours 59 minutes'}"
47,3nBKrhW1fBAghtFJ,1745018123231,429,Access limit reached,"{'error': 'Access limit reached', 'retry_after': '4 hours 59 minutes'}"
47,3nBKrhW1fBAghtFJ,1745072296231,429,Access limit reached,"{'error': 'Access limit reached', 'retry_after': '4 hours 59 minutes'}"
47,3nBKrhW1fBAghtFJ,1745043255231,429,Access limit reached,"{'error': 'Access limit reached', 'retry_after': '4 hours 59 minutes'}"
47,3nBKrhW1fBAghtFJ,1745077443231,429,Access limit reached,"{'error': 'Access limit reached', 'retry_after': '4 hours 59 minutes'}"
47,3nBKrhW1fBAghtFJ,1745047531231,429,Access limit reached,"{'error': 'Access limit reached', 'retry_after': '4 hours 59 minutes'}"
47,3nBKrhW1fBAghtFJ,1745017647231,429,Access limit reached,"{'error': 'Access limit reached', 'retry_after': '4 hours 59 minutes'}"
47,3nBKrhW1fBAghtFJ,1745040721231,429,Access limit reached,"{'error': 'Access limit reached', 'retry_after': '4 hours 59 minutes'}"
48,XxbRFGNYZnZSAQYX,1745073710231,200,Success,"{'message': 'Success', 'quote': 'The purpose of our lives is to be happy.', 'writer': 'Dalai Lama'}"
48,XxbRFGNYZnZSAQYX,1745029069231,200,Success,"{'message': 'Success', 'quote': 'Get busy living or get busy dying.', 'writer': 'Stephen King'}"
48,XxbRFGNYZnZSAQYX,1745037508231,200,Success,"{'message': 'Success', 'quote': 'Don’t count the days, make the days count.', 'writer': 'Muhammad Ali'}"
48,XxbRFGNYZnZSAQYX,1745048073231,200,Success,"{'message': 'Success', 'quote': 'Do what you can, with what you have, where you are.', 'writer': 'Theodore Roosevelt'}"
48,XxbRFGNYZnZSAQYX,1745028605231,200,Success,"{'message': 'Success', 'quote': 'You must be the change you wish to see in the world.', 'writer': 'Mahatma Gandhi'}"
48,XxbRFGNYZnZSAQYX,1745007887231,200,Success,"{'message': 'Success', 'quote': 'What you get by achieving your goals is not as important as what you become by achieving your goals.', 'writer': 'Zig Ziglar'}"
48,XxbRFGNYZnZSAQYX,1745044654231,200,Success,"{'message': 'Success', 'quote': 'Don’t let yesterday take up too much of today.', 'writer': 'Will Rogers'}"
48,XxbRFGNYZnZSAQYX,1745008299231,200,Success,"{'message': 'Success', 'quote': 'Success is a journey, not a destination.', 'writer': 'Arthur Ashe'}"
48,XxbRFGNYZnZSAQYX,1745033280231,200,Success,"{'message': 'Success', 'quote': 'It is never too late to be what you might have been.', 'writer': 'George Eliot'}"
48,XxbRFGNYZnZSAQYX,1745068857231,200,Success,"{'message': 'Success', 'quote': 'Success is a journey, not a destination.', 'writer': 'Arthur Ashe'}"
48,XxbRFGNYZnZSAQYX,1745044373231,200,Success,"{'message': 'Success', 'quote': 'You must be the change you wish to see in the world.', 'writer': 'Mahatma Gandhi'}"
48,XxbRFGNYZnZSAQYX,1745016002231,200,Success,"{'message': 'Success', 'quote': 'Do not go where the path may lead, go instead where there is no path and leave a trail.', 'writer': 'Ralph Waldo Emerson'}"
48,XxbRFGNYZnZSAQYX,1745072602231,200,Success,"{'message': 'Success', 'quote': 'It’s not whether you get knocked down, it’s whether you get up.', 'writer': 'Vince Lombardi'}"
48,XxbRFGNYZnZSAQYX,1745077327231,200,Success,"{'message': 'Success', 'quote': 'I never dreamed about success. I worked for it.', 'writer': 'Estee Lauder'}"
48,XxbRFGNYZnZSAQYX,1745009199231,200,Success,"{'message': 'Success', 'quote': 'Don’t let yesterday take up too much of today.', 'writer': 'Will Rogers'}"
48,XxbRFGNYZnZSAQYX,1745010845231,200,Success,"{'message': 'Success', 'quote': 'Be yourself; everyone else is already taken.', 'writer': 'Oscar Wilde'}"
48,XxbRFGNYZnZSAQYX,1745042713231,200,Success,"{'message': 'Success', 'quote': 'Do not go where the path may lead, go instead where there is no path and leave a trail.', 'writer': 'Ralph Waldo Emerson'}"
48,XxbRFGNYZnZSAQYX,1745056879231,200,Success,"{'message': 'Success', 'quote': 'If you really look closely, most overnight successes took a long time.', 'writer': 'Steve Jobs'}"
48,XxbRFGNYZnZSAQYX,1745029344231,200,Success,"{'message': 'Success', 'quote': 'Quality means doing it right when no one is looking.', 'writer': 'Henry Ford'}"
48,XxbRFGNYZnZSAQYX,1745069711231,200,Success,"{'message': 'Success', 'quote': 'Keep your face always toward the sunshine—and shadows will fall behind you.', 'writer': 'Walt Whitman'}"
48,XxbRFGNYZnZSAQYX,1745047819231,200,Success,"{'message': 'Success', 'quote': 'Live as if you were to die tomorrow. Learn as if you were to live forever.', 'writer': 'Mahatma Gandhi'}"
48,XxbRFGNYZnZSAQYX,1745054937231,200,Success,"{'message': 'Success', 'quote': 'Success is getting what you want. Happiness is wanting what you get.', 'writer': 'Dale Carnegie'}"
48,XxbRFGNYZnZSAQYX,1745044924231,200,Success,"{'message': 'Success', 'quote': 'Dream big and dare to fail.', 'writer': 'Norman Vaughan'}"
48,XxbRFGNYZnZSAQYX,1745017060231,200,Success,"{'message': 'Success', 'quote': 'When you reach the end of your rope, tie a knot in it and hang on.', 'writer': 'Franklin D. Roosevelt'}"
48,XxbRFGNYZnZSAQYX,1745053133231,200,Success,"{'message': 'Success', 'quote': 'The only limit to our realization of tomorrow is our doubts of today.', 'writer': 'Franklin D. Roosevelt'}"
48,XxbRFGNYZnZSAQYX,1745065670231,200,Success,"{'message': 'Success', 'quote': 'To succeed in life, you need two things: ignorance and confidence.', 'writer': 'Mark Twain'}"
48,XxbRFGNYZnZSAQYX,1745011867231,200,Success,"{'message': 'Success', 'quote': ""Don't watch the clock; do what it does. Keep going."", 'writer': 'Sam Levenson'}"
48,XxbRFGNYZnZSAQYX,1745073957231,200,Success,"{'message': 'Success', 'quote': 'We become what we think about.', 'writer': 'Earl Nightingale'}"
48,XxbRFGNYZnZSAQYX,1745068769231,200,Success,"{'message': 'Success', 'quote': 'When you reach the end of your rope, tie a knot in it and hang on.', 'writer': 'Franklin D. Roosevelt'}"
48,XxbRFGNYZnZSAQYX,1745029604231,200,Success,"{'message': 'Success', 'quote': 'What you get by achieving your goals is not as important as what you become by achieving your goals.', 'writer': 'Zig Ziglar'}"
48,XxbRFGNYZnZSAQYX,1745050798231,429,Access limit reached,"{'error': 'Access limit reached', 'retry_after': '4 hours 56 minutes'}"
48,XxbRFGNYZnZSAQYX,1745063482231,429,Access limit reached,"{'error': 'Access limit reached', 'retry_after': '4 hours 56 minutes'}"
49,U3gq6cIPD3Hy2aYQ,1745029875231,429,Access limit reached,"{'error': 'Access limit reached', 'retry_after': '6 hours 11 minutes'}"
49,U3gq6cIPD3Hy2aYQ,1745036576231,429,Access limit reached,"{'error': 'Access limit reached', 'retry_after': '6 hours 11 minutes'}"
49,U3gq6cIPD3Hy2aYQ,1745032618231,429,Access limit reached,"{'error': 'Access limit reached', 'retry_after': '6 hours 11 minutes'}"
49,U3gq6cIPD3Hy2aYQ,1745074291231,429,Access limit reached,"{'error': 'Access limit reached', 'retry_after': '6 hours 11 minutes'}"
49,U3gq6cIPD3Hy2aYQ,1745070418231,429,Access limit reached,"{'error': 'Access limit reached', 'retry_after': '6 hours 11 minutes'}"
49,U3gq6cIPD3Hy2aYQ,1745009242231,429,Access limit reached,"{'error': 'Access limit reached', 'retry_after': '6 hours 11 minutes'}"
49,U3gq6cIPD3Hy2aYQ,1745052734231,429,Access limit reached,"{'error': 'Access limit reached', 'retry_after': '6 hours 11 minutes'}"
49,U3gq6cIPD3Hy2aYQ,1745018494231,429,Access limit reached,"{'error': 'Access limit reached', 'retry_after': '6 hours 11 minutes'}"
49,U3gq6cIPD3Hy2aYQ,1745007713231,429,Access limit reached,"{'error': 'Access limit reached', 'retry_after': '6 hours 11 minutes'}"
49,U3gq6cIPD3Hy2aYQ,1745018704231,429,Access limit reached,"{'error': 'Access limit reached', 'retry_after': '6 hours 11 minutes'}"
49,U3gq6cIPD3Hy2aYQ,1745049414231,429,Access limit reached,"{'error': 'Access limit reached', 'retry_after': '6 hours 11 minutes'}"
49,U3gq6cIPD3Hy2aYQ,1745054851231,429,Access limit reached,"{'error': 'Access limit reached', 'retry_after': '6 hours 11 minutes'}"
49,U3gq6cIPD3Hy2aYQ,1745034227231,429,Access limit reached,"{'error': 'Access limit reached', 'retry_after': '6 hours 11 minutes'}"
49,U3gq6cIPD3Hy2aYQ,1745015981231,429,Access limit reached,"{'error': 'Access limit reached', 'retry_after': '6 hours 11 minutes'}"
49,U3gq6cIPD3Hy2aYQ,1745026837231,429,Access limit reached,"{'error': 'Access limit reached', 'retry_after': '6 hours 11 minutes'}"
49,U3gq6cIPD3Hy2aYQ,1745075910231,429,Access limit reached,"{'error': 'Access limit reached', 'retry_after': '6 hours 11 minutes'}"
49,U3gq6cIPD3Hy2aYQ,1745011799231,429,Access limit reached,"{'error': 'Access limit reached', 'retry_after': '6 hours 11 minutes'}"
49,U3gq6cIPD3Hy2aYQ,1745022930231,429,Access limit reached,"{'error': 'Access limit reached', 'retry_after': '6 hours 11 minutes'}"
49,U3gq6cIPD3Hy2aYQ,1745062833231,429,Access limit reached,"{'error': 'Access limit reached', 'retry_after': '6 hours 11 minutes'}"
49,U3gq6cIPD3Hy2aYQ,1745031854231,429,Access limit reached,"{'error': 'Access limit reached', 'retry_after': '6 hours 11 minutes'}"
49,U3gq6cIPD3Hy2aYQ,1745037584231,429,Access limit reached,"{'error': 'Access limit reached', 'retry_after': '6 hours 11 minutes'}"
49,U3gq6cIPD3Hy2aYQ,1745052313231,429,Access limit reached,"{'error': 'Access limit reached', 'retry_after': '6 hours 11 minutes'}"
49,U3gq6cIPD3Hy2aYQ,1745067612231,429,Access limit reached,"{'error': 'Access limit reached', 'retry_after': '6 hours 11 minutes'}"
49,U3gq6cIPD3Hy2aYQ,1745075418231,429,Access limit reached,"{'error': 'Access limit reached', 'retry_after': '6 hours 11 minutes'}"
49,U3gq6cIPD3Hy2aYQ,1745021710231,429,Access limit reached,"{'error': 'Access limit reached', 'retry_after': '6 hours 11 minutes'}"
49,U3gq6cIPD3Hy2aYQ,1745008214231,429,Access limit reached,"{'error': 'Access limit reached', 'retry_after': '6 hours 11 minutes'}"
50,XxbRFGNYZnZSAQYX,1745074180231,429,Access limit reached,"{'error': 'Access limit reached', 'retry_after': '4 hours 56 minutes'}"
50,XxbRFGNYZnZSAQYX,1745050759231,429,Access limit reached,"{'error': 'Access limit reached', 'retry_after': '4 hours 56 minutes'}"
50,XxbRFGNYZnZSAQYX,1745066042231,429,Access limit reached,"{'error': 'Access limit reached', 'retry_after': '4 hours 56 minutes'}"
50,XxbRFGNYZnZSAQYX,1745031216231,429,Access limit reached,"{'error': 'Access limit reached', 'retry_after': '4 hours 56 minutes'}"
50,XxbRFGNYZnZSAQYX,1745021822231,429,Access limit reached,"{'error': 'Access limit reached', 'retry_after': '4 hours 56 minutes'}"
50,XxbRFGNYZnZSAQYX,1745076632231,429,Access limit reached,"{'error': 'Access limit reached', 'retry_after': '4 hours 56 minutes'}"
50,XxbRFGNYZnZSAQYX,1745033018231,429,Access limit reached,"{'error': 'Access limit reached', 'retry_after': '4 hours 56 minutes'}"
50,XxbRFGNYZnZSAQYX,1745068989231,429,Access limit reached,"{'error': 'Access limit reached', 'retry_after': '4 hours 56 minutes'}"
50,XxbRFGNYZnZSAQYX,1745067445231,429,Access limit reached,"{'error': 'Access limit reached', 'retry_after': '4 hours 56 minutes'}"
50,XxbRFGNYZnZSAQYX,1745062857231,429,Access limit reached,"{'error': 'Access limit reached', 'retry_after': '4 hours 56 minutes'}"
50,XxbRFGNYZnZSAQYX,1745026460231,429,Access limit reached,"{'error': 'Access limit reached', 'retry_after': '4 hours 56 minutes'}"
50,XxbRFGNYZnZSAQYX,1745055326231,429,Access limit reached,"{'error': 'Access limit reached', 'retry_after': '4 hours 56 minutes'}"
50,XxbRFGNYZnZSAQYX,1745071805231,429,Access limit reached,"{'error': 'Access limit reached', 'retry_after': '4 hours 56 minutes'}"
50,XxbRFGNYZnZSAQYX,1745025667231,429,Access limit reached,"{'error': 'Access limit reached', 'retry_after': '4 hours 56 minutes'}"
50,XxbRFGNYZnZSAQYX,1745029095231,429,Access limit reached,"{'error': 'Access limit reached', 'retry_after': '4 hours 56 minutes'}"
50,XxbRFGNYZnZSAQYX,1745023829231,429,Access limit reached,"{'error': 'Access limit reached', 'retry_after': '4 hours 56 minutes'}"
50,XxbRFGNYZnZSAQYX,1745069595231,429,Access limit reached,"{'error': 'Access limit reached', 'retry_after': '4 hours 56 minutes'}"
50,XxbRFGNYZnZSAQYX,1745042224231,429,Access limit reached,"{'error': 'Access limit reached', 'retry_after': '4 hours 56 minutes'}"
50,XxbRFGNYZnZSAQYX,1745046225231,429,Access limit reached,"{'error': 'Access limit reached', 'retry_after': '4 hours 55 minutes'}"
50,XxbRFGNYZnZSAQYX,1745029831231,429,Access limit reached,"{'error': 'Access limit reached', 'retry_after': '4 hours 55 minutes'}"
50,XxbRFGNYZnZSAQYX,1745013247231,429,Access limit reached,"{'error': 'Access limit reached', 'retry_after': '4 hours 55 minutes'}"
50,XxbRFGNYZnZSAQYX,1745073157231,429,Access limit reached,"{'error': 'Access limit reached', 'retry_after': '4 hours 55 minutes'}"
50,XxbRFGNYZnZSAQYX,1745053435231,429,Access limit reached,"{'error': 'Access limit reached', 'retry_after': '4 hours 55 minutes'}"
50,XxbRFGNYZnZSAQYX,1745018532231,429,Access limit reached,"{'error': 'Access limit reached', 'retry_after': '4 hours 55 minutes'}"
50,XxbRFGNYZnZSAQYX,1745060000231,429,Access limit reached,"{'error': 'Access limit reached', 'retry_after': '4 hours 55 minutes'}"
50,XxbRFGNYZnZSAQYX,1745036822231,429,Access limit reached,"{'error': 'Access limit reached', 'retry_after': '4 hours 55 minutes'}"
50,XxbRFGNYZnZSAQYX,1745060095231,429,Access limit reached,"{'error': 'Access limit reached', 'retry_after': '4 hours 55 minutes'}"
50,XxbRFGNYZnZSAQYX,1745039053231,429,Access limit reached,"{'error': 'Access limit reached', 'retry_after': '4 hours 55 minutes'}"
50,XxbRFGNYZnZSAQYX,1745042721231,429,Access limit reached,"{'error': 'Access limit reached', 'retry_after': '4 hours 55 minutes'}"
50,XxbRFGNYZnZSAQYX,1745013672231,429,Access limit reached,"{'error': 'Access limit reached', 'retry_after': '4 hours 55 minutes'}"
50,XxbRFGNYZnZSAQYX,1745013361231,429,Access limit reached,"{'error': 'Access limit reached', 'retry_after': '4 hours 55 minutes'}"
50,XxbRFGNYZnZSAQYX,1745053223231,429,Access limit reached,"{'error': 'Access limit reached', 'retry_after': '4 hours 55 minutes'}"
50,XxbRFGNYZnZSAQYX,1745078243231,429,Access limit reached,"{'error': 'Access limit reached', 'retry_after': '4 hours 55 minutes'}"
50,XxbRFGNYZnZSAQYX,1745016840231,429,Access limit reached,"{'error': 'Access limit reached', 'retry_after': '4 hours 55 minutes'}"
50,XxbRFGNYZnZSAQYX,1745016823231,429,Access limit reached,"{'error': 'Access limit reached', 'retry_after': '4 hours 55 minutes'}"
50,XxbRFGNYZnZSAQYX,1745072152231,429,Access limit reached,"{'error': 'Access limit reached', 'retry_after': '4 hours 55 minutes'}"
50,XxbRFGNYZnZSAQYX,1745014644231,429,Access limit reached,"{'error': 'Access limit reached', 'retry_after': '4 hours 55 minutes'}"
50,XxbRFGNYZnZSAQYX,1745027768231,429,Access limit reached,"{'error': 'Access limit reached', 'retry_after': '4 hours 55 minutes'}"
50,XxbRFGNYZnZSAQYX,1745076532231,429,Access limit reached,"{'error': 'Access limit reached', 'retry_after': '4 hours 55 minutes'}"
50,XxbRFGNYZnZSAQYX,1745028604231,429,Access limit reached,"{'error': 'Access limit reached', 'retry_after': '4 hours 55 minutes'}"
50,XxbRFGNYZnZSAQYX,1745066415231,429,Access limit reached,"{'error': 'Access limit reached', 'retry_after': '4 hours 55 minutes'}"
51,U3gq6cIPD3Hy2aYQ,1745016486231,429,Access limit reached,"{'error': 'Access limit reached', 'retry_after': '6 hours 11 minutes'}"
51,U3gq6cIPD3Hy2aYQ,1745017693231,429,Access limit reached,"{'error': 'Access limit reached', 'retry_after': '6 hours 11 minutes'}"
51,U3gq6cIPD3Hy2aYQ,1745062658231,429,Access limit reached,"{'error': 'Access limit reached', 'retry_after': '6 hours 11 minutes'}"
51,U3gq6cIPD3Hy2aYQ,1745062212231,429,Access limit reached,"{'error': 'Access limit reached', 'retry_after': '6 hours 11 minutes'}"
51,U3gq6cIPD3Hy2aYQ,1745045747231,429,Access limit reached,"{'error': 'Access limit reached', 'retry_after': '6 hours 11 minutes'}"
51,U3gq6cIPD3Hy2aYQ,1745039861231,429,Access limit reached,"{'error': 'Access limit reached', 'retry_after': '6 hours 11 minutes'}"
51,U3gq6cIPD3Hy2aYQ,1745073748231,429,Access limit reached,"{'error': 'Access limit reached', 'retry_after': '6 hours 11 minutes'}"
51,U3gq6cIPD3Hy2aYQ,1745035535231,429,Access limit reached,"{'error': 'Access limit reached', 'retry_after': '6 hours 11 minutes'}"
51,U3gq6cIPD3Hy2aYQ,1745018886231,429,Access limit reached,"{'error': 'Access limit reached', 'retry_after': '6 hours 11 minutes'}"
51,U3gq6cIPD3Hy2aYQ,1745077206231,429,Access limit reached,"{'error': 'Access limit reached', 'retry_after': '6 hours 11 minutes'}"
51,U3gq6cIPD3Hy2aYQ,1745021807231,429,Access limit reached,"{'error': 'Access limit reached', 'retry_after': '6 hours 11 minutes'}"
51,U3gq6cIPD3Hy2aYQ,1745033681231,429,Access limit reached,"{'error': 'Access limit reached', 'retry_after': '6 hours 11 minutes'}"
51,U3gq6cIPD3Hy2aYQ,1745028115231,429,Access limit reached,"{'error': 'Access limit reached', 'retry_after': '6 hours 11 minutes'}"
51,U3gq6cIPD3Hy2aYQ,1745034351231,429,Access limit reached,"{'error': 'Access limit reached', 'retry_after': '6 hours 11 minutes'}"
51,U3gq6cIPD3Hy2aYQ,1745029300231,429,Access limit reached,"{'error': 'Access limit reached', 'retry_after': '6 hours 11 minutes'}"
51,U3gq6cIPD3Hy2aYQ,1745008171231,429,Access limit reached,"{'error': 'Access limit reached', 'retry_after': '6 hours 11 minutes'}"
51,U3gq6cIPD3Hy2aYQ,1745043607231,429,Access limit reached,"{'error': 'Access limit reached', 'retry_after': '6 hours 11 minutes'}"
51,U3gq6cIPD3Hy2aYQ,1745038641231,429,Access limit reached,"{'error': 'Access limit reached', 'retry_after': '6 hours 11 minutes'}"
51,U3gq6cIPD3Hy2aYQ,1745046491231,429,Access limit reached,"{'error': 'Access limit reached', 'retry_after': '6 hours 11 minutes'}"
51,U3gq6cIPD3Hy2aYQ,1745013611231,429,Access limit reached,"{'error': 'Access limit reached', 'retry_after': '6 hours 11 minutes'}"
51,U3gq6cIPD3Hy2aYQ,1745078145231,429,Access limit reached,"{'error': 'Access limit reached', 'retry_after': '6 hours 11 minutes'}"
51,U3gq6cIPD3Hy2aYQ,1745016658231,429,Access limit reached,"{'error': 'Access limit reached', 'retry_after': '6 hours 11 minutes'}"
51,U3gq6cIPD3Hy2aYQ,1745016619231,429,Access limit reached,"{'error': 'Access limit reached', 'retry_after': '6 hours 11 minutes'}"
51,U3gq6cIPD3Hy2aYQ,1745053569231,429,Access limit reached,"{'error': 'Access limit reached', 'retry_after': '6 hours 11 minutes'}"
51,U3gq6cIPD3Hy2aYQ,1745026162231,429,Access limit reached,"{'error': 'Access limit reached', 'retry_after': '6 hours 11 minutes'}"
51,U3gq6cIPD3Hy2aYQ,1745055504231,429,Access limit reached,"{'error': 'Access limit reached', 'retry_after': '6 hours 11 minutes'}"
51,U3gq6cIPD3Hy2aYQ,1745012219231,429,Access limit reached,"{'error': 'Access limit reached', 'retry_after': '6 hours 11 minutes'}"
51,U3gq6cIPD3Hy2aYQ,1745008868231,429,Access limit reached,"{'error': 'Access limit reached', 'retry_after': '6 hours 11 minutes'}"
51,U3gq6cIPD3Hy2aYQ,1745015676231,429,Access limit reached,"{'error': 'Access limit reached', 'retry_after': '6 hours 11 minutes'}"
51,U3gq6cIPD3Hy2aYQ,1745033352231,429,Access limit reached,"{'error': 'Access limit reached', 'retry_after': '6 hours 11 minutes'}"
51,U3gq6cIPD3Hy2aYQ,1745050795231,429,Access limit reached,"{'error': 'Access limit reached', 'retry_after': '6 hours 11 minutes'}"
51,U3gq6cIPD3Hy2aYQ,1745034096231,429,Access limit reached,"{'error': 'Access limit reached', 'retry_after': '6 hours 11 minutes'}"
52,och15Vm379Xa1g1Q,1745013987231,429,Access limit reached,"{'error': 'Access limit reached', 'retry_after': '5 hours 0 minutes'}"
52,och15Vm379Xa1g1Q,1745061745231,429,Access limit reached,"{'error': 'Access limit reached', 'retry_after': '5 hours 0 minutes'}"
52,och15Vm379Xa1g1Q,1745030865231,429,Access limit reached,"{'error': 'Access limit reached', 'retry_after': '5 hours 0 minutes'}"
52,och15Vm379Xa1g1Q,1745032880231,429,Access limit reached,"{'error': 'Access limit reached', 'retry_after': '5 hours 0 minutes'}"
52,och15Vm379Xa1g1Q,1745052201231,429,Access limit reached,"{'error': 'Access limit reached', 'retry_after': '5 hours 0 minutes'}"
52,och15Vm379Xa1g1Q,1745007264231,429,Access limit reached,"{'error': 'Access limit reached', 'retry_after': '5 hours 0 minutes'}"
52,och15Vm379Xa1g1Q,1745070218231,429,Access limit reached,"{'error': 'Access limit reached', 'retry_after': '5 hours 0 minutes'}"
52,och15Vm379Xa1g1Q,1745046534231,429,Access limit reached,"{'error': 'Access limit reached', 'retry_after': '5 hours 0 minutes'}"
52,och15Vm379Xa1g1Q,1745072480231,429,Access limit reached,"{'error': 'Access limit reached', 'retry_after': '5 hours 0 minutes'}"
52,och15Vm379Xa1g1Q,1745039468231,429,Access limit reached,"{'error': 'Access limit reached', 'retry_after': '5 hours 0 minutes'}"
52,och15Vm379Xa1g1Q,1745054136231,429,Access limit reached,"{'error': 'Access limit reached', 'retry_after': '5 hours 0 minutes'}"
52,och15Vm379Xa1g1Q,1745031798231,429,Access limit reached,"{'error': 'Access limit reached', 'retry_after': '5 hours 0 minutes'}"
52,och15Vm379Xa1g1Q,1745059567231,429,Access limit reached,"{'error': 'Access limit reached', 'retry_after': '5 hours 0 minutes'}"
52,och15Vm379Xa1g1Q,1745078537231,429,Access limit reached,"{'error': 'Access limit reached', 'retry_after': '5 hours 0 minutes'}"
52,och15Vm379Xa1g1Q,1745073004231,429,Access limit reached,"{'error': 'Access limit reached', 'retry_after': '5 hours 0 minutes'}"
52,och15Vm379Xa1g1Q,1745047324231,429,Access limit reached,"{'error': 'Access limit reached', 'retry_after': '5 hours 0 minutes'}"
52,och15Vm379Xa1g1Q,1745025915231,429,Access limit reached,"{'error': 'Access limit reached', 'retry_after': '5 hours 0 minutes'}"
52,och15Vm379Xa1g1Q,1745008297231,429,Access limit reached,"{'error': 'Access limit reached', 'retry_after': '5 hours 0 minutes'}"
52,och15Vm379Xa1g1Q,1745039684231,429,Access limit reached,"{'error': 'Access limit reached', 'retry_after': '5 hours 0 minutes'}"
52,och15Vm379Xa1g1Q,1745063670231,429,Access limit reached,"{'error': 'Access limit reached', 'retry_after': '5 hours 0 minutes'}"
52,och15Vm379Xa1g1Q,1745014589231,429,Access limit reached,"{'error': 'Access limit reached', 'retry_after': '5 hours 0 minutes'}"
52,och15Vm379Xa1g1Q,1745047223231,429,Access limit reached,"{'error': 'Access limit reached', 'retry_after': '5 hours 0 minutes'}"
52,och15Vm379Xa1g1Q,1745034753231,429,Access limit reached,"{'error': 'Access limit reached', 'retry_after': '5 hours 0 minutes'}"
52,och15Vm379Xa1g1Q,1745075218231,429,Access limit reached,"{'error': 'Access limit reached', 'retry_after': '5 hours 0 minutes'}"
52,och15Vm379Xa1g1Q,1745009475231,429,Access limit reached,"{'error': 'Access limit reached', 'retry_after': '5 hours 0 minutes'}"
52,och15Vm379Xa1g1Q,1745060118231,429,Access limit reached,"{'error': 'Access limit reached', 'retry_after': '5 hours 0 minutes'}"
52,och15Vm379Xa1g1Q,1745045296231,429,Access limit reached,"{'error': 'Access limit reached', 'retry_after': '5 hours 0 minutes'}"
52,och15Vm379Xa1g1Q,1745026145231,429,Access limit reached,"{'error': 'Access limit reached', 'retry_after': '5 hours 0 minutes'}"
52,och15Vm379Xa1g1Q,1745070372231,429,Access limit reached,"{'error': 'Access limit reached', 'retry_after': '5 hours 0 minutes'}"
52,och15Vm379Xa1g1Q,1745076325231,429,Access limit reached,"{'error': 'Access limit reached', 'retry_after': '5 hours 0 minutes'}"
52,och15Vm379Xa1g1Q,1745020482231,429,Access limit reached,"{'error': 'Access limit reached', 'retry_after': '5 hours 0 minutes'}"
52,och15Vm379Xa1g1Q,1745052058231,429,Access limit reached,"{'error': 'Access limit reached', 'retry_after': '5 hours 0 minutes'}"
52,och15Vm379Xa1g1Q,1745044164231,429,Access limit reached,"{'error': 'Access limit reached', 'retry_after': '5 hours 0 minutes'}"
52,och15Vm379Xa1g1Q,1745071387231,429,Access limit reached,"{'error': 'Access limit reached', 'retry_after': '5 hours 0 minutes'}"
52,och15Vm379Xa1g1Q,1745043424231,429,Access limit reached,"{'error': 'Access limit reached', 'retry_after': '5 hours 0 minutes'}"
52,och15Vm379Xa1g1Q,1745079042231,429,Access limit reached,"{'error': 'Access limit reached', 'retry_after': '4 hours 59 minutes'}"
52,och15Vm379Xa1g1Q,1745030398231,429,Access limit reached,"{'error': 'Access limit reached', 'retry_after': '4 hours 59 minutes'}"
52,och15Vm379Xa1g1Q,1745012742231,429,Access limit reached,"{'error': 'Access limit reached', 'retry_after': '4 hours 59 minutes'}"
52,och15Vm379Xa1g1Q,1745043299231,429,Access limit reached,"{'error': 'Access limit reached', 'retry_after': '4 hours 59 minutes'}"
52,och15Vm379Xa1g1Q,1745056997231,429,Access limit reached,"{'error': 'Access limit reached', 'retry_after': '4 hours 59 minutes'}"
52,och15Vm379Xa1g1Q,1745026021231,429,Access limit reached,"{'error': 'Access limit reached', 'retry_after': '4 hours 59 minutes'}"
53,h94anv2bwU2NJJkA,1745076680231,429,Access limit reached,"{'error': 'Access limit reached', 'retry_after': '6 hours 57 minutes'}"
53,h94anv2bwU2NJJkA,1745008698231,429,Access limit reached,"{'error': 'Access limit reached', 'retry_after': '6 hours 57 minutes'}"
53,h94anv2bwU2NJJkA,1745008787231,429,Access limit reached,"{'error': 'Access limit reached', 'retry_after': '6 hours 57 minutes'}"
53,h94anv2bwU2NJJkA,1745021496231,429,Access limit reached,"{'error': 'Access limit reached', 'retry_after': '6 hours 57 minutes'}"
53,h94anv2bwU2NJJkA,1745044338231,429,Access limit reached,"{'error': 'Access limit reached', 'retry_after': '6 hours 57 minutes'}"
53,h94anv2bwU2NJJkA,1745038917231,429,Access limit reached,"{'error': 'Access limit reached', 'retry_after': '6 hours 57 minutes'}"
53,h94anv2bwU2NJJkA,1745032826231,429,Access limit reached,"{'error': 'Access limit reached', 'retry_after': '6 hours 57 minutes'}"
53,h94anv2bwU2NJJkA,1745055986231,429,Access limit reached,"{'error': 'Access limit reached', 'retry_after': '6 hours 57 minutes'}"
53,h94anv2bwU2NJJkA,1745024747231,429,Access limit reached,"{'error': 'Access limit reached', 'retry_after': '6 hours 57 minutes'}"
53,h94anv2bwU2NJJkA,1745036387231,429,Access limit reached,"{'error': 'Access limit reached', 'retry_after': '6 hours 57 minutes'}"
53,h94anv2bwU2NJJkA,1745056903231,429,Access limit reached,"{'error': 'Access limit reached', 'retry_after': '6 hours 57 minutes'}"
53,h94anv2bwU2NJJkA,1745077167231,429,Access limit reached,"{'error': 'Access limit reached', 'retry_after': '6 hours 57 minutes'}"
53,h94anv2bwU2NJJkA,1745013713231,429,Access limit reached,"{'error': 'Access limit reached', 'retry_after': '6 hours 57 minutes'}"
53,h94anv2bwU2NJJkA,1745026998231,429,Access limit reached,"{'error': 'Access limit reached', 'retry_after': '6 hours 57 minutes'}"
53,h94anv2bwU2NJJkA,1745078039231,429,Access limit reached,"{'error': 'Access limit reached', 'retry_after': '6 hours 57 minutes'}"
53,h94anv2bwU2NJJkA,1745065118231,429,Access limit reached,"{'error': 'Access limit reached', 'retry_after': '6 hours 57 minutes'}"
53,h94anv2bwU2NJJkA,1745034416231,429,Access limit reached,"{'error': 'Access limit reached', 'retry_after': '6 hours 57 minutes'}"
53,h94anv2bwU2NJJkA,1745045694231,429,Access limit reached,"{'error': 'Access limit reached', 'retry_after': '6 hours 57 minutes'}"
53,h94anv2bwU2NJJkA,1745046230231,429,Access limit reached,"{'error': 'Access limit reached', 'retry_after': '6 hours 57 minutes'}"
53,h94anv2bwU2NJJkA,1745061831231,429,Access limit reached,"{'error': 'Access limit reached', 'retry_after': '6 hours 57 minutes'}"
53,h94anv2bwU2NJJkA,1745057830231,429,Access limit reached,"{'error': 'Access limit reached', 'retry_after': '6 hours 57 minutes'}"
53,h94anv2bwU2NJJkA,1745014850231,429,Access limit reached,"{'error': 'Access limit reached', 'retry_after': '6 hours 57 minutes'}"
53,h94anv2bwU2NJJkA,1745045644231,429,Access limit reached,"{'error': 'Access limit reached', 'retry_after': '6 hours 57 minutes'}"
53,h94anv2bwU2NJJkA,1745010003231,429,Access limit reached,"{'error': 'Access limit reached', 'retry_after': '6 hours 57 minutes'}"
53,h94anv2bwU2NJJkA,1745037819231,429,Access limit reached,"{'error': 'Access limit reached', 'retry_after': '6 hours 57 minutes'}"
53,h94anv2bwU2NJJkA,1745023534231,429,Access limit reached,"{'error': 'Access limit reached', 'retry_after': '6 hours 57 minutes'}"
53,h94anv2bwU2NJJkA,1745075186231,429,Access limit reached,"{'error': 'Access limit reached', 'retry_after': '6 hours 57 minutes'}"
53,h94anv2bwU2NJJkA,1745049066231,429,Access limit reached,"{'error': 'Access limit reached', 'retry_after': '6 hours 57 minutes'}"
53,h94anv2bwU2NJJkA,1745029247231,429,Access limit reached,"{'error': 'Access limit reached', 'retry_after': '6 hours 57 minutes'}"
53,h94anv2bwU2NJJkA,1745018267231,429,Access limit reached,"{'error': 'Access limit reached', 'retry_after': '6 hours 57 minutes'}"
53,h94anv2bwU2NJJkA,1745023152231,429,Access limit reached,"{'error': 'Access limit reached', 'retry_after': '6 hours 57 minutes'}"
53,h94anv2bwU2NJJkA,1745022408231,429,Access limit reached,"{'error': 'Access limit reached', 'retry_after': '6 hours 57 minutes'}"
53,h94anv2bwU2NJJkA,1745068964231,429,Access limit reached,"{'error': 'Access limit reached', 'retry_after': '6 hours 57 minutes'}"
53,h94anv2bwU2NJJkA,1745046627231,429,Access limit reached,"{'error': 'Access limit reached', 'retry_after': '6 hours 57 minutes'}"
53,h94anv2bwU2NJJkA,1745025535231,429,Access limit reached,"{'error': 'Access limit reached', 'retry_after': '6 hours 57 minutes'}"
53,h94anv2bwU2NJJkA,1745070789231,429,Access limit reached,"{'error': 'Access limit reached', 'retry_after': '6 hours 57 minutes'}"
53,h94anv2bwU2NJJkA,1745042053231,429,Access limit reached,"{'error': 'Access limit reached', 'retry_after': '6 hours 57 minutes'}"
53,h94anv2bwU2NJJkA,1745065129231,429,Access limit reached,"{'error': 'Access limit reached', 'retry_after': '6 hours 57 minutes'}"
53,h94anv2bwU2NJJkA,1745032034231,429,Access limit reached,"{'error': 'Access limit reached', 'retry_after': '6 hours 57 minutes'}"
53,h94anv2bwU2NJJkA,1745028567231,429,Access limit reached,"{'error': 'Access limit reached', 'retry_after': '6 hours 57 minutes'}"
53,h94anv2bwU2NJJkA,1745041322231,429,Access limit reached,"{'error': 'Access limit reached', 'retry_after': '6 hours 57 minutes'}"
53,h94anv2bwU2NJJkA,1745066894231,429,Access limit reached,"{'error': 'Access limit reached', 'retry_after': '6 hours 57 minutes'}"
53,h94anv2bwU2NJJkA,1745064379231,429,Access limit reached,"{'error': 'Access limit reached', 'retry_after': '6 hours 57 minutes'}"
53,h94anv2bwU2NJJkA,1745049184231,429,Access limit reached,"{'error': 'Access limit reached', 'retry_after': '6 hours 57 minutes'}"
54,U3gq6cIPD3Hy2aYQ,1745033694231,429,Access limit reached,"{'error': 'Access limit reached', 'retry_after': '6 hours 10 minutes'}"
54,U3gq6cIPD3Hy2aYQ,1745041924231,429,Access limit reached,"{'error': 'Access limit reached', 'retry_after': '6 hours 10 minutes'}"
54,U3gq6cIPD3Hy2aYQ,1745063879231,429,Access limit reached,"{'error': 'Access limit reached', 'retry_after': '6 hours 10 minutes'}"
54,U3gq6cIPD3Hy2aYQ,1745078123231,429,Access limit reached,"{'error': 'Access limit reached', 'retry_after': '6 hours 10 minutes'}"
54,U3gq6cIPD3Hy2aYQ,1745058067231,429,Access limit reached,"{'error': 'Access limit reached', 'retry_after': '6 hours 10 minutes'}"
54,U3gq6cIPD3Hy2aYQ,1745063686231,429,Access limit reached,"{'error': 'Access limit reached', 'retry_after': '6 hours 10 minutes'}"
54,U3gq6cIPD3Hy2aYQ,1745055443231,429,Access limit reached,"{'error': 'Access limit reached', 'retry_after': '6 hours 10 minutes'}"
54,U3gq6cIPD3Hy2aYQ,1745031283231,429,Access limit reached,"{'error': 'Access limit reached', 'retry_after': '6 hours 10 minutes'}"
54,U3gq6cIPD3Hy2aYQ,1745026583231,429,Access limit reached,"{'error': 'Access limit reached', 'retry_after': '6 hours 10 minutes'}"
54,U3gq6cIPD3Hy2aYQ,1745016193231,429,Access limit reached,"{'error': 'Access limit reached', 'retry_after': '6 hours 10 minutes'}"
54,U3gq6cIPD3Hy2aYQ,1745014123231,429,Access limit reached,"{'error': 'Access limit reached', 'retry_after': '6 hours 10 minutes'}"
54,U3gq6cIPD3Hy2aYQ,1745033839231,429,Access limit reached,"{'error': 'Access limit reached', 'retry_after': '6 hours 10 minutes'}"
54,U3gq6cIPD3Hy2aYQ,1745048268231,429,Access limit reached,"{'error': 'Access limit reached', 'retry_after': '6 hours 10 minutes'}"
54,U3gq6cIPD3Hy2aYQ,1745044199231,429,Access limit reached,"{'error': 'Access limit reached', 'retry_after': '6 hours 10 minutes'}"
54,U3gq6cIPD3Hy2aYQ,1745078217231,429,Access limit reached,"{'error': 'Access limit reached', 'retry_after': '6 hours 10 minutes'}"
54,U3gq6cIPD3Hy2aYQ,1745075138231,429,Access limit reached,"{'error': 'Access limit reached', 'retry_after': '6 hours 10 minutes'}"
54,U3gq6cIPD3Hy2aYQ,1745034257231,429,Access limit reached,"{'error': 'Access limit reached', 'retry_after': '6 hours 10 minutes'}"
54,U3gq6cIPD3Hy2aYQ,1745032233231,429,Access limit reached,"{'error': 'Access limit reached', 'retry_after': '6 hours 10 minutes'}"
54,U3gq6cIPD3Hy2aYQ,1745056966231,429,Access limit reached,"{'error': 'Access limit reached', 'retry_after': '6 hours 10 minutes'}"
54,U3gq6cIPD3Hy2aYQ,1745026465231,429,Access limit reached,"{'error': 'Access limit reached', 'retry_after': '6 hours 10 minutes'}"
54,U3gq6cIPD3Hy2aYQ,1745056894231,429,Access limit reached,"{'error': 'Access limit reached', 'retry_after': '6 hours 10 minutes'}"
54,U3gq6cIPD3Hy2aYQ,1745052490231,429,Access limit reached,"{'error': 'Access limit reached', 'retry_after': '6 hours 10 minutes'}"
54,U3gq6cIPD3Hy2aYQ,1745019018231,429,Access limit reached,"{'error': 'Access limit reached', 'retry_after': '6 hours 10 minutes'}"
54,U3gq6cIPD3Hy2aYQ,1745040895231,429,Access limit reached,"{'error': 'Access limit reached', 'retry_after': '6 hours 10 minutes'}"
54,U3gq6cIPD3Hy2aYQ,1745045426231,429,Access limit reached,"{'error': 'Access limit reached', 'retry_after': '6 hours 10 minutes'}"
54,U3gq6cIPD3Hy2aYQ,1745069566231,429,Access limit reached,"{'error': 'Access limit reached', 'retry_after': '6 hours 10 minutes'}"
55,XxbRFGNYZnZSAQYX,1745017336231,429,Access limit reached,"{'error': 'Access limit reached', 'retry_after': '4 hours 55 minutes'}"
55,XxbRFGNYZnZSAQYX,1745078730231,429,Access limit reached,"{'error': 'Access limit reached', 'retry_after': '4 hours 55 minutes'}"
55,XxbRFGNYZnZSAQYX,1745040044231,429,Access limit reached,"{'error': 'Access limit reached', 'retry_after': '4 hours 55 minutes'}"
55,XxbRFGNYZnZSAQYX,1745027928231,429,Access limit reached,"{'error': 'Access limit reached', 'retry_after': '4 hours 55 minutes'}"
55,XxbRFGNYZnZSAQYX,1745057937231,429,Access limit reached,"{'error': 'Access limit reached', 'retry_after': '4 hours 55 minutes'}"
55,XxbRFGNYZnZSAQYX,1745071207231,429,Access limit reached,"{'error': 'Access limit reached', 'retry_after': '4 hours 55 minutes'}"
55,XxbRFGNYZnZSAQYX,1745051293231,429,Access limit reached,"{'error': 'Access limit reached', 'retry_after': '4 hours 55 minutes'}"
55,XxbRFGNYZnZSAQYX,1745018477231,429,Access limit reached,"{'error': 'Access limit reached', 'retry_after': '4 hours 55 minutes'}"
55,XxbRFGNYZnZSAQYX,1745017498231,429,Access limit reached,"{'error': 'Access limit reached', 'retry_after': '4 hours 55 minutes'}"
55,XxbRFGNYZnZSAQYX,1745078960231,429,Access limit reached,"{'error': 'Access limit reached', 'retry_after': '4 hours 55 minutes'}"
55,XxbRFGNYZnZSAQYX,1745034653231,429,Access limit reached,"{'error': 'Access limit reached', 'retry_after': '4 hours 55 minutes'}"
55,XxbRFGNYZnZSAQYX,1745053184231,429,Access limit reached,"{'error': 'Access limit reached', 'retry_after': '4 hours 55 minutes'}"
55,XxbRFGNYZnZSAQYX,1745039406231,429,Access limit reached,"{'error': 'Access limit reached', 'retry_after': '4 hours 55 minutes'}"
55,XxbRFGNYZnZSAQYX,1745023964231,429,Access limit reached,"{'error': 'Access limit reached', 'retry_after': '4 hours 55 minutes'}"
55,XxbRFGNYZnZSAQYX,1745046905231,429,Access limit reached,"{'error': 'Access limit reached', 'retry_after': '4 hours 55 minutes'}"
55,XxbRFGNYZnZSAQYX,1745009744231,429,Access limit reached,"{'error': 'Access limit reached', 'retry_after': '4 hours 55 minutes'}"
55,XxbRFGNYZnZSAQYX,1745035733231,429,Access limit reached,"{'error': 'Access limit reached', 'retry_after': '4 hours 55 minutes'}"
55,XxbRFGNYZnZSAQYX,1745022742231,429,Access limit reached,"{'error': 'Access limit reached', 'retry_after': '4 hours 55 minutes'}"
55,XxbRFGNYZnZSAQYX,1745008291231,429,Access limit reached,"{'error': 'Access limit reached', 'retry_after': '4 hours 55 minutes'}"
55,XxbRFGNYZnZSAQYX,1745058722231,429,Access limit reached,"{'error': 'Access limit reached', 'retry_after': '4 hours 55 minutes'}"
55,XxbRFGNYZnZSAQYX,1745050700231,429,Access limit reached,"{'error': 'Access limit reached', 'retry_after': '4 hours 55 minutes'}"
55,XxbRFGNYZnZSAQYX,1745017176231,429,Access limit reached,"{'error': 'Access limit reached', 'retry_after': '4 hours 55 minutes'}"
55,XxbRFGNYZnZSAQYX,1745064591231,429,Access limit reached,"{'error': 'Access limit reached', 'retry_after': '4 hours 55 minutes'}"
55,XxbRFGNYZnZSAQYX,1745052818231,429,Access limit reached,"{'error': 'Access limit reached', 'retry_after': '4 hours 55 minutes'}"
55,XxbRFGNYZnZSAQYX,1745029573231,429,Access limit reached,"{'error': 'Access limit reached', 'retry_after': '4 hours 55 minutes'}"
56,U3gq6cIPD3Hy2aYQ,1745017342231,429,Access limit reached,"{'error': 'Access limit reached', 'retry_after': '6 hours 10 minutes'}"
56,U3gq6cIPD3Hy2aYQ,1745060397231,429,Access limit reached,"{'error': 'Access limit reached', 'retry_after': '6 hours 10 minutes'}"
56,U3gq6cIPD3Hy2aYQ,1745049178231,429,Access limit reached,"{'error': 'Access limit reached', 'retry_after': '6 hours 10 minutes'}"
56,U3gq6cIPD3Hy2aYQ,1745032391231,429,Access limit reached,"{'error': 'Access limit reached', 'retry_after': '6 hours 10 minutes'}"
56,U3gq6cIPD3Hy2aYQ,1745009024231,429,Access limit reached,"{'error': 'Access limit reached', 'retry_after': '6 hours 10 minutes'}"
56,U3gq6cIPD3Hy2aYQ,1745067963231,429,Access limit reached,"{'error': 'Access limit reached', 'retry_after': '6 hours 10 minutes'}"
56,U3gq6cIPD3Hy2aYQ,1745011337231,429,Access limit reached,"{'error': 'Access limit reached', 'retry_after': '6 hours 10 minutes'}"
56,U3gq6cIPD3Hy2aYQ,1745031328231,429,Access limit reached,"{'error': 'Access limit reached', 'retry_after': '6 hours 10 minutes'}"
56,U3gq6cIPD3Hy2aYQ,1745056488231,429,Access limit reached,"{'error': 'Access limit reached', 'retry_after': '6 hours 10 minutes'}"
56,U3gq6cIPD3Hy2aYQ,1745077852231,429,Access limit reached,"{'error': 'Access limit reached', 'retry_after': '6 hours 10 minutes'}"
56,U3gq6cIPD3Hy2aYQ,1745015920231,429,Access limit reached,"{'error': 'Access limit reached', 'retry_after': '6 hours 10 minutes'}"
56,U3gq6cIPD3Hy2aYQ,1745027000231,429,Access limit reached,"{'error': 'Access limit reached', 'retry_after': '6 hours 10 minutes'}"
56,U3gq6cIPD3Hy2aYQ,1745037150231,429,Access limit reached,"{'error': 'Access limit reached', 'retry_after': '6 hours 10 minutes'}"
56,U3gq6cIPD3Hy2aYQ,1745065886231,429,Access limit reached,"{'error': 'Access limit reached', 'retry_after': '6 hours 10 minutes'}"
56,U3gq6cIPD3Hy2aYQ,1745037619231,429,Access limit reached,"{'error': 'Access limit reached', 'retry_after': '6 hours 10 minutes'}"
56,U3gq6cIPD3Hy2aYQ,1745027297231,429,Access limit reached,"{'error': 'Access limit reached', 'retry_after': '6 hours 10 minutes'}"
56,U3gq6cIPD3Hy2aYQ,1745072277231,429,Access limit reached,"{'error': 'Access limit reached', 'retry_after': '6 hours 10 minutes'}"
56,U3gq6cIPD3Hy2aYQ,1745059786231,429,Access limit reached,"{'error': 'Access limit reached', 'retry_after': '6 hours 10 minutes'}"
56,U3gq6cIPD3Hy2aYQ,1745027378231,429,Access limit reached,"{'error': 'Access limit reached', 'retry_after': '6 hours 10 minutes'}"
56,U3gq6cIPD3Hy2aYQ,1745013994231,429,Access limit reached,"{'error': 'Access limit reached', 'retry_after': '6 hours 10 minutes'}"
56,U3gq6cIPD3Hy2aYQ,1745022802231,429,Access limit reached,"{'error': 'Access limit reached', 'retry_after': '6 hours 10 minutes'}"
56,U3gq6cIPD3Hy2aYQ,1745066512231,429,Access limit reached,"{'error': 'Access limit reached', 'retry_after': '6 hours 10 minutes'}"
56,U3gq6cIPD3Hy2aYQ,1745055603231,429,Access limit reached,"{'error': 'Access limit reached', 'retry_after': '6 hours 10 minutes'}"
56,U3gq6cIPD3Hy2aYQ,1745053260231,429,Access limit reached,"{'error': 'Access limit reached', 'retry_after': '6 hours 10 minutes'}"
56,U3gq6cIPD3Hy2aYQ,1745020156231,429,Access limit reached,"{'error': 'Access limit reached', 'retry_after': '6 hours 10 minutes'}"
56,U3gq6cIPD3Hy2aYQ,1745036759231,429,Access limit reached,"{'error': 'Access limit reached', 'retry_after': '6 hours 10 minutes'}"
56,U3gq6cIPD3Hy2aYQ,1745057047231,429,Access limit reached,"{'error': 'Access limit reached', 'retry_after': '6 hours 10 minutes'}"
56,U3gq6cIPD3Hy2aYQ,1745008306231,429,Access limit reached,"{'error': 'Access limit reached', 'retry_after': '6 hours 10 minutes'}"
57,XxbRFGNYZnZSAQYX,1745029626231,429,Access limit reached,"{'error': 'Access limit reached', 'retry_after': '4 hours 55 minutes'}"
57,XxbRFGNYZnZSAQYX,1745053789231,429,Access limit reached,"{'error': 'Access limit reached', 'retry_after': '4 hours 55 minutes'}"
57,XxbRFGNYZnZSAQYX,1745030342231,429,Access limit reached,"{'error': 'Access limit reached', 'retry_after': '4 hours 55 minutes'}"
57,XxbRFGNYZnZSAQYX,1745029681231,429,Access limit reached,"{'error': 'Access limit reached', 'retry_after': '4 hours 55 minutes'}"
57,XxbRFGNYZnZSAQYX,1745023714231,429,Access limit reached,"{'error': 'Access limit reached', 'retry_after': '4 hours 55 minutes'}"
57,XxbRFGNYZnZSAQYX,1745010851231,429,Access limit reached,"{'error': 'Access limit reached', 'retry_after': '4 hours 55 minutes'}"
57,XxbRFGNYZnZSAQYX,1745037973231,429,Access limit reached,"{'error': 'Access limit reached', 'retry_after': '4 hours 55 minutes'}"
57,XxbRFGNYZnZSAQYX,1745043181231,429,Access limit reached,"{'error': 'Access limit reached', 'retry_after': '4 hours 55 minutes'}"
57,XxbRFGNYZnZSAQYX,1745055953231,429,Access limit reached,"{'error': 'Access limit reached', 'retry_after': '4 hours 55 minutes'}"
57,XxbRFGNYZnZSAQYX,1745057492231,429,Access limit reached,"{'error': 'Access limit reached', 'retry_after': '4 hours 55 minutes'}"
57,XxbRFGNYZnZSAQYX,1745053465231,429,Access limit reached,"{'error': 'Access limit reached', 'retry_after': '4 hours 55 minutes'}"
57,XxbRFGNYZnZSAQYX,1745068891231,429,Access limit reached,"{'error': 'Access limit reached', 'retry_after': '4 hours 55 minutes'}"
57,XxbRFGNYZnZSAQYX,1745020632231,429,Access limit reached,"{'error': 'Access limit reached', 'retry_after': '4 hours 55 minutes'}"
57,XxbRFGNYZnZSAQYX,1745018826231,429,Access limit reached,"{'error': 'Access limit reached', 'retry_after': '4 hours 55 minutes'}"
57,XxbRFGNYZnZSAQYX,1745074004231,429,Access limit reached,"{'error': 'Access limit reached', 'retry_after': '4 hours 55 minutes'}"
57,XxbRFGNYZnZSAQYX,1745055171231,429,Access limit reached,"{'error': 'Access limit reached', 'retry_after': '4 hours 55 minutes'}"
57,XxbRFGNYZnZSAQYX,1745013485231,429,Access limit reached,"{'error': 'Access limit reached', 'retry_after': '4 hours 55 minutes'}"
57,XxbRFGNYZnZSAQYX,1745058583231,429,Access limit reached,"{'error': 'Access limit reached', 'retry_after': '4 hours 55 minutes'}"
57,XxbRFGNYZnZSAQYX,1745021696231,429,Access limit reached,"{'error': 'Access limit reached', 'retry_after': '4 hours 55 minutes'}"
57,XxbRFGNYZnZSAQYX,1745066736231,429,Access limit reached,"{'error': 'Access limit reached', 'retry_after': '4 hours 55 minutes'}"
57,XxbRFGNYZnZSAQYX,1745039518231,429,Access limit reached,"{'error': 'Access limit reached', 'retry_after': '4 hours 55 minutes'}"
57,XxbRFGNYZnZSAQYX,1745066992231,429,Access limit reached,"{'error': 'Access limit reached', 'retry_after': '4 hours 55 minutes'}"
57,XxbRFGNYZnZSAQYX,1745016119231,429,Access limit reached,"{'error': 'Access limit reached', 'retry_after': '4 hours 55 minutes'}"
57,XxbRFGNYZnZSAQYX,1745012667231,429,Access limit reached,"{'error': 'Access limit reached', 'retry_after': '4 hours 55 minutes'}"
57,XxbRFGNYZnZSAQYX,1745012766231,429,Access limit reached,"{'error': 'Access limit reached', 'retry_after': '4 hours 55 minutes'}"
57,XxbRFGNYZnZSAQYX,1745057441231,429,Access limit reached,"{'error': 'Access limit reached', 'retry_after': '4 hours 55 minutes'}"
57,XxbRFGNYZnZSAQYX,1745063712231,429,Access limit reached,"{'error': 'Access limit reached', 'retry_after': '4 hours 55 minutes'}"
57,XxbRFGNYZnZSAQYX,1745030840231,429,Access limit reached,"{'error': 'Access limit reached', 'retry_after': '4 hours 55 minutes'}"
57,XxbRFGNYZnZSAQYX,1745024867231,429,Access limit reached,"{'error': 'Access limit reached', 'retry_after': '4 hours 55 minutes'}"
58,3nBKrhW1fBAghtFJ,1745020736231,429,Access limit reached,"{'error': 'Access limit reached', 'retry_after': '4 hours 58 minutes'}"
58,3nBKrhW1fBAghtFJ,1745010860231,429,Access limit reached,"{'error': 'Access limit reached', 'retry_after': '4 hours 58 minutes'}"
58,3nBKrhW1fBAghtFJ,1745055095231,429,Access limit reached,"{'error': 'Access limit reached', 'retry_after': '4 hours 58 minutes'}"
58,3nBKrhW1fBAghtFJ,1745009266231,429,Access limit reached,"{'error': 'Access limit reached', 'retry_after': '4 hours 58 minutes'}"
58,3nBKrhW1fBAghtFJ,1745049298231,429,Access limit reached,"{'error': 'Access limit reached', 'retry_after': '4 hours 58 minutes'}"
58,3nBKrhW1fBAghtFJ,1745019469231,429,Access limit reached,"{'error': 'Access limit reached', 'retry_after': '4 hours 58 minutes'}"
58,3nBKrhW1fBAghtFJ,1745070477231,429,Access limit reached,"{'error': 'Access limit reached', 'retry_after': '4 hours 58 minutes'}"
58,3nBKrhW1fBAghtFJ,1745070113231,429,Access limit reached,"{'error': 'Access limit reached', 'retry_after': '4 hours 58 minutes'}"
58,3nBKrhW1fBAghtFJ,1745077595231,429,Access limit reached,"{'error': 'Access limit reached', 'retry_after': '4 hours 58 minutes'}"
58,3nBKrhW1fBAghtFJ,1745036865231,429,Access limit reached,"{'error': 'Access limit reached', 'retry_after': '4 hours 58 minutes'}"
58,3nBKrhW1fBAghtFJ,1745053184231,429,Access limit reached,"{'error': 'Access limit reached', 'retry_after': '4 hours 58 minutes'}"
58,3nBKrhW1fBAghtFJ,1745076155231,429,Access limit reached,"{'error': 'Access limit reached', 'retry_after': '4 hours 58 minutes'}"
58,3nBKrhW1fBAghtFJ,1745012064231,429,Access limit reached,"{'error': 'Access limit reached', 'retry_after': '4 hours 58 minutes'}"
58,3nBKrhW1fBAghtFJ,1745027459231,429,Access limit reached,"{'error': 'Access limit reached', 'retry_after': '4 hours 58 minutes'}"
58,3nBKrhW1fBAghtFJ,1745067434231,429,Access limit reached,"{'error': 'Access limit reached', 'retry_after': '4 hours 58 minutes'}"
58,3nBKrhW1fBAghtFJ,1745073261231,429,Access limit reached,"{'error': 'Access limit reached', 'retry_after': '4 hours 58 minutes'}"
58,3nBKrhW1fBAghtFJ,1745012588231,429,Access limit reached,"{'error': 'Access limit reached', 'retry_after': '4 hours 58 minutes'}"
58,3nBKrhW1fBAghtFJ,1745038884231,429,Access limit reached,"{'error': 'Access limit reached', 'retry_after': '4 hours 58 minutes'}"
58,3nBKrhW1fBAghtFJ,1745041417231,429,Access limit reached,"{'error': 'Access limit reached', 'retry_after': '4 hours 58 minutes'}"
58,3nBKrhW1fBAghtFJ,1745020861231,429,Access limit reached,"{'error': 'Access limit reached', 'retry_after': '4 hours 58 minutes'}"
58,3nBKrhW1fBAghtFJ,1745073977231,429,Access limit reached,"{'error': 'Access limit reached', 'retry_after': '4 hours 58 minutes'}"
58,3nBKrhW1fBAghtFJ,1745036141231,429,Access limit reached,"{'error': 'Access limit reached', 'retry_after': '4 hours 58 minutes'}"
58,3nBKrhW1fBAghtFJ,1745025117231,429,Access limit reached,"{'error': 'Access limit reached', 'retry_after': '4 hours 58 minutes'}"
58,3nBKrhW1fBAghtFJ,1745023337231,429,Access limit reached,"{'error': 'Access limit reached', 'retry_after': '4 hours 58 minutes'}"
58,3nBKrhW1fBAghtFJ,1745010612231,429,Access limit reached,"{'error': 'Access limit reached', 'retry_after': '4 hours 58 minutes'}"
58,3nBKrhW1fBAghtFJ,1745042305231,429,Access limit reached,"{'error': 'Access limit reached', 'retry_after': '4 hours 58 minutes'}"
58,3nBKrhW1fBAghtFJ,1745014331231,429,Access limit reached,"{'error': 'Access limit reached', 'retry_after': '4 hours 58 minutes'}"
58,3nBKrhW1fBAghtFJ,1745061966231,429,Access limit reached,"{'error': 'Access limit reached', 'retry_after': '4 hours 58 minutes'}"
58,3nBKrhW1fBAghtFJ,1745028969231,429,Access limit reached,"{'error': 'Access limit reached', 'retry_after': '4 hours 58 minutes'}"
58,3nBKrhW1fBAghtFJ,1745021413231,429,Access limit reached,"{'error': 'Access limit reached', 'retry_after': '4 hours 58 minutes'}"
58,3nBKrhW1fBAghtFJ,1745077250231,429,Access limit reached,"{'error': 'Access limit reached', 'retry_after': '4 hours 58 minutes'}"
58,3nBKrhW1fBAghtFJ,1745050369231,429,Access limit reached,"{'error': 'Access limit reached', 'retry_after': '4 hours 58 minutes'}"
58,3nBKrhW1fBAghtFJ,1745062866231,429,Access limit reached,"{'error': 'Access limit reached', 'retry_after': '4 hours 58 minutes'}"
58,3nBKrhW1fBAghtFJ,1745013248231,429,Access limit reached,"{'error': 'Access limit reached', 'retry_after': '4 hours 58 minutes'}"
58,3nBKrhW1fBAghtFJ,1745014299231,429,Access limit reached,"{'error': 'Access limit reached', 'retry_after': '4 hours 58 minutes'}"
58,3nBKrhW1fBAghtFJ,1745078511231,429,Access limit reached,"{'error': 'Access limit reached', 'retry_after': '4 hours 58 minutes'}"
59,4YHYRv9IiZ7e2gos,1745029556231,429,Access limit reached,"{'error': 'Access limit reached', 'retry_after': '4 hours 47 minutes'}"
59,4YHYRv9IiZ7e2gos,1745061138231,429,Access limit reached,"{'error': 'Access limit reached', 'retry_after': '4 hours 47 minutes'}"
59,4YHYRv9IiZ7e2gos,1745062359231,429,Access limit reached,"{'error': 'Access limit reached', 'retry_after': '4 hours 47 minutes'}"
59,4YHYRv9IiZ7e2gos,1745017099231,429,Access limit reached,"{'error': 'Access limit reached', 'retry_after': '4 hours 47 minutes'}"
59,4YHYRv9IiZ7e2gos,1745036084231,429,Access limit reached,"{'error': 'Access limit reached', 'retry_after': '4 hours 47 minutes'}"
59,4YHYRv9IiZ7e2gos,1745016952231,429,Access limit reached,"{'error': 'Access limit reached', 'retry_after': '4 hours 47 minutes'}"
59,4YHYRv9IiZ7e2gos,1745075047231,429,Access limit reached,"{'error': 'Access limit reached', 'retry_after': '4 hours 47 minutes'}"
59,4YHYRv9IiZ7e2gos,1745018350231,429,Access limit reached,"{'error': 'Access limit reached', 'retry_after': '4 hours 47 minutes'}"
59,4YHYRv9IiZ7e2gos,1745011478231,429,Access limit reached,"{'error': 'Access limit reached', 'retry_after': '4 hours 47 minutes'}"
59,4YHYRv9IiZ7e2gos,1745068509231,429,Access limit reached,"{'error': 'Access limit reached', 'retry_after': '4 hours 47 minutes'}"
59,4YHYRv9IiZ7e2gos,1745051424231,429,Access limit reached,"{'error': 'Access limit reached', 'retry_after': '4 hours 47 minutes'}"
59,4YHYRv9IiZ7e2gos,1745014577231,429,Access limit reached,"{'error': 'Access limit reached', 'retry_after': '4 hours 47 minutes'}"
59,4YHYRv9IiZ7e2gos,1745046322231,429,Access limit reached,"{'error': 'Access limit reached', 'retry_after': '4 hours 47 minutes'}"
59,4YHYRv9IiZ7e2gos,1745013483231,429,Access limit reached,"{'error': 'Access limit reached', 'retry_after': '4 hours 47 minutes'}"
59,4YHYRv9IiZ7e2gos,1745045527231,429,Access limit reached,"{'error': 'Access limit reached', 'retry_after': '4 hours 47 minutes'}"
59,4YHYRv9IiZ7e2gos,1745073079231,429,Access limit reached,"{'error': 'Access limit reached', 'retry_after': '4 hours 47 minutes'}"
59,4YHYRv9IiZ7e2gos,1745074129231,429,Access limit reached,"{'error': 'Access limit reached', 'retry_after': '4 hours 47 minutes'}"
59,4YHYRv9IiZ7e2gos,1745064137231,429,Access limit reached,"{'error': 'Access limit reached', 'retry_after': '4 hours 47 minutes'}"
59,4YHYRv9IiZ7e2gos,1745057034231,429,Access limit reached,"{'error': 'Access limit reached', 'retry_after': '4 hours 47 minutes'}"
59,4YHYRv9IiZ7e2gos,1745033241231,429,Access limit reached,"{'error': 'Access limit reached', 'retry_after': '4 hours 47 minutes'}"
59,4YHYRv9IiZ7e2gos,1745045679231,429,Access limit reached,"{'error': 'Access limit reached', 'retry_after': '4 hours 47 minutes'}"
59,4YHYRv9IiZ7e2gos,1745034624231,429,Access limit reached,"{'error': 'Access limit reached', 'retry_after': '4 hours 47 minutes'}"
59,4YHYRv9IiZ7e2gos,1745014914231,429,Access limit reached,"{'error': 'Access limit reached', 'retry_after': '4 hours 47 minutes'}"
59,4YHYRv9IiZ7e2gos,1745034258231,429,Access limit reached,"{'error': 'Access limit reached', 'retry_after': '4 hours 47 minutes'}"
59,4YHYRv9IiZ7e2gos,1745067134231,429,Access limit reached,"{'error': 'Access limit reached', 'retry_after': '4 hours 47 minutes'}"
59,4YHYRv9IiZ7e2gos,1745061935231,429,Access limit reached,"{'error': 'Access limit reached', 'retry_after': '4 hours 47 minutes'}"
59,4YHYRv9IiZ7e2gos,1745075290231,429,Access limit reached,"{'error': 'Access limit reached', 'retry_after': '4 hours 47 minutes'}"
59,4YHYRv9IiZ7e2gos,1745036892231,429,Access limit reached,"{'error': 'Access limit reached', 'retry_after': '4 hours 47 minutes'}"
60,sZaWrwSAC0YhuHOq,1745030593231,429,Access limit reached,"{'error': 'Access limit reached', 'retry_after': '5 hours 4 minutes'}"
60,sZaWrwSAC0YhuHOq,1745040141231,429,Access limit reached,"{'error': 'Access limit reached', 'retry_after': '5 hours 4 minutes'}"
60,sZaWrwSAC0YhuHOq,1745069233231,429,Access limit reached,"{'error': 'Access limit reached', 'retry_after': '5 hours 4 minutes'}"
60,sZaWrwSAC0YhuHOq,1745069165231,429,Access limit reached,"{'error': 'Access limit reached', 'retry_after': '5 hours 4 minutes'}"
60,sZaWrwSAC0YhuHOq,1745038772231,429,Access limit reached,"{'error': 'Access limit reached', 'retry_after': '5 hours 4 minutes'}"
60,sZaWrwSAC0YhuHOq,1745035554231,429,Access limit reached,"{'error': 'Access limit reached', 'retry_after': '5 hours 4 minutes'}"
60,sZaWrwSAC0YhuHOq,1745074950231,429,Access limit reached,"{'error': 'Access limit reached', 'retry_after': '5 hours 4 minutes'}"
60,sZaWrwSAC0YhuHOq,1745049839231,429,Access limit reached,"{'error': 'Access limit reached', 'retry_after': '5 hours 4 minutes'}"
60,sZaWrwSAC0YhuHOq,1745018935231,429,Access limit reached,"{'error': 'Access limit reached', 'retry_after': '5 hours 4 minutes'}"
60,sZaWrwSAC0YhuHOq,1745064874231,429,Access limit reached,"{'error': 'Access limit reached', 'retry_after': '5 hours 4 minutes'}"
60,sZaWrwSAC0YhuHOq,1745035393231,429,Access limit reached,"{'error': 'Access limit reached', 'retry_after': '5 hours 4 minutes'}"
60,sZaWrwSAC0YhuHOq,1745061337231,429,Access limit reached,"{'error': 'Access limit reached', 'retry_after': '5 hours 4 minutes'}"
60,sZaWrwSAC0YhuHOq,1745042881231,429,Access limit reached,"{'error': 'Access limit reached', 'retry_after': '5 hours 4 minutes'}"
60,sZaWrwSAC0YhuHOq,1745050546231,429,Access limit reached,"{'error': 'Access limit reached', 'retry_after': '5 hours 4 minutes'}"
60,sZaWrwSAC0YhuHOq,1745040376231,429,Access limit reached,"{'error': 'Access limit reached', 'retry_after': '5 hours 4 minutes'}"
60,sZaWrwSAC0YhuHOq,1745048894231,429,Access limit reached,"{'error': 'Access limit reached', 'retry_after': '5 hours 4 minutes'}"
60,sZaWrwSAC0YhuHOq,1745052892231,429,Access limit reached,"{'error': 'Access limit reached', 'retry_after': '5 hours 4 minutes'}"
60,sZaWrwSAC0YhuHOq,1745062380231,429,Access limit reached,"{'error': 'Access limit reached', 'retry_after': '5 hours 4 minutes'}"
60,sZaWrwSAC0YhuHOq,1745013451231,429,Access limit reached,"{'error': 'Access limit reached', 'retry_after': '5 hours 4 minutes'}"
60,sZaWrwSAC0YhuHOq,1745045493231,429,Access limit reached,"{'error': 'Access limit reached', 'retry_after': '5 hours 4 minutes'}"
60,sZaWrwSAC0YhuHOq,1745011570231,429,Access limit reached,"{'error': 'Access limit reached', 'retry_after': '5 hours 4 minutes'}"
60,sZaWrwSAC0YhuHOq,1745012943231,429,Access limit reached,"{'error': 'Access limit reached', 'retry_after': '5 hours 4 minutes'}"
60,sZaWrwSAC0YhuHOq,1745069118231,429,Access limit reached,"{'error': 'Access limit reached', 'retry_after': '5 hours 4 minutes'}"
60,sZaWrwSAC0YhuHOq,1745070720231,429,Access limit reached,"{'error': 'Access limit reached', 'retry_after': '5 hours 4 minutes'}"
60,sZaWrwSAC0YhuHOq,1745038267231,429,Access limit reached,"{'error': 'Access limit reached', 'retry_after': '5 hours 4 minutes'}"
60,sZaWrwSAC0YhuHOq,1745019339231,429,Access limit reached,"{'error': 'Access limit reached', 'retry_after': '5 hours 4 minutes'}"
60,sZaWrwSAC0YhuHOq,1745078078231,429,Access limit reached,"{'error': 'Access limit reached', 'retry_after': '5 hours 4 minutes'}"
60,sZaWrwSAC0YhuHOq,1745042433231,429,Access limit reached,"{'error': 'Access limit reached', 'retry_after': '5 hours 4 minutes'}"
60,sZaWrwSAC0YhuHOq,1745071173231,429,Access limit reached,"{'error': 'Access limit reached', 'retry_after': '5 hours 4 minutes'}"
60,sZaWrwSAC0YhuHOq,1745018516231,429,Access limit reached,"{'error': 'Access limit reached', 'retry_after': '5 hours 4 minutes'}"
60,sZaWrwSAC0YhuHOq,1745023816231,429,Access limit reached,"{'error': 'Access limit reached', 'retry_after': '5 hours 4 minutes'}"
61,IzFNSTGy3eHVyDTQ,1745058750231,429,Access limit reached,"{'error': 'Access limit reached', 'retry_after': '4 hours 49 minutes'}"
61,IzFNSTGy3eHVyDTQ,1745057761231,429,Access limit reached,"{'error': 'Access limit reached', 'retry_after': '4 hours 49 minutes'}"
61,IzFNSTGy3eHVyDTQ,1745076307231,429,Access limit reached,"{'error': 'Access limit reached', 'retry_after': '4 hours 49 minutes'}"
61,IzFNSTGy3eHVyDTQ,1745035745231,429,Access limit reached,"{'error': 'Access limit reached', 'retry_after': '4 hours 49 minutes'}"
61,IzFNSTGy3eHVyDTQ,1745019921231,429,Access limit reached,"{'error': 'Access limit reached', 'retry_after': '4 hours 49 minutes'}"
61,IzFNSTGy3eHVyDTQ,1745035659231,429,Access limit reached,"{'error': 'Access limit reached', 'retry_after': '4 hours 49 minutes'}"
61,IzFNSTGy3eHVyDTQ,1745077520231,429,Access limit reached,"{'error': 'Access limit reached', 'retry_after': '4 hours 49 minutes'}"
61,IzFNSTGy3eHVyDTQ,1745076562231,429,Access limit reached,"{'error': 'Access limit reached', 'retry_after': '4 hours 49 minutes'}"
61,IzFNSTGy3eHVyDTQ,1745058762231,429,Access limit reached,"{'error': 'Access limit reached', 'retry_after': '4 hours 49 minutes'}"
61,IzFNSTGy3eHVyDTQ,1745021223231,429,Access limit reached,"{'error': 'Access limit reached', 'retry_after': '4 hours 49 minutes'}"
61,IzFNSTGy3eHVyDTQ,1745043037231,429,Access limit reached,"{'error': 'Access limit reached', 'retry_after': '4 hours 49 minutes'}"
61,IzFNSTGy3eHVyDTQ,1745012318231,429,Access limit reached,"{'error': 'Access limit reached', 'retry_after': '4 hours 49 minutes'}"
61,IzFNSTGy3eHVyDTQ,1745078611231,429,Access limit reached,"{'error': 'Access limit reached', 'retry_after': '4 hours 49 minutes'}"
61,IzFNSTGy3eHVyDTQ,1745029158231,429,Access limit reached,"{'error': 'Access limit reached', 'retry_after': '4 hours 49 minutes'}"
61,IzFNSTGy3eHVyDTQ,1745031458231,429,Access limit reached,"{'error': 'Access limit reached', 'retry_after': '4 hours 49 minutes'}"
61,IzFNSTGy3eHVyDTQ,1745071246231,429,Access limit reached,"{'error': 'Access limit reached', 'retry_after': '4 hours 49 minutes'}"
61,IzFNSTGy3eHVyDTQ,1745019509231,429,Access limit reached,"{'error': 'Access limit reached', 'retry_after': '4 hours 49 minutes'}"
61,IzFNSTGy3eHVyDTQ,1745078932231,429,Access limit reached,"{'error': 'Access limit reached', 'retry_after': '4 hours 49 minutes'}"
61,IzFNSTGy3eHVyDTQ,1745060249231,429,Access limit reached,"{'error': 'Access limit reached', 'retry_after': '4 hours 49 minutes'}"
61,IzFNSTGy3eHVyDTQ,1745026852231,429,Access limit reached,"{'error': 'Access limit reached', 'retry_after': '4 hours 49 minutes'}"
61,IzFNSTGy3eHVyDTQ,1745013209231,429,Access limit reached,"{'error': 'Access limit reached', 'retry_after': '4 hours 49 minutes'}"
61,IzFNSTGy3eHVyDTQ,1745010807231,429,Access limit reached,"{'error': 'Access limit reached', 'retry_after': '4 hours 49 minutes'}"
61,IzFNSTGy3eHVyDTQ,1745063306231,429,Access limit reached,"{'error': 'Access limit reached', 'retry_after': '4 hours 49 minutes'}"
61,IzFNSTGy3eHVyDTQ,1745075198231,429,Access limit reached,"{'error': 'Access limit reached', 'retry_after': '4 hours 49 minutes'}"
61,IzFNSTGy3eHVyDTQ,1745073182231,429,Access limit reached,"{'error': 'Access limit reached', 'retry_after': '4 hours 49 minutes'}"
61,IzFNSTGy3eHVyDTQ,1745058110231,429,Access limit reached,"{'error': 'Access limit reached', 'retry_after': '4 hours 49 minutes'}"
61,IzFNSTGy3eHVyDTQ,1745026161231,429,Access limit reached,"{'error': 'Access limit reached', 'retry_after': '4 hours 49 minutes'}"
61,IzFNSTGy3eHVyDTQ,1745032737231,429,Access limit reached,"{'error': 'Access limit reached', 'retry_after': '4 hours 49 minutes'}"
61,IzFNSTGy3eHVyDTQ,1745044588231,429,Access limit reached,"{'error': 'Access limit reached', 'retry_after': '4 hours 49 minutes'}"
61,IzFNSTGy3eHVyDTQ,1745073021231,429,Access limit reached,"{'error': 'Access limit reached', 'retry_after': '4 hours 49 minutes'}"
61,IzFNSTGy3eHVyDTQ,1745023928231,429,Access limit reached,"{'error': 'Access limit reached', 'retry_after': '4 hours 49 minutes'}"
62,XxbRFGNYZnZSAQYX,1745034532231,429,Access limit reached,"{'error': 'Access limit reached', 'retry_after': '4 hours 55 minutes'}"
62,XxbRFGNYZnZSAQYX,1745020128231,429,Access limit reached,"{'error': 'Access limit reached', 'retry_after': '4 hours 55 minutes'}"
62,XxbRFGNYZnZSAQYX,1745024351231,429,Access limit reached,"{'error': 'Access limit reached', 'retry_after': '4 hours 55 minutes'}"
62,XxbRFGNYZnZSAQYX,1745068272231,429,Access limit reached,"{'error': 'Access limit reached', 'retry_after': '4 hours 55 minutes'}"
62,XxbRFGNYZnZSAQYX,1745037131231,429,Access limit reached,"{'error': 'Access limit reached', 'retry_after': '4 hours 55 minutes'}"
62,XxbRFGNYZnZSAQYX,1745036679231,429,Access limit reached,"{'error': 'Access limit reached', 'retry_after': '4 hours 55 minutes'}"
62,XxbRFGNYZnZSAQYX,1745040354231,429,Access limit reached,"{'error': 'Access limit reached', 'retry_after': '4 hours 55 minutes'}"
62,XxbRFGNYZnZSAQYX,1745034819231,429,Access limit reached,"{'error': 'Access limit reached', 'retry_after': '4 hours 55 minutes'}"
62,XxbRFGNYZnZSAQYX,1745018647231,429,Access limit reached,"{'error': 'Access limit reached', 'retry_after': '4 hours 55 minutes'}"
62,XxbRFGNYZnZSAQYX,1745013598231,429,Access limit reached,"{'error': 'Access limit reached', 'retry_after': '4 hours 55 minutes'}"
62,XxbRFGNYZnZSAQYX,1745044330231,429,Access limit reached,"{'error': 'Access limit reached', 'retry_after': '4 hours 55 minutes'}"
62,XxbRFGNYZnZSAQYX,1745021001231,429,Access limit reached,"{'error': 'Access limit reached', 'retry_after': '4 hours 55 minutes'}"
62,XxbRFGNYZnZSAQYX,1745031587231,429,Access limit reached,"{'error': 'Access limit reached', 'retry_after': '4 hours 55 minutes'}"
62,XxbRFGNYZnZSAQYX,1745022521231,429,Access limit reached,"{'error': 'Access limit reached', 'retry_after': '4 hours 55 minutes'}"
62,XxbRFGNYZnZSAQYX,1745008832231,429,Access limit reached,"{'error': 'Access limit reached', 'retry_after': '4 hours 55 minutes'}"
62,XxbRFGNYZnZSAQYX,1745061660231,429,Access limit reached,"{'error': 'Access limit reached', 'retry_after': '4 hours 55 minutes'}"
62,XxbRFGNYZnZSAQYX,1745070440231,429,Access limit reached,"{'error': 'Access limit reached', 'retry_after': '4 hours 55 minutes'}"
62,XxbRFGNYZnZSAQYX,1745013587231,429,Access limit reached,"{'error': 'Access limit reached', 'retry_after': '4 hours 55 minutes'}"
62,XxbRFGNYZnZSAQYX,1745038431231,429,Access limit reached,"{'error': 'Access limit reached', 'retry_after': '4 hours 55 minutes'}"
62,XxbRFGNYZnZSAQYX,1745068122231,429,Access limit reached,"{'error': 'Access limit reached', 'retry_after': '4 hours 55 minutes'}"
62,XxbRFGNYZnZSAQYX,1745071974231,429,Access limit reached,"{'error': 'Access limit reached', 'retry_after': '4 hours 55 minutes'}"
62,XxbRFGNYZnZSAQYX,1745047575231,429,Access limit reached,"{'error': 'Access limit reached', 'retry_after': '4 hours 55 minutes'}"
62,XxbRFGNYZnZSAQYX,1745071582231,429,Access limit reached,"{'error': 'Access limit reached', 'retry_after': '4 hours 55 minutes'}"
62,XxbRFGNYZnZSAQYX,1745046558231,429,Access limit reached,"{'error': 'Access limit reached', 'retry_after': '4 hours 55 minutes'}"
62,XxbRFGNYZnZSAQYX,1745046138231,429,Access limit reached,"{'error': 'Access limit reached', 'retry_after': '4 hours 55 minutes'}"
62,XxbRFGNYZnZSAQYX,1745058751231,429,Access limit reached,"{'error': 'Access limit reached', 'retry_after': '4 hours 55 minutes'}"
62,XxbRFGNYZnZSAQYX,1745032488231,429,Access limit reached,"{'error': 'Access limit reached', 'retry_after': '4 hours 55 minutes'}"
62,XxbRFGNYZnZSAQYX,1745010175231,429,Access limit reached,"{'error': 'Access limit reached', 'retry_after': '4 hours 55 minutes'}"
62,XxbRFGNYZnZSAQYX,1745031809231,429,Access limit reached,"{'error': 'Access limit reached', 'retry_after': '4 hours 55 minutes'}"
62,XxbRFGNYZnZSAQYX,1745044187231,429,Access limit reached,"{'error': 'Access limit reached', 'retry_after': '4 hours 55 minutes'}"
62,XxbRFGNYZnZSAQYX,1745046894231,429,Access limit reached,"{'error': 'Access limit reached', 'retry_after': '4 hours 55 minutes'}"
62,XxbRFGNYZnZSAQYX,1745018247231,429,Access limit reached,"{'error': 'Access limit reached', 'retry_after': '4 hours 55 minutes'}"
62,XxbRFGNYZnZSAQYX,1745026690231,429,Access limit reached,"{'error': 'Access limit reached', 'retry_after': '4 hours 55 minutes'}"
62,XxbRFGNYZnZSAQYX,1745014562231,429,Access limit reached,"{'error': 'Access limit reached', 'retry_after': '4 hours 55 minutes'}"
62,XxbRFGNYZnZSAQYX,1745011893231,429,Access limit reached,"{'error': 'Access limit reached', 'retry_after': '4 hours 55 minutes'}"
62,XxbRFGNYZnZSAQYX,1745070508231,429,Access limit reached,"{'error': 'Access limit reached', 'retry_after': '4 hours 55 minutes'}"
62,XxbRFGNYZnZSAQYX,1745060079231,429,Access limit reached,"{'error': 'Access limit reached', 'retry_after': '4 hours 55 minutes'}"
62,XxbRFGNYZnZSAQYX,1745018071231,429,Access limit reached,"{'error': 'Access limit reached', 'retry_after': '4 hours 55 minutes'}"
62,XxbRFGNYZnZSAQYX,1745026472231,429,Access limit reached,"{'error': 'Access limit reached', 'retry_after': '4 hours 55 minutes'}"
63,4YHYRv9IiZ7e2gos,1745013764231,429,Access limit reached,"{'error': 'Access limit reached', 'retry_after': '4 hours 47 minutes'}"
63,4YHYRv9IiZ7e2gos,1745065489231,429,Access limit reached,"{'error': 'Access limit reached', 'retry_after': '4 hours 47 minutes'}"
63,4YHYRv9IiZ7e2gos,1745055895231,429,Access limit reached,"{'error': 'Access limit reached', 'retry_after': '4 hours 47 minutes'}"
63,4YHYRv9IiZ7e2gos,1745013806231,429,Access limit reached,"{'error': 'Access limit reached', 'retry_after': '4 hours 47 minutes'}"
63,4YHYRv9IiZ7e2gos,1745063657231,429,Access limit reached,"{'error': 'Access limit reached', 'retry_after': '4 hours 47 minutes'}"
63,4YHYRv9IiZ7e2gos,1745007751231,429,Access limit reached,"{'error': 'Access limit reached', 'retry_after': '4 hours 47 minutes'}"
63,4YHYRv9IiZ7e2gos,1745037816231,429,Access limit reached,"{'error': 'Access limit reached', 'retry_after': '4 hours 47 minutes'}"
63,4YHYRv9IiZ7e2gos,1745074581231,429,Access limit reached,"{'error': 'Access limit reached', 'retry_after': '4 hours 47 minutes'}"
63,4YHYRv9IiZ7e2gos,1745048275231,429,Access limit reached,"{'error': 'Access limit reached', 'retry_after': '4 hours 47 minutes'}"
63,4YHYRv9IiZ7e2gos,1745041128231,429,Access limit reached,"{'error': 'Access limit reached', 'retry_after': '4 hours 47 minutes'}"
63,4YHYRv9IiZ7e2gos,1745056349231,429,Access limit reached,"{'error': 'Access limit reached', 'retry_after': '4 hours 47 minutes'}"
63,4YHYRv9IiZ7e2gos,1745038882231,429,Access limit reached,"{'error': 'Access limit reached', 'retry_after': '4 hours 47 minutes'}"
63,4YHYRv9IiZ7e2gos,1745038907231,429,Access limit reached,"{'error': 'Access limit reached', 'retry_after': '4 hours 47 minutes'}"
63,4YHYRv9IiZ7e2gos,1745034405231,429,Access limit reached,"{'error': 'Access limit reached', 'retry_after': '4 hours 47 minutes'}"
63,4YHYRv9IiZ7e2gos,1745008042231,429,Access limit reached,"{'error': 'Access limit reached', 'retry_after': '4 hours 47 minutes'}"
63,4YHYRv9IiZ7e2gos,1745024254231,429,Access limit reached,"{'error': 'Access limit reached', 'retry_after': '4 hours 47 minutes'}"
63,4YHYRv9IiZ7e2gos,1745050245231,429,Access limit reached,"{'error': 'Access limit reached', 'retry_after': '4 hours 47 minutes'}"
63,4YHYRv9IiZ7e2gos,1745063292231,429,Access limit reached,"{'error': 'Access limit reached', 'retry_after': '4 hours 47 minutes'}"
63,4YHYRv9IiZ7e2gos,1745020074231,429,Access limit reached,"{'error': 'Access limit reached', 'retry_after': '4 hours 47 minutes'}"
63,4YHYRv9IiZ7e2gos,1745055382231,429,Access limit reached,"{'error': 'Access limit reached', 'retry_after': '4 hours 47 minutes'}"
63,4YHYRv9IiZ7e2gos,1745034189231,429,Access limit reached,"{'error': 'Access limit reached', 'retry_after': '4 hours 47 minutes'}"
63,4YHYRv9IiZ7e2gos,1745018395231,429,Access limit reached,"{'error': 'Access limit reached', 'retry_after': '4 hours 47 minutes'}"
63,4YHYRv9IiZ7e2gos,1745010313231,429,Access limit reached,"{'error': 'Access limit reached', 'retry_after': '4 hours 47 minutes'}"
63,4YHYRv9IiZ7e2gos,1745019460231,429,Access limit reached,"{'error': 'Access limit reached', 'retry_after': '4 hours 47 minutes'}"
63,4YHYRv9IiZ7e2gos,1745018902231,429,Access limit reached,"{'error': 'Access limit reached', 'retry_after': '4 hours 47 minutes'}"
63,4YHYRv9IiZ7e2gos,1745070235231,429,Access limit reached,"{'error': 'Access limit reached', 'retry_after': '4 hours 47 minutes'}"
63,4YHYRv9IiZ7e2gos,1745040973231,429,Access limit reached,"{'error': 'Access limit reached', 'retry_after': '4 hours 47 minutes'}"
63,4YHYRv9IiZ7e2gos,1745015580231,429,Access limit reached,"{'error': 'Access limit reached', 'retry_after': '4 hours 47 minutes'}"
63,4YHYRv9IiZ7e2gos,1745063274231,429,Access limit reached,"{'error': 'Access limit reached', 'retry_after': '4 hours 47 minutes'}"
63,4YHYRv9IiZ7e2gos,1745011671231,429,Access limit reached,"{'error': 'Access limit reached', 'retry_after': '4 hours 47 minutes'}"
63,4YHYRv9IiZ7e2gos,1745054219231,429,Access limit reached,"{'error': 'Access limit reached', 'retry_after': '4 hours 47 minutes'}"
63,4YHYRv9IiZ7e2gos,1745015123231,429,Access limit reached,"{'error': 'Access limit reached', 'retry_after': '4 hours 47 minutes'}"
63,4YHYRv9IiZ7e2gos,1745055470231,429,Access limit reached,"{'error': 'Access limit reached', 'retry_after': '4 hours 47 minutes'}"
63,4YHYRv9IiZ7e2gos,1745016842231,429,Access limit reached,"{'error': 'Access limit reached', 'retry_after': '4 hours 47 minutes'}"
64,Mu2ElMy8h0J9vztp,1745042003231,429,Access limit reached,"{'error': 'Access limit reached', 'retry_after': '5 hours 9 minutes'}"
64,Mu2ElMy8h0J9vztp,1745078420231,429,Access limit reached,"{'error': 'Access limit reached', 'retry_after': '5 hours 9 minutes'}"
64,Mu2ElMy8h0J9vztp,1745035279231,429,Access limit reached,"{'error': 'Access limit reached', 'retry_after': '5 hours 9 minutes'}"
64,Mu2ElMy8h0J9vztp,1745050273231,429,Access limit reached,"{'error': 'Access limit reached', 'retry_after': '5 hours 9 minutes'}"
64,Mu2ElMy8h0J9vztp,1745008359231,429,Access limit reached,"{'error': 'Access limit reached', 'retry_after': '5 hours 9 minutes'}"
64,Mu2ElMy8h0J9vztp,1745062321231,429,Access limit reached,"{'error': 'Access limit reached', 'retry_after': '5 hours 9 minutes'}"
64,Mu2ElMy8h0J9vztp,1745038781231,429,Access limit reached,"{'error': 'Access limit reached', 'retry_after': '5 hours 9 minutes'}"
64,Mu2ElMy8h0J9vztp,1745028032231,429,Access limit reached,"{'error': 'Access limit reached', 'retry_after': '5 hours 9 minutes'}"
64,Mu2ElMy8h0J9vztp,1745075454231,429,Access limit reached,"{'error': 'Access limit reached', 'retry_after': '5 hours 9 minutes'}"
64,Mu2ElMy8h0J9vztp,1745038007231,429,Access limit reached,"{'error': 'Access limit reached', 'retry_after': '5 hours 9 minutes'}"
64,Mu2ElMy8h0J9vztp,1745017034231,429,Access limit reached,"{'error': 'Access limit reached', 'retry_after': '5 hours 9 minutes'}"
64,Mu2ElMy8h0J9vztp,1745026609231,429,Access limit reached,"{'error': 'Access limit reached', 'retry_after': '5 hours 9 minutes'}"
64,Mu2ElMy8h0J9vztp,1745038142231,429,Access limit reached,"{'error': 'Access limit reached', 'retry_after': '5 hours 9 minutes'}"
64,Mu2ElMy8h0J9vztp,1745040344231,429,Access limit reached,"{'error': 'Access limit reached', 'retry_after': '5 hours 9 minutes'}"
64,Mu2ElMy8h0J9vztp,1745058433231,429,Access limit reached,"{'error': 'Access limit reached', 'retry_after': '5 hours 9 minutes'}"
64,Mu2ElMy8h0J9vztp,1745055046231,429,Access limit reached,"{'error': 'Access limit reached', 'retry_after': '5 hours 9 minutes'}"
64,Mu2ElMy8h0J9vztp,1745028274231,429,Access limit reached,"{'error': 'Access limit reached', 'retry_after': '5 hours 9 minutes'}"
64,Mu2ElMy8h0J9vztp,1745010417231,429,Access limit reached,"{'error': 'Access limit reached', 'retry_after': '5 hours 9 minutes'}"
64,Mu2ElMy8h0J9vztp,1745079009231,429,Access limit reached,"{'error': 'Access limit reached', 'retry_after': '5 hours 9 minutes'}"
64,Mu2ElMy8h0J9vztp,1745042458231,429,Access limit reached,"{'error': 'Access limit reached', 'retry_after': '5 hours 9 minutes'}"
64,Mu2ElMy8h0J9vztp,1745025992231,429,Access limit reached,"{'error': 'Access limit reached', 'retry_after': '5 hours 9 minutes'}"
64,Mu2ElMy8h0J9vztp,1745032649231,429,Access limit reached,"{'error': 'Access limit reached', 'retry_after': '5 hours 9 minutes'}"
64,Mu2ElMy8h0J9vztp,1745016564231,429,Access limit reached,"{'error': 'Access limit reached', 'retry_after': '5 hours 9 minutes'}"
64,Mu2ElMy8h0J9vztp,1745024286231,429,Access limit reached,"{'error': 'Access limit reached', 'retry_after': '5 hours 9 minutes'}"
64,Mu2ElMy8h0J9vztp,1745024156231,429,Access limit reached,"{'error': 'Access limit reached', 'retry_after': '5 hours 9 minutes'}"
64,Mu2ElMy8h0J9vztp,1745052280231,429,Access limit reached,"{'error': 'Access limit reached', 'retry_after': '5 hours 9 minutes'}"
64,Mu2ElMy8h0J9vztp,1745028895231,429,Access limit reached,"{'error': 'Access limit reached', 'retry_after': '5 hours 9 minutes'}"
64,Mu2ElMy8h0J9vztp,1745041849231,429,Access limit reached,"{'error': 'Access limit reached', 'retry_after': '5 hours 9 minutes'}"
64,Mu2ElMy8h0J9vztp,1745069994231,429,Access limit reached,"{'error': 'Access limit reached', 'retry_after': '5 hours 9 minutes'}"
64,Mu2ElMy8h0J9vztp,1745055725231,429,Access limit reached,"{'error': 'Access limit reached', 'retry_after': '5 hours 9 minutes'}"
64,Mu2ElMy8h0J9vztp,1745025611231,429,Access limit reached,"{'error': 'Access limit reached', 'retry_after': '5 hours 9 minutes'}"
64,Mu2ElMy8h0J9vztp,1745021204231,429,Access limit reached,"{'error': 'Access limit reached', 'retry_after': '5 hours 9 minutes'}"
64,Mu2ElMy8h0J9vztp,1745072990231,429,Access limit reached,"{'error': 'Access limit reached', 'retry_after': '5 hours 9 minutes'}"
64,Mu2ElMy8h0J9vztp,1745019312231,429,Access limit reached,"{'error': 'Access limit reached', 'retry_after': '5 hours 9 minutes'}"
64,Mu2ElMy8h0J9vztp,1745062757231,429,Access limit reached,"{'error': 'Access limit reached', 'retry_after': '5 hours 9 minutes'}"
64,Mu2ElMy8h0J9vztp,1745058159231,429,Access limit reached,"{'error': 'Access limit reached', 'retry_after': '5 hours 9 minutes'}"
64,Mu2ElMy8h0J9vztp,1745053927231,429,Access limit reached,"{'error': 'Access limit reached', 'retry_after': '5 hours 9 minutes'}"
64,Mu2ElMy8h0J9vztp,1745027729231,429,Access limit reached,"{'error': 'Access limit reached', 'retry_after': '5 hours 9 minutes'}"
64,Mu2ElMy8h0J9vztp,1745063889231,429,Access limit reached,"{'error': 'Access limit reached', 'retry_after': '5 hours 9 minutes'}"
64,Mu2ElMy8h0J9vztp,1745058688231,429,Access limit reached,"{'error': 'Access limit reached', 'retry_after': '5 hours 9 minutes'}"
65,sZaWrwSAC0YhuHOq,1745021192231,429,Access limit reached,"{'error': 'Access limit reached', 'retry_after': '5 hours 4 minutes'}"
65,sZaWrwSAC0YhuHOq,1745057766231,429,Access limit reached,"{'error': 'Access limit reached', 'retry_after': '5 hours 4 minutes'}"
65,sZaWrwSAC0YhuHOq,1745071116231,429,Access limit reached,"{'error': 'Access limit reached', 'retry_after': '5 hours 4 minutes'}"
65,sZaWrwSAC0YhuHOq,1745064074231,429,Access limit reached,"{'error': 'Access limit reached', 'retry_after': '5 hours 4 minutes'}"
65,sZaWrwSAC0YhuHOq,1745031601231,429,Access limit reached,"{'error': 'Access limit reached', 'retry_after': '5 hours 4 minutes'}"
65,sZaWrwSAC0YhuHOq,1745047782231,429,Access limit reached,"{'error': 'Access limit reached', 'retry_after': '5 hours 4 minutes'}"
65,sZaWrwSAC0YhuHOq,1745047702231,429,Access limit reached,"{'error': 'Access limit reached', 'retry_after': '5 hours 4 minutes'}"
65,sZaWrwSAC0YhuHOq,1745053756231,429,Access limit reached,"{'error': 'Access limit reached', 'retry_after': '5 hours 4 minutes'}"
65,sZaWrwSAC0YhuHOq,1745072963231,429,Access limit reached,"{'error': 'Access limit reached', 'retry_after': '5 hours 4 minutes'}"
65,sZaWrwSAC0YhuHOq,1745040632231,429,Access limit reached,"{'error': 'Access limit reached', 'retry_after': '5 hours 4 minutes'}"
65,sZaWrwSAC0YhuHOq,1745037865231,429,Access limit reached,"{'error': 'Access limit reached', 'retry_after': '5 hours 4 minutes'}"
65,sZaWrwSAC0YhuHOq,1745017137231,429,Access limit reached,"{'error': 'Access limit reached', 'retry_after': '5 hours 4 minutes'}"
65,sZaWrwSAC0YhuHOq,1745016600231,429,Access limit reached,"{'error': 'Access limit reached', 'retry_after': '5 hours 4 minutes'}"
65,sZaWrwSAC0YhuHOq,1745064570231,429,Access limit reached,"{'error': 'Access limit reached', 'retry_after': '5 hours 4 minutes'}"
65,sZaWrwSAC0YhuHOq,1745010694231,429,Access limit reached,"{'error': 'Access limit reached', 'retry_after': '5 hours 4 minutes'}"
65,sZaWrwSAC0YhuHOq,1745059072231,429,Access limit reached,"{'error': 'Access limit reached', 'retry_after': '5 hours 4 minutes'}"
65,sZaWrwSAC0YhuHOq,1745014873231,429,Access limit reached,"{'error': 'Access limit reached', 'retry_after': '5 hours 4 minutes'}"
65,sZaWrwSAC0YhuHOq,1745035004231,429,Access limit reached,"{'error': 'Access limit reached', 'retry_after': '5 hours 4 minutes'}"
65,sZaWrwSAC0YhuHOq,1745077902231,429,Access limit reached,"{'error': 'Access limit reached', 'retry_after': '5 hours 4 minutes'}"
65,sZaWrwSAC0YhuHOq,1745075735231,429,Access limit reached,"{'error': 'Access limit reached', 'retry_after': '5 hours 4 minutes'}"
65,sZaWrwSAC0YhuHOq,1745070095231,429,Access limit reached,"{'error': 'Access limit reached', 'retry_after': '5 hours 4 minutes'}"
65,sZaWrwSAC0YhuHOq,1745031714231,429,Access limit reached,"{'error': 'Access limit reached', 'retry_after': '5 hours 4 minutes'}"
65,sZaWrwSAC0YhuHOq,1745075927231,429,Access limit reached,"{'error': 'Access limit reached', 'retry_after': '5 hours 4 minutes'}"
65,sZaWrwSAC0YhuHOq,1745032303231,429,Access limit reached,"{'error': 'Access limit reached', 'retry_after': '5 hours 4 minutes'}"
65,sZaWrwSAC0YhuHOq,1745010164231,429,Access limit reached,"{'error': 'Access limit reached', 'retry_after': '5 hours 4 minutes'}"
65,sZaWrwSAC0YhuHOq,1745021145231,429,Access limit reached,"{'error': 'Access limit reached', 'retry_after': '5 hours 4 minutes'}"
65,sZaWrwSAC0YhuHOq,1745077218231,429,Access limit reached,"{'error': 'Access limit reached', 'retry_after': '5 hours 4 minutes'}"
65,sZaWrwSAC0YhuHOq,1745025149231,429,Access limit reached,"{'error': 'Access limit reached', 'retry_after': '5 hours 4 minutes'}"
65,sZaWrwSAC0YhuHOq,1745043222231,429,Access limit reached,"{'error': 'Access limit reached', 'retry_after': '5 hours 4 minutes'}"
65,sZaWrwSAC0YhuHOq,1745078300231,429,Access limit reached,"{'error': 'Access limit reached', 'retry_after': '5 hours 4 minutes'}"
65,sZaWrwSAC0YhuHOq,1745066398231,429,Access limit reached,"{'error': 'Access limit reached', 'retry_after': '5 hours 4 minutes'}"
65,sZaWrwSAC0YhuHOq,1745036451231,429,Access limit reached,"{'error': 'Access limit reached', 'retry_after': '5 hours 4 minutes'}"
65,sZaWrwSAC0YhuHOq,1745033216231,429,Access limit reached,"{'error': 'Access limit reached', 'retry_after': '5 hours 4 minutes'}"
66,z0JDHDmlF0xC3xmv,1745030912231,429,Access limit reached,"{'error': 'Access limit reached', 'retry_after': '6 hours 21 minutes'}"
66,z0JDHDmlF0xC3xmv,1745066287231,429,Access limit reached,"{'error': 'Access limit reached', 'retry_after': '6 hours 21 minutes'}"
66,z0JDHDmlF0xC3xmv,1745010233231,429,Access limit reached,"{'error': 'Access limit reached', 'retry_after': '6 hours 21 minutes'}"
66,z0JDHDmlF0xC3xmv,1745010443231,429,Access limit reached,"{'error': 'Access limit reached', 'retry_after': '6 hours 21 minutes'}"
66,z0JDHDmlF0xC3xmv,1745037172231,429,Access limit reached,"{'error': 'Access limit reached', 'retry_after': '6 hours 21 minutes'}"
66,z0JDHDmlF0xC3xmv,1745024621231,429,Access limit reached,"{'error': 'Access limit reached', 'retry_after': '6 hours 21 minutes'}"
66,z0JDHDmlF0xC3xmv,1745034415231,429,Access limit reached,"{'error': 'Access limit reached', 'retry_after': '6 hours 21 minutes'}"
66,z0JDHDmlF0xC3xmv,1745075759231,429,Access limit reached,"{'error': 'Access limit reached', 'retry_after': '6 hours 21 minutes'}"
66,z0JDHDmlF0xC3xmv,1745064942231,429,Access limit reached,"{'error': 'Access limit reached', 'retry_after': '6 hours 21 minutes'}"
66,z0JDHDmlF0xC3xmv,1745049210231,429,Access limit reached,"{'error': 'Access limit reached', 'retry_after': '6 hours 21 minutes'}"
66,z0JDHDmlF0xC3xmv,1745078609231,429,Access limit reached,"{'error': 'Access limit reached', 'retry_after': '6 hours 21 minutes'}"
66,z0JDHDmlF0xC3xmv,1745045719231,429,Access limit reached,"{'error': 'Access limit reached', 'retry_after': '6 hours 21 minutes'}"
66,z0JDHDmlF0xC3xmv,1745033842231,429,Access limit reached,"{'error': 'Access limit reached', 'retry_after': '6 hours 21 minutes'}"
66,z0JDHDmlF0xC3xmv,1745059786231,429,Access limit reached,"{'error': 'Access limit reached', 'retry_after': '6 hours 21 minutes'}"
66,z0JDHDmlF0xC3xmv,1745019411231,429,Access limit reached,"{'error': 'Access limit reached', 'retry_after': '6 hours 21 minutes'}"
66,z0JDHDmlF0xC3xmv,1745045855231,429,Access limit reached,"{'error': 'Access limit reached', 'retry_after': '6 hours 21 minutes'}"
66,z0JDHDmlF0xC3xmv,1745031299231,429,Access limit reached,"{'error': 'Access limit reached', 'retry_after': '6 hours 21 minutes'}"
66,z0JDHDmlF0xC3xmv,1745048714231,429,Access limit reached,"{'error': 'Access limit reached', 'retry_after': '6 hours 21 minutes'}"
66,z0JDHDmlF0xC3xmv,1745011589231,429,Access limit reached,"{'error': 'Access limit reached', 'retry_after': '6 hours 21 minutes'}"
66,z0JDHDmlF0xC3xmv,1745024025231,429,Access limit reached,"{'error': 'Access limit reached', 'retry_after': '6 hours 21 minutes'}"
66,z0JDHDmlF0xC3xmv,1745034912231,429,Access limit reached,"{'error': 'Access limit reached', 'retry_after': '6 hours 21 minutes'}"
66,z0JDHDmlF0xC3xmv,1745078394231,429,Access limit reached,"{'error': 'Access limit reached', 'retry_after': '6 hours 21 minutes'}"
66,z0JDHDmlF0xC3xmv,1745052639231,429,Access limit reached,"{'error': 'Access limit reached', 'retry_after': '6 hours 21 minutes'}"
66,z0JDHDmlF0xC3xmv,1745016098231,429,Access limit reached,"{'error': 'Access limit reached', 'retry_after': '6 hours 21 minutes'}"
66,z0JDHDmlF0xC3xmv,1745068144231,429,Access limit reached,"{'error': 'Access limit reached', 'retry_after': '6 hours 21 minutes'}"
66,z0JDHDmlF0xC3xmv,1745041386231,429,Access limit reached,"{'error': 'Access limit reached', 'retry_after': '6 hours 21 minutes'}"
66,z0JDHDmlF0xC3xmv,1745061564231,429,Access limit reached,"{'error': 'Access limit reached', 'retry_after': '6 hours 21 minutes'}"
66,z0JDHDmlF0xC3xmv,1745072522231,429,Access limit reached,"{'error': 'Access limit reached', 'retry_after': '6 hours 21 minutes'}"
66,z0JDHDmlF0xC3xmv,1745039156231,429,Access limit reached,"{'error': 'Access limit reached', 'retry_after': '6 hours 21 minutes'}"
66,z0JDHDmlF0xC3xmv,1745059082231,429,Access limit reached,"{'error': 'Access limit reached', 'retry_after': '6 hours 21 minutes'}"
66,z0JDHDmlF0xC3xmv,1745008112231,429,Access limit reached,"{'error': 'Access limit reached', 'retry_after': '6 hours 21 minutes'}"
66,z0JDHDmlF0xC3xmv,1745074165231,429,Access limit reached,"{'error': 'Access limit reached', 'retry_after': '6 hours 21 minutes'}"
66,z0JDHDmlF0xC3xmv,1745041363231,429,Access limit reached,"{'error': 'Access limit reached', 'retry_after': '6 hours 21 minutes'}"
66,z0JDHDmlF0xC3xmv,1745075041231,429,Access limit reached,"{'error': 'Access limit reached', 'retry_after': '6 hours 21 minutes'}"
66,z0JDHDmlF0xC3xmv,1745037895231,429,Access limit reached,"{'error': 'Access limit reached', 'retry_after': '6 hours 21 minutes'}"
66,z0JDHDmlF0xC3xmv,1745036565231,429,Access limit reached,"{'error': 'Access limit reached', 'retry_after': '6 hours 21 minutes'}"
66,z0JDHDmlF0xC3xmv,1745034536231,429,Access limit reached,"{'error': 'Access limit reached', 'retry_after': '6 hours 21 minutes'}"
66,z0JDHDmlF0xC3xmv,1745068894231,429,Access limit reached,"{'error': 'Access limit reached', 'retry_after': '6 hours 21 minutes'}"
66,z0JDHDmlF0xC3xmv,1745052661231,429,Access limit reached,"{'error': 'Access limit reached', 'retry_after': '6 hours 21 minutes'}"
67,3nBKrhW1fBAghtFJ,1745066696231,429,Access limit reached,"{'error': 'Access limit reached', 'retry_after': '4 hours 58 minutes'}"
67,3nBKrhW1fBAghtFJ,1745062678231,429,Access limit reached,"{'error': 'Access limit reached', 'retry_after': '4 hours 58 minutes'}"
67,3nBKrhW1fBAghtFJ,1745056095231,429,Access limit reached,"{'error': 'Access limit reached', 'retry_after': '4 hours 58 minutes'}"
67,3nBKrhW1fBAghtFJ,1745061909231,429,Access limit reached,"{'error': 'Access limit reached', 'retry_after': '4 hours 58 minutes'}"
67,3nBKrhW1fBAghtFJ,1745012231231,429,Access limit reached,"{'error': 'Access limit reached', 'retry_after': '4 hours 58 minutes'}"
67,3nBKrhW1fBAghtFJ,1745052616231,429,Access limit reached,"{'error': 'Access limit reached', 'retry_after': '4 hours 58 minutes'}"
67,3nBKrhW1fBAghtFJ,1745024648231,429,Access limit reached,"{'error': 'Access limit reached', 'retry_after': '4 hours 58 minutes'}"
67,3nBKrhW1fBAghtFJ,1745039998231,429,Access limit reached,"{'error': 'Access limit reached', 'retry_after': '4 hours 58 minutes'}"
67,3nBKrhW1fBAghtFJ,1745009947231,429,Access limit reached,"{'error': 'Access limit reached', 'retry_after': '4 hours 58 minutes'}"
67,3nBKrhW1fBAghtFJ,1745033155231,429,Access limit reached,"{'error': 'Access limit reached', 'retry_after': '4 hours 58 minutes'}"
67,3nBKrhW1fBAghtFJ,1745054661231,429,Access limit reached,"{'error': 'Access limit reached', 'retry_after': '4 hours 58 minutes'}"
67,3nBKrhW1fBAghtFJ,1745067567231,429,Access limit reached,"{'error': 'Access limit reached', 'retry_after': '4 hours 58 minutes'}"
67,3nBKrhW1fBAghtFJ,1745062847231,429,Access limit reached,"{'error': 'Access limit reached', 'retry_after': '4 hours 58 minutes'}"
67,3nBKrhW1fBAghtFJ,1745054942231,429,Access limit reached,"{'error': 'Access limit reached', 'retry_after': '4 hours 58 minutes'}"
67,3nBKrhW1fBAghtFJ,1745040828231,429,Access limit reached,"{'error': 'Access limit reached', 'retry_after': '4 hours 58 minutes'}"
67,3nBKrhW1fBAghtFJ,1745050330231,429,Access limit reached,"{'error': 'Access limit reached', 'retry_after': '4 hours 58 minutes'}"
67,3nBKrhW1fBAghtFJ,1745056072231,429,Access limit reached,"{'error': 'Access limit reached', 'retry_after': '4 hours 58 minutes'}"
67,3nBKrhW1fBAghtFJ,1745064109231,429,Access limit reached,"{'error': 'Access limit reached', 'retry_after': '4 hours 58 minutes'}"
67,3nBKrhW1fBAghtFJ,1745031532231,429,Access limit reached,"{'error': 'Access limit reached', 'retry_after': '4 hours 58 minutes'}"
67,3nBKrhW1fBAghtFJ,1745061724231,429,Access limit reached,"{'error': 'Access limit reached', 'retry_after': '4 hours 58 minutes'}"
67,3nBKrhW1fBAghtFJ,1745022724231,429,Access limit reached,"{'error': 'Access limit reached', 'retry_after': '4 hours 58 minutes'}"
67,3nBKrhW1fBAghtFJ,1745053452231,429,Access limit reached,"{'error': 'Access limit reached', 'retry_after': '4 hours 58 minutes'}"
67,3nBKrhW1fBAghtFJ,1745048092231,429,Access limit reached,"{'error': 'Access limit reached', 'retry_after': '4 hours 58 minutes'}"
67,3nBKrhW1fBAghtFJ,1745072045231,429,Access limit reached,"{'error': 'Access limit reached', 'retry_after': '4 hours 58 minutes'}"
67,3nBKrhW1fBAghtFJ,1745016852231,429,Access limit reached,"{'error': 'Access limit reached', 'retry_after': '4 hours 58 minutes'}"
67,3nBKrhW1fBAghtFJ,1745046971231,429,Access limit reached,"{'error': 'Access limit reached', 'retry_after': '4 hours 58 minutes'}"
67,3nBKrhW1fBAghtFJ,1745060437231,429,Access limit reached,"{'error': 'Access limit reached', 'retry_after': '4 hours 58 minutes'}"
67,3nBKrhW1fBAghtFJ,1745056245231,429,Access limit reached,"{'error': 'Access limit reached', 'retry_after': '4 hours 58 minutes'}"
67,3nBKrhW1fBAghtFJ,1745030882231,429,Access limit reached,"{'error': 'Access limit reached', 'retry_after': '4 hours 58 minutes'}"
67,3nBKrhW1fBAghtFJ,1745061705231,429,Access limit reached,"{'error': 'Access limit reached', 'retry_after': '4 hours 58 minutes'}"
67,3nBKrhW1fBAghtFJ,1745037194231,429,Access limit reached,"{'error': 'Access limit reached', 'retry_after': '4 hours 58 minutes'}"
67,3nBKrhW1fBAghtFJ,1745075554231,429,Access limit reached,"{'error': 'Access limit reached', 'retry_after': '4 hours 58 minutes'}"
67,3nBKrhW1fBAghtFJ,1745059062231,429,Access limit reached,"{'error': 'Access limit reached', 'retry_after': '4 hours 58 minutes'}"
67,3nBKrhW1fBAghtFJ,1745061559231,429,Access limit reached,"{'error': 'Access limit reached', 'retry_after': '4 hours 58 minutes'}"
67,3nBKrhW1fBAghtFJ,1745024219231,429,Access limit reached,"{'error': 'Access limit reached', 'retry_after': '4 hours 58 minutes'}"
67,3nBKrhW1fBAghtFJ,1745064182231,429,Access limit reached,"{'error': 'Access limit reached', 'retry_after': '4 hours 58 minutes'}"
67,3nBKrhW1fBAghtFJ,1745020758231,429,Access limit reached,"{'error': 'Access limit reached', 'retry_after': '4 hours 58 minutes'}"
67,3nBKrhW1fBAghtFJ,1745042124231,429,Access limit reached,"{'error': 'Access limit reached', 'retry_after': '4 hours 58 minutes'}"
67,3nBKrhW1fBAghtFJ,1745054321231,429,Access limit reached,"{'error': 'Access limit reached', 'retry_after': '4 hours 58 minutes'}"
67,3nBKrhW1fBAghtFJ,1745074389231,429,Access limit reached,"{'error': 'Access limit reached', 'retry_after': '4 hours 58 minutes'}"
67,3nBKrhW1fBAghtFJ,1745020638231,429,Access limit reached,"{'error': 'Access limit reached', 'retry_after': '4 hours 58 minutes'}"
67,3nBKrhW1fBAghtFJ,1745040134231,429,Access limit reached,"{'error': 'Access limit reached', 'retry_after': '4 hours 58 minutes'}"
68,XxbRFGNYZnZSAQYX,1745045591231,429,Access limit reached,"{'error': 'Access limit reached', 'retry_after': '4 hours 54 minutes'}"
68,XxbRFGNYZnZSAQYX,1745051968231,429,Access limit reached,"{'error': 'Access limit reached', 'retry_after': '4 hours 54 minutes'}"
68,XxbRFGNYZnZSAQYX,1745023635231,429,Access limit reached,"{'error': 'Access limit reached', 'retry_after': '4 hours 54 minutes'}"
68,XxbRFGNYZnZSAQYX,1745051102231,429,Access limit reached,"{'error': 'Access limit reached', 'retry_after': '4 hours 54 minutes'}"
68,XxbRFGNYZnZSAQYX,1745045620231,429,Access limit reached,"{'error': 'Access limit reached', 'retry_after': '4 hours 54 minutes'}"
68,XxbRFGNYZnZSAQYX,1745022114231,429,Access limit reached,"{'error': 'Access limit reached', 'retry_after': '4 hours 54 minutes'}"
68,XxbRFGNYZnZSAQYX,1745058800231,429,Access limit reached,"{'error': 'Access limit reached', 'retry_after': '4 hours 54 minutes'}"
68,XxbRFGNYZnZSAQYX,1745017662231,429,Access limit reached,"{'error': 'Access limit reached', 'retry_after': '4 hours 54 minutes'}"
68,XxbRFGNYZnZSAQYX,1745038198231,429,Access limit reached,"{'error': 'Access limit reached', 'retry_after': '4 hours 54 minutes'}"
68,XxbRFGNYZnZSAQYX,1745069054231,429,Access limit reached,"{'error': 'Access limit reached', 'retry_after': '4 hours 54 minutes'}"
68,XxbRFGNYZnZSAQYX,1745009369231,429,Access limit reached,"{'error': 'Access limit reached', 'retry_after': '4 hours 54 minutes'}"
68,XxbRFGNYZnZSAQYX,1745062630231,429,Access limit reached,"{'error': 'Access limit reached', 'retry_after': '4 hours 54 minutes'}"
68,XxbRFGNYZnZSAQYX,1745011475231,429,Access limit reached,"{'error': 'Access limit reached', 'retry_after': '4 hours 54 minutes'}"
68,XxbRFGNYZnZSAQYX,1745022325231,429,Access limit reached,"{'error': 'Access limit reached', 'retry_after': '4 hours 54 minutes'}"
68,XxbRFGNYZnZSAQYX,1745065993231,429,Access limit reached,"{'error': 'Access limit reached', 'retry_after': '4 hours 54 minutes'}"
68,XxbRFGNYZnZSAQYX,1745062223231,429,Access limit reached,"{'error': 'Access limit reached', 'retry_after': '4 hours 54 minutes'}"
68,XxbRFGNYZnZSAQYX,1745020035231,429,Access limit reached,"{'error': 'Access limit reached', 'retry_after': '4 hours 54 minutes'}"
68,XxbRFGNYZnZSAQYX,1745066184231,429,Access limit reached,"{'error': 'Access limit reached', 'retry_after': '4 hours 54 minutes'}"
68,XxbRFGNYZnZSAQYX,1745070586231,429,Access limit reached,"{'error': 'Access limit reached', 'retry_after': '4 hours 54 minutes'}"
68,XxbRFGNYZnZSAQYX,1745009849231,429,Access limit reached,"{'error': 'Access limit reached', 'retry_after': '4 hours 54 minutes'}"
68,XxbRFGNYZnZSAQYX,1745043875231,429,Access limit reached,"{'error': 'Access limit reached', 'retry_after': '4 hours 54 minutes'}"
68,XxbRFGNYZnZSAQYX,1745074577231,429,Access limit reached,"{'error': 'Access limit reached', 'retry_after': '4 hours 54 minutes'}"
68,XxbRFGNYZnZSAQYX,1745065152231,429,Access limit reached,"{'error': 'Access limit reached', 'retry_after': '4 hours 54 minutes'}"
68,XxbRFGNYZnZSAQYX,1745040404231,429,Access limit reached,"{'error': 'Access limit reached', 'retry_after': '4 hours 54 minutes'}"
68,XxbRFGNYZnZSAQYX,1745076801231,429,Access limit reached,"{'error': 'Access limit reached', 'retry_after': '4 hours 54 minutes'}"
68,XxbRFGNYZnZSAQYX,1745052097231,429,Access limit reached,"{'error': 'Access limit reached', 'retry_after': '4 hours 54 minutes'}"
68,XxbRFGNYZnZSAQYX,1745039178231,429,Access limit reached,"{'error': 'Access limit reached', 'retry_after': '4 hours 54 minutes'}"
68,XxbRFGNYZnZSAQYX,1745032865231,429,Access limit reached,"{'error': 'Access limit reached', 'retry_after': '4 hours 54 minutes'}"
68,XxbRFGNYZnZSAQYX,1745071081231,429,Access limit reached,"{'error': 'Access limit reached', 'retry_after': '4 hours 54 minutes'}"
68,XxbRFGNYZnZSAQYX,1745060084231,429,Access limit reached,"{'error': 'Access limit reached', 'retry_after': '4 hours 54 minutes'}"
68,XxbRFGNYZnZSAQYX,1745010675231,429,Access limit reached,"{'error': 'Access limit reached', 'retry_after': '4 hours 54 minutes'}"
68,XxbRFGNYZnZSAQYX,1745045365231,429,Access limit reached,"{'error': 'Access limit reached', 'retry_after': '4 hours 54 minutes'}"
68,XxbRFGNYZnZSAQYX,1745075653231,429,Access limit reached,"{'error': 'Access limit reached', 'retry_after': '4 hours 54 minutes'}"
68,XxbRFGNYZnZSAQYX,1745051109231,429,Access limit reached,"{'error': 'Access limit reached', 'retry_after': '4 hours 54 minutes'}"
68,XxbRFGNYZnZSAQYX,1745070181231,429,Access limit reached,"{'error': 'Access limit reached', 'retry_after': '4 hours 54 minutes'}"
68,XxbRFGNYZnZSAQYX,1745011896231,429,Access limit reached,"{'error': 'Access limit reached', 'retry_after': '4 hours 54 minutes'}"
68,XxbRFGNYZnZSAQYX,1745069907231,429,Access limit reached,"{'error': 'Access limit reached', 'retry_after': '4 hours 54 minutes'}"
68,XxbRFGNYZnZSAQYX,1745070126231,429,Access limit reached,"{'error': 'Access limit reached', 'retry_after': '4 hours 54 minutes'}"
68,XxbRFGNYZnZSAQYX,1745051433231,429,Access limit reached,"{'error': 'Access limit reached', 'retry_after': '4 hours 54 minutes'}"
68,XxbRFGNYZnZSAQYX,1745055309231,429,Access limit reached,"{'error': 'Access limit reached', 'retry_after': '4 hours 54 minutes'}"
69,U3gq6cIPD3Hy2aYQ,1745016199231,429,Access limit reached,"{'error': 'Access limit reached', 'retry_after': '6 hours 9 minutes'}"
69,U3gq6cIPD3Hy2aYQ,1745072919231,429,Access limit reached,"{'error': 'Access limit reached', 'retry_after': '6 hours 9 minutes'}"
69,U3gq6cIPD3Hy2aYQ,1745053686231,429,Access limit reached,"{'error': 'Access limit reached', 'retry_after': '6 hours 9 minutes'}"
69,U3gq6cIPD3Hy2aYQ,1745009429231,429,Access limit reached,"{'error': 'Access limit reached', 'retry_after': '6 hours 9 minutes'}"
69,U3gq6cIPD3Hy2aYQ,1745026294231,429,Access limit reached,"{'error': 'Access limit reached', 'retry_after': '6 hours 9 minutes'}"
69,U3gq6cIPD3Hy2aYQ,1745042478231,429,Access limit reached,"{'error': 'Access limit reached', 'retry_after': '6 hours 9 minutes'}"
69,U3gq6cIPD3Hy2aYQ,1745024242231,429,Access limit reached,"{'error': 'Access limit reached', 'retry_after': '6 hours 9 minutes'}"
69,U3gq6cIPD3Hy2aYQ,1745008885231,429,Access limit reached,"{'error': 'Access limit reached', 'retry_after': '6 hours 9 minutes'}"
69,U3gq6cIPD3Hy2aYQ,1745075217231,429,Access limit reached,"{'error': 'Access limit reached', 'retry_after': '6 hours 9 minutes'}"
69,U3gq6cIPD3Hy2aYQ,1745027914231,429,Access limit reached,"{'error': 'Access limit reached', 'retry_after': '6 hours 9 minutes'}"
69,U3gq6cIPD3Hy2aYQ,1745018825231,429,Access limit reached,"{'error': 'Access limit reached', 'retry_after': '6 hours 9 minutes'}"
69,U3gq6cIPD3Hy2aYQ,1745077088231,429,Access limit reached,"{'error': 'Access limit reached', 'retry_after': '6 hours 9 minutes'}"
69,U3gq6cIPD3Hy2aYQ,1745017574231,429,Access limit reached,"{'error': 'Access limit reached', 'retry_after': '6 hours 9 minutes'}"
69,U3gq6cIPD3Hy2aYQ,1745067712231,429,Access limit reached,"{'error': 'Access limit reached', 'retry_after': '6 hours 9 minutes'}"
69,U3gq6cIPD3Hy2aYQ,1745025143231,429,Access limit reached,"{'error': 'Access limit reached', 'retry_after': '6 hours 9 minutes'}"
69,U3gq6cIPD3Hy2aYQ,1745077800231,429,Access limit reached,"{'error': 'Access limit reached', 'retry_after': '6 hours 9 minutes'}"
69,U3gq6cIPD3Hy2aYQ,1745058519231,429,Access limit reached,"{'error': 'Access limit reached', 'retry_after': '6 hours 9 minutes'}"
69,U3gq6cIPD3Hy2aYQ,1745045939231,429,Access limit reached,"{'error': 'Access limit reached', 'retry_after': '6 hours 9 minutes'}"
69,U3gq6cIPD3Hy2aYQ,1745020649231,429,Access limit reached,"{'error': 'Access limit reached', 'retry_after': '6 hours 9 minutes'}"
69,U3gq6cIPD3Hy2aYQ,1745066227231,429,Access limit reached,"{'error': 'Access limit reached', 'retry_after': '6 hours 9 minutes'}"
69,U3gq6cIPD3Hy2aYQ,1745051164231,429,Access limit reached,"{'error': 'Access limit reached', 'retry_after': '6 hours 9 minutes'}"
69,U3gq6cIPD3Hy2aYQ,1745031516231,429,Access limit reached,"{'error': 'Access limit reached', 'retry_after': '6 hours 9 minutes'}"
69,U3gq6cIPD3Hy2aYQ,1745054107231,429,Access limit reached,"{'error': 'Access limit reached', 'retry_after': '6 hours 9 minutes'}"
69,U3gq6cIPD3Hy2aYQ,1745043851231,429,Access limit reached,"{'error': 'Access limit reached', 'retry_after': '6 hours 9 minutes'}"
69,U3gq6cIPD3Hy2aYQ,1745035151231,429,Access limit reached,"{'error': 'Access limit reached', 'retry_after': '6 hours 9 minutes'}"
70,och15Vm379Xa1g1Q,1745023126231,429,Access limit reached,"{'error': 'Access limit reached', 'retry_after': '4 hours 58 minutes'}"
70,och15Vm379Xa1g1Q,1745050943231,429,Access limit reached,"{'error': 'Access limit reached', 'retry_after': '4 hours 58 minutes'}"
70,och15Vm379Xa1g1Q,1745047749231,429,Access limit reached,"{'error': 'Access limit reached', 'retry_after': '4 hours 58 minutes'}"
70,och15Vm379Xa1g1Q,1745024777231,429,Access limit reached,"{'error': 'Access limit reached', 'retry_after': '4 hours 58 minutes'}"
70,och15Vm379Xa1g1Q,1745033854231,429,Access limit reached,"{'error': 'Access limit reached', 'retry_after': '4 hours 58 minutes'}"
70,och15Vm379Xa1g1Q,1745060203231,429,Access limit reached,"{'error': 'Access limit reached', 'retry_after': '4 hours 58 minutes'}"
70,och15Vm379Xa1g1Q,1745054321231,429,Access limit reached,"{'error': 'Access limit reached', 'retry_after': '4 hours 58 minutes'}"
70,och15Vm379Xa1g1Q,1745071505231,429,Access limit reached,"{'error': 'Access limit reached', 'retry_after': '4 hours 58 minutes'}"
70,och15Vm379Xa1g1Q,1745019734231,429,Access limit reached,"{'error': 'Access limit reached', 'retry_after': '4 hours 58 minutes'}"
70,och15Vm379Xa1g1Q,1745063337231,429,Access limit reached,"{'error': 'Access limit reached', 'retry_after': '4 hours 58 minutes'}"
70,och15Vm379Xa1g1Q,1745031061231,429,Access limit reached,"{'error': 'Access limit reached', 'retry_after': '4 hours 58 minutes'}"
70,och15Vm379Xa1g1Q,1745031813231,429,Access limit reached,"{'error': 'Access limit reached', 'retry_after': '4 hours 58 minutes'}"
70,och15Vm379Xa1g1Q,1745062418231,429,Access limit reached,"{'error': 'Access limit reached', 'retry_after': '4 hours 58 minutes'}"
70,och15Vm379Xa1g1Q,1745059217231,429,Access limit reached,"{'error': 'Access limit reached', 'retry_after': '4 hours 58 minutes'}"
70,och15Vm379Xa1g1Q,1745054880231,429,Access limit reached,"{'error': 'Access limit reached', 'retry_after': '4 hours 58 minutes'}"
70,och15Vm379Xa1g1Q,1745018539231,429,Access limit reached,"{'error': 'Access limit reached', 'retry_after': '4 hours 58 minutes'}"
70,och15Vm379Xa1g1Q,1745025305231,429,Access limit reached,"{'error': 'Access limit reached', 'retry_after': '4 hours 58 minutes'}"
70,och15Vm379Xa1g1Q,1745027186231,429,Access limit reached,"{'error': 'Access limit reached', 'retry_after': '4 hours 58 minutes'}"
70,och15Vm379Xa1g1Q,1745019376231,429,Access limit reached,"{'error': 'Access limit reached', 'retry_after': '4 hours 58 minutes'}"
70,och15Vm379Xa1g1Q,1745077018231,429,Access limit reached,"{'error': 'Access limit reached', 'retry_after': '4 hours 58 minutes'}"
70,och15Vm379Xa1g1Q,1745025861231,429,Access limit reached,"{'error': 'Access limit reached', 'retry_after': '4 hours 58 minutes'}"
70,och15Vm379Xa1g1Q,1745044501231,429,Access limit reached,"{'error': 'Access limit reached', 'retry_after': '4 hours 58 minutes'}"
70,och15Vm379Xa1g1Q,1745041577231,429,Access limit reached,"{'error': 'Access limit reached', 'retry_after': '4 hours 58 minutes'}"
70,och15Vm379Xa1g1Q,1745045142231,429,Access limit reached,"{'error': 'Access limit reached', 'retry_after': '4 hours 58 minutes'}"
70,och15Vm379Xa1g1Q,1745078738231,429,Access limit reached,"{'error': 'Access limit reached', 'retry_after': '4 hours 58 minutes'}"
70,och15Vm379Xa1g1Q,1745033325231,429,Access limit reached,"{'error': 'Access limit reached', 'retry_after': '4 hours 58 minutes'}"
70,och15Vm379Xa1g1Q,1745018397231,429,Access limit reached,"{'error': 'Access limit reached', 'retry_after': '4 hours 58 minutes'}"
70,och15Vm379Xa1g1Q,1745024694231,429,Access limit reached,"{'error': 'Access limit reached', 'retry_after': '4 hours 58 minutes'}"
70,och15Vm379Xa1g1Q,1745017385231,429,Access limit reached,"{'error': 'Access limit reached', 'retry_after': '4 hours 58 minutes'}"
70,och15Vm379Xa1g1Q,1745068411231,429,Access limit reached,"{'error': 'Access limit reached', 'retry_after': '4 hours 58 minutes'}"
70,och15Vm379Xa1g1Q,1745072631231,429,Access limit reached,"{'error': 'Access limit reached', 'retry_after': '4 hours 58 minutes'}"
70,och15Vm379Xa1g1Q,1745029454231,429,Access limit reached,"{'error': 'Access limit reached', 'retry_after': '4 hours 58 minutes'}"
70,och15Vm379Xa1g1Q,1745055582231,429,Access limit reached,"{'error': 'Access limit reached', 'retry_after': '4 hours 58 minutes'}"
70,och15Vm379Xa1g1Q,1745077401231,429,Access limit reached,"{'error': 'Access limit reached', 'retry_after': '4 hours 58 minutes'}"
70,och15Vm379Xa1g1Q,1745066528231,429,Access limit reached,"{'error': 'Access limit reached', 'retry_after': '4 hours 58 minutes'}"
70,och15Vm379Xa1g1Q,1745027266231,429,Access limit reached,"{'error': 'Access limit reached', 'retry_after': '4 hours 58 minutes'}"
70,och15Vm379Xa1g1Q,1745046314231,429,Access limit reached,"{'error': 'Access limit reached', 'retry_after': '4 hours 58 minutes'}"
70,och15Vm379Xa1g1Q,1745023069231,429,Access limit reached,"{'error': 'Access limit reached', 'retry_after': '4 hours 58 minutes'}"
70,och15Vm379Xa1g1Q,1745058470231,429,Access limit reached,"{'error': 'Access limit reached', 'retry_after': '4 hours 58 minutes'}"
70,och15Vm379Xa1g1Q,1745032195231,429,Access limit reached,"{'error': 'Access limit reached', 'retry_after': '4 hours 58 minutes'}"
70,och15Vm379Xa1g1Q,1745037992231,429,Access limit reached,"{'error': 'Access limit reached', 'retry_after': '4 hours 58 minutes'}"
71,IzFNSTGy3eHVyDTQ,1745045876231,429,Access limit reached,"{'error': 'Access limit reached', 'retry_after': '4 hours 49 minutes'}"
71,IzFNSTGy3eHVyDTQ,1745065953231,429,Access limit reached,"{'error': 'Access limit reached', 'retry_after': '4 hours 49 minutes'}"
71,IzFNSTGy3eHVyDTQ,1745025450231,429,Access limit reached,"{'error': 'Access limit reached', 'retry_after': '4 hours 49 minutes'}"
71,IzFNSTGy3eHVyDTQ,1745060357231,429,Access limit reached,"{'error': 'Access limit reached', 'retry_after': '4 hours 49 minutes'}"
71,IzFNSTGy3eHVyDTQ,1745028882231,429,Access limit reached,"{'error': 'Access limit reached', 'retry_after': '4 hours 49 minutes'}"
71,IzFNSTGy3eHVyDTQ,1745043171231,429,Access limit reached,"{'error': 'Access limit reached', 'retry_after': '4 hours 49 minutes'}"
71,IzFNSTGy3eHVyDTQ,1745016527231,429,Access limit reached,"{'error': 'Access limit reached', 'retry_after': '4 hours 49 minutes'}"
71,IzFNSTGy3eHVyDTQ,1745073936231,429,Access limit reached,"{'error': 'Access limit reached', 'retry_after': '4 hours 49 minutes'}"
71,IzFNSTGy3eHVyDTQ,1745073721231,429,Access limit reached,"{'error': 'Access limit reached', 'retry_after': '4 hours 49 minutes'}"
71,IzFNSTGy3eHVyDTQ,1745057695231,429,Access limit reached,"{'error': 'Access limit reached', 'retry_after': '4 hours 49 minutes'}"
71,IzFNSTGy3eHVyDTQ,1745039127231,429,Access limit reached,"{'error': 'Access limit reached', 'retry_after': '4 hours 49 minutes'}"
71,IzFNSTGy3eHVyDTQ,1745012053231,429,Access limit reached,"{'error': 'Access limit reached', 'retry_after': '4 hours 49 minutes'}"
71,IzFNSTGy3eHVyDTQ,1745028273231,429,Access limit reached,"{'error': 'Access limit reached', 'retry_after': '4 hours 49 minutes'}"
71,IzFNSTGy3eHVyDTQ,1745034612231,429,Access limit reached,"{'error': 'Access limit reached', 'retry_after': '4 hours 49 minutes'}"
71,IzFNSTGy3eHVyDTQ,1745078631231,429,Access limit reached,"{'error': 'Access limit reached', 'retry_after': '4 hours 49 minutes'}"
71,IzFNSTGy3eHVyDTQ,1745022415231,429,Access limit reached,"{'error': 'Access limit reached', 'retry_after': '4 hours 49 minutes'}"
71,IzFNSTGy3eHVyDTQ,1745007883231,429,Access limit reached,"{'error': 'Access limit reached', 'retry_after': '4 hours 49 minutes'}"
71,IzFNSTGy3eHVyDTQ,1745042434231,429,Access limit reached,"{'error': 'Access limit reached', 'retry_after': '4 hours 49 minutes'}"
71,IzFNSTGy3eHVyDTQ,1745045418231,429,Access limit reached,"{'error': 'Access limit reached', 'retry_after': '4 hours 49 minutes'}"
71,IzFNSTGy3eHVyDTQ,1745065228231,429,Access limit reached,"{'error': 'Access limit reached', 'retry_after': '4 hours 49 minutes'}"
71,IzFNSTGy3eHVyDTQ,1745013525231,429,Access limit reached,"{'error': 'Access limit reached', 'retry_after': '4 hours 49 minutes'}"
71,IzFNSTGy3eHVyDTQ,1745012449231,429,Access limit reached,"{'error': 'Access limit reached', 'retry_after': '4 hours 49 minutes'}"
71,IzFNSTGy3eHVyDTQ,1745058165231,429,Access limit reached,"{'error': 'Access limit reached', 'retry_after': '4 hours 49 minutes'}"
71,IzFNSTGy3eHVyDTQ,1745041988231,429,Access limit reached,"{'error': 'Access limit reached', 'retry_after': '4 hours 49 minutes'}"
71,IzFNSTGy3eHVyDTQ,1745018681231,429,Access limit reached,"{'error': 'Access limit reached', 'retry_after': '4 hours 49 minutes'}"
71,IzFNSTGy3eHVyDTQ,1745047082231,429,Access limit reached,"{'error': 'Access limit reached', 'retry_after': '4 hours 49 minutes'}"
71,IzFNSTGy3eHVyDTQ,1745067745231,429,Access limit reached,"{'error': 'Access limit reached', 'retry_after': '4 hours 49 minutes'}"
71,IzFNSTGy3eHVyDTQ,1745008877231,429,Access limit reached,"{'error': 'Access limit reached', 'retry_after': '4 hours 49 minutes'}"
71,IzFNSTGy3eHVyDTQ,1745024262231,429,Access limit reached,"{'error': 'Access limit reached', 'retry_after': '4 hours 49 minutes'}"
72,3nBKrhW1fBAghtFJ,1745069080231,429,Access limit reached,"{'error': 'Access limit reached', 'retry_after': '4 hours 57 minutes'}"
72,3nBKrhW1fBAghtFJ,1745059600231,429,Access limit reached,"{'error': 'Access limit reached', 'retry_after': '4 hours 57 minutes'}"
72,3nBKrhW1fBAghtFJ,1745037845231,429,Access limit reached,"{'error': 'Access limit reached', 'retry_after': '4 hours 57 minutes'}"
72,3nBKrhW1fBAghtFJ,1745077881231,429,Access limit reached,"{'error': 'Access limit reached', 'retry_after': '4 hours 57 minutes'}"
72,3nBKrhW1fBAghtFJ,1745007890231,429,Access limit reached,"{'error': 'Access limit reached', 'retry_after': '4 hours 57 minutes'}"
72,3nBKrhW1fBAghtFJ,1745075809231,429,Access limit reached,"{'error': 'Access limit reached', 'retry_after': '4 hours 57 minutes'}"
72,3nBKrhW1fBAghtFJ,1745017584231,429,Access limit reached,"{'error': 'Access limit reached', 'retry_after': '4 hours 57 minutes'}"
72,3nBKrhW1fBAghtFJ,1745054653231,429,Access limit reached,"{'error': 'Access limit reached', 'retry_after': '4 hours 57 minutes'}"
72,3nBKrhW1fBAghtFJ,1745062817231,429,Access limit reached,"{'error': 'Access limit reached', 'retry_after': '4 hours 57 minutes'}"
72,3nBKrhW1fBAghtFJ,1745070481231,429,Access limit reached,"{'error': 'Access limit reached', 'retry_after': '4 hours 57 minutes'}"
72,3nBKrhW1fBAghtFJ,1745009707231,429,Access limit reached,"{'error': 'Access limit reached', 'retry_after': '4 hours 57 minutes'}"
72,3nBKrhW1fBAghtFJ,1745033757231,429,Access limit reached,"{'error': 'Access limit reached', 'retry_after': '4 hours 57 minutes'}"
72,3nBKrhW1fBAghtFJ,1745064891231,429,Access limit reached,"{'error': 'Access limit reached', 'retry_after': '4 hours 57 minutes'}"
72,3nBKrhW1fBAghtFJ,1745062655231,429,Access limit reached,"{'error': 'Access limit reached', 'retry_after': '4 hours 57 minutes'}"
72,3nBKrhW1fBAghtFJ,1745036780231,429,Access limit reached,"{'error': 'Access limit reached', 'retry_after': '4 hours 57 minutes'}"
72,3nBKrhW1fBAghtFJ,1745037908231,429,Access limit reached,"{'error': 'Access limit reached', 'retry_after': '4 hours 57 minutes'}"
72,3nBKrhW1fBAghtFJ,1745019169231,429,Access limit reached,"{'error': 'Access limit reached', 'retry_after': '4 hours 57 minutes'}"
72,3nBKrhW1fBAghtFJ,1745033236231,429,Access limit reached,"{'error': 'Access limit reached', 'retry_after': '4 hours 57 minutes'}"
72,3nBKrhW1fBAghtFJ,1745039365231,429,Access limit reached,"{'error': 'Access limit reached', 'retry_after': '4 hours 57 minutes'}"
72,3nBKrhW1fBAghtFJ,1745042228231,429,Access limit reached,"{'error': 'Access limit reached', 'retry_after': '4 hours 57 minutes'}"
72,3nBKrhW1fBAghtFJ,1745069216231,429,Access limit reached,"{'error': 'Access limit reached', 'retry_after': '4 hours 57 minutes'}"
72,3nBKrhW1fBAghtFJ,1745011788231,429,Access limit reached,"{'error': 'Access limit reached', 'retry_after': '4 hours 57 minutes'}"
72,3nBKrhW1fBAghtFJ,1745041339231,429,Access limit reached,"{'error': 'Access limit reached', 'retry_after': '4 hours 57 minutes'}"
72,3nBKrhW1fBAghtFJ,1745065559231,429,Access limit reached,"{'error': 'Access limit reached', 'retry_after': '4 hours 57 minutes'}"
72,3nBKrhW1fBAghtFJ,1745054064231,429,Access limit reached,"{'error': 'Access limit reached', 'retry_after': '4 hours 57 minutes'}"
72,3nBKrhW1fBAghtFJ,1745009570231,429,Access limit reached,"{'error': 'Access limit reached', 'retry_after': '4 hours 57 minutes'}"
73,z0JDHDmlF0xC3xmv,1745048657231,429,Access limit reached,"{'error': 'Access limit reached', 'retry_after': '6 hours 20 minutes'}"
73,z0JDHDmlF0xC3xmv,1745024093231,429,Access limit reached,"{'error': 'Access limit reached', 'retry_after': '6 hours 20 minutes'}"
73,z0JDHDmlF0xC3xmv,1745065423231,429,Access limit reached,"{'error': 'Access limit reached', 'retry_after': '6 hours 20 minutes'}"
73,z0JDHDmlF0xC3xmv,1745019687231,429,Access limit reached,"{'error': 'Access limit reached', 'retry_after': '6 hours 20 minutes'}"
73,z0JDHDmlF0xC3xmv,1745049879231,429,Access limit reached,"{'error': 'Access limit reached', 'retry_after': '6 hours 20 minutes'}"
73,z0JDHDmlF0xC3xmv,1745058918231,429,Access limit reached,"{'error': 'Access limit reached', 'retry_after': '6 hours 20 minutes'}"
73,z0JDHDmlF0xC3xmv,1745068244231,429,Access limit reached,"{'error': 'Access limit reached', 'retry_after': '6 hours 20 minutes'}"
73,z0JDHDmlF0xC3xmv,1745064285231,429,Access limit reached,"{'error': 'Access limit reached', 'retry_after': '6 hours 20 minutes'}"
73,z0JDHDmlF0xC3xmv,1745041742231,429,Access limit reached,"{'error': 'Access limit reached', 'retry_after': '6 hours 20 minutes'}"
73,z0JDHDmlF0xC3xmv,1745010100231,429,Access limit reached,"{'error': 'Access limit reached', 'retry_after': '6 hours 20 minutes'}"
73,z0JDHDmlF0xC3xmv,1745059675231,429,Access limit reached,"{'error': 'Access limit reached', 'retry_after': '6 hours 20 minutes'}"
73,z0JDHDmlF0xC3xmv,1745046714231,429,Access limit reached,"{'error': 'Access limit reached', 'retry_after': '6 hours 20 minutes'}"
73,z0JDHDmlF0xC3xmv,1745017109231,429,Access limit reached,"{'error': 'Access limit reached', 'retry_after': '6 hours 20 minutes'}"
73,z0JDHDmlF0xC3xmv,1745036480231,429,Access limit reached,"{'error': 'Access limit reached', 'retry_after': '6 hours 20 minutes'}"
73,z0JDHDmlF0xC3xmv,1745059545231,429,Access limit reached,"{'error': 'Access limit reached', 'retry_after': '6 hours 20 minutes'}"
73,z0JDHDmlF0xC3xmv,1745074136231,429,Access limit reached,"{'error': 'Access limit reached', 'retry_after': '6 hours 20 minutes'}"
73,z0JDHDmlF0xC3xmv,1745059818231,429,Access limit reached,"{'error': 'Access limit reached', 'retry_after': '6 hours 20 minutes'}"
73,z0JDHDmlF0xC3xmv,1745061096231,429,Access limit reached,"{'error': 'Access limit reached', 'retry_after': '6 hours 20 minutes'}"
73,z0JDHDmlF0xC3xmv,1745046903231,429,Access limit reached,"{'error': 'Access limit reached', 'retry_after': '6 hours 20 minutes'}"
73,z0JDHDmlF0xC3xmv,1745041333231,429,Access limit reached,"{'error': 'Access limit reached', 'retry_after': '6 hours 20 minutes'}"
73,z0JDHDmlF0xC3xmv,1745077296231,429,Access limit reached,"{'error': 'Access limit reached', 'retry_after': '6 hours 20 minutes'}"
73,z0JDHDmlF0xC3xmv,1745013404231,429,Access limit reached,"{'error': 'Access limit reached', 'retry_after': '6 hours 20 minutes'}"
73,z0JDHDmlF0xC3xmv,1745023171231,429,Access limit reached,"{'error': 'Access limit reached', 'retry_after': '6 hours 20 minutes'}"
73,z0JDHDmlF0xC3xmv,1745064295231,429,Access limit reached,"{'error': 'Access limit reached', 'retry_after': '6 hours 20 minutes'}"
73,z0JDHDmlF0xC3xmv,1745042197231,429,Access limit reached,"{'error': 'Access limit reached', 'retry_after': '6 hours 20 minutes'}"
73,z0JDHDmlF0xC3xmv,1745060300231,429,Access limit reached,"{'error': 'Access limit reached', 'retry_after': '6 hours 20 minutes'}"
73,z0JDHDmlF0xC3xmv,1745073676231,429,Access limit reached,"{'error': 'Access limit reached', 'retry_after': '6 hours 20 minutes'}"
73,z0JDHDmlF0xC3xmv,1745027279231,429,Access limit reached,"{'error': 'Access limit reached', 'retry_after': '6 hours 20 minutes'}"
73,z0JDHDmlF0xC3xmv,1745054663231,429,Access limit reached,"{'error': 'Access limit reached', 'retry_after': '6 hours 20 minutes'}"
74,XxbRFGNYZnZSAQYX,1745070721231,429,Access limit reached,"{'error': 'Access limit reached', 'retry_after': '4 hours 54 minutes'}"
74,XxbRFGNYZnZSAQYX,1745068632231,429,Access limit reached,"{'error': 'Access limit reached', 'retry_after': '4 hours 54 minutes'}"
74,XxbRFGNYZnZSAQYX,1745021414231,429,Access limit reached,"{'error': 'Access limit reached', 'retry_after': '4 hours 54 minutes'}"
74,XxbRFGNYZnZSAQYX,1745071317231,429,Access limit reached,"{'error': 'Access limit reached', 'retry_after': '4 hours 54 minutes'}"
74,XxbRFGNYZnZSAQYX,1745057500231,429,Access limit reached,"{'error': 'Access limit reached', 'retry_after': '4 hours 54 minutes'}"
74,XxbRFGNYZnZSAQYX,1745024561231,429,Access limit reached,"{'error': 'Access limit reached', 'retry_after': '4 hours 54 minutes'}"
74,XxbRFGNYZnZSAQYX,1745038849231,429,Access limit reached,"{'error': 'Access limit reached', 'retry_after': '4 hours 54 minutes'}"
74,XxbRFGNYZnZSAQYX,1745060793231,429,Access limit reached,"{'error': 'Access limit reached', 'retry_after': '4 hours 54 minutes'}"
74,XxbRFGNYZnZSAQYX,1745028532231,429,Access limit reached,"{'error': 'Access limit reached', 'retry_after': '4 hours 54 minutes'}"
74,XxbRFGNYZnZSAQYX,1745036172231,429,Access limit reached,"{'error': 'Access limit reached', 'retry_after': '4 hours 54 minutes'}"
74,XxbRFGNYZnZSAQYX,1745067924231,429,Access limit reached,"{'error': 'Access limit reached', 'retry_after': '4 hours 54 minutes'}"
74,XxbRFGNYZnZSAQYX,1745073428231,429,Access limit reached,"{'error': 'Access limit reached', 'retry_after': '4 hours 54 minutes'}"
74,XxbRFGNYZnZSAQYX,1745056858231,429,Access limit reached,"{'error': 'Access limit reached', 'retry_after': '4 hours 54 minutes'}"
74,XxbRFGNYZnZSAQYX,1745043328231,429,Access limit reached,"{'error': 'Access limit reached', 'retry_after': '4 hours 54 minutes'}"
74,XxbRFGNYZnZSAQYX,1745020858231,429,Access limit reached,"{'error': 'Access limit reached', 'retry_after': '4 hours 54 minutes'}"
74,XxbRFGNYZnZSAQYX,1745035510231,429,Access limit reached,"{'error': 'Access limit reached', 'retry_after': '4 hours 54 minutes'}"
74,XxbRFGNYZnZSAQYX,1745034005231,429,Access limit reached,"{'error': 'Access limit reached', 'retry_after': '4 hours 54 minutes'}"
74,XxbRFGNYZnZSAQYX,1745032891231,429,Access limit reached,"{'error': 'Access limit reached', 'retry_after': '4 hours 54 minutes'}"
74,XxbRFGNYZnZSAQYX,1745057912231,429,Access limit reached,"{'error': 'Access limit reached', 'retry_after': '4 hours 54 minutes'}"
74,XxbRFGNYZnZSAQYX,1745065306231,429,Access limit reached,"{'error': 'Access limit reached', 'retry_after': '4 hours 54 minutes'}"
74,XxbRFGNYZnZSAQYX,1745043450231,429,Access limit reached,"{'error': 'Access limit reached', 'retry_after': '4 hours 54 minutes'}"
74,XxbRFGNYZnZSAQYX,1745013594231,429,Access limit reached,"{'error': 'Access limit reached', 'retry_after': '4 hours 54 minutes'}"
74,XxbRFGNYZnZSAQYX,1745050850231,429,Access limit reached,"{'error': 'Access limit reached', 'retry_after': '4 hours 54 minutes'}"
74,XxbRFGNYZnZSAQYX,1745068874231,429,Access limit reached,"{'error': 'Access limit reached', 'retry_after': '4 hours 54 minutes'}"
74,XxbRFGNYZnZSAQYX,1745071791231,429,Access limit reached,"{'error': 'Access limit reached', 'retry_after': '4 hours 54 minutes'}"
74,XxbRFGNYZnZSAQYX,1745052155231,429,Access limit reached,"{'error': 'Access limit reached', 'retry_after': '4 hours 54 minutes'}"
74,XxbRFGNYZnZSAQYX,1745032328231,429,Access limit reached,"{'error': 'Access limit reached', 'retry_after': '4 hours 54 minutes'}"
74,XxbRFGNYZnZSAQYX,1745077372231,429,Access limit reached,"{'error': 'Access limit reached', 'retry_after': '4 hours 54 minutes'}"
75,4YHYRv9IiZ7e2gos,1745016325231,429,Access limit reached,"{'error': 'Access limit reached', 'retry_after': '4 hours 46 minutes'}"
75,4YHYRv9IiZ7e2gos,1745025536231,429,Access limit reached,"{'error': 'Access limit reached', 'retry_after': '4 hours 46 minutes'}"
75,4YHYRv9IiZ7e2gos,1745009059231,429,Access limit reached,"{'error': 'Access limit reached', 'retry_after': '4 hours 46 minutes'}"
75,4YHYRv9IiZ7e2gos,1745065307231,429,Access limit reached,"{'error': 'Access limit reached', 'retry_after': '4 hours 46 minutes'}"
75,4YHYRv9IiZ7e2gos,1745046625231,429,Access limit reached,"{'error': 'Access limit reached', 'retry_after': '4 hours 46 minutes'}"
75,4YHYRv9IiZ7e2gos,1745024303231,429,Access limit reached,"{'error': 'Access limit reached', 'retry_after': '4 hours 46 minutes'}"
75,4YHYRv9IiZ7e2gos,1745060777231,429,Access limit reached,"{'error': 'Access limit reached', 'retry_after': '4 hours 46 minutes'}"
75,4YHYRv9IiZ7e2gos,1745026170231,429,Access limit reached,"{'error': 'Access limit reached', 'retry_after': '4 hours 46 minutes'}"
75,4YHYRv9IiZ7e2gos,1745078229231,429,Access limit reached,"{'error': 'Access limit reached', 'retry_after': '4 hours 46 minutes'}"
75,4YHYRv9IiZ7e2gos,1745036852231,429,Access limit reached,"{'error': 'Access limit reached', 'retry_after': '4 hours 46 minutes'}"
75,4YHYRv9IiZ7e2gos,1745045503231,429,Access limit reached,"{'error': 'Access limit reached', 'retry_after': '4 hours 46 minutes'}"
75,4YHYRv9IiZ7e2gos,1745069142231,429,Access limit reached,"{'error': 'Access limit reached', 'retry_after': '4 hours 46 minutes'}"
75,4YHYRv9IiZ7e2gos,1745065407231,429,Access limit reached,"{'error': 'Access limit reached', 'retry_after': '4 hours 46 minutes'}"
75,4YHYRv9IiZ7e2gos,1745051156231,429,Access limit reached,"{'error': 'Access limit reached', 'retry_after': '4 hours 46 minutes'}"
75,4YHYRv9IiZ7e2gos,1745062149231,429,Access limit reached,"{'error': 'Access limit reached', 'retry_after': '4 hours 46 minutes'}"
75,4YHYRv9IiZ7e2gos,1745034196231,429,Access limit reached,"{'error': 'Access limit reached', 'retry_after': '4 hours 46 minutes'}"
75,4YHYRv9IiZ7e2gos,1745075197231,429,Access limit reached,"{'error': 'Access limit reached', 'retry_after': '4 hours 46 minutes'}"
75,4YHYRv9IiZ7e2gos,1745029793231,429,Access limit reached,"{'error': 'Access limit reached', 'retry_after': '4 hours 46 minutes'}"
75,4YHYRv9IiZ7e2gos,1745043437231,429,Access limit reached,"{'error': 'Access limit reached', 'retry_after': '4 hours 46 minutes'}"
75,4YHYRv9IiZ7e2gos,1745013098231,429,Access limit reached,"{'error': 'Access limit reached', 'retry_after': '4 hours 46 minutes'}"
75,4YHYRv9IiZ7e2gos,1745068249231,429,Access limit reached,"{'error': 'Access limit reached', 'retry_after': '4 hours 46 minutes'}"
75,4YHYRv9IiZ7e2gos,1745040722231,429,Access limit reached,"{'error': 'Access limit reached', 'retry_after': '4 hours 46 minutes'}"
75,4YHYRv9IiZ7e2gos,1745066579231,429,Access limit reached,"{'error': 'Access limit reached', 'retry_after': '4 hours 46 minutes'}"
75,4YHYRv9IiZ7e2gos,1745064989231,429,Access limit reached,"{'error': 'Access limit reached', 'retry_after': '4 hours 46 minutes'}"
75,4YHYRv9IiZ7e2gos,1745020896231,429,Access limit reached,"{'error': 'Access limit reached', 'retry_after': '4 hours 46 minutes'}"
75,4YHYRv9IiZ7e2gos,1745070667231,429,Access limit reached,"{'error': 'Access limit reached', 'retry_after': '4 hours 46 minutes'}"
75,4YHYRv9IiZ7e2gos,1745077544231,429,Access limit reached,"{'error': 'Access limit reached', 'retry_after': '4 hours 46 minutes'}"
75,4YHYRv9IiZ7e2gos,1745044271231,429,Access limit reached,"{'error': 'Access limit reached', 'retry_after': '4 hours 46 minutes'}"
75,4YHYRv9IiZ7e2gos,1745074022231,429,Access limit reached,"{'error': 'Access limit reached', 'retry_after': '4 hours 46 minutes'}"
75,4YHYRv9IiZ7e2gos,1745016404231,429,Access limit reached,"{'error': 'Access limit reached', 'retry_after': '4 hours 46 minutes'}"
75,4YHYRv9IiZ7e2gos,1745060973231,429,Access limit reached,"{'error': 'Access limit reached', 'retry_after': '4 hours 46 minutes'}"
76,XxbRFGNYZnZSAQYX,1745023571231,429,Access limit reached,"{'error': 'Access limit reached', 'retry_after': '4 hours 54 minutes'}"
76,XxbRFGNYZnZSAQYX,1745017170231,429,Access limit reached,"{'error': 'Access limit reached', 'retry_after': '4 hours 54 minutes'}"
76,XxbRFGNYZnZSAQYX,1745073785231,429,Access limit reached,"{'error': 'Access limit reached', 'retry_after': '4 hours 54 minutes'}"
76,XxbRFGNYZnZSAQYX,1745059988231,429,Access limit reached,"{'error': 'Access limit reached', 'retry_after': '4 hours 54 minutes'}"
76,XxbRFGNYZnZSAQYX,1745030580231,429,Access limit reached,"{'error': 'Access limit reached', 'retry_after': '4 hours 54 minutes'}"
76,XxbRFGNYZnZSAQYX,1745065593231,429,Access limit reached,"{'error': 'Access limit reached', 'retry_after': '4 hours 54 minutes'}"
76,XxbRFGNYZnZSAQYX,1745031168231,429,Access limit reached,"{'error': 'Access limit reached', 'retry_after': '4 hours 54 minutes'}"
76,XxbRFGNYZnZSAQYX,1745069778231,429,Access limit reached,"{'error': 'Access limit reached', 'retry_after': '4 hours 54 minutes'}"
76,XxbRFGNYZnZSAQYX,1745011573231,429,Access limit reached,"{'error': 'Access limit reached', 'retry_after': '4 hours 54 minutes'}"
76,XxbRFGNYZnZSAQYX,1745066310231,429,Access limit reached,"{'error': 'Access limit reached', 'retry_after': '4 hours 54 minutes'}"
76,XxbRFGNYZnZSAQYX,1745056986231,429,Access limit reached,"{'error': 'Access limit reached', 'retry_after': '4 hours 54 minutes'}"
76,XxbRFGNYZnZSAQYX,1745062459231,429,Access limit reached,"{'error': 'Access limit reached', 'retry_after': '4 hours 54 minutes'}"
76,XxbRFGNYZnZSAQYX,1745018925231,429,Access limit reached,"{'error': 'Access limit reached', 'retry_after': '4 hours 54 minutes'}"
76,XxbRFGNYZnZSAQYX,1745009663231,429,Access limit reached,"{'error': 'Access limit reached', 'retry_after': '4 hours 54 minutes'}"
76,XxbRFGNYZnZSAQYX,1745022307231,429,Access limit reached,"{'error': 'Access limit reached', 'retry_after': '4 hours 54 minutes'}"
76,XxbRFGNYZnZSAQYX,1745066354231,429,Access limit reached,"{'error': 'Access limit reached', 'retry_after': '4 hours 54 minutes'}"
76,XxbRFGNYZnZSAQYX,1745020112231,429,Access limit reached,"{'error': 'Access limit reached', 'retry_after': '4 hours 54 minutes'}"
76,XxbRFGNYZnZSAQYX,1745049404231,429,Access limit reached,"{'error': 'Access limit reached', 'retry_after': '4 hours 54 minutes'}"
76,XxbRFGNYZnZSAQYX,1745025522231,429,Access limit reached,"{'error': 'Access limit reached', 'retry_after': '4 hours 54 minutes'}"
76,XxbRFGNYZnZSAQYX,1745026166231,429,Access limit reached,"{'error': 'Access limit reached', 'retry_after': '4 hours 54 minutes'}"
76,XxbRFGNYZnZSAQYX,1745029221231,429,Access limit reached,"{'error': 'Access limit reached', 'retry_after': '4 hours 54 minutes'}"
76,XxbRFGNYZnZSAQYX,1745054776231,429,Access limit reached,"{'error': 'Access limit reached', 'retry_after': '4 hours 54 minutes'}"
76,XxbRFGNYZnZSAQYX,1745049642231,429,Access limit reached,"{'error': 'Access limit reached', 'retry_after': '4 hours 54 minutes'}"
76,XxbRFGNYZnZSAQYX,1745036119231,429,Access limit reached,"{'error': 'Access limit reached', 'retry_after': '4 hours 54 minutes'}"
76,XxbRFGNYZnZSAQYX,1745028609231,429,Access limit reached,"{'error': 'Access limit reached', 'retry_after': '4 hours 54 minutes'}"
76,XxbRFGNYZnZSAQYX,1745055454231,429,Access limit reached,"{'error': 'Access limit reached', 'retry_after': '4 hours 54 minutes'}"
76,XxbRFGNYZnZSAQYX,1745057310231,429,Access limit reached,"{'error': 'Access limit reached', 'retry_after': '4 hours 54 minutes'}"
76,XxbRFGNYZnZSAQYX,1745068996231,429,Access limit reached,"{'error': 'Access limit reached', 'retry_after': '4 hours 54 minutes'}"
76,XxbRFGNYZnZSAQYX,1745013863231,429,Access limit reached,"{'error': 'Access limit reached', 'retry_after': '4 hours 54 minutes'}"
76,XxbRFGNYZnZSAQYX,1745063622231,429,Access limit reached,"{'error': 'Access limit reached', 'retry_after': '4 hours 54 minutes'}"
76,XxbRFGNYZnZSAQYX,1745036832231,429,Access limit reached,"{'error': 'Access limit reached', 'retry_after': '4 hours 54 minutes'}"
77,h94anv2bwU2NJJkA,1745010120231,429,Access limit reached,"{'error': 'Access limit reached', 'retry_after': '6 hours 56 minutes'}"
77,h94anv2bwU2NJJkA,1745036508231,429,Access limit reached,"{'error': 'Access limit reached', 'retry_after': '6 hours 56 minutes'}"
77,h94anv2bwU2NJJkA,1745042804231,429,Access limit reached,"{'error': 'Access limit reached', 'retry_after': '6 hours 56 minutes'}"
77,h94anv2bwU2NJJkA,1745020196231,429,Access limit reached,"{'error': 'Access limit reached', 'retry_after': '6 hours 56 minutes'}"
77,h94anv2bwU2NJJkA,1745056641231,429,Access limit reached,"{'error': 'Access limit reached', 'retry_after': '6 hours 56 minutes'}"
77,h94anv2bwU2NJJkA,1745051923231,429,Access limit reached,"{'error': 'Access limit reached', 'retry_after': '6 hours 56 minutes'}"
77,h94anv2bwU2NJJkA,1745073690231,429,Access limit reached,"{'error': 'Access limit reached', 'retry_after': '6 hours 56 minutes'}"
77,h94anv2bwU2NJJkA,1745050172231,429,Access limit reached,"{'error': 'Access limit reached', 'retry_after': '6 hours 56 minutes'}"
77,h94anv2bwU2NJJkA,1745021477231,429,Access limit reached,"{'error': 'Access limit reached', 'retry_after': '6 hours 56 minutes'}"
77,h94anv2bwU2NJJkA,1745069806231,429,Access limit reached,"{'error': 'Access limit reached', 'retry_after': '6 hours 56 minutes'}"
77,h94anv2bwU2NJJkA,1745030253231,429,Access limit reached,"{'error': 'Access limit reached', 'retry_after': '6 hours 56 minutes'}"
77,h94anv2bwU2NJJkA,1745075012231,429,Access limit reached,"{'error': 'Access limit reached', 'retry_after': '6 hours 56 minutes'}"
77,h94anv2bwU2NJJkA,1745066499231,429,Access limit reached,"{'error': 'Access limit reached', 'retry_after': '6 hours 56 minutes'}"
77,h94anv2bwU2NJJkA,1745069005231,429,Access limit reached,"{'error': 'Access limit reached', 'retry_after': '6 hours 56 minutes'}"
77,h94anv2bwU2NJJkA,1745061853231,429,Access limit reached,"{'error': 'Access limit reached', 'retry_after': '6 hours 56 minutes'}"
77,h94anv2bwU2NJJkA,1745053033231,429,Access limit reached,"{'error': 'Access limit reached', 'retry_after': '6 hours 56 minutes'}"
77,h94anv2bwU2NJJkA,1745042940231,429,Access limit reached,"{'error': 'Access limit reached', 'retry_after': '6 hours 56 minutes'}"
77,h94anv2bwU2NJJkA,1745049606231,429,Access limit reached,"{'error': 'Access limit reached', 'retry_after': '6 hours 56 minutes'}"
77,h94anv2bwU2NJJkA,1745014523231,429,Access limit reached,"{'error': 'Access limit reached', 'retry_after': '6 hours 56 minutes'}"
77,h94anv2bwU2NJJkA,1745035833231,429,Access limit reached,"{'error': 'Access limit reached', 'retry_after': '6 hours 56 minutes'}"
77,h94anv2bwU2NJJkA,1745017758231,429,Access limit reached,"{'error': 'Access limit reached', 'retry_after': '6 hours 56 minutes'}"
77,h94anv2bwU2NJJkA,1745073940231,429,Access limit reached,"{'error': 'Access limit reached', 'retry_after': '6 hours 56 minutes'}"
77,h94anv2bwU2NJJkA,1745073851231,429,Access limit reached,"{'error': 'Access limit reached', 'retry_after': '6 hours 56 minutes'}"
77,h94anv2bwU2NJJkA,1745007697231,429,Access limit reached,"{'error': 'Access limit reached', 'retry_after': '6 hours 56 minutes'}"
77,h94anv2bwU2NJJkA,1745054962231,429,Access limit reached,"{'error': 'Access limit reached', 'retry_after': '6 hours 56 minutes'}"
77,h94anv2bwU2NJJkA,1745009622231,429,Access limit reached,"{'error': 'Access limit reached', 'retry_after': '6 hours 56 minutes'}"
77,h94anv2bwU2NJJkA,1745037260231,429,Access limit reached,"{'error': 'Access limit reached', 'retry_after': '6 hours 56 minutes'}"
78,Mu2ElMy8h0J9vztp,1745046669231,429,Access limit reached,"{'error': 'Access limit reached', 'retry_after': '5 hours 8 minutes'}"
78,Mu2ElMy8h0J9vztp,1745024348231,429,Access limit reached,"{'error': 'Access limit reached', 'retry_after': '5 hours 8 minutes'}"
78,Mu2ElMy8h0J9vztp,1745018631231,429,Access limit reached,"{'error': 'Access limit reached', 'retry_after': '5 hours 8 minutes'}"
78,Mu2ElMy8h0J9vztp,1745060224231,429,Access limit reached,"{'error': 'Access limit reached', 'retry_after': '5 hours 8 minutes'}"
78,Mu2ElMy8h0J9vztp,1745031045231,429,Access limit reached,"{'error': 'Access limit reached', 'retry_after': '5 hours 8 minutes'}"
78,Mu2ElMy8h0J9vztp,1745017673231,429,Access limit reached,"{'error': 'Access limit reached', 'retry_after': '5 hours 8 minutes'}"
78,Mu2ElMy8h0J9vztp,1745060423231,429,Access limit reached,"{'error': 'Access limit reached', 'retry_after': '5 hours 8 minutes'}"
78,Mu2ElMy8h0J9vztp,1745023313231,429,Access limit reached,"{'error': 'Access limit reached', 'retry_after': '5 hours 8 minutes'}"
78,Mu2ElMy8h0J9vztp,1745015987231,429,Access limit reached,"{'error': 'Access limit reached', 'retry_after': '5 hours 8 minutes'}"
78,Mu2ElMy8h0J9vztp,1745021303231,429,Access limit reached,"{'error': 'Access limit reached', 'retry_after': '5 hours 8 minutes'}"
78,Mu2ElMy8h0J9vztp,1745075752231,429,Access limit reached,"{'error': 'Access limit reached', 'retry_after': '5 hours 8 minutes'}"
78,Mu2ElMy8h0J9vztp,1745037134231,429,Access limit reached,"{'error': 'Access limit reached', 'retry_after': '5 hours 8 minutes'}"
78,Mu2ElMy8h0J9vztp,1745022958231,429,Access limit reached,"{'error': 'Access limit reached', 'retry_after': '5 hours 8 minutes'}"
78,Mu2ElMy8h0J9vztp,1745032061231,429,Access limit reached,"{'error': 'Access limit reached', 'retry_after': '5 hours 8 minutes'}"
78,Mu2ElMy8h0J9vztp,1745034924231,429,Access limit reached,"{'error': 'Access limit reached', 'retry_after': '5 hours 8 minutes'}"
78,Mu2ElMy8h0J9vztp,1745053065231,429,Access limit reached,"{'error': 'Access limit reached', 'retry_after': '5 hours 8 minutes'}"
78,Mu2ElMy8h0J9vztp,1745039528231,429,Access limit reached,"{'error': 'Access limit reached', 'retry_after': '5 hours 8 minutes'}"
78,Mu2ElMy8h0J9vztp,1745015474231,429,Access limit reached,"{'error': 'Access limit reached', 'retry_after': '5 hours 8 minutes'}"
78,Mu2ElMy8h0J9vztp,1745039240231,429,Access limit reached,"{'error': 'Access limit reached', 'retry_after': '5 hours 8 minutes'}"
78,Mu2ElMy8h0J9vztp,1745043046231,429,Access limit reached,"{'error': 'Access limit reached', 'retry_after': '5 hours 8 minutes'}"
78,Mu2ElMy8h0J9vztp,1745022143231,429,Access limit reached,"{'error': 'Access limit reached', 'retry_after': '5 hours 8 minutes'}"
78,Mu2ElMy8h0J9vztp,1745041049231,429,Access limit reached,"{'error': 'Access limit reached', 'retry_after': '5 hours 8 minutes'}"
78,Mu2ElMy8h0J9vztp,1745038037231,429,Access limit reached,"{'error': 'Access limit reached', 'retry_after': '5 hours 8 minutes'}"
78,Mu2ElMy8h0J9vztp,1745008711231,429,Access limit reached,"{'error': 'Access limit reached', 'retry_after': '5 hours 8 minutes'}"
78,Mu2ElMy8h0J9vztp,1745047538231,429,Access limit reached,"{'error': 'Access limit reached', 'retry_after': '5 hours 8 minutes'}"
78,Mu2ElMy8h0J9vztp,1745013734231,429,Access limit reached,"{'error': 'Access limit reached', 'retry_after': '5 hours 8 minutes'}"
79,h94anv2bwU2NJJkA,1745020798231,429,Access limit reached,"{'error': 'Access limit reached', 'retry_after': '6 hours 55 minutes'}"
79,h94anv2bwU2NJJkA,1745078175231,429,Access limit reached,"{'error': 'Access limit reached', 'retry_after': '6 hours 55 minutes'}"
79,h94anv2bwU2NJJkA,1745056236231,429,Access limit reached,"{'error': 'Access limit reached', 'retry_after': '6 hours 55 minutes'}"
79,h94anv2bwU2NJJkA,1745029459231,429,Access limit reached,"{'error': 'Access limit reached', 'retry_after': '6 hours 55 minutes'}"
79,h94anv2bwU2NJJkA,1745039529231,429,Access limit reached,"{'error': 'Access limit reached', 'retry_after': '6 hours 55 minutes'}"
79,h94anv2bwU2NJJkA,1745041871231,429,Access limit reached,"{'error': 'Access limit reached', 'retry_after': '6 hours 55 minutes'}"
79,h94anv2bwU2NJJkA,1745079077231,429,Access limit reached,"{'error': 'Access limit reached', 'retry_after': '6 hours 55 minutes'}"
79,h94anv2bwU2NJJkA,1745041458231,429,Access limit reached,"{'error': 'Access limit reached', 'retry_after': '6 hours 55 minutes'}"
79,h94anv2bwU2NJJkA,1745024612231,429,Access limit reached,"{'error': 'Access limit reached', 'retry_after': '6 hours 55 minutes'}"
79,h94anv2bwU2NJJkA,1745041183231,429,Access limit reached,"{'error': 'Access limit reached', 'retry_after': '6 hours 55 minutes'}"
79,h94anv2bwU2NJJkA,1745029405231,429,Access limit reached,"{'error': 'Access limit reached', 'retry_after': '6 hours 55 minutes'}"
79,h94anv2bwU2NJJkA,1745078064231,429,Access limit reached,"{'error': 'Access limit reached', 'retry_after': '6 hours 55 minutes'}"
79,h94anv2bwU2NJJkA,1745057690231,429,Access limit reached,"{'error': 'Access limit reached', 'retry_after': '6 hours 55 minutes'}"
79,h94anv2bwU2NJJkA,1745073542231,429,Access limit reached,"{'error': 'Access limit reached', 'retry_after': '6 hours 55 minutes'}"
79,h94anv2bwU2NJJkA,1745048829231,429,Access limit reached,"{'error': 'Access limit reached', 'retry_after': '6 hours 55 minutes'}"
79,h94anv2bwU2NJJkA,1745076260231,429,Access limit reached,"{'error': 'Access limit reached', 'retry_after': '6 hours 55 minutes'}"
79,h94anv2bwU2NJJkA,1745016174231,429,Access limit reached,"{'error': 'Access limit reached', 'retry_after': '6 hours 55 minutes'}"
79,h94anv2bwU2NJJkA,1745064467231,429,Access limit reached,"{'error': 'Access limit reached', 'retry_after': '6 hours 55 minutes'}"
79,h94anv2bwU2NJJkA,1745019876231,429,Access limit reached,"{'error': 'Access limit reached', 'retry_after': '6 hours 55 minutes'}"
79,h94anv2bwU2NJJkA,1745029047231,429,Access limit reached,"{'error': 'Access limit reached', 'retry_after': '6 hours 55 minutes'}"
79,h94anv2bwU2NJJkA,1745032289231,429,Access limit reached,"{'error': 'Access limit reached', 'retry_after': '6 hours 55 minutes'}"
79,h94anv2bwU2NJJkA,1745045847231,429,Access limit reached,"{'error': 'Access limit reached', 'retry_after': '6 hours 55 minutes'}"
79,h94anv2bwU2NJJkA,1745028053231,429,Access limit reached,"{'error': 'Access limit reached', 'retry_after': '6 hours 55 minutes'}"
79,h94anv2bwU2NJJkA,1745043241231,429,Access limit reached,"{'error': 'Access limit reached', 'retry_after': '6 hours 55 minutes'}"
79,h94anv2bwU2NJJkA,1745037792231,429,Access limit reached,"{'error': 'Access limit reached', 'retry_after': '6 hours 55 minutes'}"
79,h94anv2bwU2NJJkA,1745055885231,429,Access limit reached,"{'error': 'Access limit reached', 'retry_after': '6 hours 55 minutes'}"
79,h94anv2bwU2NJJkA,1745040249231,429,Access limit reached,"{'error': 'Access limit reached', 'retry_after': '6 hours 55 minutes'}"
79,h94anv2bwU2NJJkA,1745040378231,429,Access limit reached,"{'error': 'Access limit reached', 'retry_after': '6 hours 55 minutes'}"
79,h94anv2bwU2NJJkA,1745072494231,429,Access limit reached,"{'error': 'Access limit reached', 'retry_after': '6 hours 55 minutes'}"
79,h94anv2bwU2NJJkA,1745070400231,429,Access limit reached,"{'error': 'Access limit reached', 'retry_after': '6 hours 55 minutes'}"
79,h94anv2bwU2NJJkA,1745070328231,429,Access limit reached,"{'error': 'Access limit reached', 'retry_after': '6 hours 55 minutes'}"
79,h94anv2bwU2NJJkA,1745028610231,429,Access limit reached,"{'error': 'Access limit reached', 'retry_after': '6 hours 55 minutes'}"
79,h94anv2bwU2NJJkA,1745048564231,429,Access limit reached,"{'error': 'Access limit reached', 'retry_after': '6 hours 55 minutes'}"
79,h94anv2bwU2NJJkA,1745035093231,429,Access limit reached,"{'error': 'Access limit reached', 'retry_after': '6 hours 55 minutes'}"
79,h94anv2bwU2NJJkA,1745074753231,429,Access limit reached,"{'error': 'Access limit reached', 'retry_after': '6 hours 55 minutes'}"
79,h94anv2bwU2NJJkA,1745052185231,429,Access limit reached,"{'error': 'Access limit reached', 'retry_after': '6 hours 55 minutes'}"
79,h94anv2bwU2NJJkA,1745057978231,429,Access limit reached,"{'error': 'Access limit reached', 'retry_after': '6 hours 55 minutes'}"
79,h94anv2bwU2NJJkA,1745063280231,429,Access limit reached,"{'error': 'Access limit reached', 'retry_after': '6 hours 55 minutes'}"
79,h94anv2bwU2NJJkA,1745010258231,429,Access limit reached,"{'error': 'Access limit reached', 'retry_after': '6 hours 55 minutes'}"
79,h94anv2bwU2NJJkA,1745047782231,429,Access limit reached,"{'error': 'Access limit reached', 'retry_after': '6 hours 55 minutes'}"
79,h94anv2bwU2NJJkA,1745073633231,429,Access limit reached,"{'error': 'Access limit reached', 'retry_after': '6 hours 55 minutes'}"
79,h94anv2bwU2NJJkA,1745055525231,429,Access limit reached,"{'error': 'Access limit reached', 'retry_after': '6 hours 55 minutes'}"
79,h94anv2bwU2NJJkA,1745064419231,429,Access limit reached,"{'error': 'Access limit reached', 'retry_after': '6 hours 55 minutes'}"
79,h94anv2bwU2NJJkA,1745019369231,429,Access limit reached,"{'error': 'Access limit reached', 'retry_after': '6 hours 55 minutes'}"
80,och15Vm379Xa1g1Q,1745047226231,429,Access limit reached,"{'error': 'Access limit reached', 'retry_after': '4 hours 58 minutes'}"
80,och15Vm379Xa1g1Q,1745016015231,429,Access limit reached,"{'error': 'Access limit reached', 'retry_after': '4 hours 58 minutes'}"
80,och15Vm379Xa1g1Q,1745062067231,429,Access limit reached,"{'error': 'Access limit reached', 'retry_after': '4 hours 58 minutes'}"
80,och15Vm379Xa1g1Q,1745038384231,429,Access limit reached,"{'error': 'Access limit reached', 'retry_after': '4 hours 58 minutes'}"
80,och15Vm379Xa1g1Q,1745049357231,429,Access limit reached,"{'error': 'Access limit reached', 'retry_after': '4 hours 58 minutes'}"
80,och15Vm379Xa1g1Q,1745013346231,429,Access limit reached,"{'error': 'Access limit reached', 'retry_after': '4 hours 58 minutes'}"
80,och15Vm379Xa1g1Q,1745036198231,429,Access limit reached,"{'error': 'Access limit reached', 'retry_after': '4 hours 58 minutes'}"
80,och15Vm379Xa1g1Q,1745022247231,429,Access limit reached,"{'error': 'Access limit reached', 'retry_after': '4 hours 58 minutes'}"
80,och15Vm379Xa1g1Q,1745025067231,429,Access limit reached,"{'error': 'Access limit reached', 'retry_after': '4 hours 58 minutes'}"
80,och15Vm379Xa1g1Q,1745059719231,429,Access limit reached,"{'error': 'Access limit reached', 'retry_after': '4 hours 58 minutes'}"
80,och15Vm379Xa1g1Q,1745078215231,429,Access limit reached,"{'error': 'Access limit reached', 'retry_after': '4 hours 58 minutes'}"
80,och15Vm379Xa1g1Q,1745007171231,429,Access limit reached,"{'error': 'Access limit reached', 'retry_after': '4 hours 58 minutes'}"
80,och15Vm379Xa1g1Q,1745072680231,429,Access limit reached,"{'error': 'Access limit reached', 'retry_after': '4 hours 58 minutes'}"
80,och15Vm379Xa1g1Q,1745044404231,429,Access limit reached,"{'error': 'Access limit reached', 'retry_after': '4 hours 58 minutes'}"
80,och15Vm379Xa1g1Q,1745078723231,429,Access limit reached,"{'error': 'Access limit reached', 'retry_after': '4 hours 58 minutes'}"
80,och15Vm379Xa1g1Q,1745024331231,429,Access limit reached,"{'error': 'Access limit reached', 'retry_after': '4 hours 58 minutes'}"
80,och15Vm379Xa1g1Q,1745072735231,429,Access limit reached,"{'error': 'Access limit reached', 'retry_after': '4 hours 58 minutes'}"
80,och15Vm379Xa1g1Q,1745019373231,429,Access limit reached,"{'error': 'Access limit reached', 'retry_after': '4 hours 58 minutes'}"
80,och15Vm379Xa1g1Q,1745045873231,429,Access limit reached,"{'error': 'Access limit reached', 'retry_after': '4 hours 58 minutes'}"
80,och15Vm379Xa1g1Q,1745064059231,429,Access limit reached,"{'error': 'Access limit reached', 'retry_after': '4 hours 58 minutes'}"
80,och15Vm379Xa1g1Q,1745012292231,429,Access limit reached,"{'error': 'Access limit reached', 'retry_after': '4 hours 58 minutes'}"
80,och15Vm379Xa1g1Q,1745052031231,429,Access limit reached,"{'error': 'Access limit reached', 'retry_after': '4 hours 58 minutes'}"
80,och15Vm379Xa1g1Q,1745014816231,429,Access limit reached,"{'error': 'Access limit reached', 'retry_after': '4 hours 58 minutes'}"
80,och15Vm379Xa1g1Q,1745064241231,429,Access limit reached,"{'error': 'Access limit reached', 'retry_after': '4 hours 58 minutes'}"
80,och15Vm379Xa1g1Q,1745034426231,429,Access limit reached,"{'error': 'Access limit reached', 'retry_after': '4 hours 58 minutes'}"
80,och15Vm379Xa1g1Q,1745008539231,429,Access limit reached,"{'error': 'Access limit reached', 'retry_after': '4 hours 58 minutes'}"
80,och15Vm379Xa1g1Q,1745059325231,429,Access limit reached,"{'error': 'Access limit reached', 'retry_after': '4 hours 58 minutes'}"
81,IzFNSTGy3eHVyDTQ,1745061980231,429,Access limit reached,"{'error': 'Access limit reached', 'retry_after': '4 hours 48 minutes'}"
81,IzFNSTGy3eHVyDTQ,1745020903231,429,Access limit reached,"{'error': 'Access limit reached', 'retry_after': '4 hours 48 minutes'}"
81,IzFNSTGy3eHVyDTQ,1745074405231,429,Access limit reached,"{'error': 'Access limit reached', 'retry_after': '4 hours 48 minutes'}"
81,IzFNSTGy3eHVyDTQ,1745058783231,429,Access limit reached,"{'error': 'Access limit reached', 'retry_after': '4 hours 48 minutes'}"
81,IzFNSTGy3eHVyDTQ,1745028841231,429,Access limit reached,"{'error': 'Access limit reached', 'retry_after': '4 hours 48 minutes'}"
81,IzFNSTGy3eHVyDTQ,1745020941231,429,Access limit reached,"{'error': 'Access limit reached', 'retry_after': '4 hours 48 minutes'}"
81,IzFNSTGy3eHVyDTQ,1745046802231,429,Access limit reached,"{'error': 'Access limit reached', 'retry_after': '4 hours 48 minutes'}"
81,IzFNSTGy3eHVyDTQ,1745076814231,429,Access limit reached,"{'error': 'Access limit reached', 'retry_after': '4 hours 48 minutes'}"
81,IzFNSTGy3eHVyDTQ,1745017350231,429,Access limit reached,"{'error': 'Access limit reached', 'retry_after': '4 hours 48 minutes'}"
81,IzFNSTGy3eHVyDTQ,1745044533231,429,Access limit reached,"{'error': 'Access limit reached', 'retry_after': '4 hours 48 minutes'}"
81,IzFNSTGy3eHVyDTQ,1745009916231,429,Access limit reached,"{'error': 'Access limit reached', 'retry_after': '4 hours 48 minutes'}"
81,IzFNSTGy3eHVyDTQ,1745026941231,429,Access limit reached,"{'error': 'Access limit reached', 'retry_after': '4 hours 48 minutes'}"
81,IzFNSTGy3eHVyDTQ,1745008542231,429,Access limit reached,"{'error': 'Access limit reached', 'retry_after': '4 hours 48 minutes'}"
81,IzFNSTGy3eHVyDTQ,1745055151231,429,Access limit reached,"{'error': 'Access limit reached', 'retry_after': '4 hours 48 minutes'}"
81,IzFNSTGy3eHVyDTQ,1745030571231,429,Access limit reached,"{'error': 'Access limit reached', 'retry_after': '4 hours 48 minutes'}"
81,IzFNSTGy3eHVyDTQ,1745014473231,429,Access limit reached,"{'error': 'Access limit reached', 'retry_after': '4 hours 48 minutes'}"
81,IzFNSTGy3eHVyDTQ,1745062677231,429,Access limit reached,"{'error': 'Access limit reached', 'retry_after': '4 hours 48 minutes'}"
81,IzFNSTGy3eHVyDTQ,1745039438231,429,Access limit reached,"{'error': 'Access limit reached', 'retry_after': '4 hours 48 minutes'}"
81,IzFNSTGy3eHVyDTQ,1745050759231,429,Access limit reached,"{'error': 'Access limit reached', 'retry_after': '4 hours 48 minutes'}"
81,IzFNSTGy3eHVyDTQ,1745010877231,429,Access limit reached,"{'error': 'Access limit reached', 'retry_after': '4 hours 48 minutes'}"
81,IzFNSTGy3eHVyDTQ,1745014705231,429,Access limit reached,"{'error': 'Access limit reached', 'retry_after': '4 hours 48 minutes'}"
81,IzFNSTGy3eHVyDTQ,1745071180231,429,Access limit reached,"{'error': 'Access limit reached', 'retry_after': '4 hours 48 minutes'}"
81,IzFNSTGy3eHVyDTQ,1745072300231,429,Access limit reached,"{'error': 'Access limit reached', 'retry_after': '4 hours 48 minutes'}"
81,IzFNSTGy3eHVyDTQ,1745023426231,429,Access limit reached,"{'error': 'Access limit reached', 'retry_after': '4 hours 48 minutes'}"
81,IzFNSTGy3eHVyDTQ,1745053249231,429,Access limit reached,"{'error': 'Access limit reached', 'retry_after': '4 hours 48 minutes'}"
82,4YHYRv9IiZ7e2gos,1745059111231,429,Access limit reached,"{'error': 'Access limit reached', 'retry_after': '4 hours 45 minutes'}"
82,4YHYRv9IiZ7e2gos,1745051617231,429,Access limit reached,"{'error': 'Access limit reached', 'retry_after': '4 hours 45 minutes'}"
82,4YHYRv9IiZ7e2gos,1745061698231,429,Access limit reached,"{'error': 'Access limit reached', 'retry_after': '4 hours 45 minutes'}"
82,4YHYRv9IiZ7e2gos,1745078288231,429,Access limit reached,"{'error': 'Access limit reached', 'retry_after': '4 hours 45 minutes'}"
82,4YHYRv9IiZ7e2gos,1745042693231,429,Access limit reached,"{'error': 'Access limit reached', 'retry_after': '4 hours 45 minutes'}"
82,4YHYRv9IiZ7e2gos,1745037478231,429,Access limit reached,"{'error': 'Access limit reached', 'retry_after': '4 hours 45 minutes'}"
82,4YHYRv9IiZ7e2gos,1745044243231,429,Access limit reached,"{'error': 'Access limit reached', 'retry_after': '4 hours 45 minutes'}"
82,4YHYRv9IiZ7e2gos,1745029265231,429,Access limit reached,"{'error': 'Access limit reached', 'retry_after': '4 hours 45 minutes'}"
82,4YHYRv9IiZ7e2gos,1745043830231,429,Access limit reached,"{'error': 'Access limit reached', 'retry_after': '4 hours 45 minutes'}"
82,4YHYRv9IiZ7e2gos,1745011210231,429,Access limit reached,"{'error': 'Access limit reached', 'retry_after': '4 hours 45 minutes'}"
82,4YHYRv9IiZ7e2gos,1745007358231,429,Access limit reached,"{'error': 'Access limit reached', 'retry_after': '4 hours 45 minutes'}"
82,4YHYRv9IiZ7e2gos,1745009010231,429,Access limit reached,"{'error': 'Access limit reached', 'retry_after': '4 hours 45 minutes'}"
82,4YHYRv9IiZ7e2gos,1745070470231,429,Access limit reached,"{'error': 'Access limit reached', 'retry_after': '4 hours 45 minutes'}"
82,4YHYRv9IiZ7e2gos,1745021034231,429,Access limit reached,"{'error': 'Access limit reached', 'retry_after': '4 hours 45 minutes'}"
82,4YHYRv9IiZ7e2gos,1745028645231,429,Access limit reached,"{'error': 'Access limit reached', 'retry_after': '4 hours 45 minutes'}"
82,4YHYRv9IiZ7e2gos,1745056469231,429,Access limit reached,"{'error': 'Access limit reached', 'retry_after': '4 hours 45 minutes'}"
82,4YHYRv9IiZ7e2gos,1745049465231,429,Access limit reached,"{'error': 'Access limit reached', 'retry_after': '4 hours 45 minutes'}"
82,4YHYRv9IiZ7e2gos,1745008516231,429,Access limit reached,"{'error': 'Access limit reached', 'retry_after': '4 hours 45 minutes'}"
82,4YHYRv9IiZ7e2gos,1745049478231,429,Access limit reached,"{'error': 'Access limit reached', 'retry_after': '4 hours 45 minutes'}"
82,4YHYRv9IiZ7e2gos,1745064016231,429,Access limit reached,"{'error': 'Access limit reached', 'retry_after': '4 hours 45 minutes'}"
82,4YHYRv9IiZ7e2gos,1745058676231,429,Access limit reached,"{'error': 'Access limit reached', 'retry_after': '4 hours 45 minutes'}"
82,4YHYRv9IiZ7e2gos,1745023876231,429,Access limit reached,"{'error': 'Access limit reached', 'retry_after': '4 hours 45 minutes'}"
82,4YHYRv9IiZ7e2gos,1745012182231,429,Access limit reached,"{'error': 'Access limit reached', 'retry_after': '4 hours 45 minutes'}"
82,4YHYRv9IiZ7e2gos,1745011298231,429,Access limit reached,"{'error': 'Access limit reached', 'retry_after': '4 hours 45 minutes'}"
82,4YHYRv9IiZ7e2gos,1745012860231,429,Access limit reached,"{'error': 'Access limit reached', 'retry_after': '4 hours 45 minutes'}"
82,4YHYRv9IiZ7e2gos,1745019227231,429,Access limit reached,"{'error': 'Access limit reached', 'retry_after': '4 hours 45 minutes'}"
82,4YHYRv9IiZ7e2gos,1745047079231,429,Access limit reached,"{'error': 'Access limit reached', 'retry_after': '4 hours 45 minutes'}"
82,4YHYRv9IiZ7e2gos,1745078127231,429,Access limit reached,"{'error': 'Access limit reached', 'retry_after': '4 hours 45 minutes'}"
82,4YHYRv9IiZ7e2gos,1745025388231,429,Access limit reached,"{'error': 'Access limit reached', 'retry_after': '4 hours 45 minutes'}"
83,sZaWrwSAC0YhuHOq,1745032825231,429,Access limit reached,"{'error': 'Access limit reached', 'retry_after': '5 hours 3 minutes'}"
83,sZaWrwSAC0YhuHOq,1745069920231,429,Access limit reached,"{'error': 'Access limit reached', 'retry_after': '5 hours 3 minutes'}"
83,sZaWrwSAC0YhuHOq,1745063416231,429,Access limit reached,"{'error': 'Access limit reached', 'retry_after': '5 hours 3 minutes'}"
83,sZaWrwSAC0YhuHOq,1745014396231,429,Access limit reached,"{'error': 'Access limit reached', 'retry_after': '5 hours 3 minutes'}"
83,sZaWrwSAC0YhuHOq,1745038568231,429,Access limit reached,"{'error': 'Access limit reached', 'retry_after': '5 hours 3 minutes'}"
83,sZaWrwSAC0YhuHOq,1745066241231,429,Access limit reached,"{'error': 'Access limit reached', 'retry_after': '5 hours 3 minutes'}"
83,sZaWrwSAC0YhuHOq,1745049435231,429,Access limit reached,"{'error': 'Access limit reached', 'retry_after': '5 hours 3 minutes'}"
83,sZaWrwSAC0YhuHOq,1745059691231,429,Access limit reached,"{'error': 'Access limit reached', 'retry_after': '5 hours 3 minutes'}"
83,sZaWrwSAC0YhuHOq,1745039205231,429,Access limit reached,"{'error': 'Access limit reached', 'retry_after': '5 hours 3 minutes'}"
83,sZaWrwSAC0YhuHOq,1745077738231,429,Access limit reached,"{'error': 'Access limit reached', 'retry_after': '5 hours 3 minutes'}"
83,sZaWrwSAC0YhuHOq,1745051034231,429,Access limit reached,"{'error': 'Access limit reached', 'retry_after': '5 hours 3 minutes'}"
83,sZaWrwSAC0YhuHOq,1745047931231,429,Access limit reached,"{'error': 'Access limit reached', 'retry_after': '5 hours 2 minutes'}"
83,sZaWrwSAC0YhuHOq,1745076385231,429,Access limit reached,"{'error': 'Access limit reached', 'retry_after': '5 hours 2 minutes'}"
83,sZaWrwSAC0YhuHOq,1745021993231,429,Access limit reached,"{'error': 'Access limit reached', 'retry_after': '5 hours 2 minutes'}"
83,sZaWrwSAC0YhuHOq,1745048119231,429,Access limit reached,"{'error': 'Access limit reached', 'retry_after': '5 hours 2 minutes'}"
83,sZaWrwSAC0YhuHOq,1745020345231,429,Access limit reached,"{'error': 'Access limit reached', 'retry_after': '5 hours 2 minutes'}"
83,sZaWrwSAC0YhuHOq,1745068675231,429,Access limit reached,"{'error': 'Access limit reached', 'retry_after': '5 hours 2 minutes'}"
83,sZaWrwSAC0YhuHOq,1745026816231,429,Access limit reached,"{'error': 'Access limit reached', 'retry_after': '5 hours 2 minutes'}"
83,sZaWrwSAC0YhuHOq,1745059267231,429,Access limit reached,"{'error': 'Access limit reached', 'retry_after': '5 hours 2 minutes'}"
83,sZaWrwSAC0YhuHOq,1745047086231,429,Access limit reached,"{'error': 'Access limit reached', 'retry_after': '5 hours 2 minutes'}"
83,sZaWrwSAC0YhuHOq,1745039948231,429,Access limit reached,"{'error': 'Access limit reached', 'retry_after': '5 hours 2 minutes'}"
83,sZaWrwSAC0YhuHOq,1745061587231,429,Access limit reached,"{'error': 'Access limit reached', 'retry_after': '5 hours 2 minutes'}"
83,sZaWrwSAC0YhuHOq,1745029706231,429,Access limit reached,"{'error': 'Access limit reached', 'retry_after': '5 hours 2 minutes'}"
83,sZaWrwSAC0YhuHOq,1745070270231,429,Access limit reached,"{'error': 'Access limit reached', 'retry_after': '5 hours 2 minutes'}"
83,sZaWrwSAC0YhuHOq,1745045616231,429,Access limit reached,"{'error': 'Access limit reached', 'retry_after': '5 hours 2 minutes'}"
83,sZaWrwSAC0YhuHOq,1745030878231,429,Access limit reached,"{'error': 'Access limit reached', 'retry_after': '5 hours 2 minutes'}"
83,sZaWrwSAC0YhuHOq,1745014146231,429,Access limit reached,"{'error': 'Access limit reached', 'retry_after': '5 hours 2 minutes'}"
83,sZaWrwSAC0YhuHOq,1745065230231,429,Access limit reached,"{'error': 'Access limit reached', 'retry_after': '5 hours 2 minutes'}"
83,sZaWrwSAC0YhuHOq,1745057643231,429,Access limit reached,"{'error': 'Access limit reached', 'retry_after': '5 hours 2 minutes'}"
83,sZaWrwSAC0YhuHOq,1745044546231,429,Access limit reached,"{'error': 'Access limit reached', 'retry_after': '5 hours 2 minutes'}"
83,sZaWrwSAC0YhuHOq,1745031323231,429,Access limit reached,"{'error': 'Access limit reached', 'retry_after': '5 hours 2 minutes'}"
83,sZaWrwSAC0YhuHOq,1745014716231,429,Access limit reached,"{'error': 'Access limit reached', 'retry_after': '5 hours 2 minutes'}"
83,sZaWrwSAC0YhuHOq,1745014491231,429,Access limit reached,"{'error': 'Access limit reached', 'retry_after': '5 hours 2 minutes'}"
83,sZaWrwSAC0YhuHOq,1745054473231,429,Access limit reached,"{'error': 'Access limit reached', 'retry_after': '5 hours 2 minutes'}"
83,sZaWrwSAC0YhuHOq,1745073199231,429,Access limit reached,"{'error': 'Access limit reached', 'retry_after': '5 hours 2 minutes'}"
83,sZaWrwSAC0YhuHOq,1745068744231,429,Access limit reached,"{'error': 'Access limit reached', 'retry_after': '5 hours 2 minutes'}"
84,och15Vm379Xa1g1Q,1745016177231,429,Access limit reached,"{'error': 'Access limit reached', 'retry_after': '4 hours 58 minutes'}"
84,och15Vm379Xa1g1Q,1745044562231,429,Access limit reached,"{'error': 'Access limit reached', 'retry_after': '4 hours 58 minutes'}"
84,och15Vm379Xa1g1Q,1745068404231,429,Access limit reached,"{'error': 'Access limit reached', 'retry_after': '4 hours 58 minutes'}"
84,och15Vm379Xa1g1Q,1745029802231,429,Access limit reached,"{'error': 'Access limit reached', 'retry_after': '4 hours 58 minutes'}"
84,och15Vm379Xa1g1Q,1745049640231,429,Access limit reached,"{'error': 'Access limit reached', 'retry_after': '4 hours 58 minutes'}"
84,och15Vm379Xa1g1Q,1745009359231,429,Access limit reached,"{'error': 'Access limit reached', 'retry_after': '4 hours 58 minutes'}"
84,och15Vm379Xa1g1Q,1745037706231,429,Access limit reached,"{'error': 'Access limit reached', 'retry_after': '4 hours 58 minutes'}"
84,och15Vm379Xa1g1Q,1745052372231,429,Access limit reached,"{'error': 'Access limit reached', 'retry_after': '4 hours 58 minutes'}"
84,och15Vm379Xa1g1Q,1745052346231,429,Access limit reached,"{'error': 'Access limit reached', 'retry_after': '4 hours 58 minutes'}"
84,och15Vm379Xa1g1Q,1745030829231,429,Access limit reached,"{'error': 'Access limit reached', 'retry_after': '4 hours 58 minutes'}"
84,och15Vm379Xa1g1Q,1745078998231,429,Access limit reached,"{'error': 'Access limit reached', 'retry_after': '4 hours 58 minutes'}"
84,och15Vm379Xa1g1Q,1745021411231,429,Access limit reached,"{'error': 'Access limit reached', 'retry_after': '4 hours 58 minutes'}"
84,och15Vm379Xa1g1Q,1745056809231,429,Access limit reached,"{'error': 'Access limit reached', 'retry_after': '4 hours 58 minutes'}"
84,och15Vm379Xa1g1Q,1745064357231,429,Access limit reached,"{'error': 'Access limit reached', 'retry_after': '4 hours 58 minutes'}"
84,och15Vm379Xa1g1Q,1745016931231,429,Access limit reached,"{'error': 'Access limit reached', 'retry_after': '4 hours 58 minutes'}"
84,och15Vm379Xa1g1Q,1745048554231,429,Access limit reached,"{'error': 'Access limit reached', 'retry_after': '4 hours 58 minutes'}"
84,och15Vm379Xa1g1Q,1745012986231,429,Access limit reached,"{'error': 'Access limit reached', 'retry_after': '4 hours 58 minutes'}"
84,och15Vm379Xa1g1Q,1745028145231,429,Access limit reached,"{'error': 'Access limit reached', 'retry_after': '4 hours 58 minutes'}"
84,och15Vm379Xa1g1Q,1745069617231,429,Access limit reached,"{'error': 'Access limit reached', 'retry_after': '4 hours 58 minutes'}"
84,och15Vm379Xa1g1Q,1745017483231,429,Access limit reached,"{'error': 'Access limit reached', 'retry_after': '4 hours 58 minutes'}"
84,och15Vm379Xa1g1Q,1745032667231,429,Access limit reached,"{'error': 'Access limit reached', 'retry_after': '4 hours 58 minutes'}"
84,och15Vm379Xa1g1Q,1745017293231,429,Access limit reached,"{'error': 'Access limit reached', 'retry_after': '4 hours 58 minutes'}"
84,och15Vm379Xa1g1Q,1745018797231,429,Access limit reached,"{'error': 'Access limit reached', 'retry_after': '4 hours 58 minutes'}"
84,och15Vm379Xa1g1Q,1745011081231,429,Access limit reached,"{'error': 'Access limit reached', 'retry_after': '4 hours 58 minutes'}"
84,och15Vm379Xa1g1Q,1745049894231,429,Access limit reached,"{'error': 'Access limit reached', 'retry_after': '4 hours 58 minutes'}"
84,och15Vm379Xa1g1Q,1745040222231,429,Access limit reached,"{'error': 'Access limit reached', 'retry_after': '4 hours 58 minutes'}"
84,och15Vm379Xa1g1Q,1745045703231,429,Access limit reached,"{'error': 'Access limit reached', 'retry_after': '4 hours 58 minutes'}"
84,och15Vm379Xa1g1Q,1745014191231,429,Access limit reached,"{'error': 'Access limit reached', 'retry_after': '4 hours 58 minutes'}"
84,och15Vm379Xa1g1Q,1745054370231,429,Access limit reached,"{'error': 'Access limit reached', 'retry_after': '4 hours 58 minutes'}"
84,och15Vm379Xa1g1Q,1745013828231,429,Access limit reached,"{'error': 'Access limit reached', 'retry_after': '4 hours 58 minutes'}"
84,och15Vm379Xa1g1Q,1745039649231,429,Access limit reached,"{'error': 'Access limit reached', 'retry_after': '4 hours 58 minutes'}"
84,och15Vm379Xa1g1Q,1745046737231,429,Access limit reached,"{'error': 'Access limit reached', 'retry_after': '4 hours 58 minutes'}"
84,och15Vm379Xa1g1Q,1745068512231,429,Access limit reached,"{'error': 'Access limit reached', 'retry_after': '4 hours 58 minutes'}"
84,och15Vm379Xa1g1Q,1745055206231,429,Access limit reached,"{'error': 'Access limit reached', 'retry_after': '4 hours 58 minutes'}"
84,och15Vm379Xa1g1Q,1745012800231,429,Access limit reached,"{'error': 'Access limit reached', 'retry_after': '4 hours 58 minutes'}"
84,och15Vm379Xa1g1Q,1745017768231,429,Access limit reached,"{'error': 'Access limit reached', 'retry_after': '4 hours 58 minutes'}"
84,och15Vm379Xa1g1Q,1745060430231,429,Access limit reached,"{'error': 'Access limit reached', 'retry_after': '4 hours 58 minutes'}"
84,och15Vm379Xa1g1Q,1745049451231,429,Access limit reached,"{'error': 'Access limit reached', 'retry_after': '4 hours 58 minutes'}"
84,och15Vm379Xa1g1Q,1745053278231,429,Access limit reached,"{'error': 'Access limit reached', 'retry_after': '4 hours 58 minutes'}"
84,och15Vm379Xa1g1Q,1745036581231,429,Access limit reached,"{'error': 'Access limit reached', 'retry_after': '4 hours 58 minutes'}"
84,och15Vm379Xa1g1Q,1745028741231,429,Access limit reached,"{'error': 'Access limit reached', 'retry_after': '4 hours 58 minutes'}"
85,h94anv2bwU2NJJkA,1745030296231,429,Access limit reached,"{'error': 'Access limit reached', 'retry_after': '6 hours 55 minutes'}"
85,h94anv2bwU2NJJkA,1745013879231,429,Access limit reached,"{'error': 'Access limit reached', 'retry_after': '6 hours 55 minutes'}"
85,h94anv2bwU2NJJkA,1745042880231,429,Access limit reached,"{'error': 'Access limit reached', 'retry_after': '6 hours 55 minutes'}"
85,h94anv2bwU2NJJkA,1745011434231,429,Access limit reached,"{'error': 'Access limit reached', 'retry_after': '6 hours 55 minutes'}"
85,h94anv2bwU2NJJkA,1745071200231,429,Access limit reached,"{'error': 'Access limit reached', 'retry_after': '6 hours 55 minutes'}"
85,h94anv2bwU2NJJkA,1745064057231,429,Access limit reached,"{'error': 'Access limit reached', 'retry_after': '6 hours 55 minutes'}"
85,h94anv2bwU2NJJkA,1745065027231,429,Access limit reached,"{'error': 'Access limit reached', 'retry_after': '6 hours 55 minutes'}"
85,h94anv2bwU2NJJkA,1745065513231,429,Access limit reached,"{'error': 'Access limit reached', 'retry_after': '6 hours 55 minutes'}"
85,h94anv2bwU2NJJkA,1745017882231,429,Access limit reached,"{'error': 'Access limit reached', 'retry_after': '6 hours 55 minutes'}"
85,h94anv2bwU2NJJkA,1745019461231,429,Access limit reached,"{'error': 'Access limit reached', 'retry_after': '6 hours 55 minutes'}"
85,h94anv2bwU2NJJkA,1745066618231,429,Access limit reached,"{'error': 'Access limit reached', 'retry_after': '6 hours 55 minutes'}"
85,h94anv2bwU2NJJkA,1745055958231,429,Access limit reached,"{'error': 'Access limit reached', 'retry_after': '6 hours 55 minutes'}"
85,h94anv2bwU2NJJkA,1745015811231,429,Access limit reached,"{'error': 'Access limit reached', 'retry_after': '6 hours 55 minutes'}"
85,h94anv2bwU2NJJkA,1745026649231,429,Access limit reached,"{'error': 'Access limit reached', 'retry_after': '6 hours 55 minutes'}"
85,h94anv2bwU2NJJkA,1745075540231,429,Access limit reached,"{'error': 'Access limit reached', 'retry_after': '6 hours 55 minutes'}"
85,h94anv2bwU2NJJkA,1745064655231,429,Access limit reached,"{'error': 'Access limit reached', 'retry_after': '6 hours 55 minutes'}"
85,h94anv2bwU2NJJkA,1745067915231,429,Access limit reached,"{'error': 'Access limit reached', 'retry_after': '6 hours 55 minutes'}"
85,h94anv2bwU2NJJkA,1745055386231,429,Access limit reached,"{'error': 'Access limit reached', 'retry_after': '6 hours 55 minutes'}"
85,h94anv2bwU2NJJkA,1745069729231,429,Access limit reached,"{'error': 'Access limit reached', 'retry_after': '6 hours 55 minutes'}"
85,h94anv2bwU2NJJkA,1745037101231,429,Access limit reached,"{'error': 'Access limit reached', 'retry_after': '6 hours 55 minutes'}"
85,h94anv2bwU2NJJkA,1745070274231,429,Access limit reached,"{'error': 'Access limit reached', 'retry_after': '6 hours 55 minutes'}"
85,h94anv2bwU2NJJkA,1745049273231,429,Access limit reached,"{'error': 'Access limit reached', 'retry_after': '6 hours 55 minutes'}"
85,h94anv2bwU2NJJkA,1745047990231,429,Access limit reached,"{'error': 'Access limit reached', 'retry_after': '6 hours 55 minutes'}"
85,h94anv2bwU2NJJkA,1745039280231,429,Access limit reached,"{'error': 'Access limit reached', 'retry_after': '6 hours 55 minutes'}"
85,h94anv2bwU2NJJkA,1745054564231,429,Access limit reached,"{'error': 'Access limit reached', 'retry_after': '6 hours 55 minutes'}"
85,h94anv2bwU2NJJkA,1745041841231,429,Access limit reached,"{'error': 'Access limit reached', 'retry_after': '6 hours 55 minutes'}"
85,h94anv2bwU2NJJkA,1745046939231,429,Access limit reached,"{'error': 'Access limit reached', 'retry_after': '6 hours 55 minutes'}"
86,3nBKrhW1fBAghtFJ,1745071273231,429,Access limit reached,"{'error': 'Access limit reached', 'retry_after': '4 hours 57 minutes'}"
86,3nBKrhW1fBAghtFJ,1745064427231,429,Access limit reached,"{'error': 'Access limit reached', 'retry_after': '4 hours 57 minutes'}"
86,3nBKrhW1fBAghtFJ,1745035141231,429,Access limit reached,"{'error': 'Access limit reached', 'retry_after': '4 hours 57 minutes'}"
86,3nBKrhW1fBAghtFJ,1745065310231,429,Access limit reached,"{'error': 'Access limit reached', 'retry_after': '4 hours 57 minutes'}"
86,3nBKrhW1fBAghtFJ,1745013465231,429,Access limit reached,"{'error': 'Access limit reached', 'retry_after': '4 hours 57 minutes'}"
86,3nBKrhW1fBAghtFJ,1745072762231,429,Access limit reached,"{'error': 'Access limit reached', 'retry_after': '4 hours 57 minutes'}"
86,3nBKrhW1fBAghtFJ,1745070835231,429,Access limit reached,"{'error': 'Access limit reached', 'retry_after': '4 hours 57 minutes'}"
86,3nBKrhW1fBAghtFJ,1745046229231,429,Access limit reached,"{'error': 'Access limit reached', 'retry_after': '4 hours 57 minutes'}"
86,3nBKrhW1fBAghtFJ,1745068269231,429,Access limit reached,"{'error': 'Access limit reached', 'retry_after': '4 hours 57 minutes'}"
86,3nBKrhW1fBAghtFJ,1745019859231,429,Access limit reached,"{'error': 'Access limit reached', 'retry_after': '4 hours 57 minutes'}"
86,3nBKrhW1fBAghtFJ,1745041687231,429,Access limit reached,"{'error': 'Access limit reached', 'retry_after': '4 hours 57 minutes'}"
86,3nBKrhW1fBAghtFJ,1745036492231,429,Access limit reached,"{'error': 'Access limit reached', 'retry_after': '4 hours 57 minutes'}"
86,3nBKrhW1fBAghtFJ,1745048594231,429,Access limit reached,"{'error': 'Access limit reached', 'retry_after': '4 hours 57 minutes'}"
86,3nBKrhW1fBAghtFJ,1745039197231,429,Access limit reached,"{'error': 'Access limit reached', 'retry_after': '4 hours 57 minutes'}"
86,3nBKrhW1fBAghtFJ,1745016023231,429,Access limit reached,"{'error': 'Access limit reached', 'retry_after': '4 hours 57 minutes'}"
86,3nBKrhW1fBAghtFJ,1745046186231,429,Access limit reached,"{'error': 'Access limit reached', 'retry_after': '4 hours 57 minutes'}"
86,3nBKrhW1fBAghtFJ,1745033756231,429,Access limit reached,"{'error': 'Access limit reached', 'retry_after': '4 hours 57 minutes'}"
86,3nBKrhW1fBAghtFJ,1745037404231,429,Access limit reached,"{'error': 'Access limit reached', 'retry_after': '4 hours 57 minutes'}"
86,3nBKrhW1fBAghtFJ,1745043497231,429,Access limit reached,"{'error': 'Access limit reached', 'retry_after': '4 hours 57 minutes'}"
86,3nBKrhW1fBAghtFJ,1745012744231,429,Access limit reached,"{'error': 'Access limit reached', 'retry_after': '4 hours 57 minutes'}"
86,3nBKrhW1fBAghtFJ,1745029860231,429,Access limit reached,"{'error': 'Access limit reached', 'retry_after': '4 hours 57 minutes'}"
86,3nBKrhW1fBAghtFJ,1745039940231,429,Access limit reached,"{'error': 'Access limit reached', 'retry_after': '4 hours 57 minutes'}"
86,3nBKrhW1fBAghtFJ,1745040641231,429,Access limit reached,"{'error': 'Access limit reached', 'retry_after': '4 hours 57 minutes'}"
86,3nBKrhW1fBAghtFJ,1745042255231,429,Access limit reached,"{'error': 'Access limit reached', 'retry_after': '4 hours 57 minutes'}"
86,3nBKrhW1fBAghtFJ,1745032520231,429,Access limit reached,"{'error': 'Access limit reached', 'retry_after': '4 hours 57 minutes'}"
86,3nBKrhW1fBAghtFJ,1745078464231,429,Access limit reached,"{'error': 'Access limit reached', 'retry_after': '4 hours 57 minutes'}"
86,3nBKrhW1fBAghtFJ,1745027319231,429,Access limit reached,"{'error': 'Access limit reached', 'retry_after': '4 hours 57 minutes'}"
86,3nBKrhW1fBAghtFJ,1745053968231,429,Access limit reached,"{'error': 'Access limit reached', 'retry_after': '4 hours 57 minutes'}"
86,3nBKrhW1fBAghtFJ,1745064757231,429,Access limit reached,"{'error': 'Access limit reached', 'retry_after': '4 hours 57 minutes'}"
86,3nBKrhW1fBAghtFJ,1745009954231,429,Access limit reached,"{'error': 'Access limit reached', 'retry_after': '4 hours 57 minutes'}"
87,h94anv2bwU2NJJkA,1745056830231,429,Access limit reached,"{'error': 'Access limit reached', 'retry_after': '6 hours 55 minutes'}"
87,h94anv2bwU2NJJkA,1745051266231,429,Access limit reached,"{'error': 'Access limit reached', 'retry_after': '6 hours 55 minutes'}"
87,h94anv2bwU2NJJkA,1745013402231,429,Access limit reached,"{'error': 'Access limit reached', 'retry_after': '6 hours 55 minutes'}"
87,h94anv2bwU2NJJkA,1745059788231,429,Access limit reached,"{'error': 'Access limit reached', 'retry_after': '6 hours 55 minutes'}"
87,h94anv2bwU2NJJkA,1745072595231,429,Access limit reached,"{'error': 'Access limit reached', 'retry_after': '6 hours 55 minutes'}"
87,h94anv2bwU2NJJkA,1745061426231,429,Access limit reached,"{'error': 'Access limit reached', 'retry_after': '6 hours 55 minutes'}"
87,h94anv2bwU2NJJkA,1745041943231,429,Access limit reached,"{'error': 'Access limit reached', 'retry_after': '6 hours 55 minutes'}"
87,h94anv2bwU2NJJkA,1745007957231,429,Access limit reached,"{'error': 'Access limit reached', 'retry_after': '6 hours 55 minutes'}"
87,h94anv2bwU2NJJkA,1745077721231,429,Access limit reached,"{'error': 'Access limit reached', 'retry_after': '6 hours 55 minutes'}"
87,h94anv2bwU2NJJkA,1745043863231,429,Access limit reached,"{'error': 'Access limit reached', 'retry_after': '6 hours 55 minutes'}"
87,h94anv2bwU2NJJkA,1745034893231,429,Access limit reached,"{'error': 'Access limit reached', 'retry_after': '6 hours 55 minutes'}"
87,h94anv2bwU2NJJkA,1745058646231,429,Access limit reached,"{'error': 'Access limit reached', 'retry_after': '6 hours 55 minutes'}"
87,h94anv2bwU2NJJkA,1745031432231,429,Access limit reached,"{'error': 'Access limit reached', 'retry_after': '6 hours 55 minutes'}"
87,h94anv2bwU2NJJkA,1745057616231,429,Access limit reached,"{'error': 'Access limit reached', 'retry_after': '6 hours 55 minutes'}"
87,h94anv2bwU2NJJkA,1745064056231,429,Access limit reached,"{'error': 'Access limit reached', 'retry_after': '6 hours 55 minutes'}"
87,h94anv2bwU2NJJkA,1745017000231,429,Access limit reached,"{'error': 'Access limit reached', 'retry_after': '6 hours 55 minutes'}"
87,h94anv2bwU2NJJkA,1745015754231,429,Access limit reached,"{'error': 'Access limit reached', 'retry_after': '6 hours 55 minutes'}"
87,h94anv2bwU2NJJkA,1745029235231,429,Access limit reached,"{'error': 'Access limit reached', 'retry_after': '6 hours 55 minutes'}"
87,h94anv2bwU2NJJkA,1745067632231,429,Access limit reached,"{'error': 'Access limit reached', 'retry_after': '6 hours 55 minutes'}"
87,h94anv2bwU2NJJkA,1745048070231,429,Access limit reached,"{'error': 'Access limit reached', 'retry_after': '6 hours 55 minutes'}"
87,h94anv2bwU2NJJkA,1745066002231,429,Access limit reached,"{'error': 'Access limit reached', 'retry_after': '6 hours 55 minutes'}"
87,h94anv2bwU2NJJkA,1745039021231,429,Access limit reached,"{'error': 'Access limit reached', 'retry_after': '6 hours 55 minutes'}"
87,h94anv2bwU2NJJkA,1745008311231,429,Access limit reached,"{'error': 'Access limit reached', 'retry_after': '6 hours 55 minutes'}"
87,h94anv2bwU2NJJkA,1745056035231,429,Access limit reached,"{'error': 'Access limit reached', 'retry_after': '6 hours 55 minutes'}"
87,h94anv2bwU2NJJkA,1745011612231,429,Access limit reached,"{'error': 'Access limit reached', 'retry_after': '6 hours 55 minutes'}"
87,h94anv2bwU2NJJkA,1745038548231,429,Access limit reached,"{'error': 'Access limit reached', 'retry_after': '6 hours 55 minutes'}"
87,h94anv2bwU2NJJkA,1745022475231,429,Access limit reached,"{'error': 'Access limit reached', 'retry_after': '6 hours 55 minutes'}"
87,h94anv2bwU2NJJkA,1745031917231,429,Access limit reached,"{'error': 'Access limit reached', 'retry_after': '6 hours 55 minutes'}"
88,3nBKrhW1fBAghtFJ,1745034206231,429,Access limit reached,"{'error': 'Access limit reached', 'retry_after': '4 hours 57 minutes'}"
88,3nBKrhW1fBAghtFJ,1745017616231,429,Access limit reached,"{'error': 'Access limit reached', 'retry_after': '4 hours 57 minutes'}"
88,3nBKrhW1fBAghtFJ,1745025493231,429,Access limit reached,"{'error': 'Access limit reached', 'retry_after': '4 hours 57 minutes'}"
88,3nBKrhW1fBAghtFJ,1745022848231,429,Access limit reached,"{'error': 'Access limit reached', 'retry_after': '4 hours 57 minutes'}"
88,3nBKrhW1fBAghtFJ,1745020465231,429,Access limit reached,"{'error': 'Access limit reached', 'retry_after': '4 hours 57 minutes'}"
88,3nBKrhW1fBAghtFJ,1745059765231,429,Access limit reached,"{'error': 'Access limit reached', 'retry_after': '4 hours 57 minutes'}"
88,3nBKrhW1fBAghtFJ,1745038393231,429,Access limit reached,"{'error': 'Access limit reached', 'retry_after': '4 hours 57 minutes'}"
88,3nBKrhW1fBAghtFJ,1745053848231,429,Access limit reached,"{'error': 'Access limit reached', 'retry_after': '4 hours 57 minutes'}"
88,3nBKrhW1fBAghtFJ,1745071799231,429,Access limit reached,"{'error': 'Access limit reached', 'retry_after': '4 hours 57 minutes'}"
88,3nBKrhW1fBAghtFJ,1745075945231,429,Access limit reached,"{'error': 'Access limit reached', 'retry_after': '4 hours 57 minutes'}"
88,3nBKrhW1fBAghtFJ,1745023072231,429,Access limit reached,"{'error': 'Access limit reached', 'retry_after': '4 hours 57 minutes'}"
88,3nBKrhW1fBAghtFJ,1745078816231,429,Access limit reached,"{'error': 'Access limit reached', 'retry_after': '4 hours 57 minutes'}"
88,3nBKrhW1fBAghtFJ,1745066330231,429,Access limit reached,"{'error': 'Access limit reached', 'retry_after': '4 hours 57 minutes'}"
88,3nBKrhW1fBAghtFJ,1745054612231,429,Access limit reached,"{'error': 'Access limit reached', 'retry_after': '4 hours 57 minutes'}"
88,3nBKrhW1fBAghtFJ,1745034176231,429,Access limit reached,"{'error': 'Access limit reached', 'retry_after': '4 hours 57 minutes'}"
88,3nBKrhW1fBAghtFJ,1745073012231,429,Access limit reached,"{'error': 'Access limit reached', 'retry_after': '4 hours 57 minutes'}"
88,3nBKrhW1fBAghtFJ,1745019101231,429,Access limit reached,"{'error': 'Access limit reached', 'retry_after': '4 hours 57 minutes'}"
88,3nBKrhW1fBAghtFJ,1745035573231,429,Access limit reached,"{'error': 'Access limit reached', 'retry_after': '4 hours 57 minutes'}"
88,3nBKrhW1fBAghtFJ,1745013877231,429,Access limit reached,"{'error': 'Access limit reached', 'retry_after': '4 hours 57 minutes'}"
88,3nBKrhW1fBAghtFJ,1745022164231,429,Access limit reached,"{'error': 'Access limit reached', 'retry_after': '4 hours 57 minutes'}"
88,3nBKrhW1fBAghtFJ,1745043362231,429,Access limit reached,"{'error': 'Access limit reached', 'retry_after': '4 hours 57 minutes'}"
88,3nBKrhW1fBAghtFJ,1745070446231,429,Access limit reached,"{'error': 'Access limit reached', 'retry_after': '4 hours 57 minutes'}"
88,3nBKrhW1fBAghtFJ,1745030618231,429,Access limit reached,"{'error': 'Access limit reached', 'retry_after': '4 hours 57 minutes'}"
88,3nBKrhW1fBAghtFJ,1745027238231,429,Access limit reached,"{'error': 'Access limit reached', 'retry_after': '4 hours 56 minutes'}"
88,3nBKrhW1fBAghtFJ,1745027507231,429,Access limit reached,"{'error': 'Access limit reached', 'retry_after': '4 hours 56 minutes'}"
88,3nBKrhW1fBAghtFJ,1745052137231,429,Access limit reached,"{'error': 'Access limit reached', 'retry_after': '4 hours 56 minutes'}"
88,3nBKrhW1fBAghtFJ,1745017416231,429,Access limit reached,"{'error': 'Access limit reached', 'retry_after': '4 hours 56 minutes'}"
88,3nBKrhW1fBAghtFJ,1745062220231,429,Access limit reached,"{'error': 'Access limit reached', 'retry_after': '4 hours 56 minutes'}"
88,3nBKrhW1fBAghtFJ,1745077820231,429,Access limit reached,"{'error': 'Access limit reached', 'retry_after': '4 hours 56 minutes'}"
88,3nBKrhW1fBAghtFJ,1745028806231,429,Access limit reached,"{'error': 'Access limit reached', 'retry_after': '4 hours 56 minutes'}"
88,3nBKrhW1fBAghtFJ,1745042642231,429,Access limit reached,"{'error': 'Access limit reached', 'retry_after': '4 hours 56 minutes'}"
89,XxbRFGNYZnZSAQYX,1745013105231,429,Access limit reached,"{'error': 'Access limit reached', 'retry_after': '4 hours 53 minutes'}"
89,XxbRFGNYZnZSAQYX,1745021042231,429,Access limit reached,"{'error': 'Access limit reached', 'retry_after': '4 hours 53 minutes'}"
89,XxbRFGNYZnZSAQYX,1745058160231,429,Access limit reached,"{'error': 'Access limit reached', 'retry_after': '4 hours 53 minutes'}"
89,XxbRFGNYZnZSAQYX,1745062721231,429,Access limit reached,"{'error': 'Access limit reached', 'retry_after': '4 hours 53 minutes'}"
89,XxbRFGNYZnZSAQYX,1745067720231,429,Access limit reached,"{'error': 'Access limit reached', 'retry_after': '4 hours 53 minutes'}"
89,XxbRFGNYZnZSAQYX,1745060144231,429,Access limit reached,"{'error': 'Access limit reached', 'retry_after': '4 hours 53 minutes'}"
89,XxbRFGNYZnZSAQYX,1745058489231,429,Access limit reached,"{'error': 'Access limit reached', 'retry_after': '4 hours 53 minutes'}"
89,XxbRFGNYZnZSAQYX,1745058323231,429,Access limit reached,"{'error': 'Access limit reached', 'retry_after': '4 hours 53 minutes'}"
89,XxbRFGNYZnZSAQYX,1745011053231,429,Access limit reached,"{'error': 'Access limit reached', 'retry_after': '4 hours 53 minutes'}"
89,XxbRFGNYZnZSAQYX,1745011584231,429,Access limit reached,"{'error': 'Access limit reached', 'retry_after': '4 hours 53 minutes'}"
89,XxbRFGNYZnZSAQYX,1745068753231,429,Access limit reached,"{'error': 'Access limit reached', 'retry_after': '4 hours 53 minutes'}"
89,XxbRFGNYZnZSAQYX,1745011544231,429,Access limit reached,"{'error': 'Access limit reached', 'retry_after': '4 hours 53 minutes'}"
89,XxbRFGNYZnZSAQYX,1745025182231,429,Access limit reached,"{'error': 'Access limit reached', 'retry_after': '4 hours 53 minutes'}"
89,XxbRFGNYZnZSAQYX,1745048079231,429,Access limit reached,"{'error': 'Access limit reached', 'retry_after': '4 hours 53 minutes'}"
89,XxbRFGNYZnZSAQYX,1745044887231,429,Access limit reached,"{'error': 'Access limit reached', 'retry_after': '4 hours 53 minutes'}"
89,XxbRFGNYZnZSAQYX,1745031695231,429,Access limit reached,"{'error': 'Access limit reached', 'retry_after': '4 hours 53 minutes'}"
89,XxbRFGNYZnZSAQYX,1745023850231,429,Access limit reached,"{'error': 'Access limit reached', 'retry_after': '4 hours 53 minutes'}"
89,XxbRFGNYZnZSAQYX,1745030649231,429,Access limit reached,"{'error': 'Access limit reached', 'retry_after': '4 hours 53 minutes'}"
89,XxbRFGNYZnZSAQYX,1745025553231,429,Access limit reached,"{'error': 'Access limit reached', 'retry_after': '4 hours 53 minutes'}"
89,XxbRFGNYZnZSAQYX,1745021038231,429,Access limit reached,"{'error': 'Access limit reached', 'retry_after': '4 hours 53 minutes'}"
89,XxbRFGNYZnZSAQYX,1745039498231,429,Access limit reached,"{'error': 'Access limit reached', 'retry_after': '4 hours 53 minutes'}"
89,XxbRFGNYZnZSAQYX,1745013906231,429,Access limit reached,"{'error': 'Access limit reached', 'retry_after': '4 hours 53 minutes'}"
89,XxbRFGNYZnZSAQYX,1745028254231,429,Access limit reached,"{'error': 'Access limit reached', 'retry_after': '4 hours 53 minutes'}"
89,XxbRFGNYZnZSAQYX,1745054032231,429,Access limit reached,"{'error': 'Access limit reached', 'retry_after': '4 hours 53 minutes'}"
89,XxbRFGNYZnZSAQYX,1745058031231,429,Access limit reached,"{'error': 'Access limit reached', 'retry_after': '4 hours 53 minutes'}"
89,XxbRFGNYZnZSAQYX,1745011874231,429,Access limit reached,"{'error': 'Access limit reached', 'retry_after': '4 hours 53 minutes'}"
89,XxbRFGNYZnZSAQYX,1745025322231,429,Access limit reached,"{'error': 'Access limit reached', 'retry_after': '4 hours 53 minutes'}"
89,XxbRFGNYZnZSAQYX,1745039642231,429,Access limit reached,"{'error': 'Access limit reached', 'retry_after': '4 hours 53 minutes'}"
89,XxbRFGNYZnZSAQYX,1745045469231,429,Access limit reached,"{'error': 'Access limit reached', 'retry_after': '4 hours 53 minutes'}"
89,XxbRFGNYZnZSAQYX,1745049908231,429,Access limit reached,"{'error': 'Access limit reached', 'retry_after': '4 hours 53 minutes'}"
89,XxbRFGNYZnZSAQYX,1745077697231,429,Access limit reached,"{'error': 'Access limit reached', 'retry_after': '4 hours 53 minutes'}"
89,XxbRFGNYZnZSAQYX,1745030309231,429,Access limit reached,"{'error': 'Access limit reached', 'retry_after': '4 hours 53 minutes'}"
89,XxbRFGNYZnZSAQYX,1745030795231,429,Access limit reached,"{'error': 'Access limit reached', 'retry_after': '4 hours 53 minutes'}"
89,XxbRFGNYZnZSAQYX,1745038091231,429,Access limit reached,"{'error': 'Access limit reached', 'retry_after': '4 hours 53 minutes'}"
89,XxbRFGNYZnZSAQYX,1745011874231,429,Access limit reached,"{'error': 'Access limit reached', 'retry_after': '4 hours 53 minutes'}"
89,XxbRFGNYZnZSAQYX,1745016263231,429,Access limit reached,"{'error': 'Access limit reached', 'retry_after': '4 hours 53 minutes'}"
89,XxbRFGNYZnZSAQYX,1745076985231,429,Access limit reached,"{'error': 'Access limit reached', 'retry_after': '4 hours 53 minutes'}"
89,XxbRFGNYZnZSAQYX,1745061765231,429,Access limit reached,"{'error': 'Access limit reached', 'retry_after': '4 hours 53 minutes'}"
89,XxbRFGNYZnZSAQYX,1745026126231,429,Access limit reached,"{'error': 'Access limit reached', 'retry_after': '4 hours 53 minutes'}"
90,XxbRFGNYZnZSAQYX,1745065764231,429,Access limit reached,"{'error': 'Access limit reached', 'retry_after': '4 hours 53 minutes'}"
90,XxbRFGNYZnZSAQYX,1745055254231,429,Access limit reached,"{'error': 'Access limit reached', 'retry_after': '4 hours 53 minutes'}"
90,XxbRFGNYZnZSAQYX,1745068519231,429,Access limit reached,"{'error': 'Access limit reached', 'retry_after': '4 hours 53 minutes'}"
90,XxbRFGNYZnZSAQYX,1745034997231,429,Access limit reached,"{'error': 'Access limit reached', 'retry_after': '4 hours 53 minutes'}"
90,XxbRFGNYZnZSAQYX,1745050641231,429,Access limit reached,"{'error': 'Access limit reached', 'retry_after': '4 hours 53 minutes'}"
90,XxbRFGNYZnZSAQYX,1745077339231,429,Access limit reached,"{'error': 'Access limit reached', 'retry_after': '4 hours 53 minutes'}"
90,XxbRFGNYZnZSAQYX,1745075557231,429,Access limit reached,"{'error': 'Access limit reached', 'retry_after': '4 hours 53 minutes'}"
90,XxbRFGNYZnZSAQYX,1745017947231,429,Access limit reached,"{'error': 'Access limit reached', 'retry_after': '4 hours 53 minutes'}"
90,XxbRFGNYZnZSAQYX,1745015417231,429,Access limit reached,"{'error': 'Access limit reached', 'retry_after': '4 hours 53 minutes'}"
90,XxbRFGNYZnZSAQYX,1745077011231,429,Access limit reached,"{'error': 'Access limit reached', 'retry_after': '4 hours 53 minutes'}"
90,XxbRFGNYZnZSAQYX,1745041675231,429,Access limit reached,"{'error': 'Access limit reached', 'retry_after': '4 hours 53 minutes'}"
90,XxbRFGNYZnZSAQYX,1745077817231,429,Access limit reached,"{'error': 'Access limit reached', 'retry_after': '4 hours 53 minutes'}"
90,XxbRFGNYZnZSAQYX,1745014290231,429,Access limit reached,"{'error': 'Access limit reached', 'retry_after': '4 hours 53 minutes'}"
90,XxbRFGNYZnZSAQYX,1745011491231,429,Access limit reached,"{'error': 'Access limit reached', 'retry_after': '4 hours 53 minutes'}"
90,XxbRFGNYZnZSAQYX,1745047895231,429,Access limit reached,"{'error': 'Access limit reached', 'retry_after': '4 hours 53 minutes'}"
90,XxbRFGNYZnZSAQYX,1745070580231,429,Access limit reached,"{'error': 'Access limit reached', 'retry_after': '4 hours 53 minutes'}"
90,XxbRFGNYZnZSAQYX,1745062776231,429,Access limit reached,"{'error': 'Access limit reached', 'retry_after': '4 hours 53 minutes'}"
90,XxbRFGNYZnZSAQYX,1745012629231,429,Access limit reached,"{'error': 'Access limit reached', 'retry_after': '4 hours 53 minutes'}"
90,XxbRFGNYZnZSAQYX,1745027953231,429,Access limit reached,"{'error': 'Access limit reached', 'retry_after': '4 hours 53 minutes'}"
90,XxbRFGNYZnZSAQYX,1745054407231,429,Access limit reached,"{'error': 'Access limit reached', 'retry_after': '4 hours 53 minutes'}"
90,XxbRFGNYZnZSAQYX,1745042228231,429,Access limit reached,"{'error': 'Access limit reached', 'retry_after': '4 hours 53 minutes'}"
90,XxbRFGNYZnZSAQYX,1745035511231,429,Access limit reached,"{'error': 'Access limit reached', 'retry_after': '4 hours 53 minutes'}"
90,XxbRFGNYZnZSAQYX,1745070316231,429,Access limit reached,"{'error': 'Access limit reached', 'retry_after': '4 hours 53 minutes'}"
90,XxbRFGNYZnZSAQYX,1745009917231,429,Access limit reached,"{'error': 'Access limit reached', 'retry_after': '4 hours 53 minutes'}"
90,XxbRFGNYZnZSAQYX,1745009575231,429,Access limit reached,"{'error': 'Access limit reached', 'retry_after': '4 hours 53 minutes'}"
90,XxbRFGNYZnZSAQYX,1745029957231,429,Access limit reached,"{'error': 'Access limit reached', 'retry_after': '4 hours 53 minutes'}"
90,XxbRFGNYZnZSAQYX,1745050268231,429,Access limit reached,"{'error': 'Access limit reached', 'retry_after': '4 hours 53 minutes'}"
90,XxbRFGNYZnZSAQYX,1745016358231,429,Access limit reached,"{'error': 'Access limit reached', 'retry_after': '4 hours 53 minutes'}"
90,XxbRFGNYZnZSAQYX,1745025191231,429,Access limit reached,"{'error': 'Access limit reached', 'retry_after': '4 hours 53 minutes'}"
90,XxbRFGNYZnZSAQYX,1745060514231,429,Access limit reached,"{'error': 'Access limit reached', 'retry_after': '4 hours 53 minutes'}"
90,XxbRFGNYZnZSAQYX,1745054760231,429,Access limit reached,"{'error': 'Access limit reached', 'retry_after': '4 hours 53 minutes'}"
90,XxbRFGNYZnZSAQYX,1745022875231,429,Access limit reached,"{'error': 'Access limit reached', 'retry_after': '4 hours 53 minutes'}"
90,XxbRFGNYZnZSAQYX,1745026508231,429,Access limit reached,"{'error': 'Access limit reached', 'retry_after': '4 hours 53 minutes'}"
91,h94anv2bwU2NJJkA,1745032027231,429,Access limit reached,"{'error': 'Access limit reached', 'retry_after': '6 hours 55 minutes'}"
91,h94anv2bwU2NJJkA,1745014491231,429,Access limit reached,"{'error': 'Access limit reached', 'retry_after': '6 hours 55 minutes'}"
91,h94anv2bwU2NJJkA,1745012131231,429,Access limit reached,"{'error': 'Access limit reached', 'retry_after': '6 hours 55 minutes'}"
91,h94anv2bwU2NJJkA,1745047722231,429,Access limit reached,"{'error': 'Access limit reached', 'retry_after': '6 hours 55 minutes'}"
91,h94anv2bwU2NJJkA,1745025963231,429,Access limit reached,"{'error': 'Access limit reached', 'retry_after': '6 hours 55 minutes'}"
91,h94anv2bwU2NJJkA,1745024210231,429,Access limit reached,"{'error': 'Access limit reached', 'retry_after': '6 hours 55 minutes'}"
91,h94anv2bwU2NJJkA,1745007697231,429,Access limit reached,"{'error': 'Access limit reached', 'retry_after': '6 hours 55 minutes'}"
91,h94anv2bwU2NJJkA,1745008229231,429,Access limit reached,"{'error': 'Access limit reached', 'retry_after': '6 hours 55 minutes'}"
91,h94anv2bwU2NJJkA,1745044186231,429,Access limit reached,"{'error': 'Access limit reached', 'retry_after': '6 hours 55 minutes'}"
91,h94anv2bwU2NJJkA,1745019263231,429,Access limit reached,"{'error': 'Access limit reached', 'retry_after': '6 hours 55 minutes'}"
91,h94anv2bwU2NJJkA,1745061943231,429,Access limit reached,"{'error': 'Access limit reached', 'retry_after': '6 hours 55 minutes'}"
91,h94anv2bwU2NJJkA,1745007151231,429,Access limit reached,"{'error': 'Access limit reached', 'retry_after': '6 hours 55 minutes'}"
91,h94anv2bwU2NJJkA,1745078171231,429,Access limit reached,"{'error': 'Access limit reached', 'retry_after': '6 hours 55 minutes'}"
91,h94anv2bwU2NJJkA,1745045885231,429,Access limit reached,"{'error': 'Access limit reached', 'retry_after': '6 hours 55 minutes'}"
91,h94anv2bwU2NJJkA,1745014189231,429,Access limit reached,"{'error': 'Access limit reached', 'retry_after': '6 hours 55 minutes'}"
91,h94anv2bwU2NJJkA,1745050091231,429,Access limit reached,"{'error': 'Access limit reached', 'retry_after': '6 hours 55 minutes'}"
91,h94anv2bwU2NJJkA,1745056421231,429,Access limit reached,"{'error': 'Access limit reached', 'retry_after': '6 hours 55 minutes'}"
91,h94anv2bwU2NJJkA,1745064882231,429,Access limit reached,"{'error': 'Access limit reached', 'retry_after': '6 hours 55 minutes'}"
91,h94anv2bwU2NJJkA,1745072904231,429,Access limit reached,"{'error': 'Access limit reached', 'retry_after': '6 hours 55 minutes'}"
91,h94anv2bwU2NJJkA,1745042060231,429,Access limit reached,"{'error': 'Access limit reached', 'retry_after': '6 hours 55 minutes'}"
91,h94anv2bwU2NJJkA,1745018096231,429,Access limit reached,"{'error': 'Access limit reached', 'retry_after': '6 hours 55 minutes'}"
91,h94anv2bwU2NJJkA,1745042134231,429,Access limit reached,"{'error': 'Access limit reached', 'retry_after': '6 hours 55 minutes'}"
91,h94anv2bwU2NJJkA,1745053122231,429,Access limit reached,"{'error': 'Access limit reached', 'retry_after': '6 hours 55 minutes'}"
91,h94anv2bwU2NJJkA,1745020725231,429,Access limit reached,"{'error': 'Access limit reached', 'retry_after': '6 hours 55 minutes'}"
91,h94anv2bwU2NJJkA,1745067915231,429,Access limit reached,"{'error': 'Access limit reached', 'retry_after': '6 hours 55 minutes'}"
91,h94anv2bwU2NJJkA,1745015748231,429,Access limit reached,"{'error': 'Access limit reached', 'retry_after': '6 hours 55 minutes'}"
91,h94anv2bwU2NJJkA,1745013441231,429,Access limit reached,"{'error': 'Access limit reached', 'retry_after': '6 hours 55 minutes'}"
91,h94anv2bwU2NJJkA,1745043703231,429,Access limit reached,"{'error': 'Access limit reached', 'retry_after': '6 hours 55 minutes'}"
91,h94anv2bwU2NJJkA,1745037736231,429,Access limit reached,"{'error': 'Access limit reached', 'retry_after': '6 hours 55 minutes'}"
91,h94anv2bwU2NJJkA,1745058378231,429,Access limit reached,"{'error': 'Access limit reached', 'retry_after': '6 hours 55 minutes'}"
91,h94anv2bwU2NJJkA,1745010067231,429,Access limit reached,"{'error': 'Access limit reached', 'retry_after': '6 hours 55 minutes'}"
91,h94anv2bwU2NJJkA,1745051897231,429,Access limit reached,"{'error': 'Access limit reached', 'retry_after': '6 hours 55 minutes'}"
91,h94anv2bwU2NJJkA,1745054718231,429,Access limit reached,"{'error': 'Access limit reached', 'retry_after': '6 hours 55 minutes'}"
91,h94anv2bwU2NJJkA,1745066973231,429,Access limit reached,"{'error': 'Access limit reached', 'retry_after': '6 hours 55 minutes'}"
91,h94anv2bwU2NJJkA,1745042796231,429,Access limit reached,"{'error': 'Access limit reached', 'retry_after': '6 hours 55 minutes'}"
91,h94anv2bwU2NJJkA,1745070211231,429,Access limit reached,"{'error': 'Access limit reached', 'retry_after': '6 hours 55 minutes'}"
92,IzFNSTGy3eHVyDTQ,1745054432231,429,Access limit reached,"{'error': 'Access limit reached', 'retry_after': '4 hours 48 minutes'}"
92,IzFNSTGy3eHVyDTQ,1745054726231,429,Access limit reached,"{'error': 'Access limit reached', 'retry_after': '4 hours 48 minutes'}"
92,IzFNSTGy3eHVyDTQ,1745073015231,429,Access limit reached,"{'error': 'Access limit reached', 'retry_after': '4 hours 48 minutes'}"
92,IzFNSTGy3eHVyDTQ,1745026033231,429,Access limit reached,"{'error': 'Access limit reached', 'retry_after': '4 hours 48 minutes'}"
92,IzFNSTGy3eHVyDTQ,1745040802231,429,Access limit reached,"{'error': 'Access limit reached', 'retry_after': '4 hours 48 minutes'}"
92,IzFNSTGy3eHVyDTQ,1745059757231,429,Access limit reached,"{'error': 'Access limit reached', 'retry_after': '4 hours 48 minutes'}"
92,IzFNSTGy3eHVyDTQ,1745034516231,429,Access limit reached,"{'error': 'Access limit reached', 'retry_after': '4 hours 48 minutes'}"
92,IzFNSTGy3eHVyDTQ,1745013636231,429,Access limit reached,"{'error': 'Access limit reached', 'retry_after': '4 hours 48 minutes'}"
92,IzFNSTGy3eHVyDTQ,1745045774231,429,Access limit reached,"{'error': 'Access limit reached', 'retry_after': '4 hours 48 minutes'}"
92,IzFNSTGy3eHVyDTQ,1745066135231,429,Access limit reached,"{'error': 'Access limit reached', 'retry_after': '4 hours 48 minutes'}"
92,IzFNSTGy3eHVyDTQ,1745050288231,429,Access limit reached,"{'error': 'Access limit reached', 'retry_after': '4 hours 48 minutes'}"
92,IzFNSTGy3eHVyDTQ,1745012161231,429,Access limit reached,"{'error': 'Access limit reached', 'retry_after': '4 hours 48 minutes'}"
92,IzFNSTGy3eHVyDTQ,1745072743231,429,Access limit reached,"{'error': 'Access limit reached', 'retry_after': '4 hours 48 minutes'}"
92,IzFNSTGy3eHVyDTQ,1745048121231,429,Access limit reached,"{'error': 'Access limit reached', 'retry_after': '4 hours 48 minutes'}"
92,IzFNSTGy3eHVyDTQ,1745033031231,429,Access limit reached,"{'error': 'Access limit reached', 'retry_after': '4 hours 48 minutes'}"
92,IzFNSTGy3eHVyDTQ,1745052153231,429,Access limit reached,"{'error': 'Access limit reached', 'retry_after': '4 hours 48 minutes'}"
92,IzFNSTGy3eHVyDTQ,1745058005231,429,Access limit reached,"{'error': 'Access limit reached', 'retry_after': '4 hours 48 minutes'}"
92,IzFNSTGy3eHVyDTQ,1745009879231,429,Access limit reached,"{'error': 'Access limit reached', 'retry_after': '4 hours 48 minutes'}"
92,IzFNSTGy3eHVyDTQ,1745009905231,429,Access limit reached,"{'error': 'Access limit reached', 'retry_after': '4 hours 48 minutes'}"
92,IzFNSTGy3eHVyDTQ,1745019439231,429,Access limit reached,"{'error': 'Access limit reached', 'retry_after': '4 hours 48 minutes'}"
92,IzFNSTGy3eHVyDTQ,1745058064231,429,Access limit reached,"{'error': 'Access limit reached', 'retry_after': '4 hours 48 minutes'}"
92,IzFNSTGy3eHVyDTQ,1745066978231,429,Access limit reached,"{'error': 'Access limit reached', 'retry_after': '4 hours 48 minutes'}"
92,IzFNSTGy3eHVyDTQ,1745017319231,429,Access limit reached,"{'error': 'Access limit reached', 'retry_after': '4 hours 48 minutes'}"
92,IzFNSTGy3eHVyDTQ,1745021068231,429,Access limit reached,"{'error': 'Access limit reached', 'retry_after': '4 hours 48 minutes'}"
92,IzFNSTGy3eHVyDTQ,1745047276231,429,Access limit reached,"{'error': 'Access limit reached', 'retry_after': '4 hours 48 minutes'}"
93,z0JDHDmlF0xC3xmv,1745039175231,429,Access limit reached,"{'error': 'Access limit reached', 'retry_after': '6 hours 19 minutes'}"
93,z0JDHDmlF0xC3xmv,1745071590231,429,Access limit reached,"{'error': 'Access limit reached', 'retry_after': '6 hours 19 minutes'}"
93,z0JDHDmlF0xC3xmv,1745044434231,429,Access limit reached,"{'error': 'Access limit reached', 'retry_after': '6 hours 19 minutes'}"
93,z0JDHDmlF0xC3xmv,1745023381231,429,Access limit reached,"{'error': 'Access limit reached', 'retry_after': '6 hours 19 minutes'}"
93,z0JDHDmlF0xC3xmv,1745068035231,429,Access limit reached,"{'error': 'Access limit reached', 'retry_after': '6 hours 19 minutes'}"
93,z0JDHDmlF0xC3xmv,1745065143231,429,Access limit reached,"{'error': 'Access limit reached', 'retry_after': '6 hours 19 minutes'}"
93,z0JDHDmlF0xC3xmv,1745072072231,429,Access limit reached,"{'error': 'Access limit reached', 'retry_after': '6 hours 19 minutes'}"
93,z0JDHDmlF0xC3xmv,1745075437231,429,Access limit reached,"{'error': 'Access limit reached', 'retry_after': '6 hours 19 minutes'}"
93,z0JDHDmlF0xC3xmv,1745038941231,429,Access limit reached,"{'error': 'Access limit reached', 'retry_after': '6 hours 19 minutes'}"
93,z0JDHDmlF0xC3xmv,1745030692231,429,Access limit reached,"{'error': 'Access limit reached', 'retry_after': '6 hours 19 minutes'}"
93,z0JDHDmlF0xC3xmv,1745063861231,429,Access limit reached,"{'error': 'Access limit reached', 'retry_after': '6 hours 19 minutes'}"
93,z0JDHDmlF0xC3xmv,1745068389231,429,Access limit reached,"{'error': 'Access limit reached', 'retry_after': '6 hours 19 minutes'}"
93,z0JDHDmlF0xC3xmv,1745072838231,429,Access limit reached,"{'error': 'Access limit reached', 'retry_after': '6 hours 19 minutes'}"
93,z0JDHDmlF0xC3xmv,1745063304231,429,Access limit reached,"{'error': 'Access limit reached', 'retry_after': '6 hours 19 minutes'}"
93,z0JDHDmlF0xC3xmv,1745028302231,429,Access limit reached,"{'error': 'Access limit reached', 'retry_after': '6 hours 19 minutes'}"
93,z0JDHDmlF0xC3xmv,1745068002231,429,Access limit reached,"{'error': 'Access limit reached', 'retry_after': '6 hours 19 minutes'}"
93,z0JDHDmlF0xC3xmv,1745010294231,429,Access limit reached,"{'error': 'Access limit reached', 'retry_after': '6 hours 19 minutes'}"
93,z0JDHDmlF0xC3xmv,1745016878231,429,Access limit reached,"{'error': 'Access limit reached', 'retry_after': '6 hours 19 minutes'}"
93,z0JDHDmlF0xC3xmv,1745035127231,429,Access limit reached,"{'error': 'Access limit reached', 'retry_after': '6 hours 19 minutes'}"
93,z0JDHDmlF0xC3xmv,1745074876231,429,Access limit reached,"{'error': 'Access limit reached', 'retry_after': '6 hours 19 minutes'}"
93,z0JDHDmlF0xC3xmv,1745074315231,429,Access limit reached,"{'error': 'Access limit reached', 'retry_after': '6 hours 19 minutes'}"
93,z0JDHDmlF0xC3xmv,1745039034231,429,Access limit reached,"{'error': 'Access limit reached', 'retry_after': '6 hours 19 minutes'}"
93,z0JDHDmlF0xC3xmv,1745052492231,429,Access limit reached,"{'error': 'Access limit reached', 'retry_after': '6 hours 19 minutes'}"
93,z0JDHDmlF0xC3xmv,1745073699231,429,Access limit reached,"{'error': 'Access limit reached', 'retry_after': '6 hours 19 minutes'}"
93,z0JDHDmlF0xC3xmv,1745074474231,429,Access limit reached,"{'error': 'Access limit reached', 'retry_after': '6 hours 19 minutes'}"
93,z0JDHDmlF0xC3xmv,1745044059231,429,Access limit reached,"{'error': 'Access limit reached', 'retry_after': '6 hours 19 minutes'}"
93,z0JDHDmlF0xC3xmv,1745075372231,429,Access limit reached,"{'error': 'Access limit reached', 'retry_after': '6 hours 19 minutes'}"
93,z0JDHDmlF0xC3xmv,1745057784231,429,Access limit reached,"{'error': 'Access limit reached', 'retry_after': '6 hours 19 minutes'}"
94,XxbRFGNYZnZSAQYX,1745029976231,429,Access limit reached,"{'error': 'Access limit reached', 'retry_after': '4 hours 53 minutes'}"
94,XxbRFGNYZnZSAQYX,1745069997231,429,Access limit reached,"{'error': 'Access limit reached', 'retry_after': '4 hours 53 minutes'}"
94,XxbRFGNYZnZSAQYX,1745069267231,429,Access limit reached,"{'error': 'Access limit reached', 'retry_after': '4 hours 53 minutes'}"
94,XxbRFGNYZnZSAQYX,1745017897231,429,Access limit reached,"{'error': 'Access limit reached', 'retry_after': '4 hours 53 minutes'}"
94,XxbRFGNYZnZSAQYX,1745044025231,429,Access limit reached,"{'error': 'Access limit reached', 'retry_after': '4 hours 53 minutes'}"
94,XxbRFGNYZnZSAQYX,1745043374231,429,Access limit reached,"{'error': 'Access limit reached', 'retry_after': '4 hours 53 minutes'}"
94,XxbRFGNYZnZSAQYX,1745019617231,429,Access limit reached,"{'error': 'Access limit reached', 'retry_after': '4 hours 53 minutes'}"
94,XxbRFGNYZnZSAQYX,1745072036231,429,Access limit reached,"{'error': 'Access limit reached', 'retry_after': '4 hours 53 minutes'}"
94,XxbRFGNYZnZSAQYX,1745022437231,429,Access limit reached,"{'error': 'Access limit reached', 'retry_after': '4 hours 53 minutes'}"
94,XxbRFGNYZnZSAQYX,1745054449231,429,Access limit reached,"{'error': 'Access limit reached', 'retry_after': '4 hours 53 minutes'}"
94,XxbRFGNYZnZSAQYX,1745062976231,429,Access limit reached,"{'error': 'Access limit reached', 'retry_after': '4 hours 53 minutes'}"
94,XxbRFGNYZnZSAQYX,1745058952231,429,Access limit reached,"{'error': 'Access limit reached', 'retry_after': '4 hours 53 minutes'}"
94,XxbRFGNYZnZSAQYX,1745036422231,429,Access limit reached,"{'error': 'Access limit reached', 'retry_after': '4 hours 53 minutes'}"
94,XxbRFGNYZnZSAQYX,1745061031231,429,Access limit reached,"{'error': 'Access limit reached', 'retry_after': '4 hours 53 minutes'}"
94,XxbRFGNYZnZSAQYX,1745065978231,429,Access limit reached,"{'error': 'Access limit reached', 'retry_after': '4 hours 53 minutes'}"
94,XxbRFGNYZnZSAQYX,1745063412231,429,Access limit reached,"{'error': 'Access limit reached', 'retry_after': '4 hours 53 minutes'}"
94,XxbRFGNYZnZSAQYX,1745077048231,429,Access limit reached,"{'error': 'Access limit reached', 'retry_after': '4 hours 53 minutes'}"
94,XxbRFGNYZnZSAQYX,1745016723231,429,Access limit reached,"{'error': 'Access limit reached', 'retry_after': '4 hours 53 minutes'}"
94,XxbRFGNYZnZSAQYX,1745012269231,429,Access limit reached,"{'error': 'Access limit reached', 'retry_after': '4 hours 53 minutes'}"
94,XxbRFGNYZnZSAQYX,1745025500231,429,Access limit reached,"{'error': 'Access limit reached', 'retry_after': '4 hours 53 minutes'}"
94,XxbRFGNYZnZSAQYX,1745062880231,429,Access limit reached,"{'error': 'Access limit reached', 'retry_after': '4 hours 53 minutes'}"
94,XxbRFGNYZnZSAQYX,1745066268231,429,Access limit reached,"{'error': 'Access limit reached', 'retry_after': '4 hours 53 minutes'}"
94,XxbRFGNYZnZSAQYX,1745035790231,429,Access limit reached,"{'error': 'Access limit reached', 'retry_after': '4 hours 53 minutes'}"
94,XxbRFGNYZnZSAQYX,1745053185231,429,Access limit reached,"{'error': 'Access limit reached', 'retry_after': '4 hours 53 minutes'}"
94,XxbRFGNYZnZSAQYX,1745073298231,429,Access limit reached,"{'error': 'Access limit reached', 'retry_after': '4 hours 53 minutes'}"
94,XxbRFGNYZnZSAQYX,1745055026231,429,Access limit reached,"{'error': 'Access limit reached', 'retry_after': '4 hours 53 minutes'}"
94,XxbRFGNYZnZSAQYX,1745026168231,429,Access limit reached,"{'error': 'Access limit reached', 'retry_after': '4 hours 53 minutes'}"
94,XxbRFGNYZnZSAQYX,1745015326231,429,Access limit reached,"{'error': 'Access limit reached', 'retry_after': '4 hours 53 minutes'}"
94,XxbRFGNYZnZSAQYX,1745050428231,429,Access limit reached,"{'error': 'Access limit reached', 'retry_after': '4 hours 53 minutes'}"
94,XxbRFGNYZnZSAQYX,1745033628231,429,Access limit reached,"{'error': 'Access limit reached', 'retry_after': '4 hours 53 minutes'}"
94,XxbRFGNYZnZSAQYX,1745027496231,429,Access limit reached,"{'error': 'Access limit reached', 'retry_after': '4 hours 53 minutes'}"
94,XxbRFGNYZnZSAQYX,1745078686231,429,Access limit reached,"{'error': 'Access limit reached', 'retry_after': '4 hours 53 minutes'}"
94,XxbRFGNYZnZSAQYX,1745029974231,429,Access limit reached,"{'error': 'Access limit reached', 'retry_after': '4 hours 53 minutes'}"
94,XxbRFGNYZnZSAQYX,1745033939231,429,Access limit reached,"{'error': 'Access limit reached', 'retry_after': '4 hours 53 minutes'}"
94,XxbRFGNYZnZSAQYX,1745043382231,429,Access limit reached,"{'error': 'Access limit reached', 'retry_after': '4 hours 53 minutes'}"
94,XxbRFGNYZnZSAQYX,1745064904231,429,Access limit reached,"{'error': 'Access limit reached', 'retry_after': '4 hours 53 minutes'}"
94,XxbRFGNYZnZSAQYX,1745060826231,429,Access limit reached,"{'error': 'Access limit reached', 'retry_after': '4 hours 53 minutes'}"
94,XxbRFGNYZnZSAQYX,1745076383231,429,Access limit reached,"{'error': 'Access limit reached', 'retry_after': '4 hours 53 minutes'}"
94,XxbRFGNYZnZSAQYX,1745055000231,429,Access limit reached,"{'error': 'Access limit reached', 'retry_after': '4 hours 53 minutes'}"
94,XxbRFGNYZnZSAQYX,1745064439231,429,Access limit reached,"{'error': 'Access limit reached', 'retry_after': '4 hours 53 minutes'}"
94,XxbRFGNYZnZSAQYX,1745049672231,429,Access limit reached,"{'error': 'Access limit reached', 'retry_after': '4 hours 53 minutes'}"
94,XxbRFGNYZnZSAQYX,1745009621231,429,Access limit reached,"{'error': 'Access limit reached', 'retry_after': '4 hours 53 minutes'}"
94,XxbRFGNYZnZSAQYX,1745032404231,429,Access limit reached,"{'error': 'Access limit reached', 'retry_after': '4 hours 53 minutes'}"
95,och15Vm379Xa1g1Q,1745062871231,429,Access limit reached,"{'error': 'Access limit reached', 'retry_after': '4 hours 57 minutes'}"
95,och15Vm379Xa1g1Q,1745027100231,429,Access limit reached,"{'error': 'Access limit reached', 'retry_after': '4 hours 57 minutes'}"
95,och15Vm379Xa1g1Q,1745030304231,429,Access limit reached,"{'error': 'Access limit reached', 'retry_after': '4 hours 57 minutes'}"
95,och15Vm379Xa1g1Q,1745074547231,429,Access limit reached,"{'error': 'Access limit reached', 'retry_after': '4 hours 57 minutes'}"
95,och15Vm379Xa1g1Q,1745025351231,429,Access limit reached,"{'error': 'Access limit reached', 'retry_after': '4 hours 57 minutes'}"
95,och15Vm379Xa1g1Q,1745024113231,429,Access limit reached,"{'error': 'Access limit reached', 'retry_after': '4 hours 57 minutes'}"
95,och15Vm379Xa1g1Q,1745017170231,429,Access limit reached,"{'error': 'Access limit reached', 'retry_after': '4 hours 57 minutes'}"
95,och15Vm379Xa1g1Q,1745008557231,429,Access limit reached,"{'error': 'Access limit reached', 'retry_after': '4 hours 57 minutes'}"
95,och15Vm379Xa1g1Q,1745018020231,429,Access limit reached,"{'error': 'Access limit reached', 'retry_after': '4 hours 57 minutes'}"
95,och15Vm379Xa1g1Q,1745031506231,429,Access limit reached,"{'error': 'Access limit reached', 'retry_after': '4 hours 57 minutes'}"
95,och15Vm379Xa1g1Q,1745052488231,429,Access limit reached,"{'error': 'Access limit reached', 'retry_after': '4 hours 57 minutes'}"
95,och15Vm379Xa1g1Q,1745014707231,429,Access limit reached,"{'error': 'Access limit reached', 'retry_after': '4 hours 57 minutes'}"
95,och15Vm379Xa1g1Q,1745013929231,429,Access limit reached,"{'error': 'Access limit reached', 'retry_after': '4 hours 57 minutes'}"
95,och15Vm379Xa1g1Q,1745056448231,429,Access limit reached,"{'error': 'Access limit reached', 'retry_after': '4 hours 57 minutes'}"
95,och15Vm379Xa1g1Q,1745062060231,429,Access limit reached,"{'error': 'Access limit reached', 'retry_after': '4 hours 57 minutes'}"
95,och15Vm379Xa1g1Q,1745048913231,429,Access limit reached,"{'error': 'Access limit reached', 'retry_after': '4 hours 57 minutes'}"
95,och15Vm379Xa1g1Q,1745028587231,429,Access limit reached,"{'error': 'Access limit reached', 'retry_after': '4 hours 57 minutes'}"
95,och15Vm379Xa1g1Q,1745029324231,429,Access limit reached,"{'error': 'Access limit reached', 'retry_after': '4 hours 57 minutes'}"
95,och15Vm379Xa1g1Q,1745028747231,429,Access limit reached,"{'error': 'Access limit reached', 'retry_after': '4 hours 57 minutes'}"
95,och15Vm379Xa1g1Q,1745050491231,429,Access limit reached,"{'error': 'Access limit reached', 'retry_after': '4 hours 57 minutes'}"
95,och15Vm379Xa1g1Q,1745046226231,429,Access limit reached,"{'error': 'Access limit reached', 'retry_after': '4 hours 57 minutes'}"
95,och15Vm379Xa1g1Q,1745047714231,429,Access limit reached,"{'error': 'Access limit reached', 'retry_after': '4 hours 57 minutes'}"
95,och15Vm379Xa1g1Q,1745026763231,429,Access limit reached,"{'error': 'Access limit reached', 'retry_after': '4 hours 57 minutes'}"
95,och15Vm379Xa1g1Q,1745035655231,429,Access limit reached,"{'error': 'Access limit reached', 'retry_after': '4 hours 57 minutes'}"
95,och15Vm379Xa1g1Q,1745011813231,429,Access limit reached,"{'error': 'Access limit reached', 'retry_after': '4 hours 57 minutes'}"
95,och15Vm379Xa1g1Q,1745063675231,429,Access limit reached,"{'error': 'Access limit reached', 'retry_after': '4 hours 57 minutes'}"
95,och15Vm379Xa1g1Q,1745018173231,429,Access limit reached,"{'error': 'Access limit reached', 'retry_after': '4 hours 57 minutes'}"
96,h94anv2bwU2NJJkA,1745076373231,429,Access limit reached,"{'error': 'Access limit reached', 'retry_after': '6 hours 54 minutes'}"
96,h94anv2bwU2NJJkA,1745065679231,429,Access limit reached,"{'error': 'Access limit reached', 'retry_after': '6 hours 54 minutes'}"
96,h94anv2bwU2NJJkA,1745050214231,429,Access limit reached,"{'error': 'Access limit reached', 'retry_after': '6 hours 54 minutes'}"
96,h94anv2bwU2NJJkA,1745059597231,429,Access limit reached,"{'error': 'Access limit reached', 'retry_after': '6 hours 54 minutes'}"
96,h94anv2bwU2NJJkA,1745015145231,429,Access limit reached,"{'error': 'Access limit reached', 'retry_after': '6 hours 54 minutes'}"
96,h94anv2bwU2NJJkA,1745009683231,429,Access limit reached,"{'error': 'Access limit reached', 'retry_after': '6 hours 54 minutes'}"
96,h94anv2bwU2NJJkA,1745063673231,429,Access limit reached,"{'error': 'Access limit reached', 'retry_after': '6 hours 54 minutes'}"
96,h94anv2bwU2NJJkA,1745052098231,429,Access limit reached,"{'error': 'Access limit reached', 'retry_after': '6 hours 54 minutes'}"
96,h94anv2bwU2NJJkA,1745037171231,429,Access limit reached,"{'error': 'Access limit reached', 'retry_after': '6 hours 54 minutes'}"
96,h94anv2bwU2NJJkA,1745040214231,429,Access limit reached,"{'error': 'Access limit reached', 'retry_after': '6 hours 54 minutes'}"
96,h94anv2bwU2NJJkA,1745015542231,429,Access limit reached,"{'error': 'Access limit reached', 'retry_after': '6 hours 54 minutes'}"
96,h94anv2bwU2NJJkA,1745076181231,429,Access limit reached,"{'error': 'Access limit reached', 'retry_after': '6 hours 54 minutes'}"
96,h94anv2bwU2NJJkA,1745016533231,429,Access limit reached,"{'error': 'Access limit reached', 'retry_after': '6 hours 54 minutes'}"
96,h94anv2bwU2NJJkA,1745038538231,429,Access limit reached,"{'error': 'Access limit reached', 'retry_after': '6 hours 54 minutes'}"
96,h94anv2bwU2NJJkA,1745072310231,429,Access limit reached,"{'error': 'Access limit reached', 'retry_after': '6 hours 54 minutes'}"
96,h94anv2bwU2NJJkA,1745073767231,429,Access limit reached,"{'error': 'Access limit reached', 'retry_after': '6 hours 54 minutes'}"
96,h94anv2bwU2NJJkA,1745047585231,429,Access limit reached,"{'error': 'Access limit reached', 'retry_after': '6 hours 54 minutes'}"
96,h94anv2bwU2NJJkA,1745027742231,429,Access limit reached,"{'error': 'Access limit reached', 'retry_after': '6 hours 54 minutes'}"
96,h94anv2bwU2NJJkA,1745048429231,429,Access limit reached,"{'error': 'Access limit reached', 'retry_after': '6 hours 54 minutes'}"
96,h94anv2bwU2NJJkA,1745011165231,429,Access limit reached,"{'error': 'Access limit reached', 'retry_after': '6 hours 54 minutes'}"
96,h94anv2bwU2NJJkA,1745010487231,429,Access limit reached,"{'error': 'Access limit reached', 'retry_after': '6 hours 54 minutes'}"
96,h94anv2bwU2NJJkA,1745030512231,429,Access limit reached,"{'error': 'Access limit reached', 'retry_after': '6 hours 54 minutes'}"
96,h94anv2bwU2NJJkA,1745074507231,429,Access limit reached,"{'error': 'Access limit reached', 'retry_after': '6 hours 54 minutes'}"
96,h94anv2bwU2NJJkA,1745061010231,429,Access limit reached,"{'error': 'Access limit reached', 'retry_after': '6 hours 54 minutes'}"
96,h94anv2bwU2NJJkA,1745023741231,429,Access limit reached,"{'error': 'Access limit reached', 'retry_after': '6 hours 54 minutes'}"
96,h94anv2bwU2NJJkA,1745048894231,429,Access limit reached,"{'error': 'Access limit reached', 'retry_after': '6 hours 54 minutes'}"
96,h94anv2bwU2NJJkA,1745017468231,429,Access limit reached,"{'error': 'Access limit reached', 'retry_after': '6 hours 54 minutes'}"
97,4YHYRv9IiZ7e2gos,1745015067231,429,Access limit reached,"{'error': 'Access limit reached', 'retry_after': '4 hours 45 minutes'}"
97,4YHYRv9IiZ7e2gos,1745076704231,429,Access limit reached,"{'error': 'Access limit reached', 'retry_after': '4 hours 45 minutes'}"
97,4YHYRv9IiZ7e2gos,1745035557231,429,Access limit reached,"{'error': 'Access limit reached', 'retry_after': '4 hours 45 minutes'}"
97,4YHYRv9IiZ7e2gos,1745069063231,429,Access limit reached,"{'error': 'Access limit reached', 'retry_after': '4 hours 45 minutes'}"
97,4YHYRv9IiZ7e2gos,1745017060231,429,Access limit reached,"{'error': 'Access limit reached', 'retry_after': '4 hours 45 minutes'}"
97,4YHYRv9IiZ7e2gos,1745074566231,429,Access limit reached,"{'error': 'Access limit reached', 'retry_after': '4 hours 45 minutes'}"
97,4YHYRv9IiZ7e2gos,1745032807231,429,Access limit reached,"{'error': 'Access limit reached', 'retry_after': '4 hours 45 minutes'}"
97,4YHYRv9IiZ7e2gos,1745070088231,429,Access limit reached,"{'error': 'Access limit reached', 'retry_after': '4 hours 45 minutes'}"
97,4YHYRv9IiZ7e2gos,1745058795231,429,Access limit reached,"{'error': 'Access limit reached', 'retry_after': '4 hours 45 minutes'}"
97,4YHYRv9IiZ7e2gos,1745050775231,429,Access limit reached,"{'error': 'Access limit reached', 'retry_after': '4 hours 45 minutes'}"
97,4YHYRv9IiZ7e2gos,1745067559231,429,Access limit reached,"{'error': 'Access limit reached', 'retry_after': '4 hours 45 minutes'}"
97,4YHYRv9IiZ7e2gos,1745010992231,429,Access limit reached,"{'error': 'Access limit reached', 'retry_after': '4 hours 45 minutes'}"
97,4YHYRv9IiZ7e2gos,1745037595231,429,Access limit reached,"{'error': 'Access limit reached', 'retry_after': '4 hours 45 minutes'}"
97,4YHYRv9IiZ7e2gos,1745032928231,429,Access limit reached,"{'error': 'Access limit reached', 'retry_after': '4 hours 45 minutes'}"
97,4YHYRv9IiZ7e2gos,1745010607231,429,Access limit reached,"{'error': 'Access limit reached', 'retry_after': '4 hours 45 minutes'}"
97,4YHYRv9IiZ7e2gos,1745065211231,429,Access limit reached,"{'error': 'Access limit reached', 'retry_after': '4 hours 45 minutes'}"
97,4YHYRv9IiZ7e2gos,1745014149231,429,Access limit reached,"{'error': 'Access limit reached', 'retry_after': '4 hours 45 minutes'}"
97,4YHYRv9IiZ7e2gos,1745064157231,429,Access limit reached,"{'error': 'Access limit reached', 'retry_after': '4 hours 45 minutes'}"
97,4YHYRv9IiZ7e2gos,1745022058231,429,Access limit reached,"{'error': 'Access limit reached', 'retry_after': '4 hours 45 minutes'}"
97,4YHYRv9IiZ7e2gos,1745035695231,429,Access limit reached,"{'error': 'Access limit reached', 'retry_after': '4 hours 45 minutes'}"
97,4YHYRv9IiZ7e2gos,1745007547231,429,Access limit reached,"{'error': 'Access limit reached', 'retry_after': '4 hours 45 minutes'}"
97,4YHYRv9IiZ7e2gos,1745069753231,429,Access limit reached,"{'error': 'Access limit reached', 'retry_after': '4 hours 45 minutes'}"
97,4YHYRv9IiZ7e2gos,1745010664231,429,Access limit reached,"{'error': 'Access limit reached', 'retry_after': '4 hours 45 minutes'}"
97,4YHYRv9IiZ7e2gos,1745077285231,429,Access limit reached,"{'error': 'Access limit reached', 'retry_after': '4 hours 45 minutes'}"
97,4YHYRv9IiZ7e2gos,1745053858231,429,Access limit reached,"{'error': 'Access limit reached', 'retry_after': '4 hours 45 minutes'}"
97,4YHYRv9IiZ7e2gos,1745019979231,429,Access limit reached,"{'error': 'Access limit reached', 'retry_after': '4 hours 45 minutes'}"
97,4YHYRv9IiZ7e2gos,1745016863231,429,Access limit reached,"{'error': 'Access limit reached', 'retry_after': '4 hours 45 minutes'}"
97,4YHYRv9IiZ7e2gos,1745045045231,429,Access limit reached,"{'error': 'Access limit reached', 'retry_after': '4 hours 45 minutes'}"
97,4YHYRv9IiZ7e2gos,1745017058231,429,Access limit reached,"{'error': 'Access limit reached', 'retry_after': '4 hours 45 minutes'}"
97,4YHYRv9IiZ7e2gos,1745021272231,429,Access limit reached,"{'error': 'Access limit reached', 'retry_after': '4 hours 45 minutes'}"
97,4YHYRv9IiZ7e2gos,1745047436231,429,Access limit reached,"{'error': 'Access limit reached', 'retry_after': '4 hours 45 minutes'}"
97,4YHYRv9IiZ7e2gos,1745043192231,429,Access limit reached,"{'error': 'Access limit reached', 'retry_after': '4 hours 45 minutes'}"
97,4YHYRv9IiZ7e2gos,1745038818231,429,Access limit reached,"{'error': 'Access limit reached', 'retry_after': '4 hours 44 minutes'}"
97,4YHYRv9IiZ7e2gos,1745027362231,429,Access limit reached,"{'error': 'Access limit reached', 'retry_after': '4 hours 44 minutes'}"
97,4YHYRv9IiZ7e2gos,1745064391231,429,Access limit reached,"{'error': 'Access limit reached', 'retry_after': '4 hours 44 minutes'}"
97,4YHYRv9IiZ7e2gos,1745074751231,429,Access limit reached,"{'error': 'Access limit reached', 'retry_after': '4 hours 44 minutes'}"
98,XxbRFGNYZnZSAQYX,1745039416231,429,Access limit reached,"{'error': 'Access limit reached', 'retry_after': '4 hours 53 minutes'}"
98,XxbRFGNYZnZSAQYX,1745072969231,429,Access limit reached,"{'error': 'Access limit reached', 'retry_after': '4 hours 53 minutes'}"
98,XxbRFGNYZnZSAQYX,1745020624231,429,Access limit reached,"{'error': 'Access limit reached', 'retry_after': '4 hours 53 minutes'}"
98,XxbRFGNYZnZSAQYX,1745068905231,429,Access limit reached,"{'error': 'Access limit reached', 'retry_after': '4 hours 53 minutes'}"
98,XxbRFGNYZnZSAQYX,1745021736231,429,Access limit reached,"{'error': 'Access limit reached', 'retry_after': '4 hours 53 minutes'}"
98,XxbRFGNYZnZSAQYX,1745075672231,429,Access limit reached,"{'error': 'Access limit reached', 'retry_after': '4 hours 53 minutes'}"
98,XxbRFGNYZnZSAQYX,1745033121231,429,Access limit reached,"{'error': 'Access limit reached', 'retry_after': '4 hours 53 minutes'}"
98,XxbRFGNYZnZSAQYX,1745057205231,429,Access limit reached,"{'error': 'Access limit reached', 'retry_after': '4 hours 53 minutes'}"
98,XxbRFGNYZnZSAQYX,1745067043231,429,Access limit reached,"{'error': 'Access limit reached', 'retry_after': '4 hours 53 minutes'}"
98,XxbRFGNYZnZSAQYX,1745018783231,429,Access limit reached,"{'error': 'Access limit reached', 'retry_after': '4 hours 53 minutes'}"
98,XxbRFGNYZnZSAQYX,1745038119231,429,Access limit reached,"{'error': 'Access limit reached', 'retry_after': '4 hours 53 minutes'}"
98,XxbRFGNYZnZSAQYX,1745051249231,429,Access limit reached,"{'error': 'Access limit reached', 'retry_after': '4 hours 53 minutes'}"
98,XxbRFGNYZnZSAQYX,1745076349231,429,Access limit reached,"{'error': 'Access limit reached', 'retry_after': '4 hours 53 minutes'}"
98,XxbRFGNYZnZSAQYX,1745046237231,429,Access limit reached,"{'error': 'Access limit reached', 'retry_after': '4 hours 53 minutes'}"
98,XxbRFGNYZnZSAQYX,1745062211231,429,Access limit reached,"{'error': 'Access limit reached', 'retry_after': '4 hours 53 minutes'}"
98,XxbRFGNYZnZSAQYX,1745078517231,429,Access limit reached,"{'error': 'Access limit reached', 'retry_after': '4 hours 53 minutes'}"
98,XxbRFGNYZnZSAQYX,1745015995231,429,Access limit reached,"{'error': 'Access limit reached', 'retry_after': '4 hours 53 minutes'}"
98,XxbRFGNYZnZSAQYX,1745023436231,429,Access limit reached,"{'error': 'Access limit reached', 'retry_after': '4 hours 53 minutes'}"
98,XxbRFGNYZnZSAQYX,1745040188231,429,Access limit reached,"{'error': 'Access limit reached', 'retry_after': '4 hours 53 minutes'}"
98,XxbRFGNYZnZSAQYX,1745036623231,429,Access limit reached,"{'error': 'Access limit reached', 'retry_after': '4 hours 53 minutes'}"
98,XxbRFGNYZnZSAQYX,1745061312231,429,Access limit reached,"{'error': 'Access limit reached', 'retry_after': '4 hours 53 minutes'}"
98,XxbRFGNYZnZSAQYX,1745027403231,429,Access limit reached,"{'error': 'Access limit reached', 'retry_after': '4 hours 53 minutes'}"
98,XxbRFGNYZnZSAQYX,1745058242231,429,Access limit reached,"{'error': 'Access limit reached', 'retry_after': '4 hours 53 minutes'}"
98,XxbRFGNYZnZSAQYX,1745045616231,429,Access limit reached,"{'error': 'Access limit reached', 'retry_after': '4 hours 53 minutes'}"
98,XxbRFGNYZnZSAQYX,1745039463231,429,Access limit reached,"{'error': 'Access limit reached', 'retry_after': '4 hours 53 minutes'}"
98,XxbRFGNYZnZSAQYX,1745060386231,429,Access limit reached,"{'error': 'Access limit reached', 'retry_after': '4 hours 53 minutes'}"
98,XxbRFGNYZnZSAQYX,1745077432231,429,Access limit reached,"{'error': 'Access limit reached', 'retry_after': '4 hours 53 minutes'}"
98,XxbRFGNYZnZSAQYX,1745078873231,429,Access limit reached,"{'error': 'Access limit reached', 'retry_after': '4 hours 53 minutes'}"
98,XxbRFGNYZnZSAQYX,1745048550231,429,Access limit reached,"{'error': 'Access limit reached', 'retry_after': '4 hours 53 minutes'}"
98,XxbRFGNYZnZSAQYX,1745070112231,429,Access limit reached,"{'error': 'Access limit reached', 'retry_after': '4 hours 53 minutes'}"
98,XxbRFGNYZnZSAQYX,1745020957231,429,Access limit reached,"{'error': 'Access limit reached', 'retry_after': '4 hours 53 minutes'}"
98,XxbRFGNYZnZSAQYX,1745032095231,429,Access limit reached,"{'error': 'Access limit reached', 'retry_after': '4 hours 53 minutes'}"
98,XxbRFGNYZnZSAQYX,1745072515231,429,Access limit reached,"{'error': 'Access limit reached', 'retry_after': '4 hours 53 minutes'}"
98,XxbRFGNYZnZSAQYX,1745045567231,429,Access limit reached,"{'error': 'Access limit reached', 'retry_after': '4 hours 53 minutes'}"
99,z0JDHDmlF0xC3xmv,1745075429231,429,Access limit reached,"{'error': 'Access limit reached', 'retry_after': '6 hours 19 minutes'}"
99,z0JDHDmlF0xC3xmv,1745053573231,429,Access limit reached,"{'error': 'Access limit reached', 'retry_after': '6 hours 19 minutes'}"
99,z0JDHDmlF0xC3xmv,1745053216231,429,Access limit reached,"{'error': 'Access limit reached', 'retry_after': '6 hours 19 minutes'}"
99,z0JDHDmlF0xC3xmv,1745069280231,429,Access limit reached,"{'error': 'Access limit reached', 'retry_after': '6 hours 19 minutes'}"
99,z0JDHDmlF0xC3xmv,1745009424231,429,Access limit reached,"{'error': 'Access limit reached', 'retry_after': '6 hours 19 minutes'}"
99,z0JDHDmlF0xC3xmv,1745055792231,429,Access limit reached,"{'error': 'Access limit reached', 'retry_after': '6 hours 19 minutes'}"
99,z0JDHDmlF0xC3xmv,1745076096231,429,Access limit reached,"{'error': 'Access limit reached', 'retry_after': '6 hours 19 minutes'}"
99,z0JDHDmlF0xC3xmv,1745059238231,429,Access limit reached,"{'error': 'Access limit reached', 'retry_after': '6 hours 19 minutes'}"
99,z0JDHDmlF0xC3xmv,1745057835231,429,Access limit reached,"{'error': 'Access limit reached', 'retry_after': '6 hours 19 minutes'}"
99,z0JDHDmlF0xC3xmv,1745030398231,429,Access limit reached,"{'error': 'Access limit reached', 'retry_after': '6 hours 19 minutes'}"
99,z0JDHDmlF0xC3xmv,1745015219231,429,Access limit reached,"{'error': 'Access limit reached', 'retry_after': '6 hours 19 minutes'}"
99,z0JDHDmlF0xC3xmv,1745040677231,429,Access limit reached,"{'error': 'Access limit reached', 'retry_after': '6 hours 19 minutes'}"
99,z0JDHDmlF0xC3xmv,1745007915231,429,Access limit reached,"{'error': 'Access limit reached', 'retry_after': '6 hours 19 minutes'}"
99,z0JDHDmlF0xC3xmv,1745056636231,429,Access limit reached,"{'error': 'Access limit reached', 'retry_after': '6 hours 19 minutes'}"
99,z0JDHDmlF0xC3xmv,1745010967231,429,Access limit reached,"{'error': 'Access limit reached', 'retry_after': '6 hours 19 minutes'}"
99,z0JDHDmlF0xC3xmv,1745008905231,429,Access limit reached,"{'error': 'Access limit reached', 'retry_after': '6 hours 19 minutes'}"
99,z0JDHDmlF0xC3xmv,1745023405231,429,Access limit reached,"{'error': 'Access limit reached', 'retry_after': '6 hours 19 minutes'}"
99,z0JDHDmlF0xC3xmv,1745043451231,429,Access limit reached,"{'error': 'Access limit reached', 'retry_after': '6 hours 19 minutes'}"
99,z0JDHDmlF0xC3xmv,1745027368231,429,Access limit reached,"{'error': 'Access limit reached', 'retry_after': '6 hours 19 minutes'}"
99,z0JDHDmlF0xC3xmv,1745021018231,429,Access limit reached,"{'error': 'Access limit reached', 'retry_after': '6 hours 19 minutes'}"
99,z0JDHDmlF0xC3xmv,1745042029231,429,Access limit reached,"{'error': 'Access limit reached', 'retry_after': '6 hours 19 minutes'}"
99,z0JDHDmlF0xC3xmv,1745056336231,429,Access limit reached,"{'error': 'Access limit reached', 'retry_after': '6 hours 19 minutes'}"
99,z0JDHDmlF0xC3xmv,1745013677231,429,Access limit reached,"{'error': 'Access limit reached', 'retry_after': '6 hours 19 minutes'}"
99,z0JDHDmlF0xC3xmv,1745008169231,429,Access limit reached,"{'error': 'Access limit reached', 'retry_after': '6 hours 19 minutes'}"
99,z0JDHDmlF0xC3xmv,1745011023231,429,Access limit reached,"{'error': 'Access limit reached', 'retry_after': '6 hours 19 minutes'}"
99,z0JDHDmlF0xC3xmv,1745048779231,429,Access limit reached,"{'error': 'Access limit reached', 'retry_after': '6 hours 19 minutes'}"
99,z0JDHDmlF0xC3xmv,1745073832231,429,Access limit reached,"{'error': 'Access limit reached', 'retry_after': '6 hours 19 minutes'}"
99,z0JDHDmlF0xC3xmv,1745013911231,429,Access limit reached,"{'error': 'Access limit reached', 'retry_after': '6 hours 19 minutes'}"
99,z0JDHDmlF0xC3xmv,1745045787231,429,Access limit reached,"{'error': 'Access limit reached', 'retry_after': '6 hours 19 minutes'}"
99,z0JDHDmlF0xC3xmv,1745023365231,429,Access limit reached,"{'error': 'Access limit reached', 'retry_after': '6 hours 19 minutes'}"
99,z0JDHDmlF0xC3xmv,1745073211231,429,Access limit reached,"{'error': 'Access limit reached', 'retry_after': '6 hours 19 minutes'}"
99,z0JDHDmlF0xC3xmv,1745012696231,429,Access limit reached,"{'error': 'Access limit reached', 'retry_after': '6 hours 19 minutes'}"
99,z0JDHDmlF0xC3xmv,1745059845231,429,Access limit reached,"{'error': 'Access limit reached', 'retry_after': '6 hours 19 minutes'}"
99,z0JDHDmlF0xC3xmv,1745028510231,429,Access limit reached,"{'error': 'Access limit reached', 'retry_after': '6 hours 19 minutes'}"
99,z0JDHDmlF0xC3xmv,1745021311231,429,Access limit reached,"{'error': 'Access limit reached', 'retry_after': '6 hours 19 minutes'}"
99,z0JDHDmlF0xC3xmv,1745060682231,429,Access limit reached,"{'error': 'Access limit reached', 'retry_after': '6 hours 19 minutes'}"
99,z0JDHDmlF0xC3xmv,1745061915231,429,Access limit reached,"{'error': 'Access limit reached', 'retry_after': '6 hours 19 minutes'}"
99,z0JDHDmlF0xC3xmv,1745045212231,429,Access limit reached,"{'error': 'Access limit reached', 'retry_after': '6 hours 19 minutes'}"
99,z0JDHDmlF0xC3xmv,1745064474231,429,Access limit reached,"{'error': 'Access limit reached', 'retry_after': '6 hours 19 minutes'}"
99,z0JDHDmlF0xC3xmv,1745014294231,429,Access limit reached,"{'error': 'Access limit reached', 'retry_after': '6 hours 19 minutes'}"
99,z0JDHDmlF0xC3xmv,1745041289231,429,Access limit reached,"{'error': 'Access limit reached', 'retry_after': '6 hours 19 minutes'}"
99,z0JDHDmlF0xC3xmv,1745017731231,429,Access limit reached,"{'error': 'Access limit reached', 'retry_after': '6 hours 19 minutes'}"
99,z0JDHDmlF0xC3xmv,1745078783231,429,Access limit reached,"{'error': 'Access limit reached', 'retry_after': '6 hours 19 minutes'}"
99,z0JDHDmlF0xC3xmv,1745051268231,429,Access limit reached,"{'error': 'Access limit reached', 'retry_after': '6 hours 19 minutes'}"
99,z0JDHDmlF0xC3xmv,1745028965231,429,Access limit reached,"{'error': 'Access limit reached', 'retry_after': '6 hours 19 minutes'}"
100,IzFNSTGy3eHVyDTQ,1745053250231,429,Access limit reached,"{'error': 'Access limit reached', 'retry_after': '4 hours 47 minutes'}"
100,IzFNSTGy3eHVyDTQ,1745024757231,429,Access limit reached,"{'error': 'Access limit reached', 'retry_after': '4 hours 47 minutes'}"
100,IzFNSTGy3eHVyDTQ,1745014293231,429,Access limit reached,"{'error': 'Access limit reached', 'retry_after': '4 hours 47 minutes'}"
100,IzFNSTGy3eHVyDTQ,1745065811231,429,Access limit reached,"{'error': 'Access limit reached', 'retry_after': '4 hours 47 minutes'}"
100,IzFNSTGy3eHVyDTQ,1745055299231,429,Access limit reached,"{'error': 'Access limit reached', 'retry_after': '4 hours 47 minutes'}"
100,IzFNSTGy3eHVyDTQ,1745024443231,429,Access limit reached,"{'error': 'Access limit reached', 'retry_after': '4 hours 47 minutes'}"
100,IzFNSTGy3eHVyDTQ,1745070553231,429,Access limit reached,"{'error': 'Access limit reached', 'retry_after': '4 hours 47 minutes'}"
100,IzFNSTGy3eHVyDTQ,1745035508231,429,Access limit reached,"{'error': 'Access limit reached', 'retry_after': '4 hours 47 minutes'}"
100,IzFNSTGy3eHVyDTQ,1745013082231,429,Access limit reached,"{'error': 'Access limit reached', 'retry_after': '4 hours 47 minutes'}"
100,IzFNSTGy3eHVyDTQ,1745065117231,429,Access limit reached,"{'error': 'Access limit reached', 'retry_after': '4 hours 47 minutes'}"
100,IzFNSTGy3eHVyDTQ,1745024716231,429,Access limit reached,"{'error': 'Access limit reached', 'retry_after': '4 hours 47 minutes'}"
100,IzFNSTGy3eHVyDTQ,1745028128231,429,Access limit reached,"{'error': 'Access limit reached', 'retry_after': '4 hours 47 minutes'}"
100,IzFNSTGy3eHVyDTQ,1745058617231,429,Access limit reached,"{'error': 'Access limit reached', 'retry_after': '4 hours 47 minutes'}"
100,IzFNSTGy3eHVyDTQ,1745079102231,429,Access limit reached,"{'error': 'Access limit reached', 'retry_after': '4 hours 47 minutes'}"
100,IzFNSTGy3eHVyDTQ,1745070652231,429,Access limit reached,"{'error': 'Access limit reached', 'retry_after': '4 hours 47 minutes'}"
100,IzFNSTGy3eHVyDTQ,1745052497231,429,Access limit reached,"{'error': 'Access limit reached', 'retry_after': '4 hours 47 minutes'}"
100,IzFNSTGy3eHVyDTQ,1745066936231,429,Access limit reached,"{'error': 'Access limit reached', 'retry_after': '4 hours 47 minutes'}"
100,IzFNSTGy3eHVyDTQ,1745044174231,429,Access limit reached,"{'error': 'Access limit reached', 'retry_after': '4 hours 47 minutes'}"
100,IzFNSTGy3eHVyDTQ,1745007142231,429,Access limit reached,"{'error': 'Access limit reached', 'retry_after': '4 hours 47 minutes'}"
100,IzFNSTGy3eHVyDTQ,1745066209231,429,Access limit reached,"{'error': 'Access limit reached', 'retry_after': '4 hours 47 minutes'}"
100,IzFNSTGy3eHVyDTQ,1745078865231,429,Access limit reached,"{'error': 'Access limit reached', 'retry_after': '4 hours 47 minutes'}"
100,IzFNSTGy3eHVyDTQ,1745045397231,429,Access limit reached,"{'error': 'Access limit reached', 'retry_after': '4 hours 47 minutes'}"
100,IzFNSTGy3eHVyDTQ,1745067296231,429,Access limit reached,"{'error': 'Access limit reached', 'retry_after': '4 hours 47 minutes'}"
100,IzFNSTGy3eHVyDTQ,1745075628231,429,Access limit reached,"{'error': 'Access limit reached', 'retry_after': '4 hours 47 minutes'}"
100,IzFNSTGy3eHVyDTQ,1745067195231,429,Access limit reached,"{'error': 'Access limit reached', 'retry_after': '4 hours 47 minutes'}"
100,IzFNSTGy3eHVyDTQ,1745007920231,429,Access limit reached,"{'error': 'Access limit reached', 'retry_after': '4 hours 47 minutes'}"
100,IzFNSTGy3eHVyDTQ,1745056159231,429,Access limit reached,"{'error': 'Access limit reached', 'retry_after': '4 hours 47 minutes'}"
100,IzFNSTGy3eHVyDTQ,1745069955231,429,Access limit reached,"{'error': 'Access limit reached', 'retry_after': '4 hours 47 minutes'}"
100,IzFNSTGy3eHVyDTQ,1745056396231,429,Access limit reached,"{'error': 'Access limit reached', 'retry_after': '4 hours 47 minutes'}"
100,IzFNSTGy3eHVyDTQ,1745056009231,429,Access limit reached,"{'error': 'Access limit reached', 'retry_after': '4 hours 47 minutes'}"
100,IzFNSTGy3eHVyDTQ,1745035853231,429,Access limit reached,"{'error': 'Access limit reached', 'retry_after': '4 hours 47 minutes'}"
100,IzFNSTGy3eHVyDTQ,1745054778231,429,Access limit reached,"{'error': 'Access limit reached', 'retry_after': '4 hours 47 minutes'}"
100,IzFNSTGy3eHVyDTQ,1745066411231,429,Access limit reached,"{'error': 'Access limit reached', 'retry_after': '4 hours 47 minutes'}"
100,IzFNSTGy3eHVyDTQ,1745037435231,429,Access limit reached,"{'error': 'Access limit reached', 'retry_after': '4 hours 47 minutes'}"
100,IzFNSTGy3eHVyDTQ,1745039545231,429,Access limit reached,"{'error': 'Access limit reached', 'retry_after': '4 hours 47 minutes'}"
100,IzFNSTGy3eHVyDTQ,1745015608231,429,Access limit reached,"{'error': 'Access limit reached', 'retry_after': '4 hours 47 minutes'}"
100,IzFNSTGy3eHVyDTQ,1745032026231,429,Access limit reached,"{'error': 'Access limit reached', 'retry_after': '4 hours 47 minutes'}"
101,z0JDHDmlF0xC3xmv,1745036222231,429,Access limit reached,"{'error': 'Access limit reached', 'retry_after': '6 hours 19 minutes'}"
101,z0JDHDmlF0xC3xmv,1745009309231,429,Access limit reached,"{'error': 'Access limit reached', 'retry_after': '6 hours 19 minutes'}"
101,z0JDHDmlF0xC3xmv,1745056638231,429,Access limit reached,"{'error': 'Access limit reached', 'retry_after': '6 hours 19 minutes'}"
101,z0JDHDmlF0xC3xmv,1745054425231,429,Access limit reached,"{'error': 'Access limit reached', 'retry_after': '6 hours 19 minutes'}"
101,z0JDHDmlF0xC3xmv,1745048761231,429,Access limit reached,"{'error': 'Access limit reached', 'retry_after': '6 hours 19 minutes'}"
101,z0JDHDmlF0xC3xmv,1745062294231,429,Access limit reached,"{'error': 'Access limit reached', 'retry_after': '6 hours 19 minutes'}"
101,z0JDHDmlF0xC3xmv,1745077415231,429,Access limit reached,"{'error': 'Access limit reached', 'retry_after': '6 hours 19 minutes'}"
101,z0JDHDmlF0xC3xmv,1745041946231,429,Access limit reached,"{'error': 'Access limit reached', 'retry_after': '6 hours 19 minutes'}"
101,z0JDHDmlF0xC3xmv,1745060095231,429,Access limit reached,"{'error': 'Access limit reached', 'retry_after': '6 hours 19 minutes'}"
101,z0JDHDmlF0xC3xmv,1745020076231,429,Access limit reached,"{'error': 'Access limit reached', 'retry_after': '6 hours 19 minutes'}"
101,z0JDHDmlF0xC3xmv,1745043934231,429,Access limit reached,"{'error': 'Access limit reached', 'retry_after': '6 hours 19 minutes'}"
101,z0JDHDmlF0xC3xmv,1745076981231,429,Access limit reached,"{'error': 'Access limit reached', 'retry_after': '6 hours 19 minutes'}"
101,z0JDHDmlF0xC3xmv,1745036267231,429,Access limit reached,"{'error': 'Access limit reached', 'retry_after': '6 hours 19 minutes'}"
101,z0JDHDmlF0xC3xmv,1745055789231,429,Access limit reached,"{'error': 'Access limit reached', 'retry_after': '6 hours 19 minutes'}"
101,z0JDHDmlF0xC3xmv,1745057615231,429,Access limit reached,"{'error': 'Access limit reached', 'retry_after': '6 hours 19 minutes'}"
101,z0JDHDmlF0xC3xmv,1745075578231,429,Access limit reached,"{'error': 'Access limit reached', 'retry_after': '6 hours 19 minutes'}"
101,z0JDHDmlF0xC3xmv,1745026098231,429,Access limit reached,"{'error': 'Access limit reached', 'retry_after': '6 hours 19 minutes'}"
101,z0JDHDmlF0xC3xmv,1745036478231,429,Access limit reached,"{'error': 'Access limit reached', 'retry_after': '6 hours 19 minutes'}"
101,z0JDHDmlF0xC3xmv,1745027909231,429,Access limit reached,"{'error': 'Access limit reached', 'retry_after': '6 hours 19 minutes'}"
101,z0JDHDmlF0xC3xmv,1745023617231,429,Access limit reached,"{'error': 'Access limit reached', 'retry_after': '6 hours 19 minutes'}"
101,z0JDHDmlF0xC3xmv,1745022051231,429,Access limit reached,"{'error': 'Access limit reached', 'retry_after': '6 hours 19 minutes'}"
101,z0JDHDmlF0xC3xmv,1745012735231,429,Access limit reached,"{'error': 'Access limit reached', 'retry_after': '6 hours 19 minutes'}"
101,z0JDHDmlF0xC3xmv,1745030704231,429,Access limit reached,"{'error': 'Access limit reached', 'retry_after': '6 hours 19 minutes'}"
101,z0JDHDmlF0xC3xmv,1745073659231,429,Access limit reached,"{'error': 'Access limit reached', 'retry_after': '6 hours 19 minutes'}"
101,z0JDHDmlF0xC3xmv,1745043912231,429,Access limit reached,"{'error': 'Access limit reached', 'retry_after': '6 hours 19 minutes'}"
101,z0JDHDmlF0xC3xmv,1745034485231,429,Access limit reached,"{'error': 'Access limit reached', 'retry_after': '6 hours 19 minutes'}"
101,z0JDHDmlF0xC3xmv,1745021421231,429,Access limit reached,"{'error': 'Access limit reached', 'retry_after': '6 hours 19 minutes'}"
101,z0JDHDmlF0xC3xmv,1745008809231,429,Access limit reached,"{'error': 'Access limit reached', 'retry_after': '6 hours 19 minutes'}"
101,z0JDHDmlF0xC3xmv,1745017355231,429,Access limit reached,"{'error': 'Access limit reached', 'retry_after': '6 hours 19 minutes'}"
101,z0JDHDmlF0xC3xmv,1745028189231,429,Access limit reached,"{'error': 'Access limit reached', 'retry_after': '6 hours 19 minutes'}"
101,z0JDHDmlF0xC3xmv,1745053375231,429,Access limit reached,"{'error': 'Access limit reached', 'retry_after': '6 hours 19 minutes'}"
101,z0JDHDmlF0xC3xmv,1745058518231,429,Access limit reached,"{'error': 'Access limit reached', 'retry_after': '6 hours 19 minutes'}"
101,z0JDHDmlF0xC3xmv,1745061947231,429,Access limit reached,"{'error': 'Access limit reached', 'retry_after': '6 hours 19 minutes'}"
101,z0JDHDmlF0xC3xmv,1745055407231,429,Access limit reached,"{'error': 'Access limit reached', 'retry_after': '6 hours 19 minutes'}"
101,z0JDHDmlF0xC3xmv,1745071265231,429,Access limit reached,"{'error': 'Access limit reached', 'retry_after': '6 hours 19 minutes'}"
101,z0JDHDmlF0xC3xmv,1745016815231,429,Access limit reached,"{'error': 'Access limit reached', 'retry_after': '6 hours 19 minutes'}"
101,z0JDHDmlF0xC3xmv,1745055646231,429,Access limit reached,"{'error': 'Access limit reached', 'retry_after': '6 hours 19 minutes'}"
101,z0JDHDmlF0xC3xmv,1745050302231,429,Access limit reached,"{'error': 'Access limit reached', 'retry_after': '6 hours 19 minutes'}"
101,z0JDHDmlF0xC3xmv,1745060548231,429,Access limit reached,"{'error': 'Access limit reached', 'retry_after': '6 hours 19 minutes'}"
101,z0JDHDmlF0xC3xmv,1745041163231,429,Access limit reached,"{'error': 'Access limit reached', 'retry_after': '6 hours 19 minutes'}"
101,z0JDHDmlF0xC3xmv,1745017303231,429,Access limit reached,"{'error': 'Access limit reached', 'retry_after': '6 hours 19 minutes'}"
102,U3gq6cIPD3Hy2aYQ,1745078572231,429,Access limit reached,"{'error': 'Access limit reached', 'retry_after': '6 hours 7 minutes'}"
102,U3gq6cIPD3Hy2aYQ,1745043389231,429,Access limit reached,"{'error': 'Access limit reached', 'retry_after': '6 hours 7 minutes'}"
102,U3gq6cIPD3Hy2aYQ,1745046870231,429,Access limit reached,"{'error': 'Access limit reached', 'retry_after': '6 hours 7 minutes'}"
102,U3gq6cIPD3Hy2aYQ,1745069985231,429,Access limit reached,"{'error': 'Access limit reached', 'retry_after': '6 hours 7 minutes'}"
102,U3gq6cIPD3Hy2aYQ,1745039174231,429,Access limit reached,"{'error': 'Access limit reached', 'retry_after': '6 hours 7 minutes'}"
102,U3gq6cIPD3Hy2aYQ,1745011222231,429,Access limit reached,"{'error': 'Access limit reached', 'retry_after': '6 hours 7 minutes'}"
102,U3gq6cIPD3Hy2aYQ,1745039731231,429,Access limit reached,"{'error': 'Access limit reached', 'retry_after': '6 hours 7 minutes'}"
102,U3gq6cIPD3Hy2aYQ,1745024210231,429,Access limit reached,"{'error': 'Access limit reached', 'retry_after': '6 hours 7 minutes'}"
102,U3gq6cIPD3Hy2aYQ,1745035771231,429,Access limit reached,"{'error': 'Access limit reached', 'retry_after': '6 hours 7 minutes'}"
102,U3gq6cIPD3Hy2aYQ,1745073815231,429,Access limit reached,"{'error': 'Access limit reached', 'retry_after': '6 hours 7 minutes'}"
102,U3gq6cIPD3Hy2aYQ,1745024293231,429,Access limit reached,"{'error': 'Access limit reached', 'retry_after': '6 hours 7 minutes'}"
102,U3gq6cIPD3Hy2aYQ,1745041947231,429,Access limit reached,"{'error': 'Access limit reached', 'retry_after': '6 hours 7 minutes'}"
102,U3gq6cIPD3Hy2aYQ,1745064482231,429,Access limit reached,"{'error': 'Access limit reached', 'retry_after': '6 hours 7 minutes'}"
102,U3gq6cIPD3Hy2aYQ,1745079076231,429,Access limit reached,"{'error': 'Access limit reached', 'retry_after': '6 hours 7 minutes'}"
102,U3gq6cIPD3Hy2aYQ,1745078635231,429,Access limit reached,"{'error': 'Access limit reached', 'retry_after': '6 hours 7 minutes'}"
102,U3gq6cIPD3Hy2aYQ,1745068050231,429,Access limit reached,"{'error': 'Access limit reached', 'retry_after': '6 hours 7 minutes'}"
102,U3gq6cIPD3Hy2aYQ,1745015622231,429,Access limit reached,"{'error': 'Access limit reached', 'retry_after': '6 hours 7 minutes'}"
102,U3gq6cIPD3Hy2aYQ,1745025623231,429,Access limit reached,"{'error': 'Access limit reached', 'retry_after': '6 hours 7 minutes'}"
102,U3gq6cIPD3Hy2aYQ,1745020947231,429,Access limit reached,"{'error': 'Access limit reached', 'retry_after': '6 hours 7 minutes'}"
102,U3gq6cIPD3Hy2aYQ,1745075712231,429,Access limit reached,"{'error': 'Access limit reached', 'retry_after': '6 hours 7 minutes'}"
102,U3gq6cIPD3Hy2aYQ,1745016661231,429,Access limit reached,"{'error': 'Access limit reached', 'retry_after': '6 hours 7 minutes'}"
102,U3gq6cIPD3Hy2aYQ,1745073032231,429,Access limit reached,"{'error': 'Access limit reached', 'retry_after': '6 hours 7 minutes'}"
102,U3gq6cIPD3Hy2aYQ,1745031160231,429,Access limit reached,"{'error': 'Access limit reached', 'retry_after': '6 hours 7 minutes'}"
102,U3gq6cIPD3Hy2aYQ,1745052357231,429,Access limit reached,"{'error': 'Access limit reached', 'retry_after': '6 hours 7 minutes'}"
102,U3gq6cIPD3Hy2aYQ,1745068773231,429,Access limit reached,"{'error': 'Access limit reached', 'retry_after': '6 hours 7 minutes'}"
102,U3gq6cIPD3Hy2aYQ,1745020167231,429,Access limit reached,"{'error': 'Access limit reached', 'retry_after': '6 hours 7 minutes'}"
102,U3gq6cIPD3Hy2aYQ,1745009406231,429,Access limit reached,"{'error': 'Access limit reached', 'retry_after': '6 hours 7 minutes'}"
102,U3gq6cIPD3Hy2aYQ,1745077749231,429,Access limit reached,"{'error': 'Access limit reached', 'retry_after': '6 hours 7 minutes'}"
102,U3gq6cIPD3Hy2aYQ,1745032908231,429,Access limit reached,"{'error': 'Access limit reached', 'retry_after': '6 hours 7 minutes'}"
102,U3gq6cIPD3Hy2aYQ,1745048845231,429,Access limit reached,"{'error': 'Access limit reached', 'retry_after': '6 hours 7 minutes'}"
102,U3gq6cIPD3Hy2aYQ,1745074745231,429,Access limit reached,"{'error': 'Access limit reached', 'retry_after': '6 hours 7 minutes'}"
102,U3gq6cIPD3Hy2aYQ,1745054666231,429,Access limit reached,"{'error': 'Access limit reached', 'retry_after': '6 hours 7 minutes'}"
102,U3gq6cIPD3Hy2aYQ,1745041736231,429,Access limit reached,"{'error': 'Access limit reached', 'retry_after': '6 hours 7 minutes'}"
102,U3gq6cIPD3Hy2aYQ,1745030264231,429,Access limit reached,"{'error': 'Access limit reached', 'retry_after': '6 hours 7 minutes'}"
102,U3gq6cIPD3Hy2aYQ,1745010137231,429,Access limit reached,"{'error': 'Access limit reached', 'retry_after': '6 hours 7 minutes'}"
102,U3gq6cIPD3Hy2aYQ,1745020238231,429,Access limit reached,"{'error': 'Access limit reached', 'retry_after': '6 hours 7 minutes'}"
102,U3gq6cIPD3Hy2aYQ,1745017465231,429,Access limit reached,"{'error': 'Access limit reached', 'retry_after': '6 hours 7 minutes'}"
102,U3gq6cIPD3Hy2aYQ,1745052153231,429,Access limit reached,"{'error': 'Access limit reached', 'retry_after': '6 hours 7 minutes'}"
102,U3gq6cIPD3Hy2aYQ,1745060731231,429,Access limit reached,"{'error': 'Access limit reached', 'retry_after': '6 hours 7 minutes'}"
103,3nBKrhW1fBAghtFJ,1745032284231,429,Access limit reached,"{'error': 'Access limit reached', 'retry_after': '4 hours 56 minutes'}"
103,3nBKrhW1fBAghtFJ,1745027190231,429,Access limit reached,"{'error': 'Access limit reached', 'retry_after': '4 hours 56 minutes'}"
103,3nBKrhW1fBAghtFJ,1745024588231,429,Access limit reached,"{'error': 'Access limit reached', 'retry_after': '4 hours 56 minutes'}"
103,3nBKrhW1fBAghtFJ,1745033345231,429,Access limit reached,"{'error': 'Access limit reached', 'retry_after': '4 hours 56 minutes'}"
103,3nBKrhW1fBAghtFJ,1745075892231,429,Access limit reached,"{'error': 'Access limit reached', 'retry_after': '4 hours 56 minutes'}"
103,3nBKrhW1fBAghtFJ,1745068311231,429,Access limit reached,"{'error': 'Access limit reached', 'retry_after': '4 hours 56 minutes'}"
103,3nBKrhW1fBAghtFJ,1745040136231,429,Access limit reached,"{'error': 'Access limit reached', 'retry_after': '4 hours 56 minutes'}"
103,3nBKrhW1fBAghtFJ,1745021764231,429,Access limit reached,"{'error': 'Access limit reached', 'retry_after': '4 hours 56 minutes'}"
103,3nBKrhW1fBAghtFJ,1745017451231,429,Access limit reached,"{'error': 'Access limit reached', 'retry_after': '4 hours 56 minutes'}"
103,3nBKrhW1fBAghtFJ,1745026069231,429,Access limit reached,"{'error': 'Access limit reached', 'retry_after': '4 hours 56 minutes'}"
103,3nBKrhW1fBAghtFJ,1745047206231,429,Access limit reached,"{'error': 'Access limit reached', 'retry_after': '4 hours 56 minutes'}"
103,3nBKrhW1fBAghtFJ,1745072221231,429,Access limit reached,"{'error': 'Access limit reached', 'retry_after': '4 hours 56 minutes'}"
103,3nBKrhW1fBAghtFJ,1745010216231,429,Access limit reached,"{'error': 'Access limit reached', 'retry_after': '4 hours 56 minutes'}"
103,3nBKrhW1fBAghtFJ,1745057430231,429,Access limit reached,"{'error': 'Access limit reached', 'retry_after': '4 hours 56 minutes'}"
103,3nBKrhW1fBAghtFJ,1745056001231,429,Access limit reached,"{'error': 'Access limit reached', 'retry_after': '4 hours 56 minutes'}"
103,3nBKrhW1fBAghtFJ,1745042308231,429,Access limit reached,"{'error': 'Access limit reached', 'retry_after': '4 hours 56 minutes'}"
103,3nBKrhW1fBAghtFJ,1745044556231,429,Access limit reached,"{'error': 'Access limit reached', 'retry_after': '4 hours 56 minutes'}"
103,3nBKrhW1fBAghtFJ,1745042018231,429,Access limit reached,"{'error': 'Access limit reached', 'retry_after': '4 hours 56 minutes'}"
103,3nBKrhW1fBAghtFJ,1745023811231,429,Access limit reached,"{'error': 'Access limit reached', 'retry_after': '4 hours 56 minutes'}"
103,3nBKrhW1fBAghtFJ,1745065574231,429,Access limit reached,"{'error': 'Access limit reached', 'retry_after': '4 hours 56 minutes'}"
103,3nBKrhW1fBAghtFJ,1745052251231,429,Access limit reached,"{'error': 'Access limit reached', 'retry_after': '4 hours 56 minutes'}"
103,3nBKrhW1fBAghtFJ,1745042850231,429,Access limit reached,"{'error': 'Access limit reached', 'retry_after': '4 hours 56 minutes'}"
103,3nBKrhW1fBAghtFJ,1745075212231,429,Access limit reached,"{'error': 'Access limit reached', 'retry_after': '4 hours 56 minutes'}"
103,3nBKrhW1fBAghtFJ,1745060988231,429,Access limit reached,"{'error': 'Access limit reached', 'retry_after': '4 hours 56 minutes'}"
103,3nBKrhW1fBAghtFJ,1745075597231,429,Access limit reached,"{'error': 'Access limit reached', 'retry_after': '4 hours 56 minutes'}"
103,3nBKrhW1fBAghtFJ,1745049079231,429,Access limit reached,"{'error': 'Access limit reached', 'retry_after': '4 hours 56 minutes'}"
103,3nBKrhW1fBAghtFJ,1745030182231,429,Access limit reached,"{'error': 'Access limit reached', 'retry_after': '4 hours 55 minutes'}"
103,3nBKrhW1fBAghtFJ,1745066123231,429,Access limit reached,"{'error': 'Access limit reached', 'retry_after': '4 hours 55 minutes'}"
103,3nBKrhW1fBAghtFJ,1745024876231,429,Access limit reached,"{'error': 'Access limit reached', 'retry_after': '4 hours 55 minutes'}"
103,3nBKrhW1fBAghtFJ,1745007879231,429,Access limit reached,"{'error': 'Access limit reached', 'retry_after': '4 hours 55 minutes'}"
103,3nBKrhW1fBAghtFJ,1745078464231,429,Access limit reached,"{'error': 'Access limit reached', 'retry_after': '4 hours 55 minutes'}"
103,3nBKrhW1fBAghtFJ,1745056643231,429,Access limit reached,"{'error': 'Access limit reached', 'retry_after': '4 hours 55 minutes'}"
103,3nBKrhW1fBAghtFJ,1745012440231,429,Access limit reached,"{'error': 'Access limit reached', 'retry_after': '4 hours 55 minutes'}"
103,3nBKrhW1fBAghtFJ,1745031549231,429,Access limit reached,"{'error': 'Access limit reached', 'retry_after': '4 hours 55 minutes'}"
103,3nBKrhW1fBAghtFJ,1745045464231,429,Access limit reached,"{'error': 'Access limit reached', 'retry_after': '4 hours 55 minutes'}"
103,3nBKrhW1fBAghtFJ,1745037964231,429,Access limit reached,"{'error': 'Access limit reached', 'retry_after': '4 hours 55 minutes'}"
103,3nBKrhW1fBAghtFJ,1745065531231,429,Access limit reached,"{'error': 'Access limit reached', 'retry_after': '4 hours 55 minutes'}"
104,XxbRFGNYZnZSAQYX,1745016529231,429,Access limit reached,"{'error': 'Access limit reached', 'retry_after': '4 hours 52 minutes'}"
104,XxbRFGNYZnZSAQYX,1745064239231,429,Access limit reached,"{'error': 'Access limit reached', 'retry_after': '4 hours 52 minutes'}"
104,XxbRFGNYZnZSAQYX,1745045834231,429,Access limit reached,"{'error': 'Access limit reached', 'retry_after': '4 hours 52 minutes'}"
104,XxbRFGNYZnZSAQYX,1745007632231,429,Access limit reached,"{'error': 'Access limit reached', 'retry_after': '4 hours 52 minutes'}"
104,XxbRFGNYZnZSAQYX,1745073690231,429,Access limit reached,"{'error': 'Access limit reached', 'retry_after': '4 hours 52 minutes'}"
104,XxbRFGNYZnZSAQYX,1745010151231,429,Access limit reached,"{'error': 'Access limit reached', 'retry_after': '4 hours 52 minutes'}"
104,XxbRFGNYZnZSAQYX,1745066903231,429,Access limit reached,"{'error': 'Access limit reached', 'retry_after': '4 hours 52 minutes'}"
104,XxbRFGNYZnZSAQYX,1745029000231,429,Access limit reached,"{'error': 'Access limit reached', 'retry_after': '4 hours 52 minutes'}"
104,XxbRFGNYZnZSAQYX,1745041334231,429,Access limit reached,"{'error': 'Access limit reached', 'retry_after': '4 hours 52 minutes'}"
104,XxbRFGNYZnZSAQYX,1745008710231,429,Access limit reached,"{'error': 'Access limit reached', 'retry_after': '4 hours 52 minutes'}"
104,XxbRFGNYZnZSAQYX,1745050675231,429,Access limit reached,"{'error': 'Access limit reached', 'retry_after': '4 hours 52 minutes'}"
104,XxbRFGNYZnZSAQYX,1745011925231,429,Access limit reached,"{'error': 'Access limit reached', 'retry_after': '4 hours 52 minutes'}"
104,XxbRFGNYZnZSAQYX,1745031610231,429,Access limit reached,"{'error': 'Access limit reached', 'retry_after': '4 hours 52 minutes'}"
104,XxbRFGNYZnZSAQYX,1745063734231,429,Access limit reached,"{'error': 'Access limit reached', 'retry_after': '4 hours 52 minutes'}"
104,XxbRFGNYZnZSAQYX,1745028694231,429,Access limit reached,"{'error': 'Access limit reached', 'retry_after': '4 hours 52 minutes'}"
104,XxbRFGNYZnZSAQYX,1745037120231,429,Access limit reached,"{'error': 'Access limit reached', 'retry_after': '4 hours 52 minutes'}"
104,XxbRFGNYZnZSAQYX,1745014257231,429,Access limit reached,"{'error': 'Access limit reached', 'retry_after': '4 hours 52 minutes'}"
104,XxbRFGNYZnZSAQYX,1745032467231,429,Access limit reached,"{'error': 'Access limit reached', 'retry_after': '4 hours 52 minutes'}"
104,XxbRFGNYZnZSAQYX,1745077637231,429,Access limit reached,"{'error': 'Access limit reached', 'retry_after': '4 hours 52 minutes'}"
104,XxbRFGNYZnZSAQYX,1745065173231,429,Access limit reached,"{'error': 'Access limit reached', 'retry_after': '4 hours 52 minutes'}"
104,XxbRFGNYZnZSAQYX,1745068672231,429,Access limit reached,"{'error': 'Access limit reached', 'retry_after': '4 hours 52 minutes'}"
104,XxbRFGNYZnZSAQYX,1745070982231,429,Access limit reached,"{'error': 'Access limit reached', 'retry_after': '4 hours 52 minutes'}"
104,XxbRFGNYZnZSAQYX,1745068046231,429,Access limit reached,"{'error': 'Access limit reached', 'retry_after': '4 hours 52 minutes'}"
104,XxbRFGNYZnZSAQYX,1745052080231,429,Access limit reached,"{'error': 'Access limit reached', 'retry_after': '4 hours 52 minutes'}"
104,XxbRFGNYZnZSAQYX,1745036527231,429,Access limit reached,"{'error': 'Access limit reached', 'retry_after': '4 hours 52 minutes'}"
104,XxbRFGNYZnZSAQYX,1745062204231,429,Access limit reached,"{'error': 'Access limit reached', 'retry_after': '4 hours 52 minutes'}"
104,XxbRFGNYZnZSAQYX,1745060537231,429,Access limit reached,"{'error': 'Access limit reached', 'retry_after': '4 hours 52 minutes'}"
104,XxbRFGNYZnZSAQYX,1745072145231,429,Access limit reached,"{'error': 'Access limit reached', 'retry_after': '4 hours 52 minutes'}"
104,XxbRFGNYZnZSAQYX,1745073136231,429,Access limit reached,"{'error': 'Access limit reached', 'retry_after': '4 hours 52 minutes'}"
104,XxbRFGNYZnZSAQYX,1745064148231,429,Access limit reached,"{'error': 'Access limit reached', 'retry_after': '4 hours 52 minutes'}"
104,XxbRFGNYZnZSAQYX,1745047617231,429,Access limit reached,"{'error': 'Access limit reached', 'retry_after': '4 hours 52 minutes'}"
104,XxbRFGNYZnZSAQYX,1745030583231,429,Access limit reached,"{'error': 'Access limit reached', 'retry_after': '4 hours 52 minutes'}"
104,XxbRFGNYZnZSAQYX,1745047010231,429,Access limit reached,"{'error': 'Access limit reached', 'retry_after': '4 hours 52 minutes'}"
104,XxbRFGNYZnZSAQYX,1745008998231,429,Access limit reached,"{'error': 'Access limit reached', 'retry_after': '4 hours 52 minutes'}"
104,XxbRFGNYZnZSAQYX,1745076750231,429,Access limit reached,"{'error': 'Access limit reached', 'retry_after': '4 hours 52 minutes'}"
104,XxbRFGNYZnZSAQYX,1745025005231,429,Access limit reached,"{'error': 'Access limit reached', 'retry_after': '4 hours 52 minutes'}"
104,XxbRFGNYZnZSAQYX,1745057012231,429,Access limit reached,"{'error': 'Access limit reached', 'retry_after': '4 hours 52 minutes'}"
104,XxbRFGNYZnZSAQYX,1745067017231,429,Access limit reached,"{'error': 'Access limit reached', 'retry_after': '4 hours 52 minutes'}"
104,XxbRFGNYZnZSAQYX,1745057125231,429,Access limit reached,"{'error': 'Access limit reached', 'retry_after': '4 hours 52 minutes'}"
104,XxbRFGNYZnZSAQYX,1745026540231,429,Access limit reached,"{'error': 'Access limit reached', 'retry_after': '4 hours 52 minutes'}"
104,XxbRFGNYZnZSAQYX,1745064913231,429,Access limit reached,"{'error': 'Access limit reached', 'retry_after': '4 hours 52 minutes'}"
104,XxbRFGNYZnZSAQYX,1745012783231,429,Access limit reached,"{'error': 'Access limit reached', 'retry_after': '4 hours 52 minutes'}"
104,XxbRFGNYZnZSAQYX,1745034603231,429,Access limit reached,"{'error': 'Access limit reached', 'retry_after': '4 hours 52 minutes'}"
104,XxbRFGNYZnZSAQYX,1745047252231,429,Access limit reached,"{'error': 'Access limit reached', 'retry_after': '4 hours 52 minutes'}"
104,XxbRFGNYZnZSAQYX,1745030317231,429,Access limit reached,"{'error': 'Access limit reached', 'retry_after': '4 hours 52 minutes'}"
105,XxbRFGNYZnZSAQYX,1745034268231,429,Access limit reached,"{'error': 'Access limit reached', 'retry_after': '4 hours 52 minutes'}"
105,XxbRFGNYZnZSAQYX,1745041734231,429,Access limit reached,"{'error': 'Access limit reached', 'retry_after': '4 hours 52 minutes'}"
105,XxbRFGNYZnZSAQYX,1745068105231,429,Access limit reached,"{'error': 'Access limit reached', 'retry_after': '4 hours 52 minutes'}"
105,XxbRFGNYZnZSAQYX,1745056105231,429,Access limit reached,"{'error': 'Access limit reached', 'retry_after': '4 hours 52 minutes'}"
105,XxbRFGNYZnZSAQYX,1745030257231,429,Access limit reached,"{'error': 'Access limit reached', 'retry_after': '4 hours 52 minutes'}"
105,XxbRFGNYZnZSAQYX,1745078267231,429,Access limit reached,"{'error': 'Access limit reached', 'retry_after': '4 hours 52 minutes'}"
105,XxbRFGNYZnZSAQYX,1745067960231,429,Access limit reached,"{'error': 'Access limit reached', 'retry_after': '4 hours 52 minutes'}"
105,XxbRFGNYZnZSAQYX,1745033393231,429,Access limit reached,"{'error': 'Access limit reached', 'retry_after': '4 hours 52 minutes'}"
105,XxbRFGNYZnZSAQYX,1745024704231,429,Access limit reached,"{'error': 'Access limit reached', 'retry_after': '4 hours 52 minutes'}"
105,XxbRFGNYZnZSAQYX,1745034006231,429,Access limit reached,"{'error': 'Access limit reached', 'retry_after': '4 hours 52 minutes'}"
105,XxbRFGNYZnZSAQYX,1745049288231,429,Access limit reached,"{'error': 'Access limit reached', 'retry_after': '4 hours 52 minutes'}"
105,XxbRFGNYZnZSAQYX,1745036597231,429,Access limit reached,"{'error': 'Access limit reached', 'retry_after': '4 hours 52 minutes'}"
105,XxbRFGNYZnZSAQYX,1745049090231,429,Access limit reached,"{'error': 'Access limit reached', 'retry_after': '4 hours 52 minutes'}"
105,XxbRFGNYZnZSAQYX,1745064313231,429,Access limit reached,"{'error': 'Access limit reached', 'retry_after': '4 hours 52 minutes'}"
105,XxbRFGNYZnZSAQYX,1745063350231,429,Access limit reached,"{'error': 'Access limit reached', 'retry_after': '4 hours 52 minutes'}"
105,XxbRFGNYZnZSAQYX,1745060227231,429,Access limit reached,"{'error': 'Access limit reached', 'retry_after': '4 hours 52 minutes'}"
105,XxbRFGNYZnZSAQYX,1745025750231,429,Access limit reached,"{'error': 'Access limit reached', 'retry_after': '4 hours 52 minutes'}"
105,XxbRFGNYZnZSAQYX,1745037513231,429,Access limit reached,"{'error': 'Access limit reached', 'retry_after': '4 hours 52 minutes'}"
105,XxbRFGNYZnZSAQYX,1745049231231,429,Access limit reached,"{'error': 'Access limit reached', 'retry_after': '4 hours 52 minutes'}"
105,XxbRFGNYZnZSAQYX,1745066759231,429,Access limit reached,"{'error': 'Access limit reached', 'retry_after': '4 hours 52 minutes'}"
105,XxbRFGNYZnZSAQYX,1745018076231,429,Access limit reached,"{'error': 'Access limit reached', 'retry_after': '4 hours 52 minutes'}"
105,XxbRFGNYZnZSAQYX,1745064430231,429,Access limit reached,"{'error': 'Access limit reached', 'retry_after': '4 hours 52 minutes'}"
105,XxbRFGNYZnZSAQYX,1745017904231,429,Access limit reached,"{'error': 'Access limit reached', 'retry_after': '4 hours 52 minutes'}"
105,XxbRFGNYZnZSAQYX,1745027871231,429,Access limit reached,"{'error': 'Access limit reached', 'retry_after': '4 hours 52 minutes'}"
105,XxbRFGNYZnZSAQYX,1745049717231,429,Access limit reached,"{'error': 'Access limit reached', 'retry_after': '4 hours 52 minutes'}"
105,XxbRFGNYZnZSAQYX,1745043194231,429,Access limit reached,"{'error': 'Access limit reached', 'retry_after': '4 hours 52 minutes'}"
105,XxbRFGNYZnZSAQYX,1745070709231,429,Access limit reached,"{'error': 'Access limit reached', 'retry_after': '4 hours 52 minutes'}"
105,XxbRFGNYZnZSAQYX,1745058634231,429,Access limit reached,"{'error': 'Access limit reached', 'retry_after': '4 hours 52 minutes'}"
105,XxbRFGNYZnZSAQYX,1745073620231,429,Access limit reached,"{'error': 'Access limit reached', 'retry_after': '4 hours 52 minutes'}"
105,XxbRFGNYZnZSAQYX,1745058751231,429,Access limit reached,"{'error': 'Access limit reached', 'retry_after': '4 hours 52 minutes'}"
105,XxbRFGNYZnZSAQYX,1745032266231,429,Access limit reached,"{'error': 'Access limit reached', 'retry_after': '4 hours 52 minutes'}"
105,XxbRFGNYZnZSAQYX,1745069996231,429,Access limit reached,"{'error': 'Access limit reached', 'retry_after': '4 hours 52 minutes'}"
105,XxbRFGNYZnZSAQYX,1745009594231,429,Access limit reached,"{'error': 'Access limit reached', 'retry_after': '4 hours 52 minutes'}"
105,XxbRFGNYZnZSAQYX,1745068980231,429,Access limit reached,"{'error': 'Access limit reached', 'retry_after': '4 hours 52 minutes'}"
105,XxbRFGNYZnZSAQYX,1745040900231,429,Access limit reached,"{'error': 'Access limit reached', 'retry_after': '4 hours 52 minutes'}"
105,XxbRFGNYZnZSAQYX,1745066080231,429,Access limit reached,"{'error': 'Access limit reached', 'retry_after': '4 hours 52 minutes'}"
105,XxbRFGNYZnZSAQYX,1745066352231,429,Access limit reached,"{'error': 'Access limit reached', 'retry_after': '4 hours 52 minutes'}"
106,z0JDHDmlF0xC3xmv,1745046925231,429,Access limit reached,"{'error': 'Access limit reached', 'retry_after': '6 hours 18 minutes'}"
106,z0JDHDmlF0xC3xmv,1745010893231,429,Access limit reached,"{'error': 'Access limit reached', 'retry_after': '6 hours 18 minutes'}"
106,z0JDHDmlF0xC3xmv,1745012049231,429,Access limit reached,"{'error': 'Access limit reached', 'retry_after': '6 hours 18 minutes'}"
106,z0JDHDmlF0xC3xmv,1745027906231,429,Access limit reached,"{'error': 'Access limit reached', 'retry_after': '6 hours 18 minutes'}"
106,z0JDHDmlF0xC3xmv,1745023549231,429,Access limit reached,"{'error': 'Access limit reached', 'retry_after': '6 hours 18 minutes'}"
106,z0JDHDmlF0xC3xmv,1745033753231,429,Access limit reached,"{'error': 'Access limit reached', 'retry_after': '6 hours 18 minutes'}"
106,z0JDHDmlF0xC3xmv,1745074605231,429,Access limit reached,"{'error': 'Access limit reached', 'retry_after': '6 hours 18 minutes'}"
106,z0JDHDmlF0xC3xmv,1745051510231,429,Access limit reached,"{'error': 'Access limit reached', 'retry_after': '6 hours 18 minutes'}"
106,z0JDHDmlF0xC3xmv,1745032807231,429,Access limit reached,"{'error': 'Access limit reached', 'retry_after': '6 hours 18 minutes'}"
106,z0JDHDmlF0xC3xmv,1745007800231,429,Access limit reached,"{'error': 'Access limit reached', 'retry_after': '6 hours 18 minutes'}"
106,z0JDHDmlF0xC3xmv,1745079089231,429,Access limit reached,"{'error': 'Access limit reached', 'retry_after': '6 hours 18 minutes'}"
106,z0JDHDmlF0xC3xmv,1745073343231,429,Access limit reached,"{'error': 'Access limit reached', 'retry_after': '6 hours 18 minutes'}"
106,z0JDHDmlF0xC3xmv,1745055095231,429,Access limit reached,"{'error': 'Access limit reached', 'retry_after': '6 hours 18 minutes'}"
106,z0JDHDmlF0xC3xmv,1745067909231,429,Access limit reached,"{'error': 'Access limit reached', 'retry_after': '6 hours 18 minutes'}"
106,z0JDHDmlF0xC3xmv,1745020075231,429,Access limit reached,"{'error': 'Access limit reached', 'retry_after': '6 hours 18 minutes'}"
106,z0JDHDmlF0xC3xmv,1745028168231,429,Access limit reached,"{'error': 'Access limit reached', 'retry_after': '6 hours 18 minutes'}"
106,z0JDHDmlF0xC3xmv,1745048982231,429,Access limit reached,"{'error': 'Access limit reached', 'retry_after': '6 hours 18 minutes'}"
106,z0JDHDmlF0xC3xmv,1745038553231,429,Access limit reached,"{'error': 'Access limit reached', 'retry_after': '6 hours 18 minutes'}"
106,z0JDHDmlF0xC3xmv,1745026304231,429,Access limit reached,"{'error': 'Access limit reached', 'retry_after': '6 hours 18 minutes'}"
106,z0JDHDmlF0xC3xmv,1745043046231,429,Access limit reached,"{'error': 'Access limit reached', 'retry_after': '6 hours 18 minutes'}"
106,z0JDHDmlF0xC3xmv,1745011694231,429,Access limit reached,"{'error': 'Access limit reached', 'retry_after': '6 hours 18 minutes'}"
106,z0JDHDmlF0xC3xmv,1745025392231,429,Access limit reached,"{'error': 'Access limit reached', 'retry_after': '6 hours 18 minutes'}"
106,z0JDHDmlF0xC3xmv,1745048371231,429,Access limit reached,"{'error': 'Access limit reached', 'retry_after': '6 hours 18 minutes'}"
106,z0JDHDmlF0xC3xmv,1745050689231,429,Access limit reached,"{'error': 'Access limit reached', 'retry_after': '6 hours 18 minutes'}"
106,z0JDHDmlF0xC3xmv,1745034712231,429,Access limit reached,"{'error': 'Access limit reached', 'retry_after': '6 hours 18 minutes'}"
106,z0JDHDmlF0xC3xmv,1745015222231,429,Access limit reached,"{'error': 'Access limit reached', 'retry_after': '6 hours 18 minutes'}"
106,z0JDHDmlF0xC3xmv,1745066767231,429,Access limit reached,"{'error': 'Access limit reached', 'retry_after': '6 hours 18 minutes'}"
106,z0JDHDmlF0xC3xmv,1745067197231,429,Access limit reached,"{'error': 'Access limit reached', 'retry_after': '6 hours 18 minutes'}"
106,z0JDHDmlF0xC3xmv,1745016916231,429,Access limit reached,"{'error': 'Access limit reached', 'retry_after': '6 hours 18 minutes'}"
106,z0JDHDmlF0xC3xmv,1745047146231,429,Access limit reached,"{'error': 'Access limit reached', 'retry_after': '6 hours 18 minutes'}"
106,z0JDHDmlF0xC3xmv,1745013647231,429,Access limit reached,"{'error': 'Access limit reached', 'retry_after': '6 hours 18 minutes'}"
106,z0JDHDmlF0xC3xmv,1745045797231,429,Access limit reached,"{'error': 'Access limit reached', 'retry_after': '6 hours 18 minutes'}"
106,z0JDHDmlF0xC3xmv,1745013367231,429,Access limit reached,"{'error': 'Access limit reached', 'retry_after': '6 hours 18 minutes'}"
106,z0JDHDmlF0xC3xmv,1745057029231,429,Access limit reached,"{'error': 'Access limit reached', 'retry_after': '6 hours 18 minutes'}"
106,z0JDHDmlF0xC3xmv,1745027976231,429,Access limit reached,"{'error': 'Access limit reached', 'retry_after': '6 hours 18 minutes'}"
106,z0JDHDmlF0xC3xmv,1745031759231,429,Access limit reached,"{'error': 'Access limit reached', 'retry_after': '6 hours 18 minutes'}"
106,z0JDHDmlF0xC3xmv,1745049534231,429,Access limit reached,"{'error': 'Access limit reached', 'retry_after': '6 hours 18 minutes'}"
106,z0JDHDmlF0xC3xmv,1745008974231,429,Access limit reached,"{'error': 'Access limit reached', 'retry_after': '6 hours 18 minutes'}"
106,z0JDHDmlF0xC3xmv,1745073591231,429,Access limit reached,"{'error': 'Access limit reached', 'retry_after': '6 hours 18 minutes'}"
106,z0JDHDmlF0xC3xmv,1745071645231,429,Access limit reached,"{'error': 'Access limit reached', 'retry_after': '6 hours 18 minutes'}"
107,IzFNSTGy3eHVyDTQ,1745032699231,429,Access limit reached,"{'error': 'Access limit reached', 'retry_after': '4 hours 47 minutes'}"
107,IzFNSTGy3eHVyDTQ,1745012538231,429,Access limit reached,"{'error': 'Access limit reached', 'retry_after': '4 hours 47 minutes'}"
107,IzFNSTGy3eHVyDTQ,1745042181231,429,Access limit reached,"{'error': 'Access limit reached', 'retry_after': '4 hours 47 minutes'}"
107,IzFNSTGy3eHVyDTQ,1745025744231,429,Access limit reached,"{'error': 'Access limit reached', 'retry_after': '4 hours 47 minutes'}"
107,IzFNSTGy3eHVyDTQ,1745058034231,429,Access limit reached,"{'error': 'Access limit reached', 'retry_after': '4 hours 47 minutes'}"
107,IzFNSTGy3eHVyDTQ,1745061726231,429,Access limit reached,"{'error': 'Access limit reached', 'retry_after': '4 hours 47 minutes'}"
107,IzFNSTGy3eHVyDTQ,1745057635231,429,Access limit reached,"{'error': 'Access limit reached', 'retry_after': '4 hours 47 minutes'}"
107,IzFNSTGy3eHVyDTQ,1745074034231,429,Access limit reached,"{'error': 'Access limit reached', 'retry_after': '4 hours 46 minutes'}"
107,IzFNSTGy3eHVyDTQ,1745031391231,429,Access limit reached,"{'error': 'Access limit reached', 'retry_after': '4 hours 46 minutes'}"
107,IzFNSTGy3eHVyDTQ,1745035972231,429,Access limit reached,"{'error': 'Access limit reached', 'retry_after': '4 hours 46 minutes'}"
107,IzFNSTGy3eHVyDTQ,1745018142231,429,Access limit reached,"{'error': 'Access limit reached', 'retry_after': '4 hours 46 minutes'}"
107,IzFNSTGy3eHVyDTQ,1745063340231,429,Access limit reached,"{'error': 'Access limit reached', 'retry_after': '4 hours 46 minutes'}"
107,IzFNSTGy3eHVyDTQ,1745074992231,429,Access limit reached,"{'error': 'Access limit reached', 'retry_after': '4 hours 46 minutes'}"
107,IzFNSTGy3eHVyDTQ,1745046806231,429,Access limit reached,"{'error': 'Access limit reached', 'retry_after': '4 hours 46 minutes'}"
107,IzFNSTGy3eHVyDTQ,1745076774231,429,Access limit reached,"{'error': 'Access limit reached', 'retry_after': '4 hours 46 minutes'}"
107,IzFNSTGy3eHVyDTQ,1745042271231,429,Access limit reached,"{'error': 'Access limit reached', 'retry_after': '4 hours 46 minutes'}"
107,IzFNSTGy3eHVyDTQ,1745018674231,429,Access limit reached,"{'error': 'Access limit reached', 'retry_after': '4 hours 46 minutes'}"
107,IzFNSTGy3eHVyDTQ,1745053354231,429,Access limit reached,"{'error': 'Access limit reached', 'retry_after': '4 hours 46 minutes'}"
107,IzFNSTGy3eHVyDTQ,1745068727231,429,Access limit reached,"{'error': 'Access limit reached', 'retry_after': '4 hours 46 minutes'}"
107,IzFNSTGy3eHVyDTQ,1745023975231,429,Access limit reached,"{'error': 'Access limit reached', 'retry_after': '4 hours 46 minutes'}"
107,IzFNSTGy3eHVyDTQ,1745050815231,429,Access limit reached,"{'error': 'Access limit reached', 'retry_after': '4 hours 46 minutes'}"
107,IzFNSTGy3eHVyDTQ,1745047708231,429,Access limit reached,"{'error': 'Access limit reached', 'retry_after': '4 hours 46 minutes'}"
107,IzFNSTGy3eHVyDTQ,1745020742231,429,Access limit reached,"{'error': 'Access limit reached', 'retry_after': '4 hours 46 minutes'}"
107,IzFNSTGy3eHVyDTQ,1745025278231,429,Access limit reached,"{'error': 'Access limit reached', 'retry_after': '4 hours 46 minutes'}"
107,IzFNSTGy3eHVyDTQ,1745031816231,429,Access limit reached,"{'error': 'Access limit reached', 'retry_after': '4 hours 46 minutes'}"
107,IzFNSTGy3eHVyDTQ,1745042350231,429,Access limit reached,"{'error': 'Access limit reached', 'retry_after': '4 hours 46 minutes'}"
107,IzFNSTGy3eHVyDTQ,1745054741231,429,Access limit reached,"{'error': 'Access limit reached', 'retry_after': '4 hours 46 minutes'}"
107,IzFNSTGy3eHVyDTQ,1745066732231,429,Access limit reached,"{'error': 'Access limit reached', 'retry_after': '4 hours 46 minutes'}"
107,IzFNSTGy3eHVyDTQ,1745041917231,429,Access limit reached,"{'error': 'Access limit reached', 'retry_after': '4 hours 46 minutes'}"
107,IzFNSTGy3eHVyDTQ,1745012521231,429,Access limit reached,"{'error': 'Access limit reached', 'retry_after': '4 hours 46 minutes'}"
107,IzFNSTGy3eHVyDTQ,1745030838231,429,Access limit reached,"{'error': 'Access limit reached', 'retry_after': '4 hours 46 minutes'}"
107,IzFNSTGy3eHVyDTQ,1745073280231,429,Access limit reached,"{'error': 'Access limit reached', 'retry_after': '4 hours 46 minutes'}"
107,IzFNSTGy3eHVyDTQ,1745011023231,429,Access limit reached,"{'error': 'Access limit reached', 'retry_after': '4 hours 46 minutes'}"
107,IzFNSTGy3eHVyDTQ,1745064835231,429,Access limit reached,"{'error': 'Access limit reached', 'retry_after': '4 hours 46 minutes'}"
107,IzFNSTGy3eHVyDTQ,1745046376231,429,Access limit reached,"{'error': 'Access limit reached', 'retry_after': '4 hours 46 minutes'}"
107,IzFNSTGy3eHVyDTQ,1745042840231,429,Access limit reached,"{'error': 'Access limit reached', 'retry_after': '4 hours 46 minutes'}"
107,IzFNSTGy3eHVyDTQ,1745039628231,429,Access limit reached,"{'error': 'Access limit reached', 'retry_after': '4 hours 46 minutes'}"
107,IzFNSTGy3eHVyDTQ,1745061533231,429,Access limit reached,"{'error': 'Access limit reached', 'retry_after': '4 hours 46 minutes'}"
107,IzFNSTGy3eHVyDTQ,1745028621231,429,Access limit reached,"{'error': 'Access limit reached', 'retry_after': '4 hours 46 minutes'}"
107,IzFNSTGy3eHVyDTQ,1745048282231,429,Access limit reached,"{'error': 'Access limit reached', 'retry_after': '4 hours 46 minutes'}"
107,IzFNSTGy3eHVyDTQ,1745014550231,429,Access limit reached,"{'error': 'Access limit reached', 'retry_after': '4 hours 46 minutes'}"
107,IzFNSTGy3eHVyDTQ,1745077131231,429,Access limit reached,"{'error': 'Access limit reached', 'retry_after': '4 hours 46 minutes'}"
108,XxbRFGNYZnZSAQYX,1745072657231,429,Access limit reached,"{'error': 'Access limit reached', 'retry_after': '4 hours 52 minutes'}"
108,XxbRFGNYZnZSAQYX,1745073149231,429,Access limit reached,"{'error': 'Access limit reached', 'retry_after': '4 hours 52 minutes'}"
108,XxbRFGNYZnZSAQYX,1745042343231,429,Access limit reached,"{'error': 'Access limit reached', 'retry_after': '4 hours 52 minutes'}"
108,XxbRFGNYZnZSAQYX,1745009315231,429,Access limit reached,"{'error': 'Access limit reached', 'retry_after': '4 hours 52 minutes'}"
108,XxbRFGNYZnZSAQYX,1745020461231,429,Access limit reached,"{'error': 'Access limit reached', 'retry_after': '4 hours 52 minutes'}"
108,XxbRFGNYZnZSAQYX,1745032483231,429,Access limit reached,"{'error': 'Access limit reached', 'retry_after': '4 hours 52 minutes'}"
108,XxbRFGNYZnZSAQYX,1745048941231,429,Access limit reached,"{'error': 'Access limit reached', 'retry_after': '4 hours 52 minutes'}"
108,XxbRFGNYZnZSAQYX,1745078492231,429,Access limit reached,"{'error': 'Access limit reached', 'retry_after': '4 hours 52 minutes'}"
108,XxbRFGNYZnZSAQYX,1745061525231,429,Access limit reached,"{'error': 'Access limit reached', 'retry_after': '4 hours 52 minutes'}"
108,XxbRFGNYZnZSAQYX,1745049649231,429,Access limit reached,"{'error': 'Access limit reached', 'retry_after': '4 hours 52 minutes'}"
108,XxbRFGNYZnZSAQYX,1745064810231,429,Access limit reached,"{'error': 'Access limit reached', 'retry_after': '4 hours 52 minutes'}"
108,XxbRFGNYZnZSAQYX,1745047172231,429,Access limit reached,"{'error': 'Access limit reached', 'retry_after': '4 hours 52 minutes'}"
108,XxbRFGNYZnZSAQYX,1745010724231,429,Access limit reached,"{'error': 'Access limit reached', 'retry_after': '4 hours 52 minutes'}"
108,XxbRFGNYZnZSAQYX,1745022142231,429,Access limit reached,"{'error': 'Access limit reached', 'retry_after': '4 hours 52 minutes'}"
108,XxbRFGNYZnZSAQYX,1745068410231,429,Access limit reached,"{'error': 'Access limit reached', 'retry_after': '4 hours 52 minutes'}"
108,XxbRFGNYZnZSAQYX,1745051409231,429,Access limit reached,"{'error': 'Access limit reached', 'retry_after': '4 hours 52 minutes'}"
108,XxbRFGNYZnZSAQYX,1745010156231,429,Access limit reached,"{'error': 'Access limit reached', 'retry_after': '4 hours 52 minutes'}"
108,XxbRFGNYZnZSAQYX,1745063171231,429,Access limit reached,"{'error': 'Access limit reached', 'retry_after': '4 hours 52 minutes'}"
108,XxbRFGNYZnZSAQYX,1745069932231,429,Access limit reached,"{'error': 'Access limit reached', 'retry_after': '4 hours 52 minutes'}"
108,XxbRFGNYZnZSAQYX,1745066222231,429,Access limit reached,"{'error': 'Access limit reached', 'retry_after': '4 hours 52 minutes'}"
108,XxbRFGNYZnZSAQYX,1745033301231,429,Access limit reached,"{'error': 'Access limit reached', 'retry_after': '4 hours 52 minutes'}"
108,XxbRFGNYZnZSAQYX,1745027091231,429,Access limit reached,"{'error': 'Access limit reached', 'retry_after': '4 hours 52 minutes'}"
108,XxbRFGNYZnZSAQYX,1745021694231,429,Access limit reached,"{'error': 'Access limit reached', 'retry_after': '4 hours 52 minutes'}"
108,XxbRFGNYZnZSAQYX,1745064397231,429,Access limit reached,"{'error': 'Access limit reached', 'retry_after': '4 hours 52 minutes'}"
108,XxbRFGNYZnZSAQYX,1745028803231,429,Access limit reached,"{'error': 'Access limit reached', 'retry_after': '4 hours 52 minutes'}"
108,XxbRFGNYZnZSAQYX,1745035162231,429,Access limit reached,"{'error': 'Access limit reached', 'retry_after': '4 hours 52 minutes'}"
108,XxbRFGNYZnZSAQYX,1745025246231,429,Access limit reached,"{'error': 'Access limit reached', 'retry_after': '4 hours 52 minutes'}"
108,XxbRFGNYZnZSAQYX,1745014576231,429,Access limit reached,"{'error': 'Access limit reached', 'retry_after': '4 hours 52 minutes'}"
108,XxbRFGNYZnZSAQYX,1745022824231,429,Access limit reached,"{'error': 'Access limit reached', 'retry_after': '4 hours 52 minutes'}"
108,XxbRFGNYZnZSAQYX,1745076328231,429,Access limit reached,"{'error': 'Access limit reached', 'retry_after': '4 hours 52 minutes'}"
108,XxbRFGNYZnZSAQYX,1745021144231,429,Access limit reached,"{'error': 'Access limit reached', 'retry_after': '4 hours 52 minutes'}"
109,h94anv2bwU2NJJkA,1745013136231,429,Access limit reached,"{'error': 'Access limit reached', 'retry_after': '6 hours 54 minutes'}"
109,h94anv2bwU2NJJkA,1745027961231,429,Access limit reached,"{'error': 'Access limit reached', 'retry_after': '6 hours 54 minutes'}"
109,h94anv2bwU2NJJkA,1745019519231,429,Access limit reached,"{'error': 'Access limit reached', 'retry_after': '6 hours 54 minutes'}"
109,h94anv2bwU2NJJkA,1745057102231,429,Access limit reached,"{'error': 'Access limit reached', 'retry_after': '6 hours 53 minutes'}"
109,h94anv2bwU2NJJkA,1745046973231,429,Access limit reached,"{'error': 'Access limit reached', 'retry_after': '6 hours 53 minutes'}"
109,h94anv2bwU2NJJkA,1745066599231,429,Access limit reached,"{'error': 'Access limit reached', 'retry_after': '6 hours 53 minutes'}"
109,h94anv2bwU2NJJkA,1745044519231,429,Access limit reached,"{'error': 'Access limit reached', 'retry_after': '6 hours 53 minutes'}"
109,h94anv2bwU2NJJkA,1745062343231,429,Access limit reached,"{'error': 'Access limit reached', 'retry_after': '6 hours 53 minutes'}"
109,h94anv2bwU2NJJkA,1745053037231,429,Access limit reached,"{'error': 'Access limit reached', 'retry_after': '6 hours 53 minutes'}"
109,h94anv2bwU2NJJkA,1745074674231,429,Access limit reached,"{'error': 'Access limit reached', 'retry_after': '6 hours 53 minutes'}"
109,h94anv2bwU2NJJkA,1745070689231,429,Access limit reached,"{'error': 'Access limit reached', 'retry_after': '6 hours 53 minutes'}"
109,h94anv2bwU2NJJkA,1745076577231,429,Access limit reached,"{'error': 'Access limit reached', 'retry_after': '6 hours 53 minutes'}"
109,h94anv2bwU2NJJkA,1745069712231,429,Access limit reached,"{'error': 'Access limit reached', 'retry_after': '6 hours 53 minutes'}"
109,h94anv2bwU2NJJkA,1745046961231,429,Access limit reached,"{'error': 'Access limit reached', 'retry_after': '6 hours 53 minutes'}"
109,h94anv2bwU2NJJkA,1745011459231,429,Access limit reached,"{'error': 'Access limit reached', 'retry_after': '6 hours 53 minutes'}"
109,h94anv2bwU2NJJkA,1745052957231,429,Access limit reached,"{'error': 'Access limit reached', 'retry_after': '6 hours 53 minutes'}"
109,h94anv2bwU2NJJkA,1745027625231,429,Access limit reached,"{'error': 'Access limit reached', 'retry_after': '6 hours 53 minutes'}"
109,h94anv2bwU2NJJkA,1745010311231,429,Access limit reached,"{'error': 'Access limit reached', 'retry_after': '6 hours 53 minutes'}"
109,h94anv2bwU2NJJkA,1745014725231,429,Access limit reached,"{'error': 'Access limit reached', 'retry_after': '6 hours 53 minutes'}"
109,h94anv2bwU2NJJkA,1745033208231,429,Access limit reached,"{'error': 'Access limit reached', 'retry_after': '6 hours 53 minutes'}"
109,h94anv2bwU2NJJkA,1745060419231,429,Access limit reached,"{'error': 'Access limit reached', 'retry_after': '6 hours 53 minutes'}"
109,h94anv2bwU2NJJkA,1745074614231,429,Access limit reached,"{'error': 'Access limit reached', 'retry_after': '6 hours 53 minutes'}"
109,h94anv2bwU2NJJkA,1745053389231,429,Access limit reached,"{'error': 'Access limit reached', 'retry_after': '6 hours 53 minutes'}"
109,h94anv2bwU2NJJkA,1745015646231,429,Access limit reached,"{'error': 'Access limit reached', 'retry_after': '6 hours 53 minutes'}"
109,h94anv2bwU2NJJkA,1745032732231,429,Access limit reached,"{'error': 'Access limit reached', 'retry_after': '6 hours 53 minutes'}"
109,h94anv2bwU2NJJkA,1745064321231,429,Access limit reached,"{'error': 'Access limit reached', 'retry_after': '6 hours 53 minutes'}"
109,h94anv2bwU2NJJkA,1745052898231,429,Access limit reached,"{'error': 'Access limit reached', 'retry_after': '6 hours 53 minutes'}"
109,h94anv2bwU2NJJkA,1745064117231,429,Access limit reached,"{'error': 'Access limit reached', 'retry_after': '6 hours 53 minutes'}"
109,h94anv2bwU2NJJkA,1745013469231,429,Access limit reached,"{'error': 'Access limit reached', 'retry_after': '6 hours 53 minutes'}"
110,och15Vm379Xa1g1Q,1745018150231,429,Access limit reached,"{'error': 'Access limit reached', 'retry_after': '4 hours 56 minutes'}"
110,och15Vm379Xa1g1Q,1745025905231,429,Access limit reached,"{'error': 'Access limit reached', 'retry_after': '4 hours 56 minutes'}"
110,och15Vm379Xa1g1Q,1745066839231,429,Access limit reached,"{'error': 'Access limit reached', 'retry_after': '4 hours 56 minutes'}"
110,och15Vm379Xa1g1Q,1745022618231,429,Access limit reached,"{'error': 'Access limit reached', 'retry_after': '4 hours 56 minutes'}"
110,och15Vm379Xa1g1Q,1745040222231,429,Access limit reached,"{'error': 'Access limit reached', 'retry_after': '4 hours 56 minutes'}"
110,och15Vm379Xa1g1Q,1745020357231,429,Access limit reached,"{'error': 'Access limit reached', 'retry_after': '4 hours 56 minutes'}"
110,och15Vm379Xa1g1Q,1745052480231,429,Access limit reached,"{'error': 'Access limit reached', 'retry_after': '4 hours 56 minutes'}"
110,och15Vm379Xa1g1Q,1745069359231,429,Access limit reached,"{'error': 'Access limit reached', 'retry_after': '4 hours 56 minutes'}"
110,och15Vm379Xa1g1Q,1745072078231,429,Access limit reached,"{'error': 'Access limit reached', 'retry_after': '4 hours 56 minutes'}"
110,och15Vm379Xa1g1Q,1745016991231,429,Access limit reached,"{'error': 'Access limit reached', 'retry_after': '4 hours 56 minutes'}"
110,och15Vm379Xa1g1Q,1745010235231,429,Access limit reached,"{'error': 'Access limit reached', 'retry_after': '4 hours 56 minutes'}"
110,och15Vm379Xa1g1Q,1745042838231,429,Access limit reached,"{'error': 'Access limit reached', 'retry_after': '4 hours 56 minutes'}"
110,och15Vm379Xa1g1Q,1745022475231,429,Access limit reached,"{'error': 'Access limit reached', 'retry_after': '4 hours 56 minutes'}"
110,och15Vm379Xa1g1Q,1745013917231,429,Access limit reached,"{'error': 'Access limit reached', 'retry_after': '4 hours 56 minutes'}"
110,och15Vm379Xa1g1Q,1745078210231,429,Access limit reached,"{'error': 'Access limit reached', 'retry_after': '4 hours 56 minutes'}"
110,och15Vm379Xa1g1Q,1745021623231,429,Access limit reached,"{'error': 'Access limit reached', 'retry_after': '4 hours 56 minutes'}"
110,och15Vm379Xa1g1Q,1745011439231,429,Access limit reached,"{'error': 'Access limit reached', 'retry_after': '4 hours 56 minutes'}"
110,och15Vm379Xa1g1Q,1745035754231,429,Access limit reached,"{'error': 'Access limit reached', 'retry_after': '4 hours 56 minutes'}"
110,och15Vm379Xa1g1Q,1745074928231,429,Access limit reached,"{'error': 'Access limit reached', 'retry_after': '4 hours 56 minutes'}"
110,och15Vm379Xa1g1Q,1745057382231,429,Access limit reached,"{'error': 'Access limit reached', 'retry_after': '4 hours 56 minutes'}"
110,och15Vm379Xa1g1Q,1745074746231,429,Access limit reached,"{'error': 'Access limit reached', 'retry_after': '4 hours 56 minutes'}"
110,och15Vm379Xa1g1Q,1745057848231,429,Access limit reached,"{'error': 'Access limit reached', 'retry_after': '4 hours 56 minutes'}"
110,och15Vm379Xa1g1Q,1745034013231,429,Access limit reached,"{'error': 'Access limit reached', 'retry_after': '4 hours 56 minutes'}"
110,och15Vm379Xa1g1Q,1745034327231,429,Access limit reached,"{'error': 'Access limit reached', 'retry_after': '4 hours 56 minutes'}"
110,och15Vm379Xa1g1Q,1745071395231,429,Access limit reached,"{'error': 'Access limit reached', 'retry_after': '4 hours 56 minutes'}"
110,och15Vm379Xa1g1Q,1745042393231,429,Access limit reached,"{'error': 'Access limit reached', 'retry_after': '4 hours 56 minutes'}"
110,och15Vm379Xa1g1Q,1745070970231,429,Access limit reached,"{'error': 'Access limit reached', 'retry_after': '4 hours 56 minutes'}"
110,och15Vm379Xa1g1Q,1745051020231,429,Access limit reached,"{'error': 'Access limit reached', 'retry_after': '4 hours 56 minutes'}"
110,och15Vm379Xa1g1Q,1745078381231,429,Access limit reached,"{'error': 'Access limit reached', 'retry_after': '4 hours 56 minutes'}"
110,och15Vm379Xa1g1Q,1745060169231,429,Access limit reached,"{'error': 'Access limit reached', 'retry_after': '4 hours 56 minutes'}"
110,och15Vm379Xa1g1Q,1745042514231,429,Access limit reached,"{'error': 'Access limit reached', 'retry_after': '4 hours 56 minutes'}"
110,och15Vm379Xa1g1Q,1745063281231,429,Access limit reached,"{'error': 'Access limit reached', 'retry_after': '4 hours 56 minutes'}"
110,och15Vm379Xa1g1Q,1745018960231,429,Access limit reached,"{'error': 'Access limit reached', 'retry_after': '4 hours 56 minutes'}"
110,och15Vm379Xa1g1Q,1745009021231,429,Access limit reached,"{'error': 'Access limit reached', 'retry_after': '4 hours 56 minutes'}"
110,och15Vm379Xa1g1Q,1745039236231,429,Access limit reached,"{'error': 'Access limit reached', 'retry_after': '4 hours 56 minutes'}"
110,och15Vm379Xa1g1Q,1745064656231,429,Access limit reached,"{'error': 'Access limit reached', 'retry_after': '4 hours 56 minutes'}"
110,och15Vm379Xa1g1Q,1745067811231,429,Access limit reached,"{'error': 'Access limit reached', 'retry_after': '4 hours 56 minutes'}"
110,och15Vm379Xa1g1Q,1745039607231,429,Access limit reached,"{'error': 'Access limit reached', 'retry_after': '4 hours 56 minutes'}"
110,och15Vm379Xa1g1Q,1745067097231,429,Access limit reached,"{'error': 'Access limit reached', 'retry_after': '4 hours 56 minutes'}"
110,och15Vm379Xa1g1Q,1745070882231,429,Access limit reached,"{'error': 'Access limit reached', 'retry_after': '4 hours 56 minutes'}"
110,och15Vm379Xa1g1Q,1745071333231,429,Access limit reached,"{'error': 'Access limit reached', 'retry_after': '4 hours 56 minutes'}"
110,och15Vm379Xa1g1Q,1745024190231,429,Access limit reached,"{'error': 'Access limit reached', 'retry_after': '4 hours 56 minutes'}"
111,Mu2ElMy8h0J9vztp,1745029402231,429,Access limit reached,"{'error': 'Access limit reached', 'retry_after': '5 hours 6 minutes'}"
111,Mu2ElMy8h0J9vztp,1745051524231,429,Access limit reached,"{'error': 'Access limit reached', 'retry_after': '5 hours 6 minutes'}"
111,Mu2ElMy8h0J9vztp,1745067857231,429,Access limit reached,"{'error': 'Access limit reached', 'retry_after': '5 hours 6 minutes'}"
111,Mu2ElMy8h0J9vztp,1745070879231,429,Access limit reached,"{'error': 'Access limit reached', 'retry_after': '5 hours 6 minutes'}"
111,Mu2ElMy8h0J9vztp,1745067917231,429,Access limit reached,"{'error': 'Access limit reached', 'retry_after': '5 hours 6 minutes'}"
111,Mu2ElMy8h0J9vztp,1745036212231,429,Access limit reached,"{'error': 'Access limit reached', 'retry_after': '5 hours 6 minutes'}"
111,Mu2ElMy8h0J9vztp,1745046005231,429,Access limit reached,"{'error': 'Access limit reached', 'retry_after': '5 hours 6 minutes'}"
111,Mu2ElMy8h0J9vztp,1745062523231,429,Access limit reached,"{'error': 'Access limit reached', 'retry_after': '5 hours 6 minutes'}"
111,Mu2ElMy8h0J9vztp,1745016667231,429,Access limit reached,"{'error': 'Access limit reached', 'retry_after': '5 hours 6 minutes'}"
111,Mu2ElMy8h0J9vztp,1745012779231,429,Access limit reached,"{'error': 'Access limit reached', 'retry_after': '5 hours 6 minutes'}"
111,Mu2ElMy8h0J9vztp,1745015808231,429,Access limit reached,"{'error': 'Access limit reached', 'retry_after': '5 hours 6 minutes'}"
111,Mu2ElMy8h0J9vztp,1745033554231,429,Access limit reached,"{'error': 'Access limit reached', 'retry_after': '5 hours 6 minutes'}"
111,Mu2ElMy8h0J9vztp,1745034005231,429,Access limit reached,"{'error': 'Access limit reached', 'retry_after': '5 hours 6 minutes'}"
111,Mu2ElMy8h0J9vztp,1745045881231,429,Access limit reached,"{'error': 'Access limit reached', 'retry_after': '5 hours 6 minutes'}"
111,Mu2ElMy8h0J9vztp,1745070798231,429,Access limit reached,"{'error': 'Access limit reached', 'retry_after': '5 hours 6 minutes'}"
111,Mu2ElMy8h0J9vztp,1745008422231,429,Access limit reached,"{'error': 'Access limit reached', 'retry_after': '5 hours 6 minutes'}"
111,Mu2ElMy8h0J9vztp,1745068032231,429,Access limit reached,"{'error': 'Access limit reached', 'retry_after': '5 hours 6 minutes'}"
111,Mu2ElMy8h0J9vztp,1745047519231,429,Access limit reached,"{'error': 'Access limit reached', 'retry_after': '5 hours 6 minutes'}"
111,Mu2ElMy8h0J9vztp,1745021657231,429,Access limit reached,"{'error': 'Access limit reached', 'retry_after': '5 hours 6 minutes'}"
111,Mu2ElMy8h0J9vztp,1745078493231,429,Access limit reached,"{'error': 'Access limit reached', 'retry_after': '5 hours 6 minutes'}"
111,Mu2ElMy8h0J9vztp,1745022208231,429,Access limit reached,"{'error': 'Access limit reached', 'retry_after': '5 hours 6 minutes'}"
111,Mu2ElMy8h0J9vztp,1745078978231,429,Access limit reached,"{'error': 'Access limit reached', 'retry_after': '5 hours 6 minutes'}"
111,Mu2ElMy8h0J9vztp,1745071078231,429,Access limit reached,"{'error': 'Access limit reached', 'retry_after': '5 hours 6 minutes'}"
111,Mu2ElMy8h0J9vztp,1745027553231,429,Access limit reached,"{'error': 'Access limit reached', 'retry_after': '5 hours 6 minutes'}"
111,Mu2ElMy8h0J9vztp,1745028775231,429,Access limit reached,"{'error': 'Access limit reached', 'retry_after': '5 hours 6 minutes'}"
111,Mu2ElMy8h0J9vztp,1745026206231,429,Access limit reached,"{'error': 'Access limit reached', 'retry_after': '5 hours 6 minutes'}"
111,Mu2ElMy8h0J9vztp,1745021792231,429,Access limit reached,"{'error': 'Access limit reached', 'retry_after': '5 hours 6 minutes'}"
111,Mu2ElMy8h0J9vztp,1745062440231,429,Access limit reached,"{'error': 'Access limit reached', 'retry_after': '5 hours 6 minutes'}"
111,Mu2ElMy8h0J9vztp,1745062962231,429,Access limit reached,"{'error': 'Access limit reached', 'retry_after': '5 hours 6 minutes'}"
111,Mu2ElMy8h0J9vztp,1745023259231,429,Access limit reached,"{'error': 'Access limit reached', 'retry_after': '5 hours 6 minutes'}"
111,Mu2ElMy8h0J9vztp,1745031116231,429,Access limit reached,"{'error': 'Access limit reached', 'retry_after': '5 hours 6 minutes'}"
111,Mu2ElMy8h0J9vztp,1745059054231,429,Access limit reached,"{'error': 'Access limit reached', 'retry_after': '5 hours 6 minutes'}"
111,Mu2ElMy8h0J9vztp,1745063093231,429,Access limit reached,"{'error': 'Access limit reached', 'retry_after': '5 hours 6 minutes'}"
111,Mu2ElMy8h0J9vztp,1745026798231,429,Access limit reached,"{'error': 'Access limit reached', 'retry_after': '5 hours 6 minutes'}"
111,Mu2ElMy8h0J9vztp,1745014038231,429,Access limit reached,"{'error': 'Access limit reached', 'retry_after': '5 hours 6 minutes'}"
111,Mu2ElMy8h0J9vztp,1745012936231,429,Access limit reached,"{'error': 'Access limit reached', 'retry_after': '5 hours 6 minutes'}"
111,Mu2ElMy8h0J9vztp,1745043288231,429,Access limit reached,"{'error': 'Access limit reached', 'retry_after': '5 hours 6 minutes'}"
112,Mu2ElMy8h0J9vztp,1745053820231,429,Access limit reached,"{'error': 'Access limit reached', 'retry_after': '5 hours 6 minutes'}"
112,Mu2ElMy8h0J9vztp,1745074159231,429,Access limit reached,"{'error': 'Access limit reached', 'retry_after': '5 hours 6 minutes'}"
112,Mu2ElMy8h0J9vztp,1745030165231,429,Access limit reached,"{'error': 'Access limit reached', 'retry_after': '5 hours 6 minutes'}"
112,Mu2ElMy8h0J9vztp,1745008496231,429,Access limit reached,"{'error': 'Access limit reached', 'retry_after': '5 hours 6 minutes'}"
112,Mu2ElMy8h0J9vztp,1745073459231,429,Access limit reached,"{'error': 'Access limit reached', 'retry_after': '5 hours 6 minutes'}"
112,Mu2ElMy8h0J9vztp,1745050216231,429,Access limit reached,"{'error': 'Access limit reached', 'retry_after': '5 hours 6 minutes'}"
112,Mu2ElMy8h0J9vztp,1745031282231,429,Access limit reached,"{'error': 'Access limit reached', 'retry_after': '5 hours 6 minutes'}"
112,Mu2ElMy8h0J9vztp,1745058304231,429,Access limit reached,"{'error': 'Access limit reached', 'retry_after': '5 hours 6 minutes'}"
112,Mu2ElMy8h0J9vztp,1745018284231,429,Access limit reached,"{'error': 'Access limit reached', 'retry_after': '5 hours 6 minutes'}"
112,Mu2ElMy8h0J9vztp,1745012589231,429,Access limit reached,"{'error': 'Access limit reached', 'retry_after': '5 hours 6 minutes'}"
112,Mu2ElMy8h0J9vztp,1745077285231,429,Access limit reached,"{'error': 'Access limit reached', 'retry_after': '5 hours 6 minutes'}"
112,Mu2ElMy8h0J9vztp,1745053288231,429,Access limit reached,"{'error': 'Access limit reached', 'retry_after': '5 hours 6 minutes'}"
112,Mu2ElMy8h0J9vztp,1745016251231,429,Access limit reached,"{'error': 'Access limit reached', 'retry_after': '5 hours 6 minutes'}"
112,Mu2ElMy8h0J9vztp,1745073318231,429,Access limit reached,"{'error': 'Access limit reached', 'retry_after': '5 hours 6 minutes'}"
112,Mu2ElMy8h0J9vztp,1745033806231,429,Access limit reached,"{'error': 'Access limit reached', 'retry_after': '5 hours 6 minutes'}"
112,Mu2ElMy8h0J9vztp,1745053484231,429,Access limit reached,"{'error': 'Access limit reached', 'retry_after': '5 hours 6 minutes'}"
112,Mu2ElMy8h0J9vztp,1745029434231,429,Access limit reached,"{'error': 'Access limit reached', 'retry_after': '5 hours 6 minutes'}"
112,Mu2ElMy8h0J9vztp,1745069156231,429,Access limit reached,"{'error': 'Access limit reached', 'retry_after': '5 hours 6 minutes'}"
112,Mu2ElMy8h0J9vztp,1745011198231,429,Access limit reached,"{'error': 'Access limit reached', 'retry_after': '5 hours 6 minutes'}"
112,Mu2ElMy8h0J9vztp,1745038995231,429,Access limit reached,"{'error': 'Access limit reached', 'retry_after': '5 hours 6 minutes'}"
112,Mu2ElMy8h0J9vztp,1745043177231,429,Access limit reached,"{'error': 'Access limit reached', 'retry_after': '5 hours 6 minutes'}"
112,Mu2ElMy8h0J9vztp,1745074283231,429,Access limit reached,"{'error': 'Access limit reached', 'retry_after': '5 hours 6 minutes'}"
112,Mu2ElMy8h0J9vztp,1745014814231,429,Access limit reached,"{'error': 'Access limit reached', 'retry_after': '5 hours 6 minutes'}"
112,Mu2ElMy8h0J9vztp,1745073973231,429,Access limit reached,"{'error': 'Access limit reached', 'retry_after': '5 hours 6 minutes'}"
112,Mu2ElMy8h0J9vztp,1745040856231,429,Access limit reached,"{'error': 'Access limit reached', 'retry_after': '5 hours 6 minutes'}"
112,Mu2ElMy8h0J9vztp,1745061121231,429,Access limit reached,"{'error': 'Access limit reached', 'retry_after': '5 hours 6 minutes'}"
112,Mu2ElMy8h0J9vztp,1745035872231,429,Access limit reached,"{'error': 'Access limit reached', 'retry_after': '5 hours 6 minutes'}"
112,Mu2ElMy8h0J9vztp,1745014225231,429,Access limit reached,"{'error': 'Access limit reached', 'retry_after': '5 hours 6 minutes'}"
112,Mu2ElMy8h0J9vztp,1745029476231,429,Access limit reached,"{'error': 'Access limit reached', 'retry_after': '5 hours 6 minutes'}"
112,Mu2ElMy8h0J9vztp,1745012841231,429,Access limit reached,"{'error': 'Access limit reached', 'retry_after': '5 hours 6 minutes'}"
112,Mu2ElMy8h0J9vztp,1745047702231,429,Access limit reached,"{'error': 'Access limit reached', 'retry_after': '5 hours 6 minutes'}"
112,Mu2ElMy8h0J9vztp,1745026434231,429,Access limit reached,"{'error': 'Access limit reached', 'retry_after': '5 hours 6 minutes'}"
112,Mu2ElMy8h0J9vztp,1745024868231,429,Access limit reached,"{'error': 'Access limit reached', 'retry_after': '5 hours 6 minutes'}"
112,Mu2ElMy8h0J9vztp,1745012093231,429,Access limit reached,"{'error': 'Access limit reached', 'retry_after': '5 hours 6 minutes'}"
112,Mu2ElMy8h0J9vztp,1745075750231,429,Access limit reached,"{'error': 'Access limit reached', 'retry_after': '5 hours 6 minutes'}"
112,Mu2ElMy8h0J9vztp,1745066095231,429,Access limit reached,"{'error': 'Access limit reached', 'retry_after': '5 hours 6 minutes'}"
112,Mu2ElMy8h0J9vztp,1745071062231,429,Access limit reached,"{'error': 'Access limit reached', 'retry_after': '5 hours 6 minutes'}"
112,Mu2ElMy8h0J9vztp,1745052547231,429,Access limit reached,"{'error': 'Access limit reached', 'retry_after': '5 hours 6 minutes'}"
112,Mu2ElMy8h0J9vztp,1745014567231,429,Access limit reached,"{'error': 'Access limit reached', 'retry_after': '5 hours 6 minutes'}"
113,Mu2ElMy8h0J9vztp,1745042620231,429,Access limit reached,"{'error': 'Access limit reached', 'retry_after': '5 hours 6 minutes'}"
113,Mu2ElMy8h0J9vztp,1745071977231,429,Access limit reached,"{'error': 'Access limit reached', 'retry_after': '5 hours 6 minutes'}"
113,Mu2ElMy8h0J9vztp,1745045719231,429,Access limit reached,"{'error': 'Access limit reached', 'retry_after': '5 hours 6 minutes'}"
113,Mu2ElMy8h0J9vztp,1745053165231,429,Access limit reached,"{'error': 'Access limit reached', 'retry_after': '5 hours 6 minutes'}"
113,Mu2ElMy8h0J9vztp,1745019210231,429,Access limit reached,"{'error': 'Access limit reached', 'retry_after': '5 hours 6 minutes'}"
113,Mu2ElMy8h0J9vztp,1745076522231,429,Access limit reached,"{'error': 'Access limit reached', 'retry_after': '5 hours 6 minutes'}"
113,Mu2ElMy8h0J9vztp,1745053507231,429,Access limit reached,"{'error': 'Access limit reached', 'retry_after': '5 hours 6 minutes'}"
113,Mu2ElMy8h0J9vztp,1745017542231,429,Access limit reached,"{'error': 'Access limit reached', 'retry_after': '5 hours 6 minutes'}"
113,Mu2ElMy8h0J9vztp,1745076685231,429,Access limit reached,"{'error': 'Access limit reached', 'retry_after': '5 hours 6 minutes'}"
113,Mu2ElMy8h0J9vztp,1745075916231,429,Access limit reached,"{'error': 'Access limit reached', 'retry_after': '5 hours 6 minutes'}"
113,Mu2ElMy8h0J9vztp,1745071931231,429,Access limit reached,"{'error': 'Access limit reached', 'retry_after': '5 hours 6 minutes'}"
113,Mu2ElMy8h0J9vztp,1745047159231,429,Access limit reached,"{'error': 'Access limit reached', 'retry_after': '5 hours 6 minutes'}"
113,Mu2ElMy8h0J9vztp,1745057668231,429,Access limit reached,"{'error': 'Access limit reached', 'retry_after': '5 hours 6 minutes'}"
113,Mu2ElMy8h0J9vztp,1745020406231,429,Access limit reached,"{'error': 'Access limit reached', 'retry_after': '5 hours 6 minutes'}"
113,Mu2ElMy8h0J9vztp,1745064738231,429,Access limit reached,"{'error': 'Access limit reached', 'retry_after': '5 hours 6 minutes'}"
113,Mu2ElMy8h0J9vztp,1745017499231,429,Access limit reached,"{'error': 'Access limit reached', 'retry_after': '5 hours 6 minutes'}"
113,Mu2ElMy8h0J9vztp,1745018636231,429,Access limit reached,"{'error': 'Access limit reached', 'retry_after': '5 hours 6 minutes'}"
113,Mu2ElMy8h0J9vztp,1745062320231,429,Access limit reached,"{'error': 'Access limit reached', 'retry_after': '5 hours 6 minutes'}"
113,Mu2ElMy8h0J9vztp,1745023196231,429,Access limit reached,"{'error': 'Access limit reached', 'retry_after': '5 hours 6 minutes'}"
113,Mu2ElMy8h0J9vztp,1745019883231,429,Access limit reached,"{'error': 'Access limit reached', 'retry_after': '5 hours 6 minutes'}"
113,Mu2ElMy8h0J9vztp,1745042936231,429,Access limit reached,"{'error': 'Access limit reached', 'retry_after': '5 hours 6 minutes'}"
113,Mu2ElMy8h0J9vztp,1745040157231,429,Access limit reached,"{'error': 'Access limit reached', 'retry_after': '5 hours 6 minutes'}"
113,Mu2ElMy8h0J9vztp,1745029770231,429,Access limit reached,"{'error': 'Access limit reached', 'retry_after': '5 hours 6 minutes'}"
113,Mu2ElMy8h0J9vztp,1745018701231,429,Access limit reached,"{'error': 'Access limit reached', 'retry_after': '5 hours 6 minutes'}"
113,Mu2ElMy8h0J9vztp,1745014512231,429,Access limit reached,"{'error': 'Access limit reached', 'retry_after': '5 hours 6 minutes'}"
113,Mu2ElMy8h0J9vztp,1745065660231,429,Access limit reached,"{'error': 'Access limit reached', 'retry_after': '5 hours 6 minutes'}"
113,Mu2ElMy8h0J9vztp,1745064717231,429,Access limit reached,"{'error': 'Access limit reached', 'retry_after': '5 hours 6 minutes'}"
113,Mu2ElMy8h0J9vztp,1745066530231,429,Access limit reached,"{'error': 'Access limit reached', 'retry_after': '5 hours 6 minutes'}"
113,Mu2ElMy8h0J9vztp,1745063710231,429,Access limit reached,"{'error': 'Access limit reached', 'retry_after': '5 hours 6 minutes'}"
113,Mu2ElMy8h0J9vztp,1745026736231,429,Access limit reached,"{'error': 'Access limit reached', 'retry_after': '5 hours 6 minutes'}"
113,Mu2ElMy8h0J9vztp,1745057407231,429,Access limit reached,"{'error': 'Access limit reached', 'retry_after': '5 hours 6 minutes'}"
113,Mu2ElMy8h0J9vztp,1745024283231,429,Access limit reached,"{'error': 'Access limit reached', 'retry_after': '5 hours 6 minutes'}"
114,Mu2ElMy8h0J9vztp,1745058119231,429,Access limit reached,"{'error': 'Access limit reached', 'retry_after': '5 hours 6 minutes'}"
114,Mu2ElMy8h0J9vztp,1745049087231,429,Access limit reached,"{'error': 'Access limit reached', 'retry_after': '5 hours 6 minutes'}"
114,Mu2ElMy8h0J9vztp,1745075589231,429,Access limit reached,"{'error': 'Access limit reached', 'retry_after': '5 hours 6 minutes'}"
114,Mu2ElMy8h0J9vztp,1745075742231,429,Access limit reached,"{'error': 'Access limit reached', 'retry_after': '5 hours 6 minutes'}"
114,Mu2ElMy8h0J9vztp,1745016628231,429,Access limit reached,"{'error': 'Access limit reached', 'retry_after': '5 hours 6 minutes'}"
114,Mu2ElMy8h0J9vztp,1745047636231,429,Access limit reached,"{'error': 'Access limit reached', 'retry_after': '5 hours 6 minutes'}"
114,Mu2ElMy8h0J9vztp,1745034300231,429,Access limit reached,"{'error': 'Access limit reached', 'retry_after': '5 hours 6 minutes'}"
114,Mu2ElMy8h0J9vztp,1745047764231,429,Access limit reached,"{'error': 'Access limit reached', 'retry_after': '5 hours 6 minutes'}"
114,Mu2ElMy8h0J9vztp,1745043607231,429,Access limit reached,"{'error': 'Access limit reached', 'retry_after': '5 hours 6 minutes'}"
114,Mu2ElMy8h0J9vztp,1745026429231,429,Access limit reached,"{'error': 'Access limit reached', 'retry_after': '5 hours 6 minutes'}"
114,Mu2ElMy8h0J9vztp,1745009650231,429,Access limit reached,"{'error': 'Access limit reached', 'retry_after': '5 hours 6 minutes'}"
114,Mu2ElMy8h0J9vztp,1745037064231,429,Access limit reached,"{'error': 'Access limit reached', 'retry_after': '5 hours 6 minutes'}"
114,Mu2ElMy8h0J9vztp,1745034846231,429,Access limit reached,"{'error': 'Access limit reached', 'retry_after': '5 hours 6 minutes'}"
114,Mu2ElMy8h0J9vztp,1745033507231,429,Access limit reached,"{'error': 'Access limit reached', 'retry_after': '5 hours 6 minutes'}"
114,Mu2ElMy8h0J9vztp,1745061937231,429,Access limit reached,"{'error': 'Access limit reached', 'retry_after': '5 hours 6 minutes'}"
114,Mu2ElMy8h0J9vztp,1745040691231,429,Access limit reached,"{'error': 'Access limit reached', 'retry_after': '5 hours 6 minutes'}"
114,Mu2ElMy8h0J9vztp,1745025441231,429,Access limit reached,"{'error': 'Access limit reached', 'retry_after': '5 hours 6 minutes'}"
114,Mu2ElMy8h0J9vztp,1745007337231,429,Access limit reached,"{'error': 'Access limit reached', 'retry_after': '5 hours 6 minutes'}"
114,Mu2ElMy8h0J9vztp,1745060823231,429,Access limit reached,"{'error': 'Access limit reached', 'retry_after': '5 hours 6 minutes'}"
114,Mu2ElMy8h0J9vztp,1745070808231,429,Access limit reached,"{'error': 'Access limit reached', 'retry_after': '5 hours 6 minutes'}"
114,Mu2ElMy8h0J9vztp,1745026866231,429,Access limit reached,"{'error': 'Access limit reached', 'retry_after': '5 hours 6 minutes'}"
114,Mu2ElMy8h0J9vztp,1745058753231,429,Access limit reached,"{'error': 'Access limit reached', 'retry_after': '5 hours 6 minutes'}"
114,Mu2ElMy8h0J9vztp,1745059675231,429,Access limit reached,"{'error': 'Access limit reached', 'retry_after': '5 hours 6 minutes'}"
114,Mu2ElMy8h0J9vztp,1745078097231,429,Access limit reached,"{'error': 'Access limit reached', 'retry_after': '5 hours 6 minutes'}"
114,Mu2ElMy8h0J9vztp,1745040892231,429,Access limit reached,"{'error': 'Access limit reached', 'retry_after': '5 hours 6 minutes'}"
114,Mu2ElMy8h0J9vztp,1745026016231,429,Access limit reached,"{'error': 'Access limit reached', 'retry_after': '5 hours 6 minutes'}"
114,Mu2ElMy8h0J9vztp,1745033625231,429,Access limit reached,"{'error': 'Access limit reached', 'retry_after': '5 hours 6 minutes'}"
114,Mu2ElMy8h0J9vztp,1745029746231,429,Access limit reached,"{'error': 'Access limit reached', 'retry_after': '5 hours 6 minutes'}"
114,Mu2ElMy8h0J9vztp,1745077026231,429,Access limit reached,"{'error': 'Access limit reached', 'retry_after': '5 hours 6 minutes'}"
114,Mu2ElMy8h0J9vztp,1745072678231,429,Access limit reached,"{'error': 'Access limit reached', 'retry_after': '5 hours 6 minutes'}"
114,Mu2ElMy8h0J9vztp,1745021915231,429,Access limit reached,"{'error': 'Access limit reached', 'retry_after': '5 hours 6 minutes'}"
114,Mu2ElMy8h0J9vztp,1745056663231,429,Access limit reached,"{'error': 'Access limit reached', 'retry_after': '5 hours 6 minutes'}"
114,Mu2ElMy8h0J9vztp,1745009185231,429,Access limit reached,"{'error': 'Access limit reached', 'retry_after': '5 hours 6 minutes'}"
114,Mu2ElMy8h0J9vztp,1745024683231,429,Access limit reached,"{'error': 'Access limit reached', 'retry_after': '5 hours 6 minutes'}"
114,Mu2ElMy8h0J9vztp,1745069195231,429,Access limit reached,"{'error': 'Access limit reached', 'retry_after': '5 hours 6 minutes'}"
114,Mu2ElMy8h0J9vztp,1745010679231,429,Access limit reached,"{'error': 'Access limit reached', 'retry_after': '5 hours 6 minutes'}"
114,Mu2ElMy8h0J9vztp,1745022796231,429,Access limit reached,"{'error': 'Access limit reached', 'retry_after': '5 hours 6 minutes'}"
114,Mu2ElMy8h0J9vztp,1745050993231,429,Access limit reached,"{'error': 'Access limit reached', 'retry_after': '5 hours 6 minutes'}"
114,Mu2ElMy8h0J9vztp,1745034283231,429,Access limit reached,"{'error': 'Access limit reached', 'retry_after': '5 hours 6 minutes'}"
114,Mu2ElMy8h0J9vztp,1745020784231,429,Access limit reached,"{'error': 'Access limit reached', 'retry_after': '5 hours 6 minutes'}"
114,Mu2ElMy8h0J9vztp,1745077218231,429,Access limit reached,"{'error': 'Access limit reached', 'retry_after': '5 hours 6 minutes'}"
115,XxbRFGNYZnZSAQYX,1745053214231,429,Access limit reached,"{'error': 'Access limit reached', 'retry_after': '4 hours 51 minutes'}"
115,XxbRFGNYZnZSAQYX,1745031129231,429,Access limit reached,"{'error': 'Access limit reached', 'retry_after': '4 hours 51 minutes'}"
115,XxbRFGNYZnZSAQYX,1745075267231,429,Access limit reached,"{'error': 'Access limit reached', 'retry_after': '4 hours 51 minutes'}"
115,XxbRFGNYZnZSAQYX,1745073653231,429,Access limit reached,"{'error': 'Access limit reached', 'retry_after': '4 hours 51 minutes'}"
115,XxbRFGNYZnZSAQYX,1745026763231,429,Access limit reached,"{'error': 'Access limit reached', 'retry_after': '4 hours 51 minutes'}"
115,XxbRFGNYZnZSAQYX,1745030329231,429,Access limit reached,"{'error': 'Access limit reached', 'retry_after': '4 hours 51 minutes'}"
115,XxbRFGNYZnZSAQYX,1745038315231,429,Access limit reached,"{'error': 'Access limit reached', 'retry_after': '4 hours 51 minutes'}"
115,XxbRFGNYZnZSAQYX,1745071064231,429,Access limit reached,"{'error': 'Access limit reached', 'retry_after': '4 hours 51 minutes'}"
115,XxbRFGNYZnZSAQYX,1745073875231,429,Access limit reached,"{'error': 'Access limit reached', 'retry_after': '4 hours 51 minutes'}"
115,XxbRFGNYZnZSAQYX,1745019311231,429,Access limit reached,"{'error': 'Access limit reached', 'retry_after': '4 hours 51 minutes'}"
115,XxbRFGNYZnZSAQYX,1745040259231,429,Access limit reached,"{'error': 'Access limit reached', 'retry_after': '4 hours 51 minutes'}"
115,XxbRFGNYZnZSAQYX,1745070056231,429,Access limit reached,"{'error': 'Access limit reached', 'retry_after': '4 hours 51 minutes'}"
115,XxbRFGNYZnZSAQYX,1745023752231,429,Access limit reached,"{'error': 'Access limit reached', 'retry_after': '4 hours 51 minutes'}"
115,XxbRFGNYZnZSAQYX,1745012596231,429,Access limit reached,"{'error': 'Access limit reached', 'retry_after': '4 hours 51 minutes'}"
115,XxbRFGNYZnZSAQYX,1745047277231,429,Access limit reached,"{'error': 'Access limit reached', 'retry_after': '4 hours 51 minutes'}"
115,XxbRFGNYZnZSAQYX,1745019663231,429,Access limit reached,"{'error': 'Access limit reached', 'retry_after': '4 hours 51 minutes'}"
115,XxbRFGNYZnZSAQYX,1745043593231,429,Access limit reached,"{'error': 'Access limit reached', 'retry_after': '4 hours 51 minutes'}"
115,XxbRFGNYZnZSAQYX,1745036970231,429,Access limit reached,"{'error': 'Access limit reached', 'retry_after': '4 hours 51 minutes'}"
115,XxbRFGNYZnZSAQYX,1745015939231,429,Access limit reached,"{'error': 'Access limit reached', 'retry_after': '4 hours 51 minutes'}"
115,XxbRFGNYZnZSAQYX,1745047047231,429,Access limit reached,"{'error': 'Access limit reached', 'retry_after': '4 hours 51 minutes'}"
115,XxbRFGNYZnZSAQYX,1745046526231,429,Access limit reached,"{'error': 'Access limit reached', 'retry_after': '4 hours 51 minutes'}"
115,XxbRFGNYZnZSAQYX,1745010051231,429,Access limit reached,"{'error': 'Access limit reached', 'retry_after': '4 hours 51 minutes'}"
115,XxbRFGNYZnZSAQYX,1745038598231,429,Access limit reached,"{'error': 'Access limit reached', 'retry_after': '4 hours 51 minutes'}"
115,XxbRFGNYZnZSAQYX,1745058641231,429,Access limit reached,"{'error': 'Access limit reached', 'retry_after': '4 hours 51 minutes'}"
115,XxbRFGNYZnZSAQYX,1745042432231,429,Access limit reached,"{'error': 'Access limit reached', 'retry_after': '4 hours 51 minutes'}"
115,XxbRFGNYZnZSAQYX,1745010912231,429,Access limit reached,"{'error': 'Access limit reached', 'retry_after': '4 hours 51 minutes'}"
115,XxbRFGNYZnZSAQYX,1745055313231,429,Access limit reached,"{'error': 'Access limit reached', 'retry_after': '4 hours 51 minutes'}"
115,XxbRFGNYZnZSAQYX,1745033319231,429,Access limit reached,"{'error': 'Access limit reached', 'retry_after': '4 hours 51 minutes'}"
115,XxbRFGNYZnZSAQYX,1745035266231,429,Access limit reached,"{'error': 'Access limit reached', 'retry_after': '4 hours 51 minutes'}"
115,XxbRFGNYZnZSAQYX,1745045829231,429,Access limit reached,"{'error': 'Access limit reached', 'retry_after': '4 hours 51 minutes'}"
115,XxbRFGNYZnZSAQYX,1745044336231,429,Access limit reached,"{'error': 'Access limit reached', 'retry_after': '4 hours 51 minutes'}"
115,XxbRFGNYZnZSAQYX,1745020832231,429,Access limit reached,"{'error': 'Access limit reached', 'retry_after': '4 hours 51 minutes'}"
115,XxbRFGNYZnZSAQYX,1745030384231,429,Access limit reached,"{'error': 'Access limit reached', 'retry_after': '4 hours 51 minutes'}"
115,XxbRFGNYZnZSAQYX,1745044962231,429,Access limit reached,"{'error': 'Access limit reached', 'retry_after': '4 hours 51 minutes'}"
115,XxbRFGNYZnZSAQYX,1745044146231,429,Access limit reached,"{'error': 'Access limit reached', 'retry_after': '4 hours 51 minutes'}"
115,XxbRFGNYZnZSAQYX,1745030869231,429,Access limit reached,"{'error': 'Access limit reached', 'retry_after': '4 hours 51 minutes'}"
115,XxbRFGNYZnZSAQYX,1745052360231,429,Access limit reached,"{'error': 'Access limit reached', 'retry_after': '4 hours 51 minutes'}"
115,XxbRFGNYZnZSAQYX,1745022378231,429,Access limit reached,"{'error': 'Access limit reached', 'retry_after': '4 hours 51 minutes'}"
115,XxbRFGNYZnZSAQYX,1745072835231,429,Access limit reached,"{'error': 'Access limit reached', 'retry_after': '4 hours 51 minutes'}"
115,XxbRFGNYZnZSAQYX,1745068669231,429,Access limit reached,"{'error': 'Access limit reached', 'retry_after': '4 hours 51 minutes'}"
115,XxbRFGNYZnZSAQYX,1745057796231,429,Access limit reached,"{'error': 'Access limit reached', 'retry_after': '4 hours 51 minutes'}"
115,XxbRFGNYZnZSAQYX,1745020355231,429,Access limit reached,"{'error': 'Access limit reached', 'retry_after': '4 hours 51 minutes'}"
115,XxbRFGNYZnZSAQYX,1745007724231,429,Access limit reached,"{'error': 'Access limit reached', 'retry_after': '4 hours 51 minutes'}"
115,XxbRFGNYZnZSAQYX,1745011324231,429,Access limit reached,"{'error': 'Access limit reached', 'retry_after': '4 hours 51 minutes'}"
116,4YHYRv9IiZ7e2gos,1745065369231,429,Access limit reached,"{'error': 'Access limit reached', 'retry_after': '4 hours 43 minutes'}"
116,4YHYRv9IiZ7e2gos,1745069497231,429,Access limit reached,"{'error': 'Access limit reached', 'retry_after': '4 hours 43 minutes'}"
116,4YHYRv9IiZ7e2gos,1745007153231,429,Access limit reached,"{'error': 'Access limit reached', 'retry_after': '4 hours 43 minutes'}"
116,4YHYRv9IiZ7e2gos,1745028018231,429,Access limit reached,"{'error': 'Access limit reached', 'retry_after': '4 hours 43 minutes'}"
116,4YHYRv9IiZ7e2gos,1745011341231,429,Access limit reached,"{'error': 'Access limit reached', 'retry_after': '4 hours 43 minutes'}"
116,4YHYRv9IiZ7e2gos,1745018340231,429,Access limit reached,"{'error': 'Access limit reached', 'retry_after': '4 hours 43 minutes'}"
116,4YHYRv9IiZ7e2gos,1745050246231,429,Access limit reached,"{'error': 'Access limit reached', 'retry_after': '4 hours 43 minutes'}"
116,4YHYRv9IiZ7e2gos,1745075972231,429,Access limit reached,"{'error': 'Access limit reached', 'retry_after': '4 hours 43 minutes'}"
116,4YHYRv9IiZ7e2gos,1745062673231,429,Access limit reached,"{'error': 'Access limit reached', 'retry_after': '4 hours 43 minutes'}"
116,4YHYRv9IiZ7e2gos,1745037658231,429,Access limit reached,"{'error': 'Access limit reached', 'retry_after': '4 hours 43 minutes'}"
116,4YHYRv9IiZ7e2gos,1745057379231,429,Access limit reached,"{'error': 'Access limit reached', 'retry_after': '4 hours 43 minutes'}"
116,4YHYRv9IiZ7e2gos,1745033998231,429,Access limit reached,"{'error': 'Access limit reached', 'retry_after': '4 hours 43 minutes'}"
116,4YHYRv9IiZ7e2gos,1745065756231,429,Access limit reached,"{'error': 'Access limit reached', 'retry_after': '4 hours 43 minutes'}"
116,4YHYRv9IiZ7e2gos,1745053050231,429,Access limit reached,"{'error': 'Access limit reached', 'retry_after': '4 hours 43 minutes'}"
116,4YHYRv9IiZ7e2gos,1745063157231,429,Access limit reached,"{'error': 'Access limit reached', 'retry_after': '4 hours 43 minutes'}"
116,4YHYRv9IiZ7e2gos,1745063105231,429,Access limit reached,"{'error': 'Access limit reached', 'retry_after': '4 hours 43 minutes'}"
116,4YHYRv9IiZ7e2gos,1745016630231,429,Access limit reached,"{'error': 'Access limit reached', 'retry_after': '4 hours 43 minutes'}"
116,4YHYRv9IiZ7e2gos,1745074948231,429,Access limit reached,"{'error': 'Access limit reached', 'retry_after': '4 hours 43 minutes'}"
116,4YHYRv9IiZ7e2gos,1745008463231,429,Access limit reached,"{'error': 'Access limit reached', 'retry_after': '4 hours 43 minutes'}"
116,4YHYRv9IiZ7e2gos,1745063935231,429,Access limit reached,"{'error': 'Access limit reached', 'retry_after': '4 hours 43 minutes'}"
116,4YHYRv9IiZ7e2gos,1745073609231,429,Access limit reached,"{'error': 'Access limit reached', 'retry_after': '4 hours 43 minutes'}"
116,4YHYRv9IiZ7e2gos,1745033730231,429,Access limit reached,"{'error': 'Access limit reached', 'retry_after': '4 hours 43 minutes'}"
116,4YHYRv9IiZ7e2gos,1745067446231,429,Access limit reached,"{'error': 'Access limit reached', 'retry_after': '4 hours 43 minutes'}"
116,4YHYRv9IiZ7e2gos,1745078531231,429,Access limit reached,"{'error': 'Access limit reached', 'retry_after': '4 hours 43 minutes'}"
116,4YHYRv9IiZ7e2gos,1745061818231,429,Access limit reached,"{'error': 'Access limit reached', 'retry_after': '4 hours 43 minutes'}"
116,4YHYRv9IiZ7e2gos,1745029804231,429,Access limit reached,"{'error': 'Access limit reached', 'retry_after': '4 hours 43 minutes'}"
116,4YHYRv9IiZ7e2gos,1745039559231,429,Access limit reached,"{'error': 'Access limit reached', 'retry_after': '4 hours 43 minutes'}"
117,U3gq6cIPD3Hy2aYQ,1745039847231,429,Access limit reached,"{'error': 'Access limit reached', 'retry_after': '6 hours 6 minutes'}"
117,U3gq6cIPD3Hy2aYQ,1745069051231,429,Access limit reached,"{'error': 'Access limit reached', 'retry_after': '6 hours 6 minutes'}"
117,U3gq6cIPD3Hy2aYQ,1745055640231,429,Access limit reached,"{'error': 'Access limit reached', 'retry_after': '6 hours 6 minutes'}"
117,U3gq6cIPD3Hy2aYQ,1745074874231,429,Access limit reached,"{'error': 'Access limit reached', 'retry_after': '6 hours 6 minutes'}"
117,U3gq6cIPD3Hy2aYQ,1745055791231,429,Access limit reached,"{'error': 'Access limit reached', 'retry_after': '6 hours 6 minutes'}"
117,U3gq6cIPD3Hy2aYQ,1745074316231,429,Access limit reached,"{'error': 'Access limit reached', 'retry_after': '6 hours 6 minutes'}"
117,U3gq6cIPD3Hy2aYQ,1745061552231,429,Access limit reached,"{'error': 'Access limit reached', 'retry_after': '6 hours 6 minutes'}"
117,U3gq6cIPD3Hy2aYQ,1745066219231,429,Access limit reached,"{'error': 'Access limit reached', 'retry_after': '6 hours 6 minutes'}"
117,U3gq6cIPD3Hy2aYQ,1745075447231,429,Access limit reached,"{'error': 'Access limit reached', 'retry_after': '6 hours 6 minutes'}"
117,U3gq6cIPD3Hy2aYQ,1745036393231,429,Access limit reached,"{'error': 'Access limit reached', 'retry_after': '6 hours 6 minutes'}"
117,U3gq6cIPD3Hy2aYQ,1745064418231,429,Access limit reached,"{'error': 'Access limit reached', 'retry_after': '6 hours 6 minutes'}"
117,U3gq6cIPD3Hy2aYQ,1745023216231,429,Access limit reached,"{'error': 'Access limit reached', 'retry_after': '6 hours 6 minutes'}"
117,U3gq6cIPD3Hy2aYQ,1745074988231,429,Access limit reached,"{'error': 'Access limit reached', 'retry_after': '6 hours 6 minutes'}"
117,U3gq6cIPD3Hy2aYQ,1745073087231,429,Access limit reached,"{'error': 'Access limit reached', 'retry_after': '6 hours 6 minutes'}"
117,U3gq6cIPD3Hy2aYQ,1745051200231,429,Access limit reached,"{'error': 'Access limit reached', 'retry_after': '6 hours 6 minutes'}"
117,U3gq6cIPD3Hy2aYQ,1745050352231,429,Access limit reached,"{'error': 'Access limit reached', 'retry_after': '6 hours 6 minutes'}"
117,U3gq6cIPD3Hy2aYQ,1745033568231,429,Access limit reached,"{'error': 'Access limit reached', 'retry_after': '6 hours 6 minutes'}"
117,U3gq6cIPD3Hy2aYQ,1745065292231,429,Access limit reached,"{'error': 'Access limit reached', 'retry_after': '6 hours 6 minutes'}"
117,U3gq6cIPD3Hy2aYQ,1745049885231,429,Access limit reached,"{'error': 'Access limit reached', 'retry_after': '6 hours 6 minutes'}"
117,U3gq6cIPD3Hy2aYQ,1745042819231,429,Access limit reached,"{'error': 'Access limit reached', 'retry_after': '6 hours 6 minutes'}"
117,U3gq6cIPD3Hy2aYQ,1745038230231,429,Access limit reached,"{'error': 'Access limit reached', 'retry_after': '6 hours 6 minutes'}"
117,U3gq6cIPD3Hy2aYQ,1745019234231,429,Access limit reached,"{'error': 'Access limit reached', 'retry_after': '6 hours 6 minutes'}"
117,U3gq6cIPD3Hy2aYQ,1745057972231,429,Access limit reached,"{'error': 'Access limit reached', 'retry_after': '6 hours 6 minutes'}"
117,U3gq6cIPD3Hy2aYQ,1745027090231,429,Access limit reached,"{'error': 'Access limit reached', 'retry_after': '6 hours 6 minutes'}"
117,U3gq6cIPD3Hy2aYQ,1745063909231,429,Access limit reached,"{'error': 'Access limit reached', 'retry_after': '6 hours 6 minutes'}"
117,U3gq6cIPD3Hy2aYQ,1745047961231,429,Access limit reached,"{'error': 'Access limit reached', 'retry_after': '6 hours 6 minutes'}"
118,XxbRFGNYZnZSAQYX,1745038196231,429,Access limit reached,"{'error': 'Access limit reached', 'retry_after': '4 hours 51 minutes'}"
118,XxbRFGNYZnZSAQYX,1745075073231,429,Access limit reached,"{'error': 'Access limit reached', 'retry_after': '4 hours 51 minutes'}"
118,XxbRFGNYZnZSAQYX,1745034280231,429,Access limit reached,"{'error': 'Access limit reached', 'retry_after': '4 hours 51 minutes'}"
118,XxbRFGNYZnZSAQYX,1745059130231,429,Access limit reached,"{'error': 'Access limit reached', 'retry_after': '4 hours 51 minutes'}"
118,XxbRFGNYZnZSAQYX,1745047094231,429,Access limit reached,"{'error': 'Access limit reached', 'retry_after': '4 hours 51 minutes'}"
118,XxbRFGNYZnZSAQYX,1745061331231,429,Access limit reached,"{'error': 'Access limit reached', 'retry_after': '4 hours 51 minutes'}"
118,XxbRFGNYZnZSAQYX,1745026400231,429,Access limit reached,"{'error': 'Access limit reached', 'retry_after': '4 hours 51 minutes'}"
118,XxbRFGNYZnZSAQYX,1745027265231,429,Access limit reached,"{'error': 'Access limit reached', 'retry_after': '4 hours 51 minutes'}"
118,XxbRFGNYZnZSAQYX,1745036267231,429,Access limit reached,"{'error': 'Access limit reached', 'retry_after': '4 hours 51 minutes'}"
118,XxbRFGNYZnZSAQYX,1745012837231,429,Access limit reached,"{'error': 'Access limit reached', 'retry_after': '4 hours 51 minutes'}"
118,XxbRFGNYZnZSAQYX,1745014133231,429,Access limit reached,"{'error': 'Access limit reached', 'retry_after': '4 hours 51 minutes'}"
118,XxbRFGNYZnZSAQYX,1745058917231,429,Access limit reached,"{'error': 'Access limit reached', 'retry_after': '4 hours 51 minutes'}"
118,XxbRFGNYZnZSAQYX,1745007305231,429,Access limit reached,"{'error': 'Access limit reached', 'retry_after': '4 hours 51 minutes'}"
118,XxbRFGNYZnZSAQYX,1745038352231,429,Access limit reached,"{'error': 'Access limit reached', 'retry_after': '4 hours 51 minutes'}"
118,XxbRFGNYZnZSAQYX,1745037557231,429,Access limit reached,"{'error': 'Access limit reached', 'retry_after': '4 hours 51 minutes'}"
118,XxbRFGNYZnZSAQYX,1745035437231,429,Access limit reached,"{'error': 'Access limit reached', 'retry_after': '4 hours 51 minutes'}"
118,XxbRFGNYZnZSAQYX,1745008563231,429,Access limit reached,"{'error': 'Access limit reached', 'retry_after': '4 hours 51 minutes'}"
118,XxbRFGNYZnZSAQYX,1745063280231,429,Access limit reached,"{'error': 'Access limit reached', 'retry_after': '4 hours 51 minutes'}"
118,XxbRFGNYZnZSAQYX,1745074353231,429,Access limit reached,"{'error': 'Access limit reached', 'retry_after': '4 hours 51 minutes'}"
118,XxbRFGNYZnZSAQYX,1745013879231,429,Access limit reached,"{'error': 'Access limit reached', 'retry_after': '4 hours 51 minutes'}"
118,XxbRFGNYZnZSAQYX,1745041679231,429,Access limit reached,"{'error': 'Access limit reached', 'retry_after': '4 hours 51 minutes'}"
118,XxbRFGNYZnZSAQYX,1745078770231,429,Access limit reached,"{'error': 'Access limit reached', 'retry_after': '4 hours 51 minutes'}"
118,XxbRFGNYZnZSAQYX,1745029617231,429,Access limit reached,"{'error': 'Access limit reached', 'retry_after': '4 hours 51 minutes'}"
118,XxbRFGNYZnZSAQYX,1745062213231,429,Access limit reached,"{'error': 'Access limit reached', 'retry_after': '4 hours 51 minutes'}"
118,XxbRFGNYZnZSAQYX,1745014468231,429,Access limit reached,"{'error': 'Access limit reached', 'retry_after': '4 hours 51 minutes'}"
118,XxbRFGNYZnZSAQYX,1745058291231,429,Access limit reached,"{'error': 'Access limit reached', 'retry_after': '4 hours 51 minutes'}"
118,XxbRFGNYZnZSAQYX,1745064958231,429,Access limit reached,"{'error': 'Access limit reached', 'retry_after': '4 hours 51 minutes'}"
118,XxbRFGNYZnZSAQYX,1745039988231,429,Access limit reached,"{'error': 'Access limit reached', 'retry_after': '4 hours 51 minutes'}"
118,XxbRFGNYZnZSAQYX,1745048777231,429,Access limit reached,"{'error': 'Access limit reached', 'retry_after': '4 hours 51 minutes'}"
118,XxbRFGNYZnZSAQYX,1745055994231,429,Access limit reached,"{'error': 'Access limit reached', 'retry_after': '4 hours 51 minutes'}"
119,z0JDHDmlF0xC3xmv,1745056495231,429,Access limit reached,"{'error': 'Access limit reached', 'retry_after': '6 hours 17 minutes'}"
119,z0JDHDmlF0xC3xmv,1745060875231,429,Access limit reached,"{'error': 'Access limit reached', 'retry_after': '6 hours 17 minutes'}"
119,z0JDHDmlF0xC3xmv,1745016851231,429,Access limit reached,"{'error': 'Access limit reached', 'retry_after': '6 hours 17 minutes'}"
119,z0JDHDmlF0xC3xmv,1745038267231,429,Access limit reached,"{'error': 'Access limit reached', 'retry_after': '6 hours 17 minutes'}"
119,z0JDHDmlF0xC3xmv,1745069662231,429,Access limit reached,"{'error': 'Access limit reached', 'retry_after': '6 hours 17 minutes'}"
119,z0JDHDmlF0xC3xmv,1745057667231,429,Access limit reached,"{'error': 'Access limit reached', 'retry_after': '6 hours 17 minutes'}"
119,z0JDHDmlF0xC3xmv,1745068732231,429,Access limit reached,"{'error': 'Access limit reached', 'retry_after': '6 hours 17 minutes'}"
119,z0JDHDmlF0xC3xmv,1745065289231,429,Access limit reached,"{'error': 'Access limit reached', 'retry_after': '6 hours 17 minutes'}"
119,z0JDHDmlF0xC3xmv,1745016099231,429,Access limit reached,"{'error': 'Access limit reached', 'retry_after': '6 hours 17 minutes'}"
119,z0JDHDmlF0xC3xmv,1745022711231,429,Access limit reached,"{'error': 'Access limit reached', 'retry_after': '6 hours 17 minutes'}"
119,z0JDHDmlF0xC3xmv,1745017547231,429,Access limit reached,"{'error': 'Access limit reached', 'retry_after': '6 hours 17 minutes'}"
119,z0JDHDmlF0xC3xmv,1745043012231,429,Access limit reached,"{'error': 'Access limit reached', 'retry_after': '6 hours 17 minutes'}"
119,z0JDHDmlF0xC3xmv,1745050351231,429,Access limit reached,"{'error': 'Access limit reached', 'retry_after': '6 hours 17 minutes'}"
119,z0JDHDmlF0xC3xmv,1745073362231,429,Access limit reached,"{'error': 'Access limit reached', 'retry_after': '6 hours 17 minutes'}"
119,z0JDHDmlF0xC3xmv,1745037084231,429,Access limit reached,"{'error': 'Access limit reached', 'retry_after': '6 hours 17 minutes'}"
119,z0JDHDmlF0xC3xmv,1745046490231,429,Access limit reached,"{'error': 'Access limit reached', 'retry_after': '6 hours 17 minutes'}"
119,z0JDHDmlF0xC3xmv,1745063341231,429,Access limit reached,"{'error': 'Access limit reached', 'retry_after': '6 hours 17 minutes'}"
119,z0JDHDmlF0xC3xmv,1745033976231,429,Access limit reached,"{'error': 'Access limit reached', 'retry_after': '6 hours 17 minutes'}"
119,z0JDHDmlF0xC3xmv,1745023617231,429,Access limit reached,"{'error': 'Access limit reached', 'retry_after': '6 hours 17 minutes'}"
119,z0JDHDmlF0xC3xmv,1745031558231,429,Access limit reached,"{'error': 'Access limit reached', 'retry_after': '6 hours 17 minutes'}"
119,z0JDHDmlF0xC3xmv,1745011944231,429,Access limit reached,"{'error': 'Access limit reached', 'retry_after': '6 hours 17 minutes'}"
119,z0JDHDmlF0xC3xmv,1745077857231,429,Access limit reached,"{'error': 'Access limit reached', 'retry_after': '6 hours 17 minutes'}"
119,z0JDHDmlF0xC3xmv,1745014838231,429,Access limit reached,"{'error': 'Access limit reached', 'retry_after': '6 hours 17 minutes'}"
119,z0JDHDmlF0xC3xmv,1745077512231,429,Access limit reached,"{'error': 'Access limit reached', 'retry_after': '6 hours 17 minutes'}"
119,z0JDHDmlF0xC3xmv,1745034527231,429,Access limit reached,"{'error': 'Access limit reached', 'retry_after': '6 hours 17 minutes'}"
119,z0JDHDmlF0xC3xmv,1745050074231,429,Access limit reached,"{'error': 'Access limit reached', 'retry_after': '6 hours 17 minutes'}"
119,z0JDHDmlF0xC3xmv,1745045292231,429,Access limit reached,"{'error': 'Access limit reached', 'retry_after': '6 hours 17 minutes'}"
119,z0JDHDmlF0xC3xmv,1745024294231,429,Access limit reached,"{'error': 'Access limit reached', 'retry_after': '6 hours 17 minutes'}"
119,z0JDHDmlF0xC3xmv,1745055161231,429,Access limit reached,"{'error': 'Access limit reached', 'retry_after': '6 hours 17 minutes'}"
119,z0JDHDmlF0xC3xmv,1745024482231,429,Access limit reached,"{'error': 'Access limit reached', 'retry_after': '6 hours 17 minutes'}"
119,z0JDHDmlF0xC3xmv,1745072493231,429,Access limit reached,"{'error': 'Access limit reached', 'retry_after': '6 hours 17 minutes'}"
119,z0JDHDmlF0xC3xmv,1745035083231,429,Access limit reached,"{'error': 'Access limit reached', 'retry_after': '6 hours 17 minutes'}"
119,z0JDHDmlF0xC3xmv,1745064601231,429,Access limit reached,"{'error': 'Access limit reached', 'retry_after': '6 hours 17 minutes'}"
119,z0JDHDmlF0xC3xmv,1745076861231,429,Access limit reached,"{'error': 'Access limit reached', 'retry_after': '6 hours 17 minutes'}"
119,z0JDHDmlF0xC3xmv,1745044166231,429,Access limit reached,"{'error': 'Access limit reached', 'retry_after': '6 hours 17 minutes'}"
119,z0JDHDmlF0xC3xmv,1745013672231,429,Access limit reached,"{'error': 'Access limit reached', 'retry_after': '6 hours 17 minutes'}"
120,XxbRFGNYZnZSAQYX,1745015052231,429,Access limit reached,"{'error': 'Access limit reached', 'retry_after': '4 hours 51 minutes'}"
120,XxbRFGNYZnZSAQYX,1745029903231,429,Access limit reached,"{'error': 'Access limit reached', 'retry_after': '4 hours 51 minutes'}"
120,XxbRFGNYZnZSAQYX,1745076473231,429,Access limit reached,"{'error': 'Access limit reached', 'retry_after': '4 hours 51 minutes'}"
120,XxbRFGNYZnZSAQYX,1745064675231,429,Access limit reached,"{'error': 'Access limit reached', 'retry_after': '4 hours 51 minutes'}"
120,XxbRFGNYZnZSAQYX,1745065608231,429,Access limit reached,"{'error': 'Access limit reached', 'retry_after': '4 hours 51 minutes'}"
120,XxbRFGNYZnZSAQYX,1745061369231,429,Access limit reached,"{'error': 'Access limit reached', 'retry_after': '4 hours 51 minutes'}"
120,XxbRFGNYZnZSAQYX,1745007291231,429,Access limit reached,"{'error': 'Access limit reached', 'retry_after': '4 hours 51 minutes'}"
120,XxbRFGNYZnZSAQYX,1745051416231,429,Access limit reached,"{'error': 'Access limit reached', 'retry_after': '4 hours 51 minutes'}"
120,XxbRFGNYZnZSAQYX,1745009548231,429,Access limit reached,"{'error': 'Access limit reached', 'retry_after': '4 hours 51 minutes'}"
120,XxbRFGNYZnZSAQYX,1745057865231,429,Access limit reached,"{'error': 'Access limit reached', 'retry_after': '4 hours 51 minutes'}"
120,XxbRFGNYZnZSAQYX,1745012202231,429,Access limit reached,"{'error': 'Access limit reached', 'retry_after': '4 hours 51 minutes'}"
120,XxbRFGNYZnZSAQYX,1745071922231,429,Access limit reached,"{'error': 'Access limit reached', 'retry_after': '4 hours 51 minutes'}"
120,XxbRFGNYZnZSAQYX,1745056415231,429,Access limit reached,"{'error': 'Access limit reached', 'retry_after': '4 hours 51 minutes'}"
120,XxbRFGNYZnZSAQYX,1745031279231,429,Access limit reached,"{'error': 'Access limit reached', 'retry_after': '4 hours 51 minutes'}"
120,XxbRFGNYZnZSAQYX,1745049392231,429,Access limit reached,"{'error': 'Access limit reached', 'retry_after': '4 hours 51 minutes'}"
120,XxbRFGNYZnZSAQYX,1745034541231,429,Access limit reached,"{'error': 'Access limit reached', 'retry_after': '4 hours 51 minutes'}"
120,XxbRFGNYZnZSAQYX,1745036808231,429,Access limit reached,"{'error': 'Access limit reached', 'retry_after': '4 hours 51 minutes'}"
120,XxbRFGNYZnZSAQYX,1745044103231,429,Access limit reached,"{'error': 'Access limit reached', 'retry_after': '4 hours 51 minutes'}"
120,XxbRFGNYZnZSAQYX,1745050069231,429,Access limit reached,"{'error': 'Access limit reached', 'retry_after': '4 hours 51 minutes'}"
120,XxbRFGNYZnZSAQYX,1745033711231,429,Access limit reached,"{'error': 'Access limit reached', 'retry_after': '4 hours 51 minutes'}"
120,XxbRFGNYZnZSAQYX,1745066219231,429,Access limit reached,"{'error': 'Access limit reached', 'retry_after': '4 hours 51 minutes'}"
120,XxbRFGNYZnZSAQYX,1745061782231,429,Access limit reached,"{'error': 'Access limit reached', 'retry_after': '4 hours 51 minutes'}"
120,XxbRFGNYZnZSAQYX,1745025747231,429,Access limit reached,"{'error': 'Access limit reached', 'retry_after': '4 hours 51 minutes'}"
120,XxbRFGNYZnZSAQYX,1745070210231,429,Access limit reached,"{'error': 'Access limit reached', 'retry_after': '4 hours 51 minutes'}"
120,XxbRFGNYZnZSAQYX,1745065292231,429,Access limit reached,"{'error': 'Access limit reached', 'retry_after': '4 hours 51 minutes'}"
120,XxbRFGNYZnZSAQYX,1745033417231,429,Access limit reached,"{'error': 'Access limit reached', 'retry_after': '4 hours 51 minutes'}"
120,XxbRFGNYZnZSAQYX,1745014315231,429,Access limit reached,"{'error': 'Access limit reached', 'retry_after': '4 hours 51 minutes'}"
120,XxbRFGNYZnZSAQYX,1745024646231,429,Access limit reached,"{'error': 'Access limit reached', 'retry_after': '4 hours 51 minutes'}"
120,XxbRFGNYZnZSAQYX,1745052550231,429,Access limit reached,"{'error': 'Access limit reached', 'retry_after': '4 hours 51 minutes'}"
120,XxbRFGNYZnZSAQYX,1745073960231,429,Access limit reached,"{'error': 'Access limit reached', 'retry_after': '4 hours 51 minutes'}"
120,XxbRFGNYZnZSAQYX,1745020983231,429,Access limit reached,"{'error': 'Access limit reached', 'retry_after': '4 hours 51 minutes'}"
120,XxbRFGNYZnZSAQYX,1745055835231,429,Access limit reached,"{'error': 'Access limit reached', 'retry_after': '4 hours 51 minutes'}"
120,XxbRFGNYZnZSAQYX,1745041847231,429,Access limit reached,"{'error': 'Access limit reached', 'retry_after': '4 hours 51 minutes'}"
120,XxbRFGNYZnZSAQYX,1745070975231,429,Access limit reached,"{'error': 'Access limit reached', 'retry_after': '4 hours 51 minutes'}"
120,XxbRFGNYZnZSAQYX,1745061847231,429,Access limit reached,"{'error': 'Access limit reached', 'retry_after': '4 hours 51 minutes'}"
120,XxbRFGNYZnZSAQYX,1745028029231,429,Access limit reached,"{'error': 'Access limit reached', 'retry_after': '4 hours 51 minutes'}"
120,XxbRFGNYZnZSAQYX,1745016674231,429,Access limit reached,"{'error': 'Access limit reached', 'retry_after': '4 hours 51 minutes'}"
120,XxbRFGNYZnZSAQYX,1745034636231,429,Access limit reached,"{'error': 'Access limit reached', 'retry_after': '4 hours 51 minutes'}"
120,XxbRFGNYZnZSAQYX,1745008578231,429,Access limit reached,"{'error': 'Access limit reached', 'retry_after': '4 hours 51 minutes'}"
120,XxbRFGNYZnZSAQYX,1745035262231,429,Access limit reached,"{'error': 'Access limit reached', 'retry_after': '4 hours 51 minutes'}"
120,XxbRFGNYZnZSAQYX,1745025651231,429,Access limit reached,"{'error': 'Access limit reached', 'retry_after': '4 hours 51 minutes'}"
120,XxbRFGNYZnZSAQYX,1745043102231,429,Access limit reached,"{'error': 'Access limit reached', 'retry_after': '4 hours 51 minutes'}"
121,h94anv2bwU2NJJkA,1745044822231,429,Access limit reached,"{'error': 'Access limit reached', 'retry_after': '6 hours 53 minutes'}"
121,h94anv2bwU2NJJkA,1745014377231,429,Access limit reached,"{'error': 'Access limit reached', 'retry_after': '6 hours 53 minutes'}"
121,h94anv2bwU2NJJkA,1745034071231,429,Access limit reached,"{'error': 'Access limit reached', 'retry_after': '6 hours 53 minutes'}"
121,h94anv2bwU2NJJkA,1745060030231,429,Access limit reached,"{'error': 'Access limit reached', 'retry_after': '6 hours 53 minutes'}"
121,h94anv2bwU2NJJkA,1745058390231,429,Access limit reached,"{'error': 'Access limit reached', 'retry_after': '6 hours 53 minutes'}"
121,h94anv2bwU2NJJkA,1745032652231,429,Access limit reached,"{'error': 'Access limit reached', 'retry_after': '6 hours 53 minutes'}"
121,h94anv2bwU2NJJkA,1745042899231,429,Access limit reached,"{'error': 'Access limit reached', 'retry_after': '6 hours 53 minutes'}"
121,h94anv2bwU2NJJkA,1745026157231,429,Access limit reached,"{'error': 'Access limit reached', 'retry_after': '6 hours 53 minutes'}"
121,h94anv2bwU2NJJkA,1745062508231,429,Access limit reached,"{'error': 'Access limit reached', 'retry_after': '6 hours 53 minutes'}"
121,h94anv2bwU2NJJkA,1745033816231,429,Access limit reached,"{'error': 'Access limit reached', 'retry_after': '6 hours 53 minutes'}"
121,h94anv2bwU2NJJkA,1745014200231,429,Access limit reached,"{'error': 'Access limit reached', 'retry_after': '6 hours 53 minutes'}"
121,h94anv2bwU2NJJkA,1745065858231,429,Access limit reached,"{'error': 'Access limit reached', 'retry_after': '6 hours 53 minutes'}"
121,h94anv2bwU2NJJkA,1745014074231,429,Access limit reached,"{'error': 'Access limit reached', 'retry_after': '6 hours 53 minutes'}"
121,h94anv2bwU2NJJkA,1745031042231,429,Access limit reached,"{'error': 'Access limit reached', 'retry_after': '6 hours 53 minutes'}"
121,h94anv2bwU2NJJkA,1745078239231,429,Access limit reached,"{'error': 'Access limit reached', 'retry_after': '6 hours 53 minutes'}"
121,h94anv2bwU2NJJkA,1745057325231,429,Access limit reached,"{'error': 'Access limit reached', 'retry_after': '6 hours 53 minutes'}"
121,h94anv2bwU2NJJkA,1745070695231,429,Access limit reached,"{'error': 'Access limit reached', 'retry_after': '6 hours 53 minutes'}"
121,h94anv2bwU2NJJkA,1745007503231,429,Access limit reached,"{'error': 'Access limit reached', 'retry_after': '6 hours 53 minutes'}"
121,h94anv2bwU2NJJkA,1745033671231,429,Access limit reached,"{'error': 'Access limit reached', 'retry_after': '6 hours 53 minutes'}"
121,h94anv2bwU2NJJkA,1745016586231,429,Access limit reached,"{'error': 'Access limit reached', 'retry_after': '6 hours 53 minutes'}"
121,h94anv2bwU2NJJkA,1745041174231,429,Access limit reached,"{'error': 'Access limit reached', 'retry_after': '6 hours 53 minutes'}"
121,h94anv2bwU2NJJkA,1745075132231,429,Access limit reached,"{'error': 'Access limit reached', 'retry_after': '6 hours 53 minutes'}"
121,h94anv2bwU2NJJkA,1745026358231,429,Access limit reached,"{'error': 'Access limit reached', 'retry_after': '6 hours 53 minutes'}"
121,h94anv2bwU2NJJkA,1745032897231,429,Access limit reached,"{'error': 'Access limit reached', 'retry_after': '6 hours 53 minutes'}"
121,h94anv2bwU2NJJkA,1745064768231,429,Access limit reached,"{'error': 'Access limit reached', 'retry_after': '6 hours 53 minutes'}"
121,h94anv2bwU2NJJkA,1745038032231,429,Access limit reached,"{'error': 'Access limit reached', 'retry_after': '6 hours 53 minutes'}"
121,h94anv2bwU2NJJkA,1745061805231,429,Access limit reached,"{'error': 'Access limit reached', 'retry_after': '6 hours 53 minutes'}"
121,h94anv2bwU2NJJkA,1745065301231,429,Access limit reached,"{'error': 'Access limit reached', 'retry_after': '6 hours 53 minutes'}"
121,h94anv2bwU2NJJkA,1745045430231,429,Access limit reached,"{'error': 'Access limit reached', 'retry_after': '6 hours 53 minutes'}"
121,h94anv2bwU2NJJkA,1745053314231,429,Access limit reached,"{'error': 'Access limit reached', 'retry_after': '6 hours 53 minutes'}"
121,h94anv2bwU2NJJkA,1745053570231,429,Access limit reached,"{'error': 'Access limit reached', 'retry_after': '6 hours 53 minutes'}"
121,h94anv2bwU2NJJkA,1745048527231,429,Access limit reached,"{'error': 'Access limit reached', 'retry_after': '6 hours 53 minutes'}"
121,h94anv2bwU2NJJkA,1745041709231,429,Access limit reached,"{'error': 'Access limit reached', 'retry_after': '6 hours 53 minutes'}"
121,h94anv2bwU2NJJkA,1745063627231,429,Access limit reached,"{'error': 'Access limit reached', 'retry_after': '6 hours 53 minutes'}"
121,h94anv2bwU2NJJkA,1745059710231,429,Access limit reached,"{'error': 'Access limit reached', 'retry_after': '6 hours 53 minutes'}"
121,h94anv2bwU2NJJkA,1745074694231,429,Access limit reached,"{'error': 'Access limit reached', 'retry_after': '6 hours 53 minutes'}"
121,h94anv2bwU2NJJkA,1745064726231,429,Access limit reached,"{'error': 'Access limit reached', 'retry_after': '6 hours 53 minutes'}"
121,h94anv2bwU2NJJkA,1745075339231,429,Access limit reached,"{'error': 'Access limit reached', 'retry_after': '6 hours 53 minutes'}"
121,h94anv2bwU2NJJkA,1745036087231,429,Access limit reached,"{'error': 'Access limit reached', 'retry_after': '6 hours 53 minutes'}"
122,h94anv2bwU2NJJkA,1745009304231,429,Access limit reached,"{'error': 'Access limit reached', 'retry_after': '6 hours 53 minutes'}"
122,h94anv2bwU2NJJkA,1745041909231,429,Access limit reached,"{'error': 'Access limit reached', 'retry_after': '6 hours 53 minutes'}"
122,h94anv2bwU2NJJkA,1745044955231,429,Access limit reached,"{'error': 'Access limit reached', 'retry_after': '6 hours 53 minutes'}"
122,h94anv2bwU2NJJkA,1745024945231,429,Access limit reached,"{'error': 'Access limit reached', 'retry_after': '6 hours 53 minutes'}"
122,h94anv2bwU2NJJkA,1745013314231,429,Access limit reached,"{'error': 'Access limit reached', 'retry_after': '6 hours 53 minutes'}"
122,h94anv2bwU2NJJkA,1745024114231,429,Access limit reached,"{'error': 'Access limit reached', 'retry_after': '6 hours 53 minutes'}"
122,h94anv2bwU2NJJkA,1745068072231,429,Access limit reached,"{'error': 'Access limit reached', 'retry_after': '6 hours 53 minutes'}"
122,h94anv2bwU2NJJkA,1745074630231,429,Access limit reached,"{'error': 'Access limit reached', 'retry_after': '6 hours 53 minutes'}"
122,h94anv2bwU2NJJkA,1745044605231,429,Access limit reached,"{'error': 'Access limit reached', 'retry_after': '6 hours 53 minutes'}"
122,h94anv2bwU2NJJkA,1745014593231,429,Access limit reached,"{'error': 'Access limit reached', 'retry_after': '6 hours 53 minutes'}"
122,h94anv2bwU2NJJkA,1745042865231,429,Access limit reached,"{'error': 'Access limit reached', 'retry_after': '6 hours 53 minutes'}"
122,h94anv2bwU2NJJkA,1745023909231,429,Access limit reached,"{'error': 'Access limit reached', 'retry_after': '6 hours 53 minutes'}"
122,h94anv2bwU2NJJkA,1745069395231,429,Access limit reached,"{'error': 'Access limit reached', 'retry_after': '6 hours 53 minutes'}"
122,h94anv2bwU2NJJkA,1745046722231,429,Access limit reached,"{'error': 'Access limit reached', 'retry_after': '6 hours 53 minutes'}"
122,h94anv2bwU2NJJkA,1745032847231,429,Access limit reached,"{'error': 'Access limit reached', 'retry_after': '6 hours 53 minutes'}"
122,h94anv2bwU2NJJkA,1745076308231,429,Access limit reached,"{'error': 'Access limit reached', 'retry_after': '6 hours 53 minutes'}"
122,h94anv2bwU2NJJkA,1745024636231,429,Access limit reached,"{'error': 'Access limit reached', 'retry_after': '6 hours 53 minutes'}"
122,h94anv2bwU2NJJkA,1745036140231,429,Access limit reached,"{'error': 'Access limit reached', 'retry_after': '6 hours 53 minutes'}"
122,h94anv2bwU2NJJkA,1745076473231,429,Access limit reached,"{'error': 'Access limit reached', 'retry_after': '6 hours 53 minutes'}"
122,h94anv2bwU2NJJkA,1745062070231,429,Access limit reached,"{'error': 'Access limit reached', 'retry_after': '6 hours 53 minutes'}"
122,h94anv2bwU2NJJkA,1745077212231,429,Access limit reached,"{'error': 'Access limit reached', 'retry_after': '6 hours 53 minutes'}"
122,h94anv2bwU2NJJkA,1745026686231,429,Access limit reached,"{'error': 'Access limit reached', 'retry_after': '6 hours 53 minutes'}"
122,h94anv2bwU2NJJkA,1745029401231,429,Access limit reached,"{'error': 'Access limit reached', 'retry_after': '6 hours 53 minutes'}"
122,h94anv2bwU2NJJkA,1745011772231,429,Access limit reached,"{'error': 'Access limit reached', 'retry_after': '6 hours 53 minutes'}"
122,h94anv2bwU2NJJkA,1745019101231,429,Access limit reached,"{'error': 'Access limit reached', 'retry_after': '6 hours 53 minutes'}"
122,h94anv2bwU2NJJkA,1745024908231,429,Access limit reached,"{'error': 'Access limit reached', 'retry_after': '6 hours 53 minutes'}"
122,h94anv2bwU2NJJkA,1745060287231,429,Access limit reached,"{'error': 'Access limit reached', 'retry_after': '6 hours 53 minutes'}"
122,h94anv2bwU2NJJkA,1745012061231,429,Access limit reached,"{'error': 'Access limit reached', 'retry_after': '6 hours 53 minutes'}"
123,z0JDHDmlF0xC3xmv,1745007427231,429,Access limit reached,"{'error': 'Access limit reached', 'retry_after': '6 hours 17 minutes'}"
123,z0JDHDmlF0xC3xmv,1745009175231,429,Access limit reached,"{'error': 'Access limit reached', 'retry_after': '6 hours 17 minutes'}"
123,z0JDHDmlF0xC3xmv,1745073321231,429,Access limit reached,"{'error': 'Access limit reached', 'retry_after': '6 hours 17 minutes'}"
123,z0JDHDmlF0xC3xmv,1745069418231,429,Access limit reached,"{'error': 'Access limit reached', 'retry_after': '6 hours 17 minutes'}"
123,z0JDHDmlF0xC3xmv,1745036363231,429,Access limit reached,"{'error': 'Access limit reached', 'retry_after': '6 hours 17 minutes'}"
123,z0JDHDmlF0xC3xmv,1745041852231,429,Access limit reached,"{'error': 'Access limit reached', 'retry_after': '6 hours 17 minutes'}"
123,z0JDHDmlF0xC3xmv,1745076019231,429,Access limit reached,"{'error': 'Access limit reached', 'retry_after': '6 hours 17 minutes'}"
123,z0JDHDmlF0xC3xmv,1745078972231,429,Access limit reached,"{'error': 'Access limit reached', 'retry_after': '6 hours 17 minutes'}"
123,z0JDHDmlF0xC3xmv,1745010750231,429,Access limit reached,"{'error': 'Access limit reached', 'retry_after': '6 hours 17 minutes'}"
123,z0JDHDmlF0xC3xmv,1745017882231,429,Access limit reached,"{'error': 'Access limit reached', 'retry_after': '6 hours 17 minutes'}"
123,z0JDHDmlF0xC3xmv,1745029122231,429,Access limit reached,"{'error': 'Access limit reached', 'retry_after': '6 hours 17 minutes'}"
123,z0JDHDmlF0xC3xmv,1745055018231,429,Access limit reached,"{'error': 'Access limit reached', 'retry_after': '6 hours 17 minutes'}"
123,z0JDHDmlF0xC3xmv,1745076615231,429,Access limit reached,"{'error': 'Access limit reached', 'retry_after': '6 hours 17 minutes'}"
123,z0JDHDmlF0xC3xmv,1745076307231,429,Access limit reached,"{'error': 'Access limit reached', 'retry_after': '6 hours 17 minutes'}"
123,z0JDHDmlF0xC3xmv,1745030114231,429,Access limit reached,"{'error': 'Access limit reached', 'retry_after': '6 hours 17 minutes'}"
123,z0JDHDmlF0xC3xmv,1745036889231,429,Access limit reached,"{'error': 'Access limit reached', 'retry_after': '6 hours 17 minutes'}"
123,z0JDHDmlF0xC3xmv,1745045030231,429,Access limit reached,"{'error': 'Access limit reached', 'retry_after': '6 hours 17 minutes'}"
123,z0JDHDmlF0xC3xmv,1745021974231,429,Access limit reached,"{'error': 'Access limit reached', 'retry_after': '6 hours 17 minutes'}"
123,z0JDHDmlF0xC3xmv,1745007925231,429,Access limit reached,"{'error': 'Access limit reached', 'retry_after': '6 hours 17 minutes'}"
123,z0JDHDmlF0xC3xmv,1745059514231,429,Access limit reached,"{'error': 'Access limit reached', 'retry_after': '6 hours 17 minutes'}"
123,z0JDHDmlF0xC3xmv,1745032896231,429,Access limit reached,"{'error': 'Access limit reached', 'retry_after': '6 hours 17 minutes'}"
123,z0JDHDmlF0xC3xmv,1745016840231,429,Access limit reached,"{'error': 'Access limit reached', 'retry_after': '6 hours 17 minutes'}"
123,z0JDHDmlF0xC3xmv,1745068834231,429,Access limit reached,"{'error': 'Access limit reached', 'retry_after': '6 hours 17 minutes'}"
123,z0JDHDmlF0xC3xmv,1745047368231,429,Access limit reached,"{'error': 'Access limit reached', 'retry_after': '6 hours 17 minutes'}"
123,z0JDHDmlF0xC3xmv,1745027612231,429,Access limit reached,"{'error': 'Access limit reached', 'retry_after': '6 hours 17 minutes'}"
123,z0JDHDmlF0xC3xmv,1745007730231,429,Access limit reached,"{'error': 'Access limit reached', 'retry_after': '6 hours 17 minutes'}"
123,z0JDHDmlF0xC3xmv,1745066588231,429,Access limit reached,"{'error': 'Access limit reached', 'retry_after': '6 hours 17 minutes'}"
123,z0JDHDmlF0xC3xmv,1745040985231,429,Access limit reached,"{'error': 'Access limit reached', 'retry_after': '6 hours 17 minutes'}"
123,z0JDHDmlF0xC3xmv,1745062911231,429,Access limit reached,"{'error': 'Access limit reached', 'retry_after': '6 hours 17 minutes'}"
123,z0JDHDmlF0xC3xmv,1745019360231,429,Access limit reached,"{'error': 'Access limit reached', 'retry_after': '6 hours 17 minutes'}"
123,z0JDHDmlF0xC3xmv,1745058635231,429,Access limit reached,"{'error': 'Access limit reached', 'retry_after': '6 hours 17 minutes'}"
123,z0JDHDmlF0xC3xmv,1745057249231,429,Access limit reached,"{'error': 'Access limit reached', 'retry_after': '6 hours 17 minutes'}"
123,z0JDHDmlF0xC3xmv,1745027377231,429,Access limit reached,"{'error': 'Access limit reached', 'retry_after': '6 hours 17 minutes'}"
124,XxbRFGNYZnZSAQYX,1745016016231,429,Access limit reached,"{'error': 'Access limit reached', 'retry_after': '4 hours 51 minutes'}"
124,XxbRFGNYZnZSAQYX,1745043277231,429,Access limit reached,"{'error': 'Access limit reached', 'retry_after': '4 hours 51 minutes'}"
124,XxbRFGNYZnZSAQYX,1745067429231,429,Access limit reached,"{'error': 'Access limit reached', 'retry_after': '4 hours 51 minutes'}"
124,XxbRFGNYZnZSAQYX,1745076292231,429,Access limit reached,"{'error': 'Access limit reached', 'retry_after': '4 hours 51 minutes'}"
124,XxbRFGNYZnZSAQYX,1745010201231,429,Access limit reached,"{'error': 'Access limit reached', 'retry_after': '4 hours 51 minutes'}"
124,XxbRFGNYZnZSAQYX,1745075178231,429,Access limit reached,"{'error': 'Access limit reached', 'retry_after': '4 hours 51 minutes'}"
124,XxbRFGNYZnZSAQYX,1745016652231,429,Access limit reached,"{'error': 'Access limit reached', 'retry_after': '4 hours 51 minutes'}"
124,XxbRFGNYZnZSAQYX,1745053366231,429,Access limit reached,"{'error': 'Access limit reached', 'retry_after': '4 hours 51 minutes'}"
124,XxbRFGNYZnZSAQYX,1745040329231,429,Access limit reached,"{'error': 'Access limit reached', 'retry_after': '4 hours 51 minutes'}"
124,XxbRFGNYZnZSAQYX,1745048083231,429,Access limit reached,"{'error': 'Access limit reached', 'retry_after': '4 hours 51 minutes'}"
124,XxbRFGNYZnZSAQYX,1745053707231,429,Access limit reached,"{'error': 'Access limit reached', 'retry_after': '4 hours 51 minutes'}"
124,XxbRFGNYZnZSAQYX,1745060793231,429,Access limit reached,"{'error': 'Access limit reached', 'retry_after': '4 hours 51 minutes'}"
124,XxbRFGNYZnZSAQYX,1745065560231,429,Access limit reached,"{'error': 'Access limit reached', 'retry_after': '4 hours 51 minutes'}"
124,XxbRFGNYZnZSAQYX,1745024189231,429,Access limit reached,"{'error': 'Access limit reached', 'retry_after': '4 hours 51 minutes'}"
124,XxbRFGNYZnZSAQYX,1745031676231,429,Access limit reached,"{'error': 'Access limit reached', 'retry_after': '4 hours 51 minutes'}"
124,XxbRFGNYZnZSAQYX,1745028805231,429,Access limit reached,"{'error': 'Access limit reached', 'retry_after': '4 hours 51 minutes'}"
124,XxbRFGNYZnZSAQYX,1745075306231,429,Access limit reached,"{'error': 'Access limit reached', 'retry_after': '4 hours 51 minutes'}"
124,XxbRFGNYZnZSAQYX,1745063575231,429,Access limit reached,"{'error': 'Access limit reached', 'retry_after': '4 hours 51 minutes'}"
124,XxbRFGNYZnZSAQYX,1745010118231,429,Access limit reached,"{'error': 'Access limit reached', 'retry_after': '4 hours 51 minutes'}"
124,XxbRFGNYZnZSAQYX,1745062189231,429,Access limit reached,"{'error': 'Access limit reached', 'retry_after': '4 hours 51 minutes'}"
124,XxbRFGNYZnZSAQYX,1745078159231,429,Access limit reached,"{'error': 'Access limit reached', 'retry_after': '4 hours 51 minutes'}"
124,XxbRFGNYZnZSAQYX,1745022720231,429,Access limit reached,"{'error': 'Access limit reached', 'retry_after': '4 hours 51 minutes'}"
124,XxbRFGNYZnZSAQYX,1745056808231,429,Access limit reached,"{'error': 'Access limit reached', 'retry_after': '4 hours 51 minutes'}"
124,XxbRFGNYZnZSAQYX,1745039216231,429,Access limit reached,"{'error': 'Access limit reached', 'retry_after': '4 hours 51 minutes'}"
124,XxbRFGNYZnZSAQYX,1745049440231,429,Access limit reached,"{'error': 'Access limit reached', 'retry_after': '4 hours 51 minutes'}"
124,XxbRFGNYZnZSAQYX,1745070403231,429,Access limit reached,"{'error': 'Access limit reached', 'retry_after': '4 hours 51 minutes'}"
124,XxbRFGNYZnZSAQYX,1745074747231,429,Access limit reached,"{'error': 'Access limit reached', 'retry_after': '4 hours 51 minutes'}"
124,XxbRFGNYZnZSAQYX,1745019898231,429,Access limit reached,"{'error': 'Access limit reached', 'retry_after': '4 hours 51 minutes'}"
124,XxbRFGNYZnZSAQYX,1745072427231,429,Access limit reached,"{'error': 'Access limit reached', 'retry_after': '4 hours 51 minutes'}"
124,XxbRFGNYZnZSAQYX,1745031359231,429,Access limit reached,"{'error': 'Access limit reached', 'retry_after': '4 hours 51 minutes'}"
124,XxbRFGNYZnZSAQYX,1745007592231,429,Access limit reached,"{'error': 'Access limit reached', 'retry_after': '4 hours 51 minutes'}"
124,XxbRFGNYZnZSAQYX,1745029408231,429,Access limit reached,"{'error': 'Access limit reached', 'retry_after': '4 hours 51 minutes'}"
124,XxbRFGNYZnZSAQYX,1745049506231,429,Access limit reached,"{'error': 'Access limit reached', 'retry_after': '4 hours 51 minutes'}"
124,XxbRFGNYZnZSAQYX,1745060124231,429,Access limit reached,"{'error': 'Access limit reached', 'retry_after': '4 hours 51 minutes'}"
124,XxbRFGNYZnZSAQYX,1745075008231,429,Access limit reached,"{'error': 'Access limit reached', 'retry_after': '4 hours 51 minutes'}"
124,XxbRFGNYZnZSAQYX,1745058887231,429,Access limit reached,"{'error': 'Access limit reached', 'retry_after': '4 hours 51 minutes'}"
124,XxbRFGNYZnZSAQYX,1745073179231,429,Access limit reached,"{'error': 'Access limit reached', 'retry_after': '4 hours 51 minutes'}"
124,XxbRFGNYZnZSAQYX,1745035576231,429,Access limit reached,"{'error': 'Access limit reached', 'retry_after': '4 hours 51 minutes'}"
124,XxbRFGNYZnZSAQYX,1745074737231,429,Access limit reached,"{'error': 'Access limit reached', 'retry_after': '4 hours 51 minutes'}"
124,XxbRFGNYZnZSAQYX,1745039351231,429,Access limit reached,"{'error': 'Access limit reached', 'retry_after': '4 hours 51 minutes'}"
124,XxbRFGNYZnZSAQYX,1745009579231,429,Access limit reached,"{'error': 'Access limit reached', 'retry_after': '4 hours 51 minutes'}"
124,XxbRFGNYZnZSAQYX,1745062283231,429,Access limit reached,"{'error': 'Access limit reached', 'retry_after': '4 hours 51 minutes'}"
124,XxbRFGNYZnZSAQYX,1745073881231,429,Access limit reached,"{'error': 'Access limit reached', 'retry_after': '4 hours 51 minutes'}"
124,XxbRFGNYZnZSAQYX,1745034260231,429,Access limit reached,"{'error': 'Access limit reached', 'retry_after': '4 hours 51 minutes'}"
125,z0JDHDmlF0xC3xmv,1745016915231,429,Access limit reached,"{'error': 'Access limit reached', 'retry_after': '6 hours 17 minutes'}"
125,z0JDHDmlF0xC3xmv,1745044922231,429,Access limit reached,"{'error': 'Access limit reached', 'retry_after': '6 hours 17 minutes'}"
125,z0JDHDmlF0xC3xmv,1745023339231,429,Access limit reached,"{'error': 'Access limit reached', 'retry_after': '6 hours 17 minutes'}"
125,z0JDHDmlF0xC3xmv,1745010565231,429,Access limit reached,"{'error': 'Access limit reached', 'retry_after': '6 hours 17 minutes'}"
125,z0JDHDmlF0xC3xmv,1745075597231,429,Access limit reached,"{'error': 'Access limit reached', 'retry_after': '6 hours 17 minutes'}"
125,z0JDHDmlF0xC3xmv,1745044390231,429,Access limit reached,"{'error': 'Access limit reached', 'retry_after': '6 hours 17 minutes'}"
125,z0JDHDmlF0xC3xmv,1745054855231,429,Access limit reached,"{'error': 'Access limit reached', 'retry_after': '6 hours 17 minutes'}"
125,z0JDHDmlF0xC3xmv,1745077969231,429,Access limit reached,"{'error': 'Access limit reached', 'retry_after': '6 hours 17 minutes'}"
125,z0JDHDmlF0xC3xmv,1745058749231,429,Access limit reached,"{'error': 'Access limit reached', 'retry_after': '6 hours 17 minutes'}"
125,z0JDHDmlF0xC3xmv,1745020044231,429,Access limit reached,"{'error': 'Access limit reached', 'retry_after': '6 hours 17 minutes'}"
125,z0JDHDmlF0xC3xmv,1745074024231,429,Access limit reached,"{'error': 'Access limit reached', 'retry_after': '6 hours 17 minutes'}"
125,z0JDHDmlF0xC3xmv,1745070929231,429,Access limit reached,"{'error': 'Access limit reached', 'retry_after': '6 hours 17 minutes'}"
125,z0JDHDmlF0xC3xmv,1745044239231,429,Access limit reached,"{'error': 'Access limit reached', 'retry_after': '6 hours 17 minutes'}"
125,z0JDHDmlF0xC3xmv,1745027783231,429,Access limit reached,"{'error': 'Access limit reached', 'retry_after': '6 hours 17 minutes'}"
125,z0JDHDmlF0xC3xmv,1745043114231,429,Access limit reached,"{'error': 'Access limit reached', 'retry_after': '6 hours 17 minutes'}"
125,z0JDHDmlF0xC3xmv,1745012061231,429,Access limit reached,"{'error': 'Access limit reached', 'retry_after': '6 hours 17 minutes'}"
125,z0JDHDmlF0xC3xmv,1745013868231,429,Access limit reached,"{'error': 'Access limit reached', 'retry_after': '6 hours 17 minutes'}"
125,z0JDHDmlF0xC3xmv,1745051221231,429,Access limit reached,"{'error': 'Access limit reached', 'retry_after': '6 hours 17 minutes'}"
125,z0JDHDmlF0xC3xmv,1745056084231,429,Access limit reached,"{'error': 'Access limit reached', 'retry_after': '6 hours 17 minutes'}"
125,z0JDHDmlF0xC3xmv,1745026540231,429,Access limit reached,"{'error': 'Access limit reached', 'retry_after': '6 hours 17 minutes'}"
125,z0JDHDmlF0xC3xmv,1745056801231,429,Access limit reached,"{'error': 'Access limit reached', 'retry_after': '6 hours 17 minutes'}"
125,z0JDHDmlF0xC3xmv,1745049620231,429,Access limit reached,"{'error': 'Access limit reached', 'retry_after': '6 hours 17 minutes'}"
125,z0JDHDmlF0xC3xmv,1745025707231,429,Access limit reached,"{'error': 'Access limit reached', 'retry_after': '6 hours 17 minutes'}"
125,z0JDHDmlF0xC3xmv,1745064890231,429,Access limit reached,"{'error': 'Access limit reached', 'retry_after': '6 hours 17 minutes'}"
125,z0JDHDmlF0xC3xmv,1745008668231,429,Access limit reached,"{'error': 'Access limit reached', 'retry_after': '6 hours 17 minutes'}"
125,z0JDHDmlF0xC3xmv,1745024990231,429,Access limit reached,"{'error': 'Access limit reached', 'retry_after': '6 hours 17 minutes'}"
125,z0JDHDmlF0xC3xmv,1745033633231,429,Access limit reached,"{'error': 'Access limit reached', 'retry_after': '6 hours 17 minutes'}"
125,z0JDHDmlF0xC3xmv,1745028139231,429,Access limit reached,"{'error': 'Access limit reached', 'retry_after': '6 hours 17 minutes'}"
125,z0JDHDmlF0xC3xmv,1745022589231,429,Access limit reached,"{'error': 'Access limit reached', 'retry_after': '6 hours 17 minutes'}"
125,z0JDHDmlF0xC3xmv,1745066979231,429,Access limit reached,"{'error': 'Access limit reached', 'retry_after': '6 hours 17 minutes'}"
126,z0JDHDmlF0xC3xmv,1745037565231,429,Access limit reached,"{'error': 'Access limit reached', 'retry_after': '6 hours 17 minutes'}"
126,z0JDHDmlF0xC3xmv,1745075018231,429,Access limit reached,"{'error': 'Access limit reached', 'retry_after': '6 hours 17 minutes'}"
126,z0JDHDmlF0xC3xmv,1745012205231,429,Access limit reached,"{'error': 'Access limit reached', 'retry_after': '6 hours 17 minutes'}"
126,z0JDHDmlF0xC3xmv,1745048141231,429,Access limit reached,"{'error': 'Access limit reached', 'retry_after': '6 hours 17 minutes'}"
126,z0JDHDmlF0xC3xmv,1745017174231,429,Access limit reached,"{'error': 'Access limit reached', 'retry_after': '6 hours 17 minutes'}"
126,z0JDHDmlF0xC3xmv,1745058321231,429,Access limit reached,"{'error': 'Access limit reached', 'retry_after': '6 hours 17 minutes'}"
126,z0JDHDmlF0xC3xmv,1745015151231,429,Access limit reached,"{'error': 'Access limit reached', 'retry_after': '6 hours 17 minutes'}"
126,z0JDHDmlF0xC3xmv,1745056334231,429,Access limit reached,"{'error': 'Access limit reached', 'retry_after': '6 hours 17 minutes'}"
126,z0JDHDmlF0xC3xmv,1745071331231,429,Access limit reached,"{'error': 'Access limit reached', 'retry_after': '6 hours 17 minutes'}"
126,z0JDHDmlF0xC3xmv,1745077020231,429,Access limit reached,"{'error': 'Access limit reached', 'retry_after': '6 hours 17 minutes'}"
126,z0JDHDmlF0xC3xmv,1745075614231,429,Access limit reached,"{'error': 'Access limit reached', 'retry_after': '6 hours 17 minutes'}"
126,z0JDHDmlF0xC3xmv,1745042327231,429,Access limit reached,"{'error': 'Access limit reached', 'retry_after': '6 hours 17 minutes'}"
126,z0JDHDmlF0xC3xmv,1745073620231,429,Access limit reached,"{'error': 'Access limit reached', 'retry_after': '6 hours 17 minutes'}"
126,z0JDHDmlF0xC3xmv,1745033622231,429,Access limit reached,"{'error': 'Access limit reached', 'retry_after': '6 hours 17 minutes'}"
126,z0JDHDmlF0xC3xmv,1745052838231,429,Access limit reached,"{'error': 'Access limit reached', 'retry_after': '6 hours 17 minutes'}"
126,z0JDHDmlF0xC3xmv,1745055817231,429,Access limit reached,"{'error': 'Access limit reached', 'retry_after': '6 hours 17 minutes'}"
126,z0JDHDmlF0xC3xmv,1745030310231,429,Access limit reached,"{'error': 'Access limit reached', 'retry_after': '6 hours 17 minutes'}"
126,z0JDHDmlF0xC3xmv,1745042104231,429,Access limit reached,"{'error': 'Access limit reached', 'retry_after': '6 hours 17 minutes'}"
126,z0JDHDmlF0xC3xmv,1745050535231,429,Access limit reached,"{'error': 'Access limit reached', 'retry_after': '6 hours 17 minutes'}"
126,z0JDHDmlF0xC3xmv,1745015753231,429,Access limit reached,"{'error': 'Access limit reached', 'retry_after': '6 hours 17 minutes'}"
126,z0JDHDmlF0xC3xmv,1745063803231,429,Access limit reached,"{'error': 'Access limit reached', 'retry_after': '6 hours 17 minutes'}"
126,z0JDHDmlF0xC3xmv,1745029920231,429,Access limit reached,"{'error': 'Access limit reached', 'retry_after': '6 hours 17 minutes'}"
126,z0JDHDmlF0xC3xmv,1745069036231,429,Access limit reached,"{'error': 'Access limit reached', 'retry_after': '6 hours 17 minutes'}"
126,z0JDHDmlF0xC3xmv,1745035044231,429,Access limit reached,"{'error': 'Access limit reached', 'retry_after': '6 hours 17 minutes'}"
126,z0JDHDmlF0xC3xmv,1745054226231,429,Access limit reached,"{'error': 'Access limit reached', 'retry_after': '6 hours 17 minutes'}"
126,z0JDHDmlF0xC3xmv,1745072204231,429,Access limit reached,"{'error': 'Access limit reached', 'retry_after': '6 hours 17 minutes'}"
126,z0JDHDmlF0xC3xmv,1745027449231,429,Access limit reached,"{'error': 'Access limit reached', 'retry_after': '6 hours 17 minutes'}"
126,z0JDHDmlF0xC3xmv,1745035596231,429,Access limit reached,"{'error': 'Access limit reached', 'retry_after': '6 hours 17 minutes'}"
126,z0JDHDmlF0xC3xmv,1745070959231,429,Access limit reached,"{'error': 'Access limit reached', 'retry_after': '6 hours 17 minutes'}"
126,z0JDHDmlF0xC3xmv,1745056738231,429,Access limit reached,"{'error': 'Access limit reached', 'retry_after': '6 hours 17 minutes'}"
126,z0JDHDmlF0xC3xmv,1745061001231,429,Access limit reached,"{'error': 'Access limit reached', 'retry_after': '6 hours 17 minutes'}"
126,z0JDHDmlF0xC3xmv,1745067016231,429,Access limit reached,"{'error': 'Access limit reached', 'retry_after': '6 hours 17 minutes'}"
126,z0JDHDmlF0xC3xmv,1745024431231,429,Access limit reached,"{'error': 'Access limit reached', 'retry_after': '6 hours 17 minutes'}"
126,z0JDHDmlF0xC3xmv,1745078379231,429,Access limit reached,"{'error': 'Access limit reached', 'retry_after': '6 hours 17 minutes'}"
126,z0JDHDmlF0xC3xmv,1745048946231,429,Access limit reached,"{'error': 'Access limit reached', 'retry_after': '6 hours 17 minutes'}"
126,z0JDHDmlF0xC3xmv,1745075142231,429,Access limit reached,"{'error': 'Access limit reached', 'retry_after': '6 hours 17 minutes'}"
126,z0JDHDmlF0xC3xmv,1745078603231,429,Access limit reached,"{'error': 'Access limit reached', 'retry_after': '6 hours 17 minutes'}"
126,z0JDHDmlF0xC3xmv,1745011267231,429,Access limit reached,"{'error': 'Access limit reached', 'retry_after': '6 hours 17 minutes'}"
126,z0JDHDmlF0xC3xmv,1745063421231,429,Access limit reached,"{'error': 'Access limit reached', 'retry_after': '6 hours 17 minutes'}"
126,z0JDHDmlF0xC3xmv,1745026418231,429,Access limit reached,"{'error': 'Access limit reached', 'retry_after': '6 hours 17 minutes'}"
126,z0JDHDmlF0xC3xmv,1745051081231,429,Access limit reached,"{'error': 'Access limit reached', 'retry_after': '6 hours 17 minutes'}"
126,z0JDHDmlF0xC3xmv,1745069331231,429,Access limit reached,"{'error': 'Access limit reached', 'retry_after': '6 hours 17 minutes'}"
127,4YHYRv9IiZ7e2gos,1745077666231,429,Access limit reached,"{'error': 'Access limit reached', 'retry_after': '4 hours 42 minutes'}"
127,4YHYRv9IiZ7e2gos,1745053908231,429,Access limit reached,"{'error': 'Access limit reached', 'retry_after': '4 hours 42 minutes'}"
127,4YHYRv9IiZ7e2gos,1745046809231,429,Access limit reached,"{'error': 'Access limit reached', 'retry_after': '4 hours 42 minutes'}"
127,4YHYRv9IiZ7e2gos,1745016680231,429,Access limit reached,"{'error': 'Access limit reached', 'retry_after': '4 hours 42 minutes'}"
127,4YHYRv9IiZ7e2gos,1745026909231,429,Access limit reached,"{'error': 'Access limit reached', 'retry_after': '4 hours 42 minutes'}"
127,4YHYRv9IiZ7e2gos,1745032297231,429,Access limit reached,"{'error': 'Access limit reached', 'retry_after': '4 hours 42 minutes'}"
127,4YHYRv9IiZ7e2gos,1745061970231,429,Access limit reached,"{'error': 'Access limit reached', 'retry_after': '4 hours 42 minutes'}"
127,4YHYRv9IiZ7e2gos,1745032032231,429,Access limit reached,"{'error': 'Access limit reached', 'retry_after': '4 hours 42 minutes'}"
127,4YHYRv9IiZ7e2gos,1745013149231,429,Access limit reached,"{'error': 'Access limit reached', 'retry_after': '4 hours 42 minutes'}"
127,4YHYRv9IiZ7e2gos,1745049989231,429,Access limit reached,"{'error': 'Access limit reached', 'retry_after': '4 hours 42 minutes'}"
127,4YHYRv9IiZ7e2gos,1745013299231,429,Access limit reached,"{'error': 'Access limit reached', 'retry_after': '4 hours 42 minutes'}"
127,4YHYRv9IiZ7e2gos,1745022658231,429,Access limit reached,"{'error': 'Access limit reached', 'retry_after': '4 hours 42 minutes'}"
127,4YHYRv9IiZ7e2gos,1745074169231,429,Access limit reached,"{'error': 'Access limit reached', 'retry_after': '4 hours 42 minutes'}"
127,4YHYRv9IiZ7e2gos,1745054869231,429,Access limit reached,"{'error': 'Access limit reached', 'retry_after': '4 hours 42 minutes'}"
127,4YHYRv9IiZ7e2gos,1745078950231,429,Access limit reached,"{'error': 'Access limit reached', 'retry_after': '4 hours 42 minutes'}"
127,4YHYRv9IiZ7e2gos,1745057297231,429,Access limit reached,"{'error': 'Access limit reached', 'retry_after': '4 hours 42 minutes'}"
127,4YHYRv9IiZ7e2gos,1745025119231,429,Access limit reached,"{'error': 'Access limit reached', 'retry_after': '4 hours 42 minutes'}"
127,4YHYRv9IiZ7e2gos,1745067246231,429,Access limit reached,"{'error': 'Access limit reached', 'retry_after': '4 hours 42 minutes'}"
127,4YHYRv9IiZ7e2gos,1745067658231,429,Access limit reached,"{'error': 'Access limit reached', 'retry_after': '4 hours 42 minutes'}"
127,4YHYRv9IiZ7e2gos,1745046488231,429,Access limit reached,"{'error': 'Access limit reached', 'retry_after': '4 hours 42 minutes'}"
127,4YHYRv9IiZ7e2gos,1745022111231,429,Access limit reached,"{'error': 'Access limit reached', 'retry_after': '4 hours 42 minutes'}"
127,4YHYRv9IiZ7e2gos,1745076186231,429,Access limit reached,"{'error': 'Access limit reached', 'retry_after': '4 hours 42 minutes'}"
127,4YHYRv9IiZ7e2gos,1745072353231,429,Access limit reached,"{'error': 'Access limit reached', 'retry_after': '4 hours 42 minutes'}"
127,4YHYRv9IiZ7e2gos,1745051796231,429,Access limit reached,"{'error': 'Access limit reached', 'retry_after': '4 hours 42 minutes'}"
127,4YHYRv9IiZ7e2gos,1745038367231,429,Access limit reached,"{'error': 'Access limit reached', 'retry_after': '4 hours 42 minutes'}"
127,4YHYRv9IiZ7e2gos,1745038560231,429,Access limit reached,"{'error': 'Access limit reached', 'retry_after': '4 hours 42 minutes'}"
127,4YHYRv9IiZ7e2gos,1745042218231,429,Access limit reached,"{'error': 'Access limit reached', 'retry_after': '4 hours 42 minutes'}"
127,4YHYRv9IiZ7e2gos,1745056544231,429,Access limit reached,"{'error': 'Access limit reached', 'retry_after': '4 hours 42 minutes'}"
127,4YHYRv9IiZ7e2gos,1745015554231,429,Access limit reached,"{'error': 'Access limit reached', 'retry_after': '4 hours 42 minutes'}"
127,4YHYRv9IiZ7e2gos,1745025305231,429,Access limit reached,"{'error': 'Access limit reached', 'retry_after': '4 hours 42 minutes'}"
127,4YHYRv9IiZ7e2gos,1745034510231,429,Access limit reached,"{'error': 'Access limit reached', 'retry_after': '4 hours 42 minutes'}"
127,4YHYRv9IiZ7e2gos,1745049023231,429,Access limit reached,"{'error': 'Access limit reached', 'retry_after': '4 hours 42 minutes'}"
127,4YHYRv9IiZ7e2gos,1745070453231,429,Access limit reached,"{'error': 'Access limit reached', 'retry_after': '4 hours 42 minutes'}"
127,4YHYRv9IiZ7e2gos,1745014236231,429,Access limit reached,"{'error': 'Access limit reached', 'retry_after': '4 hours 42 minutes'}"
127,4YHYRv9IiZ7e2gos,1745050702231,429,Access limit reached,"{'error': 'Access limit reached', 'retry_after': '4 hours 42 minutes'}"
127,4YHYRv9IiZ7e2gos,1745052195231,429,Access limit reached,"{'error': 'Access limit reached', 'retry_after': '4 hours 42 minutes'}"
127,4YHYRv9IiZ7e2gos,1745047798231,429,Access limit reached,"{'error': 'Access limit reached', 'retry_after': '4 hours 42 minutes'}"
128,Mu2ElMy8h0J9vztp,1745021500231,429,Access limit reached,"{'error': 'Access limit reached', 'retry_after': '5 hours 5 minutes'}"
128,Mu2ElMy8h0J9vztp,1745023419231,429,Access limit reached,"{'error': 'Access limit reached', 'retry_after': '5 hours 5 minutes'}"
128,Mu2ElMy8h0J9vztp,1745055232231,429,Access limit reached,"{'error': 'Access limit reached', 'retry_after': '5 hours 5 minutes'}"
128,Mu2ElMy8h0J9vztp,1745047552231,429,Access limit reached,"{'error': 'Access limit reached', 'retry_after': '5 hours 5 minutes'}"
128,Mu2ElMy8h0J9vztp,1745047926231,429,Access limit reached,"{'error': 'Access limit reached', 'retry_after': '5 hours 5 minutes'}"
128,Mu2ElMy8h0J9vztp,1745047607231,429,Access limit reached,"{'error': 'Access limit reached', 'retry_after': '5 hours 5 minutes'}"
128,Mu2ElMy8h0J9vztp,1745018737231,429,Access limit reached,"{'error': 'Access limit reached', 'retry_after': '5 hours 5 minutes'}"
128,Mu2ElMy8h0J9vztp,1745020305231,429,Access limit reached,"{'error': 'Access limit reached', 'retry_after': '5 hours 5 minutes'}"
128,Mu2ElMy8h0J9vztp,1745020506231,429,Access limit reached,"{'error': 'Access limit reached', 'retry_after': '5 hours 5 minutes'}"
128,Mu2ElMy8h0J9vztp,1745016749231,429,Access limit reached,"{'error': 'Access limit reached', 'retry_after': '5 hours 5 minutes'}"
128,Mu2ElMy8h0J9vztp,1745023848231,429,Access limit reached,"{'error': 'Access limit reached', 'retry_after': '5 hours 5 minutes'}"
128,Mu2ElMy8h0J9vztp,1745035261231,429,Access limit reached,"{'error': 'Access limit reached', 'retry_after': '5 hours 5 minutes'}"
128,Mu2ElMy8h0J9vztp,1745071605231,429,Access limit reached,"{'error': 'Access limit reached', 'retry_after': '5 hours 5 minutes'}"
128,Mu2ElMy8h0J9vztp,1745055888231,429,Access limit reached,"{'error': 'Access limit reached', 'retry_after': '5 hours 5 minutes'}"
128,Mu2ElMy8h0J9vztp,1745027194231,429,Access limit reached,"{'error': 'Access limit reached', 'retry_after': '5 hours 5 minutes'}"
128,Mu2ElMy8h0J9vztp,1745018757231,429,Access limit reached,"{'error': 'Access limit reached', 'retry_after': '5 hours 5 minutes'}"
128,Mu2ElMy8h0J9vztp,1745054612231,429,Access limit reached,"{'error': 'Access limit reached', 'retry_after': '5 hours 5 minutes'}"
128,Mu2ElMy8h0J9vztp,1745061301231,429,Access limit reached,"{'error': 'Access limit reached', 'retry_after': '5 hours 5 minutes'}"
128,Mu2ElMy8h0J9vztp,1745021593231,429,Access limit reached,"{'error': 'Access limit reached', 'retry_after': '5 hours 5 minutes'}"
128,Mu2ElMy8h0J9vztp,1745035401231,429,Access limit reached,"{'error': 'Access limit reached', 'retry_after': '5 hours 5 minutes'}"
128,Mu2ElMy8h0J9vztp,1745072521231,429,Access limit reached,"{'error': 'Access limit reached', 'retry_after': '5 hours 5 minutes'}"
128,Mu2ElMy8h0J9vztp,1745011823231,429,Access limit reached,"{'error': 'Access limit reached', 'retry_after': '5 hours 5 minutes'}"
128,Mu2ElMy8h0J9vztp,1745034591231,429,Access limit reached,"{'error': 'Access limit reached', 'retry_after': '5 hours 5 minutes'}"
128,Mu2ElMy8h0J9vztp,1745049289231,429,Access limit reached,"{'error': 'Access limit reached', 'retry_after': '5 hours 5 minutes'}"
128,Mu2ElMy8h0J9vztp,1745048916231,429,Access limit reached,"{'error': 'Access limit reached', 'retry_after': '5 hours 5 minutes'}"
128,Mu2ElMy8h0J9vztp,1745031591231,429,Access limit reached,"{'error': 'Access limit reached', 'retry_after': '5 hours 5 minutes'}"
128,Mu2ElMy8h0J9vztp,1745057933231,429,Access limit reached,"{'error': 'Access limit reached', 'retry_after': '5 hours 5 minutes'}"
129,h94anv2bwU2NJJkA,1745038190231,429,Access limit reached,"{'error': 'Access limit reached', 'retry_after': '6 hours 52 minutes'}"
129,h94anv2bwU2NJJkA,1745008969231,429,Access limit reached,"{'error': 'Access limit reached', 'retry_after': '6 hours 52 minutes'}"
129,h94anv2bwU2NJJkA,1745026512231,429,Access limit reached,"{'error': 'Access limit reached', 'retry_after': '6 hours 52 minutes'}"
129,h94anv2bwU2NJJkA,1745020971231,429,Access limit reached,"{'error': 'Access limit reached', 'retry_after': '6 hours 52 minutes'}"
129,h94anv2bwU2NJJkA,1745077788231,429,Access limit reached,"{'error': 'Access limit reached', 'retry_after': '6 hours 52 minutes'}"
129,h94anv2bwU2NJJkA,1745076979231,429,Access limit reached,"{'error': 'Access limit reached', 'retry_after': '6 hours 52 minutes'}"
129,h94anv2bwU2NJJkA,1745077167231,429,Access limit reached,"{'error': 'Access limit reached', 'retry_after': '6 hours 52 minutes'}"
129,h94anv2bwU2NJJkA,1745024607231,429,Access limit reached,"{'error': 'Access limit reached', 'retry_after': '6 hours 52 minutes'}"
129,h94anv2bwU2NJJkA,1745061553231,429,Access limit reached,"{'error': 'Access limit reached', 'retry_after': '6 hours 52 minutes'}"
129,h94anv2bwU2NJJkA,1745054978231,429,Access limit reached,"{'error': 'Access limit reached', 'retry_after': '6 hours 52 minutes'}"
129,h94anv2bwU2NJJkA,1745036379231,429,Access limit reached,"{'error': 'Access limit reached', 'retry_after': '6 hours 52 minutes'}"
129,h94anv2bwU2NJJkA,1745038331231,429,Access limit reached,"{'error': 'Access limit reached', 'retry_after': '6 hours 52 minutes'}"
129,h94anv2bwU2NJJkA,1745069623231,429,Access limit reached,"{'error': 'Access limit reached', 'retry_after': '6 hours 52 minutes'}"
129,h94anv2bwU2NJJkA,1745019474231,429,Access limit reached,"{'error': 'Access limit reached', 'retry_after': '6 hours 52 minutes'}"
129,h94anv2bwU2NJJkA,1745076677231,429,Access limit reached,"{'error': 'Access limit reached', 'retry_after': '6 hours 52 minutes'}"
129,h94anv2bwU2NJJkA,1745067434231,429,Access limit reached,"{'error': 'Access limit reached', 'retry_after': '6 hours 52 minutes'}"
129,h94anv2bwU2NJJkA,1745051038231,429,Access limit reached,"{'error': 'Access limit reached', 'retry_after': '6 hours 52 minutes'}"
129,h94anv2bwU2NJJkA,1745023072231,429,Access limit reached,"{'error': 'Access limit reached', 'retry_after': '6 hours 52 minutes'}"
129,h94anv2bwU2NJJkA,1745073213231,429,Access limit reached,"{'error': 'Access limit reached', 'retry_after': '6 hours 52 minutes'}"
129,h94anv2bwU2NJJkA,1745033168231,429,Access limit reached,"{'error': 'Access limit reached', 'retry_after': '6 hours 52 minutes'}"
129,h94anv2bwU2NJJkA,1745015137231,429,Access limit reached,"{'error': 'Access limit reached', 'retry_after': '6 hours 52 minutes'}"
129,h94anv2bwU2NJJkA,1745008619231,429,Access limit reached,"{'error': 'Access limit reached', 'retry_after': '6 hours 52 minutes'}"
129,h94anv2bwU2NJJkA,1745026096231,429,Access limit reached,"{'error': 'Access limit reached', 'retry_after': '6 hours 52 minutes'}"
129,h94anv2bwU2NJJkA,1745007504231,429,Access limit reached,"{'error': 'Access limit reached', 'retry_after': '6 hours 52 minutes'}"
129,h94anv2bwU2NJJkA,1745022836231,429,Access limit reached,"{'error': 'Access limit reached', 'retry_after': '6 hours 52 minutes'}"
129,h94anv2bwU2NJJkA,1745075219231,429,Access limit reached,"{'error': 'Access limit reached', 'retry_after': '6 hours 52 minutes'}"
129,h94anv2bwU2NJJkA,1745051443231,429,Access limit reached,"{'error': 'Access limit reached', 'retry_after': '6 hours 52 minutes'}"
129,h94anv2bwU2NJJkA,1745069591231,429,Access limit reached,"{'error': 'Access limit reached', 'retry_after': '6 hours 52 minutes'}"
129,h94anv2bwU2NJJkA,1745053856231,429,Access limit reached,"{'error': 'Access limit reached', 'retry_after': '6 hours 52 minutes'}"
129,h94anv2bwU2NJJkA,1745009351231,429,Access limit reached,"{'error': 'Access limit reached', 'retry_after': '6 hours 52 minutes'}"
129,h94anv2bwU2NJJkA,1745063285231,429,Access limit reached,"{'error': 'Access limit reached', 'retry_after': '6 hours 52 minutes'}"
129,h94anv2bwU2NJJkA,1745044153231,429,Access limit reached,"{'error': 'Access limit reached', 'retry_after': '6 hours 52 minutes'}"
129,h94anv2bwU2NJJkA,1745064862231,429,Access limit reached,"{'error': 'Access limit reached', 'retry_after': '6 hours 52 minutes'}"
129,h94anv2bwU2NJJkA,1745043840231,429,Access limit reached,"{'error': 'Access limit reached', 'retry_after': '6 hours 52 minutes'}"
129,h94anv2bwU2NJJkA,1745038071231,429,Access limit reached,"{'error': 'Access limit reached', 'retry_after': '6 hours 52 minutes'}"
129,h94anv2bwU2NJJkA,1745048002231,429,Access limit reached,"{'error': 'Access limit reached', 'retry_after': '6 hours 52 minutes'}"
129,h94anv2bwU2NJJkA,1745048045231,429,Access limit reached,"{'error': 'Access limit reached', 'retry_after': '6 hours 52 minutes'}"
129,h94anv2bwU2NJJkA,1745053016231,429,Access limit reached,"{'error': 'Access limit reached', 'retry_after': '6 hours 52 minutes'}"
129,h94anv2bwU2NJJkA,1745068681231,429,Access limit reached,"{'error': 'Access limit reached', 'retry_after': '6 hours 52 minutes'}"
129,h94anv2bwU2NJJkA,1745013874231,429,Access limit reached,"{'error': 'Access limit reached', 'retry_after': '6 hours 52 minutes'}"
129,h94anv2bwU2NJJkA,1745040431231,429,Access limit reached,"{'error': 'Access limit reached', 'retry_after': '6 hours 52 minutes'}"
129,h94anv2bwU2NJJkA,1745057616231,429,Access limit reached,"{'error': 'Access limit reached', 'retry_after': '6 hours 52 minutes'}"
129,h94anv2bwU2NJJkA,1745009902231,429,Access limit reached,"{'error': 'Access limit reached', 'retry_after': '6 hours 52 minutes'}"
130,3nBKrhW1fBAghtFJ,1745009573231,429,Access limit reached,"{'error': 'Access limit reached', 'retry_after': '4 hours 54 minutes'}"
130,3nBKrhW1fBAghtFJ,1745013839231,429,Access limit reached,"{'error': 'Access limit reached', 'retry_after': '4 hours 54 minutes'}"
130,3nBKrhW1fBAghtFJ,1745009795231,429,Access limit reached,"{'error': 'Access limit reached', 'retry_after': '4 hours 54 minutes'}"
130,3nBKrhW1fBAghtFJ,1745044865231,429,Access limit reached,"{'error': 'Access limit reached', 'retry_after': '4 hours 54 minutes'}"
130,3nBKrhW1fBAghtFJ,1745034692231,429,Access limit reached,"{'error': 'Access limit reached', 'retry_after': '4 hours 54 minutes'}"
130,3nBKrhW1fBAghtFJ,1745012857231,429,Access limit reached,"{'error': 'Access limit reached', 'retry_after': '4 hours 54 minutes'}"
130,3nBKrhW1fBAghtFJ,1745016431231,429,Access limit reached,"{'error': 'Access limit reached', 'retry_after': '4 hours 54 minutes'}"
130,3nBKrhW1fBAghtFJ,1745036974231,429,Access limit reached,"{'error': 'Access limit reached', 'retry_after': '4 hours 54 minutes'}"
130,3nBKrhW1fBAghtFJ,1745013307231,429,Access limit reached,"{'error': 'Access limit reached', 'retry_after': '4 hours 54 minutes'}"
130,3nBKrhW1fBAghtFJ,1745078742231,429,Access limit reached,"{'error': 'Access limit reached', 'retry_after': '4 hours 54 minutes'}"
130,3nBKrhW1fBAghtFJ,1745073946231,429,Access limit reached,"{'error': 'Access limit reached', 'retry_after': '4 hours 54 minutes'}"
130,3nBKrhW1fBAghtFJ,1745024889231,429,Access limit reached,"{'error': 'Access limit reached', 'retry_after': '4 hours 54 minutes'}"
130,3nBKrhW1fBAghtFJ,1745038605231,429,Access limit reached,"{'error': 'Access limit reached', 'retry_after': '4 hours 54 minutes'}"
130,3nBKrhW1fBAghtFJ,1745012095231,429,Access limit reached,"{'error': 'Access limit reached', 'retry_after': '4 hours 54 minutes'}"
130,3nBKrhW1fBAghtFJ,1745076317231,429,Access limit reached,"{'error': 'Access limit reached', 'retry_after': '4 hours 54 minutes'}"
130,3nBKrhW1fBAghtFJ,1745052539231,429,Access limit reached,"{'error': 'Access limit reached', 'retry_after': '4 hours 54 minutes'}"
130,3nBKrhW1fBAghtFJ,1745017635231,429,Access limit reached,"{'error': 'Access limit reached', 'retry_after': '4 hours 54 minutes'}"
130,3nBKrhW1fBAghtFJ,1745018789231,429,Access limit reached,"{'error': 'Access limit reached', 'retry_after': '4 hours 54 minutes'}"
130,3nBKrhW1fBAghtFJ,1745018431231,429,Access limit reached,"{'error': 'Access limit reached', 'retry_after': '4 hours 54 minutes'}"
130,3nBKrhW1fBAghtFJ,1745018367231,429,Access limit reached,"{'error': 'Access limit reached', 'retry_after': '4 hours 54 minutes'}"
130,3nBKrhW1fBAghtFJ,1745021300231,429,Access limit reached,"{'error': 'Access limit reached', 'retry_after': '4 hours 54 minutes'}"
130,3nBKrhW1fBAghtFJ,1745024236231,429,Access limit reached,"{'error': 'Access limit reached', 'retry_after': '4 hours 54 minutes'}"
130,3nBKrhW1fBAghtFJ,1745022444231,429,Access limit reached,"{'error': 'Access limit reached', 'retry_after': '4 hours 54 minutes'}"
130,3nBKrhW1fBAghtFJ,1745061518231,429,Access limit reached,"{'error': 'Access limit reached', 'retry_after': '4 hours 54 minutes'}"
130,3nBKrhW1fBAghtFJ,1745035988231,429,Access limit reached,"{'error': 'Access limit reached', 'retry_after': '4 hours 54 minutes'}"
130,3nBKrhW1fBAghtFJ,1745076283231,429,Access limit reached,"{'error': 'Access limit reached', 'retry_after': '4 hours 54 minutes'}"
130,3nBKrhW1fBAghtFJ,1745021623231,429,Access limit reached,"{'error': 'Access limit reached', 'retry_after': '4 hours 54 minutes'}"
130,3nBKrhW1fBAghtFJ,1745007158231,429,Access limit reached,"{'error': 'Access limit reached', 'retry_after': '4 hours 54 minutes'}"
130,3nBKrhW1fBAghtFJ,1745043625231,429,Access limit reached,"{'error': 'Access limit reached', 'retry_after': '4 hours 54 minutes'}"
130,3nBKrhW1fBAghtFJ,1745025219231,429,Access limit reached,"{'error': 'Access limit reached', 'retry_after': '4 hours 54 minutes'}"
130,3nBKrhW1fBAghtFJ,1745028822231,429,Access limit reached,"{'error': 'Access limit reached', 'retry_after': '4 hours 54 minutes'}"
130,3nBKrhW1fBAghtFJ,1745008221231,429,Access limit reached,"{'error': 'Access limit reached', 'retry_after': '4 hours 54 minutes'}"
130,3nBKrhW1fBAghtFJ,1745075431231,429,Access limit reached,"{'error': 'Access limit reached', 'retry_after': '4 hours 54 minutes'}"
130,3nBKrhW1fBAghtFJ,1745015922231,429,Access limit reached,"{'error': 'Access limit reached', 'retry_after': '4 hours 54 minutes'}"
130,3nBKrhW1fBAghtFJ,1745025626231,429,Access limit reached,"{'error': 'Access limit reached', 'retry_after': '4 hours 54 minutes'}"
131,h94anv2bwU2NJJkA,1745056118231,429,Access limit reached,"{'error': 'Access limit reached', 'retry_after': '6 hours 52 minutes'}"
131,h94anv2bwU2NJJkA,1745048754231,429,Access limit reached,"{'error': 'Access limit reached', 'retry_after': '6 hours 52 minutes'}"
131,h94anv2bwU2NJJkA,1745032353231,429,Access limit reached,"{'error': 'Access limit reached', 'retry_after': '6 hours 52 minutes'}"
131,h94anv2bwU2NJJkA,1745067143231,429,Access limit reached,"{'error': 'Access limit reached', 'retry_after': '6 hours 52 minutes'}"
131,h94anv2bwU2NJJkA,1745063042231,429,Access limit reached,"{'error': 'Access limit reached', 'retry_after': '6 hours 52 minutes'}"
131,h94anv2bwU2NJJkA,1745039965231,429,Access limit reached,"{'error': 'Access limit reached', 'retry_after': '6 hours 52 minutes'}"
131,h94anv2bwU2NJJkA,1745015966231,429,Access limit reached,"{'error': 'Access limit reached', 'retry_after': '6 hours 52 minutes'}"
131,h94anv2bwU2NJJkA,1745067049231,429,Access limit reached,"{'error': 'Access limit reached', 'retry_after': '6 hours 52 minutes'}"
131,h94anv2bwU2NJJkA,1745069641231,429,Access limit reached,"{'error': 'Access limit reached', 'retry_after': '6 hours 52 minutes'}"
131,h94anv2bwU2NJJkA,1745041159231,429,Access limit reached,"{'error': 'Access limit reached', 'retry_after': '6 hours 52 minutes'}"
131,h94anv2bwU2NJJkA,1745038344231,429,Access limit reached,"{'error': 'Access limit reached', 'retry_after': '6 hours 52 minutes'}"
131,h94anv2bwU2NJJkA,1745072500231,429,Access limit reached,"{'error': 'Access limit reached', 'retry_after': '6 hours 52 minutes'}"
131,h94anv2bwU2NJJkA,1745076810231,429,Access limit reached,"{'error': 'Access limit reached', 'retry_after': '6 hours 52 minutes'}"
131,h94anv2bwU2NJJkA,1745017701231,429,Access limit reached,"{'error': 'Access limit reached', 'retry_after': '6 hours 52 minutes'}"
131,h94anv2bwU2NJJkA,1745065115231,429,Access limit reached,"{'error': 'Access limit reached', 'retry_after': '6 hours 52 minutes'}"
131,h94anv2bwU2NJJkA,1745047850231,429,Access limit reached,"{'error': 'Access limit reached', 'retry_after': '6 hours 52 minutes'}"
131,h94anv2bwU2NJJkA,1745077815231,429,Access limit reached,"{'error': 'Access limit reached', 'retry_after': '6 hours 52 minutes'}"
131,h94anv2bwU2NJJkA,1745076273231,429,Access limit reached,"{'error': 'Access limit reached', 'retry_after': '6 hours 52 minutes'}"
131,h94anv2bwU2NJJkA,1745008195231,429,Access limit reached,"{'error': 'Access limit reached', 'retry_after': '6 hours 52 minutes'}"
131,h94anv2bwU2NJJkA,1745078420231,429,Access limit reached,"{'error': 'Access limit reached', 'retry_after': '6 hours 52 minutes'}"
131,h94anv2bwU2NJJkA,1745032575231,429,Access limit reached,"{'error': 'Access limit reached', 'retry_after': '6 hours 52 minutes'}"
131,h94anv2bwU2NJJkA,1745078220231,429,Access limit reached,"{'error': 'Access limit reached', 'retry_after': '6 hours 52 minutes'}"
131,h94anv2bwU2NJJkA,1745010815231,429,Access limit reached,"{'error': 'Access limit reached', 'retry_after': '6 hours 52 minutes'}"
131,h94anv2bwU2NJJkA,1745058665231,429,Access limit reached,"{'error': 'Access limit reached', 'retry_after': '6 hours 52 minutes'}"
131,h94anv2bwU2NJJkA,1745023798231,429,Access limit reached,"{'error': 'Access limit reached', 'retry_after': '6 hours 52 minutes'}"
131,h94anv2bwU2NJJkA,1745039745231,429,Access limit reached,"{'error': 'Access limit reached', 'retry_after': '6 hours 52 minutes'}"
131,h94anv2bwU2NJJkA,1745069002231,429,Access limit reached,"{'error': 'Access limit reached', 'retry_after': '6 hours 52 minutes'}"
131,h94anv2bwU2NJJkA,1745009483231,429,Access limit reached,"{'error': 'Access limit reached', 'retry_after': '6 hours 52 minutes'}"
131,h94anv2bwU2NJJkA,1745011222231,429,Access limit reached,"{'error': 'Access limit reached', 'retry_after': '6 hours 52 minutes'}"
131,h94anv2bwU2NJJkA,1745065165231,429,Access limit reached,"{'error': 'Access limit reached', 'retry_after': '6 hours 52 minutes'}"
131,h94anv2bwU2NJJkA,1745074845231,429,Access limit reached,"{'error': 'Access limit reached', 'retry_after': '6 hours 52 minutes'}"
131,h94anv2bwU2NJJkA,1745024676231,429,Access limit reached,"{'error': 'Access limit reached', 'retry_after': '6 hours 52 minutes'}"
131,h94anv2bwU2NJJkA,1745058887231,429,Access limit reached,"{'error': 'Access limit reached', 'retry_after': '6 hours 52 minutes'}"
131,h94anv2bwU2NJJkA,1745038024231,429,Access limit reached,"{'error': 'Access limit reached', 'retry_after': '6 hours 52 minutes'}"
131,h94anv2bwU2NJJkA,1745021795231,429,Access limit reached,"{'error': 'Access limit reached', 'retry_after': '6 hours 52 minutes'}"
132,3nBKrhW1fBAghtFJ,1745011859231,429,Access limit reached,"{'error': 'Access limit reached', 'retry_after': '4 hours 54 minutes'}"
132,3nBKrhW1fBAghtFJ,1745054643231,429,Access limit reached,"{'error': 'Access limit reached', 'retry_after': '4 hours 54 minutes'}"
132,3nBKrhW1fBAghtFJ,1745022288231,429,Access limit reached,"{'error': 'Access limit reached', 'retry_after': '4 hours 54 minutes'}"
132,3nBKrhW1fBAghtFJ,1745046099231,429,Access limit reached,"{'error': 'Access limit reached', 'retry_after': '4 hours 54 minutes'}"
132,3nBKrhW1fBAghtFJ,1745074598231,429,Access limit reached,"{'error': 'Access limit reached', 'retry_after': '4 hours 54 minutes'}"
132,3nBKrhW1fBAghtFJ,1745069763231,429,Access limit reached,"{'error': 'Access limit reached', 'retry_after': '4 hours 54 minutes'}"
132,3nBKrhW1fBAghtFJ,1745027036231,429,Access limit reached,"{'error': 'Access limit reached', 'retry_after': '4 hours 54 minutes'}"
132,3nBKrhW1fBAghtFJ,1745033070231,429,Access limit reached,"{'error': 'Access limit reached', 'retry_after': '4 hours 54 minutes'}"
132,3nBKrhW1fBAghtFJ,1745060699231,429,Access limit reached,"{'error': 'Access limit reached', 'retry_after': '4 hours 54 minutes'}"
132,3nBKrhW1fBAghtFJ,1745070799231,429,Access limit reached,"{'error': 'Access limit reached', 'retry_after': '4 hours 54 minutes'}"
132,3nBKrhW1fBAghtFJ,1745043306231,429,Access limit reached,"{'error': 'Access limit reached', 'retry_after': '4 hours 54 minutes'}"
132,3nBKrhW1fBAghtFJ,1745037621231,429,Access limit reached,"{'error': 'Access limit reached', 'retry_after': '4 hours 54 minutes'}"
132,3nBKrhW1fBAghtFJ,1745017233231,429,Access limit reached,"{'error': 'Access limit reached', 'retry_after': '4 hours 54 minutes'}"
132,3nBKrhW1fBAghtFJ,1745047887231,429,Access limit reached,"{'error': 'Access limit reached', 'retry_after': '4 hours 54 minutes'}"
132,3nBKrhW1fBAghtFJ,1745026104231,429,Access limit reached,"{'error': 'Access limit reached', 'retry_after': '4 hours 54 minutes'}"
132,3nBKrhW1fBAghtFJ,1745043716231,429,Access limit reached,"{'error': 'Access limit reached', 'retry_after': '4 hours 54 minutes'}"
132,3nBKrhW1fBAghtFJ,1745027224231,429,Access limit reached,"{'error': 'Access limit reached', 'retry_after': '4 hours 54 minutes'}"
132,3nBKrhW1fBAghtFJ,1745032658231,429,Access limit reached,"{'error': 'Access limit reached', 'retry_after': '4 hours 54 minutes'}"
132,3nBKrhW1fBAghtFJ,1745071157231,429,Access limit reached,"{'error': 'Access limit reached', 'retry_after': '4 hours 54 minutes'}"
132,3nBKrhW1fBAghtFJ,1745037097231,429,Access limit reached,"{'error': 'Access limit reached', 'retry_after': '4 hours 54 minutes'}"
132,3nBKrhW1fBAghtFJ,1745058262231,429,Access limit reached,"{'error': 'Access limit reached', 'retry_after': '4 hours 54 minutes'}"
132,3nBKrhW1fBAghtFJ,1745038203231,429,Access limit reached,"{'error': 'Access limit reached', 'retry_after': '4 hours 54 minutes'}"
132,3nBKrhW1fBAghtFJ,1745068552231,429,Access limit reached,"{'error': 'Access limit reached', 'retry_after': '4 hours 53 minutes'}"
132,3nBKrhW1fBAghtFJ,1745008975231,429,Access limit reached,"{'error': 'Access limit reached', 'retry_after': '4 hours 53 minutes'}"
132,3nBKrhW1fBAghtFJ,1745046181231,429,Access limit reached,"{'error': 'Access limit reached', 'retry_after': '4 hours 53 minutes'}"
132,3nBKrhW1fBAghtFJ,1745051992231,429,Access limit reached,"{'error': 'Access limit reached', 'retry_after': '4 hours 53 minutes'}"
132,3nBKrhW1fBAghtFJ,1745033989231,429,Access limit reached,"{'error': 'Access limit reached', 'retry_after': '4 hours 53 minutes'}"
132,3nBKrhW1fBAghtFJ,1745014301231,429,Access limit reached,"{'error': 'Access limit reached', 'retry_after': '4 hours 53 minutes'}"
132,3nBKrhW1fBAghtFJ,1745014775231,429,Access limit reached,"{'error': 'Access limit reached', 'retry_after': '4 hours 53 minutes'}"
132,3nBKrhW1fBAghtFJ,1745063902231,429,Access limit reached,"{'error': 'Access limit reached', 'retry_after': '4 hours 53 minutes'}"
132,3nBKrhW1fBAghtFJ,1745069597231,429,Access limit reached,"{'error': 'Access limit reached', 'retry_after': '4 hours 53 minutes'}"
132,3nBKrhW1fBAghtFJ,1745051014231,429,Access limit reached,"{'error': 'Access limit reached', 'retry_after': '4 hours 53 minutes'}"
132,3nBKrhW1fBAghtFJ,1745062767231,429,Access limit reached,"{'error': 'Access limit reached', 'retry_after': '4 hours 53 minutes'}"
132,3nBKrhW1fBAghtFJ,1745027074231,429,Access limit reached,"{'error': 'Access limit reached', 'retry_after': '4 hours 53 minutes'}"
132,3nBKrhW1fBAghtFJ,1745057121231,429,Access limit reached,"{'error': 'Access limit reached', 'retry_after': '4 hours 53 minutes'}"
133,och15Vm379Xa1g1Q,1745065748231,429,Access limit reached,"{'error': 'Access limit reached', 'retry_after': '4 hours 54 minutes'}"
133,och15Vm379Xa1g1Q,1745038692231,429,Access limit reached,"{'error': 'Access limit reached', 'retry_after': '4 hours 54 minutes'}"
133,och15Vm379Xa1g1Q,1745020862231,429,Access limit reached,"{'error': 'Access limit reached', 'retry_after': '4 hours 54 minutes'}"
133,och15Vm379Xa1g1Q,1745009402231,429,Access limit reached,"{'error': 'Access limit reached', 'retry_after': '4 hours 54 minutes'}"
133,och15Vm379Xa1g1Q,1745064481231,429,Access limit reached,"{'error': 'Access limit reached', 'retry_after': '4 hours 54 minutes'}"
133,och15Vm379Xa1g1Q,1745035681231,429,Access limit reached,"{'error': 'Access limit reached', 'retry_after': '4 hours 54 minutes'}"
133,och15Vm379Xa1g1Q,1745032323231,429,Access limit reached,"{'error': 'Access limit reached', 'retry_after': '4 hours 54 minutes'}"
133,och15Vm379Xa1g1Q,1745009732231,429,Access limit reached,"{'error': 'Access limit reached', 'retry_after': '4 hours 54 minutes'}"
133,och15Vm379Xa1g1Q,1745023736231,429,Access limit reached,"{'error': 'Access limit reached', 'retry_after': '4 hours 54 minutes'}"
133,och15Vm379Xa1g1Q,1745067722231,429,Access limit reached,"{'error': 'Access limit reached', 'retry_after': '4 hours 54 minutes'}"
133,och15Vm379Xa1g1Q,1745037183231,429,Access limit reached,"{'error': 'Access limit reached', 'retry_after': '4 hours 54 minutes'}"
133,och15Vm379Xa1g1Q,1745029819231,429,Access limit reached,"{'error': 'Access limit reached', 'retry_after': '4 hours 54 minutes'}"
133,och15Vm379Xa1g1Q,1745071403231,429,Access limit reached,"{'error': 'Access limit reached', 'retry_after': '4 hours 54 minutes'}"
133,och15Vm379Xa1g1Q,1745039034231,429,Access limit reached,"{'error': 'Access limit reached', 'retry_after': '4 hours 54 minutes'}"
133,och15Vm379Xa1g1Q,1745034239231,429,Access limit reached,"{'error': 'Access limit reached', 'retry_after': '4 hours 54 minutes'}"
133,och15Vm379Xa1g1Q,1745015163231,429,Access limit reached,"{'error': 'Access limit reached', 'retry_after': '4 hours 54 minutes'}"
133,och15Vm379Xa1g1Q,1745013424231,429,Access limit reached,"{'error': 'Access limit reached', 'retry_after': '4 hours 54 minutes'}"
133,och15Vm379Xa1g1Q,1745043611231,429,Access limit reached,"{'error': 'Access limit reached', 'retry_after': '4 hours 54 minutes'}"
133,och15Vm379Xa1g1Q,1745072130231,429,Access limit reached,"{'error': 'Access limit reached', 'retry_after': '4 hours 54 minutes'}"
133,och15Vm379Xa1g1Q,1745007230231,429,Access limit reached,"{'error': 'Access limit reached', 'retry_after': '4 hours 54 minutes'}"
133,och15Vm379Xa1g1Q,1745050820231,429,Access limit reached,"{'error': 'Access limit reached', 'retry_after': '4 hours 54 minutes'}"
133,och15Vm379Xa1g1Q,1745072796231,429,Access limit reached,"{'error': 'Access limit reached', 'retry_after': '4 hours 54 minutes'}"
133,och15Vm379Xa1g1Q,1745057371231,429,Access limit reached,"{'error': 'Access limit reached', 'retry_after': '4 hours 54 minutes'}"
133,och15Vm379Xa1g1Q,1745076017231,429,Access limit reached,"{'error': 'Access limit reached', 'retry_after': '4 hours 54 minutes'}"
133,och15Vm379Xa1g1Q,1745045712231,429,Access limit reached,"{'error': 'Access limit reached', 'retry_after': '4 hours 54 minutes'}"
134,sZaWrwSAC0YhuHOq,1745057319231,429,Access limit reached,"{'error': 'Access limit reached', 'retry_after': '4 hours 59 minutes'}"
134,sZaWrwSAC0YhuHOq,1745013155231,429,Access limit reached,"{'error': 'Access limit reached', 'retry_after': '4 hours 59 minutes'}"
134,sZaWrwSAC0YhuHOq,1745056455231,429,Access limit reached,"{'error': 'Access limit reached', 'retry_after': '4 hours 59 minutes'}"
134,sZaWrwSAC0YhuHOq,1745034921231,429,Access limit reached,"{'error': 'Access limit reached', 'retry_after': '4 hours 59 minutes'}"
134,sZaWrwSAC0YhuHOq,1745063669231,429,Access limit reached,"{'error': 'Access limit reached', 'retry_after': '4 hours 59 minutes'}"
134,sZaWrwSAC0YhuHOq,1745035884231,429,Access limit reached,"{'error': 'Access limit reached', 'retry_after': '4 hours 59 minutes'}"
134,sZaWrwSAC0YhuHOq,1745017157231,429,Access limit reached,"{'error': 'Access limit reached', 'retry_after': '4 hours 59 minutes'}"
134,sZaWrwSAC0YhuHOq,1745072916231,429,Access limit reached,"{'error': 'Access limit reached', 'retry_after': '4 hours 59 minutes'}"
134,sZaWrwSAC0YhuHOq,1745022656231,429,Access limit reached,"{'error': 'Access limit reached', 'retry_after': '4 hours 59 minutes'}"
134,sZaWrwSAC0YhuHOq,1745063545231,429,Access limit reached,"{'error': 'Access limit reached', 'retry_after': '4 hours 59 minutes'}"
134,sZaWrwSAC0YhuHOq,1745027847231,429,Access limit reached,"{'error': 'Access limit reached', 'retry_after': '4 hours 59 minutes'}"
134,sZaWrwSAC0YhuHOq,1745012380231,429,Access limit reached,"{'error': 'Access limit reached', 'retry_after': '4 hours 59 minutes'}"
134,sZaWrwSAC0YhuHOq,1745041792231,429,Access limit reached,"{'error': 'Access limit reached', 'retry_after': '4 hours 59 minutes'}"
134,sZaWrwSAC0YhuHOq,1745046746231,429,Access limit reached,"{'error': 'Access limit reached', 'retry_after': '4 hours 59 minutes'}"
134,sZaWrwSAC0YhuHOq,1745066254231,429,Access limit reached,"{'error': 'Access limit reached', 'retry_after': '4 hours 59 minutes'}"
134,sZaWrwSAC0YhuHOq,1745074550231,429,Access limit reached,"{'error': 'Access limit reached', 'retry_after': '4 hours 59 minutes'}"
134,sZaWrwSAC0YhuHOq,1745049447231,429,Access limit reached,"{'error': 'Access limit reached', 'retry_after': '4 hours 59 minutes'}"
134,sZaWrwSAC0YhuHOq,1745072637231,429,Access limit reached,"{'error': 'Access limit reached', 'retry_after': '4 hours 59 minutes'}"
134,sZaWrwSAC0YhuHOq,1745036473231,429,Access limit reached,"{'error': 'Access limit reached', 'retry_after': '4 hours 59 minutes'}"
134,sZaWrwSAC0YhuHOq,1745024415231,429,Access limit reached,"{'error': 'Access limit reached', 'retry_after': '4 hours 59 minutes'}"
134,sZaWrwSAC0YhuHOq,1745064640231,429,Access limit reached,"{'error': 'Access limit reached', 'retry_after': '4 hours 59 minutes'}"
134,sZaWrwSAC0YhuHOq,1745069308231,429,Access limit reached,"{'error': 'Access limit reached', 'retry_after': '4 hours 59 minutes'}"
134,sZaWrwSAC0YhuHOq,1745029771231,429,Access limit reached,"{'error': 'Access limit reached', 'retry_after': '4 hours 59 minutes'}"
134,sZaWrwSAC0YhuHOq,1745048456231,429,Access limit reached,"{'error': 'Access limit reached', 'retry_after': '4 hours 59 minutes'}"
134,sZaWrwSAC0YhuHOq,1745052235231,429,Access limit reached,"{'error': 'Access limit reached', 'retry_after': '4 hours 59 minutes'}"
134,sZaWrwSAC0YhuHOq,1745027969231,429,Access limit reached,"{'error': 'Access limit reached', 'retry_after': '4 hours 59 minutes'}"
134,sZaWrwSAC0YhuHOq,1745054991231,429,Access limit reached,"{'error': 'Access limit reached', 'retry_after': '4 hours 59 minutes'}"
134,sZaWrwSAC0YhuHOq,1745077290231,429,Access limit reached,"{'error': 'Access limit reached', 'retry_after': '4 hours 59 minutes'}"
134,sZaWrwSAC0YhuHOq,1745019777231,429,Access limit reached,"{'error': 'Access limit reached', 'retry_after': '4 hours 59 minutes'}"
134,sZaWrwSAC0YhuHOq,1745027524231,429,Access limit reached,"{'error': 'Access limit reached', 'retry_after': '4 hours 59 minutes'}"
134,sZaWrwSAC0YhuHOq,1745046349231,429,Access limit reached,"{'error': 'Access limit reached', 'retry_after': '4 hours 59 minutes'}"
135,h94anv2bwU2NJJkA,1745068152231,429,Access limit reached,"{'error': 'Access limit reached', 'retry_after': '6 hours 52 minutes'}"
135,h94anv2bwU2NJJkA,1745010055231,429,Access limit reached,"{'error': 'Access limit reached', 'retry_after': '6 hours 52 minutes'}"
135,h94anv2bwU2NJJkA,1745044500231,429,Access limit reached,"{'error': 'Access limit reached', 'retry_after': '6 hours 52 minutes'}"
135,h94anv2bwU2NJJkA,1745054089231,429,Access limit reached,"{'error': 'Access limit reached', 'retry_after': '6 hours 52 minutes'}"
135,h94anv2bwU2NJJkA,1745036301231,429,Access limit reached,"{'error': 'Access limit reached', 'retry_after': '6 hours 52 minutes'}"
135,h94anv2bwU2NJJkA,1745022830231,429,Access limit reached,"{'error': 'Access limit reached', 'retry_after': '6 hours 52 minutes'}"
135,h94anv2bwU2NJJkA,1745053125231,429,Access limit reached,"{'error': 'Access limit reached', 'retry_after': '6 hours 52 minutes'}"
135,h94anv2bwU2NJJkA,1745058311231,429,Access limit reached,"{'error': 'Access limit reached', 'retry_after': '6 hours 52 minutes'}"
135,h94anv2bwU2NJJkA,1745041132231,429,Access limit reached,"{'error': 'Access limit reached', 'retry_after': '6 hours 52 minutes'}"
135,h94anv2bwU2NJJkA,1745038601231,429,Access limit reached,"{'error': 'Access limit reached', 'retry_after': '6 hours 52 minutes'}"
135,h94anv2bwU2NJJkA,1745058360231,429,Access limit reached,"{'error': 'Access limit reached', 'retry_after': '6 hours 52 minutes'}"
135,h94anv2bwU2NJJkA,1745033286231,429,Access limit reached,"{'error': 'Access limit reached', 'retry_after': '6 hours 52 minutes'}"
135,h94anv2bwU2NJJkA,1745032189231,429,Access limit reached,"{'error': 'Access limit reached', 'retry_after': '6 hours 52 minutes'}"
135,h94anv2bwU2NJJkA,1745047553231,429,Access limit reached,"{'error': 'Access limit reached', 'retry_after': '6 hours 52 minutes'}"
135,h94anv2bwU2NJJkA,1745072991231,429,Access limit reached,"{'error': 'Access limit reached', 'retry_after': '6 hours 52 minutes'}"
135,h94anv2bwU2NJJkA,1745066791231,429,Access limit reached,"{'error': 'Access limit reached', 'retry_after': '6 hours 52 minutes'}"
135,h94anv2bwU2NJJkA,1745054354231,429,Access limit reached,"{'error': 'Access limit reached', 'retry_after': '6 hours 52 minutes'}"
135,h94anv2bwU2NJJkA,1745036106231,429,Access limit reached,"{'error': 'Access limit reached', 'retry_after': '6 hours 52 minutes'}"
135,h94anv2bwU2NJJkA,1745059195231,429,Access limit reached,"{'error': 'Access limit reached', 'retry_after': '6 hours 52 minutes'}"
135,h94anv2bwU2NJJkA,1745062811231,429,Access limit reached,"{'error': 'Access limit reached', 'retry_after': '6 hours 52 minutes'}"
135,h94anv2bwU2NJJkA,1745039052231,429,Access limit reached,"{'error': 'Access limit reached', 'retry_after': '6 hours 52 minutes'}"
135,h94anv2bwU2NJJkA,1745034279231,429,Access limit reached,"{'error': 'Access limit reached', 'retry_after': '6 hours 52 minutes'}"
135,h94anv2bwU2NJJkA,1745010571231,429,Access limit reached,"{'error': 'Access limit reached', 'retry_after': '6 hours 52 minutes'}"
135,h94anv2bwU2NJJkA,1745057261231,429,Access limit reached,"{'error': 'Access limit reached', 'retry_after': '6 hours 52 minutes'}"
135,h94anv2bwU2NJJkA,1745038173231,429,Access limit reached,"{'error': 'Access limit reached', 'retry_after': '6 hours 52 minutes'}"
135,h94anv2bwU2NJJkA,1745023564231,429,Access limit reached,"{'error': 'Access limit reached', 'retry_after': '6 hours 52 minutes'}"
135,h94anv2bwU2NJJkA,1745054979231,429,Access limit reached,"{'error': 'Access limit reached', 'retry_after': '6 hours 52 minutes'}"
135,h94anv2bwU2NJJkA,1745013006231,429,Access limit reached,"{'error': 'Access limit reached', 'retry_after': '6 hours 52 minutes'}"
135,h94anv2bwU2NJJkA,1745019790231,429,Access limit reached,"{'error': 'Access limit reached', 'retry_after': '6 hours 52 minutes'}"
135,h94anv2bwU2NJJkA,1745008736231,429,Access limit reached,"{'error': 'Access limit reached', 'retry_after': '6 hours 52 minutes'}"
135,h94anv2bwU2NJJkA,1745026309231,429,Access limit reached,"{'error': 'Access limit reached', 'retry_after': '6 hours 52 minutes'}"
136,IzFNSTGy3eHVyDTQ,1745019254231,429,Access limit reached,"{'error': 'Access limit reached', 'retry_after': '4 hours 45 minutes'}"
136,IzFNSTGy3eHVyDTQ,1745041279231,429,Access limit reached,"{'error': 'Access limit reached', 'retry_after': '4 hours 45 minutes'}"
136,IzFNSTGy3eHVyDTQ,1745030780231,429,Access limit reached,"{'error': 'Access limit reached', 'retry_after': '4 hours 45 minutes'}"
136,IzFNSTGy3eHVyDTQ,1745024422231,429,Access limit reached,"{'error': 'Access limit reached', 'retry_after': '4 hours 45 minutes'}"
136,IzFNSTGy3eHVyDTQ,1745030134231,429,Access limit reached,"{'error': 'Access limit reached', 'retry_after': '4 hours 45 minutes'}"
136,IzFNSTGy3eHVyDTQ,1745044644231,429,Access limit reached,"{'error': 'Access limit reached', 'retry_after': '4 hours 45 minutes'}"
136,IzFNSTGy3eHVyDTQ,1745030462231,429,Access limit reached,"{'error': 'Access limit reached', 'retry_after': '4 hours 45 minutes'}"
136,IzFNSTGy3eHVyDTQ,1745076348231,429,Access limit reached,"{'error': 'Access limit reached', 'retry_after': '4 hours 45 minutes'}"
136,IzFNSTGy3eHVyDTQ,1745044166231,429,Access limit reached,"{'error': 'Access limit reached', 'retry_after': '4 hours 45 minutes'}"
136,IzFNSTGy3eHVyDTQ,1745013202231,429,Access limit reached,"{'error': 'Access limit reached', 'retry_after': '4 hours 45 minutes'}"
136,IzFNSTGy3eHVyDTQ,1745036111231,429,Access limit reached,"{'error': 'Access limit reached', 'retry_after': '4 hours 45 minutes'}"
136,IzFNSTGy3eHVyDTQ,1745028280231,429,Access limit reached,"{'error': 'Access limit reached', 'retry_after': '4 hours 45 minutes'}"
136,IzFNSTGy3eHVyDTQ,1745070338231,429,Access limit reached,"{'error': 'Access limit reached', 'retry_after': '4 hours 45 minutes'}"
136,IzFNSTGy3eHVyDTQ,1745061489231,429,Access limit reached,"{'error': 'Access limit reached', 'retry_after': '4 hours 45 minutes'}"
136,IzFNSTGy3eHVyDTQ,1745073850231,429,Access limit reached,"{'error': 'Access limit reached', 'retry_after': '4 hours 45 minutes'}"
136,IzFNSTGy3eHVyDTQ,1745053525231,429,Access limit reached,"{'error': 'Access limit reached', 'retry_after': '4 hours 45 minutes'}"
136,IzFNSTGy3eHVyDTQ,1745075327231,429,Access limit reached,"{'error': 'Access limit reached', 'retry_after': '4 hours 45 minutes'}"
136,IzFNSTGy3eHVyDTQ,1745015379231,429,Access limit reached,"{'error': 'Access limit reached', 'retry_after': '4 hours 45 minutes'}"
136,IzFNSTGy3eHVyDTQ,1745054873231,429,Access limit reached,"{'error': 'Access limit reached', 'retry_after': '4 hours 45 minutes'}"
136,IzFNSTGy3eHVyDTQ,1745077830231,429,Access limit reached,"{'error': 'Access limit reached', 'retry_after': '4 hours 45 minutes'}"
136,IzFNSTGy3eHVyDTQ,1745038486231,429,Access limit reached,"{'error': 'Access limit reached', 'retry_after': '4 hours 45 minutes'}"
136,IzFNSTGy3eHVyDTQ,1745016151231,429,Access limit reached,"{'error': 'Access limit reached', 'retry_after': '4 hours 45 minutes'}"
136,IzFNSTGy3eHVyDTQ,1745078424231,429,Access limit reached,"{'error': 'Access limit reached', 'retry_after': '4 hours 45 minutes'}"
136,IzFNSTGy3eHVyDTQ,1745042200231,429,Access limit reached,"{'error': 'Access limit reached', 'retry_after': '4 hours 45 minutes'}"
136,IzFNSTGy3eHVyDTQ,1745032841231,429,Access limit reached,"{'error': 'Access limit reached', 'retry_after': '4 hours 45 minutes'}"
136,IzFNSTGy3eHVyDTQ,1745060268231,429,Access limit reached,"{'error': 'Access limit reached', 'retry_after': '4 hours 45 minutes'}"
136,IzFNSTGy3eHVyDTQ,1745050825231,429,Access limit reached,"{'error': 'Access limit reached', 'retry_after': '4 hours 45 minutes'}"
136,IzFNSTGy3eHVyDTQ,1745077571231,429,Access limit reached,"{'error': 'Access limit reached', 'retry_after': '4 hours 45 minutes'}"
136,IzFNSTGy3eHVyDTQ,1745019689231,429,Access limit reached,"{'error': 'Access limit reached', 'retry_after': '4 hours 45 minutes'}"
136,IzFNSTGy3eHVyDTQ,1745027087231,429,Access limit reached,"{'error': 'Access limit reached', 'retry_after': '4 hours 45 minutes'}"
136,IzFNSTGy3eHVyDTQ,1745009196231,429,Access limit reached,"{'error': 'Access limit reached', 'retry_after': '4 hours 45 minutes'}"
136,IzFNSTGy3eHVyDTQ,1745008094231,429,Access limit reached,"{'error': 'Access limit reached', 'retry_after': '4 hours 45 minutes'}"
136,IzFNSTGy3eHVyDTQ,1745073285231,429,Access limit reached,"{'error': 'Access limit reached', 'retry_after': '4 hours 45 minutes'}"
136,IzFNSTGy3eHVyDTQ,1745020998231,429,Access limit reached,"{'error': 'Access limit reached', 'retry_after': '4 hours 45 minutes'}"
136,IzFNSTGy3eHVyDTQ,1745055255231,429,Access limit reached,"{'error': 'Access limit reached', 'retry_after': '4 hours 45 minutes'}"
136,IzFNSTGy3eHVyDTQ,1745042436231,429,Access limit reached,"{'error': 'Access limit reached', 'retry_after': '4 hours 45 minutes'}"
137,3nBKrhW1fBAghtFJ,1745011320231,429,Access limit reached,"{'error': 'Access limit reached', 'retry_after': '4 hours 53 minutes'}"
137,3nBKrhW1fBAghtFJ,1745068066231,429,Access limit reached,"{'error': 'Access limit reached', 'retry_after': '4 hours 53 minutes'}"
137,3nBKrhW1fBAghtFJ,1745017324231,429,Access limit reached,"{'error': 'Access limit reached', 'retry_after': '4 hours 53 minutes'}"
137,3nBKrhW1fBAghtFJ,1745024516231,429,Access limit reached,"{'error': 'Access limit reached', 'retry_after': '4 hours 53 minutes'}"
137,3nBKrhW1fBAghtFJ,1745012245231,429,Access limit reached,"{'error': 'Access limit reached', 'retry_after': '4 hours 53 minutes'}"
137,3nBKrhW1fBAghtFJ,1745074247231,429,Access limit reached,"{'error': 'Access limit reached', 'retry_after': '4 hours 53 minutes'}"
137,3nBKrhW1fBAghtFJ,1745062667231,429,Access limit reached,"{'error': 'Access limit reached', 'retry_after': '4 hours 53 minutes'}"
137,3nBKrhW1fBAghtFJ,1745049863231,429,Access limit reached,"{'error': 'Access limit reached', 'retry_after': '4 hours 53 minutes'}"
137,3nBKrhW1fBAghtFJ,1745031887231,429,Access limit reached,"{'error': 'Access limit reached', 'retry_after': '4 hours 53 minutes'}"
137,3nBKrhW1fBAghtFJ,1745045259231,429,Access limit reached,"{'error': 'Access limit reached', 'retry_after': '4 hours 53 minutes'}"
137,3nBKrhW1fBAghtFJ,1745047332231,429,Access limit reached,"{'error': 'Access limit reached', 'retry_after': '4 hours 53 minutes'}"
137,3nBKrhW1fBAghtFJ,1745018530231,429,Access limit reached,"{'error': 'Access limit reached', 'retry_after': '4 hours 53 minutes'}"
137,3nBKrhW1fBAghtFJ,1745048149231,429,Access limit reached,"{'error': 'Access limit reached', 'retry_after': '4 hours 53 minutes'}"
137,3nBKrhW1fBAghtFJ,1745036663231,429,Access limit reached,"{'error': 'Access limit reached', 'retry_after': '4 hours 53 minutes'}"
137,3nBKrhW1fBAghtFJ,1745059824231,429,Access limit reached,"{'error': 'Access limit reached', 'retry_after': '4 hours 53 minutes'}"
137,3nBKrhW1fBAghtFJ,1745025335231,429,Access limit reached,"{'error': 'Access limit reached', 'retry_after': '4 hours 53 minutes'}"
137,3nBKrhW1fBAghtFJ,1745061849231,429,Access limit reached,"{'error': 'Access limit reached', 'retry_after': '4 hours 53 minutes'}"
137,3nBKrhW1fBAghtFJ,1745008168231,429,Access limit reached,"{'error': 'Access limit reached', 'retry_after': '4 hours 53 minutes'}"
137,3nBKrhW1fBAghtFJ,1745033759231,429,Access limit reached,"{'error': 'Access limit reached', 'retry_after': '4 hours 53 minutes'}"
137,3nBKrhW1fBAghtFJ,1745008945231,429,Access limit reached,"{'error': 'Access limit reached', 'retry_after': '4 hours 53 minutes'}"
137,3nBKrhW1fBAghtFJ,1745050904231,429,Access limit reached,"{'error': 'Access limit reached', 'retry_after': '4 hours 53 minutes'}"
137,3nBKrhW1fBAghtFJ,1745055146231,429,Access limit reached,"{'error': 'Access limit reached', 'retry_after': '4 hours 53 minutes'}"
137,3nBKrhW1fBAghtFJ,1745043562231,429,Access limit reached,"{'error': 'Access limit reached', 'retry_after': '4 hours 53 minutes'}"
137,3nBKrhW1fBAghtFJ,1745040110231,429,Access limit reached,"{'error': 'Access limit reached', 'retry_after': '4 hours 53 minutes'}"
137,3nBKrhW1fBAghtFJ,1745010633231,429,Access limit reached,"{'error': 'Access limit reached', 'retry_after': '4 hours 53 minutes'}"
137,3nBKrhW1fBAghtFJ,1745011638231,429,Access limit reached,"{'error': 'Access limit reached', 'retry_after': '4 hours 53 minutes'}"
137,3nBKrhW1fBAghtFJ,1745012768231,429,Access limit reached,"{'error': 'Access limit reached', 'retry_after': '4 hours 53 minutes'}"
137,3nBKrhW1fBAghtFJ,1745046649231,429,Access limit reached,"{'error': 'Access limit reached', 'retry_after': '4 hours 53 minutes'}"
137,3nBKrhW1fBAghtFJ,1745051430231,429,Access limit reached,"{'error': 'Access limit reached', 'retry_after': '4 hours 53 minutes'}"
137,3nBKrhW1fBAghtFJ,1745014462231,429,Access limit reached,"{'error': 'Access limit reached', 'retry_after': '4 hours 53 minutes'}"
137,3nBKrhW1fBAghtFJ,1745051589231,429,Access limit reached,"{'error': 'Access limit reached', 'retry_after': '4 hours 53 minutes'}"
137,3nBKrhW1fBAghtFJ,1745017195231,429,Access limit reached,"{'error': 'Access limit reached', 'retry_after': '4 hours 53 minutes'}"
137,3nBKrhW1fBAghtFJ,1745072529231,429,Access limit reached,"{'error': 'Access limit reached', 'retry_after': '4 hours 53 minutes'}"
137,3nBKrhW1fBAghtFJ,1745019117231,429,Access limit reached,"{'error': 'Access limit reached', 'retry_after': '4 hours 53 minutes'}"
137,3nBKrhW1fBAghtFJ,1745034319231,429,Access limit reached,"{'error': 'Access limit reached', 'retry_after': '4 hours 53 minutes'}"
137,3nBKrhW1fBAghtFJ,1745038428231,429,Access limit reached,"{'error': 'Access limit reached', 'retry_after': '4 hours 53 minutes'}"
137,3nBKrhW1fBAghtFJ,1745075900231,429,Access limit reached,"{'error': 'Access limit reached', 'retry_after': '4 hours 53 minutes'}"
138,z0JDHDmlF0xC3xmv,1745029169231,429,Access limit reached,"{'error': 'Access limit reached', 'retry_after': '6 hours 16 minutes'}"
138,z0JDHDmlF0xC3xmv,1745010117231,429,Access limit reached,"{'error': 'Access limit reached', 'retry_after': '6 hours 16 minutes'}"
138,z0JDHDmlF0xC3xmv,1745060925231,429,Access limit reached,"{'error': 'Access limit reached', 'retry_after': '6 hours 16 minutes'}"
138,z0JDHDmlF0xC3xmv,1745071027231,429,Access limit reached,"{'error': 'Access limit reached', 'retry_after': '6 hours 16 minutes'}"
138,z0JDHDmlF0xC3xmv,1745016878231,429,Access limit reached,"{'error': 'Access limit reached', 'retry_after': '6 hours 16 minutes'}"
138,z0JDHDmlF0xC3xmv,1745054511231,429,Access limit reached,"{'error': 'Access limit reached', 'retry_after': '6 hours 16 minutes'}"
138,z0JDHDmlF0xC3xmv,1745062016231,429,Access limit reached,"{'error': 'Access limit reached', 'retry_after': '6 hours 16 minutes'}"
138,z0JDHDmlF0xC3xmv,1745025244231,429,Access limit reached,"{'error': 'Access limit reached', 'retry_after': '6 hours 16 minutes'}"
138,z0JDHDmlF0xC3xmv,1745037712231,429,Access limit reached,"{'error': 'Access limit reached', 'retry_after': '6 hours 16 minutes'}"
138,z0JDHDmlF0xC3xmv,1745043299231,429,Access limit reached,"{'error': 'Access limit reached', 'retry_after': '6 hours 16 minutes'}"
138,z0JDHDmlF0xC3xmv,1745063979231,429,Access limit reached,"{'error': 'Access limit reached', 'retry_after': '6 hours 16 minutes'}"
138,z0JDHDmlF0xC3xmv,1745073103231,429,Access limit reached,"{'error': 'Access limit reached', 'retry_after': '6 hours 16 minutes'}"
138,z0JDHDmlF0xC3xmv,1745061760231,429,Access limit reached,"{'error': 'Access limit reached', 'retry_after': '6 hours 16 minutes'}"
138,z0JDHDmlF0xC3xmv,1745013199231,429,Access limit reached,"{'error': 'Access limit reached', 'retry_after': '6 hours 16 minutes'}"
138,z0JDHDmlF0xC3xmv,1745027515231,429,Access limit reached,"{'error': 'Access limit reached', 'retry_after': '6 hours 16 minutes'}"
138,z0JDHDmlF0xC3xmv,1745029073231,429,Access limit reached,"{'error': 'Access limit reached', 'retry_after': '6 hours 16 minutes'}"
138,z0JDHDmlF0xC3xmv,1745047138231,429,Access limit reached,"{'error': 'Access limit reached', 'retry_after': '6 hours 16 minutes'}"
138,z0JDHDmlF0xC3xmv,1745052477231,429,Access limit reached,"{'error': 'Access limit reached', 'retry_after': '6 hours 16 minutes'}"
138,z0JDHDmlF0xC3xmv,1745024567231,429,Access limit reached,"{'error': 'Access limit reached', 'retry_after': '6 hours 16 minutes'}"
138,z0JDHDmlF0xC3xmv,1745069333231,429,Access limit reached,"{'error': 'Access limit reached', 'retry_after': '6 hours 16 minutes'}"
138,z0JDHDmlF0xC3xmv,1745049467231,429,Access limit reached,"{'error': 'Access limit reached', 'retry_after': '6 hours 16 minutes'}"
138,z0JDHDmlF0xC3xmv,1745074458231,429,Access limit reached,"{'error': 'Access limit reached', 'retry_after': '6 hours 16 minutes'}"
138,z0JDHDmlF0xC3xmv,1745022461231,429,Access limit reached,"{'error': 'Access limit reached', 'retry_after': '6 hours 16 minutes'}"
138,z0JDHDmlF0xC3xmv,1745068277231,429,Access limit reached,"{'error': 'Access limit reached', 'retry_after': '6 hours 16 minutes'}"
138,z0JDHDmlF0xC3xmv,1745054143231,429,Access limit reached,"{'error': 'Access limit reached', 'retry_after': '6 hours 16 minutes'}"
138,z0JDHDmlF0xC3xmv,1745010889231,429,Access limit reached,"{'error': 'Access limit reached', 'retry_after': '6 hours 16 minutes'}"
138,z0JDHDmlF0xC3xmv,1745021022231,429,Access limit reached,"{'error': 'Access limit reached', 'retry_after': '6 hours 16 minutes'}"
138,z0JDHDmlF0xC3xmv,1745041598231,429,Access limit reached,"{'error': 'Access limit reached', 'retry_after': '6 hours 16 minutes'}"
138,z0JDHDmlF0xC3xmv,1745048418231,429,Access limit reached,"{'error': 'Access limit reached', 'retry_after': '6 hours 16 minutes'}"
138,z0JDHDmlF0xC3xmv,1745038025231,429,Access limit reached,"{'error': 'Access limit reached', 'retry_after': '6 hours 16 minutes'}"
138,z0JDHDmlF0xC3xmv,1745039282231,429,Access limit reached,"{'error': 'Access limit reached', 'retry_after': '6 hours 16 minutes'}"
138,z0JDHDmlF0xC3xmv,1745015491231,429,Access limit reached,"{'error': 'Access limit reached', 'retry_after': '6 hours 16 minutes'}"
138,z0JDHDmlF0xC3xmv,1745029395231,429,Access limit reached,"{'error': 'Access limit reached', 'retry_after': '6 hours 16 minutes'}"
138,z0JDHDmlF0xC3xmv,1745049019231,429,Access limit reached,"{'error': 'Access limit reached', 'retry_after': '6 hours 16 minutes'}"
138,z0JDHDmlF0xC3xmv,1745040362231,429,Access limit reached,"{'error': 'Access limit reached', 'retry_after': '6 hours 16 minutes'}"
138,z0JDHDmlF0xC3xmv,1745007677231,429,Access limit reached,"{'error': 'Access limit reached', 'retry_after': '6 hours 16 minutes'}"
138,z0JDHDmlF0xC3xmv,1745025319231,429,Access limit reached,"{'error': 'Access limit reached', 'retry_after': '6 hours 16 minutes'}"
138,z0JDHDmlF0xC3xmv,1745020250231,429,Access limit reached,"{'error': 'Access limit reached', 'retry_after': '6 hours 16 minutes'}"
138,z0JDHDmlF0xC3xmv,1745021143231,429,Access limit reached,"{'error': 'Access limit reached', 'retry_after': '6 hours 16 minutes'}"
138,z0JDHDmlF0xC3xmv,1745053267231,429,Access limit reached,"{'error': 'Access limit reached', 'retry_after': '6 hours 16 minutes'}"
138,z0JDHDmlF0xC3xmv,1745044866231,429,Access limit reached,"{'error': 'Access limit reached', 'retry_after': '6 hours 16 minutes'}"
138,z0JDHDmlF0xC3xmv,1745013495231,429,Access limit reached,"{'error': 'Access limit reached', 'retry_after': '6 hours 16 minutes'}"
138,z0JDHDmlF0xC3xmv,1745013636231,429,Access limit reached,"{'error': 'Access limit reached', 'retry_after': '6 hours 16 minutes'}"
138,z0JDHDmlF0xC3xmv,1745078570231,429,Access limit reached,"{'error': 'Access limit reached', 'retry_after': '6 hours 16 minutes'}"
138,z0JDHDmlF0xC3xmv,1745015615231,429,Access limit reached,"{'error': 'Access limit reached', 'retry_after': '6 hours 16 minutes'}"
139,XxbRFGNYZnZSAQYX,1745035055231,429,Access limit reached,"{'error': 'Access limit reached', 'retry_after': '4 hours 50 minutes'}"
139,XxbRFGNYZnZSAQYX,1745021343231,429,Access limit reached,"{'error': 'Access limit reached', 'retry_after': '4 hours 50 minutes'}"
139,XxbRFGNYZnZSAQYX,1745058809231,429,Access limit reached,"{'error': 'Access limit reached', 'retry_after': '4 hours 50 minutes'}"
139,XxbRFGNYZnZSAQYX,1745063207231,429,Access limit reached,"{'error': 'Access limit reached', 'retry_after': '4 hours 50 minutes'}"
139,XxbRFGNYZnZSAQYX,1745052803231,429,Access limit reached,"{'error': 'Access limit reached', 'retry_after': '4 hours 50 minutes'}"
139,XxbRFGNYZnZSAQYX,1745029154231,429,Access limit reached,"{'error': 'Access limit reached', 'retry_after': '4 hours 50 minutes'}"
139,XxbRFGNYZnZSAQYX,1745031587231,429,Access limit reached,"{'error': 'Access limit reached', 'retry_after': '4 hours 50 minutes'}"
139,XxbRFGNYZnZSAQYX,1745070508231,429,Access limit reached,"{'error': 'Access limit reached', 'retry_after': '4 hours 50 minutes'}"
139,XxbRFGNYZnZSAQYX,1745047624231,429,Access limit reached,"{'error': 'Access limit reached', 'retry_after': '4 hours 50 minutes'}"
139,XxbRFGNYZnZSAQYX,1745029828231,429,Access limit reached,"{'error': 'Access limit reached', 'retry_after': '4 hours 50 minutes'}"
139,XxbRFGNYZnZSAQYX,1745027594231,429,Access limit reached,"{'error': 'Access limit reached', 'retry_after': '4 hours 50 minutes'}"
139,XxbRFGNYZnZSAQYX,1745050919231,429,Access limit reached,"{'error': 'Access limit reached', 'retry_after': '4 hours 50 minutes'}"
139,XxbRFGNYZnZSAQYX,1745044929231,429,Access limit reached,"{'error': 'Access limit reached', 'retry_after': '4 hours 50 minutes'}"
139,XxbRFGNYZnZSAQYX,1745077522231,429,Access limit reached,"{'error': 'Access limit reached', 'retry_after': '4 hours 50 minutes'}"
139,XxbRFGNYZnZSAQYX,1745019672231,429,Access limit reached,"{'error': 'Access limit reached', 'retry_after': '4 hours 50 minutes'}"
139,XxbRFGNYZnZSAQYX,1745054638231,429,Access limit reached,"{'error': 'Access limit reached', 'retry_after': '4 hours 50 minutes'}"
139,XxbRFGNYZnZSAQYX,1745033425231,429,Access limit reached,"{'error': 'Access limit reached', 'retry_after': '4 hours 50 minutes'}"
139,XxbRFGNYZnZSAQYX,1745072116231,429,Access limit reached,"{'error': 'Access limit reached', 'retry_after': '4 hours 50 minutes'}"
139,XxbRFGNYZnZSAQYX,1745025123231,429,Access limit reached,"{'error': 'Access limit reached', 'retry_after': '4 hours 50 minutes'}"
139,XxbRFGNYZnZSAQYX,1745074315231,429,Access limit reached,"{'error': 'Access limit reached', 'retry_after': '4 hours 50 minutes'}"
139,XxbRFGNYZnZSAQYX,1745064957231,429,Access limit reached,"{'error': 'Access limit reached', 'retry_after': '4 hours 50 minutes'}"
139,XxbRFGNYZnZSAQYX,1745071407231,429,Access limit reached,"{'error': 'Access limit reached', 'retry_after': '4 hours 50 minutes'}"
139,XxbRFGNYZnZSAQYX,1745036990231,429,Access limit reached,"{'error': 'Access limit reached', 'retry_after': '4 hours 50 minutes'}"
139,XxbRFGNYZnZSAQYX,1745043673231,429,Access limit reached,"{'error': 'Access limit reached', 'retry_after': '4 hours 50 minutes'}"
139,XxbRFGNYZnZSAQYX,1745064122231,429,Access limit reached,"{'error': 'Access limit reached', 'retry_after': '4 hours 50 minutes'}"
139,XxbRFGNYZnZSAQYX,1745032010231,429,Access limit reached,"{'error': 'Access limit reached', 'retry_after': '4 hours 50 minutes'}"
139,XxbRFGNYZnZSAQYX,1745056319231,429,Access limit reached,"{'error': 'Access limit reached', 'retry_after': '4 hours 50 minutes'}"
139,XxbRFGNYZnZSAQYX,1745047575231,429,Access limit reached,"{'error': 'Access limit reached', 'retry_after': '4 hours 50 minutes'}"
139,XxbRFGNYZnZSAQYX,1745064897231,429,Access limit reached,"{'error': 'Access limit reached', 'retry_after': '4 hours 50 minutes'}"
139,XxbRFGNYZnZSAQYX,1745053305231,429,Access limit reached,"{'error': 'Access limit reached', 'retry_after': '4 hours 50 minutes'}"
139,XxbRFGNYZnZSAQYX,1745053770231,429,Access limit reached,"{'error': 'Access limit reached', 'retry_after': '4 hours 50 minutes'}"
139,XxbRFGNYZnZSAQYX,1745028147231,429,Access limit reached,"{'error': 'Access limit reached', 'retry_after': '4 hours 50 minutes'}"
139,XxbRFGNYZnZSAQYX,1745038225231,429,Access limit reached,"{'error': 'Access limit reached', 'retry_after': '4 hours 50 minutes'}"
139,XxbRFGNYZnZSAQYX,1745062507231,429,Access limit reached,"{'error': 'Access limit reached', 'retry_after': '4 hours 50 minutes'}"
139,XxbRFGNYZnZSAQYX,1745036760231,429,Access limit reached,"{'error': 'Access limit reached', 'retry_after': '4 hours 50 minutes'}"
139,XxbRFGNYZnZSAQYX,1745015045231,429,Access limit reached,"{'error': 'Access limit reached', 'retry_after': '4 hours 50 minutes'}"
139,XxbRFGNYZnZSAQYX,1745035942231,429,Access limit reached,"{'error': 'Access limit reached', 'retry_after': '4 hours 50 minutes'}"
139,XxbRFGNYZnZSAQYX,1745060027231,429,Access limit reached,"{'error': 'Access limit reached', 'retry_after': '4 hours 50 minutes'}"
139,XxbRFGNYZnZSAQYX,1745062427231,429,Access limit reached,"{'error': 'Access limit reached', 'retry_after': '4 hours 50 minutes'}"
139,XxbRFGNYZnZSAQYX,1745034186231,429,Access limit reached,"{'error': 'Access limit reached', 'retry_after': '4 hours 50 minutes'}"
139,XxbRFGNYZnZSAQYX,1745013717231,429,Access limit reached,"{'error': 'Access limit reached', 'retry_after': '4 hours 50 minutes'}"
139,XxbRFGNYZnZSAQYX,1745011802231,429,Access limit reached,"{'error': 'Access limit reached', 'retry_after': '4 hours 50 minutes'}"
140,3nBKrhW1fBAghtFJ,1745058320231,429,Access limit reached,"{'error': 'Access limit reached', 'retry_after': '4 hours 53 minutes'}"
140,3nBKrhW1fBAghtFJ,1745051098231,429,Access limit reached,"{'error': 'Access limit reached', 'retry_after': '4 hours 53 minutes'}"
140,3nBKrhW1fBAghtFJ,1745060130231,429,Access limit reached,"{'error': 'Access limit reached', 'retry_after': '4 hours 53 minutes'}"
140,3nBKrhW1fBAghtFJ,1745030193231,429,Access limit reached,"{'error': 'Access limit reached', 'retry_after': '4 hours 53 minutes'}"
140,3nBKrhW1fBAghtFJ,1745011014231,429,Access limit reached,"{'error': 'Access limit reached', 'retry_after': '4 hours 53 minutes'}"
140,3nBKrhW1fBAghtFJ,1745065602231,429,Access limit reached,"{'error': 'Access limit reached', 'retry_after': '4 hours 53 minutes'}"
140,3nBKrhW1fBAghtFJ,1745029694231,429,Access limit reached,"{'error': 'Access limit reached', 'retry_after': '4 hours 53 minutes'}"
140,3nBKrhW1fBAghtFJ,1745028425231,429,Access limit reached,"{'error': 'Access limit reached', 'retry_after': '4 hours 53 minutes'}"
140,3nBKrhW1fBAghtFJ,1745013936231,429,Access limit reached,"{'error': 'Access limit reached', 'retry_after': '4 hours 53 minutes'}"
140,3nBKrhW1fBAghtFJ,1745027974231,429,Access limit reached,"{'error': 'Access limit reached', 'retry_after': '4 hours 53 minutes'}"
140,3nBKrhW1fBAghtFJ,1745057944231,429,Access limit reached,"{'error': 'Access limit reached', 'retry_after': '4 hours 53 minutes'}"
140,3nBKrhW1fBAghtFJ,1745068330231,429,Access limit reached,"{'error': 'Access limit reached', 'retry_after': '4 hours 53 minutes'}"
140,3nBKrhW1fBAghtFJ,1745056554231,429,Access limit reached,"{'error': 'Access limit reached', 'retry_after': '4 hours 53 minutes'}"
140,3nBKrhW1fBAghtFJ,1745070145231,429,Access limit reached,"{'error': 'Access limit reached', 'retry_after': '4 hours 53 minutes'}"
140,3nBKrhW1fBAghtFJ,1745074417231,429,Access limit reached,"{'error': 'Access limit reached', 'retry_after': '4 hours 53 minutes'}"
140,3nBKrhW1fBAghtFJ,1745063346231,429,Access limit reached,"{'error': 'Access limit reached', 'retry_after': '4 hours 53 minutes'}"
140,3nBKrhW1fBAghtFJ,1745043295231,429,Access limit reached,"{'error': 'Access limit reached', 'retry_after': '4 hours 53 minutes'}"
140,3nBKrhW1fBAghtFJ,1745031751231,429,Access limit reached,"{'error': 'Access limit reached', 'retry_after': '4 hours 53 minutes'}"
140,3nBKrhW1fBAghtFJ,1745055433231,429,Access limit reached,"{'error': 'Access limit reached', 'retry_after': '4 hours 53 minutes'}"
140,3nBKrhW1fBAghtFJ,1745046623231,429,Access limit reached,"{'error': 'Access limit reached', 'retry_after': '4 hours 53 minutes'}"
140,3nBKrhW1fBAghtFJ,1745036716231,429,Access limit reached,"{'error': 'Access limit reached', 'retry_after': '4 hours 53 minutes'}"
140,3nBKrhW1fBAghtFJ,1745077738231,429,Access limit reached,"{'error': 'Access limit reached', 'retry_after': '4 hours 53 minutes'}"
140,3nBKrhW1fBAghtFJ,1745031271231,429,Access limit reached,"{'error': 'Access limit reached', 'retry_after': '4 hours 53 minutes'}"
140,3nBKrhW1fBAghtFJ,1745074069231,429,Access limit reached,"{'error': 'Access limit reached', 'retry_after': '4 hours 53 minutes'}"
140,3nBKrhW1fBAghtFJ,1745018377231,429,Access limit reached,"{'error': 'Access limit reached', 'retry_after': '4 hours 53 minutes'}"
140,3nBKrhW1fBAghtFJ,1745048581231,429,Access limit reached,"{'error': 'Access limit reached', 'retry_after': '4 hours 53 minutes'}"
141,z0JDHDmlF0xC3xmv,1745061417231,429,Access limit reached,"{'error': 'Access limit reached', 'retry_after': '6 hours 16 minutes'}"
141,z0JDHDmlF0xC3xmv,1745024169231,429,Access limit reached,"{'error': 'Access limit reached', 'retry_after': '6 hours 16 minutes'}"
141,z0JDHDmlF0xC3xmv,1745058118231,429,Access limit reached,"{'error': 'Access limit reached', 'retry_after': '6 hours 16 minutes'}"
141,z0JDHDmlF0xC3xmv,1745067053231,429,Access limit reached,"{'error': 'Access limit reached', 'retry_after': '6 hours 16 minutes'}"
141,z0JDHDmlF0xC3xmv,1745063311231,429,Access limit reached,"{'error': 'Access limit reached', 'retry_after': '6 hours 16 minutes'}"
141,z0JDHDmlF0xC3xmv,1745036414231,429,Access limit reached,"{'error': 'Access limit reached', 'retry_after': '6 hours 16 minutes'}"
141,z0JDHDmlF0xC3xmv,1745022297231,429,Access limit reached,"{'error': 'Access limit reached', 'retry_after': '6 hours 16 minutes'}"
141,z0JDHDmlF0xC3xmv,1745050228231,429,Access limit reached,"{'error': 'Access limit reached', 'retry_after': '6 hours 16 minutes'}"
141,z0JDHDmlF0xC3xmv,1745059359231,429,Access limit reached,"{'error': 'Access limit reached', 'retry_after': '6 hours 16 minutes'}"
141,z0JDHDmlF0xC3xmv,1745030959231,429,Access limit reached,"{'error': 'Access limit reached', 'retry_after': '6 hours 16 minutes'}"
141,z0JDHDmlF0xC3xmv,1745022009231,429,Access limit reached,"{'error': 'Access limit reached', 'retry_after': '6 hours 16 minutes'}"
141,z0JDHDmlF0xC3xmv,1745027518231,429,Access limit reached,"{'error': 'Access limit reached', 'retry_after': '6 hours 16 minutes'}"
141,z0JDHDmlF0xC3xmv,1745053660231,429,Access limit reached,"{'error': 'Access limit reached', 'retry_after': '6 hours 16 minutes'}"
141,z0JDHDmlF0xC3xmv,1745058261231,429,Access limit reached,"{'error': 'Access limit reached', 'retry_after': '6 hours 16 minutes'}"
141,z0JDHDmlF0xC3xmv,1745059433231,429,Access limit reached,"{'error': 'Access limit reached', 'retry_after': '6 hours 16 minutes'}"
141,z0JDHDmlF0xC3xmv,1745026184231,429,Access limit reached,"{'error': 'Access limit reached', 'retry_after': '6 hours 16 minutes'}"
141,z0JDHDmlF0xC3xmv,1745073630231,429,Access limit reached,"{'error': 'Access limit reached', 'retry_after': '6 hours 16 minutes'}"
141,z0JDHDmlF0xC3xmv,1745078494231,429,Access limit reached,"{'error': 'Access limit reached', 'retry_after': '6 hours 16 minutes'}"
141,z0JDHDmlF0xC3xmv,1745037707231,429,Access limit reached,"{'error': 'Access limit reached', 'retry_after': '6 hours 16 minutes'}"
141,z0JDHDmlF0xC3xmv,1745015863231,429,Access limit reached,"{'error': 'Access limit reached', 'retry_after': '6 hours 16 minutes'}"
141,z0JDHDmlF0xC3xmv,1745032169231,429,Access limit reached,"{'error': 'Access limit reached', 'retry_after': '6 hours 16 minutes'}"
141,z0JDHDmlF0xC3xmv,1745050025231,429,Access limit reached,"{'error': 'Access limit reached', 'retry_after': '6 hours 16 minutes'}"
141,z0JDHDmlF0xC3xmv,1745016288231,429,Access limit reached,"{'error': 'Access limit reached', 'retry_after': '6 hours 16 minutes'}"
141,z0JDHDmlF0xC3xmv,1745020186231,429,Access limit reached,"{'error': 'Access limit reached', 'retry_after': '6 hours 16 minutes'}"
141,z0JDHDmlF0xC3xmv,1745065995231,429,Access limit reached,"{'error': 'Access limit reached', 'retry_after': '6 hours 16 minutes'}"
141,z0JDHDmlF0xC3xmv,1745012253231,429,Access limit reached,"{'error': 'Access limit reached', 'retry_after': '6 hours 16 minutes'}"
141,z0JDHDmlF0xC3xmv,1745024225231,429,Access limit reached,"{'error': 'Access limit reached', 'retry_after': '6 hours 16 minutes'}"
141,z0JDHDmlF0xC3xmv,1745034053231,429,Access limit reached,"{'error': 'Access limit reached', 'retry_after': '6 hours 16 minutes'}"
141,z0JDHDmlF0xC3xmv,1745071356231,429,Access limit reached,"{'error': 'Access limit reached', 'retry_after': '6 hours 16 minutes'}"
141,z0JDHDmlF0xC3xmv,1745055531231,429,Access limit reached,"{'error': 'Access limit reached', 'retry_after': '6 hours 16 minutes'}"
141,z0JDHDmlF0xC3xmv,1745009891231,429,Access limit reached,"{'error': 'Access limit reached', 'retry_after': '6 hours 16 minutes'}"
141,z0JDHDmlF0xC3xmv,1745046148231,429,Access limit reached,"{'error': 'Access limit reached', 'retry_after': '6 hours 16 minutes'}"
141,z0JDHDmlF0xC3xmv,1745063080231,429,Access limit reached,"{'error': 'Access limit reached', 'retry_after': '6 hours 16 minutes'}"
142,z0JDHDmlF0xC3xmv,1745017066231,429,Access limit reached,"{'error': 'Access limit reached', 'retry_after': '6 hours 16 minutes'}"
142,z0JDHDmlF0xC3xmv,1745046743231,429,Access limit reached,"{'error': 'Access limit reached', 'retry_after': '6 hours 16 minutes'}"
142,z0JDHDmlF0xC3xmv,1745052047231,429,Access limit reached,"{'error': 'Access limit reached', 'retry_after': '6 hours 16 minutes'}"
142,z0JDHDmlF0xC3xmv,1745015450231,429,Access limit reached,"{'error': 'Access limit reached', 'retry_after': '6 hours 16 minutes'}"
142,z0JDHDmlF0xC3xmv,1745035701231,429,Access limit reached,"{'error': 'Access limit reached', 'retry_after': '6 hours 16 minutes'}"
142,z0JDHDmlF0xC3xmv,1745071035231,429,Access limit reached,"{'error': 'Access limit reached', 'retry_after': '6 hours 16 minutes'}"
142,z0JDHDmlF0xC3xmv,1745020063231,429,Access limit reached,"{'error': 'Access limit reached', 'retry_after': '6 hours 16 minutes'}"
142,z0JDHDmlF0xC3xmv,1745066703231,429,Access limit reached,"{'error': 'Access limit reached', 'retry_after': '6 hours 16 minutes'}"
142,z0JDHDmlF0xC3xmv,1745026499231,429,Access limit reached,"{'error': 'Access limit reached', 'retry_after': '6 hours 16 minutes'}"
142,z0JDHDmlF0xC3xmv,1745050627231,429,Access limit reached,"{'error': 'Access limit reached', 'retry_after': '6 hours 16 minutes'}"
142,z0JDHDmlF0xC3xmv,1745022599231,429,Access limit reached,"{'error': 'Access limit reached', 'retry_after': '6 hours 16 minutes'}"
142,z0JDHDmlF0xC3xmv,1745046079231,429,Access limit reached,"{'error': 'Access limit reached', 'retry_after': '6 hours 16 minutes'}"
142,z0JDHDmlF0xC3xmv,1745031099231,429,Access limit reached,"{'error': 'Access limit reached', 'retry_after': '6 hours 16 minutes'}"
142,z0JDHDmlF0xC3xmv,1745033409231,429,Access limit reached,"{'error': 'Access limit reached', 'retry_after': '6 hours 16 minutes'}"
142,z0JDHDmlF0xC3xmv,1745016277231,429,Access limit reached,"{'error': 'Access limit reached', 'retry_after': '6 hours 16 minutes'}"
142,z0JDHDmlF0xC3xmv,1745069231231,429,Access limit reached,"{'error': 'Access limit reached', 'retry_after': '6 hours 16 minutes'}"
142,z0JDHDmlF0xC3xmv,1745022781231,429,Access limit reached,"{'error': 'Access limit reached', 'retry_after': '6 hours 16 minutes'}"
142,z0JDHDmlF0xC3xmv,1745034672231,429,Access limit reached,"{'error': 'Access limit reached', 'retry_after': '6 hours 16 minutes'}"
142,z0JDHDmlF0xC3xmv,1745037379231,429,Access limit reached,"{'error': 'Access limit reached', 'retry_after': '6 hours 16 minutes'}"
142,z0JDHDmlF0xC3xmv,1745077196231,429,Access limit reached,"{'error': 'Access limit reached', 'retry_after': '6 hours 16 minutes'}"
142,z0JDHDmlF0xC3xmv,1745044663231,429,Access limit reached,"{'error': 'Access limit reached', 'retry_after': '6 hours 16 minutes'}"
142,z0JDHDmlF0xC3xmv,1745075523231,429,Access limit reached,"{'error': 'Access limit reached', 'retry_after': '6 hours 16 minutes'}"
142,z0JDHDmlF0xC3xmv,1745038919231,429,Access limit reached,"{'error': 'Access limit reached', 'retry_after': '6 hours 16 minutes'}"
142,z0JDHDmlF0xC3xmv,1745058108231,429,Access limit reached,"{'error': 'Access limit reached', 'retry_after': '6 hours 16 minutes'}"
142,z0JDHDmlF0xC3xmv,1745016747231,429,Access limit reached,"{'error': 'Access limit reached', 'retry_after': '6 hours 16 minutes'}"
142,z0JDHDmlF0xC3xmv,1745010714231,429,Access limit reached,"{'error': 'Access limit reached', 'retry_after': '6 hours 16 minutes'}"
142,z0JDHDmlF0xC3xmv,1745026583231,429,Access limit reached,"{'error': 'Access limit reached', 'retry_after': '6 hours 16 minutes'}"
142,z0JDHDmlF0xC3xmv,1745078470231,429,Access limit reached,"{'error': 'Access limit reached', 'retry_after': '6 hours 16 minutes'}"
142,z0JDHDmlF0xC3xmv,1745070575231,429,Access limit reached,"{'error': 'Access limit reached', 'retry_after': '6 hours 16 minutes'}"
142,z0JDHDmlF0xC3xmv,1745008576231,429,Access limit reached,"{'error': 'Access limit reached', 'retry_after': '6 hours 16 minutes'}"
142,z0JDHDmlF0xC3xmv,1745077862231,429,Access limit reached,"{'error': 'Access limit reached', 'retry_after': '6 hours 16 minutes'}"
142,z0JDHDmlF0xC3xmv,1745053519231,429,Access limit reached,"{'error': 'Access limit reached', 'retry_after': '6 hours 16 minutes'}"
142,z0JDHDmlF0xC3xmv,1745025803231,429,Access limit reached,"{'error': 'Access limit reached', 'retry_after': '6 hours 16 minutes'}"
142,z0JDHDmlF0xC3xmv,1745055506231,429,Access limit reached,"{'error': 'Access limit reached', 'retry_after': '6 hours 16 minutes'}"
142,z0JDHDmlF0xC3xmv,1745044050231,429,Access limit reached,"{'error': 'Access limit reached', 'retry_after': '6 hours 16 minutes'}"
142,z0JDHDmlF0xC3xmv,1745027470231,429,Access limit reached,"{'error': 'Access limit reached', 'retry_after': '6 hours 16 minutes'}"
142,z0JDHDmlF0xC3xmv,1745056588231,429,Access limit reached,"{'error': 'Access limit reached', 'retry_after': '6 hours 16 minutes'}"
142,z0JDHDmlF0xC3xmv,1745020466231,429,Access limit reached,"{'error': 'Access limit reached', 'retry_after': '6 hours 16 minutes'}"
142,z0JDHDmlF0xC3xmv,1745069622231,429,Access limit reached,"{'error': 'Access limit reached', 'retry_after': '6 hours 16 minutes'}"
142,z0JDHDmlF0xC3xmv,1745035538231,429,Access limit reached,"{'error': 'Access limit reached', 'retry_after': '6 hours 16 minutes'}"
143,h94anv2bwU2NJJkA,1745061081231,429,Access limit reached,"{'error': 'Access limit reached', 'retry_after': '6 hours 51 minutes'}"
143,h94anv2bwU2NJJkA,1745018499231,429,Access limit reached,"{'error': 'Access limit reached', 'retry_after': '6 hours 51 minutes'}"
143,h94anv2bwU2NJJkA,1745022695231,429,Access limit reached,"{'error': 'Access limit reached', 'retry_after': '6 hours 51 minutes'}"
143,h94anv2bwU2NJJkA,1745057434231,429,Access limit reached,"{'error': 'Access limit reached', 'retry_after': '6 hours 51 minutes'}"
143,h94anv2bwU2NJJkA,1745036243231,429,Access limit reached,"{'error': 'Access limit reached', 'retry_after': '6 hours 51 minutes'}"
143,h94anv2bwU2NJJkA,1745014454231,429,Access limit reached,"{'error': 'Access limit reached', 'retry_after': '6 hours 51 minutes'}"
143,h94anv2bwU2NJJkA,1745071981231,429,Access limit reached,"{'error': 'Access limit reached', 'retry_after': '6 hours 51 minutes'}"
143,h94anv2bwU2NJJkA,1745036635231,429,Access limit reached,"{'error': 'Access limit reached', 'retry_after': '6 hours 51 minutes'}"
143,h94anv2bwU2NJJkA,1745038528231,429,Access limit reached,"{'error': 'Access limit reached', 'retry_after': '6 hours 51 minutes'}"
143,h94anv2bwU2NJJkA,1745072136231,429,Access limit reached,"{'error': 'Access limit reached', 'retry_after': '6 hours 51 minutes'}"
143,h94anv2bwU2NJJkA,1745027111231,429,Access limit reached,"{'error': 'Access limit reached', 'retry_after': '6 hours 51 minutes'}"
143,h94anv2bwU2NJJkA,1745035807231,429,Access limit reached,"{'error': 'Access limit reached', 'retry_after': '6 hours 51 minutes'}"
143,h94anv2bwU2NJJkA,1745047586231,429,Access limit reached,"{'error': 'Access limit reached', 'retry_after': '6 hours 51 minutes'}"
143,h94anv2bwU2NJJkA,1745064911231,429,Access limit reached,"{'error': 'Access limit reached', 'retry_after': '6 hours 51 minutes'}"
143,h94anv2bwU2NJJkA,1745010496231,429,Access limit reached,"{'error': 'Access limit reached', 'retry_after': '6 hours 51 minutes'}"
143,h94anv2bwU2NJJkA,1745073259231,429,Access limit reached,"{'error': 'Access limit reached', 'retry_after': '6 hours 51 minutes'}"
143,h94anv2bwU2NJJkA,1745057284231,429,Access limit reached,"{'error': 'Access limit reached', 'retry_after': '6 hours 51 minutes'}"
143,h94anv2bwU2NJJkA,1745014013231,429,Access limit reached,"{'error': 'Access limit reached', 'retry_after': '6 hours 51 minutes'}"
143,h94anv2bwU2NJJkA,1745029183231,429,Access limit reached,"{'error': 'Access limit reached', 'retry_after': '6 hours 51 minutes'}"
143,h94anv2bwU2NJJkA,1745070265231,429,Access limit reached,"{'error': 'Access limit reached', 'retry_after': '6 hours 51 minutes'}"
143,h94anv2bwU2NJJkA,1745060606231,429,Access limit reached,"{'error': 'Access limit reached', 'retry_after': '6 hours 51 minutes'}"
143,h94anv2bwU2NJJkA,1745045237231,429,Access limit reached,"{'error': 'Access limit reached', 'retry_after': '6 hours 51 minutes'}"
143,h94anv2bwU2NJJkA,1745060445231,429,Access limit reached,"{'error': 'Access limit reached', 'retry_after': '6 hours 51 minutes'}"
143,h94anv2bwU2NJJkA,1745033502231,429,Access limit reached,"{'error': 'Access limit reached', 'retry_after': '6 hours 51 minutes'}"
143,h94anv2bwU2NJJkA,1745061602231,429,Access limit reached,"{'error': 'Access limit reached', 'retry_after': '6 hours 51 minutes'}"
143,h94anv2bwU2NJJkA,1745073891231,429,Access limit reached,"{'error': 'Access limit reached', 'retry_after': '6 hours 51 minutes'}"
143,h94anv2bwU2NJJkA,1745061958231,429,Access limit reached,"{'error': 'Access limit reached', 'retry_after': '6 hours 51 minutes'}"
143,h94anv2bwU2NJJkA,1745025247231,429,Access limit reached,"{'error': 'Access limit reached', 'retry_after': '6 hours 51 minutes'}"
143,h94anv2bwU2NJJkA,1745071368231,429,Access limit reached,"{'error': 'Access limit reached', 'retry_after': '6 hours 51 minutes'}"
143,h94anv2bwU2NJJkA,1745049160231,429,Access limit reached,"{'error': 'Access limit reached', 'retry_after': '6 hours 51 minutes'}"
143,h94anv2bwU2NJJkA,1745077944231,429,Access limit reached,"{'error': 'Access limit reached', 'retry_after': '6 hours 51 minutes'}"
143,h94anv2bwU2NJJkA,1745046642231,429,Access limit reached,"{'error': 'Access limit reached', 'retry_after': '6 hours 51 minutes'}"
143,h94anv2bwU2NJJkA,1745047468231,429,Access limit reached,"{'error': 'Access limit reached', 'retry_after': '6 hours 51 minutes'}"
143,h94anv2bwU2NJJkA,1745054555231,429,Access limit reached,"{'error': 'Access limit reached', 'retry_after': '6 hours 51 minutes'}"
143,h94anv2bwU2NJJkA,1745023829231,429,Access limit reached,"{'error': 'Access limit reached', 'retry_after': '6 hours 51 minutes'}"
143,h94anv2bwU2NJJkA,1745067535231,429,Access limit reached,"{'error': 'Access limit reached', 'retry_after': '6 hours 51 minutes'}"
143,h94anv2bwU2NJJkA,1745011394231,429,Access limit reached,"{'error': 'Access limit reached', 'retry_after': '6 hours 51 minutes'}"
143,h94anv2bwU2NJJkA,1745014783231,429,Access limit reached,"{'error': 'Access limit reached', 'retry_after': '6 hours 51 minutes'}"
144,sZaWrwSAC0YhuHOq,1745009760231,429,Access limit reached,"{'error': 'Access limit reached', 'retry_after': '4 hours 58 minutes'}"
144,sZaWrwSAC0YhuHOq,1745052910231,429,Access limit reached,"{'error': 'Access limit reached', 'retry_after': '4 hours 58 minutes'}"
144,sZaWrwSAC0YhuHOq,1745068027231,429,Access limit reached,"{'error': 'Access limit reached', 'retry_after': '4 hours 58 minutes'}"
144,sZaWrwSAC0YhuHOq,1745071620231,429,Access limit reached,"{'error': 'Access limit reached', 'retry_after': '4 hours 58 minutes'}"
144,sZaWrwSAC0YhuHOq,1745060512231,429,Access limit reached,"{'error': 'Access limit reached', 'retry_after': '4 hours 58 minutes'}"
144,sZaWrwSAC0YhuHOq,1745070643231,429,Access limit reached,"{'error': 'Access limit reached', 'retry_after': '4 hours 58 minutes'}"
144,sZaWrwSAC0YhuHOq,1745061608231,429,Access limit reached,"{'error': 'Access limit reached', 'retry_after': '4 hours 58 minutes'}"
144,sZaWrwSAC0YhuHOq,1745071600231,429,Access limit reached,"{'error': 'Access limit reached', 'retry_after': '4 hours 58 minutes'}"
144,sZaWrwSAC0YhuHOq,1745035809231,429,Access limit reached,"{'error': 'Access limit reached', 'retry_after': '4 hours 58 minutes'}"
144,sZaWrwSAC0YhuHOq,1745008275231,429,Access limit reached,"{'error': 'Access limit reached', 'retry_after': '4 hours 58 minutes'}"
144,sZaWrwSAC0YhuHOq,1745061591231,429,Access limit reached,"{'error': 'Access limit reached', 'retry_after': '4 hours 58 minutes'}"
144,sZaWrwSAC0YhuHOq,1745024099231,429,Access limit reached,"{'error': 'Access limit reached', 'retry_after': '4 hours 58 minutes'}"
144,sZaWrwSAC0YhuHOq,1745048169231,429,Access limit reached,"{'error': 'Access limit reached', 'retry_after': '4 hours 58 minutes'}"
144,sZaWrwSAC0YhuHOq,1745074930231,429,Access limit reached,"{'error': 'Access limit reached', 'retry_after': '4 hours 58 minutes'}"
144,sZaWrwSAC0YhuHOq,1745019082231,429,Access limit reached,"{'error': 'Access limit reached', 'retry_after': '4 hours 58 minutes'}"
144,sZaWrwSAC0YhuHOq,1745055114231,429,Access limit reached,"{'error': 'Access limit reached', 'retry_after': '4 hours 58 minutes'}"
144,sZaWrwSAC0YhuHOq,1745073839231,429,Access limit reached,"{'error': 'Access limit reached', 'retry_after': '4 hours 58 minutes'}"
144,sZaWrwSAC0YhuHOq,1745021786231,429,Access limit reached,"{'error': 'Access limit reached', 'retry_after': '4 hours 58 minutes'}"
144,sZaWrwSAC0YhuHOq,1745064767231,429,Access limit reached,"{'error': 'Access limit reached', 'retry_after': '4 hours 58 minutes'}"
144,sZaWrwSAC0YhuHOq,1745015262231,429,Access limit reached,"{'error': 'Access limit reached', 'retry_after': '4 hours 58 minutes'}"
144,sZaWrwSAC0YhuHOq,1745026338231,429,Access limit reached,"{'error': 'Access limit reached', 'retry_after': '4 hours 58 minutes'}"
144,sZaWrwSAC0YhuHOq,1745058370231,429,Access limit reached,"{'error': 'Access limit reached', 'retry_after': '4 hours 58 minutes'}"
144,sZaWrwSAC0YhuHOq,1745042679231,429,Access limit reached,"{'error': 'Access limit reached', 'retry_after': '4 hours 58 minutes'}"
144,sZaWrwSAC0YhuHOq,1745022672231,429,Access limit reached,"{'error': 'Access limit reached', 'retry_after': '4 hours 58 minutes'}"
144,sZaWrwSAC0YhuHOq,1745025997231,429,Access limit reached,"{'error': 'Access limit reached', 'retry_after': '4 hours 58 minutes'}"
144,sZaWrwSAC0YhuHOq,1745010671231,429,Access limit reached,"{'error': 'Access limit reached', 'retry_after': '4 hours 58 minutes'}"
144,sZaWrwSAC0YhuHOq,1745039178231,429,Access limit reached,"{'error': 'Access limit reached', 'retry_after': '4 hours 58 minutes'}"
144,sZaWrwSAC0YhuHOq,1745077883231,429,Access limit reached,"{'error': 'Access limit reached', 'retry_after': '4 hours 58 minutes'}"
144,sZaWrwSAC0YhuHOq,1745037274231,429,Access limit reached,"{'error': 'Access limit reached', 'retry_after': '4 hours 58 minutes'}"
144,sZaWrwSAC0YhuHOq,1745010423231,429,Access limit reached,"{'error': 'Access limit reached', 'retry_after': '4 hours 58 minutes'}"
144,sZaWrwSAC0YhuHOq,1745069897231,429,Access limit reached,"{'error': 'Access limit reached', 'retry_after': '4 hours 58 minutes'}"
144,sZaWrwSAC0YhuHOq,1745010334231,429,Access limit reached,"{'error': 'Access limit reached', 'retry_after': '4 hours 58 minutes'}"
144,sZaWrwSAC0YhuHOq,1745062072231,429,Access limit reached,"{'error': 'Access limit reached', 'retry_after': '4 hours 58 minutes'}"
144,sZaWrwSAC0YhuHOq,1745053223231,429,Access limit reached,"{'error': 'Access limit reached', 'retry_after': '4 hours 58 minutes'}"
144,sZaWrwSAC0YhuHOq,1745010310231,429,Access limit reached,"{'error': 'Access limit reached', 'retry_after': '4 hours 58 minutes'}"
144,sZaWrwSAC0YhuHOq,1745062543231,429,Access limit reached,"{'error': 'Access limit reached', 'retry_after': '4 hours 58 minutes'}"
144,sZaWrwSAC0YhuHOq,1745050637231,429,Access limit reached,"{'error': 'Access limit reached', 'retry_after': '4 hours 58 minutes'}"
144,sZaWrwSAC0YhuHOq,1745076988231,429,Access limit reached,"{'error': 'Access limit reached', 'retry_after': '4 hours 58 minutes'}"
144,sZaWrwSAC0YhuHOq,1745010276231,429,Access limit reached,"{'error': 'Access limit reached', 'retry_after': '4 hours 58 minutes'}"
144,sZaWrwSAC0YhuHOq,1745025370231,429,Access limit reached,"{'error': 'Access limit reached', 'retry_after': '4 hours 58 minutes'}"
144,sZaWrwSAC0YhuHOq,1745073399231,429,Access limit reached,"{'error': 'Access limit reached', 'retry_after': '4 hours 58 minutes'}"
144,sZaWrwSAC0YhuHOq,1745030136231,429,Access limit reached,"{'error': 'Access limit reached', 'retry_after': '4 hours 58 minutes'}"
144,sZaWrwSAC0YhuHOq,1745040849231,429,Access limit reached,"{'error': 'Access limit reached', 'retry_after': '4 hours 58 minutes'}"
145,4YHYRv9IiZ7e2gos,1745021814231,429,Access limit reached,"{'error': 'Access limit reached', 'retry_after': '4 hours 41 minutes'}"
145,4YHYRv9IiZ7e2gos,1745070380231,429,Access limit reached,"{'error': 'Access limit reached', 'retry_after': '4 hours 41 minutes'}"
145,4YHYRv9IiZ7e2gos,1745074861231,429,Access limit reached,"{'error': 'Access limit reached', 'retry_after': '4 hours 41 minutes'}"
145,4YHYRv9IiZ7e2gos,1745037258231,429,Access limit reached,"{'error': 'Access limit reached', 'retry_after': '4 hours 41 minutes'}"
145,4YHYRv9IiZ7e2gos,1745052817231,429,Access limit reached,"{'error': 'Access limit reached', 'retry_after': '4 hours 41 minutes'}"
145,4YHYRv9IiZ7e2gos,1745008176231,429,Access limit reached,"{'error': 'Access limit reached', 'retry_after': '4 hours 41 minutes'}"
145,4YHYRv9IiZ7e2gos,1745074763231,429,Access limit reached,"{'error': 'Access limit reached', 'retry_after': '4 hours 41 minutes'}"
145,4YHYRv9IiZ7e2gos,1745013152231,429,Access limit reached,"{'error': 'Access limit reached', 'retry_after': '4 hours 41 minutes'}"
145,4YHYRv9IiZ7e2gos,1745066940231,429,Access limit reached,"{'error': 'Access limit reached', 'retry_after': '4 hours 41 minutes'}"
145,4YHYRv9IiZ7e2gos,1745040961231,429,Access limit reached,"{'error': 'Access limit reached', 'retry_after': '4 hours 41 minutes'}"
145,4YHYRv9IiZ7e2gos,1745016909231,429,Access limit reached,"{'error': 'Access limit reached', 'retry_after': '4 hours 41 minutes'}"
145,4YHYRv9IiZ7e2gos,1745027313231,429,Access limit reached,"{'error': 'Access limit reached', 'retry_after': '4 hours 41 minutes'}"
145,4YHYRv9IiZ7e2gos,1745018781231,429,Access limit reached,"{'error': 'Access limit reached', 'retry_after': '4 hours 41 minutes'}"
145,4YHYRv9IiZ7e2gos,1745052611231,429,Access limit reached,"{'error': 'Access limit reached', 'retry_after': '4 hours 41 minutes'}"
145,4YHYRv9IiZ7e2gos,1745076494231,429,Access limit reached,"{'error': 'Access limit reached', 'retry_after': '4 hours 41 minutes'}"
145,4YHYRv9IiZ7e2gos,1745026363231,429,Access limit reached,"{'error': 'Access limit reached', 'retry_after': '4 hours 41 minutes'}"
145,4YHYRv9IiZ7e2gos,1745046024231,429,Access limit reached,"{'error': 'Access limit reached', 'retry_after': '4 hours 41 minutes'}"
145,4YHYRv9IiZ7e2gos,1745058257231,429,Access limit reached,"{'error': 'Access limit reached', 'retry_after': '4 hours 41 minutes'}"
145,4YHYRv9IiZ7e2gos,1745021288231,429,Access limit reached,"{'error': 'Access limit reached', 'retry_after': '4 hours 41 minutes'}"
145,4YHYRv9IiZ7e2gos,1745075218231,429,Access limit reached,"{'error': 'Access limit reached', 'retry_after': '4 hours 41 minutes'}"
145,4YHYRv9IiZ7e2gos,1745077013231,429,Access limit reached,"{'error': 'Access limit reached', 'retry_after': '4 hours 41 minutes'}"
145,4YHYRv9IiZ7e2gos,1745027694231,429,Access limit reached,"{'error': 'Access limit reached', 'retry_after': '4 hours 41 minutes'}"
145,4YHYRv9IiZ7e2gos,1745077876231,429,Access limit reached,"{'error': 'Access limit reached', 'retry_after': '4 hours 41 minutes'}"
145,4YHYRv9IiZ7e2gos,1745023718231,429,Access limit reached,"{'error': 'Access limit reached', 'retry_after': '4 hours 41 minutes'}"
145,4YHYRv9IiZ7e2gos,1745010998231,429,Access limit reached,"{'error': 'Access limit reached', 'retry_after': '4 hours 41 minutes'}"
145,4YHYRv9IiZ7e2gos,1745056592231,429,Access limit reached,"{'error': 'Access limit reached', 'retry_after': '4 hours 41 minutes'}"
145,4YHYRv9IiZ7e2gos,1745031648231,429,Access limit reached,"{'error': 'Access limit reached', 'retry_after': '4 hours 41 minutes'}"
145,4YHYRv9IiZ7e2gos,1745023936231,429,Access limit reached,"{'error': 'Access limit reached', 'retry_after': '4 hours 41 minutes'}"
145,4YHYRv9IiZ7e2gos,1745023937231,429,Access limit reached,"{'error': 'Access limit reached', 'retry_after': '4 hours 41 minutes'}"
145,4YHYRv9IiZ7e2gos,1745047475231,429,Access limit reached,"{'error': 'Access limit reached', 'retry_after': '4 hours 41 minutes'}"
145,4YHYRv9IiZ7e2gos,1745042235231,429,Access limit reached,"{'error': 'Access limit reached', 'retry_after': '4 hours 41 minutes'}"
145,4YHYRv9IiZ7e2gos,1745014222231,429,Access limit reached,"{'error': 'Access limit reached', 'retry_after': '4 hours 41 minutes'}"
145,4YHYRv9IiZ7e2gos,1745029674231,429,Access limit reached,"{'error': 'Access limit reached', 'retry_after': '4 hours 41 minutes'}"
145,4YHYRv9IiZ7e2gos,1745046343231,429,Access limit reached,"{'error': 'Access limit reached', 'retry_after': '4 hours 41 minutes'}"
145,4YHYRv9IiZ7e2gos,1745028383231,429,Access limit reached,"{'error': 'Access limit reached', 'retry_after': '4 hours 41 minutes'}"
146,IzFNSTGy3eHVyDTQ,1745059139231,429,Access limit reached,"{'error': 'Access limit reached', 'retry_after': '4 hours 44 minutes'}"
146,IzFNSTGy3eHVyDTQ,1745052360231,429,Access limit reached,"{'error': 'Access limit reached', 'retry_after': '4 hours 44 minutes'}"
146,IzFNSTGy3eHVyDTQ,1745074268231,429,Access limit reached,"{'error': 'Access limit reached', 'retry_after': '4 hours 44 minutes'}"
146,IzFNSTGy3eHVyDTQ,1745077753231,429,Access limit reached,"{'error': 'Access limit reached', 'retry_after': '4 hours 44 minutes'}"
146,IzFNSTGy3eHVyDTQ,1745036289231,429,Access limit reached,"{'error': 'Access limit reached', 'retry_after': '4 hours 44 minutes'}"
146,IzFNSTGy3eHVyDTQ,1745078401231,429,Access limit reached,"{'error': 'Access limit reached', 'retry_after': '4 hours 44 minutes'}"
146,IzFNSTGy3eHVyDTQ,1745035895231,429,Access limit reached,"{'error': 'Access limit reached', 'retry_after': '4 hours 44 minutes'}"
146,IzFNSTGy3eHVyDTQ,1745077303231,429,Access limit reached,"{'error': 'Access limit reached', 'retry_after': '4 hours 44 minutes'}"
146,IzFNSTGy3eHVyDTQ,1745010485231,429,Access limit reached,"{'error': 'Access limit reached', 'retry_after': '4 hours 44 minutes'}"
146,IzFNSTGy3eHVyDTQ,1745033687231,429,Access limit reached,"{'error': 'Access limit reached', 'retry_after': '4 hours 44 minutes'}"
146,IzFNSTGy3eHVyDTQ,1745076272231,429,Access limit reached,"{'error': 'Access limit reached', 'retry_after': '4 hours 44 minutes'}"
146,IzFNSTGy3eHVyDTQ,1745058336231,429,Access limit reached,"{'error': 'Access limit reached', 'retry_after': '4 hours 44 minutes'}"
146,IzFNSTGy3eHVyDTQ,1745020640231,429,Access limit reached,"{'error': 'Access limit reached', 'retry_after': '4 hours 44 minutes'}"
146,IzFNSTGy3eHVyDTQ,1745036573231,429,Access limit reached,"{'error': 'Access limit reached', 'retry_after': '4 hours 44 minutes'}"
146,IzFNSTGy3eHVyDTQ,1745041942231,429,Access limit reached,"{'error': 'Access limit reached', 'retry_after': '4 hours 44 minutes'}"
146,IzFNSTGy3eHVyDTQ,1745068712231,429,Access limit reached,"{'error': 'Access limit reached', 'retry_after': '4 hours 44 minutes'}"
146,IzFNSTGy3eHVyDTQ,1745068744231,429,Access limit reached,"{'error': 'Access limit reached', 'retry_after': '4 hours 44 minutes'}"
146,IzFNSTGy3eHVyDTQ,1745031989231,429,Access limit reached,"{'error': 'Access limit reached', 'retry_after': '4 hours 44 minutes'}"
146,IzFNSTGy3eHVyDTQ,1745052106231,429,Access limit reached,"{'error': 'Access limit reached', 'retry_after': '4 hours 44 minutes'}"
146,IzFNSTGy3eHVyDTQ,1745016992231,429,Access limit reached,"{'error': 'Access limit reached', 'retry_after': '4 hours 44 minutes'}"
146,IzFNSTGy3eHVyDTQ,1745021967231,429,Access limit reached,"{'error': 'Access limit reached', 'retry_after': '4 hours 44 minutes'}"
146,IzFNSTGy3eHVyDTQ,1745069746231,429,Access limit reached,"{'error': 'Access limit reached', 'retry_after': '4 hours 44 minutes'}"
146,IzFNSTGy3eHVyDTQ,1745025916231,429,Access limit reached,"{'error': 'Access limit reached', 'retry_after': '4 hours 44 minutes'}"
146,IzFNSTGy3eHVyDTQ,1745069030231,429,Access limit reached,"{'error': 'Access limit reached', 'retry_after': '4 hours 44 minutes'}"
146,IzFNSTGy3eHVyDTQ,1745065863231,429,Access limit reached,"{'error': 'Access limit reached', 'retry_after': '4 hours 44 minutes'}"
146,IzFNSTGy3eHVyDTQ,1745061380231,429,Access limit reached,"{'error': 'Access limit reached', 'retry_after': '4 hours 44 minutes'}"
146,IzFNSTGy3eHVyDTQ,1745016886231,429,Access limit reached,"{'error': 'Access limit reached', 'retry_after': '4 hours 44 minutes'}"
146,IzFNSTGy3eHVyDTQ,1745070851231,429,Access limit reached,"{'error': 'Access limit reached', 'retry_after': '4 hours 44 minutes'}"
146,IzFNSTGy3eHVyDTQ,1745020348231,429,Access limit reached,"{'error': 'Access limit reached', 'retry_after': '4 hours 44 minutes'}"
146,IzFNSTGy3eHVyDTQ,1745039465231,429,Access limit reached,"{'error': 'Access limit reached', 'retry_after': '4 hours 44 minutes'}"
146,IzFNSTGy3eHVyDTQ,1745075644231,429,Access limit reached,"{'error': 'Access limit reached', 'retry_after': '4 hours 44 minutes'}"
146,IzFNSTGy3eHVyDTQ,1745020575231,429,Access limit reached,"{'error': 'Access limit reached', 'retry_after': '4 hours 44 minutes'}"
146,IzFNSTGy3eHVyDTQ,1745032701231,429,Access limit reached,"{'error': 'Access limit reached', 'retry_after': '4 hours 44 minutes'}"
146,IzFNSTGy3eHVyDTQ,1745031352231,429,Access limit reached,"{'error': 'Access limit reached', 'retry_after': '4 hours 44 minutes'}"
146,IzFNSTGy3eHVyDTQ,1745039979231,429,Access limit reached,"{'error': 'Access limit reached', 'retry_after': '4 hours 44 minutes'}"
146,IzFNSTGy3eHVyDTQ,1745070427231,429,Access limit reached,"{'error': 'Access limit reached', 'retry_after': '4 hours 44 minutes'}"
146,IzFNSTGy3eHVyDTQ,1745078576231,429,Access limit reached,"{'error': 'Access limit reached', 'retry_after': '4 hours 44 minutes'}"
147,4YHYRv9IiZ7e2gos,1745039986231,429,Access limit reached,"{'error': 'Access limit reached', 'retry_after': '4 hours 41 minutes'}"
147,4YHYRv9IiZ7e2gos,1745045233231,429,Access limit reached,"{'error': 'Access limit reached', 'retry_after': '4 hours 41 minutes'}"
147,4YHYRv9IiZ7e2gos,1745054502231,429,Access limit reached,"{'error': 'Access limit reached', 'retry_after': '4 hours 41 minutes'}"
147,4YHYRv9IiZ7e2gos,1745027060231,429,Access limit reached,"{'error': 'Access limit reached', 'retry_after': '4 hours 41 minutes'}"
147,4YHYRv9IiZ7e2gos,1745014235231,429,Access limit reached,"{'error': 'Access limit reached', 'retry_after': '4 hours 41 minutes'}"
147,4YHYRv9IiZ7e2gos,1745061485231,429,Access limit reached,"{'error': 'Access limit reached', 'retry_after': '4 hours 41 minutes'}"
147,4YHYRv9IiZ7e2gos,1745008245231,429,Access limit reached,"{'error': 'Access limit reached', 'retry_after': '4 hours 41 minutes'}"
147,4YHYRv9IiZ7e2gos,1745013396231,429,Access limit reached,"{'error': 'Access limit reached', 'retry_after': '4 hours 41 minutes'}"
147,4YHYRv9IiZ7e2gos,1745049905231,429,Access limit reached,"{'error': 'Access limit reached', 'retry_after': '4 hours 41 minutes'}"
147,4YHYRv9IiZ7e2gos,1745035537231,429,Access limit reached,"{'error': 'Access limit reached', 'retry_after': '4 hours 41 minutes'}"
147,4YHYRv9IiZ7e2gos,1745057791231,429,Access limit reached,"{'error': 'Access limit reached', 'retry_after': '4 hours 41 minutes'}"
147,4YHYRv9IiZ7e2gos,1745054267231,429,Access limit reached,"{'error': 'Access limit reached', 'retry_after': '4 hours 41 minutes'}"
147,4YHYRv9IiZ7e2gos,1745059419231,429,Access limit reached,"{'error': 'Access limit reached', 'retry_after': '4 hours 41 minutes'}"
147,4YHYRv9IiZ7e2gos,1745074608231,429,Access limit reached,"{'error': 'Access limit reached', 'retry_after': '4 hours 41 minutes'}"
147,4YHYRv9IiZ7e2gos,1745008384231,429,Access limit reached,"{'error': 'Access limit reached', 'retry_after': '4 hours 41 minutes'}"
147,4YHYRv9IiZ7e2gos,1745070924231,429,Access limit reached,"{'error': 'Access limit reached', 'retry_after': '4 hours 41 minutes'}"
147,4YHYRv9IiZ7e2gos,1745030368231,429,Access limit reached,"{'error': 'Access limit reached', 'retry_after': '4 hours 41 minutes'}"
147,4YHYRv9IiZ7e2gos,1745073138231,429,Access limit reached,"{'error': 'Access limit reached', 'retry_after': '4 hours 41 minutes'}"
147,4YHYRv9IiZ7e2gos,1745017830231,429,Access limit reached,"{'error': 'Access limit reached', 'retry_after': '4 hours 41 minutes'}"
147,4YHYRv9IiZ7e2gos,1745040223231,429,Access limit reached,"{'error': 'Access limit reached', 'retry_after': '4 hours 41 minutes'}"
147,4YHYRv9IiZ7e2gos,1745039622231,429,Access limit reached,"{'error': 'Access limit reached', 'retry_after': '4 hours 41 minutes'}"
147,4YHYRv9IiZ7e2gos,1745057019231,429,Access limit reached,"{'error': 'Access limit reached', 'retry_after': '4 hours 41 minutes'}"
147,4YHYRv9IiZ7e2gos,1745016291231,429,Access limit reached,"{'error': 'Access limit reached', 'retry_after': '4 hours 41 minutes'}"
147,4YHYRv9IiZ7e2gos,1745031952231,429,Access limit reached,"{'error': 'Access limit reached', 'retry_after': '4 hours 41 minutes'}"
147,4YHYRv9IiZ7e2gos,1745020619231,429,Access limit reached,"{'error': 'Access limit reached', 'retry_after': '4 hours 41 minutes'}"
148,XxbRFGNYZnZSAQYX,1745061702231,429,Access limit reached,"{'error': 'Access limit reached', 'retry_after': '4 hours 49 minutes'}"
148,XxbRFGNYZnZSAQYX,1745014577231,429,Access limit reached,"{'error': 'Access limit reached', 'retry_after': '4 hours 49 minutes'}"
148,XxbRFGNYZnZSAQYX,1745058354231,429,Access limit reached,"{'error': 'Access limit reached', 'retry_after': '4 hours 49 minutes'}"
148,XxbRFGNYZnZSAQYX,1745069145231,429,Access limit reached,"{'error': 'Access limit reached', 'retry_after': '4 hours 49 minutes'}"
148,XxbRFGNYZnZSAQYX,1745011915231,429,Access limit reached,"{'error': 'Access limit reached', 'retry_after': '4 hours 49 minutes'}"
148,XxbRFGNYZnZSAQYX,1745060445231,429,Access limit reached,"{'error': 'Access limit reached', 'retry_after': '4 hours 49 minutes'}"
148,XxbRFGNYZnZSAQYX,1745027773231,429,Access limit reached,"{'error': 'Access limit reached', 'retry_after': '4 hours 49 minutes'}"
148,XxbRFGNYZnZSAQYX,1745030418231,429,Access limit reached,"{'error': 'Access limit reached', 'retry_after': '4 hours 49 minutes'}"
148,XxbRFGNYZnZSAQYX,1745071505231,429,Access limit reached,"{'error': 'Access limit reached', 'retry_after': '4 hours 49 minutes'}"
148,XxbRFGNYZnZSAQYX,1745015605231,429,Access limit reached,"{'error': 'Access limit reached', 'retry_after': '4 hours 49 minutes'}"
148,XxbRFGNYZnZSAQYX,1745065027231,429,Access limit reached,"{'error': 'Access limit reached', 'retry_after': '4 hours 49 minutes'}"
148,XxbRFGNYZnZSAQYX,1745010039231,429,Access limit reached,"{'error': 'Access limit reached', 'retry_after': '4 hours 49 minutes'}"
148,XxbRFGNYZnZSAQYX,1745070535231,429,Access limit reached,"{'error': 'Access limit reached', 'retry_after': '4 hours 49 minutes'}"
148,XxbRFGNYZnZSAQYX,1745056199231,429,Access limit reached,"{'error': 'Access limit reached', 'retry_after': '4 hours 49 minutes'}"
148,XxbRFGNYZnZSAQYX,1745047706231,429,Access limit reached,"{'error': 'Access limit reached', 'retry_after': '4 hours 49 minutes'}"
148,XxbRFGNYZnZSAQYX,1745011256231,429,Access limit reached,"{'error': 'Access limit reached', 'retry_after': '4 hours 49 minutes'}"
148,XxbRFGNYZnZSAQYX,1745009502231,429,Access limit reached,"{'error': 'Access limit reached', 'retry_after': '4 hours 49 minutes'}"
148,XxbRFGNYZnZSAQYX,1745052342231,429,Access limit reached,"{'error': 'Access limit reached', 'retry_after': '4 hours 49 minutes'}"
148,XxbRFGNYZnZSAQYX,1745050290231,429,Access limit reached,"{'error': 'Access limit reached', 'retry_after': '4 hours 49 minutes'}"
148,XxbRFGNYZnZSAQYX,1745037392231,429,Access limit reached,"{'error': 'Access limit reached', 'retry_after': '4 hours 49 minutes'}"
148,XxbRFGNYZnZSAQYX,1745032463231,429,Access limit reached,"{'error': 'Access limit reached', 'retry_after': '4 hours 49 minutes'}"
148,XxbRFGNYZnZSAQYX,1745064214231,429,Access limit reached,"{'error': 'Access limit reached', 'retry_after': '4 hours 49 minutes'}"
148,XxbRFGNYZnZSAQYX,1745059257231,429,Access limit reached,"{'error': 'Access limit reached', 'retry_after': '4 hours 49 minutes'}"
148,XxbRFGNYZnZSAQYX,1745020862231,429,Access limit reached,"{'error': 'Access limit reached', 'retry_after': '4 hours 49 minutes'}"
148,XxbRFGNYZnZSAQYX,1745033701231,429,Access limit reached,"{'error': 'Access limit reached', 'retry_after': '4 hours 49 minutes'}"
148,XxbRFGNYZnZSAQYX,1745043309231,429,Access limit reached,"{'error': 'Access limit reached', 'retry_after': '4 hours 49 minutes'}"
148,XxbRFGNYZnZSAQYX,1745026579231,429,Access limit reached,"{'error': 'Access limit reached', 'retry_after': '4 hours 49 minutes'}"
149,h94anv2bwU2NJJkA,1745044681231,429,Access limit reached,"{'error': 'Access limit reached', 'retry_after': '6 hours 51 minutes'}"
149,h94anv2bwU2NJJkA,1745068572231,429,Access limit reached,"{'error': 'Access limit reached', 'retry_after': '6 hours 51 minutes'}"
149,h94anv2bwU2NJJkA,1745073187231,429,Access limit reached,"{'error': 'Access limit reached', 'retry_after': '6 hours 51 minutes'}"
149,h94anv2bwU2NJJkA,1745062999231,429,Access limit reached,"{'error': 'Access limit reached', 'retry_after': '6 hours 51 minutes'}"
149,h94anv2bwU2NJJkA,1745078908231,429,Access limit reached,"{'error': 'Access limit reached', 'retry_after': '6 hours 51 minutes'}"
149,h94anv2bwU2NJJkA,1745036085231,429,Access limit reached,"{'error': 'Access limit reached', 'retry_after': '6 hours 51 minutes'}"
149,h94anv2bwU2NJJkA,1745051692231,429,Access limit reached,"{'error': 'Access limit reached', 'retry_after': '6 hours 51 minutes'}"
149,h94anv2bwU2NJJkA,1745016167231,429,Access limit reached,"{'error': 'Access limit reached', 'retry_after': '6 hours 51 minutes'}"
149,h94anv2bwU2NJJkA,1745046827231,429,Access limit reached,"{'error': 'Access limit reached', 'retry_after': '6 hours 51 minutes'}"
149,h94anv2bwU2NJJkA,1745055467231,429,Access limit reached,"{'error': 'Access limit reached', 'retry_after': '6 hours 51 minutes'}"
149,h94anv2bwU2NJJkA,1745040695231,429,Access limit reached,"{'error': 'Access limit reached', 'retry_after': '6 hours 51 minutes'}"
149,h94anv2bwU2NJJkA,1745072065231,429,Access limit reached,"{'error': 'Access limit reached', 'retry_after': '6 hours 51 minutes'}"
149,h94anv2bwU2NJJkA,1745046934231,429,Access limit reached,"{'error': 'Access limit reached', 'retry_after': '6 hours 51 minutes'}"
149,h94anv2bwU2NJJkA,1745047616231,429,Access limit reached,"{'error': 'Access limit reached', 'retry_after': '6 hours 51 minutes'}"
149,h94anv2bwU2NJJkA,1745064712231,429,Access limit reached,"{'error': 'Access limit reached', 'retry_after': '6 hours 51 minutes'}"
149,h94anv2bwU2NJJkA,1745038411231,429,Access limit reached,"{'error': 'Access limit reached', 'retry_after': '6 hours 51 minutes'}"
149,h94anv2bwU2NJJkA,1745026081231,429,Access limit reached,"{'error': 'Access limit reached', 'retry_after': '6 hours 51 minutes'}"
149,h94anv2bwU2NJJkA,1745060217231,429,Access limit reached,"{'error': 'Access limit reached', 'retry_after': '6 hours 51 minutes'}"
149,h94anv2bwU2NJJkA,1745024140231,429,Access limit reached,"{'error': 'Access limit reached', 'retry_after': '6 hours 51 minutes'}"
149,h94anv2bwU2NJJkA,1745050569231,429,Access limit reached,"{'error': 'Access limit reached', 'retry_after': '6 hours 51 minutes'}"
149,h94anv2bwU2NJJkA,1745029931231,429,Access limit reached,"{'error': 'Access limit reached', 'retry_after': '6 hours 51 minutes'}"
149,h94anv2bwU2NJJkA,1745070395231,429,Access limit reached,"{'error': 'Access limit reached', 'retry_after': '6 hours 51 minutes'}"
149,h94anv2bwU2NJJkA,1745057032231,429,Access limit reached,"{'error': 'Access limit reached', 'retry_after': '6 hours 51 minutes'}"
149,h94anv2bwU2NJJkA,1745028569231,429,Access limit reached,"{'error': 'Access limit reached', 'retry_after': '6 hours 51 minutes'}"
149,h94anv2bwU2NJJkA,1745076035231,429,Access limit reached,"{'error': 'Access limit reached', 'retry_after': '6 hours 51 minutes'}"
149,h94anv2bwU2NJJkA,1745041128231,429,Access limit reached,"{'error': 'Access limit reached', 'retry_after': '6 hours 51 minutes'}"
149,h94anv2bwU2NJJkA,1745034037231,429,Access limit reached,"{'error': 'Access limit reached', 'retry_after': '6 hours 51 minutes'}"
149,h94anv2bwU2NJJkA,1745071942231,429,Access limit reached,"{'error': 'Access limit reached', 'retry_after': '6 hours 51 minutes'}"
149,h94anv2bwU2NJJkA,1745008773231,429,Access limit reached,"{'error': 'Access limit reached', 'retry_after': '6 hours 51 minutes'}"
149,h94anv2bwU2NJJkA,1745054362231,429,Access limit reached,"{'error': 'Access limit reached', 'retry_after': '6 hours 51 minutes'}"
149,h94anv2bwU2NJJkA,1745071805231,429,Access limit reached,"{'error': 'Access limit reached', 'retry_after': '6 hours 51 minutes'}"
149,h94anv2bwU2NJJkA,1745024232231,429,Access limit reached,"{'error': 'Access limit reached', 'retry_after': '6 hours 51 minutes'}"
149,h94anv2bwU2NJJkA,1745031932231,429,Access limit reached,"{'error': 'Access limit reached', 'retry_after': '6 hours 51 minutes'}"
149,h94anv2bwU2NJJkA,1745024011231,429,Access limit reached,"{'error': 'Access limit reached', 'retry_after': '6 hours 51 minutes'}"
149,h94anv2bwU2NJJkA,1745030366231,429,Access limit reached,"{'error': 'Access limit reached', 'retry_after': '6 hours 51 minutes'}"
149,h94anv2bwU2NJJkA,1745054418231,429,Access limit reached,"{'error': 'Access limit reached', 'retry_after': '6 hours 51 minutes'}"
150,h94anv2bwU2NJJkA,1745041989231,429,Access limit reached,"{'error': 'Access limit reached', 'retry_after': '6 hours 51 minutes'}"
150,h94anv2bwU2NJJkA,1745041850231,429,Access limit reached,"{'error': 'Access limit reached', 'retry_after': '6 hours 51 minutes'}"
150,h94anv2bwU2NJJkA,1745057500231,429,Access limit reached,"{'error': 'Access limit reached', 'retry_after': '6 hours 51 minutes'}"
150,h94anv2bwU2NJJkA,1745011833231,429,Access limit reached,"{'error': 'Access limit reached', 'retry_after': '6 hours 51 minutes'}"
150,h94anv2bwU2NJJkA,1745040354231,429,Access limit reached,"{'error': 'Access limit reached', 'retry_after': '6 hours 51 minutes'}"
150,h94anv2bwU2NJJkA,1745078949231,429,Access limit reached,"{'error': 'Access limit reached', 'retry_after': '6 hours 51 minutes'}"
150,h94anv2bwU2NJJkA,1745043451231,429,Access limit reached,"{'error': 'Access limit reached', 'retry_after': '6 hours 51 minutes'}"
150,h94anv2bwU2NJJkA,1745053751231,429,Access limit reached,"{'error': 'Access limit reached', 'retry_after': '6 hours 51 minutes'}"
150,h94anv2bwU2NJJkA,1745054222231,429,Access limit reached,"{'error': 'Access limit reached', 'retry_after': '6 hours 51 minutes'}"
150,h94anv2bwU2NJJkA,1745076800231,429,Access limit reached,"{'error': 'Access limit reached', 'retry_after': '6 hours 51 minutes'}"
150,h94anv2bwU2NJJkA,1745052517231,429,Access limit reached,"{'error': 'Access limit reached', 'retry_after': '6 hours 51 minutes'}"
150,h94anv2bwU2NJJkA,1745069939231,429,Access limit reached,"{'error': 'Access limit reached', 'retry_after': '6 hours 51 minutes'}"
150,h94anv2bwU2NJJkA,1745011860231,429,Access limit reached,"{'error': 'Access limit reached', 'retry_after': '6 hours 51 minutes'}"
150,h94anv2bwU2NJJkA,1745060826231,429,Access limit reached,"{'error': 'Access limit reached', 'retry_after': '6 hours 51 minutes'}"
150,h94anv2bwU2NJJkA,1745058637231,429,Access limit reached,"{'error': 'Access limit reached', 'retry_after': '6 hours 51 minutes'}"
150,h94anv2bwU2NJJkA,1745042513231,429,Access limit reached,"{'error': 'Access limit reached', 'retry_after': '6 hours 51 minutes'}"
150,h94anv2bwU2NJJkA,1745042573231,429,Access limit reached,"{'error': 'Access limit reached', 'retry_after': '6 hours 51 minutes'}"
150,h94anv2bwU2NJJkA,1745038833231,429,Access limit reached,"{'error': 'Access limit reached', 'retry_after': '6 hours 51 minutes'}"
150,h94anv2bwU2NJJkA,1745071960231,429,Access limit reached,"{'error': 'Access limit reached', 'retry_after': '6 hours 51 minutes'}"
150,h94anv2bwU2NJJkA,1745019034231,429,Access limit reached,"{'error': 'Access limit reached', 'retry_after': '6 hours 51 minutes'}"
150,h94anv2bwU2NJJkA,1745062788231,429,Access limit reached,"{'error': 'Access limit reached', 'retry_after': '6 hours 51 minutes'}"
150,h94anv2bwU2NJJkA,1745069619231,429,Access limit reached,"{'error': 'Access limit reached', 'retry_after': '6 hours 51 minutes'}"
150,h94anv2bwU2NJJkA,1745017902231,429,Access limit reached,"{'error': 'Access limit reached', 'retry_after': '6 hours 51 minutes'}"
150,h94anv2bwU2NJJkA,1745031984231,429,Access limit reached,"{'error': 'Access limit reached', 'retry_after': '6 hours 51 minutes'}"
150,h94anv2bwU2NJJkA,1745042581231,429,Access limit reached,"{'error': 'Access limit reached', 'retry_after': '6 hours 51 minutes'}"
150,h94anv2bwU2NJJkA,1745029921231,429,Access limit reached,"{'error': 'Access limit reached', 'retry_after': '6 hours 51 minutes'}"
150,h94anv2bwU2NJJkA,1745010754231,429,Access limit reached,"{'error': 'Access limit reached', 'retry_after': '6 hours 51 minutes'}"
150,h94anv2bwU2NJJkA,1745067458231,429,Access limit reached,"{'error': 'Access limit reached', 'retry_after': '6 hours 51 minutes'}"
150,h94anv2bwU2NJJkA,1745059775231,429,Access limit reached,"{'error': 'Access limit reached', 'retry_after': '6 hours 51 minutes'}"
150,h94anv2bwU2NJJkA,1745075436231,429,Access limit reached,"{'error': 'Access limit reached', 'retry_after': '6 hours 51 minutes'}"
150,h94anv2bwU2NJJkA,1745052952231,429,Access limit reached,"{'error': 'Access limit reached', 'retry_after': '6 hours 51 minutes'}"
150,h94anv2bwU2NJJkA,1745030699231,429,Access limit reached,"{'error': 'Access limit reached', 'retry_after': '6 hours 51 minutes'}"
150,h94anv2bwU2NJJkA,1745076377231,429,Access limit reached,"{'error': 'Access limit reached', 'retry_after': '6 hours 51 minutes'}"
150,h94anv2bwU2NJJkA,1745027041231,429,Access limit reached,"{'error': 'Access limit reached', 'retry_after': '6 hours 51 minutes'}"
150,h94anv2bwU2NJJkA,1745056418231,429,Access limit reached,"{'error': 'Access limit reached', 'retry_after': '6 hours 51 minutes'}"
150,h94anv2bwU2NJJkA,1745055938231,429,Access limit reached,"{'error': 'Access limit reached', 'retry_after': '6 hours 51 minutes'}"
151,och15Vm379Xa1g1Q,1745055149231,429,Access limit reached,"{'error': 'Access limit reached', 'retry_after': '4 hours 53 minutes'}"
151,och15Vm379Xa1g1Q,1745022753231,429,Access limit reached,"{'error': 'Access limit reached', 'retry_after': '4 hours 53 minutes'}"
151,och15Vm379Xa1g1Q,1745007577231,429,Access limit reached,"{'error': 'Access limit reached', 'retry_after': '4 hours 53 minutes'}"
151,och15Vm379Xa1g1Q,1745014649231,429,Access limit reached,"{'error': 'Access limit reached', 'retry_after': '4 hours 53 minutes'}"
151,och15Vm379Xa1g1Q,1745024173231,429,Access limit reached,"{'error': 'Access limit reached', 'retry_after': '4 hours 53 minutes'}"
151,och15Vm379Xa1g1Q,1745060720231,429,Access limit reached,"{'error': 'Access limit reached', 'retry_after': '4 hours 53 minutes'}"
151,och15Vm379Xa1g1Q,1745075054231,429,Access limit reached,"{'error': 'Access limit reached', 'retry_after': '4 hours 53 minutes'}"
151,och15Vm379Xa1g1Q,1745063249231,429,Access limit reached,"{'error': 'Access limit reached', 'retry_after': '4 hours 53 minutes'}"
151,och15Vm379Xa1g1Q,1745053778231,429,Access limit reached,"{'error': 'Access limit reached', 'retry_after': '4 hours 53 minutes'}"
151,och15Vm379Xa1g1Q,1745030172231,429,Access limit reached,"{'error': 'Access limit reached', 'retry_after': '4 hours 53 minutes'}"
151,och15Vm379Xa1g1Q,1745076028231,429,Access limit reached,"{'error': 'Access limit reached', 'retry_after': '4 hours 53 minutes'}"
151,och15Vm379Xa1g1Q,1745062833231,429,Access limit reached,"{'error': 'Access limit reached', 'retry_after': '4 hours 53 minutes'}"
151,och15Vm379Xa1g1Q,1745060541231,429,Access limit reached,"{'error': 'Access limit reached', 'retry_after': '4 hours 53 minutes'}"
151,och15Vm379Xa1g1Q,1745071380231,429,Access limit reached,"{'error': 'Access limit reached', 'retry_after': '4 hours 53 minutes'}"
151,och15Vm379Xa1g1Q,1745025441231,429,Access limit reached,"{'error': 'Access limit reached', 'retry_after': '4 hours 53 minutes'}"
151,och15Vm379Xa1g1Q,1745078974231,429,Access limit reached,"{'error': 'Access limit reached', 'retry_after': '4 hours 53 minutes'}"
151,och15Vm379Xa1g1Q,1745021133231,429,Access limit reached,"{'error': 'Access limit reached', 'retry_after': '4 hours 53 minutes'}"
151,och15Vm379Xa1g1Q,1745008404231,429,Access limit reached,"{'error': 'Access limit reached', 'retry_after': '4 hours 53 minutes'}"
151,och15Vm379Xa1g1Q,1745034758231,429,Access limit reached,"{'error': 'Access limit reached', 'retry_after': '4 hours 53 minutes'}"
151,och15Vm379Xa1g1Q,1745035328231,429,Access limit reached,"{'error': 'Access limit reached', 'retry_after': '4 hours 53 minutes'}"
151,och15Vm379Xa1g1Q,1745071177231,429,Access limit reached,"{'error': 'Access limit reached', 'retry_after': '4 hours 53 minutes'}"
151,och15Vm379Xa1g1Q,1745039514231,429,Access limit reached,"{'error': 'Access limit reached', 'retry_after': '4 hours 53 minutes'}"
151,och15Vm379Xa1g1Q,1745039710231,429,Access limit reached,"{'error': 'Access limit reached', 'retry_after': '4 hours 53 minutes'}"
151,och15Vm379Xa1g1Q,1745065602231,429,Access limit reached,"{'error': 'Access limit reached', 'retry_after': '4 hours 53 minutes'}"
151,och15Vm379Xa1g1Q,1745056319231,429,Access limit reached,"{'error': 'Access limit reached', 'retry_after': '4 hours 53 minutes'}"
151,och15Vm379Xa1g1Q,1745061718231,429,Access limit reached,"{'error': 'Access limit reached', 'retry_after': '4 hours 53 minutes'}"
151,och15Vm379Xa1g1Q,1745012344231,429,Access limit reached,"{'error': 'Access limit reached', 'retry_after': '4 hours 53 minutes'}"
151,och15Vm379Xa1g1Q,1745027128231,429,Access limit reached,"{'error': 'Access limit reached', 'retry_after': '4 hours 53 minutes'}"
151,och15Vm379Xa1g1Q,1745065611231,429,Access limit reached,"{'error': 'Access limit reached', 'retry_after': '4 hours 53 minutes'}"
152,sZaWrwSAC0YhuHOq,1745044857231,429,Access limit reached,"{'error': 'Access limit reached', 'retry_after': '4 hours 58 minutes'}"
152,sZaWrwSAC0YhuHOq,1745030595231,429,Access limit reached,"{'error': 'Access limit reached', 'retry_after': '4 hours 58 minutes'}"
152,sZaWrwSAC0YhuHOq,1745070066231,429,Access limit reached,"{'error': 'Access limit reached', 'retry_after': '4 hours 58 minutes'}"
152,sZaWrwSAC0YhuHOq,1745066881231,429,Access limit reached,"{'error': 'Access limit reached', 'retry_after': '4 hours 58 minutes'}"
152,sZaWrwSAC0YhuHOq,1745024308231,429,Access limit reached,"{'error': 'Access limit reached', 'retry_after': '4 hours 58 minutes'}"
152,sZaWrwSAC0YhuHOq,1745052019231,429,Access limit reached,"{'error': 'Access limit reached', 'retry_after': '4 hours 58 minutes'}"
152,sZaWrwSAC0YhuHOq,1745045905231,429,Access limit reached,"{'error': 'Access limit reached', 'retry_after': '4 hours 58 minutes'}"
152,sZaWrwSAC0YhuHOq,1745028462231,429,Access limit reached,"{'error': 'Access limit reached', 'retry_after': '4 hours 58 minutes'}"
152,sZaWrwSAC0YhuHOq,1745054570231,429,Access limit reached,"{'error': 'Access limit reached', 'retry_after': '4 hours 58 minutes'}"
152,sZaWrwSAC0YhuHOq,1745009544231,429,Access limit reached,"{'error': 'Access limit reached', 'retry_after': '4 hours 58 minutes'}"
152,sZaWrwSAC0YhuHOq,1745047368231,429,Access limit reached,"{'error': 'Access limit reached', 'retry_after': '4 hours 58 minutes'}"
152,sZaWrwSAC0YhuHOq,1745053810231,429,Access limit reached,"{'error': 'Access limit reached', 'retry_after': '4 hours 58 minutes'}"
152,sZaWrwSAC0YhuHOq,1745064376231,429,Access limit reached,"{'error': 'Access limit reached', 'retry_after': '4 hours 58 minutes'}"
152,sZaWrwSAC0YhuHOq,1745074604231,429,Access limit reached,"{'error': 'Access limit reached', 'retry_after': '4 hours 58 minutes'}"
152,sZaWrwSAC0YhuHOq,1745055315231,429,Access limit reached,"{'error': 'Access limit reached', 'retry_after': '4 hours 58 minutes'}"
152,sZaWrwSAC0YhuHOq,1745017513231,429,Access limit reached,"{'error': 'Access limit reached', 'retry_after': '4 hours 58 minutes'}"
152,sZaWrwSAC0YhuHOq,1745040421231,429,Access limit reached,"{'error': 'Access limit reached', 'retry_after': '4 hours 58 minutes'}"
152,sZaWrwSAC0YhuHOq,1745024426231,429,Access limit reached,"{'error': 'Access limit reached', 'retry_after': '4 hours 58 minutes'}"
152,sZaWrwSAC0YhuHOq,1745062945231,429,Access limit reached,"{'error': 'Access limit reached', 'retry_after': '4 hours 58 minutes'}"
152,sZaWrwSAC0YhuHOq,1745057877231,429,Access limit reached,"{'error': 'Access limit reached', 'retry_after': '4 hours 58 minutes'}"
152,sZaWrwSAC0YhuHOq,1745016353231,429,Access limit reached,"{'error': 'Access limit reached', 'retry_after': '4 hours 58 minutes'}"
152,sZaWrwSAC0YhuHOq,1745047447231,429,Access limit reached,"{'error': 'Access limit reached', 'retry_after': '4 hours 58 minutes'}"
152,sZaWrwSAC0YhuHOq,1745062218231,429,Access limit reached,"{'error': 'Access limit reached', 'retry_after': '4 hours 58 minutes'}"
152,sZaWrwSAC0YhuHOq,1745072684231,429,Access limit reached,"{'error': 'Access limit reached', 'retry_after': '4 hours 58 minutes'}"
152,sZaWrwSAC0YhuHOq,1745067587231,429,Access limit reached,"{'error': 'Access limit reached', 'retry_after': '4 hours 58 minutes'}"
152,sZaWrwSAC0YhuHOq,1745076519231,429,Access limit reached,"{'error': 'Access limit reached', 'retry_after': '4 hours 58 minutes'}"
152,sZaWrwSAC0YhuHOq,1745016610231,429,Access limit reached,"{'error': 'Access limit reached', 'retry_after': '4 hours 58 minutes'}"
152,sZaWrwSAC0YhuHOq,1745064675231,429,Access limit reached,"{'error': 'Access limit reached', 'retry_after': '4 hours 58 minutes'}"
153,Mu2ElMy8h0J9vztp,1745047987231,429,Access limit reached,"{'error': 'Access limit reached', 'retry_after': '5 hours 3 minutes'}"
153,Mu2ElMy8h0J9vztp,1745046920231,429,Access limit reached,"{'error': 'Access limit reached', 'retry_after': '5 hours 3 minutes'}"
153,Mu2ElMy8h0J9vztp,1745011159231,429,Access limit reached,"{'error': 'Access limit reached', 'retry_after': '5 hours 3 minutes'}"
153,Mu2ElMy8h0J9vztp,1745062991231,429,Access limit reached,"{'error': 'Access limit reached', 'retry_after': '5 hours 3 minutes'}"
153,Mu2ElMy8h0J9vztp,1745021963231,429,Access limit reached,"{'error': 'Access limit reached', 'retry_after': '5 hours 3 minutes'}"
153,Mu2ElMy8h0J9vztp,1745070167231,429,Access limit reached,"{'error': 'Access limit reached', 'retry_after': '5 hours 3 minutes'}"
153,Mu2ElMy8h0J9vztp,1745025334231,429,Access limit reached,"{'error': 'Access limit reached', 'retry_after': '5 hours 3 minutes'}"
153,Mu2ElMy8h0J9vztp,1745060893231,429,Access limit reached,"{'error': 'Access limit reached', 'retry_after': '5 hours 3 minutes'}"
153,Mu2ElMy8h0J9vztp,1745009722231,429,Access limit reached,"{'error': 'Access limit reached', 'retry_after': '5 hours 3 minutes'}"
153,Mu2ElMy8h0J9vztp,1745052863231,429,Access limit reached,"{'error': 'Access limit reached', 'retry_after': '5 hours 3 minutes'}"
153,Mu2ElMy8h0J9vztp,1745022423231,429,Access limit reached,"{'error': 'Access limit reached', 'retry_after': '5 hours 3 minutes'}"
153,Mu2ElMy8h0J9vztp,1745028669231,429,Access limit reached,"{'error': 'Access limit reached', 'retry_after': '5 hours 3 minutes'}"
153,Mu2ElMy8h0J9vztp,1745059692231,429,Access limit reached,"{'error': 'Access limit reached', 'retry_after': '5 hours 3 minutes'}"
153,Mu2ElMy8h0J9vztp,1745034264231,429,Access limit reached,"{'error': 'Access limit reached', 'retry_after': '5 hours 3 minutes'}"
153,Mu2ElMy8h0J9vztp,1745043833231,429,Access limit reached,"{'error': 'Access limit reached', 'retry_after': '5 hours 3 minutes'}"
153,Mu2ElMy8h0J9vztp,1745058992231,429,Access limit reached,"{'error': 'Access limit reached', 'retry_after': '5 hours 3 minutes'}"
153,Mu2ElMy8h0J9vztp,1745033225231,429,Access limit reached,"{'error': 'Access limit reached', 'retry_after': '5 hours 3 minutes'}"
153,Mu2ElMy8h0J9vztp,1745043709231,429,Access limit reached,"{'error': 'Access limit reached', 'retry_after': '5 hours 3 minutes'}"
153,Mu2ElMy8h0J9vztp,1745028531231,429,Access limit reached,"{'error': 'Access limit reached', 'retry_after': '5 hours 3 minutes'}"
153,Mu2ElMy8h0J9vztp,1745032892231,429,Access limit reached,"{'error': 'Access limit reached', 'retry_after': '5 hours 3 minutes'}"
153,Mu2ElMy8h0J9vztp,1745026656231,429,Access limit reached,"{'error': 'Access limit reached', 'retry_after': '5 hours 3 minutes'}"
153,Mu2ElMy8h0J9vztp,1745038936231,429,Access limit reached,"{'error': 'Access limit reached', 'retry_after': '5 hours 3 minutes'}"
153,Mu2ElMy8h0J9vztp,1745019865231,429,Access limit reached,"{'error': 'Access limit reached', 'retry_after': '5 hours 3 minutes'}"
153,Mu2ElMy8h0J9vztp,1745041842231,429,Access limit reached,"{'error': 'Access limit reached', 'retry_after': '5 hours 3 minutes'}"
153,Mu2ElMy8h0J9vztp,1745064457231,429,Access limit reached,"{'error': 'Access limit reached', 'retry_after': '5 hours 3 minutes'}"
153,Mu2ElMy8h0J9vztp,1745029345231,429,Access limit reached,"{'error': 'Access limit reached', 'retry_after': '5 hours 3 minutes'}"
153,Mu2ElMy8h0J9vztp,1745059293231,429,Access limit reached,"{'error': 'Access limit reached', 'retry_after': '5 hours 3 minutes'}"
153,Mu2ElMy8h0J9vztp,1745056026231,429,Access limit reached,"{'error': 'Access limit reached', 'retry_after': '5 hours 3 minutes'}"
153,Mu2ElMy8h0J9vztp,1745022502231,429,Access limit reached,"{'error': 'Access limit reached', 'retry_after': '5 hours 3 minutes'}"
153,Mu2ElMy8h0J9vztp,1745061166231,429,Access limit reached,"{'error': 'Access limit reached', 'retry_after': '5 hours 3 minutes'}"
153,Mu2ElMy8h0J9vztp,1745020829231,429,Access limit reached,"{'error': 'Access limit reached', 'retry_after': '5 hours 3 minutes'}"
153,Mu2ElMy8h0J9vztp,1745037295231,429,Access limit reached,"{'error': 'Access limit reached', 'retry_after': '5 hours 3 minutes'}"
153,Mu2ElMy8h0J9vztp,1745014025231,429,Access limit reached,"{'error': 'Access limit reached', 'retry_after': '5 hours 3 minutes'}"
153,Mu2ElMy8h0J9vztp,1745034179231,429,Access limit reached,"{'error': 'Access limit reached', 'retry_after': '5 hours 3 minutes'}"
153,Mu2ElMy8h0J9vztp,1745037644231,429,Access limit reached,"{'error': 'Access limit reached', 'retry_after': '5 hours 3 minutes'}"
153,Mu2ElMy8h0J9vztp,1745032713231,429,Access limit reached,"{'error': 'Access limit reached', 'retry_after': '5 hours 3 minutes'}"
153,Mu2ElMy8h0J9vztp,1745064679231,429,Access limit reached,"{'error': 'Access limit reached', 'retry_after': '5 hours 3 minutes'}"
153,Mu2ElMy8h0J9vztp,1745042325231,429,Access limit reached,"{'error': 'Access limit reached', 'retry_after': '5 hours 3 minutes'}"
153,Mu2ElMy8h0J9vztp,1745031994231,429,Access limit reached,"{'error': 'Access limit reached', 'retry_after': '5 hours 3 minutes'}"
153,Mu2ElMy8h0J9vztp,1745055787231,429,Access limit reached,"{'error': 'Access limit reached', 'retry_after': '5 hours 3 minutes'}"
153,Mu2ElMy8h0J9vztp,1745068919231,429,Access limit reached,"{'error': 'Access limit reached', 'retry_after': '5 hours 3 minutes'}"
153,Mu2ElMy8h0J9vztp,1745077780231,429,Access limit reached,"{'error': 'Access limit reached', 'retry_after': '5 hours 3 minutes'}"
153,Mu2ElMy8h0J9vztp,1745016254231,429,Access limit reached,"{'error': 'Access limit reached', 'retry_after': '5 hours 3 minutes'}"
154,Mu2ElMy8h0J9vztp,1745060379231,429,Access limit reached,"{'error': 'Access limit reached', 'retry_after': '5 hours 3 minutes'}"
154,Mu2ElMy8h0J9vztp,1745062820231,429,Access limit reached,"{'error': 'Access limit reached', 'retry_after': '5 hours 3 minutes'}"
154,Mu2ElMy8h0J9vztp,1745055085231,429,Access limit reached,"{'error': 'Access limit reached', 'retry_after': '5 hours 3 minutes'}"
154,Mu2ElMy8h0J9vztp,1745050493231,429,Access limit reached,"{'error': 'Access limit reached', 'retry_after': '5 hours 3 minutes'}"
154,Mu2ElMy8h0J9vztp,1745014744231,429,Access limit reached,"{'error': 'Access limit reached', 'retry_after': '5 hours 3 minutes'}"
154,Mu2ElMy8h0J9vztp,1745065276231,429,Access limit reached,"{'error': 'Access limit reached', 'retry_after': '5 hours 3 minutes'}"
154,Mu2ElMy8h0J9vztp,1745043408231,429,Access limit reached,"{'error': 'Access limit reached', 'retry_after': '5 hours 3 minutes'}"
154,Mu2ElMy8h0J9vztp,1745049463231,429,Access limit reached,"{'error': 'Access limit reached', 'retry_after': '5 hours 3 minutes'}"
154,Mu2ElMy8h0J9vztp,1745024711231,429,Access limit reached,"{'error': 'Access limit reached', 'retry_after': '5 hours 3 minutes'}"
154,Mu2ElMy8h0J9vztp,1745061732231,429,Access limit reached,"{'error': 'Access limit reached', 'retry_after': '5 hours 3 minutes'}"
154,Mu2ElMy8h0J9vztp,1745035685231,429,Access limit reached,"{'error': 'Access limit reached', 'retry_after': '5 hours 3 minutes'}"
154,Mu2ElMy8h0J9vztp,1745021007231,429,Access limit reached,"{'error': 'Access limit reached', 'retry_after': '5 hours 3 minutes'}"
154,Mu2ElMy8h0J9vztp,1745075996231,429,Access limit reached,"{'error': 'Access limit reached', 'retry_after': '5 hours 3 minutes'}"
154,Mu2ElMy8h0J9vztp,1745066136231,429,Access limit reached,"{'error': 'Access limit reached', 'retry_after': '5 hours 3 minutes'}"
154,Mu2ElMy8h0J9vztp,1745044261231,429,Access limit reached,"{'error': 'Access limit reached', 'retry_after': '5 hours 3 minutes'}"
154,Mu2ElMy8h0J9vztp,1745056432231,429,Access limit reached,"{'error': 'Access limit reached', 'retry_after': '5 hours 3 minutes'}"
154,Mu2ElMy8h0J9vztp,1745054811231,429,Access limit reached,"{'error': 'Access limit reached', 'retry_after': '5 hours 3 minutes'}"
154,Mu2ElMy8h0J9vztp,1745046219231,429,Access limit reached,"{'error': 'Access limit reached', 'retry_after': '5 hours 3 minutes'}"
154,Mu2ElMy8h0J9vztp,1745033892231,429,Access limit reached,"{'error': 'Access limit reached', 'retry_after': '5 hours 3 minutes'}"
154,Mu2ElMy8h0J9vztp,1745040058231,429,Access limit reached,"{'error': 'Access limit reached', 'retry_after': '5 hours 3 minutes'}"
154,Mu2ElMy8h0J9vztp,1745050020231,429,Access limit reached,"{'error': 'Access limit reached', 'retry_after': '5 hours 3 minutes'}"
154,Mu2ElMy8h0J9vztp,1745047010231,429,Access limit reached,"{'error': 'Access limit reached', 'retry_after': '5 hours 3 minutes'}"
154,Mu2ElMy8h0J9vztp,1745042075231,429,Access limit reached,"{'error': 'Access limit reached', 'retry_after': '5 hours 3 minutes'}"
154,Mu2ElMy8h0J9vztp,1745024597231,429,Access limit reached,"{'error': 'Access limit reached', 'retry_after': '5 hours 3 minutes'}"
154,Mu2ElMy8h0J9vztp,1745043848231,429,Access limit reached,"{'error': 'Access limit reached', 'retry_after': '5 hours 3 minutes'}"
154,Mu2ElMy8h0J9vztp,1745061568231,429,Access limit reached,"{'error': 'Access limit reached', 'retry_after': '5 hours 3 minutes'}"
154,Mu2ElMy8h0J9vztp,1745064556231,429,Access limit reached,"{'error': 'Access limit reached', 'retry_after': '5 hours 3 minutes'}"
154,Mu2ElMy8h0J9vztp,1745016620231,429,Access limit reached,"{'error': 'Access limit reached', 'retry_after': '5 hours 3 minutes'}"
154,Mu2ElMy8h0J9vztp,1745011080231,429,Access limit reached,"{'error': 'Access limit reached', 'retry_after': '5 hours 3 minutes'}"
154,Mu2ElMy8h0J9vztp,1745014951231,429,Access limit reached,"{'error': 'Access limit reached', 'retry_after': '5 hours 3 minutes'}"
154,Mu2ElMy8h0J9vztp,1745073475231,429,Access limit reached,"{'error': 'Access limit reached', 'retry_after': '5 hours 3 minutes'}"
154,Mu2ElMy8h0J9vztp,1745059692231,429,Access limit reached,"{'error': 'Access limit reached', 'retry_after': '5 hours 3 minutes'}"
154,Mu2ElMy8h0J9vztp,1745008485231,429,Access limit reached,"{'error': 'Access limit reached', 'retry_after': '5 hours 3 minutes'}"
155,4YHYRv9IiZ7e2gos,1745068867231,429,Access limit reached,"{'error': 'Access limit reached', 'retry_after': '4 hours 41 minutes'}"
155,4YHYRv9IiZ7e2gos,1745032132231,429,Access limit reached,"{'error': 'Access limit reached', 'retry_after': '4 hours 41 minutes'}"
155,4YHYRv9IiZ7e2gos,1745022376231,429,Access limit reached,"{'error': 'Access limit reached', 'retry_after': '4 hours 41 minutes'}"
155,4YHYRv9IiZ7e2gos,1745062416231,429,Access limit reached,"{'error': 'Access limit reached', 'retry_after': '4 hours 41 minutes'}"
155,4YHYRv9IiZ7e2gos,1745062638231,429,Access limit reached,"{'error': 'Access limit reached', 'retry_after': '4 hours 41 minutes'}"
155,4YHYRv9IiZ7e2gos,1745060700231,429,Access limit reached,"{'error': 'Access limit reached', 'retry_after': '4 hours 41 minutes'}"
155,4YHYRv9IiZ7e2gos,1745072601231,429,Access limit reached,"{'error': 'Access limit reached', 'retry_after': '4 hours 41 minutes'}"
155,4YHYRv9IiZ7e2gos,1745015813231,429,Access limit reached,"{'error': 'Access limit reached', 'retry_after': '4 hours 41 minutes'}"
155,4YHYRv9IiZ7e2gos,1745031782231,429,Access limit reached,"{'error': 'Access limit reached', 'retry_after': '4 hours 41 minutes'}"
155,4YHYRv9IiZ7e2gos,1745040701231,429,Access limit reached,"{'error': 'Access limit reached', 'retry_after': '4 hours 41 minutes'}"
155,4YHYRv9IiZ7e2gos,1745031770231,429,Access limit reached,"{'error': 'Access limit reached', 'retry_after': '4 hours 41 minutes'}"
155,4YHYRv9IiZ7e2gos,1745041754231,429,Access limit reached,"{'error': 'Access limit reached', 'retry_after': '4 hours 41 minutes'}"
155,4YHYRv9IiZ7e2gos,1745061963231,429,Access limit reached,"{'error': 'Access limit reached', 'retry_after': '4 hours 41 minutes'}"
155,4YHYRv9IiZ7e2gos,1745041879231,429,Access limit reached,"{'error': 'Access limit reached', 'retry_after': '4 hours 41 minutes'}"
155,4YHYRv9IiZ7e2gos,1745033525231,429,Access limit reached,"{'error': 'Access limit reached', 'retry_after': '4 hours 41 minutes'}"
155,4YHYRv9IiZ7e2gos,1745077520231,429,Access limit reached,"{'error': 'Access limit reached', 'retry_after': '4 hours 41 minutes'}"
155,4YHYRv9IiZ7e2gos,1745011635231,429,Access limit reached,"{'error': 'Access limit reached', 'retry_after': '4 hours 41 minutes'}"
155,4YHYRv9IiZ7e2gos,1745031982231,429,Access limit reached,"{'error': 'Access limit reached', 'retry_after': '4 hours 41 minutes'}"
155,4YHYRv9IiZ7e2gos,1745047800231,429,Access limit reached,"{'error': 'Access limit reached', 'retry_after': '4 hours 41 minutes'}"
155,4YHYRv9IiZ7e2gos,1745057573231,429,Access limit reached,"{'error': 'Access limit reached', 'retry_after': '4 hours 41 minutes'}"
155,4YHYRv9IiZ7e2gos,1745046942231,429,Access limit reached,"{'error': 'Access limit reached', 'retry_after': '4 hours 41 minutes'}"
155,4YHYRv9IiZ7e2gos,1745020894231,429,Access limit reached,"{'error': 'Access limit reached', 'retry_after': '4 hours 41 minutes'}"
155,4YHYRv9IiZ7e2gos,1745066315231,429,Access limit reached,"{'error': 'Access limit reached', 'retry_after': '4 hours 41 minutes'}"
155,4YHYRv9IiZ7e2gos,1745049250231,429,Access limit reached,"{'error': 'Access limit reached', 'retry_after': '4 hours 41 minutes'}"
155,4YHYRv9IiZ7e2gos,1745065881231,429,Access limit reached,"{'error': 'Access limit reached', 'retry_after': '4 hours 41 minutes'}"
156,sZaWrwSAC0YhuHOq,1745039826231,429,Access limit reached,"{'error': 'Access limit reached', 'retry_after': '4 hours 58 minutes'}"
156,sZaWrwSAC0YhuHOq,1745038493231,429,Access limit reached,"{'error': 'Access limit reached', 'retry_after': '4 hours 58 minutes'}"
156,sZaWrwSAC0YhuHOq,1745015106231,429,Access limit reached,"{'error': 'Access limit reached', 'retry_after': '4 hours 58 minutes'}"
156,sZaWrwSAC0YhuHOq,1745063492231,429,Access limit reached,"{'error': 'Access limit reached', 'retry_after': '4 hours 58 minutes'}"
156,sZaWrwSAC0YhuHOq,1745066331231,429,Access limit reached,"{'error': 'Access limit reached', 'retry_after': '4 hours 58 minutes'}"
156,sZaWrwSAC0YhuHOq,1745066789231,429,Access limit reached,"{'error': 'Access limit reached', 'retry_after': '4 hours 58 minutes'}"
156,sZaWrwSAC0YhuHOq,1745010168231,429,Access limit reached,"{'error': 'Access limit reached', 'retry_after': '4 hours 58 minutes'}"
156,sZaWrwSAC0YhuHOq,1745065437231,429,Access limit reached,"{'error': 'Access limit reached', 'retry_after': '4 hours 58 minutes'}"
156,sZaWrwSAC0YhuHOq,1745063539231,429,Access limit reached,"{'error': 'Access limit reached', 'retry_after': '4 hours 58 minutes'}"
156,sZaWrwSAC0YhuHOq,1745016595231,429,Access limit reached,"{'error': 'Access limit reached', 'retry_after': '4 hours 58 minutes'}"
156,sZaWrwSAC0YhuHOq,1745011977231,429,Access limit reached,"{'error': 'Access limit reached', 'retry_after': '4 hours 58 minutes'}"
156,sZaWrwSAC0YhuHOq,1745009101231,429,Access limit reached,"{'error': 'Access limit reached', 'retry_after': '4 hours 58 minutes'}"
156,sZaWrwSAC0YhuHOq,1745014349231,429,Access limit reached,"{'error': 'Access limit reached', 'retry_after': '4 hours 58 minutes'}"
156,sZaWrwSAC0YhuHOq,1745050758231,429,Access limit reached,"{'error': 'Access limit reached', 'retry_after': '4 hours 58 minutes'}"
156,sZaWrwSAC0YhuHOq,1745032813231,429,Access limit reached,"{'error': 'Access limit reached', 'retry_after': '4 hours 58 minutes'}"
156,sZaWrwSAC0YhuHOq,1745053891231,429,Access limit reached,"{'error': 'Access limit reached', 'retry_after': '4 hours 58 minutes'}"
156,sZaWrwSAC0YhuHOq,1745020487231,429,Access limit reached,"{'error': 'Access limit reached', 'retry_after': '4 hours 58 minutes'}"
156,sZaWrwSAC0YhuHOq,1745014737231,429,Access limit reached,"{'error': 'Access limit reached', 'retry_after': '4 hours 58 minutes'}"
156,sZaWrwSAC0YhuHOq,1745051784231,429,Access limit reached,"{'error': 'Access limit reached', 'retry_after': '4 hours 58 minutes'}"
156,sZaWrwSAC0YhuHOq,1745066639231,429,Access limit reached,"{'error': 'Access limit reached', 'retry_after': '4 hours 58 minutes'}"
156,sZaWrwSAC0YhuHOq,1745007764231,429,Access limit reached,"{'error': 'Access limit reached', 'retry_after': '4 hours 58 minutes'}"
156,sZaWrwSAC0YhuHOq,1745042066231,429,Access limit reached,"{'error': 'Access limit reached', 'retry_after': '4 hours 58 minutes'}"
156,sZaWrwSAC0YhuHOq,1745026289231,429,Access limit reached,"{'error': 'Access limit reached', 'retry_after': '4 hours 58 minutes'}"
156,sZaWrwSAC0YhuHOq,1745018806231,429,Access limit reached,"{'error': 'Access limit reached', 'retry_after': '4 hours 58 minutes'}"
156,sZaWrwSAC0YhuHOq,1745056400231,429,Access limit reached,"{'error': 'Access limit reached', 'retry_after': '4 hours 58 minutes'}"
156,sZaWrwSAC0YhuHOq,1745014802231,429,Access limit reached,"{'error': 'Access limit reached', 'retry_after': '4 hours 58 minutes'}"
156,sZaWrwSAC0YhuHOq,1745025239231,429,Access limit reached,"{'error': 'Access limit reached', 'retry_after': '4 hours 58 minutes'}"
156,sZaWrwSAC0YhuHOq,1745052941231,429,Access limit reached,"{'error': 'Access limit reached', 'retry_after': '4 hours 58 minutes'}"
156,sZaWrwSAC0YhuHOq,1745039876231,429,Access limit reached,"{'error': 'Access limit reached', 'retry_after': '4 hours 58 minutes'}"
156,sZaWrwSAC0YhuHOq,1745042366231,429,Access limit reached,"{'error': 'Access limit reached', 'retry_after': '4 hours 58 minutes'}"
156,sZaWrwSAC0YhuHOq,1745053643231,429,Access limit reached,"{'error': 'Access limit reached', 'retry_after': '4 hours 58 minutes'}"
156,sZaWrwSAC0YhuHOq,1745044400231,429,Access limit reached,"{'error': 'Access limit reached', 'retry_after': '4 hours 58 minutes'}"
157,IzFNSTGy3eHVyDTQ,1745015904231,429,Access limit reached,"{'error': 'Access limit reached', 'retry_after': '4 hours 43 minutes'}"
157,IzFNSTGy3eHVyDTQ,1745061269231,429,Access limit reached,"{'error': 'Access limit reached', 'retry_after': '4 hours 43 minutes'}"
157,IzFNSTGy3eHVyDTQ,1745053879231,429,Access limit reached,"{'error': 'Access limit reached', 'retry_after': '4 hours 43 minutes'}"
157,IzFNSTGy3eHVyDTQ,1745017504231,429,Access limit reached,"{'error': 'Access limit reached', 'retry_after': '4 hours 43 minutes'}"
157,IzFNSTGy3eHVyDTQ,1745061154231,429,Access limit reached,"{'error': 'Access limit reached', 'retry_after': '4 hours 43 minutes'}"
157,IzFNSTGy3eHVyDTQ,1745033536231,429,Access limit reached,"{'error': 'Access limit reached', 'retry_after': '4 hours 43 minutes'}"
157,IzFNSTGy3eHVyDTQ,1745036948231,429,Access limit reached,"{'error': 'Access limit reached', 'retry_after': '4 hours 43 minutes'}"
157,IzFNSTGy3eHVyDTQ,1745058083231,429,Access limit reached,"{'error': 'Access limit reached', 'retry_after': '4 hours 43 minutes'}"
157,IzFNSTGy3eHVyDTQ,1745011326231,429,Access limit reached,"{'error': 'Access limit reached', 'retry_after': '4 hours 43 minutes'}"
157,IzFNSTGy3eHVyDTQ,1745027484231,429,Access limit reached,"{'error': 'Access limit reached', 'retry_after': '4 hours 43 minutes'}"
157,IzFNSTGy3eHVyDTQ,1745036417231,429,Access limit reached,"{'error': 'Access limit reached', 'retry_after': '4 hours 43 minutes'}"
157,IzFNSTGy3eHVyDTQ,1745054432231,429,Access limit reached,"{'error': 'Access limit reached', 'retry_after': '4 hours 43 minutes'}"
157,IzFNSTGy3eHVyDTQ,1745024136231,429,Access limit reached,"{'error': 'Access limit reached', 'retry_after': '4 hours 43 minutes'}"
157,IzFNSTGy3eHVyDTQ,1745020582231,429,Access limit reached,"{'error': 'Access limit reached', 'retry_after': '4 hours 43 minutes'}"
157,IzFNSTGy3eHVyDTQ,1745008778231,429,Access limit reached,"{'error': 'Access limit reached', 'retry_after': '4 hours 43 minutes'}"
157,IzFNSTGy3eHVyDTQ,1745036639231,429,Access limit reached,"{'error': 'Access limit reached', 'retry_after': '4 hours 43 minutes'}"
157,IzFNSTGy3eHVyDTQ,1745069369231,429,Access limit reached,"{'error': 'Access limit reached', 'retry_after': '4 hours 43 minutes'}"
157,IzFNSTGy3eHVyDTQ,1745065548231,429,Access limit reached,"{'error': 'Access limit reached', 'retry_after': '4 hours 43 minutes'}"
157,IzFNSTGy3eHVyDTQ,1745058641231,429,Access limit reached,"{'error': 'Access limit reached', 'retry_after': '4 hours 43 minutes'}"
157,IzFNSTGy3eHVyDTQ,1745044108231,429,Access limit reached,"{'error': 'Access limit reached', 'retry_after': '4 hours 43 minutes'}"
157,IzFNSTGy3eHVyDTQ,1745010307231,429,Access limit reached,"{'error': 'Access limit reached', 'retry_after': '4 hours 43 minutes'}"
157,IzFNSTGy3eHVyDTQ,1745014938231,429,Access limit reached,"{'error': 'Access limit reached', 'retry_after': '4 hours 43 minutes'}"
157,IzFNSTGy3eHVyDTQ,1745077676231,429,Access limit reached,"{'error': 'Access limit reached', 'retry_after': '4 hours 43 minutes'}"
157,IzFNSTGy3eHVyDTQ,1745027748231,429,Access limit reached,"{'error': 'Access limit reached', 'retry_after': '4 hours 43 minutes'}"
157,IzFNSTGy3eHVyDTQ,1745032031231,429,Access limit reached,"{'error': 'Access limit reached', 'retry_after': '4 hours 43 minutes'}"
157,IzFNSTGy3eHVyDTQ,1745011997231,429,Access limit reached,"{'error': 'Access limit reached', 'retry_after': '4 hours 43 minutes'}"
157,IzFNSTGy3eHVyDTQ,1745017943231,429,Access limit reached,"{'error': 'Access limit reached', 'retry_after': '4 hours 43 minutes'}"
157,IzFNSTGy3eHVyDTQ,1745012693231,429,Access limit reached,"{'error': 'Access limit reached', 'retry_after': '4 hours 43 minutes'}"
157,IzFNSTGy3eHVyDTQ,1745050312231,429,Access limit reached,"{'error': 'Access limit reached', 'retry_after': '4 hours 43 minutes'}"
157,IzFNSTGy3eHVyDTQ,1745074276231,429,Access limit reached,"{'error': 'Access limit reached', 'retry_after': '4 hours 43 minutes'}"
157,IzFNSTGy3eHVyDTQ,1745029833231,429,Access limit reached,"{'error': 'Access limit reached', 'retry_after': '4 hours 43 minutes'}"
157,IzFNSTGy3eHVyDTQ,1745059729231,429,Access limit reached,"{'error': 'Access limit reached', 'retry_after': '4 hours 43 minutes'}"
157,IzFNSTGy3eHVyDTQ,1745051407231,429,Access limit reached,"{'error': 'Access limit reached', 'retry_after': '4 hours 43 minutes'}"
157,IzFNSTGy3eHVyDTQ,1745059639231,429,Access limit reached,"{'error': 'Access limit reached', 'retry_after': '4 hours 43 minutes'}"
157,IzFNSTGy3eHVyDTQ,1745077936231,429,Access limit reached,"{'error': 'Access limit reached', 'retry_after': '4 hours 43 minutes'}"
157,IzFNSTGy3eHVyDTQ,1745049603231,429,Access limit reached,"{'error': 'Access limit reached', 'retry_after': '4 hours 43 minutes'}"
157,IzFNSTGy3eHVyDTQ,1745065068231,429,Access limit reached,"{'error': 'Access limit reached', 'retry_after': '4 hours 43 minutes'}"
158,och15Vm379Xa1g1Q,1745027438231,429,Access limit reached,"{'error': 'Access limit reached', 'retry_after': '4 hours 53 minutes'}"
158,och15Vm379Xa1g1Q,1745067131231,429,Access limit reached,"{'error': 'Access limit reached', 'retry_after': '4 hours 53 minutes'}"
158,och15Vm379Xa1g1Q,1745016696231,429,Access limit reached,"{'error': 'Access limit reached', 'retry_after': '4 hours 53 minutes'}"
158,och15Vm379Xa1g1Q,1745056155231,429,Access limit reached,"{'error': 'Access limit reached', 'retry_after': '4 hours 53 minutes'}"
158,och15Vm379Xa1g1Q,1745048020231,429,Access limit reached,"{'error': 'Access limit reached', 'retry_after': '4 hours 53 minutes'}"
158,och15Vm379Xa1g1Q,1745035698231,429,Access limit reached,"{'error': 'Access limit reached', 'retry_after': '4 hours 53 minutes'}"
158,och15Vm379Xa1g1Q,1745067348231,429,Access limit reached,"{'error': 'Access limit reached', 'retry_after': '4 hours 53 minutes'}"
158,och15Vm379Xa1g1Q,1745014556231,429,Access limit reached,"{'error': 'Access limit reached', 'retry_after': '4 hours 53 minutes'}"
158,och15Vm379Xa1g1Q,1745019366231,429,Access limit reached,"{'error': 'Access limit reached', 'retry_after': '4 hours 53 minutes'}"
158,och15Vm379Xa1g1Q,1745052477231,429,Access limit reached,"{'error': 'Access limit reached', 'retry_after': '4 hours 53 minutes'}"
158,och15Vm379Xa1g1Q,1745061895231,429,Access limit reached,"{'error': 'Access limit reached', 'retry_after': '4 hours 53 minutes'}"
158,och15Vm379Xa1g1Q,1745039772231,429,Access limit reached,"{'error': 'Access limit reached', 'retry_after': '4 hours 53 minutes'}"
158,och15Vm379Xa1g1Q,1745010691231,429,Access limit reached,"{'error': 'Access limit reached', 'retry_after': '4 hours 53 minutes'}"
158,och15Vm379Xa1g1Q,1745045214231,429,Access limit reached,"{'error': 'Access limit reached', 'retry_after': '4 hours 53 minutes'}"
158,och15Vm379Xa1g1Q,1745052045231,429,Access limit reached,"{'error': 'Access limit reached', 'retry_after': '4 hours 53 minutes'}"
158,och15Vm379Xa1g1Q,1745055160231,429,Access limit reached,"{'error': 'Access limit reached', 'retry_after': '4 hours 53 minutes'}"
158,och15Vm379Xa1g1Q,1745012589231,429,Access limit reached,"{'error': 'Access limit reached', 'retry_after': '4 hours 53 minutes'}"
158,och15Vm379Xa1g1Q,1745027944231,429,Access limit reached,"{'error': 'Access limit reached', 'retry_after': '4 hours 53 minutes'}"
158,och15Vm379Xa1g1Q,1745064896231,429,Access limit reached,"{'error': 'Access limit reached', 'retry_after': '4 hours 53 minutes'}"
158,och15Vm379Xa1g1Q,1745043572231,429,Access limit reached,"{'error': 'Access limit reached', 'retry_after': '4 hours 53 minutes'}"
158,och15Vm379Xa1g1Q,1745025953231,429,Access limit reached,"{'error': 'Access limit reached', 'retry_after': '4 hours 53 minutes'}"
158,och15Vm379Xa1g1Q,1745021885231,429,Access limit reached,"{'error': 'Access limit reached', 'retry_after': '4 hours 53 minutes'}"
158,och15Vm379Xa1g1Q,1745035263231,429,Access limit reached,"{'error': 'Access limit reached', 'retry_after': '4 hours 53 minutes'}"
158,och15Vm379Xa1g1Q,1745078098231,429,Access limit reached,"{'error': 'Access limit reached', 'retry_after': '4 hours 53 minutes'}"
158,och15Vm379Xa1g1Q,1745078959231,429,Access limit reached,"{'error': 'Access limit reached', 'retry_after': '4 hours 53 minutes'}"
158,och15Vm379Xa1g1Q,1745054344231,429,Access limit reached,"{'error': 'Access limit reached', 'retry_after': '4 hours 53 minutes'}"
158,och15Vm379Xa1g1Q,1745030466231,429,Access limit reached,"{'error': 'Access limit reached', 'retry_after': '4 hours 53 minutes'}"
158,och15Vm379Xa1g1Q,1745067164231,429,Access limit reached,"{'error': 'Access limit reached', 'retry_after': '4 hours 53 minutes'}"
158,och15Vm379Xa1g1Q,1745022245231,429,Access limit reached,"{'error': 'Access limit reached', 'retry_after': '4 hours 53 minutes'}"
158,och15Vm379Xa1g1Q,1745067077231,429,Access limit reached,"{'error': 'Access limit reached', 'retry_after': '4 hours 53 minutes'}"
158,och15Vm379Xa1g1Q,1745045140231,429,Access limit reached,"{'error': 'Access limit reached', 'retry_after': '4 hours 53 minutes'}"
158,och15Vm379Xa1g1Q,1745037113231,429,Access limit reached,"{'error': 'Access limit reached', 'retry_after': '4 hours 53 minutes'}"
158,och15Vm379Xa1g1Q,1745057601231,429,Access limit reached,"{'error': 'Access limit reached', 'retry_after': '4 hours 53 minutes'}"
159,U3gq6cIPD3Hy2aYQ,1745078095231,429,Access limit reached,"{'error': 'Access limit reached', 'retry_after': '6 hours 4 minutes'}"
159,U3gq6cIPD3Hy2aYQ,1745029798231,429,Access limit reached,"{'error': 'Access limit reached', 'retry_after': '6 hours 4 minutes'}"
159,U3gq6cIPD3Hy2aYQ,1745010296231,429,Access limit reached,"{'error': 'Access limit reached', 'retry_after': '6 hours 4 minutes'}"
159,U3gq6cIPD3Hy2aYQ,1745053623231,429,Access limit reached,"{'error': 'Access limit reached', 'retry_after': '6 hours 4 minutes'}"
159,U3gq6cIPD3Hy2aYQ,1745040628231,429,Access limit reached,"{'error': 'Access limit reached', 'retry_after': '6 hours 4 minutes'}"
159,U3gq6cIPD3Hy2aYQ,1745074552231,429,Access limit reached,"{'error': 'Access limit reached', 'retry_after': '6 hours 4 minutes'}"
159,U3gq6cIPD3Hy2aYQ,1745020156231,429,Access limit reached,"{'error': 'Access limit reached', 'retry_after': '6 hours 4 minutes'}"
159,U3gq6cIPD3Hy2aYQ,1745038024231,429,Access limit reached,"{'error': 'Access limit reached', 'retry_after': '6 hours 4 minutes'}"
159,U3gq6cIPD3Hy2aYQ,1745009560231,429,Access limit reached,"{'error': 'Access limit reached', 'retry_after': '6 hours 4 minutes'}"
159,U3gq6cIPD3Hy2aYQ,1745024303231,429,Access limit reached,"{'error': 'Access limit reached', 'retry_after': '6 hours 4 minutes'}"
159,U3gq6cIPD3Hy2aYQ,1745078953231,429,Access limit reached,"{'error': 'Access limit reached', 'retry_after': '6 hours 4 minutes'}"
159,U3gq6cIPD3Hy2aYQ,1745043158231,429,Access limit reached,"{'error': 'Access limit reached', 'retry_after': '6 hours 4 minutes'}"
159,U3gq6cIPD3Hy2aYQ,1745019530231,429,Access limit reached,"{'error': 'Access limit reached', 'retry_after': '6 hours 4 minutes'}"
159,U3gq6cIPD3Hy2aYQ,1745060502231,429,Access limit reached,"{'error': 'Access limit reached', 'retry_after': '6 hours 4 minutes'}"
159,U3gq6cIPD3Hy2aYQ,1745046092231,429,Access limit reached,"{'error': 'Access limit reached', 'retry_after': '6 hours 4 minutes'}"
159,U3gq6cIPD3Hy2aYQ,1745014481231,429,Access limit reached,"{'error': 'Access limit reached', 'retry_after': '6 hours 4 minutes'}"
159,U3gq6cIPD3Hy2aYQ,1745046754231,429,Access limit reached,"{'error': 'Access limit reached', 'retry_after': '6 hours 4 minutes'}"
159,U3gq6cIPD3Hy2aYQ,1745031201231,429,Access limit reached,"{'error': 'Access limit reached', 'retry_after': '6 hours 4 minutes'}"
159,U3gq6cIPD3Hy2aYQ,1745063954231,429,Access limit reached,"{'error': 'Access limit reached', 'retry_after': '6 hours 4 minutes'}"
159,U3gq6cIPD3Hy2aYQ,1745009433231,429,Access limit reached,"{'error': 'Access limit reached', 'retry_after': '6 hours 4 minutes'}"
159,U3gq6cIPD3Hy2aYQ,1745060628231,429,Access limit reached,"{'error': 'Access limit reached', 'retry_after': '6 hours 4 minutes'}"
159,U3gq6cIPD3Hy2aYQ,1745009210231,429,Access limit reached,"{'error': 'Access limit reached', 'retry_after': '6 hours 4 minutes'}"
159,U3gq6cIPD3Hy2aYQ,1745068268231,429,Access limit reached,"{'error': 'Access limit reached', 'retry_after': '6 hours 4 minutes'}"
159,U3gq6cIPD3Hy2aYQ,1745033366231,429,Access limit reached,"{'error': 'Access limit reached', 'retry_after': '6 hours 4 minutes'}"
159,U3gq6cIPD3Hy2aYQ,1745038762231,429,Access limit reached,"{'error': 'Access limit reached', 'retry_after': '6 hours 4 minutes'}"
160,Mu2ElMy8h0J9vztp,1745077652231,429,Access limit reached,"{'error': 'Access limit reached', 'retry_after': '5 hours 3 minutes'}"
160,Mu2ElMy8h0J9vztp,1745007874231,429,Access limit reached,"{'error': 'Access limit reached', 'retry_after': '5 hours 3 minutes'}"
160,Mu2ElMy8h0J9vztp,1745021995231,429,Access limit reached,"{'error': 'Access limit reached', 'retry_after': '5 hours 3 minutes'}"
160,Mu2ElMy8h0J9vztp,1745014548231,429,Access limit reached,"{'error': 'Access limit reached', 'retry_after': '5 hours 3 minutes'}"
160,Mu2ElMy8h0J9vztp,1745048190231,429,Access limit reached,"{'error': 'Access limit reached', 'retry_after': '5 hours 3 minutes'}"
160,Mu2ElMy8h0J9vztp,1745007903231,429,Access limit reached,"{'error': 'Access limit reached', 'retry_after': '5 hours 3 minutes'}"
160,Mu2ElMy8h0J9vztp,1745044417231,429,Access limit reached,"{'error': 'Access limit reached', 'retry_after': '5 hours 3 minutes'}"
160,Mu2ElMy8h0J9vztp,1745077300231,429,Access limit reached,"{'error': 'Access limit reached', 'retry_after': '5 hours 3 minutes'}"
160,Mu2ElMy8h0J9vztp,1745016703231,429,Access limit reached,"{'error': 'Access limit reached', 'retry_after': '5 hours 3 minutes'}"
160,Mu2ElMy8h0J9vztp,1745067343231,429,Access limit reached,"{'error': 'Access limit reached', 'retry_after': '5 hours 3 minutes'}"
160,Mu2ElMy8h0J9vztp,1745025498231,429,Access limit reached,"{'error': 'Access limit reached', 'retry_after': '5 hours 3 minutes'}"
160,Mu2ElMy8h0J9vztp,1745020886231,429,Access limit reached,"{'error': 'Access limit reached', 'retry_after': '5 hours 3 minutes'}"
160,Mu2ElMy8h0J9vztp,1745073995231,429,Access limit reached,"{'error': 'Access limit reached', 'retry_after': '5 hours 3 minutes'}"
160,Mu2ElMy8h0J9vztp,1745060806231,429,Access limit reached,"{'error': 'Access limit reached', 'retry_after': '5 hours 3 minutes'}"
160,Mu2ElMy8h0J9vztp,1745037704231,429,Access limit reached,"{'error': 'Access limit reached', 'retry_after': '5 hours 3 minutes'}"
160,Mu2ElMy8h0J9vztp,1745065583231,429,Access limit reached,"{'error': 'Access limit reached', 'retry_after': '5 hours 3 minutes'}"
160,Mu2ElMy8h0J9vztp,1745045311231,429,Access limit reached,"{'error': 'Access limit reached', 'retry_after': '5 hours 3 minutes'}"
160,Mu2ElMy8h0J9vztp,1745030643231,429,Access limit reached,"{'error': 'Access limit reached', 'retry_after': '5 hours 3 minutes'}"
160,Mu2ElMy8h0J9vztp,1745075878231,429,Access limit reached,"{'error': 'Access limit reached', 'retry_after': '5 hours 3 minutes'}"
160,Mu2ElMy8h0J9vztp,1745064537231,429,Access limit reached,"{'error': 'Access limit reached', 'retry_after': '5 hours 3 minutes'}"
160,Mu2ElMy8h0J9vztp,1745018937231,429,Access limit reached,"{'error': 'Access limit reached', 'retry_after': '5 hours 3 minutes'}"
160,Mu2ElMy8h0J9vztp,1745040403231,429,Access limit reached,"{'error': 'Access limit reached', 'retry_after': '5 hours 3 minutes'}"
160,Mu2ElMy8h0J9vztp,1745040872231,429,Access limit reached,"{'error': 'Access limit reached', 'retry_after': '5 hours 3 minutes'}"
160,Mu2ElMy8h0J9vztp,1745077190231,429,Access limit reached,"{'error': 'Access limit reached', 'retry_after': '5 hours 3 minutes'}"
160,Mu2ElMy8h0J9vztp,1745012655231,429,Access limit reached,"{'error': 'Access limit reached', 'retry_after': '5 hours 3 minutes'}"
160,Mu2ElMy8h0J9vztp,1745017738231,429,Access limit reached,"{'error': 'Access limit reached', 'retry_after': '5 hours 3 minutes'}"
160,Mu2ElMy8h0J9vztp,1745073813231,429,Access limit reached,"{'error': 'Access limit reached', 'retry_after': '5 hours 3 minutes'}"
160,Mu2ElMy8h0J9vztp,1745017490231,429,Access limit reached,"{'error': 'Access limit reached', 'retry_after': '5 hours 3 minutes'}"
160,Mu2ElMy8h0J9vztp,1745038047231,429,Access limit reached,"{'error': 'Access limit reached', 'retry_after': '5 hours 3 minutes'}"
160,Mu2ElMy8h0J9vztp,1745021405231,429,Access limit reached,"{'error': 'Access limit reached', 'retry_after': '5 hours 3 minutes'}"
160,Mu2ElMy8h0J9vztp,1745015576231,429,Access limit reached,"{'error': 'Access limit reached', 'retry_after': '5 hours 3 minutes'}"
160,Mu2ElMy8h0J9vztp,1745047426231,429,Access limit reached,"{'error': 'Access limit reached', 'retry_after': '5 hours 3 minutes'}"
160,Mu2ElMy8h0J9vztp,1745042544231,429,Access limit reached,"{'error': 'Access limit reached', 'retry_after': '5 hours 3 minutes'}"
160,Mu2ElMy8h0J9vztp,1745042726231,429,Access limit reached,"{'error': 'Access limit reached', 'retry_after': '5 hours 3 minutes'}"
160,Mu2ElMy8h0J9vztp,1745033476231,429,Access limit reached,"{'error': 'Access limit reached', 'retry_after': '5 hours 3 minutes'}"
160,Mu2ElMy8h0J9vztp,1745040015231,429,Access limit reached,"{'error': 'Access limit reached', 'retry_after': '5 hours 3 minutes'}"
160,Mu2ElMy8h0J9vztp,1745029969231,429,Access limit reached,"{'error': 'Access limit reached', 'retry_after': '5 hours 3 minutes'}"
160,Mu2ElMy8h0J9vztp,1745009685231,429,Access limit reached,"{'error': 'Access limit reached', 'retry_after': '5 hours 3 minutes'}"
160,Mu2ElMy8h0J9vztp,1745013554231,429,Access limit reached,"{'error': 'Access limit reached', 'retry_after': '5 hours 3 minutes'}"
160,Mu2ElMy8h0J9vztp,1745058996231,429,Access limit reached,"{'error': 'Access limit reached', 'retry_after': '5 hours 3 minutes'}"
160,Mu2ElMy8h0J9vztp,1745029725231,429,Access limit reached,"{'error': 'Access limit reached', 'retry_after': '5 hours 3 minutes'}"
160,Mu2ElMy8h0J9vztp,1745038590231,429,Access limit reached,"{'error': 'Access limit reached', 'retry_after': '5 hours 3 minutes'}"
160,Mu2ElMy8h0J9vztp,1745055919231,429,Access limit reached,"{'error': 'Access limit reached', 'retry_after': '5 hours 3 minutes'}"
160,Mu2ElMy8h0J9vztp,1745039633231,429,Access limit reached,"{'error': 'Access limit reached', 'retry_after': '5 hours 3 minutes'}"
160,Mu2ElMy8h0J9vztp,1745074641231,429,Access limit reached,"{'error': 'Access limit reached', 'retry_after': '5 hours 3 minutes'}"
161,U3gq6cIPD3Hy2aYQ,1745021722231,429,Access limit reached,"{'error': 'Access limit reached', 'retry_after': '6 hours 3 minutes'}"
161,U3gq6cIPD3Hy2aYQ,1745013615231,429,Access limit reached,"{'error': 'Access limit reached', 'retry_after': '6 hours 3 minutes'}"
161,U3gq6cIPD3Hy2aYQ,1745020660231,429,Access limit reached,"{'error': 'Access limit reached', 'retry_after': '6 hours 3 minutes'}"
161,U3gq6cIPD3Hy2aYQ,1745018915231,429,Access limit reached,"{'error': 'Access limit reached', 'retry_after': '6 hours 3 minutes'}"
161,U3gq6cIPD3Hy2aYQ,1745019382231,429,Access limit reached,"{'error': 'Access limit reached', 'retry_after': '6 hours 3 minutes'}"
161,U3gq6cIPD3Hy2aYQ,1745044087231,429,Access limit reached,"{'error': 'Access limit reached', 'retry_after': '6 hours 3 minutes'}"
161,U3gq6cIPD3Hy2aYQ,1745075464231,429,Access limit reached,"{'error': 'Access limit reached', 'retry_after': '6 hours 3 minutes'}"
161,U3gq6cIPD3Hy2aYQ,1745040381231,429,Access limit reached,"{'error': 'Access limit reached', 'retry_after': '6 hours 3 minutes'}"
161,U3gq6cIPD3Hy2aYQ,1745028301231,429,Access limit reached,"{'error': 'Access limit reached', 'retry_after': '6 hours 3 minutes'}"
161,U3gq6cIPD3Hy2aYQ,1745019024231,429,Access limit reached,"{'error': 'Access limit reached', 'retry_after': '6 hours 3 minutes'}"
161,U3gq6cIPD3Hy2aYQ,1745024252231,429,Access limit reached,"{'error': 'Access limit reached', 'retry_after': '6 hours 3 minutes'}"
161,U3gq6cIPD3Hy2aYQ,1745072620231,429,Access limit reached,"{'error': 'Access limit reached', 'retry_after': '6 hours 3 minutes'}"
161,U3gq6cIPD3Hy2aYQ,1745047415231,429,Access limit reached,"{'error': 'Access limit reached', 'retry_after': '6 hours 3 minutes'}"
161,U3gq6cIPD3Hy2aYQ,1745031782231,429,Access limit reached,"{'error': 'Access limit reached', 'retry_after': '6 hours 3 minutes'}"
161,U3gq6cIPD3Hy2aYQ,1745052312231,429,Access limit reached,"{'error': 'Access limit reached', 'retry_after': '6 hours 3 minutes'}"
161,U3gq6cIPD3Hy2aYQ,1745038126231,429,Access limit reached,"{'error': 'Access limit reached', 'retry_after': '6 hours 3 minutes'}"
161,U3gq6cIPD3Hy2aYQ,1745047368231,429,Access limit reached,"{'error': 'Access limit reached', 'retry_after': '6 hours 3 minutes'}"
161,U3gq6cIPD3Hy2aYQ,1745069178231,429,Access limit reached,"{'error': 'Access limit reached', 'retry_after': '6 hours 3 minutes'}"
161,U3gq6cIPD3Hy2aYQ,1745026814231,429,Access limit reached,"{'error': 'Access limit reached', 'retry_after': '6 hours 3 minutes'}"
161,U3gq6cIPD3Hy2aYQ,1745078975231,429,Access limit reached,"{'error': 'Access limit reached', 'retry_after': '6 hours 3 minutes'}"
161,U3gq6cIPD3Hy2aYQ,1745029940231,429,Access limit reached,"{'error': 'Access limit reached', 'retry_after': '6 hours 3 minutes'}"
161,U3gq6cIPD3Hy2aYQ,1745066178231,429,Access limit reached,"{'error': 'Access limit reached', 'retry_after': '6 hours 3 minutes'}"
161,U3gq6cIPD3Hy2aYQ,1745045512231,429,Access limit reached,"{'error': 'Access limit reached', 'retry_after': '6 hours 3 minutes'}"
161,U3gq6cIPD3Hy2aYQ,1745039971231,429,Access limit reached,"{'error': 'Access limit reached', 'retry_after': '6 hours 3 minutes'}"
161,U3gq6cIPD3Hy2aYQ,1745009106231,429,Access limit reached,"{'error': 'Access limit reached', 'retry_after': '6 hours 3 minutes'}"
161,U3gq6cIPD3Hy2aYQ,1745064966231,429,Access limit reached,"{'error': 'Access limit reached', 'retry_after': '6 hours 3 minutes'}"
161,U3gq6cIPD3Hy2aYQ,1745024168231,429,Access limit reached,"{'error': 'Access limit reached', 'retry_after': '6 hours 3 minutes'}"
161,U3gq6cIPD3Hy2aYQ,1745046947231,429,Access limit reached,"{'error': 'Access limit reached', 'retry_after': '6 hours 3 minutes'}"
161,U3gq6cIPD3Hy2aYQ,1745073853231,429,Access limit reached,"{'error': 'Access limit reached', 'retry_after': '6 hours 3 minutes'}"
161,U3gq6cIPD3Hy2aYQ,1745064698231,429,Access limit reached,"{'error': 'Access limit reached', 'retry_after': '6 hours 3 minutes'}"
161,U3gq6cIPD3Hy2aYQ,1745012360231,429,Access limit reached,"{'error': 'Access limit reached', 'retry_after': '6 hours 3 minutes'}"
161,U3gq6cIPD3Hy2aYQ,1745035286231,429,Access limit reached,"{'error': 'Access limit reached', 'retry_after': '6 hours 3 minutes'}"
161,U3gq6cIPD3Hy2aYQ,1745025194231,429,Access limit reached,"{'error': 'Access limit reached', 'retry_after': '6 hours 3 minutes'}"
161,U3gq6cIPD3Hy2aYQ,1745053802231,429,Access limit reached,"{'error': 'Access limit reached', 'retry_after': '6 hours 3 minutes'}"
161,U3gq6cIPD3Hy2aYQ,1745042536231,429,Access limit reached,"{'error': 'Access limit reached', 'retry_after': '6 hours 3 minutes'}"
161,U3gq6cIPD3Hy2aYQ,1745043637231,429,Access limit reached,"{'error': 'Access limit reached', 'retry_after': '6 hours 3 minutes'}"
161,U3gq6cIPD3Hy2aYQ,1745054645231,429,Access limit reached,"{'error': 'Access limit reached', 'retry_after': '6 hours 3 minutes'}"
161,U3gq6cIPD3Hy2aYQ,1745028663231,429,Access limit reached,"{'error': 'Access limit reached', 'retry_after': '6 hours 3 minutes'}"
161,U3gq6cIPD3Hy2aYQ,1745075071231,429,Access limit reached,"{'error': 'Access limit reached', 'retry_after': '6 hours 3 minutes'}"
161,U3gq6cIPD3Hy2aYQ,1745066372231,429,Access limit reached,"{'error': 'Access limit reached', 'retry_after': '6 hours 3 minutes'}"
161,U3gq6cIPD3Hy2aYQ,1745078915231,429,Access limit reached,"{'error': 'Access limit reached', 'retry_after': '6 hours 3 minutes'}"
161,U3gq6cIPD3Hy2aYQ,1745026807231,429,Access limit reached,"{'error': 'Access limit reached', 'retry_after': '6 hours 3 minutes'}"
161,U3gq6cIPD3Hy2aYQ,1745048431231,429,Access limit reached,"{'error': 'Access limit reached', 'retry_after': '6 hours 3 minutes'}"
161,U3gq6cIPD3Hy2aYQ,1745023741231,429,Access limit reached,"{'error': 'Access limit reached', 'retry_after': '6 hours 3 minutes'}"
161,U3gq6cIPD3Hy2aYQ,1745026222231,429,Access limit reached,"{'error': 'Access limit reached', 'retry_after': '6 hours 3 minutes'}"
162,XxbRFGNYZnZSAQYX,1745045452231,429,Access limit reached,"{'error': 'Access limit reached', 'retry_after': '4 hours 48 minutes'}"
162,XxbRFGNYZnZSAQYX,1745030782231,429,Access limit reached,"{'error': 'Access limit reached', 'retry_after': '4 hours 48 minutes'}"
162,XxbRFGNYZnZSAQYX,1745077203231,429,Access limit reached,"{'error': 'Access limit reached', 'retry_after': '4 hours 48 minutes'}"
162,XxbRFGNYZnZSAQYX,1745018318231,429,Access limit reached,"{'error': 'Access limit reached', 'retry_after': '4 hours 48 minutes'}"
162,XxbRFGNYZnZSAQYX,1745012491231,429,Access limit reached,"{'error': 'Access limit reached', 'retry_after': '4 hours 48 minutes'}"
162,XxbRFGNYZnZSAQYX,1745014289231,429,Access limit reached,"{'error': 'Access limit reached', 'retry_after': '4 hours 48 minutes'}"
162,XxbRFGNYZnZSAQYX,1745057718231,429,Access limit reached,"{'error': 'Access limit reached', 'retry_after': '4 hours 48 minutes'}"
162,XxbRFGNYZnZSAQYX,1745044940231,429,Access limit reached,"{'error': 'Access limit reached', 'retry_after': '4 hours 48 minutes'}"
162,XxbRFGNYZnZSAQYX,1745069637231,429,Access limit reached,"{'error': 'Access limit reached', 'retry_after': '4 hours 48 minutes'}"
162,XxbRFGNYZnZSAQYX,1745060655231,429,Access limit reached,"{'error': 'Access limit reached', 'retry_after': '4 hours 48 minutes'}"
162,XxbRFGNYZnZSAQYX,1745045100231,429,Access limit reached,"{'error': 'Access limit reached', 'retry_after': '4 hours 48 minutes'}"
162,XxbRFGNYZnZSAQYX,1745007528231,429,Access limit reached,"{'error': 'Access limit reached', 'retry_after': '4 hours 48 minutes'}"
162,XxbRFGNYZnZSAQYX,1745046299231,429,Access limit reached,"{'error': 'Access limit reached', 'retry_after': '4 hours 48 minutes'}"
162,XxbRFGNYZnZSAQYX,1745067444231,429,Access limit reached,"{'error': 'Access limit reached', 'retry_after': '4 hours 48 minutes'}"
162,XxbRFGNYZnZSAQYX,1745008554231,429,Access limit reached,"{'error': 'Access limit reached', 'retry_after': '4 hours 48 minutes'}"
162,XxbRFGNYZnZSAQYX,1745020149231,429,Access limit reached,"{'error': 'Access limit reached', 'retry_after': '4 hours 48 minutes'}"
162,XxbRFGNYZnZSAQYX,1745056529231,429,Access limit reached,"{'error': 'Access limit reached', 'retry_after': '4 hours 48 minutes'}"
162,XxbRFGNYZnZSAQYX,1745027298231,429,Access limit reached,"{'error': 'Access limit reached', 'retry_after': '4 hours 48 minutes'}"
162,XxbRFGNYZnZSAQYX,1745027568231,429,Access limit reached,"{'error': 'Access limit reached', 'retry_after': '4 hours 48 minutes'}"
162,XxbRFGNYZnZSAQYX,1745046580231,429,Access limit reached,"{'error': 'Access limit reached', 'retry_after': '4 hours 48 minutes'}"
162,XxbRFGNYZnZSAQYX,1745038271231,429,Access limit reached,"{'error': 'Access limit reached', 'retry_after': '4 hours 48 minutes'}"
162,XxbRFGNYZnZSAQYX,1745063322231,429,Access limit reached,"{'error': 'Access limit reached', 'retry_after': '4 hours 48 minutes'}"
162,XxbRFGNYZnZSAQYX,1745032103231,429,Access limit reached,"{'error': 'Access limit reached', 'retry_after': '4 hours 48 minutes'}"
162,XxbRFGNYZnZSAQYX,1745065025231,429,Access limit reached,"{'error': 'Access limit reached', 'retry_after': '4 hours 48 minutes'}"
162,XxbRFGNYZnZSAQYX,1745068040231,429,Access limit reached,"{'error': 'Access limit reached', 'retry_after': '4 hours 48 minutes'}"
162,XxbRFGNYZnZSAQYX,1745037041231,429,Access limit reached,"{'error': 'Access limit reached', 'retry_after': '4 hours 48 minutes'}"
162,XxbRFGNYZnZSAQYX,1745019673231,429,Access limit reached,"{'error': 'Access limit reached', 'retry_after': '4 hours 48 minutes'}"
162,XxbRFGNYZnZSAQYX,1745055842231,429,Access limit reached,"{'error': 'Access limit reached', 'retry_after': '4 hours 48 minutes'}"
162,XxbRFGNYZnZSAQYX,1745026917231,429,Access limit reached,"{'error': 'Access limit reached', 'retry_after': '4 hours 48 minutes'}"
162,XxbRFGNYZnZSAQYX,1745032300231,429,Access limit reached,"{'error': 'Access limit reached', 'retry_after': '4 hours 48 minutes'}"
162,XxbRFGNYZnZSAQYX,1745059130231,429,Access limit reached,"{'error': 'Access limit reached', 'retry_after': '4 hours 48 minutes'}"
162,XxbRFGNYZnZSAQYX,1745025348231,429,Access limit reached,"{'error': 'Access limit reached', 'retry_after': '4 hours 48 minutes'}"
162,XxbRFGNYZnZSAQYX,1745054642231,429,Access limit reached,"{'error': 'Access limit reached', 'retry_after': '4 hours 48 minutes'}"
162,XxbRFGNYZnZSAQYX,1745056288231,429,Access limit reached,"{'error': 'Access limit reached', 'retry_after': '4 hours 48 minutes'}"
162,XxbRFGNYZnZSAQYX,1745055897231,429,Access limit reached,"{'error': 'Access limit reached', 'retry_after': '4 hours 48 minutes'}"
162,XxbRFGNYZnZSAQYX,1745015212231,429,Access limit reached,"{'error': 'Access limit reached', 'retry_after': '4 hours 48 minutes'}"
162,XxbRFGNYZnZSAQYX,1745027551231,429,Access limit reached,"{'error': 'Access limit reached', 'retry_after': '4 hours 48 minutes'}"
162,XxbRFGNYZnZSAQYX,1745038486231,429,Access limit reached,"{'error': 'Access limit reached', 'retry_after': '4 hours 48 minutes'}"
162,XxbRFGNYZnZSAQYX,1745064572231,429,Access limit reached,"{'error': 'Access limit reached', 'retry_after': '4 hours 48 minutes'}"
162,XxbRFGNYZnZSAQYX,1745036620231,429,Access limit reached,"{'error': 'Access limit reached', 'retry_after': '4 hours 48 minutes'}"
162,XxbRFGNYZnZSAQYX,1745033599231,429,Access limit reached,"{'error': 'Access limit reached', 'retry_after': '4 hours 48 minutes'}"
162,XxbRFGNYZnZSAQYX,1745049982231,429,Access limit reached,"{'error': 'Access limit reached', 'retry_after': '4 hours 48 minutes'}"
162,XxbRFGNYZnZSAQYX,1745028021231,429,Access limit reached,"{'error': 'Access limit reached', 'retry_after': '4 hours 48 minutes'}"
163,sZaWrwSAC0YhuHOq,1745070951231,429,Access limit reached,"{'error': 'Access limit reached', 'retry_after': '4 hours 57 minutes'}"
163,sZaWrwSAC0YhuHOq,1745074017231,429,Access limit reached,"{'error': 'Access limit reached', 'retry_after': '4 hours 57 minutes'}"
163,sZaWrwSAC0YhuHOq,1745019780231,429,Access limit reached,"{'error': 'Access limit reached', 'retry_after': '4 hours 57 minutes'}"
163,sZaWrwSAC0YhuHOq,1745025732231,429,Access limit reached,"{'error': 'Access limit reached', 'retry_after': '4 hours 57 minutes'}"
163,sZaWrwSAC0YhuHOq,1745012109231,429,Access limit reached,"{'error': 'Access limit reached', 'retry_after': '4 hours 57 minutes'}"
163,sZaWrwSAC0YhuHOq,1745054476231,429,Access limit reached,"{'error': 'Access limit reached', 'retry_after': '4 hours 57 minutes'}"
163,sZaWrwSAC0YhuHOq,1745076013231,429,Access limit reached,"{'error': 'Access limit reached', 'retry_after': '4 hours 57 minutes'}"
163,sZaWrwSAC0YhuHOq,1745076666231,429,Access limit reached,"{'error': 'Access limit reached', 'retry_after': '4 hours 57 minutes'}"
163,sZaWrwSAC0YhuHOq,1745032216231,429,Access limit reached,"{'error': 'Access limit reached', 'retry_after': '4 hours 57 minutes'}"
163,sZaWrwSAC0YhuHOq,1745050993231,429,Access limit reached,"{'error': 'Access limit reached', 'retry_after': '4 hours 57 minutes'}"
163,sZaWrwSAC0YhuHOq,1745034115231,429,Access limit reached,"{'error': 'Access limit reached', 'retry_after': '4 hours 57 minutes'}"
163,sZaWrwSAC0YhuHOq,1745007391231,429,Access limit reached,"{'error': 'Access limit reached', 'retry_after': '4 hours 57 minutes'}"
163,sZaWrwSAC0YhuHOq,1745050791231,429,Access limit reached,"{'error': 'Access limit reached', 'retry_after': '4 hours 57 minutes'}"
163,sZaWrwSAC0YhuHOq,1745074125231,429,Access limit reached,"{'error': 'Access limit reached', 'retry_after': '4 hours 57 minutes'}"
163,sZaWrwSAC0YhuHOq,1745019803231,429,Access limit reached,"{'error': 'Access limit reached', 'retry_after': '4 hours 57 minutes'}"
163,sZaWrwSAC0YhuHOq,1745028896231,429,Access limit reached,"{'error': 'Access limit reached', 'retry_after': '4 hours 57 minutes'}"
163,sZaWrwSAC0YhuHOq,1745031742231,429,Access limit reached,"{'error': 'Access limit reached', 'retry_after': '4 hours 57 minutes'}"
163,sZaWrwSAC0YhuHOq,1745025700231,429,Access limit reached,"{'error': 'Access limit reached', 'retry_after': '4 hours 57 minutes'}"
163,sZaWrwSAC0YhuHOq,1745057760231,429,Access limit reached,"{'error': 'Access limit reached', 'retry_after': '4 hours 57 minutes'}"
163,sZaWrwSAC0YhuHOq,1745052536231,429,Access limit reached,"{'error': 'Access limit reached', 'retry_after': '4 hours 57 minutes'}"
163,sZaWrwSAC0YhuHOq,1745070668231,429,Access limit reached,"{'error': 'Access limit reached', 'retry_after': '4 hours 57 minutes'}"
163,sZaWrwSAC0YhuHOq,1745071002231,429,Access limit reached,"{'error': 'Access limit reached', 'retry_after': '4 hours 57 minutes'}"
163,sZaWrwSAC0YhuHOq,1745060523231,429,Access limit reached,"{'error': 'Access limit reached', 'retry_after': '4 hours 57 minutes'}"
163,sZaWrwSAC0YhuHOq,1745068561231,429,Access limit reached,"{'error': 'Access limit reached', 'retry_after': '4 hours 57 minutes'}"
163,sZaWrwSAC0YhuHOq,1745064240231,429,Access limit reached,"{'error': 'Access limit reached', 'retry_after': '4 hours 57 minutes'}"
163,sZaWrwSAC0YhuHOq,1745033892231,429,Access limit reached,"{'error': 'Access limit reached', 'retry_after': '4 hours 57 minutes'}"
163,sZaWrwSAC0YhuHOq,1745047237231,429,Access limit reached,"{'error': 'Access limit reached', 'retry_after': '4 hours 57 minutes'}"
163,sZaWrwSAC0YhuHOq,1745010062231,429,Access limit reached,"{'error': 'Access limit reached', 'retry_after': '4 hours 57 minutes'}"
163,sZaWrwSAC0YhuHOq,1745062658231,429,Access limit reached,"{'error': 'Access limit reached', 'retry_after': '4 hours 57 minutes'}"
163,sZaWrwSAC0YhuHOq,1745022653231,429,Access limit reached,"{'error': 'Access limit reached', 'retry_after': '4 hours 57 minutes'}"
163,sZaWrwSAC0YhuHOq,1745046138231,429,Access limit reached,"{'error': 'Access limit reached', 'retry_after': '4 hours 57 minutes'}"
163,sZaWrwSAC0YhuHOq,1745027507231,429,Access limit reached,"{'error': 'Access limit reached', 'retry_after': '4 hours 57 minutes'}"
163,sZaWrwSAC0YhuHOq,1745070689231,429,Access limit reached,"{'error': 'Access limit reached', 'retry_after': '4 hours 57 minutes'}"
163,sZaWrwSAC0YhuHOq,1745031231231,429,Access limit reached,"{'error': 'Access limit reached', 'retry_after': '4 hours 57 minutes'}"
163,sZaWrwSAC0YhuHOq,1745057981231,429,Access limit reached,"{'error': 'Access limit reached', 'retry_after': '4 hours 57 minutes'}"
163,sZaWrwSAC0YhuHOq,1745041448231,429,Access limit reached,"{'error': 'Access limit reached', 'retry_after': '4 hours 57 minutes'}"
164,sZaWrwSAC0YhuHOq,1745022713231,429,Access limit reached,"{'error': 'Access limit reached', 'retry_after': '4 hours 57 minutes'}"
164,sZaWrwSAC0YhuHOq,1745022397231,429,Access limit reached,"{'error': 'Access limit reached', 'retry_after': '4 hours 57 minutes'}"
164,sZaWrwSAC0YhuHOq,1745069668231,429,Access limit reached,"{'error': 'Access limit reached', 'retry_after': '4 hours 57 minutes'}"
164,sZaWrwSAC0YhuHOq,1745060273231,429,Access limit reached,"{'error': 'Access limit reached', 'retry_after': '4 hours 57 minutes'}"
164,sZaWrwSAC0YhuHOq,1745060937231,429,Access limit reached,"{'error': 'Access limit reached', 'retry_after': '4 hours 57 minutes'}"
164,sZaWrwSAC0YhuHOq,1745031367231,429,Access limit reached,"{'error': 'Access limit reached', 'retry_after': '4 hours 57 minutes'}"
164,sZaWrwSAC0YhuHOq,1745030788231,429,Access limit reached,"{'error': 'Access limit reached', 'retry_after': '4 hours 57 minutes'}"
164,sZaWrwSAC0YhuHOq,1745055698231,429,Access limit reached,"{'error': 'Access limit reached', 'retry_after': '4 hours 57 minutes'}"
164,sZaWrwSAC0YhuHOq,1745022628231,429,Access limit reached,"{'error': 'Access limit reached', 'retry_after': '4 hours 57 minutes'}"
164,sZaWrwSAC0YhuHOq,1745074817231,429,Access limit reached,"{'error': 'Access limit reached', 'retry_after': '4 hours 57 minutes'}"
164,sZaWrwSAC0YhuHOq,1745076684231,429,Access limit reached,"{'error': 'Access limit reached', 'retry_after': '4 hours 57 minutes'}"
164,sZaWrwSAC0YhuHOq,1745063772231,429,Access limit reached,"{'error': 'Access limit reached', 'retry_after': '4 hours 57 minutes'}"
164,sZaWrwSAC0YhuHOq,1745043244231,429,Access limit reached,"{'error': 'Access limit reached', 'retry_after': '4 hours 57 minutes'}"
164,sZaWrwSAC0YhuHOq,1745010793231,429,Access limit reached,"{'error': 'Access limit reached', 'retry_after': '4 hours 57 minutes'}"
164,sZaWrwSAC0YhuHOq,1745068826231,429,Access limit reached,"{'error': 'Access limit reached', 'retry_after': '4 hours 57 minutes'}"
164,sZaWrwSAC0YhuHOq,1745056951231,429,Access limit reached,"{'error': 'Access limit reached', 'retry_after': '4 hours 57 minutes'}"
164,sZaWrwSAC0YhuHOq,1745064276231,429,Access limit reached,"{'error': 'Access limit reached', 'retry_after': '4 hours 57 minutes'}"
164,sZaWrwSAC0YhuHOq,1745071449231,429,Access limit reached,"{'error': 'Access limit reached', 'retry_after': '4 hours 57 minutes'}"
164,sZaWrwSAC0YhuHOq,1745028208231,429,Access limit reached,"{'error': 'Access limit reached', 'retry_after': '4 hours 57 minutes'}"
164,sZaWrwSAC0YhuHOq,1745059365231,429,Access limit reached,"{'error': 'Access limit reached', 'retry_after': '4 hours 57 minutes'}"
164,sZaWrwSAC0YhuHOq,1745048978231,429,Access limit reached,"{'error': 'Access limit reached', 'retry_after': '4 hours 57 minutes'}"
164,sZaWrwSAC0YhuHOq,1745050585231,429,Access limit reached,"{'error': 'Access limit reached', 'retry_after': '4 hours 57 minutes'}"
164,sZaWrwSAC0YhuHOq,1745011801231,429,Access limit reached,"{'error': 'Access limit reached', 'retry_after': '4 hours 57 minutes'}"
164,sZaWrwSAC0YhuHOq,1745074757231,429,Access limit reached,"{'error': 'Access limit reached', 'retry_after': '4 hours 57 minutes'}"
164,sZaWrwSAC0YhuHOq,1745028170231,429,Access limit reached,"{'error': 'Access limit reached', 'retry_after': '4 hours 57 minutes'}"
164,sZaWrwSAC0YhuHOq,1745030263231,429,Access limit reached,"{'error': 'Access limit reached', 'retry_after': '4 hours 57 minutes'}"
164,sZaWrwSAC0YhuHOq,1745066964231,429,Access limit reached,"{'error': 'Access limit reached', 'retry_after': '4 hours 57 minutes'}"
164,sZaWrwSAC0YhuHOq,1745074462231,429,Access limit reached,"{'error': 'Access limit reached', 'retry_after': '4 hours 57 minutes'}"
164,sZaWrwSAC0YhuHOq,1745027084231,429,Access limit reached,"{'error': 'Access limit reached', 'retry_after': '4 hours 57 minutes'}"
164,sZaWrwSAC0YhuHOq,1745018692231,429,Access limit reached,"{'error': 'Access limit reached', 'retry_after': '4 hours 57 minutes'}"
164,sZaWrwSAC0YhuHOq,1745061045231,429,Access limit reached,"{'error': 'Access limit reached', 'retry_after': '4 hours 57 minutes'}"
164,sZaWrwSAC0YhuHOq,1745040202231,429,Access limit reached,"{'error': 'Access limit reached', 'retry_after': '4 hours 57 minutes'}"
164,sZaWrwSAC0YhuHOq,1745025296231,429,Access limit reached,"{'error': 'Access limit reached', 'retry_after': '4 hours 57 minutes'}"
164,sZaWrwSAC0YhuHOq,1745029522231,429,Access limit reached,"{'error': 'Access limit reached', 'retry_after': '4 hours 57 minutes'}"
164,sZaWrwSAC0YhuHOq,1745030573231,429,Access limit reached,"{'error': 'Access limit reached', 'retry_after': '4 hours 57 minutes'}"
164,sZaWrwSAC0YhuHOq,1745007553231,429,Access limit reached,"{'error': 'Access limit reached', 'retry_after': '4 hours 57 minutes'}"
164,sZaWrwSAC0YhuHOq,1745039932231,429,Access limit reached,"{'error': 'Access limit reached', 'retry_after': '4 hours 57 minutes'}"
164,sZaWrwSAC0YhuHOq,1745049037231,429,Access limit reached,"{'error': 'Access limit reached', 'retry_after': '4 hours 57 minutes'}"
165,4YHYRv9IiZ7e2gos,1745018669231,429,Access limit reached,"{'error': 'Access limit reached', 'retry_after': '4 hours 40 minutes'}"
165,4YHYRv9IiZ7e2gos,1745064871231,429,Access limit reached,"{'error': 'Access limit reached', 'retry_after': '4 hours 40 minutes'}"
165,4YHYRv9IiZ7e2gos,1745070807231,429,Access limit reached,"{'error': 'Access limit reached', 'retry_after': '4 hours 40 minutes'}"
165,4YHYRv9IiZ7e2gos,1745012563231,429,Access limit reached,"{'error': 'Access limit reached', 'retry_after': '4 hours 40 minutes'}"
165,4YHYRv9IiZ7e2gos,1745052497231,429,Access limit reached,"{'error': 'Access limit reached', 'retry_after': '4 hours 40 minutes'}"
165,4YHYRv9IiZ7e2gos,1745057908231,429,Access limit reached,"{'error': 'Access limit reached', 'retry_after': '4 hours 40 minutes'}"
165,4YHYRv9IiZ7e2gos,1745065857231,429,Access limit reached,"{'error': 'Access limit reached', 'retry_after': '4 hours 40 minutes'}"
165,4YHYRv9IiZ7e2gos,1745015519231,429,Access limit reached,"{'error': 'Access limit reached', 'retry_after': '4 hours 40 minutes'}"
165,4YHYRv9IiZ7e2gos,1745059217231,429,Access limit reached,"{'error': 'Access limit reached', 'retry_after': '4 hours 40 minutes'}"
165,4YHYRv9IiZ7e2gos,1745013878231,429,Access limit reached,"{'error': 'Access limit reached', 'retry_after': '4 hours 40 minutes'}"
165,4YHYRv9IiZ7e2gos,1745021401231,429,Access limit reached,"{'error': 'Access limit reached', 'retry_after': '4 hours 40 minutes'}"
165,4YHYRv9IiZ7e2gos,1745073767231,429,Access limit reached,"{'error': 'Access limit reached', 'retry_after': '4 hours 40 minutes'}"
165,4YHYRv9IiZ7e2gos,1745073263231,429,Access limit reached,"{'error': 'Access limit reached', 'retry_after': '4 hours 40 minutes'}"
165,4YHYRv9IiZ7e2gos,1745036168231,429,Access limit reached,"{'error': 'Access limit reached', 'retry_after': '4 hours 40 minutes'}"
165,4YHYRv9IiZ7e2gos,1745049711231,429,Access limit reached,"{'error': 'Access limit reached', 'retry_after': '4 hours 40 minutes'}"
165,4YHYRv9IiZ7e2gos,1745024286231,429,Access limit reached,"{'error': 'Access limit reached', 'retry_after': '4 hours 40 minutes'}"
165,4YHYRv9IiZ7e2gos,1745014718231,429,Access limit reached,"{'error': 'Access limit reached', 'retry_after': '4 hours 40 minutes'}"
165,4YHYRv9IiZ7e2gos,1745007948231,429,Access limit reached,"{'error': 'Access limit reached', 'retry_after': '4 hours 40 minutes'}"
165,4YHYRv9IiZ7e2gos,1745046679231,429,Access limit reached,"{'error': 'Access limit reached', 'retry_after': '4 hours 40 minutes'}"
165,4YHYRv9IiZ7e2gos,1745016642231,429,Access limit reached,"{'error': 'Access limit reached', 'retry_after': '4 hours 40 minutes'}"
165,4YHYRv9IiZ7e2gos,1745054918231,429,Access limit reached,"{'error': 'Access limit reached', 'retry_after': '4 hours 40 minutes'}"
165,4YHYRv9IiZ7e2gos,1745041019231,429,Access limit reached,"{'error': 'Access limit reached', 'retry_after': '4 hours 40 minutes'}"
165,4YHYRv9IiZ7e2gos,1745066578231,429,Access limit reached,"{'error': 'Access limit reached', 'retry_after': '4 hours 40 minutes'}"
165,4YHYRv9IiZ7e2gos,1745007878231,429,Access limit reached,"{'error': 'Access limit reached', 'retry_after': '4 hours 40 minutes'}"
165,4YHYRv9IiZ7e2gos,1745065612231,429,Access limit reached,"{'error': 'Access limit reached', 'retry_after': '4 hours 40 minutes'}"
165,4YHYRv9IiZ7e2gos,1745056861231,429,Access limit reached,"{'error': 'Access limit reached', 'retry_after': '4 hours 40 minutes'}"
165,4YHYRv9IiZ7e2gos,1745058891231,429,Access limit reached,"{'error': 'Access limit reached', 'retry_after': '4 hours 40 minutes'}"
165,4YHYRv9IiZ7e2gos,1745040771231,429,Access limit reached,"{'error': 'Access limit reached', 'retry_after': '4 hours 40 minutes'}"
165,4YHYRv9IiZ7e2gos,1745047657231,429,Access limit reached,"{'error': 'Access limit reached', 'retry_after': '4 hours 40 minutes'}"
165,4YHYRv9IiZ7e2gos,1745026625231,429,Access limit reached,"{'error': 'Access limit reached', 'retry_after': '4 hours 40 minutes'}"
165,4YHYRv9IiZ7e2gos,1745073689231,429,Access limit reached,"{'error': 'Access limit reached', 'retry_after': '4 hours 40 minutes'}"
165,4YHYRv9IiZ7e2gos,1745030813231,429,Access limit reached,"{'error': 'Access limit reached', 'retry_after': '4 hours 40 minutes'}"
165,4YHYRv9IiZ7e2gos,1745066531231,429,Access limit reached,"{'error': 'Access limit reached', 'retry_after': '4 hours 40 minutes'}"
165,4YHYRv9IiZ7e2gos,1745055068231,429,Access limit reached,"{'error': 'Access limit reached', 'retry_after': '4 hours 40 minutes'}"
165,4YHYRv9IiZ7e2gos,1745020987231,429,Access limit reached,"{'error': 'Access limit reached', 'retry_after': '4 hours 40 minutes'}"
165,4YHYRv9IiZ7e2gos,1745056981231,429,Access limit reached,"{'error': 'Access limit reached', 'retry_after': '4 hours 40 minutes'}"
165,4YHYRv9IiZ7e2gos,1745046704231,429,Access limit reached,"{'error': 'Access limit reached', 'retry_after': '4 hours 40 minutes'}"
165,4YHYRv9IiZ7e2gos,1745067637231,429,Access limit reached,"{'error': 'Access limit reached', 'retry_after': '4 hours 40 minutes'}"
166,4YHYRv9IiZ7e2gos,1745023603231,429,Access limit reached,"{'error': 'Access limit reached', 'retry_after': '4 hours 40 minutes'}"
166,4YHYRv9IiZ7e2gos,1745048010231,429,Access limit reached,"{'error': 'Access limit reached', 'retry_after': '4 hours 40 minutes'}"
166,4YHYRv9IiZ7e2gos,1745064583231,429,Access limit reached,"{'error': 'Access limit reached', 'retry_after': '4 hours 40 minutes'}"
166,4YHYRv9IiZ7e2gos,1745031576231,429,Access limit reached,"{'error': 'Access limit reached', 'retry_after': '4 hours 40 minutes'}"
166,4YHYRv9IiZ7e2gos,1745060169231,429,Access limit reached,"{'error': 'Access limit reached', 'retry_after': '4 hours 40 minutes'}"
166,4YHYRv9IiZ7e2gos,1745045035231,429,Access limit reached,"{'error': 'Access limit reached', 'retry_after': '4 hours 40 minutes'}"
166,4YHYRv9IiZ7e2gos,1745055430231,429,Access limit reached,"{'error': 'Access limit reached', 'retry_after': '4 hours 40 minutes'}"
166,4YHYRv9IiZ7e2gos,1745017328231,429,Access limit reached,"{'error': 'Access limit reached', 'retry_after': '4 hours 40 minutes'}"
166,4YHYRv9IiZ7e2gos,1745071565231,429,Access limit reached,"{'error': 'Access limit reached', 'retry_after': '4 hours 40 minutes'}"
166,4YHYRv9IiZ7e2gos,1745017784231,429,Access limit reached,"{'error': 'Access limit reached', 'retry_after': '4 hours 40 minutes'}"
166,4YHYRv9IiZ7e2gos,1745032965231,429,Access limit reached,"{'error': 'Access limit reached', 'retry_after': '4 hours 40 minutes'}"
166,4YHYRv9IiZ7e2gos,1745058670231,429,Access limit reached,"{'error': 'Access limit reached', 'retry_after': '4 hours 40 minutes'}"
166,4YHYRv9IiZ7e2gos,1745025097231,429,Access limit reached,"{'error': 'Access limit reached', 'retry_after': '4 hours 40 minutes'}"
166,4YHYRv9IiZ7e2gos,1745031898231,429,Access limit reached,"{'error': 'Access limit reached', 'retry_after': '4 hours 40 minutes'}"
166,4YHYRv9IiZ7e2gos,1745012262231,429,Access limit reached,"{'error': 'Access limit reached', 'retry_after': '4 hours 40 minutes'}"
166,4YHYRv9IiZ7e2gos,1745069264231,429,Access limit reached,"{'error': 'Access limit reached', 'retry_after': '4 hours 40 minutes'}"
166,4YHYRv9IiZ7e2gos,1745050169231,429,Access limit reached,"{'error': 'Access limit reached', 'retry_after': '4 hours 40 minutes'}"
166,4YHYRv9IiZ7e2gos,1745027551231,429,Access limit reached,"{'error': 'Access limit reached', 'retry_after': '4 hours 40 minutes'}"
166,4YHYRv9IiZ7e2gos,1745025688231,429,Access limit reached,"{'error': 'Access limit reached', 'retry_after': '4 hours 40 minutes'}"
166,4YHYRv9IiZ7e2gos,1745078186231,429,Access limit reached,"{'error': 'Access limit reached', 'retry_after': '4 hours 40 minutes'}"
166,4YHYRv9IiZ7e2gos,1745059200231,429,Access limit reached,"{'error': 'Access limit reached', 'retry_after': '4 hours 40 minutes'}"
166,4YHYRv9IiZ7e2gos,1745007188231,429,Access limit reached,"{'error': 'Access limit reached', 'retry_after': '4 hours 40 minutes'}"
166,4YHYRv9IiZ7e2gos,1745065813231,429,Access limit reached,"{'error': 'Access limit reached', 'retry_after': '4 hours 40 minutes'}"
166,4YHYRv9IiZ7e2gos,1745022062231,429,Access limit reached,"{'error': 'Access limit reached', 'retry_after': '4 hours 40 minutes'}"
166,4YHYRv9IiZ7e2gos,1745068328231,429,Access limit reached,"{'error': 'Access limit reached', 'retry_after': '4 hours 40 minutes'}"
166,4YHYRv9IiZ7e2gos,1745067591231,429,Access limit reached,"{'error': 'Access limit reached', 'retry_after': '4 hours 40 minutes'}"
166,4YHYRv9IiZ7e2gos,1745041600231,429,Access limit reached,"{'error': 'Access limit reached', 'retry_after': '4 hours 40 minutes'}"
167,och15Vm379Xa1g1Q,1745066936231,429,Access limit reached,"{'error': 'Access limit reached', 'retry_after': '4 hours 52 minutes'}"
167,och15Vm379Xa1g1Q,1745032478231,429,Access limit reached,"{'error': 'Access limit reached', 'retry_after': '4 hours 52 minutes'}"
167,och15Vm379Xa1g1Q,1745029566231,429,Access limit reached,"{'error': 'Access limit reached', 'retry_after': '4 hours 52 minutes'}"
167,och15Vm379Xa1g1Q,1745075520231,429,Access limit reached,"{'error': 'Access limit reached', 'retry_after': '4 hours 52 minutes'}"
167,och15Vm379Xa1g1Q,1745065438231,429,Access limit reached,"{'error': 'Access limit reached', 'retry_after': '4 hours 52 minutes'}"
167,och15Vm379Xa1g1Q,1745059198231,429,Access limit reached,"{'error': 'Access limit reached', 'retry_after': '4 hours 52 minutes'}"
167,och15Vm379Xa1g1Q,1745008236231,429,Access limit reached,"{'error': 'Access limit reached', 'retry_after': '4 hours 52 minutes'}"
167,och15Vm379Xa1g1Q,1745066733231,429,Access limit reached,"{'error': 'Access limit reached', 'retry_after': '4 hours 52 minutes'}"
167,och15Vm379Xa1g1Q,1745059702231,429,Access limit reached,"{'error': 'Access limit reached', 'retry_after': '4 hours 52 minutes'}"
167,och15Vm379Xa1g1Q,1745068652231,429,Access limit reached,"{'error': 'Access limit reached', 'retry_after': '4 hours 52 minutes'}"
167,och15Vm379Xa1g1Q,1745059790231,429,Access limit reached,"{'error': 'Access limit reached', 'retry_after': '4 hours 52 minutes'}"
167,och15Vm379Xa1g1Q,1745078877231,429,Access limit reached,"{'error': 'Access limit reached', 'retry_after': '4 hours 52 minutes'}"
167,och15Vm379Xa1g1Q,1745067025231,429,Access limit reached,"{'error': 'Access limit reached', 'retry_after': '4 hours 52 minutes'}"
167,och15Vm379Xa1g1Q,1745054389231,429,Access limit reached,"{'error': 'Access limit reached', 'retry_after': '4 hours 52 minutes'}"
167,och15Vm379Xa1g1Q,1745036961231,429,Access limit reached,"{'error': 'Access limit reached', 'retry_after': '4 hours 52 minutes'}"
167,och15Vm379Xa1g1Q,1745015007231,429,Access limit reached,"{'error': 'Access limit reached', 'retry_after': '4 hours 52 minutes'}"
167,och15Vm379Xa1g1Q,1745028039231,429,Access limit reached,"{'error': 'Access limit reached', 'retry_after': '4 hours 52 minutes'}"
167,och15Vm379Xa1g1Q,1745060793231,429,Access limit reached,"{'error': 'Access limit reached', 'retry_after': '4 hours 52 minutes'}"
167,och15Vm379Xa1g1Q,1745036598231,429,Access limit reached,"{'error': 'Access limit reached', 'retry_after': '4 hours 52 minutes'}"
167,och15Vm379Xa1g1Q,1745043046231,429,Access limit reached,"{'error': 'Access limit reached', 'retry_after': '4 hours 52 minutes'}"
167,och15Vm379Xa1g1Q,1745074655231,429,Access limit reached,"{'error': 'Access limit reached', 'retry_after': '4 hours 52 minutes'}"
167,och15Vm379Xa1g1Q,1745038901231,429,Access limit reached,"{'error': 'Access limit reached', 'retry_after': '4 hours 52 minutes'}"
167,och15Vm379Xa1g1Q,1745048785231,429,Access limit reached,"{'error': 'Access limit reached', 'retry_after': '4 hours 52 minutes'}"
167,och15Vm379Xa1g1Q,1745044924231,429,Access limit reached,"{'error': 'Access limit reached', 'retry_after': '4 hours 52 minutes'}"
167,och15Vm379Xa1g1Q,1745063864231,429,Access limit reached,"{'error': 'Access limit reached', 'retry_after': '4 hours 52 minutes'}"
167,och15Vm379Xa1g1Q,1745042714231,429,Access limit reached,"{'error': 'Access limit reached', 'retry_after': '4 hours 52 minutes'}"
167,och15Vm379Xa1g1Q,1745014414231,429,Access limit reached,"{'error': 'Access limit reached', 'retry_after': '4 hours 52 minutes'}"
167,och15Vm379Xa1g1Q,1745018112231,429,Access limit reached,"{'error': 'Access limit reached', 'retry_after': '4 hours 52 minutes'}"
167,och15Vm379Xa1g1Q,1745020344231,429,Access limit reached,"{'error': 'Access limit reached', 'retry_after': '4 hours 52 minutes'}"
167,och15Vm379Xa1g1Q,1745030689231,429,Access limit reached,"{'error': 'Access limit reached', 'retry_after': '4 hours 52 minutes'}"
167,och15Vm379Xa1g1Q,1745071305231,429,Access limit reached,"{'error': 'Access limit reached', 'retry_after': '4 hours 52 minutes'}"
167,och15Vm379Xa1g1Q,1745016580231,429,Access limit reached,"{'error': 'Access limit reached', 'retry_after': '4 hours 52 minutes'}"
167,och15Vm379Xa1g1Q,1745051903231,429,Access limit reached,"{'error': 'Access limit reached', 'retry_after': '4 hours 52 minutes'}"
167,och15Vm379Xa1g1Q,1745030424231,429,Access limit reached,"{'error': 'Access limit reached', 'retry_after': '4 hours 52 minutes'}"
168,U3gq6cIPD3Hy2aYQ,1745074391231,429,Access limit reached,"{'error': 'Access limit reached', 'retry_after': '6 hours 3 minutes'}"
168,U3gq6cIPD3Hy2aYQ,1745020373231,429,Access limit reached,"{'error': 'Access limit reached', 'retry_after': '6 hours 3 minutes'}"
168,U3gq6cIPD3Hy2aYQ,1745070400231,429,Access limit reached,"{'error': 'Access limit reached', 'retry_after': '6 hours 3 minutes'}"
168,U3gq6cIPD3Hy2aYQ,1745018379231,429,Access limit reached,"{'error': 'Access limit reached', 'retry_after': '6 hours 3 minutes'}"
168,U3gq6cIPD3Hy2aYQ,1745071792231,429,Access limit reached,"{'error': 'Access limit reached', 'retry_after': '6 hours 3 minutes'}"
168,U3gq6cIPD3Hy2aYQ,1745071126231,429,Access limit reached,"{'error': 'Access limit reached', 'retry_after': '6 hours 3 minutes'}"
168,U3gq6cIPD3Hy2aYQ,1745031073231,429,Access limit reached,"{'error': 'Access limit reached', 'retry_after': '6 hours 3 minutes'}"
168,U3gq6cIPD3Hy2aYQ,1745031019231,429,Access limit reached,"{'error': 'Access limit reached', 'retry_after': '6 hours 3 minutes'}"
168,U3gq6cIPD3Hy2aYQ,1745044774231,429,Access limit reached,"{'error': 'Access limit reached', 'retry_after': '6 hours 3 minutes'}"
168,U3gq6cIPD3Hy2aYQ,1745012823231,429,Access limit reached,"{'error': 'Access limit reached', 'retry_after': '6 hours 3 minutes'}"
168,U3gq6cIPD3Hy2aYQ,1745029026231,429,Access limit reached,"{'error': 'Access limit reached', 'retry_after': '6 hours 3 minutes'}"
168,U3gq6cIPD3Hy2aYQ,1745028682231,429,Access limit reached,"{'error': 'Access limit reached', 'retry_after': '6 hours 3 minutes'}"
168,U3gq6cIPD3Hy2aYQ,1745017611231,429,Access limit reached,"{'error': 'Access limit reached', 'retry_after': '6 hours 3 minutes'}"
168,U3gq6cIPD3Hy2aYQ,1745045477231,429,Access limit reached,"{'error': 'Access limit reached', 'retry_after': '6 hours 3 minutes'}"
168,U3gq6cIPD3Hy2aYQ,1745011509231,429,Access limit reached,"{'error': 'Access limit reached', 'retry_after': '6 hours 3 minutes'}"
168,U3gq6cIPD3Hy2aYQ,1745042540231,429,Access limit reached,"{'error': 'Access limit reached', 'retry_after': '6 hours 3 minutes'}"
168,U3gq6cIPD3Hy2aYQ,1745057491231,429,Access limit reached,"{'error': 'Access limit reached', 'retry_after': '6 hours 3 minutes'}"
168,U3gq6cIPD3Hy2aYQ,1745050296231,429,Access limit reached,"{'error': 'Access limit reached', 'retry_after': '6 hours 3 minutes'}"
168,U3gq6cIPD3Hy2aYQ,1745017693231,429,Access limit reached,"{'error': 'Access limit reached', 'retry_after': '6 hours 3 minutes'}"
168,U3gq6cIPD3Hy2aYQ,1745069242231,429,Access limit reached,"{'error': 'Access limit reached', 'retry_after': '6 hours 3 minutes'}"
168,U3gq6cIPD3Hy2aYQ,1745045036231,429,Access limit reached,"{'error': 'Access limit reached', 'retry_after': '6 hours 3 minutes'}"
168,U3gq6cIPD3Hy2aYQ,1745017780231,429,Access limit reached,"{'error': 'Access limit reached', 'retry_after': '6 hours 3 minutes'}"
168,U3gq6cIPD3Hy2aYQ,1745074063231,429,Access limit reached,"{'error': 'Access limit reached', 'retry_after': '6 hours 3 minutes'}"
168,U3gq6cIPD3Hy2aYQ,1745074297231,429,Access limit reached,"{'error': 'Access limit reached', 'retry_after': '6 hours 3 minutes'}"
168,U3gq6cIPD3Hy2aYQ,1745059974231,429,Access limit reached,"{'error': 'Access limit reached', 'retry_after': '6 hours 3 minutes'}"
168,U3gq6cIPD3Hy2aYQ,1745023654231,429,Access limit reached,"{'error': 'Access limit reached', 'retry_after': '6 hours 3 minutes'}"
168,U3gq6cIPD3Hy2aYQ,1745072401231,429,Access limit reached,"{'error': 'Access limit reached', 'retry_after': '6 hours 3 minutes'}"
168,U3gq6cIPD3Hy2aYQ,1745047920231,429,Access limit reached,"{'error': 'Access limit reached', 'retry_after': '6 hours 3 minutes'}"
168,U3gq6cIPD3Hy2aYQ,1745055738231,429,Access limit reached,"{'error': 'Access limit reached', 'retry_after': '6 hours 3 minutes'}"
168,U3gq6cIPD3Hy2aYQ,1745073711231,429,Access limit reached,"{'error': 'Access limit reached', 'retry_after': '6 hours 3 minutes'}"
168,U3gq6cIPD3Hy2aYQ,1745042937231,429,Access limit reached,"{'error': 'Access limit reached', 'retry_after': '6 hours 3 minutes'}"
168,U3gq6cIPD3Hy2aYQ,1745070616231,429,Access limit reached,"{'error': 'Access limit reached', 'retry_after': '6 hours 3 minutes'}"
168,U3gq6cIPD3Hy2aYQ,1745037080231,429,Access limit reached,"{'error': 'Access limit reached', 'retry_after': '6 hours 3 minutes'}"
169,h94anv2bwU2NJJkA,1745044456231,429,Access limit reached,"{'error': 'Access limit reached', 'retry_after': '6 hours 49 minutes'}"
169,h94anv2bwU2NJJkA,1745061022231,429,Access limit reached,"{'error': 'Access limit reached', 'retry_after': '6 hours 49 minutes'}"
169,h94anv2bwU2NJJkA,1745075975231,429,Access limit reached,"{'error': 'Access limit reached', 'retry_after': '6 hours 49 minutes'}"
169,h94anv2bwU2NJJkA,1745041503231,429,Access limit reached,"{'error': 'Access limit reached', 'retry_after': '6 hours 49 minutes'}"
169,h94anv2bwU2NJJkA,1745057350231,429,Access limit reached,"{'error': 'Access limit reached', 'retry_after': '6 hours 49 minutes'}"
169,h94anv2bwU2NJJkA,1745046632231,429,Access limit reached,"{'error': 'Access limit reached', 'retry_after': '6 hours 49 minutes'}"
169,h94anv2bwU2NJJkA,1745039153231,429,Access limit reached,"{'error': 'Access limit reached', 'retry_after': '6 hours 49 minutes'}"
169,h94anv2bwU2NJJkA,1745073276231,429,Access limit reached,"{'error': 'Access limit reached', 'retry_after': '6 hours 49 minutes'}"
169,h94anv2bwU2NJJkA,1745053246231,429,Access limit reached,"{'error': 'Access limit reached', 'retry_after': '6 hours 49 minutes'}"
169,h94anv2bwU2NJJkA,1745028584231,429,Access limit reached,"{'error': 'Access limit reached', 'retry_after': '6 hours 49 minutes'}"
169,h94anv2bwU2NJJkA,1745023649231,429,Access limit reached,"{'error': 'Access limit reached', 'retry_after': '6 hours 49 minutes'}"
169,h94anv2bwU2NJJkA,1745014348231,429,Access limit reached,"{'error': 'Access limit reached', 'retry_after': '6 hours 49 minutes'}"
169,h94anv2bwU2NJJkA,1745027710231,429,Access limit reached,"{'error': 'Access limit reached', 'retry_after': '6 hours 49 minutes'}"
169,h94anv2bwU2NJJkA,1745020096231,429,Access limit reached,"{'error': 'Access limit reached', 'retry_after': '6 hours 49 minutes'}"
169,h94anv2bwU2NJJkA,1745052763231,429,Access limit reached,"{'error': 'Access limit reached', 'retry_after': '6 hours 49 minutes'}"
169,h94anv2bwU2NJJkA,1745032934231,429,Access limit reached,"{'error': 'Access limit reached', 'retry_after': '6 hours 49 minutes'}"
169,h94anv2bwU2NJJkA,1745068798231,429,Access limit reached,"{'error': 'Access limit reached', 'retry_after': '6 hours 49 minutes'}"
169,h94anv2bwU2NJJkA,1745052389231,429,Access limit reached,"{'error': 'Access limit reached', 'retry_after': '6 hours 49 minutes'}"
169,h94anv2bwU2NJJkA,1745017748231,429,Access limit reached,"{'error': 'Access limit reached', 'retry_after': '6 hours 49 minutes'}"
169,h94anv2bwU2NJJkA,1745062411231,429,Access limit reached,"{'error': 'Access limit reached', 'retry_after': '6 hours 49 minutes'}"
169,h94anv2bwU2NJJkA,1745007173231,429,Access limit reached,"{'error': 'Access limit reached', 'retry_after': '6 hours 49 minutes'}"
169,h94anv2bwU2NJJkA,1745050423231,429,Access limit reached,"{'error': 'Access limit reached', 'retry_after': '6 hours 49 minutes'}"
169,h94anv2bwU2NJJkA,1745018276231,429,Access limit reached,"{'error': 'Access limit reached', 'retry_after': '6 hours 49 minutes'}"
169,h94anv2bwU2NJJkA,1745022396231,429,Access limit reached,"{'error': 'Access limit reached', 'retry_after': '6 hours 49 minutes'}"
169,h94anv2bwU2NJJkA,1745057188231,429,Access limit reached,"{'error': 'Access limit reached', 'retry_after': '6 hours 49 minutes'}"
169,h94anv2bwU2NJJkA,1745020517231,429,Access limit reached,"{'error': 'Access limit reached', 'retry_after': '6 hours 49 minutes'}"
169,h94anv2bwU2NJJkA,1745060371231,429,Access limit reached,"{'error': 'Access limit reached', 'retry_after': '6 hours 49 minutes'}"
169,h94anv2bwU2NJJkA,1745030306231,429,Access limit reached,"{'error': 'Access limit reached', 'retry_after': '6 hours 49 minutes'}"
169,h94anv2bwU2NJJkA,1745020541231,429,Access limit reached,"{'error': 'Access limit reached', 'retry_after': '6 hours 49 minutes'}"
169,h94anv2bwU2NJJkA,1745035989231,429,Access limit reached,"{'error': 'Access limit reached', 'retry_after': '6 hours 49 minutes'}"
169,h94anv2bwU2NJJkA,1745059433231,429,Access limit reached,"{'error': 'Access limit reached', 'retry_after': '6 hours 49 minutes'}"
169,h94anv2bwU2NJJkA,1745052413231,429,Access limit reached,"{'error': 'Access limit reached', 'retry_after': '6 hours 49 minutes'}"
169,h94anv2bwU2NJJkA,1745013701231,429,Access limit reached,"{'error': 'Access limit reached', 'retry_after': '6 hours 49 minutes'}"
169,h94anv2bwU2NJJkA,1745041658231,429,Access limit reached,"{'error': 'Access limit reached', 'retry_after': '6 hours 49 minutes'}"
169,h94anv2bwU2NJJkA,1745063497231,429,Access limit reached,"{'error': 'Access limit reached', 'retry_after': '6 hours 49 minutes'}"
169,h94anv2bwU2NJJkA,1745044546231,429,Access limit reached,"{'error': 'Access limit reached', 'retry_after': '6 hours 49 minutes'}"
169,h94anv2bwU2NJJkA,1745046656231,429,Access limit reached,"{'error': 'Access limit reached', 'retry_after': '6 hours 49 minutes'}"
169,h94anv2bwU2NJJkA,1745044457231,429,Access limit reached,"{'error': 'Access limit reached', 'retry_after': '6 hours 49 minutes'}"
169,h94anv2bwU2NJJkA,1745042009231,429,Access limit reached,"{'error': 'Access limit reached', 'retry_after': '6 hours 49 minutes'}"
170,h94anv2bwU2NJJkA,1745072239231,429,Access limit reached,"{'error': 'Access limit reached', 'retry_after': '6 hours 49 minutes'}"
170,h94anv2bwU2NJJkA,1745045606231,429,Access limit reached,"{'error': 'Access limit reached', 'retry_after': '6 hours 49 minutes'}"
170,h94anv2bwU2NJJkA,1745040500231,429,Access limit reached,"{'error': 'Access limit reached', 'retry_after': '6 hours 49 minutes'}"
170,h94anv2bwU2NJJkA,1745053861231,429,Access limit reached,"{'error': 'Access limit reached', 'retry_after': '6 hours 49 minutes'}"
170,h94anv2bwU2NJJkA,1745053825231,429,Access limit reached,"{'error': 'Access limit reached', 'retry_after': '6 hours 49 minutes'}"
170,h94anv2bwU2NJJkA,1745075006231,429,Access limit reached,"{'error': 'Access limit reached', 'retry_after': '6 hours 49 minutes'}"
170,h94anv2bwU2NJJkA,1745027178231,429,Access limit reached,"{'error': 'Access limit reached', 'retry_after': '6 hours 49 minutes'}"
170,h94anv2bwU2NJJkA,1745016671231,429,Access limit reached,"{'error': 'Access limit reached', 'retry_after': '6 hours 49 minutes'}"
170,h94anv2bwU2NJJkA,1745075781231,429,Access limit reached,"{'error': 'Access limit reached', 'retry_after': '6 hours 49 minutes'}"
170,h94anv2bwU2NJJkA,1745038597231,429,Access limit reached,"{'error': 'Access limit reached', 'retry_after': '6 hours 49 minutes'}"
170,h94anv2bwU2NJJkA,1745038218231,429,Access limit reached,"{'error': 'Access limit reached', 'retry_after': '6 hours 49 minutes'}"
170,h94anv2bwU2NJJkA,1745072945231,429,Access limit reached,"{'error': 'Access limit reached', 'retry_after': '6 hours 49 minutes'}"
170,h94anv2bwU2NJJkA,1745024735231,429,Access limit reached,"{'error': 'Access limit reached', 'retry_after': '6 hours 49 minutes'}"
170,h94anv2bwU2NJJkA,1745016949231,429,Access limit reached,"{'error': 'Access limit reached', 'retry_after': '6 hours 49 minutes'}"
170,h94anv2bwU2NJJkA,1745010630231,429,Access limit reached,"{'error': 'Access limit reached', 'retry_after': '6 hours 49 minutes'}"
170,h94anv2bwU2NJJkA,1745033408231,429,Access limit reached,"{'error': 'Access limit reached', 'retry_after': '6 hours 49 minutes'}"
170,h94anv2bwU2NJJkA,1745052739231,429,Access limit reached,"{'error': 'Access limit reached', 'retry_after': '6 hours 49 minutes'}"
170,h94anv2bwU2NJJkA,1745071880231,429,Access limit reached,"{'error': 'Access limit reached', 'retry_after': '6 hours 49 minutes'}"
170,h94anv2bwU2NJJkA,1745071116231,429,Access limit reached,"{'error': 'Access limit reached', 'retry_after': '6 hours 49 minutes'}"
170,h94anv2bwU2NJJkA,1745037009231,429,Access limit reached,"{'error': 'Access limit reached', 'retry_after': '6 hours 49 minutes'}"
170,h94anv2bwU2NJJkA,1745023533231,429,Access limit reached,"{'error': 'Access limit reached', 'retry_after': '6 hours 49 minutes'}"
170,h94anv2bwU2NJJkA,1745045130231,429,Access limit reached,"{'error': 'Access limit reached', 'retry_after': '6 hours 49 minutes'}"
170,h94anv2bwU2NJJkA,1745071585231,429,Access limit reached,"{'error': 'Access limit reached', 'retry_after': '6 hours 49 minutes'}"
170,h94anv2bwU2NJJkA,1745047560231,429,Access limit reached,"{'error': 'Access limit reached', 'retry_after': '6 hours 49 minutes'}"
170,h94anv2bwU2NJJkA,1745039119231,429,Access limit reached,"{'error': 'Access limit reached', 'retry_after': '6 hours 49 minutes'}"
170,h94anv2bwU2NJJkA,1745012795231,429,Access limit reached,"{'error': 'Access limit reached', 'retry_after': '6 hours 49 minutes'}"
170,h94anv2bwU2NJJkA,1745025675231,429,Access limit reached,"{'error': 'Access limit reached', 'retry_after': '6 hours 49 minutes'}"
170,h94anv2bwU2NJJkA,1745061038231,429,Access limit reached,"{'error': 'Access limit reached', 'retry_after': '6 hours 49 minutes'}"
170,h94anv2bwU2NJJkA,1745021361231,429,Access limit reached,"{'error': 'Access limit reached', 'retry_after': '6 hours 49 minutes'}"
170,h94anv2bwU2NJJkA,1745025257231,429,Access limit reached,"{'error': 'Access limit reached', 'retry_after': '6 hours 49 minutes'}"
170,h94anv2bwU2NJJkA,1745031252231,429,Access limit reached,"{'error': 'Access limit reached', 'retry_after': '6 hours 49 minutes'}"
170,h94anv2bwU2NJJkA,1745013830231,429,Access limit reached,"{'error': 'Access limit reached', 'retry_after': '6 hours 49 minutes'}"
170,h94anv2bwU2NJJkA,1745059709231,429,Access limit reached,"{'error': 'Access limit reached', 'retry_after': '6 hours 49 minutes'}"
170,h94anv2bwU2NJJkA,1745024600231,429,Access limit reached,"{'error': 'Access limit reached', 'retry_after': '6 hours 49 minutes'}"
170,h94anv2bwU2NJJkA,1745013395231,429,Access limit reached,"{'error': 'Access limit reached', 'retry_after': '6 hours 49 minutes'}"
170,h94anv2bwU2NJJkA,1745064725231,429,Access limit reached,"{'error': 'Access limit reached', 'retry_after': '6 hours 49 minutes'}"
170,h94anv2bwU2NJJkA,1745074585231,429,Access limit reached,"{'error': 'Access limit reached', 'retry_after': '6 hours 49 minutes'}"
170,h94anv2bwU2NJJkA,1745021101231,429,Access limit reached,"{'error': 'Access limit reached', 'retry_after': '6 hours 49 minutes'}"
170,h94anv2bwU2NJJkA,1745036858231,429,Access limit reached,"{'error': 'Access limit reached', 'retry_after': '6 hours 49 minutes'}"
170,h94anv2bwU2NJJkA,1745058341231,429,Access limit reached,"{'error': 'Access limit reached', 'retry_after': '6 hours 49 minutes'}"
170,h94anv2bwU2NJJkA,1745050922231,429,Access limit reached,"{'error': 'Access limit reached', 'retry_after': '6 hours 49 minutes'}"
170,h94anv2bwU2NJJkA,1745046170231,429,Access limit reached,"{'error': 'Access limit reached', 'retry_after': '6 hours 49 minutes'}"
170,h94anv2bwU2NJJkA,1745012071231,429,Access limit reached,"{'error': 'Access limit reached', 'retry_after': '6 hours 49 minutes'}"
170,h94anv2bwU2NJJkA,1745023873231,429,Access limit reached,"{'error': 'Access limit reached', 'retry_after': '6 hours 49 minutes'}"
170,h94anv2bwU2NJJkA,1745030312231,429,Access limit reached,"{'error': 'Access limit reached', 'retry_after': '6 hours 49 minutes'}"
171,IzFNSTGy3eHVyDTQ,1745022861231,429,Access limit reached,"{'error': 'Access limit reached', 'retry_after': '4 hours 42 minutes'}"
171,IzFNSTGy3eHVyDTQ,1745066652231,429,Access limit reached,"{'error': 'Access limit reached', 'retry_after': '4 hours 42 minutes'}"
171,IzFNSTGy3eHVyDTQ,1745008272231,429,Access limit reached,"{'error': 'Access limit reached', 'retry_after': '4 hours 42 minutes'}"
171,IzFNSTGy3eHVyDTQ,1745038312231,429,Access limit reached,"{'error': 'Access limit reached', 'retry_after': '4 hours 42 minutes'}"
171,IzFNSTGy3eHVyDTQ,1745053629231,429,Access limit reached,"{'error': 'Access limit reached', 'retry_after': '4 hours 42 minutes'}"
171,IzFNSTGy3eHVyDTQ,1745028785231,429,Access limit reached,"{'error': 'Access limit reached', 'retry_after': '4 hours 42 minutes'}"
171,IzFNSTGy3eHVyDTQ,1745072907231,429,Access limit reached,"{'error': 'Access limit reached', 'retry_after': '4 hours 42 minutes'}"
171,IzFNSTGy3eHVyDTQ,1745049069231,429,Access limit reached,"{'error': 'Access limit reached', 'retry_after': '4 hours 42 minutes'}"
171,IzFNSTGy3eHVyDTQ,1745050863231,429,Access limit reached,"{'error': 'Access limit reached', 'retry_after': '4 hours 42 minutes'}"
171,IzFNSTGy3eHVyDTQ,1745072595231,429,Access limit reached,"{'error': 'Access limit reached', 'retry_after': '4 hours 42 minutes'}"
171,IzFNSTGy3eHVyDTQ,1745068042231,429,Access limit reached,"{'error': 'Access limit reached', 'retry_after': '4 hours 42 minutes'}"
171,IzFNSTGy3eHVyDTQ,1745011387231,429,Access limit reached,"{'error': 'Access limit reached', 'retry_after': '4 hours 42 minutes'}"
171,IzFNSTGy3eHVyDTQ,1745032889231,429,Access limit reached,"{'error': 'Access limit reached', 'retry_after': '4 hours 42 minutes'}"
171,IzFNSTGy3eHVyDTQ,1745053846231,429,Access limit reached,"{'error': 'Access limit reached', 'retry_after': '4 hours 42 minutes'}"
171,IzFNSTGy3eHVyDTQ,1745032335231,429,Access limit reached,"{'error': 'Access limit reached', 'retry_after': '4 hours 42 minutes'}"
171,IzFNSTGy3eHVyDTQ,1745052339231,429,Access limit reached,"{'error': 'Access limit reached', 'retry_after': '4 hours 42 minutes'}"
171,IzFNSTGy3eHVyDTQ,1745015711231,429,Access limit reached,"{'error': 'Access limit reached', 'retry_after': '4 hours 42 minutes'}"
171,IzFNSTGy3eHVyDTQ,1745047996231,429,Access limit reached,"{'error': 'Access limit reached', 'retry_after': '4 hours 42 minutes'}"
171,IzFNSTGy3eHVyDTQ,1745011145231,429,Access limit reached,"{'error': 'Access limit reached', 'retry_after': '4 hours 42 minutes'}"
171,IzFNSTGy3eHVyDTQ,1745022991231,429,Access limit reached,"{'error': 'Access limit reached', 'retry_after': '4 hours 42 minutes'}"
171,IzFNSTGy3eHVyDTQ,1745011703231,429,Access limit reached,"{'error': 'Access limit reached', 'retry_after': '4 hours 42 minutes'}"
171,IzFNSTGy3eHVyDTQ,1745067109231,429,Access limit reached,"{'error': 'Access limit reached', 'retry_after': '4 hours 42 minutes'}"
171,IzFNSTGy3eHVyDTQ,1745017557231,429,Access limit reached,"{'error': 'Access limit reached', 'retry_after': '4 hours 42 minutes'}"
171,IzFNSTGy3eHVyDTQ,1745014161231,429,Access limit reached,"{'error': 'Access limit reached', 'retry_after': '4 hours 42 minutes'}"
171,IzFNSTGy3eHVyDTQ,1745068608231,429,Access limit reached,"{'error': 'Access limit reached', 'retry_after': '4 hours 42 minutes'}"
171,IzFNSTGy3eHVyDTQ,1745036787231,429,Access limit reached,"{'error': 'Access limit reached', 'retry_after': '4 hours 42 minutes'}"
171,IzFNSTGy3eHVyDTQ,1745015187231,429,Access limit reached,"{'error': 'Access limit reached', 'retry_after': '4 hours 42 minutes'}"
171,IzFNSTGy3eHVyDTQ,1745042095231,429,Access limit reached,"{'error': 'Access limit reached', 'retry_after': '4 hours 42 minutes'}"
171,IzFNSTGy3eHVyDTQ,1745032154231,429,Access limit reached,"{'error': 'Access limit reached', 'retry_after': '4 hours 42 minutes'}"
171,IzFNSTGy3eHVyDTQ,1745051664231,429,Access limit reached,"{'error': 'Access limit reached', 'retry_after': '4 hours 42 minutes'}"
171,IzFNSTGy3eHVyDTQ,1745016342231,429,Access limit reached,"{'error': 'Access limit reached', 'retry_after': '4 hours 42 minutes'}"
171,IzFNSTGy3eHVyDTQ,1745067527231,429,Access limit reached,"{'error': 'Access limit reached', 'retry_after': '4 hours 42 minutes'}"
171,IzFNSTGy3eHVyDTQ,1745075877231,429,Access limit reached,"{'error': 'Access limit reached', 'retry_after': '4 hours 42 minutes'}"
171,IzFNSTGy3eHVyDTQ,1745058557231,429,Access limit reached,"{'error': 'Access limit reached', 'retry_after': '4 hours 42 minutes'}"
171,IzFNSTGy3eHVyDTQ,1745035710231,429,Access limit reached,"{'error': 'Access limit reached', 'retry_after': '4 hours 42 minutes'}"
171,IzFNSTGy3eHVyDTQ,1745035909231,429,Access limit reached,"{'error': 'Access limit reached', 'retry_after': '4 hours 42 minutes'}"
171,IzFNSTGy3eHVyDTQ,1745017564231,429,Access limit reached,"{'error': 'Access limit reached', 'retry_after': '4 hours 42 minutes'}"
171,IzFNSTGy3eHVyDTQ,1745020502231,429,Access limit reached,"{'error': 'Access limit reached', 'retry_after': '4 hours 42 minutes'}"
171,IzFNSTGy3eHVyDTQ,1745049832231,429,Access limit reached,"{'error': 'Access limit reached', 'retry_after': '4 hours 42 minutes'}"
171,IzFNSTGy3eHVyDTQ,1745067695231,429,Access limit reached,"{'error': 'Access limit reached', 'retry_after': '4 hours 42 minutes'}"
171,IzFNSTGy3eHVyDTQ,1745073215231,429,Access limit reached,"{'error': 'Access limit reached', 'retry_after': '4 hours 42 minutes'}"
172,XxbRFGNYZnZSAQYX,1745013955231,429,Access limit reached,"{'error': 'Access limit reached', 'retry_after': '4 hours 48 minutes'}"
172,XxbRFGNYZnZSAQYX,1745053093231,429,Access limit reached,"{'error': 'Access limit reached', 'retry_after': '4 hours 48 minutes'}"
172,XxbRFGNYZnZSAQYX,1745036361231,429,Access limit reached,"{'error': 'Access limit reached', 'retry_after': '4 hours 48 minutes'}"
172,XxbRFGNYZnZSAQYX,1745024832231,429,Access limit reached,"{'error': 'Access limit reached', 'retry_after': '4 hours 48 minutes'}"
172,XxbRFGNYZnZSAQYX,1745064302231,429,Access limit reached,"{'error': 'Access limit reached', 'retry_after': '4 hours 48 minutes'}"
172,XxbRFGNYZnZSAQYX,1745061095231,429,Access limit reached,"{'error': 'Access limit reached', 'retry_after': '4 hours 48 minutes'}"
172,XxbRFGNYZnZSAQYX,1745013555231,429,Access limit reached,"{'error': 'Access limit reached', 'retry_after': '4 hours 47 minutes'}"
172,XxbRFGNYZnZSAQYX,1745026741231,429,Access limit reached,"{'error': 'Access limit reached', 'retry_after': '4 hours 47 minutes'}"
172,XxbRFGNYZnZSAQYX,1745075143231,429,Access limit reached,"{'error': 'Access limit reached', 'retry_after': '4 hours 47 minutes'}"
172,XxbRFGNYZnZSAQYX,1745056336231,429,Access limit reached,"{'error': 'Access limit reached', 'retry_after': '4 hours 47 minutes'}"
172,XxbRFGNYZnZSAQYX,1745016260231,429,Access limit reached,"{'error': 'Access limit reached', 'retry_after': '4 hours 47 minutes'}"
172,XxbRFGNYZnZSAQYX,1745012124231,429,Access limit reached,"{'error': 'Access limit reached', 'retry_after': '4 hours 47 minutes'}"
172,XxbRFGNYZnZSAQYX,1745064509231,429,Access limit reached,"{'error': 'Access limit reached', 'retry_after': '4 hours 47 minutes'}"
172,XxbRFGNYZnZSAQYX,1745010830231,429,Access limit reached,"{'error': 'Access limit reached', 'retry_after': '4 hours 47 minutes'}"
172,XxbRFGNYZnZSAQYX,1745018470231,429,Access limit reached,"{'error': 'Access limit reached', 'retry_after': '4 hours 47 minutes'}"
172,XxbRFGNYZnZSAQYX,1745077605231,429,Access limit reached,"{'error': 'Access limit reached', 'retry_after': '4 hours 47 minutes'}"
172,XxbRFGNYZnZSAQYX,1745062940231,429,Access limit reached,"{'error': 'Access limit reached', 'retry_after': '4 hours 47 minutes'}"
172,XxbRFGNYZnZSAQYX,1745059824231,429,Access limit reached,"{'error': 'Access limit reached', 'retry_after': '4 hours 47 minutes'}"
172,XxbRFGNYZnZSAQYX,1745012808231,429,Access limit reached,"{'error': 'Access limit reached', 'retry_after': '4 hours 47 minutes'}"
172,XxbRFGNYZnZSAQYX,1745038220231,429,Access limit reached,"{'error': 'Access limit reached', 'retry_after': '4 hours 47 minutes'}"
172,XxbRFGNYZnZSAQYX,1745014033231,429,Access limit reached,"{'error': 'Access limit reached', 'retry_after': '4 hours 47 minutes'}"
172,XxbRFGNYZnZSAQYX,1745042740231,429,Access limit reached,"{'error': 'Access limit reached', 'retry_after': '4 hours 47 minutes'}"
172,XxbRFGNYZnZSAQYX,1745020881231,429,Access limit reached,"{'error': 'Access limit reached', 'retry_after': '4 hours 47 minutes'}"
172,XxbRFGNYZnZSAQYX,1745073930231,429,Access limit reached,"{'error': 'Access limit reached', 'retry_after': '4 hours 47 minutes'}"
172,XxbRFGNYZnZSAQYX,1745053425231,429,Access limit reached,"{'error': 'Access limit reached', 'retry_after': '4 hours 47 minutes'}"
172,XxbRFGNYZnZSAQYX,1745028330231,429,Access limit reached,"{'error': 'Access limit reached', 'retry_after': '4 hours 47 minutes'}"
172,XxbRFGNYZnZSAQYX,1745034420231,429,Access limit reached,"{'error': 'Access limit reached', 'retry_after': '4 hours 47 minutes'}"
172,XxbRFGNYZnZSAQYX,1745031972231,429,Access limit reached,"{'error': 'Access limit reached', 'retry_after': '4 hours 47 minutes'}"
172,XxbRFGNYZnZSAQYX,1745054491231,429,Access limit reached,"{'error': 'Access limit reached', 'retry_after': '4 hours 47 minutes'}"
172,XxbRFGNYZnZSAQYX,1745054196231,429,Access limit reached,"{'error': 'Access limit reached', 'retry_after': '4 hours 47 minutes'}"
172,XxbRFGNYZnZSAQYX,1745066359231,429,Access limit reached,"{'error': 'Access limit reached', 'retry_after': '4 hours 47 minutes'}"
172,XxbRFGNYZnZSAQYX,1745071508231,429,Access limit reached,"{'error': 'Access limit reached', 'retry_after': '4 hours 47 minutes'}"
172,XxbRFGNYZnZSAQYX,1745037881231,429,Access limit reached,"{'error': 'Access limit reached', 'retry_after': '4 hours 47 minutes'}"
172,XxbRFGNYZnZSAQYX,1745066151231,429,Access limit reached,"{'error': 'Access limit reached', 'retry_after': '4 hours 47 minutes'}"
173,sZaWrwSAC0YhuHOq,1745073523231,429,Access limit reached,"{'error': 'Access limit reached', 'retry_after': '4 hours 56 minutes'}"
173,sZaWrwSAC0YhuHOq,1745078041231,429,Access limit reached,"{'error': 'Access limit reached', 'retry_after': '4 hours 56 minutes'}"
173,sZaWrwSAC0YhuHOq,1745074565231,429,Access limit reached,"{'error': 'Access limit reached', 'retry_after': '4 hours 56 minutes'}"
173,sZaWrwSAC0YhuHOq,1745019892231,429,Access limit reached,"{'error': 'Access limit reached', 'retry_after': '4 hours 56 minutes'}"
173,sZaWrwSAC0YhuHOq,1745012138231,429,Access limit reached,"{'error': 'Access limit reached', 'retry_after': '4 hours 56 minutes'}"
173,sZaWrwSAC0YhuHOq,1745028242231,429,Access limit reached,"{'error': 'Access limit reached', 'retry_after': '4 hours 56 minutes'}"
173,sZaWrwSAC0YhuHOq,1745034527231,429,Access limit reached,"{'error': 'Access limit reached', 'retry_after': '4 hours 56 minutes'}"
173,sZaWrwSAC0YhuHOq,1745060346231,429,Access limit reached,"{'error': 'Access limit reached', 'retry_after': '4 hours 56 minutes'}"
173,sZaWrwSAC0YhuHOq,1745019535231,429,Access limit reached,"{'error': 'Access limit reached', 'retry_after': '4 hours 56 minutes'}"
173,sZaWrwSAC0YhuHOq,1745009250231,429,Access limit reached,"{'error': 'Access limit reached', 'retry_after': '4 hours 56 minutes'}"
173,sZaWrwSAC0YhuHOq,1745012801231,429,Access limit reached,"{'error': 'Access limit reached', 'retry_after': '4 hours 56 minutes'}"
173,sZaWrwSAC0YhuHOq,1745022686231,429,Access limit reached,"{'error': 'Access limit reached', 'retry_after': '4 hours 56 minutes'}"
173,sZaWrwSAC0YhuHOq,1745067288231,429,Access limit reached,"{'error': 'Access limit reached', 'retry_after': '4 hours 56 minutes'}"
173,sZaWrwSAC0YhuHOq,1745053169231,429,Access limit reached,"{'error': 'Access limit reached', 'retry_after': '4 hours 56 minutes'}"
173,sZaWrwSAC0YhuHOq,1745026066231,429,Access limit reached,"{'error': 'Access limit reached', 'retry_after': '4 hours 56 minutes'}"
173,sZaWrwSAC0YhuHOq,1745073367231,429,Access limit reached,"{'error': 'Access limit reached', 'retry_after': '4 hours 56 minutes'}"
173,sZaWrwSAC0YhuHOq,1745076522231,429,Access limit reached,"{'error': 'Access limit reached', 'retry_after': '4 hours 56 minutes'}"
173,sZaWrwSAC0YhuHOq,1745026732231,429,Access limit reached,"{'error': 'Access limit reached', 'retry_after': '4 hours 56 minutes'}"
173,sZaWrwSAC0YhuHOq,1745074844231,429,Access limit reached,"{'error': 'Access limit reached', 'retry_after': '4 hours 56 minutes'}"
173,sZaWrwSAC0YhuHOq,1745063644231,429,Access limit reached,"{'error': 'Access limit reached', 'retry_after': '4 hours 56 minutes'}"
173,sZaWrwSAC0YhuHOq,1745053273231,429,Access limit reached,"{'error': 'Access limit reached', 'retry_after': '4 hours 56 minutes'}"
173,sZaWrwSAC0YhuHOq,1745071874231,429,Access limit reached,"{'error': 'Access limit reached', 'retry_after': '4 hours 56 minutes'}"
173,sZaWrwSAC0YhuHOq,1745007276231,429,Access limit reached,"{'error': 'Access limit reached', 'retry_after': '4 hours 56 minutes'}"
173,sZaWrwSAC0YhuHOq,1745037495231,429,Access limit reached,"{'error': 'Access limit reached', 'retry_after': '4 hours 56 minutes'}"
173,sZaWrwSAC0YhuHOq,1745040266231,429,Access limit reached,"{'error': 'Access limit reached', 'retry_after': '4 hours 56 minutes'}"
173,sZaWrwSAC0YhuHOq,1745047897231,429,Access limit reached,"{'error': 'Access limit reached', 'retry_after': '4 hours 56 minutes'}"
173,sZaWrwSAC0YhuHOq,1745024168231,429,Access limit reached,"{'error': 'Access limit reached', 'retry_after': '4 hours 56 minutes'}"
173,sZaWrwSAC0YhuHOq,1745014972231,429,Access limit reached,"{'error': 'Access limit reached', 'retry_after': '4 hours 56 minutes'}"
173,sZaWrwSAC0YhuHOq,1745050653231,429,Access limit reached,"{'error': 'Access limit reached', 'retry_after': '4 hours 56 minutes'}"
173,sZaWrwSAC0YhuHOq,1745034644231,429,Access limit reached,"{'error': 'Access limit reached', 'retry_after': '4 hours 56 minutes'}"
173,sZaWrwSAC0YhuHOq,1745012817231,429,Access limit reached,"{'error': 'Access limit reached', 'retry_after': '4 hours 56 minutes'}"
173,sZaWrwSAC0YhuHOq,1745057139231,429,Access limit reached,"{'error': 'Access limit reached', 'retry_after': '4 hours 56 minutes'}"
173,sZaWrwSAC0YhuHOq,1745037384231,429,Access limit reached,"{'error': 'Access limit reached', 'retry_after': '4 hours 56 minutes'}"
173,sZaWrwSAC0YhuHOq,1745013275231,429,Access limit reached,"{'error': 'Access limit reached', 'retry_after': '4 hours 56 minutes'}"
173,sZaWrwSAC0YhuHOq,1745031813231,429,Access limit reached,"{'error': 'Access limit reached', 'retry_after': '4 hours 56 minutes'}"
173,sZaWrwSAC0YhuHOq,1745057115231,429,Access limit reached,"{'error': 'Access limit reached', 'retry_after': '4 hours 56 minutes'}"
174,3nBKrhW1fBAghtFJ,1745064148231,429,Access limit reached,"{'error': 'Access limit reached', 'retry_after': '4 hours 51 minutes'}"
174,3nBKrhW1fBAghtFJ,1745073969231,429,Access limit reached,"{'error': 'Access limit reached', 'retry_after': '4 hours 51 minutes'}"
174,3nBKrhW1fBAghtFJ,1745076402231,429,Access limit reached,"{'error': 'Access limit reached', 'retry_after': '4 hours 51 minutes'}"
174,3nBKrhW1fBAghtFJ,1745030119231,429,Access limit reached,"{'error': 'Access limit reached', 'retry_after': '4 hours 51 minutes'}"
174,3nBKrhW1fBAghtFJ,1745008115231,429,Access limit reached,"{'error': 'Access limit reached', 'retry_after': '4 hours 51 minutes'}"
174,3nBKrhW1fBAghtFJ,1745022148231,429,Access limit reached,"{'error': 'Access limit reached', 'retry_after': '4 hours 51 minutes'}"
174,3nBKrhW1fBAghtFJ,1745058094231,429,Access limit reached,"{'error': 'Access limit reached', 'retry_after': '4 hours 51 minutes'}"
174,3nBKrhW1fBAghtFJ,1745037026231,429,Access limit reached,"{'error': 'Access limit reached', 'retry_after': '4 hours 51 minutes'}"
174,3nBKrhW1fBAghtFJ,1745024282231,429,Access limit reached,"{'error': 'Access limit reached', 'retry_after': '4 hours 51 minutes'}"
174,3nBKrhW1fBAghtFJ,1745034159231,429,Access limit reached,"{'error': 'Access limit reached', 'retry_after': '4 hours 51 minutes'}"
174,3nBKrhW1fBAghtFJ,1745032648231,429,Access limit reached,"{'error': 'Access limit reached', 'retry_after': '4 hours 51 minutes'}"
174,3nBKrhW1fBAghtFJ,1745031148231,429,Access limit reached,"{'error': 'Access limit reached', 'retry_after': '4 hours 51 minutes'}"
174,3nBKrhW1fBAghtFJ,1745011004231,429,Access limit reached,"{'error': 'Access limit reached', 'retry_after': '4 hours 51 minutes'}"
174,3nBKrhW1fBAghtFJ,1745028735231,429,Access limit reached,"{'error': 'Access limit reached', 'retry_after': '4 hours 51 minutes'}"
174,3nBKrhW1fBAghtFJ,1745049755231,429,Access limit reached,"{'error': 'Access limit reached', 'retry_after': '4 hours 51 minutes'}"
174,3nBKrhW1fBAghtFJ,1745063703231,429,Access limit reached,"{'error': 'Access limit reached', 'retry_after': '4 hours 51 minutes'}"
174,3nBKrhW1fBAghtFJ,1745024338231,429,Access limit reached,"{'error': 'Access limit reached', 'retry_after': '4 hours 51 minutes'}"
174,3nBKrhW1fBAghtFJ,1745007333231,429,Access limit reached,"{'error': 'Access limit reached', 'retry_after': '4 hours 51 minutes'}"
174,3nBKrhW1fBAghtFJ,1745042807231,429,Access limit reached,"{'error': 'Access limit reached', 'retry_after': '4 hours 51 minutes'}"
174,3nBKrhW1fBAghtFJ,1745074917231,429,Access limit reached,"{'error': 'Access limit reached', 'retry_after': '4 hours 51 minutes'}"
174,3nBKrhW1fBAghtFJ,1745032579231,429,Access limit reached,"{'error': 'Access limit reached', 'retry_after': '4 hours 51 minutes'}"
174,3nBKrhW1fBAghtFJ,1745050221231,429,Access limit reached,"{'error': 'Access limit reached', 'retry_after': '4 hours 51 minutes'}"
174,3nBKrhW1fBAghtFJ,1745043695231,429,Access limit reached,"{'error': 'Access limit reached', 'retry_after': '4 hours 51 minutes'}"
174,3nBKrhW1fBAghtFJ,1745027830231,429,Access limit reached,"{'error': 'Access limit reached', 'retry_after': '4 hours 51 minutes'}"
174,3nBKrhW1fBAghtFJ,1745064740231,429,Access limit reached,"{'error': 'Access limit reached', 'retry_after': '4 hours 51 minutes'}"
174,3nBKrhW1fBAghtFJ,1745068723231,429,Access limit reached,"{'error': 'Access limit reached', 'retry_after': '4 hours 51 minutes'}"
174,3nBKrhW1fBAghtFJ,1745078719231,429,Access limit reached,"{'error': 'Access limit reached', 'retry_after': '4 hours 51 minutes'}"
174,3nBKrhW1fBAghtFJ,1745036105231,429,Access limit reached,"{'error': 'Access limit reached', 'retry_after': '4 hours 51 minutes'}"
174,3nBKrhW1fBAghtFJ,1745011447231,429,Access limit reached,"{'error': 'Access limit reached', 'retry_after': '4 hours 51 minutes'}"
174,3nBKrhW1fBAghtFJ,1745057608231,429,Access limit reached,"{'error': 'Access limit reached', 'retry_after': '4 hours 51 minutes'}"
174,3nBKrhW1fBAghtFJ,1745075384231,429,Access limit reached,"{'error': 'Access limit reached', 'retry_after': '4 hours 51 minutes'}"
174,3nBKrhW1fBAghtFJ,1745051165231,429,Access limit reached,"{'error': 'Access limit reached', 'retry_after': '4 hours 51 minutes'}"
174,3nBKrhW1fBAghtFJ,1745010093231,429,Access limit reached,"{'error': 'Access limit reached', 'retry_after': '4 hours 51 minutes'}"
174,3nBKrhW1fBAghtFJ,1745038906231,429,Access limit reached,"{'error': 'Access limit reached', 'retry_after': '4 hours 51 minutes'}"
174,3nBKrhW1fBAghtFJ,1745027241231,429,Access limit reached,"{'error': 'Access limit reached', 'retry_after': '4 hours 51 minutes'}"
174,3nBKrhW1fBAghtFJ,1745072520231,429,Access limit reached,"{'error': 'Access limit reached', 'retry_after': '4 hours 51 minutes'}"
174,3nBKrhW1fBAghtFJ,1745008669231,429,Access limit reached,"{'error': 'Access limit reached', 'retry_after': '4 hours 51 minutes'}"
174,3nBKrhW1fBAghtFJ,1745023465231,429,Access limit reached,"{'error': 'Access limit reached', 'retry_after': '4 hours 51 minutes'}"
174,3nBKrhW1fBAghtFJ,1745028480231,429,Access limit reached,"{'error': 'Access limit reached', 'retry_after': '4 hours 51 minutes'}"
174,3nBKrhW1fBAghtFJ,1745072201231,429,Access limit reached,"{'error': 'Access limit reached', 'retry_after': '4 hours 51 minutes'}"
174,3nBKrhW1fBAghtFJ,1745024271231,429,Access limit reached,"{'error': 'Access limit reached', 'retry_after': '4 hours 51 minutes'}"
174,3nBKrhW1fBAghtFJ,1745065743231,429,Access limit reached,"{'error': 'Access limit reached', 'retry_after': '4 hours 51 minutes'}"
174,3nBKrhW1fBAghtFJ,1745065104231,429,Access limit reached,"{'error': 'Access limit reached', 'retry_after': '4 hours 51 minutes'}"
175,h94anv2bwU2NJJkA,1745052990231,429,Access limit reached,"{'error': 'Access limit reached', 'retry_after': '6 hours 49 minutes'}"
175,h94anv2bwU2NJJkA,1745037905231,429,Access limit reached,"{'error': 'Access limit reached', 'retry_after': '6 hours 49 minutes'}"
175,h94anv2bwU2NJJkA,1745073934231,429,Access limit reached,"{'error': 'Access limit reached', 'retry_after': '6 hours 49 minutes'}"
175,h94anv2bwU2NJJkA,1745047504231,429,Access limit reached,"{'error': 'Access limit reached', 'retry_after': '6 hours 49 minutes'}"
175,h94anv2bwU2NJJkA,1745024349231,429,Access limit reached,"{'error': 'Access limit reached', 'retry_after': '6 hours 49 minutes'}"
175,h94anv2bwU2NJJkA,1745031570231,429,Access limit reached,"{'error': 'Access limit reached', 'retry_after': '6 hours 49 minutes'}"
175,h94anv2bwU2NJJkA,1745012891231,429,Access limit reached,"{'error': 'Access limit reached', 'retry_after': '6 hours 49 minutes'}"
175,h94anv2bwU2NJJkA,1745009789231,429,Access limit reached,"{'error': 'Access limit reached', 'retry_after': '6 hours 49 minutes'}"
175,h94anv2bwU2NJJkA,1745015399231,429,Access limit reached,"{'error': 'Access limit reached', 'retry_after': '6 hours 49 minutes'}"
175,h94anv2bwU2NJJkA,1745018699231,429,Access limit reached,"{'error': 'Access limit reached', 'retry_after': '6 hours 49 minutes'}"
175,h94anv2bwU2NJJkA,1745052140231,429,Access limit reached,"{'error': 'Access limit reached', 'retry_after': '6 hours 49 minutes'}"
175,h94anv2bwU2NJJkA,1745064608231,429,Access limit reached,"{'error': 'Access limit reached', 'retry_after': '6 hours 49 minutes'}"
175,h94anv2bwU2NJJkA,1745017073231,429,Access limit reached,"{'error': 'Access limit reached', 'retry_after': '6 hours 49 minutes'}"
175,h94anv2bwU2NJJkA,1745056450231,429,Access limit reached,"{'error': 'Access limit reached', 'retry_after': '6 hours 49 minutes'}"
175,h94anv2bwU2NJJkA,1745017588231,429,Access limit reached,"{'error': 'Access limit reached', 'retry_after': '6 hours 49 minutes'}"
175,h94anv2bwU2NJJkA,1745012576231,429,Access limit reached,"{'error': 'Access limit reached', 'retry_after': '6 hours 49 minutes'}"
175,h94anv2bwU2NJJkA,1745052586231,429,Access limit reached,"{'error': 'Access limit reached', 'retry_after': '6 hours 49 minutes'}"
175,h94anv2bwU2NJJkA,1745027482231,429,Access limit reached,"{'error': 'Access limit reached', 'retry_after': '6 hours 49 minutes'}"
175,h94anv2bwU2NJJkA,1745031871231,429,Access limit reached,"{'error': 'Access limit reached', 'retry_after': '6 hours 49 minutes'}"
175,h94anv2bwU2NJJkA,1745065174231,429,Access limit reached,"{'error': 'Access limit reached', 'retry_after': '6 hours 49 minutes'}"
175,h94anv2bwU2NJJkA,1745020841231,429,Access limit reached,"{'error': 'Access limit reached', 'retry_after': '6 hours 49 minutes'}"
175,h94anv2bwU2NJJkA,1745051296231,429,Access limit reached,"{'error': 'Access limit reached', 'retry_after': '6 hours 49 minutes'}"
175,h94anv2bwU2NJJkA,1745063683231,429,Access limit reached,"{'error': 'Access limit reached', 'retry_after': '6 hours 49 minutes'}"
175,h94anv2bwU2NJJkA,1745060280231,429,Access limit reached,"{'error': 'Access limit reached', 'retry_after': '6 hours 49 minutes'}"
175,h94anv2bwU2NJJkA,1745053664231,429,Access limit reached,"{'error': 'Access limit reached', 'retry_after': '6 hours 49 minutes'}"
175,h94anv2bwU2NJJkA,1745020490231,429,Access limit reached,"{'error': 'Access limit reached', 'retry_after': '6 hours 49 minutes'}"
175,h94anv2bwU2NJJkA,1745034114231,429,Access limit reached,"{'error': 'Access limit reached', 'retry_after': '6 hours 49 minutes'}"
175,h94anv2bwU2NJJkA,1745029379231,429,Access limit reached,"{'error': 'Access limit reached', 'retry_after': '6 hours 49 minutes'}"
175,h94anv2bwU2NJJkA,1745028318231,429,Access limit reached,"{'error': 'Access limit reached', 'retry_after': '6 hours 49 minutes'}"
175,h94anv2bwU2NJJkA,1745060503231,429,Access limit reached,"{'error': 'Access limit reached', 'retry_after': '6 hours 49 minutes'}"
175,h94anv2bwU2NJJkA,1745072485231,429,Access limit reached,"{'error': 'Access limit reached', 'retry_after': '6 hours 49 minutes'}"
175,h94anv2bwU2NJJkA,1745007190231,429,Access limit reached,"{'error': 'Access limit reached', 'retry_after': '6 hours 49 minutes'}"
175,h94anv2bwU2NJJkA,1745060727231,429,Access limit reached,"{'error': 'Access limit reached', 'retry_after': '6 hours 49 minutes'}"
175,h94anv2bwU2NJJkA,1745052904231,429,Access limit reached,"{'error': 'Access limit reached', 'retry_after': '6 hours 49 minutes'}"
175,h94anv2bwU2NJJkA,1745034287231,429,Access limit reached,"{'error': 'Access limit reached', 'retry_after': '6 hours 49 minutes'}"
175,h94anv2bwU2NJJkA,1745064365231,429,Access limit reached,"{'error': 'Access limit reached', 'retry_after': '6 hours 49 minutes'}"
175,h94anv2bwU2NJJkA,1745056230231,429,Access limit reached,"{'error': 'Access limit reached', 'retry_after': '6 hours 49 minutes'}"
175,h94anv2bwU2NJJkA,1745034923231,429,Access limit reached,"{'error': 'Access limit reached', 'retry_after': '6 hours 49 minutes'}"
176,sZaWrwSAC0YhuHOq,1745069805231,429,Access limit reached,"{'error': 'Access limit reached', 'retry_after': '4 hours 56 minutes'}"
176,sZaWrwSAC0YhuHOq,1745039299231,429,Access limit reached,"{'error': 'Access limit reached', 'retry_after': '4 hours 56 minutes'}"
176,sZaWrwSAC0YhuHOq,1745033211231,429,Access limit reached,"{'error': 'Access limit reached', 'retry_after': '4 hours 56 minutes'}"
176,sZaWrwSAC0YhuHOq,1745078796231,429,Access limit reached,"{'error': 'Access limit reached', 'retry_after': '4 hours 56 minutes'}"
176,sZaWrwSAC0YhuHOq,1745030704231,429,Access limit reached,"{'error': 'Access limit reached', 'retry_after': '4 hours 56 minutes'}"
176,sZaWrwSAC0YhuHOq,1745073120231,429,Access limit reached,"{'error': 'Access limit reached', 'retry_after': '4 hours 56 minutes'}"
176,sZaWrwSAC0YhuHOq,1745026806231,429,Access limit reached,"{'error': 'Access limit reached', 'retry_after': '4 hours 56 minutes'}"
176,sZaWrwSAC0YhuHOq,1745047525231,429,Access limit reached,"{'error': 'Access limit reached', 'retry_after': '4 hours 56 minutes'}"
176,sZaWrwSAC0YhuHOq,1745057459231,429,Access limit reached,"{'error': 'Access limit reached', 'retry_after': '4 hours 56 minutes'}"
176,sZaWrwSAC0YhuHOq,1745028820231,429,Access limit reached,"{'error': 'Access limit reached', 'retry_after': '4 hours 56 minutes'}"
176,sZaWrwSAC0YhuHOq,1745021635231,429,Access limit reached,"{'error': 'Access limit reached', 'retry_after': '4 hours 56 minutes'}"
176,sZaWrwSAC0YhuHOq,1745015715231,429,Access limit reached,"{'error': 'Access limit reached', 'retry_after': '4 hours 56 minutes'}"
176,sZaWrwSAC0YhuHOq,1745007364231,429,Access limit reached,"{'error': 'Access limit reached', 'retry_after': '4 hours 56 minutes'}"
176,sZaWrwSAC0YhuHOq,1745052718231,429,Access limit reached,"{'error': 'Access limit reached', 'retry_after': '4 hours 56 minutes'}"
176,sZaWrwSAC0YhuHOq,1745047767231,429,Access limit reached,"{'error': 'Access limit reached', 'retry_after': '4 hours 56 minutes'}"
176,sZaWrwSAC0YhuHOq,1745057258231,429,Access limit reached,"{'error': 'Access limit reached', 'retry_after': '4 hours 56 minutes'}"
176,sZaWrwSAC0YhuHOq,1745060442231,429,Access limit reached,"{'error': 'Access limit reached', 'retry_after': '4 hours 56 minutes'}"
176,sZaWrwSAC0YhuHOq,1745041974231,429,Access limit reached,"{'error': 'Access limit reached', 'retry_after': '4 hours 56 minutes'}"
176,sZaWrwSAC0YhuHOq,1745007918231,429,Access limit reached,"{'error': 'Access limit reached', 'retry_after': '4 hours 56 minutes'}"
176,sZaWrwSAC0YhuHOq,1745051238231,429,Access limit reached,"{'error': 'Access limit reached', 'retry_after': '4 hours 56 minutes'}"
176,sZaWrwSAC0YhuHOq,1745055157231,429,Access limit reached,"{'error': 'Access limit reached', 'retry_after': '4 hours 56 minutes'}"
176,sZaWrwSAC0YhuHOq,1745074542231,429,Access limit reached,"{'error': 'Access limit reached', 'retry_after': '4 hours 56 minutes'}"
176,sZaWrwSAC0YhuHOq,1745064907231,429,Access limit reached,"{'error': 'Access limit reached', 'retry_after': '4 hours 56 minutes'}"
176,sZaWrwSAC0YhuHOq,1745030663231,429,Access limit reached,"{'error': 'Access limit reached', 'retry_after': '4 hours 56 minutes'}"
176,sZaWrwSAC0YhuHOq,1745044003231,429,Access limit reached,"{'error': 'Access limit reached', 'retry_after': '4 hours 56 minutes'}"
176,sZaWrwSAC0YhuHOq,1745050674231,429,Access limit reached,"{'error': 'Access limit reached', 'retry_after': '4 hours 56 minutes'}"
176,sZaWrwSAC0YhuHOq,1745018020231,429,Access limit reached,"{'error': 'Access limit reached', 'retry_after': '4 hours 56 minutes'}"
176,sZaWrwSAC0YhuHOq,1745049397231,429,Access limit reached,"{'error': 'Access limit reached', 'retry_after': '4 hours 56 minutes'}"
177,z0JDHDmlF0xC3xmv,1745073562231,429,Access limit reached,"{'error': 'Access limit reached', 'retry_after': '6 hours 14 minutes'}"
177,z0JDHDmlF0xC3xmv,1745074517231,429,Access limit reached,"{'error': 'Access limit reached', 'retry_after': '6 hours 14 minutes'}"
177,z0JDHDmlF0xC3xmv,1745065469231,429,Access limit reached,"{'error': 'Access limit reached', 'retry_after': '6 hours 14 minutes'}"
177,z0JDHDmlF0xC3xmv,1745077594231,429,Access limit reached,"{'error': 'Access limit reached', 'retry_after': '6 hours 14 minutes'}"
177,z0JDHDmlF0xC3xmv,1745023826231,429,Access limit reached,"{'error': 'Access limit reached', 'retry_after': '6 hours 14 minutes'}"
177,z0JDHDmlF0xC3xmv,1745051388231,429,Access limit reached,"{'error': 'Access limit reached', 'retry_after': '6 hours 14 minutes'}"
177,z0JDHDmlF0xC3xmv,1745012523231,429,Access limit reached,"{'error': 'Access limit reached', 'retry_after': '6 hours 14 minutes'}"
177,z0JDHDmlF0xC3xmv,1745064951231,429,Access limit reached,"{'error': 'Access limit reached', 'retry_after': '6 hours 14 minutes'}"
177,z0JDHDmlF0xC3xmv,1745050909231,429,Access limit reached,"{'error': 'Access limit reached', 'retry_after': '6 hours 14 minutes'}"
177,z0JDHDmlF0xC3xmv,1745072119231,429,Access limit reached,"{'error': 'Access limit reached', 'retry_after': '6 hours 14 minutes'}"
177,z0JDHDmlF0xC3xmv,1745020189231,429,Access limit reached,"{'error': 'Access limit reached', 'retry_after': '6 hours 13 minutes'}"
177,z0JDHDmlF0xC3xmv,1745020010231,429,Access limit reached,"{'error': 'Access limit reached', 'retry_after': '6 hours 13 minutes'}"
177,z0JDHDmlF0xC3xmv,1745020896231,429,Access limit reached,"{'error': 'Access limit reached', 'retry_after': '6 hours 13 minutes'}"
177,z0JDHDmlF0xC3xmv,1745035487231,429,Access limit reached,"{'error': 'Access limit reached', 'retry_after': '6 hours 13 minutes'}"
177,z0JDHDmlF0xC3xmv,1745071035231,429,Access limit reached,"{'error': 'Access limit reached', 'retry_after': '6 hours 13 minutes'}"
177,z0JDHDmlF0xC3xmv,1745047423231,429,Access limit reached,"{'error': 'Access limit reached', 'retry_after': '6 hours 13 minutes'}"
177,z0JDHDmlF0xC3xmv,1745022864231,429,Access limit reached,"{'error': 'Access limit reached', 'retry_after': '6 hours 13 minutes'}"
177,z0JDHDmlF0xC3xmv,1745064719231,429,Access limit reached,"{'error': 'Access limit reached', 'retry_after': '6 hours 13 minutes'}"
177,z0JDHDmlF0xC3xmv,1745041250231,429,Access limit reached,"{'error': 'Access limit reached', 'retry_after': '6 hours 13 minutes'}"
177,z0JDHDmlF0xC3xmv,1745032436231,429,Access limit reached,"{'error': 'Access limit reached', 'retry_after': '6 hours 13 minutes'}"
177,z0JDHDmlF0xC3xmv,1745011722231,429,Access limit reached,"{'error': 'Access limit reached', 'retry_after': '6 hours 13 minutes'}"
177,z0JDHDmlF0xC3xmv,1745028992231,429,Access limit reached,"{'error': 'Access limit reached', 'retry_after': '6 hours 13 minutes'}"
177,z0JDHDmlF0xC3xmv,1745015434231,429,Access limit reached,"{'error': 'Access limit reached', 'retry_after': '6 hours 13 minutes'}"
177,z0JDHDmlF0xC3xmv,1745026655231,429,Access limit reached,"{'error': 'Access limit reached', 'retry_after': '6 hours 13 minutes'}"
177,z0JDHDmlF0xC3xmv,1745061922231,429,Access limit reached,"{'error': 'Access limit reached', 'retry_after': '6 hours 13 minutes'}"
177,z0JDHDmlF0xC3xmv,1745012990231,429,Access limit reached,"{'error': 'Access limit reached', 'retry_after': '6 hours 13 minutes'}"
178,IzFNSTGy3eHVyDTQ,1745029518231,429,Access limit reached,"{'error': 'Access limit reached', 'retry_after': '4 hours 42 minutes'}"
178,IzFNSTGy3eHVyDTQ,1745025668231,429,Access limit reached,"{'error': 'Access limit reached', 'retry_after': '4 hours 42 minutes'}"
178,IzFNSTGy3eHVyDTQ,1745028199231,429,Access limit reached,"{'error': 'Access limit reached', 'retry_after': '4 hours 42 minutes'}"
178,IzFNSTGy3eHVyDTQ,1745025406231,429,Access limit reached,"{'error': 'Access limit reached', 'retry_after': '4 hours 42 minutes'}"
178,IzFNSTGy3eHVyDTQ,1745023256231,429,Access limit reached,"{'error': 'Access limit reached', 'retry_after': '4 hours 42 minutes'}"
178,IzFNSTGy3eHVyDTQ,1745035489231,429,Access limit reached,"{'error': 'Access limit reached', 'retry_after': '4 hours 42 minutes'}"
178,IzFNSTGy3eHVyDTQ,1745077378231,429,Access limit reached,"{'error': 'Access limit reached', 'retry_after': '4 hours 42 minutes'}"
178,IzFNSTGy3eHVyDTQ,1745057068231,429,Access limit reached,"{'error': 'Access limit reached', 'retry_after': '4 hours 42 minutes'}"
178,IzFNSTGy3eHVyDTQ,1745032049231,429,Access limit reached,"{'error': 'Access limit reached', 'retry_after': '4 hours 42 minutes'}"
178,IzFNSTGy3eHVyDTQ,1745040059231,429,Access limit reached,"{'error': 'Access limit reached', 'retry_after': '4 hours 42 minutes'}"
178,IzFNSTGy3eHVyDTQ,1745010632231,429,Access limit reached,"{'error': 'Access limit reached', 'retry_after': '4 hours 42 minutes'}"
178,IzFNSTGy3eHVyDTQ,1745054796231,429,Access limit reached,"{'error': 'Access limit reached', 'retry_after': '4 hours 42 minutes'}"
178,IzFNSTGy3eHVyDTQ,1745027331231,429,Access limit reached,"{'error': 'Access limit reached', 'retry_after': '4 hours 42 minutes'}"
178,IzFNSTGy3eHVyDTQ,1745033431231,429,Access limit reached,"{'error': 'Access limit reached', 'retry_after': '4 hours 42 minutes'}"
178,IzFNSTGy3eHVyDTQ,1745017644231,429,Access limit reached,"{'error': 'Access limit reached', 'retry_after': '4 hours 42 minutes'}"
178,IzFNSTGy3eHVyDTQ,1745041541231,429,Access limit reached,"{'error': 'Access limit reached', 'retry_after': '4 hours 42 minutes'}"
178,IzFNSTGy3eHVyDTQ,1745048655231,429,Access limit reached,"{'error': 'Access limit reached', 'retry_after': '4 hours 42 minutes'}"
178,IzFNSTGy3eHVyDTQ,1745055582231,429,Access limit reached,"{'error': 'Access limit reached', 'retry_after': '4 hours 42 minutes'}"
178,IzFNSTGy3eHVyDTQ,1745018880231,429,Access limit reached,"{'error': 'Access limit reached', 'retry_after': '4 hours 42 minutes'}"
178,IzFNSTGy3eHVyDTQ,1745055022231,429,Access limit reached,"{'error': 'Access limit reached', 'retry_after': '4 hours 42 minutes'}"
178,IzFNSTGy3eHVyDTQ,1745060436231,429,Access limit reached,"{'error': 'Access limit reached', 'retry_after': '4 hours 42 minutes'}"
178,IzFNSTGy3eHVyDTQ,1745011265231,429,Access limit reached,"{'error': 'Access limit reached', 'retry_after': '4 hours 42 minutes'}"
178,IzFNSTGy3eHVyDTQ,1745071701231,429,Access limit reached,"{'error': 'Access limit reached', 'retry_after': '4 hours 42 minutes'}"
178,IzFNSTGy3eHVyDTQ,1745046732231,429,Access limit reached,"{'error': 'Access limit reached', 'retry_after': '4 hours 42 minutes'}"
178,IzFNSTGy3eHVyDTQ,1745035704231,429,Access limit reached,"{'error': 'Access limit reached', 'retry_after': '4 hours 42 minutes'}"
178,IzFNSTGy3eHVyDTQ,1745072216231,429,Access limit reached,"{'error': 'Access limit reached', 'retry_after': '4 hours 42 minutes'}"
178,IzFNSTGy3eHVyDTQ,1745052862231,429,Access limit reached,"{'error': 'Access limit reached', 'retry_after': '4 hours 42 minutes'}"
178,IzFNSTGy3eHVyDTQ,1745050412231,429,Access limit reached,"{'error': 'Access limit reached', 'retry_after': '4 hours 42 minutes'}"
178,IzFNSTGy3eHVyDTQ,1745015841231,429,Access limit reached,"{'error': 'Access limit reached', 'retry_after': '4 hours 42 minutes'}"
178,IzFNSTGy3eHVyDTQ,1745052122231,429,Access limit reached,"{'error': 'Access limit reached', 'retry_after': '4 hours 42 minutes'}"
178,IzFNSTGy3eHVyDTQ,1745033677231,429,Access limit reached,"{'error': 'Access limit reached', 'retry_after': '4 hours 42 minutes'}"
178,IzFNSTGy3eHVyDTQ,1745034646231,429,Access limit reached,"{'error': 'Access limit reached', 'retry_after': '4 hours 42 minutes'}"
178,IzFNSTGy3eHVyDTQ,1745062184231,429,Access limit reached,"{'error': 'Access limit reached', 'retry_after': '4 hours 42 minutes'}"
178,IzFNSTGy3eHVyDTQ,1745036849231,429,Access limit reached,"{'error': 'Access limit reached', 'retry_after': '4 hours 42 minutes'}"
178,IzFNSTGy3eHVyDTQ,1745021408231,429,Access limit reached,"{'error': 'Access limit reached', 'retry_after': '4 hours 42 minutes'}"
179,och15Vm379Xa1g1Q,1745047265231,429,Access limit reached,"{'error': 'Access limit reached', 'retry_after': '4 hours 51 minutes'}"
179,och15Vm379Xa1g1Q,1745013148231,429,Access limit reached,"{'error': 'Access limit reached', 'retry_after': '4 hours 51 minutes'}"
179,och15Vm379Xa1g1Q,1745036671231,429,Access limit reached,"{'error': 'Access limit reached', 'retry_after': '4 hours 51 minutes'}"
179,och15Vm379Xa1g1Q,1745033037231,429,Access limit reached,"{'error': 'Access limit reached', 'retry_after': '4 hours 51 minutes'}"
179,och15Vm379Xa1g1Q,1745069816231,429,Access limit reached,"{'error': 'Access limit reached', 'retry_after': '4 hours 51 minutes'}"
179,och15Vm379Xa1g1Q,1745016174231,429,Access limit reached,"{'error': 'Access limit reached', 'retry_after': '4 hours 51 minutes'}"
179,och15Vm379Xa1g1Q,1745045103231,429,Access limit reached,"{'error': 'Access limit reached', 'retry_after': '4 hours 51 minutes'}"
179,och15Vm379Xa1g1Q,1745043977231,429,Access limit reached,"{'error': 'Access limit reached', 'retry_after': '4 hours 51 minutes'}"
179,och15Vm379Xa1g1Q,1745061945231,429,Access limit reached,"{'error': 'Access limit reached', 'retry_after': '4 hours 51 minutes'}"
179,och15Vm379Xa1g1Q,1745026426231,429,Access limit reached,"{'error': 'Access limit reached', 'retry_after': '4 hours 51 minutes'}"
179,och15Vm379Xa1g1Q,1745078890231,429,Access limit reached,"{'error': 'Access limit reached', 'retry_after': '4 hours 51 minutes'}"
179,och15Vm379Xa1g1Q,1745030902231,429,Access limit reached,"{'error': 'Access limit reached', 'retry_after': '4 hours 51 minutes'}"
179,och15Vm379Xa1g1Q,1745045294231,429,Access limit reached,"{'error': 'Access limit reached', 'retry_after': '4 hours 51 minutes'}"
179,och15Vm379Xa1g1Q,1745075267231,429,Access limit reached,"{'error': 'Access limit reached', 'retry_after': '4 hours 51 minutes'}"
179,och15Vm379Xa1g1Q,1745049974231,429,Access limit reached,"{'error': 'Access limit reached', 'retry_after': '4 hours 51 minutes'}"
179,och15Vm379Xa1g1Q,1745057357231,429,Access limit reached,"{'error': 'Access limit reached', 'retry_after': '4 hours 51 minutes'}"
179,och15Vm379Xa1g1Q,1745008815231,429,Access limit reached,"{'error': 'Access limit reached', 'retry_after': '4 hours 51 minutes'}"
179,och15Vm379Xa1g1Q,1745008303231,429,Access limit reached,"{'error': 'Access limit reached', 'retry_after': '4 hours 51 minutes'}"
179,och15Vm379Xa1g1Q,1745011286231,429,Access limit reached,"{'error': 'Access limit reached', 'retry_after': '4 hours 51 minutes'}"
179,och15Vm379Xa1g1Q,1745045711231,429,Access limit reached,"{'error': 'Access limit reached', 'retry_after': '4 hours 51 minutes'}"
179,och15Vm379Xa1g1Q,1745057320231,429,Access limit reached,"{'error': 'Access limit reached', 'retry_after': '4 hours 51 minutes'}"
179,och15Vm379Xa1g1Q,1745056052231,429,Access limit reached,"{'error': 'Access limit reached', 'retry_after': '4 hours 51 minutes'}"
179,och15Vm379Xa1g1Q,1745015680231,429,Access limit reached,"{'error': 'Access limit reached', 'retry_after': '4 hours 51 minutes'}"
179,och15Vm379Xa1g1Q,1745011611231,429,Access limit reached,"{'error': 'Access limit reached', 'retry_after': '4 hours 51 minutes'}"
179,och15Vm379Xa1g1Q,1745011493231,429,Access limit reached,"{'error': 'Access limit reached', 'retry_after': '4 hours 51 minutes'}"
179,och15Vm379Xa1g1Q,1745057805231,429,Access limit reached,"{'error': 'Access limit reached', 'retry_after': '4 hours 51 minutes'}"
179,och15Vm379Xa1g1Q,1745039877231,429,Access limit reached,"{'error': 'Access limit reached', 'retry_after': '4 hours 51 minutes'}"
179,och15Vm379Xa1g1Q,1745064642231,429,Access limit reached,"{'error': 'Access limit reached', 'retry_after': '4 hours 51 minutes'}"
179,och15Vm379Xa1g1Q,1745030515231,429,Access limit reached,"{'error': 'Access limit reached', 'retry_after': '4 hours 51 minutes'}"
180,4YHYRv9IiZ7e2gos,1745040955231,429,Access limit reached,"{'error': 'Access limit reached', 'retry_after': '4 hours 39 minutes'}"
180,4YHYRv9IiZ7e2gos,1745023244231,429,Access limit reached,"{'error': 'Access limit reached', 'retry_after': '4 hours 39 minutes'}"
180,4YHYRv9IiZ7e2gos,1745049856231,429,Access limit reached,"{'error': 'Access limit reached', 'retry_after': '4 hours 39 minutes'}"
180,4YHYRv9IiZ7e2gos,1745070926231,429,Access limit reached,"{'error': 'Access limit reached', 'retry_after': '4 hours 39 minutes'}"
180,4YHYRv9IiZ7e2gos,1745025610231,429,Access limit reached,"{'error': 'Access limit reached', 'retry_after': '4 hours 39 minutes'}"
180,4YHYRv9IiZ7e2gos,1745079000231,429,Access limit reached,"{'error': 'Access limit reached', 'retry_after': '4 hours 39 minutes'}"
180,4YHYRv9IiZ7e2gos,1745015302231,429,Access limit reached,"{'error': 'Access limit reached', 'retry_after': '4 hours 39 minutes'}"
180,4YHYRv9IiZ7e2gos,1745011139231,429,Access limit reached,"{'error': 'Access limit reached', 'retry_after': '4 hours 39 minutes'}"
180,4YHYRv9IiZ7e2gos,1745057036231,429,Access limit reached,"{'error': 'Access limit reached', 'retry_after': '4 hours 39 minutes'}"
180,4YHYRv9IiZ7e2gos,1745044936231,429,Access limit reached,"{'error': 'Access limit reached', 'retry_after': '4 hours 39 minutes'}"
180,4YHYRv9IiZ7e2gos,1745018408231,429,Access limit reached,"{'error': 'Access limit reached', 'retry_after': '4 hours 39 minutes'}"
180,4YHYRv9IiZ7e2gos,1745066434231,429,Access limit reached,"{'error': 'Access limit reached', 'retry_after': '4 hours 39 minutes'}"
180,4YHYRv9IiZ7e2gos,1745042225231,429,Access limit reached,"{'error': 'Access limit reached', 'retry_after': '4 hours 39 minutes'}"
180,4YHYRv9IiZ7e2gos,1745041907231,429,Access limit reached,"{'error': 'Access limit reached', 'retry_after': '4 hours 39 minutes'}"
180,4YHYRv9IiZ7e2gos,1745051170231,429,Access limit reached,"{'error': 'Access limit reached', 'retry_after': '4 hours 39 minutes'}"
180,4YHYRv9IiZ7e2gos,1745015929231,429,Access limit reached,"{'error': 'Access limit reached', 'retry_after': '4 hours 39 minutes'}"
180,4YHYRv9IiZ7e2gos,1745024689231,429,Access limit reached,"{'error': 'Access limit reached', 'retry_after': '4 hours 39 minutes'}"
180,4YHYRv9IiZ7e2gos,1745019484231,429,Access limit reached,"{'error': 'Access limit reached', 'retry_after': '4 hours 39 minutes'}"
180,4YHYRv9IiZ7e2gos,1745046758231,429,Access limit reached,"{'error': 'Access limit reached', 'retry_after': '4 hours 39 minutes'}"
180,4YHYRv9IiZ7e2gos,1745069155231,429,Access limit reached,"{'error': 'Access limit reached', 'retry_after': '4 hours 39 minutes'}"
180,4YHYRv9IiZ7e2gos,1745031413231,429,Access limit reached,"{'error': 'Access limit reached', 'retry_after': '4 hours 39 minutes'}"
180,4YHYRv9IiZ7e2gos,1745033535231,429,Access limit reached,"{'error': 'Access limit reached', 'retry_after': '4 hours 39 minutes'}"
180,4YHYRv9IiZ7e2gos,1745010341231,429,Access limit reached,"{'error': 'Access limit reached', 'retry_after': '4 hours 39 minutes'}"
180,4YHYRv9IiZ7e2gos,1745075882231,429,Access limit reached,"{'error': 'Access limit reached', 'retry_after': '4 hours 39 minutes'}"
180,4YHYRv9IiZ7e2gos,1745024939231,429,Access limit reached,"{'error': 'Access limit reached', 'retry_after': '4 hours 39 minutes'}"
180,4YHYRv9IiZ7e2gos,1745017452231,429,Access limit reached,"{'error': 'Access limit reached', 'retry_after': '4 hours 39 minutes'}"
180,4YHYRv9IiZ7e2gos,1745076025231,429,Access limit reached,"{'error': 'Access limit reached', 'retry_after': '4 hours 39 minutes'}"
180,4YHYRv9IiZ7e2gos,1745078659231,429,Access limit reached,"{'error': 'Access limit reached', 'retry_after': '4 hours 39 minutes'}"
180,4YHYRv9IiZ7e2gos,1745051372231,429,Access limit reached,"{'error': 'Access limit reached', 'retry_after': '4 hours 39 minutes'}"
180,4YHYRv9IiZ7e2gos,1745016482231,429,Access limit reached,"{'error': 'Access limit reached', 'retry_after': '4 hours 39 minutes'}"
180,4YHYRv9IiZ7e2gos,1745042888231,429,Access limit reached,"{'error': 'Access limit reached', 'retry_after': '4 hours 39 minutes'}"
180,4YHYRv9IiZ7e2gos,1745011539231,429,Access limit reached,"{'error': 'Access limit reached', 'retry_after': '4 hours 39 minutes'}"
180,4YHYRv9IiZ7e2gos,1745036402231,429,Access limit reached,"{'error': 'Access limit reached', 'retry_after': '4 hours 39 minutes'}"
180,4YHYRv9IiZ7e2gos,1745044689231,429,Access limit reached,"{'error': 'Access limit reached', 'retry_after': '4 hours 39 minutes'}"
180,4YHYRv9IiZ7e2gos,1745070936231,429,Access limit reached,"{'error': 'Access limit reached', 'retry_after': '4 hours 39 minutes'}"
180,4YHYRv9IiZ7e2gos,1745077004231,429,Access limit reached,"{'error': 'Access limit reached', 'retry_after': '4 hours 39 minutes'}"
180,4YHYRv9IiZ7e2gos,1745018574231,429,Access limit reached,"{'error': 'Access limit reached', 'retry_after': '4 hours 39 minutes'}"
180,4YHYRv9IiZ7e2gos,1745052757231,429,Access limit reached,"{'error': 'Access limit reached', 'retry_after': '4 hours 39 minutes'}"
180,4YHYRv9IiZ7e2gos,1745026636231,429,Access limit reached,"{'error': 'Access limit reached', 'retry_after': '4 hours 39 minutes'}"
180,4YHYRv9IiZ7e2gos,1745016714231,429,Access limit reached,"{'error': 'Access limit reached', 'retry_after': '4 hours 39 minutes'}"
180,4YHYRv9IiZ7e2gos,1745014691231,429,Access limit reached,"{'error': 'Access limit reached', 'retry_after': '4 hours 39 minutes'}"
180,4YHYRv9IiZ7e2gos,1745041142231,429,Access limit reached,"{'error': 'Access limit reached', 'retry_after': '4 hours 39 minutes'}"
180,4YHYRv9IiZ7e2gos,1745008442231,429,Access limit reached,"{'error': 'Access limit reached', 'retry_after': '4 hours 39 minutes'}"
181,och15Vm379Xa1g1Q,1745076535231,429,Access limit reached,"{'error': 'Access limit reached', 'retry_after': '4 hours 51 minutes'}"
181,och15Vm379Xa1g1Q,1745010493231,429,Access limit reached,"{'error': 'Access limit reached', 'retry_after': '4 hours 51 minutes'}"
181,och15Vm379Xa1g1Q,1745013281231,429,Access limit reached,"{'error': 'Access limit reached', 'retry_after': '4 hours 51 minutes'}"
181,och15Vm379Xa1g1Q,1745039614231,429,Access limit reached,"{'error': 'Access limit reached', 'retry_after': '4 hours 51 minutes'}"
181,och15Vm379Xa1g1Q,1745074510231,429,Access limit reached,"{'error': 'Access limit reached', 'retry_after': '4 hours 51 minutes'}"
181,och15Vm379Xa1g1Q,1745010302231,429,Access limit reached,"{'error': 'Access limit reached', 'retry_after': '4 hours 51 minutes'}"
181,och15Vm379Xa1g1Q,1745049385231,429,Access limit reached,"{'error': 'Access limit reached', 'retry_after': '4 hours 51 minutes'}"
181,och15Vm379Xa1g1Q,1745040723231,429,Access limit reached,"{'error': 'Access limit reached', 'retry_after': '4 hours 51 minutes'}"
181,och15Vm379Xa1g1Q,1745023060231,429,Access limit reached,"{'error': 'Access limit reached', 'retry_after': '4 hours 51 minutes'}"
181,och15Vm379Xa1g1Q,1745066492231,429,Access limit reached,"{'error': 'Access limit reached', 'retry_after': '4 hours 51 minutes'}"
181,och15Vm379Xa1g1Q,1745035120231,429,Access limit reached,"{'error': 'Access limit reached', 'retry_after': '4 hours 51 minutes'}"
181,och15Vm379Xa1g1Q,1745016475231,429,Access limit reached,"{'error': 'Access limit reached', 'retry_after': '4 hours 51 minutes'}"
181,och15Vm379Xa1g1Q,1745056875231,429,Access limit reached,"{'error': 'Access limit reached', 'retry_after': '4 hours 51 minutes'}"
181,och15Vm379Xa1g1Q,1745017832231,429,Access limit reached,"{'error': 'Access limit reached', 'retry_after': '4 hours 51 minutes'}"
181,och15Vm379Xa1g1Q,1745057814231,429,Access limit reached,"{'error': 'Access limit reached', 'retry_after': '4 hours 51 minutes'}"
181,och15Vm379Xa1g1Q,1745059502231,429,Access limit reached,"{'error': 'Access limit reached', 'retry_after': '4 hours 51 minutes'}"
181,och15Vm379Xa1g1Q,1745016465231,429,Access limit reached,"{'error': 'Access limit reached', 'retry_after': '4 hours 51 minutes'}"
181,och15Vm379Xa1g1Q,1745051526231,429,Access limit reached,"{'error': 'Access limit reached', 'retry_after': '4 hours 51 minutes'}"
181,och15Vm379Xa1g1Q,1745069142231,429,Access limit reached,"{'error': 'Access limit reached', 'retry_after': '4 hours 51 minutes'}"
181,och15Vm379Xa1g1Q,1745068134231,429,Access limit reached,"{'error': 'Access limit reached', 'retry_after': '4 hours 51 minutes'}"
181,och15Vm379Xa1g1Q,1745032575231,429,Access limit reached,"{'error': 'Access limit reached', 'retry_after': '4 hours 51 minutes'}"
181,och15Vm379Xa1g1Q,1745034634231,429,Access limit reached,"{'error': 'Access limit reached', 'retry_after': '4 hours 51 minutes'}"
181,och15Vm379Xa1g1Q,1745019992231,429,Access limit reached,"{'error': 'Access limit reached', 'retry_after': '4 hours 51 minutes'}"
181,och15Vm379Xa1g1Q,1745074018231,429,Access limit reached,"{'error': 'Access limit reached', 'retry_after': '4 hours 51 minutes'}"
181,och15Vm379Xa1g1Q,1745067607231,429,Access limit reached,"{'error': 'Access limit reached', 'retry_after': '4 hours 51 minutes'}"
181,och15Vm379Xa1g1Q,1745046211231,429,Access limit reached,"{'error': 'Access limit reached', 'retry_after': '4 hours 51 minutes'}"
181,och15Vm379Xa1g1Q,1745056292231,429,Access limit reached,"{'error': 'Access limit reached', 'retry_after': '4 hours 51 minutes'}"
181,och15Vm379Xa1g1Q,1745041318231,429,Access limit reached,"{'error': 'Access limit reached', 'retry_after': '4 hours 51 minutes'}"
181,och15Vm379Xa1g1Q,1745025254231,429,Access limit reached,"{'error': 'Access limit reached', 'retry_after': '4 hours 51 minutes'}"
181,och15Vm379Xa1g1Q,1745045924231,429,Access limit reached,"{'error': 'Access limit reached', 'retry_after': '4 hours 51 minutes'}"
182,h94anv2bwU2NJJkA,1745012541231,429,Access limit reached,"{'error': 'Access limit reached', 'retry_after': '6 hours 49 minutes'}"
182,h94anv2bwU2NJJkA,1745029666231,429,Access limit reached,"{'error': 'Access limit reached', 'retry_after': '6 hours 49 minutes'}"
182,h94anv2bwU2NJJkA,1745007192231,429,Access limit reached,"{'error': 'Access limit reached', 'retry_after': '6 hours 49 minutes'}"
182,h94anv2bwU2NJJkA,1745029111231,429,Access limit reached,"{'error': 'Access limit reached', 'retry_after': '6 hours 49 minutes'}"
182,h94anv2bwU2NJJkA,1745050848231,429,Access limit reached,"{'error': 'Access limit reached', 'retry_after': '6 hours 49 minutes'}"
182,h94anv2bwU2NJJkA,1745074073231,429,Access limit reached,"{'error': 'Access limit reached', 'retry_after': '6 hours 49 minutes'}"
182,h94anv2bwU2NJJkA,1745029312231,429,Access limit reached,"{'error': 'Access limit reached', 'retry_after': '6 hours 49 minutes'}"
182,h94anv2bwU2NJJkA,1745025255231,429,Access limit reached,"{'error': 'Access limit reached', 'retry_after': '6 hours 49 minutes'}"
182,h94anv2bwU2NJJkA,1745031035231,429,Access limit reached,"{'error': 'Access limit reached', 'retry_after': '6 hours 49 minutes'}"
182,h94anv2bwU2NJJkA,1745066357231,429,Access limit reached,"{'error': 'Access limit reached', 'retry_after': '6 hours 49 minutes'}"
182,h94anv2bwU2NJJkA,1745028687231,429,Access limit reached,"{'error': 'Access limit reached', 'retry_after': '6 hours 49 minutes'}"
182,h94anv2bwU2NJJkA,1745033821231,429,Access limit reached,"{'error': 'Access limit reached', 'retry_after': '6 hours 49 minutes'}"
182,h94anv2bwU2NJJkA,1745052192231,429,Access limit reached,"{'error': 'Access limit reached', 'retry_after': '6 hours 49 minutes'}"
182,h94anv2bwU2NJJkA,1745028943231,429,Access limit reached,"{'error': 'Access limit reached', 'retry_after': '6 hours 49 minutes'}"
182,h94anv2bwU2NJJkA,1745012877231,429,Access limit reached,"{'error': 'Access limit reached', 'retry_after': '6 hours 49 minutes'}"
182,h94anv2bwU2NJJkA,1745060840231,429,Access limit reached,"{'error': 'Access limit reached', 'retry_after': '6 hours 49 minutes'}"
182,h94anv2bwU2NJJkA,1745008307231,429,Access limit reached,"{'error': 'Access limit reached', 'retry_after': '6 hours 49 minutes'}"
182,h94anv2bwU2NJJkA,1745053394231,429,Access limit reached,"{'error': 'Access limit reached', 'retry_after': '6 hours 49 minutes'}"
182,h94anv2bwU2NJJkA,1745026833231,429,Access limit reached,"{'error': 'Access limit reached', 'retry_after': '6 hours 49 minutes'}"
182,h94anv2bwU2NJJkA,1745018054231,429,Access limit reached,"{'error': 'Access limit reached', 'retry_after': '6 hours 49 minutes'}"
182,h94anv2bwU2NJJkA,1745038836231,429,Access limit reached,"{'error': 'Access limit reached', 'retry_after': '6 hours 49 minutes'}"
182,h94anv2bwU2NJJkA,1745049231231,429,Access limit reached,"{'error': 'Access limit reached', 'retry_after': '6 hours 49 minutes'}"
182,h94anv2bwU2NJJkA,1745048135231,429,Access limit reached,"{'error': 'Access limit reached', 'retry_after': '6 hours 49 minutes'}"
182,h94anv2bwU2NJJkA,1745061422231,429,Access limit reached,"{'error': 'Access limit reached', 'retry_after': '6 hours 49 minutes'}"
182,h94anv2bwU2NJJkA,1745023058231,429,Access limit reached,"{'error': 'Access limit reached', 'retry_after': '6 hours 49 minutes'}"
182,h94anv2bwU2NJJkA,1745071283231,429,Access limit reached,"{'error': 'Access limit reached', 'retry_after': '6 hours 49 minutes'}"
182,h94anv2bwU2NJJkA,1745075615231,429,Access limit reached,"{'error': 'Access limit reached', 'retry_after': '6 hours 49 minutes'}"
182,h94anv2bwU2NJJkA,1745031541231,429,Access limit reached,"{'error': 'Access limit reached', 'retry_after': '6 hours 49 minutes'}"
182,h94anv2bwU2NJJkA,1745049888231,429,Access limit reached,"{'error': 'Access limit reached', 'retry_after': '6 hours 49 minutes'}"
182,h94anv2bwU2NJJkA,1745033299231,429,Access limit reached,"{'error': 'Access limit reached', 'retry_after': '6 hours 49 minutes'}"
182,h94anv2bwU2NJJkA,1745027491231,429,Access limit reached,"{'error': 'Access limit reached', 'retry_after': '6 hours 49 minutes'}"
182,h94anv2bwU2NJJkA,1745068204231,429,Access limit reached,"{'error': 'Access limit reached', 'retry_after': '6 hours 49 minutes'}"
182,h94anv2bwU2NJJkA,1745024971231,429,Access limit reached,"{'error': 'Access limit reached', 'retry_after': '6 hours 49 minutes'}"
182,h94anv2bwU2NJJkA,1745072604231,429,Access limit reached,"{'error': 'Access limit reached', 'retry_after': '6 hours 49 minutes'}"
182,h94anv2bwU2NJJkA,1745047018231,429,Access limit reached,"{'error': 'Access limit reached', 'retry_after': '6 hours 49 minutes'}"
182,h94anv2bwU2NJJkA,1745077765231,429,Access limit reached,"{'error': 'Access limit reached', 'retry_after': '6 hours 49 minutes'}"
182,h94anv2bwU2NJJkA,1745059923231,429,Access limit reached,"{'error': 'Access limit reached', 'retry_after': '6 hours 49 minutes'}"
183,XxbRFGNYZnZSAQYX,1745020412231,429,Access limit reached,"{'error': 'Access limit reached', 'retry_after': '4 hours 47 minutes'}"
183,XxbRFGNYZnZSAQYX,1745009937231,429,Access limit reached,"{'error': 'Access limit reached', 'retry_after': '4 hours 47 minutes'}"
183,XxbRFGNYZnZSAQYX,1745027516231,429,Access limit reached,"{'error': 'Access limit reached', 'retry_after': '4 hours 47 minutes'}"
183,XxbRFGNYZnZSAQYX,1745058036231,429,Access limit reached,"{'error': 'Access limit reached', 'retry_after': '4 hours 47 minutes'}"
183,XxbRFGNYZnZSAQYX,1745033067231,429,Access limit reached,"{'error': 'Access limit reached', 'retry_after': '4 hours 47 minutes'}"
183,XxbRFGNYZnZSAQYX,1745070534231,429,Access limit reached,"{'error': 'Access limit reached', 'retry_after': '4 hours 47 minutes'}"
183,XxbRFGNYZnZSAQYX,1745073508231,429,Access limit reached,"{'error': 'Access limit reached', 'retry_after': '4 hours 47 minutes'}"
183,XxbRFGNYZnZSAQYX,1745053422231,429,Access limit reached,"{'error': 'Access limit reached', 'retry_after': '4 hours 47 minutes'}"
183,XxbRFGNYZnZSAQYX,1745073804231,429,Access limit reached,"{'error': 'Access limit reached', 'retry_after': '4 hours 47 minutes'}"
183,XxbRFGNYZnZSAQYX,1745071334231,429,Access limit reached,"{'error': 'Access limit reached', 'retry_after': '4 hours 47 minutes'}"
183,XxbRFGNYZnZSAQYX,1745071566231,429,Access limit reached,"{'error': 'Access limit reached', 'retry_after': '4 hours 47 minutes'}"
183,XxbRFGNYZnZSAQYX,1745031247231,429,Access limit reached,"{'error': 'Access limit reached', 'retry_after': '4 hours 47 minutes'}"
183,XxbRFGNYZnZSAQYX,1745042984231,429,Access limit reached,"{'error': 'Access limit reached', 'retry_after': '4 hours 47 minutes'}"
183,XxbRFGNYZnZSAQYX,1745034830231,429,Access limit reached,"{'error': 'Access limit reached', 'retry_after': '4 hours 47 minutes'}"
183,XxbRFGNYZnZSAQYX,1745018518231,429,Access limit reached,"{'error': 'Access limit reached', 'retry_after': '4 hours 47 minutes'}"
183,XxbRFGNYZnZSAQYX,1745056031231,429,Access limit reached,"{'error': 'Access limit reached', 'retry_after': '4 hours 47 minutes'}"
183,XxbRFGNYZnZSAQYX,1745016649231,429,Access limit reached,"{'error': 'Access limit reached', 'retry_after': '4 hours 47 minutes'}"
183,XxbRFGNYZnZSAQYX,1745027799231,429,Access limit reached,"{'error': 'Access limit reached', 'retry_after': '4 hours 47 minutes'}"
183,XxbRFGNYZnZSAQYX,1745048994231,429,Access limit reached,"{'error': 'Access limit reached', 'retry_after': '4 hours 47 minutes'}"
183,XxbRFGNYZnZSAQYX,1745010833231,429,Access limit reached,"{'error': 'Access limit reached', 'retry_after': '4 hours 47 minutes'}"
183,XxbRFGNYZnZSAQYX,1745063380231,429,Access limit reached,"{'error': 'Access limit reached', 'retry_after': '4 hours 47 minutes'}"
183,XxbRFGNYZnZSAQYX,1745030060231,429,Access limit reached,"{'error': 'Access limit reached', 'retry_after': '4 hours 47 minutes'}"
183,XxbRFGNYZnZSAQYX,1745073466231,429,Access limit reached,"{'error': 'Access limit reached', 'retry_after': '4 hours 47 minutes'}"
183,XxbRFGNYZnZSAQYX,1745068092231,429,Access limit reached,"{'error': 'Access limit reached', 'retry_after': '4 hours 47 minutes'}"
183,XxbRFGNYZnZSAQYX,1745016644231,429,Access limit reached,"{'error': 'Access limit reached', 'retry_after': '4 hours 47 minutes'}"
183,XxbRFGNYZnZSAQYX,1745065389231,429,Access limit reached,"{'error': 'Access limit reached', 'retry_after': '4 hours 47 minutes'}"
183,XxbRFGNYZnZSAQYX,1745008296231,429,Access limit reached,"{'error': 'Access limit reached', 'retry_after': '4 hours 47 minutes'}"
183,XxbRFGNYZnZSAQYX,1745014877231,429,Access limit reached,"{'error': 'Access limit reached', 'retry_after': '4 hours 47 minutes'}"
183,XxbRFGNYZnZSAQYX,1745054030231,429,Access limit reached,"{'error': 'Access limit reached', 'retry_after': '4 hours 47 minutes'}"
183,XxbRFGNYZnZSAQYX,1745028743231,429,Access limit reached,"{'error': 'Access limit reached', 'retry_after': '4 hours 47 minutes'}"
183,XxbRFGNYZnZSAQYX,1745041130231,429,Access limit reached,"{'error': 'Access limit reached', 'retry_after': '4 hours 47 minutes'}"
183,XxbRFGNYZnZSAQYX,1745063639231,429,Access limit reached,"{'error': 'Access limit reached', 'retry_after': '4 hours 47 minutes'}"
183,XxbRFGNYZnZSAQYX,1745054723231,429,Access limit reached,"{'error': 'Access limit reached', 'retry_after': '4 hours 47 minutes'}"
183,XxbRFGNYZnZSAQYX,1745026499231,429,Access limit reached,"{'error': 'Access limit reached', 'retry_after': '4 hours 47 minutes'}"
183,XxbRFGNYZnZSAQYX,1745058406231,429,Access limit reached,"{'error': 'Access limit reached', 'retry_after': '4 hours 47 minutes'}"
183,XxbRFGNYZnZSAQYX,1745069788231,429,Access limit reached,"{'error': 'Access limit reached', 'retry_after': '4 hours 47 minutes'}"
183,XxbRFGNYZnZSAQYX,1745061060231,429,Access limit reached,"{'error': 'Access limit reached', 'retry_after': '4 hours 47 minutes'}"
183,XxbRFGNYZnZSAQYX,1745041379231,429,Access limit reached,"{'error': 'Access limit reached', 'retry_after': '4 hours 47 minutes'}"
183,XxbRFGNYZnZSAQYX,1745060799231,429,Access limit reached,"{'error': 'Access limit reached', 'retry_after': '4 hours 47 minutes'}"
183,XxbRFGNYZnZSAQYX,1745018201231,429,Access limit reached,"{'error': 'Access limit reached', 'retry_after': '4 hours 47 minutes'}"
183,XxbRFGNYZnZSAQYX,1745065833231,429,Access limit reached,"{'error': 'Access limit reached', 'retry_after': '4 hours 47 minutes'}"
183,XxbRFGNYZnZSAQYX,1745013526231,429,Access limit reached,"{'error': 'Access limit reached', 'retry_after': '4 hours 47 minutes'}"
183,XxbRFGNYZnZSAQYX,1745053167231,429,Access limit reached,"{'error': 'Access limit reached', 'retry_after': '4 hours 47 minutes'}"
183,XxbRFGNYZnZSAQYX,1745026440231,429,Access limit reached,"{'error': 'Access limit reached', 'retry_after': '4 hours 47 minutes'}"
183,XxbRFGNYZnZSAQYX,1745064556231,429,Access limit reached,"{'error': 'Access limit reached', 'retry_after': '4 hours 47 minutes'}"
184,sZaWrwSAC0YhuHOq,1745032682231,429,Access limit reached,"{'error': 'Access limit reached', 'retry_after': '4 hours 56 minutes'}"
184,sZaWrwSAC0YhuHOq,1745020657231,429,Access limit reached,"{'error': 'Access limit reached', 'retry_after': '4 hours 56 minutes'}"
184,sZaWrwSAC0YhuHOq,1745044446231,429,Access limit reached,"{'error': 'Access limit reached', 'retry_after': '4 hours 56 minutes'}"
184,sZaWrwSAC0YhuHOq,1745024724231,429,Access limit reached,"{'error': 'Access limit reached', 'retry_after': '4 hours 56 minutes'}"
184,sZaWrwSAC0YhuHOq,1745035507231,429,Access limit reached,"{'error': 'Access limit reached', 'retry_after': '4 hours 56 minutes'}"
184,sZaWrwSAC0YhuHOq,1745016106231,429,Access limit reached,"{'error': 'Access limit reached', 'retry_after': '4 hours 56 minutes'}"
184,sZaWrwSAC0YhuHOq,1745037903231,429,Access limit reached,"{'error': 'Access limit reached', 'retry_after': '4 hours 56 minutes'}"
184,sZaWrwSAC0YhuHOq,1745038298231,429,Access limit reached,"{'error': 'Access limit reached', 'retry_after': '4 hours 56 minutes'}"
184,sZaWrwSAC0YhuHOq,1745036942231,429,Access limit reached,"{'error': 'Access limit reached', 'retry_after': '4 hours 56 minutes'}"
184,sZaWrwSAC0YhuHOq,1745076485231,429,Access limit reached,"{'error': 'Access limit reached', 'retry_after': '4 hours 56 minutes'}"
184,sZaWrwSAC0YhuHOq,1745039777231,429,Access limit reached,"{'error': 'Access limit reached', 'retry_after': '4 hours 56 minutes'}"
184,sZaWrwSAC0YhuHOq,1745009296231,429,Access limit reached,"{'error': 'Access limit reached', 'retry_after': '4 hours 56 minutes'}"
184,sZaWrwSAC0YhuHOq,1745016314231,429,Access limit reached,"{'error': 'Access limit reached', 'retry_after': '4 hours 56 minutes'}"
184,sZaWrwSAC0YhuHOq,1745059057231,429,Access limit reached,"{'error': 'Access limit reached', 'retry_after': '4 hours 56 minutes'}"
184,sZaWrwSAC0YhuHOq,1745024384231,429,Access limit reached,"{'error': 'Access limit reached', 'retry_after': '4 hours 56 minutes'}"
184,sZaWrwSAC0YhuHOq,1745016094231,429,Access limit reached,"{'error': 'Access limit reached', 'retry_after': '4 hours 56 minutes'}"
184,sZaWrwSAC0YhuHOq,1745045327231,429,Access limit reached,"{'error': 'Access limit reached', 'retry_after': '4 hours 56 minutes'}"
184,sZaWrwSAC0YhuHOq,1745028062231,429,Access limit reached,"{'error': 'Access limit reached', 'retry_after': '4 hours 56 minutes'}"
184,sZaWrwSAC0YhuHOq,1745045874231,429,Access limit reached,"{'error': 'Access limit reached', 'retry_after': '4 hours 56 minutes'}"
184,sZaWrwSAC0YhuHOq,1745031182231,429,Access limit reached,"{'error': 'Access limit reached', 'retry_after': '4 hours 56 minutes'}"
184,sZaWrwSAC0YhuHOq,1745018332231,429,Access limit reached,"{'error': 'Access limit reached', 'retry_after': '4 hours 56 minutes'}"
184,sZaWrwSAC0YhuHOq,1745054748231,429,Access limit reached,"{'error': 'Access limit reached', 'retry_after': '4 hours 56 minutes'}"
184,sZaWrwSAC0YhuHOq,1745026504231,429,Access limit reached,"{'error': 'Access limit reached', 'retry_after': '4 hours 56 minutes'}"
184,sZaWrwSAC0YhuHOq,1745007819231,429,Access limit reached,"{'error': 'Access limit reached', 'retry_after': '4 hours 56 minutes'}"
184,sZaWrwSAC0YhuHOq,1745027613231,429,Access limit reached,"{'error': 'Access limit reached', 'retry_after': '4 hours 56 minutes'}"
184,sZaWrwSAC0YhuHOq,1745014939231,429,Access limit reached,"{'error': 'Access limit reached', 'retry_after': '4 hours 56 minutes'}"
184,sZaWrwSAC0YhuHOq,1745017458231,429,Access limit reached,"{'error': 'Access limit reached', 'retry_after': '4 hours 56 minutes'}"
185,3nBKrhW1fBAghtFJ,1745061211231,429,Access limit reached,"{'error': 'Access limit reached', 'retry_after': '4 hours 50 minutes'}"
185,3nBKrhW1fBAghtFJ,1745042182231,429,Access limit reached,"{'error': 'Access limit reached', 'retry_after': '4 hours 50 minutes'}"
185,3nBKrhW1fBAghtFJ,1745023940231,429,Access limit reached,"{'error': 'Access limit reached', 'retry_after': '4 hours 50 minutes'}"
185,3nBKrhW1fBAghtFJ,1745039219231,429,Access limit reached,"{'error': 'Access limit reached', 'retry_after': '4 hours 50 minutes'}"
185,3nBKrhW1fBAghtFJ,1745069068231,429,Access limit reached,"{'error': 'Access limit reached', 'retry_after': '4 hours 50 minutes'}"
185,3nBKrhW1fBAghtFJ,1745072703231,429,Access limit reached,"{'error': 'Access limit reached', 'retry_after': '4 hours 50 minutes'}"
185,3nBKrhW1fBAghtFJ,1745069824231,429,Access limit reached,"{'error': 'Access limit reached', 'retry_after': '4 hours 50 minutes'}"
185,3nBKrhW1fBAghtFJ,1745052229231,429,Access limit reached,"{'error': 'Access limit reached', 'retry_after': '4 hours 50 minutes'}"
185,3nBKrhW1fBAghtFJ,1745022921231,429,Access limit reached,"{'error': 'Access limit reached', 'retry_after': '4 hours 50 minutes'}"
185,3nBKrhW1fBAghtFJ,1745070890231,429,Access limit reached,"{'error': 'Access limit reached', 'retry_after': '4 hours 50 minutes'}"
185,3nBKrhW1fBAghtFJ,1745016122231,429,Access limit reached,"{'error': 'Access limit reached', 'retry_after': '4 hours 50 minutes'}"
185,3nBKrhW1fBAghtFJ,1745034247231,429,Access limit reached,"{'error': 'Access limit reached', 'retry_after': '4 hours 50 minutes'}"
185,3nBKrhW1fBAghtFJ,1745047712231,429,Access limit reached,"{'error': 'Access limit reached', 'retry_after': '4 hours 50 minutes'}"
185,3nBKrhW1fBAghtFJ,1745036747231,429,Access limit reached,"{'error': 'Access limit reached', 'retry_after': '4 hours 50 minutes'}"
185,3nBKrhW1fBAghtFJ,1745072821231,429,Access limit reached,"{'error': 'Access limit reached', 'retry_after': '4 hours 50 minutes'}"
185,3nBKrhW1fBAghtFJ,1745020827231,429,Access limit reached,"{'error': 'Access limit reached', 'retry_after': '4 hours 50 minutes'}"
185,3nBKrhW1fBAghtFJ,1745056905231,429,Access limit reached,"{'error': 'Access limit reached', 'retry_after': '4 hours 50 minutes'}"
185,3nBKrhW1fBAghtFJ,1745075553231,429,Access limit reached,"{'error': 'Access limit reached', 'retry_after': '4 hours 50 minutes'}"
185,3nBKrhW1fBAghtFJ,1745034544231,429,Access limit reached,"{'error': 'Access limit reached', 'retry_after': '4 hours 50 minutes'}"
185,3nBKrhW1fBAghtFJ,1745062573231,429,Access limit reached,"{'error': 'Access limit reached', 'retry_after': '4 hours 50 minutes'}"
185,3nBKrhW1fBAghtFJ,1745063986231,429,Access limit reached,"{'error': 'Access limit reached', 'retry_after': '4 hours 50 minutes'}"
185,3nBKrhW1fBAghtFJ,1745020814231,429,Access limit reached,"{'error': 'Access limit reached', 'retry_after': '4 hours 50 minutes'}"
185,3nBKrhW1fBAghtFJ,1745014054231,429,Access limit reached,"{'error': 'Access limit reached', 'retry_after': '4 hours 50 minutes'}"
185,3nBKrhW1fBAghtFJ,1745038098231,429,Access limit reached,"{'error': 'Access limit reached', 'retry_after': '4 hours 50 minutes'}"
185,3nBKrhW1fBAghtFJ,1745015196231,429,Access limit reached,"{'error': 'Access limit reached', 'retry_after': '4 hours 50 minutes'}"
185,3nBKrhW1fBAghtFJ,1745072059231,429,Access limit reached,"{'error': 'Access limit reached', 'retry_after': '4 hours 50 minutes'}"
185,3nBKrhW1fBAghtFJ,1745070435231,429,Access limit reached,"{'error': 'Access limit reached', 'retry_after': '4 hours 50 minutes'}"
185,3nBKrhW1fBAghtFJ,1745068572231,429,Access limit reached,"{'error': 'Access limit reached', 'retry_after': '4 hours 50 minutes'}"
185,3nBKrhW1fBAghtFJ,1745010917231,429,Access limit reached,"{'error': 'Access limit reached', 'retry_after': '4 hours 50 minutes'}"
185,3nBKrhW1fBAghtFJ,1745038486231,429,Access limit reached,"{'error': 'Access limit reached', 'retry_after': '4 hours 50 minutes'}"
185,3nBKrhW1fBAghtFJ,1745059216231,429,Access limit reached,"{'error': 'Access limit reached', 'retry_after': '4 hours 50 minutes'}"
185,3nBKrhW1fBAghtFJ,1745038529231,429,Access limit reached,"{'error': 'Access limit reached', 'retry_after': '4 hours 50 minutes'}"
185,3nBKrhW1fBAghtFJ,1745023530231,429,Access limit reached,"{'error': 'Access limit reached', 'retry_after': '4 hours 50 minutes'}"
185,3nBKrhW1fBAghtFJ,1745059471231,429,Access limit reached,"{'error': 'Access limit reached', 'retry_after': '4 hours 50 minutes'}"
185,3nBKrhW1fBAghtFJ,1745016996231,429,Access limit reached,"{'error': 'Access limit reached', 'retry_after': '4 hours 50 minutes'}"
186,4YHYRv9IiZ7e2gos,1745014820231,429,Access limit reached,"{'error': 'Access limit reached', 'retry_after': '4 hours 38 minutes'}"
186,4YHYRv9IiZ7e2gos,1745040908231,429,Access limit reached,"{'error': 'Access limit reached', 'retry_after': '4 hours 38 minutes'}"
186,4YHYRv9IiZ7e2gos,1745062833231,429,Access limit reached,"{'error': 'Access limit reached', 'retry_after': '4 hours 38 minutes'}"
186,4YHYRv9IiZ7e2gos,1745032465231,429,Access limit reached,"{'error': 'Access limit reached', 'retry_after': '4 hours 38 minutes'}"
186,4YHYRv9IiZ7e2gos,1745064303231,429,Access limit reached,"{'error': 'Access limit reached', 'retry_after': '4 hours 38 minutes'}"
186,4YHYRv9IiZ7e2gos,1745061543231,429,Access limit reached,"{'error': 'Access limit reached', 'retry_after': '4 hours 38 minutes'}"
186,4YHYRv9IiZ7e2gos,1745037101231,429,Access limit reached,"{'error': 'Access limit reached', 'retry_after': '4 hours 38 minutes'}"
186,4YHYRv9IiZ7e2gos,1745040081231,429,Access limit reached,"{'error': 'Access limit reached', 'retry_after': '4 hours 38 minutes'}"
186,4YHYRv9IiZ7e2gos,1745011077231,429,Access limit reached,"{'error': 'Access limit reached', 'retry_after': '4 hours 38 minutes'}"
186,4YHYRv9IiZ7e2gos,1745072944231,429,Access limit reached,"{'error': 'Access limit reached', 'retry_after': '4 hours 38 minutes'}"
186,4YHYRv9IiZ7e2gos,1745030171231,429,Access limit reached,"{'error': 'Access limit reached', 'retry_after': '4 hours 38 minutes'}"
186,4YHYRv9IiZ7e2gos,1745025779231,429,Access limit reached,"{'error': 'Access limit reached', 'retry_after': '4 hours 38 minutes'}"
186,4YHYRv9IiZ7e2gos,1745062668231,429,Access limit reached,"{'error': 'Access limit reached', 'retry_after': '4 hours 38 minutes'}"
186,4YHYRv9IiZ7e2gos,1745022706231,429,Access limit reached,"{'error': 'Access limit reached', 'retry_after': '4 hours 38 minutes'}"
186,4YHYRv9IiZ7e2gos,1745008909231,429,Access limit reached,"{'error': 'Access limit reached', 'retry_after': '4 hours 38 minutes'}"
186,4YHYRv9IiZ7e2gos,1745075277231,429,Access limit reached,"{'error': 'Access limit reached', 'retry_after': '4 hours 38 minutes'}"
186,4YHYRv9IiZ7e2gos,1745036984231,429,Access limit reached,"{'error': 'Access limit reached', 'retry_after': '4 hours 38 minutes'}"
186,4YHYRv9IiZ7e2gos,1745056276231,429,Access limit reached,"{'error': 'Access limit reached', 'retry_after': '4 hours 38 minutes'}"
186,4YHYRv9IiZ7e2gos,1745011022231,429,Access limit reached,"{'error': 'Access limit reached', 'retry_after': '4 hours 38 minutes'}"
186,4YHYRv9IiZ7e2gos,1745019163231,429,Access limit reached,"{'error': 'Access limit reached', 'retry_after': '4 hours 38 minutes'}"
186,4YHYRv9IiZ7e2gos,1745076252231,429,Access limit reached,"{'error': 'Access limit reached', 'retry_after': '4 hours 38 minutes'}"
186,4YHYRv9IiZ7e2gos,1745014875231,429,Access limit reached,"{'error': 'Access limit reached', 'retry_after': '4 hours 38 minutes'}"
186,4YHYRv9IiZ7e2gos,1745029783231,429,Access limit reached,"{'error': 'Access limit reached', 'retry_after': '4 hours 38 minutes'}"
186,4YHYRv9IiZ7e2gos,1745041568231,429,Access limit reached,"{'error': 'Access limit reached', 'retry_after': '4 hours 38 minutes'}"
186,4YHYRv9IiZ7e2gos,1745040557231,429,Access limit reached,"{'error': 'Access limit reached', 'retry_after': '4 hours 38 minutes'}"
186,4YHYRv9IiZ7e2gos,1745072443231,429,Access limit reached,"{'error': 'Access limit reached', 'retry_after': '4 hours 38 minutes'}"
186,4YHYRv9IiZ7e2gos,1745039240231,429,Access limit reached,"{'error': 'Access limit reached', 'retry_after': '4 hours 38 minutes'}"
186,4YHYRv9IiZ7e2gos,1745047107231,429,Access limit reached,"{'error': 'Access limit reached', 'retry_after': '4 hours 38 minutes'}"
186,4YHYRv9IiZ7e2gos,1745058285231,429,Access limit reached,"{'error': 'Access limit reached', 'retry_after': '4 hours 38 minutes'}"
186,4YHYRv9IiZ7e2gos,1745019859231,429,Access limit reached,"{'error': 'Access limit reached', 'retry_after': '4 hours 38 minutes'}"
187,z0JDHDmlF0xC3xmv,1745075451231,429,Access limit reached,"{'error': 'Access limit reached', 'retry_after': '6 hours 13 minutes'}"
187,z0JDHDmlF0xC3xmv,1745077042231,429,Access limit reached,"{'error': 'Access limit reached', 'retry_after': '6 hours 13 minutes'}"
187,z0JDHDmlF0xC3xmv,1745076701231,429,Access limit reached,"{'error': 'Access limit reached', 'retry_after': '6 hours 13 minutes'}"
187,z0JDHDmlF0xC3xmv,1745010986231,429,Access limit reached,"{'error': 'Access limit reached', 'retry_after': '6 hours 13 minutes'}"
187,z0JDHDmlF0xC3xmv,1745020872231,429,Access limit reached,"{'error': 'Access limit reached', 'retry_after': '6 hours 13 minutes'}"
187,z0JDHDmlF0xC3xmv,1745050655231,429,Access limit reached,"{'error': 'Access limit reached', 'retry_after': '6 hours 13 minutes'}"
187,z0JDHDmlF0xC3xmv,1745010758231,429,Access limit reached,"{'error': 'Access limit reached', 'retry_after': '6 hours 13 minutes'}"
187,z0JDHDmlF0xC3xmv,1745072356231,429,Access limit reached,"{'error': 'Access limit reached', 'retry_after': '6 hours 13 minutes'}"
187,z0JDHDmlF0xC3xmv,1745042830231,429,Access limit reached,"{'error': 'Access limit reached', 'retry_after': '6 hours 13 minutes'}"
187,z0JDHDmlF0xC3xmv,1745072698231,429,Access limit reached,"{'error': 'Access limit reached', 'retry_after': '6 hours 13 minutes'}"
187,z0JDHDmlF0xC3xmv,1745055971231,429,Access limit reached,"{'error': 'Access limit reached', 'retry_after': '6 hours 13 minutes'}"
187,z0JDHDmlF0xC3xmv,1745057712231,429,Access limit reached,"{'error': 'Access limit reached', 'retry_after': '6 hours 13 minutes'}"
187,z0JDHDmlF0xC3xmv,1745053596231,429,Access limit reached,"{'error': 'Access limit reached', 'retry_after': '6 hours 13 minutes'}"
187,z0JDHDmlF0xC3xmv,1745010286231,429,Access limit reached,"{'error': 'Access limit reached', 'retry_after': '6 hours 13 minutes'}"
187,z0JDHDmlF0xC3xmv,1745016916231,429,Access limit reached,"{'error': 'Access limit reached', 'retry_after': '6 hours 13 minutes'}"
187,z0JDHDmlF0xC3xmv,1745023457231,429,Access limit reached,"{'error': 'Access limit reached', 'retry_after': '6 hours 13 minutes'}"
187,z0JDHDmlF0xC3xmv,1745041164231,429,Access limit reached,"{'error': 'Access limit reached', 'retry_after': '6 hours 13 minutes'}"
187,z0JDHDmlF0xC3xmv,1745040185231,429,Access limit reached,"{'error': 'Access limit reached', 'retry_after': '6 hours 13 minutes'}"
187,z0JDHDmlF0xC3xmv,1745041733231,429,Access limit reached,"{'error': 'Access limit reached', 'retry_after': '6 hours 13 minutes'}"
187,z0JDHDmlF0xC3xmv,1745071517231,429,Access limit reached,"{'error': 'Access limit reached', 'retry_after': '6 hours 13 minutes'}"
187,z0JDHDmlF0xC3xmv,1745062938231,429,Access limit reached,"{'error': 'Access limit reached', 'retry_after': '6 hours 13 minutes'}"
187,z0JDHDmlF0xC3xmv,1745028830231,429,Access limit reached,"{'error': 'Access limit reached', 'retry_after': '6 hours 13 minutes'}"
187,z0JDHDmlF0xC3xmv,1745070281231,429,Access limit reached,"{'error': 'Access limit reached', 'retry_after': '6 hours 13 minutes'}"
187,z0JDHDmlF0xC3xmv,1745013561231,429,Access limit reached,"{'error': 'Access limit reached', 'retry_after': '6 hours 13 minutes'}"
187,z0JDHDmlF0xC3xmv,1745032695231,429,Access limit reached,"{'error': 'Access limit reached', 'retry_after': '6 hours 13 minutes'}"
187,z0JDHDmlF0xC3xmv,1745049922231,429,Access limit reached,"{'error': 'Access limit reached', 'retry_after': '6 hours 13 minutes'}"
187,z0JDHDmlF0xC3xmv,1745040392231,429,Access limit reached,"{'error': 'Access limit reached', 'retry_after': '6 hours 13 minutes'}"
187,z0JDHDmlF0xC3xmv,1745065155231,429,Access limit reached,"{'error': 'Access limit reached', 'retry_after': '6 hours 13 minutes'}"
187,z0JDHDmlF0xC3xmv,1745012909231,429,Access limit reached,"{'error': 'Access limit reached', 'retry_after': '6 hours 13 minutes'}"
187,z0JDHDmlF0xC3xmv,1745051707231,429,Access limit reached,"{'error': 'Access limit reached', 'retry_after': '6 hours 13 minutes'}"
187,z0JDHDmlF0xC3xmv,1745046041231,429,Access limit reached,"{'error': 'Access limit reached', 'retry_after': '6 hours 13 minutes'}"
187,z0JDHDmlF0xC3xmv,1745065375231,429,Access limit reached,"{'error': 'Access limit reached', 'retry_after': '6 hours 13 minutes'}"
187,z0JDHDmlF0xC3xmv,1745069465231,429,Access limit reached,"{'error': 'Access limit reached', 'retry_after': '6 hours 13 minutes'}"
187,z0JDHDmlF0xC3xmv,1745043898231,429,Access limit reached,"{'error': 'Access limit reached', 'retry_after': '6 hours 13 minutes'}"
187,z0JDHDmlF0xC3xmv,1745011323231,429,Access limit reached,"{'error': 'Access limit reached', 'retry_after': '6 hours 13 minutes'}"
187,z0JDHDmlF0xC3xmv,1745007986231,429,Access limit reached,"{'error': 'Access limit reached', 'retry_after': '6 hours 13 minutes'}"
187,z0JDHDmlF0xC3xmv,1745016607231,429,Access limit reached,"{'error': 'Access limit reached', 'retry_after': '6 hours 13 minutes'}"
188,4YHYRv9IiZ7e2gos,1745018489231,429,Access limit reached,"{'error': 'Access limit reached', 'retry_after': '4 hours 38 minutes'}"
188,4YHYRv9IiZ7e2gos,1745023093231,429,Access limit reached,"{'error': 'Access limit reached', 'retry_after': '4 hours 38 minutes'}"
188,4YHYRv9IiZ7e2gos,1745031697231,429,Access limit reached,"{'error': 'Access limit reached', 'retry_after': '4 hours 38 minutes'}"
188,4YHYRv9IiZ7e2gos,1745019368231,429,Access limit reached,"{'error': 'Access limit reached', 'retry_after': '4 hours 38 minutes'}"
188,4YHYRv9IiZ7e2gos,1745024087231,429,Access limit reached,"{'error': 'Access limit reached', 'retry_after': '4 hours 38 minutes'}"
188,4YHYRv9IiZ7e2gos,1745026172231,429,Access limit reached,"{'error': 'Access limit reached', 'retry_after': '4 hours 38 minutes'}"
188,4YHYRv9IiZ7e2gos,1745011303231,429,Access limit reached,"{'error': 'Access limit reached', 'retry_after': '4 hours 38 minutes'}"
188,4YHYRv9IiZ7e2gos,1745072557231,429,Access limit reached,"{'error': 'Access limit reached', 'retry_after': '4 hours 38 minutes'}"
188,4YHYRv9IiZ7e2gos,1745010893231,429,Access limit reached,"{'error': 'Access limit reached', 'retry_after': '4 hours 38 minutes'}"
188,4YHYRv9IiZ7e2gos,1745028846231,429,Access limit reached,"{'error': 'Access limit reached', 'retry_after': '4 hours 38 minutes'}"
188,4YHYRv9IiZ7e2gos,1745034548231,429,Access limit reached,"{'error': 'Access limit reached', 'retry_after': '4 hours 38 minutes'}"
188,4YHYRv9IiZ7e2gos,1745050402231,429,Access limit reached,"{'error': 'Access limit reached', 'retry_after': '4 hours 38 minutes'}"
188,4YHYRv9IiZ7e2gos,1745019165231,429,Access limit reached,"{'error': 'Access limit reached', 'retry_after': '4 hours 38 minutes'}"
188,4YHYRv9IiZ7e2gos,1745018254231,429,Access limit reached,"{'error': 'Access limit reached', 'retry_after': '4 hours 38 minutes'}"
188,4YHYRv9IiZ7e2gos,1745014496231,429,Access limit reached,"{'error': 'Access limit reached', 'retry_after': '4 hours 38 minutes'}"
188,4YHYRv9IiZ7e2gos,1745070864231,429,Access limit reached,"{'error': 'Access limit reached', 'retry_after': '4 hours 38 minutes'}"
188,4YHYRv9IiZ7e2gos,1745029120231,429,Access limit reached,"{'error': 'Access limit reached', 'retry_after': '4 hours 38 minutes'}"
188,4YHYRv9IiZ7e2gos,1745015643231,429,Access limit reached,"{'error': 'Access limit reached', 'retry_after': '4 hours 38 minutes'}"
188,4YHYRv9IiZ7e2gos,1745074852231,429,Access limit reached,"{'error': 'Access limit reached', 'retry_after': '4 hours 38 minutes'}"
188,4YHYRv9IiZ7e2gos,1745026871231,429,Access limit reached,"{'error': 'Access limit reached', 'retry_after': '4 hours 38 minutes'}"
188,4YHYRv9IiZ7e2gos,1745009742231,429,Access limit reached,"{'error': 'Access limit reached', 'retry_after': '4 hours 38 minutes'}"
188,4YHYRv9IiZ7e2gos,1745016181231,429,Access limit reached,"{'error': 'Access limit reached', 'retry_after': '4 hours 38 minutes'}"
188,4YHYRv9IiZ7e2gos,1745024147231,429,Access limit reached,"{'error': 'Access limit reached', 'retry_after': '4 hours 38 minutes'}"
188,4YHYRv9IiZ7e2gos,1745020883231,429,Access limit reached,"{'error': 'Access limit reached', 'retry_after': '4 hours 38 minutes'}"
188,4YHYRv9IiZ7e2gos,1745040322231,429,Access limit reached,"{'error': 'Access limit reached', 'retry_after': '4 hours 38 minutes'}"
188,4YHYRv9IiZ7e2gos,1745075400231,429,Access limit reached,"{'error': 'Access limit reached', 'retry_after': '4 hours 38 minutes'}"
188,4YHYRv9IiZ7e2gos,1745029176231,429,Access limit reached,"{'error': 'Access limit reached', 'retry_after': '4 hours 38 minutes'}"
188,4YHYRv9IiZ7e2gos,1745055130231,429,Access limit reached,"{'error': 'Access limit reached', 'retry_after': '4 hours 38 minutes'}"
188,4YHYRv9IiZ7e2gos,1745055576231,429,Access limit reached,"{'error': 'Access limit reached', 'retry_after': '4 hours 38 minutes'}"
188,4YHYRv9IiZ7e2gos,1745048349231,429,Access limit reached,"{'error': 'Access limit reached', 'retry_after': '4 hours 38 minutes'}"
188,4YHYRv9IiZ7e2gos,1745054502231,429,Access limit reached,"{'error': 'Access limit reached', 'retry_after': '4 hours 38 minutes'}"
188,4YHYRv9IiZ7e2gos,1745067642231,429,Access limit reached,"{'error': 'Access limit reached', 'retry_after': '4 hours 38 minutes'}"
188,4YHYRv9IiZ7e2gos,1745039592231,429,Access limit reached,"{'error': 'Access limit reached', 'retry_after': '4 hours 38 minutes'}"
189,z0JDHDmlF0xC3xmv,1745074385231,429,Access limit reached,"{'error': 'Access limit reached', 'retry_after': '6 hours 13 minutes'}"
189,z0JDHDmlF0xC3xmv,1745047965231,429,Access limit reached,"{'error': 'Access limit reached', 'retry_after': '6 hours 13 minutes'}"
189,z0JDHDmlF0xC3xmv,1745071106231,429,Access limit reached,"{'error': 'Access limit reached', 'retry_after': '6 hours 13 minutes'}"
189,z0JDHDmlF0xC3xmv,1745016296231,429,Access limit reached,"{'error': 'Access limit reached', 'retry_after': '6 hours 13 minutes'}"
189,z0JDHDmlF0xC3xmv,1745036079231,429,Access limit reached,"{'error': 'Access limit reached', 'retry_after': '6 hours 13 minutes'}"
189,z0JDHDmlF0xC3xmv,1745075382231,429,Access limit reached,"{'error': 'Access limit reached', 'retry_after': '6 hours 13 minutes'}"
189,z0JDHDmlF0xC3xmv,1745025989231,429,Access limit reached,"{'error': 'Access limit reached', 'retry_after': '6 hours 13 minutes'}"
189,z0JDHDmlF0xC3xmv,1745071548231,429,Access limit reached,"{'error': 'Access limit reached', 'retry_after': '6 hours 13 minutes'}"
189,z0JDHDmlF0xC3xmv,1745014084231,429,Access limit reached,"{'error': 'Access limit reached', 'retry_after': '6 hours 13 minutes'}"
189,z0JDHDmlF0xC3xmv,1745078704231,429,Access limit reached,"{'error': 'Access limit reached', 'retry_after': '6 hours 13 minutes'}"
189,z0JDHDmlF0xC3xmv,1745009613231,429,Access limit reached,"{'error': 'Access limit reached', 'retry_after': '6 hours 13 minutes'}"
189,z0JDHDmlF0xC3xmv,1745044030231,429,Access limit reached,"{'error': 'Access limit reached', 'retry_after': '6 hours 13 minutes'}"
189,z0JDHDmlF0xC3xmv,1745056060231,429,Access limit reached,"{'error': 'Access limit reached', 'retry_after': '6 hours 13 minutes'}"
189,z0JDHDmlF0xC3xmv,1745047430231,429,Access limit reached,"{'error': 'Access limit reached', 'retry_after': '6 hours 13 minutes'}"
189,z0JDHDmlF0xC3xmv,1745043093231,429,Access limit reached,"{'error': 'Access limit reached', 'retry_after': '6 hours 13 minutes'}"
189,z0JDHDmlF0xC3xmv,1745077784231,429,Access limit reached,"{'error': 'Access limit reached', 'retry_after': '6 hours 13 minutes'}"
189,z0JDHDmlF0xC3xmv,1745046512231,429,Access limit reached,"{'error': 'Access limit reached', 'retry_after': '6 hours 13 minutes'}"
189,z0JDHDmlF0xC3xmv,1745070127231,429,Access limit reached,"{'error': 'Access limit reached', 'retry_after': '6 hours 13 minutes'}"
189,z0JDHDmlF0xC3xmv,1745078036231,429,Access limit reached,"{'error': 'Access limit reached', 'retry_after': '6 hours 13 minutes'}"
189,z0JDHDmlF0xC3xmv,1745076025231,429,Access limit reached,"{'error': 'Access limit reached', 'retry_after': '6 hours 13 minutes'}"
189,z0JDHDmlF0xC3xmv,1745064180231,429,Access limit reached,"{'error': 'Access limit reached', 'retry_after': '6 hours 13 minutes'}"
189,z0JDHDmlF0xC3xmv,1745051052231,429,Access limit reached,"{'error': 'Access limit reached', 'retry_after': '6 hours 13 minutes'}"
189,z0JDHDmlF0xC3xmv,1745008662231,429,Access limit reached,"{'error': 'Access limit reached', 'retry_after': '6 hours 13 minutes'}"
189,z0JDHDmlF0xC3xmv,1745037404231,429,Access limit reached,"{'error': 'Access limit reached', 'retry_after': '6 hours 13 minutes'}"
189,z0JDHDmlF0xC3xmv,1745064461231,429,Access limit reached,"{'error': 'Access limit reached', 'retry_after': '6 hours 13 minutes'}"
189,z0JDHDmlF0xC3xmv,1745066666231,429,Access limit reached,"{'error': 'Access limit reached', 'retry_after': '6 hours 13 minutes'}"
189,z0JDHDmlF0xC3xmv,1745061724231,429,Access limit reached,"{'error': 'Access limit reached', 'retry_after': '6 hours 13 minutes'}"
189,z0JDHDmlF0xC3xmv,1745043047231,429,Access limit reached,"{'error': 'Access limit reached', 'retry_after': '6 hours 13 minutes'}"
189,z0JDHDmlF0xC3xmv,1745042456231,429,Access limit reached,"{'error': 'Access limit reached', 'retry_after': '6 hours 13 minutes'}"
189,z0JDHDmlF0xC3xmv,1745042100231,429,Access limit reached,"{'error': 'Access limit reached', 'retry_after': '6 hours 13 minutes'}"
189,z0JDHDmlF0xC3xmv,1745059048231,429,Access limit reached,"{'error': 'Access limit reached', 'retry_after': '6 hours 13 minutes'}"
189,z0JDHDmlF0xC3xmv,1745077477231,429,Access limit reached,"{'error': 'Access limit reached', 'retry_after': '6 hours 13 minutes'}"
189,z0JDHDmlF0xC3xmv,1745008689231,429,Access limit reached,"{'error': 'Access limit reached', 'retry_after': '6 hours 13 minutes'}"
189,z0JDHDmlF0xC3xmv,1745042909231,429,Access limit reached,"{'error': 'Access limit reached', 'retry_after': '6 hours 13 minutes'}"
189,z0JDHDmlF0xC3xmv,1745032360231,429,Access limit reached,"{'error': 'Access limit reached', 'retry_after': '6 hours 13 minutes'}"
189,z0JDHDmlF0xC3xmv,1745076703231,429,Access limit reached,"{'error': 'Access limit reached', 'retry_after': '6 hours 13 minutes'}"
190,XxbRFGNYZnZSAQYX,1745010535231,429,Access limit reached,"{'error': 'Access limit reached', 'retry_after': '4 hours 46 minutes'}"
190,XxbRFGNYZnZSAQYX,1745057602231,429,Access limit reached,"{'error': 'Access limit reached', 'retry_after': '4 hours 46 minutes'}"
190,XxbRFGNYZnZSAQYX,1745057865231,429,Access limit reached,"{'error': 'Access limit reached', 'retry_after': '4 hours 46 minutes'}"
190,XxbRFGNYZnZSAQYX,1745055908231,429,Access limit reached,"{'error': 'Access limit reached', 'retry_after': '4 hours 46 minutes'}"
190,XxbRFGNYZnZSAQYX,1745014127231,429,Access limit reached,"{'error': 'Access limit reached', 'retry_after': '4 hours 46 minutes'}"
190,XxbRFGNYZnZSAQYX,1745037444231,429,Access limit reached,"{'error': 'Access limit reached', 'retry_after': '4 hours 46 minutes'}"
190,XxbRFGNYZnZSAQYX,1745040223231,429,Access limit reached,"{'error': 'Access limit reached', 'retry_after': '4 hours 46 minutes'}"
190,XxbRFGNYZnZSAQYX,1745013485231,429,Access limit reached,"{'error': 'Access limit reached', 'retry_after': '4 hours 46 minutes'}"
190,XxbRFGNYZnZSAQYX,1745007456231,429,Access limit reached,"{'error': 'Access limit reached', 'retry_after': '4 hours 46 minutes'}"
190,XxbRFGNYZnZSAQYX,1745038390231,429,Access limit reached,"{'error': 'Access limit reached', 'retry_after': '4 hours 46 minutes'}"
190,XxbRFGNYZnZSAQYX,1745027202231,429,Access limit reached,"{'error': 'Access limit reached', 'retry_after': '4 hours 46 minutes'}"
190,XxbRFGNYZnZSAQYX,1745062495231,429,Access limit reached,"{'error': 'Access limit reached', 'retry_after': '4 hours 46 minutes'}"
190,XxbRFGNYZnZSAQYX,1745039636231,429,Access limit reached,"{'error': 'Access limit reached', 'retry_after': '4 hours 46 minutes'}"
190,XxbRFGNYZnZSAQYX,1745012243231,429,Access limit reached,"{'error': 'Access limit reached', 'retry_after': '4 hours 46 minutes'}"
190,XxbRFGNYZnZSAQYX,1745071524231,429,Access limit reached,"{'error': 'Access limit reached', 'retry_after': '4 hours 46 minutes'}"
190,XxbRFGNYZnZSAQYX,1745078776231,429,Access limit reached,"{'error': 'Access limit reached', 'retry_after': '4 hours 46 minutes'}"
190,XxbRFGNYZnZSAQYX,1745041979231,429,Access limit reached,"{'error': 'Access limit reached', 'retry_after': '4 hours 46 minutes'}"
190,XxbRFGNYZnZSAQYX,1745051826231,429,Access limit reached,"{'error': 'Access limit reached', 'retry_after': '4 hours 46 minutes'}"
190,XxbRFGNYZnZSAQYX,1745074780231,429,Access limit reached,"{'error': 'Access limit reached', 'retry_after': '4 hours 46 minutes'}"
190,XxbRFGNYZnZSAQYX,1745075423231,429,Access limit reached,"{'error': 'Access limit reached', 'retry_after': '4 hours 46 minutes'}"
190,XxbRFGNYZnZSAQYX,1745065191231,429,Access limit reached,"{'error': 'Access limit reached', 'retry_after': '4 hours 46 minutes'}"
190,XxbRFGNYZnZSAQYX,1745036112231,429,Access limit reached,"{'error': 'Access limit reached', 'retry_after': '4 hours 46 minutes'}"
190,XxbRFGNYZnZSAQYX,1745017066231,429,Access limit reached,"{'error': 'Access limit reached', 'retry_after': '4 hours 46 minutes'}"
190,XxbRFGNYZnZSAQYX,1745021876231,429,Access limit reached,"{'error': 'Access limit reached', 'retry_after': '4 hours 46 minutes'}"
190,XxbRFGNYZnZSAQYX,1745074830231,429,Access limit reached,"{'error': 'Access limit reached', 'retry_after': '4 hours 46 minutes'}"
191,sZaWrwSAC0YhuHOq,1745046278231,429,Access limit reached,"{'error': 'Access limit reached', 'retry_after': '4 hours 55 minutes'}"
191,sZaWrwSAC0YhuHOq,1745027004231,429,Access limit reached,"{'error': 'Access limit reached', 'retry_after': '4 hours 55 minutes'}"
191,sZaWrwSAC0YhuHOq,1745048273231,429,Access limit reached,"{'error': 'Access limit reached', 'retry_after': '4 hours 55 minutes'}"
191,sZaWrwSAC0YhuHOq,1745044776231,429,Access limit reached,"{'error': 'Access limit reached', 'retry_after': '4 hours 55 minutes'}"
191,sZaWrwSAC0YhuHOq,1745034952231,429,Access limit reached,"{'error': 'Access limit reached', 'retry_after': '4 hours 55 minutes'}"
191,sZaWrwSAC0YhuHOq,1745065380231,429,Access limit reached,"{'error': 'Access limit reached', 'retry_after': '4 hours 55 minutes'}"
191,sZaWrwSAC0YhuHOq,1745018641231,429,Access limit reached,"{'error': 'Access limit reached', 'retry_after': '4 hours 55 minutes'}"
191,sZaWrwSAC0YhuHOq,1745066262231,429,Access limit reached,"{'error': 'Access limit reached', 'retry_after': '4 hours 55 minutes'}"
191,sZaWrwSAC0YhuHOq,1745009042231,429,Access limit reached,"{'error': 'Access limit reached', 'retry_after': '4 hours 55 minutes'}"
191,sZaWrwSAC0YhuHOq,1745021413231,429,Access limit reached,"{'error': 'Access limit reached', 'retry_after': '4 hours 55 minutes'}"
191,sZaWrwSAC0YhuHOq,1745068531231,429,Access limit reached,"{'error': 'Access limit reached', 'retry_after': '4 hours 55 minutes'}"
191,sZaWrwSAC0YhuHOq,1745028034231,429,Access limit reached,"{'error': 'Access limit reached', 'retry_after': '4 hours 55 minutes'}"
191,sZaWrwSAC0YhuHOq,1745025553231,429,Access limit reached,"{'error': 'Access limit reached', 'retry_after': '4 hours 55 minutes'}"
191,sZaWrwSAC0YhuHOq,1745012360231,429,Access limit reached,"{'error': 'Access limit reached', 'retry_after': '4 hours 55 minutes'}"
191,sZaWrwSAC0YhuHOq,1745061036231,429,Access limit reached,"{'error': 'Access limit reached', 'retry_after': '4 hours 55 minutes'}"
191,sZaWrwSAC0YhuHOq,1745031331231,429,Access limit reached,"{'error': 'Access limit reached', 'retry_after': '4 hours 55 minutes'}"
191,sZaWrwSAC0YhuHOq,1745027938231,429,Access limit reached,"{'error': 'Access limit reached', 'retry_after': '4 hours 55 minutes'}"
191,sZaWrwSAC0YhuHOq,1745044344231,429,Access limit reached,"{'error': 'Access limit reached', 'retry_after': '4 hours 55 minutes'}"
191,sZaWrwSAC0YhuHOq,1745049357231,429,Access limit reached,"{'error': 'Access limit reached', 'retry_after': '4 hours 55 minutes'}"
191,sZaWrwSAC0YhuHOq,1745022369231,429,Access limit reached,"{'error': 'Access limit reached', 'retry_after': '4 hours 55 minutes'}"
191,sZaWrwSAC0YhuHOq,1745042405231,429,Access limit reached,"{'error': 'Access limit reached', 'retry_after': '4 hours 55 minutes'}"
191,sZaWrwSAC0YhuHOq,1745064614231,429,Access limit reached,"{'error': 'Access limit reached', 'retry_after': '4 hours 55 minutes'}"
191,sZaWrwSAC0YhuHOq,1745040768231,429,Access limit reached,"{'error': 'Access limit reached', 'retry_after': '4 hours 55 minutes'}"
191,sZaWrwSAC0YhuHOq,1745013479231,429,Access limit reached,"{'error': 'Access limit reached', 'retry_after': '4 hours 55 minutes'}"
191,sZaWrwSAC0YhuHOq,1745036476231,429,Access limit reached,"{'error': 'Access limit reached', 'retry_after': '4 hours 55 minutes'}"
191,sZaWrwSAC0YhuHOq,1745035030231,429,Access limit reached,"{'error': 'Access limit reached', 'retry_after': '4 hours 55 minutes'}"
191,sZaWrwSAC0YhuHOq,1745055248231,429,Access limit reached,"{'error': 'Access limit reached', 'retry_after': '4 hours 55 minutes'}"
191,sZaWrwSAC0YhuHOq,1745016524231,429,Access limit reached,"{'error': 'Access limit reached', 'retry_after': '4 hours 55 minutes'}"
191,sZaWrwSAC0YhuHOq,1745023186231,429,Access limit reached,"{'error': 'Access limit reached', 'retry_after': '4 hours 55 minutes'}"
191,sZaWrwSAC0YhuHOq,1745072283231,429,Access limit reached,"{'error': 'Access limit reached', 'retry_after': '4 hours 55 minutes'}"
191,sZaWrwSAC0YhuHOq,1745059856231,429,Access limit reached,"{'error': 'Access limit reached', 'retry_after': '4 hours 55 minutes'}"
191,sZaWrwSAC0YhuHOq,1745053294231,429,Access limit reached,"{'error': 'Access limit reached', 'retry_after': '4 hours 55 minutes'}"
191,sZaWrwSAC0YhuHOq,1745009218231,429,Access limit reached,"{'error': 'Access limit reached', 'retry_after': '4 hours 55 minutes'}"
191,sZaWrwSAC0YhuHOq,1745020543231,429,Access limit reached,"{'error': 'Access limit reached', 'retry_after': '4 hours 55 minutes'}"
191,sZaWrwSAC0YhuHOq,1745019636231,429,Access limit reached,"{'error': 'Access limit reached', 'retry_after': '4 hours 55 minutes'}"
191,sZaWrwSAC0YhuHOq,1745014621231,429,Access limit reached,"{'error': 'Access limit reached', 'retry_after': '4 hours 55 minutes'}"
191,sZaWrwSAC0YhuHOq,1745032519231,429,Access limit reached,"{'error': 'Access limit reached', 'retry_after': '4 hours 55 minutes'}"
191,sZaWrwSAC0YhuHOq,1745025563231,429,Access limit reached,"{'error': 'Access limit reached', 'retry_after': '4 hours 55 minutes'}"
191,sZaWrwSAC0YhuHOq,1745040537231,429,Access limit reached,"{'error': 'Access limit reached', 'retry_after': '4 hours 55 minutes'}"
191,sZaWrwSAC0YhuHOq,1745015228231,429,Access limit reached,"{'error': 'Access limit reached', 'retry_after': '4 hours 55 minutes'}"
191,sZaWrwSAC0YhuHOq,1745018417231,429,Access limit reached,"{'error': 'Access limit reached', 'retry_after': '4 hours 55 minutes'}"
191,sZaWrwSAC0YhuHOq,1745014368231,429,Access limit reached,"{'error': 'Access limit reached', 'retry_after': '4 hours 55 minutes'}"
191,sZaWrwSAC0YhuHOq,1745026724231,429,Access limit reached,"{'error': 'Access limit reached', 'retry_after': '4 hours 55 minutes'}"
191,sZaWrwSAC0YhuHOq,1745034815231,429,Access limit reached,"{'error': 'Access limit reached', 'retry_after': '4 hours 55 minutes'}"
192,och15Vm379Xa1g1Q,1745038218231,429,Access limit reached,"{'error': 'Access limit reached', 'retry_after': '4 hours 50 minutes'}"
192,och15Vm379Xa1g1Q,1745018867231,429,Access limit reached,"{'error': 'Access limit reached', 'retry_after': '4 hours 50 minutes'}"
192,och15Vm379Xa1g1Q,1745040126231,429,Access limit reached,"{'error': 'Access limit reached', 'retry_after': '4 hours 50 minutes'}"
192,och15Vm379Xa1g1Q,1745053274231,429,Access limit reached,"{'error': 'Access limit reached', 'retry_after': '4 hours 50 minutes'}"
192,och15Vm379Xa1g1Q,1745078532231,429,Access limit reached,"{'error': 'Access limit reached', 'retry_after': '4 hours 50 minutes'}"
192,och15Vm379Xa1g1Q,1745011444231,429,Access limit reached,"{'error': 'Access limit reached', 'retry_after': '4 hours 50 minutes'}"
192,och15Vm379Xa1g1Q,1745054576231,429,Access limit reached,"{'error': 'Access limit reached', 'retry_after': '4 hours 50 minutes'}"
192,och15Vm379Xa1g1Q,1745071076231,429,Access limit reached,"{'error': 'Access limit reached', 'retry_after': '4 hours 50 minutes'}"
192,och15Vm379Xa1g1Q,1745026392231,429,Access limit reached,"{'error': 'Access limit reached', 'retry_after': '4 hours 50 minutes'}"
192,och15Vm379Xa1g1Q,1745015332231,429,Access limit reached,"{'error': 'Access limit reached', 'retry_after': '4 hours 50 minutes'}"
192,och15Vm379Xa1g1Q,1745032644231,429,Access limit reached,"{'error': 'Access limit reached', 'retry_after': '4 hours 50 minutes'}"
192,och15Vm379Xa1g1Q,1745011566231,429,Access limit reached,"{'error': 'Access limit reached', 'retry_after': '4 hours 50 minutes'}"
192,och15Vm379Xa1g1Q,1745016384231,429,Access limit reached,"{'error': 'Access limit reached', 'retry_after': '4 hours 50 minutes'}"
192,och15Vm379Xa1g1Q,1745040207231,429,Access limit reached,"{'error': 'Access limit reached', 'retry_after': '4 hours 50 minutes'}"
192,och15Vm379Xa1g1Q,1745074264231,429,Access limit reached,"{'error': 'Access limit reached', 'retry_after': '4 hours 50 minutes'}"
192,och15Vm379Xa1g1Q,1745055688231,429,Access limit reached,"{'error': 'Access limit reached', 'retry_after': '4 hours 50 minutes'}"
192,och15Vm379Xa1g1Q,1745038415231,429,Access limit reached,"{'error': 'Access limit reached', 'retry_after': '4 hours 50 minutes'}"
192,och15Vm379Xa1g1Q,1745010988231,429,Access limit reached,"{'error': 'Access limit reached', 'retry_after': '4 hours 50 minutes'}"
192,och15Vm379Xa1g1Q,1745074913231,429,Access limit reached,"{'error': 'Access limit reached', 'retry_after': '4 hours 50 minutes'}"
192,och15Vm379Xa1g1Q,1745036048231,429,Access limit reached,"{'error': 'Access limit reached', 'retry_after': '4 hours 50 minutes'}"
192,och15Vm379Xa1g1Q,1745045120231,429,Access limit reached,"{'error': 'Access limit reached', 'retry_after': '4 hours 50 minutes'}"
192,och15Vm379Xa1g1Q,1745064044231,429,Access limit reached,"{'error': 'Access limit reached', 'retry_after': '4 hours 50 minutes'}"
192,och15Vm379Xa1g1Q,1745020950231,429,Access limit reached,"{'error': 'Access limit reached', 'retry_after': '4 hours 50 minutes'}"
192,och15Vm379Xa1g1Q,1745064922231,429,Access limit reached,"{'error': 'Access limit reached', 'retry_after': '4 hours 50 minutes'}"
192,och15Vm379Xa1g1Q,1745010140231,429,Access limit reached,"{'error': 'Access limit reached', 'retry_after': '4 hours 50 minutes'}"
192,och15Vm379Xa1g1Q,1745057416231,429,Access limit reached,"{'error': 'Access limit reached', 'retry_after': '4 hours 50 minutes'}"
192,och15Vm379Xa1g1Q,1745033878231,429,Access limit reached,"{'error': 'Access limit reached', 'retry_after': '4 hours 50 minutes'}"
192,och15Vm379Xa1g1Q,1745050686231,429,Access limit reached,"{'error': 'Access limit reached', 'retry_after': '4 hours 50 minutes'}"
192,och15Vm379Xa1g1Q,1745037296231,429,Access limit reached,"{'error': 'Access limit reached', 'retry_after': '4 hours 50 minutes'}"
192,och15Vm379Xa1g1Q,1745023017231,429,Access limit reached,"{'error': 'Access limit reached', 'retry_after': '4 hours 50 minutes'}"
192,och15Vm379Xa1g1Q,1745008361231,429,Access limit reached,"{'error': 'Access limit reached', 'retry_after': '4 hours 50 minutes'}"
192,och15Vm379Xa1g1Q,1745067057231,429,Access limit reached,"{'error': 'Access limit reached', 'retry_after': '4 hours 50 minutes'}"
192,och15Vm379Xa1g1Q,1745047466231,429,Access limit reached,"{'error': 'Access limit reached', 'retry_after': '4 hours 50 minutes'}"
192,och15Vm379Xa1g1Q,1745023986231,429,Access limit reached,"{'error': 'Access limit reached', 'retry_after': '4 hours 50 minutes'}"
192,och15Vm379Xa1g1Q,1745024114231,429,Access limit reached,"{'error': 'Access limit reached', 'retry_after': '4 hours 50 minutes'}"
192,och15Vm379Xa1g1Q,1745041037231,429,Access limit reached,"{'error': 'Access limit reached', 'retry_after': '4 hours 50 minutes'}"
192,och15Vm379Xa1g1Q,1745040239231,429,Access limit reached,"{'error': 'Access limit reached', 'retry_after': '4 hours 50 minutes'}"
192,och15Vm379Xa1g1Q,1745010792231,429,Access limit reached,"{'error': 'Access limit reached', 'retry_after': '4 hours 50 minutes'}"
192,och15Vm379Xa1g1Q,1745061324231,429,Access limit reached,"{'error': 'Access limit reached', 'retry_after': '4 hours 50 minutes'}"
192,och15Vm379Xa1g1Q,1745035320231,429,Access limit reached,"{'error': 'Access limit reached', 'retry_after': '4 hours 50 minutes'}"
192,och15Vm379Xa1g1Q,1745018118231,429,Access limit reached,"{'error': 'Access limit reached', 'retry_after': '4 hours 50 minutes'}"
192,och15Vm379Xa1g1Q,1745074646231,429,Access limit reached,"{'error': 'Access limit reached', 'retry_after': '4 hours 50 minutes'}"
192,och15Vm379Xa1g1Q,1745051305231,429,Access limit reached,"{'error': 'Access limit reached', 'retry_after': '4 hours 50 minutes'}"
192,och15Vm379Xa1g1Q,1745051719231,429,Access limit reached,"{'error': 'Access limit reached', 'retry_after': '4 hours 50 minutes'}"
193,z0JDHDmlF0xC3xmv,1745025856231,429,Access limit reached,"{'error': 'Access limit reached', 'retry_after': '6 hours 12 minutes'}"
193,z0JDHDmlF0xC3xmv,1745055075231,429,Access limit reached,"{'error': 'Access limit reached', 'retry_after': '6 hours 12 minutes'}"
193,z0JDHDmlF0xC3xmv,1745010657231,429,Access limit reached,"{'error': 'Access limit reached', 'retry_after': '6 hours 12 minutes'}"
193,z0JDHDmlF0xC3xmv,1745051048231,429,Access limit reached,"{'error': 'Access limit reached', 'retry_after': '6 hours 12 minutes'}"
193,z0JDHDmlF0xC3xmv,1745031457231,429,Access limit reached,"{'error': 'Access limit reached', 'retry_after': '6 hours 12 minutes'}"
193,z0JDHDmlF0xC3xmv,1745072802231,429,Access limit reached,"{'error': 'Access limit reached', 'retry_after': '6 hours 12 minutes'}"
193,z0JDHDmlF0xC3xmv,1745046641231,429,Access limit reached,"{'error': 'Access limit reached', 'retry_after': '6 hours 12 minutes'}"
193,z0JDHDmlF0xC3xmv,1745031546231,429,Access limit reached,"{'error': 'Access limit reached', 'retry_after': '6 hours 12 minutes'}"
193,z0JDHDmlF0xC3xmv,1745058169231,429,Access limit reached,"{'error': 'Access limit reached', 'retry_after': '6 hours 12 minutes'}"
193,z0JDHDmlF0xC3xmv,1745028536231,429,Access limit reached,"{'error': 'Access limit reached', 'retry_after': '6 hours 12 minutes'}"
193,z0JDHDmlF0xC3xmv,1745074813231,429,Access limit reached,"{'error': 'Access limit reached', 'retry_after': '6 hours 12 minutes'}"
193,z0JDHDmlF0xC3xmv,1745016573231,429,Access limit reached,"{'error': 'Access limit reached', 'retry_after': '6 hours 12 minutes'}"
193,z0JDHDmlF0xC3xmv,1745065875231,429,Access limit reached,"{'error': 'Access limit reached', 'retry_after': '6 hours 12 minutes'}"
193,z0JDHDmlF0xC3xmv,1745014200231,429,Access limit reached,"{'error': 'Access limit reached', 'retry_after': '6 hours 12 minutes'}"
193,z0JDHDmlF0xC3xmv,1745054897231,429,Access limit reached,"{'error': 'Access limit reached', 'retry_after': '6 hours 12 minutes'}"
193,z0JDHDmlF0xC3xmv,1745056744231,429,Access limit reached,"{'error': 'Access limit reached', 'retry_after': '6 hours 12 minutes'}"
193,z0JDHDmlF0xC3xmv,1745015484231,429,Access limit reached,"{'error': 'Access limit reached', 'retry_after': '6 hours 12 minutes'}"
193,z0JDHDmlF0xC3xmv,1745054021231,429,Access limit reached,"{'error': 'Access limit reached', 'retry_after': '6 hours 12 minutes'}"
193,z0JDHDmlF0xC3xmv,1745064167231,429,Access limit reached,"{'error': 'Access limit reached', 'retry_after': '6 hours 12 minutes'}"
193,z0JDHDmlF0xC3xmv,1745067251231,429,Access limit reached,"{'error': 'Access limit reached', 'retry_after': '6 hours 12 minutes'}"
193,z0JDHDmlF0xC3xmv,1745029435231,429,Access limit reached,"{'error': 'Access limit reached', 'retry_after': '6 hours 12 minutes'}"
193,z0JDHDmlF0xC3xmv,1745072836231,429,Access limit reached,"{'error': 'Access limit reached', 'retry_after': '6 hours 12 minutes'}"
193,z0JDHDmlF0xC3xmv,1745049755231,429,Access limit reached,"{'error': 'Access limit reached', 'retry_after': '6 hours 12 minutes'}"
193,z0JDHDmlF0xC3xmv,1745066357231,429,Access limit reached,"{'error': 'Access limit reached', 'retry_after': '6 hours 12 minutes'}"
193,z0JDHDmlF0xC3xmv,1745048303231,429,Access limit reached,"{'error': 'Access limit reached', 'retry_after': '6 hours 12 minutes'}"
193,z0JDHDmlF0xC3xmv,1745057757231,429,Access limit reached,"{'error': 'Access limit reached', 'retry_after': '6 hours 12 minutes'}"
193,z0JDHDmlF0xC3xmv,1745050095231,429,Access limit reached,"{'error': 'Access limit reached', 'retry_after': '6 hours 12 minutes'}"
193,z0JDHDmlF0xC3xmv,1745024514231,429,Access limit reached,"{'error': 'Access limit reached', 'retry_after': '6 hours 12 minutes'}"
193,z0JDHDmlF0xC3xmv,1745017842231,429,Access limit reached,"{'error': 'Access limit reached', 'retry_after': '6 hours 12 minutes'}"
193,z0JDHDmlF0xC3xmv,1745033522231,429,Access limit reached,"{'error': 'Access limit reached', 'retry_after': '6 hours 12 minutes'}"
193,z0JDHDmlF0xC3xmv,1745054636231,429,Access limit reached,"{'error': 'Access limit reached', 'retry_after': '6 hours 12 minutes'}"
193,z0JDHDmlF0xC3xmv,1745031806231,429,Access limit reached,"{'error': 'Access limit reached', 'retry_after': '6 hours 12 minutes'}"
194,U3gq6cIPD3Hy2aYQ,1745058399231,429,Access limit reached,"{'error': 'Access limit reached', 'retry_after': '6 hours 1 minutes'}"
194,U3gq6cIPD3Hy2aYQ,1745070548231,429,Access limit reached,"{'error': 'Access limit reached', 'retry_after': '6 hours 1 minutes'}"
194,U3gq6cIPD3Hy2aYQ,1745068246231,429,Access limit reached,"{'error': 'Access limit reached', 'retry_after': '6 hours 1 minutes'}"
194,U3gq6cIPD3Hy2aYQ,1745055962231,429,Access limit reached,"{'error': 'Access limit reached', 'retry_after': '6 hours 1 minutes'}"
194,U3gq6cIPD3Hy2aYQ,1745050007231,429,Access limit reached,"{'error': 'Access limit reached', 'retry_after': '6 hours 1 minutes'}"
194,U3gq6cIPD3Hy2aYQ,1745021931231,429,Access limit reached,"{'error': 'Access limit reached', 'retry_after': '6 hours 1 minutes'}"
194,U3gq6cIPD3Hy2aYQ,1745079088231,429,Access limit reached,"{'error': 'Access limit reached', 'retry_after': '6 hours 1 minutes'}"
194,U3gq6cIPD3Hy2aYQ,1745063117231,429,Access limit reached,"{'error': 'Access limit reached', 'retry_after': '6 hours 1 minutes'}"
194,U3gq6cIPD3Hy2aYQ,1745042493231,429,Access limit reached,"{'error': 'Access limit reached', 'retry_after': '6 hours 1 minutes'}"
194,U3gq6cIPD3Hy2aYQ,1745067115231,429,Access limit reached,"{'error': 'Access limit reached', 'retry_after': '6 hours 1 minutes'}"
194,U3gq6cIPD3Hy2aYQ,1745074966231,429,Access limit reached,"{'error': 'Access limit reached', 'retry_after': '6 hours 1 minutes'}"
194,U3gq6cIPD3Hy2aYQ,1745045416231,429,Access limit reached,"{'error': 'Access limit reached', 'retry_after': '6 hours 1 minutes'}"
194,U3gq6cIPD3Hy2aYQ,1745049438231,429,Access limit reached,"{'error': 'Access limit reached', 'retry_after': '6 hours 1 minutes'}"
194,U3gq6cIPD3Hy2aYQ,1745041487231,429,Access limit reached,"{'error': 'Access limit reached', 'retry_after': '6 hours 1 minutes'}"
194,U3gq6cIPD3Hy2aYQ,1745030712231,429,Access limit reached,"{'error': 'Access limit reached', 'retry_after': '6 hours 1 minutes'}"
194,U3gq6cIPD3Hy2aYQ,1745018852231,429,Access limit reached,"{'error': 'Access limit reached', 'retry_after': '6 hours 1 minutes'}"
194,U3gq6cIPD3Hy2aYQ,1745036916231,429,Access limit reached,"{'error': 'Access limit reached', 'retry_after': '6 hours 1 minutes'}"
194,U3gq6cIPD3Hy2aYQ,1745036928231,429,Access limit reached,"{'error': 'Access limit reached', 'retry_after': '6 hours 1 minutes'}"
194,U3gq6cIPD3Hy2aYQ,1745050346231,429,Access limit reached,"{'error': 'Access limit reached', 'retry_after': '6 hours 1 minutes'}"
194,U3gq6cIPD3Hy2aYQ,1745033243231,429,Access limit reached,"{'error': 'Access limit reached', 'retry_after': '6 hours 1 minutes'}"
194,U3gq6cIPD3Hy2aYQ,1745071847231,429,Access limit reached,"{'error': 'Access limit reached', 'retry_after': '6 hours 1 minutes'}"
194,U3gq6cIPD3Hy2aYQ,1745074553231,429,Access limit reached,"{'error': 'Access limit reached', 'retry_after': '6 hours 1 minutes'}"
194,U3gq6cIPD3Hy2aYQ,1745056989231,429,Access limit reached,"{'error': 'Access limit reached', 'retry_after': '6 hours 1 minutes'}"
194,U3gq6cIPD3Hy2aYQ,1745034485231,429,Access limit reached,"{'error': 'Access limit reached', 'retry_after': '6 hours 1 minutes'}"
194,U3gq6cIPD3Hy2aYQ,1745076836231,429,Access limit reached,"{'error': 'Access limit reached', 'retry_after': '6 hours 1 minutes'}"
194,U3gq6cIPD3Hy2aYQ,1745047291231,429,Access limit reached,"{'error': 'Access limit reached', 'retry_after': '6 hours 1 minutes'}"
194,U3gq6cIPD3Hy2aYQ,1745054117231,429,Access limit reached,"{'error': 'Access limit reached', 'retry_after': '6 hours 1 minutes'}"
194,U3gq6cIPD3Hy2aYQ,1745058684231,429,Access limit reached,"{'error': 'Access limit reached', 'retry_after': '6 hours 1 minutes'}"
194,U3gq6cIPD3Hy2aYQ,1745036502231,429,Access limit reached,"{'error': 'Access limit reached', 'retry_after': '6 hours 1 minutes'}"
194,U3gq6cIPD3Hy2aYQ,1745035181231,429,Access limit reached,"{'error': 'Access limit reached', 'retry_after': '6 hours 1 minutes'}"
194,U3gq6cIPD3Hy2aYQ,1745066050231,429,Access limit reached,"{'error': 'Access limit reached', 'retry_after': '6 hours 1 minutes'}"
194,U3gq6cIPD3Hy2aYQ,1745076578231,429,Access limit reached,"{'error': 'Access limit reached', 'retry_after': '6 hours 1 minutes'}"
194,U3gq6cIPD3Hy2aYQ,1745021001231,429,Access limit reached,"{'error': 'Access limit reached', 'retry_after': '6 hours 1 minutes'}"
194,U3gq6cIPD3Hy2aYQ,1745053581231,429,Access limit reached,"{'error': 'Access limit reached', 'retry_after': '6 hours 1 minutes'}"
194,U3gq6cIPD3Hy2aYQ,1745075305231,429,Access limit reached,"{'error': 'Access limit reached', 'retry_after': '6 hours 1 minutes'}"
194,U3gq6cIPD3Hy2aYQ,1745043763231,429,Access limit reached,"{'error': 'Access limit reached', 'retry_after': '6 hours 1 minutes'}"
194,U3gq6cIPD3Hy2aYQ,1745050649231,429,Access limit reached,"{'error': 'Access limit reached', 'retry_after': '6 hours 1 minutes'}"
194,U3gq6cIPD3Hy2aYQ,1745028542231,429,Access limit reached,"{'error': 'Access limit reached', 'retry_after': '6 hours 1 minutes'}"
194,U3gq6cIPD3Hy2aYQ,1745010679231,429,Access limit reached,"{'error': 'Access limit reached', 'retry_after': '6 hours 1 minutes'}"
195,4YHYRv9IiZ7e2gos,1745054694231,429,Access limit reached,"{'error': 'Access limit reached', 'retry_after': '4 hours 38 minutes'}"
195,4YHYRv9IiZ7e2gos,1745055424231,429,Access limit reached,"{'error': 'Access limit reached', 'retry_after': '4 hours 38 minutes'}"
195,4YHYRv9IiZ7e2gos,1745077084231,429,Access limit reached,"{'error': 'Access limit reached', 'retry_after': '4 hours 38 minutes'}"
195,4YHYRv9IiZ7e2gos,1745061142231,429,Access limit reached,"{'error': 'Access limit reached', 'retry_after': '4 hours 38 minutes'}"
195,4YHYRv9IiZ7e2gos,1745050416231,429,Access limit reached,"{'error': 'Access limit reached', 'retry_after': '4 hours 38 minutes'}"
195,4YHYRv9IiZ7e2gos,1745038271231,429,Access limit reached,"{'error': 'Access limit reached', 'retry_after': '4 hours 38 minutes'}"
195,4YHYRv9IiZ7e2gos,1745051358231,429,Access limit reached,"{'error': 'Access limit reached', 'retry_after': '4 hours 38 minutes'}"
195,4YHYRv9IiZ7e2gos,1745021174231,429,Access limit reached,"{'error': 'Access limit reached', 'retry_after': '4 hours 38 minutes'}"
195,4YHYRv9IiZ7e2gos,1745009207231,429,Access limit reached,"{'error': 'Access limit reached', 'retry_after': '4 hours 38 minutes'}"
195,4YHYRv9IiZ7e2gos,1745058444231,429,Access limit reached,"{'error': 'Access limit reached', 'retry_after': '4 hours 38 minutes'}"
195,4YHYRv9IiZ7e2gos,1745013563231,429,Access limit reached,"{'error': 'Access limit reached', 'retry_after': '4 hours 38 minutes'}"
195,4YHYRv9IiZ7e2gos,1745071157231,429,Access limit reached,"{'error': 'Access limit reached', 'retry_after': '4 hours 38 minutes'}"
195,4YHYRv9IiZ7e2gos,1745063979231,429,Access limit reached,"{'error': 'Access limit reached', 'retry_after': '4 hours 38 minutes'}"
195,4YHYRv9IiZ7e2gos,1745077034231,429,Access limit reached,"{'error': 'Access limit reached', 'retry_after': '4 hours 38 minutes'}"
195,4YHYRv9IiZ7e2gos,1745011497231,429,Access limit reached,"{'error': 'Access limit reached', 'retry_after': '4 hours 38 minutes'}"
195,4YHYRv9IiZ7e2gos,1745077275231,429,Access limit reached,"{'error': 'Access limit reached', 'retry_after': '4 hours 38 minutes'}"
195,4YHYRv9IiZ7e2gos,1745041049231,429,Access limit reached,"{'error': 'Access limit reached', 'retry_after': '4 hours 38 minutes'}"
195,4YHYRv9IiZ7e2gos,1745066904231,429,Access limit reached,"{'error': 'Access limit reached', 'retry_after': '4 hours 38 minutes'}"
195,4YHYRv9IiZ7e2gos,1745021971231,429,Access limit reached,"{'error': 'Access limit reached', 'retry_after': '4 hours 38 minutes'}"
195,4YHYRv9IiZ7e2gos,1745066515231,429,Access limit reached,"{'error': 'Access limit reached', 'retry_after': '4 hours 38 minutes'}"
195,4YHYRv9IiZ7e2gos,1745078350231,429,Access limit reached,"{'error': 'Access limit reached', 'retry_after': '4 hours 38 minutes'}"
195,4YHYRv9IiZ7e2gos,1745051859231,429,Access limit reached,"{'error': 'Access limit reached', 'retry_after': '4 hours 38 minutes'}"
195,4YHYRv9IiZ7e2gos,1745042046231,429,Access limit reached,"{'error': 'Access limit reached', 'retry_after': '4 hours 38 minutes'}"
195,4YHYRv9IiZ7e2gos,1745051713231,429,Access limit reached,"{'error': 'Access limit reached', 'retry_after': '4 hours 38 minutes'}"
195,4YHYRv9IiZ7e2gos,1745043761231,429,Access limit reached,"{'error': 'Access limit reached', 'retry_after': '4 hours 38 minutes'}"
195,4YHYRv9IiZ7e2gos,1745076835231,429,Access limit reached,"{'error': 'Access limit reached', 'retry_after': '4 hours 38 minutes'}"
195,4YHYRv9IiZ7e2gos,1745014091231,429,Access limit reached,"{'error': 'Access limit reached', 'retry_after': '4 hours 38 minutes'}"
195,4YHYRv9IiZ7e2gos,1745017840231,429,Access limit reached,"{'error': 'Access limit reached', 'retry_after': '4 hours 38 minutes'}"
195,4YHYRv9IiZ7e2gos,1745025882231,429,Access limit reached,"{'error': 'Access limit reached', 'retry_after': '4 hours 38 minutes'}"
195,4YHYRv9IiZ7e2gos,1745067558231,429,Access limit reached,"{'error': 'Access limit reached', 'retry_after': '4 hours 38 minutes'}"
195,4YHYRv9IiZ7e2gos,1745073731231,429,Access limit reached,"{'error': 'Access limit reached', 'retry_after': '4 hours 38 minutes'}"
195,4YHYRv9IiZ7e2gos,1745055232231,429,Access limit reached,"{'error': 'Access limit reached', 'retry_after': '4 hours 38 minutes'}"
195,4YHYRv9IiZ7e2gos,1745048983231,429,Access limit reached,"{'error': 'Access limit reached', 'retry_after': '4 hours 38 minutes'}"
195,4YHYRv9IiZ7e2gos,1745045752231,429,Access limit reached,"{'error': 'Access limit reached', 'retry_after': '4 hours 38 minutes'}"
195,4YHYRv9IiZ7e2gos,1745069433231,429,Access limit reached,"{'error': 'Access limit reached', 'retry_after': '4 hours 38 minutes'}"
195,4YHYRv9IiZ7e2gos,1745015887231,429,Access limit reached,"{'error': 'Access limit reached', 'retry_after': '4 hours 38 minutes'}"
196,3nBKrhW1fBAghtFJ,1745074978231,429,Access limit reached,"{'error': 'Access limit reached', 'retry_after': '4 hours 49 minutes'}"
196,3nBKrhW1fBAghtFJ,1745038197231,429,Access limit reached,"{'error': 'Access limit reached', 'retry_after': '4 hours 49 minutes'}"
196,3nBKrhW1fBAghtFJ,1745009035231,429,Access limit reached,"{'error': 'Access limit reached', 'retry_after': '4 hours 49 minutes'}"
196,3nBKrhW1fBAghtFJ,1745025608231,429,Access limit reached,"{'error': 'Access limit reached', 'retry_after': '4 hours 49 minutes'}"
196,3nBKrhW1fBAghtFJ,1745032048231,429,Access limit reached,"{'error': 'Access limit reached', 'retry_after': '4 hours 49 minutes'}"
196,3nBKrhW1fBAghtFJ,1745017439231,429,Access limit reached,"{'error': 'Access limit reached', 'retry_after': '4 hours 49 minutes'}"
196,3nBKrhW1fBAghtFJ,1745064920231,429,Access limit reached,"{'error': 'Access limit reached', 'retry_after': '4 hours 49 minutes'}"
196,3nBKrhW1fBAghtFJ,1745026900231,429,Access limit reached,"{'error': 'Access limit reached', 'retry_after': '4 hours 49 minutes'}"
196,3nBKrhW1fBAghtFJ,1745012250231,429,Access limit reached,"{'error': 'Access limit reached', 'retry_after': '4 hours 49 minutes'}"
196,3nBKrhW1fBAghtFJ,1745065672231,429,Access limit reached,"{'error': 'Access limit reached', 'retry_after': '4 hours 49 minutes'}"
196,3nBKrhW1fBAghtFJ,1745041808231,429,Access limit reached,"{'error': 'Access limit reached', 'retry_after': '4 hours 49 minutes'}"
196,3nBKrhW1fBAghtFJ,1745033119231,429,Access limit reached,"{'error': 'Access limit reached', 'retry_after': '4 hours 49 minutes'}"
196,3nBKrhW1fBAghtFJ,1745064570231,429,Access limit reached,"{'error': 'Access limit reached', 'retry_after': '4 hours 49 minutes'}"
196,3nBKrhW1fBAghtFJ,1745039511231,429,Access limit reached,"{'error': 'Access limit reached', 'retry_after': '4 hours 49 minutes'}"
196,3nBKrhW1fBAghtFJ,1745024795231,429,Access limit reached,"{'error': 'Access limit reached', 'retry_after': '4 hours 49 minutes'}"
196,3nBKrhW1fBAghtFJ,1745020770231,429,Access limit reached,"{'error': 'Access limit reached', 'retry_after': '4 hours 49 minutes'}"
196,3nBKrhW1fBAghtFJ,1745008616231,429,Access limit reached,"{'error': 'Access limit reached', 'retry_after': '4 hours 49 minutes'}"
196,3nBKrhW1fBAghtFJ,1745064754231,429,Access limit reached,"{'error': 'Access limit reached', 'retry_after': '4 hours 49 minutes'}"
196,3nBKrhW1fBAghtFJ,1745039279231,429,Access limit reached,"{'error': 'Access limit reached', 'retry_after': '4 hours 49 minutes'}"
196,3nBKrhW1fBAghtFJ,1745056893231,429,Access limit reached,"{'error': 'Access limit reached', 'retry_after': '4 hours 49 minutes'}"
196,3nBKrhW1fBAghtFJ,1745049957231,429,Access limit reached,"{'error': 'Access limit reached', 'retry_after': '4 hours 49 minutes'}"
196,3nBKrhW1fBAghtFJ,1745008213231,429,Access limit reached,"{'error': 'Access limit reached', 'retry_after': '4 hours 49 minutes'}"
196,3nBKrhW1fBAghtFJ,1745048853231,429,Access limit reached,"{'error': 'Access limit reached', 'retry_after': '4 hours 49 minutes'}"
196,3nBKrhW1fBAghtFJ,1745070148231,429,Access limit reached,"{'error': 'Access limit reached', 'retry_after': '4 hours 49 minutes'}"
196,3nBKrhW1fBAghtFJ,1745028456231,429,Access limit reached,"{'error': 'Access limit reached', 'retry_after': '4 hours 49 minutes'}"
196,3nBKrhW1fBAghtFJ,1745014235231,429,Access limit reached,"{'error': 'Access limit reached', 'retry_after': '4 hours 49 minutes'}"
196,3nBKrhW1fBAghtFJ,1745062857231,429,Access limit reached,"{'error': 'Access limit reached', 'retry_after': '4 hours 49 minutes'}"
196,3nBKrhW1fBAghtFJ,1745016503231,429,Access limit reached,"{'error': 'Access limit reached', 'retry_after': '4 hours 49 minutes'}"
196,3nBKrhW1fBAghtFJ,1745058033231,429,Access limit reached,"{'error': 'Access limit reached', 'retry_after': '4 hours 49 minutes'}"
196,3nBKrhW1fBAghtFJ,1745053877231,429,Access limit reached,"{'error': 'Access limit reached', 'retry_after': '4 hours 49 minutes'}"
196,3nBKrhW1fBAghtFJ,1745026282231,429,Access limit reached,"{'error': 'Access limit reached', 'retry_after': '4 hours 49 minutes'}"
196,3nBKrhW1fBAghtFJ,1745029994231,429,Access limit reached,"{'error': 'Access limit reached', 'retry_after': '4 hours 49 minutes'}"
196,3nBKrhW1fBAghtFJ,1745036972231,429,Access limit reached,"{'error': 'Access limit reached', 'retry_after': '4 hours 49 minutes'}"
196,3nBKrhW1fBAghtFJ,1745068777231,429,Access limit reached,"{'error': 'Access limit reached', 'retry_after': '4 hours 49 minutes'}"
196,3nBKrhW1fBAghtFJ,1745044903231,429,Access limit reached,"{'error': 'Access limit reached', 'retry_after': '4 hours 49 minutes'}"
197,IzFNSTGy3eHVyDTQ,1745028465231,429,Access limit reached,"{'error': 'Access limit reached', 'retry_after': '4 hours 40 minutes'}"
197,IzFNSTGy3eHVyDTQ,1745051203231,429,Access limit reached,"{'error': 'Access limit reached', 'retry_after': '4 hours 40 minutes'}"
197,IzFNSTGy3eHVyDTQ,1745069853231,429,Access limit reached,"{'error': 'Access limit reached', 'retry_after': '4 hours 40 minutes'}"
197,IzFNSTGy3eHVyDTQ,1745013527231,429,Access limit reached,"{'error': 'Access limit reached', 'retry_after': '4 hours 40 minutes'}"
197,IzFNSTGy3eHVyDTQ,1745034619231,429,Access limit reached,"{'error': 'Access limit reached', 'retry_after': '4 hours 40 minutes'}"
197,IzFNSTGy3eHVyDTQ,1745031967231,429,Access limit reached,"{'error': 'Access limit reached', 'retry_after': '4 hours 40 minutes'}"
197,IzFNSTGy3eHVyDTQ,1745051224231,429,Access limit reached,"{'error': 'Access limit reached', 'retry_after': '4 hours 40 minutes'}"
197,IzFNSTGy3eHVyDTQ,1745046831231,429,Access limit reached,"{'error': 'Access limit reached', 'retry_after': '4 hours 40 minutes'}"
197,IzFNSTGy3eHVyDTQ,1745020744231,429,Access limit reached,"{'error': 'Access limit reached', 'retry_after': '4 hours 40 minutes'}"
197,IzFNSTGy3eHVyDTQ,1745008251231,429,Access limit reached,"{'error': 'Access limit reached', 'retry_after': '4 hours 40 minutes'}"
197,IzFNSTGy3eHVyDTQ,1745056072231,429,Access limit reached,"{'error': 'Access limit reached', 'retry_after': '4 hours 40 minutes'}"
197,IzFNSTGy3eHVyDTQ,1745030402231,429,Access limit reached,"{'error': 'Access limit reached', 'retry_after': '4 hours 40 minutes'}"
197,IzFNSTGy3eHVyDTQ,1745055950231,429,Access limit reached,"{'error': 'Access limit reached', 'retry_after': '4 hours 40 minutes'}"
197,IzFNSTGy3eHVyDTQ,1745011364231,429,Access limit reached,"{'error': 'Access limit reached', 'retry_after': '4 hours 40 minutes'}"
197,IzFNSTGy3eHVyDTQ,1745067506231,429,Access limit reached,"{'error': 'Access limit reached', 'retry_after': '4 hours 40 minutes'}"
197,IzFNSTGy3eHVyDTQ,1745069458231,429,Access limit reached,"{'error': 'Access limit reached', 'retry_after': '4 hours 40 minutes'}"
197,IzFNSTGy3eHVyDTQ,1745020569231,429,Access limit reached,"{'error': 'Access limit reached', 'retry_after': '4 hours 40 minutes'}"
197,IzFNSTGy3eHVyDTQ,1745025305231,429,Access limit reached,"{'error': 'Access limit reached', 'retry_after': '4 hours 40 minutes'}"
197,IzFNSTGy3eHVyDTQ,1745027153231,429,Access limit reached,"{'error': 'Access limit reached', 'retry_after': '4 hours 40 minutes'}"
197,IzFNSTGy3eHVyDTQ,1745031470231,429,Access limit reached,"{'error': 'Access limit reached', 'retry_after': '4 hours 40 minutes'}"
197,IzFNSTGy3eHVyDTQ,1745076123231,429,Access limit reached,"{'error': 'Access limit reached', 'retry_after': '4 hours 40 minutes'}"
197,IzFNSTGy3eHVyDTQ,1745038856231,429,Access limit reached,"{'error': 'Access limit reached', 'retry_after': '4 hours 40 minutes'}"
197,IzFNSTGy3eHVyDTQ,1745014153231,429,Access limit reached,"{'error': 'Access limit reached', 'retry_after': '4 hours 40 minutes'}"
197,IzFNSTGy3eHVyDTQ,1745074227231,429,Access limit reached,"{'error': 'Access limit reached', 'retry_after': '4 hours 40 minutes'}"
197,IzFNSTGy3eHVyDTQ,1745023313231,429,Access limit reached,"{'error': 'Access limit reached', 'retry_after': '4 hours 40 minutes'}"
197,IzFNSTGy3eHVyDTQ,1745037545231,429,Access limit reached,"{'error': 'Access limit reached', 'retry_after': '4 hours 40 minutes'}"
198,XxbRFGNYZnZSAQYX,1745022774231,429,Access limit reached,"{'error': 'Access limit reached', 'retry_after': '4 hours 46 minutes'}"
198,XxbRFGNYZnZSAQYX,1745040937231,429,Access limit reached,"{'error': 'Access limit reached', 'retry_after': '4 hours 46 minutes'}"
198,XxbRFGNYZnZSAQYX,1745010972231,429,Access limit reached,"{'error': 'Access limit reached', 'retry_after': '4 hours 46 minutes'}"
198,XxbRFGNYZnZSAQYX,1745062657231,429,Access limit reached,"{'error': 'Access limit reached', 'retry_after': '4 hours 46 minutes'}"
198,XxbRFGNYZnZSAQYX,1745020079231,429,Access limit reached,"{'error': 'Access limit reached', 'retry_after': '4 hours 46 minutes'}"
198,XxbRFGNYZnZSAQYX,1745067787231,429,Access limit reached,"{'error': 'Access limit reached', 'retry_after': '4 hours 46 minutes'}"
198,XxbRFGNYZnZSAQYX,1745020497231,429,Access limit reached,"{'error': 'Access limit reached', 'retry_after': '4 hours 46 minutes'}"
198,XxbRFGNYZnZSAQYX,1745053143231,429,Access limit reached,"{'error': 'Access limit reached', 'retry_after': '4 hours 46 minutes'}"
198,XxbRFGNYZnZSAQYX,1745032015231,429,Access limit reached,"{'error': 'Access limit reached', 'retry_after': '4 hours 46 minutes'}"
198,XxbRFGNYZnZSAQYX,1745060234231,429,Access limit reached,"{'error': 'Access limit reached', 'retry_after': '4 hours 46 minutes'}"
198,XxbRFGNYZnZSAQYX,1745072565231,429,Access limit reached,"{'error': 'Access limit reached', 'retry_after': '4 hours 46 minutes'}"
198,XxbRFGNYZnZSAQYX,1745050507231,429,Access limit reached,"{'error': 'Access limit reached', 'retry_after': '4 hours 46 minutes'}"
198,XxbRFGNYZnZSAQYX,1745064478231,429,Access limit reached,"{'error': 'Access limit reached', 'retry_after': '4 hours 46 minutes'}"
198,XxbRFGNYZnZSAQYX,1745050864231,429,Access limit reached,"{'error': 'Access limit reached', 'retry_after': '4 hours 46 minutes'}"
198,XxbRFGNYZnZSAQYX,1745025529231,429,Access limit reached,"{'error': 'Access limit reached', 'retry_after': '4 hours 46 minutes'}"
198,XxbRFGNYZnZSAQYX,1745043148231,429,Access limit reached,"{'error': 'Access limit reached', 'retry_after': '4 hours 46 minutes'}"
198,XxbRFGNYZnZSAQYX,1745015074231,429,Access limit reached,"{'error': 'Access limit reached', 'retry_after': '4 hours 46 minutes'}"
198,XxbRFGNYZnZSAQYX,1745031124231,429,Access limit reached,"{'error': 'Access limit reached', 'retry_after': '4 hours 46 minutes'}"
198,XxbRFGNYZnZSAQYX,1745024737231,429,Access limit reached,"{'error': 'Access limit reached', 'retry_after': '4 hours 46 minutes'}"
198,XxbRFGNYZnZSAQYX,1745029019231,429,Access limit reached,"{'error': 'Access limit reached', 'retry_after': '4 hours 46 minutes'}"
198,XxbRFGNYZnZSAQYX,1745044916231,429,Access limit reached,"{'error': 'Access limit reached', 'retry_after': '4 hours 46 minutes'}"
198,XxbRFGNYZnZSAQYX,1745024590231,429,Access limit reached,"{'error': 'Access limit reached', 'retry_after': '4 hours 46 minutes'}"
198,XxbRFGNYZnZSAQYX,1745058067231,429,Access limit reached,"{'error': 'Access limit reached', 'retry_after': '4 hours 46 minutes'}"
198,XxbRFGNYZnZSAQYX,1745021604231,429,Access limit reached,"{'error': 'Access limit reached', 'retry_after': '4 hours 46 minutes'}"
198,XxbRFGNYZnZSAQYX,1745036552231,429,Access limit reached,"{'error': 'Access limit reached', 'retry_after': '4 hours 46 minutes'}"
198,XxbRFGNYZnZSAQYX,1745017514231,429,Access limit reached,"{'error': 'Access limit reached', 'retry_after': '4 hours 46 minutes'}"
198,XxbRFGNYZnZSAQYX,1745059691231,429,Access limit reached,"{'error': 'Access limit reached', 'retry_after': '4 hours 46 minutes'}"
198,XxbRFGNYZnZSAQYX,1745024877231,429,Access limit reached,"{'error': 'Access limit reached', 'retry_after': '4 hours 46 minutes'}"
198,XxbRFGNYZnZSAQYX,1745023362231,429,Access limit reached,"{'error': 'Access limit reached', 'retry_after': '4 hours 46 minutes'}"
198,XxbRFGNYZnZSAQYX,1745034838231,429,Access limit reached,"{'error': 'Access limit reached', 'retry_after': '4 hours 46 minutes'}"
198,XxbRFGNYZnZSAQYX,1745058231231,429,Access limit reached,"{'error': 'Access limit reached', 'retry_after': '4 hours 46 minutes'}"
198,XxbRFGNYZnZSAQYX,1745065069231,429,Access limit reached,"{'error': 'Access limit reached', 'retry_after': '4 hours 46 minutes'}"
198,XxbRFGNYZnZSAQYX,1745027335231,429,Access limit reached,"{'error': 'Access limit reached', 'retry_after': '4 hours 46 minutes'}"
198,XxbRFGNYZnZSAQYX,1745077985231,429,Access limit reached,"{'error': 'Access limit reached', 'retry_after': '4 hours 46 minutes'}"
198,XxbRFGNYZnZSAQYX,1745046424231,429,Access limit reached,"{'error': 'Access limit reached', 'retry_after': '4 hours 46 minutes'}"
198,XxbRFGNYZnZSAQYX,1745042460231,429,Access limit reached,"{'error': 'Access limit reached', 'retry_after': '4 hours 46 minutes'}"
198,XxbRFGNYZnZSAQYX,1745065707231,429,Access limit reached,"{'error': 'Access limit reached', 'retry_after': '4 hours 46 minutes'}"
198,XxbRFGNYZnZSAQYX,1745041298231,429,Access limit reached,"{'error': 'Access limit reached', 'retry_after': '4 hours 46 minutes'}"
198,XxbRFGNYZnZSAQYX,1745032225231,429,Access limit reached,"{'error': 'Access limit reached', 'retry_after': '4 hours 46 minutes'}"
198,XxbRFGNYZnZSAQYX,1745031516231,429,Access limit reached,"{'error': 'Access limit reached', 'retry_after': '4 hours 46 minutes'}"
198,XxbRFGNYZnZSAQYX,1745054637231,429,Access limit reached,"{'error': 'Access limit reached', 'retry_after': '4 hours 46 minutes'}"
199,IzFNSTGy3eHVyDTQ,1745078353231,429,Access limit reached,"{'error': 'Access limit reached', 'retry_after': '4 hours 40 minutes'}"
199,IzFNSTGy3eHVyDTQ,1745054630231,429,Access limit reached,"{'error': 'Access limit reached', 'retry_after': '4 hours 40 minutes'}"
199,IzFNSTGy3eHVyDTQ,1745039196231,429,Access limit reached,"{'error': 'Access limit reached', 'retry_after': '4 hours 40 minutes'}"
199,IzFNSTGy3eHVyDTQ,1745029997231,429,Access limit reached,"{'error': 'Access limit reached', 'retry_after': '4 hours 40 minutes'}"
199,IzFNSTGy3eHVyDTQ,1745009790231,429,Access limit reached,"{'error': 'Access limit reached', 'retry_after': '4 hours 40 minutes'}"
199,IzFNSTGy3eHVyDTQ,1745041909231,429,Access limit reached,"{'error': 'Access limit reached', 'retry_after': '4 hours 40 minutes'}"
199,IzFNSTGy3eHVyDTQ,1745016584231,429,Access limit reached,"{'error': 'Access limit reached', 'retry_after': '4 hours 40 minutes'}"
199,IzFNSTGy3eHVyDTQ,1745067044231,429,Access limit reached,"{'error': 'Access limit reached', 'retry_after': '4 hours 40 minutes'}"
199,IzFNSTGy3eHVyDTQ,1745037177231,429,Access limit reached,"{'error': 'Access limit reached', 'retry_after': '4 hours 40 minutes'}"
199,IzFNSTGy3eHVyDTQ,1745075224231,429,Access limit reached,"{'error': 'Access limit reached', 'retry_after': '4 hours 40 minutes'}"
199,IzFNSTGy3eHVyDTQ,1745046414231,429,Access limit reached,"{'error': 'Access limit reached', 'retry_after': '4 hours 40 minutes'}"
199,IzFNSTGy3eHVyDTQ,1745018308231,429,Access limit reached,"{'error': 'Access limit reached', 'retry_after': '4 hours 40 minutes'}"
199,IzFNSTGy3eHVyDTQ,1745052564231,429,Access limit reached,"{'error': 'Access limit reached', 'retry_after': '4 hours 40 minutes'}"
199,IzFNSTGy3eHVyDTQ,1745067298231,429,Access limit reached,"{'error': 'Access limit reached', 'retry_after': '4 hours 40 minutes'}"
199,IzFNSTGy3eHVyDTQ,1745072895231,429,Access limit reached,"{'error': 'Access limit reached', 'retry_after': '4 hours 40 minutes'}"
199,IzFNSTGy3eHVyDTQ,1745010673231,429,Access limit reached,"{'error': 'Access limit reached', 'retry_after': '4 hours 40 minutes'}"
199,IzFNSTGy3eHVyDTQ,1745070200231,429,Access limit reached,"{'error': 'Access limit reached', 'retry_after': '4 hours 40 minutes'}"
199,IzFNSTGy3eHVyDTQ,1745007747231,429,Access limit reached,"{'error': 'Access limit reached', 'retry_after': '4 hours 40 minutes'}"
199,IzFNSTGy3eHVyDTQ,1745060619231,429,Access limit reached,"{'error': 'Access limit reached', 'retry_after': '4 hours 40 minutes'}"
199,IzFNSTGy3eHVyDTQ,1745033682231,429,Access limit reached,"{'error': 'Access limit reached', 'retry_after': '4 hours 40 minutes'}"
199,IzFNSTGy3eHVyDTQ,1745047103231,429,Access limit reached,"{'error': 'Access limit reached', 'retry_after': '4 hours 40 minutes'}"
199,IzFNSTGy3eHVyDTQ,1745013776231,429,Access limit reached,"{'error': 'Access limit reached', 'retry_after': '4 hours 40 minutes'}"
199,IzFNSTGy3eHVyDTQ,1745059149231,429,Access limit reached,"{'error': 'Access limit reached', 'retry_after': '4 hours 40 minutes'}"
199,IzFNSTGy3eHVyDTQ,1745008051231,429,Access limit reached,"{'error': 'Access limit reached', 'retry_after': '4 hours 40 minutes'}"
199,IzFNSTGy3eHVyDTQ,1745069117231,429,Access limit reached,"{'error': 'Access limit reached', 'retry_after': '4 hours 40 minutes'}"
199,IzFNSTGy3eHVyDTQ,1745047018231,429,Access limit reached,"{'error': 'Access limit reached', 'retry_after': '4 hours 40 minutes'}"
199,IzFNSTGy3eHVyDTQ,1745020659231,429,Access limit reached,"{'error': 'Access limit reached', 'retry_after': '4 hours 40 minutes'}"
199,IzFNSTGy3eHVyDTQ,1745069352231,429,Access limit reached,"{'error': 'Access limit reached', 'retry_after': '4 hours 40 minutes'}"
199,IzFNSTGy3eHVyDTQ,1745053663231,429,Access limit reached,"{'error': 'Access limit reached', 'retry_after': '4 hours 40 minutes'}"
199,IzFNSTGy3eHVyDTQ,1745029318231,429,Access limit reached,"{'error': 'Access limit reached', 'retry_after': '4 hours 40 minutes'}"
199,IzFNSTGy3eHVyDTQ,1745009638231,429,Access limit reached,"{'error': 'Access limit reached', 'retry_after': '4 hours 40 minutes'}"
199,IzFNSTGy3eHVyDTQ,1745053759231,429,Access limit reached,"{'error': 'Access limit reached', 'retry_after': '4 hours 40 minutes'}"
199,IzFNSTGy3eHVyDTQ,1745062535231,429,Access limit reached,"{'error': 'Access limit reached', 'retry_after': '4 hours 40 minutes'}"
199,IzFNSTGy3eHVyDTQ,1745030760231,429,Access limit reached,"{'error': 'Access limit reached', 'retry_after': '4 hours 40 minutes'}"
199,IzFNSTGy3eHVyDTQ,1745039422231,429,Access limit reached,"{'error': 'Access limit reached', 'retry_after': '4 hours 40 minutes'}"
199,IzFNSTGy3eHVyDTQ,1745043838231,429,Access limit reached,"{'error': 'Access limit reached', 'retry_after': '4 hours 40 minutes'}"
199,IzFNSTGy3eHVyDTQ,1745038963231,429,Access limit reached,"{'error': 'Access limit reached', 'retry_after': '4 hours 40 minutes'}"
199,IzFNSTGy3eHVyDTQ,1745053135231,429,Access limit reached,"{'error': 'Access limit reached', 'retry_after': '4 hours 40 minutes'}"
199,IzFNSTGy3eHVyDTQ,1745071987231,429,Access limit reached,"{'error': 'Access limit reached', 'retry_after': '4 hours 40 minutes'}"
199,IzFNSTGy3eHVyDTQ,1745056693231,429,Access limit reached,"{'error': 'Access limit reached', 'retry_after': '4 hours 40 minutes'}"
199,IzFNSTGy3eHVyDTQ,1745059002231,429,Access limit reached,"{'error': 'Access limit reached', 'retry_after': '4 hours 40 minutes'}"
200,Mu2ElMy8h0J9vztp,1745037285231,429,Access limit reached,"{'error': 'Access limit reached', 'retry_after': '5 hours 0 minutes'}"
200,Mu2ElMy8h0J9vztp,1745059128231,429,Access limit reached,"{'error': 'Access limit reached', 'retry_after': '5 hours 0 minutes'}"
200,Mu2ElMy8h0J9vztp,1745058254231,429,Access limit reached,"{'error': 'Access limit reached', 'retry_after': '5 hours 0 minutes'}"
200,Mu2ElMy8h0J9vztp,1745047113231,429,Access limit reached,"{'error': 'Access limit reached', 'retry_after': '5 hours 0 minutes'}"
200,Mu2ElMy8h0J9vztp,1745077225231,429,Access limit reached,"{'error': 'Access limit reached', 'retry_after': '5 hours 0 minutes'}"
200,Mu2ElMy8h0J9vztp,1745031108231,429,Access limit reached,"{'error': 'Access limit reached', 'retry_after': '5 hours 0 minutes'}"
200,Mu2ElMy8h0J9vztp,1745032878231,429,Access limit reached,"{'error': 'Access limit reached', 'retry_after': '5 hours 0 minutes'}"
200,Mu2ElMy8h0J9vztp,1745019884231,429,Access limit reached,"{'error': 'Access limit reached', 'retry_after': '5 hours 0 minutes'}"
200,Mu2ElMy8h0J9vztp,1745070363231,429,Access limit reached,"{'error': 'Access limit reached', 'retry_after': '5 hours 0 minutes'}"
200,Mu2ElMy8h0J9vztp,1745068094231,429,Access limit reached,"{'error': 'Access limit reached', 'retry_after': '5 hours 0 minutes'}"
200,Mu2ElMy8h0J9vztp,1745045361231,429,Access limit reached,"{'error': 'Access limit reached', 'retry_after': '5 hours 0 minutes'}"
200,Mu2ElMy8h0J9vztp,1745071175231,429,Access limit reached,"{'error': 'Access limit reached', 'retry_after': '5 hours 0 minutes'}"
200,Mu2ElMy8h0J9vztp,1745073243231,429,Access limit reached,"{'error': 'Access limit reached', 'retry_after': '5 hours 0 minutes'}"
200,Mu2ElMy8h0J9vztp,1745023747231,429,Access limit reached,"{'error': 'Access limit reached', 'retry_after': '5 hours 0 minutes'}"
200,Mu2ElMy8h0J9vztp,1745034123231,429,Access limit reached,"{'error': 'Access limit reached', 'retry_after': '5 hours 0 minutes'}"
200,Mu2ElMy8h0J9vztp,1745009480231,429,Access limit reached,"{'error': 'Access limit reached', 'retry_after': '5 hours 0 minutes'}"
200,Mu2ElMy8h0J9vztp,1745076864231,429,Access limit reached,"{'error': 'Access limit reached', 'retry_after': '5 hours 0 minutes'}"
200,Mu2ElMy8h0J9vztp,1745053682231,429,Access limit reached,"{'error': 'Access limit reached', 'retry_after': '5 hours 0 minutes'}"
200,Mu2ElMy8h0J9vztp,1745031080231,429,Access limit reached,"{'error': 'Access limit reached', 'retry_after': '5 hours 0 minutes'}"
200,Mu2ElMy8h0J9vztp,1745031764231,429,Access limit reached,"{'error': 'Access limit reached', 'retry_after': '5 hours 0 minutes'}"
200,Mu2ElMy8h0J9vztp,1745030014231,429,Access limit reached,"{'error': 'Access limit reached', 'retry_after': '5 hours 0 minutes'}"
200,Mu2ElMy8h0J9vztp,1745028022231,429,Access limit reached,"{'error': 'Access limit reached', 'retry_after': '5 hours 0 minutes'}"
200,Mu2ElMy8h0J9vztp,1745039476231,429,Access limit reached,"{'error': 'Access limit reached', 'retry_after': '5 hours 0 minutes'}"
200,Mu2ElMy8h0J9vztp,1745025719231,429,Access limit reached,"{'error': 'Access limit reached', 'retry_after': '5 hours 0 minutes'}"
200,Mu2ElMy8h0J9vztp,1745060739231,429,Access limit reached,"{'error': 'Access limit reached', 'retry_after': '5 hours 0 minutes'}"
