deviceID,timestamp
9dd8a2000cc0efcba33da91e13589b7496d2dc0c6041edecaaca5077cc2df545,1a1c4580caeb6d417f7a260d31c1a955
9dd8a2000cc0efcba33da91e13589b7496d2dc0c6041edecaaca5077cc2df545,195bdd4849791b7205b31f5eed3236c0
9dd8a2000cc0efcba33da91e13589b7496d2dc0c6041edecaaca5077cc2df545,db3d1ac5004c3ce8baae7b2a3dd57a0a
9dd8a2000cc0efcba33da91e13589b7496d2dc0c6041edecaaca5077cc2df545,17ec7210d3e5e35c37925493847bd1f6
9dd8a2000cc0efcba33da91e13589b7496d2dc0c6041edecaaca5077cc2df545,2dfbb131fdf7a5fcb90cb19ee5d5bccb
9dd8a2000cc0efcba33da91e13589b7496d2dc0c6041edecaaca5077cc2df545,3f1c3b7c2e0594cfddde9f48fbfeb7f6
9dd8a2000cc0efcba33da91e13589b7496d2dc0c6041edecaaca5077cc2df545,2354bda0a03e512ee2ffd82516e93099
9dd8a2000cc0efcba33da91e13589b7496d2dc0c6041edecaaca5077cc2df545,2d35bd41b715099d47f14ddebc26e00a
9dd8a2000cc0efcba33da91e13589b7496d2dc0c6041edecaaca5077cc2df545,d095ef63ea92971363845ca2e9d173d6
9dd8a2000cc0efcba33da91e13589b7496d2dc0c6041edecaaca5077cc2df545,8338ff852ea355a3e2e8efdbf3709daa
9dd8a2000cc0efcba33da91e13589b7496d2dc0c6041edecaaca5077cc2df545,e38765f92856c01925c2e18c79f04085
9dd8a2000cc0efcba33da91e13589b7496d2dc0c6041edecaaca5077cc2df545,a34c30c90330baf17cf890c3c2ebd4c5
9dd8a2000cc0efcba33da91e13589b7496d2dc0c6041edecaaca5077cc2df545,b34d6d3f387d345041abf489c53f8171
9dd8a2000cc0efcba33da91e13589b7496d2dc0c6041edecaaca5077cc2df545,d3d0d13d2ed91e2e07a5b5ed9d0a6b45
9dd8a2000cc0efcba33da91e13589b7496d2dc0c6041edecaaca5077cc2df545,6fc0c53d107d812e20ba5cc25556216c
9dd8a2000cc0efcba33da91e13589b7496d2dc0c6041edecaaca5077cc2df545,720631b1051e40280b251b03931c93f0
9dd8a2000cc0efcba33da91e13589b7496d2dc0c6041edecaaca5077cc2df545,c3ea95a4499184a2697b55a0eec50108
9dd8a2000cc0efcba33da91e13589b7496d2dc0c6041edecaaca5077cc2df545,17e2e4648e1c11f3d46f6e81b9d54a1d
9dd8a2000cc0efcba33da91e13589b7496d2dc0c6041edecaaca5077cc2df545,27b10b220e69fba30ebfadb3e827ee32
9dd8a2000cc0efcba33da91e13589b7496d2dc0c6041edecaaca5077cc2df545,c84088c8d3538cc3f6a6ba9da7808d21
9dd8a2000cc0efcba33da91e13589b7496d2dc0c6041edecaaca5077cc2df545,53b85643182d0ce2769e4a83c7accd0e
9dd8a2000cc0efcba33da91e13589b7496d2dc0c6041edecaaca5077cc2df545,6f9b644c6ddd44af04da7d1916d7f8a4
9dd8a2000cc0efcba33da91e13589b7496d2dc0c6041edecaaca5077cc2df545,99fe9951e0278f35c383842455dff26b
9dd8a2000cc0efcba33da91e13589b7496d2dc0c6041edecaaca5077cc2df545,ebfedf85f65843955a2de1d3235740b2
9dd8a2000cc0efcba33da91e13589b7496d2dc0c6041edecaaca5077cc2df545,a3a64d9d276d2eadd3766a1c3a58a5f6
9dd8a2000cc0efcba33da91e13589b7496d2dc0c6041edecaaca5077cc2df545,6cc513ea527b34f05a0bac5a168a27cf
9dd8a2000cc0efcba33da91e13589b7496d2dc0c6041edecaaca5077cc2df545,ed88e675b5d03060b84eb486cff23d8e
9dd8a2000cc0efcba33da91e13589b7496d2dc0c6041edecaaca5077cc2df545,6eb592ec950e874f04e3fb3c958008d0
9dd8a2000cc0efcba33da91e13589b7496d2dc0c6041edecaaca5077cc2df545,e3ef54828702b364c44eda7f7f576b1b
9dd8a2000cc0efcba33da91e13589b7496d2dc0c6041edecaaca5077cc2df545,cd7d31a6cae3c601a1e6fc47b6f6426d
9dd8a2000cc0efcba33da91e13589b7496d2dc0c6041edecaaca5077cc2df545,f054cbcd4e97dadc9cbf93415e224dae
9dd8a2000cc0efcba33da91e13589b7496d2dc0c6041edecaaca5077cc2df545,a8a97dfb386cdc62f767aa5066e73bde
9dd8a2000cc0efcba33da91e13589b7496d2dc0c6041edecaaca5077cc2df545,507f7310bf80719989e61f4804abf8a5
9dd8a2000cc0efcba33da91e13589b7496d2dc0c6041edecaaca5077cc2df545,d08dbed886d036910f3cf82c7d611da2
9dd8a2000cc0efcba33da91e13589b7496d2dc0c6041edecaaca5077cc2df545,1f5c8daea139889b4e6bb4ef588baff8
9dd8a2000cc0efcba33da91e13589b7496d2dc0c6041edecaaca5077cc2df545,6819f9265cabfdb011214e7494c84fc1
9dd8a2000cc0efcba33da91e13589b7496d2dc0c6041edecaaca5077cc2df545,a391d8b898858b000b7dceef9b1442f8
9dd8a2000cc0efcba33da91e13589b7496d2dc0c6041edecaaca5077cc2df545,7a34b25269926d1af68c7c992d6c8205
9dd8a2000cc0efcba33da91e13589b7496d2dc0c6041edecaaca5077cc2df545,ab454dfdfd98b44306779b8d806b7a18
9dd8a2000cc0efcba33da91e13589b7496d2dc0c6041edecaaca5077cc2df545,67617ea27baead5ae647d254106fd652
9dd8a2000cc0efcba33da91e13589b7496d2dc0c6041edecaaca5077cc2df545,5fc1b6ad887321e636c4514e9eadb6d5
9dd8a2000cc0efcba33da91e13589b7496d2dc0c6041edecaaca5077cc2df545,e35dd7721a1a5e7044ed653a172504e3
9dd8a2000cc0efcba33da91e13589b7496d2dc0c6041edecaaca5077cc2df545,7be7e3756a500abc887651eda595a0e0
9dd8a2000cc0efcba33da91e13589b7496d2dc0c6041edecaaca5077cc2df545,f9777e5e72f53009b38265e070f917cf
9dd8a2000cc0efcba33da91e13589b7496d2dc0c6041edecaaca5077cc2df545,0febadbd65db6d6c2be43d4bea1c4cfb
9dd8a2000cc0efcba33da91e13589b7496d2dc0c6041edecaaca5077cc2df545,94bf73b12c0490053a925736e0c16e43
9dd8a2000cc0efcba33da91e13589b7496d2dc0c6041edecaaca5077cc2df545,8a579b2a22707a147f8f00c2ea79b97b
9dd8a2000cc0efcba33da91e13589b7496d2dc0c6041edecaaca5077cc2df545,64dbd5abd42304c699bc7216ec396aad
9dd8a2000cc0efcba33da91e13589b7496d2dc0c6041edecaaca5077cc2df545,e89934ae9683cfe5286ffe808b60e649
9dd8a2000cc0efcba33da91e13589b7496d2dc0c6041edecaaca5077cc2df545,74c5faededb1a3c1f4932f3609b4972d
e613ca8cc626ef45ad79611357cb8e8f6e74e27478d7af22b04a7e68549dba0f,28dae0aa4a29429deef43afd4a1c415d
e613ca8cc626ef45ad79611357cb8e8f6e74e27478d7af22b04a7e68549dba0f,05f0dc7c1ba5eac9de99c9090e63298f
e613ca8cc626ef45ad79611357cb8e8f6e74e27478d7af22b04a7e68549dba0f,5c0a5aa7ec73400f49c0b8b3488ddb37
e613ca8cc626ef45ad79611357cb8e8f6e74e27478d7af22b04a7e68549dba0f,ebce5bbc082d0df112b54274010d0d53
e613ca8cc626ef45ad79611357cb8e8f6e74e27478d7af22b04a7e68549dba0f,34e34218632fb6e5b542e16242c9ec38
e613ca8cc626ef45ad79611357cb8e8f6e74e27478d7af22b04a7e68549dba0f,f9cfcf1097e59491749edd14df8db87c
e613ca8cc626ef45ad79611357cb8e8f6e74e27478d7af22b04a7e68549dba0f,a37abc3c2d9ab54a509f55f54a261607
e613ca8cc626ef45ad79611357cb8e8f6e74e27478d7af22b04a7e68549dba0f,128d2e1cd81801027c1252fa56a46cb6
e613ca8cc626ef45ad79611357cb8e8f6e74e27478d7af22b04a7e68549dba0f,02ee0c57c105b612d7c1c4c06f6fc9eb
e613ca8cc626ef45ad79611357cb8e8f6e74e27478d7af22b04a7e68549dba0f,79ada6856fbb0e1204f403935acb90b9
e613ca8cc626ef45ad79611357cb8e8f6e74e27478d7af22b04a7e68549dba0f,d175d7891d243f05aeae5e1cb62bb55c
e613ca8cc626ef45ad79611357cb8e8f6e74e27478d7af22b04a7e68549dba0f,f36f25c0bbd456ddd47ac0c89cd69677
e613ca8cc626ef45ad79611357cb8e8f6e74e27478d7af22b04a7e68549dba0f,e5e330f53d42cae253fe0bdba5378bcf
e613ca8cc626ef45ad79611357cb8e8f6e74e27478d7af22b04a7e68549dba0f,27b10b220e69fba30ebfadb3e827ee32
e613ca8cc626ef45ad79611357cb8e8f6e74e27478d7af22b04a7e68549dba0f,0e52f11025e1bd5d7a48d63aa38bd187
e613ca8cc626ef45ad79611357cb8e8f6e74e27478d7af22b04a7e68549dba0f,d45217599ec077e4295b9cbf587a0334
e613ca8cc626ef45ad79611357cb8e8f6e74e27478d7af22b04a7e68549dba0f,ca0e13a7a2539632a5a3eb19d2b0d632
e613ca8cc626ef45ad79611357cb8e8f6e74e27478d7af22b04a7e68549dba0f,1c9b6cb502952d60b6a732a7d7056742
e613ca8cc626ef45ad79611357cb8e8f6e74e27478d7af22b04a7e68549dba0f,81eec7252ecdd3b0439ce6d114ca4c9d
e613ca8cc626ef45ad79611357cb8e8f6e74e27478d7af22b04a7e68549dba0f,bbd4b156416e6493a1598dd6b411561c
e613ca8cc626ef45ad79611357cb8e8f6e74e27478d7af22b04a7e68549dba0f,8c86d437d07a73b4294fef8ec996525e
e613ca8cc626ef45ad79611357cb8e8f6e74e27478d7af22b04a7e68549dba0f,48bedf683bad667350b3ea4a41b56fc7
e613ca8cc626ef45ad79611357cb8e8f6e74e27478d7af22b04a7e68549dba0f,9c8e7b1625d769fb21f4bbe01819d98b
e613ca8cc626ef45ad79611357cb8e8f6e74e27478d7af22b04a7e68549dba0f,f16273ca119d7a90aa96cdb06ddcdf0e
e613ca8cc626ef45ad79611357cb8e8f6e74e27478d7af22b04a7e68549dba0f,3cc7049066b58f36ee16cbc1b184475e
e613ca8cc626ef45ad79611357cb8e8f6e74e27478d7af22b04a7e68549dba0f,569caebb7dfd6c7c0cedb534061beb64
e613ca8cc626ef45ad79611357cb8e8f6e74e27478d7af22b04a7e68549dba0f,0c8605b6a6623381f6f6f7ec784da759
e613ca8cc626ef45ad79611357cb8e8f6e74e27478d7af22b04a7e68549dba0f,ae042a0513d9f2a57c85b283653fe6f8
e613ca8cc626ef45ad79611357cb8e8f6e74e27478d7af22b04a7e68549dba0f,841bace6adaddb49acb7a64af58381d4
e613ca8cc626ef45ad79611357cb8e8f6e74e27478d7af22b04a7e68549dba0f,b2be54aca7763448bef79372a0d586ae
e613ca8cc626ef45ad79611357cb8e8f6e74e27478d7af22b04a7e68549dba0f,134de596b55033c1bb66e40f0927657b
e613ca8cc626ef45ad79611357cb8e8f6e74e27478d7af22b04a7e68549dba0f,54afb63922f95e4e032bbb0f89bc9524
e613ca8cc626ef45ad79611357cb8e8f6e74e27478d7af22b04a7e68549dba0f,eb62c94ba73923857c5842f3ad2bdd09
e613ca8cc626ef45ad79611357cb8e8f6e74e27478d7af22b04a7e68549dba0f,12a77d1b3ec59f0fe344e796de154fe7
e613ca8cc626ef45ad79611357cb8e8f6e74e27478d7af22b04a7e68549dba0f,003416c9a6e05de4a68236364bbcdb79
e613ca8cc626ef45ad79611357cb8e8f6e74e27478d7af22b04a7e68549dba0f,0f83d5eec29df73a521aacb445310f52
e613ca8cc626ef45ad79611357cb8e8f6e74e27478d7af22b04a7e68549dba0f,dab4d202d40569d6c22dee033df9eefa
e613ca8cc626ef45ad79611357cb8e8f6e74e27478d7af22b04a7e68549dba0f,b77c2a44243e3c1ad63f7169e2decfab
e613ca8cc626ef45ad79611357cb8e8f6e74e27478d7af22b04a7e68549dba0f,8b101dd715cd7b5a66579ab240f5da39
e613ca8cc626ef45ad79611357cb8e8f6e74e27478d7af22b04a7e68549dba0f,5d1686fb574ed26912ef3e77d921efac
e613ca8cc626ef45ad79611357cb8e8f6e74e27478d7af22b04a7e68549dba0f,3ed5f58e7b2cdd6f86effbda39879b03
e613ca8cc626ef45ad79611357cb8e8f6e74e27478d7af22b04a7e68549dba0f,04ae82ae4f49c7e8807e2cbb096bec2d
e613ca8cc626ef45ad79611357cb8e8f6e74e27478d7af22b04a7e68549dba0f,0335da2ddbb957441a08f673a370657f
e613ca8cc626ef45ad79611357cb8e8f6e74e27478d7af22b04a7e68549dba0f,c5237bd09806cf014c2aa31548bf973d
e613ca8cc626ef45ad79611357cb8e8f6e74e27478d7af22b04a7e68549dba0f,b29ff4076340cd5fa85b51d5b6a68bc4
e613ca8cc626ef45ad79611357cb8e8f6e74e27478d7af22b04a7e68549dba0f,2d4985d661bcf25f5ee9621bbe5be0e4
e613ca8cc626ef45ad79611357cb8e8f6e74e27478d7af22b04a7e68549dba0f,dfe1b076a89454425969ee53d684354c
e613ca8cc626ef45ad79611357cb8e8f6e74e27478d7af22b04a7e68549dba0f,1ede27f26a763588180e43283d4ee173
e613ca8cc626ef45ad79611357cb8e8f6e74e27478d7af22b04a7e68549dba0f,984bbb2e277f9d01d8f31029ca41bdca
e613ca8cc626ef45ad79611357cb8e8f6e74e27478d7af22b04a7e68549dba0f,984bbb2e277f9d01d8f31029ca41bdca
07f0c633fe46fef16b35211ff7ffcb3d5a1c21db19d8cfa73089ad9c83a35c47,51c4069d1e6bba852f4309f9177a2eb2
07f0c633fe46fef16b35211ff7ffcb3d5a1c21db19d8cfa73089ad9c83a35c47,7850f7036da118807669d4046ae1f0e0
07f0c633fe46fef16b35211ff7ffcb3d5a1c21db19d8cfa73089ad9c83a35c47,72b77e4df1c11be2f2a5f5bfecab12fb
07f0c633fe46fef16b35211ff7ffcb3d5a1c21db19d8cfa73089ad9c83a35c47,90dfe43269c926defa620b7acbeed33a
07f0c633fe46fef16b35211ff7ffcb3d5a1c21db19d8cfa73089ad9c83a35c47,4ee5a01cac42b55ef62e7e75c842e5ad
07f0c633fe46fef16b35211ff7ffcb3d5a1c21db19d8cfa73089ad9c83a35c47,c05c1f02ec5c3c54d3afe23d77ef7dc0
07f0c633fe46fef16b35211ff7ffcb3d5a1c21db19d8cfa73089ad9c83a35c47,2ed8e5766c83c0c7ed866b017c2c032e
07f0c633fe46fef16b35211ff7ffcb3d5a1c21db19d8cfa73089ad9c83a35c47,546c089bf988a5f7493f3015570cb9f5
07f0c633fe46fef16b35211ff7ffcb3d5a1c21db19d8cfa73089ad9c83a35c47,873c133df12a4287d84b8dd7b230056c
07f0c633fe46fef16b35211ff7ffcb3d5a1c21db19d8cfa73089ad9c83a35c47,94550bbe7073ee451b142c5ec37c0341
07f0c633fe46fef16b35211ff7ffcb3d5a1c21db19d8cfa73089ad9c83a35c47,5e933c8d7d62edcaf4a046f7018f4d21
07f0c633fe46fef16b35211ff7ffcb3d5a1c21db19d8cfa73089ad9c83a35c47,bb61d2480a9c92aaf82bca4d1d0b2723
07f0c633fe46fef16b35211ff7ffcb3d5a1c21db19d8cfa73089ad9c83a35c47,02ee0c57c105b612d7c1c4c06f6fc9eb
07f0c633fe46fef16b35211ff7ffcb3d5a1c21db19d8cfa73089ad9c83a35c47,b596b3f04c394e7bc200fc5bd658b8e5
07f0c633fe46fef16b35211ff7ffcb3d5a1c21db19d8cfa73089ad9c83a35c47,a6c65c40db9037b605af90d8ec9c9228
07f0c633fe46fef16b35211ff7ffcb3d5a1c21db19d8cfa73089ad9c83a35c47,8523cb8d0dc49070df3bb8ea9117dcbf
07f0c633fe46fef16b35211ff7ffcb3d5a1c21db19d8cfa73089ad9c83a35c47,2b21d9615c9f5188593ac867debc25f1
07f0c633fe46fef16b35211ff7ffcb3d5a1c21db19d8cfa73089ad9c83a35c47,d12a9eac77d751430cfdd5937ee4f842
07f0c633fe46fef16b35211ff7ffcb3d5a1c21db19d8cfa73089ad9c83a35c47,311530317669b72672474cdb0e16b21e
07f0c633fe46fef16b35211ff7ffcb3d5a1c21db19d8cfa73089ad9c83a35c47,ddcbd867db457d3fe2026bf88e2c9918
07f0c633fe46fef16b35211ff7ffcb3d5a1c21db19d8cfa73089ad9c83a35c47,1bc0d7745e13a672230ccad1b9093f42
07f0c633fe46fef16b35211ff7ffcb3d5a1c21db19d8cfa73089ad9c83a35c47,ae0565ce5b9a4e6e7e3aec2f5f1e151f
07f0c633fe46fef16b35211ff7ffcb3d5a1c21db19d8cfa73089ad9c83a35c47,0dd47d74e751c3ce6a237e946e902449
07f0c633fe46fef16b35211ff7ffcb3d5a1c21db19d8cfa73089ad9c83a35c47,c2ed939df13eef145ed5a3efc7cb9f75
07f0c633fe46fef16b35211ff7ffcb3d5a1c21db19d8cfa73089ad9c83a35c47,580a76ad6dcb32ee190661814e40a7ab
07f0c633fe46fef16b35211ff7ffcb3d5a1c21db19d8cfa73089ad9c83a35c47,15c89dd96010b9edfdbb727c7d83fa9e
07f0c633fe46fef16b35211ff7ffcb3d5a1c21db19d8cfa73089ad9c83a35c47,1d0ec6a8a03470a158558eaec686aa22
07f0c633fe46fef16b35211ff7ffcb3d5a1c21db19d8cfa73089ad9c83a35c47,716e08609ba066eb1cbd603f11d603b0
07f0c633fe46fef16b35211ff7ffcb3d5a1c21db19d8cfa73089ad9c83a35c47,d09bebd1018b7e198bac115297187dd2
07f0c633fe46fef16b35211ff7ffcb3d5a1c21db19d8cfa73089ad9c83a35c47,0a25f4285f636a2e0b9522783d9f43f2
07f0c633fe46fef16b35211ff7ffcb3d5a1c21db19d8cfa73089ad9c83a35c47,f03e089f3a388b78f6be807352322c9d
07f0c633fe46fef16b35211ff7ffcb3d5a1c21db19d8cfa73089ad9c83a35c47,22037e449c588a45e6abb42849fc8d7e
07f0c633fe46fef16b35211ff7ffcb3d5a1c21db19d8cfa73089ad9c83a35c47,8eebd06ecdb15fcfdeea53228ee0c941
07f0c633fe46fef16b35211ff7ffcb3d5a1c21db19d8cfa73089ad9c83a35c47,9fe21555dbf627807ea8eb3a3a0da7af
07f0c633fe46fef16b35211ff7ffcb3d5a1c21db19d8cfa73089ad9c83a35c47,b303921eaca74fb26343f54d21b159bb
07f0c633fe46fef16b35211ff7ffcb3d5a1c21db19d8cfa73089ad9c83a35c47,084c6f9ab36056226c3b63a93e7111cb
07f0c633fe46fef16b35211ff7ffcb3d5a1c21db19d8cfa73089ad9c83a35c47,726eb8c4bae973037f23a9a5cdbcd66b
07f0c633fe46fef16b35211ff7ffcb3d5a1c21db19d8cfa73089ad9c83a35c47,449df0f22c89bbb2812675e4230d66b6
07f0c633fe46fef16b35211ff7ffcb3d5a1c21db19d8cfa73089ad9c83a35c47,705701ca36988b69f1b63e2c817ace54
07f0c633fe46fef16b35211ff7ffcb3d5a1c21db19d8cfa73089ad9c83a35c47,afd376d0114eb4e543cdf38bb4a735aa
07f0c633fe46fef16b35211ff7ffcb3d5a1c21db19d8cfa73089ad9c83a35c47,32191801511074d31dab2a5b3319f032
07f0c633fe46fef16b35211ff7ffcb3d5a1c21db19d8cfa73089ad9c83a35c47,f69deec27d1d65f6afc6a4a1f771703c
07f0c633fe46fef16b35211ff7ffcb3d5a1c21db19d8cfa73089ad9c83a35c47,db8ee4f572a6e773a7a274ca82e2cbf3
07f0c633fe46fef16b35211ff7ffcb3d5a1c21db19d8cfa73089ad9c83a35c47,dc260d9ff3000276ac5fedd4cb1399dd
07f0c633fe46fef16b35211ff7ffcb3d5a1c21db19d8cfa73089ad9c83a35c47,32035c259c117db28a7deb23a0add5ad
07f0c633fe46fef16b35211ff7ffcb3d5a1c21db19d8cfa73089ad9c83a35c47,ab6ffc9dbfd4fa73b1dd3ba13f1f490f
07f0c633fe46fef16b35211ff7ffcb3d5a1c21db19d8cfa73089ad9c83a35c47,62312b633307d3aef28c89b83532c1d6
07f0c633fe46fef16b35211ff7ffcb3d5a1c21db19d8cfa73089ad9c83a35c47,b7b60f8094cb3e40cbfd18136eef4ca7
07f0c633fe46fef16b35211ff7ffcb3d5a1c21db19d8cfa73089ad9c83a35c47,b4fc496e917fc0ed0e0bfa2c1adf0a2b
07f0c633fe46fef16b35211ff7ffcb3d5a1c21db19d8cfa73089ad9c83a35c47,984bbb2e277f9d01d8f31029ca41bdca
9a908bd123b2cefa332cbedb27d84dd7c58a2f68dc4b45697eacf1bbceb51cb8,68b91ef330ec64ec02a891952a3e3bf5
9a908bd123b2cefa332cbedb27d84dd7c58a2f68dc4b45697eacf1bbceb51cb8,05f0dc7c1ba5eac9de99c9090e63298f
9a908bd123b2cefa332cbedb27d84dd7c58a2f68dc4b45697eacf1bbceb51cb8,4fa16fb5437823e9cd204e93a5314e3d
9a908bd123b2cefa332cbedb27d84dd7c58a2f68dc4b45697eacf1bbceb51cb8,e934ac2d556b9d8ce8ce80125e90ec9a
9a908bd123b2cefa332cbedb27d84dd7c58a2f68dc4b45697eacf1bbceb51cb8,5e933c8d7d62edcaf4a046f7018f4d21
9a908bd123b2cefa332cbedb27d84dd7c58a2f68dc4b45697eacf1bbceb51cb8,80b5f28fc2825be4b76b7d962c0fce42
9a908bd123b2cefa332cbedb27d84dd7c58a2f68dc4b45697eacf1bbceb51cb8,15bdc48ffd49a1d2182230e5e3ccec39
9a908bd123b2cefa332cbedb27d84dd7c58a2f68dc4b45697eacf1bbceb51cb8,ef136364da435bf3c133760e9337654b
9a908bd123b2cefa332cbedb27d84dd7c58a2f68dc4b45697eacf1bbceb51cb8,78faff6cafc4a0aaf0ae54f4451442f2
9a908bd123b2cefa332cbedb27d84dd7c58a2f68dc4b45697eacf1bbceb51cb8,7a5864918e61d4149a529ee79c5c4b16
9a908bd123b2cefa332cbedb27d84dd7c58a2f68dc4b45697eacf1bbceb51cb8,07f1d0f1751996756880486f1127bd7f
9a908bd123b2cefa332cbedb27d84dd7c58a2f68dc4b45697eacf1bbceb51cb8,825bf11545998f526c3148d488e0efa9
9a908bd123b2cefa332cbedb27d84dd7c58a2f68dc4b45697eacf1bbceb51cb8,cd2001f9444821c3b13e652f1e0d6d97
9a908bd123b2cefa332cbedb27d84dd7c58a2f68dc4b45697eacf1bbceb51cb8,d1aa582add2c33cc29ff4cd46031981b
9a908bd123b2cefa332cbedb27d84dd7c58a2f68dc4b45697eacf1bbceb51cb8,d00894360c95d19e7bd87e0d7d94f112
9a908bd123b2cefa332cbedb27d84dd7c58a2f68dc4b45697eacf1bbceb51cb8,46900f3ebfc1c2af0b6ecc3746310f59
9a908bd123b2cefa332cbedb27d84dd7c58a2f68dc4b45697eacf1bbceb51cb8,7ef1b80238526dc2cae8880572caa4cc
9a908bd123b2cefa332cbedb27d84dd7c58a2f68dc4b45697eacf1bbceb51cb8,b29ff4076340cd5fa85b51d5b6a68bc4
9a908bd123b2cefa332cbedb27d84dd7c58a2f68dc4b45697eacf1bbceb51cb8,ef60ebf203914bdd5b024fa9be5c96ab
9a908bd123b2cefa332cbedb27d84dd7c58a2f68dc4b45697eacf1bbceb51cb8,2948938c0ac9d678655c5d257a25adfd
c97f157b9793c2c4ab6ddc015defb7d5062ae421e6c2ffaae558e252974281b7,808ba69ecf509264eaee69cfae118cf7
c97f157b9793c2c4ab6ddc015defb7d5062ae421e6c2ffaae558e252974281b7,26b5472ba2cafdc906ca2bc77c8a206b
c97f157b9793c2c4ab6ddc015defb7d5062ae421e6c2ffaae558e252974281b7,d5ce912d2ace0c4d4ea1ce5d9e6b6bfa
c97f157b9793c2c4ab6ddc015defb7d5062ae421e6c2ffaae558e252974281b7,094dd9bcd7ee6d50cff618d1b9c2c5a5
c97f157b9793c2c4ab6ddc015defb7d5062ae421e6c2ffaae558e252974281b7,029fcdfcac2c28eadee6a41ef87e99ea
c97f157b9793c2c4ab6ddc015defb7d5062ae421e6c2ffaae558e252974281b7,f52dbe7f184eec8abc53b1e2327c7f25
c97f157b9793c2c4ab6ddc015defb7d5062ae421e6c2ffaae558e252974281b7,65098098cfd2bdff0e48421a8110dbd5
c97f157b9793c2c4ab6ddc015defb7d5062ae421e6c2ffaae558e252974281b7,128d2e1cd81801027c1252fa56a46cb6
c97f157b9793c2c4ab6ddc015defb7d5062ae421e6c2ffaae558e252974281b7,0f60cefae02ac234b0e94db8d4b869d6
c97f157b9793c2c4ab6ddc015defb7d5062ae421e6c2ffaae558e252974281b7,bd5cf9e32f3352154059d80bcaf3e0a2
c97f157b9793c2c4ab6ddc015defb7d5062ae421e6c2ffaae558e252974281b7,b4c7cb0bd9e9a1201d4b37b96211b7f2
c97f157b9793c2c4ab6ddc015defb7d5062ae421e6c2ffaae558e252974281b7,f7599d6fb9ebe93e20e787dd91075783
c97f157b9793c2c4ab6ddc015defb7d5062ae421e6c2ffaae558e252974281b7,311530317669b72672474cdb0e16b21e
c97f157b9793c2c4ab6ddc015defb7d5062ae421e6c2ffaae558e252974281b7,8819f4caa27fb1bf2a951dd2f9b12c0c
c97f157b9793c2c4ab6ddc015defb7d5062ae421e6c2ffaae558e252974281b7,b3fc723322fe7a63e3cee6189a88a2b0
c97f157b9793c2c4ab6ddc015defb7d5062ae421e6c2ffaae558e252974281b7,8e50a6d75b5d6c59a0eb0e83cdda18c8
c97f157b9793c2c4ab6ddc015defb7d5062ae421e6c2ffaae558e252974281b7,46900f3ebfc1c2af0b6ecc3746310f59
c97f157b9793c2c4ab6ddc015defb7d5062ae421e6c2ffaae558e252974281b7,1d4c1b84d0d52f29a1ff963a4a61ccf7
c97f157b9793c2c4ab6ddc015defb7d5062ae421e6c2ffaae558e252974281b7,e321343e1131afb7ce3736a119b73b91
c97f157b9793c2c4ab6ddc015defb7d5062ae421e6c2ffaae558e252974281b7,984bbb2e277f9d01d8f31029ca41bdca
ce5d840de4998955a05ab0ecdec962f069742d15d7e7e092639354056ab588e3,4d4d904be6fc672e3d8155c9d2da0c7e
ce5d840de4998955a05ab0ecdec962f069742d15d7e7e092639354056ab588e3,f8d9f0c4b017744b33d496dfd9b36390
ce5d840de4998955a05ab0ecdec962f069742d15d7e7e092639354056ab588e3,7ec4b750c80dbcaa7a3fcd7471283ac4
ce5d840de4998955a05ab0ecdec962f069742d15d7e7e092639354056ab588e3,420eed2631d1f019814f487d28531f37
ce5d840de4998955a05ab0ecdec962f069742d15d7e7e092639354056ab588e3,9f3567b322617c4f8795643abed2b5d6
ce5d840de4998955a05ab0ecdec962f069742d15d7e7e092639354056ab588e3,26b5472ba2cafdc906ca2bc77c8a206b
ce5d840de4998955a05ab0ecdec962f069742d15d7e7e092639354056ab588e3,335fa62c1769494b8b551f5a65bed506
ce5d840de4998955a05ab0ecdec962f069742d15d7e7e092639354056ab588e3,aff892702266c8cf4e1c4e9a12004cdb
ce5d840de4998955a05ab0ecdec962f069742d15d7e7e092639354056ab588e3,d5ce912d2ace0c4d4ea1ce5d9e6b6bfa
ce5d840de4998955a05ab0ecdec962f069742d15d7e7e092639354056ab588e3,9a00648b1061bcf27986787b87701eed
ce5d840de4998955a05ab0ecdec962f069742d15d7e7e092639354056ab588e3,d5c85de93ac476dc69077f3f8fcce63b
ce5d840de4998955a05ab0ecdec962f069742d15d7e7e092639354056ab588e3,b35e1cbc8b26b8327fe0f47766da47a0
ce5d840de4998955a05ab0ecdec962f069742d15d7e7e092639354056ab588e3,8338ff852ea355a3e2e8efdbf3709daa
ce5d840de4998955a05ab0ecdec962f069742d15d7e7e092639354056ab588e3,9030f9f1cd687425fcd33f0548637def
ce5d840de4998955a05ab0ecdec962f069742d15d7e7e092639354056ab588e3,ff430e7cb4a5e8476ae01588c24e0c0d
ce5d840de4998955a05ab0ecdec962f069742d15d7e7e092639354056ab588e3,94550bbe7073ee451b142c5ec37c0341
ce5d840de4998955a05ab0ecdec962f069742d15d7e7e092639354056ab588e3,02ecab6fa817514319a1f7cb97df281e
ce5d840de4998955a05ab0ecdec962f069742d15d7e7e092639354056ab588e3,bb11e687164275f57c5428cf72bc8b6e
ce5d840de4998955a05ab0ecdec962f069742d15d7e7e092639354056ab588e3,6a0aa0a7598b992423fc08d600530f5b
ce5d840de4998955a05ab0ecdec962f069742d15d7e7e092639354056ab588e3,9ab995faab14a89a1d9224911fff5838
ce5d840de4998955a05ab0ecdec962f069742d15d7e7e092639354056ab588e3,0e39b870998f82b2d2503f88d6e0c9b2
ce5d840de4998955a05ab0ecdec962f069742d15d7e7e092639354056ab588e3,d029c88439871a195b96f82367c5b358
ce5d840de4998955a05ab0ecdec962f069742d15d7e7e092639354056ab588e3,e461e1c9cd9a613821d766da471200ab
ce5d840de4998955a05ab0ecdec962f069742d15d7e7e092639354056ab588e3,fbf49f54363763b8e28e5a5c96736240
ce5d840de4998955a05ab0ecdec962f069742d15d7e7e092639354056ab588e3,6bcf49ad9ac955d336bcd1e810a0256a
ce5d840de4998955a05ab0ecdec962f069742d15d7e7e092639354056ab588e3,f1822050e1d4192502ce0eb1c3bcc88f
ce5d840de4998955a05ab0ecdec962f069742d15d7e7e092639354056ab588e3,e36d4a6afef9153b439ab92558ee2807
ce5d840de4998955a05ab0ecdec962f069742d15d7e7e092639354056ab588e3,52bc442e1006a173007ff64fd7c6074e
ce5d840de4998955a05ab0ecdec962f069742d15d7e7e092639354056ab588e3,6ada2f7d3026f475b2d6d9990b6defd4
ce5d840de4998955a05ab0ecdec962f069742d15d7e7e092639354056ab588e3,40d76eadfc2772984f3cf9a4ca6ccb8d
ce5d840de4998955a05ab0ecdec962f069742d15d7e7e092639354056ab588e3,b88a18090c310d492cd88e29933af97a
ce5d840de4998955a05ab0ecdec962f069742d15d7e7e092639354056ab588e3,268ba2adfd89d56515329eb158bd4a0a
ce5d840de4998955a05ab0ecdec962f069742d15d7e7e092639354056ab588e3,e3e94a4926dbcf7e51ba8029003b2e7c
ce5d840de4998955a05ab0ecdec962f069742d15d7e7e092639354056ab588e3,b71790c65427fb29119fa171d05e9caa
ce5d840de4998955a05ab0ecdec962f069742d15d7e7e092639354056ab588e3,a8902e022d697a1d77956f4cad0efe5e
ce5d840de4998955a05ab0ecdec962f069742d15d7e7e092639354056ab588e3,854f39abaeb35f97dc78758791454b3d
ce5d840de4998955a05ab0ecdec962f069742d15d7e7e092639354056ab588e3,3254ddefbe1bfafc071af01e60c1f3ce
ce5d840de4998955a05ab0ecdec962f069742d15d7e7e092639354056ab588e3,3550ebbbaa50302517e8282053a5afdb
ce5d840de4998955a05ab0ecdec962f069742d15d7e7e092639354056ab588e3,8dd3273c2f12a17d7a26f726e6106473
ce5d840de4998955a05ab0ecdec962f069742d15d7e7e092639354056ab588e3,61e340e98616ec2603bac27116bdd727
ce5d840de4998955a05ab0ecdec962f069742d15d7e7e092639354056ab588e3,a24f9bbcddbbee111f0d27de8aa7236d
ce5d840de4998955a05ab0ecdec962f069742d15d7e7e092639354056ab588e3,452a5335bcb03079d2e3e772f0f8052e
ce5d840de4998955a05ab0ecdec962f069742d15d7e7e092639354056ab588e3,8af3bf66a365bce2ac7595fbc73e63e0
ce5d840de4998955a05ab0ecdec962f069742d15d7e7e092639354056ab588e3,5afa9f1b097959a9081b35746a7b479d
ce5d840de4998955a05ab0ecdec962f069742d15d7e7e092639354056ab588e3,2d4ae7d32df900949586743fd3a4594e
ce5d840de4998955a05ab0ecdec962f069742d15d7e7e092639354056ab588e3,c9daba6528386f6014588d1f89bebf89
ce5d840de4998955a05ab0ecdec962f069742d15d7e7e092639354056ab588e3,b42ab837df0404d1143870ffd8f7c3e8
ce5d840de4998955a05ab0ecdec962f069742d15d7e7e092639354056ab588e3,41308cf10d77e46124282f1909458ca0
ce5d840de4998955a05ab0ecdec962f069742d15d7e7e092639354056ab588e3,a2d82ee2e6487dfb7b83e4a581efc9f0
ce5d840de4998955a05ab0ecdec962f069742d15d7e7e092639354056ab588e3,e25d3801587bedf2443c9009db252270
6af2fcdb9c24114a0bb94f9c3f319c337feb4950c698f8b106d9034483025d99,04ed79938f5e8b2df8205a8284358408
6af2fcdb9c24114a0bb94f9c3f319c337feb4950c698f8b106d9034483025d99,9547e0a57026946db4e9d9a93e2f9e49
6af2fcdb9c24114a0bb94f9c3f319c337feb4950c698f8b106d9034483025d99,1568bc87389c076561fd6c6d21b03591
6af2fcdb9c24114a0bb94f9c3f319c337feb4950c698f8b106d9034483025d99,f71ca127904de0a20b94d034b97deed9
6af2fcdb9c24114a0bb94f9c3f319c337feb4950c698f8b106d9034483025d99,c04b66e2cda5c19ddcec10f8482f8875
6af2fcdb9c24114a0bb94f9c3f319c337feb4950c698f8b106d9034483025d99,ef136364da435bf3c133760e9337654b
6af2fcdb9c24114a0bb94f9c3f319c337feb4950c698f8b106d9034483025d99,8f4a83d6ab3689cbb529c2d6452dce30
6af2fcdb9c24114a0bb94f9c3f319c337feb4950c698f8b106d9034483025d99,4751613ac349fae99209f1151377ed36
6af2fcdb9c24114a0bb94f9c3f319c337feb4950c698f8b106d9034483025d99,25682ae179a23eb173a07eeb2d9ef4f0
6af2fcdb9c24114a0bb94f9c3f319c337feb4950c698f8b106d9034483025d99,245244d6693cc8283e1dc42b9c037508
6af2fcdb9c24114a0bb94f9c3f319c337feb4950c698f8b106d9034483025d99,ef77fccfbf3e5e5f3aa9ef180a6a267f
6af2fcdb9c24114a0bb94f9c3f319c337feb4950c698f8b106d9034483025d99,644420d600d57e73a7cac29604727de9
6af2fcdb9c24114a0bb94f9c3f319c337feb4950c698f8b106d9034483025d99,520f58f4c2242d7e2bba3765ec00c9d5
6af2fcdb9c24114a0bb94f9c3f319c337feb4950c698f8b106d9034483025d99,3842d519dc15ae5d71b34ba1ea3a54ac
6af2fcdb9c24114a0bb94f9c3f319c337feb4950c698f8b106d9034483025d99,a59a624996d02c7d24a1e44303803991
6af2fcdb9c24114a0bb94f9c3f319c337feb4950c698f8b106d9034483025d99,86336b9c9963485bdeb3c0ed91389a84
6af2fcdb9c24114a0bb94f9c3f319c337feb4950c698f8b106d9034483025d99,841933747781d1c8d84a64e5fe7dd304
6af2fcdb9c24114a0bb94f9c3f319c337feb4950c698f8b106d9034483025d99,2adf5308855e9aea7c12bcc6dde0c79d
6af2fcdb9c24114a0bb94f9c3f319c337feb4950c698f8b106d9034483025d99,f2054037cd32c3634e40470f898743a3
6af2fcdb9c24114a0bb94f9c3f319c337feb4950c698f8b106d9034483025d99,a0f58cdd2e5cbfa32a6f780b47458ca1
1c9ce8e46887da425d23b4c5cca587e043806779add198140688c54bfa45e98f,97bf5776fec1c11dd46e214b1a26fef8
1c9ce8e46887da425d23b4c5cca587e043806779add198140688c54bfa45e98f,f9bed2c156b67c406fc53cdaf2de95a9
1c9ce8e46887da425d23b4c5cca587e043806779add198140688c54bfa45e98f,c1bc037bfbbb6c23a8d20537b5f0a241
1c9ce8e46887da425d23b4c5cca587e043806779add198140688c54bfa45e98f,1b8480365def9ea2003cf578f8b7aeec
1c9ce8e46887da425d23b4c5cca587e043806779add198140688c54bfa45e98f,8338ff852ea355a3e2e8efdbf3709daa
1c9ce8e46887da425d23b4c5cca587e043806779add198140688c54bfa45e98f,12263b377ba437993ffa72f0da7f93b9
1c9ce8e46887da425d23b4c5cca587e043806779add198140688c54bfa45e98f,090129f059edc5a41aa8038caf3ef846
1c9ce8e46887da425d23b4c5cca587e043806779add198140688c54bfa45e98f,267cefaed33d88bf7320b41a3a6aade0
1c9ce8e46887da425d23b4c5cca587e043806779add198140688c54bfa45e98f,c57ba090f1f0d9fd56c952c5e8deeaa0
1c9ce8e46887da425d23b4c5cca587e043806779add198140688c54bfa45e98f,e5dbbd843c22fda418a87d66b5f418b0
1c9ce8e46887da425d23b4c5cca587e043806779add198140688c54bfa45e98f,c0584aad86d7e1a1522270a2f9520396
1c9ce8e46887da425d23b4c5cca587e043806779add198140688c54bfa45e98f,9d85962c636f7eb39fda561e95bd9bdd
1c9ce8e46887da425d23b4c5cca587e043806779add198140688c54bfa45e98f,4bcaf87ec43846a7e6127b44e3f528cf
1c9ce8e46887da425d23b4c5cca587e043806779add198140688c54bfa45e98f,374436629695bba0f300a3fcf4d3c36f
1c9ce8e46887da425d23b4c5cca587e043806779add198140688c54bfa45e98f,fbdbd4e5e8014bc633c721d3f2949e6d
1c9ce8e46887da425d23b4c5cca587e043806779add198140688c54bfa45e98f,da83a03a39da380f63771bbe2c62b8f4
1c9ce8e46887da425d23b4c5cca587e043806779add198140688c54bfa45e98f,0e59a2b7a932ac6f37312a4f4fdecd08
1c9ce8e46887da425d23b4c5cca587e043806779add198140688c54bfa45e98f,6d24b828ef173f6ec8651a5543488b22
1c9ce8e46887da425d23b4c5cca587e043806779add198140688c54bfa45e98f,6a5b38f262fbbb0f1c23fa5adbcb88f5
1c9ce8e46887da425d23b4c5cca587e043806779add198140688c54bfa45e98f,06c7ac3f71774ef4eda9512e7001623e
82790648f8b44407129ac0e6f9fb591e57d1bd0a3bba1cb539292c912ea23205,195bdd4849791b7205b31f5eed3236c0
82790648f8b44407129ac0e6f9fb591e57d1bd0a3bba1cb539292c912ea23205,f2fa5d2bb38f7c0d6393cd16d652afae
82790648f8b44407129ac0e6f9fb591e57d1bd0a3bba1cb539292c912ea23205,a48697a8b13a089a1cb21c5f6c305419
82790648f8b44407129ac0e6f9fb591e57d1bd0a3bba1cb539292c912ea23205,8ed3d985c76df705c3416d0c14f9a89a
82790648f8b44407129ac0e6f9fb591e57d1bd0a3bba1cb539292c912ea23205,2ed8e5766c83c0c7ed866b017c2c032e
82790648f8b44407129ac0e6f9fb591e57d1bd0a3bba1cb539292c912ea23205,0c93ca6d526afbf34bd6251e7896eb03
82790648f8b44407129ac0e6f9fb591e57d1bd0a3bba1cb539292c912ea23205,305ef15bf3417c3498721cef66027f5b
82790648f8b44407129ac0e6f9fb591e57d1bd0a3bba1cb539292c912ea23205,68389f441f0c1d7f9417de2d874df98f
82790648f8b44407129ac0e6f9fb591e57d1bd0a3bba1cb539292c912ea23205,7d4a944889ddfd166fe1018c4b0b254c
82790648f8b44407129ac0e6f9fb591e57d1bd0a3bba1cb539292c912ea23205,87312023a890b20db4cd6321b9dce73c
82790648f8b44407129ac0e6f9fb591e57d1bd0a3bba1cb539292c912ea23205,dc99cd3087bd7c1a72be5bf235140f82
82790648f8b44407129ac0e6f9fb591e57d1bd0a3bba1cb539292c912ea23205,02ecab6fa817514319a1f7cb97df281e
82790648f8b44407129ac0e6f9fb591e57d1bd0a3bba1cb539292c912ea23205,095fb7bb04090f4f6c9bf0d84cd421f7
82790648f8b44407129ac0e6f9fb591e57d1bd0a3bba1cb539292c912ea23205,f276d70efad347b6bbf2ff0e481082af
82790648f8b44407129ac0e6f9fb591e57d1bd0a3bba1cb539292c912ea23205,b1b17aed2c1119458cf2bdd9a1c7661a
82790648f8b44407129ac0e6f9fb591e57d1bd0a3bba1cb539292c912ea23205,40867b65717e6c025d72b06ae4484b6f
82790648f8b44407129ac0e6f9fb591e57d1bd0a3bba1cb539292c912ea23205,2f402ad18728f77bc725fed457dc5ef5
82790648f8b44407129ac0e6f9fb591e57d1bd0a3bba1cb539292c912ea23205,cb47b1f4351a072a19143ce146839693
82790648f8b44407129ac0e6f9fb591e57d1bd0a3bba1cb539292c912ea23205,48e2e73baf8dfde43e79cabe46208f69
82790648f8b44407129ac0e6f9fb591e57d1bd0a3bba1cb539292c912ea23205,1f1f1088638e67f8462cd93382dbf3a6
82790648f8b44407129ac0e6f9fb591e57d1bd0a3bba1cb539292c912ea23205,1c9b6cb502952d60b6a732a7d7056742
82790648f8b44407129ac0e6f9fb591e57d1bd0a3bba1cb539292c912ea23205,8fc4d268917ff877cbde40c7d8b6edfb
82790648f8b44407129ac0e6f9fb591e57d1bd0a3bba1cb539292c912ea23205,8fc4d268917ff877cbde40c7d8b6edfb
82790648f8b44407129ac0e6f9fb591e57d1bd0a3bba1cb539292c912ea23205,6a52570d4a46978783312e1fa2c60c6f
82790648f8b44407129ac0e6f9fb591e57d1bd0a3bba1cb539292c912ea23205,bac22f1d45581201cf99bad25a665f8c
82790648f8b44407129ac0e6f9fb591e57d1bd0a3bba1cb539292c912ea23205,520f58f4c2242d7e2bba3765ec00c9d5
82790648f8b44407129ac0e6f9fb591e57d1bd0a3bba1cb539292c912ea23205,56d359e595668b4480241f3fbd49af5f
82790648f8b44407129ac0e6f9fb591e57d1bd0a3bba1cb539292c912ea23205,56d359e595668b4480241f3fbd49af5f
82790648f8b44407129ac0e6f9fb591e57d1bd0a3bba1cb539292c912ea23205,39d3d46532dc8b5e356625ffe0ea45df
82790648f8b44407129ac0e6f9fb591e57d1bd0a3bba1cb539292c912ea23205,1ca8a0a74127e6ec6974cf2fbbb305c3
82790648f8b44407129ac0e6f9fb591e57d1bd0a3bba1cb539292c912ea23205,e7e02c3405819700b8a5b6730859f35a
82790648f8b44407129ac0e6f9fb591e57d1bd0a3bba1cb539292c912ea23205,56b9aa45925c42a7da02bdae0a4ef89d
82790648f8b44407129ac0e6f9fb591e57d1bd0a3bba1cb539292c912ea23205,74ba08474eed18f285e42ce2baaa599c
82790648f8b44407129ac0e6f9fb591e57d1bd0a3bba1cb539292c912ea23205,00baeb7c874080653e46f6dbb86f7516
82790648f8b44407129ac0e6f9fb591e57d1bd0a3bba1cb539292c912ea23205,6eb06ac2b753d9fff3690b799aec117c
82790648f8b44407129ac0e6f9fb591e57d1bd0a3bba1cb539292c912ea23205,53d09f6d7f13e953f1ca58ed86e6e5d5
82790648f8b44407129ac0e6f9fb591e57d1bd0a3bba1cb539292c912ea23205,726eb8c4bae973037f23a9a5cdbcd66b
82790648f8b44407129ac0e6f9fb591e57d1bd0a3bba1cb539292c912ea23205,8d82cf078ffa3f6437307a01e6733284
82790648f8b44407129ac0e6f9fb591e57d1bd0a3bba1cb539292c912ea23205,3a335b0f3fc6bdef305c67ecc98debae
82790648f8b44407129ac0e6f9fb591e57d1bd0a3bba1cb539292c912ea23205,8bdad4714cc4d5e1b6cd5c04418dbb4c
82790648f8b44407129ac0e6f9fb591e57d1bd0a3bba1cb539292c912ea23205,86fdd31979a8734f5f0a920e3f52dbba
82790648f8b44407129ac0e6f9fb591e57d1bd0a3bba1cb539292c912ea23205,06117e7afbcc8ba9a5b809c8caba44a3
82790648f8b44407129ac0e6f9fb591e57d1bd0a3bba1cb539292c912ea23205,ae761a5877c1806742227aaa0c14d7ef
82790648f8b44407129ac0e6f9fb591e57d1bd0a3bba1cb539292c912ea23205,5a1bdc6fa3a6e1d6895e144433653a6f
82790648f8b44407129ac0e6f9fb591e57d1bd0a3bba1cb539292c912ea23205,9729f387fd9ff563b34630381b5ddf19
82790648f8b44407129ac0e6f9fb591e57d1bd0a3bba1cb539292c912ea23205,68e93ffb086fc5ed3d8b1a87a58140b9
82790648f8b44407129ac0e6f9fb591e57d1bd0a3bba1cb539292c912ea23205,d6c924fbbb6ea58780186e841daeecf1
82790648f8b44407129ac0e6f9fb591e57d1bd0a3bba1cb539292c912ea23205,6a5b38f262fbbb0f1c23fa5adbcb88f5
82790648f8b44407129ac0e6f9fb591e57d1bd0a3bba1cb539292c912ea23205,9eecc5d9dc6248d111e9b2b29a8d2bd0
82790648f8b44407129ac0e6f9fb591e57d1bd0a3bba1cb539292c912ea23205,54821fd252e7af185274e0066ca839bb
0717dc5d5a933cae36c0f6eb16f48aee4c5618afe064aa0877845cc6456a4f99,dda000afd9fbc7db10cf1624416ea0ee
0717dc5d5a933cae36c0f6eb16f48aee4c5618afe064aa0877845cc6456a4f99,77d4297f55c9fea1b23f4444cbe782f5
0717dc5d5a933cae36c0f6eb16f48aee4c5618afe064aa0877845cc6456a4f99,f9cfcf1097e59491749edd14df8db87c
0717dc5d5a933cae36c0f6eb16f48aee4c5618afe064aa0877845cc6456a4f99,80fcec4c1140672218ca55e80870b94c
0717dc5d5a933cae36c0f6eb16f48aee4c5618afe064aa0877845cc6456a4f99,80fcec4c1140672218ca55e80870b94c
0717dc5d5a933cae36c0f6eb16f48aee4c5618afe064aa0877845cc6456a4f99,5342fe5d0a881bd314d4b197ea016a89
0717dc5d5a933cae36c0f6eb16f48aee4c5618afe064aa0877845cc6456a4f99,944e4cff6c5f6846bfaf53552b0d3ccd
0717dc5d5a933cae36c0f6eb16f48aee4c5618afe064aa0877845cc6456a4f99,35b471851f7f3a35f0d38e16a3755f85
0717dc5d5a933cae36c0f6eb16f48aee4c5618afe064aa0877845cc6456a4f99,2434e962ad8d225d8b38443cef18869b
0717dc5d5a933cae36c0f6eb16f48aee4c5618afe064aa0877845cc6456a4f99,d5aa2b6e35e6ec08d965d84ae7f26780
0717dc5d5a933cae36c0f6eb16f48aee4c5618afe064aa0877845cc6456a4f99,37003a0c0d4fa68025b31e67e27e3484
0717dc5d5a933cae36c0f6eb16f48aee4c5618afe064aa0877845cc6456a4f99,c5b66b8ecb6958a154cbb5821025dd15
0717dc5d5a933cae36c0f6eb16f48aee4c5618afe064aa0877845cc6456a4f99,f0762e2fd4645d6f38354ae27f15aad7
0717dc5d5a933cae36c0f6eb16f48aee4c5618afe064aa0877845cc6456a4f99,0a00afe4ad78a2c8ecf26902b73d4985
0717dc5d5a933cae36c0f6eb16f48aee4c5618afe064aa0877845cc6456a4f99,b1b82cdc9e682fe507d462cd59b58c0f
0717dc5d5a933cae36c0f6eb16f48aee4c5618afe064aa0877845cc6456a4f99,aba0e9f0260a1da4ed8f6ed96c4692f6
0717dc5d5a933cae36c0f6eb16f48aee4c5618afe064aa0877845cc6456a4f99,93feca7fe134c9e69918584a65137e80
0717dc5d5a933cae36c0f6eb16f48aee4c5618afe064aa0877845cc6456a4f99,782a5f6db24281c190576cd854956067
0717dc5d5a933cae36c0f6eb16f48aee4c5618afe064aa0877845cc6456a4f99,7497087d1f4f83c4b23b927912464737
0717dc5d5a933cae36c0f6eb16f48aee4c5618afe064aa0877845cc6456a4f99,ea78ad7f42d1adcbff3b087217089704
0717dc5d5a933cae36c0f6eb16f48aee4c5618afe064aa0877845cc6456a4f99,6329a21651371925c00afdaa81ac85d2
0717dc5d5a933cae36c0f6eb16f48aee4c5618afe064aa0877845cc6456a4f99,55ee1ad88f433e1bd3406db3251d00cd
0717dc5d5a933cae36c0f6eb16f48aee4c5618afe064aa0877845cc6456a4f99,521b8520f7b0e51c4f89d188ca728fa7
0717dc5d5a933cae36c0f6eb16f48aee4c5618afe064aa0877845cc6456a4f99,5f60c0c1c7d5a898582d70351e014af5
0717dc5d5a933cae36c0f6eb16f48aee4c5618afe064aa0877845cc6456a4f99,5041a307c95eb352fb69a2e771b02669
0717dc5d5a933cae36c0f6eb16f48aee4c5618afe064aa0877845cc6456a4f99,1cfe8fe2632ce738d4a402dd774b7021
0717dc5d5a933cae36c0f6eb16f48aee4c5618afe064aa0877845cc6456a4f99,dfb6b64d292ea35cfc0595360625a940
0717dc5d5a933cae36c0f6eb16f48aee4c5618afe064aa0877845cc6456a4f99,3ee693a1451a76365b0a2a73cb15e686
0717dc5d5a933cae36c0f6eb16f48aee4c5618afe064aa0877845cc6456a4f99,4ffbf396cfa77dbbdc05a431f4d7c50a
0717dc5d5a933cae36c0f6eb16f48aee4c5618afe064aa0877845cc6456a4f99,9c6dc7b7e8dbdbabceca6f48d95e577c
0717dc5d5a933cae36c0f6eb16f48aee4c5618afe064aa0877845cc6456a4f99,c3db28f3d4e40bd7b09f72d6261882d9
0717dc5d5a933cae36c0f6eb16f48aee4c5618afe064aa0877845cc6456a4f99,ba4d44a2cc0d989f888388cee4f56959
0717dc5d5a933cae36c0f6eb16f48aee4c5618afe064aa0877845cc6456a4f99,19808454297121bf2de47389edb55b9b
0717dc5d5a933cae36c0f6eb16f48aee4c5618afe064aa0877845cc6456a4f99,922f18cb4d743754b2ffe44b849079d7
0717dc5d5a933cae36c0f6eb16f48aee4c5618afe064aa0877845cc6456a4f99,043e72e8faa97cc20540540d81a43f3d
0717dc5d5a933cae36c0f6eb16f48aee4c5618afe064aa0877845cc6456a4f99,67617ea27baead5ae647d254106fd652
0717dc5d5a933cae36c0f6eb16f48aee4c5618afe064aa0877845cc6456a4f99,631f111c5f3e09794c8ee6dd42d9b960
0717dc5d5a933cae36c0f6eb16f48aee4c5618afe064aa0877845cc6456a4f99,4d99417c46c241ce03dcfc6a9aa4de0f
0717dc5d5a933cae36c0f6eb16f48aee4c5618afe064aa0877845cc6456a4f99,a0cf7f9e7db6bc8a9d763aa75a2afb2a
0717dc5d5a933cae36c0f6eb16f48aee4c5618afe064aa0877845cc6456a4f99,34e0fe9b5947a804e8f801a744cbb851
0717dc5d5a933cae36c0f6eb16f48aee4c5618afe064aa0877845cc6456a4f99,318ea3196ff6a6f6bb3c616e812eae31
0717dc5d5a933cae36c0f6eb16f48aee4c5618afe064aa0877845cc6456a4f99,5ac5e14914da5909174b0f29fbfc39c0
0717dc5d5a933cae36c0f6eb16f48aee4c5618afe064aa0877845cc6456a4f99,6a21f6585745784fbef892760f51ee39
0717dc5d5a933cae36c0f6eb16f48aee4c5618afe064aa0877845cc6456a4f99,2e58da3ba0e2b372c637f621b33380f3
0717dc5d5a933cae36c0f6eb16f48aee4c5618afe064aa0877845cc6456a4f99,d0d79e98bd561d8ccf867a15c13b236b
0717dc5d5a933cae36c0f6eb16f48aee4c5618afe064aa0877845cc6456a4f99,a7568eab209f720bb55fbba7c836b902
0717dc5d5a933cae36c0f6eb16f48aee4c5618afe064aa0877845cc6456a4f99,f2ce9726d2116d9a956b461f69006f30
5d23146e0b1ec9a7a025e70869c734650ce0a352b4702b32c37a1ecbe94208cb,99fee182b313e5310a5bfaa5eb11e11f
5d23146e0b1ec9a7a025e70869c734650ce0a352b4702b32c37a1ecbe94208cb,898a1f71d0879b9334cf08ebab357b8d
5d23146e0b1ec9a7a025e70869c734650ce0a352b4702b32c37a1ecbe94208cb,6386d0630f0d5f0a93da36aa06e68ec1
5d23146e0b1ec9a7a025e70869c734650ce0a352b4702b32c37a1ecbe94208cb,3f1c3b7c2e0594cfddde9f48fbfeb7f6
5d23146e0b1ec9a7a025e70869c734650ce0a352b4702b32c37a1ecbe94208cb,68525fb8d1c39b29b3c5d052459946ed
5d23146e0b1ec9a7a025e70869c734650ce0a352b4702b32c37a1ecbe94208cb,840f5a6af6c98661bc27766ed97bcb4f
5d23146e0b1ec9a7a025e70869c734650ce0a352b4702b32c37a1ecbe94208cb,6fa3dc60cfa348fe5c315f97adf2e432
5d23146e0b1ec9a7a025e70869c734650ce0a352b4702b32c37a1ecbe94208cb,329fe63370774f332d7ec1e73e0473d0
5d23146e0b1ec9a7a025e70869c734650ce0a352b4702b32c37a1ecbe94208cb,e00d0e62eb20a5e1b2ebd513c5cded03
5d23146e0b1ec9a7a025e70869c734650ce0a352b4702b32c37a1ecbe94208cb,6d9a7c6e8b20afdbb4ec5ecab042ee85
5d23146e0b1ec9a7a025e70869c734650ce0a352b4702b32c37a1ecbe94208cb,6fc31ac11a02ba1ffc5c06caecd1ea0b
5d23146e0b1ec9a7a025e70869c734650ce0a352b4702b32c37a1ecbe94208cb,588b713888338082038af3e61a38317d
5d23146e0b1ec9a7a025e70869c734650ce0a352b4702b32c37a1ecbe94208cb,3fbd8a9ad733995eb9d0aa7f820d7aae
5d23146e0b1ec9a7a025e70869c734650ce0a352b4702b32c37a1ecbe94208cb,6d132516c42282a6732cbe5d7b2a1b58
5d23146e0b1ec9a7a025e70869c734650ce0a352b4702b32c37a1ecbe94208cb,7fd30e37aee7c97d0a43f7e16b21aee1
5d23146e0b1ec9a7a025e70869c734650ce0a352b4702b32c37a1ecbe94208cb,5fefca926a9f79889b48ae9bdc569949
5d23146e0b1ec9a7a025e70869c734650ce0a352b4702b32c37a1ecbe94208cb,7d9fb6f750631117dd40a2468eab7ca2
5d23146e0b1ec9a7a025e70869c734650ce0a352b4702b32c37a1ecbe94208cb,f276d70efad347b6bbf2ff0e481082af
5d23146e0b1ec9a7a025e70869c734650ce0a352b4702b32c37a1ecbe94208cb,060c04e2b09e2d51e68cbbb360a69a3d
5d23146e0b1ec9a7a025e70869c734650ce0a352b4702b32c37a1ecbe94208cb,e6cb0a4d68808c9b648634da9672dfe0
5d23146e0b1ec9a7a025e70869c734650ce0a352b4702b32c37a1ecbe94208cb,d8d87eb13fbf9ceb28588a79e7730778
5d23146e0b1ec9a7a025e70869c734650ce0a352b4702b32c37a1ecbe94208cb,645d91ce8979f760a1549cdbbdef14ac
5d23146e0b1ec9a7a025e70869c734650ce0a352b4702b32c37a1ecbe94208cb,66b08271abe4bf876aa09b9a16ea394b
5d23146e0b1ec9a7a025e70869c734650ce0a352b4702b32c37a1ecbe94208cb,92370b9ad00ff74b2fdc90ff7c35f571
5d23146e0b1ec9a7a025e70869c734650ce0a352b4702b32c37a1ecbe94208cb,cb956811123353a84bc4f45262565ed1
5d23146e0b1ec9a7a025e70869c734650ce0a352b4702b32c37a1ecbe94208cb,3db29fbe6b8c9398c075a3e1eff78f59
5d23146e0b1ec9a7a025e70869c734650ce0a352b4702b32c37a1ecbe94208cb,33611c60e0252de17752f406f73e91fe
5d23146e0b1ec9a7a025e70869c734650ce0a352b4702b32c37a1ecbe94208cb,d56cce8ee938fc8c2447f5f454f723f1
5d23146e0b1ec9a7a025e70869c734650ce0a352b4702b32c37a1ecbe94208cb,e614c32f7f01ea455018220adbba96e9
5d23146e0b1ec9a7a025e70869c734650ce0a352b4702b32c37a1ecbe94208cb,0f2015b2e9ba89cf613655cf9df512a5
5d23146e0b1ec9a7a025e70869c734650ce0a352b4702b32c37a1ecbe94208cb,8127413cd16127e3ff4a0a1632353330
5d23146e0b1ec9a7a025e70869c734650ce0a352b4702b32c37a1ecbe94208cb,a7e6997e3c948970c96c0247ade22ce1
5d23146e0b1ec9a7a025e70869c734650ce0a352b4702b32c37a1ecbe94208cb,87c7f96e38b0d739f880e564090974c4
5d23146e0b1ec9a7a025e70869c734650ce0a352b4702b32c37a1ecbe94208cb,da128bf076152a534bec47a2eb8153e6
5d23146e0b1ec9a7a025e70869c734650ce0a352b4702b32c37a1ecbe94208cb,ebb5d957c610d7d7d0539eee7a67715b
5d23146e0b1ec9a7a025e70869c734650ce0a352b4702b32c37a1ecbe94208cb,eb8b6ea846d5154632662eefac47e36e
5d23146e0b1ec9a7a025e70869c734650ce0a352b4702b32c37a1ecbe94208cb,b6a1387dda4ea9edb9193ce8f3107d32
5d23146e0b1ec9a7a025e70869c734650ce0a352b4702b32c37a1ecbe94208cb,340e564b82c5ee3e00e19ef5063f1975
5d23146e0b1ec9a7a025e70869c734650ce0a352b4702b32c37a1ecbe94208cb,057f8e19589952ba64ceb5883f109fb7
5d23146e0b1ec9a7a025e70869c734650ce0a352b4702b32c37a1ecbe94208cb,0a4c7b88177a2376395fca2b77be319a
5d23146e0b1ec9a7a025e70869c734650ce0a352b4702b32c37a1ecbe94208cb,4a90251ae004b6040fe95cf2e280131a
5d23146e0b1ec9a7a025e70869c734650ce0a352b4702b32c37a1ecbe94208cb,5280ba0775ea82cbc001eebf6fa8ce66
5d23146e0b1ec9a7a025e70869c734650ce0a352b4702b32c37a1ecbe94208cb,8ceacf0f97e0d12fe575d4325cba68a5
5d23146e0b1ec9a7a025e70869c734650ce0a352b4702b32c37a1ecbe94208cb,a876332a9228907828658750bda4aae5
5d23146e0b1ec9a7a025e70869c734650ce0a352b4702b32c37a1ecbe94208cb,8cd2b967a736c52f0ae41ad13ad0daf8
5d23146e0b1ec9a7a025e70869c734650ce0a352b4702b32c37a1ecbe94208cb,ebe100f64fb9560c1e505e15960e9e89
5d23146e0b1ec9a7a025e70869c734650ce0a352b4702b32c37a1ecbe94208cb,f8dc9953567221604fa7d364c2ad58b8
5d23146e0b1ec9a7a025e70869c734650ce0a352b4702b32c37a1ecbe94208cb,256e675ba3fb12817f9a48ab92c4ff5b
5d23146e0b1ec9a7a025e70869c734650ce0a352b4702b32c37a1ecbe94208cb,dfa7709fdb16364a35a6ea38a2c998fc
5d23146e0b1ec9a7a025e70869c734650ce0a352b4702b32c37a1ecbe94208cb,d9b8a5124925e71ce98d19bad54237e8
d5e15da9e4afb65f2b5c60010cdb864e0d6fcbe6cc3b489c697c59fa47ba172c,a9ab98d477f87e7b0272585996b2d3df
d5e15da9e4afb65f2b5c60010cdb864e0d6fcbe6cc3b489c697c59fa47ba172c,2503b92d7f6db86bf62311d926fcec6b
d5e15da9e4afb65f2b5c60010cdb864e0d6fcbe6cc3b489c697c59fa47ba172c,2021804d1763b14d040f0509c8a5360e
d5e15da9e4afb65f2b5c60010cdb864e0d6fcbe6cc3b489c697c59fa47ba172c,73e3f0d6d1e2f6b4daf66b26f1a1e4e5
d5e15da9e4afb65f2b5c60010cdb864e0d6fcbe6cc3b489c697c59fa47ba172c,1b10501a2c934c51941cee1734400834
d5e15da9e4afb65f2b5c60010cdb864e0d6fcbe6cc3b489c697c59fa47ba172c,8c610e3d4b0e79b45f2b88de2c3b4994
d5e15da9e4afb65f2b5c60010cdb864e0d6fcbe6cc3b489c697c59fa47ba172c,f44dd39ebcfba5ed9a282371baf4490c
d5e15da9e4afb65f2b5c60010cdb864e0d6fcbe6cc3b489c697c59fa47ba172c,72b77e4df1c11be2f2a5f5bfecab12fb
d5e15da9e4afb65f2b5c60010cdb864e0d6fcbe6cc3b489c697c59fa47ba172c,0ef4b71049439339a2116cd412cf153b
d5e15da9e4afb65f2b5c60010cdb864e0d6fcbe6cc3b489c697c59fa47ba172c,17a65a3e9f0ae68562b2118c1fd7fa92
d5e15da9e4afb65f2b5c60010cdb864e0d6fcbe6cc3b489c697c59fa47ba172c,740d7fddebf1f91f683e500f87d625ed
d5e15da9e4afb65f2b5c60010cdb864e0d6fcbe6cc3b489c697c59fa47ba172c,9d0939767ffa3539faba9968fa10083d
d5e15da9e4afb65f2b5c60010cdb864e0d6fcbe6cc3b489c697c59fa47ba172c,5f5e1862d75ad0d6d66eeb006837eca1
d5e15da9e4afb65f2b5c60010cdb864e0d6fcbe6cc3b489c697c59fa47ba172c,cf8c40eb15b8addac89d2737bc219df1
d5e15da9e4afb65f2b5c60010cdb864e0d6fcbe6cc3b489c697c59fa47ba172c,f930f568d477282cdeb249097f420532
d5e15da9e4afb65f2b5c60010cdb864e0d6fcbe6cc3b489c697c59fa47ba172c,01d76c32665d153e278502dc03334f0b
d5e15da9e4afb65f2b5c60010cdb864e0d6fcbe6cc3b489c697c59fa47ba172c,ddcbd867db457d3fe2026bf88e2c9918
d5e15da9e4afb65f2b5c60010cdb864e0d6fcbe6cc3b489c697c59fa47ba172c,4b6f2460c99675d5eef3bd1377dbe6ce
d5e15da9e4afb65f2b5c60010cdb864e0d6fcbe6cc3b489c697c59fa47ba172c,a9a9dba57a891657890faad65fb4e900
d5e15da9e4afb65f2b5c60010cdb864e0d6fcbe6cc3b489c697c59fa47ba172c,4aa862bd465972a11028d9f83a16732c
d5e15da9e4afb65f2b5c60010cdb864e0d6fcbe6cc3b489c697c59fa47ba172c,245a26f4d844ec3e97fae576cf800a94
d5e15da9e4afb65f2b5c60010cdb864e0d6fcbe6cc3b489c697c59fa47ba172c,c358fef0740c1b104aa0384394032f76
d5e15da9e4afb65f2b5c60010cdb864e0d6fcbe6cc3b489c697c59fa47ba172c,d029c88439871a195b96f82367c5b358
d5e15da9e4afb65f2b5c60010cdb864e0d6fcbe6cc3b489c697c59fa47ba172c,977c605161b9a644afaf9294a3509530
d5e15da9e4afb65f2b5c60010cdb864e0d6fcbe6cc3b489c697c59fa47ba172c,4fd9bef52b3fc0d8783b845ce19a4ebd
d5e15da9e4afb65f2b5c60010cdb864e0d6fcbe6cc3b489c697c59fa47ba172c,2a7b45ad82d512ab79b37ec61ef7488b
d5e15da9e4afb65f2b5c60010cdb864e0d6fcbe6cc3b489c697c59fa47ba172c,af5e219be78cf5444bc962089c385c65
d5e15da9e4afb65f2b5c60010cdb864e0d6fcbe6cc3b489c697c59fa47ba172c,1c9dc9379350ebfa6b7084f4983f3288
d5e15da9e4afb65f2b5c60010cdb864e0d6fcbe6cc3b489c697c59fa47ba172c,44214c8c70edd2f6a3d9868e47008afa
d5e15da9e4afb65f2b5c60010cdb864e0d6fcbe6cc3b489c697c59fa47ba172c,c564f5af60ccf0997a0f559737654bb4
d5e15da9e4afb65f2b5c60010cdb864e0d6fcbe6cc3b489c697c59fa47ba172c,2a5703f7f9e99e7c624a22d1d3f12213
d5e15da9e4afb65f2b5c60010cdb864e0d6fcbe6cc3b489c697c59fa47ba172c,dc0e87d1ca1481e301a32991726bef0e
d5e15da9e4afb65f2b5c60010cdb864e0d6fcbe6cc3b489c697c59fa47ba172c,4c6a213cc5c0b38ef460eb2946792880
d5e15da9e4afb65f2b5c60010cdb864e0d6fcbe6cc3b489c697c59fa47ba172c,4fbb5e82a2b5d91418788b7297c0b27d
d5e15da9e4afb65f2b5c60010cdb864e0d6fcbe6cc3b489c697c59fa47ba172c,d5839c1db01510f776340ac019d28ef9
d5e15da9e4afb65f2b5c60010cdb864e0d6fcbe6cc3b489c697c59fa47ba172c,0c8998de3c4b5e3b2f0a6b4fe9f7a1bb
d5e15da9e4afb65f2b5c60010cdb864e0d6fcbe6cc3b489c697c59fa47ba172c,0dc6e619707031afb79e6e22cf54195e
d5e15da9e4afb65f2b5c60010cdb864e0d6fcbe6cc3b489c697c59fa47ba172c,1f4f71f173b7bf6098ed60b1b288b9b9
d5e15da9e4afb65f2b5c60010cdb864e0d6fcbe6cc3b489c697c59fa47ba172c,c1b6152b9070df176af2cc0459061cb7
d5e15da9e4afb65f2b5c60010cdb864e0d6fcbe6cc3b489c697c59fa47ba172c,1cb1be3c083b718d109b3b2eb2b10514
d5e15da9e4afb65f2b5c60010cdb864e0d6fcbe6cc3b489c697c59fa47ba172c,0b419c0a34c3cca952a6b30485d213e1
d5e15da9e4afb65f2b5c60010cdb864e0d6fcbe6cc3b489c697c59fa47ba172c,c5605b146d147785212e3c2fb022ea31
d5e15da9e4afb65f2b5c60010cdb864e0d6fcbe6cc3b489c697c59fa47ba172c,8a23936d0c3f67698c7df230c2969289
d5e15da9e4afb65f2b5c60010cdb864e0d6fcbe6cc3b489c697c59fa47ba172c,4fbd5b04a6f53fc0419f4b22d6dfa18e
d5e15da9e4afb65f2b5c60010cdb864e0d6fcbe6cc3b489c697c59fa47ba172c,9cd50d0c3e3566b9f2ab4c574de89ca4
d5e15da9e4afb65f2b5c60010cdb864e0d6fcbe6cc3b489c697c59fa47ba172c,ef06f7f10878fe1069ead5156720c198
d5e15da9e4afb65f2b5c60010cdb864e0d6fcbe6cc3b489c697c59fa47ba172c,e699c82d2a8a1c152e66246ff9302aa6
d5e15da9e4afb65f2b5c60010cdb864e0d6fcbe6cc3b489c697c59fa47ba172c,cafe1f0a2fdfa1737816f46002ef25c3
d5e15da9e4afb65f2b5c60010cdb864e0d6fcbe6cc3b489c697c59fa47ba172c,89e83ddcbceaed99d61abe1dff68ba31
d5e15da9e4afb65f2b5c60010cdb864e0d6fcbe6cc3b489c697c59fa47ba172c,b29ff4076340cd5fa85b51d5b6a68bc4
d5e15da9e4afb65f2b5c60010cdb864e0d6fcbe6cc3b489c697c59fa47ba172c,9ef6065cc519d1171784e3e1502b6484
d5e15da9e4afb65f2b5c60010cdb864e0d6fcbe6cc3b489c697c59fa47ba172c,2497b0f4db0a4d59b38f018b1b58d4ff
d5e15da9e4afb65f2b5c60010cdb864e0d6fcbe6cc3b489c697c59fa47ba172c,ce650233968c67c6fcc83a0a16c2875a
d5e15da9e4afb65f2b5c60010cdb864e0d6fcbe6cc3b489c697c59fa47ba172c,5ac5e14914da5909174b0f29fbfc39c0
d5e15da9e4afb65f2b5c60010cdb864e0d6fcbe6cc3b489c697c59fa47ba172c,021a829f9353ce0691661912e86b2995
d5e15da9e4afb65f2b5c60010cdb864e0d6fcbe6cc3b489c697c59fa47ba172c,247245e3fe61644fd1802e7b8cc03770
d5e15da9e4afb65f2b5c60010cdb864e0d6fcbe6cc3b489c697c59fa47ba172c,c4426f49de9ec2fffbda2f988494515a
d5e15da9e4afb65f2b5c60010cdb864e0d6fcbe6cc3b489c697c59fa47ba172c,c4426f49de9ec2fffbda2f988494515a
b4d330b0d525e24998f82738bbd14f495dedb262607373fe0002194841687f57,9503b346333c25994ab4ea91828dea44
b4d330b0d525e24998f82738bbd14f495dedb262607373fe0002194841687f57,5abfc36b2e1fdefce0a211474fd1c4fa
b4d330b0d525e24998f82738bbd14f495dedb262607373fe0002194841687f57,67d8c73f4e056b16c9fdcce88230ce34
b4d330b0d525e24998f82738bbd14f495dedb262607373fe0002194841687f57,cb92c8032c63e4cd60e88787623dcede
b4d330b0d525e24998f82738bbd14f495dedb262607373fe0002194841687f57,91a3ead7222d7b0c9db6aca61a51b366
b4d330b0d525e24998f82738bbd14f495dedb262607373fe0002194841687f57,1f30c65f7d7e3fb0ff118c38ec6381f2
b4d330b0d525e24998f82738bbd14f495dedb262607373fe0002194841687f57,e5fa8bbb812b85409fd1d3cf4fba91b6
b4d330b0d525e24998f82738bbd14f495dedb262607373fe0002194841687f57,e4feb2423e16e6d6bb59df5fac04c0cc
b4d330b0d525e24998f82738bbd14f495dedb262607373fe0002194841687f57,78cdc802280b1408b0ad1d77e32fdb6a
b4d330b0d525e24998f82738bbd14f495dedb262607373fe0002194841687f57,0c93ca6d526afbf34bd6251e7896eb03
b4d330b0d525e24998f82738bbd14f495dedb262607373fe0002194841687f57,5509fb09879b2563fe42550d1b1ce05a
b4d330b0d525e24998f82738bbd14f495dedb262607373fe0002194841687f57,1982a18d5efa3692975d5a1f474bbefc
b4d330b0d525e24998f82738bbd14f495dedb262607373fe0002194841687f57,609900fa47cb05c45c697bc20ae27235
b4d330b0d525e24998f82738bbd14f495dedb262607373fe0002194841687f57,2bfff4518e476cb9f9717449239ae62c
b4d330b0d525e24998f82738bbd14f495dedb262607373fe0002194841687f57,07df7c22c0b408fb6903f790ea835806
b4d330b0d525e24998f82738bbd14f495dedb262607373fe0002194841687f57,0c75eba9b5e29e0e9895a6b806f2fc96
b4d330b0d525e24998f82738bbd14f495dedb262607373fe0002194841687f57,8cecdbb333b363807ef83c662a3c0441
b4d330b0d525e24998f82738bbd14f495dedb262607373fe0002194841687f57,a1ee55aa2457d63e8f4520b2c01e7c63
b4d330b0d525e24998f82738bbd14f495dedb262607373fe0002194841687f57,af5058bfcf48b9ead33a2f557d731e48
b4d330b0d525e24998f82738bbd14f495dedb262607373fe0002194841687f57,734d8d3f71cf90d4d43aa000e3422b4e
b4d330b0d525e24998f82738bbd14f495dedb262607373fe0002194841687f57,affec6f843d6f1cab619c79bd5d11cd6
b4d330b0d525e24998f82738bbd14f495dedb262607373fe0002194841687f57,d9f01c26e5c3a40370957b6d97eb6438
b4d330b0d525e24998f82738bbd14f495dedb262607373fe0002194841687f57,93feca7fe134c9e69918584a65137e80
b4d330b0d525e24998f82738bbd14f495dedb262607373fe0002194841687f57,afe908335b3105b63c925f477d1f8d84
b4d330b0d525e24998f82738bbd14f495dedb262607373fe0002194841687f57,7e577cb69cbc801048a8513ee4c144a4
b4d330b0d525e24998f82738bbd14f495dedb262607373fe0002194841687f57,fc9da0d289cf911f31e4b0b514e9b3f3
b4d330b0d525e24998f82738bbd14f495dedb262607373fe0002194841687f57,cb47b1f4351a072a19143ce146839693
b4d330b0d525e24998f82738bbd14f495dedb262607373fe0002194841687f57,5966be3d323a8df84cc315616d13c99b
b4d330b0d525e24998f82738bbd14f495dedb262607373fe0002194841687f57,e3ef54828702b364c44eda7f7f576b1b
b4d330b0d525e24998f82738bbd14f495dedb262607373fe0002194841687f57,d09bebd1018b7e198bac115297187dd2
b4d330b0d525e24998f82738bbd14f495dedb262607373fe0002194841687f57,e37be769677351385bca9a6b7da4bb02
b4d330b0d525e24998f82738bbd14f495dedb262607373fe0002194841687f57,3d1317302ce1e0c7b62ba3e923280793
b4d330b0d525e24998f82738bbd14f495dedb262607373fe0002194841687f57,2ed0fa55bab24f63bf0d94b742b50684
b4d330b0d525e24998f82738bbd14f495dedb262607373fe0002194841687f57,d4096d34307aeffdc186fb3e1128399c
b4d330b0d525e24998f82738bbd14f495dedb262607373fe0002194841687f57,bc0e83b662b48f931ba64e431251d2e8
b4d330b0d525e24998f82738bbd14f495dedb262607373fe0002194841687f57,e650451e857e56840a8914e4e27fa81e
b4d330b0d525e24998f82738bbd14f495dedb262607373fe0002194841687f57,16f5e1e4bbb8afd539aed5d8855012ed
b4d330b0d525e24998f82738bbd14f495dedb262607373fe0002194841687f57,043e72e8faa97cc20540540d81a43f3d
b4d330b0d525e24998f82738bbd14f495dedb262607373fe0002194841687f57,b9e6d580acc38ff4d45bfe571d95fa9f
b4d330b0d525e24998f82738bbd14f495dedb262607373fe0002194841687f57,e4455d2ade7e75ff58d828c3109ae085
b4d330b0d525e24998f82738bbd14f495dedb262607373fe0002194841687f57,565d500b7069e928e6e73029dbca8cf5
b4d330b0d525e24998f82738bbd14f495dedb262607373fe0002194841687f57,4523c43cf277d5bcc693fc645b961fc7
b4d330b0d525e24998f82738bbd14f495dedb262607373fe0002194841687f57,74af486b016a947b1a5e3664b4a21bff
b4d330b0d525e24998f82738bbd14f495dedb262607373fe0002194841687f57,fb8c98e59c9400fab17e1b2eb06f57f4
b4d330b0d525e24998f82738bbd14f495dedb262607373fe0002194841687f57,04273e4982fc27bc36041b249a32ef72
b4d330b0d525e24998f82738bbd14f495dedb262607373fe0002194841687f57,04273e4982fc27bc36041b249a32ef72
b4d330b0d525e24998f82738bbd14f495dedb262607373fe0002194841687f57,4854d0a108d83f22a182c4e7066d7f80
b4d330b0d525e24998f82738bbd14f495dedb262607373fe0002194841687f57,dbdf3e582a9cd3bc2b8433b576f0335e
b4d330b0d525e24998f82738bbd14f495dedb262607373fe0002194841687f57,7b96460db03b0974f169fe1c4c675a57
b4d330b0d525e24998f82738bbd14f495dedb262607373fe0002194841687f57,f2054037cd32c3634e40470f898743a3
b4d330b0d525e24998f82738bbd14f495dedb262607373fe0002194841687f57,dea8dc556b7d79e0d63ac41754d9981d
b4d330b0d525e24998f82738bbd14f495dedb262607373fe0002194841687f57,42596c0509fc8dfeddae4649d0e5eec1
b4d330b0d525e24998f82738bbd14f495dedb262607373fe0002194841687f57,02b539a700652b6f7b114a470f8d9521
142536469d7c41009ba40eec7bd2ba5b56190ec1cf3b120697db2cb856f6179b,d6cb159fe27b59d4a4b9b0c88e9771ee
142536469d7c41009ba40eec7bd2ba5b56190ec1cf3b120697db2cb856f6179b,a8f9a13aacb233602064c1e7aad973c0
142536469d7c41009ba40eec7bd2ba5b56190ec1cf3b120697db2cb856f6179b,520d017ef191076f31e4bbe8801cf680
142536469d7c41009ba40eec7bd2ba5b56190ec1cf3b120697db2cb856f6179b,ce839504ee26281a7bf795af601d1380
142536469d7c41009ba40eec7bd2ba5b56190ec1cf3b120697db2cb856f6179b,f73974c6a0064ed890f873fe3fee739a
142536469d7c41009ba40eec7bd2ba5b56190ec1cf3b120697db2cb856f6179b,e71a2acb127541d62ee396cd95094e1e
142536469d7c41009ba40eec7bd2ba5b56190ec1cf3b120697db2cb856f6179b,7a76f7d830196621ca3b9a0d4eeccbfb
142536469d7c41009ba40eec7bd2ba5b56190ec1cf3b120697db2cb856f6179b,a36813046d2c133b72f63a03aeddbc03
142536469d7c41009ba40eec7bd2ba5b56190ec1cf3b120697db2cb856f6179b,4fa1366cf021a4af723b5749d24c2916
142536469d7c41009ba40eec7bd2ba5b56190ec1cf3b120697db2cb856f6179b,39f66b3fc1cbfc991c76c91774b6eb33
142536469d7c41009ba40eec7bd2ba5b56190ec1cf3b120697db2cb856f6179b,5342fe5d0a881bd314d4b197ea016a89
142536469d7c41009ba40eec7bd2ba5b56190ec1cf3b120697db2cb856f6179b,6fa3dc60cfa348fe5c315f97adf2e432
142536469d7c41009ba40eec7bd2ba5b56190ec1cf3b120697db2cb856f6179b,42df3d1b4644358485d133eca7fe78e4
142536469d7c41009ba40eec7bd2ba5b56190ec1cf3b120697db2cb856f6179b,d0256e65d27c6cae46a65a05651b2af8
142536469d7c41009ba40eec7bd2ba5b56190ec1cf3b120697db2cb856f6179b,20be6eb62c3652abe56f0e425f696d6c
142536469d7c41009ba40eec7bd2ba5b56190ec1cf3b120697db2cb856f6179b,a912cce70960e79183447e0ddf66ea1c
142536469d7c41009ba40eec7bd2ba5b56190ec1cf3b120697db2cb856f6179b,927629b77ccfaffaaea740bfb111df49
142536469d7c41009ba40eec7bd2ba5b56190ec1cf3b120697db2cb856f6179b,229a75d1d0d5b74a3d4ec774b2e070cb
142536469d7c41009ba40eec7bd2ba5b56190ec1cf3b120697db2cb856f6179b,70581a75b10f9d76af6ec2585a715d60
142536469d7c41009ba40eec7bd2ba5b56190ec1cf3b120697db2cb856f6179b,2e721c894b35e70ff965cabb49db6791
142536469d7c41009ba40eec7bd2ba5b56190ec1cf3b120697db2cb856f6179b,b1b82cdc9e682fe507d462cd59b58c0f
142536469d7c41009ba40eec7bd2ba5b56190ec1cf3b120697db2cb856f6179b,c04b66e2cda5c19ddcec10f8482f8875
142536469d7c41009ba40eec7bd2ba5b56190ec1cf3b120697db2cb856f6179b,c84088c8d3538cc3f6a6ba9da7808d21
142536469d7c41009ba40eec7bd2ba5b56190ec1cf3b120697db2cb856f6179b,ddcbd867db457d3fe2026bf88e2c9918
142536469d7c41009ba40eec7bd2ba5b56190ec1cf3b120697db2cb856f6179b,ddcbd867db457d3fe2026bf88e2c9918
142536469d7c41009ba40eec7bd2ba5b56190ec1cf3b120697db2cb856f6179b,9a00967f668ee593d37f89146792f4ba
142536469d7c41009ba40eec7bd2ba5b56190ec1cf3b120697db2cb856f6179b,cf51615b3d899e7b7254175db99ef127
142536469d7c41009ba40eec7bd2ba5b56190ec1cf3b120697db2cb856f6179b,bfb8df76a0d1ad9b68b61faadba66281
142536469d7c41009ba40eec7bd2ba5b56190ec1cf3b120697db2cb856f6179b,95c42ca8dcbf7d2d360924eee478e961
142536469d7c41009ba40eec7bd2ba5b56190ec1cf3b120697db2cb856f6179b,10ddc770033808fe35ab8787177caad0
142536469d7c41009ba40eec7bd2ba5b56190ec1cf3b120697db2cb856f6179b,8edf9cfad7c004a64ee32733ba0c2768
142536469d7c41009ba40eec7bd2ba5b56190ec1cf3b120697db2cb856f6179b,e58dc8ffe8138a71ef1f86cc269fdb91
142536469d7c41009ba40eec7bd2ba5b56190ec1cf3b120697db2cb856f6179b,a8622bf0f73298cf3243f361351ed270
142536469d7c41009ba40eec7bd2ba5b56190ec1cf3b120697db2cb856f6179b,bcdb05be1a8ecb1a325a05aa8efa794b
142536469d7c41009ba40eec7bd2ba5b56190ec1cf3b120697db2cb856f6179b,798dfd7b25da88cb0b6b6f4b938c80c5
142536469d7c41009ba40eec7bd2ba5b56190ec1cf3b120697db2cb856f6179b,6454b7ba09ed0b8e3b767fef571fde3a
142536469d7c41009ba40eec7bd2ba5b56190ec1cf3b120697db2cb856f6179b,175f4138ca6b8164fac3248efaabdb7c
142536469d7c41009ba40eec7bd2ba5b56190ec1cf3b120697db2cb856f6179b,5c3e489eab5b154c530d3ca465ee7205
142536469d7c41009ba40eec7bd2ba5b56190ec1cf3b120697db2cb856f6179b,a5a8911f637b292cf0a0eb00d54ec86c
142536469d7c41009ba40eec7bd2ba5b56190ec1cf3b120697db2cb856f6179b,7130c4262494eb98ea239f27fdf1f0f6
142536469d7c41009ba40eec7bd2ba5b56190ec1cf3b120697db2cb856f6179b,a3eb9d2b4fbfc748af5d259d54f579e8
142536469d7c41009ba40eec7bd2ba5b56190ec1cf3b120697db2cb856f6179b,3e719c0965bd60a321f507d16792df8a
142536469d7c41009ba40eec7bd2ba5b56190ec1cf3b120697db2cb856f6179b,9d581da588ef11c3694c2392f471d6d7
142536469d7c41009ba40eec7bd2ba5b56190ec1cf3b120697db2cb856f6179b,e02277b7d0cd9fdf7fb8f58174a5bc9a
142536469d7c41009ba40eec7bd2ba5b56190ec1cf3b120697db2cb856f6179b,fa0f36421280e67e634a508c199b2c5a
142536469d7c41009ba40eec7bd2ba5b56190ec1cf3b120697db2cb856f6179b,19dbc86f114520f739c315df1f762c11
142536469d7c41009ba40eec7bd2ba5b56190ec1cf3b120697db2cb856f6179b,685de068336377f34fa08c4cbd06256c
142536469d7c41009ba40eec7bd2ba5b56190ec1cf3b120697db2cb856f6179b,58600d6c313a3dbccb2d56e6dcd02de2
142536469d7c41009ba40eec7bd2ba5b56190ec1cf3b120697db2cb856f6179b,ebe100f64fb9560c1e505e15960e9e89
142536469d7c41009ba40eec7bd2ba5b56190ec1cf3b120697db2cb856f6179b,05a58e0e346aa209d78b2b4586dd92e6
70aa881831a6d5ef9690b3f2d5f60eacf5e8cc978d9c21b5b88996d9726e0d6a,6600bb0918bfbdf8117a38640dedd768
70aa881831a6d5ef9690b3f2d5f60eacf5e8cc978d9c21b5b88996d9726e0d6a,b6fb5fd14aab25f9fc759b84a156af07
70aa881831a6d5ef9690b3f2d5f60eacf5e8cc978d9c21b5b88996d9726e0d6a,0cfa8c0d7df4793fc481e223ade26d4a
70aa881831a6d5ef9690b3f2d5f60eacf5e8cc978d9c21b5b88996d9726e0d6a,79b49199ee331dae080348b2c94c16c7
70aa881831a6d5ef9690b3f2d5f60eacf5e8cc978d9c21b5b88996d9726e0d6a,1de66958fd2bb911faf285414b961bce
70aa881831a6d5ef9690b3f2d5f60eacf5e8cc978d9c21b5b88996d9726e0d6a,a1ccd04054bd6c5c30259d400ac7813c
70aa881831a6d5ef9690b3f2d5f60eacf5e8cc978d9c21b5b88996d9726e0d6a,940e4f311d7ab742f7c88c2ab7ef9f55
70aa881831a6d5ef9690b3f2d5f60eacf5e8cc978d9c21b5b88996d9726e0d6a,32bea2d91865e76bdf74be45c64fb7f6
70aa881831a6d5ef9690b3f2d5f60eacf5e8cc978d9c21b5b88996d9726e0d6a,e4c9c30fed632fff756f1222df28f2e7
70aa881831a6d5ef9690b3f2d5f60eacf5e8cc978d9c21b5b88996d9726e0d6a,3c39c59ce084dc0b77cff434ebf0b766
70aa881831a6d5ef9690b3f2d5f60eacf5e8cc978d9c21b5b88996d9726e0d6a,56d359e595668b4480241f3fbd49af5f
70aa881831a6d5ef9690b3f2d5f60eacf5e8cc978d9c21b5b88996d9726e0d6a,911686106d5a89bde3cd8996f55e7ec8
70aa881831a6d5ef9690b3f2d5f60eacf5e8cc978d9c21b5b88996d9726e0d6a,ee856f4c82df61b0119ba100a404e433
70aa881831a6d5ef9690b3f2d5f60eacf5e8cc978d9c21b5b88996d9726e0d6a,830f5b56167e1317f3beba5c5b4ac282
70aa881831a6d5ef9690b3f2d5f60eacf5e8cc978d9c21b5b88996d9726e0d6a,19030b152c4cd7551e466bc2f0c46cfd
70aa881831a6d5ef9690b3f2d5f60eacf5e8cc978d9c21b5b88996d9726e0d6a,19030b152c4cd7551e466bc2f0c46cfd
70aa881831a6d5ef9690b3f2d5f60eacf5e8cc978d9c21b5b88996d9726e0d6a,a5e193aacc5606e1f247281cc3734d92
70aa881831a6d5ef9690b3f2d5f60eacf5e8cc978d9c21b5b88996d9726e0d6a,c6032d8c8880df6d991b82f8154916ad
70aa881831a6d5ef9690b3f2d5f60eacf5e8cc978d9c21b5b88996d9726e0d6a,a73fbf179b741f9be9b03a4bdcf9987c
70aa881831a6d5ef9690b3f2d5f60eacf5e8cc978d9c21b5b88996d9726e0d6a,3fe5e3103d99217036f789b785354761
ad3c17c6c6f836b574509cd92d23eaeaef14476d15b2d92a1ac55467298a12ed,db8a661b1276969bb5bfb5f3ecbed111
ad3c17c6c6f836b574509cd92d23eaeaef14476d15b2d92a1ac55467298a12ed,4de823baf7aa9cd5bdceb4b110781fa7
ad3c17c6c6f836b574509cd92d23eaeaef14476d15b2d92a1ac55467298a12ed,3abf00c9ccbc4220c313bd20d28c6125
ad3c17c6c6f836b574509cd92d23eaeaef14476d15b2d92a1ac55467298a12ed,196171a8c2148bb90457812a32daa9af
ad3c17c6c6f836b574509cd92d23eaeaef14476d15b2d92a1ac55467298a12ed,c407c6e880205757a8b706d271254df5
ad3c17c6c6f836b574509cd92d23eaeaef14476d15b2d92a1ac55467298a12ed,5536297ba43bc30e049a769d57990805
ad3c17c6c6f836b574509cd92d23eaeaef14476d15b2d92a1ac55467298a12ed,e95d1af3a5291c5c52153dd96d3c8d04
ad3c17c6c6f836b574509cd92d23eaeaef14476d15b2d92a1ac55467298a12ed,1dedddabc6540360301d68677541d591
ad3c17c6c6f836b574509cd92d23eaeaef14476d15b2d92a1ac55467298a12ed,de87cb9193dcf6d0edb68858c54f663f
ad3c17c6c6f836b574509cd92d23eaeaef14476d15b2d92a1ac55467298a12ed,928fcb212c318e1c66e3d69c320a8edc
ad3c17c6c6f836b574509cd92d23eaeaef14476d15b2d92a1ac55467298a12ed,c333ad749efd09a5b2e9659d2ffd2d25
ad3c17c6c6f836b574509cd92d23eaeaef14476d15b2d92a1ac55467298a12ed,72f4df463c2001ff422d5d97c747259c
ad3c17c6c6f836b574509cd92d23eaeaef14476d15b2d92a1ac55467298a12ed,e2b0d4b6a1aa1e736b1cacad1f1e6550
ad3c17c6c6f836b574509cd92d23eaeaef14476d15b2d92a1ac55467298a12ed,1680437484db69a60bef3ec4c302544b
ad3c17c6c6f836b574509cd92d23eaeaef14476d15b2d92a1ac55467298a12ed,d1aa582add2c33cc29ff4cd46031981b
ad3c17c6c6f836b574509cd92d23eaeaef14476d15b2d92a1ac55467298a12ed,9f947f598853b5cc2c50810e623c87c2
ad3c17c6c6f836b574509cd92d23eaeaef14476d15b2d92a1ac55467298a12ed,39c6685737a48970aaa1c19db96f864c
ad3c17c6c6f836b574509cd92d23eaeaef14476d15b2d92a1ac55467298a12ed,2c0bd7ed2678d86e391f58ba5431bc77
ad3c17c6c6f836b574509cd92d23eaeaef14476d15b2d92a1ac55467298a12ed,1e935d35ba126e02a0d6924b23f8b117
ad3c17c6c6f836b574509cd92d23eaeaef14476d15b2d92a1ac55467298a12ed,05a58e0e346aa209d78b2b4586dd92e6
6fb17fcba7cc07ca96129e7d409a9cba2cfc4ed73c21bc28b835843cd8206e1c,9aa2f3f7c5e7b29a61ab19dcc2a028ee
6fb17fcba7cc07ca96129e7d409a9cba2cfc4ed73c21bc28b835843cd8206e1c,ce39e4182b718a1f148911f3231f7b2d
6fb17fcba7cc07ca96129e7d409a9cba2cfc4ed73c21bc28b835843cd8206e1c,dda000afd9fbc7db10cf1624416ea0ee
6fb17fcba7cc07ca96129e7d409a9cba2cfc4ed73c21bc28b835843cd8206e1c,88e446232db24410500233c56ff77e98
6fb17fcba7cc07ca96129e7d409a9cba2cfc4ed73c21bc28b835843cd8206e1c,2503b92d7f6db86bf62311d926fcec6b
6fb17fcba7cc07ca96129e7d409a9cba2cfc4ed73c21bc28b835843cd8206e1c,f19a05882418aa8e998719a7edaa6d04
6fb17fcba7cc07ca96129e7d409a9cba2cfc4ed73c21bc28b835843cd8206e1c,8796b838c169ccd09caafdb040621fb5
6fb17fcba7cc07ca96129e7d409a9cba2cfc4ed73c21bc28b835843cd8206e1c,6ad606920c1e831eee653cef471d2044
6fb17fcba7cc07ca96129e7d409a9cba2cfc4ed73c21bc28b835843cd8206e1c,39d494cc2fc527681db7ff8ae4cc2d41
6fb17fcba7cc07ca96129e7d409a9cba2cfc4ed73c21bc28b835843cd8206e1c,67d8c73f4e056b16c9fdcce88230ce34
6fb17fcba7cc07ca96129e7d409a9cba2cfc4ed73c21bc28b835843cd8206e1c,963146bd012717d1c23eb26609c27f2f
6fb17fcba7cc07ca96129e7d409a9cba2cfc4ed73c21bc28b835843cd8206e1c,41facd1557479b5a6627784cfa7beb54
6fb17fcba7cc07ca96129e7d409a9cba2cfc4ed73c21bc28b835843cd8206e1c,73cec6bfe0574feb32b3afccf9e9e368
6fb17fcba7cc07ca96129e7d409a9cba2cfc4ed73c21bc28b835843cd8206e1c,73e3f0d6d1e2f6b4daf66b26f1a1e4e5
6fb17fcba7cc07ca96129e7d409a9cba2cfc4ed73c21bc28b835843cd8206e1c,7c0cc624e9993c22fafeb7e97b1e3e4d
6fb17fcba7cc07ca96129e7d409a9cba2cfc4ed73c21bc28b835843cd8206e1c,41582f227b21e02faebef0c59eda8dfd
6fb17fcba7cc07ca96129e7d409a9cba2cfc4ed73c21bc28b835843cd8206e1c,543d9f7aaf332817126cd94453521a63
6fb17fcba7cc07ca96129e7d409a9cba2cfc4ed73c21bc28b835843cd8206e1c,6051485359d20fca53ad7b2bdb1019d1
6fb17fcba7cc07ca96129e7d409a9cba2cfc4ed73c21bc28b835843cd8206e1c,1a2a8ff7f6c076150b951d502f187e6f
6fb17fcba7cc07ca96129e7d409a9cba2cfc4ed73c21bc28b835843cd8206e1c,5ff8e4641bdb24197ba20579a5065aff
6fb17fcba7cc07ca96129e7d409a9cba2cfc4ed73c21bc28b835843cd8206e1c,2811b2b4405fc5971b0558f1e17e5070
6fb17fcba7cc07ca96129e7d409a9cba2cfc4ed73c21bc28b835843cd8206e1c,ff6823f8840deca4ed0221ffdd653608
6fb17fcba7cc07ca96129e7d409a9cba2cfc4ed73c21bc28b835843cd8206e1c,f52dbe7f184eec8abc53b1e2327c7f25
6fb17fcba7cc07ca96129e7d409a9cba2cfc4ed73c21bc28b835843cd8206e1c,180263d8c77d9551cef1da98333d2248
6fb17fcba7cc07ca96129e7d409a9cba2cfc4ed73c21bc28b835843cd8206e1c,1982a18d5efa3692975d5a1f474bbefc
6fb17fcba7cc07ca96129e7d409a9cba2cfc4ed73c21bc28b835843cd8206e1c,fc049c9ac502bb997fd9a26a8c07e992
6fb17fcba7cc07ca96129e7d409a9cba2cfc4ed73c21bc28b835843cd8206e1c,7ff41c0c1b8d2e1b5df8cc6527bfe2f9
6fb17fcba7cc07ca96129e7d409a9cba2cfc4ed73c21bc28b835843cd8206e1c,bd5cf9e32f3352154059d80bcaf3e0a2
6fb17fcba7cc07ca96129e7d409a9cba2cfc4ed73c21bc28b835843cd8206e1c,941f945d908564a0cebb00b938d56a04
6fb17fcba7cc07ca96129e7d409a9cba2cfc4ed73c21bc28b835843cd8206e1c,77197e514ccd3c7ec16cf9161bccf1a6
6fb17fcba7cc07ca96129e7d409a9cba2cfc4ed73c21bc28b835843cd8206e1c,f59433ecb97caa67ffabda23538eec37
6fb17fcba7cc07ca96129e7d409a9cba2cfc4ed73c21bc28b835843cd8206e1c,47e3c0787ceed5ff499bcad0c364abc5
6fb17fcba7cc07ca96129e7d409a9cba2cfc4ed73c21bc28b835843cd8206e1c,c285f1650812f24061759d272205791c
6fb17fcba7cc07ca96129e7d409a9cba2cfc4ed73c21bc28b835843cd8206e1c,07dbb809f7d44a4b9e6875ee7c3499b5
6fb17fcba7cc07ca96129e7d409a9cba2cfc4ed73c21bc28b835843cd8206e1c,9802842cff679e426e7423502d73b4ac
6fb17fcba7cc07ca96129e7d409a9cba2cfc4ed73c21bc28b835843cd8206e1c,19fbce95e723c4601fd6baa8a5d1ec19
6fb17fcba7cc07ca96129e7d409a9cba2cfc4ed73c21bc28b835843cd8206e1c,0a00afe4ad78a2c8ecf26902b73d4985
6fb17fcba7cc07ca96129e7d409a9cba2cfc4ed73c21bc28b835843cd8206e1c,58e2a4c30fd5958cc012c258237a45f3
6fb17fcba7cc07ca96129e7d409a9cba2cfc4ed73c21bc28b835843cd8206e1c,bac02af0863deb5a6449b3564d53c2d1
6fb17fcba7cc07ca96129e7d409a9cba2cfc4ed73c21bc28b835843cd8206e1c,664f7e628f5a7a91037b810b00bbcab6
6fb17fcba7cc07ca96129e7d409a9cba2cfc4ed73c21bc28b835843cd8206e1c,dc6abc6d39cb59843e411bc9c06b360c
6fb17fcba7cc07ca96129e7d409a9cba2cfc4ed73c21bc28b835843cd8206e1c,4b6f2460c99675d5eef3bd1377dbe6ce
6fb17fcba7cc07ca96129e7d409a9cba2cfc4ed73c21bc28b835843cd8206e1c,1eb8df298c13d57b5f4f9173e6a55981
6fb17fcba7cc07ca96129e7d409a9cba2cfc4ed73c21bc28b835843cd8206e1c,c21cad677d79e3dc5f2e8b645a893c11
6fb17fcba7cc07ca96129e7d409a9cba2cfc4ed73c21bc28b835843cd8206e1c,9d1988cd9387e014f9c943615b71ae4b
6fb17fcba7cc07ca96129e7d409a9cba2cfc4ed73c21bc28b835843cd8206e1c,2d326f83b02664570a0463b0792cf1f1
6fb17fcba7cc07ca96129e7d409a9cba2cfc4ed73c21bc28b835843cd8206e1c,a4f754fb92b5993ae86b9107c70fa2ba
6fb17fcba7cc07ca96129e7d409a9cba2cfc4ed73c21bc28b835843cd8206e1c,d3a077061638fc62e0b40c9c090a5a58
6fb17fcba7cc07ca96129e7d409a9cba2cfc4ed73c21bc28b835843cd8206e1c,b38dec1e62f983d4d60d46057c9017cd
6fb17fcba7cc07ca96129e7d409a9cba2cfc4ed73c21bc28b835843cd8206e1c,5f04c3fdc5fe947bd328d6e637e3a7b1
6fb17fcba7cc07ca96129e7d409a9cba2cfc4ed73c21bc28b835843cd8206e1c,f649baba92ca1d3d9ea8916ef4c8449a
6fb17fcba7cc07ca96129e7d409a9cba2cfc4ed73c21bc28b835843cd8206e1c,e50c55df4039b986c5b0ab099ad5f136
6fb17fcba7cc07ca96129e7d409a9cba2cfc4ed73c21bc28b835843cd8206e1c,b7303bc57cd0b09689e291992a1c3b57
6fb17fcba7cc07ca96129e7d409a9cba2cfc4ed73c21bc28b835843cd8206e1c,1c9dc9379350ebfa6b7084f4983f3288
6fb17fcba7cc07ca96129e7d409a9cba2cfc4ed73c21bc28b835843cd8206e1c,9c5234de37d89f9fc053b6e2b40560aa
6fb17fcba7cc07ca96129e7d409a9cba2cfc4ed73c21bc28b835843cd8206e1c,2ad7a4e20b4e9f76f9715f28b78924f4
6fb17fcba7cc07ca96129e7d409a9cba2cfc4ed73c21bc28b835843cd8206e1c,ef77fccfbf3e5e5f3aa9ef180a6a267f
6fb17fcba7cc07ca96129e7d409a9cba2cfc4ed73c21bc28b835843cd8206e1c,c13ed78c7964c184ed803fe1adf2b194
6fb17fcba7cc07ca96129e7d409a9cba2cfc4ed73c21bc28b835843cd8206e1c,f057b25cb6f225a8738bd15ac33edb04
6fb17fcba7cc07ca96129e7d409a9cba2cfc4ed73c21bc28b835843cd8206e1c,781e35f62acfa33b4eb97191e15c4313
6fb17fcba7cc07ca96129e7d409a9cba2cfc4ed73c21bc28b835843cd8206e1c,b35c6dce7299e3be5fcc3a4925a15e8f
6fb17fcba7cc07ca96129e7d409a9cba2cfc4ed73c21bc28b835843cd8206e1c,4c1eb556f107ac3c93baf10f2053946f
6fb17fcba7cc07ca96129e7d409a9cba2cfc4ed73c21bc28b835843cd8206e1c,1f7d44c9d0f05b39aba686cee0aa6cbe
6fb17fcba7cc07ca96129e7d409a9cba2cfc4ed73c21bc28b835843cd8206e1c,c543d20b37d3c9c9535783b131538194
6fb17fcba7cc07ca96129e7d409a9cba2cfc4ed73c21bc28b835843cd8206e1c,45ddc19b0f12b4566e5b72620026c9be
6fb17fcba7cc07ca96129e7d409a9cba2cfc4ed73c21bc28b835843cd8206e1c,1eefbbc65842232741b9f7172a3cbe95
6fb17fcba7cc07ca96129e7d409a9cba2cfc4ed73c21bc28b835843cd8206e1c,3973bed0755d89a25d541673a2ca98da
6fb17fcba7cc07ca96129e7d409a9cba2cfc4ed73c21bc28b835843cd8206e1c,4878c9659baaf0d6a4e71d40f6e72ec0
6fb17fcba7cc07ca96129e7d409a9cba2cfc4ed73c21bc28b835843cd8206e1c,8670b256e4612136d8748bd4e7d7f1ec
6fb17fcba7cc07ca96129e7d409a9cba2cfc4ed73c21bc28b835843cd8206e1c,4f390102ab9b314d9221624b73f3443b
6fb17fcba7cc07ca96129e7d409a9cba2cfc4ed73c21bc28b835843cd8206e1c,8b74cdeffc95579da370b53995d01a6e
6fb17fcba7cc07ca96129e7d409a9cba2cfc4ed73c21bc28b835843cd8206e1c,1d16a928050d65e1a8ee45aa5caa5b1b
6fb17fcba7cc07ca96129e7d409a9cba2cfc4ed73c21bc28b835843cd8206e1c,fd37f16544715f900e69644e49dca36e
6fb17fcba7cc07ca96129e7d409a9cba2cfc4ed73c21bc28b835843cd8206e1c,043e72e8faa97cc20540540d81a43f3d
6fb17fcba7cc07ca96129e7d409a9cba2cfc4ed73c21bc28b835843cd8206e1c,d50d17cc7bfaf810e41cbab6a4010823
6fb17fcba7cc07ca96129e7d409a9cba2cfc4ed73c21bc28b835843cd8206e1c,74131b0da084be7d6bd3d0ed22bf6207
6fb17fcba7cc07ca96129e7d409a9cba2cfc4ed73c21bc28b835843cd8206e1c,8a138b14f53887fce007d76375492ff9
6fb17fcba7cc07ca96129e7d409a9cba2cfc4ed73c21bc28b835843cd8206e1c,a2e97a8dfd92a74964d84a4151ecded1
6fb17fcba7cc07ca96129e7d409a9cba2cfc4ed73c21bc28b835843cd8206e1c,9121ee0f1771b40e06ad8052963661eb
6fb17fcba7cc07ca96129e7d409a9cba2cfc4ed73c21bc28b835843cd8206e1c,fccd2776e6aa86fc1192bfcdf7056c4c
6fb17fcba7cc07ca96129e7d409a9cba2cfc4ed73c21bc28b835843cd8206e1c,ff138043f6141b41ee88e3b85b9765e3
6fb17fcba7cc07ca96129e7d409a9cba2cfc4ed73c21bc28b835843cd8206e1c,32c587a928071d57578eb52cb01a84cf
6fb17fcba7cc07ca96129e7d409a9cba2cfc4ed73c21bc28b835843cd8206e1c,356ed113e28460ca8e894cfa69d4423d
6fb17fcba7cc07ca96129e7d409a9cba2cfc4ed73c21bc28b835843cd8206e1c,cb6b39f182b4b59fdbd509c79d1de0fc
6fb17fcba7cc07ca96129e7d409a9cba2cfc4ed73c21bc28b835843cd8206e1c,6f9f4ac030f0308b512202292a97eaea
6fb17fcba7cc07ca96129e7d409a9cba2cfc4ed73c21bc28b835843cd8206e1c,ee3b1c11dcd754404a491a28b3d6a91c
6fb17fcba7cc07ca96129e7d409a9cba2cfc4ed73c21bc28b835843cd8206e1c,54fda0b38d0fac309d193a323a4b2964
6fb17fcba7cc07ca96129e7d409a9cba2cfc4ed73c21bc28b835843cd8206e1c,2e58da3ba0e2b372c637f621b33380f3
6fb17fcba7cc07ca96129e7d409a9cba2cfc4ed73c21bc28b835843cd8206e1c,f2ce9726d2116d9a956b461f69006f30
6fb17fcba7cc07ca96129e7d409a9cba2cfc4ed73c21bc28b835843cd8206e1c,2948938c0ac9d678655c5d257a25adfd
6fb17fcba7cc07ca96129e7d409a9cba2cfc4ed73c21bc28b835843cd8206e1c,404a6b01583a97766603116aabb05b29
30bbf3a84eb11c9fa9ab136f5a091d8225a637762fb68194fda6007674fafa7a,1cbb47fe3e9ed32440d163b2c7d9811e
30bbf3a84eb11c9fa9ab136f5a091d8225a637762fb68194fda6007674fafa7a,5f47453fa409b0d85245ea4f0d8abfb5
30bbf3a84eb11c9fa9ab136f5a091d8225a637762fb68194fda6007674fafa7a,87d482404c1ac8ae6a39f83d4ae61aed
30bbf3a84eb11c9fa9ab136f5a091d8225a637762fb68194fda6007674fafa7a,b7f6048f5ae9e6cfa45e33f485708d38
30bbf3a84eb11c9fa9ab136f5a091d8225a637762fb68194fda6007674fafa7a,fd71c83f3c5fe712925d5cd1f82d5247
30bbf3a84eb11c9fa9ab136f5a091d8225a637762fb68194fda6007674fafa7a,4fa1366cf021a4af723b5749d24c2916
30bbf3a84eb11c9fa9ab136f5a091d8225a637762fb68194fda6007674fafa7a,791019127e59da8888282c40f7202f14
30bbf3a84eb11c9fa9ab136f5a091d8225a637762fb68194fda6007674fafa7a,b51875ddbe24c5a84fa6c35868f144fe
30bbf3a84eb11c9fa9ab136f5a091d8225a637762fb68194fda6007674fafa7a,a307691bc85deaaae598ab25386b6187
30bbf3a84eb11c9fa9ab136f5a091d8225a637762fb68194fda6007674fafa7a,245244d6693cc8283e1dc42b9c037508
30bbf3a84eb11c9fa9ab136f5a091d8225a637762fb68194fda6007674fafa7a,69065f54c6e7dc6107f80b67e9fd5b29
30bbf3a84eb11c9fa9ab136f5a091d8225a637762fb68194fda6007674fafa7a,7459dd861a07119c102ad4cb2f5fc76d
30bbf3a84eb11c9fa9ab136f5a091d8225a637762fb68194fda6007674fafa7a,e50b956f9a4f7d08106aaf45f12f072c
30bbf3a84eb11c9fa9ab136f5a091d8225a637762fb68194fda6007674fafa7a,46afba5e9bf76dd99c3ba2752a6190ab
30bbf3a84eb11c9fa9ab136f5a091d8225a637762fb68194fda6007674fafa7a,1f39fafe35c8840e6ebce70b3aa9c424
30bbf3a84eb11c9fa9ab136f5a091d8225a637762fb68194fda6007674fafa7a,1f4f71f173b7bf6098ed60b1b288b9b9
30bbf3a84eb11c9fa9ab136f5a091d8225a637762fb68194fda6007674fafa7a,2f3cb98c16ddf518364267d9cea3e012
30bbf3a84eb11c9fa9ab136f5a091d8225a637762fb68194fda6007674fafa7a,cc527b827ad5bc722e87166c9b0a4664
30bbf3a84eb11c9fa9ab136f5a091d8225a637762fb68194fda6007674fafa7a,5262ba536657777f14330b5111f6d014
30bbf3a84eb11c9fa9ab136f5a091d8225a637762fb68194fda6007674fafa7a,357a73fb4db75bc57b90a1942b00c423
183bb15fd2a5ae4c9650dd72acb32726b97d8b5dcee472f69bfdc25851036919,03d8fd92cae1115856b5680c63a3ed66
183bb15fd2a5ae4c9650dd72acb32726b97d8b5dcee472f69bfdc25851036919,c530e25d99c5151980d163a215647713
183bb15fd2a5ae4c9650dd72acb32726b97d8b5dcee472f69bfdc25851036919,a67c0fb2f2f649428f5cc608477dcdee
183bb15fd2a5ae4c9650dd72acb32726b97d8b5dcee472f69bfdc25851036919,f5eae4789287308598d355697b37a287
183bb15fd2a5ae4c9650dd72acb32726b97d8b5dcee472f69bfdc25851036919,502cbb4783bec9d59bcbcd3ea562927b
183bb15fd2a5ae4c9650dd72acb32726b97d8b5dcee472f69bfdc25851036919,a68f1686fc39c069f8f362c495d266d4
183bb15fd2a5ae4c9650dd72acb32726b97d8b5dcee472f69bfdc25851036919,9cf67dfba086ccdd54c8629a1997ae9d
183bb15fd2a5ae4c9650dd72acb32726b97d8b5dcee472f69bfdc25851036919,ea2f5b879b7099a01c8c669748bb0d79
183bb15fd2a5ae4c9650dd72acb32726b97d8b5dcee472f69bfdc25851036919,80a58cba509f4dff0a23dd093f8a9588
183bb15fd2a5ae4c9650dd72acb32726b97d8b5dcee472f69bfdc25851036919,9c4bf71d214358f1129506e43216ac28
183bb15fd2a5ae4c9650dd72acb32726b97d8b5dcee472f69bfdc25851036919,9a7e35bb603f56d3f240750d4c6955e8
183bb15fd2a5ae4c9650dd72acb32726b97d8b5dcee472f69bfdc25851036919,c611d3515ff5b8f2488c22c31c74cc3e
183bb15fd2a5ae4c9650dd72acb32726b97d8b5dcee472f69bfdc25851036919,2020b628338bff07bf42b356ab3a542d
183bb15fd2a5ae4c9650dd72acb32726b97d8b5dcee472f69bfdc25851036919,201e19b904971426b83d1a9ce3f7ca0d
183bb15fd2a5ae4c9650dd72acb32726b97d8b5dcee472f69bfdc25851036919,80fcec4c1140672218ca55e80870b94c
183bb15fd2a5ae4c9650dd72acb32726b97d8b5dcee472f69bfdc25851036919,7b44ffa0fe117f205aa3d6f3f97adab6
183bb15fd2a5ae4c9650dd72acb32726b97d8b5dcee472f69bfdc25851036919,873c133df12a4287d84b8dd7b230056c
183bb15fd2a5ae4c9650dd72acb32726b97d8b5dcee472f69bfdc25851036919,1982a18d5efa3692975d5a1f474bbefc
183bb15fd2a5ae4c9650dd72acb32726b97d8b5dcee472f69bfdc25851036919,fc7711b5b0f7173b8dc19ffb61920fd1
183bb15fd2a5ae4c9650dd72acb32726b97d8b5dcee472f69bfdc25851036919,2b872b1334319362bac2889da2f179cf
183bb15fd2a5ae4c9650dd72acb32726b97d8b5dcee472f69bfdc25851036919,e7056104688cb6e658ed5b4e13d1e79d
183bb15fd2a5ae4c9650dd72acb32726b97d8b5dcee472f69bfdc25851036919,35720c1a3aa8c8f4d553eeb7f99fe906
183bb15fd2a5ae4c9650dd72acb32726b97d8b5dcee472f69bfdc25851036919,beeb225632fd513b2ccceafb588d9169
183bb15fd2a5ae4c9650dd72acb32726b97d8b5dcee472f69bfdc25851036919,99e422a52c5f35287fdc13c0239e1923
183bb15fd2a5ae4c9650dd72acb32726b97d8b5dcee472f69bfdc25851036919,dd8a06eae4060d492f7d08dc08f513f6
183bb15fd2a5ae4c9650dd72acb32726b97d8b5dcee472f69bfdc25851036919,f87ab689f4a7fce08786eda62568bc81
183bb15fd2a5ae4c9650dd72acb32726b97d8b5dcee472f69bfdc25851036919,5c1bbcba07a84357b5b0c764540d676b
183bb15fd2a5ae4c9650dd72acb32726b97d8b5dcee472f69bfdc25851036919,9a7ee3fa78d0bd6f35b7a0dfeb159f6b
183bb15fd2a5ae4c9650dd72acb32726b97d8b5dcee472f69bfdc25851036919,b303921eaca74fb26343f54d21b159bb
183bb15fd2a5ae4c9650dd72acb32726b97d8b5dcee472f69bfdc25851036919,fca0c954350d9efa195f397c906016d8
183bb15fd2a5ae4c9650dd72acb32726b97d8b5dcee472f69bfdc25851036919,ee49352f53dda592eb20b5bd63d5aaf7
183bb15fd2a5ae4c9650dd72acb32726b97d8b5dcee472f69bfdc25851036919,a8025063356eae303ae87551f779b883
183bb15fd2a5ae4c9650dd72acb32726b97d8b5dcee472f69bfdc25851036919,f6edcd3cecbbf3f00516f66c7c10564e
183bb15fd2a5ae4c9650dd72acb32726b97d8b5dcee472f69bfdc25851036919,449df0f22c89bbb2812675e4230d66b6
183bb15fd2a5ae4c9650dd72acb32726b97d8b5dcee472f69bfdc25851036919,67a8466d40a4d531d533162d70db23c2
183bb15fd2a5ae4c9650dd72acb32726b97d8b5dcee472f69bfdc25851036919,24304008258181e8d5d2663ed4fe7668
183bb15fd2a5ae4c9650dd72acb32726b97d8b5dcee472f69bfdc25851036919,398df73f640730fa8e7d516b059cfe0a
183bb15fd2a5ae4c9650dd72acb32726b97d8b5dcee472f69bfdc25851036919,f9b4d252944ecfdb398498ba06aa62f7
183bb15fd2a5ae4c9650dd72acb32726b97d8b5dcee472f69bfdc25851036919,c4515095d1cedd83ff0c56b53c59c650
183bb15fd2a5ae4c9650dd72acb32726b97d8b5dcee472f69bfdc25851036919,34e0fe9b5947a804e8f801a744cbb851
183bb15fd2a5ae4c9650dd72acb32726b97d8b5dcee472f69bfdc25851036919,d230a97d2b022e586bb87e82334fd93c
183bb15fd2a5ae4c9650dd72acb32726b97d8b5dcee472f69bfdc25851036919,621f65d5a5f004c3943d95d51d790ac3
183bb15fd2a5ae4c9650dd72acb32726b97d8b5dcee472f69bfdc25851036919,9cd50d0c3e3566b9f2ab4c574de89ca4
183bb15fd2a5ae4c9650dd72acb32726b97d8b5dcee472f69bfdc25851036919,7ef1b80238526dc2cae8880572caa4cc
183bb15fd2a5ae4c9650dd72acb32726b97d8b5dcee472f69bfdc25851036919,fccd2776e6aa86fc1192bfcdf7056c4c
183bb15fd2a5ae4c9650dd72acb32726b97d8b5dcee472f69bfdc25851036919,7038d61c4f818139a90e6fabd5dc8337
183bb15fd2a5ae4c9650dd72acb32726b97d8b5dcee472f69bfdc25851036919,8da7041e0de60cad60476db57d0eb6d9
183bb15fd2a5ae4c9650dd72acb32726b97d8b5dcee472f69bfdc25851036919,0b4b940dbb765ae5f51ea81b76286051
183bb15fd2a5ae4c9650dd72acb32726b97d8b5dcee472f69bfdc25851036919,812bda1637025caa7246c61a7457bc82
183bb15fd2a5ae4c9650dd72acb32726b97d8b5dcee472f69bfdc25851036919,f8dc9953567221604fa7d364c2ad58b8
6d03ba4f192e5a3e95cec371ff911dea4289bd51e5c4efcd0e6e01877df5f638,9c36a83b31f34085e2e5e7b07589b6af
6d03ba4f192e5a3e95cec371ff911dea4289bd51e5c4efcd0e6e01877df5f638,380bbaff8beefe336ed6dd35fce9b636
6d03ba4f192e5a3e95cec371ff911dea4289bd51e5c4efcd0e6e01877df5f638,cc6cd851d63459a296b26c48ea236110
6d03ba4f192e5a3e95cec371ff911dea4289bd51e5c4efcd0e6e01877df5f638,5b9823c9421792e82c0d1edb2d226ee8
6d03ba4f192e5a3e95cec371ff911dea4289bd51e5c4efcd0e6e01877df5f638,1a2a8ff7f6c076150b951d502f187e6f
6d03ba4f192e5a3e95cec371ff911dea4289bd51e5c4efcd0e6e01877df5f638,c083b1a630777323abc4fa2cc25586dc
6d03ba4f192e5a3e95cec371ff911dea4289bd51e5c4efcd0e6e01877df5f638,20be6eb62c3652abe56f0e425f696d6c
6d03ba4f192e5a3e95cec371ff911dea4289bd51e5c4efcd0e6e01877df5f638,502e81316fbeedef45aeb16b7f400582
6d03ba4f192e5a3e95cec371ff911dea4289bd51e5c4efcd0e6e01877df5f638,943bea91e7e3a3d29e6e3025d84b2aa5
6d03ba4f192e5a3e95cec371ff911dea4289bd51e5c4efcd0e6e01877df5f638,c08cbce6c7f3e5dcd8fc472143df01e4
6d03ba4f192e5a3e95cec371ff911dea4289bd51e5c4efcd0e6e01877df5f638,edf182d5aa5101b0f2514342dc0f0b18
6d03ba4f192e5a3e95cec371ff911dea4289bd51e5c4efcd0e6e01877df5f638,eeac1afd65ca6303114b1d6a7235d3c8
6d03ba4f192e5a3e95cec371ff911dea4289bd51e5c4efcd0e6e01877df5f638,b7303bc57cd0b09689e291992a1c3b57
6d03ba4f192e5a3e95cec371ff911dea4289bd51e5c4efcd0e6e01877df5f638,f03e089f3a388b78f6be807352322c9d
6d03ba4f192e5a3e95cec371ff911dea4289bd51e5c4efcd0e6e01877df5f638,86510dc84fc68c5799b4aaec58f3013a
6d03ba4f192e5a3e95cec371ff911dea4289bd51e5c4efcd0e6e01877df5f638,41b381429d3f37c1ffd64e45ec883a6e
6d03ba4f192e5a3e95cec371ff911dea4289bd51e5c4efcd0e6e01877df5f638,56c9c5831bcbf29494adf73588662a02
6d03ba4f192e5a3e95cec371ff911dea4289bd51e5c4efcd0e6e01877df5f638,51e0123f8a8fd0016a02803a0b1cd764
6d03ba4f192e5a3e95cec371ff911dea4289bd51e5c4efcd0e6e01877df5f638,76a5070ff715ac23b1b9b92c1788b510
6d03ba4f192e5a3e95cec371ff911dea4289bd51e5c4efcd0e6e01877df5f638,61e9eefea28fd3d33b3e3bfa63a58b8f
6d03ba4f192e5a3e95cec371ff911dea4289bd51e5c4efcd0e6e01877df5f638,c1a4a78b98f61966844b17cddb51dd71
6d03ba4f192e5a3e95cec371ff911dea4289bd51e5c4efcd0e6e01877df5f638,17a2ded7bf6081e10ee2ab36274d4611
6d03ba4f192e5a3e95cec371ff911dea4289bd51e5c4efcd0e6e01877df5f638,4a28d14a24b573d197227f558aa1b28f
6d03ba4f192e5a3e95cec371ff911dea4289bd51e5c4efcd0e6e01877df5f638,c4426f49de9ec2fffbda2f988494515a
87d44d491371af4a65dc0fc1fe2506d83b7774267853715c7554c0c57b084755,774552ec52de9b96721d51ceafbea325
87d44d491371af4a65dc0fc1fe2506d83b7774267853715c7554c0c57b084755,2586628a4310295e7e9d69cf39b02b49
87d44d491371af4a65dc0fc1fe2506d83b7774267853715c7554c0c57b084755,14db87551cc28a2195e232e4dc1fdfe8
87d44d491371af4a65dc0fc1fe2506d83b7774267853715c7554c0c57b084755,52b233139cdde044758a26f21b1456a9
87d44d491371af4a65dc0fc1fe2506d83b7774267853715c7554c0c57b084755,bb1c5021d2c553e94e6fb55eeb15fbe8
87d44d491371af4a65dc0fc1fe2506d83b7774267853715c7554c0c57b084755,094d0d84e9f7b0fb3a5bc1563d716472
87d44d491371af4a65dc0fc1fe2506d83b7774267853715c7554c0c57b084755,04e7f3964edcc6286e0993ea04cb2166
87d44d491371af4a65dc0fc1fe2506d83b7774267853715c7554c0c57b084755,6386d0630f0d5f0a93da36aa06e68ec1
87d44d491371af4a65dc0fc1fe2506d83b7774267853715c7554c0c57b084755,520d017ef191076f31e4bbe8801cf680
87d44d491371af4a65dc0fc1fe2506d83b7774267853715c7554c0c57b084755,1feb9f16343b3c1ca548acf5b92db61d
87d44d491371af4a65dc0fc1fe2506d83b7774267853715c7554c0c57b084755,5b9823c9421792e82c0d1edb2d226ee8
87d44d491371af4a65dc0fc1fe2506d83b7774267853715c7554c0c57b084755,07734697f8ed912d9cef4aafead4b1c4
87d44d491371af4a65dc0fc1fe2506d83b7774267853715c7554c0c57b084755,714717dcbdad0116d3740fed0897baf1
87d44d491371af4a65dc0fc1fe2506d83b7774267853715c7554c0c57b084755,134f197a9c6bf9617c97aa11f28c53cc
87d44d491371af4a65dc0fc1fe2506d83b7774267853715c7554c0c57b084755,7eb49839b968cf0591fe27fd00075018
87d44d491371af4a65dc0fc1fe2506d83b7774267853715c7554c0c57b084755,2bfff4518e476cb9f9717449239ae62c
87d44d491371af4a65dc0fc1fe2506d83b7774267853715c7554c0c57b084755,9d0939767ffa3539faba9968fa10083d
87d44d491371af4a65dc0fc1fe2506d83b7774267853715c7554c0c57b084755,4a52bb65d813feaba198097c4351a5a9
87d44d491371af4a65dc0fc1fe2506d83b7774267853715c7554c0c57b084755,e934ac2d556b9d8ce8ce80125e90ec9a
87d44d491371af4a65dc0fc1fe2506d83b7774267853715c7554c0c57b084755,941f945d908564a0cebb00b938d56a04
87d44d491371af4a65dc0fc1fe2506d83b7774267853715c7554c0c57b084755,f226d89216e116c32a289fb793b1007d
87d44d491371af4a65dc0fc1fe2506d83b7774267853715c7554c0c57b084755,c376eb167bb55136fbabc81e40c6a495
87d44d491371af4a65dc0fc1fe2506d83b7774267853715c7554c0c57b084755,fcaf32730a672eb6cf2fb429f9014826
87d44d491371af4a65dc0fc1fe2506d83b7774267853715c7554c0c57b084755,ae7e332d28c6781681738f5abbb25f96
87d44d491371af4a65dc0fc1fe2506d83b7774267853715c7554c0c57b084755,060c04e2b09e2d51e68cbbb360a69a3d
87d44d491371af4a65dc0fc1fe2506d83b7774267853715c7554c0c57b084755,774dca7bc01a2f89ae80dbb2dcba3b05
87d44d491371af4a65dc0fc1fe2506d83b7774267853715c7554c0c57b084755,cf51615b3d899e7b7254175db99ef127
87d44d491371af4a65dc0fc1fe2506d83b7774267853715c7554c0c57b084755,78faff6cafc4a0aaf0ae54f4451442f2
87d44d491371af4a65dc0fc1fe2506d83b7774267853715c7554c0c57b084755,0c6609b7bd6890969f114b2fe8e2b042
87d44d491371af4a65dc0fc1fe2506d83b7774267853715c7554c0c57b084755,6eb592ec950e874f04e3fb3c958008d0
87d44d491371af4a65dc0fc1fe2506d83b7774267853715c7554c0c57b084755,d5768046b1fd4edcd02c7681044f0206
87d44d491371af4a65dc0fc1fe2506d83b7774267853715c7554c0c57b084755,ded6498c74478ff0b3232fb7da34da53
87d44d491371af4a65dc0fc1fe2506d83b7774267853715c7554c0c57b084755,26178780e1322e8211d67197b4b0d306
87d44d491371af4a65dc0fc1fe2506d83b7774267853715c7554c0c57b084755,7d6d72b7f5df544396d196e653d851f4
87d44d491371af4a65dc0fc1fe2506d83b7774267853715c7554c0c57b084755,741fd10cf061281cd57604f692241e9d
87d44d491371af4a65dc0fc1fe2506d83b7774267853715c7554c0c57b084755,6a52570d4a46978783312e1fa2c60c6f
87d44d491371af4a65dc0fc1fe2506d83b7774267853715c7554c0c57b084755,fdee4eb81db14455c0987c03d19ed933
87d44d491371af4a65dc0fc1fe2506d83b7774267853715c7554c0c57b084755,195fef559e98622faa83145020c7e1c6
87d44d491371af4a65dc0fc1fe2506d83b7774267853715c7554c0c57b084755,bcdb05be1a8ecb1a325a05aa8efa794b
87d44d491371af4a65dc0fc1fe2506d83b7774267853715c7554c0c57b084755,0aa35f5eefb2ec6d6c183d8f1be1c38f
87d44d491371af4a65dc0fc1fe2506d83b7774267853715c7554c0c57b084755,9c3776734e83d1a484032c08b3e92ec7
87d44d491371af4a65dc0fc1fe2506d83b7774267853715c7554c0c57b084755,5cf705afed7168c833c353fa9a37b1dc
87d44d491371af4a65dc0fc1fe2506d83b7774267853715c7554c0c57b084755,c394197f6b190e1026d056cb847d7530
87d44d491371af4a65dc0fc1fe2506d83b7774267853715c7554c0c57b084755,5e7d8be1a7f1abd7f0b162317181150e
87d44d491371af4a65dc0fc1fe2506d83b7774267853715c7554c0c57b084755,bd03d19a80d225c8df8d729a3914e138
87d44d491371af4a65dc0fc1fe2506d83b7774267853715c7554c0c57b084755,5d2c8ff84b2927ddb92d2c15cab02325
87d44d491371af4a65dc0fc1fe2506d83b7774267853715c7554c0c57b084755,89e83ddcbceaed99d61abe1dff68ba31
87d44d491371af4a65dc0fc1fe2506d83b7774267853715c7554c0c57b084755,ef60ebf203914bdd5b024fa9be5c96ab
87d44d491371af4a65dc0fc1fe2506d83b7774267853715c7554c0c57b084755,f8428547551e2486ccc93d363b0b604f
87d44d491371af4a65dc0fc1fe2506d83b7774267853715c7554c0c57b084755,6be7991e904b92b0b91e81fbc044454c
6a70420df81cf6482be3ea4deba567b958b85ada422068ad81b3507d57644705,fc32c2990579bd71827c791be5f0da86
6a70420df81cf6482be3ea4deba567b958b85ada422068ad81b3507d57644705,597f3024cc433329390ed0bfa25d1444
6a70420df81cf6482be3ea4deba567b958b85ada422068ad81b3507d57644705,5d1f69d7a26c0c0d7022a4c68249f520
6a70420df81cf6482be3ea4deba567b958b85ada422068ad81b3507d57644705,ff6823f8840deca4ed0221ffdd653608
6a70420df81cf6482be3ea4deba567b958b85ada422068ad81b3507d57644705,30d78ab5c94f5a45445e8cfb63905dff
6a70420df81cf6482be3ea4deba567b958b85ada422068ad81b3507d57644705,1b24d0b7f892ee6d358740903baffb31
6a70420df81cf6482be3ea4deba567b958b85ada422068ad81b3507d57644705,1b24d0b7f892ee6d358740903baffb31
6a70420df81cf6482be3ea4deba567b958b85ada422068ad81b3507d57644705,ee570933ce2fc6a0dbdda7fa53d8ce04
6a70420df81cf6482be3ea4deba567b958b85ada422068ad81b3507d57644705,fb913885b7a00e8e73926c4631e6facf
6a70420df81cf6482be3ea4deba567b958b85ada422068ad81b3507d57644705,e96a7041fecb676f7e6109ad9956772c
6a70420df81cf6482be3ea4deba567b958b85ada422068ad81b3507d57644705,d9ebe586745a2cd2f0c73e7fe1d5b8d2
6a70420df81cf6482be3ea4deba567b958b85ada422068ad81b3507d57644705,20aab00d627b577cc59381752415ae4c
6a70420df81cf6482be3ea4deba567b958b85ada422068ad81b3507d57644705,cf4cecd45767a7869beb3623b145be6f
6a70420df81cf6482be3ea4deba567b958b85ada422068ad81b3507d57644705,1eec7185b81d9fe1a4e65dd2dd151820
6a70420df81cf6482be3ea4deba567b958b85ada422068ad81b3507d57644705,3734bea32d3ef283eb90ed7a91815461
6a70420df81cf6482be3ea4deba567b958b85ada422068ad81b3507d57644705,09799bcd906a245e990e932d6b4d128f
6a70420df81cf6482be3ea4deba567b958b85ada422068ad81b3507d57644705,7c7bb1c5fbad9cf155ee8ccdb528457b
6a70420df81cf6482be3ea4deba567b958b85ada422068ad81b3507d57644705,47404a72637fc1b75f3b21a660f545fb
6a70420df81cf6482be3ea4deba567b958b85ada422068ad81b3507d57644705,120afdd006d71599a46b428ad33ea96e
6a70420df81cf6482be3ea4deba567b958b85ada422068ad81b3507d57644705,baa9949245c6ee2195c7d833d6af011a
6a70420df81cf6482be3ea4deba567b958b85ada422068ad81b3507d57644705,52bc442e1006a173007ff64fd7c6074e
6a70420df81cf6482be3ea4deba567b958b85ada422068ad81b3507d57644705,fcc14a680743a5c3288120d80a8de611
6a70420df81cf6482be3ea4deba567b958b85ada422068ad81b3507d57644705,87c7f96e38b0d739f880e564090974c4
6a70420df81cf6482be3ea4deba567b958b85ada422068ad81b3507d57644705,ac2fc9f21770817d2204cb293b22c8b6
6a70420df81cf6482be3ea4deba567b958b85ada422068ad81b3507d57644705,15af1f5af9a0cd6257402f5100c46a89
6a70420df81cf6482be3ea4deba567b958b85ada422068ad81b3507d57644705,3842d519dc15ae5d71b34ba1ea3a54ac
6a70420df81cf6482be3ea4deba567b958b85ada422068ad81b3507d57644705,ab454dfdfd98b44306779b8d806b7a18
6a70420df81cf6482be3ea4deba567b958b85ada422068ad81b3507d57644705,d5839c1db01510f776340ac019d28ef9
6a70420df81cf6482be3ea4deba567b958b85ada422068ad81b3507d57644705,14b0e32b6d3f2a0c891c5eb89e681c2d
6a70420df81cf6482be3ea4deba567b958b85ada422068ad81b3507d57644705,e4c5aa02002e604007be11f9ab36c0a6
6a70420df81cf6482be3ea4deba567b958b85ada422068ad81b3507d57644705,61e9eefea28fd3d33b3e3bfa63a58b8f
6a70420df81cf6482be3ea4deba567b958b85ada422068ad81b3507d57644705,3f4811d747f930ba2d559fb0917110ce
6a70420df81cf6482be3ea4deba567b958b85ada422068ad81b3507d57644705,13bea8ddfc0e3bd6c30b0c5d5ff339d7
6a6ca91195195da22fd5dc3437fc9d9907f950648496adacf339141c873f4b79,bece60cbd52aed73f2c633a6a1dcce7f
6a6ca91195195da22fd5dc3437fc9d9907f950648496adacf339141c873f4b79,0cfa8c0d7df4793fc481e223ade26d4a
6a6ca91195195da22fd5dc3437fc9d9907f950648496adacf339141c873f4b79,e4feb2423e16e6d6bb59df5fac04c0cc
6a6ca91195195da22fd5dc3437fc9d9907f950648496adacf339141c873f4b79,ae30d9d577c4e94c4eac524f11dd5d7b
6a6ca91195195da22fd5dc3437fc9d9907f950648496adacf339141c873f4b79,5ef736c8092afa6ef11a97776361bcd5
6a6ca91195195da22fd5dc3437fc9d9907f950648496adacf339141c873f4b79,e5e330f53d42cae253fe0bdba5378bcf
6a6ca91195195da22fd5dc3437fc9d9907f950648496adacf339141c873f4b79,e8b97836a3bd835b30c274824cef750f
6a6ca91195195da22fd5dc3437fc9d9907f950648496adacf339141c873f4b79,6d638ff6f4a9992f748626fde0a686c4
6a6ca91195195da22fd5dc3437fc9d9907f950648496adacf339141c873f4b79,2cf0ec4e24d000a0cf97c094be14adbd
6a6ca91195195da22fd5dc3437fc9d9907f950648496adacf339141c873f4b79,03710bcb51748b9ccc0381888e0dd154
6a6ca91195195da22fd5dc3437fc9d9907f950648496adacf339141c873f4b79,0a82f881ce2b1204b723fc355b6a2d68
6a6ca91195195da22fd5dc3437fc9d9907f950648496adacf339141c873f4b79,7eaa8e03f19a6ee217529eccbd3cbbad
6a6ca91195195da22fd5dc3437fc9d9907f950648496adacf339141c873f4b79,f5786b446b8c8f468ac4ac6bda5d211f
6a6ca91195195da22fd5dc3437fc9d9907f950648496adacf339141c873f4b79,ac2fc9f21770817d2204cb293b22c8b6
6a6ca91195195da22fd5dc3437fc9d9907f950648496adacf339141c873f4b79,897109e04b33a8657b0f1a40da568e92
6a6ca91195195da22fd5dc3437fc9d9907f950648496adacf339141c873f4b79,49aad30c39543d4b30c72bf67952e67e
6a6ca91195195da22fd5dc3437fc9d9907f950648496adacf339141c873f4b79,4abe00f5e7e0521e3f66f812bb24028f
6a6ca91195195da22fd5dc3437fc9d9907f950648496adacf339141c873f4b79,6ca1c3a4dd0ab949cdb879de3a75ed98
6a6ca91195195da22fd5dc3437fc9d9907f950648496adacf339141c873f4b79,247245e3fe61644fd1802e7b8cc03770
6a6ca91195195da22fd5dc3437fc9d9907f950648496adacf339141c873f4b79,d569e39facabbc21da304080ec478fbc
98b00317a8bf3bd4c11d5263bbb5dd031af4c947c4c7f0dfc2d5cf770cefa4da,655cfcb1dd6f6caaeda1dcd41b2f05a9
98b00317a8bf3bd4c11d5263bbb5dd031af4c947c4c7f0dfc2d5cf770cefa4da,7e87e84dbef4c494071b9da2b90baa10
98b00317a8bf3bd4c11d5263bbb5dd031af4c947c4c7f0dfc2d5cf770cefa4da,9c39fa7b2c9e50747fd3c4a5092ef05c
98b00317a8bf3bd4c11d5263bbb5dd031af4c947c4c7f0dfc2d5cf770cefa4da,36a8bba2476b6004316c2e0b715ab710
98b00317a8bf3bd4c11d5263bbb5dd031af4c947c4c7f0dfc2d5cf770cefa4da,10c631b7b10e13b6e893f10261e0e6f0
98b00317a8bf3bd4c11d5263bbb5dd031af4c947c4c7f0dfc2d5cf770cefa4da,10c631b7b10e13b6e893f10261e0e6f0
98b00317a8bf3bd4c11d5263bbb5dd031af4c947c4c7f0dfc2d5cf770cefa4da,fb35b6924cb1da6d5a34cd799264219d
98b00317a8bf3bd4c11d5263bbb5dd031af4c947c4c7f0dfc2d5cf770cefa4da,bc65995e0f56eac68ba9bc5b55e1e257
98b00317a8bf3bd4c11d5263bbb5dd031af4c947c4c7f0dfc2d5cf770cefa4da,39a030f3a051d973f71b059ad867ac7f
98b00317a8bf3bd4c11d5263bbb5dd031af4c947c4c7f0dfc2d5cf770cefa4da,7dd548dc5c1d3fdae73ff68797671163
98b00317a8bf3bd4c11d5263bbb5dd031af4c947c4c7f0dfc2d5cf770cefa4da,87312023a890b20db4cd6321b9dce73c
98b00317a8bf3bd4c11d5263bbb5dd031af4c947c4c7f0dfc2d5cf770cefa4da,1f0a7b9d466e00f3ee8f9d8d7e66fd8c
98b00317a8bf3bd4c11d5263bbb5dd031af4c947c4c7f0dfc2d5cf770cefa4da,5f5e1862d75ad0d6d66eeb006837eca1
98b00317a8bf3bd4c11d5263bbb5dd031af4c947c4c7f0dfc2d5cf770cefa4da,ef136364da435bf3c133760e9337654b
98b00317a8bf3bd4c11d5263bbb5dd031af4c947c4c7f0dfc2d5cf770cefa4da,6d63b3a39c144acd672bbbd67fabe1d7
98b00317a8bf3bd4c11d5263bbb5dd031af4c947c4c7f0dfc2d5cf770cefa4da,c84088c8d3538cc3f6a6ba9da7808d21
98b00317a8bf3bd4c11d5263bbb5dd031af4c947c4c7f0dfc2d5cf770cefa4da,01d76c32665d153e278502dc03334f0b
98b00317a8bf3bd4c11d5263bbb5dd031af4c947c4c7f0dfc2d5cf770cefa4da,93feca7fe134c9e69918584a65137e80
98b00317a8bf3bd4c11d5263bbb5dd031af4c947c4c7f0dfc2d5cf770cefa4da,45fb35d65ed3c1094dc6188b6f6e1aa0
98b00317a8bf3bd4c11d5263bbb5dd031af4c947c4c7f0dfc2d5cf770cefa4da,04a2848ba737005315ca06f712327280
98b00317a8bf3bd4c11d5263bbb5dd031af4c947c4c7f0dfc2d5cf770cefa4da,886d0621acd2a9de778c1646df5bbb73
98b00317a8bf3bd4c11d5263bbb5dd031af4c947c4c7f0dfc2d5cf770cefa4da,04b8de6062933ca6166da9759287f141
98b00317a8bf3bd4c11d5263bbb5dd031af4c947c4c7f0dfc2d5cf770cefa4da,a9bf9e647405dd51aa5adb5941c3f7e5
98b00317a8bf3bd4c11d5263bbb5dd031af4c947c4c7f0dfc2d5cf770cefa4da,a1ee35b38b832ab2961843e9e5e053f1
98b00317a8bf3bd4c11d5263bbb5dd031af4c947c4c7f0dfc2d5cf770cefa4da,3b6a2340e0a50053613b6949d865d8f0
98b00317a8bf3bd4c11d5263bbb5dd031af4c947c4c7f0dfc2d5cf770cefa4da,f9dda92b791cb31134a689292c56a6c8
98b00317a8bf3bd4c11d5263bbb5dd031af4c947c4c7f0dfc2d5cf770cefa4da,1f7d44c9d0f05b39aba686cee0aa6cbe
98b00317a8bf3bd4c11d5263bbb5dd031af4c947c4c7f0dfc2d5cf770cefa4da,aa2b127a4a91b8f672ecd1691879c094
98b00317a8bf3bd4c11d5263bbb5dd031af4c947c4c7f0dfc2d5cf770cefa4da,ee1f4a67b10be00d7353066160eeca56
98b00317a8bf3bd4c11d5263bbb5dd031af4c947c4c7f0dfc2d5cf770cefa4da,e827339512901fe8a5510f6c2ab26bed
98b00317a8bf3bd4c11d5263bbb5dd031af4c947c4c7f0dfc2d5cf770cefa4da,66f91847423275fdaefc9e536588611e
98b00317a8bf3bd4c11d5263bbb5dd031af4c947c4c7f0dfc2d5cf770cefa4da,dca5f2a6b0c914d0d8f109d84901efc3
98b00317a8bf3bd4c11d5263bbb5dd031af4c947c4c7f0dfc2d5cf770cefa4da,925f3edfe7daed25d37df0f05f8f54c9
98b00317a8bf3bd4c11d5263bbb5dd031af4c947c4c7f0dfc2d5cf770cefa4da,9375d2fa7a953f1f40e9f279cdc7e1c5
98b00317a8bf3bd4c11d5263bbb5dd031af4c947c4c7f0dfc2d5cf770cefa4da,a8025063356eae303ae87551f779b883
98b00317a8bf3bd4c11d5263bbb5dd031af4c947c4c7f0dfc2d5cf770cefa4da,81da5f005fc2704e759298fdf0742623
98b00317a8bf3bd4c11d5263bbb5dd031af4c947c4c7f0dfc2d5cf770cefa4da,9a501d3ed0402aec934bed7b955f42a6
98b00317a8bf3bd4c11d5263bbb5dd031af4c947c4c7f0dfc2d5cf770cefa4da,42626f2109993178411e3d82bae7f497
98b00317a8bf3bd4c11d5263bbb5dd031af4c947c4c7f0dfc2d5cf770cefa4da,0212d52b7b3af9285a788ba3396cba68
98b00317a8bf3bd4c11d5263bbb5dd031af4c947c4c7f0dfc2d5cf770cefa4da,3973ace035b1f382fdbe75abce524a7e
98b00317a8bf3bd4c11d5263bbb5dd031af4c947c4c7f0dfc2d5cf770cefa4da,53adf1327b15c4a2fc3e4c19dbbd6241
98b00317a8bf3bd4c11d5263bbb5dd031af4c947c4c7f0dfc2d5cf770cefa4da,c6032d8c8880df6d991b82f8154916ad
98b00317a8bf3bd4c11d5263bbb5dd031af4c947c4c7f0dfc2d5cf770cefa4da,006e0b2c83a39d9f5df1797a57354dce
98b00317a8bf3bd4c11d5263bbb5dd031af4c947c4c7f0dfc2d5cf770cefa4da,0335da2ddbb957441a08f673a370657f
98b00317a8bf3bd4c11d5263bbb5dd031af4c947c4c7f0dfc2d5cf770cefa4da,c427d7611343e8dbae9d0da8dff5242c
98b00317a8bf3bd4c11d5263bbb5dd031af4c947c4c7f0dfc2d5cf770cefa4da,1566e096585df4562d8347efe96ed05e
98b00317a8bf3bd4c11d5263bbb5dd031af4c947c4c7f0dfc2d5cf770cefa4da,c907b246d41089f1e562157b7664edb8
98b00317a8bf3bd4c11d5263bbb5dd031af4c947c4c7f0dfc2d5cf770cefa4da,a831dc0e66cdfe570b23031071c452a9
98b00317a8bf3bd4c11d5263bbb5dd031af4c947c4c7f0dfc2d5cf770cefa4da,6c60a3a5d29d0c46426cd548b6fe3c70
98b00317a8bf3bd4c11d5263bbb5dd031af4c947c4c7f0dfc2d5cf770cefa4da,05a5982614afc3bf0eec8ad0af5c297b
d9c8499c361c07c42fd45d8d425f000a3bda260155146e482a8e1d175a9ab9d8,e492c5caca0e4671412d016811a117f0
d9c8499c361c07c42fd45d8d425f000a3bda260155146e482a8e1d175a9ab9d8,2771dcc39853def7aab71bee6e28521f
d9c8499c361c07c42fd45d8d425f000a3bda260155146e482a8e1d175a9ab9d8,fa5a906b432258d3a908f4d0e70117f3
d9c8499c361c07c42fd45d8d425f000a3bda260155146e482a8e1d175a9ab9d8,99fee182b313e5310a5bfaa5eb11e11f
d9c8499c361c07c42fd45d8d425f000a3bda260155146e482a8e1d175a9ab9d8,90fba1d3293e0075b474750bea25bf0d
d9c8499c361c07c42fd45d8d425f000a3bda260155146e482a8e1d175a9ab9d8,db8a661b1276969bb5bfb5f3ecbed111
d9c8499c361c07c42fd45d8d425f000a3bda260155146e482a8e1d175a9ab9d8,62a4c1babd758bf44f81eaf77357e103
d9c8499c361c07c42fd45d8d425f000a3bda260155146e482a8e1d175a9ab9d8,8a59c138be9e1204b023a9b605e3bcb1
d9c8499c361c07c42fd45d8d425f000a3bda260155146e482a8e1d175a9ab9d8,af4025ca9b04b057d9536f12196a4368
d9c8499c361c07c42fd45d8d425f000a3bda260155146e482a8e1d175a9ab9d8,9cdd9ce2d01ea9bdda4bc4ff4d840588
d9c8499c361c07c42fd45d8d425f000a3bda260155146e482a8e1d175a9ab9d8,aabe0b23d3e7fd664d9ed9279e7a89b3
d9c8499c361c07c42fd45d8d425f000a3bda260155146e482a8e1d175a9ab9d8,2dc46e83a7bf7e01ba55257efb0d1bfc
d9c8499c361c07c42fd45d8d425f000a3bda260155146e482a8e1d175a9ab9d8,ba7d0b444efedd0db1031841b5e108d0
d9c8499c361c07c42fd45d8d425f000a3bda260155146e482a8e1d175a9ab9d8,6b2d871aa9ea1afe86c3a149338b43cd
d9c8499c361c07c42fd45d8d425f000a3bda260155146e482a8e1d175a9ab9d8,f59433ecb97caa67ffabda23538eec37
d9c8499c361c07c42fd45d8d425f000a3bda260155146e482a8e1d175a9ab9d8,0cab4bea76e7caa14722daa001420492
d9c8499c361c07c42fd45d8d425f000a3bda260155146e482a8e1d175a9ab9d8,1a6ff23f01d9bacde69c872b8137f5bf
d9c8499c361c07c42fd45d8d425f000a3bda260155146e482a8e1d175a9ab9d8,747a2cbd036d1613d16e441f37d443b4
d9c8499c361c07c42fd45d8d425f000a3bda260155146e482a8e1d175a9ab9d8,e7056104688cb6e658ed5b4e13d1e79d
d9c8499c361c07c42fd45d8d425f000a3bda260155146e482a8e1d175a9ab9d8,5966be3d323a8df84cc315616d13c99b
d9c8499c361c07c42fd45d8d425f000a3bda260155146e482a8e1d175a9ab9d8,af7717900af01391207b837e5cfaa6a9
d9c8499c361c07c42fd45d8d425f000a3bda260155146e482a8e1d175a9ab9d8,61c047ab865b8c3767e56019fbba989d
d9c8499c361c07c42fd45d8d425f000a3bda260155146e482a8e1d175a9ab9d8,32824aa00095452f3ce280b1084d93ca
d9c8499c361c07c42fd45d8d425f000a3bda260155146e482a8e1d175a9ab9d8,bcdcff0eccd03267464805623a23be75
d9c8499c361c07c42fd45d8d425f000a3bda260155146e482a8e1d175a9ab9d8,8e0657464ad7fe88d980b1d6c3811262
d9c8499c361c07c42fd45d8d425f000a3bda260155146e482a8e1d175a9ab9d8,f3c69d8a4e1b15459cc3e566d5a15161
d9c8499c361c07c42fd45d8d425f000a3bda260155146e482a8e1d175a9ab9d8,175f4138ca6b8164fac3248efaabdb7c
d9c8499c361c07c42fd45d8d425f000a3bda260155146e482a8e1d175a9ab9d8,18a5647f069c8a3cb2381784754ab29b
d9c8499c361c07c42fd45d8d425f000a3bda260155146e482a8e1d175a9ab9d8,a5c5a6fb126c0b7662ee07837ab52420
d9c8499c361c07c42fd45d8d425f000a3bda260155146e482a8e1d175a9ab9d8,ef912508ca41d3c516433207e52233bd
d9c8499c361c07c42fd45d8d425f000a3bda260155146e482a8e1d175a9ab9d8,69e4359cbfd72d5680f44e4b2157e54f
d9c8499c361c07c42fd45d8d425f000a3bda260155146e482a8e1d175a9ab9d8,da2303c19490e80a352cda4cf2ecae8f
d9c8499c361c07c42fd45d8d425f000a3bda260155146e482a8e1d175a9ab9d8,069c5749e056387356705ca4660fe4a5
d9c8499c361c07c42fd45d8d425f000a3bda260155146e482a8e1d175a9ab9d8,854f39abaeb35f97dc78758791454b3d
d9c8499c361c07c42fd45d8d425f000a3bda260155146e482a8e1d175a9ab9d8,340e564b82c5ee3e00e19ef5063f1975
d9c8499c361c07c42fd45d8d425f000a3bda260155146e482a8e1d175a9ab9d8,6d491074e6c0b64ae7224483c2997303
d9c8499c361c07c42fd45d8d425f000a3bda260155146e482a8e1d175a9ab9d8,06c5d8547bb2ecc88bd491b56f09deb5
d9c8499c361c07c42fd45d8d425f000a3bda260155146e482a8e1d175a9ab9d8,9a51b8784208e2be5629dbed76b32b6c
d9c8499c361c07c42fd45d8d425f000a3bda260155146e482a8e1d175a9ab9d8,a265ec2167752c41c47de8bde47c4954
d9c8499c361c07c42fd45d8d425f000a3bda260155146e482a8e1d175a9ab9d8,f580593fbd4468425363ff5c4b7e16a0
d9c8499c361c07c42fd45d8d425f000a3bda260155146e482a8e1d175a9ab9d8,ebe100f64fb9560c1e505e15960e9e89
d9c8499c361c07c42fd45d8d425f000a3bda260155146e482a8e1d175a9ab9d8,967a4f688ffa9a37710212adade79b4f
d9c8499c361c07c42fd45d8d425f000a3bda260155146e482a8e1d175a9ab9d8,ef60ebf203914bdd5b024fa9be5c96ab
9bb09625661645808d5030f451e473d33f1bd6b6c06556738b940e37edcda756,d3191b8ef5754bc9f4f44f3c83d30d9b
9bb09625661645808d5030f451e473d33f1bd6b6c06556738b940e37edcda756,e485a59c84165ef4badadf53adaa2ed4
9bb09625661645808d5030f451e473d33f1bd6b6c06556738b940e37edcda756,2719ad55b5962e9b2d1c4591bf3c3d9c
9bb09625661645808d5030f451e473d33f1bd6b6c06556738b940e37edcda756,f7300385cd19a95945717d0043379d91
9bb09625661645808d5030f451e473d33f1bd6b6c06556738b940e37edcda756,5ff8e4641bdb24197ba20579a5065aff
9bb09625661645808d5030f451e473d33f1bd6b6c06556738b940e37edcda756,44db9fda67c585362ab35e6ad532aa70
9bb09625661645808d5030f451e473d33f1bd6b6c06556738b940e37edcda756,3216601345cde953cd60c435bb7e6bb0
9bb09625661645808d5030f451e473d33f1bd6b6c06556738b940e37edcda756,e07914df434c757646d1e616d0ab9bc0
9bb09625661645808d5030f451e473d33f1bd6b6c06556738b940e37edcda756,1a6ff23f01d9bacde69c872b8137f5bf
9bb09625661645808d5030f451e473d33f1bd6b6c06556738b940e37edcda756,2246a168771cd4868034a91ebfaf5f20
9bb09625661645808d5030f451e473d33f1bd6b6c06556738b940e37edcda756,4e6d76e3ecd583b9398b2560269e30c7
9bb09625661645808d5030f451e473d33f1bd6b6c06556738b940e37edcda756,3f0c9fbb26e55798555648fe42f2bee8
9bb09625661645808d5030f451e473d33f1bd6b6c06556738b940e37edcda756,a2262f2b3d5c6c0e1c4a4813f266b2c4
9bb09625661645808d5030f451e473d33f1bd6b6c06556738b940e37edcda756,555b04e4c8f09c17807834d7f9002ac2
9bb09625661645808d5030f451e473d33f1bd6b6c06556738b940e37edcda756,8eefb1179090f412038280112d2827c2
9bb09625661645808d5030f451e473d33f1bd6b6c06556738b940e37edcda756,692ec95eae1b0f2bd46a92ab2b014558
9bb09625661645808d5030f451e473d33f1bd6b6c06556738b940e37edcda756,58433f92869bf168ccea029156bb8d52
9bb09625661645808d5030f451e473d33f1bd6b6c06556738b940e37edcda756,53f386169183d5f2ef2f3e79703fbc95
9bb09625661645808d5030f451e473d33f1bd6b6c06556738b940e37edcda756,fc47a29eca5719c89cbb7b44f080bbc3
9bb09625661645808d5030f451e473d33f1bd6b6c06556738b940e37edcda756,986dde995932fe52666d627e258dbd77
f97bdc5fc16f1f944b4bcf2846490ddcb862a5303bcac9e7579244e5331e8783,fa5a906b432258d3a908f4d0e70117f3
f97bdc5fc16f1f944b4bcf2846490ddcb862a5303bcac9e7579244e5331e8783,1a1c4580caeb6d417f7a260d31c1a955
f97bdc5fc16f1f944b4bcf2846490ddcb862a5303bcac9e7579244e5331e8783,633f184025b9e5586135e33c0a8867f0
f97bdc5fc16f1f944b4bcf2846490ddcb862a5303bcac9e7579244e5331e8783,094d0d84e9f7b0fb3a5bc1563d716472
f97bdc5fc16f1f944b4bcf2846490ddcb862a5303bcac9e7579244e5331e8783,5faee850d3c126ca73aa707d2dec4b00
f97bdc5fc16f1f944b4bcf2846490ddcb862a5303bcac9e7579244e5331e8783,0af4c040360d13c6f0f201db6f69663e
f97bdc5fc16f1f944b4bcf2846490ddcb862a5303bcac9e7579244e5331e8783,fd070390f45ff2c0d63e538690e3e71a
f97bdc5fc16f1f944b4bcf2846490ddcb862a5303bcac9e7579244e5331e8783,f7300385cd19a95945717d0043379d91
f97bdc5fc16f1f944b4bcf2846490ddcb862a5303bcac9e7579244e5331e8783,e3fa33a080ecba7ff037cbd146078f11
f97bdc5fc16f1f944b4bcf2846490ddcb862a5303bcac9e7579244e5331e8783,a41b9ae95f63754f7b348458e6413ab5
f97bdc5fc16f1f944b4bcf2846490ddcb862a5303bcac9e7579244e5331e8783,e9fcabe6734f3e21b771137836eeeae4
f97bdc5fc16f1f944b4bcf2846490ddcb862a5303bcac9e7579244e5331e8783,3216601345cde953cd60c435bb7e6bb0
f97bdc5fc16f1f944b4bcf2846490ddcb862a5303bcac9e7579244e5331e8783,561b4aebe026836549f3047ae82a9e8b
f97bdc5fc16f1f944b4bcf2846490ddcb862a5303bcac9e7579244e5331e8783,a76872dc14e83ed9ce7988d61af3577d
f97bdc5fc16f1f944b4bcf2846490ddcb862a5303bcac9e7579244e5331e8783,4e0fef9669dd227d6cac26a93d8d3660
f97bdc5fc16f1f944b4bcf2846490ddcb862a5303bcac9e7579244e5331e8783,ddcbd867db457d3fe2026bf88e2c9918
f97bdc5fc16f1f944b4bcf2846490ddcb862a5303bcac9e7579244e5331e8783,3dee48f0d8201040d180e971a6de8670
f97bdc5fc16f1f944b4bcf2846490ddcb862a5303bcac9e7579244e5331e8783,2b872b1334319362bac2889da2f179cf
f97bdc5fc16f1f944b4bcf2846490ddcb862a5303bcac9e7579244e5331e8783,4f585dc5a80171e6349568571057931a
f97bdc5fc16f1f944b4bcf2846490ddcb862a5303bcac9e7579244e5331e8783,6421ad113c85b95bbf54e67afdb86fb6
f97bdc5fc16f1f944b4bcf2846490ddcb862a5303bcac9e7579244e5331e8783,a4f754fb92b5993ae86b9107c70fa2ba
f97bdc5fc16f1f944b4bcf2846490ddcb862a5303bcac9e7579244e5331e8783,b2f5f87f86158cd281229ac2c40b9814
f97bdc5fc16f1f944b4bcf2846490ddcb862a5303bcac9e7579244e5331e8783,ca60782981e06bd9088ff648f2529bc0
f97bdc5fc16f1f944b4bcf2846490ddcb862a5303bcac9e7579244e5331e8783,f264687210de91ae073a626db14adc1a
f97bdc5fc16f1f944b4bcf2846490ddcb862a5303bcac9e7579244e5331e8783,5909c7972a7cda579c95f7a29d48027a
f97bdc5fc16f1f944b4bcf2846490ddcb862a5303bcac9e7579244e5331e8783,6bcf49ad9ac955d336bcd1e810a0256a
f97bdc5fc16f1f944b4bcf2846490ddcb862a5303bcac9e7579244e5331e8783,e614c32f7f01ea455018220adbba96e9
f97bdc5fc16f1f944b4bcf2846490ddcb862a5303bcac9e7579244e5331e8783,4ccfc9c92683d5c9a6c2be64ab1c9b63
f97bdc5fc16f1f944b4bcf2846490ddcb862a5303bcac9e7579244e5331e8783,7083dc1d6f35a554827abb6650ae415f
f97bdc5fc16f1f944b4bcf2846490ddcb862a5303bcac9e7579244e5331e8783,24997952c9fa4929a0f45f0397e85fa9
f97bdc5fc16f1f944b4bcf2846490ddcb862a5303bcac9e7579244e5331e8783,4b4dadfddfffdffc7a05f1b409f07d22
f97bdc5fc16f1f944b4bcf2846490ddcb862a5303bcac9e7579244e5331e8783,67dcf2bed2705c65159103b7d6c093fd
f97bdc5fc16f1f944b4bcf2846490ddcb862a5303bcac9e7579244e5331e8783,70ee6854334fdaf3ffb80debf631ea43
f97bdc5fc16f1f944b4bcf2846490ddcb862a5303bcac9e7579244e5331e8783,7423c112ee99a85993faa6fdccfe5cb3
f97bdc5fc16f1f944b4bcf2846490ddcb862a5303bcac9e7579244e5331e8783,9b84b52b8f1cfda9a3691817416c2e21
f97bdc5fc16f1f944b4bcf2846490ddcb862a5303bcac9e7579244e5331e8783,8b3018b75726a51055f8251f165d80dd
f97bdc5fc16f1f944b4bcf2846490ddcb862a5303bcac9e7579244e5331e8783,d859c16f443209f75dbabeb90ef9fecd
f97bdc5fc16f1f944b4bcf2846490ddcb862a5303bcac9e7579244e5331e8783,1962e30c80142663f450ffe787104164
f97bdc5fc16f1f944b4bcf2846490ddcb862a5303bcac9e7579244e5331e8783,1f5da029236ecf24442170180eb83ccb
f97bdc5fc16f1f944b4bcf2846490ddcb862a5303bcac9e7579244e5331e8783,13e79f86ee1baa92cb1d5e7928ca6ae9
f97bdc5fc16f1f944b4bcf2846490ddcb862a5303bcac9e7579244e5331e8783,f1f99d5ef4f3018625cfc18c1c1e5a72
f97bdc5fc16f1f944b4bcf2846490ddcb862a5303bcac9e7579244e5331e8783,dd997f79b91786ba58afa7dabafbb73c
f97bdc5fc16f1f944b4bcf2846490ddcb862a5303bcac9e7579244e5331e8783,224a984e217313ef4621ad4e280077cf
f97bdc5fc16f1f944b4bcf2846490ddcb862a5303bcac9e7579244e5331e8783,54828d69e4cc02a8dee7f5f2eb00a313
f97bdc5fc16f1f944b4bcf2846490ddcb862a5303bcac9e7579244e5331e8783,0157d23dd65b7a7a77302c45fb9a9832
f97bdc5fc16f1f944b4bcf2846490ddcb862a5303bcac9e7579244e5331e8783,9630a1df96848966d504e1dbf7e0f80a
f97bdc5fc16f1f944b4bcf2846490ddcb862a5303bcac9e7579244e5331e8783,2c0bd7ed2678d86e391f58ba5431bc77
f97bdc5fc16f1f944b4bcf2846490ddcb862a5303bcac9e7579244e5331e8783,e0b721cc178f855f3874f642f2261911
f97bdc5fc16f1f944b4bcf2846490ddcb862a5303bcac9e7579244e5331e8783,3d49da01650e7c5729df5f9bb927830a
f97bdc5fc16f1f944b4bcf2846490ddcb862a5303bcac9e7579244e5331e8783,02b539a700652b6f7b114a470f8d9521
a430efc06543284e1bf3c623c6d6741e57cb8ecd3a0a2ee1abf86c392e8d3046,7e87e84dbef4c494071b9da2b90baa10
a430efc06543284e1bf3c623c6d6741e57cb8ecd3a0a2ee1abf86c392e8d3046,598be5ec25010fb815f5398abe384fd4
a430efc06543284e1bf3c623c6d6741e57cb8ecd3a0a2ee1abf86c392e8d3046,18279a37b17ca26deba6dae0a4405ceb
a430efc06543284e1bf3c623c6d6741e57cb8ecd3a0a2ee1abf86c392e8d3046,6508eefc7939dafcb5b06708a219631b
a430efc06543284e1bf3c623c6d6741e57cb8ecd3a0a2ee1abf86c392e8d3046,1b9e35be888d16bbba7e5e583f2c24d9
a430efc06543284e1bf3c623c6d6741e57cb8ecd3a0a2ee1abf86c392e8d3046,9417dc5ed0849ed1901db26a5dd3c755
a430efc06543284e1bf3c623c6d6741e57cb8ecd3a0a2ee1abf86c392e8d3046,895c6e3439db0204ed7d59042f99cb2e
a430efc06543284e1bf3c623c6d6741e57cb8ecd3a0a2ee1abf86c392e8d3046,4b6f2460c99675d5eef3bd1377dbe6ce
a430efc06543284e1bf3c623c6d6741e57cb8ecd3a0a2ee1abf86c392e8d3046,950e35ebaca3f13d4ed3ea80fb3be415
a430efc06543284e1bf3c623c6d6741e57cb8ecd3a0a2ee1abf86c392e8d3046,04b8de6062933ca6166da9759287f141
a430efc06543284e1bf3c623c6d6741e57cb8ecd3a0a2ee1abf86c392e8d3046,a8622bf0f73298cf3243f361351ed270
a430efc06543284e1bf3c623c6d6741e57cb8ecd3a0a2ee1abf86c392e8d3046,021076c58859fc8e2a4c67648086051a
a430efc06543284e1bf3c623c6d6741e57cb8ecd3a0a2ee1abf86c392e8d3046,003c57b82b9e8c047d8e6ee554cea9c3
a430efc06543284e1bf3c623c6d6741e57cb8ecd3a0a2ee1abf86c392e8d3046,a391d8b898858b000b7dceef9b1442f8
a430efc06543284e1bf3c623c6d6741e57cb8ecd3a0a2ee1abf86c392e8d3046,7c28a0e413ea42b98f5a61d3062ccec9
a430efc06543284e1bf3c623c6d6741e57cb8ecd3a0a2ee1abf86c392e8d3046,3550ebbbaa50302517e8282053a5afdb
a430efc06543284e1bf3c623c6d6741e57cb8ecd3a0a2ee1abf86c392e8d3046,86fdd31979a8734f5f0a920e3f52dbba
a430efc06543284e1bf3c623c6d6741e57cb8ecd3a0a2ee1abf86c392e8d3046,4523c43cf277d5bcc693fc645b961fc7
a430efc06543284e1bf3c623c6d6741e57cb8ecd3a0a2ee1abf86c392e8d3046,9999e9af09e922771347ec486bf5f067
a430efc06543284e1bf3c623c6d6741e57cb8ecd3a0a2ee1abf86c392e8d3046,79cd62679f3c9100e4c99a3465484717
0687f22a03bb6905dd97cc577aaac14168cd82e7e1830078a1eb2985f60cbf83,4d4d904be6fc672e3d8155c9d2da0c7e
0687f22a03bb6905dd97cc577aaac14168cd82e7e1830078a1eb2985f60cbf83,dda000afd9fbc7db10cf1624416ea0ee
0687f22a03bb6905dd97cc577aaac14168cd82e7e1830078a1eb2985f60cbf83,dda000afd9fbc7db10cf1624416ea0ee
0687f22a03bb6905dd97cc577aaac14168cd82e7e1830078a1eb2985f60cbf83,3d5443ca3b82112027f5539007caf5c5
0687f22a03bb6905dd97cc577aaac14168cd82e7e1830078a1eb2985f60cbf83,d14ded2d5d81c874b840313ebbcf8856
0687f22a03bb6905dd97cc577aaac14168cd82e7e1830078a1eb2985f60cbf83,2cfa4dc59d57a688690bdb8abf6bd469
0687f22a03bb6905dd97cc577aaac14168cd82e7e1830078a1eb2985f60cbf83,5ff8e4641bdb24197ba20579a5065aff
0687f22a03bb6905dd97cc577aaac14168cd82e7e1830078a1eb2985f60cbf83,839f62284600ef35eb0bacdf6eff5162
0687f22a03bb6905dd97cc577aaac14168cd82e7e1830078a1eb2985f60cbf83,b2778058b60d75e31344b252cd67b089
0687f22a03bb6905dd97cc577aaac14168cd82e7e1830078a1eb2985f60cbf83,927629b77ccfaffaaea740bfb111df49
0687f22a03bb6905dd97cc577aaac14168cd82e7e1830078a1eb2985f60cbf83,e9467e4f553b063bb8d245c52ca245ae
0687f22a03bb6905dd97cc577aaac14168cd82e7e1830078a1eb2985f60cbf83,3bddb0c5117907a94ab8140f131eaaff
0687f22a03bb6905dd97cc577aaac14168cd82e7e1830078a1eb2985f60cbf83,845172c7d1fc98170d4657abc249fa44
0687f22a03bb6905dd97cc577aaac14168cd82e7e1830078a1eb2985f60cbf83,5cc06b866b90f272bea050348b03498b
0687f22a03bb6905dd97cc577aaac14168cd82e7e1830078a1eb2985f60cbf83,245a26f4d844ec3e97fae576cf800a94
0687f22a03bb6905dd97cc577aaac14168cd82e7e1830078a1eb2985f60cbf83,c57ba090f1f0d9fd56c952c5e8deeaa0
0687f22a03bb6905dd97cc577aaac14168cd82e7e1830078a1eb2985f60cbf83,585613e5ce65ee3c0b4e4e0d558b67c1
0687f22a03bb6905dd97cc577aaac14168cd82e7e1830078a1eb2985f60cbf83,645d91ce8979f760a1549cdbbdef14ac
0687f22a03bb6905dd97cc577aaac14168cd82e7e1830078a1eb2985f60cbf83,5f14682fb0de95c286fa8a0229c663fd
0687f22a03bb6905dd97cc577aaac14168cd82e7e1830078a1eb2985f60cbf83,7c7bb1c5fbad9cf155ee8ccdb528457b
0687f22a03bb6905dd97cc577aaac14168cd82e7e1830078a1eb2985f60cbf83,47274c548fd42ecb503965c98b7253ff
0687f22a03bb6905dd97cc577aaac14168cd82e7e1830078a1eb2985f60cbf83,ea283ddcdb5f093860559e619684334f
0687f22a03bb6905dd97cc577aaac14168cd82e7e1830078a1eb2985f60cbf83,d038cb6b717899144b207adcf9214e44
0687f22a03bb6905dd97cc577aaac14168cd82e7e1830078a1eb2985f60cbf83,52b6999e77c436d78c47a2c82eeb4828
0687f22a03bb6905dd97cc577aaac14168cd82e7e1830078a1eb2985f60cbf83,37559f9299898858e087c77604c5039a
0687f22a03bb6905dd97cc577aaac14168cd82e7e1830078a1eb2985f60cbf83,6f555089762b4193bcc643385bfe97d1
0687f22a03bb6905dd97cc577aaac14168cd82e7e1830078a1eb2985f60cbf83,f5ad3d11fd30327d0e60655c58e03c76
0687f22a03bb6905dd97cc577aaac14168cd82e7e1830078a1eb2985f60cbf83,781e35f62acfa33b4eb97191e15c4313
0687f22a03bb6905dd97cc577aaac14168cd82e7e1830078a1eb2985f60cbf83,2a5703f7f9e99e7c624a22d1d3f12213
0687f22a03bb6905dd97cc577aaac14168cd82e7e1830078a1eb2985f60cbf83,3214ee2f4777d525ddac7c3b1a483366
0687f22a03bb6905dd97cc577aaac14168cd82e7e1830078a1eb2985f60cbf83,1cfe8fe2632ce738d4a402dd774b7021
0687f22a03bb6905dd97cc577aaac14168cd82e7e1830078a1eb2985f60cbf83,6ada2f7d3026f475b2d6d9990b6defd4
0687f22a03bb6905dd97cc577aaac14168cd82e7e1830078a1eb2985f60cbf83,bcdb05be1a8ecb1a325a05aa8efa794b
0687f22a03bb6905dd97cc577aaac14168cd82e7e1830078a1eb2985f60cbf83,3c39c59ce084dc0b77cff434ebf0b766
0687f22a03bb6905dd97cc577aaac14168cd82e7e1830078a1eb2985f60cbf83,9d61732a6a2fb32ca42fc2cd3f19c6e3
0687f22a03bb6905dd97cc577aaac14168cd82e7e1830078a1eb2985f60cbf83,320500ca049f8062d5c5eb4ff7d7afd9
0687f22a03bb6905dd97cc577aaac14168cd82e7e1830078a1eb2985f60cbf83,3842d519dc15ae5d71b34ba1ea3a54ac
0687f22a03bb6905dd97cc577aaac14168cd82e7e1830078a1eb2985f60cbf83,41b381429d3f37c1ffd64e45ec883a6e
0687f22a03bb6905dd97cc577aaac14168cd82e7e1830078a1eb2985f60cbf83,c25bf72d7a496927512dc7844317f9b0
0687f22a03bb6905dd97cc577aaac14168cd82e7e1830078a1eb2985f60cbf83,9970480a8fdb3e75e3dacf9f513cdee3
0687f22a03bb6905dd97cc577aaac14168cd82e7e1830078a1eb2985f60cbf83,12d0a90d35ad924726456b17665e9805
0687f22a03bb6905dd97cc577aaac14168cd82e7e1830078a1eb2985f60cbf83,552b556ee52d8c621ce903b3eef242be
0687f22a03bb6905dd97cc577aaac14168cd82e7e1830078a1eb2985f60cbf83,0488c0cb9392f472bc9db79fa6cbb425
0687f22a03bb6905dd97cc577aaac14168cd82e7e1830078a1eb2985f60cbf83,3254ddefbe1bfafc071af01e60c1f3ce
0687f22a03bb6905dd97cc577aaac14168cd82e7e1830078a1eb2985f60cbf83,07e12e241fdc51e825cb20e7bc931d6e
0687f22a03bb6905dd97cc577aaac14168cd82e7e1830078a1eb2985f60cbf83,f10fe6f7b1f93d9830bfbbe901630714
0687f22a03bb6905dd97cc577aaac14168cd82e7e1830078a1eb2985f60cbf83,b0cc670d3e7d4e3c1c78a3737c969a1d
0687f22a03bb6905dd97cc577aaac14168cd82e7e1830078a1eb2985f60cbf83,685de068336377f34fa08c4cbd06256c
0687f22a03bb6905dd97cc577aaac14168cd82e7e1830078a1eb2985f60cbf83,5d2c8ff84b2927ddb92d2c15cab02325
0687f22a03bb6905dd97cc577aaac14168cd82e7e1830078a1eb2985f60cbf83,433a9442a2896cd8102f1ae11c853b1c
0687f22a03bb6905dd97cc577aaac14168cd82e7e1830078a1eb2985f60cbf83,cc527b827ad5bc722e87166c9b0a4664
0687f22a03bb6905dd97cc577aaac14168cd82e7e1830078a1eb2985f60cbf83,bb89606f110bf8953fe4dbc7a85a15b0
0687f22a03bb6905dd97cc577aaac14168cd82e7e1830078a1eb2985f60cbf83,e2cfc8f8d037707b047794942172e673
0687f22a03bb6905dd97cc577aaac14168cd82e7e1830078a1eb2985f60cbf83,6536dcea23087dccbae055603c1bb6a3
0687f22a03bb6905dd97cc577aaac14168cd82e7e1830078a1eb2985f60cbf83,cb6b39f182b4b59fdbd509c79d1de0fc
0687f22a03bb6905dd97cc577aaac14168cd82e7e1830078a1eb2985f60cbf83,faf4e3f0a642bf3383966714148c415e
0687f22a03bb6905dd97cc577aaac14168cd82e7e1830078a1eb2985f60cbf83,c3a9260573613abb38fb7d41bf09efd7
0687f22a03bb6905dd97cc577aaac14168cd82e7e1830078a1eb2985f60cbf83,def5e0b29292dd469ab5202826820049
0687f22a03bb6905dd97cc577aaac14168cd82e7e1830078a1eb2985f60cbf83,fe675cd325f0c919e56a2b3c5380818b
0687f22a03bb6905dd97cc577aaac14168cd82e7e1830078a1eb2985f60cbf83,a6e994aca91ba239ab7de9b126823a1b
0687f22a03bb6905dd97cc577aaac14168cd82e7e1830078a1eb2985f60cbf83,9eecc5d9dc6248d111e9b2b29a8d2bd0
e094fddcd00a2ed7e84c97d87d7d3451b25501e32c1bb56f573d6dda98214f79,8df5b9c2a7fa5af4653c0f1c37e18512
e094fddcd00a2ed7e84c97d87d7d3451b25501e32c1bb56f573d6dda98214f79,c3ac692e2684b51f2c58b83c41d22f52
e094fddcd00a2ed7e84c97d87d7d3451b25501e32c1bb56f573d6dda98214f79,90fba1d3293e0075b474750bea25bf0d
e094fddcd00a2ed7e84c97d87d7d3451b25501e32c1bb56f573d6dda98214f79,7efeff6e2cc1decb2b55ef9f063d8dd8
e094fddcd00a2ed7e84c97d87d7d3451b25501e32c1bb56f573d6dda98214f79,a163f75bcfeb7666001109baa9ca64ac
e094fddcd00a2ed7e84c97d87d7d3451b25501e32c1bb56f573d6dda98214f79,d65eeedd8fc4d3a77659d7ecdc0cd0a6
e094fddcd00a2ed7e84c97d87d7d3451b25501e32c1bb56f573d6dda98214f79,8338ff852ea355a3e2e8efdbf3709daa
e094fddcd00a2ed7e84c97d87d7d3451b25501e32c1bb56f573d6dda98214f79,8fdd0207a37c974e16cd2bf159e940cc
e094fddcd00a2ed7e84c97d87d7d3451b25501e32c1bb56f573d6dda98214f79,0448ba3bbf70ac5e43fe07e1a945a471
e094fddcd00a2ed7e84c97d87d7d3451b25501e32c1bb56f573d6dda98214f79,163c0a5a13550ea2fe24fbb48a983aea
e094fddcd00a2ed7e84c97d87d7d3451b25501e32c1bb56f573d6dda98214f79,b823be86e26cde503b5ad7992c73967d
e094fddcd00a2ed7e84c97d87d7d3451b25501e32c1bb56f573d6dda98214f79,8558313a38fe2f445c7d16a1d0133c09
e094fddcd00a2ed7e84c97d87d7d3451b25501e32c1bb56f573d6dda98214f79,7775913b4eda9eb97eef9b977d5f67dc
e094fddcd00a2ed7e84c97d87d7d3451b25501e32c1bb56f573d6dda98214f79,b7b31f2bcb7ea340e85cfb7ab9e8bec2
e094fddcd00a2ed7e84c97d87d7d3451b25501e32c1bb56f573d6dda98214f79,66de2a6e1f820538ea19329806a1af49
e094fddcd00a2ed7e84c97d87d7d3451b25501e32c1bb56f573d6dda98214f79,d09a559bf1ee5900b667ace2a8961216
e094fddcd00a2ed7e84c97d87d7d3451b25501e32c1bb56f573d6dda98214f79,faa20ed7e215297a8ab83494810dbfce
e094fddcd00a2ed7e84c97d87d7d3451b25501e32c1bb56f573d6dda98214f79,f368e90d42041868e9d63482c754f4f9
e094fddcd00a2ed7e84c97d87d7d3451b25501e32c1bb56f573d6dda98214f79,9bc7656d369bf9006eb77f22e2c3070a
e094fddcd00a2ed7e84c97d87d7d3451b25501e32c1bb56f573d6dda98214f79,b38dec1e62f983d4d60d46057c9017cd
e094fddcd00a2ed7e84c97d87d7d3451b25501e32c1bb56f573d6dda98214f79,2045cb0e4c196738336aee6aabf4e8a8
e094fddcd00a2ed7e84c97d87d7d3451b25501e32c1bb56f573d6dda98214f79,443ba04e639f676061cfeacf9504e91c
e094fddcd00a2ed7e84c97d87d7d3451b25501e32c1bb56f573d6dda98214f79,4d54ddd750292b4737ab99e0de7d73af
e094fddcd00a2ed7e84c97d87d7d3451b25501e32c1bb56f573d6dda98214f79,d899667c0b44d6636b56233aedc9b7d2
e094fddcd00a2ed7e84c97d87d7d3451b25501e32c1bb56f573d6dda98214f79,036b3339866f1487c46a9e3074cd4a49
e094fddcd00a2ed7e84c97d87d7d3451b25501e32c1bb56f573d6dda98214f79,47274c548fd42ecb503965c98b7253ff
e094fddcd00a2ed7e84c97d87d7d3451b25501e32c1bb56f573d6dda98214f79,3dc4d3a43cc129cbaeb4dd3d1f168bad
e094fddcd00a2ed7e84c97d87d7d3451b25501e32c1bb56f573d6dda98214f79,45123db3ed6db98e5e444fd430758b41
e094fddcd00a2ed7e84c97d87d7d3451b25501e32c1bb56f573d6dda98214f79,688128829a91d214cbb668bf8a727f4f
e094fddcd00a2ed7e84c97d87d7d3451b25501e32c1bb56f573d6dda98214f79,e49569ac9643935bc7005b56b680e537
e094fddcd00a2ed7e84c97d87d7d3451b25501e32c1bb56f573d6dda98214f79,2284100a044e4b9836e20b908faa6b75
e094fddcd00a2ed7e84c97d87d7d3451b25501e32c1bb56f573d6dda98214f79,3f7eccf1ddbac60ceb0d9496e22c6aaf
e094fddcd00a2ed7e84c97d87d7d3451b25501e32c1bb56f573d6dda98214f79,a2262f2b3d5c6c0e1c4a4813f266b2c4
e094fddcd00a2ed7e84c97d87d7d3451b25501e32c1bb56f573d6dda98214f79,112036a580466bb10f1076c513508bca
e094fddcd00a2ed7e84c97d87d7d3451b25501e32c1bb56f573d6dda98214f79,4f9c94ab04df2665b46a28c77d311248
e094fddcd00a2ed7e84c97d87d7d3451b25501e32c1bb56f573d6dda98214f79,3078df930235f86bc0fa30ac017c2a78
e094fddcd00a2ed7e84c97d87d7d3451b25501e32c1bb56f573d6dda98214f79,151e043f2f0cfab2a8efb2059d38d5fa
e094fddcd00a2ed7e84c97d87d7d3451b25501e32c1bb56f573d6dda98214f79,8eebd06ecdb15fcfdeea53228ee0c941
e094fddcd00a2ed7e84c97d87d7d3451b25501e32c1bb56f573d6dda98214f79,193bf59d648ab3f45fdfa7ea196c2af4
e094fddcd00a2ed7e84c97d87d7d3451b25501e32c1bb56f573d6dda98214f79,0544319c3e6d1610037139e0cbc65b92
e094fddcd00a2ed7e84c97d87d7d3451b25501e32c1bb56f573d6dda98214f79,b947729562fb142b6e3fc2b08a95e6d3
e094fddcd00a2ed7e84c97d87d7d3451b25501e32c1bb56f573d6dda98214f79,4159ed9940328607e858090e079b8fc3
e094fddcd00a2ed7e84c97d87d7d3451b25501e32c1bb56f573d6dda98214f79,0dc6e619707031afb79e6e22cf54195e
e094fddcd00a2ed7e84c97d87d7d3451b25501e32c1bb56f573d6dda98214f79,a0513b06987f9a7e7da3e854a735bcec
e094fddcd00a2ed7e84c97d87d7d3451b25501e32c1bb56f573d6dda98214f79,d58729335c54efd475970e28cdf8aea2
e094fddcd00a2ed7e84c97d87d7d3451b25501e32c1bb56f573d6dda98214f79,9bcd22181f3ec40a1b00714643dc5e1b
e094fddcd00a2ed7e84c97d87d7d3451b25501e32c1bb56f573d6dda98214f79,bdc469a545ea38f0a81d3ca8fdac1cea
e094fddcd00a2ed7e84c97d87d7d3451b25501e32c1bb56f573d6dda98214f79,4816c86112af50b4603acfbb291d1497
e094fddcd00a2ed7e84c97d87d7d3451b25501e32c1bb56f573d6dda98214f79,86fdd31979a8734f5f0a920e3f52dbba
e094fddcd00a2ed7e84c97d87d7d3451b25501e32c1bb56f573d6dda98214f79,fb632a5b725047d26450745a160862b3
e094fddcd00a2ed7e84c97d87d7d3451b25501e32c1bb56f573d6dda98214f79,e4455d2ade7e75ff58d828c3109ae085
e094fddcd00a2ed7e84c97d87d7d3451b25501e32c1bb56f573d6dda98214f79,ed1d18fd1aa5a86e0f23691ef1fb00a5
e094fddcd00a2ed7e84c97d87d7d3451b25501e32c1bb56f573d6dda98214f79,e6b0e4f8549310d4a461e16aa46bb390
e094fddcd00a2ed7e84c97d87d7d3451b25501e32c1bb56f573d6dda98214f79,974022e771533e2a2bf9b29e61b0b27e
e094fddcd00a2ed7e84c97d87d7d3451b25501e32c1bb56f573d6dda98214f79,c427d7611343e8dbae9d0da8dff5242c
e094fddcd00a2ed7e84c97d87d7d3451b25501e32c1bb56f573d6dda98214f79,76a5070ff715ac23b1b9b92c1788b510
e094fddcd00a2ed7e84c97d87d7d3451b25501e32c1bb56f573d6dda98214f79,39c6685737a48970aaa1c19db96f864c
e094fddcd00a2ed7e84c97d87d7d3451b25501e32c1bb56f573d6dda98214f79,9644e0ab82dd0113e6ee20a0a2e5c0c3
e094fddcd00a2ed7e84c97d87d7d3451b25501e32c1bb56f573d6dda98214f79,40c833bb6705b2e577da0b730105af86
e094fddcd00a2ed7e84c97d87d7d3451b25501e32c1bb56f573d6dda98214f79,1b320e60f9613ce0d42cf2e7868fc9f5
e094fddcd00a2ed7e84c97d87d7d3451b25501e32c1bb56f573d6dda98214f79,3f4811d747f930ba2d559fb0917110ce
