deviceID,timestamp
183b6a70fd4890576cc5ee2dd587e3d020570a5c85c6128924b39ad120f24f4e,98316af4c1e7e35d641aad2d1ff118b9
183b6a70fd4890576cc5ee2dd587e3d020570a5c85c6128924b39ad120f24f4e,9481dbcfc9ff1c3c167589fed8102228
183b6a70fd4890576cc5ee2dd587e3d020570a5c85c6128924b39ad120f24f4e,d9b51d7515dfc1773680ef4a6624c22b
183b6a70fd4890576cc5ee2dd587e3d020570a5c85c6128924b39ad120f24f4e,740d7fddebf1f91f683e500f87d625ed
183b6a70fd4890576cc5ee2dd587e3d020570a5c85c6128924b39ad120f24f4e,c040593d4e6baa529a8ade4cdda52864
183b6a70fd4890576cc5ee2dd587e3d020570a5c85c6128924b39ad120f24f4e,1bf15a854af501310ba6f37017a8052c
183b6a70fd4890576cc5ee2dd587e3d020570a5c85c6128924b39ad120f24f4e,52b6999e77c436d78c47a2c82eeb4828
183b6a70fd4890576cc5ee2dd587e3d020570a5c85c6128924b39ad120f24f4e,e79f30ec62b0e164bf60b1db88e2bee6
183b6a70fd4890576cc5ee2dd587e3d020570a5c85c6128924b39ad120f24f4e,2e085e6b05ae51cb369cff6e6bec542d
183b6a70fd4890576cc5ee2dd587e3d020570a5c85c6128924b39ad120f24f4e,dfb6b64d292ea35cfc0595360625a940
183b6a70fd4890576cc5ee2dd587e3d020570a5c85c6128924b39ad120f24f4e,12f98d3b67f2285385eed4f808733d15
183b6a70fd4890576cc5ee2dd587e3d020570a5c85c6128924b39ad120f24f4e,854f39abaeb35f97dc78758791454b3d
183b6a70fd4890576cc5ee2dd587e3d020570a5c85c6128924b39ad120f24f4e,dbfa390a23a20d78b8fe5d598ef26759
183b6a70fd4890576cc5ee2dd587e3d020570a5c85c6128924b39ad120f24f4e,1f4f71f173b7bf6098ed60b1b288b9b9
183b6a70fd4890576cc5ee2dd587e3d020570a5c85c6128924b39ad120f24f4e,6ca1c3a4dd0ab949cdb879de3a75ed98
183b6a70fd4890576cc5ee2dd587e3d020570a5c85c6128924b39ad120f24f4e,19030b152c4cd7551e466bc2f0c46cfd
183b6a70fd4890576cc5ee2dd587e3d020570a5c85c6128924b39ad120f24f4e,69c0d010d547216104da651457790c88
183b6a70fd4890576cc5ee2dd587e3d020570a5c85c6128924b39ad120f24f4e,5280ba0775ea82cbc001eebf6fa8ce66
183b6a70fd4890576cc5ee2dd587e3d020570a5c85c6128924b39ad120f24f4e,a3c4956f845c23e75ddc526bdc515909
183b6a70fd4890576cc5ee2dd587e3d020570a5c85c6128924b39ad120f24f4e,336900e57c29c58116fe8ecc3e5b5d87
9801526f1ceda7639ee9662f1cfcabd97b7016577b56c5d72b2be667912f6bff,05f9094cff6010baa9f614a1712c1b43
9801526f1ceda7639ee9662f1cfcabd97b7016577b56c5d72b2be667912f6bff,8b4fd367a8dfb50af32b7b3e3bb84d18
9801526f1ceda7639ee9662f1cfcabd97b7016577b56c5d72b2be667912f6bff,8f7e729ca6217d7eff1ed6432ec818ea
9801526f1ceda7639ee9662f1cfcabd97b7016577b56c5d72b2be667912f6bff,ed88e675b5d03060b84eb486cff23d8e
9801526f1ceda7639ee9662f1cfcabd97b7016577b56c5d72b2be667912f6bff,781e35f62acfa33b4eb97191e15c4313
9801526f1ceda7639ee9662f1cfcabd97b7016577b56c5d72b2be667912f6bff,381c1f023c2d9d4490f95c6d9c528df4
9801526f1ceda7639ee9662f1cfcabd97b7016577b56c5d72b2be667912f6bff,282b4dfa23b138d52926c055ddef2f72
9801526f1ceda7639ee9662f1cfcabd97b7016577b56c5d72b2be667912f6bff,687887876b8e86f4aa629cd4099fc20a
9801526f1ceda7639ee9662f1cfcabd97b7016577b56c5d72b2be667912f6bff,5cf705afed7168c833c353fa9a37b1dc
9801526f1ceda7639ee9662f1cfcabd97b7016577b56c5d72b2be667912f6bff,2e390c2fc1ad311cf3a5c7ab6a67c482
9801526f1ceda7639ee9662f1cfcabd97b7016577b56c5d72b2be667912f6bff,1f5da029236ecf24442170180eb83ccb
9801526f1ceda7639ee9662f1cfcabd97b7016577b56c5d72b2be667912f6bff,6750c038bc7e5679accf1adf79d8c7bc
9801526f1ceda7639ee9662f1cfcabd97b7016577b56c5d72b2be667912f6bff,c244bde3b512ad2076518dde80fe2333
9801526f1ceda7639ee9662f1cfcabd97b7016577b56c5d72b2be667912f6bff,333b0baa3734d279e80cf3f980e24674
9801526f1ceda7639ee9662f1cfcabd97b7016577b56c5d72b2be667912f6bff,8ca24fd99e4744c0a1094e6aa768f1e0
9801526f1ceda7639ee9662f1cfcabd97b7016577b56c5d72b2be667912f6bff,e321343e1131afb7ce3736a119b73b91
d125a371ca695559e909aba2fd74b73eb987fde09762a4cc15f7eec5e6d5ebb0,de3fc3d4162db8869d807db09a8fc8a2
d125a371ca695559e909aba2fd74b73eb987fde09762a4cc15f7eec5e6d5ebb0,837974d0ea9ad4c02ca608737386075e
d125a371ca695559e909aba2fd74b73eb987fde09762a4cc15f7eec5e6d5ebb0,5f6ad8a7d1b8092cc66a11f71b429f6c
d125a371ca695559e909aba2fd74b73eb987fde09762a4cc15f7eec5e6d5ebb0,bd2771de1dc15eaf245b3b97cc19708c
d125a371ca695559e909aba2fd74b73eb987fde09762a4cc15f7eec5e6d5ebb0,92185c8e51a6829296cf822e35584a6c
d125a371ca695559e909aba2fd74b73eb987fde09762a4cc15f7eec5e6d5ebb0,543d9f7aaf332817126cd94453521a63
d125a371ca695559e909aba2fd74b73eb987fde09762a4cc15f7eec5e6d5ebb0,760c1ba57cf193d56f14f432998a0389
d125a371ca695559e909aba2fd74b73eb987fde09762a4cc15f7eec5e6d5ebb0,0575fff3939e46edc6c6e0730627dbb3
d125a371ca695559e909aba2fd74b73eb987fde09762a4cc15f7eec5e6d5ebb0,e6c8c111e0b42fd3c24c395ed49e4542
d125a371ca695559e909aba2fd74b73eb987fde09762a4cc15f7eec5e6d5ebb0,3312c5ab2e288a4beeb5014bdabc8f7d
d125a371ca695559e909aba2fd74b73eb987fde09762a4cc15f7eec5e6d5ebb0,9204c71769ad9ef0d5c83d06e496bf19
d125a371ca695559e909aba2fd74b73eb987fde09762a4cc15f7eec5e6d5ebb0,e411dcd364aa1837d3b82bd074276485
d125a371ca695559e909aba2fd74b73eb987fde09762a4cc15f7eec5e6d5ebb0,affec6f843d6f1cab619c79bd5d11cd6
d125a371ca695559e909aba2fd74b73eb987fde09762a4cc15f7eec5e6d5ebb0,1eb8df298c13d57b5f4f9173e6a55981
d125a371ca695559e909aba2fd74b73eb987fde09762a4cc15f7eec5e6d5ebb0,7c8498130d984114ecf1f88b7cd5413f
d125a371ca695559e909aba2fd74b73eb987fde09762a4cc15f7eec5e6d5ebb0,4392dad037b2793a12f269c8e04c4d0f
d125a371ca695559e909aba2fd74b73eb987fde09762a4cc15f7eec5e6d5ebb0,cf51615b3d899e7b7254175db99ef127
d125a371ca695559e909aba2fd74b73eb987fde09762a4cc15f7eec5e6d5ebb0,9d85962c636f7eb39fda561e95bd9bdd
d125a371ca695559e909aba2fd74b73eb987fde09762a4cc15f7eec5e6d5ebb0,07865b6d39f2292dd72098635a6207bf
d125a371ca695559e909aba2fd74b73eb987fde09762a4cc15f7eec5e6d5ebb0,5183574dca5f96de2b7a4a27dffc4dd3
d125a371ca695559e909aba2fd74b73eb987fde09762a4cc15f7eec5e6d5ebb0,9a85ffa85ab54090721d2786775f1f86
d125a371ca695559e909aba2fd74b73eb987fde09762a4cc15f7eec5e6d5ebb0,7891b99f39eb36f7b600ac4150c0a385
d125a371ca695559e909aba2fd74b73eb987fde09762a4cc15f7eec5e6d5ebb0,a7e6997e3c948970c96c0247ade22ce1
d125a371ca695559e909aba2fd74b73eb987fde09762a4cc15f7eec5e6d5ebb0,569caebb7dfd6c7c0cedb534061beb64
d125a371ca695559e909aba2fd74b73eb987fde09762a4cc15f7eec5e6d5ebb0,e37be769677351385bca9a6b7da4bb02
d125a371ca695559e909aba2fd74b73eb987fde09762a4cc15f7eec5e6d5ebb0,c98692fdba6b73ad86f178dffa40b8cf
d125a371ca695559e909aba2fd74b73eb987fde09762a4cc15f7eec5e6d5ebb0,2ee8c044e670082ca5483987ecb9e8f8
d125a371ca695559e909aba2fd74b73eb987fde09762a4cc15f7eec5e6d5ebb0,bcdb05be1a8ecb1a325a05aa8efa794b
d125a371ca695559e909aba2fd74b73eb987fde09762a4cc15f7eec5e6d5ebb0,be50f072a54e09139bd41911744955e0
d125a371ca695559e909aba2fd74b73eb987fde09762a4cc15f7eec5e6d5ebb0,0fcecc55f6c5d36e114b29f420d381fa
d125a371ca695559e909aba2fd74b73eb987fde09762a4cc15f7eec5e6d5ebb0,2b880b1ffbf45e32179df65d6d2389c8
d125a371ca695559e909aba2fd74b73eb987fde09762a4cc15f7eec5e6d5ebb0,2ca98a810cada8f45ba6590f5a0a960c
d125a371ca695559e909aba2fd74b73eb987fde09762a4cc15f7eec5e6d5ebb0,a7b733b7f523352a26404bee6b776785
d125a371ca695559e909aba2fd74b73eb987fde09762a4cc15f7eec5e6d5ebb0,f0874b806add081e657971dcd0a899f2
d125a371ca695559e909aba2fd74b73eb987fde09762a4cc15f7eec5e6d5ebb0,c1e8d96589f19fe5dbadba8d53e0ee39
d125a371ca695559e909aba2fd74b73eb987fde09762a4cc15f7eec5e6d5ebb0,fbdbd4e5e8014bc633c721d3f2949e6d
d125a371ca695559e909aba2fd74b73eb987fde09762a4cc15f7eec5e6d5ebb0,3842d519dc15ae5d71b34ba1ea3a54ac
d125a371ca695559e909aba2fd74b73eb987fde09762a4cc15f7eec5e6d5ebb0,05abdc2390a484c711a42623b60ead2e
d125a371ca695559e909aba2fd74b73eb987fde09762a4cc15f7eec5e6d5ebb0,8229dd65191d2d8ee3556cbd0a695e60
d125a371ca695559e909aba2fd74b73eb987fde09762a4cc15f7eec5e6d5ebb0,67ec0a20734a35cfb23afee4296bbf62
d125a371ca695559e909aba2fd74b73eb987fde09762a4cc15f7eec5e6d5ebb0,003416c9a6e05de4a68236364bbcdb79
d125a371ca695559e909aba2fd74b73eb987fde09762a4cc15f7eec5e6d5ebb0,726eb8c4bae973037f23a9a5cdbcd66b
d125a371ca695559e909aba2fd74b73eb987fde09762a4cc15f7eec5e6d5ebb0,726eb8c4bae973037f23a9a5cdbcd66b
d125a371ca695559e909aba2fd74b73eb987fde09762a4cc15f7eec5e6d5ebb0,aea79473b32b80009fe06334c76462c1
d125a371ca695559e909aba2fd74b73eb987fde09762a4cc15f7eec5e6d5ebb0,b40c40a1578e71962825f27b38e86095
d125a371ca695559e909aba2fd74b73eb987fde09762a4cc15f7eec5e6d5ebb0,6311061abd33d0d14e5b82e5afbadbb4
d125a371ca695559e909aba2fd74b73eb987fde09762a4cc15f7eec5e6d5ebb0,8585859b85ed1d21a7ce93666d5f38d6
d125a371ca695559e909aba2fd74b73eb987fde09762a4cc15f7eec5e6d5ebb0,28f9787b3bae53c6c31b9a8c24f9a4b9
d125a371ca695559e909aba2fd74b73eb987fde09762a4cc15f7eec5e6d5ebb0,7290d79701e948423f037c58c9a89b5c
d125a371ca695559e909aba2fd74b73eb987fde09762a4cc15f7eec5e6d5ebb0,ae761a5877c1806742227aaa0c14d7ef
83841d6657bd9d7f065b04a66e7e65d01ce237f6dfdbc82b5a74c2bb38fca2bc,37e5f33accb401b462d4d87856e50792
83841d6657bd9d7f065b04a66e7e65d01ce237f6dfdbc82b5a74c2bb38fca2bc,db356d4f968c2ff9230fbc8df7c2045e
83841d6657bd9d7f065b04a66e7e65d01ce237f6dfdbc82b5a74c2bb38fca2bc,c0ac041b946c7bf633b4274458cf4ca8
83841d6657bd9d7f065b04a66e7e65d01ce237f6dfdbc82b5a74c2bb38fca2bc,ad2290093e50de1eb4973f62627c4303
83841d6657bd9d7f065b04a66e7e65d01ce237f6dfdbc82b5a74c2bb38fca2bc,bee02ef1593681b65850ddea853caab5
83841d6657bd9d7f065b04a66e7e65d01ce237f6dfdbc82b5a74c2bb38fca2bc,489b5bfafcb75450a81a722952843d76
83841d6657bd9d7f065b04a66e7e65d01ce237f6dfdbc82b5a74c2bb38fca2bc,47e3c0787ceed5ff499bcad0c364abc5
83841d6657bd9d7f065b04a66e7e65d01ce237f6dfdbc82b5a74c2bb38fca2bc,f7599d6fb9ebe93e20e787dd91075783
83841d6657bd9d7f065b04a66e7e65d01ce237f6dfdbc82b5a74c2bb38fca2bc,efdf71fb41ad3940a83e19b4c6a55ac1
83841d6657bd9d7f065b04a66e7e65d01ce237f6dfdbc82b5a74c2bb38fca2bc,a88716f5f9a4bc3855b4815b84cc6a0f
83841d6657bd9d7f065b04a66e7e65d01ce237f6dfdbc82b5a74c2bb38fca2bc,70a7ad1a61696870c4a3d64ae25b64a8
83841d6657bd9d7f065b04a66e7e65d01ce237f6dfdbc82b5a74c2bb38fca2bc,a592bac4969829f1d5c21391edd45e59
83841d6657bd9d7f065b04a66e7e65d01ce237f6dfdbc82b5a74c2bb38fca2bc,b1b17aed2c1119458cf2bdd9a1c7661a
83841d6657bd9d7f065b04a66e7e65d01ce237f6dfdbc82b5a74c2bb38fca2bc,19c58cc680d59fa36b36f2e490deb05b
83841d6657bd9d7f065b04a66e7e65d01ce237f6dfdbc82b5a74c2bb38fca2bc,a8b229ff04ddd80d2b1c63b1fc1f87bc
83841d6657bd9d7f065b04a66e7e65d01ce237f6dfdbc82b5a74c2bb38fca2bc,b3854f83faf2ef87eee7ce248c8e0b14
83841d6657bd9d7f065b04a66e7e65d01ce237f6dfdbc82b5a74c2bb38fca2bc,26d027d529c82a1b07c4139b5aad5132
83841d6657bd9d7f065b04a66e7e65d01ce237f6dfdbc82b5a74c2bb38fca2bc,25623aa228b19611e74e05bec7824e90
83841d6657bd9d7f065b04a66e7e65d01ce237f6dfdbc82b5a74c2bb38fca2bc,7d6d72b7f5df544396d196e653d851f4
83841d6657bd9d7f065b04a66e7e65d01ce237f6dfdbc82b5a74c2bb38fca2bc,0a25f4285f636a2e0b9522783d9f43f2
83841d6657bd9d7f065b04a66e7e65d01ce237f6dfdbc82b5a74c2bb38fca2bc,8091be618d068e519e9d505fc2e1f9fa
83841d6657bd9d7f065b04a66e7e65d01ce237f6dfdbc82b5a74c2bb38fca2bc,5e8aa602b3972c8e05ae784654c7ff38
83841d6657bd9d7f065b04a66e7e65d01ce237f6dfdbc82b5a74c2bb38fca2bc,6c8577229d2ba44f26c56f69865fd38e
83841d6657bd9d7f065b04a66e7e65d01ce237f6dfdbc82b5a74c2bb38fca2bc,3f7eccf1ddbac60ceb0d9496e22c6aaf
83841d6657bd9d7f065b04a66e7e65d01ce237f6dfdbc82b5a74c2bb38fca2bc,600e3d5f8b066b647c15dca6e89baf77
83841d6657bd9d7f065b04a66e7e65d01ce237f6dfdbc82b5a74c2bb38fca2bc,a1a131d7afa41b381e9c96647097f506
83841d6657bd9d7f065b04a66e7e65d01ce237f6dfdbc82b5a74c2bb38fca2bc,aa2b127a4a91b8f672ecd1691879c094
83841d6657bd9d7f065b04a66e7e65d01ce237f6dfdbc82b5a74c2bb38fca2bc,1faff8c35fcaff94c553f365246005b8
83841d6657bd9d7f065b04a66e7e65d01ce237f6dfdbc82b5a74c2bb38fca2bc,e88dc09e951a23a32dafeb203db299ec
83841d6657bd9d7f065b04a66e7e65d01ce237f6dfdbc82b5a74c2bb38fca2bc,20f9e9c44e01b228a749222c9aa7dceb
83841d6657bd9d7f065b04a66e7e65d01ce237f6dfdbc82b5a74c2bb38fca2bc,67dcf2bed2705c65159103b7d6c093fd
83841d6657bd9d7f065b04a66e7e65d01ce237f6dfdbc82b5a74c2bb38fca2bc,eb62c94ba73923857c5842f3ad2bdd09
83841d6657bd9d7f065b04a66e7e65d01ce237f6dfdbc82b5a74c2bb38fca2bc,4fbb5e82a2b5d91418788b7297c0b27d
83841d6657bd9d7f065b04a66e7e65d01ce237f6dfdbc82b5a74c2bb38fca2bc,d6d78e078f976d415684bcfa17e23263
83841d6657bd9d7f065b04a66e7e65d01ce237f6dfdbc82b5a74c2bb38fca2bc,449df0f22c89bbb2812675e4230d66b6
83841d6657bd9d7f065b04a66e7e65d01ce237f6dfdbc82b5a74c2bb38fca2bc,1c092955536860c67b6b444a2607f6a8
83841d6657bd9d7f065b04a66e7e65d01ce237f6dfdbc82b5a74c2bb38fca2bc,1cb1be3c083b718d109b3b2eb2b10514
83841d6657bd9d7f065b04a66e7e65d01ce237f6dfdbc82b5a74c2bb38fca2bc,4816c86112af50b4603acfbb291d1497
83841d6657bd9d7f065b04a66e7e65d01ce237f6dfdbc82b5a74c2bb38fca2bc,37f69d6d4dc9f85523209184e472f09a
83841d6657bd9d7f065b04a66e7e65d01ce237f6dfdbc82b5a74c2bb38fca2bc,f08748eb7cae69c59ab53ad9488c3da3
83841d6657bd9d7f065b04a66e7e65d01ce237f6dfdbc82b5a74c2bb38fca2bc,f6e2470d33afa9438c3acdcb0cf7cb6b
83841d6657bd9d7f065b04a66e7e65d01ce237f6dfdbc82b5a74c2bb38fca2bc,5a1bdc6fa3a6e1d6895e144433653a6f
83841d6657bd9d7f065b04a66e7e65d01ce237f6dfdbc82b5a74c2bb38fca2bc,1862d6a80a66e90c14baca99118aa9c4
83841d6657bd9d7f065b04a66e7e65d01ce237f6dfdbc82b5a74c2bb38fca2bc,19030b152c4cd7551e466bc2f0c46cfd
83841d6657bd9d7f065b04a66e7e65d01ce237f6dfdbc82b5a74c2bb38fca2bc,69c0d010d547216104da651457790c88
83841d6657bd9d7f065b04a66e7e65d01ce237f6dfdbc82b5a74c2bb38fca2bc,94bf73b12c0490053a925736e0c16e43
83841d6657bd9d7f065b04a66e7e65d01ce237f6dfdbc82b5a74c2bb38fca2bc,9547b3e9da7dc00ca358cb3cc7dff1b9
83841d6657bd9d7f065b04a66e7e65d01ce237f6dfdbc82b5a74c2bb38fca2bc,c5237bd09806cf014c2aa31548bf973d
83841d6657bd9d7f065b04a66e7e65d01ce237f6dfdbc82b5a74c2bb38fca2bc,f7b35aff4cbc8aa75ee6b3c70e1c8495
83841d6657bd9d7f065b04a66e7e65d01ce237f6dfdbc82b5a74c2bb38fca2bc,c1a4a78b98f61966844b17cddb51dd71
3b0e13360c4eea3b8caf9d929ee7e2f6a8e8a2607f61e1d000f119f3833ad30d,ea49a1a41efbef618967dd2328975b6e
3b0e13360c4eea3b8caf9d929ee7e2f6a8e8a2607f61e1d000f119f3833ad30d,bbf2df2edcb97f99eb81e49584ff61b9
3b0e13360c4eea3b8caf9d929ee7e2f6a8e8a2607f61e1d000f119f3833ad30d,cfefc2ac8e5278e7eeedd3d009fcbc38
3b0e13360c4eea3b8caf9d929ee7e2f6a8e8a2607f61e1d000f119f3833ad30d,d4b03ebf90c0506e6183d5453c96864d
3b0e13360c4eea3b8caf9d929ee7e2f6a8e8a2607f61e1d000f119f3833ad30d,3804388e68fd8dc7da5d844543f737a2
3b0e13360c4eea3b8caf9d929ee7e2f6a8e8a2607f61e1d000f119f3833ad30d,4297ca8000a5e075baeed76fad830980
3b0e13360c4eea3b8caf9d929ee7e2f6a8e8a2607f61e1d000f119f3833ad30d,17dfc3d7bfcb7eadcd1a6069cd5dee8f
3b0e13360c4eea3b8caf9d929ee7e2f6a8e8a2607f61e1d000f119f3833ad30d,bd2771de1dc15eaf245b3b97cc19708c
3b0e13360c4eea3b8caf9d929ee7e2f6a8e8a2607f61e1d000f119f3833ad30d,71d2720c303bd7cc7cded3ec37ad09e3
3b0e13360c4eea3b8caf9d929ee7e2f6a8e8a2607f61e1d000f119f3833ad30d,53a4b49027c92fd28e25d211836f5dd0
3b0e13360c4eea3b8caf9d929ee7e2f6a8e8a2607f61e1d000f119f3833ad30d,ea4a3fadbbf7c7b69f7ebb074dd64347
3b0e13360c4eea3b8caf9d929ee7e2f6a8e8a2607f61e1d000f119f3833ad30d,e81491d3a8c7d7b1daea360285f49381
3b0e13360c4eea3b8caf9d929ee7e2f6a8e8a2607f61e1d000f119f3833ad30d,4d2f4ee9b2fc131fc660e793189faa21
3b0e13360c4eea3b8caf9d929ee7e2f6a8e8a2607f61e1d000f119f3833ad30d,e79e0b23537a6d3521fa3d2c4145a61f
3b0e13360c4eea3b8caf9d929ee7e2f6a8e8a2607f61e1d000f119f3833ad30d,1eb8df298c13d57b5f4f9173e6a55981
3b0e13360c4eea3b8caf9d929ee7e2f6a8e8a2607f61e1d000f119f3833ad30d,70a7ad1a61696870c4a3d64ae25b64a8
3b0e13360c4eea3b8caf9d929ee7e2f6a8e8a2607f61e1d000f119f3833ad30d,6d66e4223c88e17d5ae1663fc67b05cc
3b0e13360c4eea3b8caf9d929ee7e2f6a8e8a2607f61e1d000f119f3833ad30d,bbc5289228adc6284df80859a8263436
3b0e13360c4eea3b8caf9d929ee7e2f6a8e8a2607f61e1d000f119f3833ad30d,c335d97b141b580f5458e327ce7653bd
3b0e13360c4eea3b8caf9d929ee7e2f6a8e8a2607f61e1d000f119f3833ad30d,48bedf683bad667350b3ea4a41b56fc7
3b0e13360c4eea3b8caf9d929ee7e2f6a8e8a2607f61e1d000f119f3833ad30d,245244d6693cc8283e1dc42b9c037508
3b0e13360c4eea3b8caf9d929ee7e2f6a8e8a2607f61e1d000f119f3833ad30d,33e462082cd7a6a582cdf4c44840c626
3b0e13360c4eea3b8caf9d929ee7e2f6a8e8a2607f61e1d000f119f3833ad30d,69065f54c6e7dc6107f80b67e9fd5b29
3b0e13360c4eea3b8caf9d929ee7e2f6a8e8a2607f61e1d000f119f3833ad30d,c9fd8a8f8fef1f38962f7013cabc9b14
3b0e13360c4eea3b8caf9d929ee7e2f6a8e8a2607f61e1d000f119f3833ad30d,a2262f2b3d5c6c0e1c4a4813f266b2c4
3b0e13360c4eea3b8caf9d929ee7e2f6a8e8a2607f61e1d000f119f3833ad30d,e3014388dc5d16b03ded70f6a37c825a
3b0e13360c4eea3b8caf9d929ee7e2f6a8e8a2607f61e1d000f119f3833ad30d,45ddc19b0f12b4566e5b72620026c9be
3b0e13360c4eea3b8caf9d929ee7e2f6a8e8a2607f61e1d000f119f3833ad30d,4aaa35087c75fda0964b18bdf05d92f3
3b0e13360c4eea3b8caf9d929ee7e2f6a8e8a2607f61e1d000f119f3833ad30d,f673ce644c354e08632d284a71f46f93
3b0e13360c4eea3b8caf9d929ee7e2f6a8e8a2607f61e1d000f119f3833ad30d,fbdbd4e5e8014bc633c721d3f2949e6d
3b0e13360c4eea3b8caf9d929ee7e2f6a8e8a2607f61e1d000f119f3833ad30d,ecfbf7f678d958d2cd8614845da730e3
3b0e13360c4eea3b8caf9d929ee7e2f6a8e8a2607f61e1d000f119f3833ad30d,fa96347185a5112a77520d5ba95f761a
3b0e13360c4eea3b8caf9d929ee7e2f6a8e8a2607f61e1d000f119f3833ad30d,7d909d34f947addde5ab8a93953a9cbf
3b0e13360c4eea3b8caf9d929ee7e2f6a8e8a2607f61e1d000f119f3833ad30d,67ec0a20734a35cfb23afee4296bbf62
3b0e13360c4eea3b8caf9d929ee7e2f6a8e8a2607f61e1d000f119f3833ad30d,aab9325967cc74b58b4b65ef796e5955
3b0e13360c4eea3b8caf9d929ee7e2f6a8e8a2607f61e1d000f119f3833ad30d,86e0afb24650888f77ce79fcbd2e1634
3b0e13360c4eea3b8caf9d929ee7e2f6a8e8a2607f61e1d000f119f3833ad30d,a6c3394a785acd8dc272b513235328d5
3b0e13360c4eea3b8caf9d929ee7e2f6a8e8a2607f61e1d000f119f3833ad30d,3254ddefbe1bfafc071af01e60c1f3ce
3b0e13360c4eea3b8caf9d929ee7e2f6a8e8a2607f61e1d000f119f3833ad30d,830f5b56167e1317f3beba5c5b4ac282
3b0e13360c4eea3b8caf9d929ee7e2f6a8e8a2607f61e1d000f119f3833ad30d,4a7f692424be607e3964d186a9f76c78
3b0e13360c4eea3b8caf9d929ee7e2f6a8e8a2607f61e1d000f119f3833ad30d,8585859b85ed1d21a7ce93666d5f38d6
3b0e13360c4eea3b8caf9d929ee7e2f6a8e8a2607f61e1d000f119f3833ad30d,275a431974bea2ede2dd620f763c04a6
3b0e13360c4eea3b8caf9d929ee7e2f6a8e8a2607f61e1d000f119f3833ad30d,944df22be99839c1b8b574a6aafeb666
3b0e13360c4eea3b8caf9d929ee7e2f6a8e8a2607f61e1d000f119f3833ad30d,fede65dfd61020d7f1bb27bd581dd898
3b0e13360c4eea3b8caf9d929ee7e2f6a8e8a2607f61e1d000f119f3833ad30d,1043167276677db6ad00f02ae5aa9f1b
3b0e13360c4eea3b8caf9d929ee7e2f6a8e8a2607f61e1d000f119f3833ad30d,ae761a5877c1806742227aaa0c14d7ef
3b0e13360c4eea3b8caf9d929ee7e2f6a8e8a2607f61e1d000f119f3833ad30d,cdef03875434fea525d93e753d9bb17f
3b0e13360c4eea3b8caf9d929ee7e2f6a8e8a2607f61e1d000f119f3833ad30d,b97d1e0ba8dd2fc35625e02c726ca62d
3b0e13360c4eea3b8caf9d929ee7e2f6a8e8a2607f61e1d000f119f3833ad30d,0d8bd82e322a683c5bb286e4b25924aa
3b0e13360c4eea3b8caf9d929ee7e2f6a8e8a2607f61e1d000f119f3833ad30d,c3a9260573613abb38fb7d41bf09efd7
7d62368f826df75620ed129c00651b2d51ade7de288ddc3711e15ad8494d634f,04e7f3964edcc6286e0993ea04cb2166
7d62368f826df75620ed129c00651b2d51ade7de288ddc3711e15ad8494d634f,87d482404c1ac8ae6a39f83d4ae61aed
7d62368f826df75620ed129c00651b2d51ade7de288ddc3711e15ad8494d634f,44db9fda67c585362ab35e6ad532aa70
7d62368f826df75620ed129c00651b2d51ade7de288ddc3711e15ad8494d634f,94faf255fa8fa5569ccdbc036e449054
7d62368f826df75620ed129c00651b2d51ade7de288ddc3711e15ad8494d634f,e5e330f53d42cae253fe0bdba5378bcf
7d62368f826df75620ed129c00651b2d51ade7de288ddc3711e15ad8494d634f,371e5f913a921f359b6bb96a6f322945
7d62368f826df75620ed129c00651b2d51ade7de288ddc3711e15ad8494d634f,e260065ea09757f33be5a7fdc2168bf8
7d62368f826df75620ed129c00651b2d51ade7de288ddc3711e15ad8494d634f,f98b004889d311f0b6d1e65286aa7b3b
7d62368f826df75620ed129c00651b2d51ade7de288ddc3711e15ad8494d634f,e7056104688cb6e658ed5b4e13d1e79d
7d62368f826df75620ed129c00651b2d51ade7de288ddc3711e15ad8494d634f,d029c88439871a195b96f82367c5b358
7d62368f826df75620ed129c00651b2d51ade7de288ddc3711e15ad8494d634f,dba9221ab3999c8ed0f07eec79d6fadc
7d62368f826df75620ed129c00651b2d51ade7de288ddc3711e15ad8494d634f,35d9a0731d7385c5ca54edd896719791
7d62368f826df75620ed129c00651b2d51ade7de288ddc3711e15ad8494d634f,7a2bd8b8971d9835f02f6d92cde509bc
7d62368f826df75620ed129c00651b2d51ade7de288ddc3711e15ad8494d634f,f87ab689f4a7fce08786eda62568bc81
7d62368f826df75620ed129c00651b2d51ade7de288ddc3711e15ad8494d634f,230a23a6a97844bf83c2929d9806d2c8
7d62368f826df75620ed129c00651b2d51ade7de288ddc3711e15ad8494d634f,2ed0fa55bab24f63bf0d94b742b50684
7d62368f826df75620ed129c00651b2d51ade7de288ddc3711e15ad8494d634f,bcdb05be1a8ecb1a325a05aa8efa794b
7d62368f826df75620ed129c00651b2d51ade7de288ddc3711e15ad8494d634f,47fd4903a60ffd4cb09f304f3cb55c8f
7d62368f826df75620ed129c00651b2d51ade7de288ddc3711e15ad8494d634f,f120532f37d72dd7364fb6ea2b8d4eab
7d62368f826df75620ed129c00651b2d51ade7de288ddc3711e15ad8494d634f,b303921eaca74fb26343f54d21b159bb
7d62368f826df75620ed129c00651b2d51ade7de288ddc3711e15ad8494d634f,fcc9b75a29d5205463b6917e1be5fd02
7d62368f826df75620ed129c00651b2d51ade7de288ddc3711e15ad8494d634f,afffe6f336f4caad26437fc41477cb3c
7d62368f826df75620ed129c00651b2d51ade7de288ddc3711e15ad8494d634f,173ab02fe47d53fde2fbf9f06a23ae44
7d62368f826df75620ed129c00651b2d51ade7de288ddc3711e15ad8494d634f,534a46c355568a56d4d7a693c4608899
7d62368f826df75620ed129c00651b2d51ade7de288ddc3711e15ad8494d634f,56b9aa45925c42a7da02bdae0a4ef89d
7d62368f826df75620ed129c00651b2d51ade7de288ddc3711e15ad8494d634f,8229dd65191d2d8ee3556cbd0a695e60
7d62368f826df75620ed129c00651b2d51ade7de288ddc3711e15ad8494d634f,a59a624996d02c7d24a1e44303803991
7d62368f826df75620ed129c00651b2d51ade7de288ddc3711e15ad8494d634f,6eb06ac2b753d9fff3690b799aec117c
7d62368f826df75620ed129c00651b2d51ade7de288ddc3711e15ad8494d634f,c25bf72d7a496927512dc7844317f9b0
7d62368f826df75620ed129c00651b2d51ade7de288ddc3711e15ad8494d634f,c25bf72d7a496927512dc7844317f9b0
7d62368f826df75620ed129c00651b2d51ade7de288ddc3711e15ad8494d634f,d4ec4127e52e6436bf74d0d943de2a83
7d62368f826df75620ed129c00651b2d51ade7de288ddc3711e15ad8494d634f,7f7b6313b20a930d6c90d46427d52ea3
7d62368f826df75620ed129c00651b2d51ade7de288ddc3711e15ad8494d634f,485851037d81eab2a9759db4ee67cc48
7d62368f826df75620ed129c00651b2d51ade7de288ddc3711e15ad8494d634f,429f3dfd225b11dc3fcbdca36eef4503
7d62368f826df75620ed129c00651b2d51ade7de288ddc3711e15ad8494d634f,a5eb051bc2002a70fe00804680711010
7d62368f826df75620ed129c00651b2d51ade7de288ddc3711e15ad8494d634f,7c28a0e413ea42b98f5a61d3062ccec9
7d62368f826df75620ed129c00651b2d51ade7de288ddc3711e15ad8494d634f,34e0a12cbaf76dc31c2bd058968f2bb7
7d62368f826df75620ed129c00651b2d51ade7de288ddc3711e15ad8494d634f,4d5ebc552a68c788ea55f4933f42d8e3
7d62368f826df75620ed129c00651b2d51ade7de288ddc3711e15ad8494d634f,692ec95eae1b0f2bd46a92ab2b014558
7d62368f826df75620ed129c00651b2d51ade7de288ddc3711e15ad8494d634f,50d2dcde3dc2e0f858c35f232b92b339
7d62368f826df75620ed129c00651b2d51ade7de288ddc3711e15ad8494d634f,978a88a27f61b2a17a1432502cbe0352
7d62368f826df75620ed129c00651b2d51ade7de288ddc3711e15ad8494d634f,4b79e3a7573d0c7b6aa576074478640f
7d62368f826df75620ed129c00651b2d51ade7de288ddc3711e15ad8494d634f,4523c43cf277d5bcc693fc645b961fc7
7d62368f826df75620ed129c00651b2d51ade7de288ddc3711e15ad8494d634f,45f73acd6e1b912a7cb7640a776d2f55
7d62368f826df75620ed129c00651b2d51ade7de288ddc3711e15ad8494d634f,318ea3196ff6a6f6bb3c616e812eae31
7d62368f826df75620ed129c00651b2d51ade7de288ddc3711e15ad8494d634f,c8b942081cbf71fb135f9f7278f4a136
7d62368f826df75620ed129c00651b2d51ade7de288ddc3711e15ad8494d634f,ce650233968c67c6fcc83a0a16c2875a
7d62368f826df75620ed129c00651b2d51ade7de288ddc3711e15ad8494d634f,62312b633307d3aef28c89b83532c1d6
7d62368f826df75620ed129c00651b2d51ade7de288ddc3711e15ad8494d634f,dea8dc556b7d79e0d63ac41754d9981d
7d62368f826df75620ed129c00651b2d51ade7de288ddc3711e15ad8494d634f,09e0d9e7c7a89bb778bd03b503948b10
4ed9dd9944975ae0da5ef1c743a820d51d13a4a915ee2cef2b56b4a28557f6a0,8757ce8b0aa8a36889e2f22dd390bb12
4ed9dd9944975ae0da5ef1c743a820d51d13a4a915ee2cef2b56b4a28557f6a0,bece60cbd52aed73f2c633a6a1dcce7f
4ed9dd9944975ae0da5ef1c743a820d51d13a4a915ee2cef2b56b4a28557f6a0,7e87e84dbef4c494071b9da2b90baa10
4ed9dd9944975ae0da5ef1c743a820d51d13a4a915ee2cef2b56b4a28557f6a0,8aba5f2d465d124aae80ee5732c1b24e
4ed9dd9944975ae0da5ef1c743a820d51d13a4a915ee2cef2b56b4a28557f6a0,54ddd6932198e27eb9844db5a4722c15
4ed9dd9944975ae0da5ef1c743a820d51d13a4a915ee2cef2b56b4a28557f6a0,839f62284600ef35eb0bacdf6eff5162
4ed9dd9944975ae0da5ef1c743a820d51d13a4a915ee2cef2b56b4a28557f6a0,9fe188898edad0f7840185a00c6b5ea7
4ed9dd9944975ae0da5ef1c743a820d51d13a4a915ee2cef2b56b4a28557f6a0,1b6a4531d466038241244fda36612fad
4ed9dd9944975ae0da5ef1c743a820d51d13a4a915ee2cef2b56b4a28557f6a0,694dcd85d50538738fe0eecafe07c130
4ed9dd9944975ae0da5ef1c743a820d51d13a4a915ee2cef2b56b4a28557f6a0,fb6c05080e8df5a1642f95555dcb2675
4ed9dd9944975ae0da5ef1c743a820d51d13a4a915ee2cef2b56b4a28557f6a0,720631b1051e40280b251b03931c93f0
4ed9dd9944975ae0da5ef1c743a820d51d13a4a915ee2cef2b56b4a28557f6a0,b1b82cdc9e682fe507d462cd59b58c0f
4ed9dd9944975ae0da5ef1c743a820d51d13a4a915ee2cef2b56b4a28557f6a0,8c7dbd31d5e42c608c71396008688c6d
4ed9dd9944975ae0da5ef1c743a820d51d13a4a915ee2cef2b56b4a28557f6a0,58a35b6ff7a76e90d38d90aff351c7cc
4ed9dd9944975ae0da5ef1c743a820d51d13a4a915ee2cef2b56b4a28557f6a0,cf4cecd45767a7869beb3623b145be6f
4ed9dd9944975ae0da5ef1c743a820d51d13a4a915ee2cef2b56b4a28557f6a0,d04ac1d55ab43e7d0823b6aa8fc74af8
4ed9dd9944975ae0da5ef1c743a820d51d13a4a915ee2cef2b56b4a28557f6a0,5382fe974fc853b63fb7a7b7be9d0fe5
4ed9dd9944975ae0da5ef1c743a820d51d13a4a915ee2cef2b56b4a28557f6a0,8f7357db37620e87c9f741f90f8df97a
4ed9dd9944975ae0da5ef1c743a820d51d13a4a915ee2cef2b56b4a28557f6a0,04b8de6062933ca6166da9759287f141
4ed9dd9944975ae0da5ef1c743a820d51d13a4a915ee2cef2b56b4a28557f6a0,e461e1c9cd9a613821d766da471200ab
4ed9dd9944975ae0da5ef1c743a820d51d13a4a915ee2cef2b56b4a28557f6a0,753c12f5c92c2846be03c523f655813a
4ed9dd9944975ae0da5ef1c743a820d51d13a4a915ee2cef2b56b4a28557f6a0,70450d49617b6c1175572ae36c576444
4ed9dd9944975ae0da5ef1c743a820d51d13a4a915ee2cef2b56b4a28557f6a0,ded6498c74478ff0b3232fb7da34da53
4ed9dd9944975ae0da5ef1c743a820d51d13a4a915ee2cef2b56b4a28557f6a0,e02aff8ffa9fa98ecab3699e8f8a2f47
4ed9dd9944975ae0da5ef1c743a820d51d13a4a915ee2cef2b56b4a28557f6a0,716e08609ba066eb1cbd603f11d603b0
4ed9dd9944975ae0da5ef1c743a820d51d13a4a915ee2cef2b56b4a28557f6a0,4e6d76e3ecd583b9398b2560269e30c7
4ed9dd9944975ae0da5ef1c743a820d51d13a4a915ee2cef2b56b4a28557f6a0,a7ac51fcbe6100968384c033348efc01
4ed9dd9944975ae0da5ef1c743a820d51d13a4a915ee2cef2b56b4a28557f6a0,90e75250297c0dd1c68821c5fd2acc4f
4ed9dd9944975ae0da5ef1c743a820d51d13a4a915ee2cef2b56b4a28557f6a0,120afdd006d71599a46b428ad33ea96e
4ed9dd9944975ae0da5ef1c743a820d51d13a4a915ee2cef2b56b4a28557f6a0,15b5eb2b8dc86d3a5ead2ac63448716d
4ed9dd9944975ae0da5ef1c743a820d51d13a4a915ee2cef2b56b4a28557f6a0,2ee8c044e670082ca5483987ecb9e8f8
4ed9dd9944975ae0da5ef1c743a820d51d13a4a915ee2cef2b56b4a28557f6a0,7f3f73aa80d363aba9a631f4fcd2e5f4
4ed9dd9944975ae0da5ef1c743a820d51d13a4a915ee2cef2b56b4a28557f6a0,2ca98a810cada8f45ba6590f5a0a960c
4ed9dd9944975ae0da5ef1c743a820d51d13a4a915ee2cef2b56b4a28557f6a0,b88a18090c310d492cd88e29933af97a
4ed9dd9944975ae0da5ef1c743a820d51d13a4a915ee2cef2b56b4a28557f6a0,fcc9b75a29d5205463b6917e1be5fd02
4ed9dd9944975ae0da5ef1c743a820d51d13a4a915ee2cef2b56b4a28557f6a0,85c370eb83dd59a1995263556fa9e376
4ed9dd9944975ae0da5ef1c743a820d51d13a4a915ee2cef2b56b4a28557f6a0,6819f9265cabfdb011214e7494c84fc1
4ed9dd9944975ae0da5ef1c743a820d51d13a4a915ee2cef2b56b4a28557f6a0,19dd77bf226f488bea5c428356ef7218
4ed9dd9944975ae0da5ef1c743a820d51d13a4a915ee2cef2b56b4a28557f6a0,6e4e087fb34e6c283ed8b44d7db5164c
4ed9dd9944975ae0da5ef1c743a820d51d13a4a915ee2cef2b56b4a28557f6a0,003416c9a6e05de4a68236364bbcdb79
4ed9dd9944975ae0da5ef1c743a820d51d13a4a915ee2cef2b56b4a28557f6a0,4e943ab57d251a8afcc6fc7123f65eab
4ed9dd9944975ae0da5ef1c743a820d51d13a4a915ee2cef2b56b4a28557f6a0,1f39fafe35c8840e6ebce70b3aa9c424
4ed9dd9944975ae0da5ef1c743a820d51d13a4a915ee2cef2b56b4a28557f6a0,a3eb9d2b4fbfc748af5d259d54f579e8
4ed9dd9944975ae0da5ef1c743a820d51d13a4a915ee2cef2b56b4a28557f6a0,50d2dcde3dc2e0f858c35f232b92b339
4ed9dd9944975ae0da5ef1c743a820d51d13a4a915ee2cef2b56b4a28557f6a0,2dd284c61bbc25a61a7389bef08d948c
4ed9dd9944975ae0da5ef1c743a820d51d13a4a915ee2cef2b56b4a28557f6a0,1043167276677db6ad00f02ae5aa9f1b
4ed9dd9944975ae0da5ef1c743a820d51d13a4a915ee2cef2b56b4a28557f6a0,e4455d2ade7e75ff58d828c3109ae085
4ed9dd9944975ae0da5ef1c743a820d51d13a4a915ee2cef2b56b4a28557f6a0,cc527b827ad5bc722e87166c9b0a4664
4ed9dd9944975ae0da5ef1c743a820d51d13a4a915ee2cef2b56b4a28557f6a0,0ab23792ae70d7c5f790a131c2c53a88
4ed9dd9944975ae0da5ef1c743a820d51d13a4a915ee2cef2b56b4a28557f6a0,05a5982614afc3bf0eec8ad0af5c297b
88ad8b0db60b5a2461a0d47b89f90cb8bf6c9861d387c6f2a069c578f647fe1c,e3770d5c1546855aafcddb9fb1d7942d
88ad8b0db60b5a2461a0d47b89f90cb8bf6c9861d387c6f2a069c578f647fe1c,22f51c76e1a24b3b36abcedc34169d79
88ad8b0db60b5a2461a0d47b89f90cb8bf6c9861d387c6f2a069c578f647fe1c,1feb9f16343b3c1ca548acf5b92db61d
88ad8b0db60b5a2461a0d47b89f90cb8bf6c9861d387c6f2a069c578f647fe1c,187a4cc4a3ab810e4ea026b796173e69
88ad8b0db60b5a2461a0d47b89f90cb8bf6c9861d387c6f2a069c578f647fe1c,7ba9e83a0a3cc7406582d07992ba1979
88ad8b0db60b5a2461a0d47b89f90cb8bf6c9861d387c6f2a069c578f647fe1c,9651419af4ac8058cb9abf7384253ef2
88ad8b0db60b5a2461a0d47b89f90cb8bf6c9861d387c6f2a069c578f647fe1c,24ce4e590ef529f47da7c0840c72a1c0
88ad8b0db60b5a2461a0d47b89f90cb8bf6c9861d387c6f2a069c578f647fe1c,65098098cfd2bdff0e48421a8110dbd5
88ad8b0db60b5a2461a0d47b89f90cb8bf6c9861d387c6f2a069c578f647fe1c,37003a0c0d4fa68025b31e67e27e3484
88ad8b0db60b5a2461a0d47b89f90cb8bf6c9861d387c6f2a069c578f647fe1c,720631b1051e40280b251b03931c93f0
88ad8b0db60b5a2461a0d47b89f90cb8bf6c9861d387c6f2a069c578f647fe1c,58e2a4c30fd5958cc012c258237a45f3
88ad8b0db60b5a2461a0d47b89f90cb8bf6c9861d387c6f2a069c578f647fe1c,d9267b34743bc484f69715c6a89cfec9
88ad8b0db60b5a2461a0d47b89f90cb8bf6c9861d387c6f2a069c578f647fe1c,89a7a7f985c6b7c68ed138763600646e
88ad8b0db60b5a2461a0d47b89f90cb8bf6c9861d387c6f2a069c578f647fe1c,2b872b1334319362bac2889da2f179cf
88ad8b0db60b5a2461a0d47b89f90cb8bf6c9861d387c6f2a069c578f647fe1c,d04ac1d55ab43e7d0823b6aa8fc74af8
88ad8b0db60b5a2461a0d47b89f90cb8bf6c9861d387c6f2a069c578f647fe1c,8c3c03f5702d566a29dd55d445fdb72c
88ad8b0db60b5a2461a0d47b89f90cb8bf6c9861d387c6f2a069c578f647fe1c,3d6ad9a06d5d6a232276c27c1cb83d0a
88ad8b0db60b5a2461a0d47b89f90cb8bf6c9861d387c6f2a069c578f647fe1c,645d91ce8979f760a1549cdbbdef14ac
88ad8b0db60b5a2461a0d47b89f90cb8bf6c9861d387c6f2a069c578f647fe1c,6329a21651371925c00afdaa81ac85d2
88ad8b0db60b5a2461a0d47b89f90cb8bf6c9861d387c6f2a069c578f647fe1c,0c4f6c83e1543d5cf22673a3417d25c8
88ad8b0db60b5a2461a0d47b89f90cb8bf6c9861d387c6f2a069c578f647fe1c,42eecf22c0eca62117507588a18014e3
88ad8b0db60b5a2461a0d47b89f90cb8bf6c9861d387c6f2a069c578f647fe1c,6ad5b0628c8772cdefc9c54d1106a518
88ad8b0db60b5a2461a0d47b89f90cb8bf6c9861d387c6f2a069c578f647fe1c,9c5234de37d89f9fc053b6e2b40560aa
88ad8b0db60b5a2461a0d47b89f90cb8bf6c9861d387c6f2a069c578f647fe1c,93bbcf380f8763c3cd4b7111b29a2c65
88ad8b0db60b5a2461a0d47b89f90cb8bf6c9861d387c6f2a069c578f647fe1c,93bbcf380f8763c3cd4b7111b29a2c65
88ad8b0db60b5a2461a0d47b89f90cb8bf6c9861d387c6f2a069c578f647fe1c,f1822050e1d4192502ce0eb1c3bcc88f
88ad8b0db60b5a2461a0d47b89f90cb8bf6c9861d387c6f2a069c578f647fe1c,27d938cb963337b9ddff983997c66cd2
88ad8b0db60b5a2461a0d47b89f90cb8bf6c9861d387c6f2a069c578f647fe1c,2a166fa84530083fb612bb456e8b818f
88ad8b0db60b5a2461a0d47b89f90cb8bf6c9861d387c6f2a069c578f647fe1c,ea283ddcdb5f093860559e619684334f
88ad8b0db60b5a2461a0d47b89f90cb8bf6c9861d387c6f2a069c578f647fe1c,3bcd0b7fcebea0fa6b9e932b8ff015e9
88ad8b0db60b5a2461a0d47b89f90cb8bf6c9861d387c6f2a069c578f647fe1c,6ada2f7d3026f475b2d6d9990b6defd4
88ad8b0db60b5a2461a0d47b89f90cb8bf6c9861d387c6f2a069c578f647fe1c,3c39c59ce084dc0b77cff434ebf0b766
88ad8b0db60b5a2461a0d47b89f90cb8bf6c9861d387c6f2a069c578f647fe1c,15af1f5af9a0cd6257402f5100c46a89
88ad8b0db60b5a2461a0d47b89f90cb8bf6c9861d387c6f2a069c578f647fe1c,4ce7b290a043f1341b419597bda1869c
88ad8b0db60b5a2461a0d47b89f90cb8bf6c9861d387c6f2a069c578f647fe1c,d1aa582add2c33cc29ff4cd46031981b
88ad8b0db60b5a2461a0d47b89f90cb8bf6c9861d387c6f2a069c578f647fe1c,b71790c65427fb29119fa171d05e9caa
88ad8b0db60b5a2461a0d47b89f90cb8bf6c9861d387c6f2a069c578f647fe1c,fd11316656129db6c1b5a6c48e1d885f
88ad8b0db60b5a2461a0d47b89f90cb8bf6c9861d387c6f2a069c578f647fe1c,f1f99d5ef4f3018625cfc18c1c1e5a72
88ad8b0db60b5a2461a0d47b89f90cb8bf6c9861d387c6f2a069c578f647fe1c,aeab95509655cad0268ec6745adfedb4
88ad8b0db60b5a2461a0d47b89f90cb8bf6c9861d387c6f2a069c578f647fe1c,a0cf7f9e7db6bc8a9d763aa75a2afb2a
88ad8b0db60b5a2461a0d47b89f90cb8bf6c9861d387c6f2a069c578f647fe1c,50d2dcde3dc2e0f858c35f232b92b339
88ad8b0db60b5a2461a0d47b89f90cb8bf6c9861d387c6f2a069c578f647fe1c,fb632a5b725047d26450745a160862b3
88ad8b0db60b5a2461a0d47b89f90cb8bf6c9861d387c6f2a069c578f647fe1c,e4455d2ade7e75ff58d828c3109ae085
88ad8b0db60b5a2461a0d47b89f90cb8bf6c9861d387c6f2a069c578f647fe1c,05d601889a457c653b906f9d9aabf2d2
88ad8b0db60b5a2461a0d47b89f90cb8bf6c9861d387c6f2a069c578f647fe1c,04ae82ae4f49c7e8807e2cbb096bec2d
88ad8b0db60b5a2461a0d47b89f90cb8bf6c9861d387c6f2a069c578f647fe1c,4a02d49b08d3413524732cc44a4dc148
88ad8b0db60b5a2461a0d47b89f90cb8bf6c9861d387c6f2a069c578f647fe1c,da4220a63d4de31fbddfe595f0f3d9b0
88ad8b0db60b5a2461a0d47b89f90cb8bf6c9861d387c6f2a069c578f647fe1c,a3215c1d576954fa04e74d1fbe922c38
88ad8b0db60b5a2461a0d47b89f90cb8bf6c9861d387c6f2a069c578f647fe1c,dfe1b076a89454425969ee53d684354c
88ad8b0db60b5a2461a0d47b89f90cb8bf6c9861d387c6f2a069c578f647fe1c,585fd064f4b3fc2775f8e10a9f39e082
9769801f7611c0aa96acfaefef02f54c5eff42448b39a2fb4dc6ca9847a24455,1a9409288d984a0b1e18f596f562732e
9769801f7611c0aa96acfaefef02f54c5eff42448b39a2fb4dc6ca9847a24455,1916f5b753c871ca189aa05a29f0ea6c
9769801f7611c0aa96acfaefef02f54c5eff42448b39a2fb4dc6ca9847a24455,a2781babdcc9bd0aec67d5db1f6640d2
9769801f7611c0aa96acfaefef02f54c5eff42448b39a2fb4dc6ca9847a24455,62a4c1babd758bf44f81eaf77357e103
9769801f7611c0aa96acfaefef02f54c5eff42448b39a2fb4dc6ca9847a24455,9eafe1b2b2a145ccafed8dd7988a458c
9769801f7611c0aa96acfaefef02f54c5eff42448b39a2fb4dc6ca9847a24455,4de2e89a7bc303b08145e5ca08868af7
9769801f7611c0aa96acfaefef02f54c5eff42448b39a2fb4dc6ca9847a24455,b34d6d3f387d345041abf489c53f8171
9769801f7611c0aa96acfaefef02f54c5eff42448b39a2fb4dc6ca9847a24455,b3279272bc2cd61a6d2d52d53b68704b
9769801f7611c0aa96acfaefef02f54c5eff42448b39a2fb4dc6ca9847a24455,1176ffd52df2d5636220c7f447b0a12a
9769801f7611c0aa96acfaefef02f54c5eff42448b39a2fb4dc6ca9847a24455,bb11e687164275f57c5428cf72bc8b6e
9769801f7611c0aa96acfaefef02f54c5eff42448b39a2fb4dc6ca9847a24455,46a7e691154ea9bc72e38cea3a1a76b0
9769801f7611c0aa96acfaefef02f54c5eff42448b39a2fb4dc6ca9847a24455,ad8293633ec2b8b14bc8a5d92431fc01
9769801f7611c0aa96acfaefef02f54c5eff42448b39a2fb4dc6ca9847a24455,109cba88c662897487b765e3bb977f1c
9769801f7611c0aa96acfaefef02f54c5eff42448b39a2fb4dc6ca9847a24455,0a25f4285f636a2e0b9522783d9f43f2
9769801f7611c0aa96acfaefef02f54c5eff42448b39a2fb4dc6ca9847a24455,66060092a576954c2aa5cc595d40e41b
9769801f7611c0aa96acfaefef02f54c5eff42448b39a2fb4dc6ca9847a24455,7891b99f39eb36f7b600ac4150c0a385
9769801f7611c0aa96acfaefef02f54c5eff42448b39a2fb4dc6ca9847a24455,7083dc1d6f35a554827abb6650ae415f
9769801f7611c0aa96acfaefef02f54c5eff42448b39a2fb4dc6ca9847a24455,f20b32eb0d6f1061c814a1a1f8c5ff3e
9769801f7611c0aa96acfaefef02f54c5eff42448b39a2fb4dc6ca9847a24455,1bf74eba74ef14d877541fdcd25e3bb9
9769801f7611c0aa96acfaefef02f54c5eff42448b39a2fb4dc6ca9847a24455,69065f54c6e7dc6107f80b67e9fd5b29
9769801f7611c0aa96acfaefef02f54c5eff42448b39a2fb4dc6ca9847a24455,a30eee0b955a68112a5dab4e72078d87
9769801f7611c0aa96acfaefef02f54c5eff42448b39a2fb4dc6ca9847a24455,0ff2e5e2b309986784e954201fc08f31
9769801f7611c0aa96acfaefef02f54c5eff42448b39a2fb4dc6ca9847a24455,27393ac9e1402f5744cf9b2381109ff1
9769801f7611c0aa96acfaefef02f54c5eff42448b39a2fb4dc6ca9847a24455,3078df930235f86bc0fa30ac017c2a78
9769801f7611c0aa96acfaefef02f54c5eff42448b39a2fb4dc6ca9847a24455,67dfc923b7fe4ab6eb9cf19427177305
9769801f7611c0aa96acfaefef02f54c5eff42448b39a2fb4dc6ca9847a24455,fcc14a680743a5c3288120d80a8de611
9769801f7611c0aa96acfaefef02f54c5eff42448b39a2fb4dc6ca9847a24455,fcc9b75a29d5205463b6917e1be5fd02
9769801f7611c0aa96acfaefef02f54c5eff42448b39a2fb4dc6ca9847a24455,934c4bfb605e43b135d601886ef10186
9769801f7611c0aa96acfaefef02f54c5eff42448b39a2fb4dc6ca9847a24455,19dd77bf226f488bea5c428356ef7218
9769801f7611c0aa96acfaefef02f54c5eff42448b39a2fb4dc6ca9847a24455,29a8a51effd798e06d38198dcc8c5a28
9769801f7611c0aa96acfaefef02f54c5eff42448b39a2fb4dc6ca9847a24455,bc0e83b662b48f931ba64e431251d2e8
9769801f7611c0aa96acfaefef02f54c5eff42448b39a2fb4dc6ca9847a24455,7e9551eacad839d5c4fa6b6f842d3ed6
9769801f7611c0aa96acfaefef02f54c5eff42448b39a2fb4dc6ca9847a24455,643f08769dfba06ae9b5f5fca366dfaf
9769801f7611c0aa96acfaefef02f54c5eff42448b39a2fb4dc6ca9847a24455,449df0f22c89bbb2812675e4230d66b6
9769801f7611c0aa96acfaefef02f54c5eff42448b39a2fb4dc6ca9847a24455,5fc1b6ad887321e636c4514e9eadb6d5
9769801f7611c0aa96acfaefef02f54c5eff42448b39a2fb4dc6ca9847a24455,1f39fafe35c8840e6ebce70b3aa9c424
9769801f7611c0aa96acfaefef02f54c5eff42448b39a2fb4dc6ca9847a24455,0212d52b7b3af9285a788ba3396cba68
9769801f7611c0aa96acfaefef02f54c5eff42448b39a2fb4dc6ca9847a24455,51e0123f8a8fd0016a02803a0b1cd764
9769801f7611c0aa96acfaefef02f54c5eff42448b39a2fb4dc6ca9847a24455,aef1de7c703d4373a9378fbfd911b520
9769801f7611c0aa96acfaefef02f54c5eff42448b39a2fb4dc6ca9847a24455,5a1bdc6fa3a6e1d6895e144433653a6f
9769801f7611c0aa96acfaefef02f54c5eff42448b39a2fb4dc6ca9847a24455,79fa285f8b857cc02e1aa218377cc792
9769801f7611c0aa96acfaefef02f54c5eff42448b39a2fb4dc6ca9847a24455,4fbd5b04a6f53fc0419f4b22d6dfa18e
9769801f7611c0aa96acfaefef02f54c5eff42448b39a2fb4dc6ca9847a24455,19030b152c4cd7551e466bc2f0c46cfd
9769801f7611c0aa96acfaefef02f54c5eff42448b39a2fb4dc6ca9847a24455,b0cc670d3e7d4e3c1c78a3737c969a1d
9769801f7611c0aa96acfaefef02f54c5eff42448b39a2fb4dc6ca9847a24455,9fe002db122b254cf4e69d5da274351f
9769801f7611c0aa96acfaefef02f54c5eff42448b39a2fb4dc6ca9847a24455,a831dc0e66cdfe570b23031071c452a9
9769801f7611c0aa96acfaefef02f54c5eff42448b39a2fb4dc6ca9847a24455,0157d23dd65b7a7a77302c45fb9a9832
9769801f7611c0aa96acfaefef02f54c5eff42448b39a2fb4dc6ca9847a24455,4c1c73fdc4b604332f5f86d1506cfad4
9769801f7611c0aa96acfaefef02f54c5eff42448b39a2fb4dc6ca9847a24455,15d5f4240efbe242fb6d9c93a5888517
9769801f7611c0aa96acfaefef02f54c5eff42448b39a2fb4dc6ca9847a24455,54821fd252e7af185274e0066ca839bb
fe9fd9095290d02902806dde9aeec17779bf6f83061654e13692dfd516f2e6e8,cdff62dec895a3eb5d18125953df12b6
fe9fd9095290d02902806dde9aeec17779bf6f83061654e13692dfd516f2e6e8,f37c371ae40b19222f3e4cb2653d3542
fe9fd9095290d02902806dde9aeec17779bf6f83061654e13692dfd516f2e6e8,782a5f6db24281c190576cd854956067
fe9fd9095290d02902806dde9aeec17779bf6f83061654e13692dfd516f2e6e8,8c86d437d07a73b4294fef8ec996525e
fe9fd9095290d02902806dde9aeec17779bf6f83061654e13692dfd516f2e6e8,75a93107bd3a57974f7663e77ee63cdb
fe9fd9095290d02902806dde9aeec17779bf6f83061654e13692dfd516f2e6e8,67136d23c0f49b9e3d1d422ad2b71dcb
fe9fd9095290d02902806dde9aeec17779bf6f83061654e13692dfd516f2e6e8,a2703d50ff54575a3e5fd0b98626cb4b
fe9fd9095290d02902806dde9aeec17779bf6f83061654e13692dfd516f2e6e8,1f17757bf8a28c7ba9a592de5acdfba2
fe9fd9095290d02902806dde9aeec17779bf6f83061654e13692dfd516f2e6e8,e1a8cd95dfee0dbd3e531f4ed9eeb969
fe9fd9095290d02902806dde9aeec17779bf6f83061654e13692dfd516f2e6e8,af9bd4f1068d48670f2e2791a3f85453
fe9fd9095290d02902806dde9aeec17779bf6f83061654e13692dfd516f2e6e8,003c57b82b9e8c047d8e6ee554cea9c3
fe9fd9095290d02902806dde9aeec17779bf6f83061654e13692dfd516f2e6e8,deab0e7136754434fa3b7093323b3526
fe9fd9095290d02902806dde9aeec17779bf6f83061654e13692dfd516f2e6e8,99ddd2d0b701c412d33ac9f82e13dad8
fe9fd9095290d02902806dde9aeec17779bf6f83061654e13692dfd516f2e6e8,a1b1826a7e8d02f7b6d6ba51493eedb9
fe9fd9095290d02902806dde9aeec17779bf6f83061654e13692dfd516f2e6e8,51e0123f8a8fd0016a02803a0b1cd764
fe9fd9095290d02902806dde9aeec17779bf6f83061654e13692dfd516f2e6e8,617b9b874149a14bd0f887a90cdf852b
fe9fd9095290d02902806dde9aeec17779bf6f83061654e13692dfd516f2e6e8,a8a54676c00d3f1597f36df56e9dc9c1
fe9fd9095290d02902806dde9aeec17779bf6f83061654e13692dfd516f2e6e8,a831dc0e66cdfe570b23031071c452a9
2f1bc949ed48dfae19c6aedd7aed99d2993544850ef03db3aa8d2cf804e4efc0,0f58b71bb3bdbb721f873de2c6f38f4a
2f1bc949ed48dfae19c6aedd7aed99d2993544850ef03db3aa8d2cf804e4efc0,0e1b95d4efc68e96a187428af9dcea6c
2f1bc949ed48dfae19c6aedd7aed99d2993544850ef03db3aa8d2cf804e4efc0,bc256be644d76d59d05156ff4bfa2aae
2f1bc949ed48dfae19c6aedd7aed99d2993544850ef03db3aa8d2cf804e4efc0,b17432fb151c45a55d25aec243ddfdc6
2f1bc949ed48dfae19c6aedd7aed99d2993544850ef03db3aa8d2cf804e4efc0,8e08d21d096191f8f51aeb2f1c50c461
2f1bc949ed48dfae19c6aedd7aed99d2993544850ef03db3aa8d2cf804e4efc0,f1822050e1d4192502ce0eb1c3bcc88f
2f1bc949ed48dfae19c6aedd7aed99d2993544850ef03db3aa8d2cf804e4efc0,f92595d6b39b3ee8fe36c1e92f7a690d
2f1bc949ed48dfae19c6aedd7aed99d2993544850ef03db3aa8d2cf804e4efc0,c7371fd2814b9526c39d2e585bdf0413
2f1bc949ed48dfae19c6aedd7aed99d2993544850ef03db3aa8d2cf804e4efc0,653a9dc746f98c8a672a06289f1fbabf
2f1bc949ed48dfae19c6aedd7aed99d2993544850ef03db3aa8d2cf804e4efc0,ced891fc9493dd8734d219a7c66ba2f3
2f1bc949ed48dfae19c6aedd7aed99d2993544850ef03db3aa8d2cf804e4efc0,9589ec856cece253ae378e767b11e438
2f1bc949ed48dfae19c6aedd7aed99d2993544850ef03db3aa8d2cf804e4efc0,d859c16f443209f75dbabeb90ef9fecd
2f1bc949ed48dfae19c6aedd7aed99d2993544850ef03db3aa8d2cf804e4efc0,0ffb6db94c59da24f0c8f7db76021036
2f1bc949ed48dfae19c6aedd7aed99d2993544850ef03db3aa8d2cf804e4efc0,ec05d7029761bffbcd9b89511e58885b
2f1bc949ed48dfae19c6aedd7aed99d2993544850ef03db3aa8d2cf804e4efc0,53f386169183d5f2ef2f3e79703fbc95
2f1bc949ed48dfae19c6aedd7aed99d2993544850ef03db3aa8d2cf804e4efc0,559408b7de86bf39154887b82e4033c8
2f1bc949ed48dfae19c6aedd7aed99d2993544850ef03db3aa8d2cf804e4efc0,897b4eda4eb344ea29d09ffba0cd9d5a
2f1bc949ed48dfae19c6aedd7aed99d2993544850ef03db3aa8d2cf804e4efc0,db4ea57a43b00932b59c78f57dcb001a
2f1bc949ed48dfae19c6aedd7aed99d2993544850ef03db3aa8d2cf804e4efc0,4a02d49b08d3413524732cc44a4dc148
2f1bc949ed48dfae19c6aedd7aed99d2993544850ef03db3aa8d2cf804e4efc0,ba2c4b152ad7c156ddf30fde644e2a9b
5d3d75299e1d9725873618f51ba229a01ba4275d702767ae28091d8c3d8853da,a67c0fb2f2f649428f5cc608477dcdee
5d3d75299e1d9725873618f51ba229a01ba4275d702767ae28091d8c3d8853da,ed1ab738384f4a66139e5d90df397241
5d3d75299e1d9725873618f51ba229a01ba4275d702767ae28091d8c3d8853da,26178780e1322e8211d67197b4b0d306
5d3d75299e1d9725873618f51ba229a01ba4275d702767ae28091d8c3d8853da,a20fd27c79dc7db8353a6be39458e70f
5d3d75299e1d9725873618f51ba229a01ba4275d702767ae28091d8c3d8853da,90e75250297c0dd1c68821c5fd2acc4f
5d3d75299e1d9725873618f51ba229a01ba4275d702767ae28091d8c3d8853da,f03e089f3a388b78f6be807352322c9d
5d3d75299e1d9725873618f51ba229a01ba4275d702767ae28091d8c3d8853da,df23f13b60a6160245f3a7e0ea9967a0
5d3d75299e1d9725873618f51ba229a01ba4275d702767ae28091d8c3d8853da,06c7865719deac594830fd22efd3153d
5d3d75299e1d9725873618f51ba229a01ba4275d702767ae28091d8c3d8853da,4ffbf396cfa77dbbdc05a431f4d7c50a
5d3d75299e1d9725873618f51ba229a01ba4275d702767ae28091d8c3d8853da,b3f26ab31365dece4440fd1a249593db
5d3d75299e1d9725873618f51ba229a01ba4275d702767ae28091d8c3d8853da,51b3f64d789e8c05bd46a1e37d00e4c5
5d3d75299e1d9725873618f51ba229a01ba4275d702767ae28091d8c3d8853da,92aed8433c89ce49177b5be937efe608
5d3d75299e1d9725873618f51ba229a01ba4275d702767ae28091d8c3d8853da,d50d17cc7bfaf810e41cbab6a4010823
5d3d75299e1d9725873618f51ba229a01ba4275d702767ae28091d8c3d8853da,9729f387fd9ff563b34630381b5ddf19
5d3d75299e1d9725873618f51ba229a01ba4275d702767ae28091d8c3d8853da,de0b62e7199d7308c318fb9d9c0f93bc
5d3d75299e1d9725873618f51ba229a01ba4275d702767ae28091d8c3d8853da,d569e39facabbc21da304080ec478fbc
f3d2ca3e4c02c84304cd7198e62a39cad3e8fac36c86a9fab398e74c28df90e2,380bbaff8beefe336ed6dd35fce9b636
f3d2ca3e4c02c84304cd7198e62a39cad3e8fac36c86a9fab398e74c28df90e2,08ff0d73b44cea62aea5a6bbb81297b5
f3d2ca3e4c02c84304cd7198e62a39cad3e8fac36c86a9fab398e74c28df90e2,9d5dfe08ddc6d67ccd1a12c5590a68d2
f3d2ca3e4c02c84304cd7198e62a39cad3e8fac36c86a9fab398e74c28df90e2,095fb7bb04090f4f6c9bf0d84cd421f7
f3d2ca3e4c02c84304cd7198e62a39cad3e8fac36c86a9fab398e74c28df90e2,fcaf32730a672eb6cf2fb429f9014826
f3d2ca3e4c02c84304cd7198e62a39cad3e8fac36c86a9fab398e74c28df90e2,dbf4d7932703eddcaeec758d8ed4b592
f3d2ca3e4c02c84304cd7198e62a39cad3e8fac36c86a9fab398e74c28df90e2,7083dc1d6f35a554827abb6650ae415f
f3d2ca3e4c02c84304cd7198e62a39cad3e8fac36c86a9fab398e74c28df90e2,d14c6662682f613452ac6a6430046ee5
f3d2ca3e4c02c84304cd7198e62a39cad3e8fac36c86a9fab398e74c28df90e2,28ff9e901088900c9fce8232efaf2b9f
f3d2ca3e4c02c84304cd7198e62a39cad3e8fac36c86a9fab398e74c28df90e2,ab0593e0f4500378277c153cf4cecaf6
f3d2ca3e4c02c84304cd7198e62a39cad3e8fac36c86a9fab398e74c28df90e2,d3846b80db84e751c6748ab2c0fcff2e
f3d2ca3e4c02c84304cd7198e62a39cad3e8fac36c86a9fab398e74c28df90e2,67dcf2bed2705c65159103b7d6c093fd
f3d2ca3e4c02c84304cd7198e62a39cad3e8fac36c86a9fab398e74c28df90e2,a045b5fb4703fbb0727091645a1b3880
f3d2ca3e4c02c84304cd7198e62a39cad3e8fac36c86a9fab398e74c28df90e2,d0c302b27bdcee4dbc7e915b235ad203
f3d2ca3e4c02c84304cd7198e62a39cad3e8fac36c86a9fab398e74c28df90e2,94c526cebf661a2cac83af07595ec930
f3d2ca3e4c02c84304cd7198e62a39cad3e8fac36c86a9fab398e74c28df90e2,12d0a90d35ad924726456b17665e9805
f3d2ca3e4c02c84304cd7198e62a39cad3e8fac36c86a9fab398e74c28df90e2,fede65dfd61020d7f1bb27bd581dd898
f3d2ca3e4c02c84304cd7198e62a39cad3e8fac36c86a9fab398e74c28df90e2,74131b0da084be7d6bd3d0ed22bf6207
f3d2ca3e4c02c84304cd7198e62a39cad3e8fac36c86a9fab398e74c28df90e2,41cb45de2ed18d34d2b9a693d89ea030
f3d2ca3e4c02c84304cd7198e62a39cad3e8fac36c86a9fab398e74c28df90e2,6f9f4ac030f0308b512202292a97eaea
29385076858f2d3088c7eb8f33fb2453ce736c0dd4d571896ef1f93c20702e00,78d58f9e7f7a3e99f9b37f9a2f404bde
29385076858f2d3088c7eb8f33fb2453ce736c0dd4d571896ef1f93c20702e00,8ed3d985c76df705c3416d0c14f9a89a
29385076858f2d3088c7eb8f33fb2453ce736c0dd4d571896ef1f93c20702e00,acc1a9c0ecb85b74989eaf2205bc504d
29385076858f2d3088c7eb8f33fb2453ce736c0dd4d571896ef1f93c20702e00,b35e1cbc8b26b8327fe0f47766da47a0
29385076858f2d3088c7eb8f33fb2453ce736c0dd4d571896ef1f93c20702e00,db64cb936f65b0aa047a756c5db04940
29385076858f2d3088c7eb8f33fb2453ce736c0dd4d571896ef1f93c20702e00,e9467e4f553b063bb8d245c52ca245ae
29385076858f2d3088c7eb8f33fb2453ce736c0dd4d571896ef1f93c20702e00,29657d62b5d1c46c19b30a7407dc424f
29385076858f2d3088c7eb8f33fb2453ce736c0dd4d571896ef1f93c20702e00,267cefaed33d88bf7320b41a3a6aade0
29385076858f2d3088c7eb8f33fb2453ce736c0dd4d571896ef1f93c20702e00,a41fe88e8fffc18947904b2406b40942
29385076858f2d3088c7eb8f33fb2453ce736c0dd4d571896ef1f93c20702e00,5b171abb4b9a27bddae5d0891e5fedd2
29385076858f2d3088c7eb8f33fb2453ce736c0dd4d571896ef1f93c20702e00,cea29d472504ee28aedd12b33965ac1b
29385076858f2d3088c7eb8f33fb2453ce736c0dd4d571896ef1f93c20702e00,1eec7185b81d9fe1a4e65dd2dd151820
29385076858f2d3088c7eb8f33fb2453ce736c0dd4d571896ef1f93c20702e00,b1ba141031e1ecdbe89f7c73d8b1cfff
29385076858f2d3088c7eb8f33fb2453ce736c0dd4d571896ef1f93c20702e00,01d7ad9e9825fa058d7105e03c18fa4d
29385076858f2d3088c7eb8f33fb2453ce736c0dd4d571896ef1f93c20702e00,4df28a60d4b7accd875f52e2252c8332
29385076858f2d3088c7eb8f33fb2453ce736c0dd4d571896ef1f93c20702e00,d069e26b47e4ac6d9ec23f14f8d9a7f0
29385076858f2d3088c7eb8f33fb2453ce736c0dd4d571896ef1f93c20702e00,ca0e13a7a2539632a5a3eb19d2b0d632
29385076858f2d3088c7eb8f33fb2453ce736c0dd4d571896ef1f93c20702e00,d56cce8ee938fc8c2447f5f454f723f1
29385076858f2d3088c7eb8f33fb2453ce736c0dd4d571896ef1f93c20702e00,87aa83ccce8bd2b26394f5146fe68f84
29385076858f2d3088c7eb8f33fb2453ce736c0dd4d571896ef1f93c20702e00,76571b467810fcf3a2e882fadc1d8478
29385076858f2d3088c7eb8f33fb2453ce736c0dd4d571896ef1f93c20702e00,a93226463f7d88edbe8749a58ab602cd
29385076858f2d3088c7eb8f33fb2453ce736c0dd4d571896ef1f93c20702e00,ab810e39a7341e0802b79f2c0b4ab3da
29385076858f2d3088c7eb8f33fb2453ce736c0dd4d571896ef1f93c20702e00,f92595d6b39b3ee8fe36c1e92f7a690d
29385076858f2d3088c7eb8f33fb2453ce736c0dd4d571896ef1f93c20702e00,688128829a91d214cbb668bf8a727f4f
29385076858f2d3088c7eb8f33fb2453ce736c0dd4d571896ef1f93c20702e00,d3c466cda0dd86b3cb5d780d5ad4954f
29385076858f2d3088c7eb8f33fb2453ce736c0dd4d571896ef1f93c20702e00,afeb6704d0b63a5f24021ef0fc6f1eb1
29385076858f2d3088c7eb8f33fb2453ce736c0dd4d571896ef1f93c20702e00,9c293ca5b6f794074ca8a94b3caca2cc
29385076858f2d3088c7eb8f33fb2453ce736c0dd4d571896ef1f93c20702e00,ddf9b4ef22d0cb198ce7c7ca1419a234
29385076858f2d3088c7eb8f33fb2453ce736c0dd4d571896ef1f93c20702e00,5a594e15c4a6174f3698834be48d9e30
29385076858f2d3088c7eb8f33fb2453ce736c0dd4d571896ef1f93c20702e00,aa6282e9b620219e4a7f47c009ccb064
29385076858f2d3088c7eb8f33fb2453ce736c0dd4d571896ef1f93c20702e00,156c0fe208869006b23e69e6d22d430a
29385076858f2d3088c7eb8f33fb2453ce736c0dd4d571896ef1f93c20702e00,65c5cc88c4087075aeb9b55b18aad99b
29385076858f2d3088c7eb8f33fb2453ce736c0dd4d571896ef1f93c20702e00,151e043f2f0cfab2a8efb2059d38d5fa
29385076858f2d3088c7eb8f33fb2453ce736c0dd4d571896ef1f93c20702e00,e128908a1dd546b0e31aad7c3449d22e
29385076858f2d3088c7eb8f33fb2453ce736c0dd4d571896ef1f93c20702e00,86510dc84fc68c5799b4aaec58f3013a
29385076858f2d3088c7eb8f33fb2453ce736c0dd4d571896ef1f93c20702e00,06c7865719deac594830fd22efd3153d
29385076858f2d3088c7eb8f33fb2453ce736c0dd4d571896ef1f93c20702e00,31a477078e985384389942e017cfce23
29385076858f2d3088c7eb8f33fb2453ce736c0dd4d571896ef1f93c20702e00,911686106d5a89bde3cd8996f55e7ec8
29385076858f2d3088c7eb8f33fb2453ce736c0dd4d571896ef1f93c20702e00,6f8c1ede7fee62f3184685fe43c8c472
29385076858f2d3088c7eb8f33fb2453ce736c0dd4d571896ef1f93c20702e00,de18b44209e5981a7aafda39c0df8928
29385076858f2d3088c7eb8f33fb2453ce736c0dd4d571896ef1f93c20702e00,ef912508ca41d3c516433207e52233bd
29385076858f2d3088c7eb8f33fb2453ce736c0dd4d571896ef1f93c20702e00,76f634f9646bd5c68f0013457039f10e
29385076858f2d3088c7eb8f33fb2453ce736c0dd4d571896ef1f93c20702e00,bf1b228796e0bdeebf3fb34259c53af1
29385076858f2d3088c7eb8f33fb2453ce736c0dd4d571896ef1f93c20702e00,0ab07db838b0193ca28ab24a7f9ce06c
29385076858f2d3088c7eb8f33fb2453ce736c0dd4d571896ef1f93c20702e00,9a01cb13283e8681e3f10bf859347a36
29385076858f2d3088c7eb8f33fb2453ce736c0dd4d571896ef1f93c20702e00,ea03803dd4957f52e7182a7cf08bcafd
29385076858f2d3088c7eb8f33fb2453ce736c0dd4d571896ef1f93c20702e00,fefc4361fe2e86108df8d2eb332a7a80
29385076858f2d3088c7eb8f33fb2453ce736c0dd4d571896ef1f93c20702e00,665e2130026e14a3c9b6af93131c7a7a
29385076858f2d3088c7eb8f33fb2453ce736c0dd4d571896ef1f93c20702e00,3e63b062c0ac8112bed04297f4c9aa97
29385076858f2d3088c7eb8f33fb2453ce736c0dd4d571896ef1f93c20702e00,13e79f86ee1baa92cb1d5e7928ca6ae9
29385076858f2d3088c7eb8f33fb2453ce736c0dd4d571896ef1f93c20702e00,1c092955536860c67b6b444a2607f6a8
29385076858f2d3088c7eb8f33fb2453ce736c0dd4d571896ef1f93c20702e00,c9ec6a66d0f994e08160603b3f41a245
29385076858f2d3088c7eb8f33fb2453ce736c0dd4d571896ef1f93c20702e00,20c1f28c0a02ebffac59ed34e7f86de8
29385076858f2d3088c7eb8f33fb2453ce736c0dd4d571896ef1f93c20702e00,f69deec27d1d65f6afc6a4a1f771703c
29385076858f2d3088c7eb8f33fb2453ce736c0dd4d571896ef1f93c20702e00,3973ace035b1f382fdbe75abce524a7e
29385076858f2d3088c7eb8f33fb2453ce736c0dd4d571896ef1f93c20702e00,733058558ab11e79aefe3b2fd1b7a700
29385076858f2d3088c7eb8f33fb2453ce736c0dd4d571896ef1f93c20702e00,5d2c8ff84b2927ddb92d2c15cab02325
29385076858f2d3088c7eb8f33fb2453ce736c0dd4d571896ef1f93c20702e00,de1a63465113c4d24a46cdd3f78bc628
29385076858f2d3088c7eb8f33fb2453ce736c0dd4d571896ef1f93c20702e00,1e43815886668a66cb9380d1381d3c32
29385076858f2d3088c7eb8f33fb2453ce736c0dd4d571896ef1f93c20702e00,81500d4ca365c0b0425183915d10d6c1
29385076858f2d3088c7eb8f33fb2453ce736c0dd4d571896ef1f93c20702e00,5262ba536657777f14330b5111f6d014
29385076858f2d3088c7eb8f33fb2453ce736c0dd4d571896ef1f93c20702e00,867a7ec16276b74732e0f8e55eeeac87
2492012ef33b49851122a69ef85ce15a8db382c419f42434a9da06d5ca81a2ec,07734697f8ed912d9cef4aafead4b1c4
2492012ef33b49851122a69ef85ce15a8db382c419f42434a9da06d5ca81a2ec,b7b31f2bcb7ea340e85cfb7ab9e8bec2
2492012ef33b49851122a69ef85ce15a8db382c419f42434a9da06d5ca81a2ec,f7599d6fb9ebe93e20e787dd91075783
2492012ef33b49851122a69ef85ce15a8db382c419f42434a9da06d5ca81a2ec,1bc0d7745e13a672230ccad1b9093f42
2492012ef33b49851122a69ef85ce15a8db382c419f42434a9da06d5ca81a2ec,19c58cc680d59fa36b36f2e490deb05b
2492012ef33b49851122a69ef85ce15a8db382c419f42434a9da06d5ca81a2ec,fefbb473c30ba7660454361b50957534
2492012ef33b49851122a69ef85ce15a8db382c419f42434a9da06d5ca81a2ec,cb956811123353a84bc4f45262565ed1
2492012ef33b49851122a69ef85ce15a8db382c419f42434a9da06d5ca81a2ec,c6e25991b2197c3814615f9b563f3882
2492012ef33b49851122a69ef85ce15a8db382c419f42434a9da06d5ca81a2ec,7a5864918e61d4149a529ee79c5c4b16
2492012ef33b49851122a69ef85ce15a8db382c419f42434a9da06d5ca81a2ec,e49569ac9643935bc7005b56b680e537
2492012ef33b49851122a69ef85ce15a8db382c419f42434a9da06d5ca81a2ec,6d0e204a36b7e25a60528ea722d3db64
2492012ef33b49851122a69ef85ce15a8db382c419f42434a9da06d5ca81a2ec,d996b0ad9ac2e2b9cc9921251827b4d6
2492012ef33b49851122a69ef85ce15a8db382c419f42434a9da06d5ca81a2ec,09c3f6459bd914a3933bcb9c3af1d278
2492012ef33b49851122a69ef85ce15a8db382c419f42434a9da06d5ca81a2ec,bc0a589ff1cf69846d7d72b596b5782f
2492012ef33b49851122a69ef85ce15a8db382c419f42434a9da06d5ca81a2ec,32824aa00095452f3ce280b1084d93ca
2492012ef33b49851122a69ef85ce15a8db382c419f42434a9da06d5ca81a2ec,76f255e05ad1fd5c80e3755589811f8a
2492012ef33b49851122a69ef85ce15a8db382c419f42434a9da06d5ca81a2ec,bac22f1d45581201cf99bad25a665f8c
2492012ef33b49851122a69ef85ce15a8db382c419f42434a9da06d5ca81a2ec,671922c223992bdbe65b24bcac04a599
2492012ef33b49851122a69ef85ce15a8db382c419f42434a9da06d5ca81a2ec,1122aaa7b93c57b8f422223570912aee
2492012ef33b49851122a69ef85ce15a8db382c419f42434a9da06d5ca81a2ec,fd247e4ff5ba522cbb6bf7f351f1e264
2492012ef33b49851122a69ef85ce15a8db382c419f42434a9da06d5ca81a2ec,4d28babbc3f41dfa09229bb5040660f1
2492012ef33b49851122a69ef85ce15a8db382c419f42434a9da06d5ca81a2ec,6819f9265cabfdb011214e7494c84fc1
2492012ef33b49851122a69ef85ce15a8db382c419f42434a9da06d5ca81a2ec,6b6949fd13ff6f41d3a5d308caedb3ba
2492012ef33b49851122a69ef85ce15a8db382c419f42434a9da06d5ca81a2ec,83ef00bcb1944aaf4b662dab02e7c943
2492012ef33b49851122a69ef85ce15a8db382c419f42434a9da06d5ca81a2ec,12d0a90d35ad924726456b17665e9805
2492012ef33b49851122a69ef85ce15a8db382c419f42434a9da06d5ca81a2ec,d5c3d54786f88f799faee5b961a795fd
2492012ef33b49851122a69ef85ce15a8db382c419f42434a9da06d5ca81a2ec,830f5b56167e1317f3beba5c5b4ac282
2492012ef33b49851122a69ef85ce15a8db382c419f42434a9da06d5ca81a2ec,51e0123f8a8fd0016a02803a0b1cd764
2492012ef33b49851122a69ef85ce15a8db382c419f42434a9da06d5ca81a2ec,6e81037ed776fedb28759dd926f9d2e2
2492012ef33b49851122a69ef85ce15a8db382c419f42434a9da06d5ca81a2ec,808104127980fc60313b5aadda5a1a64
2492012ef33b49851122a69ef85ce15a8db382c419f42434a9da06d5ca81a2ec,9d6e9a368dfb956f4c74e2c8a4ec6417
2492012ef33b49851122a69ef85ce15a8db382c419f42434a9da06d5ca81a2ec,7e7cfe1a1365f127444b23381d2adb51
2492012ef33b49851122a69ef85ce15a8db382c419f42434a9da06d5ca81a2ec,dbdf3e582a9cd3bc2b8433b576f0335e
2492012ef33b49851122a69ef85ce15a8db382c419f42434a9da06d5ca81a2ec,e0b721cc178f855f3874f642f2261911
2492012ef33b49851122a69ef85ce15a8db382c419f42434a9da06d5ca81a2ec,d64bdd9eb55cfcacb405e037fd74150d
aa82ae35e400fbae3c3e04b1fe9ff5b744136c0320208fdeae0da999eae93e0b,6cc43612871340003cbbd0b77758b02a
aa82ae35e400fbae3c3e04b1fe9ff5b744136c0320208fdeae0da999eae93e0b,a48697a8b13a089a1cb21c5f6c305419
aa82ae35e400fbae3c3e04b1fe9ff5b744136c0320208fdeae0da999eae93e0b,c611d3515ff5b8f2488c22c31c74cc3e
aa82ae35e400fbae3c3e04b1fe9ff5b744136c0320208fdeae0da999eae93e0b,5e949825875f288651a8921586f15780
aa82ae35e400fbae3c3e04b1fe9ff5b744136c0320208fdeae0da999eae93e0b,d73fa7555a059e02d9def1ecdaec6574
aa82ae35e400fbae3c3e04b1fe9ff5b744136c0320208fdeae0da999eae93e0b,4f87861d133db9c1c7909d4922b7903c
aa82ae35e400fbae3c3e04b1fe9ff5b744136c0320208fdeae0da999eae93e0b,7396775ef7fb83d6487adf618fd0f386
aa82ae35e400fbae3c3e04b1fe9ff5b744136c0320208fdeae0da999eae93e0b,5342fe5d0a881bd314d4b197ea016a89
aa82ae35e400fbae3c3e04b1fe9ff5b744136c0320208fdeae0da999eae93e0b,af4025ca9b04b057d9536f12196a4368
aa82ae35e400fbae3c3e04b1fe9ff5b744136c0320208fdeae0da999eae93e0b,746b3ea87b9c0ddad99fbbeacc8daf21
aa82ae35e400fbae3c3e04b1fe9ff5b744136c0320208fdeae0da999eae93e0b,1f0a7b9d466e00f3ee8f9d8d7e66fd8c
aa82ae35e400fbae3c3e04b1fe9ff5b744136c0320208fdeae0da999eae93e0b,9d1988cd9387e014f9c943615b71ae4b
aa82ae35e400fbae3c3e04b1fe9ff5b744136c0320208fdeae0da999eae93e0b,d7488fc3c2a67f999868b5c2de7c82ba
aa82ae35e400fbae3c3e04b1fe9ff5b744136c0320208fdeae0da999eae93e0b,ad1c957994bf8273726d368d7fd42713
aa82ae35e400fbae3c3e04b1fe9ff5b744136c0320208fdeae0da999eae93e0b,5064b50171148c82cc146f1e1a9e532a
aa82ae35e400fbae3c3e04b1fe9ff5b744136c0320208fdeae0da999eae93e0b,1c9dc9379350ebfa6b7084f4983f3288
aa82ae35e400fbae3c3e04b1fe9ff5b744136c0320208fdeae0da999eae93e0b,b3fe64e43c3f0ce60c270ed7be1817ac
aa82ae35e400fbae3c3e04b1fe9ff5b744136c0320208fdeae0da999eae93e0b,b6b72f41e6f0421250305648d544ea27
aa82ae35e400fbae3c3e04b1fe9ff5b744136c0320208fdeae0da999eae93e0b,b7b1792684d28ded2e220e6730afa636
aa82ae35e400fbae3c3e04b1fe9ff5b744136c0320208fdeae0da999eae93e0b,d996b0ad9ac2e2b9cc9921251827b4d6
aa82ae35e400fbae3c3e04b1fe9ff5b744136c0320208fdeae0da999eae93e0b,2a5703f7f9e99e7c624a22d1d3f12213
aa82ae35e400fbae3c3e04b1fe9ff5b744136c0320208fdeae0da999eae93e0b,3078df930235f86bc0fa30ac017c2a78
aa82ae35e400fbae3c3e04b1fe9ff5b744136c0320208fdeae0da999eae93e0b,65c5cc88c4087075aeb9b55b18aad99b
aa82ae35e400fbae3c3e04b1fe9ff5b744136c0320208fdeae0da999eae93e0b,0fcecc55f6c5d36e114b29f420d381fa
aa82ae35e400fbae3c3e04b1fe9ff5b744136c0320208fdeae0da999eae93e0b,c003c6cade1feddd16f6539b675d5609
aa82ae35e400fbae3c3e04b1fe9ff5b744136c0320208fdeae0da999eae93e0b,2ca98a810cada8f45ba6590f5a0a960c
aa82ae35e400fbae3c3e04b1fe9ff5b744136c0320208fdeae0da999eae93e0b,9d61732a6a2fb32ca42fc2cd3f19c6e3
aa82ae35e400fbae3c3e04b1fe9ff5b744136c0320208fdeae0da999eae93e0b,003c57b82b9e8c047d8e6ee554cea9c3
aa82ae35e400fbae3c3e04b1fe9ff5b744136c0320208fdeae0da999eae93e0b,85c370eb83dd59a1995263556fa9e376
aa82ae35e400fbae3c3e04b1fe9ff5b744136c0320208fdeae0da999eae93e0b,67d9ce796910ce5ff7d66a4acba1c4fe
aa82ae35e400fbae3c3e04b1fe9ff5b744136c0320208fdeae0da999eae93e0b,8998d04e358e9a3e06e4a5b7bbf2eed1
aa82ae35e400fbae3c3e04b1fe9ff5b744136c0320208fdeae0da999eae93e0b,f65487c72065711e3fd41d2de302eb49
aa82ae35e400fbae3c3e04b1fe9ff5b744136c0320208fdeae0da999eae93e0b,1234730fb70d0ef920abe3edd05521f0
aa82ae35e400fbae3c3e04b1fe9ff5b744136c0320208fdeae0da999eae93e0b,fb4531cd047427c885d0b5b4f8a3f06d
aa82ae35e400fbae3c3e04b1fe9ff5b744136c0320208fdeae0da999eae93e0b,449df0f22c89bbb2812675e4230d66b6
aa82ae35e400fbae3c3e04b1fe9ff5b744136c0320208fdeae0da999eae93e0b,1f39fafe35c8840e6ebce70b3aa9c424
aa82ae35e400fbae3c3e04b1fe9ff5b744136c0320208fdeae0da999eae93e0b,20c1f28c0a02ebffac59ed34e7f86de8
aa82ae35e400fbae3c3e04b1fe9ff5b744136c0320208fdeae0da999eae93e0b,0d3ea598e9bfe39d3da0fc1dd7295866
aa82ae35e400fbae3c3e04b1fe9ff5b744136c0320208fdeae0da999eae93e0b,50d2dcde3dc2e0f858c35f232b92b339
aa82ae35e400fbae3c3e04b1fe9ff5b744136c0320208fdeae0da999eae93e0b,d00894360c95d19e7bd87e0d7d94f112
aa82ae35e400fbae3c3e04b1fe9ff5b744136c0320208fdeae0da999eae93e0b,1043167276677db6ad00f02ae5aa9f1b
aa82ae35e400fbae3c3e04b1fe9ff5b744136c0320208fdeae0da999eae93e0b,9d6e9a368dfb956f4c74e2c8a4ec6417
aa82ae35e400fbae3c3e04b1fe9ff5b744136c0320208fdeae0da999eae93e0b,62fc3af7c5094f71c71053650facda56
aa82ae35e400fbae3c3e04b1fe9ff5b744136c0320208fdeae0da999eae93e0b,a162b5d31bba57dac28c77f8b0145b51
aa82ae35e400fbae3c3e04b1fe9ff5b744136c0320208fdeae0da999eae93e0b,2eff7c4f05ed351c5dbd0a210085bbfb
aa82ae35e400fbae3c3e04b1fe9ff5b744136c0320208fdeae0da999eae93e0b,0a9ef37993c63f75670e0189c4a12d6c
aa82ae35e400fbae3c3e04b1fe9ff5b744136c0320208fdeae0da999eae93e0b,8a8f7a8f2f527d2182dca164c272af0d
aa82ae35e400fbae3c3e04b1fe9ff5b744136c0320208fdeae0da999eae93e0b,bec7e569a8ca1c1ba520755d55b0604d
aa82ae35e400fbae3c3e04b1fe9ff5b744136c0320208fdeae0da999eae93e0b,6c60a3a5d29d0c46426cd548b6fe3c70
aa82ae35e400fbae3c3e04b1fe9ff5b744136c0320208fdeae0da999eae93e0b,e89934ae9683cfe5286ffe808b60e649
784a2fe352714b05175037cd6953b23e60b8420680792582e702fd242b6f3472,2dfbb131fdf7a5fcb90cb19ee5d5bccb
784a2fe352714b05175037cd6953b23e60b8420680792582e702fd242b6f3472,0af4c040360d13c6f0f201db6f69663e
784a2fe352714b05175037cd6953b23e60b8420680792582e702fd242b6f3472,e4a0ac9609a49edfd1dce6c3b3f68146
784a2fe352714b05175037cd6953b23e60b8420680792582e702fd242b6f3472,8a60a96c172ce0ca1c87e3b44347d2c8
784a2fe352714b05175037cd6953b23e60b8420680792582e702fd242b6f3472,b7b1792684d28ded2e220e6730afa636
784a2fe352714b05175037cd6953b23e60b8420680792582e702fd242b6f3472,d3f6e453d5e2d2fcf41cb642eacc0de8
784a2fe352714b05175037cd6953b23e60b8420680792582e702fd242b6f3472,69a338b3892cd8cf1f24e74699b973aa
784a2fe352714b05175037cd6953b23e60b8420680792582e702fd242b6f3472,d9946886e7d5f2931bb797ce196d3932
784a2fe352714b05175037cd6953b23e60b8420680792582e702fd242b6f3472,3078df930235f86bc0fa30ac017c2a78
784a2fe352714b05175037cd6953b23e60b8420680792582e702fd242b6f3472,ecfaf1bdc07713ffdef3cf64761cf031
784a2fe352714b05175037cd6953b23e60b8420680792582e702fd242b6f3472,614b69ffb72006fe70b44559541672c4
784a2fe352714b05175037cd6953b23e60b8420680792582e702fd242b6f3472,652a3c0d5135bffbafba3b1628dd8367
784a2fe352714b05175037cd6953b23e60b8420680792582e702fd242b6f3472,89b82debbb2fd5bfa4ed8e4c5e70c1aa
784a2fe352714b05175037cd6953b23e60b8420680792582e702fd242b6f3472,b947729562fb142b6e3fc2b08a95e6d3
784a2fe352714b05175037cd6953b23e60b8420680792582e702fd242b6f3472,4fbb5e82a2b5d91418788b7297c0b27d
784a2fe352714b05175037cd6953b23e60b8420680792582e702fd242b6f3472,069c5749e056387356705ca4660fe4a5
784a2fe352714b05175037cd6953b23e60b8420680792582e702fd242b6f3472,bef386221d53e47fb7eed8edf87d2092
784a2fe352714b05175037cd6953b23e60b8420680792582e702fd242b6f3472,429f3dfd225b11dc3fcbdca36eef4503
784a2fe352714b05175037cd6953b23e60b8420680792582e702fd242b6f3472,503009b716a14322ad9078205f117c1f
784a2fe352714b05175037cd6953b23e60b8420680792582e702fd242b6f3472,24304008258181e8d5d2663ed4fe7668
ec3032e17b65892a59f14e7cd2adf94737ff66b566c43003d483e7980fd3063d,612a9a8bf338c53c4504b462cb8e6dfc
ec3032e17b65892a59f14e7cd2adf94737ff66b566c43003d483e7980fd3063d,c19173c7db8b979882887abf44db2bf7
ec3032e17b65892a59f14e7cd2adf94737ff66b566c43003d483e7980fd3063d,34e34218632fb6e5b542e16242c9ec38
ec3032e17b65892a59f14e7cd2adf94737ff66b566c43003d483e7980fd3063d,e411dcd364aa1837d3b82bd074276485
ec3032e17b65892a59f14e7cd2adf94737ff66b566c43003d483e7980fd3063d,c88a88835ae1f12b69903a5e53f7d599
ec3032e17b65892a59f14e7cd2adf94737ff66b566c43003d483e7980fd3063d,0a00afe4ad78a2c8ecf26902b73d4985
ec3032e17b65892a59f14e7cd2adf94737ff66b566c43003d483e7980fd3063d,43c3124a08424f9fd65fb04f4c025eaf
ec3032e17b65892a59f14e7cd2adf94737ff66b566c43003d483e7980fd3063d,e260065ea09757f33be5a7fdc2168bf8
ec3032e17b65892a59f14e7cd2adf94737ff66b566c43003d483e7980fd3063d,0e39b870998f82b2d2503f88d6e0c9b2
ec3032e17b65892a59f14e7cd2adf94737ff66b566c43003d483e7980fd3063d,9c968b528754bb06e44ca993a9108d36
ec3032e17b65892a59f14e7cd2adf94737ff66b566c43003d483e7980fd3063d,da36327f08797943ba4232310763ec18
ec3032e17b65892a59f14e7cd2adf94737ff66b566c43003d483e7980fd3063d,277540f169944bcf9de140ea808e823d
ec3032e17b65892a59f14e7cd2adf94737ff66b566c43003d483e7980fd3063d,1905bac752336db59d233eee8ce7d895
ec3032e17b65892a59f14e7cd2adf94737ff66b566c43003d483e7980fd3063d,398db3b8ab41febde1a52a638222ac67
ec3032e17b65892a59f14e7cd2adf94737ff66b566c43003d483e7980fd3063d,5431dda4b2b8fbd8141a58322944854d
ec3032e17b65892a59f14e7cd2adf94737ff66b566c43003d483e7980fd3063d,3078df930235f86bc0fa30ac017c2a78
ec3032e17b65892a59f14e7cd2adf94737ff66b566c43003d483e7980fd3063d,4aaa35087c75fda0964b18bdf05d92f3
ec3032e17b65892a59f14e7cd2adf94737ff66b566c43003d483e7980fd3063d,474715e90171ff1da57147648d4dbb8d
ec3032e17b65892a59f14e7cd2adf94737ff66b566c43003d483e7980fd3063d,3155e09f406eb05a3c2f8a57f1fad3fb
ec3032e17b65892a59f14e7cd2adf94737ff66b566c43003d483e7980fd3063d,97fde260ea9c7efcf997423aa26cc174
ec3032e17b65892a59f14e7cd2adf94737ff66b566c43003d483e7980fd3063d,21bb94d0d2d17586ebb06157cd111207
ec3032e17b65892a59f14e7cd2adf94737ff66b566c43003d483e7980fd3063d,85c370eb83dd59a1995263556fa9e376
ec3032e17b65892a59f14e7cd2adf94737ff66b566c43003d483e7980fd3063d,67dcf2bed2705c65159103b7d6c093fd
ec3032e17b65892a59f14e7cd2adf94737ff66b566c43003d483e7980fd3063d,8265d4a8f72c2b45eb8a43299112b56b
ec3032e17b65892a59f14e7cd2adf94737ff66b566c43003d483e7980fd3063d,4df2956f8da5730e2c95ece2addc3f12
ec3032e17b65892a59f14e7cd2adf94737ff66b566c43003d483e7980fd3063d,a8b73fc2dd40e54244ab475cafcf80e7
ec3032e17b65892a59f14e7cd2adf94737ff66b566c43003d483e7980fd3063d,369b88adddd6920106417ea8e173454b
ec3032e17b65892a59f14e7cd2adf94737ff66b566c43003d483e7980fd3063d,c9ec6a66d0f994e08160603b3f41a245
ec3032e17b65892a59f14e7cd2adf94737ff66b566c43003d483e7980fd3063d,67a8466d40a4d531d533162d70db23c2
ec3032e17b65892a59f14e7cd2adf94737ff66b566c43003d483e7980fd3063d,67a8466d40a4d531d533162d70db23c2
ec3032e17b65892a59f14e7cd2adf94737ff66b566c43003d483e7980fd3063d,aef54e679677697a7d070b24b32b8ab8
ec3032e17b65892a59f14e7cd2adf94737ff66b566c43003d483e7980fd3063d,8bdad4714cc4d5e1b6cd5c04418dbb4c
ec3032e17b65892a59f14e7cd2adf94737ff66b566c43003d483e7980fd3063d,0b419c0a34c3cca952a6b30485d213e1
ec3032e17b65892a59f14e7cd2adf94737ff66b566c43003d483e7980fd3063d,fb252666a2f16ebd1bb5519345614d07
ec3032e17b65892a59f14e7cd2adf94737ff66b566c43003d483e7980fd3063d,ce9c5e4d5aa3dee4eba940fa165315b9
ec3032e17b65892a59f14e7cd2adf94737ff66b566c43003d483e7980fd3063d,34e0fe9b5947a804e8f801a744cbb851
ec3032e17b65892a59f14e7cd2adf94737ff66b566c43003d483e7980fd3063d,a4b524a9adaaaae7bc3d084c228e34b6
ec3032e17b65892a59f14e7cd2adf94737ff66b566c43003d483e7980fd3063d,c8b942081cbf71fb135f9f7278f4a136
ec3032e17b65892a59f14e7cd2adf94737ff66b566c43003d483e7980fd3063d,f437e2390f0e23a82695a8b221adb494
ec3032e17b65892a59f14e7cd2adf94737ff66b566c43003d483e7980fd3063d,dd997f79b91786ba58afa7dabafbb73c
ec3032e17b65892a59f14e7cd2adf94737ff66b566c43003d483e7980fd3063d,8ec1744d5e524cbd84eb64c624e49457
ec3032e17b65892a59f14e7cd2adf94737ff66b566c43003d483e7980fd3063d,8ec1744d5e524cbd84eb64c624e49457
ec3032e17b65892a59f14e7cd2adf94737ff66b566c43003d483e7980fd3063d,d3ec583dac1a520bb0fc527345148cde
dd9c678c27c7ef84e002e2f6c9681784b355c91ee3b99862035897097815fcbd,735f396f616710ec8d5e5bf4e47e9fa2
dd9c678c27c7ef84e002e2f6c9681784b355c91ee3b99862035897097815fcbd,a9ab98d477f87e7b0272585996b2d3df
dd9c678c27c7ef84e002e2f6c9681784b355c91ee3b99862035897097815fcbd,9098154fce097d848a05ed5b0b890811
dd9c678c27c7ef84e002e2f6c9681784b355c91ee3b99862035897097815fcbd,222aeb13292f9918a9c7acd660573a67
dd9c678c27c7ef84e002e2f6c9681784b355c91ee3b99862035897097815fcbd,48260e8a468f8f618f93943750370419
dd9c678c27c7ef84e002e2f6c9681784b355c91ee3b99862035897097815fcbd,af7717900af01391207b837e5cfaa6a9
dd9c678c27c7ef84e002e2f6c9681784b355c91ee3b99862035897097815fcbd,0c8605b6a6623381f6f6f7ec784da759
dd9c678c27c7ef84e002e2f6c9681784b355c91ee3b99862035897097815fcbd,fc211fa0395cb67fa9872ba6bfd03f05
dd9c678c27c7ef84e002e2f6c9681784b355c91ee3b99862035897097815fcbd,e10c4bf6dc369bd3a9d1e60d6d08d9fd
dd9c678c27c7ef84e002e2f6c9681784b355c91ee3b99862035897097815fcbd,d3846b80db84e751c6748ab2c0fcff2e
dd9c678c27c7ef84e002e2f6c9681784b355c91ee3b99862035897097815fcbd,b51d0942836b73aa626086517a4966a0
dd9c678c27c7ef84e002e2f6c9681784b355c91ee3b99862035897097815fcbd,23c0c5710b1b71fca3203f4e20d37978
dd9c678c27c7ef84e002e2f6c9681784b355c91ee3b99862035897097815fcbd,42d06d54b820503a488731b423b85ffb
dd9c678c27c7ef84e002e2f6c9681784b355c91ee3b99862035897097815fcbd,069c5749e056387356705ca4660fe4a5
dd9c678c27c7ef84e002e2f6c9681784b355c91ee3b99862035897097815fcbd,59fb084d12b057e231a4b6ecbb043fc1
dd9c678c27c7ef84e002e2f6c9681784b355c91ee3b99862035897097815fcbd,1c092955536860c67b6b444a2607f6a8
dd9c678c27c7ef84e002e2f6c9681784b355c91ee3b99862035897097815fcbd,666e58d26a273a357de967e84d91bd34
dd9c678c27c7ef84e002e2f6c9681784b355c91ee3b99862035897097815fcbd,63ab998809b12e8fbc0890260c5c1f6e
dd9c678c27c7ef84e002e2f6c9681784b355c91ee3b99862035897097815fcbd,8a6b3137ad5278a49f05508b8d696876
dd9c678c27c7ef84e002e2f6c9681784b355c91ee3b99862035897097815fcbd,2d4985d661bcf25f5ee9621bbe5be0e4
b15290b020800619e0c61113f4af56e4cf6fb794db6cce6ba78ae7c85ce2814f,51f2ec624192fb0e3ac51d784f5b6377
b15290b020800619e0c61113f4af56e4cf6fb794db6cce6ba78ae7c85ce2814f,1fead2febab97905407621fceebbfaa3
b15290b020800619e0c61113f4af56e4cf6fb794db6cce6ba78ae7c85ce2814f,1de66958fd2bb911faf285414b961bce
b15290b020800619e0c61113f4af56e4cf6fb794db6cce6ba78ae7c85ce2814f,227ec7ccb76185961988651fe167c422
b15290b020800619e0c61113f4af56e4cf6fb794db6cce6ba78ae7c85ce2814f,9445eb7978846cbfa424acbf4eca4a7a
b15290b020800619e0c61113f4af56e4cf6fb794db6cce6ba78ae7c85ce2814f,44214c8c70edd2f6a3d9868e47008afa
b15290b020800619e0c61113f4af56e4cf6fb794db6cce6ba78ae7c85ce2814f,4c446ee38beaa3adcef4e85fb98338a4
b15290b020800619e0c61113f4af56e4cf6fb794db6cce6ba78ae7c85ce2814f,0f2015b2e9ba89cf613655cf9df512a5
b15290b020800619e0c61113f4af56e4cf6fb794db6cce6ba78ae7c85ce2814f,a7e6997e3c948970c96c0247ade22ce1
b15290b020800619e0c61113f4af56e4cf6fb794db6cce6ba78ae7c85ce2814f,13ecc9038dece6a8e9efb6c5852021d9
b15290b020800619e0c61113f4af56e4cf6fb794db6cce6ba78ae7c85ce2814f,4ee817aa5de6651a3760e6fba1ef5401
b15290b020800619e0c61113f4af56e4cf6fb794db6cce6ba78ae7c85ce2814f,76f634f9646bd5c68f0013457039f10e
b15290b020800619e0c61113f4af56e4cf6fb794db6cce6ba78ae7c85ce2814f,534a46c355568a56d4d7a693c4608899
b15290b020800619e0c61113f4af56e4cf6fb794db6cce6ba78ae7c85ce2814f,4d34aa74ac4d60ec2345ca0201cbb0cf
b15290b020800619e0c61113f4af56e4cf6fb794db6cce6ba78ae7c85ce2814f,7e9551eacad839d5c4fa6b6f842d3ed6
b15290b020800619e0c61113f4af56e4cf6fb794db6cce6ba78ae7c85ce2814f,d00894360c95d19e7bd87e0d7d94f112
b15290b020800619e0c61113f4af56e4cf6fb794db6cce6ba78ae7c85ce2814f,808104127980fc60313b5aadda5a1a64
b15290b020800619e0c61113f4af56e4cf6fb794db6cce6ba78ae7c85ce2814f,9d6e9a368dfb956f4c74e2c8a4ec6417
b15290b020800619e0c61113f4af56e4cf6fb794db6cce6ba78ae7c85ce2814f,a162b5d31bba57dac28c77f8b0145b51
b15290b020800619e0c61113f4af56e4cf6fb794db6cce6ba78ae7c85ce2814f,396dea2f648d858ba521d48da61c85e8
7ee8ac62b74ece385050d47b679cf68065024eae9d1c479da04d78e78290aa66,a67c0fb2f2f649428f5cc608477dcdee
7ee8ac62b74ece385050d47b679cf68065024eae9d1c479da04d78e78290aa66,2e19dfccecac7417b81a1bd37bf8ce6d
7ee8ac62b74ece385050d47b679cf68065024eae9d1c479da04d78e78290aa66,f1ed119fd2987a62f18b06d85817f674
7ee8ac62b74ece385050d47b679cf68065024eae9d1c479da04d78e78290aa66,db356d4f968c2ff9230fbc8df7c2045e
7ee8ac62b74ece385050d47b679cf68065024eae9d1c479da04d78e78290aa66,324e2d820834e11ed8a8049d7741647e
7ee8ac62b74ece385050d47b679cf68065024eae9d1c479da04d78e78290aa66,9c4bf71d214358f1129506e43216ac28
7ee8ac62b74ece385050d47b679cf68065024eae9d1c479da04d78e78290aa66,58ea2458286e5e54b47271bff7c71eeb
7ee8ac62b74ece385050d47b679cf68065024eae9d1c479da04d78e78290aa66,f976946fc687d61f7dacc5e0d48aeed3
7ee8ac62b74ece385050d47b679cf68065024eae9d1c479da04d78e78290aa66,58c1282b9a0bb54f8199a2991e97ab49
7ee8ac62b74ece385050d47b679cf68065024eae9d1c479da04d78e78290aa66,0c75eba9b5e29e0e9895a6b806f2fc96
7ee8ac62b74ece385050d47b679cf68065024eae9d1c479da04d78e78290aa66,5256fe3694a0d1249fc37033787836c8
7ee8ac62b74ece385050d47b679cf68065024eae9d1c479da04d78e78290aa66,91054e436d8ca2d43eb2663abd34b2de
7ee8ac62b74ece385050d47b679cf68065024eae9d1c479da04d78e78290aa66,e9c7db662a50d85fb416d69a689712a7
7ee8ac62b74ece385050d47b679cf68065024eae9d1c479da04d78e78290aa66,0296e5864f3bebf917bcdf861adc6d42
7ee8ac62b74ece385050d47b679cf68065024eae9d1c479da04d78e78290aa66,791019127e59da8888282c40f7202f14
7ee8ac62b74ece385050d47b679cf68065024eae9d1c479da04d78e78290aa66,7928131c02a39f14bb749401e4cd36b8
7ee8ac62b74ece385050d47b679cf68065024eae9d1c479da04d78e78290aa66,b2f5f87f86158cd281229ac2c40b9814
7ee8ac62b74ece385050d47b679cf68065024eae9d1c479da04d78e78290aa66,6f788535fbd3503baa7119615ede901a
7ee8ac62b74ece385050d47b679cf68065024eae9d1c479da04d78e78290aa66,5f14682fb0de95c286fa8a0229c663fd
7ee8ac62b74ece385050d47b679cf68065024eae9d1c479da04d78e78290aa66,369fc4dcf5cafbdcd80ea1d683f12e8c
7ee8ac62b74ece385050d47b679cf68065024eae9d1c479da04d78e78290aa66,0450e934218882b2c59a19f51bbe056e
7ee8ac62b74ece385050d47b679cf68065024eae9d1c479da04d78e78290aa66,a34e448b615d3fc9964a602158d0e892
7ee8ac62b74ece385050d47b679cf68065024eae9d1c479da04d78e78290aa66,544fc440b5c412908af1e12cc25953fc
7ee8ac62b74ece385050d47b679cf68065024eae9d1c479da04d78e78290aa66,289278b8cb239da25f5503d25bd19a39
7ee8ac62b74ece385050d47b679cf68065024eae9d1c479da04d78e78290aa66,9c8e7b1625d769fb21f4bbe01819d98b
7ee8ac62b74ece385050d47b679cf68065024eae9d1c479da04d78e78290aa66,d038cb6b717899144b207adcf9214e44
7ee8ac62b74ece385050d47b679cf68065024eae9d1c479da04d78e78290aa66,7083dc1d6f35a554827abb6650ae415f
7ee8ac62b74ece385050d47b679cf68065024eae9d1c479da04d78e78290aa66,cb3783aa1537b955ee9ee140fc5071f7
7ee8ac62b74ece385050d47b679cf68065024eae9d1c479da04d78e78290aa66,ca4884bccc67da612a3a41072242a294
7ee8ac62b74ece385050d47b679cf68065024eae9d1c479da04d78e78290aa66,520f58f4c2242d7e2bba3765ec00c9d5
7ee8ac62b74ece385050d47b679cf68065024eae9d1c479da04d78e78290aa66,af83cae5a6db1ec53d5c8510cca053b2
7ee8ac62b74ece385050d47b679cf68065024eae9d1c479da04d78e78290aa66,b71be82df771a98f02bc7cd9c1b32c58
7ee8ac62b74ece385050d47b679cf68065024eae9d1c479da04d78e78290aa66,b88a18090c310d492cd88e29933af97a
7ee8ac62b74ece385050d47b679cf68065024eae9d1c479da04d78e78290aa66,9c6dc7b7e8dbdbabceca6f48d95e577c
7ee8ac62b74ece385050d47b679cf68065024eae9d1c479da04d78e78290aa66,a8f8b5614d6b76a8b2526ba66126b4e4
7ee8ac62b74ece385050d47b679cf68065024eae9d1c479da04d78e78290aa66,b2be54aca7763448bef79372a0d586ae
7ee8ac62b74ece385050d47b679cf68065024eae9d1c479da04d78e78290aa66,12a77d1b3ec59f0fe344e796de154fe7
7ee8ac62b74ece385050d47b679cf68065024eae9d1c479da04d78e78290aa66,74ba08474eed18f285e42ce2baaa599c
7ee8ac62b74ece385050d47b679cf68065024eae9d1c479da04d78e78290aa66,f2a7444178fb5aeec4a8c8c78b83264e
7ee8ac62b74ece385050d47b679cf68065024eae9d1c479da04d78e78290aa66,8d82cf078ffa3f6437307a01e6733284
7ee8ac62b74ece385050d47b679cf68065024eae9d1c479da04d78e78290aa66,705701ca36988b69f1b63e2c817ace54
7ee8ac62b74ece385050d47b679cf68065024eae9d1c479da04d78e78290aa66,a3eb9d2b4fbfc748af5d259d54f579e8
7ee8ac62b74ece385050d47b679cf68065024eae9d1c479da04d78e78290aa66,530d4f10d0fbb6b21baeed5a3827f511
7ee8ac62b74ece385050d47b679cf68065024eae9d1c479da04d78e78290aa66,e52cfe24cf6779e72c602252aa8b560f
7ee8ac62b74ece385050d47b679cf68065024eae9d1c479da04d78e78290aa66,a0cf7f9e7db6bc8a9d763aa75a2afb2a
7ee8ac62b74ece385050d47b679cf68065024eae9d1c479da04d78e78290aa66,4816c86112af50b4603acfbb291d1497
7ee8ac62b74ece385050d47b679cf68065024eae9d1c479da04d78e78290aa66,6653df906656fbd4814707efc1df5f5d
7ee8ac62b74ece385050d47b679cf68065024eae9d1c479da04d78e78290aa66,10a6813ae7c9d5653fdacdb7c289b344
7ee8ac62b74ece385050d47b679cf68065024eae9d1c479da04d78e78290aa66,b50ec2372f7cacd6b8b39826b83e2206
7ee8ac62b74ece385050d47b679cf68065024eae9d1c479da04d78e78290aa66,13a5be7fbcb517d06a27f34617e8d3f4
dc30155ed1fc48ef6d2969549322f7cd72e2f647c13d393c2ae00f5256f7a515,d9b0420954d9ce1b21299e61035e6caa
dc30155ed1fc48ef6d2969549322f7cd72e2f647c13d393c2ae00f5256f7a515,5f6ad8a7d1b8092cc66a11f71b429f6c
dc30155ed1fc48ef6d2969549322f7cd72e2f647c13d393c2ae00f5256f7a515,518a4067f7d9a47003f08063e7a7f071
dc30155ed1fc48ef6d2969549322f7cd72e2f647c13d393c2ae00f5256f7a515,c19173c7db8b979882887abf44db2bf7
dc30155ed1fc48ef6d2969549322f7cd72e2f647c13d393c2ae00f5256f7a515,6386d0630f0d5f0a93da36aa06e68ec1
dc30155ed1fc48ef6d2969549322f7cd72e2f647c13d393c2ae00f5256f7a515,1feb9f16343b3c1ca548acf5b92db61d
dc30155ed1fc48ef6d2969549322f7cd72e2f647c13d393c2ae00f5256f7a515,93cb95ded31ce8921705c4cb20aa0c51
dc30155ed1fc48ef6d2969549322f7cd72e2f647c13d393c2ae00f5256f7a515,187a4cc4a3ab810e4ea026b796173e69
dc30155ed1fc48ef6d2969549322f7cd72e2f647c13d393c2ae00f5256f7a515,5ed5e5a184fd26cf1e1294c8fc8c40f4
dc30155ed1fc48ef6d2969549322f7cd72e2f647c13d393c2ae00f5256f7a515,1ef133c2f87a312e9495564443d446b2
dc30155ed1fc48ef6d2969549322f7cd72e2f647c13d393c2ae00f5256f7a515,7dd548dc5c1d3fdae73ff68797671163
dc30155ed1fc48ef6d2969549322f7cd72e2f647c13d393c2ae00f5256f7a515,6f65cecb4e03e1b4925885950fedf355
dc30155ed1fc48ef6d2969549322f7cd72e2f647c13d393c2ae00f5256f7a515,78d855912fd06f83517391206fa44bba
dc30155ed1fc48ef6d2969549322f7cd72e2f647c13d393c2ae00f5256f7a515,2f7823eda6c21624ab86c5220d545f8d
dc30155ed1fc48ef6d2969549322f7cd72e2f647c13d393c2ae00f5256f7a515,d5e3ab2e6565594614542dfb972cf3a0
dc30155ed1fc48ef6d2969549322f7cd72e2f647c13d393c2ae00f5256f7a515,7b1d8bdd0a6fa0224d4388db5cb36609
dc30155ed1fc48ef6d2969549322f7cd72e2f647c13d393c2ae00f5256f7a515,c157a6250557aac97e88727abba23e3d
dc30155ed1fc48ef6d2969549322f7cd72e2f647c13d393c2ae00f5256f7a515,e6cb0a4d68808c9b648634da9672dfe0
dc30155ed1fc48ef6d2969549322f7cd72e2f647c13d393c2ae00f5256f7a515,70a7ad1a61696870c4a3d64ae25b64a8
dc30155ed1fc48ef6d2969549322f7cd72e2f647c13d393c2ae00f5256f7a515,e7433b8236807ac9a371ad31d398823e
dc30155ed1fc48ef6d2969549322f7cd72e2f647c13d393c2ae00f5256f7a515,8c3c03f5702d566a29dd55d445fdb72c
dc30155ed1fc48ef6d2969549322f7cd72e2f647c13d393c2ae00f5256f7a515,9a00967f668ee593d37f89146792f4ba
dc30155ed1fc48ef6d2969549322f7cd72e2f647c13d393c2ae00f5256f7a515,48e2e73baf8dfde43e79cabe46208f69
dc30155ed1fc48ef6d2969549322f7cd72e2f647c13d393c2ae00f5256f7a515,69ccdb5b281e8c5e3f020da38591401c
dc30155ed1fc48ef6d2969549322f7cd72e2f647c13d393c2ae00f5256f7a515,7d6d72b7f5df544396d196e653d851f4
dc30155ed1fc48ef6d2969549322f7cd72e2f647c13d393c2ae00f5256f7a515,741fd10cf061281cd57604f692241e9d
dc30155ed1fc48ef6d2969549322f7cd72e2f647c13d393c2ae00f5256f7a515,ee10f159d5027fb304424fcb450a0805
dc30155ed1fc48ef6d2969549322f7cd72e2f647c13d393c2ae00f5256f7a515,7c7bb1c5fbad9cf155ee8ccdb528457b
dc30155ed1fc48ef6d2969549322f7cd72e2f647c13d393c2ae00f5256f7a515,7c7bb1c5fbad9cf155ee8ccdb528457b
dc30155ed1fc48ef6d2969549322f7cd72e2f647c13d393c2ae00f5256f7a515,10ddc770033808fe35ab8787177caad0
dc30155ed1fc48ef6d2969549322f7cd72e2f647c13d393c2ae00f5256f7a515,e02aff8ffa9fa98ecab3699e8f8a2f47
dc30155ed1fc48ef6d2969549322f7cd72e2f647c13d393c2ae00f5256f7a515,e81f217e2ac3c0868b14a58e928aaf3b
dc30155ed1fc48ef6d2969549322f7cd72e2f647c13d393c2ae00f5256f7a515,0b104d02661feead91c8209275721d78
dc30155ed1fc48ef6d2969549322f7cd72e2f647c13d393c2ae00f5256f7a515,b7d3bdba7d1836e6d72e4e1704c5eac5
dc30155ed1fc48ef6d2969549322f7cd72e2f647c13d393c2ae00f5256f7a515,6564bbeeaf1ee5a4e1f71a6c2ef0acbe
dc30155ed1fc48ef6d2969549322f7cd72e2f647c13d393c2ae00f5256f7a515,595e867dbe7bf86192e60229ac5fd9bd
dc30155ed1fc48ef6d2969549322f7cd72e2f647c13d393c2ae00f5256f7a515,289278b8cb239da25f5503d25bd19a39
dc30155ed1fc48ef6d2969549322f7cd72e2f647c13d393c2ae00f5256f7a515,6dea7ab7b5ce35e87ed6d11d4a68aac5
dc30155ed1fc48ef6d2969549322f7cd72e2f647c13d393c2ae00f5256f7a515,dd8a06eae4060d492f7d08dc08f513f6
dc30155ed1fc48ef6d2969549322f7cd72e2f647c13d393c2ae00f5256f7a515,b21b96b9a865e982abbf4aadcd25390a
dc30155ed1fc48ef6d2969549322f7cd72e2f647c13d393c2ae00f5256f7a515,688ac0994b0fa34a3ff9725d45b2076d
dc30155ed1fc48ef6d2969549322f7cd72e2f647c13d393c2ae00f5256f7a515,15fe37037231a02dc44a807d0ceed778
dc30155ed1fc48ef6d2969549322f7cd72e2f647c13d393c2ae00f5256f7a515,00679d56b3e6299fbed1879e3e226f37
dc30155ed1fc48ef6d2969549322f7cd72e2f647c13d393c2ae00f5256f7a515,2ed0fa55bab24f63bf0d94b742b50684
dc30155ed1fc48ef6d2969549322f7cd72e2f647c13d393c2ae00f5256f7a515,2ddc3773c0b062b0e12034c5510b76a4
dc30155ed1fc48ef6d2969549322f7cd72e2f647c13d393c2ae00f5256f7a515,be50f072a54e09139bd41911744955e0
dc30155ed1fc48ef6d2969549322f7cd72e2f647c13d393c2ae00f5256f7a515,b946ad945c1562159cc5dfb4f3f5ac45
dc30155ed1fc48ef6d2969549322f7cd72e2f647c13d393c2ae00f5256f7a515,a6481a109009de12655359da30e96208
dc30155ed1fc48ef6d2969549322f7cd72e2f647c13d393c2ae00f5256f7a515,1f17757bf8a28c7ba9a592de5acdfba2
dc30155ed1fc48ef6d2969549322f7cd72e2f647c13d393c2ae00f5256f7a515,e1593315637357ed56a0f1b5920a85dc
dc30155ed1fc48ef6d2969549322f7cd72e2f647c13d393c2ae00f5256f7a515,7f3f73aa80d363aba9a631f4fcd2e5f4
dc30155ed1fc48ef6d2969549322f7cd72e2f647c13d393c2ae00f5256f7a515,1ca8a0a74127e6ec6974cf2fbbb305c3
dc30155ed1fc48ef6d2969549322f7cd72e2f647c13d393c2ae00f5256f7a515,652a3c0d5135bffbafba3b1628dd8367
dc30155ed1fc48ef6d2969549322f7cd72e2f647c13d393c2ae00f5256f7a515,8a0fabd03090b7b739a40806ac292fd0
dc30155ed1fc48ef6d2969549322f7cd72e2f647c13d393c2ae00f5256f7a515,6819f9265cabfdb011214e7494c84fc1
dc30155ed1fc48ef6d2969549322f7cd72e2f647c13d393c2ae00f5256f7a515,18a5647f069c8a3cb2381784754ab29b
dc30155ed1fc48ef6d2969549322f7cd72e2f647c13d393c2ae00f5256f7a515,ef912508ca41d3c516433207e52233bd
dc30155ed1fc48ef6d2969549322f7cd72e2f647c13d393c2ae00f5256f7a515,6b6949fd13ff6f41d3a5d308caedb3ba
dc30155ed1fc48ef6d2969549322f7cd72e2f647c13d393c2ae00f5256f7a515,a90b39c564cfdd68fd10f7701f665205
dc30155ed1fc48ef6d2969549322f7cd72e2f647c13d393c2ae00f5256f7a515,ee49352f53dda592eb20b5bd63d5aaf7
dc30155ed1fc48ef6d2969549322f7cd72e2f647c13d393c2ae00f5256f7a515,e23dc4dad2e06c0cceecc3db03a9f1cc
dc30155ed1fc48ef6d2969549322f7cd72e2f647c13d393c2ae00f5256f7a515,c5ed7a9e91e15d6eed60132955d4f488
dc30155ed1fc48ef6d2969549322f7cd72e2f647c13d393c2ae00f5256f7a515,5367e6ac11a4d439fa51ce2e12303090
dc30155ed1fc48ef6d2969549322f7cd72e2f647c13d393c2ae00f5256f7a515,95b5151612efc851483151a6ce2ec8af
dc30155ed1fc48ef6d2969549322f7cd72e2f647c13d393c2ae00f5256f7a515,854f39abaeb35f97dc78758791454b3d
dc30155ed1fc48ef6d2969549322f7cd72e2f647c13d393c2ae00f5256f7a515,643f08769dfba06ae9b5f5fca366dfaf
dc30155ed1fc48ef6d2969549322f7cd72e2f647c13d393c2ae00f5256f7a515,643f08769dfba06ae9b5f5fca366dfaf
dc30155ed1fc48ef6d2969549322f7cd72e2f647c13d393c2ae00f5256f7a515,c394197f6b190e1026d056cb847d7530
dc30155ed1fc48ef6d2969549322f7cd72e2f647c13d393c2ae00f5256f7a515,14ea9291a5ebe8af012cd7c766c1225b
dc30155ed1fc48ef6d2969549322f7cd72e2f647c13d393c2ae00f5256f7a515,a5eb051bc2002a70fe00804680711010
dc30155ed1fc48ef6d2969549322f7cd72e2f647c13d393c2ae00f5256f7a515,666e58d26a273a357de967e84d91bd34
dc30155ed1fc48ef6d2969549322f7cd72e2f647c13d393c2ae00f5256f7a515,9bcd22181f3ec40a1b00714643dc5e1b
dc30155ed1fc48ef6d2969549322f7cd72e2f647c13d393c2ae00f5256f7a515,e97590357bd54fd45e16743f72aea92f
dc30155ed1fc48ef6d2969549322f7cd72e2f647c13d393c2ae00f5256f7a515,340e564b82c5ee3e00e19ef5063f1975
dc30155ed1fc48ef6d2969549322f7cd72e2f647c13d393c2ae00f5256f7a515,3e719c0965bd60a321f507d16792df8a
dc30155ed1fc48ef6d2969549322f7cd72e2f647c13d393c2ae00f5256f7a515,a0cf7f9e7db6bc8a9d763aa75a2afb2a
dc30155ed1fc48ef6d2969549322f7cd72e2f647c13d393c2ae00f5256f7a515,d50d17cc7bfaf810e41cbab6a4010823
dc30155ed1fc48ef6d2969549322f7cd72e2f647c13d393c2ae00f5256f7a515,28f9787b3bae53c6c31b9a8c24f9a4b9
dc30155ed1fc48ef6d2969549322f7cd72e2f647c13d393c2ae00f5256f7a515,28f9787b3bae53c6c31b9a8c24f9a4b9
dc30155ed1fc48ef6d2969549322f7cd72e2f647c13d393c2ae00f5256f7a515,10a6813ae7c9d5653fdacdb7c289b344
dc30155ed1fc48ef6d2969549322f7cd72e2f647c13d393c2ae00f5256f7a515,5fb234aeb2b7c3bb692d1d5ec7c27609
dc30155ed1fc48ef6d2969549322f7cd72e2f647c13d393c2ae00f5256f7a515,e01ace6f8b9999c164b89fc5d4460d9d
dc30155ed1fc48ef6d2969549322f7cd72e2f647c13d393c2ae00f5256f7a515,4b79e3a7573d0c7b6aa576074478640f
dc30155ed1fc48ef6d2969549322f7cd72e2f647c13d393c2ae00f5256f7a515,66319d2d3d2b4a2fd54d0e899cb25f25
dc30155ed1fc48ef6d2969549322f7cd72e2f647c13d393c2ae00f5256f7a515,4fbd5b04a6f53fc0419f4b22d6dfa18e
dc30155ed1fc48ef6d2969549322f7cd72e2f647c13d393c2ae00f5256f7a515,93abd2f3d38258c793996cba41317ebb
dc30155ed1fc48ef6d2969549322f7cd72e2f647c13d393c2ae00f5256f7a515,b50ec2372f7cacd6b8b39826b83e2206
dc30155ed1fc48ef6d2969549322f7cd72e2f647c13d393c2ae00f5256f7a515,a3c4956f845c23e75ddc526bdc515909
dc30155ed1fc48ef6d2969549322f7cd72e2f647c13d393c2ae00f5256f7a515,6aa62fcaee6a21ecd6b408ff321f254f
dc30155ed1fc48ef6d2969549322f7cd72e2f647c13d393c2ae00f5256f7a515,68660dc6cc0668a4a210d457c044e77b
dc30155ed1fc48ef6d2969549322f7cd72e2f647c13d393c2ae00f5256f7a515,8775fda24df70b813d97a8c19ddca76b
dc30155ed1fc48ef6d2969549322f7cd72e2f647c13d393c2ae00f5256f7a515,be2643742466bb328995c13fb09c69b7
dc30155ed1fc48ef6d2969549322f7cd72e2f647c13d393c2ae00f5256f7a515,0b4b940dbb765ae5f51ea81b76286051
dc30155ed1fc48ef6d2969549322f7cd72e2f647c13d393c2ae00f5256f7a515,f5fc9bacdb5d3bd49e2062dc345c8f0b
dc30155ed1fc48ef6d2969549322f7cd72e2f647c13d393c2ae00f5256f7a515,2e58da3ba0e2b372c637f621b33380f3
dc30155ed1fc48ef6d2969549322f7cd72e2f647c13d393c2ae00f5256f7a515,357a73fb4db75bc57b90a1942b00c423
dc30155ed1fc48ef6d2969549322f7cd72e2f647c13d393c2ae00f5256f7a515,8a0760b32be291cd121e3712e0da0fc7
dc30155ed1fc48ef6d2969549322f7cd72e2f647c13d393c2ae00f5256f7a515,c231020bee7da25dc1cd7f24ef22363f
dc30155ed1fc48ef6d2969549322f7cd72e2f647c13d393c2ae00f5256f7a515,292aae12236c08469b6fe393dec8d34c
0bf2780d7d1d241e812f865d824ec04ccc793494fb0ba64425a226c721ea2456,ce39e4182b718a1f148911f3231f7b2d
0bf2780d7d1d241e812f865d824ec04ccc793494fb0ba64425a226c721ea2456,bf84469b1339936551c466ce5e7e6523
0bf2780d7d1d241e812f865d824ec04ccc793494fb0ba64425a226c721ea2456,67d8c73f4e056b16c9fdcce88230ce34
0bf2780d7d1d241e812f865d824ec04ccc793494fb0ba64425a226c721ea2456,337e3b20672f9e4dcf2ac19b77c0ea4c
0bf2780d7d1d241e812f865d824ec04ccc793494fb0ba64425a226c721ea2456,655cfcb1dd6f6caaeda1dcd41b2f05a9
0bf2780d7d1d241e812f865d824ec04ccc793494fb0ba64425a226c721ea2456,d361a52719219edb21c093f0fa90fb19
0bf2780d7d1d241e812f865d824ec04ccc793494fb0ba64425a226c721ea2456,f2dbb959b0b727b90bdac23e27d2a8f3
0bf2780d7d1d241e812f865d824ec04ccc793494fb0ba64425a226c721ea2456,12263b377ba437993ffa72f0da7f93b9
0bf2780d7d1d241e812f865d824ec04ccc793494fb0ba64425a226c721ea2456,e411dcd364aa1837d3b82bd074276485
0bf2780d7d1d241e812f865d824ec04ccc793494fb0ba64425a226c721ea2456,2a4db9e66af44f2133fd43f3bde205fd
0bf2780d7d1d241e812f865d824ec04ccc793494fb0ba64425a226c721ea2456,183f5a85ec9492daa113b83abfa5079a
0bf2780d7d1d241e812f865d824ec04ccc793494fb0ba64425a226c721ea2456,6d63b3a39c144acd672bbbd67fabe1d7
0bf2780d7d1d241e812f865d824ec04ccc793494fb0ba64425a226c721ea2456,ee19aab1e74739e60b85eb7579306218
0bf2780d7d1d241e812f865d824ec04ccc793494fb0ba64425a226c721ea2456,46e54bf320aa97c095121305247c6a27
0bf2780d7d1d241e812f865d824ec04ccc793494fb0ba64425a226c721ea2456,4e0fef9669dd227d6cac26a93d8d3660
0bf2780d7d1d241e812f865d824ec04ccc793494fb0ba64425a226c721ea2456,5c45b3b18314af5fc7b5508650cb37ab
0bf2780d7d1d241e812f865d824ec04ccc793494fb0ba64425a226c721ea2456,09d2713a376152cc053c64ddf83fa990
0bf2780d7d1d241e812f865d824ec04ccc793494fb0ba64425a226c721ea2456,5382fe974fc853b63fb7a7b7be9d0fe5
0bf2780d7d1d241e812f865d824ec04ccc793494fb0ba64425a226c721ea2456,fbf49f54363763b8e28e5a5c96736240
0bf2780d7d1d241e812f865d824ec04ccc793494fb0ba64425a226c721ea2456,e57154277366416c6727ffcdd87abb1a
0bf2780d7d1d241e812f865d824ec04ccc793494fb0ba64425a226c721ea2456,15a32253c3860070f34c448fd619e08a
0bf2780d7d1d241e812f865d824ec04ccc793494fb0ba64425a226c721ea2456,b7d3bdba7d1836e6d72e4e1704c5eac5
0bf2780d7d1d241e812f865d824ec04ccc793494fb0ba64425a226c721ea2456,f87ab689f4a7fce08786eda62568bc81
0bf2780d7d1d241e812f865d824ec04ccc793494fb0ba64425a226c721ea2456,2ebccbce8b3acd21464dab55d64d46fe
0bf2780d7d1d241e812f865d824ec04ccc793494fb0ba64425a226c721ea2456,aa2b127a4a91b8f672ecd1691879c094
0bf2780d7d1d241e812f865d824ec04ccc793494fb0ba64425a226c721ea2456,b5a82392568462a8a9bb52d816ad9782
0bf2780d7d1d241e812f865d824ec04ccc793494fb0ba64425a226c721ea2456,2e085e6b05ae51cb369cff6e6bec542d
0bf2780d7d1d241e812f865d824ec04ccc793494fb0ba64425a226c721ea2456,af35f0b59c8a379edbd2fd6bb35588b6
0bf2780d7d1d241e812f865d824ec04ccc793494fb0ba64425a226c721ea2456,4ee817aa5de6651a3760e6fba1ef5401
0bf2780d7d1d241e812f865d824ec04ccc793494fb0ba64425a226c721ea2456,4a61c8b5df487b996e435904eb2c17e8
0bf2780d7d1d241e812f865d824ec04ccc793494fb0ba64425a226c721ea2456,0fcecc55f6c5d36e114b29f420d381fa
0bf2780d7d1d241e812f865d824ec04ccc793494fb0ba64425a226c721ea2456,56d359e595668b4480241f3fbd49af5f
0bf2780d7d1d241e812f865d824ec04ccc793494fb0ba64425a226c721ea2456,c46645bbc835dfe5c36cb23a6f5b8188
0bf2780d7d1d241e812f865d824ec04ccc793494fb0ba64425a226c721ea2456,96b075fed6686758956a96323121d3b0
0bf2780d7d1d241e812f865d824ec04ccc793494fb0ba64425a226c721ea2456,4ffbf396cfa77dbbdc05a431f4d7c50a
0bf2780d7d1d241e812f865d824ec04ccc793494fb0ba64425a226c721ea2456,3155e09f406eb05a3c2f8a57f1fad3fb
0bf2780d7d1d241e812f865d824ec04ccc793494fb0ba64425a226c721ea2456,9d61732a6a2fb32ca42fc2cd3f19c6e3
0bf2780d7d1d241e812f865d824ec04ccc793494fb0ba64425a226c721ea2456,d91359a8cfe345790c832e62e0312396
0bf2780d7d1d241e812f865d824ec04ccc793494fb0ba64425a226c721ea2456,12f98d3b67f2285385eed4f808733d15
0bf2780d7d1d241e812f865d824ec04ccc793494fb0ba64425a226c721ea2456,f60f68999613591254990808c688bc69
0bf2780d7d1d241e812f865d824ec04ccc793494fb0ba64425a226c721ea2456,173ab02fe47d53fde2fbf9f06a23ae44
0bf2780d7d1d241e812f865d824ec04ccc793494fb0ba64425a226c721ea2456,15af1f5af9a0cd6257402f5100c46a89
0bf2780d7d1d241e812f865d824ec04ccc793494fb0ba64425a226c721ea2456,4de07ac22b803b50a0dbf9bb93863170
0bf2780d7d1d241e812f865d824ec04ccc793494fb0ba64425a226c721ea2456,e7502ea25026db19a542ceb29c308f10
0bf2780d7d1d241e812f865d824ec04ccc793494fb0ba64425a226c721ea2456,998d3b94ead4195dd5909ca9ebe50f6c
0bf2780d7d1d241e812f865d824ec04ccc793494fb0ba64425a226c721ea2456,ecfbf7f678d958d2cd8614845da730e3
0bf2780d7d1d241e812f865d824ec04ccc793494fb0ba64425a226c721ea2456,9375d2fa7a953f1f40e9f279cdc7e1c5
0bf2780d7d1d241e812f865d824ec04ccc793494fb0ba64425a226c721ea2456,8229dd65191d2d8ee3556cbd0a695e60
0bf2780d7d1d241e812f865d824ec04ccc793494fb0ba64425a226c721ea2456,a59a624996d02c7d24a1e44303803991
0bf2780d7d1d241e812f865d824ec04ccc793494fb0ba64425a226c721ea2456,00baeb7c874080653e46f6dbb86f7516
0bf2780d7d1d241e812f865d824ec04ccc793494fb0ba64425a226c721ea2456,7f7b6313b20a930d6c90d46427d52ea3
0bf2780d7d1d241e812f865d824ec04ccc793494fb0ba64425a226c721ea2456,643f08769dfba06ae9b5f5fca366dfaf
0bf2780d7d1d241e812f865d824ec04ccc793494fb0ba64425a226c721ea2456,52043d852fb4bcf7601a3262d1a34643
0bf2780d7d1d241e812f865d824ec04ccc793494fb0ba64425a226c721ea2456,d5c3d54786f88f799faee5b961a795fd
0bf2780d7d1d241e812f865d824ec04ccc793494fb0ba64425a226c721ea2456,9ba8efff5d318992820e78804d37786e
0bf2780d7d1d241e812f865d824ec04ccc793494fb0ba64425a226c721ea2456,eb8b6ea846d5154632662eefac47e36e
0bf2780d7d1d241e812f865d824ec04ccc793494fb0ba64425a226c721ea2456,c1b6152b9070df176af2cc0459061cb7
0bf2780d7d1d241e812f865d824ec04ccc793494fb0ba64425a226c721ea2456,4ac1a8452a786c70f32e31360258db3f
0bf2780d7d1d241e812f865d824ec04ccc793494fb0ba64425a226c721ea2456,2c9861e14b69fec98edf93c88142aa79
0bf2780d7d1d241e812f865d824ec04ccc793494fb0ba64425a226c721ea2456,fb252666a2f16ebd1bb5519345614d07
0bf2780d7d1d241e812f865d824ec04ccc793494fb0ba64425a226c721ea2456,c5605b146d147785212e3c2fb022ea31
0bf2780d7d1d241e812f865d824ec04ccc793494fb0ba64425a226c721ea2456,fe0ed6a4b46c19f7bd1b3cb21e7daa4b
0bf2780d7d1d241e812f865d824ec04ccc793494fb0ba64425a226c721ea2456,f6e2470d33afa9438c3acdcb0cf7cb6b
0bf2780d7d1d241e812f865d824ec04ccc793494fb0ba64425a226c721ea2456,8a23936d0c3f67698c7df230c2969289
0bf2780d7d1d241e812f865d824ec04ccc793494fb0ba64425a226c721ea2456,77e83618089a3eea5c1c84e0bc2cb491
0bf2780d7d1d241e812f865d824ec04ccc793494fb0ba64425a226c721ea2456,4df1bb0df806502af4300014b4cb3d74
0bf2780d7d1d241e812f865d824ec04ccc793494fb0ba64425a226c721ea2456,b4a29f4c4bb5e42744f32ee51b0aa8ed
0bf2780d7d1d241e812f865d824ec04ccc793494fb0ba64425a226c721ea2456,e6bd8279b97f28c3d5708026dfe9366a
0bf2780d7d1d241e812f865d824ec04ccc793494fb0ba64425a226c721ea2456,d569e39facabbc21da304080ec478fbc
0bf2780d7d1d241e812f865d824ec04ccc793494fb0ba64425a226c721ea2456,dd23b440090b6e1e1e2bb576a0711059
0bf2780d7d1d241e812f865d824ec04ccc793494fb0ba64425a226c721ea2456,2001428f54572e40914f74428171ebef
477da126debb3b2997b57ccf97b0ddb42149c2ec9f4f203c8ea9fa006b3b1fff,38879fe994b7620708cdabb3ce0b96de
477da126debb3b2997b57ccf97b0ddb42149c2ec9f4f203c8ea9fa006b3b1fff,78d58f9e7f7a3e99f9b37f9a2f404bde
477da126debb3b2997b57ccf97b0ddb42149c2ec9f4f203c8ea9fa006b3b1fff,e7239f2acb92ead86048e8f81611b4cc
477da126debb3b2997b57ccf97b0ddb42149c2ec9f4f203c8ea9fa006b3b1fff,7b44ffa0fe117f205aa3d6f3f97adab6
477da126debb3b2997b57ccf97b0ddb42149c2ec9f4f203c8ea9fa006b3b1fff,7b5dcf7a5f6ac82fcfe878a747fd34ba
477da126debb3b2997b57ccf97b0ddb42149c2ec9f4f203c8ea9fa006b3b1fff,733d11e47870d2d5d80b84fd3afbe8a7
477da126debb3b2997b57ccf97b0ddb42149c2ec9f4f203c8ea9fa006b3b1fff,cb71f520504db76034f645e1f8242693
477da126debb3b2997b57ccf97b0ddb42149c2ec9f4f203c8ea9fa006b3b1fff,84d16d59ac7e4ffce8042ac5e13695ab
477da126debb3b2997b57ccf97b0ddb42149c2ec9f4f203c8ea9fa006b3b1fff,1ea80c47b341b4033bab49a98d1e9dae
477da126debb3b2997b57ccf97b0ddb42149c2ec9f4f203c8ea9fa006b3b1fff,6dc2c4cee11c7cb445f0444302e19aad
477da126debb3b2997b57ccf97b0ddb42149c2ec9f4f203c8ea9fa006b3b1fff,8d9aa4efbcabbed77b97371abf153991
477da126debb3b2997b57ccf97b0ddb42149c2ec9f4f203c8ea9fa006b3b1fff,60d332d5daa584e08bbe10e8891a26d2
477da126debb3b2997b57ccf97b0ddb42149c2ec9f4f203c8ea9fa006b3b1fff,183f5a85ec9492daa113b83abfa5079a
477da126debb3b2997b57ccf97b0ddb42149c2ec9f4f203c8ea9fa006b3b1fff,c04b66e2cda5c19ddcec10f8482f8875
477da126debb3b2997b57ccf97b0ddb42149c2ec9f4f203c8ea9fa006b3b1fff,a6c65c40db9037b605af90d8ec9c9228
477da126debb3b2997b57ccf97b0ddb42149c2ec9f4f203c8ea9fa006b3b1fff,219ebd9edf106c31584b87ccf8c8af18
477da126debb3b2997b57ccf97b0ddb42149c2ec9f4f203c8ea9fa006b3b1fff,3c67758fe588d215eccc7360ff18cf9f
477da126debb3b2997b57ccf97b0ddb42149c2ec9f4f203c8ea9fa006b3b1fff,bbc5289228adc6284df80859a8263436
477da126debb3b2997b57ccf97b0ddb42149c2ec9f4f203c8ea9fa006b3b1fff,cfe7911c6dd3cbf883d0ae8e008c3f1f
477da126debb3b2997b57ccf97b0ddb42149c2ec9f4f203c8ea9fa006b3b1fff,9d85962c636f7eb39fda561e95bd9bdd
477da126debb3b2997b57ccf97b0ddb42149c2ec9f4f203c8ea9fa006b3b1fff,1e42ac63be287d8930607d5bf81b791c
477da126debb3b2997b57ccf97b0ddb42149c2ec9f4f203c8ea9fa006b3b1fff,328d0d62622a2c151f5bd37034f60afb
477da126debb3b2997b57ccf97b0ddb42149c2ec9f4f203c8ea9fa006b3b1fff,ea283ddcdb5f093860559e619684334f
477da126debb3b2997b57ccf97b0ddb42149c2ec9f4f203c8ea9fa006b3b1fff,ea283ddcdb5f093860559e619684334f
477da126debb3b2997b57ccf97b0ddb42149c2ec9f4f203c8ea9fa006b3b1fff,4aa490f6e493633968ba2bc09194d949
477da126debb3b2997b57ccf97b0ddb42149c2ec9f4f203c8ea9fa006b3b1fff,c36d1bd61b20c918b38862156d758838
477da126debb3b2997b57ccf97b0ddb42149c2ec9f4f203c8ea9fa006b3b1fff,f39eea396e90226326789d6cc04bebdc
477da126debb3b2997b57ccf97b0ddb42149c2ec9f4f203c8ea9fa006b3b1fff,fcfdaee32b24a913a3e0587d2a97c307
477da126debb3b2997b57ccf97b0ddb42149c2ec9f4f203c8ea9fa006b3b1fff,e79f30ec62b0e164bf60b1db88e2bee6
477da126debb3b2997b57ccf97b0ddb42149c2ec9f4f203c8ea9fa006b3b1fff,e7e2f721ccecd21ed76197e365922315
477da126debb3b2997b57ccf97b0ddb42149c2ec9f4f203c8ea9fa006b3b1fff,75c45bcdd25f161682ebbfe291a6b52a
477da126debb3b2997b57ccf97b0ddb42149c2ec9f4f203c8ea9fa006b3b1fff,2a5703f7f9e99e7c624a22d1d3f12213
477da126debb3b2997b57ccf97b0ddb42149c2ec9f4f203c8ea9fa006b3b1fff,52bc442e1006a173007ff64fd7c6074e
477da126debb3b2997b57ccf97b0ddb42149c2ec9f4f203c8ea9fa006b3b1fff,1cfe8fe2632ce738d4a402dd774b7021
477da126debb3b2997b57ccf97b0ddb42149c2ec9f4f203c8ea9fa006b3b1fff,ae042a0513d9f2a57c85b283653fe6f8
477da126debb3b2997b57ccf97b0ddb42149c2ec9f4f203c8ea9fa006b3b1fff,82c39a0aa606b8966e1e17b3bc46d5e1
477da126debb3b2997b57ccf97b0ddb42149c2ec9f4f203c8ea9fa006b3b1fff,0d9d3e618ddea2515d91cc6a89af2237
477da126debb3b2997b57ccf97b0ddb42149c2ec9f4f203c8ea9fa006b3b1fff,af83cae5a6db1ec53d5c8510cca053b2
477da126debb3b2997b57ccf97b0ddb42149c2ec9f4f203c8ea9fa006b3b1fff,b947729562fb142b6e3fc2b08a95e6d3
477da126debb3b2997b57ccf97b0ddb42149c2ec9f4f203c8ea9fa006b3b1fff,7eaa8e03f19a6ee217529eccbd3cbbad
477da126debb3b2997b57ccf97b0ddb42149c2ec9f4f203c8ea9fa006b3b1fff,23c0c5710b1b71fca3203f4e20d37978
477da126debb3b2997b57ccf97b0ddb42149c2ec9f4f203c8ea9fa006b3b1fff,8bf730323024bdc22c0ddc81d62aef79
477da126debb3b2997b57ccf97b0ddb42149c2ec9f4f203c8ea9fa006b3b1fff,0436e8d5f1cb52c59e73087dfc04d65c
477da126debb3b2997b57ccf97b0ddb42149c2ec9f4f203c8ea9fa006b3b1fff,4c6a213cc5c0b38ef460eb2946792880
477da126debb3b2997b57ccf97b0ddb42149c2ec9f4f203c8ea9fa006b3b1fff,4ce7b290a043f1341b419597bda1869c
477da126debb3b2997b57ccf97b0ddb42149c2ec9f4f203c8ea9fa006b3b1fff,e7502ea25026db19a542ceb29c308f10
477da126debb3b2997b57ccf97b0ddb42149c2ec9f4f203c8ea9fa006b3b1fff,7fb1b687c996627827e31a766b769994
477da126debb3b2997b57ccf97b0ddb42149c2ec9f4f203c8ea9fa006b3b1fff,065e2735973ea3b109f7336a82401b13
477da126debb3b2997b57ccf97b0ddb42149c2ec9f4f203c8ea9fa006b3b1fff,eb62c94ba73923857c5842f3ad2bdd09
477da126debb3b2997b57ccf97b0ddb42149c2ec9f4f203c8ea9fa006b3b1fff,9a01cb13283e8681e3f10bf859347a36
477da126debb3b2997b57ccf97b0ddb42149c2ec9f4f203c8ea9fa006b3b1fff,2a3ed37328ad0cd20144cfaa6ee5bb2b
477da126debb3b2997b57ccf97b0ddb42149c2ec9f4f203c8ea9fa006b3b1fff,53d09f6d7f13e953f1ca58ed86e6e5d5
477da126debb3b2997b57ccf97b0ddb42149c2ec9f4f203c8ea9fa006b3b1fff,8f4ea4f9f74be3c328f342b496af6fe7
477da126debb3b2997b57ccf97b0ddb42149c2ec9f4f203c8ea9fa006b3b1fff,e0e97b9e105cb5c343b8e360c81d9c0e
477da126debb3b2997b57ccf97b0ddb42149c2ec9f4f203c8ea9fa006b3b1fff,d5839c1db01510f776340ac019d28ef9
477da126debb3b2997b57ccf97b0ddb42149c2ec9f4f203c8ea9fa006b3b1fff,338e4841bf5703cc77b0ddff50f031e3
477da126debb3b2997b57ccf97b0ddb42149c2ec9f4f203c8ea9fa006b3b1fff,4a2a0be2369978237a911f8461f1b94b
477da126debb3b2997b57ccf97b0ddb42149c2ec9f4f203c8ea9fa006b3b1fff,6236a88a9b5410390831ffeba5d95cb7
477da126debb3b2997b57ccf97b0ddb42149c2ec9f4f203c8ea9fa006b3b1fff,0d328bc2b04c93f22b1bab47660a8b22
477da126debb3b2997b57ccf97b0ddb42149c2ec9f4f203c8ea9fa006b3b1fff,6ca1c3a4dd0ab949cdb879de3a75ed98
477da126debb3b2997b57ccf97b0ddb42149c2ec9f4f203c8ea9fa006b3b1fff,515f6f2e29673cbb975475619201b2b9
477da126debb3b2997b57ccf97b0ddb42149c2ec9f4f203c8ea9fa006b3b1fff,6e81037ed776fedb28759dd926f9d2e2
477da126debb3b2997b57ccf97b0ddb42149c2ec9f4f203c8ea9fa006b3b1fff,9d6e9a368dfb956f4c74e2c8a4ec6417
477da126debb3b2997b57ccf97b0ddb42149c2ec9f4f203c8ea9fa006b3b1fff,396238db0b0ea3504293d082fb52af97
477da126debb3b2997b57ccf97b0ddb42149c2ec9f4f203c8ea9fa006b3b1fff,396238db0b0ea3504293d082fb52af97
477da126debb3b2997b57ccf97b0ddb42149c2ec9f4f203c8ea9fa006b3b1fff,5280ba0775ea82cbc001eebf6fa8ce66
477da126debb3b2997b57ccf97b0ddb42149c2ec9f4f203c8ea9fa006b3b1fff,add13dd01a814d7d680201ca063bcbc1
477da126debb3b2997b57ccf97b0ddb42149c2ec9f4f203c8ea9fa006b3b1fff,80d5d7c380217eab427590c4307dd8c5
477da126debb3b2997b57ccf97b0ddb42149c2ec9f4f203c8ea9fa006b3b1fff,ba2c4b152ad7c156ddf30fde644e2a9b
477da126debb3b2997b57ccf97b0ddb42149c2ec9f4f203c8ea9fa006b3b1fff,66d4f5e66fc3cae953f3612c59b1744d
477da126debb3b2997b57ccf97b0ddb42149c2ec9f4f203c8ea9fa006b3b1fff,66d4f5e66fc3cae953f3612c59b1744d
477da126debb3b2997b57ccf97b0ddb42149c2ec9f4f203c8ea9fa006b3b1fff,2001428f54572e40914f74428171ebef
08d4deeed978ef4c1b2ae921b73c74bd2e41726802e859983db7aa43e14108f6,ae447291fdb2411ab5df91cf7530107e
08d4deeed978ef4c1b2ae921b73c74bd2e41726802e859983db7aa43e14108f6,a67c0fb2f2f649428f5cc608477dcdee
08d4deeed978ef4c1b2ae921b73c74bd2e41726802e859983db7aa43e14108f6,12ff5deda50de6d9a4670a8c3d224758
08d4deeed978ef4c1b2ae921b73c74bd2e41726802e859983db7aa43e14108f6,518a4067f7d9a47003f08063e7a7f071
08d4deeed978ef4c1b2ae921b73c74bd2e41726802e859983db7aa43e14108f6,20bd1e39c391b66c305dba617a3ca4de
08d4deeed978ef4c1b2ae921b73c74bd2e41726802e859983db7aa43e14108f6,b6534595b8ab5c1c019507e6f0fdebf3
08d4deeed978ef4c1b2ae921b73c74bd2e41726802e859983db7aa43e14108f6,b6df5c8d4440ea691dac65b0e3bd0737
08d4deeed978ef4c1b2ae921b73c74bd2e41726802e859983db7aa43e14108f6,a163f75bcfeb7666001109baa9ca64ac
08d4deeed978ef4c1b2ae921b73c74bd2e41726802e859983db7aa43e14108f6,a0e86deafdd7f9cced6cb6bddfec790d
08d4deeed978ef4c1b2ae921b73c74bd2e41726802e859983db7aa43e14108f6,752895e1c4b88c9de1a7a999808ab82e
08d4deeed978ef4c1b2ae921b73c74bd2e41726802e859983db7aa43e14108f6,42df3d1b4644358485d133eca7fe78e4
08d4deeed978ef4c1b2ae921b73c74bd2e41726802e859983db7aa43e14108f6,b7df8c58672af848e1c097a81cc06aa3
08d4deeed978ef4c1b2ae921b73c74bd2e41726802e859983db7aa43e14108f6,535d4c75f41ff833956e150cfce9db61
08d4deeed978ef4c1b2ae921b73c74bd2e41726802e859983db7aa43e14108f6,b8019311f17b486045a9f5d782595b1e
08d4deeed978ef4c1b2ae921b73c74bd2e41726802e859983db7aa43e14108f6,affece8fe9723d452767d381d5a7e4ca
08d4deeed978ef4c1b2ae921b73c74bd2e41726802e859983db7aa43e14108f6,0067d69c53f61ef21e120566e723a265
08d4deeed978ef4c1b2ae921b73c74bd2e41726802e859983db7aa43e14108f6,2246a168771cd4868034a91ebfaf5f20
08d4deeed978ef4c1b2ae921b73c74bd2e41726802e859983db7aa43e14108f6,48f14c35c3f446a2abfc0c8bd8b9f775
08d4deeed978ef4c1b2ae921b73c74bd2e41726802e859983db7aa43e14108f6,3dc4d3a43cc129cbaeb4dd3d1f168bad
08d4deeed978ef4c1b2ae921b73c74bd2e41726802e859983db7aa43e14108f6,0a25f4285f636a2e0b9522783d9f43f2
08d4deeed978ef4c1b2ae921b73c74bd2e41726802e859983db7aa43e14108f6,52b6999e77c436d78c47a2c82eeb4828
08d4deeed978ef4c1b2ae921b73c74bd2e41726802e859983db7aa43e14108f6,c8ede46f3c1cc1179cc3820538901bcd
08d4deeed978ef4c1b2ae921b73c74bd2e41726802e859983db7aa43e14108f6,816cdb179d1f9d1a7150b72244378a88
08d4deeed978ef4c1b2ae921b73c74bd2e41726802e859983db7aa43e14108f6,72f4df463c2001ff422d5d97c747259c
08d4deeed978ef4c1b2ae921b73c74bd2e41726802e859983db7aa43e14108f6,d14c6662682f613452ac6a6430046ee5
08d4deeed978ef4c1b2ae921b73c74bd2e41726802e859983db7aa43e14108f6,f03e089f3a388b78f6be807352322c9d
08d4deeed978ef4c1b2ae921b73c74bd2e41726802e859983db7aa43e14108f6,f5ad3d11fd30327d0e60655c58e03c76
08d4deeed978ef4c1b2ae921b73c74bd2e41726802e859983db7aa43e14108f6,111854757fbf416a757fb9cc10142804
08d4deeed978ef4c1b2ae921b73c74bd2e41726802e859983db7aa43e14108f6,5f60c0c1c7d5a898582d70351e014af5
08d4deeed978ef4c1b2ae921b73c74bd2e41726802e859983db7aa43e14108f6,9c293ca5b6f794074ca8a94b3caca2cc
08d4deeed978ef4c1b2ae921b73c74bd2e41726802e859983db7aa43e14108f6,2283d1277571df5e1168b6564b09deb0
08d4deeed978ef4c1b2ae921b73c74bd2e41726802e859983db7aa43e14108f6,d19120e18f55754849d685fbbc0a733a
08d4deeed978ef4c1b2ae921b73c74bd2e41726802e859983db7aa43e14108f6,6cb5ce0fdc011bb6b3ccb21c919d316d
08d4deeed978ef4c1b2ae921b73c74bd2e41726802e859983db7aa43e14108f6,05c5aaab668a7d84aac3cccdc0b42364
08d4deeed978ef4c1b2ae921b73c74bd2e41726802e859983db7aa43e14108f6,3078df930235f86bc0fa30ac017c2a78
08d4deeed978ef4c1b2ae921b73c74bd2e41726802e859983db7aa43e14108f6,cf6a659243b6ea1a25aaf5a466b2f9a2
08d4deeed978ef4c1b2ae921b73c74bd2e41726802e859983db7aa43e14108f6,bcdcff0eccd03267464805623a23be75
08d4deeed978ef4c1b2ae921b73c74bd2e41726802e859983db7aa43e14108f6,d2c6ff70a2298152503adfbc54c9ea22
08d4deeed978ef4c1b2ae921b73c74bd2e41726802e859983db7aa43e14108f6,4940a92517753973a56ecb54c82fa3b9
08d4deeed978ef4c1b2ae921b73c74bd2e41726802e859983db7aa43e14108f6,7f3f73aa80d363aba9a631f4fcd2e5f4
08d4deeed978ef4c1b2ae921b73c74bd2e41726802e859983db7aa43e14108f6,46aa94f99a10163047607e25eeae3255
08d4deeed978ef4c1b2ae921b73c74bd2e41726802e859983db7aa43e14108f6,b3fc723322fe7a63e3cee6189a88a2b0
08d4deeed978ef4c1b2ae921b73c74bd2e41726802e859983db7aa43e14108f6,a045b5fb4703fbb0727091645a1b3880
08d4deeed978ef4c1b2ae921b73c74bd2e41726802e859983db7aa43e14108f6,f26de312afe31c0ed6b51fe2d7750111
08d4deeed978ef4c1b2ae921b73c74bd2e41726802e859983db7aa43e14108f6,897109e04b33a8657b0f1a40da568e92
08d4deeed978ef4c1b2ae921b73c74bd2e41726802e859983db7aa43e14108f6,19dd77bf226f488bea5c428356ef7218
08d4deeed978ef4c1b2ae921b73c74bd2e41726802e859983db7aa43e14108f6,ced891fc9493dd8734d219a7c66ba2f3
08d4deeed978ef4c1b2ae921b73c74bd2e41726802e859983db7aa43e14108f6,41b381429d3f37c1ffd64e45ec883a6e
08d4deeed978ef4c1b2ae921b73c74bd2e41726802e859983db7aa43e14108f6,31b043ec3e12c98f354c25a32c7c2528
08d4deeed978ef4c1b2ae921b73c74bd2e41726802e859983db7aa43e14108f6,1d16a928050d65e1a8ee45aa5caa5b1b
08d4deeed978ef4c1b2ae921b73c74bd2e41726802e859983db7aa43e14108f6,4a5bfcbc6d7286f628b34c9900dcc236
08d4deeed978ef4c1b2ae921b73c74bd2e41726802e859983db7aa43e14108f6,c1f2f21d5d8039be3bfb3018989e8164
08d4deeed978ef4c1b2ae921b73c74bd2e41726802e859983db7aa43e14108f6,9ba8efff5d318992820e78804d37786e
08d4deeed978ef4c1b2ae921b73c74bd2e41726802e859983db7aa43e14108f6,6311061abd33d0d14e5b82e5afbadbb4
08d4deeed978ef4c1b2ae921b73c74bd2e41726802e859983db7aa43e14108f6,15e03a0779b21dd38c94fb7b35073545
08d4deeed978ef4c1b2ae921b73c74bd2e41726802e859983db7aa43e14108f6,152be73ee703318aafae1e65bcda3b21
08d4deeed978ef4c1b2ae921b73c74bd2e41726802e859983db7aa43e14108f6,152be73ee703318aafae1e65bcda3b21
08d4deeed978ef4c1b2ae921b73c74bd2e41726802e859983db7aa43e14108f6,46a8d060042f8be970b832671a060160
08d4deeed978ef4c1b2ae921b73c74bd2e41726802e859983db7aa43e14108f6,9d581da588ef11c3694c2392f471d6d7
08d4deeed978ef4c1b2ae921b73c74bd2e41726802e859983db7aa43e14108f6,9b04392381be73099779d4a49b7fa6d8
08d4deeed978ef4c1b2ae921b73c74bd2e41726802e859983db7aa43e14108f6,9729f387fd9ff563b34630381b5ddf19
08d4deeed978ef4c1b2ae921b73c74bd2e41726802e859983db7aa43e14108f6,7be7e3756a500abc887651eda595a0e0
08d4deeed978ef4c1b2ae921b73c74bd2e41726802e859983db7aa43e14108f6,f9777e5e72f53009b38265e070f917cf
08d4deeed978ef4c1b2ae921b73c74bd2e41726802e859983db7aa43e14108f6,45f73acd6e1b912a7cb7640a776d2f55
08d4deeed978ef4c1b2ae921b73c74bd2e41726802e859983db7aa43e14108f6,4a28d14a24b573d197227f558aa1b28f
08d4deeed978ef4c1b2ae921b73c74bd2e41726802e859983db7aa43e14108f6,0519fa0218f06b36f25d4fd8e239a2c9
08d4deeed978ef4c1b2ae921b73c74bd2e41726802e859983db7aa43e14108f6,d64bdd9eb55cfcacb405e037fd74150d
2f70bddcb4054b7a86bf20ae37e9fb0221357ed215c930f4fc6563574d5e5adb,f1f4784e22dda4c719ec0230600b20b3
2f70bddcb4054b7a86bf20ae37e9fb0221357ed215c930f4fc6563574d5e5adb,bece60cbd52aed73f2c633a6a1dcce7f
2f70bddcb4054b7a86bf20ae37e9fb0221357ed215c930f4fc6563574d5e5adb,bf1c30a379a33a51833cbcb5c02d2175
2f70bddcb4054b7a86bf20ae37e9fb0221357ed215c930f4fc6563574d5e5adb,f73974c6a0064ed890f873fe3fee739a
2f70bddcb4054b7a86bf20ae37e9fb0221357ed215c930f4fc6563574d5e5adb,ec52ab8cd6b0f7e3e1c852a5885b3d42
2f70bddcb4054b7a86bf20ae37e9fb0221357ed215c930f4fc6563574d5e5adb,2ed8e5766c83c0c7ed866b017c2c032e
2f70bddcb4054b7a86bf20ae37e9fb0221357ed215c930f4fc6563574d5e5adb,7a38c15f6171da30944654c07f6fe7bb
2f70bddcb4054b7a86bf20ae37e9fb0221357ed215c930f4fc6563574d5e5adb,ee570933ce2fc6a0dbdda7fa53d8ce04
2f70bddcb4054b7a86bf20ae37e9fb0221357ed215c930f4fc6563574d5e5adb,2434e962ad8d225d8b38443cef18869b
2f70bddcb4054b7a86bf20ae37e9fb0221357ed215c930f4fc6563574d5e5adb,f36f25c0bbd456ddd47ac0c89cd69677
2f70bddcb4054b7a86bf20ae37e9fb0221357ed215c930f4fc6563574d5e5adb,2560a79bf24937008276adcc6e8e2559
2f70bddcb4054b7a86bf20ae37e9fb0221357ed215c930f4fc6563574d5e5adb,3306af38eae50efb04bffb8de0eab4e6
2f70bddcb4054b7a86bf20ae37e9fb0221357ed215c930f4fc6563574d5e5adb,01890d8c0fdb698e281d0c073ad9990f
2f70bddcb4054b7a86bf20ae37e9fb0221357ed215c930f4fc6563574d5e5adb,ec617d7bbfffff5de41fab5f48ed1177
2f70bddcb4054b7a86bf20ae37e9fb0221357ed215c930f4fc6563574d5e5adb,4c848d8542832cbc3d72336eca43211b
2f70bddcb4054b7a86bf20ae37e9fb0221357ed215c930f4fc6563574d5e5adb,9646cb808303498da5c1dfde6c8418f8
2f70bddcb4054b7a86bf20ae37e9fb0221357ed215c930f4fc6563574d5e5adb,0683210fad50c1ad9e8922a743c90017
2f70bddcb4054b7a86bf20ae37e9fb0221357ed215c930f4fc6563574d5e5adb,47b045805ecb962eb75f07074431fa2c
2f70bddcb4054b7a86bf20ae37e9fb0221357ed215c930f4fc6563574d5e5adb,755e39bb6a148e32c627b8492cc82535
2f70bddcb4054b7a86bf20ae37e9fb0221357ed215c930f4fc6563574d5e5adb,6b487e492312157c4d68f6695d2c39b2
2f70bddcb4054b7a86bf20ae37e9fb0221357ed215c930f4fc6563574d5e5adb,3d6c3911870cbbec9ba4e58247474c87
2f70bddcb4054b7a86bf20ae37e9fb0221357ed215c930f4fc6563574d5e5adb,19bb59c7637cf64c5af349d53bba3e7c
2f70bddcb4054b7a86bf20ae37e9fb0221357ed215c930f4fc6563574d5e5adb,81eec7252ecdd3b0439ce6d114ca4c9d
2f70bddcb4054b7a86bf20ae37e9fb0221357ed215c930f4fc6563574d5e5adb,76571b467810fcf3a2e882fadc1d8478
2f70bddcb4054b7a86bf20ae37e9fb0221357ed215c930f4fc6563574d5e5adb,e6b8ad6842364bdbfd727c8c38e66b5e
2f70bddcb4054b7a86bf20ae37e9fb0221357ed215c930f4fc6563574d5e5adb,48bedf683bad667350b3ea4a41b56fc7
2f70bddcb4054b7a86bf20ae37e9fb0221357ed215c930f4fc6563574d5e5adb,3b6a2340e0a50053613b6949d865d8f0
2f70bddcb4054b7a86bf20ae37e9fb0221357ed215c930f4fc6563574d5e5adb,f0062c89ecfe182383060dd9d72f368b
2f70bddcb4054b7a86bf20ae37e9fb0221357ed215c930f4fc6563574d5e5adb,7a5864918e61d4149a529ee79c5c4b16
2f70bddcb4054b7a86bf20ae37e9fb0221357ed215c930f4fc6563574d5e5adb,e37be769677351385bca9a6b7da4bb02
2f70bddcb4054b7a86bf20ae37e9fb0221357ed215c930f4fc6563574d5e5adb,f48d77aec01a40fc6203b130fd6a72b7
2f70bddcb4054b7a86bf20ae37e9fb0221357ed215c930f4fc6563574d5e5adb,f120532f37d72dd7364fb6ea2b8d4eab
2f70bddcb4054b7a86bf20ae37e9fb0221357ed215c930f4fc6563574d5e5adb,c003c6cade1feddd16f6539b675d5609
2f70bddcb4054b7a86bf20ae37e9fb0221357ed215c930f4fc6563574d5e5adb,4aaa35087c75fda0964b18bdf05d92f3
2f70bddcb4054b7a86bf20ae37e9fb0221357ed215c930f4fc6563574d5e5adb,7f3f73aa80d363aba9a631f4fcd2e5f4
2f70bddcb4054b7a86bf20ae37e9fb0221357ed215c930f4fc6563574d5e5adb,dfe498ecdc26227abb6b0e43a0f17104
2f70bddcb4054b7a86bf20ae37e9fb0221357ed215c930f4fc6563574d5e5adb,21bb94d0d2d17586ebb06157cd111207
2f70bddcb4054b7a86bf20ae37e9fb0221357ed215c930f4fc6563574d5e5adb,f5786b446b8c8f468ac4ac6bda5d211f
2f70bddcb4054b7a86bf20ae37e9fb0221357ed215c930f4fc6563574d5e5adb,aa53610f892fe9e92332815f9d27a276
2f70bddcb4054b7a86bf20ae37e9fb0221357ed215c930f4fc6563574d5e5adb,0fd31f52a367728ecc9dd636fb55ca84
2f70bddcb4054b7a86bf20ae37e9fb0221357ed215c930f4fc6563574d5e5adb,ee49352f53dda592eb20b5bd63d5aaf7
2f70bddcb4054b7a86bf20ae37e9fb0221357ed215c930f4fc6563574d5e5adb,99ddd2d0b701c412d33ac9f82e13dad8
2f70bddcb4054b7a86bf20ae37e9fb0221357ed215c930f4fc6563574d5e5adb,12feb0a7c47615749e9e0990aec092f2
2f70bddcb4054b7a86bf20ae37e9fb0221357ed215c930f4fc6563574d5e5adb,94c526cebf661a2cac83af07595ec930
2f70bddcb4054b7a86bf20ae37e9fb0221357ed215c930f4fc6563574d5e5adb,d4ec4127e52e6436bf74d0d943de2a83
2f70bddcb4054b7a86bf20ae37e9fb0221357ed215c930f4fc6563574d5e5adb,ca43555422ea75f30525644fc14d06f6
2f70bddcb4054b7a86bf20ae37e9fb0221357ed215c930f4fc6563574d5e5adb,8051c3d21c71174311a46446a35af6e2
2f70bddcb4054b7a86bf20ae37e9fb0221357ed215c930f4fc6563574d5e5adb,5a8f08d41b9dc33962132a7110bb75d0
2f70bddcb4054b7a86bf20ae37e9fb0221357ed215c930f4fc6563574d5e5adb,338e4841bf5703cc77b0ddff50f031e3
2f70bddcb4054b7a86bf20ae37e9fb0221357ed215c930f4fc6563574d5e5adb,46afba5e9bf76dd99c3ba2752a6190ab
2f70bddcb4054b7a86bf20ae37e9fb0221357ed215c930f4fc6563574d5e5adb,1230b732b54b503f873f608d061e8e5b
2f70bddcb4054b7a86bf20ae37e9fb0221357ed215c930f4fc6563574d5e5adb,fb252666a2f16ebd1bb5519345614d07
2f70bddcb4054b7a86bf20ae37e9fb0221357ed215c930f4fc6563574d5e5adb,58433f92869bf168ccea029156bb8d52
2f70bddcb4054b7a86bf20ae37e9fb0221357ed215c930f4fc6563574d5e5adb,e35dd7721a1a5e7044ed653a172504e3
2f70bddcb4054b7a86bf20ae37e9fb0221357ed215c930f4fc6563574d5e5adb,8ca24fd99e4744c0a1094e6aa768f1e0
2f70bddcb4054b7a86bf20ae37e9fb0221357ed215c930f4fc6563574d5e5adb,c5605b146d147785212e3c2fb022ea31
2f70bddcb4054b7a86bf20ae37e9fb0221357ed215c930f4fc6563574d5e5adb,5465e5cb5ad94c1df5146f462512282b
2f70bddcb4054b7a86bf20ae37e9fb0221357ed215c930f4fc6563574d5e5adb,8a8f7a8f2f527d2182dca164c272af0d
2f70bddcb4054b7a86bf20ae37e9fb0221357ed215c930f4fc6563574d5e5adb,7c0e34735b48d18ab0f70a1a4b8bf2b8
2f70bddcb4054b7a86bf20ae37e9fb0221357ed215c930f4fc6563574d5e5adb,32c587a928071d57578eb52cb01a84cf
2f70bddcb4054b7a86bf20ae37e9fb0221357ed215c930f4fc6563574d5e5adb,c2e53911a0da71dc7211f24e2ff798c3
3e5ab20416817ffed0a285e122affa47d36550b72f98c27d850e9612cb25d3cb,8757ce8b0aa8a36889e2f22dd390bb12
3e5ab20416817ffed0a285e122affa47d36550b72f98c27d850e9612cb25d3cb,c82d5aa0ac669b389e8649175366bb0c
3e5ab20416817ffed0a285e122affa47d36550b72f98c27d850e9612cb25d3cb,e3770d5c1546855aafcddb9fb1d7942d
3e5ab20416817ffed0a285e122affa47d36550b72f98c27d850e9612cb25d3cb,d388ce580ee44e62a07d21579f6f5f7f
3e5ab20416817ffed0a285e122affa47d36550b72f98c27d850e9612cb25d3cb,c27d24f46080e2d8affaaea8ff6a591b
3e5ab20416817ffed0a285e122affa47d36550b72f98c27d850e9612cb25d3cb,02a1071b9e75de0335a8af440e203cfd
3e5ab20416817ffed0a285e122affa47d36550b72f98c27d850e9612cb25d3cb,80a58cba509f4dff0a23dd093f8a9588
3e5ab20416817ffed0a285e122affa47d36550b72f98c27d850e9612cb25d3cb,9c39fa7b2c9e50747fd3c4a5092ef05c
3e5ab20416817ffed0a285e122affa47d36550b72f98c27d850e9612cb25d3cb,1f30c65f7d7e3fb0ff118c38ec6381f2
3e5ab20416817ffed0a285e122affa47d36550b72f98c27d850e9612cb25d3cb,39e8b0f3a8652b7847d6265216d3d802
3e5ab20416817ffed0a285e122affa47d36550b72f98c27d850e9612cb25d3cb,84cb28ea5454946f16f9fb1359e1b0bc
3e5ab20416817ffed0a285e122affa47d36550b72f98c27d850e9612cb25d3cb,08ff0d73b44cea62aea5a6bbb81297b5
3e5ab20416817ffed0a285e122affa47d36550b72f98c27d850e9612cb25d3cb,bcbf757a7365641df50eca192762b55e
3e5ab20416817ffed0a285e122affa47d36550b72f98c27d850e9612cb25d3cb,287a33a53bb50fa90061711f2caa1164
3e5ab20416817ffed0a285e122affa47d36550b72f98c27d850e9612cb25d3cb,d98e80adb278126fa47f6be8d4c26b43
3e5ab20416817ffed0a285e122affa47d36550b72f98c27d850e9612cb25d3cb,3e34243b65da8307a7aeed82e610e569
3e5ab20416817ffed0a285e122affa47d36550b72f98c27d850e9612cb25d3cb,dc6abc6d39cb59843e411bc9c06b360c
3e5ab20416817ffed0a285e122affa47d36550b72f98c27d850e9612cb25d3cb,953a0e1c96e6e4f854233381d3bc7465
3e5ab20416817ffed0a285e122affa47d36550b72f98c27d850e9612cb25d3cb,0f91c17c8cdedfc1d2140c2a5e8477cb
3e5ab20416817ffed0a285e122affa47d36550b72f98c27d850e9612cb25d3cb,7f2255c60d3ec3e46733b35f6ddf1a0d
3e5ab20416817ffed0a285e122affa47d36550b72f98c27d850e9612cb25d3cb,245a26f4d844ec3e97fae576cf800a94
3e5ab20416817ffed0a285e122affa47d36550b72f98c27d850e9612cb25d3cb,755e39bb6a148e32c627b8492cc82535
3e5ab20416817ffed0a285e122affa47d36550b72f98c27d850e9612cb25d3cb,4777a42ec8cf2c8d701df960af8600ae
3e5ab20416817ffed0a285e122affa47d36550b72f98c27d850e9612cb25d3cb,d45217599ec077e4295b9cbf587a0334
3e5ab20416817ffed0a285e122affa47d36550b72f98c27d850e9612cb25d3cb,04b8de6062933ca6166da9759287f141
3e5ab20416817ffed0a285e122affa47d36550b72f98c27d850e9612cb25d3cb,231cad1532d388f6649b76d082931562
3e5ab20416817ffed0a285e122affa47d36550b72f98c27d850e9612cb25d3cb,78faff6cafc4a0aaf0ae54f4451442f2
3e5ab20416817ffed0a285e122affa47d36550b72f98c27d850e9612cb25d3cb,b324b57af4cd07395ef66d49e78d148c
3e5ab20416817ffed0a285e122affa47d36550b72f98c27d850e9612cb25d3cb,1c9dc9379350ebfa6b7084f4983f3288
3e5ab20416817ffed0a285e122affa47d36550b72f98c27d850e9612cb25d3cb,109cba88c662897487b765e3bb977f1c
3e5ab20416817ffed0a285e122affa47d36550b72f98c27d850e9612cb25d3cb,0a25f4285f636a2e0b9522783d9f43f2
3e5ab20416817ffed0a285e122affa47d36550b72f98c27d850e9612cb25d3cb,5368e2f999269b80d27c1d0a57f56b7c
3e5ab20416817ffed0a285e122affa47d36550b72f98c27d850e9612cb25d3cb,d4b95f8dc56dfaaf4ada410448096f8e
3e5ab20416817ffed0a285e122affa47d36550b72f98c27d850e9612cb25d3cb,d4b95f8dc56dfaaf4ada410448096f8e
3e5ab20416817ffed0a285e122affa47d36550b72f98c27d850e9612cb25d3cb,d14c6662682f613452ac6a6430046ee5
3e5ab20416817ffed0a285e122affa47d36550b72f98c27d850e9612cb25d3cb,d996b0ad9ac2e2b9cc9921251827b4d6
3e5ab20416817ffed0a285e122affa47d36550b72f98c27d850e9612cb25d3cb,dc69d6add84bc625fec2bdb9c9f423ae
3e5ab20416817ffed0a285e122affa47d36550b72f98c27d850e9612cb25d3cb,6cb5ce0fdc011bb6b3ccb21c919d316d
3e5ab20416817ffed0a285e122affa47d36550b72f98c27d850e9612cb25d3cb,baa9949245c6ee2195c7d833d6af011a
3e5ab20416817ffed0a285e122affa47d36550b72f98c27d850e9612cb25d3cb,02f91977d42e4b85fbd1629eb8f6ff3e
3e5ab20416817ffed0a285e122affa47d36550b72f98c27d850e9612cb25d3cb,2c7486b87df7f65820765c5f48f18291
3e5ab20416817ffed0a285e122affa47d36550b72f98c27d850e9612cb25d3cb,56d359e595668b4480241f3fbd49af5f
3e5ab20416817ffed0a285e122affa47d36550b72f98c27d850e9612cb25d3cb,0b1a191173a7e0882d61a5704480a027
3e5ab20416817ffed0a285e122affa47d36550b72f98c27d850e9612cb25d3cb,e1593315637357ed56a0f1b5920a85dc
3e5ab20416817ffed0a285e122affa47d36550b72f98c27d850e9612cb25d3cb,e10c4bf6dc369bd3a9d1e60d6d08d9fd
3e5ab20416817ffed0a285e122affa47d36550b72f98c27d850e9612cb25d3cb,86247b26f3d96792df650c651a1e4abe
3e5ab20416817ffed0a285e122affa47d36550b72f98c27d850e9612cb25d3cb,0544319c3e6d1610037139e0cbc65b92
3e5ab20416817ffed0a285e122affa47d36550b72f98c27d850e9612cb25d3cb,2ca98a810cada8f45ba6590f5a0a960c
3e5ab20416817ffed0a285e122affa47d36550b72f98c27d850e9612cb25d3cb,3155e09f406eb05a3c2f8a57f1fad3fb
3e5ab20416817ffed0a285e122affa47d36550b72f98c27d850e9612cb25d3cb,2d3ffd847c4a1349ebfcfd45a7f70134
3e5ab20416817ffed0a285e122affa47d36550b72f98c27d850e9612cb25d3cb,f5786b446b8c8f468ac4ac6bda5d211f
3e5ab20416817ffed0a285e122affa47d36550b72f98c27d850e9612cb25d3cb,ac2fc9f21770817d2204cb293b22c8b6
3e5ab20416817ffed0a285e122affa47d36550b72f98c27d850e9612cb25d3cb,ac2fc9f21770817d2204cb293b22c8b6
3e5ab20416817ffed0a285e122affa47d36550b72f98c27d850e9612cb25d3cb,9f5716bcf4513d6adcf0efff14c4c1fe
3e5ab20416817ffed0a285e122affa47d36550b72f98c27d850e9612cb25d3cb,a5a8911f637b292cf0a0eb00d54ec86c
3e5ab20416817ffed0a285e122affa47d36550b72f98c27d850e9612cb25d3cb,3b6c8b1365c871f786af4aeb3fc04606
3e5ab20416817ffed0a285e122affa47d36550b72f98c27d850e9612cb25d3cb,67d9ce796910ce5ff7d66a4acba1c4fe
3e5ab20416817ffed0a285e122affa47d36550b72f98c27d850e9612cb25d3cb,5a599185f1fd5536f6182606e7dc0031
3e5ab20416817ffed0a285e122affa47d36550b72f98c27d850e9612cb25d3cb,76f634f9646bd5c68f0013457039f10e
3e5ab20416817ffed0a285e122affa47d36550b72f98c27d850e9612cb25d3cb,8db44c988dbb363409517c7796ae4484
3e5ab20416817ffed0a285e122affa47d36550b72f98c27d850e9612cb25d3cb,c25bf72d7a496927512dc7844317f9b0
3e5ab20416817ffed0a285e122affa47d36550b72f98c27d850e9612cb25d3cb,7bda879894a3eb38e9c2a45d56357e67
3e5ab20416817ffed0a285e122affa47d36550b72f98c27d850e9612cb25d3cb,7f7b6313b20a930d6c90d46427d52ea3
3e5ab20416817ffed0a285e122affa47d36550b72f98c27d850e9612cb25d3cb,854f39abaeb35f97dc78758791454b3d
3e5ab20416817ffed0a285e122affa47d36550b72f98c27d850e9612cb25d3cb,91bb84e5c090d4752c0845b5ac8d5364
3e5ab20416817ffed0a285e122affa47d36550b72f98c27d850e9612cb25d3cb,415af9283712ae40d4cc59f46823c708
3e5ab20416817ffed0a285e122affa47d36550b72f98c27d850e9612cb25d3cb,631f111c5f3e09794c8ee6dd42d9b960
3e5ab20416817ffed0a285e122affa47d36550b72f98c27d850e9612cb25d3cb,3d05a0e8178e7b7b8d547901644fec9a
3e5ab20416817ffed0a285e122affa47d36550b72f98c27d850e9612cb25d3cb,fb6f37f3708beb4fe01ba1869d10aa9c
3e5ab20416817ffed0a285e122affa47d36550b72f98c27d850e9612cb25d3cb,692ec95eae1b0f2bd46a92ab2b014558
3e5ab20416817ffed0a285e122affa47d36550b72f98c27d850e9612cb25d3cb,db8ee4f572a6e773a7a274ca82e2cbf3
3e5ab20416817ffed0a285e122affa47d36550b72f98c27d850e9612cb25d3cb,34e0fe9b5947a804e8f801a744cbb851
3e5ab20416817ffed0a285e122affa47d36550b72f98c27d850e9612cb25d3cb,396238db0b0ea3504293d082fb52af97
3e5ab20416817ffed0a285e122affa47d36550b72f98c27d850e9612cb25d3cb,0aa9ba2d428befc0d5c67a2cf67c7ac8
3e5ab20416817ffed0a285e122affa47d36550b72f98c27d850e9612cb25d3cb,1862d6a80a66e90c14baca99118aa9c4
3e5ab20416817ffed0a285e122affa47d36550b72f98c27d850e9612cb25d3cb,19030b152c4cd7551e466bc2f0c46cfd
3e5ab20416817ffed0a285e122affa47d36550b72f98c27d850e9612cb25d3cb,46900f3ebfc1c2af0b6ecc3746310f59
3e5ab20416817ffed0a285e122affa47d36550b72f98c27d850e9612cb25d3cb,b5dad72aec2a7400a5a6bb8259784a7c
3e5ab20416817ffed0a285e122affa47d36550b72f98c27d850e9612cb25d3cb,e4c5aa02002e604007be11f9ab36c0a6
3e5ab20416817ffed0a285e122affa47d36550b72f98c27d850e9612cb25d3cb,da83a03a39da380f63771bbe2c62b8f4
3e5ab20416817ffed0a285e122affa47d36550b72f98c27d850e9612cb25d3cb,617b9b874149a14bd0f887a90cdf852b
3e5ab20416817ffed0a285e122affa47d36550b72f98c27d850e9612cb25d3cb,2ae9272790147cfb49aa2ffa2e74ed89
3e5ab20416817ffed0a285e122affa47d36550b72f98c27d850e9612cb25d3cb,0157d23dd65b7a7a77302c45fb9a9832
3e5ab20416817ffed0a285e122affa47d36550b72f98c27d850e9612cb25d3cb,e3d5e44652270972fa3c7c021d8e7941
3e5ab20416817ffed0a285e122affa47d36550b72f98c27d850e9612cb25d3cb,15d5f4240efbe242fb6d9c93a5888517
3e5ab20416817ffed0a285e122affa47d36550b72f98c27d850e9612cb25d3cb,9e29fa2849465ccbdab442551107cb44
3e5ab20416817ffed0a285e122affa47d36550b72f98c27d850e9612cb25d3cb,dea8dc556b7d79e0d63ac41754d9981d
3e5ab20416817ffed0a285e122affa47d36550b72f98c27d850e9612cb25d3cb,d64bdd9eb55cfcacb405e037fd74150d
3e5ab20416817ffed0a285e122affa47d36550b72f98c27d850e9612cb25d3cb,2001428f54572e40914f74428171ebef
c0b52a323658476cbca604cd8ae76878b9e2fde4151b33ea493c3752701e124b,07b254252ba18f3a3404e5b5db1168a2
c0b52a323658476cbca604cd8ae76878b9e2fde4151b33ea493c3752701e124b,c3ac692e2684b51f2c58b83c41d22f52
c0b52a323658476cbca604cd8ae76878b9e2fde4151b33ea493c3752701e124b,69c72285144a9d2886c4d9404ace1280
c0b52a323658476cbca604cd8ae76878b9e2fde4151b33ea493c3752701e124b,cb8ad2d3f537b0c2fc82105b9dec4bd2
c0b52a323658476cbca604cd8ae76878b9e2fde4151b33ea493c3752701e124b,e485a59c84165ef4badadf53adaa2ed4
c0b52a323658476cbca604cd8ae76878b9e2fde4151b33ea493c3752701e124b,b6778ead4096ce9e776030cb64aef9d8
c0b52a323658476cbca604cd8ae76878b9e2fde4151b33ea493c3752701e124b,b7f6048f5ae9e6cfa45e33f485708d38
c0b52a323658476cbca604cd8ae76878b9e2fde4151b33ea493c3752701e124b,7f34ce1bc92a73330dcc5bf6230f524c
c0b52a323658476cbca604cd8ae76878b9e2fde4151b33ea493c3752701e124b,e00d0e62eb20a5e1b2ebd513c5cded03
c0b52a323658476cbca604cd8ae76878b9e2fde4151b33ea493c3752701e124b,f787d7bca2deecdbb2d8075b88113d7a
c0b52a323658476cbca604cd8ae76878b9e2fde4151b33ea493c3752701e124b,b7fe04e94a8083f401a594f4cebabcd5
c0b52a323658476cbca604cd8ae76878b9e2fde4151b33ea493c3752701e124b,0f7b39e98b4be8f0dc46e804f4af1fff
c0b52a323658476cbca604cd8ae76878b9e2fde4151b33ea493c3752701e124b,9b9e4d79e56ca9a0e7ad2cb4986be02f
c0b52a323658476cbca604cd8ae76878b9e2fde4151b33ea493c3752701e124b,450f4303eb5dd18d30cf6a6ea55f9093
c0b52a323658476cbca604cd8ae76878b9e2fde4151b33ea493c3752701e124b,b17432fb151c45a55d25aec243ddfdc6
c0b52a323658476cbca604cd8ae76878b9e2fde4151b33ea493c3752701e124b,060c04e2b09e2d51e68cbbb360a69a3d
c0b52a323658476cbca604cd8ae76878b9e2fde4151b33ea493c3752701e124b,c407c6e880205757a8b706d271254df5
c0b52a323658476cbca604cd8ae76878b9e2fde4151b33ea493c3752701e124b,4489a967f371f10a267e819e2a5ef252
c0b52a323658476cbca604cd8ae76878b9e2fde4151b33ea493c3752701e124b,794257aa312864b0ddb8ce7b460a51d9
c0b52a323658476cbca604cd8ae76878b9e2fde4151b33ea493c3752701e124b,9bc7656d369bf9006eb77f22e2c3070a
c0b52a323658476cbca604cd8ae76878b9e2fde4151b33ea493c3752701e124b,7aee2ebd5583d265f59ee030b65286c8
c0b52a323658476cbca604cd8ae76878b9e2fde4151b33ea493c3752701e124b,0a4ea6719a19c795bdf84901629f8e19
c0b52a323658476cbca604cd8ae76878b9e2fde4151b33ea493c3752701e124b,f9c978da97ff6e6b9060afa0fd9a69d1
c0b52a323658476cbca604cd8ae76878b9e2fde4151b33ea493c3752701e124b,f3fae417786e2936675f40f5844edd8e
c0b52a323658476cbca604cd8ae76878b9e2fde4151b33ea493c3752701e124b,21f1546019e4eb5f3b49e95813a0a15d
c0b52a323658476cbca604cd8ae76878b9e2fde4151b33ea493c3752701e124b,43c5e43f0c8df07977cdf4deede0f9c1
c0b52a323658476cbca604cd8ae76878b9e2fde4151b33ea493c3752701e124b,328d0d62622a2c151f5bd37034f60afb
c0b52a323658476cbca604cd8ae76878b9e2fde4151b33ea493c3752701e124b,c333ad749efd09a5b2e9659d2ffd2d25
c0b52a323658476cbca604cd8ae76878b9e2fde4151b33ea493c3752701e124b,7b4ea1f4c69eb7d2c5d37f95acbfebd4
c0b52a323658476cbca604cd8ae76878b9e2fde4151b33ea493c3752701e124b,5368e2f999269b80d27c1d0a57f56b7c
c0b52a323658476cbca604cd8ae76878b9e2fde4151b33ea493c3752701e124b,6c8577229d2ba44f26c56f69865fd38e
c0b52a323658476cbca604cd8ae76878b9e2fde4151b33ea493c3752701e124b,648de76dba9184a84071256038900ede
c0b52a323658476cbca604cd8ae76878b9e2fde4151b33ea493c3752701e124b,8fc4d268917ff877cbde40c7d8b6edfb
c0b52a323658476cbca604cd8ae76878b9e2fde4151b33ea493c3752701e124b,a30eee0b955a68112a5dab4e72078d87
c0b52a323658476cbca604cd8ae76878b9e2fde4151b33ea493c3752701e124b,d3f6e453d5e2d2fcf41cb642eacc0de8
c0b52a323658476cbca604cd8ae76878b9e2fde4151b33ea493c3752701e124b,d996b0ad9ac2e2b9cc9921251827b4d6
c0b52a323658476cbca604cd8ae76878b9e2fde4151b33ea493c3752701e124b,e79f30ec62b0e164bf60b1db88e2bee6
c0b52a323658476cbca604cd8ae76878b9e2fde4151b33ea493c3752701e124b,6a52570d4a46978783312e1fa2c60c6f
c0b52a323658476cbca604cd8ae76878b9e2fde4151b33ea493c3752701e124b,deb9caff946ccf4e2fa36f533e462389
c0b52a323658476cbca604cd8ae76878b9e2fde4151b33ea493c3752701e124b,2943d6c9aa1dbec1959fe09b62603e5d
c0b52a323658476cbca604cd8ae76878b9e2fde4151b33ea493c3752701e124b,ab291663654bf1280920c02e0d6b7970
c0b52a323658476cbca604cd8ae76878b9e2fde4151b33ea493c3752701e124b,8a60879de0ab7798ddbf85dca34ae0c3
c0b52a323658476cbca604cd8ae76878b9e2fde4151b33ea493c3752701e124b,3fc90daff3c0939435ed8729e9e8edb5
c0b52a323658476cbca604cd8ae76878b9e2fde4151b33ea493c3752701e124b,3fc90daff3c0939435ed8729e9e8edb5
c0b52a323658476cbca604cd8ae76878b9e2fde4151b33ea493c3752701e124b,dc0e87d1ca1481e301a32991726bef0e
c0b52a323658476cbca604cd8ae76878b9e2fde4151b33ea493c3752701e124b,8e0657464ad7fe88d980b1d6c3811262
c0b52a323658476cbca604cd8ae76878b9e2fde4151b33ea493c3752701e124b,8f270daf1b887cf9c51621d4f54a0e19
c0b52a323658476cbca604cd8ae76878b9e2fde4151b33ea493c3752701e124b,ac7e9ad558881ab95f6259131dde438e
c0b52a323658476cbca604cd8ae76878b9e2fde4151b33ea493c3752701e124b,6a60dc274ba0a27c8575ac143af9050a
c0b52a323658476cbca604cd8ae76878b9e2fde4151b33ea493c3752701e124b,6a60dc274ba0a27c8575ac143af9050a
c0b52a323658476cbca604cd8ae76878b9e2fde4151b33ea493c3752701e124b,5fca69400ceb9e2a5f0385f8340e262a
c0b52a323658476cbca604cd8ae76878b9e2fde4151b33ea493c3752701e124b,a045b5fb4703fbb0727091645a1b3880
c0b52a323658476cbca604cd8ae76878b9e2fde4151b33ea493c3752701e124b,a5a8911f637b292cf0a0eb00d54ec86c
c0b52a323658476cbca604cd8ae76878b9e2fde4151b33ea493c3752701e124b,a90b39c564cfdd68fd10f7701f665205
c0b52a323658476cbca604cd8ae76878b9e2fde4151b33ea493c3752701e124b,41296851cf806e2de3b70742e363e972
c0b52a323658476cbca604cd8ae76878b9e2fde4151b33ea493c3752701e124b,1234730fb70d0ef920abe3edd05521f0
c0b52a323658476cbca604cd8ae76878b9e2fde4151b33ea493c3752701e124b,0488c0cb9392f472bc9db79fa6cbb425
c0b52a323658476cbca604cd8ae76878b9e2fde4151b33ea493c3752701e124b,1b061e047585e2fa9b20916338aeeae2
c0b52a323658476cbca604cd8ae76878b9e2fde4151b33ea493c3752701e124b,7f7b6313b20a930d6c90d46427d52ea3
c0b52a323658476cbca604cd8ae76878b9e2fde4151b33ea493c3752701e124b,8bc03a0d8bb6eace3df0b92b7c3eb733
c0b52a323658476cbca604cd8ae76878b9e2fde4151b33ea493c3752701e124b,d256e245c19cea94e70a3cf9d99a8c8c
c0b52a323658476cbca604cd8ae76878b9e2fde4151b33ea493c3752701e124b,c244bde3b512ad2076518dde80fe2333
c0b52a323658476cbca604cd8ae76878b9e2fde4151b33ea493c3752701e124b,8cda67e39e3bee2bf8a3f66558cf61c7
c0b52a323658476cbca604cd8ae76878b9e2fde4151b33ea493c3752701e124b,24304008258181e8d5d2663ed4fe7668
c0b52a323658476cbca604cd8ae76878b9e2fde4151b33ea493c3752701e124b,5d1686fb574ed26912ef3e77d921efac
c0b52a323658476cbca604cd8ae76878b9e2fde4151b33ea493c3752701e124b,e35dd7721a1a5e7044ed653a172504e3
c0b52a323658476cbca604cd8ae76878b9e2fde4151b33ea493c3752701e124b,f9b4d252944ecfdb398498ba06aa62f7
c0b52a323658476cbca604cd8ae76878b9e2fde4151b33ea493c3752701e124b,06894004b34d7c0b5fe66bcc894a5744
c0b52a323658476cbca604cd8ae76878b9e2fde4151b33ea493c3752701e124b,d00894360c95d19e7bd87e0d7d94f112
c0b52a323658476cbca604cd8ae76878b9e2fde4151b33ea493c3752701e124b,efbc9b91267e59c76200035a5fa79b24
c0b52a323658476cbca604cd8ae76878b9e2fde4151b33ea493c3752701e124b,7be7e3756a500abc887651eda595a0e0
c0b52a323658476cbca604cd8ae76878b9e2fde4151b33ea493c3752701e124b,53f386169183d5f2ef2f3e79703fbc95
c0b52a323658476cbca604cd8ae76878b9e2fde4151b33ea493c3752701e124b,13b5ab3534de5a791456756a0117169a
c0b52a323658476cbca604cd8ae76878b9e2fde4151b33ea493c3752701e124b,4bb73c3d542f906723b23acaa4873347
c0b52a323658476cbca604cd8ae76878b9e2fde4151b33ea493c3752701e124b,1d4c1b84d0d52f29a1ff963a4a61ccf7
c0b52a323658476cbca604cd8ae76878b9e2fde4151b33ea493c3752701e124b,e4c5aa02002e604007be11f9ab36c0a6
c0b52a323658476cbca604cd8ae76878b9e2fde4151b33ea493c3752701e124b,faf4e3f0a642bf3383966714148c415e
c0b52a323658476cbca604cd8ae76878b9e2fde4151b33ea493c3752701e124b,2c7c960a3fa47bac20359ab82b7bdd85
c0b52a323658476cbca604cd8ae76878b9e2fde4151b33ea493c3752701e124b,dbd9d5ee7a38d95632858a438655ad4a
7103d01c583dd99895be1f87133afc92139420bf7312d86525ce6aab57f0046b,520d017ef191076f31e4bbe8801cf680
7103d01c583dd99895be1f87133afc92139420bf7312d86525ce6aab57f0046b,25bb2fbb7d75acfe5610ec466448763c
7103d01c583dd99895be1f87133afc92139420bf7312d86525ce6aab57f0046b,bf5e96f3fde9c8c004bc7e413dd7bad5
7103d01c583dd99895be1f87133afc92139420bf7312d86525ce6aab57f0046b,1bf74eba74ef14d877541fdcd25e3bb9
7103d01c583dd99895be1f87133afc92139420bf7312d86525ce6aab57f0046b,a55aa6593aede658ae3800f7eb93bf17
7103d01c583dd99895be1f87133afc92139420bf7312d86525ce6aab57f0046b,a55aa6593aede658ae3800f7eb93bf17
7103d01c583dd99895be1f87133afc92139420bf7312d86525ce6aab57f0046b,2ee8c044e670082ca5483987ecb9e8f8
7103d01c583dd99895be1f87133afc92139420bf7312d86525ce6aab57f0046b,7f695fe2a969b65120bbc902fa40373d
7103d01c583dd99895be1f87133afc92139420bf7312d86525ce6aab57f0046b,eb47e22b2463224470ab042553873780
7103d01c583dd99895be1f87133afc92139420bf7312d86525ce6aab57f0046b,11be51d35a598e2242462e440c164946
7103d01c583dd99895be1f87133afc92139420bf7312d86525ce6aab57f0046b,23c0c5710b1b71fca3203f4e20d37978
7103d01c583dd99895be1f87133afc92139420bf7312d86525ce6aab57f0046b,70ee6854334fdaf3ffb80debf631ea43
7103d01c583dd99895be1f87133afc92139420bf7312d86525ce6aab57f0046b,dca5f2a6b0c914d0d8f109d84901efc3
7103d01c583dd99895be1f87133afc92139420bf7312d86525ce6aab57f0046b,fe842e5412f34b4aa6ab4099c7cdc566
7103d01c583dd99895be1f87133afc92139420bf7312d86525ce6aab57f0046b,dbfa390a23a20d78b8fe5d598ef26759
7103d01c583dd99895be1f87133afc92139420bf7312d86525ce6aab57f0046b,14ea9291a5ebe8af012cd7c766c1225b
7103d01c583dd99895be1f87133afc92139420bf7312d86525ce6aab57f0046b,8ddd93c09c1347ecc8e590cf98b7f68a
7103d01c583dd99895be1f87133afc92139420bf7312d86525ce6aab57f0046b,f6e2470d33afa9438c3acdcb0cf7cb6b
7103d01c583dd99895be1f87133afc92139420bf7312d86525ce6aab57f0046b,4423ea66ea5db095c1e599445aed493c
7103d01c583dd99895be1f87133afc92139420bf7312d86525ce6aab57f0046b,e7583a98033d06ee013c234514147b6a
3b8c06179f955dd17f5a89a12d8b5f5865c23a53a80bbae168dde1f132e3141a,9b8f2da480bdee42dc87bc77f972d0c6
3b8c06179f955dd17f5a89a12d8b5f5865c23a53a80bbae168dde1f132e3141a,66256a88accf2e0782da8e7b0aed2bbd
3b8c06179f955dd17f5a89a12d8b5f5865c23a53a80bbae168dde1f132e3141a,790281c1934aeb606a57294b1339307c
3b8c06179f955dd17f5a89a12d8b5f5865c23a53a80bbae168dde1f132e3141a,7dbae5947a76403fd64042b614aaa8a3
3b8c06179f955dd17f5a89a12d8b5f5865c23a53a80bbae168dde1f132e3141a,e5dbbd843c22fda418a87d66b5f418b0
3b8c06179f955dd17f5a89a12d8b5f5865c23a53a80bbae168dde1f132e3141a,27d938cb963337b9ddff983997c66cd2
3b8c06179f955dd17f5a89a12d8b5f5865c23a53a80bbae168dde1f132e3141a,35d9a0731d7385c5ca54edd896719791
3b8c06179f955dd17f5a89a12d8b5f5865c23a53a80bbae168dde1f132e3141a,22037e449c588a45e6abb42849fc8d7e
3b8c06179f955dd17f5a89a12d8b5f5865c23a53a80bbae168dde1f132e3141a,0fcecc55f6c5d36e114b29f420d381fa
3b8c06179f955dd17f5a89a12d8b5f5865c23a53a80bbae168dde1f132e3141a,5b8de555378e4a4e2a126c9e319329ad
3b8c06179f955dd17f5a89a12d8b5f5865c23a53a80bbae168dde1f132e3141a,6819f9265cabfdb011214e7494c84fc1
3b8c06179f955dd17f5a89a12d8b5f5865c23a53a80bbae168dde1f132e3141a,9970480a8fdb3e75e3dacf9f513cdee3
3b8c06179f955dd17f5a89a12d8b5f5865c23a53a80bbae168dde1f132e3141a,fea3d27080b9755461409f7b4d67be7e
3b8c06179f955dd17f5a89a12d8b5f5865c23a53a80bbae168dde1f132e3141a,808104127980fc60313b5aadda5a1a64
3b8c06179f955dd17f5a89a12d8b5f5865c23a53a80bbae168dde1f132e3141a,ae666de570af03d3513f1758b9dadb7f
