user_id,deviceId,timestamp,hour,rawData,encryptedParam
15,lWCK205bclZHHIVe,1745149545000,7,1745149545000@PWAlWCK205bclZHHIVe,42ae4db4de90df858952273cf57f813f0cbc33d7a7e98e7afa5049ec9eb9ed21ad76fe1d30a2a62152a46a2b34d6a5d5
1,lWCK205bclZHHIVe,1745185218000,17,1745185218000@PWAlWCK205bclZHHIVe,80d1427fce70d3540208fb6a4c6239ea37c7c3dcdd66355932ee7f38f833a8fb96647d8b726c68786f95184060efbabf
8,lWCK205bclZHHIVe,1745167149000,12,1745167149000@PWAlWCK205bclZHHIVe,d2d72934e6a70e956ef37ba7ba4fd62f1b628a5fab76a89e0d36390b0a5aef23e574eb5b281dc4db04f6348a9fc3bbe5
11,lWCK205bclZHHIVe,1745174107000,14,1745174107000@PWAlWCK205bclZHHIVe,c570f4950fa05ca2022a38651eb5b1459dc73534e60fb885c0dea0e98ac2a5e67d64adc9776ef7d2dbe609e91a5a0b40
10,lWCK205bclZHHIVe,1745183871000,17,1745183871000@PWAlWCK205bclZHHIVe,0f57fc5266397e39cf0a8b193b19d766efdb2c200fc53fdf1c6e745b24cf4ab3a11ed0f9195c20b97f04b13230171a1c
18,9R04ZA4ZZYUeRcWE,1745174913000,14,1745174913000@PWA9R04ZA4ZZYUeRcWE,826afd5237f90b656174ac1ebf3d065b637ff47186795ce93d33165a009001737c6113a48f05acafa6ef77184cfbc8df
14,lWCK205bclZHHIVe,1745203062000,22,1745203062000@PWAlWCK205bclZHHIVe,baaab5b99edd1f0d8663f8a0522c3abad837e3cfedaa68c457f469c8d3dc5f3ea54e493fb6efc30e4167fc2122c47404
2,Mos7mIoNK4avGvlS,1745165634000,12,1745165634000@PWAMos7mIoNK4avGvlS,9f0cd54c6f7837108f700feb7f230f07b2d29afb690566f39b0d1c2f441f58efc44d9dc0ef0dc3d0ba9228217c35c2fa
9,9R04ZA4ZZYUeRcWE,1745181929000,16,1745181929000@PWA9R04ZA4ZZYUeRcWE,ad5a061044e352a18c9cebab290db693b237bc729e16842ea0b84e73d289d07783feee549408e69ee3f94b5ed4ebafbd
7,9R04ZA4ZZYUeRcWE,1745172296000,14,1745172296000@PWA9R04ZA4ZZYUeRcWE,1afec67426e819abf86e7dc7a4ece9a9beb6c18394585d06aa3fe6274473fb080b210aacae810af01eab0d1f93594477
9,Mos7mIoNK4avGvlS,1745193413000,19,1745193413000@PWAMos7mIoNK4avGvlS,d6cc2c07e7f790f5c0a0cca4d587a9dd684e6f6d1bb27ea2ab970e673430df7e9448d9304d9550169e48cc321128e77d
9,H99gdk4e90cz0zTP,1745154075000,9,1745154075000@PWAH99gdk4e90cz0zTP,a91da69eee557e894cec2f8802b13a91cd45d002a3de4a1f9320c9641d13a9fcb02b55524df49266f41fe6ec804c15aa
9,H99gdk4e90cz0zTP,1745156561000,9,1745156561000@PWAH99gdk4e90cz0zTP,193f4b166216d961ee8a1658e9ce047e7d52b32b1264e68721b3983a41eab05f33b3082f10d2dd71f15c14d1b7fd14eb
13,H99gdk4e90cz0zTP,1745160357000,10,1745160357000@PWAH99gdk4e90cz0zTP,504d3909ebf55c6bc3e32a72a73b9477e4d85d4c113015ef6a8d3dfa242159ec6284d698325592acf66ad2861b0bcd52
12,Mos7mIoNK4avGvlS,1745189564000,18,1745189564000@PWAMos7mIoNK4avGvlS,39866a5d28b54045d16b2f58a57d81da07617006351883e3f7545954d784ed5fb033aa6c7ce9d01af420e1e4210b27cf
11,lWCK205bclZHHIVe,1745174107000,14,1745174107000@PWAlWCK205bclZHHIVe,c570f4950fa05ca2022a38651eb5b1459dc73534e60fb885c0dea0e98ac2a5e67d64adc9776ef7d2dbe609e91a5a0b40
9,lWCK205bclZHHIVe,1745157560000,9,1745157560000@PWAlWCK205bclZHHIVe,423d7ffc3524d1844f2dca363ec2213df77a0c5eb7faf238397b5f1544e496b656a4ffa575a24a71078f47f267eddc80
14,lWCK205bclZHHIVe,1745203062000,22,1745203062000@PWAlWCK205bclZHHIVe,baaab5b99edd1f0d8663f8a0522c3abad837e3cfedaa68c457f469c8d3dc5f3ea54e493fb6efc30e4167fc2122c47404
5,9R04ZA4ZZYUeRcWE,1745161782000,11,1745161782000@PWA9R04ZA4ZZYUeRcWE,65ec73aa765c7e55a95ee18ff63fc2c10c41f0e390b048ec36685bc4be473451e4326151733f351eb8beadf8dca898bd
18,MoRUWfgv82jgPd3T,1745150279000,7,1745150279000@PWAMoRUWfgv82jgPd3T,6145270ce4417d321344ec407735d6f5e349833f4289bbc877b905ea6fe08b242243097f476612b6856cffe4972e461d
6,Mos7mIoNK4avGvlS,1745170591000,13,1745170591000@PWAMos7mIoNK4avGvlS,0b66ca4252462f19481f056445700a0ead9e5b800a41a22a76a9aa622115c93e10a7fe9baf8ec54f87c9fa956b3f2d85
9,MoRUWfgv82jgPd3T,1745145172000,6,1745145172000@PWAMoRUWfgv82jgPd3T,8596a53a326cd1e21f79554a53c0a470d6d3a3817e535366e508b31cde5cead2e887d895d2ff5269da6850d05c9fd1fb
9,H99gdk4e90cz0zTP,1745159808000,10,1745159808000@PWAH99gdk4e90cz0zTP,c291539d5457530e781047b1ffd43f9a096f8afceac56ed7bb6537cc8cc9e679e9cd158f2ce8992e26ffb1b989b4a226
20,MoRUWfgv82jgPd3T,1745174211000,14,1745174211000@PWAMoRUWfgv82jgPd3T,4ff35d8e8b5c0e8d26a8310eb5d6e4a7762a6ac373076745cd87dde9466298fe35d1b8c2861634d0fac4a7f10fcb8c4f
20,9R04ZA4ZZYUeRcWE,1745189788000,18,1745189788000@PWA9R04ZA4ZZYUeRcWE,9eba4cee32ac3e75e61ea7fd5f825f2ffd078dd55a9538ceaa40c1ff5ef4a5fef353282ff931c6821b39bb58a880f7e0
8,H99gdk4e90cz0zTP,1745157318000,9,1745157318000@PWAH99gdk4e90cz0zTP,840934fa2df44161c335785795326f6c819402921bf3190ad106501cfe13730b71bf4a27ed34becb46b9470caf3c2aee
3,9R04ZA4ZZYUeRcWE,1745170447000,13,1745170447000@PWA9R04ZA4ZZYUeRcWE,54992d5cb9ab5f18b733c1f05572a6c7dc3554ef3b848ebda70053dde8d8d3cc40a04a899165446bec23c43bb365ad33
5,MoRUWfgv82jgPd3T,1745168860000,13,1745168860000@PWAMoRUWfgv82jgPd3T,f88afbaf4a9fdea386b300deb619fa537af7370e008b72428698a552f2789314448a4e475bec23958bc2578053065739
16,MoRUWfgv82jgPd3T,1745181600000,16,1745181600000@PWAMoRUWfgv82jgPd3T,dcae5150ecc2892a5f044aa865565ce4083948fbf39b33bdff80d637132c45dd9cb59cb72a82025fd9147c010919ad85
2,lWCK205bclZHHIVe,1745163403000,11,1745163403000@PWAlWCK205bclZHHIVe,e58ddbd2e0d16a4a4bf24de7c4c8114ca36144b5f75bacddf6b8e4870ca6427a498db2c274c330f653c44117ba33a37a
4,MoRUWfgv82jgPd3T,1745152099000,8,1745152099000@PWAMoRUWfgv82jgPd3T,4863c35970f346a0c4473e088a7d7530faf1b1d1bd270b09cdfc3aa629dce927b3f75912baa1fd72757508e3e968f3ea
9,9R04ZA4ZZYUeRcWE,1745167040000,12,1745167040000@PWA9R04ZA4ZZYUeRcWE,5d82277ba7660f71db53c8ed8f097554c6a97532ad83d79618d7f392fbb00f329828ce8e6305315158413d507a059d1e
9,H99gdk4e90cz0zTP,1745159808000,10,1745159808000@PWAH99gdk4e90cz0zTP,c291539d5457530e781047b1ffd43f9a096f8afceac56ed7bb6537cc8cc9e679e9cd158f2ce8992e26ffb1b989b4a226
2,lWCK205bclZHHIVe,1745184057000,17,1745184057000@PWAlWCK205bclZHHIVe,3bc77a557cfb915c18d239eca394375452fb53da7a841fc091fa7c79120a743e89152dbe16b979d0646f9ef9f3294a01
15,Mos7mIoNK4avGvlS,1745155790000,9,1745155790000@PWAMos7mIoNK4avGvlS,9c84fd94816608f7a54e6403330d685a1d43331ed4e8336d68f4c55bee1c80a317535b9dcdea7e6bdaafad764d945aab
11,9R04ZA4ZZYUeRcWE,1745154257000,9,1745154257000@PWA9R04ZA4ZZYUeRcWE,c19b9bc955d1f504a8ebafb78a291302db701de004b9c701869f63f6f00660507c188c808fecde1de8464a3e8b18f421
17,Mos7mIoNK4avGvlS,1745175992000,15,1745175992000@PWAMos7mIoNK4avGvlS,84287011534cb29b554e69e4ba58a81c0f26afaeac2b19805e3f26de56c0d1812c706f5c08a5b071d69d77c1dc51cb5f
19,9R04ZA4ZZYUeRcWE,1745170675000,13,1745170675000@PWA9R04ZA4ZZYUeRcWE,bcc87492ebcdbd552eb99b3f1abdaeac77baf5315d9f43aa00e33bf6d941bdf069928a6da5cb7531d0164b66bb8f4adb
2,lWCK205bclZHHIVe,1745174210000,14,1745174210000@PWAlWCK205bclZHHIVe,6f2d5b88b8642826b89d6b5da240853bd23727a0983e451617dd0eec2c272d2a11f4c302ff325056b8ae2901434b08f8
8,lWCK205bclZHHIVe,1745149257000,7,1745149257000@PWAlWCK205bclZHHIVe,e3e23944febc031ecb0bc5179e9f4546d801dd33cf7510c86e0bf7233003fc3dd6dab5de3c45484f54a8265006eca418
6,MoRUWfgv82jgPd3T,1745188719000,18,1745188719000@PWAMoRUWfgv82jgPd3T,4f884b0cb719562ee073440eaa1bbb5a4d4c82a6f964f2a33fc10c29a639c8053778a9d0d3ed5b18526e46325df839b9
3,Mos7mIoNK4avGvlS,1745169288000,13,1745169288000@PWAMos7mIoNK4avGvlS,412bd1e0d36d81aee4f9f520a095ab741927bcc4b3f3ef821c030e1edb18115cb330cfa4ba8b5f0c8af8353fe85ab663
15,MoRUWfgv82jgPd3T,1745200954000,22,1745200954000@PWAMoRUWfgv82jgPd3T,67e06381139da97e85198a5f7bfb44e49433f5d7f02303edf8bbe737bfe9e680682b65b69b450b8d3093d11647032323
3,9R04ZA4ZZYUeRcWE,1745139606000,5,1745139606000@PWA9R04ZA4ZZYUeRcWE,1a8f3d78ca72851b9e9b6bc3a95bfd15cc10458ead4e7106b116d367bdea4b020308ee2edbc57937155ca3b79314b83f
12,lWCK205bclZHHIVe,1745185112000,17,1745185112000@PWAlWCK205bclZHHIVe,ea5884499ff0dcd22b33616eb6ebca2c4fe7400bedf29afddb4fae82f415abd529575b33a73c7989f9aaf7da8e9fb9c8
2,MoRUWfgv82jgPd3T,1745170744000,13,1745170744000@PWAMoRUWfgv82jgPd3T,89c891a9dc93852be88a524f44517776d215b073dfd3d95f20910cbb1972873eef895fa64ccb7c5f9a17d144060164c2
5,MoRUWfgv82jgPd3T,1745151081000,8,1745151081000@PWAMoRUWfgv82jgPd3T,0dd7d41be3f088fdf3d0dae61f46ffabf09dfd50f1ee972d9741b335c715ab43b62d6cf3e6f4de9c2041a269f97b1b7b
20,Mos7mIoNK4avGvlS,1745154872000,9,1745154872000@PWAMos7mIoNK4avGvlS,96066c017e0a3a3f9aa4d9b613de965a80f94b2424cc4c0ce936fc1072d77434a3ea4ad7ffb83e2362f3982de5439f5b
20,lWCK205bclZHHIVe,1745192590000,19,1745192590000@PWAlWCK205bclZHHIVe,85060b1ca8908d8a573df97ad391f2a85d281048ff285848c0a08d4b2a0341a4e48d4e8412cb49a93f3a455da967b9c2
6,Mos7mIoNK4avGvlS,1745154884000,9,1745154884000@PWAMos7mIoNK4avGvlS,ee0a10df7729d077949b711ea46874f5acc899c71f3501aa042c1fd308d6ecf10f0d53fa6480d60c930a46a89d79c044
16,9R04ZA4ZZYUeRcWE,1745171382000,13,1745171382000@PWA9R04ZA4ZZYUeRcWE,7faf12974d5a8e6709927916f5f766d70d98bc45bec7180b831cce0f6e42989f816c06a2f52124d05c888284c44cb691
14,Mos7mIoNK4avGvlS,1745192093000,19,1745192093000@PWAMos7mIoNK4avGvlS,5a5872c9edbc88c8c7287bc412a0cd655f03700f163778fa3e9ca9ed1a45a556900a21def7ccbe19529e5b1fcf39a672
9,Mos7mIoNK4avGvlS,1745169981000,13,1745169981000@PWAMos7mIoNK4avGvlS,6b4e0d35d0b4774c55d761570d3e4278598121deda3f5880cf5908c81645782ad3ccfdab220aea81892579d36a46c8af
20,9R04ZA4ZZYUeRcWE,1745189788000,18,1745189788000@PWA9R04ZA4ZZYUeRcWE,9eba4cee32ac3e75e61ea7fd5f825f2ffd078dd55a9538ceaa40c1ff5ef4a5fef353282ff931c6821b39bb58a880f7e0
6,lWCK205bclZHHIVe,1745162365000,11,1745162365000@PWAlWCK205bclZHHIVe,7bcafef2957572406c676e3f87b6f534bb47edc9895bd29c1914eec0788bfa357728c784043b6159fb87f7a821102560
3,9R04ZA4ZZYUeRcWE,1745165432000,12,1745165432000@PWA9R04ZA4ZZYUeRcWE,9bf0a1bf293c87c61bdacf3fcaa14a37bb16a333781dc38dca66f898471145176385a8f19443ad85107ff97ae13ba449
17,H99gdk4e90cz0zTP,1745155478000,9,1745155478000@PWAH99gdk4e90cz0zTP,2e98f4b7c0729d4384e037b128f47af2df8672e86e5e82d1c608074d78d4e60f3bad76e6bb8834ac52d007a4d3cfad4b
17,H99gdk4e90cz0zTP,1745145552000,6,1745145552000@PWAH99gdk4e90cz0zTP,a9f845c87ad7e95061ac252adfdfac265e096e7ff8e4d51bfc748d641d145c2e4ede625976acdc1f9ce6782a259079af
12,MoRUWfgv82jgPd3T,1745151480000,8,1745151480000@PWAMoRUWfgv82jgPd3T,9dbe1e6bf5dcc5cfa0f7b1778f46731d13de93a14b38f02572644b076e6fd2e4643896ab160a9328c1c67a98fd6d4f3c
12,lWCK205bclZHHIVe,1745142487000,5,1745142487000@PWAlWCK205bclZHHIVe,02c1e814cbb6218f413b398bf8360a045b3d865cfdf4e755d2a9a155c253d2688e27ad8ea6fc6474b6290faebe12a22b
8,Mos7mIoNK4avGvlS,1745169727000,13,1745169727000@PWAMos7mIoNK4avGvlS,725dcfcea9f7993e7e31dcafecd2a455892930db224528715a8125c8514a3d4f6214391debfc3dd159ef7437ea84609d
3,9R04ZA4ZZYUeRcWE,1745165248000,12,1745165248000@PWA9R04ZA4ZZYUeRcWE,576f9bdee54a420706dec4d92b4615e9ca8c69a159f72f4d36216252d7632f818e0a75a2c367e00381f7c78eb48da615
18,H99gdk4e90cz0zTP,1745146787000,6,1745146787000@PWAH99gdk4e90cz0zTP,17de2604e3e79b28f1dc76119fddb8e9c453b5f79814d08874ac6b61e4ac37f66ddc9cc1f45b12ae1a995ebf367d6b33
7,9R04ZA4ZZYUeRcWE,1745171022000,13,1745171022000@PWA9R04ZA4ZZYUeRcWE,632a9b1169a87e86299ae0ab15ea34d36f17983936d364a1562a55b862cfaa90d8d6a0f8c4cdccabfdd0931af9b37e2c
12,MoRUWfgv82jgPd3T,1745179264000,16,1745179264000@PWAMoRUWfgv82jgPd3T,9bce13aa9547304ef81751826e22c0c3d5af9b7e1e438589e87e5c03e8113cf3e6b81539469941980fa9dd157d4fe633
20,H99gdk4e90cz0zTP,1745123482000,0,1745123482000@PWAH99gdk4e90cz0zTP,9c8ff7c5ddce8b0c421ebb6e81165f23c77cdf400a536e1cdc743cc266cbcd2f0ce72ffab4694d64adbfd44059c0b081
19,9R04ZA4ZZYUeRcWE,1745155679000,9,1745155679000@PWA9R04ZA4ZZYUeRcWE,91a59997ec638b22728bb3dd3974b0901036dd6fe62ea80c9ff257c71f04b96d1ae989b97cbe8397afe85555bbb91a8c
5,H99gdk4e90cz0zTP,1745159804000,10,1745159804000@PWAH99gdk4e90cz0zTP,9614a30ea6a2e211f28fddeb30603489fdb433b23426fd3a557fa5fd722578396358697980c39b1420a230f37124edcc
8,lWCK205bclZHHIVe,1745152946000,8,1745152946000@PWAlWCK205bclZHHIVe,43af6ccc6ace95ca611cfb35f8657c4c942375311b14e996dcd3a1c3a7acaac5be3c77eb09f657fe052a580e86b3ccbe
8,9R04ZA4ZZYUeRcWE,1745150632000,8,1745150632000@PWA9R04ZA4ZZYUeRcWE,7972d8c1b2241f7b9abf7997a9f5d5efd32a3cb8ce360456aff63633d74b494d066fa81e951094e4cf50985189a2bde8
8,Mos7mIoNK4avGvlS,1745169727000,13,1745169727000@PWAMos7mIoNK4avGvlS,725dcfcea9f7993e7e31dcafecd2a455892930db224528715a8125c8514a3d4f6214391debfc3dd159ef7437ea84609d
7,9R04ZA4ZZYUeRcWE,1745182268000,16,1745182268000@PWA9R04ZA4ZZYUeRcWE,229e7115500eda90569c703eb30ed917b8a6b3362a5380ece251908875bcadfb6a44b67c55f813f9862af962c7f8b65e
15,lWCK205bclZHHIVe,1745170659000,13,1745170659000@PWAlWCK205bclZHHIVe,ee1a602c837e2e3fc48ca09959d2aa2238cd308c1dfe70592aa4d3951b7199b122f629efbd91302e2fb4b61b34737f3e
18,9R04ZA4ZZYUeRcWE,1745174413000,14,1745174413000@PWA9R04ZA4ZZYUeRcWE,240845b4cedf3bd3d52bef2dbe383c044724015be3af0d140b2ff53b7ae12b59eda147326a91dbd6b47210a363847faa
11,lWCK205bclZHHIVe,1745142928000,5,1745142928000@PWAlWCK205bclZHHIVe,e87b3df4d8d12e6adab8323291490d20040b30b1dfde728836181991f307dba28288b1fdfdba347ac30fdb18f782d721
15,MoRUWfgv82jgPd3T,1745157553000,9,1745157553000@PWAMoRUWfgv82jgPd3T,1a88bfa165eab82daad8b4f3df1bda8cccd73aa5fd90d564cd8d6a0227890590fc8b04bde975b14a987da17ad903170a
7,MoRUWfgv82jgPd3T,1745173126000,14,1745173126000@PWAMoRUWfgv82jgPd3T,16874a003c99f1b1846172f9a6f4247771740316a9d5c3201cd2acf55a6e31d1e92521d2615702b5c36dc3feab71d0bf
14,lWCK205bclZHHIVe,1745203062000,22,1745203062000@PWAlWCK205bclZHHIVe,baaab5b99edd1f0d8663f8a0522c3abad837e3cfedaa68c457f469c8d3dc5f3ea54e493fb6efc30e4167fc2122c47404
12,lWCK205bclZHHIVe,1745167665000,12,1745167665000@PWAlWCK205bclZHHIVe,088b1ce4f132935442239cca55b012ab2cec2863b3d3f0f50aa60de1bebd4e87cac84eedc60d7e3bbd1f143735647d27
1,Mos7mIoNK4avGvlS,1745150733000,8,1745150733000@PWAMos7mIoNK4avGvlS,19ad4385d6b93f2a2fd52704eb9beda0e55c29a7957ce81eb93f735473287d20c022afcf628445a4fd22acf409007a85
14,H99gdk4e90cz0zTP,1745174386000,14,1745174386000@PWAH99gdk4e90cz0zTP,62094facb4ce771700d3b4b343e646b0669e6d493ca9308752422eee6ffe31ee58cd27ed186876ea2802c5f147198336
9,MoRUWfgv82jgPd3T,1745152143000,8,1745152143000@PWAMoRUWfgv82jgPd3T,7ef6a2c778048681fa6915d4cb74acadc09e52bea05b3122cb1a4d912ccf41d8e36fe7459d7f631c14dae44556807c74
5,9R04ZA4ZZYUeRcWE,1745165246000,12,1745165246000@PWA9R04ZA4ZZYUeRcWE,784dc4badee08f8f1c6e04f7247b602efbecd98cad29b1ec99fb1d50f1043be6c3fb2db7de96086ca016f6d0585508b6
18,9R04ZA4ZZYUeRcWE,1745174413000,14,1745174413000@PWA9R04ZA4ZZYUeRcWE,240845b4cedf3bd3d52bef2dbe383c044724015be3af0d140b2ff53b7ae12b59eda147326a91dbd6b47210a363847faa
12,Mos7mIoNK4avGvlS,1745165499000,12,1745165499000@PWAMos7mIoNK4avGvlS,dd83656623ffe107b3e412c6b90ec7dfc8bd8475b352c88931a973b3a571610f793f2f0f8d133897d72ac91b716b766c
10,MoRUWfgv82jgPd3T,1745163444000,11,1745163444000@PWAMoRUWfgv82jgPd3T,55a8e3089ddc7dac703674757a3f77e53308e9b63421a58d8285cbf124ed6afc23c2fc91baaf44c7e510e146214cd541
14,H99gdk4e90cz0zTP,1745150585000,8,1745150585000@PWAH99gdk4e90cz0zTP,c018f19da98c1d363c62f8abc82209b99d19f37eba3eb239b636db160c852404ff249027bde02acce292b0b3937f2e61
9,H99gdk4e90cz0zTP,1745152399000,8,1745152399000@PWAH99gdk4e90cz0zTP,eca6904bf6cad29512851681e2b0d65d00509bf24bd25e27b9cf92ab009ec2927c1b3a2f99e04c0991b7384a920f2f15
4,MoRUWfgv82jgPd3T,1745169304000,13,1745169304000@PWAMoRUWfgv82jgPd3T,afc3b5d2ab33e6d3e8182a7a887d86474b4f8135b434285fc60ede0334561efff5ed744e69abb0c961dac0324490ee98
10,lWCK205bclZHHIVe,1745155105000,9,1745155105000@PWAlWCK205bclZHHIVe,dd53ef8f069ae08c42ff080c3fd6dd60a0ea5b6b95dd0cd501005e898deaf202f9fda6a4728ba059d5b980ae4599b809
7,Mos7mIoNK4avGvlS,1745182321000,16,1745182321000@PWAMos7mIoNK4avGvlS,e9e5ccb94132deaf670952deb198cb624c9f5204e0aff35d0f99d3b4c1f4cd63e6c2e56306e9dc7545187bd0377c0934
6,9R04ZA4ZZYUeRcWE,1745188728000,18,1745188728000@PWA9R04ZA4ZZYUeRcWE,2acecd2af64297127fa8150a1d7f740c9bab743c75fb9956e8acea9b9dca95ae13869ad917310399dfa7ef8b15c483e1
7,MoRUWfgv82jgPd3T,1745172315000,14,1745172315000@PWAMoRUWfgv82jgPd3T,66311074f4c4c07aa87d6e2ce97e4a3dea34cc2c0e29cd11c478dbecad990a036b9d76fd1584b71b7a8765cd07faf46e
10,Mos7mIoNK4avGvlS,1745156234000,9,1745156234000@PWAMos7mIoNK4avGvlS,e73b9c28f4093005658a85c83271f82639fa0a8ef7b2402af264b12cafbdf05582111398fe1e4472b97e6b54a9ae5646
13,9R04ZA4ZZYUeRcWE,1745155718000,9,1745155718000@PWA9R04ZA4ZZYUeRcWE,78fef35f5bdebb12209ab030fdd62ec79add124095dd291f0133801d53c1c1f45d7be6252320da852f91671d61a716ea
9,MoRUWfgv82jgPd3T,1745163961000,11,1745163961000@PWAMoRUWfgv82jgPd3T,c6e90eb4b1da711925e1826ded9fd4221aab9ba1869f641f0d34d98b168e0e2b35baefff436df55ca18143d64dca72c4
6,Mos7mIoNK4avGvlS,1745166373000,12,1745166373000@PWAMos7mIoNK4avGvlS,d7672de7bbbd94b5bf8944253ffbe0285ecd19cd43eab18d701d9cc6f10eb83009d992538419abcba6e7ed3a51bb10ad
13,lWCK205bclZHHIVe,1745147471000,7,1745147471000@PWAlWCK205bclZHHIVe,c22d5cd587c3da22c789eb16ac807307156bc56315bfce022bb6c6e487bbc917a59681c9f7f7ec978352f15112472256
4,9R04ZA4ZZYUeRcWE,1745149589000,7,1745149589000@PWA9R04ZA4ZZYUeRcWE,8ae4b2a844c823459c546268704e8f42ae07e1b165c6ccc916e6831d1e34a6d15d1b56a0c8eeaad7e84a932b37f2e08e
7,lWCK205bclZHHIVe,1745139061000,4,1745139061000@PWAlWCK205bclZHHIVe,b2edb39c4da81f03a428c31c2b42f2625f0e1400be8d034e1ed6b308f0e7527b3dda7ae9f3dfeae9bae3dca4ea173b43
20,H99gdk4e90cz0zTP,1745196921000,20,1745196921000@PWAH99gdk4e90cz0zTP,a33829403fba7a39397cecce26d44e10c6afaedcaed56354212cb5234bcab7ae457f93cc5f787a1b2753486d09176fd4
7,H99gdk4e90cz0zTP,1745152270000,8,1745152270000@PWAH99gdk4e90cz0zTP,5facd8ba9b840ab828b89f1d7b6432175d6546e4fe63ce27de4a780a617bc95b2ce353533ff60f6ac86e5ee64d2d55a7
19,lWCK205bclZHHIVe,1745166259000,12,1745166259000@PWAlWCK205bclZHHIVe,8ef598b1d138dc11b4201f3e35dae585fb646fc0b7f2e1388a0b4c8c35d92656b1109f168f0ae715c434ac3541fb734e
11,H99gdk4e90cz0zTP,1745181134000,16,1745181134000@PWAH99gdk4e90cz0zTP,db8748164968ff53986c87601baf0fd58a74a23f8afd5864b56305f99e47f540a52cc201e873c0e68a55df7670a02fac
14,Mos7mIoNK4avGvlS,1745184446000,17,1745184446000@PWAMos7mIoNK4avGvlS,d2f3ea07ad152a352df818efed4d6d0463a9bc3318e37cebcfc4784a5c5260664ebe56f9fd9e510378f6fc4e258acea3
2,MoRUWfgv82jgPd3T,1745169473000,13,1745169473000@PWAMoRUWfgv82jgPd3T,1d163294089fd4a4b4d69838650b910b3a684e45e2a2a72e5ba79e5aca99dcc1dc996dbbdccfdf20bacf1e94c238b34c
9,9R04ZA4ZZYUeRcWE,1745172287000,14,1745172287000@PWA9R04ZA4ZZYUeRcWE,00e9095e04fd07d56018a8b7341e86520922122409efee4830b8a64600a50ff19c51cfca1b3425e6972adc5ea108e569
1,MoRUWfgv82jgPd3T,1745179077000,15,1745179077000@PWAMoRUWfgv82jgPd3T,e070105b3be7475e42050176c8c99d882e13e6785759437d8f815a54acd7a3c45b589ddf6fdf15ef5feaac90d8153d0c
8,MoRUWfgv82jgPd3T,1745164371000,11,1745164371000@PWAMoRUWfgv82jgPd3T,ae6ab620a0df9bcea0b649a09e60b0d734b3daa2958174a7f82ad97d7783ba0608800ae3bda601bf9457399fee11fd46
4,H99gdk4e90cz0zTP,1745151838000,8,1745151838000@PWAH99gdk4e90cz0zTP,5c391d59637f40fc064ce8b5f67dec4f894d26e300b7593591f91832840241bf35e262c1b5ee3ff83510ff8f4338b4b8
2,lWCK205bclZHHIVe,1745159694000,10,1745159694000@PWAlWCK205bclZHHIVe,f2f8171e405c279829cc9b16c1a717b99e21a8cdcb6cda0a8b655c6d19039b39d4b3908d32b71d4f6ae47c690699fbd5
8,MoRUWfgv82jgPd3T,1745185932000,17,1745185932000@PWAMoRUWfgv82jgPd3T,b9c3315fe65eef29518bc9477ce0c39c5cf663b97214bab70ff2af08c254024c7fa974dcabd8e3742f81aad2116600ad
18,9R04ZA4ZZYUeRcWE,1745192621000,19,1745192621000@PWA9R04ZA4ZZYUeRcWE,bbf5e950c36710cf651472cc64667d2cb4d0d62ef1d35f46d1796e9a46408fa1641304ef7542d83bb0a13ec4f607dc21
20,H99gdk4e90cz0zTP,1745193981000,20,1745193981000@PWAH99gdk4e90cz0zTP,ceedb770b86fb1927f1fe6f72dd2bc45209c92e45df6132d51d45806ce9998a2cb540651538adac40f46d8c04f3d67d4
19,MoRUWfgv82jgPd3T,1745164880000,12,1745164880000@PWAMoRUWfgv82jgPd3T,c28f9e4f965dba35d3d6c81e0d848f9772392ba1c78817222de42bcbae2fdd02048bb4955b3e923c753f02894a3c713b
4,Mos7mIoNK4avGvlS,1745163014000,11,1745163014000@PWAMos7mIoNK4avGvlS,a1adb715278ebdd55cefc557dbfeb2199e20f67b5d4ced5819cad259b086c58d8850eb40a9f8dd88bdca978785a83c81
10,Mos7mIoNK4avGvlS,1745169171000,13,1745169171000@PWAMos7mIoNK4avGvlS,0949deb9e17e4deab1ad2dd2ea93b36f78d265b2553de89e042f2a47a46d191b1bb1125bb97c80f8ff344e9124afb748
19,H99gdk4e90cz0zTP,1745165179000,12,1745165179000@PWAH99gdk4e90cz0zTP,5395842f79e58657f815023be7f18ba782d78e6ddef5ce8aff30ed3a299c391c2db9695684989fd68a3cb42fa34d5f2b
7,H99gdk4e90cz0zTP,1745168592000,13,1745168592000@PWAH99gdk4e90cz0zTP,54a3ef34bf33694beb4ac4f6a5674c6b3baddd56ff836d8c85353a622e913f653926e60165f8e611f122cd1c6c7ff4d1
20,lWCK205bclZHHIVe,1745151199000,8,1745151199000@PWAlWCK205bclZHHIVe,aabe07463c518ec3332bcf54f9a0eca6cdafeb517ae80c3ecac715b4a4a2f354599840b6307077186a5cb52f071709c4
1,H99gdk4e90cz0zTP,1745163657000,11,1745163657000@PWAH99gdk4e90cz0zTP,3ed6a92aac1ed419eb52742e8154e650949fd6d9261eb0e7dfc286d5898f309b7d28854acc0c0f49c179f2b8cc9f99f1
12,H99gdk4e90cz0zTP,1745182701000,16,1745182701000@PWAH99gdk4e90cz0zTP,2b6037f5d129e0af8196263dd565f67997e483702ca9f94b57b22f8444fd151a1b9cc44ea465a681f4e5c55607539ea4
1,9R04ZA4ZZYUeRcWE,1745171676000,13,1745171676000@PWA9R04ZA4ZZYUeRcWE,493d7dec65d9a1bc6570181e00568505f9f85351ebbb267937dedff1438727a771395d5c7c0045d6e2b97bcc4058a878
2,9R04ZA4ZZYUeRcWE,1745152505000,8,1745152505000@PWA9R04ZA4ZZYUeRcWE,dfe111d57b4644c953eac1f61a87ddb2390cf6745e9c101b0ef8639d3ea4d3ecd5124672fe06eabbacb5e7f74a25d999
13,MoRUWfgv82jgPd3T,1745168791000,13,1745168791000@PWAMoRUWfgv82jgPd3T,724800385a3dc2c9e1fd8866e86dae0a0ad0d40a5cfa3422ed81046e9ac3479187b9320c2b97e3145744a060f7f9bc4f
2,H99gdk4e90cz0zTP,1745156136000,9,1745156136000@PWAH99gdk4e90cz0zTP,66d59f69790ca1dfbe14a50cf7df951e994e763f8bc6866eec50d3bcf7bc1aaf6728afbec5b8c68ece5d84af935f15bb
1,Mos7mIoNK4avGvlS,1745150733000,8,1745150733000@PWAMos7mIoNK4avGvlS,19ad4385d6b93f2a2fd52704eb9beda0e55c29a7957ce81eb93f735473287d20c022afcf628445a4fd22acf409007a85
18,lWCK205bclZHHIVe,1745175092000,14,1745175092000@PWAlWCK205bclZHHIVe,cf648d38140804902e2685e31dc2fae978f48fd785f24a254412215c04391b2d4699265bbe30a715bc067f3160dba80d
11,H99gdk4e90cz0zTP,1745149087000,7,1745149087000@PWAH99gdk4e90cz0zTP,404db1217d6901fe167590600c1c874acd946ffad7c81c3b21ddf6ad31144466ca61f36dee7d05f72cec358a69d56fef
17,Mos7mIoNK4avGvlS,1745171190000,13,1745171190000@PWAMos7mIoNK4avGvlS,d29f80784ee1dd3a347874cd18013d115c13cc88875f949000317c1fbfec93fa199d504f006d05ea48c76738039af5bd
19,9R04ZA4ZZYUeRcWE,1745181272000,16,1745181272000@PWA9R04ZA4ZZYUeRcWE,9d04f023d754e9a6404d736c592b133f0a46458dcde87307f58456840e05fa56813c324759eefce6cc3d8c34a07abdbf
12,lWCK205bclZHHIVe,1745183953000,17,1745183953000@PWAlWCK205bclZHHIVe,0cc4b85cc4e25e5600f3b61c96587eef9c90df77db036bbb90ce9948df34ca9fd682dc87dd85fe697a0e19f5e5d42bfa
11,lWCK205bclZHHIVe,1745195660000,20,1745195660000@PWAlWCK205bclZHHIVe,082061974d037e7ae81fc2ec530f780561faeb22f08ce9d8d467af14cd204092b3ec10331f9afc547630695454a1be2a
2,H99gdk4e90cz0zTP,1745188963000,18,1745188963000@PWAH99gdk4e90cz0zTP,46fb8459bd2d67f8eadf5c231c8823d8a717baa6f6b134944486a65e3a5b499f88431b1806631ca64acca7fb2f5230f0
6,MoRUWfgv82jgPd3T,1745154114000,9,1745154114000@PWAMoRUWfgv82jgPd3T,0bc0893490e7e257cd5b793c97b40272d4103d3bda41cc22f56668c5009d11e95e9f229a788e9edff45bbcc752f345d6
7,9R04ZA4ZZYUeRcWE,1745145099000,6,1745145099000@PWA9R04ZA4ZZYUeRcWE,253ee88f8887e82ea849037dee57f9e0b267cd34a97280757e3dceefec7bf25b0e63f6d4d479c2e0d370b97096340de0
7,MoRUWfgv82jgPd3T,1745180262000,16,1745180262000@PWAMoRUWfgv82jgPd3T,6a224326cfd61a6c2395cdd5333fd29902eef453f11822f83633a04c092f41d38bada9945ed7c2b0d91279997898d3f8
8,9R04ZA4ZZYUeRcWE,1745150632000,8,1745150632000@PWA9R04ZA4ZZYUeRcWE,7972d8c1b2241f7b9abf7997a9f5d5efd32a3cb8ce360456aff63633d74b494d066fa81e951094e4cf50985189a2bde8
11,Mos7mIoNK4avGvlS,1745184032000,17,1745184032000@PWAMos7mIoNK4avGvlS,4259c6ff905bba677974cbdc294bb5d4a1e95a83966176e302b28766e11f148c5d9907ece0647aaef9554088cc47554e
16,MoRUWfgv82jgPd3T,1745156722000,9,1745156722000@PWAMoRUWfgv82jgPd3T,c6e41751dfd7f708c688dfe54f40dedb5e1114c884bd4a02a5adcf769fb21c8aac1c0dd49c85e6cd48c4be409e92ccdc
5,9R04ZA4ZZYUeRcWE,1745163005000,11,1745163005000@PWA9R04ZA4ZZYUeRcWE,e2361cb85d0c508ed83ffba3ee7df0ec8e7de5e304ce2b84146c9ebd2881dff0124d299406df5b2724ee2ea8bbd72660
15,H99gdk4e90cz0zTP,1745170772000,13,1745170772000@PWAH99gdk4e90cz0zTP,ae714c4a66f75c47c473cbe92faabb3413cf4c8be86aeabc82b906d887e57576fc900d5fc1a100ea70521807d9f461b8
4,lWCK205bclZHHIVe,1745176292000,15,1745176292000@PWAlWCK205bclZHHIVe,950a0e94b2369cdd92dd88d5e00f849502d5d407b8338186fa598ea6434bb65296de98f1840fd4a460c188d66ccde776
6,lWCK205bclZHHIVe,1745162357000,11,1745162357000@PWAlWCK205bclZHHIVe,66323a0af99e92f726cb7c120002c9c313baf2dc1d38eb04ff144f018fcc07a1330ef5c6a1954d5289f53572b23420c3
1,9R04ZA4ZZYUeRcWE,1745171676000,13,1745171676000@PWA9R04ZA4ZZYUeRcWE,493d7dec65d9a1bc6570181e00568505f9f85351ebbb267937dedff1438727a771395d5c7c0045d6e2b97bcc4058a878
16,MoRUWfgv82jgPd3T,1745181600000,16,1745181600000@PWAMoRUWfgv82jgPd3T,dcae5150ecc2892a5f044aa865565ce4083948fbf39b33bdff80d637132c45dd9cb59cb72a82025fd9147c010919ad85
19,lWCK205bclZHHIVe,1745150077000,7,1745150077000@PWAlWCK205bclZHHIVe,8f5cbac4d4f59d86f2ed1c611ed92f084ff91e7403da7a76036f007c7e221e3f5e4ffea1b4355315bf6820fb838ca99f
11,H99gdk4e90cz0zTP,1745168377000,12,1745168377000@PWAH99gdk4e90cz0zTP,b096f3be79aee4f120ad64ae64e257c825ab182ecd84d2c43dcf1283510574eb22e397a748a208b16135af3d357075da
7,lWCK205bclZHHIVe,1745186330000,17,1745186330000@PWAlWCK205bclZHHIVe,5211ae959149271fa88b221986df9130880cc62d78b6146eb1edc02e6fcf67ddc07b84f6363ddc19e0e1417df3cc8e10
11,MoRUWfgv82jgPd3T,1745167497000,12,1745167497000@PWAMoRUWfgv82jgPd3T,66f45c5efad8eec38a274d8364c1b035f8bf721f07da611af1bf8e7928541b34d89cfc86f166f09a45c8ecb57a452af9
11,H99gdk4e90cz0zTP,1745189477000,18,1745189477000@PWAH99gdk4e90cz0zTP,63d01da2b6ae06973fa430a567d12c544b20f88cde0bbaec20383d12c0c123a466ad65912dfb76c232f50cad5f1562a2
3,H99gdk4e90cz0zTP,1745154950000,9,1745154950000@PWAH99gdk4e90cz0zTP,e0895cbdedf31a392de90d0ea0ed76a04f19a9e6d4393e3d53bba07bef574170c757bd5ef33eabbd9819cbd5b59b2572
11,9R04ZA4ZZYUeRcWE,1745151904000,8,1745151904000@PWA9R04ZA4ZZYUeRcWE,a55ce11afc32fdb68ae5fb1166aef63287b7aa927d60a17cba8115ec05d05b7e08b5de0a7d253041e03164b8a4c230e6
12,lWCK205bclZHHIVe,1745185470000,17,1745185470000@PWAlWCK205bclZHHIVe,346253592eb23d9750171aa053fe0428891807b3400a267c2203e9621c4e1e7abb0826fcda5a1cb62103f24d9bbb2ff6
4,Mos7mIoNK4avGvlS,1745171807000,13,1745171807000@PWAMos7mIoNK4avGvlS,76e34c9d4e414c055c06250e4a8974bfc2a0822bc3a2f783b3475b71e29e37e311667c780844ee62fb3a6833f7a55c79
11,MoRUWfgv82jgPd3T,1745178914000,15,1745178914000@PWAMoRUWfgv82jgPd3T,226b9843adfde463c761ea766e68beb2c15668b3966924de8c05ab3e22e8067965621da688778552a993660edba6b0bc
8,Mos7mIoNK4avGvlS,1745171313000,13,1745171313000@PWAMos7mIoNK4avGvlS,3d50ea64863afefc29121c9b8f009a6f2a3971d56a17ac8ed3a5a272bc161148882e771837b7e5ecc92bbe3e23aba90f
19,MoRUWfgv82jgPd3T,1745161064000,10,1745161064000@PWAMoRUWfgv82jgPd3T,bf989444fb835dfe9ac9ba2b6e7af266c832930b273479163272410d60e2d976999d73933c16634b3f713dbe0c4e978c
4,9R04ZA4ZZYUeRcWE,1745173218000,14,1745173218000@PWA9R04ZA4ZZYUeRcWE,20e9000796a4a4f59bb82aea269182fa4147fa4c8d56b835772da6b368076cef59bc54d2f2b53b61148c6f1ac3ddf0ea
13,H99gdk4e90cz0zTP,1745160357000,10,1745160357000@PWAH99gdk4e90cz0zTP,504d3909ebf55c6bc3e32a72a73b9477e4d85d4c113015ef6a8d3dfa242159ec6284d698325592acf66ad2861b0bcd52
7,MoRUWfgv82jgPd3T,1745182032000,16,1745182032000@PWAMoRUWfgv82jgPd3T,5c07e2851ab7bee9f7335814a972f9d555ee61d4d4d5156ca195e99f554227b20f163356dc9131d59a3d598651668738
20,H99gdk4e90cz0zTP,1745186188000,17,1745186188000@PWAH99gdk4e90cz0zTP,37f0e5c39159f745540821458c3f77158b77d04608289ba33eac84930428cf7518ad6eb8f66d69c6d7a68e1fda335c95
9,MoRUWfgv82jgPd3T,1745152143000,8,1745152143000@PWAMoRUWfgv82jgPd3T,7ef6a2c778048681fa6915d4cb74acadc09e52bea05b3122cb1a4d912ccf41d8e36fe7459d7f631c14dae44556807c74
10,lWCK205bclZHHIVe,1745189495000,18,1745189495000@PWAlWCK205bclZHHIVe,431f54e0e5d890fbe5be484efac9af0637bd3849ec73f1167c5aeba5de94a4bcea988994e4e81c64b76cd82eb795c356
2,9R04ZA4ZZYUeRcWE,1745164335000,11,1745164335000@PWA9R04ZA4ZZYUeRcWE,56144bb88c2169cc4d766cc972cafdc25537ac0c62e6b54f01bbf24d1691ae0101e08534609106a018980e6bdc54276f
2,H99gdk4e90cz0zTP,1745188963000,18,1745188963000@PWAH99gdk4e90cz0zTP,46fb8459bd2d67f8eadf5c231c8823d8a717baa6f6b134944486a65e3a5b499f88431b1806631ca64acca7fb2f5230f0
17,H99gdk4e90cz0zTP,1745145552000,6,1745145552000@PWAH99gdk4e90cz0zTP,a9f845c87ad7e95061ac252adfdfac265e096e7ff8e4d51bfc748d641d145c2e4ede625976acdc1f9ce6782a259079af
3,lWCK205bclZHHIVe,1745160502000,10,1745160502000@PWAlWCK205bclZHHIVe,18f8bf15dfbdb0304846537fb3e8c090689573cdcd2b85fd85daca08b16298c36ea8830be86c8aad58ca217ebfedd636
13,lWCK205bclZHHIVe,1745185085000,17,1745185085000@PWAlWCK205bclZHHIVe,4b85d60a8297e4346ac69bdf3a838f829d01c9c5fe476c2ae218011ca5be7fd455c79af07b2986053f1d11e358fc3f9f
10,9R04ZA4ZZYUeRcWE,1745181737000,16,1745181737000@PWA9R04ZA4ZZYUeRcWE,f9680c86c97f9fc2cc12fbc8f3e3ba791d06dd6371d41821cc757da5bc8f4ab2af22af35816c0a5fc5a5b7565c7c9946
18,H99gdk4e90cz0zTP,1745146787000,6,1745146787000@PWAH99gdk4e90cz0zTP,17de2604e3e79b28f1dc76119fddb8e9c453b5f79814d08874ac6b61e4ac37f66ddc9cc1f45b12ae1a995ebf367d6b33
19,lWCK205bclZHHIVe,1745170913000,13,1745170913000@PWAlWCK205bclZHHIVe,aaee20ef55215232c13c5dfb0bb43ea4b8135f9b9320f6e0658eab97aeb307bf2b3a0a9bea7adaca0a7aa4d5285a3514
18,H99gdk4e90cz0zTP,1745181639000,16,1745181639000@PWAH99gdk4e90cz0zTP,5cf4a5ebe44a1bcbac3d720bab654d25f1db0af2e6bc6899d90d7424db21d4f8690f3b1b3e9b4ed4352099ac1446b35c
19,Mos7mIoNK4avGvlS,1745150422000,8,1745150422000@PWAMos7mIoNK4avGvlS,65d5ab4ddaebaef3fefc15184c5a0b45d93e8d8598649f067bcab81ab44815f85005938784e57f8bfc28ff9fe68f7418
9,lWCK205bclZHHIVe,1745171772000,13,1745171772000@PWAlWCK205bclZHHIVe,fc65c05f579ab00538b821ac4933b1a913d29b8c6df08b524ed224d4be8a4cad2937243b1e033ea1ce3d9f5c4df49028
4,MoRUWfgv82jgPd3T,1745169304000,13,1745169304000@PWAMoRUWfgv82jgPd3T,afc3b5d2ab33e6d3e8182a7a887d86474b4f8135b434285fc60ede0334561efff5ed744e69abb0c961dac0324490ee98
9,Mos7mIoNK4avGvlS,1745180417000,16,1745180417000@PWAMos7mIoNK4avGvlS,367adbe30b9b70bea8d53690b95415826434e4ae9436ef134afc11055fe2f1cbaa4b4ef9d86601336a9b12a185378b08
11,9R04ZA4ZZYUeRcWE,1745181765000,16,1745181765000@PWA9R04ZA4ZZYUeRcWE,55742b345fc70280e6832e39f2f9ee7c4f5b485f0c5106a176037a741d9f24d27a9cf8f4fa28daec970602f137b0011a
11,MoRUWfgv82jgPd3T,1745178221000,15,1745178221000@PWAMoRUWfgv82jgPd3T,bec99de22acb6b74a4c75c8d0f4d3a6aea84bac29f7f0f83268b9361e003a8d2c2ec12df69506998a7aedfc24a58e1c9
7,H99gdk4e90cz0zTP,1745163422000,11,1745163422000@PWAH99gdk4e90cz0zTP,2f3e6fad9cc36742c84111230bfc91003a6d009f83fdb157af25ebe2286ff5eb72f409505e5a531f41505ce3a3ac19e8
8,lWCK205bclZHHIVe,1745167149000,12,1745167149000@PWAlWCK205bclZHHIVe,d2d72934e6a70e956ef37ba7ba4fd62f1b628a5fab76a89e0d36390b0a5aef23e574eb5b281dc4db04f6348a9fc3bbe5
12,MoRUWfgv82jgPd3T,1745167651000,12,1745167651000@PWAMoRUWfgv82jgPd3T,39851f81d9231733b86e8a2eb73b9b4f768a12e2990217f036d633be8e7166c61bda1a4ccd11aeb15b01abbfe5a95f9f
19,lWCK205bclZHHIVe,1745177350000,15,1745177350000@PWAlWCK205bclZHHIVe,7d713db19aa51c43d419cbf9dacd12b0ff24a77f0d6a58e5a475645caa7c9ac4383d719a7fdafb8ea48c639503dcdd72
3,H99gdk4e90cz0zTP,1745154557000,9,1745154557000@PWAH99gdk4e90cz0zTP,1c0f14a2abeed7c5ddf76b89ab7979d8fcdbf8df60c674583d0a1b8bbe813f2258ec419efc9d91dc5410d9ecba84764f
14,MoRUWfgv82jgPd3T,1745183849000,17,1745183849000@PWAMoRUWfgv82jgPd3T,ca12a0f53a42c62d132b667e2a352e69f7ed6e370ca5b07f9f567618968086a79cd13e56738c07a435fb618ae595b0fd
12,lWCK205bclZHHIVe,1745154766000,9,1745154766000@PWAlWCK205bclZHHIVe,ef9fcec669708ceb6142fbbe4e1bc2007233d0d88cb0dc786e6d025fdf7765e2e80a21115329a4178f20de074b11ba29
5,MoRUWfgv82jgPd3T,1745188930000,18,1745188930000@PWAMoRUWfgv82jgPd3T,f3bdfd4232f2a37ab4a10d93ef7fbc89c1de2ec5e545343870d4689bb7935c91580a04f2ba0f3ee72477a7d3ea936b7d
14,lWCK205bclZHHIVe,1745192194000,19,1745192194000@PWAlWCK205bclZHHIVe,ee4c8b1cf989d571114c18553232bf36605ba8e4e197854f5cc11da9147c83f49d83a5dfdaaa2d4e98ef0272e1f63e82
1,H99gdk4e90cz0zTP,1745163657000,11,1745163657000@PWAH99gdk4e90cz0zTP,3ed6a92aac1ed419eb52742e8154e650949fd6d9261eb0e7dfc286d5898f309b7d28854acc0c0f49c179f2b8cc9f99f1
18,9R04ZA4ZZYUeRcWE,1745174564000,14,1745174564000@PWA9R04ZA4ZZYUeRcWE,92623de22d99ae956065474178ff87e883ba6d77f9964bc229c9253a6ba9c87ba636f44ef18b65d6c229922b0b032d46
4,H99gdk4e90cz0zTP,1745190619000,19,1745190619000@PWAH99gdk4e90cz0zTP,9711923a5235159c5c5ff09828152f0767cca47d6cfd402c8b82a0204bcb60faea35cd05f436aea2a2a06fb0c8e1eb00
5,9R04ZA4ZZYUeRcWE,1745184271000,17,1745184271000@PWA9R04ZA4ZZYUeRcWE,17c180878808f41cf19ab626d8344c0064f2c3e6e74d2dee5709d0f7614a782b05cae0980a10b57dffc4731e1edbcd70
20,lWCK205bclZHHIVe,1745151199000,8,1745151199000@PWAlWCK205bclZHHIVe,aabe07463c518ec3332bcf54f9a0eca6cdafeb517ae80c3ecac715b4a4a2f354599840b6307077186a5cb52f071709c4
9,lWCK205bclZHHIVe,1745167638000,12,1745167638000@PWAlWCK205bclZHHIVe,7d881f8b251732241a59e8df9a9102683293335488d7bb3a80715764be307997d10905fb75969db348d61c26f18c5697
7,MoRUWfgv82jgPd3T,1745173126000,14,1745173126000@PWAMoRUWfgv82jgPd3T,16874a003c99f1b1846172f9a6f4247771740316a9d5c3201cd2acf55a6e31d1e92521d2615702b5c36dc3feab71d0bf
2,9R04ZA4ZZYUeRcWE,1745149455000,7,1745149455000@PWA9R04ZA4ZZYUeRcWE,7000b63ec269650eb2042cc2d4c1327314c258759ff5da362c5e0274c8460608659ea0138138d02a3ce75ae26d07939b
10,H99gdk4e90cz0zTP,1745159634000,10,1745159634000@PWAH99gdk4e90cz0zTP,66f70bb57cb85c08b0d26d487e093837e6dc3d5daa63010bb95c0eaf2b700c7b3eb7b3ffdae398560ae63956d845071d
3,lWCK205bclZHHIVe,1745186262000,17,1745186262000@PWAlWCK205bclZHHIVe,2a81e259c8c49f6cb32e3897dadc6838f602e1aa7363ef199a16d8a9762df81e6f6e591dc1145d084f5403302481f1ea
9,lWCK205bclZHHIVe,1745171772000,13,1745171772000@PWAlWCK205bclZHHIVe,fc65c05f579ab00538b821ac4933b1a913d29b8c6df08b524ed224d4be8a4cad2937243b1e033ea1ce3d9f5c4df49028
7,H99gdk4e90cz0zTP,1745186147000,17,1745186147000@PWAH99gdk4e90cz0zTP,9c51e1641b708b343a5c8ab44a0c99c5a94c968bdc7ff02585cb36ea7b27bc119bbe78b02279ab863537fc47f750d501
5,H99gdk4e90cz0zTP,1745168630000,13,1745168630000@PWAH99gdk4e90cz0zTP,8982843a8076c4940253485e00063d3b076dde0cdf3f2d5e2090ec7e7840c89863b5bbc6a200a5296cbeb527e8233a34
13,lWCK205bclZHHIVe,1745169202000,13,1745169202000@PWAlWCK205bclZHHIVe,dc84d7acdf5a476bee8189a2173bbcf933cc9c4fa2fe12644d20ecbac51a018e4822a315af7919042db69a46c874e83d
9,MoRUWfgv82jgPd3T,1745151737000,8,1745151737000@PWAMoRUWfgv82jgPd3T,85564fad1ff811a06f5fc27b7e43adbaf8534ae4efb83bb3be466cb87a66c784ee4fdaa0505adf5f3c1ad4ef903ea531
11,9R04ZA4ZZYUeRcWE,1745151904000,8,1745151904000@PWA9R04ZA4ZZYUeRcWE,a55ce11afc32fdb68ae5fb1166aef63287b7aa927d60a17cba8115ec05d05b7e08b5de0a7d253041e03164b8a4c230e6
4,MoRUWfgv82jgPd3T,1745145284000,6,1745145284000@PWAMoRUWfgv82jgPd3T,a8d28a9c5dc1bad0ce34ea6ff3de46a83773fc99ceccd5192f83254d8e11cd77c0635ad2b67f42685bf290b2c0676032
20,9R04ZA4ZZYUeRcWE,1745177651000,15,1745177651000@PWA9R04ZA4ZZYUeRcWE,025896e2ca5d3e94e8ed2ec7bc1a944d7de98f45484517ead4b7f4d030a9fe3c90414dfbe0cb16c86d8ce2d4f21cfd4c
6,Mos7mIoNK4avGvlS,1745154884000,9,1745154884000@PWAMos7mIoNK4avGvlS,ee0a10df7729d077949b711ea46874f5acc899c71f3501aa042c1fd308d6ecf10f0d53fa6480d60c930a46a89d79c044
20,Mos7mIoNK4avGvlS,1745157150000,9,1745157150000@PWAMos7mIoNK4avGvlS,8fcfd7122ce1a7712d79896a457c68d925f5637e9630cc0be760bf4e2d3b24e5c373452863722ff356a6283015853ba5
17,9R04ZA4ZZYUeRcWE,1745181718000,16,1745181718000@PWA9R04ZA4ZZYUeRcWE,bc9a3d8f891b0ee45f00c3c75af2d1e0827f6bb251374f8ca06bbcd17daabb0462182ddcfb98da50cf1242a2d5851bc7
20,MoRUWfgv82jgPd3T,1745143975000,6,1745143975000@PWAMoRUWfgv82jgPd3T,c3882a714652f698ff70d6e69560a691f5327ce0de63f45ebf670616968b3c0e2638f2cc61d6bfbecbd146962ee39a60
16,Mos7mIoNK4avGvlS,1745161877000,11,1745161877000@PWAMos7mIoNK4avGvlS,2e46f7cc7d2a5bcb6f415693a8dae2d7f1c0b6e7188f757306f9d1abffc78b046c41b71f9460b3aef4d2592415842064
7,Mos7mIoNK4avGvlS,1745162630000,11,1745162630000@PWAMos7mIoNK4avGvlS,2e50825caf1b647cc446382eb1724235db018165baf3e8c6d0e56168613d85bd14990f42ffd23fa886cf63fc29c7ad50
20,9R04ZA4ZZYUeRcWE,1745177651000,15,1745177651000@PWA9R04ZA4ZZYUeRcWE,025896e2ca5d3e94e8ed2ec7bc1a944d7de98f45484517ead4b7f4d030a9fe3c90414dfbe0cb16c86d8ce2d4f21cfd4c
10,H99gdk4e90cz0zTP,1745157913000,10,1745157913000@PWAH99gdk4e90cz0zTP,1cf27859afeeae99895b179b3f7474eb608bfb73c1b6cc63df924150f1dbc2fdc4cc2aae821f191b9c39ea2f0eda6998
12,Mos7mIoNK4avGvlS,1745152085000,8,1745152085000@PWAMos7mIoNK4avGvlS,106c1ab9548e6c91eb388c2c8b0ccb56b17afafa86be67767b5b12cb55d192b2348f0b9b3d4a960334c8251308544943
2,9R04ZA4ZZYUeRcWE,1745149455000,7,1745149455000@PWA9R04ZA4ZZYUeRcWE,7000b63ec269650eb2042cc2d4c1327314c258759ff5da362c5e0274c8460608659ea0138138d02a3ce75ae26d07939b
6,H99gdk4e90cz0zTP,1745163028000,11,1745163028000@PWAH99gdk4e90cz0zTP,a4a81bc1fbdad73ccb337d7a288aef8d82a158bfbc2764e3b9c8a11340074106d3c2e498c4118556586920fff7e9d9cb
5,Mos7mIoNK4avGvlS,1745201743000,22,1745201743000@PWAMos7mIoNK4avGvlS,55a20f22d2c26566386086ac75e0e1058089a5cd967774a4439b5d8990d66c0d26c140a0a41131f741cfa937c779e25d
9,Mos7mIoNK4avGvlS,1745180417000,16,1745180417000@PWAMos7mIoNK4avGvlS,367adbe30b9b70bea8d53690b95415826434e4ae9436ef134afc11055fe2f1cbaa4b4ef9d86601336a9b12a185378b08
2,9R04ZA4ZZYUeRcWE,1745168220000,12,1745168220000@PWA9R04ZA4ZZYUeRcWE,cc1f87f67894f8dc81658864e6ce418476fcbc7f58831c9f7cf415602ec304a9d70bba72e8f254b8474e647adc65e28e
10,9R04ZA4ZZYUeRcWE,1745167599000,12,1745167599000@PWA9R04ZA4ZZYUeRcWE,108f3289d2ca03a83b6584c0c9a72bc2637e5d10944939e757fc8395cc41e2c51287a827be0b8cd784b6e354122f3a25
18,Mos7mIoNK4avGvlS,1745170155000,13,1745170155000@PWAMos7mIoNK4avGvlS,2e0e25e85903b9e53fba648f894a61ef79e021352b8d83cf77a67204a17c80c7974cd326196c1641ca15e76f4f85faab
9,9R04ZA4ZZYUeRcWE,1745180898000,16,1745180898000@PWA9R04ZA4ZZYUeRcWE,895bbb5fce8792f82d419a7b20af8301ba61e5b57f23d1374ad27897be14093e9603c9a459992f3d6cae3b14883afc16
9,9R04ZA4ZZYUeRcWE,1745158328000,10,1745158328000@PWA9R04ZA4ZZYUeRcWE,af00204a5a3cdec83a5eec1caafee3b29472ae9ef6fa9fd70fd93717cbb3bdb86d11cbb4203e9b46ff7e12bc968cad0d
2,H99gdk4e90cz0zTP,1745154907000,9,1745154907000@PWAH99gdk4e90cz0zTP,8fc35c4eebf68595f0e9e01c571146ee3595177bbc0f7d383bb8f07a87ae0b570fd4668dc871c818abb59369f0eacb32
9,lWCK205bclZHHIVe,1745167638000,12,1745167638000@PWAlWCK205bclZHHIVe,7d881f8b251732241a59e8df9a9102683293335488d7bb3a80715764be307997d10905fb75969db348d61c26f18c5697
3,MoRUWfgv82jgPd3T,1745183140000,17,1745183140000@PWAMoRUWfgv82jgPd3T,574ebc48244e83284325be51103ea958c8030d8ebb44c63bc5a6901134d76014d2190bc6c360bf85cc48bd1b89065019
16,MoRUWfgv82jgPd3T,1745178465000,15,1745178465000@PWAMoRUWfgv82jgPd3T,ba2d9a6384615539b68eef9e49605f44d9f895b09237b011bf1a1c95000a923866939594a1384168b86beee41c9e19f1
2,9R04ZA4ZZYUeRcWE,1745168220000,12,1745168220000@PWA9R04ZA4ZZYUeRcWE,cc1f87f67894f8dc81658864e6ce418476fcbc7f58831c9f7cf415602ec304a9d70bba72e8f254b8474e647adc65e28e
3,lWCK205bclZHHIVe,1745173215000,14,1745173215000@PWAlWCK205bclZHHIVe,a322cb3b099f617206af283203ff68e9cbceeb6cb696fd67e3b4a4d19702adda9fe9f172e352096f402b420ab6e31868
13,H99gdk4e90cz0zTP,1745162672000,11,1745162672000@PWAH99gdk4e90cz0zTP,478644f1a65978e02c75c07d1a3ff1895342a0507796cb78f134a64a356ac8ccd46d0c973f4f603b31711b61245c6761
12,Mos7mIoNK4avGvlS,1745153631000,8,1745153631000@PWAMos7mIoNK4avGvlS,b87f0f051ba3f8c4a4052bcc1f71e1b00629197c40aadd7c1f60f96f86a68f4b529f580aef688b2e3171c7bc625059c4
7,MoRUWfgv82jgPd3T,1745173126000,14,1745173126000@PWAMoRUWfgv82jgPd3T,16874a003c99f1b1846172f9a6f4247771740316a9d5c3201cd2acf55a6e31d1e92521d2615702b5c36dc3feab71d0bf
19,H99gdk4e90cz0zTP,1745121889000,0,1745121889000@PWAH99gdk4e90cz0zTP,00ad74f35b2bb406e7f5eae98c41065f2ff76bd1708d518417e022205480613b0b49be109f1ee46421dd9f017e6658f2
20,MoRUWfgv82jgPd3T,1745177058000,15,1745177058000@PWAMoRUWfgv82jgPd3T,4810cc83ea102dc78ba24a0ad2e6fe7c9b470f185dced24a8bceb4d1c99dded959b0185fccf9e54d0d9af145e182054f
3,H99gdk4e90cz0zTP,1745178098000,15,1745178098000@PWAH99gdk4e90cz0zTP,5529235da4cb61abba251a5d2078e6cdbc69acdf6e06bd4f441d2da7d78bd9365b08babb47b1a3fdc8ba1d240d65d7eb
7,MoRUWfgv82jgPd3T,1745164289000,11,1745164289000@PWAMoRUWfgv82jgPd3T,bc9110b139e671df53151290adbb1907d160fca399dc371024fdfd0aec45347abb11a2dc74d72d23eefc62d744e225e4
7,Mos7mIoNK4avGvlS,1745183958000,17,1745183958000@PWAMos7mIoNK4avGvlS,93a81aa41c32fbbe203e9d1bbf7f766ed88097c32648f5bc0d33750f6d2ef47616d7135c0f4167abb14cf7d0e902a7c7
3,lWCK205bclZHHIVe,1745173215000,14,1745173215000@PWAlWCK205bclZHHIVe,a322cb3b099f617206af283203ff68e9cbceeb6cb696fd67e3b4a4d19702adda9fe9f172e352096f402b420ab6e31868
16,9R04ZA4ZZYUeRcWE,1745156745000,9,1745156745000@PWA9R04ZA4ZZYUeRcWE,a04ab1c1d1e2cb027c87fd999f2499d5cdce29cd8c571c8d5c1282b94c326c13a4ca519ab6e52835b0261053c58f0176
4,lWCK205bclZHHIVe,1745124345000,0,1745124345000@PWAlWCK205bclZHHIVe,5d899f67bca8465a47fd28b30e1df57fe9aaf213d4bad3dee03903464fef7731127fe0eaf238e12c2c35e49a1756f6ac
3,Mos7mIoNK4avGvlS,1745159929000,10,1745159929000@PWAMos7mIoNK4avGvlS,6087c260efefa710cae9309499f6154d9480e50b50a14804b3c1fc8151a9797889a6412cc690806de12cf8caf97c0ced
11,Mos7mIoNK4avGvlS,1745165093000,12,1745165093000@PWAMos7mIoNK4avGvlS,96458d2ca61cb3506e3856c909c1cf7c878bc6e54468f4006366557fbc477a5e12eb3da2b3ddd3d09d590ec39973c680
6,Mos7mIoNK4avGvlS,1745182889000,17,1745182889000@PWAMos7mIoNK4avGvlS,fbf032b1debb6577dd6d7a7c2079f2b021df0c91020ebf851641f567a59f9bf119aff5fd829f6c2c3acf533d8272764b
1,MoRUWfgv82jgPd3T,1745173922000,14,1745173922000@PWAMoRUWfgv82jgPd3T,48e9206c7de9c54323c02040dc78e76aa0c53043014c292b5ee7dc2a271c121dfbe5491ac84dcb78556e7a07ad6457e3
1,H99gdk4e90cz0zTP,1745160565000,10,1745160565000@PWAH99gdk4e90cz0zTP,a16bfa8bdbdac7bf5984b0e245559cd3ab6d870feae89b454bb7b1a49b8db5b474a2bfdff4d3fdee0fda6e39dc07b80f
15,Mos7mIoNK4avGvlS,1745169295000,13,1745169295000@PWAMos7mIoNK4avGvlS,483fab0283d2319749dec75cbbb8a44167976f8f02a9d2e7912340af4344d2fbf6a611527000e1c53111a2cfd97bb03a
20,Mos7mIoNK4avGvlS,1745157150000,9,1745157150000@PWAMos7mIoNK4avGvlS,8fcfd7122ce1a7712d79896a457c68d925f5637e9630cc0be760bf4e2d3b24e5c373452863722ff356a6283015853ba5
6,9R04ZA4ZZYUeRcWE,1745147803000,7,1745147803000@PWA9R04ZA4ZZYUeRcWE,4cdb295c29786f428ebbfba1a406b6b42681aa7db798e64d49411d7cfe269c1893fa92c6162474e93196ca620dc4ddf1
4,Mos7mIoNK4avGvlS,1745162804000,11,1745162804000@PWAMos7mIoNK4avGvlS,db04029829912321833e850c97cf1397e6103d6838e90a5a43afab17d63a185c9723ff9e1a0accef9c68a6c4538aa3eb
7,9R04ZA4ZZYUeRcWE,1745171022000,13,1745171022000@PWA9R04ZA4ZZYUeRcWE,632a9b1169a87e86299ae0ab15ea34d36f17983936d364a1562a55b862cfaa90d8d6a0f8c4cdccabfdd0931af9b37e2c
17,9R04ZA4ZZYUeRcWE,1745174928000,14,1745174928000@PWA9R04ZA4ZZYUeRcWE,eb7afb81dde278028f27dc3b9f1d47d423cd1bbf228b80436e88968d6a432ec1750d0777348a97427f0d31f58791efc4
16,lWCK205bclZHHIVe,1745171356000,13,1745171356000@PWAlWCK205bclZHHIVe,ba182120d70f0d8d454dcf4448bd013f306373758c620131e079353ac17fd68c506946d0baed592a936fe988cffbc673
3,lWCK205bclZHHIVe,1745173683000,14,1745173683000@PWAlWCK205bclZHHIVe,817c1f1ffee71f7b93b04d0231011a0253341e880b277f902f00cb263a7c187170e75a63c43c6c1beb64f759b71197f4
20,MoRUWfgv82jgPd3T,1745177058000,15,1745177058000@PWAMoRUWfgv82jgPd3T,4810cc83ea102dc78ba24a0ad2e6fe7c9b470f185dced24a8bceb4d1c99dded959b0185fccf9e54d0d9af145e182054f
4,H99gdk4e90cz0zTP,1745151838000,8,1745151838000@PWAH99gdk4e90cz0zTP,5c391d59637f40fc064ce8b5f67dec4f894d26e300b7593591f91832840241bf35e262c1b5ee3ff83510ff8f4338b4b8
5,9R04ZA4ZZYUeRcWE,1745174831000,14,1745174831000@PWA9R04ZA4ZZYUeRcWE,84b47c2bc176b1a1bc20ba5fde5e12a9fea445d1ec65a160ac756a769f11add55398b1033caf6c386d2e906c45f0c172
1,MoRUWfgv82jgPd3T,1745183441000,17,1745183441000@PWAMoRUWfgv82jgPd3T,cfa425aa46dbdee2d10d788ca990388b83d941c89957201bcd3bd1a66251dc90274c70371bbc9404385da145d7c403a9
10,9R04ZA4ZZYUeRcWE,1745167599000,12,1745167599000@PWA9R04ZA4ZZYUeRcWE,108f3289d2ca03a83b6584c0c9a72bc2637e5d10944939e757fc8395cc41e2c51287a827be0b8cd784b6e354122f3a25
15,H99gdk4e90cz0zTP,1745173627000,14,1745173627000@PWAH99gdk4e90cz0zTP,eb648a53bd20a1244bde911e3de21593914db689d8de5ea4ca5076cb630d27310aae81ef57e24e524b4be393f525852c
7,Mos7mIoNK4avGvlS,1745146001000,6,1745146001000@PWAMos7mIoNK4avGvlS,583f0b9dbe3946b7c5d8b281a959a5fc7bdc99b5744db7b3090fe1ff183d073336d5fb292facd14db5c207a00dd34caf
10,Mos7mIoNK4avGvlS,1745174099000,14,1745174099000@PWAMos7mIoNK4avGvlS,a66fe4dbe39f90dbe9b73ba3da94a33a3e8a771ee7dc4b88564cc3c141bfdc5221a154a0c92580ebe5e8a6d1b111784c
17,Mos7mIoNK4avGvlS,1745171190000,13,1745171190000@PWAMos7mIoNK4avGvlS,d29f80784ee1dd3a347874cd18013d115c13cc88875f949000317c1fbfec93fa199d504f006d05ea48c76738039af5bd
19,MoRUWfgv82jgPd3T,1745170735000,13,1745170735000@PWAMoRUWfgv82jgPd3T,35413ff24866bd2da731a1c13e4579d80cd152ed7ccf72e7bf68433cdb1d5ae049492814e3a4a1ae5bea67087392b55c
2,H99gdk4e90cz0zTP,1745144444000,6,1745144444000@PWAH99gdk4e90cz0zTP,0e735a20f17c29a1733031d016cfacfd3a177bafec2989496fe302df246fe0b1e17d68a3478e77e9abb99d211da0381c
2,H99gdk4e90cz0zTP,1745188236000,18,1745188236000@PWAH99gdk4e90cz0zTP,3478c10351e5973f29c0cf71e27a0a42d38f93de18847df34b5a1d1db07373fad919c15405ad3ef5448e5cf0669072fb
17,H99gdk4e90cz0zTP,1745155478000,9,1745155478000@PWAH99gdk4e90cz0zTP,2e98f4b7c0729d4384e037b128f47af2df8672e86e5e82d1c608074d78d4e60f3bad76e6bb8834ac52d007a4d3cfad4b
9,H99gdk4e90cz0zTP,1745152399000,8,1745152399000@PWAH99gdk4e90cz0zTP,eca6904bf6cad29512851681e2b0d65d00509bf24bd25e27b9cf92ab009ec2927c1b3a2f99e04c0991b7384a920f2f15
18,9R04ZA4ZZYUeRcWE,1745165524000,12,1745165524000@PWA9R04ZA4ZZYUeRcWE,f7d6ca8937551d1a989d8673b0daf31d78b2c42fd5121693b2b77aec78b715416a36eff1d91e36d16f0d77e007b04f8b
13,lWCK205bclZHHIVe,1745154418000,9,1745154418000@PWAlWCK205bclZHHIVe,cf5679c73be7607403937cebcfc9cf341ed5b593b11f8638c1d5d6fd10dca709dddc0cb3a276afb994f13b0875212a96
15,MoRUWfgv82jgPd3T,1745192771000,19,1745192771000@PWAMoRUWfgv82jgPd3T,4be012465ff614c95105f1415869825522fe6230b42b6f134e588fef10c3109039a4a990c11a1dd797ac08b4d290dd51
16,MoRUWfgv82jgPd3T,1745160410000,10,1745160410000@PWAMoRUWfgv82jgPd3T,9256c817de91cedb5d020ef1770e8b1fea0c0fd1dcc5e8c9cc7ac7cfba7a1d0265d6bc51b7ab4885de86fe2c2f5aa5a2
18,9R04ZA4ZZYUeRcWE,1745174413000,14,1745174413000@PWA9R04ZA4ZZYUeRcWE,240845b4cedf3bd3d52bef2dbe383c044724015be3af0d140b2ff53b7ae12b59eda147326a91dbd6b47210a363847faa
4,H99gdk4e90cz0zTP,1745146259000,6,1745146259000@PWAH99gdk4e90cz0zTP,2ca8635f45a64950cb4595763cdce1d05248d6c820f157732062b12fa33b1fb2bfbb96f6efc87828aafd76b2eef12b8b
7,H99gdk4e90cz0zTP,1745186147000,17,1745186147000@PWAH99gdk4e90cz0zTP,9c51e1641b708b343a5c8ab44a0c99c5a94c968bdc7ff02585cb36ea7b27bc119bbe78b02279ab863537fc47f750d501
12,Mos7mIoNK4avGvlS,1745159952000,10,1745159952000@PWAMos7mIoNK4avGvlS,ab0b7969c5b38c98b5704213e0d3fde0dc67bad7e7f597f7cf44a73d3322616122067eeafbab194a249628902b48dd0a
13,lWCK205bclZHHIVe,1745185085000,17,1745185085000@PWAlWCK205bclZHHIVe,4b85d60a8297e4346ac69bdf3a838f829d01c9c5fe476c2ae218011ca5be7fd455c79af07b2986053f1d11e358fc3f9f
3,Mos7mIoNK4avGvlS,1745159784000,10,1745159784000@PWAMos7mIoNK4avGvlS,02116938e0995ce575a2d6b8e8b3d92e8f96fcf1874e2e374bbc6132832bd856455f38c38bd62a837e7f735db692ea7b
4,MoRUWfgv82jgPd3T,1745169304000,13,1745169304000@PWAMoRUWfgv82jgPd3T,afc3b5d2ab33e6d3e8182a7a887d86474b4f8135b434285fc60ede0334561efff5ed744e69abb0c961dac0324490ee98
20,H99gdk4e90cz0zTP,1745185249000,17,1745185249000@PWAH99gdk4e90cz0zTP,5bafb5052243ad3a1dc0d978d502c395bcd9076e69cd80fcc1d93ed0747dfc693301e07201b37b16d71e15e8764f1e9d
13,H99gdk4e90cz0zTP,1745184431000,17,1745184431000@PWAH99gdk4e90cz0zTP,887624358653bf8d346654c6f27cc90d285d3bcb085db2d2b6fdeb95f60edc5e2abe5db2c90e4ad0293e5bc50b1a520b
5,MoRUWfgv82jgPd3T,1745151081000,8,1745151081000@PWAMoRUWfgv82jgPd3T,0dd7d41be3f088fdf3d0dae61f46ffabf09dfd50f1ee972d9741b335c715ab43b62d6cf3e6f4de9c2041a269f97b1b7b
18,H99gdk4e90cz0zTP,1745160226000,10,1745160226000@PWAH99gdk4e90cz0zTP,8d855046f85a789b224aefdbcc701bcb92ff60c44ee4dfe1891ad15ebcba6980859e04f960ad9fe7fcc570084a064f38
4,H99gdk4e90cz0zTP,1745190619000,19,1745190619000@PWAH99gdk4e90cz0zTP,9711923a5235159c5c5ff09828152f0767cca47d6cfd402c8b82a0204bcb60faea35cd05f436aea2a2a06fb0c8e1eb00
4,H99gdk4e90cz0zTP,1745173051000,14,1745173051000@PWAH99gdk4e90cz0zTP,f082edf4b98756a73149b179897f8c946d9407f99dc62badc22d2d49d6011b735fe21a35d55882312eaa6d7dbf6b011a
15,9R04ZA4ZZYUeRcWE,1745152183000,8,1745152183000@PWA9R04ZA4ZZYUeRcWE,2276f99ee7ea46ac298e87d665c18de650400eb5133f1538fdeb11922031795a46ccf0a16089c8ea0e4f0250df6f4122
20,H99gdk4e90cz0zTP,1745183715000,17,1745183715000@PWAH99gdk4e90cz0zTP,e75020a2ec1d10479414bfba9703547431f79cda1ce0cefb6b6e48157053523a1f49fba7945f5b83a179678be7d88fb8
1,MoRUWfgv82jgPd3T,1745179077000,15,1745179077000@PWAMoRUWfgv82jgPd3T,e070105b3be7475e42050176c8c99d882e13e6785759437d8f815a54acd7a3c45b589ddf6fdf15ef5feaac90d8153d0c
1,MoRUWfgv82jgPd3T,1745161498000,11,1745161498000@PWAMoRUWfgv82jgPd3T,df9339b77ea183363ebcd0b8cc6b2e28233e6c6adb98b3d7f6075989a27bbd206d2cd37d1beb8a7dadf0c2972e5a6074
14,lWCK205bclZHHIVe,1745154225000,9,1745154225000@PWAlWCK205bclZHHIVe,a6469ba0d6cb1e6e127c893393469e8f854660478d69b89d7d3c22495181734a3a81248804213f4384f6bcce532cf37d
9,Mos7mIoNK4avGvlS,1745157220000,9,1745157220000@PWAMos7mIoNK4avGvlS,06ef3352af62bf6345fa7f69f7940194e124975b7d2ccc8dcb78b19ba4dbe4ba3a76f8c7e906255968ff49e099ea50b6
15,MoRUWfgv82jgPd3T,1745200954000,22,1745200954000@PWAMoRUWfgv82jgPd3T,67e06381139da97e85198a5f7bfb44e49433f5d7f02303edf8bbe737bfe9e680682b65b69b450b8d3093d11647032323
5,Mos7mIoNK4avGvlS,1745201743000,22,1745201743000@PWAMos7mIoNK4avGvlS,55a20f22d2c26566386086ac75e0e1058089a5cd967774a4439b5d8990d66c0d26c140a0a41131f741cfa937c779e25d
14,MoRUWfgv82jgPd3T,1745163931000,11,1745163931000@PWAMoRUWfgv82jgPd3T,c166dccdcec05a6ed93c78a155f2779de96e90c4b97899e5cd0486db79f1364a8b3e72129d3923ebedf31ed7c60a7a03
8,9R04ZA4ZZYUeRcWE,1745150632000,8,1745150632000@PWA9R04ZA4ZZYUeRcWE,7972d8c1b2241f7b9abf7997a9f5d5efd32a3cb8ce360456aff63633d74b494d066fa81e951094e4cf50985189a2bde8
19,9R04ZA4ZZYUeRcWE,1745159644000,10,1745159644000@PWA9R04ZA4ZZYUeRcWE,2095561a4253e1983849947abdb9dd78578dc08cd80c90745378be2d03b4391b58cdea8f5f5e4b3690bd893149674e2c
4,Mos7mIoNK4avGvlS,1745163014000,11,1745163014000@PWAMos7mIoNK4avGvlS,a1adb715278ebdd55cefc557dbfeb2199e20f67b5d4ced5819cad259b086c58d8850eb40a9f8dd88bdca978785a83c81
2,H99gdk4e90cz0zTP,1745188236000,18,1745188236000@PWAH99gdk4e90cz0zTP,3478c10351e5973f29c0cf71e27a0a42d38f93de18847df34b5a1d1db07373fad919c15405ad3ef5448e5cf0669072fb
11,lWCK205bclZHHIVe,1745142928000,5,1745142928000@PWAlWCK205bclZHHIVe,e87b3df4d8d12e6adab8323291490d20040b30b1dfde728836181991f307dba28288b1fdfdba347ac30fdb18f782d721
6,9R04ZA4ZZYUeRcWE,1745186130000,17,1745186130000@PWA9R04ZA4ZZYUeRcWE,9b98df3a620f00b2ee6e2c90ca8a23894859e83462c530452740c2af8adf3c6200cb962996fa0ec99d415bcbade8254c
11,9R04ZA4ZZYUeRcWE,1745161489000,11,1745161489000@PWA9R04ZA4ZZYUeRcWE,73083cc95cf9074039d1b23d1e8da98fcad5ae5fd8b4aa19981bc2b149043e7462107d1c97501c14c524b38b0236a147
3,MoRUWfgv82jgPd3T,1745156341000,9,1745156341000@PWAMoRUWfgv82jgPd3T,21a1579aa3762b9694e3bb0e0f0c4283d9eaf86e93f364812f6b16636d3c491d675f8f0077e7dcadde8e0e5cd2b1962c
16,H99gdk4e90cz0zTP,1745160080000,10,1745160080000@PWAH99gdk4e90cz0zTP,cac0d43464535d2a424fcd8fcc05ac790e7971533ec95e1de043b13dc81c77d2b617e0373109565861c215539b27064d
5,MoRUWfgv82jgPd3T,1745185084000,17,1745185084000@PWAMoRUWfgv82jgPd3T,faee02acb3a64b746c09b15c9196c680dacdd17e5aac2082fec23f79e502f104bca7ade0af5c31232d53094ed6229a5f
16,Mos7mIoNK4avGvlS,1745182507000,16,1745182507000@PWAMos7mIoNK4avGvlS,dfbbe86885ccd09abdba607e07a38d134c3819ce11b6c604c058d4c97461008667f9c1057ba0319bc16a96ce2c593597
9,9R04ZA4ZZYUeRcWE,1745172287000,14,1745172287000@PWA9R04ZA4ZZYUeRcWE,00e9095e04fd07d56018a8b7341e86520922122409efee4830b8a64600a50ff19c51cfca1b3425e6972adc5ea108e569
11,Mos7mIoNK4avGvlS,1745148016000,7,1745148016000@PWAMos7mIoNK4avGvlS,d21ca0f184d67192fc105ad9e609b2cd2a20d1c772bb36efe501f06721b8335f3fa7637d944ac0e20c3a6a35de3ac5e1
11,Mos7mIoNK4avGvlS,1745184032000,17,1745184032000@PWAMos7mIoNK4avGvlS,4259c6ff905bba677974cbdc294bb5d4a1e95a83966176e302b28766e11f148c5d9907ece0647aaef9554088cc47554e
4,lWCK205bclZHHIVe,1745176292000,15,1745176292000@PWAlWCK205bclZHHIVe,950a0e94b2369cdd92dd88d5e00f849502d5d407b8338186fa598ea6434bb65296de98f1840fd4a460c188d66ccde776
10,MoRUWfgv82jgPd3T,1745193908000,20,1745193908000@PWAMoRUWfgv82jgPd3T,a074b2394799f375e7066be4b8f55a9d6611a2c92896462f939e0cc394dd2a194a6ca4d9141a139228f7e2e4c18bccfe
8,MoRUWfgv82jgPd3T,1745185932000,17,1745185932000@PWAMoRUWfgv82jgPd3T,b9c3315fe65eef29518bc9477ce0c39c5cf663b97214bab70ff2af08c254024c7fa974dcabd8e3742f81aad2116600ad
5,lWCK205bclZHHIVe,1745163233000,11,1745163233000@PWAlWCK205bclZHHIVe,9bc17bfbd6a19e1adb79b6cab674d6d1ddda649c94a4655cf97ef2ae8c54d0ba2b138f56f648d1cf98aab029b53730d6
3,9R04ZA4ZZYUeRcWE,1745170447000,13,1745170447000@PWA9R04ZA4ZZYUeRcWE,54992d5cb9ab5f18b733c1f05572a6c7dc3554ef3b848ebda70053dde8d8d3cc40a04a899165446bec23c43bb365ad33
16,Mos7mIoNK4avGvlS,1745181771000,16,1745181771000@PWAMos7mIoNK4avGvlS,c33f59a8bb318b27707c8618d9af2f98ed1457781b4c4a1194e46ee2a21dcdb85ffb8fc30cdb8644a0cd0a3623ec0a61
7,9R04ZA4ZZYUeRcWE,1745182268000,16,1745182268000@PWA9R04ZA4ZZYUeRcWE,229e7115500eda90569c703eb30ed917b8a6b3362a5380ece251908875bcadfb6a44b67c55f813f9862af962c7f8b65e
19,lWCK205bclZHHIVe,1745177350000,15,1745177350000@PWAlWCK205bclZHHIVe,7d713db19aa51c43d419cbf9dacd12b0ff24a77f0d6a58e5a475645caa7c9ac4383d719a7fdafb8ea48c639503dcdd72
7,Mos7mIoNK4avGvlS,1745176208000,15,1745176208000@PWAMos7mIoNK4avGvlS,8330e641a367b4e8177c18604a88148e82893be97dd1f4cb658dbafb1d28d2f8b73fa17fccfc40ddba120ea778ba9113
11,H99gdk4e90cz0zTP,1745152064000,8,1745152064000@PWAH99gdk4e90cz0zTP,f92215ec9273d9750de331b26b34f1e5e713af08bc8cc814731329db947ec45578c4c0b79450cc3842206ff201d0c214
15,lWCK205bclZHHIVe,1745188120000,18,1745188120000@PWAlWCK205bclZHHIVe,4b29f5529cb1601bf91d9a733e7afab95d2b1ab3b67fa6b5b82905b62108dd03c23fc569ff78f9b693e7635e40c76753
2,9R04ZA4ZZYUeRcWE,1745178565000,15,1745178565000@PWA9R04ZA4ZZYUeRcWE,4fb44d186995de0bacc4de0d4c71734f479f613514def69128fef3d277e17454ee10e02adc3b15a0446e765547b0a508
3,9R04ZA4ZZYUeRcWE,1745168385000,12,1745168385000@PWA9R04ZA4ZZYUeRcWE,134a31d6c25bba67bb5b390a5ab120954644535dab44ae64e42f62a891649a56f6d6a9b7871c921aed96aecd44ebe32f
19,Mos7mIoNK4avGvlS,1745160128000,10,1745160128000@PWAMos7mIoNK4avGvlS,31fd85f0a22ca0787dc1e908ef500b416fc8e1a7fc014030acd944d3ae9f8b895c36f3f3d538c14598bd00c9a8107852
1,MoRUWfgv82jgPd3T,1745179077000,15,1745179077000@PWAMoRUWfgv82jgPd3T,e070105b3be7475e42050176c8c99d882e13e6785759437d8f815a54acd7a3c45b589ddf6fdf15ef5feaac90d8153d0c
17,Mos7mIoNK4avGvlS,1745171190000,13,1745171190000@PWAMos7mIoNK4avGvlS,d29f80784ee1dd3a347874cd18013d115c13cc88875f949000317c1fbfec93fa199d504f006d05ea48c76738039af5bd
18,lWCK205bclZHHIVe,1745179723000,16,1745179723000@PWAlWCK205bclZHHIVe,704eb7367eeac4efc8b12b251c82fb51e538104a4f27320b5e76d172c31d5889358749accee5e1da0e2b31f153c16c25
9,H99gdk4e90cz0zTP,1745159808000,10,1745159808000@PWAH99gdk4e90cz0zTP,c291539d5457530e781047b1ffd43f9a096f8afceac56ed7bb6537cc8cc9e679e9cd158f2ce8992e26ffb1b989b4a226
3,MoRUWfgv82jgPd3T,1745169016000,13,1745169016000@PWAMoRUWfgv82jgPd3T,677d7bd026806d88aa5711563e7a0c6803c5f8ce39f3c03bedd775ee9a50ad2e361b3fafcdd0ec5c66c206bf8bbafb37
18,MoRUWfgv82jgPd3T,1745148410000,7,1745148410000@PWAMoRUWfgv82jgPd3T,0141f74b946753a7fbaac089806541cb86dd270ed6e8377256a837a45cb19da9954a72c4d711d374c624442b49e71fbf
6,9R04ZA4ZZYUeRcWE,1745154346000,9,1745154346000@PWA9R04ZA4ZZYUeRcWE,032524c79c620142ea3fc68b49e2ebc935ca461e7be8a2c40c6b7cf3fff0a4c4f0bfed3eb052715241aafc2088a2f746
11,Mos7mIoNK4avGvlS,1745148016000,7,1745148016000@PWAMos7mIoNK4avGvlS,d21ca0f184d67192fc105ad9e609b2cd2a20d1c772bb36efe501f06721b8335f3fa7637d944ac0e20c3a6a35de3ac5e1
15,9R04ZA4ZZYUeRcWE,1745164878000,12,1745164878000@PWA9R04ZA4ZZYUeRcWE,39804ff9534086cdf49a9c3f28d214525754b3170ec7e3bf16ad765a8b48d819084dee3cb81310a4afa6612b99063480
9,9R04ZA4ZZYUeRcWE,1745180898000,16,1745180898000@PWA9R04ZA4ZZYUeRcWE,895bbb5fce8792f82d419a7b20af8301ba61e5b57f23d1374ad27897be14093e9603c9a459992f3d6cae3b14883afc16
16,MoRUWfgv82jgPd3T,1745160410000,10,1745160410000@PWAMoRUWfgv82jgPd3T,9256c817de91cedb5d020ef1770e8b1fea0c0fd1dcc5e8c9cc7ac7cfba7a1d0265d6bc51b7ab4885de86fe2c2f5aa5a2
7,Mos7mIoNK4avGvlS,1745183958000,17,1745183958000@PWAMos7mIoNK4avGvlS,93a81aa41c32fbbe203e9d1bbf7f766ed88097c32648f5bc0d33750f6d2ef47616d7135c0f4167abb14cf7d0e902a7c7
13,H99gdk4e90cz0zTP,1745160357000,10,1745160357000@PWAH99gdk4e90cz0zTP,504d3909ebf55c6bc3e32a72a73b9477e4d85d4c113015ef6a8d3dfa242159ec6284d698325592acf66ad2861b0bcd52
7,Mos7mIoNK4avGvlS,1745183595000,17,1745183595000@PWAMos7mIoNK4avGvlS,82565f3757b45ddf508a28a1f8bed11f78b8072c44134aadb58b518ffdafcf88c08339af989e3d49482903927c12ba65
20,lWCK205bclZHHIVe,1745168428000,13,1745168428000@PWAlWCK205bclZHHIVe,702b74e6d9a0c3da343133659ad723d248bcbd19a399a9872e9917769a5e34601df75044625d62961d30fc91ca721f0e
13,lWCK205bclZHHIVe,1745147471000,7,1745147471000@PWAlWCK205bclZHHIVe,c22d5cd587c3da22c789eb16ac807307156bc56315bfce022bb6c6e487bbc917a59681c9f7f7ec978352f15112472256
8,lWCK205bclZHHIVe,1745152946000,8,1745152946000@PWAlWCK205bclZHHIVe,43af6ccc6ace95ca611cfb35f8657c4c942375311b14e996dcd3a1c3a7acaac5be3c77eb09f657fe052a580e86b3ccbe
13,9R04ZA4ZZYUeRcWE,1745188690000,18,1745188690000@PWA9R04ZA4ZZYUeRcWE,ce3ea8a5f76df763d370fa9b7715dc0638a01531ff2e5ac3023d4a6a3028c612e96cab4cb688680b1a5cce182ec8b979
15,H99gdk4e90cz0zTP,1745181990000,16,1745181990000@PWAH99gdk4e90cz0zTP,6263ee41e5489b7af50626c0b9cee0336b34b45cf40741d31e694f8b0c3fccebe04de23225cce523dd238ff6bc08be57
7,9R04ZA4ZZYUeRcWE,1745159009000,10,1745159009000@PWA9R04ZA4ZZYUeRcWE,21fa497cdffdaf63dbf3f56c7a07962ff10decebbc95467095e40bed310fc0af6f0c7293e1fd514594edfcb86f4f782a
9,MoRUWfgv82jgPd3T,1745145172000,6,1745145172000@PWAMoRUWfgv82jgPd3T,8596a53a326cd1e21f79554a53c0a470d6d3a3817e535366e508b31cde5cead2e887d895d2ff5269da6850d05c9fd1fb
19,H99gdk4e90cz0zTP,1745163574000,11,1745163574000@PWAH99gdk4e90cz0zTP,23040857447a7a2702d4989167a89dbb7337c0d07c000476357c1b188367ad3d5fd7b7c4a8c9d5b00eedf07be97107f4
16,lWCK205bclZHHIVe,1745157434000,9,1745157434000@PWAlWCK205bclZHHIVe,eff224b8099a8184db06c092db3fcc5b46b010101368cf42f82c49d0658b5b564a20507e0edd1a510ab40593f4b83d02
12,9R04ZA4ZZYUeRcWE,1745176925000,15,1745176925000@PWA9R04ZA4ZZYUeRcWE,7d1aa51ac3ea04dcc5846305a646de2d23d648410d2e3e7a1a1ac3151a7c55276eed7ed2f17a7fe5455bb32e1d9864f5
18,lWCK205bclZHHIVe,1745179723000,16,1745179723000@PWAlWCK205bclZHHIVe,704eb7367eeac4efc8b12b251c82fb51e538104a4f27320b5e76d172c31d5889358749accee5e1da0e2b31f153c16c25
15,lWCK205bclZHHIVe,1745169796000,13,1745169796000@PWAlWCK205bclZHHIVe,ca812c2616c9f11c3c87779bd1a58b960d2f6caa8e4b8387c474de06a04fa4f947cd81046a7f6ee08ca9f07972d0b971
10,Mos7mIoNK4avGvlS,1745156234000,9,1745156234000@PWAMos7mIoNK4avGvlS,e73b9c28f4093005658a85c83271f82639fa0a8ef7b2402af264b12cafbdf05582111398fe1e4472b97e6b54a9ae5646
12,9R04ZA4ZZYUeRcWE,1745176925000,15,1745176925000@PWA9R04ZA4ZZYUeRcWE,7d1aa51ac3ea04dcc5846305a646de2d23d648410d2e3e7a1a1ac3151a7c55276eed7ed2f17a7fe5455bb32e1d9864f5
14,9R04ZA4ZZYUeRcWE,1745144177000,6,1745144177000@PWA9R04ZA4ZZYUeRcWE,4e88d978aee5c31ba5aa8e8ca3b2ae4193dcbc0d7710a18b5e7614232d242a2ebbcb38ca5c12cb5236da26420197c8e7
2,H99gdk4e90cz0zTP,1745156539000,9,1745156539000@PWAH99gdk4e90cz0zTP,0b88f489c181db3dd610bb3cfa9ab7940d2182edb17126f130a2a039d52411ffe13942b89a9f46cc5e270f5015fe5f2c
18,Mos7mIoNK4avGvlS,1745178564000,15,1745178564000@PWAMos7mIoNK4avGvlS,13c3681981844a4d9141b0f38c9138efaf0371cfebbd27ceb061c2b5b52485ede9a3840a69651f69a2095b000cf292ec
14,Mos7mIoNK4avGvlS,1745184446000,17,1745184446000@PWAMos7mIoNK4avGvlS,d2f3ea07ad152a352df818efed4d6d0463a9bc3318e37cebcfc4784a5c5260664ebe56f9fd9e510378f6fc4e258acea3
14,9R04ZA4ZZYUeRcWE,1745142667000,5,1745142667000@PWA9R04ZA4ZZYUeRcWE,bafe1e299256518ed7197feb69ca93a6d44f70289b21bf8ac44be26e6584db21a182b646c106d5afe17ca756b6fc5edb
20,Mos7mIoNK4avGvlS,1745194284000,20,1745194284000@PWAMos7mIoNK4avGvlS,e5876476c6bac081c4d931ffd9f0408ca69c449d483468a3babbc2686c9d30f16b638afcaac35832735a8a13a2a9da29
6,MoRUWfgv82jgPd3T,1745154114000,9,1745154114000@PWAMoRUWfgv82jgPd3T,0bc0893490e7e257cd5b793c97b40272d4103d3bda41cc22f56668c5009d11e95e9f229a788e9edff45bbcc752f345d6
8,MoRUWfgv82jgPd3T,1745184505000,17,1745184505000@PWAMoRUWfgv82jgPd3T,2d4d096ec6acb4ba1d136a58dd632c528b6cadc289d646ee7551d604cadca0e14e1ae5bd0f1189812fbdc372ea2d93e6
18,9R04ZA4ZZYUeRcWE,1745174413000,14,1745174413000@PWA9R04ZA4ZZYUeRcWE,240845b4cedf3bd3d52bef2dbe383c044724015be3af0d140b2ff53b7ae12b59eda147326a91dbd6b47210a363847faa
6,9R04ZA4ZZYUeRcWE,1745150877000,8,1745150877000@PWA9R04ZA4ZZYUeRcWE,ca7ca82450ff274f14c3d051a6f5e93f296d81303f84bb83f0b6264e9ec6c4b54cee0b001b85f390cbec6f4ebcbec0ae
6,H99gdk4e90cz0zTP,1745171057000,13,1745171057000@PWAH99gdk4e90cz0zTP,e1afb0ac3aba2a67ab8d94f0bd1bbfb299708df4bb146afbcbf2da44be7e52adf8a9f09cf5794b852179e36227436abd
7,H99gdk4e90cz0zTP,1745186147000,17,1745186147000@PWAH99gdk4e90cz0zTP,9c51e1641b708b343a5c8ab44a0c99c5a94c968bdc7ff02585cb36ea7b27bc119bbe78b02279ab863537fc47f750d501
15,Mos7mIoNK4avGvlS,1745156046000,9,1745156046000@PWAMos7mIoNK4avGvlS,6d3615bac287f52d3bde0acc71490193d8d1635e084501e2c5ae75c4274ed488afd82b9647e14ff339fd3002fc21e6ce
7,MoRUWfgv82jgPd3T,1745176468000,15,1745176468000@PWAMoRUWfgv82jgPd3T,c9515b8c040d4c3e4b1c40de5544155ca273b78fe8133fdb0f09ee4c5a33ac3cc9f3940a0b1b83bcc7a7bf75258bf3bd
1,Mos7mIoNK4avGvlS,1745167449000,12,1745167449000@PWAMos7mIoNK4avGvlS,da870fdc814b186ccb3382e2d9c38051fd8a13a046a47676fd14066418982912f61d2c83b6b7e90f4b6ba9a9a36e74f8
11,MoRUWfgv82jgPd3T,1745187742000,18,1745187742000@PWAMoRUWfgv82jgPd3T,60fde6544b2c3a9a736a86748a9435298c74331782656c40a702e70df2431da1a0cd9dedbab3aaea3fe7808ab8a0ca11
13,MoRUWfgv82jgPd3T,1745168791000,13,1745168791000@PWAMoRUWfgv82jgPd3T,724800385a3dc2c9e1fd8866e86dae0a0ad0d40a5cfa3422ed81046e9ac3479187b9320c2b97e3145744a060f7f9bc4f
2,lWCK205bclZHHIVe,1745177997000,15,1745177997000@PWAlWCK205bclZHHIVe,72fb176800f43d39a9bf9d43dc38ec018abc711ecbc8a91c219cc83c63d162a51fcf0bab9468a383be69901f231e6b81
15,H99gdk4e90cz0zTP,1745170772000,13,1745170772000@PWAH99gdk4e90cz0zTP,ae714c4a66f75c47c473cbe92faabb3413cf4c8be86aeabc82b906d887e57576fc900d5fc1a100ea70521807d9f461b8
6,Mos7mIoNK4avGvlS,1745154884000,9,1745154884000@PWAMos7mIoNK4avGvlS,ee0a10df7729d077949b711ea46874f5acc899c71f3501aa042c1fd308d6ecf10f0d53fa6480d60c930a46a89d79c044
2,H99gdk4e90cz0zTP,1745156539000,9,1745156539000@PWAH99gdk4e90cz0zTP,0b88f489c181db3dd610bb3cfa9ab7940d2182edb17126f130a2a039d52411ffe13942b89a9f46cc5e270f5015fe5f2c
19,H99gdk4e90cz0zTP,1745121889000,0,1745121889000@PWAH99gdk4e90cz0zTP,00ad74f35b2bb406e7f5eae98c41065f2ff76bd1708d518417e022205480613b0b49be109f1ee46421dd9f017e6658f2
20,lWCK205bclZHHIVe,1745164081000,11,1745164081000@PWAlWCK205bclZHHIVe,380b3a9d5d6108ba1db2948523d4b62fa0c9fe542be7b7ec690ea53e75ffaef25de6b0ab81bca422d12bde785b1a2b61
12,Mos7mIoNK4avGvlS,1745170244000,13,1745170244000@PWAMos7mIoNK4avGvlS,857080b45fec774dac4b0dbff35726fa7f7b86e4aef967f6fa23cb050cb4308307c7706bdaeca0f65fd0c3b86327e71c
15,H99gdk4e90cz0zTP,1745181990000,16,1745181990000@PWAH99gdk4e90cz0zTP,6263ee41e5489b7af50626c0b9cee0336b34b45cf40741d31e694f8b0c3fccebe04de23225cce523dd238ff6bc08be57
18,lWCK205bclZHHIVe,1745177467000,15,1745177467000@PWAlWCK205bclZHHIVe,2cebf186124507a6d7be5db11a3560ddbbab76f4b90774af9c8eafa2bd4738bdfdb25abdc1a43e05d64289201bb4ddf4
12,lWCK205bclZHHIVe,1745167665000,12,1745167665000@PWAlWCK205bclZHHIVe,088b1ce4f132935442239cca55b012ab2cec2863b3d3f0f50aa60de1bebd4e87cac84eedc60d7e3bbd1f143735647d27
7,lWCK205bclZHHIVe,1745139061000,4,1745139061000@PWAlWCK205bclZHHIVe,b2edb39c4da81f03a428c31c2b42f2625f0e1400be8d034e1ed6b308f0e7527b3dda7ae9f3dfeae9bae3dca4ea173b43
12,Mos7mIoNK4avGvlS,1745153631000,8,1745153631000@PWAMos7mIoNK4avGvlS,b87f0f051ba3f8c4a4052bcc1f71e1b00629197c40aadd7c1f60f96f86a68f4b529f580aef688b2e3171c7bc625059c4
5,lWCK205bclZHHIVe,1745199681000,21,1745199681000@PWAlWCK205bclZHHIVe,b8d3ff9cafa5de52a3d3b7ba570008bb5c2e0de090927eaa15d9333b08645466b6d4dcbbb3b68763dca5fc0f9d0d8602
6,MoRUWfgv82jgPd3T,1745170326000,13,1745170326000@PWAMoRUWfgv82jgPd3T,9e58e94324cd532786ee9da424d1fb9d29dc3e68eac8843fbcd3f88118b2f0fe3a92ca3d1ff9e848d87f64c0ece51890
14,Mos7mIoNK4avGvlS,1745192093000,19,1745192093000@PWAMos7mIoNK4avGvlS,5a5872c9edbc88c8c7287bc412a0cd655f03700f163778fa3e9ca9ed1a45a556900a21def7ccbe19529e5b1fcf39a672
9,lWCK205bclZHHIVe,1745160288000,10,1745160288000@PWAlWCK205bclZHHIVe,e1b63aefaf0220ccfb0925db24679a5c49c1259dbe70a7b980aeb9a1d38a0807a267a549622ee70d1955bd4846a167cb
17,9R04ZA4ZZYUeRcWE,1745123856000,0,1745123856000@PWA9R04ZA4ZZYUeRcWE,c035fd4e8a07d239c549451eaff84af33e471864678452b09cbfa19014e900bada7795902ae6f321d12197f7a5d0f16e
11,Mos7mIoNK4avGvlS,1745162430000,11,1745162430000@PWAMos7mIoNK4avGvlS,912f68a690e2d988e0ecc100a65461268a7d4e0d1dfd14b18f74345d6a9013717c8a174c24b0842f47e0011651a04e1a
1,lWCK205bclZHHIVe,1745169828000,13,1745169828000@PWAlWCK205bclZHHIVe,226395d3d3efdc19cb0d492e2bd3e163e5a39b5ea5a322cc61d99c8d713d3efec3c8c8e6a5524ff2770272e98c97c8c8
11,MoRUWfgv82jgPd3T,1745154664000,9,1745154664000@PWAMoRUWfgv82jgPd3T,d826b6a6db15464e9cd04bc07326a482ddfc3e35914b4c29e33529203acb8b2629f2637bbe4e8feb7b2bf6ee2a5b61eb
10,H99gdk4e90cz0zTP,1745180314000,16,1745180314000@PWAH99gdk4e90cz0zTP,346764f23c9f30fdbe833fdf4537b21ede0478e51e46e2bd48d8bab432e4a0056c9e70944e13a3ae8d64013513070a35
10,H99gdk4e90cz0zTP,1745189297000,18,1745189297000@PWAH99gdk4e90cz0zTP,5c1e27fd0e9b3b1d545ec57bc666717346ab771bf17fee1237b1d8eaae57cbc08e4aee01a71849ad950108d9d071f716
18,9R04ZA4ZZYUeRcWE,1745174130000,14,1745174130000@PWA9R04ZA4ZZYUeRcWE,dccfc0d37133e70f06f67c58fe62aa3ad43942ce15fc045f1c654faea95a840905caa27eaa8fb42fa79de7d79ed8d987
6,H99gdk4e90cz0zTP,1745188551000,18,1745188551000@PWAH99gdk4e90cz0zTP,429348189ad06bbdc639c9737377df49817cd06dd5d770d086c67984cefc1f187af55bc98db979bcffe77b5d6ad189a1
16,Mos7mIoNK4avGvlS,1745181771000,16,1745181771000@PWAMos7mIoNK4avGvlS,c33f59a8bb318b27707c8618d9af2f98ed1457781b4c4a1194e46ee2a21dcdb85ffb8fc30cdb8644a0cd0a3623ec0a61
12,MoRUWfgv82jgPd3T,1745183046000,17,1745183046000@PWAMoRUWfgv82jgPd3T,ad714d24da7987b8c2c32d3916b0a1e69706f1d9d7cf3a2640796e2dd18aaf01e86ea37c170f86efc1d23eccace0d7b7
2,MoRUWfgv82jgPd3T,1745170744000,13,1745170744000@PWAMoRUWfgv82jgPd3T,89c891a9dc93852be88a524f44517776d215b073dfd3d95f20910cbb1972873eef895fa64ccb7c5f9a17d144060164c2
16,lWCK205bclZHHIVe,1745162480000,11,1745162480000@PWAlWCK205bclZHHIVe,780c3ce8cde08b7a69ae774481ddbcc44194d35563775dc4fd32862970d1bacfd9c124cf1ea7e5522262f32b37c502b7
3,H99gdk4e90cz0zTP,1745172663000,14,1745172663000@PWAH99gdk4e90cz0zTP,ec0d024e61eb78dcc24ef5faeb515d8847adfc0f05f72bc8bf3116f1238680578caefa79312ab253836e4322acd8e0c0
15,Mos7mIoNK4avGvlS,1745158416000,10,1745158416000@PWAMos7mIoNK4avGvlS,c338eed36e92fdf568826d9a7beb66d5961925299de2585758ef0da424c340e829230691f3d591375dc44932324bc4d2
11,9R04ZA4ZZYUeRcWE,1745151904000,8,1745151904000@PWA9R04ZA4ZZYUeRcWE,a55ce11afc32fdb68ae5fb1166aef63287b7aa927d60a17cba8115ec05d05b7e08b5de0a7d253041e03164b8a4c230e6
3,H99gdk4e90cz0zTP,1745146902000,7,1745146902000@PWAH99gdk4e90cz0zTP,e17e262d9ea101f4a292b6d49a6c5a20e6c0fd80131839b004ff384a64f3adeb7a98dfb263f68295557dbe04c8295d7d
17,MoRUWfgv82jgPd3T,1745181180000,16,1745181180000@PWAMoRUWfgv82jgPd3T,2e0798741b71d1dc85309c3892ee3f0b13a99953ad5ce88f620bce4c392c5a243ad888978f66a6a06842595a0a7c7a53
6,9R04ZA4ZZYUeRcWE,1745186130000,17,1745186130000@PWA9R04ZA4ZZYUeRcWE,9b98df3a620f00b2ee6e2c90ca8a23894859e83462c530452740c2af8adf3c6200cb962996fa0ec99d415bcbade8254c
10,9R04ZA4ZZYUeRcWE,1745181737000,16,1745181737000@PWA9R04ZA4ZZYUeRcWE,f9680c86c97f9fc2cc12fbc8f3e3ba791d06dd6371d41821cc757da5bc8f4ab2af22af35816c0a5fc5a5b7565c7c9946
3,Mos7mIoNK4avGvlS,1745149644000,7,1745149644000@PWAMos7mIoNK4avGvlS,98bb0d6572e370d3f2d2a1976abcf74af844beed270022611c29fa238f735648b62fca59e3e3bd17248f7552d6840ade
3,MoRUWfgv82jgPd3T,1745136933000,4,1745136933000@PWAMoRUWfgv82jgPd3T,5c371d7e4a4430913fcfe72be5ce92d7a916b0b7aa7b4573fcc721c7a5a8bd853941c7533ebe9488fbe0f8c1a3a68b76
5,9R04ZA4ZZYUeRcWE,1745163005000,11,1745163005000@PWA9R04ZA4ZZYUeRcWE,e2361cb85d0c508ed83ffba3ee7df0ec8e7de5e304ce2b84146c9ebd2881dff0124d299406df5b2724ee2ea8bbd72660
4,lWCK205bclZHHIVe,1745176292000,15,1745176292000@PWAlWCK205bclZHHIVe,950a0e94b2369cdd92dd88d5e00f849502d5d407b8338186fa598ea6434bb65296de98f1840fd4a460c188d66ccde776
11,H99gdk4e90cz0zTP,1745191354000,19,1745191354000@PWAH99gdk4e90cz0zTP,d93c7b6ce964328f407a841b583dea1f0ffc7239b826f1490a68ca62a5a7adb079898ef22041d8e05d5be99e2a549cc8
1,lWCK205bclZHHIVe,1745172354000,14,1745172354000@PWAlWCK205bclZHHIVe,18436043761a3f9ab99a99accbb2f1f589752f0d5c8c15f06e1dc784ebf1902ef036632881db2d4de0183f0b4cb414f2
13,MoRUWfgv82jgPd3T,1745179798000,16,1745179798000@PWAMoRUWfgv82jgPd3T,015ce0d77372928cfe1df9c375a61e9dfeab8d99fcd85191795add2df0f619b7ab25f32379fc087bb6faab709296a948
3,lWCK205bclZHHIVe,1745173683000,14,1745173683000@PWAlWCK205bclZHHIVe,817c1f1ffee71f7b93b04d0231011a0253341e880b277f902f00cb263a7c187170e75a63c43c6c1beb64f759b71197f4
19,MoRUWfgv82jgPd3T,1745177886000,15,1745177886000@PWAMoRUWfgv82jgPd3T,68d48c07feb4e426730a3454366718a685c9eba9f8568046ef9b927a4ad308873a411a6d48a4eda16a2af37e8f0f6bb0
1,Mos7mIoNK4avGvlS,1745167818000,12,1745167818000@PWAMos7mIoNK4avGvlS,27760d1ffbc79701893be4a46bd40468ab4e1f327caeede7b0c2d92b58e87ffdd489611bc55396f63b91e7856a67ca1d
4,MoRUWfgv82jgPd3T,1745145284000,6,1745145284000@PWAMoRUWfgv82jgPd3T,a8d28a9c5dc1bad0ce34ea6ff3de46a83773fc99ceccd5192f83254d8e11cd77c0635ad2b67f42685bf290b2c0676032
14,MoRUWfgv82jgPd3T,1745176954000,15,1745176954000@PWAMoRUWfgv82jgPd3T,5e1188f694ff80a1cdc769b8dfb709639141eb85c86e1e7d9cd8ef01df8ab22f4da7e14412052164cdde2fe329acd002
7,Mos7mIoNK4avGvlS,1745172558000,14,1745172558000@PWAMos7mIoNK4avGvlS,ddf52d1311dabcbc37d7c851ee68bc8230e62cd28f518d584ec7be095f48db5580def3d3d103982f33d61d00d00140b1
11,Mos7mIoNK4avGvlS,1745165093000,12,1745165093000@PWAMos7mIoNK4avGvlS,96458d2ca61cb3506e3856c909c1cf7c878bc6e54468f4006366557fbc477a5e12eb3da2b3ddd3d09d590ec39973c680
12,Mos7mIoNK4avGvlS,1745152085000,8,1745152085000@PWAMos7mIoNK4avGvlS,106c1ab9548e6c91eb388c2c8b0ccb56b17afafa86be67767b5b12cb55d192b2348f0b9b3d4a960334c8251308544943
4,Mos7mIoNK4avGvlS,1745171016000,13,1745171016000@PWAMos7mIoNK4avGvlS,8f91884a27a985e8ec856bd79a6cacc6d78a537df3372e198ac35c15b467986b2ff6842e2bc85d99254bb37c58be583e
7,Mos7mIoNK4avGvlS,1745172558000,14,1745172558000@PWAMos7mIoNK4avGvlS,ddf52d1311dabcbc37d7c851ee68bc8230e62cd28f518d584ec7be095f48db5580def3d3d103982f33d61d00d00140b1
10,9R04ZA4ZZYUeRcWE,1745160333000,10,1745160333000@PWA9R04ZA4ZZYUeRcWE,6d3d57816a4709c3b5b78e2f69fdd2ea855b1a116d1847a7ea2240609eef87c41f6a987c6a8ae241ef309e5618263d40
15,Mos7mIoNK4avGvlS,1745156046000,9,1745156046000@PWAMos7mIoNK4avGvlS,6d3615bac287f52d3bde0acc71490193d8d1635e084501e2c5ae75c4274ed488afd82b9647e14ff339fd3002fc21e6ce
9,Mos7mIoNK4avGvlS,1745193413000,19,1745193413000@PWAMos7mIoNK4avGvlS,d6cc2c07e7f790f5c0a0cca4d587a9dd684e6f6d1bb27ea2ab970e673430df7e9448d9304d9550169e48cc321128e77d
7,H99gdk4e90cz0zTP,1745150304000,7,1745150304000@PWAH99gdk4e90cz0zTP,546bec5bfc0120573b03f679ffc368b2b25da49af2ec067946336dfb96a1e2f19de7be713ece56ae0d2d3df31a812a60
10,9R04ZA4ZZYUeRcWE,1745175977000,15,1745175977000@PWA9R04ZA4ZZYUeRcWE,b7ad32ebe9135a1b29cf491be0f5909fe3aab4fe1123761931a6267516dd60c232a9258608776a77e4f4ae27a4ee7a42
9,9R04ZA4ZZYUeRcWE,1745181929000,16,1745181929000@PWA9R04ZA4ZZYUeRcWE,ad5a061044e352a18c9cebab290db693b237bc729e16842ea0b84e73d289d07783feee549408e69ee3f94b5ed4ebafbd
19,Mos7mIoNK4avGvlS,1745161284000,11,1745161284000@PWAMos7mIoNK4avGvlS,4c6c2f4600f76b441c9ba7dc1aa28eb4d348ea0e37cba7af4ba6dbb9cddd761ba8f1a44599a144d51065c442f6555901
18,MoRUWfgv82jgPd3T,1745176062000,15,1745176062000@PWAMoRUWfgv82jgPd3T,6acb890b2845b893bb381b206dc225c8d112864a12d1a756df109a4007df23f8dbbea41c5764bf421f672ed5e5f24e68
9,MoRUWfgv82jgPd3T,1745173503000,14,1745173503000@PWAMoRUWfgv82jgPd3T,20f36f7d5872f070fc2f1379d74f97ade3e119fdb9cc7e77d1a23ecc9f75de69b9bbed5eaf10c0ae37921ffce7f6d57c
5,Mos7mIoNK4avGvlS,1745185573000,17,1745185573000@PWAMos7mIoNK4avGvlS,8f09d635db74272411d5997ac16deaa968112647f92ec469c5122d7fff846dfba36df3205e9af7468987453fd0512149
10,MoRUWfgv82jgPd3T,1745162760000,11,1745162760000@PWAMoRUWfgv82jgPd3T,fe61c5f828307785c9c40bd979f1fd7b7d03458aa11db7b2b918275662f29ad5941a1ffd5337cf73a3b02815e8579d77
7,9R04ZA4ZZYUeRcWE,1745159009000,10,1745159009000@PWA9R04ZA4ZZYUeRcWE,21fa497cdffdaf63dbf3f56c7a07962ff10decebbc95467095e40bed310fc0af6f0c7293e1fd514594edfcb86f4f782a
7,Mos7mIoNK4avGvlS,1745165075000,12,1745165075000@PWAMos7mIoNK4avGvlS,3b1c3131709012637cc12d508ff11ecfebd102535b01f5e10a4fe350cb7362e6599a42b876022973f114f540968f1d9d
16,H99gdk4e90cz0zTP,1745165431000,12,1745165431000@PWAH99gdk4e90cz0zTP,14237b09cfa75925ebbddac38c22bb0da922d92e926280af2dcfdbc05292a3c9e90e6e91b541a6b7ae8c84aae7a94e82
11,Mos7mIoNK4avGvlS,1745163083000,11,1745163083000@PWAMos7mIoNK4avGvlS,7195fb0ff61574262a0463336d783b3cd3ec40568c9af0e3989a8bca9ca7f42aceb3bf3279c4325e3009429e84e04d12
1,H99gdk4e90cz0zTP,1745172767000,14,1745172767000@PWAH99gdk4e90cz0zTP,91b86533d3bc8c719ffe74b486567c6b96377007887b76a35b620e0cc394b53f6b9f13fe47e51875e51aebc53b28187a
13,MoRUWfgv82jgPd3T,1745183383000,17,1745183383000@PWAMoRUWfgv82jgPd3T,afafc305a5221cebec73fa6f7c3b9fa162d54a98f33ef7b896915607a58b103a61141c6b0367da9f74f0669632342125
9,9R04ZA4ZZYUeRcWE,1745167040000,12,1745167040000@PWA9R04ZA4ZZYUeRcWE,5d82277ba7660f71db53c8ed8f097554c6a97532ad83d79618d7f392fbb00f329828ce8e6305315158413d507a059d1e
20,MoRUWfgv82jgPd3T,1745143975000,6,1745143975000@PWAMoRUWfgv82jgPd3T,c3882a714652f698ff70d6e69560a691f5327ce0de63f45ebf670616968b3c0e2638f2cc61d6bfbecbd146962ee39a60
5,9R04ZA4ZZYUeRcWE,1745161782000,11,1745161782000@PWA9R04ZA4ZZYUeRcWE,65ec73aa765c7e55a95ee18ff63fc2c10c41f0e390b048ec36685bc4be473451e4326151733f351eb8beadf8dca898bd
7,H99gdk4e90cz0zTP,1745168592000,13,1745168592000@PWAH99gdk4e90cz0zTP,54a3ef34bf33694beb4ac4f6a5674c6b3baddd56ff836d8c85353a622e913f653926e60165f8e611f122cd1c6c7ff4d1
7,9R04ZA4ZZYUeRcWE,1745182268000,16,1745182268000@PWA9R04ZA4ZZYUeRcWE,229e7115500eda90569c703eb30ed917b8a6b3362a5380ece251908875bcadfb6a44b67c55f813f9862af962c7f8b65e
8,H99gdk4e90cz0zTP,1745158735000,10,1745158735000@PWAH99gdk4e90cz0zTP,8e9fe0136fbf4e73aefd0364e5920b47356b9f6f3d3c041a61f2fe52f32bc1ac84f9987b7bbc42639a729cc13ae63607
13,9R04ZA4ZZYUeRcWE,1745178894000,15,1745178894000@PWA9R04ZA4ZZYUeRcWE,96a52117b5808927baae7e1b817de690bd40e6d4dd434b84c1fb1f3d571d35fb786862f0f06ef5722c57eae3a2554a9b
6,MoRUWfgv82jgPd3T,1745154114000,9,1745154114000@PWAMoRUWfgv82jgPd3T,0bc0893490e7e257cd5b793c97b40272d4103d3bda41cc22f56668c5009d11e95e9f229a788e9edff45bbcc752f345d6
3,H99gdk4e90cz0zTP,1745166057000,12,1745166057000@PWAH99gdk4e90cz0zTP,a4fae6f02b0cb6f2ea0cbb95b3908fd969760e838a405c131f05f6ee1032e5986d122533a92e1d04d8c941674aa4fdfd
3,H99gdk4e90cz0zTP,1745172663000,14,1745172663000@PWAH99gdk4e90cz0zTP,ec0d024e61eb78dcc24ef5faeb515d8847adfc0f05f72bc8bf3116f1238680578caefa79312ab253836e4322acd8e0c0
4,lWCK205bclZHHIVe,1745166362000,12,1745166362000@PWAlWCK205bclZHHIVe,71f97ece5f1ef8b89253879a1fa41392906004492da7eb6d24fadfa0079d52c4e11ccce930babaf4812ac6a1d197b4df
18,lWCK205bclZHHIVe,1745177467000,15,1745177467000@PWAlWCK205bclZHHIVe,2cebf186124507a6d7be5db11a3560ddbbab76f4b90774af9c8eafa2bd4738bdfdb25abdc1a43e05d64289201bb4ddf4
10,lWCK205bclZHHIVe,1745144492000,6,1745144492000@PWAlWCK205bclZHHIVe,0d7ab9031d86a8ebd44a1ed115390e4954cd99528c914d5fc412e9a687b34263ea390593d089f5f367bbfd31bfba3f7c
3,9R04ZA4ZZYUeRcWE,1745165432000,12,1745165432000@PWA9R04ZA4ZZYUeRcWE,9bf0a1bf293c87c61bdacf3fcaa14a37bb16a333781dc38dca66f898471145176385a8f19443ad85107ff97ae13ba449
10,Mos7mIoNK4avGvlS,1745183835000,17,1745183835000@PWAMos7mIoNK4avGvlS,97cdc10bfd1a0ce99dff534453a3a6adc615433e497431477f9cbc4d17e85588ac37a14d19bbb0f22a1da407367a9ecd
14,MoRUWfgv82jgPd3T,1745176954000,15,1745176954000@PWAMoRUWfgv82jgPd3T,5e1188f694ff80a1cdc769b8dfb709639141eb85c86e1e7d9cd8ef01df8ab22f4da7e14412052164cdde2fe329acd002
9,H99gdk4e90cz0zTP,1745156561000,9,1745156561000@PWAH99gdk4e90cz0zTP,193f4b166216d961ee8a1658e9ce047e7d52b32b1264e68721b3983a41eab05f33b3082f10d2dd71f15c14d1b7fd14eb
10,9R04ZA4ZZYUeRcWE,1745160333000,10,1745160333000@PWA9R04ZA4ZZYUeRcWE,6d3d57816a4709c3b5b78e2f69fdd2ea855b1a116d1847a7ea2240609eef87c41f6a987c6a8ae241ef309e5618263d40
3,Mos7mIoNK4avGvlS,1745181336000,16,1745181336000@PWAMos7mIoNK4avGvlS,4f7ca911c083bb5c705ec82c490ca87de24a3cad7ab265750ab63f29911203334528b591bf512a0537010b46c2d7df4b
13,9R04ZA4ZZYUeRcWE,1745154904000,9,1745154904000@PWA9R04ZA4ZZYUeRcWE,b5a0b65bb90261b0bab3f12d0278205049d4c57c85aa8beab91a8806cb80879d2bccdfe210b9b75ea0087ed9ee93b046
16,lWCK205bclZHHIVe,1745160744000,10,1745160744000@PWAlWCK205bclZHHIVe,d01093f5734b57f686cb2a2e2574be4396c7b7e64e7ac34e9bfb6eacf76b7995076537462a2c4166e9a1bb287fbf78b8
13,MoRUWfgv82jgPd3T,1745168791000,13,1745168791000@PWAMoRUWfgv82jgPd3T,724800385a3dc2c9e1fd8866e86dae0a0ad0d40a5cfa3422ed81046e9ac3479187b9320c2b97e3145744a060f7f9bc4f
10,Mos7mIoNK4avGvlS,1745144348000,6,1745144348000@PWAMos7mIoNK4avGvlS,f34ac51a1e72f9b495fdf9d959dc8e1e0f1963edb33651f8fa5c86c3a840d4ccf3e0fe10999d8380b3ffc78c404501ec
20,MoRUWfgv82jgPd3T,1745150069000,7,1745150069000@PWAMoRUWfgv82jgPd3T,3a16492b65de91bc3c79b984ab938597b1c57df85ce021555774f2b77aab6da34c03807cd0c85482d49a997067167f48
5,lWCK205bclZHHIVe,1745163233000,11,1745163233000@PWAlWCK205bclZHHIVe,9bc17bfbd6a19e1adb79b6cab674d6d1ddda649c94a4655cf97ef2ae8c54d0ba2b138f56f648d1cf98aab029b53730d6
5,MoRUWfgv82jgPd3T,1745185084000,17,1745185084000@PWAMoRUWfgv82jgPd3T,faee02acb3a64b746c09b15c9196c680dacdd17e5aac2082fec23f79e502f104bca7ade0af5c31232d53094ed6229a5f
14,9R04ZA4ZZYUeRcWE,1745142667000,5,1745142667000@PWA9R04ZA4ZZYUeRcWE,bafe1e299256518ed7197feb69ca93a6d44f70289b21bf8ac44be26e6584db21a182b646c106d5afe17ca756b6fc5edb
16,9R04ZA4ZZYUeRcWE,1745168376000,12,1745168376000@PWA9R04ZA4ZZYUeRcWE,61067af05255891652fae77e826885afb72c3a0aae475c55f1e17193d11213dd4eb9687d5f21580cc00666b7e2a034b4
13,MoRUWfgv82jgPd3T,1745168791000,13,1745168791000@PWAMoRUWfgv82jgPd3T,724800385a3dc2c9e1fd8866e86dae0a0ad0d40a5cfa3422ed81046e9ac3479187b9320c2b97e3145744a060f7f9bc4f
13,lWCK205bclZHHIVe,1745160140000,10,1745160140000@PWAlWCK205bclZHHIVe,99fe7c6997a0ea3bcc4edb4f1c3097568951d35a00ba7488ce27b80c0d171cc8bb06c0087ee8319babcd5f0c8c858c36
17,Mos7mIoNK4avGvlS,1745181105000,16,1745181105000@PWAMos7mIoNK4avGvlS,7153895249ab143d811be2eec88ce1d7aba84f0c0c933f893085ec17cca74110e9c01ea2d5836739deb9f3b85191138e
11,Mos7mIoNK4avGvlS,1745154115000,9,1745154115000@PWAMos7mIoNK4avGvlS,cc4df2f545ee2e8eb968de224e36988775ffabd07f63b569b4c4ebd7a888c4c5ca945af7a4bcffba7e3323c687ed0340
19,lWCK205bclZHHIVe,1745170913000,13,1745170913000@PWAlWCK205bclZHHIVe,aaee20ef55215232c13c5dfb0bb43ea4b8135f9b9320f6e0658eab97aeb307bf2b3a0a9bea7adaca0a7aa4d5285a3514
11,9R04ZA4ZZYUeRcWE,1745178392000,15,1745178392000@PWA9R04ZA4ZZYUeRcWE,aa0a8aca1859a21fcc1f08f761c69728e24d67bd6e140ec4d00675896d86dace8be6bc2801fd34499404ef1a2902a68d
5,lWCK205bclZHHIVe,1745187167000,18,1745187167000@PWAlWCK205bclZHHIVe,57d64f8d6a244f07c21388f217717b27e502f0aee5f6b189c3dd5a2e2e4dc8ba718e71a2d6e2e4f8660ce9333da6245a
9,lWCK205bclZHHIVe,1745160288000,10,1745160288000@PWAlWCK205bclZHHIVe,e1b63aefaf0220ccfb0925db24679a5c49c1259dbe70a7b980aeb9a1d38a0807a267a549622ee70d1955bd4846a167cb
15,Mos7mIoNK4avGvlS,1745158416000,10,1745158416000@PWAMos7mIoNK4avGvlS,c338eed36e92fdf568826d9a7beb66d5961925299de2585758ef0da424c340e829230691f3d591375dc44932324bc4d2
6,H99gdk4e90cz0zTP,1745153444000,8,1745153444000@PWAH99gdk4e90cz0zTP,d6438e852b8017e6cbcb7b990436bd2bbbfafcc72a2ad714607dd068a08ef016a8f635a064a5b86aca72203ad423ca7c
15,lWCK205bclZHHIVe,1745167780000,12,1745167780000@PWAlWCK205bclZHHIVe,6c817a6ed627143bdef370b02cd9319db924d4569734187f289e515460e307feb744e23fb9a52b8f36e47c5b9eb40f25
20,Mos7mIoNK4avGvlS,1745157150000,9,1745157150000@PWAMos7mIoNK4avGvlS,8fcfd7122ce1a7712d79896a457c68d925f5637e9630cc0be760bf4e2d3b24e5c373452863722ff356a6283015853ba5
6,Mos7mIoNK4avGvlS,1745170591000,13,1745170591000@PWAMos7mIoNK4avGvlS,0b66ca4252462f19481f056445700a0ead9e5b800a41a22a76a9aa622115c93e10a7fe9baf8ec54f87c9fa956b3f2d85
7,H99gdk4e90cz0zTP,1745189445000,18,1745189445000@PWAH99gdk4e90cz0zTP,84cbfa7891c022a4a42c43f3f41af0dd70d17b39e1700a5df09138cbe43f08f9bb47742ee7f83633bd9ac211d6812302
15,MoRUWfgv82jgPd3T,1745200954000,22,1745200954000@PWAMoRUWfgv82jgPd3T,67e06381139da97e85198a5f7bfb44e49433f5d7f02303edf8bbe737bfe9e680682b65b69b450b8d3093d11647032323
18,Mos7mIoNK4avGvlS,1745181364000,16,1745181364000@PWAMos7mIoNK4avGvlS,d57e5180095ae944bdb48d404347020f1a962c1f6bfcff474501ffb389df00a648da51071f959b994dbf62d0a83c83cf
12,MoRUWfgv82jgPd3T,1745153900000,8,1745153900000@PWAMoRUWfgv82jgPd3T,ac670738c6b43e34d782c4af11bbd520ed360e40862fae8d1a666cb8f660472861a076f72cacd89971ba12dab97fb0bd
7,H99gdk4e90cz0zTP,1745161215000,11,1745161215000@PWAH99gdk4e90cz0zTP,a8aa7df2518db7a6d6352e86cd67d9405fcf172e50061ce00fb7671329f09d2ec63d3ff4fc3d5057b7c8ae971259e4e7
7,MoRUWfgv82jgPd3T,1745175877000,15,1745175877000@PWAMoRUWfgv82jgPd3T,6eb2978b187b03a2d0f8e4365b07c85538c5251216a7e852b8444b139e96c8aa1ade80777380f2517a0af7125dba086f
3,lWCK205bclZHHIVe,1745186262000,17,1745186262000@PWAlWCK205bclZHHIVe,2a81e259c8c49f6cb32e3897dadc6838f602e1aa7363ef199a16d8a9762df81e6f6e591dc1145d084f5403302481f1ea
20,lWCK205bclZHHIVe,1745138061000,4,1745138061000@PWAlWCK205bclZHHIVe,47b2396cd33fa1b635a448bd06545c7dc51dc21645e4fedc27a5d5eed7b2e7ed5deca69d48b9e9dc1a6b6676c487eb6e
2,H99gdk4e90cz0zTP,1745165758000,12,1745165758000@PWAH99gdk4e90cz0zTP,dc149f5b376d96446fe5707fc4e02447e854cd260b840e6bf40cf1fd7e2a4cf0ff2a2dfcf18c77bc0a6fea1f5dd074f4
19,Mos7mIoNK4avGvlS,1745150422000,8,1745150422000@PWAMos7mIoNK4avGvlS,65d5ab4ddaebaef3fefc15184c5a0b45d93e8d8598649f067bcab81ab44815f85005938784e57f8bfc28ff9fe68f7418
15,Mos7mIoNK4avGvlS,1745176953000,15,1745176953000@PWAMos7mIoNK4avGvlS,f7a11fbc2795c42b2e09eb8bee5e1666663d9d707e6a92354149d937b67727ffb2cdbd21992412c96377d9db8937af31
1,Mos7mIoNK4avGvlS,1745162523000,11,1745162523000@PWAMos7mIoNK4avGvlS,41f927e8ae99130af4a1e0a7b3f42e167a62714e1944f1959d36f532b0a31cc067742301bc2ee2638eda72edaacb3ca5
12,H99gdk4e90cz0zTP,1745197227000,21,1745197227000@PWAH99gdk4e90cz0zTP,02acaf750ea1cf372a900bd8d1e3957b3312742043c7b914049d161cf90a95024c465970fc94779a20dbdfb0a05bc38b
13,lWCK205bclZHHIVe,1745162622000,11,1745162622000@PWAlWCK205bclZHHIVe,8a9007272020543bff0f54dc661f6046aefed18b0a6b9493cc832b70079e9e1b34f76ab98f121d8dbd12f87a76945c63
19,Mos7mIoNK4avGvlS,1745160128000,10,1745160128000@PWAMos7mIoNK4avGvlS,31fd85f0a22ca0787dc1e908ef500b416fc8e1a7fc014030acd944d3ae9f8b895c36f3f3d538c14598bd00c9a8107852
20,9R04ZA4ZZYUeRcWE,1745156912000,9,1745156912000@PWA9R04ZA4ZZYUeRcWE,4094cb418285fadc52228b7cc987b3b272b285ffad99eb7808bcf62405da7a3102b75e377e07b032f9f035a77d33322c
19,9R04ZA4ZZYUeRcWE,1745181272000,16,1745181272000@PWA9R04ZA4ZZYUeRcWE,9d04f023d754e9a6404d736c592b133f0a46458dcde87307f58456840e05fa56813c324759eefce6cc3d8c34a07abdbf
20,9R04ZA4ZZYUeRcWE,1745156912000,9,1745156912000@PWA9R04ZA4ZZYUeRcWE,4094cb418285fadc52228b7cc987b3b272b285ffad99eb7808bcf62405da7a3102b75e377e07b032f9f035a77d33322c
17,H99gdk4e90cz0zTP,1745145552000,6,1745145552000@PWAH99gdk4e90cz0zTP,a9f845c87ad7e95061ac252adfdfac265e096e7ff8e4d51bfc748d641d145c2e4ede625976acdc1f9ce6782a259079af
5,Mos7mIoNK4avGvlS,1745185573000,17,1745185573000@PWAMos7mIoNK4avGvlS,8f09d635db74272411d5997ac16deaa968112647f92ec469c5122d7fff846dfba36df3205e9af7468987453fd0512149
10,9R04ZA4ZZYUeRcWE,1745180845000,16,1745180845000@PWA9R04ZA4ZZYUeRcWE,194d12fe99119dba6b00aac43237e5a0f7be0425c2048b5e4135c40e175082f871a4f795028af98fd15d5c40b3e7eb53
10,9R04ZA4ZZYUeRcWE,1745180845000,16,1745180845000@PWA9R04ZA4ZZYUeRcWE,194d12fe99119dba6b00aac43237e5a0f7be0425c2048b5e4135c40e175082f871a4f795028af98fd15d5c40b3e7eb53
7,H99gdk4e90cz0zTP,1745171935000,13,1745171935000@PWAH99gdk4e90cz0zTP,399e6f94d7853dcbfe4bee125ec1c34bcc3564791031a4d05b41ca93ac929a30f8a90dad153b8976eac21da844037c9a
3,lWCK205bclZHHIVe,1745192235000,19,1745192235000@PWAlWCK205bclZHHIVe,b3dbf3b447274479898a6d6047a94620c4e3bbe817fbb6acd91b73aa1b4280f64f4ff993355dc2ed4e007d193fa4c761
2,lWCK205bclZHHIVe,1745177997000,15,1745177997000@PWAlWCK205bclZHHIVe,72fb176800f43d39a9bf9d43dc38ec018abc711ecbc8a91c219cc83c63d162a51fcf0bab9468a383be69901f231e6b81
4,Mos7mIoNK4avGvlS,1745173634000,14,1745173634000@PWAMos7mIoNK4avGvlS,14fd38a2bad1379d45eb23bd2f7ae248110895bf219a6b2d640afb9b28eb80831113ed626afdc46422460876ec4ef8ea
1,9R04ZA4ZZYUeRcWE,1745192830000,19,1745192830000@PWA9R04ZA4ZZYUeRcWE,5e06b8c6f6dcbabae9840bfbc30d4ba3b4c3558ebbbd56893cec9b3f3ca7d93f4153c21ce6fd64fd11b6590662945756
2,lWCK205bclZHHIVe,1745159694000,10,1745159694000@PWAlWCK205bclZHHIVe,f2f8171e405c279829cc9b16c1a717b99e21a8cdcb6cda0a8b655c6d19039b39d4b3908d32b71d4f6ae47c690699fbd5
9,lWCK205bclZHHIVe,1745156384000,9,1745156384000@PWAlWCK205bclZHHIVe,424dea5567ecc0110c5a2eb20932295823a8866ed0fc307a4b125074aa8980d6f5938705237aa79fde58e8084a83bb96
11,lWCK205bclZHHIVe,1745147398000,7,1745147398000@PWAlWCK205bclZHHIVe,d891971a2e97d933ed5792de79ce672d75af2a04d1ea9c23842b0bf725c6b69cfedbc7885c3f34432b49947d9daea6e1
8,MoRUWfgv82jgPd3T,1745180570000,16,1745180570000@PWAMoRUWfgv82jgPd3T,ba2dc33506c6794b203df41d9edbd87ad24a1c6c6d5d57b8d95f10a5aa9075e32218d31d8f260845867c8071e08c989b
1,9R04ZA4ZZYUeRcWE,1745165841000,12,1745165841000@PWA9R04ZA4ZZYUeRcWE,fef54bfbdaeb24d4795ed0927effb879ce5dd6bafe394a11bd1477818a626a906ef5dd720dae109b1a4617cda759df55
6,9R04ZA4ZZYUeRcWE,1745186130000,17,1745186130000@PWA9R04ZA4ZZYUeRcWE,9b98df3a620f00b2ee6e2c90ca8a23894859e83462c530452740c2af8adf3c6200cb962996fa0ec99d415bcbade8254c
11,9R04ZA4ZZYUeRcWE,1745161489000,11,1745161489000@PWA9R04ZA4ZZYUeRcWE,73083cc95cf9074039d1b23d1e8da98fcad5ae5fd8b4aa19981bc2b149043e7462107d1c97501c14c524b38b0236a147
18,9R04ZA4ZZYUeRcWE,1745174130000,14,1745174130000@PWA9R04ZA4ZZYUeRcWE,dccfc0d37133e70f06f67c58fe62aa3ad43942ce15fc045f1c654faea95a840905caa27eaa8fb42fa79de7d79ed8d987
4,lWCK205bclZHHIVe,1745176292000,15,1745176292000@PWAlWCK205bclZHHIVe,950a0e94b2369cdd92dd88d5e00f849502d5d407b8338186fa598ea6434bb65296de98f1840fd4a460c188d66ccde776
17,lWCK205bclZHHIVe,1745168848000,13,1745168848000@PWAlWCK205bclZHHIVe,8b6f6a11b589800a3f9a0e3fddf7c9b4885e92b45eaaba147d17fac6f41d2da67d9a83608864b6df0270ac28dbeb8145
10,lWCK205bclZHHIVe,1745154109000,9,1745154109000@PWAlWCK205bclZHHIVe,225b4468726c27788ae77ba3793aab34c60e45606269f155a3e73ac330fef64bfa035825c5fc7d166efd3a4314ba2d3d
17,H99gdk4e90cz0zTP,1745157644000,10,1745157644000@PWAH99gdk4e90cz0zTP,9cbab689efe4feb8b1aab708f7febd2c050ba5ef56a6e009e250bc7f1d9b1b3963278337117d761020e17d5b90245428
16,lWCK205bclZHHIVe,1745182929000,17,1745182929000@PWAlWCK205bclZHHIVe,322d9149832a39353e82469736e5374fd91d7a5e28181104fecb3a034b0e036657099ff1d6022ff5f798aa3236fd1453
16,lWCK205bclZHHIVe,1745182929000,17,1745182929000@PWAlWCK205bclZHHIVe,322d9149832a39353e82469736e5374fd91d7a5e28181104fecb3a034b0e036657099ff1d6022ff5f798aa3236fd1453
4,Mos7mIoNK4avGvlS,1745162804000,11,1745162804000@PWAMos7mIoNK4avGvlS,db04029829912321833e850c97cf1397e6103d6838e90a5a43afab17d63a185c9723ff9e1a0accef9c68a6c4538aa3eb
5,lWCK205bclZHHIVe,1745192051000,19,1745192051000@PWAlWCK205bclZHHIVe,d560230b19e7d0e3fc8752f2618af5fa914731064c159de95c50eb9bace429941c504145c54cc1a67a398d763036fe12
16,MoRUWfgv82jgPd3T,1745160410000,10,1745160410000@PWAMoRUWfgv82jgPd3T,9256c817de91cedb5d020ef1770e8b1fea0c0fd1dcc5e8c9cc7ac7cfba7a1d0265d6bc51b7ab4885de86fe2c2f5aa5a2
1,9R04ZA4ZZYUeRcWE,1745172983000,14,1745172983000@PWA9R04ZA4ZZYUeRcWE,e4f8ba4f9895125229e661fcbd0aeed507ff883b1ba1bf0590938aa3300cb3261e86f45b109eaf35984c0a6ce5a13e02
9,9R04ZA4ZZYUeRcWE,1745181929000,16,1745181929000@PWA9R04ZA4ZZYUeRcWE,ad5a061044e352a18c9cebab290db693b237bc729e16842ea0b84e73d289d07783feee549408e69ee3f94b5ed4ebafbd
19,MoRUWfgv82jgPd3T,1745124788000,0,1745124788000@PWAMoRUWfgv82jgPd3T,1f02fbc68eb79465da628d7eaed1a3a1c8acb365bd903cdd2a3c1b0312a164f20bf804b761fc3bed3459bfe2082255a3
16,H99gdk4e90cz0zTP,1745176359000,15,1745176359000@PWAH99gdk4e90cz0zTP,99ac2511770caa007c9a823e8686ef9160f58631862ba3a3ea8fc1cf71de8f386d9c467208a71bb5b0b9b8b025d97a61
4,H99gdk4e90cz0zTP,1745158450000,10,1745158450000@PWAH99gdk4e90cz0zTP,fca0bd203cd1150f18b025cf7b590e62dd9c0f1e27d32347aec4237f069048a23cbdde5760f1f4f2e5600f04c48f0c20
1,H99gdk4e90cz0zTP,1745154449000,9,1745154449000@PWAH99gdk4e90cz0zTP,927d882404591261fabb43892fd1ade79d680268067384f00ad77e838cee17f2529a9956f18ff9972053cdb63cce00e4
10,MoRUWfgv82jgPd3T,1745170210000,13,1745170210000@PWAMoRUWfgv82jgPd3T,7d7d7e05476a667f44f8314fabbe7640a7c1858c5a41f371a1eb3c6425b55b44e538f0506935c956c53f9785ca002da1
7,MoRUWfgv82jgPd3T,1745176468000,15,1745176468000@PWAMoRUWfgv82jgPd3T,c9515b8c040d4c3e4b1c40de5544155ca273b78fe8133fdb0f09ee4c5a33ac3cc9f3940a0b1b83bcc7a7bf75258bf3bd
20,9R04ZA4ZZYUeRcWE,1745177651000,15,1745177651000@PWA9R04ZA4ZZYUeRcWE,025896e2ca5d3e94e8ed2ec7bc1a944d7de98f45484517ead4b7f4d030a9fe3c90414dfbe0cb16c86d8ce2d4f21cfd4c
12,Mos7mIoNK4avGvlS,1745153631000,8,1745153631000@PWAMos7mIoNK4avGvlS,b87f0f051ba3f8c4a4052bcc1f71e1b00629197c40aadd7c1f60f96f86a68f4b529f580aef688b2e3171c7bc625059c4
19,9R04ZA4ZZYUeRcWE,1745155679000,9,1745155679000@PWA9R04ZA4ZZYUeRcWE,91a59997ec638b22728bb3dd3974b0901036dd6fe62ea80c9ff257c71f04b96d1ae989b97cbe8397afe85555bbb91a8c
17,9R04ZA4ZZYUeRcWE,1745185636000,17,1745185636000@PWA9R04ZA4ZZYUeRcWE,4c9a8796a76416455f91815ac253c53cd8ba98359b1759d36d99eaff09781de9fcbf9d7d6dfe9535f22eef2316f7cc71
9,9R04ZA4ZZYUeRcWE,1745158328000,10,1745158328000@PWA9R04ZA4ZZYUeRcWE,af00204a5a3cdec83a5eec1caafee3b29472ae9ef6fa9fd70fd93717cbb3bdb86d11cbb4203e9b46ff7e12bc968cad0d
10,H99gdk4e90cz0zTP,1745154689000,9,1745154689000@PWAH99gdk4e90cz0zTP,4234d032ae68a5d52aaf401515dca712f5996179b6c069bce74ce50158637f5b10c97b8eae18d4bee36a729ebe62da89
14,Mos7mIoNK4avGvlS,1745142946000,5,1745142946000@PWAMos7mIoNK4avGvlS,c348809b0f35f2d60e52870e0299c26c25cbd5e78da330f6e8ba75336f97b291b6153d57c974b4cb78286593ca7d4b92
8,Mos7mIoNK4avGvlS,1745176944000,15,1745176944000@PWAMos7mIoNK4avGvlS,d68eaab10231b67ba672d9a9e5c815cfe4405a2b9673864f618edad2d5b6ff2ef17c4104be75edc6e13be667ea10d376
18,9R04ZA4ZZYUeRcWE,1745192621000,19,1745192621000@PWA9R04ZA4ZZYUeRcWE,bbf5e950c36710cf651472cc64667d2cb4d0d62ef1d35f46d1796e9a46408fa1641304ef7542d83bb0a13ec4f607dc21
4,lWCK205bclZHHIVe,1745124345000,0,1745124345000@PWAlWCK205bclZHHIVe,5d899f67bca8465a47fd28b30e1df57fe9aaf213d4bad3dee03903464fef7731127fe0eaf238e12c2c35e49a1756f6ac
5,Mos7mIoNK4avGvlS,1745201743000,22,1745201743000@PWAMos7mIoNK4avGvlS,55a20f22d2c26566386086ac75e0e1058089a5cd967774a4439b5d8990d66c0d26c140a0a41131f741cfa937c779e25d
2,MoRUWfgv82jgPd3T,1745169473000,13,1745169473000@PWAMoRUWfgv82jgPd3T,1d163294089fd4a4b4d69838650b910b3a684e45e2a2a72e5ba79e5aca99dcc1dc996dbbdccfdf20bacf1e94c238b34c
10,Mos7mIoNK4avGvlS,1745183835000,17,1745183835000@PWAMos7mIoNK4avGvlS,97cdc10bfd1a0ce99dff534453a3a6adc615433e497431477f9cbc4d17e85588ac37a14d19bbb0f22a1da407367a9ecd
5,Mos7mIoNK4avGvlS,1745185573000,17,1745185573000@PWAMos7mIoNK4avGvlS,8f09d635db74272411d5997ac16deaa968112647f92ec469c5122d7fff846dfba36df3205e9af7468987453fd0512149
10,Mos7mIoNK4avGvlS,1745183835000,17,1745183835000@PWAMos7mIoNK4avGvlS,97cdc10bfd1a0ce99dff534453a3a6adc615433e497431477f9cbc4d17e85588ac37a14d19bbb0f22a1da407367a9ecd
8,H99gdk4e90cz0zTP,1745206895000,23,1745206895000@PWAH99gdk4e90cz0zTP,abeaad2f6ef73a46d946872408ed6465369d46686cd5799ea71c20c7b3cb8d34e9f8ae105d1a12c6dc910d97ee233537
3,9R04ZA4ZZYUeRcWE,1745163093000,11,1745163093000@PWA9R04ZA4ZZYUeRcWE,d1780edde1e3f5be6c615ddf70a3f3f84859450086eae459678b45b09ff7689b6bcc8dea881a47675aa49f98aa516cf5
1,lWCK205bclZHHIVe,1745191421000,19,1745191421000@PWAlWCK205bclZHHIVe,85ca7b2324a503b59e7c32f319281006a0856f337f9c39cdf3203abdf62908575db816ddb34be732fec7473e03527bdf
15,H99gdk4e90cz0zTP,1745194396000,20,1745194396000@PWAH99gdk4e90cz0zTP,1211d22c55d7073bf73c9824008cef97cdd0b636d9357a4778ae512f5093a2d1227d5e69eaeb4afcf2f4670e1ea74a42
7,H99gdk4e90cz0zTP,1745167850000,12,1745167850000@PWAH99gdk4e90cz0zTP,fa91b918a8b675f06b860e2adac22f8a80d9df277f56a753e7b0345ec7f6c41158c704aeaf2c3f3a53477dc8da7cc84b
16,H99gdk4e90cz0zTP,1745163483000,11,1745163483000@PWAH99gdk4e90cz0zTP,03234bd48607fe664c5e5bad6fde7db41bb4643ab1772bc75105543d9618d12a63b0289862c6bcba1c767e10d36cd703
8,9R04ZA4ZZYUeRcWE,1745150632000,8,1745150632000@PWA9R04ZA4ZZYUeRcWE,7972d8c1b2241f7b9abf7997a9f5d5efd32a3cb8ce360456aff63633d74b494d066fa81e951094e4cf50985189a2bde8
19,9R04ZA4ZZYUeRcWE,1745172448000,14,1745172448000@PWA9R04ZA4ZZYUeRcWE,2c4f64a22b9aae0593dfe7806161bf40c2f59ed91ae2e328e152f8c1200b13a4a2797219d314aca730c853a893b7b6b5
2,H99gdk4e90cz0zTP,1745188236000,18,1745188236000@PWAH99gdk4e90cz0zTP,3478c10351e5973f29c0cf71e27a0a42d38f93de18847df34b5a1d1db07373fad919c15405ad3ef5448e5cf0669072fb
12,lWCK205bclZHHIVe,1745185112000,17,1745185112000@PWAlWCK205bclZHHIVe,ea5884499ff0dcd22b33616eb6ebca2c4fe7400bedf29afddb4fae82f415abd529575b33a73c7989f9aaf7da8e9fb9c8
1,9R04ZA4ZZYUeRcWE,1745178202000,15,1745178202000@PWA9R04ZA4ZZYUeRcWE,649a9d0a791ba93877b12cab8128fa74480b3acc59aad1399c5e758b2e46816224cd329f4e1346353788aadd637c1103
2,Mos7mIoNK4avGvlS,1745206708000,23,1745206708000@PWAMos7mIoNK4avGvlS,a915f9ecc736828d8dfe4a83fe4b49606b15a79232ab4234de94d680f6d54437c3b2e7f1d9780ace59c0b9026bdbf214
2,9R04ZA4ZZYUeRcWE,1745174638000,14,1745174638000@PWA9R04ZA4ZZYUeRcWE,87426b944cfd5e30f4d9de0c118b48f409a981f167a3b5e598d1c7edf84ba9a2d553c555239a4b5d0b884c55f8eebfb7
3,H99gdk4e90cz0zTP,1745154950000,9,1745154950000@PWAH99gdk4e90cz0zTP,e0895cbdedf31a392de90d0ea0ed76a04f19a9e6d4393e3d53bba07bef574170c757bd5ef33eabbd9819cbd5b59b2572
8,H99gdk4e90cz0zTP,1745158735000,10,1745158735000@PWAH99gdk4e90cz0zTP,8e9fe0136fbf4e73aefd0364e5920b47356b9f6f3d3c041a61f2fe52f32bc1ac84f9987b7bbc42639a729cc13ae63607
3,Mos7mIoNK4avGvlS,1745124256000,0,1745124256000@PWAMos7mIoNK4avGvlS,8737dac153bac961dc00b187d58d668d39dc1e5bbdef2a49ce59d70675760eae53638de56662e8bc5422f388fa6d3934
13,MoRUWfgv82jgPd3T,1745179798000,16,1745179798000@PWAMoRUWfgv82jgPd3T,015ce0d77372928cfe1df9c375a61e9dfeab8d99fcd85191795add2df0f619b7ab25f32379fc087bb6faab709296a948
8,lWCK205bclZHHIVe,1745168969000,13,1745168969000@PWAlWCK205bclZHHIVe,9a0d27761735636d2828863d21e3419dbbfe90c7e0056946de2287db717922a5ba2cd7b28da185f59fe543e3399b4a56
13,9R04ZA4ZZYUeRcWE,1745155718000,9,1745155718000@PWA9R04ZA4ZZYUeRcWE,78fef35f5bdebb12209ab030fdd62ec79add124095dd291f0133801d53c1c1f45d7be6252320da852f91671d61a716ea
16,MoRUWfgv82jgPd3T,1745172870000,14,1745172870000@PWAMoRUWfgv82jgPd3T,36a6a0b92526ac131bc402ed3161bfdce22699758c0bdaa0bceaa5e726a968c70f5db9622a6c75f51e56fa797eb00817
6,9R04ZA4ZZYUeRcWE,1745150877000,8,1745150877000@PWA9R04ZA4ZZYUeRcWE,ca7ca82450ff274f14c3d051a6f5e93f296d81303f84bb83f0b6264e9ec6c4b54cee0b001b85f390cbec6f4ebcbec0ae
3,MoRUWfgv82jgPd3T,1745169016000,13,1745169016000@PWAMoRUWfgv82jgPd3T,677d7bd026806d88aa5711563e7a0c6803c5f8ce39f3c03bedd775ee9a50ad2e361b3fafcdd0ec5c66c206bf8bbafb37
2,MoRUWfgv82jgPd3T,1745164962000,12,1745164962000@PWAMoRUWfgv82jgPd3T,6e462ce2102ca9bc393a313cf651d582aafa9954a5365f4bb6f8a226b5da57a9dc1f05163344253b7d3886daa527f4dc
20,lWCK205bclZHHIVe,1745176518000,15,1745176518000@PWAlWCK205bclZHHIVe,4cb2f06ef387bcc229c936e6fd6517e5aba5df647718585c604dba19ad885d175c96ef02a8212774456dfc9a2952f1e9
4,lWCK205bclZHHIVe,1745196836000,20,1745196836000@PWAlWCK205bclZHHIVe,8d179a653543275443a869bc4fc8fdeb5f6e2c09b689dcda8817fdda58bdd0e583b56a5c0f38646823406eddcc582d2e
13,lWCK205bclZHHIVe,1745162622000,11,1745162622000@PWAlWCK205bclZHHIVe,8a9007272020543bff0f54dc661f6046aefed18b0a6b9493cc832b70079e9e1b34f76ab98f121d8dbd12f87a76945c63
13,lWCK205bclZHHIVe,1745185085000,17,1745185085000@PWAlWCK205bclZHHIVe,4b85d60a8297e4346ac69bdf3a838f829d01c9c5fe476c2ae218011ca5be7fd455c79af07b2986053f1d11e358fc3f9f
6,lWCK205bclZHHIVe,1745193580000,19,1745193580000@PWAlWCK205bclZHHIVe,403c2b6b0cfbcd7cab3436cf8ef856ea1f80b6794d4e3bf421a98137ab0ce82f75887118bce77b9cebeec757c9259ef1
3,MoRUWfgv82jgPd3T,1745169388000,13,1745169388000@PWAMoRUWfgv82jgPd3T,76550cd1fbc8277c748ddffe2abd2904b60c70cd1396e8a0eb966cc08e36309bfee8fa1ed776ac35a40b7044bea7fa95
7,Mos7mIoNK4avGvlS,1745165075000,12,1745165075000@PWAMos7mIoNK4avGvlS,3b1c3131709012637cc12d508ff11ecfebd102535b01f5e10a4fe350cb7362e6599a42b876022973f114f540968f1d9d
4,H99gdk4e90cz0zTP,1745158450000,10,1745158450000@PWAH99gdk4e90cz0zTP,fca0bd203cd1150f18b025cf7b590e62dd9c0f1e27d32347aec4237f069048a23cbdde5760f1f4f2e5600f04c48f0c20
6,Mos7mIoNK4avGvlS,1745170591000,13,1745170591000@PWAMos7mIoNK4avGvlS,0b66ca4252462f19481f056445700a0ead9e5b800a41a22a76a9aa622115c93e10a7fe9baf8ec54f87c9fa956b3f2d85
9,MoRUWfgv82jgPd3T,1745151737000,8,1745151737000@PWAMoRUWfgv82jgPd3T,85564fad1ff811a06f5fc27b7e43adbaf8534ae4efb83bb3be466cb87a66c784ee4fdaa0505adf5f3c1ad4ef903ea531
15,lWCK205bclZHHIVe,1745167780000,12,1745167780000@PWAlWCK205bclZHHIVe,6c817a6ed627143bdef370b02cd9319db924d4569734187f289e515460e307feb744e23fb9a52b8f36e47c5b9eb40f25
3,9R04ZA4ZZYUeRcWE,1745158576000,10,1745158576000@PWA9R04ZA4ZZYUeRcWE,11caa20634e192eb0b64394a7d89bcc60954fc17a5fb600117ae60c7cf9ee8ae6896c262addd6555bd397b3cab038c78
18,MoRUWfgv82jgPd3T,1745176062000,15,1745176062000@PWAMoRUWfgv82jgPd3T,6acb890b2845b893bb381b206dc225c8d112864a12d1a756df109a4007df23f8dbbea41c5764bf421f672ed5e5f24e68
11,lWCK205bclZHHIVe,1745167344000,12,1745167344000@PWAlWCK205bclZHHIVe,be3eabf270b9ba850949b1577ebbfbee4f0af7f24929b1227c8b5e39085af66c50b6141af5962711a5aabcd1a8a15506
2,lWCK205bclZHHIVe,1745151241000,8,1745151241000@PWAlWCK205bclZHHIVe,7746c99f2e7d5f1d3f504113e525e668b16494bae53673c7b824f2bfd2faa1a7f2f98c83ea055b10ee30e2cf3b18fd73
5,Mos7mIoNK4avGvlS,1745185573000,17,1745185573000@PWAMos7mIoNK4avGvlS,8f09d635db74272411d5997ac16deaa968112647f92ec469c5122d7fff846dfba36df3205e9af7468987453fd0512149
19,MoRUWfgv82jgPd3T,1745170735000,13,1745170735000@PWAMoRUWfgv82jgPd3T,35413ff24866bd2da731a1c13e4579d80cd152ed7ccf72e7bf68433cdb1d5ae049492814e3a4a1ae5bea67087392b55c
7,H99gdk4e90cz0zTP,1745161215000,11,1745161215000@PWAH99gdk4e90cz0zTP,a8aa7df2518db7a6d6352e86cd67d9405fcf172e50061ce00fb7671329f09d2ec63d3ff4fc3d5057b7c8ae971259e4e7
19,H99gdk4e90cz0zTP,1745180419000,16,1745180419000@PWAH99gdk4e90cz0zTP,ff40366d5650ee9f10e1341108238306e44791f8a99e3ef767b87bd6fa3d64a98e44f72d3ab730377b8416b33561c0ac
11,H99gdk4e90cz0zTP,1745149087000,7,1745149087000@PWAH99gdk4e90cz0zTP,404db1217d6901fe167590600c1c874acd946ffad7c81c3b21ddf6ad31144466ca61f36dee7d05f72cec358a69d56fef
3,MoRUWfgv82jgPd3T,1745183140000,17,1745183140000@PWAMoRUWfgv82jgPd3T,574ebc48244e83284325be51103ea958c8030d8ebb44c63bc5a6901134d76014d2190bc6c360bf85cc48bd1b89065019
10,9R04ZA4ZZYUeRcWE,1745203688000,22,1745203688000@PWA9R04ZA4ZZYUeRcWE,4109ff54f59204531fc5702b3da371b9f2031541b74be2531f75b87c81afd9c2bc966bb26cde009eaf5c04599dcf415d
9,MoRUWfgv82jgPd3T,1745156848000,9,1745156848000@PWAMoRUWfgv82jgPd3T,b9d580860fc79c8418fd493f04b30c3b9db5701c76e3ef0354060efc78290d633f3e52140e9eacb7e6441e1b44683b68
5,MoRUWfgv82jgPd3T,1745151081000,8,1745151081000@PWAMoRUWfgv82jgPd3T,0dd7d41be3f088fdf3d0dae61f46ffabf09dfd50f1ee972d9741b335c715ab43b62d6cf3e6f4de9c2041a269f97b1b7b
9,lWCK205bclZHHIVe,1745157560000,9,1745157560000@PWAlWCK205bclZHHIVe,423d7ffc3524d1844f2dca363ec2213df77a0c5eb7faf238397b5f1544e496b656a4ffa575a24a71078f47f267eddc80
6,MoRUWfgv82jgPd3T,1745188719000,18,1745188719000@PWAMoRUWfgv82jgPd3T,4f884b0cb719562ee073440eaa1bbb5a4d4c82a6f964f2a33fc10c29a639c8053778a9d0d3ed5b18526e46325df839b9
4,lWCK205bclZHHIVe,1745170388000,13,1745170388000@PWAlWCK205bclZHHIVe,90c8e468bce59e32f09f433b479aaffaa4426d6115008e041bbd8a00039b942c8ddf3d1b9f8d2b45de0c38365c00a6cc
11,lWCK205bclZHHIVe,1745142928000,5,1745142928000@PWAlWCK205bclZHHIVe,e87b3df4d8d12e6adab8323291490d20040b30b1dfde728836181991f307dba28288b1fdfdba347ac30fdb18f782d721
3,lWCK205bclZHHIVe,1745160502000,10,1745160502000@PWAlWCK205bclZHHIVe,18f8bf15dfbdb0304846537fb3e8c090689573cdcd2b85fd85daca08b16298c36ea8830be86c8aad58ca217ebfedd636
11,Mos7mIoNK4avGvlS,1745184032000,17,1745184032000@PWAMos7mIoNK4avGvlS,4259c6ff905bba677974cbdc294bb5d4a1e95a83966176e302b28766e11f148c5d9907ece0647aaef9554088cc47554e
11,Mos7mIoNK4avGvlS,1745167052000,12,1745167052000@PWAMos7mIoNK4avGvlS,524e1082f6ba0b70ae5cf40acc5f0f46fc2b64e2b12287ed1f1a9d4a51c701a4507bbbabbd157e74a0f9f92a71e61253
4,9R04ZA4ZZYUeRcWE,1745188785000,18,1745188785000@PWA9R04ZA4ZZYUeRcWE,3f1f5828a43ac0bba5496de8c1a6d4339d8a3fc7ad961165088c912cd1a87cf41ae557f6ea02e65f19031d77be3e4832
2,H99gdk4e90cz0zTP,1745156136000,9,1745156136000@PWAH99gdk4e90cz0zTP,66d59f69790ca1dfbe14a50cf7df951e994e763f8bc6866eec50d3bcf7bc1aaf6728afbec5b8c68ece5d84af935f15bb
15,lWCK205bclZHHIVe,1745170659000,13,1745170659000@PWAlWCK205bclZHHIVe,ee1a602c837e2e3fc48ca09959d2aa2238cd308c1dfe70592aa4d3951b7199b122f629efbd91302e2fb4b61b34737f3e
6,lWCK205bclZHHIVe,1745193580000,19,1745193580000@PWAlWCK205bclZHHIVe,403c2b6b0cfbcd7cab3436cf8ef856ea1f80b6794d4e3bf421a98137ab0ce82f75887118bce77b9cebeec757c9259ef1
9,lWCK205bclZHHIVe,1745157934000,10,1745157934000@PWAlWCK205bclZHHIVe,d3a2a2b705ebd4584540d501a78599dd54126e1e32fb04444c61637b3c44cb4cbe8314da8f14e042d9b2354f14a5fde4
20,lWCK205bclZHHIVe,1745168428000,13,1745168428000@PWAlWCK205bclZHHIVe,702b74e6d9a0c3da343133659ad723d248bcbd19a399a9872e9917769a5e34601df75044625d62961d30fc91ca721f0e
16,lWCK205bclZHHIVe,1745171356000,13,1745171356000@PWAlWCK205bclZHHIVe,ba182120d70f0d8d454dcf4448bd013f306373758c620131e079353ac17fd68c506946d0baed592a936fe988cffbc673
10,H99gdk4e90cz0zTP,1745157913000,10,1745157913000@PWAH99gdk4e90cz0zTP,1cf27859afeeae99895b179b3f7474eb608bfb73c1b6cc63df924150f1dbc2fdc4cc2aae821f191b9c39ea2f0eda6998
16,MoRUWfgv82jgPd3T,1745162560000,11,1745162560000@PWAMoRUWfgv82jgPd3T,f15393e6537b0fd5ebafe967eab0fd547e986384f4e44e1af96fe4974061e9b1d00467344046d08006ba39b9e3978abb
11,MoRUWfgv82jgPd3T,1745175558000,14,1745175558000@PWAMoRUWfgv82jgPd3T,4392dcad06b11daf2379d57ca4379014e291f637418b7cf05871ae6c85abf3059ec428ee40979d083cec98dce4a4f89e
6,9R04ZA4ZZYUeRcWE,1745186526000,18,1745186526000@PWA9R04ZA4ZZYUeRcWE,3cb6e766b5599b10a7e58554220123726bea83e737326b9261bb0ac8677dfdb083d99e029dde53de62d96c1357135a50
11,Mos7mIoNK4avGvlS,1745162430000,11,1745162430000@PWAMos7mIoNK4avGvlS,912f68a690e2d988e0ecc100a65461268a7d4e0d1dfd14b18f74345d6a9013717c8a174c24b0842f47e0011651a04e1a
9,MoRUWfgv82jgPd3T,1745152143000,8,1745152143000@PWAMoRUWfgv82jgPd3T,7ef6a2c778048681fa6915d4cb74acadc09e52bea05b3122cb1a4d912ccf41d8e36fe7459d7f631c14dae44556807c74
13,MoRUWfgv82jgPd3T,1745165522000,12,1745165522000@PWAMoRUWfgv82jgPd3T,286dbd0380a0726a5f9121a06ae02ed8cfea91b69097342c179f9e91d6caf89de4b2f7051f413a5adeafd40e501c108e
7,lWCK205bclZHHIVe,1745186330000,17,1745186330000@PWAlWCK205bclZHHIVe,5211ae959149271fa88b221986df9130880cc62d78b6146eb1edc02e6fcf67ddc07b84f6363ddc19e0e1417df3cc8e10
3,Mos7mIoNK4avGvlS,1745149644000,7,1745149644000@PWAMos7mIoNK4avGvlS,98bb0d6572e370d3f2d2a1976abcf74af844beed270022611c29fa238f735648b62fca59e3e3bd17248f7552d6840ade
3,H99gdk4e90cz0zTP,1745154557000,9,1745154557000@PWAH99gdk4e90cz0zTP,1c0f14a2abeed7c5ddf76b89ab7979d8fcdbf8df60c674583d0a1b8bbe813f2258ec419efc9d91dc5410d9ecba84764f
8,H99gdk4e90cz0zTP,1745183684000,17,1745183684000@PWAH99gdk4e90cz0zTP,5d6d537150669f2f46d25a63f13ca19771c35f12dcc21478b80326993c405b777a264df88cca77efdadac7d308abcfba
6,9R04ZA4ZZYUeRcWE,1745147803000,7,1745147803000@PWA9R04ZA4ZZYUeRcWE,4cdb295c29786f428ebbfba1a406b6b42681aa7db798e64d49411d7cfe269c1893fa92c6162474e93196ca620dc4ddf1
9,H99gdk4e90cz0zTP,1745150188000,7,1745150188000@PWAH99gdk4e90cz0zTP,429fae17db114591c68789e462ef353f3bd5952e3862d19a18bc4ecfa39d0f627eb4bcb75841aeca156d01c4909c0c71
11,lWCK205bclZHHIVe,1745195660000,20,1745195660000@PWAlWCK205bclZHHIVe,082061974d037e7ae81fc2ec530f780561faeb22f08ce9d8d467af14cd204092b3ec10331f9afc547630695454a1be2a
7,H99gdk4e90cz0zTP,1745189445000,18,1745189445000@PWAH99gdk4e90cz0zTP,84cbfa7891c022a4a42c43f3f41af0dd70d17b39e1700a5df09138cbe43f08f9bb47742ee7f83633bd9ac211d6812302
6,lWCK205bclZHHIVe,1745179256000,16,1745179256000@PWAlWCK205bclZHHIVe,1da157120556e53520a38d3b5870d5d0e7b0e9ab34034d4b9498a2af03aabb73196cb9bccba4a6f8050b843423327c15
20,9R04ZA4ZZYUeRcWE,1745189788000,18,1745189788000@PWA9R04ZA4ZZYUeRcWE,9eba4cee32ac3e75e61ea7fd5f825f2ffd078dd55a9538ceaa40c1ff5ef4a5fef353282ff931c6821b39bb58a880f7e0
17,H99gdk4e90cz0zTP,1745155478000,9,1745155478000@PWAH99gdk4e90cz0zTP,2e98f4b7c0729d4384e037b128f47af2df8672e86e5e82d1c608074d78d4e60f3bad76e6bb8834ac52d007a4d3cfad4b
3,Mos7mIoNK4avGvlS,1745169288000,13,1745169288000@PWAMos7mIoNK4avGvlS,412bd1e0d36d81aee4f9f520a095ab741927bcc4b3f3ef821c030e1edb18115cb330cfa4ba8b5f0c8af8353fe85ab663
3,lWCK205bclZHHIVe,1745173215000,14,1745173215000@PWAlWCK205bclZHHIVe,a322cb3b099f617206af283203ff68e9cbceeb6cb696fd67e3b4a4d19702adda9fe9f172e352096f402b420ab6e31868
1,MoRUWfgv82jgPd3T,1745173922000,14,1745173922000@PWAMoRUWfgv82jgPd3T,48e9206c7de9c54323c02040dc78e76aa0c53043014c292b5ee7dc2a271c121dfbe5491ac84dcb78556e7a07ad6457e3
18,Mos7mIoNK4avGvlS,1745178564000,15,1745178564000@PWAMos7mIoNK4avGvlS,13c3681981844a4d9141b0f38c9138efaf0371cfebbd27ceb061c2b5b52485ede9a3840a69651f69a2095b000cf292ec
1,H99gdk4e90cz0zTP,1745174817000,14,1745174817000@PWAH99gdk4e90cz0zTP,d7dafe579f4a2f24fb5c0a3ae1c63540a9f5859690f72287806377910ccecac998b6a14cde8c918bc05c478bad18813f
12,lWCK205bclZHHIVe,1745167665000,12,1745167665000@PWAlWCK205bclZHHIVe,088b1ce4f132935442239cca55b012ab2cec2863b3d3f0f50aa60de1bebd4e87cac84eedc60d7e3bbd1f143735647d27
3,9R04ZA4ZZYUeRcWE,1745168385000,12,1745168385000@PWA9R04ZA4ZZYUeRcWE,134a31d6c25bba67bb5b390a5ab120954644535dab44ae64e42f62a891649a56f6d6a9b7871c921aed96aecd44ebe32f
6,Mos7mIoNK4avGvlS,1745166373000,12,1745166373000@PWAMos7mIoNK4avGvlS,d7672de7bbbd94b5bf8944253ffbe0285ecd19cd43eab18d701d9cc6f10eb83009d992538419abcba6e7ed3a51bb10ad
7,Mos7mIoNK4avGvlS,1745146001000,6,1745146001000@PWAMos7mIoNK4avGvlS,583f0b9dbe3946b7c5d8b281a959a5fc7bdc99b5744db7b3090fe1ff183d073336d5fb292facd14db5c207a00dd34caf
8,H99gdk4e90cz0zTP,1745186886000,18,1745186886000@PWAH99gdk4e90cz0zTP,6ae67f55e1b9f15437efd1abd7b98fb243ecb40411d8e806aa0bd1333a63aea3b024a24d44fac8c169aefc526cf809c8
5,lWCK205bclZHHIVe,1745156844000,9,1745156844000@PWAlWCK205bclZHHIVe,12e5a520329fd9254be2c6ec95557dadc73eef3e5c64b9be8474130312ee000ce1da53d54dbc86460c6a9994030976c3
14,MoRUWfgv82jgPd3T,1745176954000,15,1745176954000@PWAMoRUWfgv82jgPd3T,5e1188f694ff80a1cdc769b8dfb709639141eb85c86e1e7d9cd8ef01df8ab22f4da7e14412052164cdde2fe329acd002
2,H99gdk4e90cz0zTP,1745156539000,9,1745156539000@PWAH99gdk4e90cz0zTP,0b88f489c181db3dd610bb3cfa9ab7940d2182edb17126f130a2a039d52411ffe13942b89a9f46cc5e270f5015fe5f2c
15,9R04ZA4ZZYUeRcWE,1745179980000,16,1745179980000@PWA9R04ZA4ZZYUeRcWE,739761b9e5b29679d35c94a9f549fcaf75cd30e81898d84342e196bd5e81530cef16f681c1e3bda7fdee5ea064aee380
15,MoRUWfgv82jgPd3T,1745159319000,10,1745159319000@PWAMoRUWfgv82jgPd3T,07cb7f3a3aac0dd8326f77d59f85883ddebfebc9199eea1ebb32d458bb525ce0a70cd0d5d9ea4b27cf4bb474c00adce3
3,H99gdk4e90cz0zTP,1745166057000,12,1745166057000@PWAH99gdk4e90cz0zTP,a4fae6f02b0cb6f2ea0cbb95b3908fd969760e838a405c131f05f6ee1032e5986d122533a92e1d04d8c941674aa4fdfd
10,MoRUWfgv82jgPd3T,1745152966000,8,1745152966000@PWAMoRUWfgv82jgPd3T,350ee42f49abcba0b7fa5dd486c25dac2b1bc9b09f2d79c3fa2f2079e472941f24ab9396683eababe5c797a224760090
9,MoRUWfgv82jgPd3T,1745173503000,14,1745173503000@PWAMoRUWfgv82jgPd3T,20f36f7d5872f070fc2f1379d74f97ade3e119fdb9cc7e77d1a23ecc9f75de69b9bbed5eaf10c0ae37921ffce7f6d57c
5,MoRUWfgv82jgPd3T,1745190386000,19,1745190386000@PWAMoRUWfgv82jgPd3T,4ccbaeb973d98c5e15ec8ec7497583ef92f53d709d68c21ed36e31f5743a30301615e5fc33abdd27a6385e99991fe51e
17,lWCK205bclZHHIVe,1745154325000,9,1745154325000@PWAlWCK205bclZHHIVe,55366225509310972e59e85a4045817867971ec69fa5a1523b01a7c09bb1349c6b48c93222e5a8b45cfc757079a2842a
4,9R04ZA4ZZYUeRcWE,1745173218000,14,1745173218000@PWA9R04ZA4ZZYUeRcWE,20e9000796a4a4f59bb82aea269182fa4147fa4c8d56b835772da6b368076cef59bc54d2f2b53b61148c6f1ac3ddf0ea
20,lWCK205bclZHHIVe,1745138061000,4,1745138061000@PWAlWCK205bclZHHIVe,47b2396cd33fa1b635a448bd06545c7dc51dc21645e4fedc27a5d5eed7b2e7ed5deca69d48b9e9dc1a6b6676c487eb6e
8,Mos7mIoNK4avGvlS,1745177879000,15,1745177879000@PWAMos7mIoNK4avGvlS,6831076868cb93fb7b9427380b027d2c676d6b047f84cf2201a434f67309aa26717e49dfea664c5ae4abde1365a3d073
11,9R04ZA4ZZYUeRcWE,1745174097000,14,1745174097000@PWA9R04ZA4ZZYUeRcWE,dd0e9354e6022521c3db9962a4f5c9d9f6281debe436eabfd4241d9b709ea942f345a7bec88b1874624e13acb8ea5319
20,9R04ZA4ZZYUeRcWE,1745165824000,12,1745165824000@PWA9R04ZA4ZZYUeRcWE,47b2b965b1e8f72309b7687ed4033d2d5bde4a0a34f657b1396d3a7f620d5f8d74f34065645496565bb71847ee478737
6,9R04ZA4ZZYUeRcWE,1745147803000,7,1745147803000@PWA9R04ZA4ZZYUeRcWE,4cdb295c29786f428ebbfba1a406b6b42681aa7db798e64d49411d7cfe269c1893fa92c6162474e93196ca620dc4ddf1
20,MoRUWfgv82jgPd3T,1745143975000,6,1745143975000@PWAMoRUWfgv82jgPd3T,c3882a714652f698ff70d6e69560a691f5327ce0de63f45ebf670616968b3c0e2638f2cc61d6bfbecbd146962ee39a60
4,MoRUWfgv82jgPd3T,1745169304000,13,1745169304000@PWAMoRUWfgv82jgPd3T,afc3b5d2ab33e6d3e8182a7a887d86474b4f8135b434285fc60ede0334561efff5ed744e69abb0c961dac0324490ee98
5,9R04ZA4ZZYUeRcWE,1745163005000,11,1745163005000@PWA9R04ZA4ZZYUeRcWE,e2361cb85d0c508ed83ffba3ee7df0ec8e7de5e304ce2b84146c9ebd2881dff0124d299406df5b2724ee2ea8bbd72660
11,lWCK205bclZHHIVe,1745153316000,8,1745153316000@PWAlWCK205bclZHHIVe,38326b355780d0af9a16cc30ab8b94ec4975f899d1881c0872becfa2e7163ead02b07ce0076e6c2e5ebad6af9684794a
11,Mos7mIoNK4avGvlS,1745184032000,17,1745184032000@PWAMos7mIoNK4avGvlS,4259c6ff905bba677974cbdc294bb5d4a1e95a83966176e302b28766e11f148c5d9907ece0647aaef9554088cc47554e
8,MoRUWfgv82jgPd3T,1745181303000,16,1745181303000@PWAMoRUWfgv82jgPd3T,4d3c14ee8577873cef8ea46b7e4d65772086b06eab4d971dd36440e174df2c755727fc79b1a981eb26c031c1662a05df
15,Mos7mIoNK4avGvlS,1745176953000,15,1745176953000@PWAMos7mIoNK4avGvlS,f7a11fbc2795c42b2e09eb8bee5e1666663d9d707e6a92354149d937b67727ffb2cdbd21992412c96377d9db8937af31
3,H99gdk4e90cz0zTP,1745166057000,12,1745166057000@PWAH99gdk4e90cz0zTP,a4fae6f02b0cb6f2ea0cbb95b3908fd969760e838a405c131f05f6ee1032e5986d122533a92e1d04d8c941674aa4fdfd
4,Mos7mIoNK4avGvlS,1745171016000,13,1745171016000@PWAMos7mIoNK4avGvlS,8f91884a27a985e8ec856bd79a6cacc6d78a537df3372e198ac35c15b467986b2ff6842e2bc85d99254bb37c58be583e
12,9R04ZA4ZZYUeRcWE,1745176925000,15,1745176925000@PWA9R04ZA4ZZYUeRcWE,7d1aa51ac3ea04dcc5846305a646de2d23d648410d2e3e7a1a1ac3151a7c55276eed7ed2f17a7fe5455bb32e1d9864f5
11,lWCK205bclZHHIVe,1745162610000,11,1745162610000@PWAlWCK205bclZHHIVe,a349fabdf9786bf35bcdffe2b5ab0c53856d7aa91c21ec0e5c3678ec5a2ea49e2428a4285fcaf6c0fba25e5307ff34ae
7,Mos7mIoNK4avGvlS,1745176208000,15,1745176208000@PWAMos7mIoNK4avGvlS,8330e641a367b4e8177c18604a88148e82893be97dd1f4cb658dbafb1d28d2f8b73fa17fccfc40ddba120ea778ba9113
11,H99gdk4e90cz0zTP,1745157603000,10,1745157603000@PWAH99gdk4e90cz0zTP,1915e8eaa4d1da96bcce141dc9dca178ed17014cb620e98198c0557664f96183f0b63e18405370b7d2fd27fbcdc94320
7,H99gdk4e90cz0zTP,1745167850000,12,1745167850000@PWAH99gdk4e90cz0zTP,fa91b918a8b675f06b860e2adac22f8a80d9df277f56a753e7b0345ec7f6c41158c704aeaf2c3f3a53477dc8da7cc84b
1,9R04ZA4ZZYUeRcWE,1745192871000,19,1745192871000@PWA9R04ZA4ZZYUeRcWE,2c9df4602c2d09e2e78b4ba5cb7ed688ca3e620e3624581c266c8a70b265037bdb336be929ba7699ed0671440717d95d
13,MoRUWfgv82jgPd3T,1745179798000,16,1745179798000@PWAMoRUWfgv82jgPd3T,015ce0d77372928cfe1df9c375a61e9dfeab8d99fcd85191795add2df0f619b7ab25f32379fc087bb6faab709296a948
19,9R04ZA4ZZYUeRcWE,1745159644000,10,1745159644000@PWA9R04ZA4ZZYUeRcWE,2095561a4253e1983849947abdb9dd78578dc08cd80c90745378be2d03b4391b58cdea8f5f5e4b3690bd893149674e2c
16,Mos7mIoNK4avGvlS,1745198039000,21,1745198039000@PWAMos7mIoNK4avGvlS,9c12a5d05b46b2adb983bf6b7357656032a708ae3f36ed25eb5189f865bcce1b315c87cc1dbc584718c71dd23997812a
11,Mos7mIoNK4avGvlS,1745165093000,12,1745165093000@PWAMos7mIoNK4avGvlS,96458d2ca61cb3506e3856c909c1cf7c878bc6e54468f4006366557fbc477a5e12eb3da2b3ddd3d09d590ec39973c680
9,lWCK205bclZHHIVe,1745167638000,12,1745167638000@PWAlWCK205bclZHHIVe,7d881f8b251732241a59e8df9a9102683293335488d7bb3a80715764be307997d10905fb75969db348d61c26f18c5697
2,lWCK205bclZHHIVe,1745163403000,11,1745163403000@PWAlWCK205bclZHHIVe,e58ddbd2e0d16a4a4bf24de7c4c8114ca36144b5f75bacddf6b8e4870ca6427a498db2c274c330f653c44117ba33a37a
2,lWCK205bclZHHIVe,1745163403000,11,1745163403000@PWAlWCK205bclZHHIVe,e58ddbd2e0d16a4a4bf24de7c4c8114ca36144b5f75bacddf6b8e4870ca6427a498db2c274c330f653c44117ba33a37a
14,Mos7mIoNK4avGvlS,1745190982000,19,1745190982000@PWAMos7mIoNK4avGvlS,a2bedbc865fdaf6976b854f702385b725cc3eb7170957c1643648035f729a68fd36f98f5eb7a4e4da0f8a45f78bf8592
13,MoRUWfgv82jgPd3T,1745165522000,12,1745165522000@PWAMoRUWfgv82jgPd3T,286dbd0380a0726a5f9121a06ae02ed8cfea91b69097342c179f9e91d6caf89de4b2f7051f413a5adeafd40e501c108e
14,lWCK205bclZHHIVe,1745174035000,14,1745174035000@PWAlWCK205bclZHHIVe,4d8465a9a5deb8224813d2699125200340694dc21124993f26bb86eee2147f3c9492c16a6d2b3868461417f45387df20
9,H99gdk4e90cz0zTP,1745158243000,10,1745158243000@PWAH99gdk4e90cz0zTP,ce0a2c5f5708b74bd6ea9624983d5dcccd37a202671a47fe9226523016f346e38156da1fc7490765ad348cf231e50459
8,Mos7mIoNK4avGvlS,1745159095000,10,1745159095000@PWAMos7mIoNK4avGvlS,993b3b182a0ee45a95f46d6dbb65343550126f5f306a99fb08134cb16880ea24a44ed1cf6d2f7ef7ebf636b605f09f9e
1,MoRUWfgv82jgPd3T,1745175816000,15,1745175816000@PWAMoRUWfgv82jgPd3T,e5b79758e18bf5900e52b6f4e5f8815f41cc41ad062f3044a7287b8a9b02a9d8047d839cfb3bf8517a299fab80882eee
18,MoRUWfgv82jgPd3T,1745150361000,7,1745150361000@PWAMoRUWfgv82jgPd3T,dc8454b562176af73c8c3b8554eabed66760bd09c0a1f40ad9084e2717334689a22cde67e43fcf715a3362df059e1c97
6,9R04ZA4ZZYUeRcWE,1745154346000,9,1745154346000@PWA9R04ZA4ZZYUeRcWE,032524c79c620142ea3fc68b49e2ebc935ca461e7be8a2c40c6b7cf3fff0a4c4f0bfed3eb052715241aafc2088a2f746
19,MoRUWfgv82jgPd3T,1745164880000,12,1745164880000@PWAMoRUWfgv82jgPd3T,c28f9e4f965dba35d3d6c81e0d848f9772392ba1c78817222de42bcbae2fdd02048bb4955b3e923c753f02894a3c713b
7,MoRUWfgv82jgPd3T,1745160677000,10,1745160677000@PWAMoRUWfgv82jgPd3T,370c6f48a755a9866167a1496c9bb05a004a7f105f658fec1bfe798d79b0fcd71c23218136945adb24b939cec1c6f40e
8,lWCK205bclZHHIVe,1745167149000,12,1745167149000@PWAlWCK205bclZHHIVe,d2d72934e6a70e956ef37ba7ba4fd62f1b628a5fab76a89e0d36390b0a5aef23e574eb5b281dc4db04f6348a9fc3bbe5
17,MoRUWfgv82jgPd3T,1745189847000,18,1745189847000@PWAMoRUWfgv82jgPd3T,23a3602c0ddedad690268477ffa95236c630273717e670f45bb53dd5e3d417f453c14b0b585ea8a3988fab792ef70907
2,MoRUWfgv82jgPd3T,1745146500000,6,1745146500000@PWAMoRUWfgv82jgPd3T,9b7c0eef2afd4310340006f87a657e46f5413e9227acae738ec2d8cf726954a2d5601b8f3f090503755c7aea11ca76b3
6,Mos7mIoNK4avGvlS,1745170591000,13,1745170591000@PWAMos7mIoNK4avGvlS,0b66ca4252462f19481f056445700a0ead9e5b800a41a22a76a9aa622115c93e10a7fe9baf8ec54f87c9fa956b3f2d85
4,Mos7mIoNK4avGvlS,1745163014000,11,1745163014000@PWAMos7mIoNK4avGvlS,a1adb715278ebdd55cefc557dbfeb2199e20f67b5d4ced5819cad259b086c58d8850eb40a9f8dd88bdca978785a83c81
6,MoRUWfgv82jgPd3T,1745186644000,18,1745186644000@PWAMoRUWfgv82jgPd3T,5045ab830eaada7525464d509681886efa00cf3bd43a4a5093e81468f54b8780fc5df9c4467f01595d1674b2c360472c
2,lWCK205bclZHHIVe,1745153627000,8,1745153627000@PWAlWCK205bclZHHIVe,ac9be06f79b981854c9f51641fb0f17583c3337a45173fd11cc672e17465ccca5b02bfe17943ede3388e19cb421b6bb1
6,MoRUWfgv82jgPd3T,1745152811000,8,1745152811000@PWAMoRUWfgv82jgPd3T,3ef1be939ce7f33235f027647625ba5b260a9301fa83347aaf2e2c0fcb1a61666798d2c775752a421412c721363ec46e
18,MoRUWfgv82jgPd3T,1745151138000,8,1745151138000@PWAMoRUWfgv82jgPd3T,9af876fe93dcfbdac12e60e6fe9171332b87e45bfdfe3c46e58461eccf57ae3ff163a374adf645951c4134cbba8275f6
2,Mos7mIoNK4avGvlS,1745169095000,13,1745169095000@PWAMos7mIoNK4avGvlS,00c8ad41780987cafd930860085a983b664903f94e97465e318a3e0b598662f86677ead47478a11451e56500225decd1
10,H99gdk4e90cz0zTP,1745180314000,16,1745180314000@PWAH99gdk4e90cz0zTP,346764f23c9f30fdbe833fdf4537b21ede0478e51e46e2bd48d8bab432e4a0056c9e70944e13a3ae8d64013513070a35
5,9R04ZA4ZZYUeRcWE,1745163005000,11,1745163005000@PWA9R04ZA4ZZYUeRcWE,e2361cb85d0c508ed83ffba3ee7df0ec8e7de5e304ce2b84146c9ebd2881dff0124d299406df5b2724ee2ea8bbd72660
17,Mos7mIoNK4avGvlS,1745184558000,17,1745184558000@PWAMos7mIoNK4avGvlS,389674bf752c5c4d502aee136c67fd728ed31d5fd15bfcdbf36385400f48cca7b6a0415b68e5f29a93761e86798a62e4
4,9R04ZA4ZZYUeRcWE,1745146061000,6,1745146061000@PWA9R04ZA4ZZYUeRcWE,55e4d98085934fea8f3b10dea52227e3b39835344f9abfee21c1d6ed5b962dd9f5074b464daa4148cb6695f2d2f76c86
18,H99gdk4e90cz0zTP,1745160226000,10,1745160226000@PWAH99gdk4e90cz0zTP,8d855046f85a789b224aefdbcc701bcb92ff60c44ee4dfe1891ad15ebcba6980859e04f960ad9fe7fcc570084a064f38
2,MoRUWfgv82jgPd3T,1745176255000,15,1745176255000@PWAMoRUWfgv82jgPd3T,41ff9e949125c4384cd1231bf1b49c5ccb4fc062c8b18f2be4836e32d97f439a75562b578de810deaf66c18e410e4851
8,9R04ZA4ZZYUeRcWE,1745148304000,7,1745148304000@PWA9R04ZA4ZZYUeRcWE,cd009033508eb452a625414540eda6dc2e09df31b6cdbbbfa4c7ea9f4bc86474ee59b7bb067d8a687286f8efd9b38317
12,H99gdk4e90cz0zTP,1745165666000,12,1745165666000@PWAH99gdk4e90cz0zTP,74056a4ec2da3c4a51e80e848a87fd261b422b50c836cc00c8a5f0792cacceefcdb33254dc9e23357c27d1f39e64c1d0
15,lWCK205bclZHHIVe,1745158357000,10,1745158357000@PWAlWCK205bclZHHIVe,993b62efdac016f14376b9defe120865b431c2a299f119c454f341d039193f564c002de4da395bda91ade3c981f400d4
2,Mos7mIoNK4avGvlS,1745206708000,23,1745206708000@PWAMos7mIoNK4avGvlS,a915f9ecc736828d8dfe4a83fe4b49606b15a79232ab4234de94d680f6d54437c3b2e7f1d9780ace59c0b9026bdbf214
5,9R04ZA4ZZYUeRcWE,1745197371000,21,1745197371000@PWA9R04ZA4ZZYUeRcWE,01f4cc5a1b687c0cf32249b5ad9241cc932110ac9c4d881b4794e24450e5d068b0339448f0eee94c41269f41b3a4abcc
6,Mos7mIoNK4avGvlS,1745182889000,17,1745182889000@PWAMos7mIoNK4avGvlS,fbf032b1debb6577dd6d7a7c2079f2b021df0c91020ebf851641f567a59f9bf119aff5fd829f6c2c3acf533d8272764b
16,Mos7mIoNK4avGvlS,1745182507000,16,1745182507000@PWAMos7mIoNK4avGvlS,dfbbe86885ccd09abdba607e07a38d134c3819ce11b6c604c058d4c97461008667f9c1057ba0319bc16a96ce2c593597
18,9R04ZA4ZZYUeRcWE,1745165524000,12,1745165524000@PWA9R04ZA4ZZYUeRcWE,f7d6ca8937551d1a989d8673b0daf31d78b2c42fd5121693b2b77aec78b715416a36eff1d91e36d16f0d77e007b04f8b
5,Mos7mIoNK4avGvlS,1745178406000,15,1745178406000@PWAMos7mIoNK4avGvlS,62116f3d5f5cb1dd7fb6f1d44cdbe22b66746fe17a822cb2830727de0be9fd07049304fc9e4f2506956a52f9f472ad51
16,MoRUWfgv82jgPd3T,1745172870000,14,1745172870000@PWAMoRUWfgv82jgPd3T,36a6a0b92526ac131bc402ed3161bfdce22699758c0bdaa0bceaa5e726a968c70f5db9622a6c75f51e56fa797eb00817
7,MoRUWfgv82jgPd3T,1745176468000,15,1745176468000@PWAMoRUWfgv82jgPd3T,c9515b8c040d4c3e4b1c40de5544155ca273b78fe8133fdb0f09ee4c5a33ac3cc9f3940a0b1b83bcc7a7bf75258bf3bd
4,lWCK205bclZHHIVe,1745124345000,0,1745124345000@PWAlWCK205bclZHHIVe,5d899f67bca8465a47fd28b30e1df57fe9aaf213d4bad3dee03903464fef7731127fe0eaf238e12c2c35e49a1756f6ac
13,H99gdk4e90cz0zTP,1745160357000,10,1745160357000@PWAH99gdk4e90cz0zTP,504d3909ebf55c6bc3e32a72a73b9477e4d85d4c113015ef6a8d3dfa242159ec6284d698325592acf66ad2861b0bcd52
6,Mos7mIoNK4avGvlS,1745182889000,17,1745182889000@PWAMos7mIoNK4avGvlS,fbf032b1debb6577dd6d7a7c2079f2b021df0c91020ebf851641f567a59f9bf119aff5fd829f6c2c3acf533d8272764b
8,MoRUWfgv82jgPd3T,1745164371000,11,1745164371000@PWAMoRUWfgv82jgPd3T,ae6ab620a0df9bcea0b649a09e60b0d734b3daa2958174a7f82ad97d7783ba0608800ae3bda601bf9457399fee11fd46
7,H99gdk4e90cz0zTP,1745150304000,7,1745150304000@PWAH99gdk4e90cz0zTP,546bec5bfc0120573b03f679ffc368b2b25da49af2ec067946336dfb96a1e2f19de7be713ece56ae0d2d3df31a812a60
5,MoRUWfgv82jgPd3T,1745154968000,9,1745154968000@PWAMoRUWfgv82jgPd3T,55c5fc83f02540fe4bf00edf9d71982463039b52c70c1ed5bd7bda9b796295f8d6c28e9e80cc21dad4c2da61d32fb324
7,Mos7mIoNK4avGvlS,1745176208000,15,1745176208000@PWAMos7mIoNK4avGvlS,8330e641a367b4e8177c18604a88148e82893be97dd1f4cb658dbafb1d28d2f8b73fa17fccfc40ddba120ea778ba9113
6,H99gdk4e90cz0zTP,1745163028000,11,1745163028000@PWAH99gdk4e90cz0zTP,a4a81bc1fbdad73ccb337d7a288aef8d82a158bfbc2764e3b9c8a11340074106d3c2e498c4118556586920fff7e9d9cb
6,9R04ZA4ZZYUeRcWE,1745186526000,18,1745186526000@PWA9R04ZA4ZZYUeRcWE,3cb6e766b5599b10a7e58554220123726bea83e737326b9261bb0ac8677dfdb083d99e029dde53de62d96c1357135a50
13,9R04ZA4ZZYUeRcWE,1745178894000,15,1745178894000@PWA9R04ZA4ZZYUeRcWE,96a52117b5808927baae7e1b817de690bd40e6d4dd434b84c1fb1f3d571d35fb786862f0f06ef5722c57eae3a2554a9b
4,9R04ZA4ZZYUeRcWE,1745173218000,14,1745173218000@PWA9R04ZA4ZZYUeRcWE,20e9000796a4a4f59bb82aea269182fa4147fa4c8d56b835772da6b368076cef59bc54d2f2b53b61148c6f1ac3ddf0ea
14,MoRUWfgv82jgPd3T,1745176954000,15,1745176954000@PWAMoRUWfgv82jgPd3T,5e1188f694ff80a1cdc769b8dfb709639141eb85c86e1e7d9cd8ef01df8ab22f4da7e14412052164cdde2fe329acd002
14,Mos7mIoNK4avGvlS,1745142946000,5,1745142946000@PWAMos7mIoNK4avGvlS,c348809b0f35f2d60e52870e0299c26c25cbd5e78da330f6e8ba75336f97b291b6153d57c974b4cb78286593ca7d4b92
15,9R04ZA4ZZYUeRcWE,1745164878000,12,1745164878000@PWA9R04ZA4ZZYUeRcWE,39804ff9534086cdf49a9c3f28d214525754b3170ec7e3bf16ad765a8b48d819084dee3cb81310a4afa6612b99063480
14,9R04ZA4ZZYUeRcWE,1745144177000,6,1745144177000@PWA9R04ZA4ZZYUeRcWE,4e88d978aee5c31ba5aa8e8ca3b2ae4193dcbc0d7710a18b5e7614232d242a2ebbcb38ca5c12cb5236da26420197c8e7
15,H99gdk4e90cz0zTP,1745158855000,10,1745158855000@PWAH99gdk4e90cz0zTP,79915e6f0f857799442bf8f673e3aa495f01031b4a41376be5752cf0e0830a3a1a4d57043c29c4a4953be122e92cc936
12,9R04ZA4ZZYUeRcWE,1745152362000,8,1745152362000@PWA9R04ZA4ZZYUeRcWE,6a2c0e3f17d60a5a52e37a163060da321f7e97f47801c59cdfe16154eaa0648b924f0b8f0fa92df238f580db9d9aaf2f
10,MoRUWfgv82jgPd3T,1745151946000,8,1745151946000@PWAMoRUWfgv82jgPd3T,b037d90abbda65b61d0624a3dd6b36b07e81e8418863621ee3914fef1cbad270a068738778cf8b3c51790890bd030409
17,9R04ZA4ZZYUeRcWE,1745168555000,13,1745168555000@PWA9R04ZA4ZZYUeRcWE,3036b8fd6bf5be9e0c3a107aa3c2c2a1f779eef0774973774af702edba159a63736cdd9643642a57f82d0be72cb87e16
20,Mos7mIoNK4avGvlS,1745157150000,9,1745157150000@PWAMos7mIoNK4avGvlS,8fcfd7122ce1a7712d79896a457c68d925f5637e9630cc0be760bf4e2d3b24e5c373452863722ff356a6283015853ba5
4,9R04ZA4ZZYUeRcWE,1745188785000,18,1745188785000@PWA9R04ZA4ZZYUeRcWE,3f1f5828a43ac0bba5496de8c1a6d4339d8a3fc7ad961165088c912cd1a87cf41ae557f6ea02e65f19031d77be3e4832
7,MoRUWfgv82jgPd3T,1745182032000,16,1745182032000@PWAMoRUWfgv82jgPd3T,5c07e2851ab7bee9f7335814a972f9d555ee61d4d4d5156ca195e99f554227b20f163356dc9131d59a3d598651668738
11,H99gdk4e90cz0zTP,1745189477000,18,1745189477000@PWAH99gdk4e90cz0zTP,63d01da2b6ae06973fa430a567d12c544b20f88cde0bbaec20383d12c0c123a466ad65912dfb76c232f50cad5f1562a2
16,Mos7mIoNK4avGvlS,1745198039000,21,1745198039000@PWAMos7mIoNK4avGvlS,9c12a5d05b46b2adb983bf6b7357656032a708ae3f36ed25eb5189f865bcce1b315c87cc1dbc584718c71dd23997812a
2,9R04ZA4ZZYUeRcWE,1745152505000,8,1745152505000@PWA9R04ZA4ZZYUeRcWE,dfe111d57b4644c953eac1f61a87ddb2390cf6745e9c101b0ef8639d3ea4d3ecd5124672fe06eabbacb5e7f74a25d999
11,lWCK205bclZHHIVe,1745146901000,7,1745146901000@PWAlWCK205bclZHHIVe,6292cd1d0c2f2b3e70f8ce2984b2405cdb07378ab6ebedd060aaa30df8ffbfb275887be83e0819d90cfc0fbc201b18b2
17,9R04ZA4ZZYUeRcWE,1745181718000,16,1745181718000@PWA9R04ZA4ZZYUeRcWE,bc9a3d8f891b0ee45f00c3c75af2d1e0827f6bb251374f8ca06bbcd17daabb0462182ddcfb98da50cf1242a2d5851bc7
11,H99gdk4e90cz0zTP,1745191354000,19,1745191354000@PWAH99gdk4e90cz0zTP,d93c7b6ce964328f407a841b583dea1f0ffc7239b826f1490a68ca62a5a7adb079898ef22041d8e05d5be99e2a549cc8
2,MoRUWfgv82jgPd3T,1745146500000,6,1745146500000@PWAMoRUWfgv82jgPd3T,9b7c0eef2afd4310340006f87a657e46f5413e9227acae738ec2d8cf726954a2d5601b8f3f090503755c7aea11ca76b3
14,H99gdk4e90cz0zTP,1745174386000,14,1745174386000@PWAH99gdk4e90cz0zTP,62094facb4ce771700d3b4b343e646b0669e6d493ca9308752422eee6ffe31ee58cd27ed186876ea2802c5f147198336
7,H99gdk4e90cz0zTP,1745152270000,8,1745152270000@PWAH99gdk4e90cz0zTP,5facd8ba9b840ab828b89f1d7b6432175d6546e4fe63ce27de4a780a617bc95b2ce353533ff60f6ac86e5ee64d2d55a7
18,H99gdk4e90cz0zTP,1745160226000,10,1745160226000@PWAH99gdk4e90cz0zTP,8d855046f85a789b224aefdbcc701bcb92ff60c44ee4dfe1891ad15ebcba6980859e04f960ad9fe7fcc570084a064f38
16,MoRUWfgv82jgPd3T,1745162560000,11,1745162560000@PWAMoRUWfgv82jgPd3T,f15393e6537b0fd5ebafe967eab0fd547e986384f4e44e1af96fe4974061e9b1d00467344046d08006ba39b9e3978abb
9,9R04ZA4ZZYUeRcWE,1745164197000,11,1745164197000@PWA9R04ZA4ZZYUeRcWE,8ef8db8c58a72538da0972f67e44b74144cfc956ac3f92d4f2e7d92b7004d37f39940edf99707d68bce91315db58f13b
3,Mos7mIoNK4avGvlS,1745159929000,10,1745159929000@PWAMos7mIoNK4avGvlS,6087c260efefa710cae9309499f6154d9480e50b50a14804b3c1fc8151a9797889a6412cc690806de12cf8caf97c0ced
9,H99gdk4e90cz0zTP,1745173164000,14,1745173164000@PWAH99gdk4e90cz0zTP,ac98a0e107328f1249ca52815b75d31659a815eeef474c9c9a2cf0b11e8067f1b262f0f27c0ba4ac49d7beeaede024f5
1,lWCK205bclZHHIVe,1745191421000,19,1745191421000@PWAlWCK205bclZHHIVe,85ca7b2324a503b59e7c32f319281006a0856f337f9c39cdf3203abdf62908575db816ddb34be732fec7473e03527bdf
11,9R04ZA4ZZYUeRcWE,1745151904000,8,1745151904000@PWA9R04ZA4ZZYUeRcWE,a55ce11afc32fdb68ae5fb1166aef63287b7aa927d60a17cba8115ec05d05b7e08b5de0a7d253041e03164b8a4c230e6
4,MoRUWfgv82jgPd3T,1745164502000,11,1745164502000@PWAMoRUWfgv82jgPd3T,4c6b0913dcb02c6d336f1edbb428dad71bd25cc965a9e73dbbe3541724e1312e95f8e6c244cb211154e392d11a10c40a
17,lWCK205bclZHHIVe,1745170977000,13,1745170977000@PWAlWCK205bclZHHIVe,4acb733e34fd3500d256d4d274da8dfd1764e17c19a49a8551d21d760ea77b9508a2889d81f663ad9f73b957a004ac11
17,9R04ZA4ZZYUeRcWE,1745168555000,13,1745168555000@PWA9R04ZA4ZZYUeRcWE,3036b8fd6bf5be9e0c3a107aa3c2c2a1f779eef0774973774af702edba159a63736cdd9643642a57f82d0be72cb87e16
18,MoRUWfgv82jgPd3T,1745148410000,7,1745148410000@PWAMoRUWfgv82jgPd3T,0141f74b946753a7fbaac089806541cb86dd270ed6e8377256a837a45cb19da9954a72c4d711d374c624442b49e71fbf
12,H99gdk4e90cz0zTP,1745182701000,16,1745182701000@PWAH99gdk4e90cz0zTP,2b6037f5d129e0af8196263dd565f67997e483702ca9f94b57b22f8444fd151a1b9cc44ea465a681f4e5c55607539ea4
19,lWCK205bclZHHIVe,1745165494000,12,1745165494000@PWAlWCK205bclZHHIVe,e2dc818ad2776f7f742dda6f0452db661654caf8b6a51a3c4963b12e70e69995d5bf174993af08b9da241b51f9337808
6,MoRUWfgv82jgPd3T,1745154114000,9,1745154114000@PWAMoRUWfgv82jgPd3T,0bc0893490e7e257cd5b793c97b40272d4103d3bda41cc22f56668c5009d11e95e9f229a788e9edff45bbcc752f345d6
18,MoRUWfgv82jgPd3T,1745149193000,7,1745149193000@PWAMoRUWfgv82jgPd3T,81b8775686ff0aabf4971f934d3cdf7dd234619d55c34baf64a14fe281ce7418577142d3ea3ddbb2783a9ff98090a9fb
16,lWCK205bclZHHIVe,1745157434000,9,1745157434000@PWAlWCK205bclZHHIVe,eff224b8099a8184db06c092db3fcc5b46b010101368cf42f82c49d0658b5b564a20507e0edd1a510ab40593f4b83d02
1,H99gdk4e90cz0zTP,1745163657000,11,1745163657000@PWAH99gdk4e90cz0zTP,3ed6a92aac1ed419eb52742e8154e650949fd6d9261eb0e7dfc286d5898f309b7d28854acc0c0f49c179f2b8cc9f99f1
13,MoRUWfgv82jgPd3T,1745190298000,19,1745190298000@PWAMoRUWfgv82jgPd3T,8afb71b65e9c29a9f1c162a2c1b3ca23961f772b3a4872199006251a7e6a0e9939bffe9647b78b85197708ff0230a968
19,Mos7mIoNK4avGvlS,1745160128000,10,1745160128000@PWAMos7mIoNK4avGvlS,31fd85f0a22ca0787dc1e908ef500b416fc8e1a7fc014030acd944d3ae9f8b895c36f3f3d538c14598bd00c9a8107852
3,Mos7mIoNK4avGvlS,1745149644000,7,1745149644000@PWAMos7mIoNK4avGvlS,98bb0d6572e370d3f2d2a1976abcf74af844beed270022611c29fa238f735648b62fca59e3e3bd17248f7552d6840ade
16,H99gdk4e90cz0zTP,1745165431000,12,1745165431000@PWAH99gdk4e90cz0zTP,14237b09cfa75925ebbddac38c22bb0da922d92e926280af2dcfdbc05292a3c9e90e6e91b541a6b7ae8c84aae7a94e82
5,lWCK205bclZHHIVe,1745199681000,21,1745199681000@PWAlWCK205bclZHHIVe,b8d3ff9cafa5de52a3d3b7ba570008bb5c2e0de090927eaa15d9333b08645466b6d4dcbbb3b68763dca5fc0f9d0d8602
18,9R04ZA4ZZYUeRcWE,1745177938000,15,1745177938000@PWA9R04ZA4ZZYUeRcWE,9cfc815adda6da3644869626c3758beaae61e0abb22c353d1e368ec7949a8e1af02cd839e9fecb811bfa5d4f73819b0b
19,lWCK205bclZHHIVe,1745165494000,12,1745165494000@PWAlWCK205bclZHHIVe,e2dc818ad2776f7f742dda6f0452db661654caf8b6a51a3c4963b12e70e69995d5bf174993af08b9da241b51f9337808
16,lWCK205bclZHHIVe,1745160744000,10,1745160744000@PWAlWCK205bclZHHIVe,d01093f5734b57f686cb2a2e2574be4396c7b7e64e7ac34e9bfb6eacf76b7995076537462a2c4166e9a1bb287fbf78b8
7,9R04ZA4ZZYUeRcWE,1745182268000,16,1745182268000@PWA9R04ZA4ZZYUeRcWE,229e7115500eda90569c703eb30ed917b8a6b3362a5380ece251908875bcadfb6a44b67c55f813f9862af962c7f8b65e
5,MoRUWfgv82jgPd3T,1745168860000,13,1745168860000@PWAMoRUWfgv82jgPd3T,f88afbaf4a9fdea386b300deb619fa537af7370e008b72428698a552f2789314448a4e475bec23958bc2578053065739
4,H99gdk4e90cz0zTP,1745173051000,14,1745173051000@PWAH99gdk4e90cz0zTP,f082edf4b98756a73149b179897f8c946d9407f99dc62badc22d2d49d6011b735fe21a35d55882312eaa6d7dbf6b011a
4,9R04ZA4ZZYUeRcWE,1745150263000,7,1745150263000@PWA9R04ZA4ZZYUeRcWE,20de8a90e4ae82ad864267fe12ce9482cbef879d4c2345b01dba823236e277a3b75566c37c5854331fc9dc31676cc497
15,MoRUWfgv82jgPd3T,1745156064000,9,1745156064000@PWAMoRUWfgv82jgPd3T,7bad4e5cc068e112f8db8129be952e4d55d80441d2fcd5775713778291ed53428436047f8a8faca3922ebde5a3e17727
6,H99gdk4e90cz0zTP,1745171057000,13,1745171057000@PWAH99gdk4e90cz0zTP,e1afb0ac3aba2a67ab8d94f0bd1bbfb299708df4bb146afbcbf2da44be7e52adf8a9f09cf5794b852179e36227436abd
3,MoRUWfgv82jgPd3T,1745192813000,19,1745192813000@PWAMoRUWfgv82jgPd3T,badfc000811ca6d765cabd2e6c721976527a49d3518650a8dfbd652d0b331067b467e8e24ebbffa712ab2a6f645d44eb
2,MoRUWfgv82jgPd3T,1745157394000,9,1745157394000@PWAMoRUWfgv82jgPd3T,a9887f706e8044258ba98cb82ce5ad1617b6ce6a02182d72fd58e74f7caafa6fc76a463c8edb455a1aa12752dfd090d5
18,9R04ZA4ZZYUeRcWE,1745165524000,12,1745165524000@PWA9R04ZA4ZZYUeRcWE,f7d6ca8937551d1a989d8673b0daf31d78b2c42fd5121693b2b77aec78b715416a36eff1d91e36d16f0d77e007b04f8b
16,lWCK205bclZHHIVe,1745157434000,9,1745157434000@PWAlWCK205bclZHHIVe,eff224b8099a8184db06c092db3fcc5b46b010101368cf42f82c49d0658b5b564a20507e0edd1a510ab40593f4b83d02
3,Mos7mIoNK4avGvlS,1745173188000,14,1745173188000@PWAMos7mIoNK4avGvlS,982557ca0cee6dfc0d068b3986dd4c01a08fa780e71493928e3b73f4328384bc03c6f17621ef5fbab9f6f46623b4ef6e
7,MoRUWfgv82jgPd3T,1745173126000,14,1745173126000@PWAMoRUWfgv82jgPd3T,16874a003c99f1b1846172f9a6f4247771740316a9d5c3201cd2acf55a6e31d1e92521d2615702b5c36dc3feab71d0bf
16,Mos7mIoNK4avGvlS,1745164381000,11,1745164381000@PWAMos7mIoNK4avGvlS,46ac182cc1319cbc4b4ca693a22b1d8da2ae87537e07a8b67ea8f968522dc7e779702cf0b4b5e9f84b1c3890918d0607
10,Mos7mIoNK4avGvlS,1745175472000,14,1745175472000@PWAMos7mIoNK4avGvlS,c0943f70d1b92400c02022fd0642bd56289e805cc1f8210f0583e36c8782ca4145cb892e8cb16452efd5836f3dc5de2e
7,lWCK205bclZHHIVe,1745144555000,6,1745144555000@PWAlWCK205bclZHHIVe,9a8222a4056e7a09e713f2736ffc1fa224eb9cbf6887e7caf1d2da5da463aea8be8784adcabfb92494a898927eb8090c
2,lWCK205bclZHHIVe,1745184057000,17,1745184057000@PWAlWCK205bclZHHIVe,3bc77a557cfb915c18d239eca394375452fb53da7a841fc091fa7c79120a743e89152dbe16b979d0646f9ef9f3294a01
7,H99gdk4e90cz0zTP,1745189445000,18,1745189445000@PWAH99gdk4e90cz0zTP,84cbfa7891c022a4a42c43f3f41af0dd70d17b39e1700a5df09138cbe43f08f9bb47742ee7f83633bd9ac211d6812302
18,lWCK205bclZHHIVe,1745187442000,18,1745187442000@PWAlWCK205bclZHHIVe,6fc58c163907c25d913555142780f0979e5c73b8c5f2a7b6be72e88c805d68f70f0b5262a13eb6b0597f106ad8ccb4c4
18,9R04ZA4ZZYUeRcWE,1745177938000,15,1745177938000@PWA9R04ZA4ZZYUeRcWE,9cfc815adda6da3644869626c3758beaae61e0abb22c353d1e368ec7949a8e1af02cd839e9fecb811bfa5d4f73819b0b
10,MoRUWfgv82jgPd3T,1745160629000,10,1745160629000@PWAMoRUWfgv82jgPd3T,064c7f4a7984a3778f124d6200ded5750adfb9c058a2c5b5cbd5a4130e062bb7daf8e7edd6dab0076b7aaa78deae6c76
4,lWCK205bclZHHIVe,1745124345000,0,1745124345000@PWAlWCK205bclZHHIVe,5d899f67bca8465a47fd28b30e1df57fe9aaf213d4bad3dee03903464fef7731127fe0eaf238e12c2c35e49a1756f6ac
2,lWCK205bclZHHIVe,1745159694000,10,1745159694000@PWAlWCK205bclZHHIVe,f2f8171e405c279829cc9b16c1a717b99e21a8cdcb6cda0a8b655c6d19039b39d4b3908d32b71d4f6ae47c690699fbd5
16,Mos7mIoNK4avGvlS,1745164381000,11,1745164381000@PWAMos7mIoNK4avGvlS,46ac182cc1319cbc4b4ca693a22b1d8da2ae87537e07a8b67ea8f968522dc7e779702cf0b4b5e9f84b1c3890918d0607
10,9R04ZA4ZZYUeRcWE,1745203688000,22,1745203688000@PWA9R04ZA4ZZYUeRcWE,4109ff54f59204531fc5702b3da371b9f2031541b74be2531f75b87c81afd9c2bc966bb26cde009eaf5c04599dcf415d
20,MoRUWfgv82jgPd3T,1745181221000,16,1745181221000@PWAMoRUWfgv82jgPd3T,6e0ef74d75dcf7746c1a8db0d6705ed6a2d916232b7a8bf7e642df352c9c92197d994146aae16e523e6726167ca94f2e
11,Mos7mIoNK4avGvlS,1745165093000,12,1745165093000@PWAMos7mIoNK4avGvlS,96458d2ca61cb3506e3856c909c1cf7c878bc6e54468f4006366557fbc477a5e12eb3da2b3ddd3d09d590ec39973c680
15,MoRUWfgv82jgPd3T,1745192771000,19,1745192771000@PWAMoRUWfgv82jgPd3T,4be012465ff614c95105f1415869825522fe6230b42b6f134e588fef10c3109039a4a990c11a1dd797ac08b4d290dd51
15,MoRUWfgv82jgPd3T,1745170779000,13,1745170779000@PWAMoRUWfgv82jgPd3T,3cae4eec04ad2dff0b34f59bdec5770509db27eb2e4605a909ce2e3dad2a37fb658cb387ddc4af77bff2b6630e6d5a95
12,H99gdk4e90cz0zTP,1745156324000,9,1745156324000@PWAH99gdk4e90cz0zTP,145d2235afb2ce433ad1824f44188893cf21de1a622dbd4d4280889bd145457f4d43599f8faf816db0b0e177b51a7ae2
12,H99gdk4e90cz0zTP,1745197227000,21,1745197227000@PWAH99gdk4e90cz0zTP,02acaf750ea1cf372a900bd8d1e3957b3312742043c7b914049d161cf90a95024c465970fc94779a20dbdfb0a05bc38b
18,Mos7mIoNK4avGvlS,1745180296000,16,1745180296000@PWAMos7mIoNK4avGvlS,a370a1152517aab11731c5041a34ae453ea333115afe2e0b5e63ebc918a242d9fc417aec3e0e7bae99272aa93223c1fc
5,9R04ZA4ZZYUeRcWE,1745165246000,12,1745165246000@PWA9R04ZA4ZZYUeRcWE,784dc4badee08f8f1c6e04f7247b602efbecd98cad29b1ec99fb1d50f1043be6c3fb2db7de96086ca016f6d0585508b6
16,lWCK205bclZHHIVe,1745186786000,18,1745186786000@PWAlWCK205bclZHHIVe,3f3134eada27b1865969974372897661595f459de61892cbe16aafb83b334d347f28f6f1bc5526e5f5c3579b41d3374c
2,H99gdk4e90cz0zTP,1745156136000,9,1745156136000@PWAH99gdk4e90cz0zTP,66d59f69790ca1dfbe14a50cf7df951e994e763f8bc6866eec50d3bcf7bc1aaf6728afbec5b8c68ece5d84af935f15bb
4,9R04ZA4ZZYUeRcWE,1745188785000,18,1745188785000@PWA9R04ZA4ZZYUeRcWE,3f1f5828a43ac0bba5496de8c1a6d4339d8a3fc7ad961165088c912cd1a87cf41ae557f6ea02e65f19031d77be3e4832
17,Mos7mIoNK4avGvlS,1745171190000,13,1745171190000@PWAMos7mIoNK4avGvlS,d29f80784ee1dd3a347874cd18013d115c13cc88875f949000317c1fbfec93fa199d504f006d05ea48c76738039af5bd
19,H99gdk4e90cz0zTP,1745158677000,10,1745158677000@PWAH99gdk4e90cz0zTP,9d749a7451be8691da0e9cdfbf0aa7ffe85da0b2ae96e8f75b5dc5c20ddc71c953ee257d6df03fd13149bb2ba61e6e32
9,Mos7mIoNK4avGvlS,1745177462000,15,1745177462000@PWAMos7mIoNK4avGvlS,91b957c45247aca48264a3bea5152403895d36eb081f6f357f01f7a513ab310598f04f79dae6fb230cccedbf2bbcfcf3
13,H99gdk4e90cz0zTP,1745162672000,11,1745162672000@PWAH99gdk4e90cz0zTP,478644f1a65978e02c75c07d1a3ff1895342a0507796cb78f134a64a356ac8ccd46d0c973f4f603b31711b61245c6761
1,9R04ZA4ZZYUeRcWE,1745176766000,15,1745176766000@PWA9R04ZA4ZZYUeRcWE,adb2a0f67c074fa675163b2c06e889aebd28c426f9b7b88c2395559a54049b3b2370ee8f5c4d2862d766b9a53460324c
3,H99gdk4e90cz0zTP,1745170374000,13,1745170374000@PWAH99gdk4e90cz0zTP,6809cd2ab258779f1fe95c26463afc998b4c4799cac2bb93fbc73f7bc6066b5d21e5fd3c9f06d30a21c139b28e71931d
18,MoRUWfgv82jgPd3T,1745151138000,8,1745151138000@PWAMoRUWfgv82jgPd3T,9af876fe93dcfbdac12e60e6fe9171332b87e45bfdfe3c46e58461eccf57ae3ff163a374adf645951c4134cbba8275f6
3,Mos7mIoNK4avGvlS,1745159784000,10,1745159784000@PWAMos7mIoNK4avGvlS,02116938e0995ce575a2d6b8e8b3d92e8f96fcf1874e2e374bbc6132832bd856455f38c38bd62a837e7f735db692ea7b
11,lWCK205bclZHHIVe,1745146901000,7,1745146901000@PWAlWCK205bclZHHIVe,6292cd1d0c2f2b3e70f8ce2984b2405cdb07378ab6ebedd060aaa30df8ffbfb275887be83e0819d90cfc0fbc201b18b2
2,H99gdk4e90cz0zTP,1745156539000,9,1745156539000@PWAH99gdk4e90cz0zTP,0b88f489c181db3dd610bb3cfa9ab7940d2182edb17126f130a2a039d52411ffe13942b89a9f46cc5e270f5015fe5f2c
13,9R04ZA4ZZYUeRcWE,1745178894000,15,1745178894000@PWA9R04ZA4ZZYUeRcWE,96a52117b5808927baae7e1b817de690bd40e6d4dd434b84c1fb1f3d571d35fb786862f0f06ef5722c57eae3a2554a9b
12,H99gdk4e90cz0zTP,1745156324000,9,1745156324000@PWAH99gdk4e90cz0zTP,145d2235afb2ce433ad1824f44188893cf21de1a622dbd4d4280889bd145457f4d43599f8faf816db0b0e177b51a7ae2
9,MoRUWfgv82jgPd3T,1745179480000,16,1745179480000@PWAMoRUWfgv82jgPd3T,312053accff1fac9db3989e123a791a407e8c5a81f83dcd85f086681b48aa7c6279c6fafa383dae5ae28a99731fa44fe
4,9R04ZA4ZZYUeRcWE,1745146061000,6,1745146061000@PWA9R04ZA4ZZYUeRcWE,55e4d98085934fea8f3b10dea52227e3b39835344f9abfee21c1d6ed5b962dd9f5074b464daa4148cb6695f2d2f76c86
15,lWCK205bclZHHIVe,1745158357000,10,1745158357000@PWAlWCK205bclZHHIVe,993b62efdac016f14376b9defe120865b431c2a299f119c454f341d039193f564c002de4da395bda91ade3c981f400d4
14,MoRUWfgv82jgPd3T,1745162819000,11,1745162819000@PWAMoRUWfgv82jgPd3T,ede03238e9f7681b2a1cbfb7ce2ed66732cd0b460cb848aa383ea99631c7dad4c0947c31b85704faee7af44c703fc2c4
1,H99gdk4e90cz0zTP,1745172767000,14,1745172767000@PWAH99gdk4e90cz0zTP,91b86533d3bc8c719ffe74b486567c6b96377007887b76a35b620e0cc394b53f6b9f13fe47e51875e51aebc53b28187a
11,H99gdk4e90cz0zTP,1745152064000,8,1745152064000@PWAH99gdk4e90cz0zTP,f92215ec9273d9750de331b26b34f1e5e713af08bc8cc814731329db947ec45578c4c0b79450cc3842206ff201d0c214
14,lWCK205bclZHHIVe,1745154225000,9,1745154225000@PWAlWCK205bclZHHIVe,a6469ba0d6cb1e6e127c893393469e8f854660478d69b89d7d3c22495181734a3a81248804213f4384f6bcce532cf37d
3,lWCK205bclZHHIVe,1745173683000,14,1745173683000@PWAlWCK205bclZHHIVe,817c1f1ffee71f7b93b04d0231011a0253341e880b277f902f00cb263a7c187170e75a63c43c6c1beb64f759b71197f4
20,lWCK205bclZHHIVe,1745151199000,8,1745151199000@PWAlWCK205bclZHHIVe,aabe07463c518ec3332bcf54f9a0eca6cdafeb517ae80c3ecac715b4a4a2f354599840b6307077186a5cb52f071709c4
6,H99gdk4e90cz0zTP,1745153444000,8,1745153444000@PWAH99gdk4e90cz0zTP,d6438e852b8017e6cbcb7b990436bd2bbbfafcc72a2ad714607dd068a08ef016a8f635a064a5b86aca72203ad423ca7c
13,H99gdk4e90cz0zTP,1745173149000,14,1745173149000@PWAH99gdk4e90cz0zTP,d43f0b6b4b69af80f27d7c9db87b13c22a2b296e09da99689d1942139cee71f82502272e82d01d005a62ebf9df7458d9
19,9R04ZA4ZZYUeRcWE,1745155679000,9,1745155679000@PWA9R04ZA4ZZYUeRcWE,91a59997ec638b22728bb3dd3974b0901036dd6fe62ea80c9ff257c71f04b96d1ae989b97cbe8397afe85555bbb91a8c
10,H99gdk4e90cz0zTP,1745152275000,8,1745152275000@PWAH99gdk4e90cz0zTP,09234d9a5008ef09e595e4a2128b475348a91497b85dc3261912537f97cb2adbdfdc13e694f88b287898ce812a934788
7,H99gdk4e90cz0zTP,1745168592000,13,1745168592000@PWAH99gdk4e90cz0zTP,54a3ef34bf33694beb4ac4f6a5674c6b3baddd56ff836d8c85353a622e913f653926e60165f8e611f122cd1c6c7ff4d1
13,9R04ZA4ZZYUeRcWE,1745162179000,11,1745162179000@PWA9R04ZA4ZZYUeRcWE,5220f44fbcc8bb040cfb60b13ae1e054dc06d0163309c4e43974a77b6a8af2f27cb43e016730f8309bdddcce7f4671db
14,Mos7mIoNK4avGvlS,1745162369000,11,1745162369000@PWAMos7mIoNK4avGvlS,af7d6fd2bb4289e5251c6e5d12e16dcd27d48d8f11fcd8b83146739048fd53e4e1488c62b7985990e398bd949ac179b8
4,H99gdk4e90cz0zTP,1745163995000,11,1745163995000@PWAH99gdk4e90cz0zTP,ffc3eeee1e4a855203931ad78173b0bd9eb505b15bed4687cbeddec4eb38041d8b30b3705a06475bb3a8fa6985fda5e1
5,Mos7mIoNK4avGvlS,1745189167000,18,1745189167000@PWAMos7mIoNK4avGvlS,af7c156350d625e84ebc0f57e9a8ae80050bae99c7699f5ed2653213301e53d78c6a1077a0a281ee16f3b04e89f573e1
3,H99gdk4e90cz0zTP,1745170374000,13,1745170374000@PWAH99gdk4e90cz0zTP,6809cd2ab258779f1fe95c26463afc998b4c4799cac2bb93fbc73f7bc6066b5d21e5fd3c9f06d30a21c139b28e71931d
9,lWCK205bclZHHIVe,1745175398000,14,1745175398000@PWAlWCK205bclZHHIVe,2368165f346e520428081f95b29c334a3585b31f38e90c5613cc6cc527bf81f9b87f8e7fbf790c42c7b493523b9eedeb
3,MoRUWfgv82jgPd3T,1745156341000,9,1745156341000@PWAMoRUWfgv82jgPd3T,21a1579aa3762b9694e3bb0e0f0c4283d9eaf86e93f364812f6b16636d3c491d675f8f0077e7dcadde8e0e5cd2b1962c
11,MoRUWfgv82jgPd3T,1745160458000,10,1745160458000@PWAMoRUWfgv82jgPd3T,820d07a0c62aec9316a69ba800aa5a95aae19ed92f6740814ac62fa1402acf988bb3aa9aef0c9ad18773ac598b71c262
1,9R04ZA4ZZYUeRcWE,1745192830000,19,1745192830000@PWA9R04ZA4ZZYUeRcWE,5e06b8c6f6dcbabae9840bfbc30d4ba3b4c3558ebbbd56893cec9b3f3ca7d93f4153c21ce6fd64fd11b6590662945756
2,H99gdk4e90cz0zTP,1745147193000,7,1745147193000@PWAH99gdk4e90cz0zTP,e083e6f7133aeb12eb2ca8f73f6fbc787d898f6d414350506e5ed47265ee89fba0d6ef1c231314cfc5847082d00b784e
18,MoRUWfgv82jgPd3T,1745151138000,8,1745151138000@PWAMoRUWfgv82jgPd3T,9af876fe93dcfbdac12e60e6fe9171332b87e45bfdfe3c46e58461eccf57ae3ff163a374adf645951c4134cbba8275f6
2,lWCK205bclZHHIVe,1745177997000,15,1745177997000@PWAlWCK205bclZHHIVe,72fb176800f43d39a9bf9d43dc38ec018abc711ecbc8a91c219cc83c63d162a51fcf0bab9468a383be69901f231e6b81
9,lWCK205bclZHHIVe,1745171772000,13,1745171772000@PWAlWCK205bclZHHIVe,fc65c05f579ab00538b821ac4933b1a913d29b8c6df08b524ed224d4be8a4cad2937243b1e033ea1ce3d9f5c4df49028
12,lWCK205bclZHHIVe,1745183953000,17,1745183953000@PWAlWCK205bclZHHIVe,0cc4b85cc4e25e5600f3b61c96587eef9c90df77db036bbb90ce9948df34ca9fd682dc87dd85fe697a0e19f5e5d42bfa
5,H99gdk4e90cz0zTP,1745179254000,16,1745179254000@PWAH99gdk4e90cz0zTP,6f124c067b6ee748ed87a913153f05d22a55fe66b2a0d7d167ee89f25d9793ff547c6d9d0d1840f19beb738f2130150e
12,Mos7mIoNK4avGvlS,1745152085000,8,1745152085000@PWAMos7mIoNK4avGvlS,106c1ab9548e6c91eb388c2c8b0ccb56b17afafa86be67767b5b12cb55d192b2348f0b9b3d4a960334c8251308544943
13,9R04ZA4ZZYUeRcWE,1745178894000,15,1745178894000@PWA9R04ZA4ZZYUeRcWE,96a52117b5808927baae7e1b817de690bd40e6d4dd434b84c1fb1f3d571d35fb786862f0f06ef5722c57eae3a2554a9b
19,Mos7mIoNK4avGvlS,1745161284000,11,1745161284000@PWAMos7mIoNK4avGvlS,4c6c2f4600f76b441c9ba7dc1aa28eb4d348ea0e37cba7af4ba6dbb9cddd761ba8f1a44599a144d51065c442f6555901
4,lWCK205bclZHHIVe,1745196836000,20,1745196836000@PWAlWCK205bclZHHIVe,8d179a653543275443a869bc4fc8fdeb5f6e2c09b689dcda8817fdda58bdd0e583b56a5c0f38646823406eddcc582d2e
2,MoRUWfgv82jgPd3T,1745139254000,4,1745139254000@PWAMoRUWfgv82jgPd3T,2836fe740574d6d3908c682cb376c83d7082334be8ceed257b0d2dfd798177df0ad497dfcc6aceb5be2f2183318aaae6
17,9R04ZA4ZZYUeRcWE,1745174928000,14,1745174928000@PWA9R04ZA4ZZYUeRcWE,eb7afb81dde278028f27dc3b9f1d47d423cd1bbf228b80436e88968d6a432ec1750d0777348a97427f0d31f58791efc4
20,MoRUWfgv82jgPd3T,1745150069000,7,1745150069000@PWAMoRUWfgv82jgPd3T,3a16492b65de91bc3c79b984ab938597b1c57df85ce021555774f2b77aab6da34c03807cd0c85482d49a997067167f48
18,Mos7mIoNK4avGvlS,1745189165000,18,1745189165000@PWAMos7mIoNK4avGvlS,ef0a8b2a0a6cfd229621ac4bc9498fa69fb4595352a1e8380442b087877d92accba1bc0bcd9ae97019c01bd8d7b66b04
15,lWCK205bclZHHIVe,1745167780000,12,1745167780000@PWAlWCK205bclZHHIVe,6c817a6ed627143bdef370b02cd9319db924d4569734187f289e515460e307feb744e23fb9a52b8f36e47c5b9eb40f25
17,MoRUWfgv82jgPd3T,1745189847000,18,1745189847000@PWAMoRUWfgv82jgPd3T,23a3602c0ddedad690268477ffa95236c630273717e670f45bb53dd5e3d417f453c14b0b585ea8a3988fab792ef70907
13,Mos7mIoNK4avGvlS,1745159711000,10,1745159711000@PWAMos7mIoNK4avGvlS,d916267517adc1943dd9e481adc45ed41ca637a72723894a00c06521a45c28e31fbaf4bf555c08aa12dece71f17564e1
2,Mos7mIoNK4avGvlS,1745156710000,9,1745156710000@PWAMos7mIoNK4avGvlS,ea5d200581b2e55536be011cb47e255a5bdacbe535e6dfbc9082934145562fa75c21e7f9b27fdcad681be29403e3bff3
3,MoRUWfgv82jgPd3T,1745193325000,19,1745193325000@PWAMoRUWfgv82jgPd3T,f5d37f24b20f5896f4a9a7874260dc90dbb4f54123cd91560e580ab7c22cbc1fc26c57a16c6ee8946f2ef83e484bb6e5
10,lWCK205bclZHHIVe,1745155105000,9,1745155105000@PWAlWCK205bclZHHIVe,dd53ef8f069ae08c42ff080c3fd6dd60a0ea5b6b95dd0cd501005e898deaf202f9fda6a4728ba059d5b980ae4599b809
2,Mos7mIoNK4avGvlS,1745156710000,9,1745156710000@PWAMos7mIoNK4avGvlS,ea5d200581b2e55536be011cb47e255a5bdacbe535e6dfbc9082934145562fa75c21e7f9b27fdcad681be29403e3bff3
12,H99gdk4e90cz0zTP,1745173292000,14,1745173292000@PWAH99gdk4e90cz0zTP,2b933e2894fe55a55ac3c1f23f728b5b5155529fbc3913c08e4c76775197aed02f64706826e9d8dbbca8b58e1648aa94
20,H99gdk4e90cz0zTP,1745185249000,17,1745185249000@PWAH99gdk4e90cz0zTP,5bafb5052243ad3a1dc0d978d502c395bcd9076e69cd80fcc1d93ed0747dfc693301e07201b37b16d71e15e8764f1e9d
15,H99gdk4e90cz0zTP,1745194396000,20,1745194396000@PWAH99gdk4e90cz0zTP,1211d22c55d7073bf73c9824008cef97cdd0b636d9357a4778ae512f5093a2d1227d5e69eaeb4afcf2f4670e1ea74a42
1,lWCK205bclZHHIVe,1745186475000,18,1745186475000@PWAlWCK205bclZHHIVe,78f92bd93a170dca74b237eb51dad54bd277d22d5f65f6d31360cae355371d01bb0761026efcf953b436ed971104ebea
1,H99gdk4e90cz0zTP,1745157023000,9,1745157023000@PWAH99gdk4e90cz0zTP,1486e9c3094d5aea0908000c6c97df748e9bf39034375dbbf4b9640aa1268d05c0d0c6e777fbbf32a57d88af0abe8cb3
16,9R04ZA4ZZYUeRcWE,1745150907000,8,1745150907000@PWA9R04ZA4ZZYUeRcWE,3b1684f9a600114703c4faeacd2bd406b1e1b05e5e8699e9f4ab009575426ec11dd193af480526856772107208b00486
3,H99gdk4e90cz0zTP,1745170374000,13,1745170374000@PWAH99gdk4e90cz0zTP,6809cd2ab258779f1fe95c26463afc998b4c4799cac2bb93fbc73f7bc6066b5d21e5fd3c9f06d30a21c139b28e71931d
4,9R04ZA4ZZYUeRcWE,1745146061000,6,1745146061000@PWA9R04ZA4ZZYUeRcWE,55e4d98085934fea8f3b10dea52227e3b39835344f9abfee21c1d6ed5b962dd9f5074b464daa4148cb6695f2d2f76c86
13,9R04ZA4ZZYUeRcWE,1745155718000,9,1745155718000@PWA9R04ZA4ZZYUeRcWE,78fef35f5bdebb12209ab030fdd62ec79add124095dd291f0133801d53c1c1f45d7be6252320da852f91671d61a716ea
1,9R04ZA4ZZYUeRcWE,1745172983000,14,1745172983000@PWA9R04ZA4ZZYUeRcWE,e4f8ba4f9895125229e661fcbd0aeed507ff883b1ba1bf0590938aa3300cb3261e86f45b109eaf35984c0a6ce5a13e02
7,H99gdk4e90cz0zTP,1745150304000,7,1745150304000@PWAH99gdk4e90cz0zTP,546bec5bfc0120573b03f679ffc368b2b25da49af2ec067946336dfb96a1e2f19de7be713ece56ae0d2d3df31a812a60
9,Mos7mIoNK4avGvlS,1745181696000,16,1745181696000@PWAMos7mIoNK4avGvlS,210eff3e1b169532cea6b4034b16cab21fae955cb5c5d32b6665975d8b489d7c0fc082097de950210c74d30ba33a1cd2
17,H99gdk4e90cz0zTP,1745145552000,6,1745145552000@PWAH99gdk4e90cz0zTP,a9f845c87ad7e95061ac252adfdfac265e096e7ff8e4d51bfc748d641d145c2e4ede625976acdc1f9ce6782a259079af
2,Mos7mIoNK4avGvlS,1745173783000,14,1745173783000@PWAMos7mIoNK4avGvlS,cbe25efe3249d773d1b022fac7a8a3730bcb0d1a761b47f95b471117cb02a42eb349c33d5cbdd8a1c0a4b361810e4f2b
14,Mos7mIoNK4avGvlS,1745171331000,13,1745171331000@PWAMos7mIoNK4avGvlS,de4dee8c132bafe4509ead3b3533ed6eb4e0fa40b08772ba581ef1cf04991356803aaeebdc485c18cf1ba2a69e00ede1
5,MoRUWfgv82jgPd3T,1745190386000,19,1745190386000@PWAMoRUWfgv82jgPd3T,4ccbaeb973d98c5e15ec8ec7497583ef92f53d709d68c21ed36e31f5743a30301615e5fc33abdd27a6385e99991fe51e
20,MoRUWfgv82jgPd3T,1745123081000,0,1745123081000@PWAMoRUWfgv82jgPd3T,7c55dcb3ae2514fe19dfb3a85a73f4af3305f061e8db29be391f8a73c8c9fd2e6589a56968ea6ef48a6c44e424d0e0a7
15,9R04ZA4ZZYUeRcWE,1745185366000,17,1745185366000@PWA9R04ZA4ZZYUeRcWE,62053a16f95a38d11f150caf3c1ce75625790f70ab6fde6c53c374ec67a43f3bda29f5ee8e7812733b678399f7cce43e
16,MoRUWfgv82jgPd3T,1745155185000,9,1745155185000@PWAMoRUWfgv82jgPd3T,53f5d5daba62c05324a5840b47537263c23e7c214d1a14f9abe0a4923550bd7d35e236b4fdd13da0a3274a858afb5f17
15,9R04ZA4ZZYUeRcWE,1745185366000,17,1745185366000@PWA9R04ZA4ZZYUeRcWE,62053a16f95a38d11f150caf3c1ce75625790f70ab6fde6c53c374ec67a43f3bda29f5ee8e7812733b678399f7cce43e
18,Mos7mIoNK4avGvlS,1745170155000,13,1745170155000@PWAMos7mIoNK4avGvlS,2e0e25e85903b9e53fba648f894a61ef79e021352b8d83cf77a67204a17c80c7974cd326196c1641ca15e76f4f85faab
16,H99gdk4e90cz0zTP,1745162539000,11,1745162539000@PWAH99gdk4e90cz0zTP,dc2ededcfc509fa60e7ea1b7520b0c1e87ef6f0e0441218a352e3b002981937e62ebdca53aa3b46d7b1525dcbb45aadb
7,MoRUWfgv82jgPd3T,1745182032000,16,1745182032000@PWAMoRUWfgv82jgPd3T,5c07e2851ab7bee9f7335814a972f9d555ee61d4d4d5156ca195e99f554227b20f163356dc9131d59a3d598651668738
2,Mos7mIoNK4avGvlS,1745179490000,16,1745179490000@PWAMos7mIoNK4avGvlS,967775da63169eb9edf03b35754ed63ace8938e285e2b11cc12048a3cc11f4a1f4822792fdaca6f4d135a739e6818a9e
17,MoRUWfgv82jgPd3T,1745153173000,8,1745153173000@PWAMoRUWfgv82jgPd3T,93e8e984a2e5a0bf63ab111b58672bd26db88960b8343aa17626c318d29be94568cd45732deead59289a2d180c86e019
5,MoRUWfgv82jgPd3T,1745168860000,13,1745168860000@PWAMoRUWfgv82jgPd3T,f88afbaf4a9fdea386b300deb619fa537af7370e008b72428698a552f2789314448a4e475bec23958bc2578053065739
20,9R04ZA4ZZYUeRcWE,1745177651000,15,1745177651000@PWA9R04ZA4ZZYUeRcWE,025896e2ca5d3e94e8ed2ec7bc1a944d7de98f45484517ead4b7f4d030a9fe3c90414dfbe0cb16c86d8ce2d4f21cfd4c
19,lWCK205bclZHHIVe,1745170913000,13,1745170913000@PWAlWCK205bclZHHIVe,aaee20ef55215232c13c5dfb0bb43ea4b8135f9b9320f6e0658eab97aeb307bf2b3a0a9bea7adaca0a7aa4d5285a3514
17,Mos7mIoNK4avGvlS,1745181105000,16,1745181105000@PWAMos7mIoNK4avGvlS,7153895249ab143d811be2eec88ce1d7aba84f0c0c933f893085ec17cca74110e9c01ea2d5836739deb9f3b85191138e
3,9R04ZA4ZZYUeRcWE,1745147284000,7,1745147284000@PWA9R04ZA4ZZYUeRcWE,0266469d6849a7072fcd9acace2d6dd69d8fd1de2692536d81a27c9cc7e51021281305eb7c7de5b992cd85f6dcdd9a34
5,Mos7mIoNK4avGvlS,1745191662000,19,1745191662000@PWAMos7mIoNK4avGvlS,26336be6e3de4934df408d2deefaf0009ecbabaa21c571ef69c1aa6c6378a855e181a33c2c31086c88908a4cdc362193
5,Mos7mIoNK4avGvlS,1745185573000,17,1745185573000@PWAMos7mIoNK4avGvlS,8f09d635db74272411d5997ac16deaa968112647f92ec469c5122d7fff846dfba36df3205e9af7468987453fd0512149
9,Mos7mIoNK4avGvlS,1745180417000,16,1745180417000@PWAMos7mIoNK4avGvlS,367adbe30b9b70bea8d53690b95415826434e4ae9436ef134afc11055fe2f1cbaa4b4ef9d86601336a9b12a185378b08
2,MoRUWfgv82jgPd3T,1745170744000,13,1745170744000@PWAMoRUWfgv82jgPd3T,89c891a9dc93852be88a524f44517776d215b073dfd3d95f20910cbb1972873eef895fa64ccb7c5f9a17d144060164c2
13,Mos7mIoNK4avGvlS,1745169258000,13,1745169258000@PWAMos7mIoNK4avGvlS,1471cfb30191c210a99269e8574e1fd14c4d6d9f828514dd2ae9277b8f9a8f0f74c6882875bd4e600894771fd7490755
3,9R04ZA4ZZYUeRcWE,1745163093000,11,1745163093000@PWA9R04ZA4ZZYUeRcWE,d1780edde1e3f5be6c615ddf70a3f3f84859450086eae459678b45b09ff7689b6bcc8dea881a47675aa49f98aa516cf5
14,lWCK205bclZHHIVe,1745153625000,8,1745153625000@PWAlWCK205bclZHHIVe,d95c7ea6d7275ea791557beb5ad718fc59ddba1b9f80f29c926c245db7e93e6f1d7e23ac5e35c2016cb55020025465c1
11,lWCK205bclZHHIVe,1745153316000,8,1745153316000@PWAlWCK205bclZHHIVe,38326b355780d0af9a16cc30ab8b94ec4975f899d1881c0872becfa2e7163ead02b07ce0076e6c2e5ebad6af9684794a
18,Mos7mIoNK4avGvlS,1745189165000,18,1745189165000@PWAMos7mIoNK4avGvlS,ef0a8b2a0a6cfd229621ac4bc9498fa69fb4595352a1e8380442b087877d92accba1bc0bcd9ae97019c01bd8d7b66b04
2,MoRUWfgv82jgPd3T,1745157394000,9,1745157394000@PWAMoRUWfgv82jgPd3T,a9887f706e8044258ba98cb82ce5ad1617b6ce6a02182d72fd58e74f7caafa6fc76a463c8edb455a1aa12752dfd090d5
18,Mos7mIoNK4avGvlS,1745178564000,15,1745178564000@PWAMos7mIoNK4avGvlS,13c3681981844a4d9141b0f38c9138efaf0371cfebbd27ceb061c2b5b52485ede9a3840a69651f69a2095b000cf292ec
19,H99gdk4e90cz0zTP,1745163574000,11,1745163574000@PWAH99gdk4e90cz0zTP,23040857447a7a2702d4989167a89dbb7337c0d07c000476357c1b188367ad3d5fd7b7c4a8c9d5b00eedf07be97107f4
6,MoRUWfgv82jgPd3T,1745152811000,8,1745152811000@PWAMoRUWfgv82jgPd3T,3ef1be939ce7f33235f027647625ba5b260a9301fa83347aaf2e2c0fcb1a61666798d2c775752a421412c721363ec46e
9,lWCK205bclZHHIVe,1745160288000,10,1745160288000@PWAlWCK205bclZHHIVe,e1b63aefaf0220ccfb0925db24679a5c49c1259dbe70a7b980aeb9a1d38a0807a267a549622ee70d1955bd4846a167cb
18,Mos7mIoNK4avGvlS,1745180296000,16,1745180296000@PWAMos7mIoNK4avGvlS,a370a1152517aab11731c5041a34ae453ea333115afe2e0b5e63ebc918a242d9fc417aec3e0e7bae99272aa93223c1fc
2,MoRUWfgv82jgPd3T,1745176255000,15,1745176255000@PWAMoRUWfgv82jgPd3T,41ff9e949125c4384cd1231bf1b49c5ccb4fc062c8b18f2be4836e32d97f439a75562b578de810deaf66c18e410e4851
1,Mos7mIoNK4avGvlS,1745167818000,12,1745167818000@PWAMos7mIoNK4avGvlS,27760d1ffbc79701893be4a46bd40468ab4e1f327caeede7b0c2d92b58e87ffdd489611bc55396f63b91e7856a67ca1d
1,9R04ZA4ZZYUeRcWE,1745178202000,15,1745178202000@PWA9R04ZA4ZZYUeRcWE,649a9d0a791ba93877b12cab8128fa74480b3acc59aad1399c5e758b2e46816224cd329f4e1346353788aadd637c1103
15,lWCK205bclZHHIVe,1745158357000,10,1745158357000@PWAlWCK205bclZHHIVe,993b62efdac016f14376b9defe120865b431c2a299f119c454f341d039193f564c002de4da395bda91ade3c981f400d4
19,H99gdk4e90cz0zTP,1745180419000,16,1745180419000@PWAH99gdk4e90cz0zTP,ff40366d5650ee9f10e1341108238306e44791f8a99e3ef767b87bd6fa3d64a98e44f72d3ab730377b8416b33561c0ac
3,H99gdk4e90cz0zTP,1745170374000,13,1745170374000@PWAH99gdk4e90cz0zTP,6809cd2ab258779f1fe95c26463afc998b4c4799cac2bb93fbc73f7bc6066b5d21e5fd3c9f06d30a21c139b28e71931d
18,Mos7mIoNK4avGvlS,1745170155000,13,1745170155000@PWAMos7mIoNK4avGvlS,2e0e25e85903b9e53fba648f894a61ef79e021352b8d83cf77a67204a17c80c7974cd326196c1641ca15e76f4f85faab
3,MoRUWfgv82jgPd3T,1745164969000,12,1745164969000@PWAMoRUWfgv82jgPd3T,31f96b84b7b0fc651a853fded6ffe71567d2bede57f8f06174fc41ac770d64c442b071501eeefa756978b68a0d883ecd
2,lWCK205bclZHHIVe,1745184057000,17,1745184057000@PWAlWCK205bclZHHIVe,3bc77a557cfb915c18d239eca394375452fb53da7a841fc091fa7c79120a743e89152dbe16b979d0646f9ef9f3294a01
10,Mos7mIoNK4avGvlS,1745185262000,17,1745185262000@PWAMos7mIoNK4avGvlS,3183273f120fe50fa498e1cebbdcb1b2e2b2aba2b54f90b192471dfe6aa4ff2912026989557b574691869768b21a2d5f
14,H99gdk4e90cz0zTP,1745162378000,11,1745162378000@PWAH99gdk4e90cz0zTP,84aa19c52a6266779bdf5a6db971faa56b020ab203f8a8ec5afc36519b6d268ae085d8c548adf7b8bf7014007fe6683f
10,Mos7mIoNK4avGvlS,1745174099000,14,1745174099000@PWAMos7mIoNK4avGvlS,a66fe4dbe39f90dbe9b73ba3da94a33a3e8a771ee7dc4b88564cc3c141bfdc5221a154a0c92580ebe5e8a6d1b111784c
9,lWCK205bclZHHIVe,1745167638000,12,1745167638000@PWAlWCK205bclZHHIVe,7d881f8b251732241a59e8df9a9102683293335488d7bb3a80715764be307997d10905fb75969db348d61c26f18c5697
10,H99gdk4e90cz0zTP,1745161962000,11,1745161962000@PWAH99gdk4e90cz0zTP,345fe1bcaf709e050dd85d43a4db20e8a6d981e87f4d728a072f48bdb376678b7be4f8ce9cc31fbc2b505f9fbd5162f5
16,Mos7mIoNK4avGvlS,1745149954000,7,1745149954000@PWAMos7mIoNK4avGvlS,f3d6f68f564491fe5b946090bb835cbcac5c2b77e3a89fc1e72d2c752af82745a513d7007c494941cac41519a50bc228
1,MoRUWfgv82jgPd3T,1745159249000,10,1745159249000@PWAMoRUWfgv82jgPd3T,d4f40452be638da5e7e8e7ea075e470b6f766164f86a522fac0e0232d12889cab57a470082d13004d6401348ab61d304
15,Mos7mIoNK4avGvlS,1745165028000,12,1745165028000@PWAMos7mIoNK4avGvlS,c3dcd22b542a95c65a545f45cc6c35834ae30d3c80bedd71dab5dc900aceb309b83f776fb3cdde45d646fb55c00a3efb
2,MoRUWfgv82jgPd3T,1745171063000,13,1745171063000@PWAMoRUWfgv82jgPd3T,d4e2c4ed714665a3bdf8436c80a06b654e9432ae6812ef41e8f9246989828d768187ff31a3462af78e702f6c4cc8bc52
2,H99gdk4e90cz0zTP,1745156539000,9,1745156539000@PWAH99gdk4e90cz0zTP,0b88f489c181db3dd610bb3cfa9ab7940d2182edb17126f130a2a039d52411ffe13942b89a9f46cc5e270f5015fe5f2c
20,H99gdk4e90cz0zTP,1745123482000,0,1745123482000@PWAH99gdk4e90cz0zTP,9c8ff7c5ddce8b0c421ebb6e81165f23c77cdf400a536e1cdc743cc266cbcd2f0ce72ffab4694d64adbfd44059c0b081
17,9R04ZA4ZZYUeRcWE,1745185636000,17,1745185636000@PWA9R04ZA4ZZYUeRcWE,4c9a8796a76416455f91815ac253c53cd8ba98359b1759d36d99eaff09781de9fcbf9d7d6dfe9535f22eef2316f7cc71
1,lWCK205bclZHHIVe,1745150365000,7,1745150365000@PWAlWCK205bclZHHIVe,66ec4abd68364e1bf452affd655ead736b0bbf5244664f926a9bc03de0ba42fb3878e12e32e9ff79be6a5b52d44b6d47
1,Mos7mIoNK4avGvlS,1745162523000,11,1745162523000@PWAMos7mIoNK4avGvlS,41f927e8ae99130af4a1e0a7b3f42e167a62714e1944f1959d36f532b0a31cc067742301bc2ee2638eda72edaacb3ca5
17,H99gdk4e90cz0zTP,1745157644000,10,1745157644000@PWAH99gdk4e90cz0zTP,9cbab689efe4feb8b1aab708f7febd2c050ba5ef56a6e009e250bc7f1d9b1b3963278337117d761020e17d5b90245428
18,9R04ZA4ZZYUeRcWE,1745165524000,12,1745165524000@PWA9R04ZA4ZZYUeRcWE,f7d6ca8937551d1a989d8673b0daf31d78b2c42fd5121693b2b77aec78b715416a36eff1d91e36d16f0d77e007b04f8b
10,H99gdk4e90cz0zTP,1745157913000,10,1745157913000@PWAH99gdk4e90cz0zTP,1cf27859afeeae99895b179b3f7474eb608bfb73c1b6cc63df924150f1dbc2fdc4cc2aae821f191b9c39ea2f0eda6998
17,9R04ZA4ZZYUeRcWE,1745172919000,14,1745172919000@PWA9R04ZA4ZZYUeRcWE,3564d4247857830229ac29bfe8886409daa8c7537d5ecbdc547fbea22c1b0062fe706b59975c605038b7ea68a89f2586
11,H99gdk4e90cz0zTP,1745149087000,7,1745149087000@PWAH99gdk4e90cz0zTP,404db1217d6901fe167590600c1c874acd946ffad7c81c3b21ddf6ad31144466ca61f36dee7d05f72cec358a69d56fef
6,H99gdk4e90cz0zTP,1745153444000,8,1745153444000@PWAH99gdk4e90cz0zTP,d6438e852b8017e6cbcb7b990436bd2bbbfafcc72a2ad714607dd068a08ef016a8f635a064a5b86aca72203ad423ca7c
5,Mos7mIoNK4avGvlS,1745191662000,19,1745191662000@PWAMos7mIoNK4avGvlS,26336be6e3de4934df408d2deefaf0009ecbabaa21c571ef69c1aa6c6378a855e181a33c2c31086c88908a4cdc362193
8,MoRUWfgv82jgPd3T,1745185932000,17,1745185932000@PWAMoRUWfgv82jgPd3T,b9c3315fe65eef29518bc9477ce0c39c5cf663b97214bab70ff2af08c254024c7fa974dcabd8e3742f81aad2116600ad
14,9R04ZA4ZZYUeRcWE,1745193869000,20,1745193869000@PWA9R04ZA4ZZYUeRcWE,20c7348c115954635a2b60361ab80853cc38cb3b3897460025973c50560038ca7aa1cd9a24d7676a6a77a7eb96a44044
11,MoRUWfgv82jgPd3T,1745178221000,15,1745178221000@PWAMoRUWfgv82jgPd3T,bec99de22acb6b74a4c75c8d0f4d3a6aea84bac29f7f0f83268b9361e003a8d2c2ec12df69506998a7aedfc24a58e1c9
11,MoRUWfgv82jgPd3T,1745152271000,8,1745152271000@PWAMoRUWfgv82jgPd3T,5e9936cbd4dcf332e094e7dfc749a8138dcd7e17e0d70c0a9a180eb3e95d31549918761bde91fb0cde74504e38d10cb4
6,H99gdk4e90cz0zTP,1745188551000,18,1745188551000@PWAH99gdk4e90cz0zTP,429348189ad06bbdc639c9737377df49817cd06dd5d770d086c67984cefc1f187af55bc98db979bcffe77b5d6ad189a1
3,MoRUWfgv82jgPd3T,1745156341000,9,1745156341000@PWAMoRUWfgv82jgPd3T,21a1579aa3762b9694e3bb0e0f0c4283d9eaf86e93f364812f6b16636d3c491d675f8f0077e7dcadde8e0e5cd2b1962c
14,lWCK205bclZHHIVe,1745174035000,14,1745174035000@PWAlWCK205bclZHHIVe,4d8465a9a5deb8224813d2699125200340694dc21124993f26bb86eee2147f3c9492c16a6d2b3868461417f45387df20
20,9R04ZA4ZZYUeRcWE,1745189788000,18,1745189788000@PWA9R04ZA4ZZYUeRcWE,9eba4cee32ac3e75e61ea7fd5f825f2ffd078dd55a9538ceaa40c1ff5ef4a5fef353282ff931c6821b39bb58a880f7e0
17,9R04ZA4ZZYUeRcWE,1745185636000,17,1745185636000@PWA9R04ZA4ZZYUeRcWE,4c9a8796a76416455f91815ac253c53cd8ba98359b1759d36d99eaff09781de9fcbf9d7d6dfe9535f22eef2316f7cc71
11,lWCK205bclZHHIVe,1745162610000,11,1745162610000@PWAlWCK205bclZHHIVe,a349fabdf9786bf35bcdffe2b5ab0c53856d7aa91c21ec0e5c3678ec5a2ea49e2428a4285fcaf6c0fba25e5307ff34ae
7,MoRUWfgv82jgPd3T,1745161030000,10,1745161030000@PWAMoRUWfgv82jgPd3T,5caa355c3f6aca0a4a5759d130ee51b9cc2d1964c916b65982dbc20ad06ac6ec6f979bacdd3ccf1bf364290abbeb5093
11,lWCK205bclZHHIVe,1745195660000,20,1745195660000@PWAlWCK205bclZHHIVe,082061974d037e7ae81fc2ec530f780561faeb22f08ce9d8d467af14cd204092b3ec10331f9afc547630695454a1be2a
20,9R04ZA4ZZYUeRcWE,1745150058000,7,1745150058000@PWA9R04ZA4ZZYUeRcWE,664b2531f9cbab9032e043c0fd998317fb8f9a8e4eab23273f75873cc6afb386ffd6f1ebd20ab56724fa06956f5183dd
11,H99gdk4e90cz0zTP,1745143582000,6,1745143582000@PWAH99gdk4e90cz0zTP,bcdd40ee882772680bbe2944270e20428a079c2884a69d0b87135fbabdb0e8873a760af594bf5e2afc73bea4b166d040
11,9R04ZA4ZZYUeRcWE,1745154257000,9,1745154257000@PWA9R04ZA4ZZYUeRcWE,c19b9bc955d1f504a8ebafb78a291302db701de004b9c701869f63f6f00660507c188c808fecde1de8464a3e8b18f421
17,9R04ZA4ZZYUeRcWE,1745172919000,14,1745172919000@PWA9R04ZA4ZZYUeRcWE,3564d4247857830229ac29bfe8886409daa8c7537d5ecbdc547fbea22c1b0062fe706b59975c605038b7ea68a89f2586
4,H99gdk4e90cz0zTP,1745146259000,6,1745146259000@PWAH99gdk4e90cz0zTP,2ca8635f45a64950cb4595763cdce1d05248d6c820f157732062b12fa33b1fb2bfbb96f6efc87828aafd76b2eef12b8b
4,MoRUWfgv82jgPd3T,1745164502000,11,1745164502000@PWAMoRUWfgv82jgPd3T,4c6b0913dcb02c6d336f1edbb428dad71bd25cc965a9e73dbbe3541724e1312e95f8e6c244cb211154e392d11a10c40a
6,lWCK205bclZHHIVe,1745179256000,16,1745179256000@PWAlWCK205bclZHHIVe,1da157120556e53520a38d3b5870d5d0e7b0e9ab34034d4b9498a2af03aabb73196cb9bccba4a6f8050b843423327c15
16,lWCK205bclZHHIVe,1745169610000,13,1745169610000@PWAlWCK205bclZHHIVe,74e0e47529dafd04f493b4e9f1d1341073d165e823a4214031e49fa9c0348a22430c956bfb1058a38b05bd2d9d3cb691
19,lWCK205bclZHHIVe,1745165494000,12,1745165494000@PWAlWCK205bclZHHIVe,e2dc818ad2776f7f742dda6f0452db661654caf8b6a51a3c4963b12e70e69995d5bf174993af08b9da241b51f9337808
7,lWCK205bclZHHIVe,1745186330000,17,1745186330000@PWAlWCK205bclZHHIVe,5211ae959149271fa88b221986df9130880cc62d78b6146eb1edc02e6fcf67ddc07b84f6363ddc19e0e1417df3cc8e10
3,MoRUWfgv82jgPd3T,1745192813000,19,1745192813000@PWAMoRUWfgv82jgPd3T,badfc000811ca6d765cabd2e6c721976527a49d3518650a8dfbd652d0b331067b467e8e24ebbffa712ab2a6f645d44eb
16,Mos7mIoNK4avGvlS,1745149559000,7,1745149559000@PWAMos7mIoNK4avGvlS,70e64d5dba6b5e5a28744bb10eaa2749424b34c2eb1757ead37ee9f54bedc8c0ab47054435a9784ab6922d980760c479
10,MoRUWfgv82jgPd3T,1745160629000,10,1745160629000@PWAMoRUWfgv82jgPd3T,064c7f4a7984a3778f124d6200ded5750adfb9c058a2c5b5cbd5a4130e062bb7daf8e7edd6dab0076b7aaa78deae6c76
15,MoRUWfgv82jgPd3T,1745192771000,19,1745192771000@PWAMoRUWfgv82jgPd3T,4be012465ff614c95105f1415869825522fe6230b42b6f134e588fef10c3109039a4a990c11a1dd797ac08b4d290dd51
14,MoRUWfgv82jgPd3T,1745171746000,13,1745171746000@PWAMoRUWfgv82jgPd3T,d9832a2e41cd7ea99d98d5d133ac4f8fa5b47e0ab002d2aa5d287c8b7b795da66e20ff7fae9a94f64cb61bfeb11f1f06
2,9R04ZA4ZZYUeRcWE,1745178565000,15,1745178565000@PWA9R04ZA4ZZYUeRcWE,4fb44d186995de0bacc4de0d4c71734f479f613514def69128fef3d277e17454ee10e02adc3b15a0446e765547b0a508
11,H99gdk4e90cz0zTP,1745168377000,12,1745168377000@PWAH99gdk4e90cz0zTP,b096f3be79aee4f120ad64ae64e257c825ab182ecd84d2c43dcf1283510574eb22e397a748a208b16135af3d357075da
10,MoRUWfgv82jgPd3T,1745151946000,8,1745151946000@PWAMoRUWfgv82jgPd3T,b037d90abbda65b61d0624a3dd6b36b07e81e8418863621ee3914fef1cbad270a068738778cf8b3c51790890bd030409
16,H99gdk4e90cz0zTP,1745163483000,11,1745163483000@PWAH99gdk4e90cz0zTP,03234bd48607fe664c5e5bad6fde7db41bb4643ab1772bc75105543d9618d12a63b0289862c6bcba1c767e10d36cd703
4,9R04ZA4ZZYUeRcWE,1745146061000,6,1745146061000@PWA9R04ZA4ZZYUeRcWE,55e4d98085934fea8f3b10dea52227e3b39835344f9abfee21c1d6ed5b962dd9f5074b464daa4148cb6695f2d2f76c86
16,H99gdk4e90cz0zTP,1745172124000,14,1745172124000@PWAH99gdk4e90cz0zTP,e16488f12af7ea9b01d3b9e12455dfce81867511d2373f2d97159163988b8ae840abdfbd05bb3ee2db48a3cb18dad9f8
10,MoRUWfgv82jgPd3T,1745173318000,14,1745173318000@PWAMoRUWfgv82jgPd3T,5880aad8ca691b4d8ccb78baf282024d68345e04853603bc6a69b8ef172efd1b29656f84eccf485adb35ef9d21b1bd29
16,9R04ZA4ZZYUeRcWE,1745168376000,12,1745168376000@PWA9R04ZA4ZZYUeRcWE,61067af05255891652fae77e826885afb72c3a0aae475c55f1e17193d11213dd4eb9687d5f21580cc00666b7e2a034b4
17,lWCK205bclZHHIVe,1745167650000,12,1745167650000@PWAlWCK205bclZHHIVe,6fd705da0152a51803da37ed043b3fd16ebb043e7c71c8d1f7c614d6f7c0bf3b26e0e02b2b4cd35d583d14517c282f6a
10,H99gdk4e90cz0zTP,1745154689000,9,1745154689000@PWAH99gdk4e90cz0zTP,4234d032ae68a5d52aaf401515dca712f5996179b6c069bce74ce50158637f5b10c97b8eae18d4bee36a729ebe62da89
16,Mos7mIoNK4avGvlS,1745149559000,7,1745149559000@PWAMos7mIoNK4avGvlS,70e64d5dba6b5e5a28744bb10eaa2749424b34c2eb1757ead37ee9f54bedc8c0ab47054435a9784ab6922d980760c479
20,9R04ZA4ZZYUeRcWE,1745190852000,19,1745190852000@PWA9R04ZA4ZZYUeRcWE,4228f1b812b5466b23c094d1179349e591f7e288a166229448c181b264ed2e2b6b1e53f73452a92a1805b53ff2483de1
5,H99gdk4e90cz0zTP,1745156786000,9,1745156786000@PWAH99gdk4e90cz0zTP,6902bbb6373746516aff3fd979e31c6eeb13c84254a6302e0bf5624e23f3d33f1c724df6cf20e620bd649eedf92d7267
5,lWCK205bclZHHIVe,1745163233000,11,1745163233000@PWAlWCK205bclZHHIVe,9bc17bfbd6a19e1adb79b6cab674d6d1ddda649c94a4655cf97ef2ae8c54d0ba2b138f56f648d1cf98aab029b53730d6
5,Mos7mIoNK4avGvlS,1745189167000,18,1745189167000@PWAMos7mIoNK4avGvlS,af7c156350d625e84ebc0f57e9a8ae80050bae99c7699f5ed2653213301e53d78c6a1077a0a281ee16f3b04e89f573e1
10,Mos7mIoNK4avGvlS,1745174099000,14,1745174099000@PWAMos7mIoNK4avGvlS,a66fe4dbe39f90dbe9b73ba3da94a33a3e8a771ee7dc4b88564cc3c141bfdc5221a154a0c92580ebe5e8a6d1b111784c
7,H99gdk4e90cz0zTP,1745171935000,13,1745171935000@PWAH99gdk4e90cz0zTP,399e6f94d7853dcbfe4bee125ec1c34bcc3564791031a4d05b41ca93ac929a30f8a90dad153b8976eac21da844037c9a
5,9R04ZA4ZZYUeRcWE,1745184271000,17,1745184271000@PWA9R04ZA4ZZYUeRcWE,17c180878808f41cf19ab626d8344c0064f2c3e6e74d2dee5709d0f7614a782b05cae0980a10b57dffc4731e1edbcd70
14,H99gdk4e90cz0zTP,1745174386000,14,1745174386000@PWAH99gdk4e90cz0zTP,62094facb4ce771700d3b4b343e646b0669e6d493ca9308752422eee6ffe31ee58cd27ed186876ea2802c5f147198336
6,lWCK205bclZHHIVe,1745162365000,11,1745162365000@PWAlWCK205bclZHHIVe,7bcafef2957572406c676e3f87b6f534bb47edc9895bd29c1914eec0788bfa357728c784043b6159fb87f7a821102560
17,H99gdk4e90cz0zTP,1745162435000,11,1745162435000@PWAH99gdk4e90cz0zTP,b15070492c02f5169a140196832974c36873475b943497916976e17338728561f31c3e24d59dd9ba181492eccf7dc2ce
1,9R04ZA4ZZYUeRcWE,1745178202000,15,1745178202000@PWA9R04ZA4ZZYUeRcWE,649a9d0a791ba93877b12cab8128fa74480b3acc59aad1399c5e758b2e46816224cd329f4e1346353788aadd637c1103
5,9R04ZA4ZZYUeRcWE,1745165246000,12,1745165246000@PWA9R04ZA4ZZYUeRcWE,784dc4badee08f8f1c6e04f7247b602efbecd98cad29b1ec99fb1d50f1043be6c3fb2db7de96086ca016f6d0585508b6
15,MoRUWfgv82jgPd3T,1745200954000,22,1745200954000@PWAMoRUWfgv82jgPd3T,67e06381139da97e85198a5f7bfb44e49433f5d7f02303edf8bbe737bfe9e680682b65b69b450b8d3093d11647032323
2,Mos7mIoNK4avGvlS,1745179490000,16,1745179490000@PWAMos7mIoNK4avGvlS,967775da63169eb9edf03b35754ed63ace8938e285e2b11cc12048a3cc11f4a1f4822792fdaca6f4d135a739e6818a9e
12,lWCK205bclZHHIVe,1745167665000,12,1745167665000@PWAlWCK205bclZHHIVe,088b1ce4f132935442239cca55b012ab2cec2863b3d3f0f50aa60de1bebd4e87cac84eedc60d7e3bbd1f143735647d27
3,H99gdk4e90cz0zTP,1745172663000,14,1745172663000@PWAH99gdk4e90cz0zTP,ec0d024e61eb78dcc24ef5faeb515d8847adfc0f05f72bc8bf3116f1238680578caefa79312ab253836e4322acd8e0c0
7,H99gdk4e90cz0zTP,1745152270000,8,1745152270000@PWAH99gdk4e90cz0zTP,5facd8ba9b840ab828b89f1d7b6432175d6546e4fe63ce27de4a780a617bc95b2ce353533ff60f6ac86e5ee64d2d55a7
14,Mos7mIoNK4avGvlS,1745190982000,19,1745190982000@PWAMos7mIoNK4avGvlS,a2bedbc865fdaf6976b854f702385b725cc3eb7170957c1643648035f729a68fd36f98f5eb7a4e4da0f8a45f78bf8592
1,9R04ZA4ZZYUeRcWE,1745178202000,15,1745178202000@PWA9R04ZA4ZZYUeRcWE,649a9d0a791ba93877b12cab8128fa74480b3acc59aad1399c5e758b2e46816224cd329f4e1346353788aadd637c1103
16,lWCK205bclZHHIVe,1745169610000,13,1745169610000@PWAlWCK205bclZHHIVe,74e0e47529dafd04f493b4e9f1d1341073d165e823a4214031e49fa9c0348a22430c956bfb1058a38b05bd2d9d3cb691
20,Mos7mIoNK4avGvlS,1745189733000,18,1745189733000@PWAMos7mIoNK4avGvlS,762fe36e91ec67d2348b1997c5d654bcb9b725d7882f815f503c3150314dacfde36c1fb0a88c278fdf28a2685a99fa0d
1,9R04ZA4ZZYUeRcWE,1745192871000,19,1745192871000@PWA9R04ZA4ZZYUeRcWE,2c9df4602c2d09e2e78b4ba5cb7ed688ca3e620e3624581c266c8a70b265037bdb336be929ba7699ed0671440717d95d
19,9R04ZA4ZZYUeRcWE,1745159644000,10,1745159644000@PWA9R04ZA4ZZYUeRcWE,2095561a4253e1983849947abdb9dd78578dc08cd80c90745378be2d03b4391b58cdea8f5f5e4b3690bd893149674e2c
10,lWCK205bclZHHIVe,1745183871000,17,1745183871000@PWAlWCK205bclZHHIVe,0f57fc5266397e39cf0a8b193b19d766efdb2c200fc53fdf1c6e745b24cf4ab3a11ed0f9195c20b97f04b13230171a1c
16,lWCK205bclZHHIVe,1745157434000,9,1745157434000@PWAlWCK205bclZHHIVe,eff224b8099a8184db06c092db3fcc5b46b010101368cf42f82c49d0658b5b564a20507e0edd1a510ab40593f4b83d02
15,H99gdk4e90cz0zTP,1745158855000,10,1745158855000@PWAH99gdk4e90cz0zTP,79915e6f0f857799442bf8f673e3aa495f01031b4a41376be5752cf0e0830a3a1a4d57043c29c4a4953be122e92cc936
20,H99gdk4e90cz0zTP,1745185249000,17,1745185249000@PWAH99gdk4e90cz0zTP,5bafb5052243ad3a1dc0d978d502c395bcd9076e69cd80fcc1d93ed0747dfc693301e07201b37b16d71e15e8764f1e9d
4,9R04ZA4ZZYUeRcWE,1745173218000,14,1745173218000@PWA9R04ZA4ZZYUeRcWE,20e9000796a4a4f59bb82aea269182fa4147fa4c8d56b835772da6b368076cef59bc54d2f2b53b61148c6f1ac3ddf0ea
14,9R04ZA4ZZYUeRcWE,1745155749000,9,1745155749000@PWA9R04ZA4ZZYUeRcWE,6d4447c012651775eb524fd71835a4a7d6a89e7c66f6d99f992c53658ade1fd1815512f203efcb89fb234e8badea64a6
7,9R04ZA4ZZYUeRcWE,1745145099000,6,1745145099000@PWA9R04ZA4ZZYUeRcWE,253ee88f8887e82ea849037dee57f9e0b267cd34a97280757e3dceefec7bf25b0e63f6d4d479c2e0d370b97096340de0
20,H99gdk4e90cz0zTP,1745123482000,0,1745123482000@PWAH99gdk4e90cz0zTP,9c8ff7c5ddce8b0c421ebb6e81165f23c77cdf400a536e1cdc743cc266cbcd2f0ce72ffab4694d64adbfd44059c0b081
13,H99gdk4e90cz0zTP,1745188767000,18,1745188767000@PWAH99gdk4e90cz0zTP,3da5d8bc0c38b62dd08f1c04a286a3f55b8b84b07f428f4caf7ddad946fe7426e50fd96f493df90f55fd92d533d338e5
8,9R04ZA4ZZYUeRcWE,1745161949000,11,1745161949000@PWA9R04ZA4ZZYUeRcWE,0b478179da35ec491a7d892d43390d5402cc179cc0f9f1b9032ca15dd73840877ac3b6658feba2de4a4dd386b84d1d5e
9,Mos7mIoNK4avGvlS,1745193413000,19,1745193413000@PWAMos7mIoNK4avGvlS,d6cc2c07e7f790f5c0a0cca4d587a9dd684e6f6d1bb27ea2ab970e673430df7e9448d9304d9550169e48cc321128e77d
3,lWCK205bclZHHIVe,1745160502000,10,1745160502000@PWAlWCK205bclZHHIVe,18f8bf15dfbdb0304846537fb3e8c090689573cdcd2b85fd85daca08b16298c36ea8830be86c8aad58ca217ebfedd636
14,lWCK205bclZHHIVe,1745153625000,8,1745153625000@PWAlWCK205bclZHHIVe,d95c7ea6d7275ea791557beb5ad718fc59ddba1b9f80f29c926c245db7e93e6f1d7e23ac5e35c2016cb55020025465c1
15,lWCK205bclZHHIVe,1745188120000,18,1745188120000@PWAlWCK205bclZHHIVe,4b29f5529cb1601bf91d9a733e7afab95d2b1ab3b67fa6b5b82905b62108dd03c23fc569ff78f9b693e7635e40c76753
19,lWCK205bclZHHIVe,1745166259000,12,1745166259000@PWAlWCK205bclZHHIVe,8ef598b1d138dc11b4201f3e35dae585fb646fc0b7f2e1388a0b4c8c35d92656b1109f168f0ae715c434ac3541fb734e
10,lWCK205bclZHHIVe,1745155278000,9,1745155278000@PWAlWCK205bclZHHIVe,43fbb087f6d89cd2b714b6d964ae53dcf19dcf2332f856ee3f83efd1fefd86cba1d5d74e52e5c95415d2559a0bad9b66
20,H99gdk4e90cz0zTP,1745193981000,20,1745193981000@PWAH99gdk4e90cz0zTP,ceedb770b86fb1927f1fe6f72dd2bc45209c92e45df6132d51d45806ce9998a2cb540651538adac40f46d8c04f3d67d4
12,H99gdk4e90cz0zTP,1745182701000,16,1745182701000@PWAH99gdk4e90cz0zTP,2b6037f5d129e0af8196263dd565f67997e483702ca9f94b57b22f8444fd151a1b9cc44ea465a681f4e5c55607539ea4
9,9R04ZA4ZZYUeRcWE,1745167040000,12,1745167040000@PWA9R04ZA4ZZYUeRcWE,5d82277ba7660f71db53c8ed8f097554c6a97532ad83d79618d7f392fbb00f329828ce8e6305315158413d507a059d1e
5,lWCK205bclZHHIVe,1745175871000,15,1745175871000@PWAlWCK205bclZHHIVe,b48dd95306b65f13235907dbe4798bbdb68792714a2d6c9470cac54b23e527c8b309594f91e9a47a0ea6bff862c860bf
3,Mos7mIoNK4avGvlS,1745159784000,10,1745159784000@PWAMos7mIoNK4avGvlS,02116938e0995ce575a2d6b8e8b3d92e8f96fcf1874e2e374bbc6132832bd856455f38c38bd62a837e7f735db692ea7b
3,H99gdk4e90cz0zTP,1745166057000,12,1745166057000@PWAH99gdk4e90cz0zTP,a4fae6f02b0cb6f2ea0cbb95b3908fd969760e838a405c131f05f6ee1032e5986d122533a92e1d04d8c941674aa4fdfd
13,9R04ZA4ZZYUeRcWE,1745153464000,8,1745153464000@PWA9R04ZA4ZZYUeRcWE,d28ef22f5a368e1de6ab05874e1a48de1564b52dfac7f3d5ac2f082f2d2be7c0e3c317d496cd8a983c910ed61ff6c973
11,9R04ZA4ZZYUeRcWE,1745151971000,8,1745151971000@PWA9R04ZA4ZZYUeRcWE,a94422176aabbf33bf3049c4eee1eaca541b5375d5221092845b95a6207ee85e3c49514c308db9ea87eb1d80fa65a5ac
10,Mos7mIoNK4avGvlS,1745175472000,14,1745175472000@PWAMos7mIoNK4avGvlS,c0943f70d1b92400c02022fd0642bd56289e805cc1f8210f0583e36c8782ca4145cb892e8cb16452efd5836f3dc5de2e
17,lWCK205bclZHHIVe,1745170977000,13,1745170977000@PWAlWCK205bclZHHIVe,4acb733e34fd3500d256d4d274da8dfd1764e17c19a49a8551d21d760ea77b9508a2889d81f663ad9f73b957a004ac11
14,H99gdk4e90cz0zTP,1745163104000,11,1745163104000@PWAH99gdk4e90cz0zTP,1635300a46d1a4f6e5df4bea069b33997839f96c826d754fd0232ba0bf51c2384af15e624d90abea4ae9aac211ad735b
19,H99gdk4e90cz0zTP,1745180419000,16,1745180419000@PWAH99gdk4e90cz0zTP,ff40366d5650ee9f10e1341108238306e44791f8a99e3ef767b87bd6fa3d64a98e44f72d3ab730377b8416b33561c0ac
17,H99gdk4e90cz0zTP,1745155478000,9,1745155478000@PWAH99gdk4e90cz0zTP,2e98f4b7c0729d4384e037b128f47af2df8672e86e5e82d1c608074d78d4e60f3bad76e6bb8834ac52d007a4d3cfad4b
6,MoRUWfgv82jgPd3T,1745188719000,18,1745188719000@PWAMoRUWfgv82jgPd3T,4f884b0cb719562ee073440eaa1bbb5a4d4c82a6f964f2a33fc10c29a639c8053778a9d0d3ed5b18526e46325df839b9
16,MoRUWfgv82jgPd3T,1745156722000,9,1745156722000@PWAMoRUWfgv82jgPd3T,c6e41751dfd7f708c688dfe54f40dedb5e1114c884bd4a02a5adcf769fb21c8aac1c0dd49c85e6cd48c4be409e92ccdc
14,9R04ZA4ZZYUeRcWE,1745142667000,5,1745142667000@PWA9R04ZA4ZZYUeRcWE,bafe1e299256518ed7197feb69ca93a6d44f70289b21bf8ac44be26e6584db21a182b646c106d5afe17ca756b6fc5edb
9,lWCK205bclZHHIVe,1745160288000,10,1745160288000@PWAlWCK205bclZHHIVe,e1b63aefaf0220ccfb0925db24679a5c49c1259dbe70a7b980aeb9a1d38a0807a267a549622ee70d1955bd4846a167cb
16,9R04ZA4ZZYUeRcWE,1745150907000,8,1745150907000@PWA9R04ZA4ZZYUeRcWE,3b1684f9a600114703c4faeacd2bd406b1e1b05e5e8699e9f4ab009575426ec11dd193af480526856772107208b00486
20,lWCK205bclZHHIVe,1745138296000,4,1745138296000@PWAlWCK205bclZHHIVe,cf5cf33f6c4fdd69c2dba291769ea00a0bdd0daa2681347673c39f3238feab70e6565abd9e2219752b5aec7e7da69889
20,MoRUWfgv82jgPd3T,1745189172000,18,1745189172000@PWAMoRUWfgv82jgPd3T,cfbefc4c7339585d0d406c98f23cf3d624e62b7ff957a0169b0e44658492f396bc6426ffaf1c1004975b16b69140294f
2,9R04ZA4ZZYUeRcWE,1745152505000,8,1745152505000@PWA9R04ZA4ZZYUeRcWE,dfe111d57b4644c953eac1f61a87ddb2390cf6745e9c101b0ef8639d3ea4d3ecd5124672fe06eabbacb5e7f74a25d999
13,Mos7mIoNK4avGvlS,1745181243000,16,1745181243000@PWAMos7mIoNK4avGvlS,6138e48e99ae33aca6507fadcb7afd008b749f5f95349b0b28037d536f8be792df25d3604cc50259c619556de28af8e4
6,Mos7mIoNK4avGvlS,1745170591000,13,1745170591000@PWAMos7mIoNK4avGvlS,0b66ca4252462f19481f056445700a0ead9e5b800a41a22a76a9aa622115c93e10a7fe9baf8ec54f87c9fa956b3f2d85
18,Mos7mIoNK4avGvlS,1745194293000,20,1745194293000@PWAMos7mIoNK4avGvlS,5e2a9df42b699c8d4eee67f3e9cf7d1fc36ccfbb3a758590554e0117e5751db6230a72e314fb31992110f0048964ed92
14,MoRUWfgv82jgPd3T,1745193657000,20,1745193657000@PWAMoRUWfgv82jgPd3T,27590839f8f1abcf8fe401a4339fd9573e782655cc3f1507e59bdc6675e8c4dd26eb360dbb0db68b65b286cd2a4022bf
20,MoRUWfgv82jgPd3T,1745160886000,10,1745160886000@PWAMoRUWfgv82jgPd3T,e6b8bf8cbd277c98de0a7bf8c6cb8cf4015a2a5eab7b9ec89289232a31f68779a053992ff4596e0806c1ade8c9f5928d
7,MoRUWfgv82jgPd3T,1745182032000,16,1745182032000@PWAMoRUWfgv82jgPd3T,5c07e2851ab7bee9f7335814a972f9d555ee61d4d4d5156ca195e99f554227b20f163356dc9131d59a3d598651668738
20,9R04ZA4ZZYUeRcWE,1745185296000,17,1745185296000@PWA9R04ZA4ZZYUeRcWE,fb175ab6156f3af3f743d2972f7d06c1aa4cf8c62f44b24158a5f9a7bc886a883843118468760dc1fe4a81badaf02818
4,Mos7mIoNK4avGvlS,1745171016000,13,1745171016000@PWAMos7mIoNK4avGvlS,8f91884a27a985e8ec856bd79a6cacc6d78a537df3372e198ac35c15b467986b2ff6842e2bc85d99254bb37c58be583e
9,Mos7mIoNK4avGvlS,1745157220000,9,1745157220000@PWAMos7mIoNK4avGvlS,06ef3352af62bf6345fa7f69f7940194e124975b7d2ccc8dcb78b19ba4dbe4ba3a76f8c7e906255968ff49e099ea50b6
1,9R04ZA4ZZYUeRcWE,1745165841000,12,1745165841000@PWA9R04ZA4ZZYUeRcWE,fef54bfbdaeb24d4795ed0927effb879ce5dd6bafe394a11bd1477818a626a906ef5dd720dae109b1a4617cda759df55
14,H99gdk4e90cz0zTP,1745161395000,11,1745161395000@PWAH99gdk4e90cz0zTP,c99b231edd6f24559dd92f2500a7b9ecf3d424468c06b5bacf97fbb2fb199e059d4bdab9d9c29bcb6a85275e066ab1f9
18,9R04ZA4ZZYUeRcWE,1745177938000,15,1745177938000@PWA9R04ZA4ZZYUeRcWE,9cfc815adda6da3644869626c3758beaae61e0abb22c353d1e368ec7949a8e1af02cd839e9fecb811bfa5d4f73819b0b
13,lWCK205bclZHHIVe,1745154418000,9,1745154418000@PWAlWCK205bclZHHIVe,cf5679c73be7607403937cebcfc9cf341ed5b593b11f8638c1d5d6fd10dca709dddc0cb3a276afb994f13b0875212a96
7,9R04ZA4ZZYUeRcWE,1745195476000,20,1745195476000@PWA9R04ZA4ZZYUeRcWE,6a046bd30397037b98fd427ac9a502dbbdd176db66cafbd437675007fd7ae5ab39019e8dc88b642687bafb69b40f448d
15,9R04ZA4ZZYUeRcWE,1745152183000,8,1745152183000@PWA9R04ZA4ZZYUeRcWE,2276f99ee7ea46ac298e87d665c18de650400eb5133f1538fdeb11922031795a46ccf0a16089c8ea0e4f0250df6f4122
1,9R04ZA4ZZYUeRcWE,1745178202000,15,1745178202000@PWA9R04ZA4ZZYUeRcWE,649a9d0a791ba93877b12cab8128fa74480b3acc59aad1399c5e758b2e46816224cd329f4e1346353788aadd637c1103
6,H99gdk4e90cz0zTP,1745171057000,13,1745171057000@PWAH99gdk4e90cz0zTP,e1afb0ac3aba2a67ab8d94f0bd1bbfb299708df4bb146afbcbf2da44be7e52adf8a9f09cf5794b852179e36227436abd
16,H99gdk4e90cz0zTP,1745165431000,12,1745165431000@PWAH99gdk4e90cz0zTP,14237b09cfa75925ebbddac38c22bb0da922d92e926280af2dcfdbc05292a3c9e90e6e91b541a6b7ae8c84aae7a94e82
15,H99gdk4e90cz0zTP,1745173627000,14,1745173627000@PWAH99gdk4e90cz0zTP,eb648a53bd20a1244bde911e3de21593914db689d8de5ea4ca5076cb630d27310aae81ef57e24e524b4be393f525852c
9,MoRUWfgv82jgPd3T,1745179480000,16,1745179480000@PWAMoRUWfgv82jgPd3T,312053accff1fac9db3989e123a791a407e8c5a81f83dcd85f086681b48aa7c6279c6fafa383dae5ae28a99731fa44fe
9,Mos7mIoNK4avGvlS,1745170771000,13,1745170771000@PWAMos7mIoNK4avGvlS,90d9d5861dff591d718228db2a077923f46ebce7793a46c7032c8ab9e82c72b6cd576289afcff3e132330763c09d1182
10,Mos7mIoNK4avGvlS,1745189617000,18,1745189617000@PWAMos7mIoNK4avGvlS,4504f9a8ce50c43b00013065b8ba83edd6fa5cc0b9dc35d558a7dc35c120c11ef3075e2ea4d9fb606dbb8638b90d148b
20,Mos7mIoNK4avGvlS,1745195650000,20,1745195650000@PWAMos7mIoNK4avGvlS,bbb04710f40bbfd7935c5c2fa68decb7a5304815965e0b54e67412a3df895b7120bd444cd95ce8307c8e0afeef39d9fc
10,MoRUWfgv82jgPd3T,1745163444000,11,1745163444000@PWAMoRUWfgv82jgPd3T,55a8e3089ddc7dac703674757a3f77e53308e9b63421a58d8285cbf124ed6afc23c2fc91baaf44c7e510e146214cd541
2,H99gdk4e90cz0zTP,1745156539000,9,1745156539000@PWAH99gdk4e90cz0zTP,0b88f489c181db3dd610bb3cfa9ab7940d2182edb17126f130a2a039d52411ffe13942b89a9f46cc5e270f5015fe5f2c
18,H99gdk4e90cz0zTP,1745146787000,6,1745146787000@PWAH99gdk4e90cz0zTP,17de2604e3e79b28f1dc76119fddb8e9c453b5f79814d08874ac6b61e4ac37f66ddc9cc1f45b12ae1a995ebf367d6b33
8,H99gdk4e90cz0zTP,1745186886000,18,1745186886000@PWAH99gdk4e90cz0zTP,6ae67f55e1b9f15437efd1abd7b98fb243ecb40411d8e806aa0bd1333a63aea3b024a24d44fac8c169aefc526cf809c8
2,MoRUWfgv82jgPd3T,1745139254000,4,1745139254000@PWAMoRUWfgv82jgPd3T,2836fe740574d6d3908c682cb376c83d7082334be8ceed257b0d2dfd798177df0ad497dfcc6aceb5be2f2183318aaae6
11,Mos7mIoNK4avGvlS,1745159171000,10,1745159171000@PWAMos7mIoNK4avGvlS,f9bd4530abff43b6c288407dc87994d92a8194581b8b6163fb5a04040ee9f1e4e9cb5cc24487374a76fbc7fe927843f6
17,lWCK205bclZHHIVe,1745161740000,11,1745161740000@PWAlWCK205bclZHHIVe,bf5fd5c9e8c7a11d56241d3c18e3a287b8d9ef67a9c93e584cb6fff79bb25f546fce811e1395bea65167bb54002f456e
11,Mos7mIoNK4avGvlS,1745177223000,15,1745177223000@PWAMos7mIoNK4avGvlS,e9c4656803009e4f589d29bb18eb6f72618c993a211ae92c642e0cd0d7d00795117bb1dfcdaca70eb7308d9f393b25a3
2,9R04ZA4ZZYUeRcWE,1745158686000,10,1745158686000@PWA9R04ZA4ZZYUeRcWE,7a4708f62111a8ba4787fb6499739530dc7be29cf0755aebc6f000d910afecf78e8e6392ca09c8b3a982be6477684f8a
17,9R04ZA4ZZYUeRcWE,1745181718000,16,1745181718000@PWA9R04ZA4ZZYUeRcWE,bc9a3d8f891b0ee45f00c3c75af2d1e0827f6bb251374f8ca06bbcd17daabb0462182ddcfb98da50cf1242a2d5851bc7
19,lWCK205bclZHHIVe,1745150213000,7,1745150213000@PWAlWCK205bclZHHIVe,179a6e1c6cf7270fe44baf1226684b2e208b881ea4af42232004139650da92426986a5f956369ecb2a0e24be06640005
15,MoRUWfgv82jgPd3T,1745166724000,12,1745166724000@PWAMoRUWfgv82jgPd3T,f8abc834da7cb8bc74d3c9e7da9a69696e1042aa654c807a7eea0d58de6d923c450eec0186e83aabca55a70a5330678d
10,lWCK205bclZHHIVe,1745154109000,9,1745154109000@PWAlWCK205bclZHHIVe,225b4468726c27788ae77ba3793aab34c60e45606269f155a3e73ac330fef64bfa035825c5fc7d166efd3a4314ba2d3d
7,lWCK205bclZHHIVe,1745144804000,6,1745144804000@PWAlWCK205bclZHHIVe,77c8aaac51a8502ba6b7dc1e88eb1e41382911415d98f7f1b4c12a453206a891182ede90c4b053db07243878150d5aae
11,9R04ZA4ZZYUeRcWE,1745164098000,11,1745164098000@PWA9R04ZA4ZZYUeRcWE,26ebba00df9a1f106d117e10fbdb327bbc929759f9caa620e36da17de1da1cd98ec2399e402ee9ca3cbaa84988bb73d5
16,H99gdk4e90cz0zTP,1745160080000,10,1745160080000@PWAH99gdk4e90cz0zTP,cac0d43464535d2a424fcd8fcc05ac790e7971533ec95e1de043b13dc81c77d2b617e0373109565861c215539b27064d
2,lWCK205bclZHHIVe,1745163403000,11,1745163403000@PWAlWCK205bclZHHIVe,e58ddbd2e0d16a4a4bf24de7c4c8114ca36144b5f75bacddf6b8e4870ca6427a498db2c274c330f653c44117ba33a37a
2,MoRUWfgv82jgPd3T,1745176255000,15,1745176255000@PWAMoRUWfgv82jgPd3T,41ff9e949125c4384cd1231bf1b49c5ccb4fc062c8b18f2be4836e32d97f439a75562b578de810deaf66c18e410e4851
6,9R04ZA4ZZYUeRcWE,1745186130000,17,1745186130000@PWA9R04ZA4ZZYUeRcWE,9b98df3a620f00b2ee6e2c90ca8a23894859e83462c530452740c2af8adf3c6200cb962996fa0ec99d415bcbade8254c
7,MoRUWfgv82jgPd3T,1745161030000,10,1745161030000@PWAMoRUWfgv82jgPd3T,5caa355c3f6aca0a4a5759d130ee51b9cc2d1964c916b65982dbc20ad06ac6ec6f979bacdd3ccf1bf364290abbeb5093
15,MoRUWfgv82jgPd3T,1745170779000,13,1745170779000@PWAMoRUWfgv82jgPd3T,3cae4eec04ad2dff0b34f59bdec5770509db27eb2e4605a909ce2e3dad2a37fb658cb387ddc4af77bff2b6630e6d5a95
15,MoRUWfgv82jgPd3T,1745159319000,10,1745159319000@PWAMoRUWfgv82jgPd3T,07cb7f3a3aac0dd8326f77d59f85883ddebfebc9199eea1ebb32d458bb525ce0a70cd0d5d9ea4b27cf4bb474c00adce3
9,H99gdk4e90cz0zTP,1745154075000,9,1745154075000@PWAH99gdk4e90cz0zTP,a91da69eee557e894cec2f8802b13a91cd45d002a3de4a1f9320c9641d13a9fcb02b55524df49266f41fe6ec804c15aa
19,9R04ZA4ZZYUeRcWE,1745170675000,13,1745170675000@PWA9R04ZA4ZZYUeRcWE,bcc87492ebcdbd552eb99b3f1abdaeac77baf5315d9f43aa00e33bf6d941bdf069928a6da5cb7531d0164b66bb8f4adb
2,H99gdk4e90cz0zTP,1745147193000,7,1745147193000@PWAH99gdk4e90cz0zTP,e083e6f7133aeb12eb2ca8f73f6fbc787d898f6d414350506e5ed47265ee89fba0d6ef1c231314cfc5847082d00b784e
1,MoRUWfgv82jgPd3T,1745168359000,12,1745168359000@PWAMoRUWfgv82jgPd3T,75675e2410dbc49f21097fa4e22c256a3503f3e04f894039490910fa4ef0f2b3a65f487b7d7113bb4992cd74579b1035
3,lWCK205bclZHHIVe,1745173683000,14,1745173683000@PWAlWCK205bclZHHIVe,817c1f1ffee71f7b93b04d0231011a0253341e880b277f902f00cb263a7c187170e75a63c43c6c1beb64f759b71197f4
18,MoRUWfgv82jgPd3T,1745152531000,8,1745152531000@PWAMoRUWfgv82jgPd3T,d565ab3a3cc4cd56b78f91dd5813ab64112115eb0317c47a8d90f7e9e471eb7d45ef17780305cdc5f25c3273f4ec326b
18,Mos7mIoNK4avGvlS,1745170155000,13,1745170155000@PWAMos7mIoNK4avGvlS,2e0e25e85903b9e53fba648f894a61ef79e021352b8d83cf77a67204a17c80c7974cd326196c1641ca15e76f4f85faab
20,H99gdk4e90cz0zTP,1745186412000,18,1745186412000@PWAH99gdk4e90cz0zTP,7365c122f429c30d11ee5712871761df92ecafbcf8b1b95766794091f498eb33ab57c9d246d8fa3f9118f5eecd46c366
16,MoRUWfgv82jgPd3T,1745170834000,13,1745170834000@PWAMoRUWfgv82jgPd3T,2bd0b9d8dc1900fdcc2e4d8e0671b6ec4fafe0ed1decc7994c5ecef4ff727fd423c179550bab4829f0e2cd53f93589bc
13,Mos7mIoNK4avGvlS,1745181243000,16,1745181243000@PWAMos7mIoNK4avGvlS,6138e48e99ae33aca6507fadcb7afd008b749f5f95349b0b28037d536f8be792df25d3604cc50259c619556de28af8e4
18,H99gdk4e90cz0zTP,1745157938000,10,1745157938000@PWAH99gdk4e90cz0zTP,d0323a6cd4fa8ff635f525139ab055b4f8e17bf816a8a687b38c41680cf06de3780cde3912883078e3ec4e8e0e413680
7,9R04ZA4ZZYUeRcWE,1745145099000,6,1745145099000@PWA9R04ZA4ZZYUeRcWE,253ee88f8887e82ea849037dee57f9e0b267cd34a97280757e3dceefec7bf25b0e63f6d4d479c2e0d370b97096340de0
6,9R04ZA4ZZYUeRcWE,1745186526000,18,1745186526000@PWA9R04ZA4ZZYUeRcWE,3cb6e766b5599b10a7e58554220123726bea83e737326b9261bb0ac8677dfdb083d99e029dde53de62d96c1357135a50
7,MoRUWfgv82jgPd3T,1745173126000,14,1745173126000@PWAMoRUWfgv82jgPd3T,16874a003c99f1b1846172f9a6f4247771740316a9d5c3201cd2acf55a6e31d1e92521d2615702b5c36dc3feab71d0bf
13,9R04ZA4ZZYUeRcWE,1745188690000,18,1745188690000@PWA9R04ZA4ZZYUeRcWE,ce3ea8a5f76df763d370fa9b7715dc0638a01531ff2e5ac3023d4a6a3028c612e96cab4cb688680b1a5cce182ec8b979
1,Mos7mIoNK4avGvlS,1745150733000,8,1745150733000@PWAMos7mIoNK4avGvlS,19ad4385d6b93f2a2fd52704eb9beda0e55c29a7957ce81eb93f735473287d20c022afcf628445a4fd22acf409007a85
8,9R04ZA4ZZYUeRcWE,1745150632000,8,1745150632000@PWA9R04ZA4ZZYUeRcWE,7972d8c1b2241f7b9abf7997a9f5d5efd32a3cb8ce360456aff63633d74b494d066fa81e951094e4cf50985189a2bde8
1,lWCK205bclZHHIVe,1745172354000,14,1745172354000@PWAlWCK205bclZHHIVe,18436043761a3f9ab99a99accbb2f1f589752f0d5c8c15f06e1dc784ebf1902ef036632881db2d4de0183f0b4cb414f2
7,H99gdk4e90cz0zTP,1745168592000,13,1745168592000@PWAH99gdk4e90cz0zTP,54a3ef34bf33694beb4ac4f6a5674c6b3baddd56ff836d8c85353a622e913f653926e60165f8e611f122cd1c6c7ff4d1
10,Mos7mIoNK4avGvlS,1745189617000,18,1745189617000@PWAMos7mIoNK4avGvlS,4504f9a8ce50c43b00013065b8ba83edd6fa5cc0b9dc35d558a7dc35c120c11ef3075e2ea4d9fb606dbb8638b90d148b
15,H99gdk4e90cz0zTP,1745173627000,14,1745173627000@PWAH99gdk4e90cz0zTP,eb648a53bd20a1244bde911e3de21593914db689d8de5ea4ca5076cb630d27310aae81ef57e24e524b4be393f525852c
19,lWCK205bclZHHIVe,1745150213000,7,1745150213000@PWAlWCK205bclZHHIVe,179a6e1c6cf7270fe44baf1226684b2e208b881ea4af42232004139650da92426986a5f956369ecb2a0e24be06640005
7,Mos7mIoNK4avGvlS,1745172558000,14,1745172558000@PWAMos7mIoNK4avGvlS,ddf52d1311dabcbc37d7c851ee68bc8230e62cd28f518d584ec7be095f48db5580def3d3d103982f33d61d00d00140b1
12,Mos7mIoNK4avGvlS,1745157258000,9,1745157258000@PWAMos7mIoNK4avGvlS,36b806e860149f26b67d09b1042635ee7112a0f5b0988326e08d0601f6469a63ed6c15c3f90e54f48b766ba84f21b73e
9,H99gdk4e90cz0zTP,1745159808000,10,1745159808000@PWAH99gdk4e90cz0zTP,c291539d5457530e781047b1ffd43f9a096f8afceac56ed7bb6537cc8cc9e679e9cd158f2ce8992e26ffb1b989b4a226
11,Mos7mIoNK4avGvlS,1745163083000,11,1745163083000@PWAMos7mIoNK4avGvlS,7195fb0ff61574262a0463336d783b3cd3ec40568c9af0e3989a8bca9ca7f42aceb3bf3279c4325e3009429e84e04d12
4,MoRUWfgv82jgPd3T,1745151280000,8,1745151280000@PWAMoRUWfgv82jgPd3T,82bab0cb2b81d20afee1ff140346a6b0a62da4c177a75e696865d039334d93aad2579425f032fd54b302fcbee3a55847
11,9R04ZA4ZZYUeRcWE,1745154257000,9,1745154257000@PWA9R04ZA4ZZYUeRcWE,c19b9bc955d1f504a8ebafb78a291302db701de004b9c701869f63f6f00660507c188c808fecde1de8464a3e8b18f421
14,9R04ZA4ZZYUeRcWE,1745158028000,10,1745158028000@PWA9R04ZA4ZZYUeRcWE,37ab8e7077d0ae26146b024ced7403c00cb55c9624039cdd6ba39ddaa55f04ab341c581daa8879e3a2a2b051e7784201
15,lWCK205bclZHHIVe,1745167780000,12,1745167780000@PWAlWCK205bclZHHIVe,6c817a6ed627143bdef370b02cd9319db924d4569734187f289e515460e307feb744e23fb9a52b8f36e47c5b9eb40f25
16,Mos7mIoNK4avGvlS,1745164019000,11,1745164019000@PWAMos7mIoNK4avGvlS,a328639e2c462305d5877dcc0493ed4abf8ea3482cbbddcbd34e3214284bb4df4484634fa6f7d0a27eed8b04c65e4723
17,9R04ZA4ZZYUeRcWE,1745168555000,13,1745168555000@PWA9R04ZA4ZZYUeRcWE,3036b8fd6bf5be9e0c3a107aa3c2c2a1f779eef0774973774af702edba159a63736cdd9643642a57f82d0be72cb87e16
14,Mos7mIoNK4avGvlS,1745142946000,5,1745142946000@PWAMos7mIoNK4avGvlS,c348809b0f35f2d60e52870e0299c26c25cbd5e78da330f6e8ba75336f97b291b6153d57c974b4cb78286593ca7d4b92
1,Mos7mIoNK4avGvlS,1745167818000,12,1745167818000@PWAMos7mIoNK4avGvlS,27760d1ffbc79701893be4a46bd40468ab4e1f327caeede7b0c2d92b58e87ffdd489611bc55396f63b91e7856a67ca1d
20,H99gdk4e90cz0zTP,1745183715000,17,1745183715000@PWAH99gdk4e90cz0zTP,e75020a2ec1d10479414bfba9703547431f79cda1ce0cefb6b6e48157053523a1f49fba7945f5b83a179678be7d88fb8
2,Mos7mIoNK4avGvlS,1745165061000,12,1745165061000@PWAMos7mIoNK4avGvlS,ab5e553a598dd13fbd44fc6900f3a5e04359f2d9d419e5039ef835c0aa7896c6024e00c5cdf7efb1c6b2b08b52479903
1,lWCK205bclZHHIVe,1745186475000,18,1745186475000@PWAlWCK205bclZHHIVe,78f92bd93a170dca74b237eb51dad54bd277d22d5f65f6d31360cae355371d01bb0761026efcf953b436ed971104ebea
4,H99gdk4e90cz0zTP,1745158450000,10,1745158450000@PWAH99gdk4e90cz0zTP,fca0bd203cd1150f18b025cf7b590e62dd9c0f1e27d32347aec4237f069048a23cbdde5760f1f4f2e5600f04c48f0c20
17,MoRUWfgv82jgPd3T,1745181180000,16,1745181180000@PWAMoRUWfgv82jgPd3T,2e0798741b71d1dc85309c3892ee3f0b13a99953ad5ce88f620bce4c392c5a243ad888978f66a6a06842595a0a7c7a53
18,Mos7mIoNK4avGvlS,1745190666000,19,1745190666000@PWAMos7mIoNK4avGvlS,810a4a344eb7fd7ab363742ae1232f103c33e0a3fe85f7da8e484e6576c1c26304ae3065a893b2bb86ff89455778f041
18,lWCK205bclZHHIVe,1745187442000,18,1745187442000@PWAlWCK205bclZHHIVe,6fc58c163907c25d913555142780f0979e5c73b8c5f2a7b6be72e88c805d68f70f0b5262a13eb6b0597f106ad8ccb4c4
2,Mos7mIoNK4avGvlS,1745156710000,9,1745156710000@PWAMos7mIoNK4avGvlS,ea5d200581b2e55536be011cb47e255a5bdacbe535e6dfbc9082934145562fa75c21e7f9b27fdcad681be29403e3bff3
8,H99gdk4e90cz0zTP,1745157318000,9,1745157318000@PWAH99gdk4e90cz0zTP,840934fa2df44161c335785795326f6c819402921bf3190ad106501cfe13730b71bf4a27ed34becb46b9470caf3c2aee
15,MoRUWfgv82jgPd3T,1745200954000,22,1745200954000@PWAMoRUWfgv82jgPd3T,67e06381139da97e85198a5f7bfb44e49433f5d7f02303edf8bbe737bfe9e680682b65b69b450b8d3093d11647032323
16,lWCK205bclZHHIVe,1745162480000,11,1745162480000@PWAlWCK205bclZHHIVe,780c3ce8cde08b7a69ae774481ddbcc44194d35563775dc4fd32862970d1bacfd9c124cf1ea7e5522262f32b37c502b7
11,MoRUWfgv82jgPd3T,1745178914000,15,1745178914000@PWAMoRUWfgv82jgPd3T,226b9843adfde463c761ea766e68beb2c15668b3966924de8c05ab3e22e8067965621da688778552a993660edba6b0bc
1,lWCK205bclZHHIVe,1745185218000,17,1745185218000@PWAlWCK205bclZHHIVe,80d1427fce70d3540208fb6a4c6239ea37c7c3dcdd66355932ee7f38f833a8fb96647d8b726c68786f95184060efbabf
9,H99gdk4e90cz0zTP,1745158243000,10,1745158243000@PWAH99gdk4e90cz0zTP,ce0a2c5f5708b74bd6ea9624983d5dcccd37a202671a47fe9226523016f346e38156da1fc7490765ad348cf231e50459
18,H99gdk4e90cz0zTP,1745157938000,10,1745157938000@PWAH99gdk4e90cz0zTP,d0323a6cd4fa8ff635f525139ab055b4f8e17bf816a8a687b38c41680cf06de3780cde3912883078e3ec4e8e0e413680
3,H99gdk4e90cz0zTP,1745172663000,14,1745172663000@PWAH99gdk4e90cz0zTP,ec0d024e61eb78dcc24ef5faeb515d8847adfc0f05f72bc8bf3116f1238680578caefa79312ab253836e4322acd8e0c0
17,9R04ZA4ZZYUeRcWE,1745123856000,0,1745123856000@PWA9R04ZA4ZZYUeRcWE,c035fd4e8a07d239c549451eaff84af33e471864678452b09cbfa19014e900bada7795902ae6f321d12197f7a5d0f16e
10,9R04ZA4ZZYUeRcWE,1745160333000,10,1745160333000@PWA9R04ZA4ZZYUeRcWE,6d3d57816a4709c3b5b78e2f69fdd2ea855b1a116d1847a7ea2240609eef87c41f6a987c6a8ae241ef309e5618263d40
17,9R04ZA4ZZYUeRcWE,1745174928000,14,1745174928000@PWA9R04ZA4ZZYUeRcWE,eb7afb81dde278028f27dc3b9f1d47d423cd1bbf228b80436e88968d6a432ec1750d0777348a97427f0d31f58791efc4
1,MoRUWfgv82jgPd3T,1745179077000,15,1745179077000@PWAMoRUWfgv82jgPd3T,e070105b3be7475e42050176c8c99d882e13e6785759437d8f815a54acd7a3c45b589ddf6fdf15ef5feaac90d8153d0c
10,MoRUWfgv82jgPd3T,1745163444000,11,1745163444000@PWAMoRUWfgv82jgPd3T,55a8e3089ddc7dac703674757a3f77e53308e9b63421a58d8285cbf124ed6afc23c2fc91baaf44c7e510e146214cd541
18,MoRUWfgv82jgPd3T,1745148410000,7,1745148410000@PWAMoRUWfgv82jgPd3T,0141f74b946753a7fbaac089806541cb86dd270ed6e8377256a837a45cb19da9954a72c4d711d374c624442b49e71fbf
15,MoRUWfgv82jgPd3T,1745159319000,10,1745159319000@PWAMoRUWfgv82jgPd3T,07cb7f3a3aac0dd8326f77d59f85883ddebfebc9199eea1ebb32d458bb525ce0a70cd0d5d9ea4b27cf4bb474c00adce3
20,lWCK205bclZHHIVe,1745168428000,13,1745168428000@PWAlWCK205bclZHHIVe,702b74e6d9a0c3da343133659ad723d248bcbd19a399a9872e9917769a5e34601df75044625d62961d30fc91ca721f0e
10,lWCK205bclZHHIVe,1745147608000,7,1745147608000@PWAlWCK205bclZHHIVe,81965b9cdaaf88c7b43c31648eb7f78b7d6f7c69e679e69e98b4e2e659925d19c5e5fe4656111e13e359a09ffc8343f9
13,H99gdk4e90cz0zTP,1745184431000,17,1745184431000@PWAH99gdk4e90cz0zTP,887624358653bf8d346654c6f27cc90d285d3bcb085db2d2b6fdeb95f60edc5e2abe5db2c90e4ad0293e5bc50b1a520b
15,MoRUWfgv82jgPd3T,1745170779000,13,1745170779000@PWAMoRUWfgv82jgPd3T,3cae4eec04ad2dff0b34f59bdec5770509db27eb2e4605a909ce2e3dad2a37fb658cb387ddc4af77bff2b6630e6d5a95
6,lWCK205bclZHHIVe,1745162357000,11,1745162357000@PWAlWCK205bclZHHIVe,66323a0af99e92f726cb7c120002c9c313baf2dc1d38eb04ff144f018fcc07a1330ef5c6a1954d5289f53572b23420c3
3,lWCK205bclZHHIVe,1745173215000,14,1745173215000@PWAlWCK205bclZHHIVe,a322cb3b099f617206af283203ff68e9cbceeb6cb696fd67e3b4a4d19702adda9fe9f172e352096f402b420ab6e31868
16,H99gdk4e90cz0zTP,1745187998000,18,1745187998000@PWAH99gdk4e90cz0zTP,42e15b63bf33b1fe00a7ea3863de40fe97b22d336ae27ae6a9493a6d31bc27837abd5fb8657f0f9d5bedb8dbb8434e86
9,9R04ZA4ZZYUeRcWE,1745167040000,12,1745167040000@PWA9R04ZA4ZZYUeRcWE,5d82277ba7660f71db53c8ed8f097554c6a97532ad83d79618d7f392fbb00f329828ce8e6305315158413d507a059d1e
18,lWCK205bclZHHIVe,1745162544000,11,1745162544000@PWAlWCK205bclZHHIVe,1b06b7447f270eef457f5063c533ebbb2c4a2b02a1ee379db4e57999a1bd0d48c565b861c6bc8e8b610815b77ddea459
7,H99gdk4e90cz0zTP,1745189445000,18,1745189445000@PWAH99gdk4e90cz0zTP,84cbfa7891c022a4a42c43f3f41af0dd70d17b39e1700a5df09138cbe43f08f9bb47742ee7f83633bd9ac211d6812302
12,H99gdk4e90cz0zTP,1745154084000,9,1745154084000@PWAH99gdk4e90cz0zTP,9aa0596a577112a7a34e7b46ea22b8bb0e542359f0b27022c895a86d4fd69fc9a938ba70ae668a6ed873bf3a24ca2944
16,lWCK205bclZHHIVe,1745157434000,9,1745157434000@PWAlWCK205bclZHHIVe,eff224b8099a8184db06c092db3fcc5b46b010101368cf42f82c49d0658b5b564a20507e0edd1a510ab40593f4b83d02
3,MoRUWfgv82jgPd3T,1745169388000,13,1745169388000@PWAMoRUWfgv82jgPd3T,76550cd1fbc8277c748ddffe2abd2904b60c70cd1396e8a0eb966cc08e36309bfee8fa1ed776ac35a40b7044bea7fa95
8,Mos7mIoNK4avGvlS,1745176944000,15,1745176944000@PWAMos7mIoNK4avGvlS,d68eaab10231b67ba672d9a9e5c815cfe4405a2b9673864f618edad2d5b6ff2ef17c4104be75edc6e13be667ea10d376
4,Mos7mIoNK4avGvlS,1745171807000,13,1745171807000@PWAMos7mIoNK4avGvlS,76e34c9d4e414c055c06250e4a8974bfc2a0822bc3a2f783b3475b71e29e37e311667c780844ee62fb3a6833f7a55c79
13,lWCK205bclZHHIVe,1745147471000,7,1745147471000@PWAlWCK205bclZHHIVe,c22d5cd587c3da22c789eb16ac807307156bc56315bfce022bb6c6e487bbc917a59681c9f7f7ec978352f15112472256
12,MoRUWfgv82jgPd3T,1745181056000,16,1745181056000@PWAMoRUWfgv82jgPd3T,e700d8aba0bc38e975965281bd3bb6668205a4496bfb939fc2c4a4bc99f48ff079be0b2d877b817378111f13a7d72360
12,9R04ZA4ZZYUeRcWE,1745170420000,13,1745170420000@PWA9R04ZA4ZZYUeRcWE,e334fe5b0e1e6988a326d472b958c169e90355af58bb3f55861d5cc867a3dc711304aa5be8a5839a65511786583143f8
3,H99gdk4e90cz0zTP,1745146902000,7,1745146902000@PWAH99gdk4e90cz0zTP,e17e262d9ea101f4a292b6d49a6c5a20e6c0fd80131839b004ff384a64f3adeb7a98dfb263f68295557dbe04c8295d7d
8,MoRUWfgv82jgPd3T,1745180570000,16,1745180570000@PWAMoRUWfgv82jgPd3T,ba2dc33506c6794b203df41d9edbd87ad24a1c6c6d5d57b8d95f10a5aa9075e32218d31d8f260845867c8071e08c989b
3,MoRUWfgv82jgPd3T,1745164969000,12,1745164969000@PWAMoRUWfgv82jgPd3T,31f96b84b7b0fc651a853fded6ffe71567d2bede57f8f06174fc41ac770d64c442b071501eeefa756978b68a0d883ecd
5,lWCK205bclZHHIVe,1745192051000,19,1745192051000@PWAlWCK205bclZHHIVe,d560230b19e7d0e3fc8752f2618af5fa914731064c159de95c50eb9bace429941c504145c54cc1a67a398d763036fe12
11,MoRUWfgv82jgPd3T,1745175558000,14,1745175558000@PWAMoRUWfgv82jgPd3T,4392dcad06b11daf2379d57ca4379014e291f637418b7cf05871ae6c85abf3059ec428ee40979d083cec98dce4a4f89e
10,H99gdk4e90cz0zTP,1745179144000,15,1745179144000@PWAH99gdk4e90cz0zTP,adbff7cf8e869b3f23da194efae6aeb5e70505bd7b1f37eb461ecb6e7f57809f39dfc8fed61b23d48c7c97665a236412
4,H99gdk4e90cz0zTP,1745151838000,8,1745151838000@PWAH99gdk4e90cz0zTP,5c391d59637f40fc064ce8b5f67dec4f894d26e300b7593591f91832840241bf35e262c1b5ee3ff83510ff8f4338b4b8
6,9R04ZA4ZZYUeRcWE,1745150877000,8,1745150877000@PWA9R04ZA4ZZYUeRcWE,ca7ca82450ff274f14c3d051a6f5e93f296d81303f84bb83f0b6264e9ec6c4b54cee0b001b85f390cbec6f4ebcbec0ae
11,lWCK205bclZHHIVe,1745162610000,11,1745162610000@PWAlWCK205bclZHHIVe,a349fabdf9786bf35bcdffe2b5ab0c53856d7aa91c21ec0e5c3678ec5a2ea49e2428a4285fcaf6c0fba25e5307ff34ae
9,lWCK205bclZHHIVe,1745167638000,12,1745167638000@PWAlWCK205bclZHHIVe,7d881f8b251732241a59e8df9a9102683293335488d7bb3a80715764be307997d10905fb75969db348d61c26f18c5697
3,H99gdk4e90cz0zTP,1745154557000,9,1745154557000@PWAH99gdk4e90cz0zTP,1c0f14a2abeed7c5ddf76b89ab7979d8fcdbf8df60c674583d0a1b8bbe813f2258ec419efc9d91dc5410d9ecba84764f
9,MoRUWfgv82jgPd3T,1745173503000,14,1745173503000@PWAMoRUWfgv82jgPd3T,20f36f7d5872f070fc2f1379d74f97ade3e119fdb9cc7e77d1a23ecc9f75de69b9bbed5eaf10c0ae37921ffce7f6d57c
6,9R04ZA4ZZYUeRcWE,1745188728000,18,1745188728000@PWA9R04ZA4ZZYUeRcWE,2acecd2af64297127fa8150a1d7f740c9bab743c75fb9956e8acea9b9dca95ae13869ad917310399dfa7ef8b15c483e1
9,9R04ZA4ZZYUeRcWE,1745195112000,20,1745195112000@PWA9R04ZA4ZZYUeRcWE,eb257377247299f99e3b535390b6edfad99d5d634a38392414385bff8959eaa57d9629798ea958c732b5a617e0dbb299
1,9R04ZA4ZZYUeRcWE,1745178202000,15,1745178202000@PWA9R04ZA4ZZYUeRcWE,649a9d0a791ba93877b12cab8128fa74480b3acc59aad1399c5e758b2e46816224cd329f4e1346353788aadd637c1103
13,9R04ZA4ZZYUeRcWE,1745155718000,9,1745155718000@PWA9R04ZA4ZZYUeRcWE,78fef35f5bdebb12209ab030fdd62ec79add124095dd291f0133801d53c1c1f45d7be6252320da852f91671d61a716ea
9,MoRUWfgv82jgPd3T,1745179480000,16,1745179480000@PWAMoRUWfgv82jgPd3T,312053accff1fac9db3989e123a791a407e8c5a81f83dcd85f086681b48aa7c6279c6fafa383dae5ae28a99731fa44fe
2,lWCK205bclZHHIVe,1745150367000,7,1745150367000@PWAlWCK205bclZHHIVe,371692d57e75ff59b5d41d1992a957ddbce2caeafd99a748fb49ccecc59b973be4bb548c86536e4e44aa4c73f3357a8e
9,H99gdk4e90cz0zTP,1745173164000,14,1745173164000@PWAH99gdk4e90cz0zTP,ac98a0e107328f1249ca52815b75d31659a815eeef474c9c9a2cf0b11e8067f1b262f0f27c0ba4ac49d7beeaede024f5
5,Mos7mIoNK4avGvlS,1745167574000,12,1745167574000@PWAMos7mIoNK4avGvlS,59f162add132a9b8d349102cf516aa61089bab8f093e42a9da3c6c53d299a932091da438c62131e39a229b42cd7a9e2d
20,Mos7mIoNK4avGvlS,1745174416000,14,1745174416000@PWAMos7mIoNK4avGvlS,35d3507487951f7724512eacc0994fe06831bbcdfdce2a61ae6fe624ef170c555a6a4a1f646c33aa9b1aa6071d538400
15,MoRUWfgv82jgPd3T,1745159319000,10,1745159319000@PWAMoRUWfgv82jgPd3T,07cb7f3a3aac0dd8326f77d59f85883ddebfebc9199eea1ebb32d458bb525ce0a70cd0d5d9ea4b27cf4bb474c00adce3
12,MoRUWfgv82jgPd3T,1745153900000,8,1745153900000@PWAMoRUWfgv82jgPd3T,ac670738c6b43e34d782c4af11bbd520ed360e40862fae8d1a666cb8f660472861a076f72cacd89971ba12dab97fb0bd
11,9R04ZA4ZZYUeRcWE,1745174097000,14,1745174097000@PWA9R04ZA4ZZYUeRcWE,dd0e9354e6022521c3db9962a4f5c9d9f6281debe436eabfd4241d9b709ea942f345a7bec88b1874624e13acb8ea5319
2,MoRUWfgv82jgPd3T,1745157394000,9,1745157394000@PWAMoRUWfgv82jgPd3T,a9887f706e8044258ba98cb82ce5ad1617b6ce6a02182d72fd58e74f7caafa6fc76a463c8edb455a1aa12752dfd090d5
13,lWCK205bclZHHIVe,1745147471000,7,1745147471000@PWAlWCK205bclZHHIVe,c22d5cd587c3da22c789eb16ac807307156bc56315bfce022bb6c6e487bbc917a59681c9f7f7ec978352f15112472256
19,lWCK205bclZHHIVe,1745165494000,12,1745165494000@PWAlWCK205bclZHHIVe,e2dc818ad2776f7f742dda6f0452db661654caf8b6a51a3c4963b12e70e69995d5bf174993af08b9da241b51f9337808
11,Mos7mIoNK4avGvlS,1745159171000,10,1745159171000@PWAMos7mIoNK4avGvlS,f9bd4530abff43b6c288407dc87994d92a8194581b8b6163fb5a04040ee9f1e4e9cb5cc24487374a76fbc7fe927843f6
8,9R04ZA4ZZYUeRcWE,1745150632000,8,1745150632000@PWA9R04ZA4ZZYUeRcWE,7972d8c1b2241f7b9abf7997a9f5d5efd32a3cb8ce360456aff63633d74b494d066fa81e951094e4cf50985189a2bde8
17,H99gdk4e90cz0zTP,1745162435000,11,1745162435000@PWAH99gdk4e90cz0zTP,b15070492c02f5169a140196832974c36873475b943497916976e17338728561f31c3e24d59dd9ba181492eccf7dc2ce
16,MoRUWfgv82jgPd3T,1745172870000,14,1745172870000@PWAMoRUWfgv82jgPd3T,36a6a0b92526ac131bc402ed3161bfdce22699758c0bdaa0bceaa5e726a968c70f5db9622a6c75f51e56fa797eb00817
7,H99gdk4e90cz0zTP,1745163422000,11,1745163422000@PWAH99gdk4e90cz0zTP,2f3e6fad9cc36742c84111230bfc91003a6d009f83fdb157af25ebe2286ff5eb72f409505e5a531f41505ce3a3ac19e8
9,9R04ZA4ZZYUeRcWE,1745158328000,10,1745158328000@PWA9R04ZA4ZZYUeRcWE,af00204a5a3cdec83a5eec1caafee3b29472ae9ef6fa9fd70fd93717cbb3bdb86d11cbb4203e9b46ff7e12bc968cad0d
18,lWCK205bclZHHIVe,1745179723000,16,1745179723000@PWAlWCK205bclZHHIVe,704eb7367eeac4efc8b12b251c82fb51e538104a4f27320b5e76d172c31d5889358749accee5e1da0e2b31f153c16c25
9,MoRUWfgv82jgPd3T,1745145172000,6,1745145172000@PWAMoRUWfgv82jgPd3T,8596a53a326cd1e21f79554a53c0a470d6d3a3817e535366e508b31cde5cead2e887d895d2ff5269da6850d05c9fd1fb
3,lWCK205bclZHHIVe,1745186262000,17,1745186262000@PWAlWCK205bclZHHIVe,2a81e259c8c49f6cb32e3897dadc6838f602e1aa7363ef199a16d8a9762df81e6f6e591dc1145d084f5403302481f1ea
11,Mos7mIoNK4avGvlS,1745163083000,11,1745163083000@PWAMos7mIoNK4avGvlS,7195fb0ff61574262a0463336d783b3cd3ec40568c9af0e3989a8bca9ca7f42aceb3bf3279c4325e3009429e84e04d12
15,lWCK205bclZHHIVe,1745158357000,10,1745158357000@PWAlWCK205bclZHHIVe,993b62efdac016f14376b9defe120865b431c2a299f119c454f341d039193f564c002de4da395bda91ade3c981f400d4
1,MoRUWfgv82jgPd3T,1745161498000,11,1745161498000@PWAMoRUWfgv82jgPd3T,df9339b77ea183363ebcd0b8cc6b2e28233e6c6adb98b3d7f6075989a27bbd206d2cd37d1beb8a7dadf0c2972e5a6074
9,Mos7mIoNK4avGvlS,1745193413000,19,1745193413000@PWAMos7mIoNK4avGvlS,d6cc2c07e7f790f5c0a0cca4d587a9dd684e6f6d1bb27ea2ab970e673430df7e9448d9304d9550169e48cc321128e77d
6,9R04ZA4ZZYUeRcWE,1745186130000,17,1745186130000@PWA9R04ZA4ZZYUeRcWE,9b98df3a620f00b2ee6e2c90ca8a23894859e83462c530452740c2af8adf3c6200cb962996fa0ec99d415bcbade8254c
18,MoRUWfgv82jgPd3T,1745149193000,7,1745149193000@PWAMoRUWfgv82jgPd3T,81b8775686ff0aabf4971f934d3cdf7dd234619d55c34baf64a14fe281ce7418577142d3ea3ddbb2783a9ff98090a9fb
7,9R04ZA4ZZYUeRcWE,1745172296000,14,1745172296000@PWA9R04ZA4ZZYUeRcWE,1afec67426e819abf86e7dc7a4ece9a9beb6c18394585d06aa3fe6274473fb080b210aacae810af01eab0d1f93594477
20,H99gdk4e90cz0zTP,1745193981000,20,1745193981000@PWAH99gdk4e90cz0zTP,ceedb770b86fb1927f1fe6f72dd2bc45209c92e45df6132d51d45806ce9998a2cb540651538adac40f46d8c04f3d67d4
4,MoRUWfgv82jgPd3T,1745169304000,13,1745169304000@PWAMoRUWfgv82jgPd3T,afc3b5d2ab33e6d3e8182a7a887d86474b4f8135b434285fc60ede0334561efff5ed744e69abb0c961dac0324490ee98
20,H99gdk4e90cz0zTP,1745123482000,0,1745123482000@PWAH99gdk4e90cz0zTP,9c8ff7c5ddce8b0c421ebb6e81165f23c77cdf400a536e1cdc743cc266cbcd2f0ce72ffab4694d64adbfd44059c0b081
4,Mos7mIoNK4avGvlS,1745163014000,11,1745163014000@PWAMos7mIoNK4avGvlS,a1adb715278ebdd55cefc557dbfeb2199e20f67b5d4ced5819cad259b086c58d8850eb40a9f8dd88bdca978785a83c81
12,Mos7mIoNK4avGvlS,1745189564000,18,1745189564000@PWAMos7mIoNK4avGvlS,39866a5d28b54045d16b2f58a57d81da07617006351883e3f7545954d784ed5fb033aa6c7ce9d01af420e1e4210b27cf
1,H99gdk4e90cz0zTP,1745160565000,10,1745160565000@PWAH99gdk4e90cz0zTP,a16bfa8bdbdac7bf5984b0e245559cd3ab6d870feae89b454bb7b1a49b8db5b474a2bfdff4d3fdee0fda6e39dc07b80f
5,9R04ZA4ZZYUeRcWE,1745174831000,14,1745174831000@PWA9R04ZA4ZZYUeRcWE,84b47c2bc176b1a1bc20ba5fde5e12a9fea445d1ec65a160ac756a769f11add55398b1033caf6c386d2e906c45f0c172
3,MoRUWfgv82jgPd3T,1745192813000,19,1745192813000@PWAMoRUWfgv82jgPd3T,badfc000811ca6d765cabd2e6c721976527a49d3518650a8dfbd652d0b331067b467e8e24ebbffa712ab2a6f645d44eb
16,Mos7mIoNK4avGvlS,1745181771000,16,1745181771000@PWAMos7mIoNK4avGvlS,c33f59a8bb318b27707c8618d9af2f98ed1457781b4c4a1194e46ee2a21dcdb85ffb8fc30cdb8644a0cd0a3623ec0a61
17,MoRUWfgv82jgPd3T,1745181180000,16,1745181180000@PWAMoRUWfgv82jgPd3T,2e0798741b71d1dc85309c3892ee3f0b13a99953ad5ce88f620bce4c392c5a243ad888978f66a6a06842595a0a7c7a53
12,MoRUWfgv82jgPd3T,1745179264000,16,1745179264000@PWAMoRUWfgv82jgPd3T,9bce13aa9547304ef81751826e22c0c3d5af9b7e1e438589e87e5c03e8113cf3e6b81539469941980fa9dd157d4fe633
3,Mos7mIoNK4avGvlS,1745149644000,7,1745149644000@PWAMos7mIoNK4avGvlS,98bb0d6572e370d3f2d2a1976abcf74af844beed270022611c29fa238f735648b62fca59e3e3bd17248f7552d6840ade
20,MoRUWfgv82jgPd3T,1745189172000,18,1745189172000@PWAMoRUWfgv82jgPd3T,cfbefc4c7339585d0d406c98f23cf3d624e62b7ff957a0169b0e44658492f396bc6426ffaf1c1004975b16b69140294f
15,lWCK205bclZHHIVe,1745158357000,10,1745158357000@PWAlWCK205bclZHHIVe,993b62efdac016f14376b9defe120865b431c2a299f119c454f341d039193f564c002de4da395bda91ade3c981f400d4
2,MoRUWfgv82jgPd3T,1745148969000,7,1745148969000@PWAMoRUWfgv82jgPd3T,406f40e435084a3d3ce638881c38a422396418a10d78924f61b9c5af8fbfd21b7970f8e7b52e3cd77909fe7fc328f10f
1,Mos7mIoNK4avGvlS,1745162523000,11,1745162523000@PWAMos7mIoNK4avGvlS,41f927e8ae99130af4a1e0a7b3f42e167a62714e1944f1959d36f532b0a31cc067742301bc2ee2638eda72edaacb3ca5
15,MoRUWfgv82jgPd3T,1745167111000,12,1745167111000@PWAMoRUWfgv82jgPd3T,b9916942e538f01cca1cd5b3ac231a0bf3110596f90c101d5b2bd17b8df228142dde37774301968e73f786a1c68e0961
16,H99gdk4e90cz0zTP,1745162539000,11,1745162539000@PWAH99gdk4e90cz0zTP,dc2ededcfc509fa60e7ea1b7520b0c1e87ef6f0e0441218a352e3b002981937e62ebdca53aa3b46d7b1525dcbb45aadb
17,Mos7mIoNK4avGvlS,1745171190000,13,1745171190000@PWAMos7mIoNK4avGvlS,d29f80784ee1dd3a347874cd18013d115c13cc88875f949000317c1fbfec93fa199d504f006d05ea48c76738039af5bd
7,MoRUWfgv82jgPd3T,1745164289000,11,1745164289000@PWAMoRUWfgv82jgPd3T,bc9110b139e671df53151290adbb1907d160fca399dc371024fdfd0aec45347abb11a2dc74d72d23eefc62d744e225e4
2,9R04ZA4ZZYUeRcWE,1745152505000,8,1745152505000@PWA9R04ZA4ZZYUeRcWE,dfe111d57b4644c953eac1f61a87ddb2390cf6745e9c101b0ef8639d3ea4d3ecd5124672fe06eabbacb5e7f74a25d999
18,lWCK205bclZHHIVe,1745175092000,14,1745175092000@PWAlWCK205bclZHHIVe,cf648d38140804902e2685e31dc2fae978f48fd785f24a254412215c04391b2d4699265bbe30a715bc067f3160dba80d
14,lWCK205bclZHHIVe,1745185168000,17,1745185168000@PWAlWCK205bclZHHIVe,495ba3df3eadd6a09d2f5cbfea78f2018253d925bd7c3e353cc618e82a660eb86e45ebfa39252f2735112213aacf20b6
3,H99gdk4e90cz0zTP,1745154950000,9,1745154950000@PWAH99gdk4e90cz0zTP,e0895cbdedf31a392de90d0ea0ed76a04f19a9e6d4393e3d53bba07bef574170c757bd5ef33eabbd9819cbd5b59b2572
14,MoRUWfgv82jgPd3T,1745171746000,13,1745171746000@PWAMoRUWfgv82jgPd3T,d9832a2e41cd7ea99d98d5d133ac4f8fa5b47e0ab002d2aa5d287c8b7b795da66e20ff7fae9a94f64cb61bfeb11f1f06
18,H99gdk4e90cz0zTP,1745185870000,17,1745185870000@PWAH99gdk4e90cz0zTP,2144a095a00387c8fdaa25553987a512bc5d19d41c8a8efae68980ab1374479a2d74d8a9887473d10ebbcf8e67c230a0
5,H99gdk4e90cz0zTP,1745164792000,11,1745164792000@PWAH99gdk4e90cz0zTP,8c7c0fa29ae4695ab849d272f57547bd782b29457bebb0b8e85f179440101df4c7c8c8066866f8a2d0627f6516ebfa5d
16,H99gdk4e90cz0zTP,1745172124000,14,1745172124000@PWAH99gdk4e90cz0zTP,e16488f12af7ea9b01d3b9e12455dfce81867511d2373f2d97159163988b8ae840abdfbd05bb3ee2db48a3cb18dad9f8
3,MoRUWfgv82jgPd3T,1745170941000,13,1745170941000@PWAMoRUWfgv82jgPd3T,a0a011e83b3b6a3729e74484150a5984b5ab98d33b12dc37e6e067697734438f48a402069da0997d8ae1f74edbb37876
11,lWCK205bclZHHIVe,1745160219000,10,1745160219000@PWAlWCK205bclZHHIVe,abdd03a8ec7dc18608df599441d5262041f08366a82ca8035ed109bd6b6daf3b7c3650d13e4bd891006ebd486f461675
15,lWCK205bclZHHIVe,1745151997000,8,1745151997000@PWAlWCK205bclZHHIVe,62d841613d694c7d3b68429cfa277c99d889f8b731702a787783287ea6e1094c5a8fb4e21b54db32021642834b2284b0
18,H99gdk4e90cz0zTP,1745185870000,17,1745185870000@PWAH99gdk4e90cz0zTP,2144a095a00387c8fdaa25553987a512bc5d19d41c8a8efae68980ab1374479a2d74d8a9887473d10ebbcf8e67c230a0
3,H99gdk4e90cz0zTP,1745143389000,6,1745143389000@PWAH99gdk4e90cz0zTP,027c3da503e1fc7040e065cb1413b24aea22c680a73bcc15c01bb7bbc27ec17a4a65d98490d7ffc3406e3cde6658797a
19,9R04ZA4ZZYUeRcWE,1745159644000,10,1745159644000@PWA9R04ZA4ZZYUeRcWE,2095561a4253e1983849947abdb9dd78578dc08cd80c90745378be2d03b4391b58cdea8f5f5e4b3690bd893149674e2c
7,Mos7mIoNK4avGvlS,1745146001000,6,1745146001000@PWAMos7mIoNK4avGvlS,583f0b9dbe3946b7c5d8b281a959a5fc7bdc99b5744db7b3090fe1ff183d073336d5fb292facd14db5c207a00dd34caf
3,Mos7mIoNK4avGvlS,1745181336000,16,1745181336000@PWAMos7mIoNK4avGvlS,4f7ca911c083bb5c705ec82c490ca87de24a3cad7ab265750ab63f29911203334528b591bf512a0537010b46c2d7df4b
5,lWCK205bclZHHIVe,1745192051000,19,1745192051000@PWAlWCK205bclZHHIVe,d560230b19e7d0e3fc8752f2618af5fa914731064c159de95c50eb9bace429941c504145c54cc1a67a398d763036fe12
10,lWCK205bclZHHIVe,1745145262000,6,1745145262000@PWAlWCK205bclZHHIVe,918d89a8dd41938170867e00c13bf279d769ec676252fa58977f5fdac2677a51e7c7d07fea7125b821fd0aa4004ea63c
1,MoRUWfgv82jgPd3T,1745159249000,10,1745159249000@PWAMoRUWfgv82jgPd3T,d4f40452be638da5e7e8e7ea075e470b6f766164f86a522fac0e0232d12889cab57a470082d13004d6401348ab61d304
5,Mos7mIoNK4avGvlS,1745201743000,22,1745201743000@PWAMos7mIoNK4avGvlS,55a20f22d2c26566386086ac75e0e1058089a5cd967774a4439b5d8990d66c0d26c140a0a41131f741cfa937c779e25d
7,lWCK205bclZHHIVe,1745144555000,6,1745144555000@PWAlWCK205bclZHHIVe,9a8222a4056e7a09e713f2736ffc1fa224eb9cbf6887e7caf1d2da5da463aea8be8784adcabfb92494a898927eb8090c
18,MoRUWfgv82jgPd3T,1745149193000,7,1745149193000@PWAMoRUWfgv82jgPd3T,81b8775686ff0aabf4971f934d3cdf7dd234619d55c34baf64a14fe281ce7418577142d3ea3ddbb2783a9ff98090a9fb
14,H99gdk4e90cz0zTP,1745162378000,11,1745162378000@PWAH99gdk4e90cz0zTP,84aa19c52a6266779bdf5a6db971faa56b020ab203f8a8ec5afc36519b6d268ae085d8c548adf7b8bf7014007fe6683f
1,9R04ZA4ZZYUeRcWE,1745171676000,13,1745171676000@PWA9R04ZA4ZZYUeRcWE,493d7dec65d9a1bc6570181e00568505f9f85351ebbb267937dedff1438727a771395d5c7c0045d6e2b97bcc4058a878
13,H99gdk4e90cz0zTP,1745184431000,17,1745184431000@PWAH99gdk4e90cz0zTP,887624358653bf8d346654c6f27cc90d285d3bcb085db2d2b6fdeb95f60edc5e2abe5db2c90e4ad0293e5bc50b1a520b
9,Mos7mIoNK4avGvlS,1745195847000,20,1745195847000@PWAMos7mIoNK4avGvlS,ae8b524d4c199a7416990161d0de32cf04d1cdaec7bcd8e1c4a0f791a2da44597f8e411f539648b8a162ff6f936785fa
15,lWCK205bclZHHIVe,1745159221000,10,1745159221000@PWAlWCK205bclZHHIVe,1ad7c25e65e0fa257a9d65c79f109985a3a63d04320bfe1628016562a58024d643f0529d139ab802e954a6c436401137
4,MoRUWfgv82jgPd3T,1745152099000,8,1745152099000@PWAMoRUWfgv82jgPd3T,4863c35970f346a0c4473e088a7d7530faf1b1d1bd270b09cdfc3aa629dce927b3f75912baa1fd72757508e3e968f3ea
4,9R04ZA4ZZYUeRcWE,1745150263000,7,1745150263000@PWA9R04ZA4ZZYUeRcWE,20de8a90e4ae82ad864267fe12ce9482cbef879d4c2345b01dba823236e277a3b75566c37c5854331fc9dc31676cc497
13,Mos7mIoNK4avGvlS,1745181243000,16,1745181243000@PWAMos7mIoNK4avGvlS,6138e48e99ae33aca6507fadcb7afd008b749f5f95349b0b28037d536f8be792df25d3604cc50259c619556de28af8e4
3,9R04ZA4ZZYUeRcWE,1745170447000,13,1745170447000@PWA9R04ZA4ZZYUeRcWE,54992d5cb9ab5f18b733c1f05572a6c7dc3554ef3b848ebda70053dde8d8d3cc40a04a899165446bec23c43bb365ad33
10,H99gdk4e90cz0zTP,1745180314000,16,1745180314000@PWAH99gdk4e90cz0zTP,346764f23c9f30fdbe833fdf4537b21ede0478e51e46e2bd48d8bab432e4a0056c9e70944e13a3ae8d64013513070a35
1,MoRUWfgv82jgPd3T,1745183441000,17,1745183441000@PWAMoRUWfgv82jgPd3T,cfa425aa46dbdee2d10d788ca990388b83d941c89957201bcd3bd1a66251dc90274c70371bbc9404385da145d7c403a9
10,9R04ZA4ZZYUeRcWE,1745160333000,10,1745160333000@PWA9R04ZA4ZZYUeRcWE,6d3d57816a4709c3b5b78e2f69fdd2ea855b1a116d1847a7ea2240609eef87c41f6a987c6a8ae241ef309e5618263d40
11,H99gdk4e90cz0zTP,1745149087000,7,1745149087000@PWAH99gdk4e90cz0zTP,404db1217d6901fe167590600c1c874acd946ffad7c81c3b21ddf6ad31144466ca61f36dee7d05f72cec358a69d56fef
14,Mos7mIoNK4avGvlS,1745171331000,13,1745171331000@PWAMos7mIoNK4avGvlS,de4dee8c132bafe4509ead3b3533ed6eb4e0fa40b08772ba581ef1cf04991356803aaeebdc485c18cf1ba2a69e00ede1
3,MoRUWfgv82jgPd3T,1745192813000,19,1745192813000@PWAMoRUWfgv82jgPd3T,badfc000811ca6d765cabd2e6c721976527a49d3518650a8dfbd652d0b331067b467e8e24ebbffa712ab2a6f645d44eb
11,9R04ZA4ZZYUeRcWE,1745151904000,8,1745151904000@PWA9R04ZA4ZZYUeRcWE,a55ce11afc32fdb68ae5fb1166aef63287b7aa927d60a17cba8115ec05d05b7e08b5de0a7d253041e03164b8a4c230e6
15,lWCK205bclZHHIVe,1745170659000,13,1745170659000@PWAlWCK205bclZHHIVe,ee1a602c837e2e3fc48ca09959d2aa2238cd308c1dfe70592aa4d3951b7199b122f629efbd91302e2fb4b61b34737f3e
3,H99gdk4e90cz0zTP,1745154557000,9,1745154557000@PWAH99gdk4e90cz0zTP,1c0f14a2abeed7c5ddf76b89ab7979d8fcdbf8df60c674583d0a1b8bbe813f2258ec419efc9d91dc5410d9ecba84764f
2,H99gdk4e90cz0zTP,1745165758000,12,1745165758000@PWAH99gdk4e90cz0zTP,dc149f5b376d96446fe5707fc4e02447e854cd260b840e6bf40cf1fd7e2a4cf0ff2a2dfcf18c77bc0a6fea1f5dd074f4
14,9R04ZA4ZZYUeRcWE,1745175186000,14,1745175186000@PWA9R04ZA4ZZYUeRcWE,b550ebc4c95f1981a8c6d9e72a701747d33a72b77f29ac0229541c0168baa576f0a317c9131cf9a4b962e7857bfa2cfd
10,H99gdk4e90cz0zTP,1745152275000,8,1745152275000@PWAH99gdk4e90cz0zTP,09234d9a5008ef09e595e4a2128b475348a91497b85dc3261912537f97cb2adbdfdc13e694f88b287898ce812a934788
7,Mos7mIoNK4avGvlS,1745146001000,6,1745146001000@PWAMos7mIoNK4avGvlS,583f0b9dbe3946b7c5d8b281a959a5fc7bdc99b5744db7b3090fe1ff183d073336d5fb292facd14db5c207a00dd34caf
7,9R04ZA4ZZYUeRcWE,1745195476000,20,1745195476000@PWA9R04ZA4ZZYUeRcWE,6a046bd30397037b98fd427ac9a502dbbdd176db66cafbd437675007fd7ae5ab39019e8dc88b642687bafb69b40f448d
15,Mos7mIoNK4avGvlS,1745165028000,12,1745165028000@PWAMos7mIoNK4avGvlS,c3dcd22b542a95c65a545f45cc6c35834ae30d3c80bedd71dab5dc900aceb309b83f776fb3cdde45d646fb55c00a3efb
7,lWCK205bclZHHIVe,1745177212000,15,1745177212000@PWAlWCK205bclZHHIVe,f76f4895fbe72a571f02862101491525d467c77780080f327d936bfa5a5bb2ae09d4f639c43a638e73a1eb3df488c556
10,Mos7mIoNK4avGvlS,1745174099000,14,1745174099000@PWAMos7mIoNK4avGvlS,a66fe4dbe39f90dbe9b73ba3da94a33a3e8a771ee7dc4b88564cc3c141bfdc5221a154a0c92580ebe5e8a6d1b111784c
4,H99gdk4e90cz0zTP,1745163995000,11,1745163995000@PWAH99gdk4e90cz0zTP,ffc3eeee1e4a855203931ad78173b0bd9eb505b15bed4687cbeddec4eb38041d8b30b3705a06475bb3a8fa6985fda5e1
14,H99gdk4e90cz0zTP,1745174386000,14,1745174386000@PWAH99gdk4e90cz0zTP,62094facb4ce771700d3b4b343e646b0669e6d493ca9308752422eee6ffe31ee58cd27ed186876ea2802c5f147198336
10,lWCK205bclZHHIVe,1745154109000,9,1745154109000@PWAlWCK205bclZHHIVe,225b4468726c27788ae77ba3793aab34c60e45606269f155a3e73ac330fef64bfa035825c5fc7d166efd3a4314ba2d3d
15,MoRUWfgv82jgPd3T,1745200954000,22,1745200954000@PWAMoRUWfgv82jgPd3T,67e06381139da97e85198a5f7bfb44e49433f5d7f02303edf8bbe737bfe9e680682b65b69b450b8d3093d11647032323
10,MoRUWfgv82jgPd3T,1745152966000,8,1745152966000@PWAMoRUWfgv82jgPd3T,350ee42f49abcba0b7fa5dd486c25dac2b1bc9b09f2d79c3fa2f2079e472941f24ab9396683eababe5c797a224760090
2,MoRUWfgv82jgPd3T,1745171063000,13,1745171063000@PWAMoRUWfgv82jgPd3T,d4e2c4ed714665a3bdf8436c80a06b654e9432ae6812ef41e8f9246989828d768187ff31a3462af78e702f6c4cc8bc52
4,H99gdk4e90cz0zTP,1745173051000,14,1745173051000@PWAH99gdk4e90cz0zTP,f082edf4b98756a73149b179897f8c946d9407f99dc62badc22d2d49d6011b735fe21a35d55882312eaa6d7dbf6b011a
1,9R04ZA4ZZYUeRcWE,1745176766000,15,1745176766000@PWA9R04ZA4ZZYUeRcWE,adb2a0f67c074fa675163b2c06e889aebd28c426f9b7b88c2395559a54049b3b2370ee8f5c4d2862d766b9a53460324c
12,lWCK205bclZHHIVe,1745185470000,17,1745185470000@PWAlWCK205bclZHHIVe,346253592eb23d9750171aa053fe0428891807b3400a267c2203e9621c4e1e7abb0826fcda5a1cb62103f24d9bbb2ff6
9,lWCK205bclZHHIVe,1745157560000,9,1745157560000@PWAlWCK205bclZHHIVe,423d7ffc3524d1844f2dca363ec2213df77a0c5eb7faf238397b5f1544e496b656a4ffa575a24a71078f47f267eddc80
17,lWCK205bclZHHIVe,1745161740000,11,1745161740000@PWAlWCK205bclZHHIVe,bf5fd5c9e8c7a11d56241d3c18e3a287b8d9ef67a9c93e584cb6fff79bb25f546fce811e1395bea65167bb54002f456e
3,lWCK205bclZHHIVe,1745173736000,14,1745173736000@PWAlWCK205bclZHHIVe,cf012029bbb6bdf2f27f0a9de2fdea8be5a3594b17b57f14925cf8bad350c3356aeead66801e69f5b8bf77c67c103317
17,H99gdk4e90cz0zTP,1745162435000,11,1745162435000@PWAH99gdk4e90cz0zTP,b15070492c02f5169a140196832974c36873475b943497916976e17338728561f31c3e24d59dd9ba181492eccf7dc2ce
7,H99gdk4e90cz0zTP,1745150304000,7,1745150304000@PWAH99gdk4e90cz0zTP,546bec5bfc0120573b03f679ffc368b2b25da49af2ec067946336dfb96a1e2f19de7be713ece56ae0d2d3df31a812a60
12,H99gdk4e90cz0zTP,1745156324000,9,1745156324000@PWAH99gdk4e90cz0zTP,145d2235afb2ce433ad1824f44188893cf21de1a622dbd4d4280889bd145457f4d43599f8faf816db0b0e177b51a7ae2
15,9R04ZA4ZZYUeRcWE,1745179980000,16,1745179980000@PWA9R04ZA4ZZYUeRcWE,739761b9e5b29679d35c94a9f549fcaf75cd30e81898d84342e196bd5e81530cef16f681c1e3bda7fdee5ea064aee380
7,H99gdk4e90cz0zTP,1745167850000,12,1745167850000@PWAH99gdk4e90cz0zTP,fa91b918a8b675f06b860e2adac22f8a80d9df277f56a753e7b0345ec7f6c41158c704aeaf2c3f3a53477dc8da7cc84b
17,9R04ZA4ZZYUeRcWE,1745172919000,14,1745172919000@PWA9R04ZA4ZZYUeRcWE,3564d4247857830229ac29bfe8886409daa8c7537d5ecbdc547fbea22c1b0062fe706b59975c605038b7ea68a89f2586
16,Mos7mIoNK4avGvlS,1745161877000,11,1745161877000@PWAMos7mIoNK4avGvlS,2e46f7cc7d2a5bcb6f415693a8dae2d7f1c0b6e7188f757306f9d1abffc78b046c41b71f9460b3aef4d2592415842064
14,H99gdk4e90cz0zTP,1745161395000,11,1745161395000@PWAH99gdk4e90cz0zTP,c99b231edd6f24559dd92f2500a7b9ecf3d424468c06b5bacf97fbb2fb199e059d4bdab9d9c29bcb6a85275e066ab1f9
6,MoRUWfgv82jgPd3T,1745152811000,8,1745152811000@PWAMoRUWfgv82jgPd3T,3ef1be939ce7f33235f027647625ba5b260a9301fa83347aaf2e2c0fcb1a61666798d2c775752a421412c721363ec46e
9,MoRUWfgv82jgPd3T,1745151737000,8,1745151737000@PWAMoRUWfgv82jgPd3T,85564fad1ff811a06f5fc27b7e43adbaf8534ae4efb83bb3be466cb87a66c784ee4fdaa0505adf5f3c1ad4ef903ea531
12,9R04ZA4ZZYUeRcWE,1745186555000,18,1745186555000@PWA9R04ZA4ZZYUeRcWE,1d797350387d4400f85d5e82314536543426905b5bbd81d676213518d1ad62431dd9aca37683b6bb5fab02d47e39943b
13,lWCK205bclZHHIVe,1745147471000,7,1745147471000@PWAlWCK205bclZHHIVe,c22d5cd587c3da22c789eb16ac807307156bc56315bfce022bb6c6e487bbc917a59681c9f7f7ec978352f15112472256
12,MoRUWfgv82jgPd3T,1745192105000,19,1745192105000@PWAMoRUWfgv82jgPd3T,c387c3f710d41ac1f06c1648625a0e604848f572025aa389317cd653f5587f2b45437db6d4aeb80f95f251a16566cfc5
7,MoRUWfgv82jgPd3T,1745164289000,11,1745164289000@PWAMoRUWfgv82jgPd3T,bc9110b139e671df53151290adbb1907d160fca399dc371024fdfd0aec45347abb11a2dc74d72d23eefc62d744e225e4
16,9R04ZA4ZZYUeRcWE,1745196877000,20,1745196877000@PWA9R04ZA4ZZYUeRcWE,0ff2cf4c7bc6598b40e03c5d134e2b8f40974105a9020517c6c036a99f17fafc88abf49ddeff350028dca45652dc192e
3,9R04ZA4ZZYUeRcWE,1745165432000,12,1745165432000@PWA9R04ZA4ZZYUeRcWE,9bf0a1bf293c87c61bdacf3fcaa14a37bb16a333781dc38dca66f898471145176385a8f19443ad85107ff97ae13ba449
6,lWCK205bclZHHIVe,1745162365000,11,1745162365000@PWAlWCK205bclZHHIVe,7bcafef2957572406c676e3f87b6f534bb47edc9895bd29c1914eec0788bfa357728c784043b6159fb87f7a821102560
9,lWCK205bclZHHIVe,1745156384000,9,1745156384000@PWAlWCK205bclZHHIVe,424dea5567ecc0110c5a2eb20932295823a8866ed0fc307a4b125074aa8980d6f5938705237aa79fde58e8084a83bb96
4,Mos7mIoNK4avGvlS,1745151067000,8,1745151067000@PWAMos7mIoNK4avGvlS,dafd1f17aa208fe7cd5095afa94de998dbec78914ea91081a25af1b2577393bd27fec6bfc22a3762636bfdca9c49c166
9,MoRUWfgv82jgPd3T,1745156848000,9,1745156848000@PWAMoRUWfgv82jgPd3T,b9d580860fc79c8418fd493f04b30c3b9db5701c76e3ef0354060efc78290d633f3e52140e9eacb7e6441e1b44683b68
2,9R04ZA4ZZYUeRcWE,1745158686000,10,1745158686000@PWA9R04ZA4ZZYUeRcWE,7a4708f62111a8ba4787fb6499739530dc7be29cf0755aebc6f000d910afecf78e8e6392ca09c8b3a982be6477684f8a
1,9R04ZA4ZZYUeRcWE,1745165841000,12,1745165841000@PWA9R04ZA4ZZYUeRcWE,fef54bfbdaeb24d4795ed0927effb879ce5dd6bafe394a11bd1477818a626a906ef5dd720dae109b1a4617cda759df55
11,Mos7mIoNK4avGvlS,1745177223000,15,1745177223000@PWAMos7mIoNK4avGvlS,e9c4656803009e4f589d29bb18eb6f72618c993a211ae92c642e0cd0d7d00795117bb1dfcdaca70eb7308d9f393b25a3
3,lWCK205bclZHHIVe,1745174013000,14,1745174013000@PWAlWCK205bclZHHIVe,5d2eefad644fe423806ab8116767962e8403b60401e31d2abd3e9eb128399397a593c9f832148aced0b7bbb550599d07
8,MoRUWfgv82jgPd3T,1745164371000,11,1745164371000@PWAMoRUWfgv82jgPd3T,ae6ab620a0df9bcea0b649a09e60b0d734b3daa2958174a7f82ad97d7783ba0608800ae3bda601bf9457399fee11fd46
7,lWCK205bclZHHIVe,1745177212000,15,1745177212000@PWAlWCK205bclZHHIVe,f76f4895fbe72a571f02862101491525d467c77780080f327d936bfa5a5bb2ae09d4f639c43a638e73a1eb3df488c556
17,MoRUWfgv82jgPd3T,1745189847000,18,1745189847000@PWAMoRUWfgv82jgPd3T,23a3602c0ddedad690268477ffa95236c630273717e670f45bb53dd5e3d417f453c14b0b585ea8a3988fab792ef70907
1,H99gdk4e90cz0zTP,1745174817000,14,1745174817000@PWAH99gdk4e90cz0zTP,d7dafe579f4a2f24fb5c0a3ae1c63540a9f5859690f72287806377910ccecac998b6a14cde8c918bc05c478bad18813f
11,H99gdk4e90cz0zTP,1745149087000,7,1745149087000@PWAH99gdk4e90cz0zTP,404db1217d6901fe167590600c1c874acd946ffad7c81c3b21ddf6ad31144466ca61f36dee7d05f72cec358a69d56fef
8,Mos7mIoNK4avGvlS,1745176944000,15,1745176944000@PWAMos7mIoNK4avGvlS,d68eaab10231b67ba672d9a9e5c815cfe4405a2b9673864f618edad2d5b6ff2ef17c4104be75edc6e13be667ea10d376
17,Mos7mIoNK4avGvlS,1745179024000,15,1745179024000@PWAMos7mIoNK4avGvlS,a8af9b95609e0b1d5256bad81682d09c9f6f18c7bb5eb9eacece771e5971652ccc84ec6264aba342f3be2df3b5b938e0
2,H99gdk4e90cz0zTP,1745154907000,9,1745154907000@PWAH99gdk4e90cz0zTP,8fc35c4eebf68595f0e9e01c571146ee3595177bbc0f7d383bb8f07a87ae0b570fd4668dc871c818abb59369f0eacb32
19,9R04ZA4ZZYUeRcWE,1745172448000,14,1745172448000@PWA9R04ZA4ZZYUeRcWE,2c4f64a22b9aae0593dfe7806161bf40c2f59ed91ae2e328e152f8c1200b13a4a2797219d314aca730c853a893b7b6b5
12,H99gdk4e90cz0zTP,1745176504000,15,1745176504000@PWAH99gdk4e90cz0zTP,98c3fddd8571cc23a1931de15c9724bf933bfc72fb7f398251544a751494f3755b57977683a6ec31a549e6cbfce121cf
5,lWCK205bclZHHIVe,1745175871000,15,1745175871000@PWAlWCK205bclZHHIVe,b48dd95306b65f13235907dbe4798bbdb68792714a2d6c9470cac54b23e527c8b309594f91e9a47a0ea6bff862c860bf
11,Mos7mIoNK4avGvlS,1745167052000,12,1745167052000@PWAMos7mIoNK4avGvlS,524e1082f6ba0b70ae5cf40acc5f0f46fc2b64e2b12287ed1f1a9d4a51c701a4507bbbabbd157e74a0f9f92a71e61253
1,H99gdk4e90cz0zTP,1745174817000,14,1745174817000@PWAH99gdk4e90cz0zTP,d7dafe579f4a2f24fb5c0a3ae1c63540a9f5859690f72287806377910ccecac998b6a14cde8c918bc05c478bad18813f
7,9R04ZA4ZZYUeRcWE,1745159009000,10,1745159009000@PWA9R04ZA4ZZYUeRcWE,21fa497cdffdaf63dbf3f56c7a07962ff10decebbc95467095e40bed310fc0af6f0c7293e1fd514594edfcb86f4f782a
1,MoRUWfgv82jgPd3T,1745161498000,11,1745161498000@PWAMoRUWfgv82jgPd3T,df9339b77ea183363ebcd0b8cc6b2e28233e6c6adb98b3d7f6075989a27bbd206d2cd37d1beb8a7dadf0c2972e5a6074
8,Mos7mIoNK4avGvlS,1745177879000,15,1745177879000@PWAMos7mIoNK4avGvlS,6831076868cb93fb7b9427380b027d2c676d6b047f84cf2201a434f67309aa26717e49dfea664c5ae4abde1365a3d073
17,H99gdk4e90cz0zTP,1745162435000,11,1745162435000@PWAH99gdk4e90cz0zTP,b15070492c02f5169a140196832974c36873475b943497916976e17338728561f31c3e24d59dd9ba181492eccf7dc2ce
16,9R04ZA4ZZYUeRcWE,1745156745000,9,1745156745000@PWA9R04ZA4ZZYUeRcWE,a04ab1c1d1e2cb027c87fd999f2499d5cdce29cd8c571c8d5c1282b94c326c13a4ca519ab6e52835b0261053c58f0176
11,lWCK205bclZHHIVe,1745142928000,5,1745142928000@PWAlWCK205bclZHHIVe,e87b3df4d8d12e6adab8323291490d20040b30b1dfde728836181991f307dba28288b1fdfdba347ac30fdb18f782d721
3,9R04ZA4ZZYUeRcWE,1745165248000,12,1745165248000@PWA9R04ZA4ZZYUeRcWE,576f9bdee54a420706dec4d92b4615e9ca8c69a159f72f4d36216252d7632f818e0a75a2c367e00381f7c78eb48da615
10,MoRUWfgv82jgPd3T,1745173318000,14,1745173318000@PWAMoRUWfgv82jgPd3T,5880aad8ca691b4d8ccb78baf282024d68345e04853603bc6a69b8ef172efd1b29656f84eccf485adb35ef9d21b1bd29
15,H99gdk4e90cz0zTP,1745157728000,10,1745157728000@PWAH99gdk4e90cz0zTP,01da9598ae919afda8c014bc8434c703815d0d9f124ed4a5ae70e5b4be54e20b9bdc32a87a575e651b55f08f9563fbd9
14,9R04ZA4ZZYUeRcWE,1745142667000,5,1745142667000@PWA9R04ZA4ZZYUeRcWE,bafe1e299256518ed7197feb69ca93a6d44f70289b21bf8ac44be26e6584db21a182b646c106d5afe17ca756b6fc5edb
13,MoRUWfgv82jgPd3T,1745190298000,19,1745190298000@PWAMoRUWfgv82jgPd3T,8afb71b65e9c29a9f1c162a2c1b3ca23961f772b3a4872199006251a7e6a0e9939bffe9647b78b85197708ff0230a968
2,MoRUWfgv82jgPd3T,1745164962000,12,1745164962000@PWAMoRUWfgv82jgPd3T,6e462ce2102ca9bc393a313cf651d582aafa9954a5365f4bb6f8a226b5da57a9dc1f05163344253b7d3886daa527f4dc
3,Mos7mIoNK4avGvlS,1745159929000,10,1745159929000@PWAMos7mIoNK4avGvlS,6087c260efefa710cae9309499f6154d9480e50b50a14804b3c1fc8151a9797889a6412cc690806de12cf8caf97c0ced
18,H99gdk4e90cz0zTP,1745127134000,1,1745127134000@PWAH99gdk4e90cz0zTP,3fea9054fd8580551301ba3ef114388d0a99079761b6eca7308085d8801fce5d9f580ec6c7bae6da3b4c3b7642f9b8f1
16,9R04ZA4ZZYUeRcWE,1745150581000,8,1745150581000@PWA9R04ZA4ZZYUeRcWE,f77af48b8b918974f38da79503bcde5463b3b5af0b214c1f6a992010ad755d71b001a751ce51cf53213f25678cb53add
12,MoRUWfgv82jgPd3T,1745179264000,16,1745179264000@PWAMoRUWfgv82jgPd3T,9bce13aa9547304ef81751826e22c0c3d5af9b7e1e438589e87e5c03e8113cf3e6b81539469941980fa9dd157d4fe633
5,9R04ZA4ZZYUeRcWE,1745197371000,21,1745197371000@PWA9R04ZA4ZZYUeRcWE,01f4cc5a1b687c0cf32249b5ad9241cc932110ac9c4d881b4794e24450e5d068b0339448f0eee94c41269f41b3a4abcc
3,Mos7mIoNK4avGvlS,1745124256000,0,1745124256000@PWAMos7mIoNK4avGvlS,8737dac153bac961dc00b187d58d668d39dc1e5bbdef2a49ce59d70675760eae53638de56662e8bc5422f388fa6d3934
11,Mos7mIoNK4avGvlS,1745162430000,11,1745162430000@PWAMos7mIoNK4avGvlS,912f68a690e2d988e0ecc100a65461268a7d4e0d1dfd14b18f74345d6a9013717c8a174c24b0842f47e0011651a04e1a
2,lWCK205bclZHHIVe,1745181454000,16,1745181454000@PWAlWCK205bclZHHIVe,1f58ae66b4ffe3d7ef85402e817a4212c102e22a6b5ba3bbdca0dde392da8c41abfeff42dc8260dc51398481f2b39f03
11,lWCK205bclZHHIVe,1745147398000,7,1745147398000@PWAlWCK205bclZHHIVe,d891971a2e97d933ed5792de79ce672d75af2a04d1ea9c23842b0bf725c6b69cfedbc7885c3f34432b49947d9daea6e1
1,H99gdk4e90cz0zTP,1745154449000,9,1745154449000@PWAH99gdk4e90cz0zTP,927d882404591261fabb43892fd1ade79d680268067384f00ad77e838cee17f2529a9956f18ff9972053cdb63cce00e4
15,lWCK205bclZHHIVe,1745159221000,10,1745159221000@PWAlWCK205bclZHHIVe,1ad7c25e65e0fa257a9d65c79f109985a3a63d04320bfe1628016562a58024d643f0529d139ab802e954a6c436401137
1,MoRUWfgv82jgPd3T,1745161498000,11,1745161498000@PWAMoRUWfgv82jgPd3T,df9339b77ea183363ebcd0b8cc6b2e28233e6c6adb98b3d7f6075989a27bbd206d2cd37d1beb8a7dadf0c2972e5a6074
3,MoRUWfgv82jgPd3T,1745183140000,17,1745183140000@PWAMoRUWfgv82jgPd3T,574ebc48244e83284325be51103ea958c8030d8ebb44c63bc5a6901134d76014d2190bc6c360bf85cc48bd1b89065019
16,H99gdk4e90cz0zTP,1745160080000,10,1745160080000@PWAH99gdk4e90cz0zTP,cac0d43464535d2a424fcd8fcc05ac790e7971533ec95e1de043b13dc81c77d2b617e0373109565861c215539b27064d
6,lWCK205bclZHHIVe,1745190219000,19,1745190219000@PWAlWCK205bclZHHIVe,fab5bd3699576169da5b7d855fcde2e1f672a82293e7255951668457106a4bc67d1fac68ebdcd8c773c69f83eee58da6
7,H99gdk4e90cz0zTP,1745161215000,11,1745161215000@PWAH99gdk4e90cz0zTP,a8aa7df2518db7a6d6352e86cd67d9405fcf172e50061ce00fb7671329f09d2ec63d3ff4fc3d5057b7c8ae971259e4e7
9,lWCK205bclZHHIVe,1745156633000,9,1745156633000@PWAlWCK205bclZHHIVe,5f63aa63ed259a4505bbc87a120d00c33ad3e7e18b7c45bb411137ce02bbf8a6fd813010497bf3b8f11016b5225684ea
15,9R04ZA4ZZYUeRcWE,1745179779000,16,1745179779000@PWA9R04ZA4ZZYUeRcWE,eb3fd5a2b37b06fad09528e29e986131698ed9188d53038c7bdd76ac8a4856c8d87589737d377a00dd4a8e1945350007
20,9R04ZA4ZZYUeRcWE,1745156912000,9,1745156912000@PWA9R04ZA4ZZYUeRcWE,4094cb418285fadc52228b7cc987b3b272b285ffad99eb7808bcf62405da7a3102b75e377e07b032f9f035a77d33322c
11,Mos7mIoNK4avGvlS,1745184032000,17,1745184032000@PWAMos7mIoNK4avGvlS,4259c6ff905bba677974cbdc294bb5d4a1e95a83966176e302b28766e11f148c5d9907ece0647aaef9554088cc47554e
11,9R04ZA4ZZYUeRcWE,1745181765000,16,1745181765000@PWA9R04ZA4ZZYUeRcWE,55742b345fc70280e6832e39f2f9ee7c4f5b485f0c5106a176037a741d9f24d27a9cf8f4fa28daec970602f137b0011a
9,MoRUWfgv82jgPd3T,1745173503000,14,1745173503000@PWAMoRUWfgv82jgPd3T,20f36f7d5872f070fc2f1379d74f97ade3e119fdb9cc7e77d1a23ecc9f75de69b9bbed5eaf10c0ae37921ffce7f6d57c
19,Mos7mIoNK4avGvlS,1745154731000,9,1745154731000@PWAMos7mIoNK4avGvlS,8aa4b32cc509d38a92099ab7561048873c1522628dec34706a88621278012a2d8c26f0168b54031c26b980708576bafe
5,MoRUWfgv82jgPd3T,1745154968000,9,1745154968000@PWAMoRUWfgv82jgPd3T,55c5fc83f02540fe4bf00edf9d71982463039b52c70c1ed5bd7bda9b796295f8d6c28e9e80cc21dad4c2da61d32fb324
19,Mos7mIoNK4avGvlS,1745160128000,10,1745160128000@PWAMos7mIoNK4avGvlS,31fd85f0a22ca0787dc1e908ef500b416fc8e1a7fc014030acd944d3ae9f8b895c36f3f3d538c14598bd00c9a8107852
12,9R04ZA4ZZYUeRcWE,1745163166000,11,1745163166000@PWA9R04ZA4ZZYUeRcWE,06b8ec3f75dbfb89a61d5be6998c668771b3168e181b6cc7575a90af3f8d2dfd7e5ed9efdf2938f55786ae4cf68fe3a0
3,MoRUWfgv82jgPd3T,1745169388000,13,1745169388000@PWAMoRUWfgv82jgPd3T,76550cd1fbc8277c748ddffe2abd2904b60c70cd1396e8a0eb966cc08e36309bfee8fa1ed776ac35a40b7044bea7fa95
11,MoRUWfgv82jgPd3T,1745152271000,8,1745152271000@PWAMoRUWfgv82jgPd3T,5e9936cbd4dcf332e094e7dfc749a8138dcd7e17e0d70c0a9a180eb3e95d31549918761bde91fb0cde74504e38d10cb4
17,Mos7mIoNK4avGvlS,1745175992000,15,1745175992000@PWAMos7mIoNK4avGvlS,84287011534cb29b554e69e4ba58a81c0f26afaeac2b19805e3f26de56c0d1812c706f5c08a5b071d69d77c1dc51cb5f
19,MoRUWfgv82jgPd3T,1745177886000,15,1745177886000@PWAMoRUWfgv82jgPd3T,68d48c07feb4e426730a3454366718a685c9eba9f8568046ef9b927a4ad308873a411a6d48a4eda16a2af37e8f0f6bb0
20,MoRUWfgv82jgPd3T,1745143975000,6,1745143975000@PWAMoRUWfgv82jgPd3T,c3882a714652f698ff70d6e69560a691f5327ce0de63f45ebf670616968b3c0e2638f2cc61d6bfbecbd146962ee39a60
5,lWCK205bclZHHIVe,1745199681000,21,1745199681000@PWAlWCK205bclZHHIVe,b8d3ff9cafa5de52a3d3b7ba570008bb5c2e0de090927eaa15d9333b08645466b6d4dcbbb3b68763dca5fc0f9d0d8602
7,lWCK205bclZHHIVe,1745153942000,8,1745153942000@PWAlWCK205bclZHHIVe,1a3002b32ee0a2e4e57a7e2b868616cc15019107b3113037d39019c01804cfb0596b109cd1e5f31d613d9ec68933055d
17,9R04ZA4ZZYUeRcWE,1745185636000,17,1745185636000@PWA9R04ZA4ZZYUeRcWE,4c9a8796a76416455f91815ac253c53cd8ba98359b1759d36d99eaff09781de9fcbf9d7d6dfe9535f22eef2316f7cc71
7,Mos7mIoNK4avGvlS,1745183958000,17,1745183958000@PWAMos7mIoNK4avGvlS,93a81aa41c32fbbe203e9d1bbf7f766ed88097c32648f5bc0d33750f6d2ef47616d7135c0f4167abb14cf7d0e902a7c7
3,Mos7mIoNK4avGvlS,1745169288000,13,1745169288000@PWAMos7mIoNK4avGvlS,412bd1e0d36d81aee4f9f520a095ab741927bcc4b3f3ef821c030e1edb18115cb330cfa4ba8b5f0c8af8353fe85ab663
1,Mos7mIoNK4avGvlS,1745167449000,12,1745167449000@PWAMos7mIoNK4avGvlS,da870fdc814b186ccb3382e2d9c38051fd8a13a046a47676fd14066418982912f61d2c83b6b7e90f4b6ba9a9a36e74f8
20,9R04ZA4ZZYUeRcWE,1745187630000,18,1745187630000@PWA9R04ZA4ZZYUeRcWE,02f4423a0e527f4415e98b2fee94d03b16b6a013d95b7539d9a6a7576ff6eeb5d484bff32dc99d7acb2c16023fe97f7a
13,9R04ZA4ZZYUeRcWE,1745162179000,11,1745162179000@PWA9R04ZA4ZZYUeRcWE,5220f44fbcc8bb040cfb60b13ae1e054dc06d0163309c4e43974a77b6a8af2f27cb43e016730f8309bdddcce7f4671db
3,lWCK205bclZHHIVe,1745192235000,19,1745192235000@PWAlWCK205bclZHHIVe,b3dbf3b447274479898a6d6047a94620c4e3bbe817fbb6acd91b73aa1b4280f64f4ff993355dc2ed4e007d193fa4c761
14,H99gdk4e90cz0zTP,1745150585000,8,1745150585000@PWAH99gdk4e90cz0zTP,c018f19da98c1d363c62f8abc82209b99d19f37eba3eb239b636db160c852404ff249027bde02acce292b0b3937f2e61
16,MoRUWfgv82jgPd3T,1745170834000,13,1745170834000@PWAMoRUWfgv82jgPd3T,2bd0b9d8dc1900fdcc2e4d8e0671b6ec4fafe0ed1decc7994c5ecef4ff727fd423c179550bab4829f0e2cd53f93589bc
2,H99gdk4e90cz0zTP,1745150353000,7,1745150353000@PWAH99gdk4e90cz0zTP,a803ae18bb9217c9e30f10857b1dd270ca8460f371a25ddd387fcfce8efea0b1d26e224d6d7e85eccae86144f5410e2e
10,lWCK205bclZHHIVe,1745189495000,18,1745189495000@PWAlWCK205bclZHHIVe,431f54e0e5d890fbe5be484efac9af0637bd3849ec73f1167c5aeba5de94a4bcea988994e4e81c64b76cd82eb795c356
6,H99gdk4e90cz0zTP,1745192732000,19,1745192732000@PWAH99gdk4e90cz0zTP,fe5784a7e7d9f7b2810ccfc1baec61df3a641ac810ec9d2eaaca0b49a424e34e56abf3c88a76bba5bda888eed087ef67
15,MoRUWfgv82jgPd3T,1745157553000,9,1745157553000@PWAMoRUWfgv82jgPd3T,1a88bfa165eab82daad8b4f3df1bda8cccd73aa5fd90d564cd8d6a0227890590fc8b04bde975b14a987da17ad903170a
2,MoRUWfgv82jgPd3T,1745164962000,12,1745164962000@PWAMoRUWfgv82jgPd3T,6e462ce2102ca9bc393a313cf651d582aafa9954a5365f4bb6f8a226b5da57a9dc1f05163344253b7d3886daa527f4dc
10,lWCK205bclZHHIVe,1745147608000,7,1745147608000@PWAlWCK205bclZHHIVe,81965b9cdaaf88c7b43c31648eb7f78b7d6f7c69e679e69e98b4e2e659925d19c5e5fe4656111e13e359a09ffc8343f9
1,H99gdk4e90cz0zTP,1745163657000,11,1745163657000@PWAH99gdk4e90cz0zTP,3ed6a92aac1ed419eb52742e8154e650949fd6d9261eb0e7dfc286d5898f309b7d28854acc0c0f49c179f2b8cc9f99f1
8,H99gdk4e90cz0zTP,1745157318000,9,1745157318000@PWAH99gdk4e90cz0zTP,840934fa2df44161c335785795326f6c819402921bf3190ad106501cfe13730b71bf4a27ed34becb46b9470caf3c2aee
3,MoRUWfgv82jgPd3T,1745164969000,12,1745164969000@PWAMoRUWfgv82jgPd3T,31f96b84b7b0fc651a853fded6ffe71567d2bede57f8f06174fc41ac770d64c442b071501eeefa756978b68a0d883ecd
12,MoRUWfgv82jgPd3T,1745153900000,8,1745153900000@PWAMoRUWfgv82jgPd3T,ac670738c6b43e34d782c4af11bbd520ed360e40862fae8d1a666cb8f660472861a076f72cacd89971ba12dab97fb0bd
7,MoRUWfgv82jgPd3T,1745180262000,16,1745180262000@PWAMoRUWfgv82jgPd3T,6a224326cfd61a6c2395cdd5333fd29902eef453f11822f83633a04c092f41d38bada9945ed7c2b0d91279997898d3f8
18,lWCK205bclZHHIVe,1745170803000,13,1745170803000@PWAlWCK205bclZHHIVe,cee34d5f3650eb7f1314340415486f8d53f205cf30afc5965ab29b859738bd05f04f6949b62419b353baa0430b4c738c
2,H99gdk4e90cz0zTP,1745165758000,12,1745165758000@PWAH99gdk4e90cz0zTP,dc149f5b376d96446fe5707fc4e02447e854cd260b840e6bf40cf1fd7e2a4cf0ff2a2dfcf18c77bc0a6fea1f5dd074f4
14,Mos7mIoNK4avGvlS,1745142946000,5,1745142946000@PWAMos7mIoNK4avGvlS,c348809b0f35f2d60e52870e0299c26c25cbd5e78da330f6e8ba75336f97b291b6153d57c974b4cb78286593ca7d4b92
17,lWCK205bclZHHIVe,1745161740000,11,1745161740000@PWAlWCK205bclZHHIVe,bf5fd5c9e8c7a11d56241d3c18e3a287b8d9ef67a9c93e584cb6fff79bb25f546fce811e1395bea65167bb54002f456e
5,H99gdk4e90cz0zTP,1745168630000,13,1745168630000@PWAH99gdk4e90cz0zTP,8982843a8076c4940253485e00063d3b076dde0cdf3f2d5e2090ec7e7840c89863b5bbc6a200a5296cbeb527e8233a34
17,lWCK205bclZHHIVe,1745161740000,11,1745161740000@PWAlWCK205bclZHHIVe,bf5fd5c9e8c7a11d56241d3c18e3a287b8d9ef67a9c93e584cb6fff79bb25f546fce811e1395bea65167bb54002f456e
10,lWCK205bclZHHIVe,1745155278000,9,1745155278000@PWAlWCK205bclZHHIVe,43fbb087f6d89cd2b714b6d964ae53dcf19dcf2332f856ee3f83efd1fefd86cba1d5d74e52e5c95415d2559a0bad9b66
13,H99gdk4e90cz0zTP,1745184431000,17,1745184431000@PWAH99gdk4e90cz0zTP,887624358653bf8d346654c6f27cc90d285d3bcb085db2d2b6fdeb95f60edc5e2abe5db2c90e4ad0293e5bc50b1a520b
19,lWCK205bclZHHIVe,1745152941000,8,1745152941000@PWAlWCK205bclZHHIVe,4bcd156e6a01cfbf1ac30df978506fae309d40c78bdc6e84b54e8e266f68e8c5c522048fb07c147b446f94d26a7b720e
18,H99gdk4e90cz0zTP,1745157938000,10,1745157938000@PWAH99gdk4e90cz0zTP,d0323a6cd4fa8ff635f525139ab055b4f8e17bf816a8a687b38c41680cf06de3780cde3912883078e3ec4e8e0e413680
15,Mos7mIoNK4avGvlS,1745169295000,13,1745169295000@PWAMos7mIoNK4avGvlS,483fab0283d2319749dec75cbbb8a44167976f8f02a9d2e7912340af4344d2fbf6a611527000e1c53111a2cfd97bb03a
1,Mos7mIoNK4avGvlS,1745150733000,8,1745150733000@PWAMos7mIoNK4avGvlS,19ad4385d6b93f2a2fd52704eb9beda0e55c29a7957ce81eb93f735473287d20c022afcf628445a4fd22acf409007a85
1,lWCK205bclZHHIVe,1745164439000,11,1745164439000@PWAlWCK205bclZHHIVe,713e7596ff3c184ae22ebf588c33b89af016c3a6180d69f8c27f35f987cd02a9c6310793e986fcdfd92f73bee6ac7f1c
2,lWCK205bclZHHIVe,1745153627000,8,1745153627000@PWAlWCK205bclZHHIVe,ac9be06f79b981854c9f51641fb0f17583c3337a45173fd11cc672e17465ccca5b02bfe17943ede3388e19cb421b6bb1
11,H99gdk4e90cz0zTP,1745168377000,12,1745168377000@PWAH99gdk4e90cz0zTP,b096f3be79aee4f120ad64ae64e257c825ab182ecd84d2c43dcf1283510574eb22e397a748a208b16135af3d357075da
7,MoRUWfgv82jgPd3T,1745182032000,16,1745182032000@PWAMoRUWfgv82jgPd3T,5c07e2851ab7bee9f7335814a972f9d555ee61d4d4d5156ca195e99f554227b20f163356dc9131d59a3d598651668738
20,MoRUWfgv82jgPd3T,1745177058000,15,1745177058000@PWAMoRUWfgv82jgPd3T,4810cc83ea102dc78ba24a0ad2e6fe7c9b470f185dced24a8bceb4d1c99dded959b0185fccf9e54d0d9af145e182054f
8,Mos7mIoNK4avGvlS,1745177879000,15,1745177879000@PWAMos7mIoNK4avGvlS,6831076868cb93fb7b9427380b027d2c676d6b047f84cf2201a434f67309aa26717e49dfea664c5ae4abde1365a3d073
19,H99gdk4e90cz0zTP,1745182263000,16,1745182263000@PWAH99gdk4e90cz0zTP,71e74046697133439cb6a3287589740132ea7289c535b2a29d59a6ac37967543b76dceec3579b7568994a3ad38591414
2,lWCK205bclZHHIVe,1745177997000,15,1745177997000@PWAlWCK205bclZHHIVe,72fb176800f43d39a9bf9d43dc38ec018abc711ecbc8a91c219cc83c63d162a51fcf0bab9468a383be69901f231e6b81
9,Mos7mIoNK4avGvlS,1745157220000,9,1745157220000@PWAMos7mIoNK4avGvlS,06ef3352af62bf6345fa7f69f7940194e124975b7d2ccc8dcb78b19ba4dbe4ba3a76f8c7e906255968ff49e099ea50b6
7,9R04ZA4ZZYUeRcWE,1745180765000,16,1745180765000@PWA9R04ZA4ZZYUeRcWE,18d9fa8b32e98ca0640d763ab3212df39512608383e94df965c90a0f0bb4a57f41b1f19588c22fd099a27ff9239c63c6
2,lWCK205bclZHHIVe,1745151241000,8,1745151241000@PWAlWCK205bclZHHIVe,7746c99f2e7d5f1d3f504113e525e668b16494bae53673c7b824f2bfd2faa1a7f2f98c83ea055b10ee30e2cf3b18fd73
13,H99gdk4e90cz0zTP,1745184431000,17,1745184431000@PWAH99gdk4e90cz0zTP,887624358653bf8d346654c6f27cc90d285d3bcb085db2d2b6fdeb95f60edc5e2abe5db2c90e4ad0293e5bc50b1a520b
14,MoRUWfgv82jgPd3T,1745162819000,11,1745162819000@PWAMoRUWfgv82jgPd3T,ede03238e9f7681b2a1cbfb7ce2ed66732cd0b460cb848aa383ea99631c7dad4c0947c31b85704faee7af44c703fc2c4
13,H99gdk4e90cz0zTP,1745160357000,10,1745160357000@PWAH99gdk4e90cz0zTP,504d3909ebf55c6bc3e32a72a73b9477e4d85d4c113015ef6a8d3dfa242159ec6284d698325592acf66ad2861b0bcd52
7,lWCK205bclZHHIVe,1745162404000,11,1745162404000@PWAlWCK205bclZHHIVe,53453eb4ab816cb8eb8ad354db6028c63e968744de518bd10e6f88f00fab26d35a0d5eb6580a297ccf8ac10d1ac35f28
18,Mos7mIoNK4avGvlS,1745180296000,16,1745180296000@PWAMos7mIoNK4avGvlS,a370a1152517aab11731c5041a34ae453ea333115afe2e0b5e63ebc918a242d9fc417aec3e0e7bae99272aa93223c1fc
18,H99gdk4e90cz0zTP,1745157938000,10,1745157938000@PWAH99gdk4e90cz0zTP,d0323a6cd4fa8ff635f525139ab055b4f8e17bf816a8a687b38c41680cf06de3780cde3912883078e3ec4e8e0e413680
2,lWCK205bclZHHIVe,1745151241000,8,1745151241000@PWAlWCK205bclZHHIVe,7746c99f2e7d5f1d3f504113e525e668b16494bae53673c7b824f2bfd2faa1a7f2f98c83ea055b10ee30e2cf3b18fd73
4,lWCK205bclZHHIVe,1745170388000,13,1745170388000@PWAlWCK205bclZHHIVe,90c8e468bce59e32f09f433b479aaffaa4426d6115008e041bbd8a00039b942c8ddf3d1b9f8d2b45de0c38365c00a6cc
3,H99gdk4e90cz0zTP,1745146902000,7,1745146902000@PWAH99gdk4e90cz0zTP,e17e262d9ea101f4a292b6d49a6c5a20e6c0fd80131839b004ff384a64f3adeb7a98dfb263f68295557dbe04c8295d7d
10,Mos7mIoNK4avGvlS,1745169171000,13,1745169171000@PWAMos7mIoNK4avGvlS,0949deb9e17e4deab1ad2dd2ea93b36f78d265b2553de89e042f2a47a46d191b1bb1125bb97c80f8ff344e9124afb748
3,lWCK205bclZHHIVe,1745173736000,14,1745173736000@PWAlWCK205bclZHHIVe,cf012029bbb6bdf2f27f0a9de2fdea8be5a3594b17b57f14925cf8bad350c3356aeead66801e69f5b8bf77c67c103317
19,H99gdk4e90cz0zTP,1745186489000,18,1745186489000@PWAH99gdk4e90cz0zTP,bea0dfe66c54ff7725dc49ba1e846c3fef02f11e2e29ea9cc50562f5de0dc2ed0245be0f37f50286702367f05c8d2445
15,9R04ZA4ZZYUeRcWE,1745179779000,16,1745179779000@PWA9R04ZA4ZZYUeRcWE,eb3fd5a2b37b06fad09528e29e986131698ed9188d53038c7bdd76ac8a4856c8d87589737d377a00dd4a8e1945350007
9,9R04ZA4ZZYUeRcWE,1745158328000,10,1745158328000@PWA9R04ZA4ZZYUeRcWE,af00204a5a3cdec83a5eec1caafee3b29472ae9ef6fa9fd70fd93717cbb3bdb86d11cbb4203e9b46ff7e12bc968cad0d
2,H99gdk4e90cz0zTP,1745188963000,18,1745188963000@PWAH99gdk4e90cz0zTP,46fb8459bd2d67f8eadf5c231c8823d8a717baa6f6b134944486a65e3a5b499f88431b1806631ca64acca7fb2f5230f0
10,MoRUWfgv82jgPd3T,1745163444000,11,1745163444000@PWAMoRUWfgv82jgPd3T,55a8e3089ddc7dac703674757a3f77e53308e9b63421a58d8285cbf124ed6afc23c2fc91baaf44c7e510e146214cd541
11,lWCK205bclZHHIVe,1745142928000,5,1745142928000@PWAlWCK205bclZHHIVe,e87b3df4d8d12e6adab8323291490d20040b30b1dfde728836181991f307dba28288b1fdfdba347ac30fdb18f782d721
12,H99gdk4e90cz0zTP,1745154084000,9,1745154084000@PWAH99gdk4e90cz0zTP,9aa0596a577112a7a34e7b46ea22b8bb0e542359f0b27022c895a86d4fd69fc9a938ba70ae668a6ed873bf3a24ca2944
1,Mos7mIoNK4avGvlS,1745150733000,8,1745150733000@PWAMos7mIoNK4avGvlS,19ad4385d6b93f2a2fd52704eb9beda0e55c29a7957ce81eb93f735473287d20c022afcf628445a4fd22acf409007a85
12,MoRUWfgv82jgPd3T,1745181056000,16,1745181056000@PWAMoRUWfgv82jgPd3T,e700d8aba0bc38e975965281bd3bb6668205a4496bfb939fc2c4a4bc99f48ff079be0b2d877b817378111f13a7d72360
9,H99gdk4e90cz0zTP,1745158243000,10,1745158243000@PWAH99gdk4e90cz0zTP,ce0a2c5f5708b74bd6ea9624983d5dcccd37a202671a47fe9226523016f346e38156da1fc7490765ad348cf231e50459
18,9R04ZA4ZZYUeRcWE,1745192621000,19,1745192621000@PWA9R04ZA4ZZYUeRcWE,bbf5e950c36710cf651472cc64667d2cb4d0d62ef1d35f46d1796e9a46408fa1641304ef7542d83bb0a13ec4f607dc21
12,9R04ZA4ZZYUeRcWE,1745176925000,15,1745176925000@PWA9R04ZA4ZZYUeRcWE,7d1aa51ac3ea04dcc5846305a646de2d23d648410d2e3e7a1a1ac3151a7c55276eed7ed2f17a7fe5455bb32e1d9864f5
8,9R04ZA4ZZYUeRcWE,1745188693000,18,1745188693000@PWA9R04ZA4ZZYUeRcWE,8448703e2e20152e61041083a5cab8626537f7b14bb351b1988b43ed5c91148959845c1f3abe2b733da902c0d3d0e9f3
6,9R04ZA4ZZYUeRcWE,1745186526000,18,1745186526000@PWA9R04ZA4ZZYUeRcWE,3cb6e766b5599b10a7e58554220123726bea83e737326b9261bb0ac8677dfdb083d99e029dde53de62d96c1357135a50
19,Mos7mIoNK4avGvlS,1745154731000,9,1745154731000@PWAMos7mIoNK4avGvlS,8aa4b32cc509d38a92099ab7561048873c1522628dec34706a88621278012a2d8c26f0168b54031c26b980708576bafe
5,9R04ZA4ZZYUeRcWE,1745165246000,12,1745165246000@PWA9R04ZA4ZZYUeRcWE,784dc4badee08f8f1c6e04f7247b602efbecd98cad29b1ec99fb1d50f1043be6c3fb2db7de96086ca016f6d0585508b6
7,MoRUWfgv82jgPd3T,1745180262000,16,1745180262000@PWAMoRUWfgv82jgPd3T,6a224326cfd61a6c2395cdd5333fd29902eef453f11822f83633a04c092f41d38bada9945ed7c2b0d91279997898d3f8
7,Mos7mIoNK4avGvlS,1745182321000,16,1745182321000@PWAMos7mIoNK4avGvlS,e9e5ccb94132deaf670952deb198cb624c9f5204e0aff35d0f99d3b4c1f4cd63e6c2e56306e9dc7545187bd0377c0934
5,9R04ZA4ZZYUeRcWE,1745163005000,11,1745163005000@PWA9R04ZA4ZZYUeRcWE,e2361cb85d0c508ed83ffba3ee7df0ec8e7de5e304ce2b84146c9ebd2881dff0124d299406df5b2724ee2ea8bbd72660
7,MoRUWfgv82jgPd3T,1745172315000,14,1745172315000@PWAMoRUWfgv82jgPd3T,66311074f4c4c07aa87d6e2ce97e4a3dea34cc2c0e29cd11c478dbecad990a036b9d76fd1584b71b7a8765cd07faf46e
10,lWCK205bclZHHIVe,1745155278000,9,1745155278000@PWAlWCK205bclZHHIVe,43fbb087f6d89cd2b714b6d964ae53dcf19dcf2332f856ee3f83efd1fefd86cba1d5d74e52e5c95415d2559a0bad9b66
11,H99gdk4e90cz0zTP,1745151180000,8,1745151180000@PWAH99gdk4e90cz0zTP,aa4963ac5709aa876e79129eef91fcfd86ea99da48eb2b5148ec934fd6d2e831bbfa81d236e8a9289659fca6e3144182
14,9R04ZA4ZZYUeRcWE,1745144177000,6,1745144177000@PWA9R04ZA4ZZYUeRcWE,4e88d978aee5c31ba5aa8e8ca3b2ae4193dcbc0d7710a18b5e7614232d242a2ebbcb38ca5c12cb5236da26420197c8e7
2,H99gdk4e90cz0zTP,1745144444000,6,1745144444000@PWAH99gdk4e90cz0zTP,0e735a20f17c29a1733031d016cfacfd3a177bafec2989496fe302df246fe0b1e17d68a3478e77e9abb99d211da0381c
11,Mos7mIoNK4avGvlS,1745162430000,11,1745162430000@PWAMos7mIoNK4avGvlS,912f68a690e2d988e0ecc100a65461268a7d4e0d1dfd14b18f74345d6a9013717c8a174c24b0842f47e0011651a04e1a
5,MoRUWfgv82jgPd3T,1745188930000,18,1745188930000@PWAMoRUWfgv82jgPd3T,f3bdfd4232f2a37ab4a10d93ef7fbc89c1de2ec5e545343870d4689bb7935c91580a04f2ba0f3ee72477a7d3ea936b7d
4,lWCK205bclZHHIVe,1745171442000,13,1745171442000@PWAlWCK205bclZHHIVe,e549255828999942fca1bdabb39b96f3f47e3c948927ac45aaab10e0200d3a7395293053e29949d3cb901c2d0c2d1ae2
18,H99gdk4e90cz0zTP,1745181639000,16,1745181639000@PWAH99gdk4e90cz0zTP,5cf4a5ebe44a1bcbac3d720bab654d25f1db0af2e6bc6899d90d7424db21d4f8690f3b1b3e9b4ed4352099ac1446b35c
6,lWCK205bclZHHIVe,1745162357000,11,1745162357000@PWAlWCK205bclZHHIVe,66323a0af99e92f726cb7c120002c9c313baf2dc1d38eb04ff144f018fcc07a1330ef5c6a1954d5289f53572b23420c3
2,9R04ZA4ZZYUeRcWE,1745158686000,10,1745158686000@PWA9R04ZA4ZZYUeRcWE,7a4708f62111a8ba4787fb6499739530dc7be29cf0755aebc6f000d910afecf78e8e6392ca09c8b3a982be6477684f8a
11,lWCK205bclZHHIVe,1745160219000,10,1745160219000@PWAlWCK205bclZHHIVe,abdd03a8ec7dc18608df599441d5262041f08366a82ca8035ed109bd6b6daf3b7c3650d13e4bd891006ebd486f461675
1,9R04ZA4ZZYUeRcWE,1745172983000,14,1745172983000@PWA9R04ZA4ZZYUeRcWE,e4f8ba4f9895125229e661fcbd0aeed507ff883b1ba1bf0590938aa3300cb3261e86f45b109eaf35984c0a6ce5a13e02
13,Mos7mIoNK4avGvlS,1745181243000,16,1745181243000@PWAMos7mIoNK4avGvlS,6138e48e99ae33aca6507fadcb7afd008b749f5f95349b0b28037d536f8be792df25d3604cc50259c619556de28af8e4
2,9R04ZA4ZZYUeRcWE,1745178565000,15,1745178565000@PWA9R04ZA4ZZYUeRcWE,4fb44d186995de0bacc4de0d4c71734f479f613514def69128fef3d277e17454ee10e02adc3b15a0446e765547b0a508
6,lWCK205bclZHHIVe,1745162357000,11,1745162357000@PWAlWCK205bclZHHIVe,66323a0af99e92f726cb7c120002c9c313baf2dc1d38eb04ff144f018fcc07a1330ef5c6a1954d5289f53572b23420c3
1,H99gdk4e90cz0zTP,1745157023000,9,1745157023000@PWAH99gdk4e90cz0zTP,1486e9c3094d5aea0908000c6c97df748e9bf39034375dbbf4b9640aa1268d05c0d0c6e777fbbf32a57d88af0abe8cb3
20,H99gdk4e90cz0zTP,1745158270000,10,1745158270000@PWAH99gdk4e90cz0zTP,dbcd6a1fd00b238bef841f2505fb8f4c03e3105db3bf3e1a70ccc2566c3806bd054a90f8f5351b6b748fedfae76350c2
20,9R04ZA4ZZYUeRcWE,1745150058000,7,1745150058000@PWA9R04ZA4ZZYUeRcWE,664b2531f9cbab9032e043c0fd998317fb8f9a8e4eab23273f75873cc6afb386ffd6f1ebd20ab56724fa06956f5183dd
3,9R04ZA4ZZYUeRcWE,1745139606000,5,1745139606000@PWA9R04ZA4ZZYUeRcWE,1a8f3d78ca72851b9e9b6bc3a95bfd15cc10458ead4e7106b116d367bdea4b020308ee2edbc57937155ca3b79314b83f
18,MoRUWfgv82jgPd3T,1745176062000,15,1745176062000@PWAMoRUWfgv82jgPd3T,6acb890b2845b893bb381b206dc225c8d112864a12d1a756df109a4007df23f8dbbea41c5764bf421f672ed5e5f24e68
20,MoRUWfgv82jgPd3T,1745143975000,6,1745143975000@PWAMoRUWfgv82jgPd3T,c3882a714652f698ff70d6e69560a691f5327ce0de63f45ebf670616968b3c0e2638f2cc61d6bfbecbd146962ee39a60
11,Mos7mIoNK4avGvlS,1745154115000,9,1745154115000@PWAMos7mIoNK4avGvlS,cc4df2f545ee2e8eb968de224e36988775ffabd07f63b569b4c4ebd7a888c4c5ca945af7a4bcffba7e3323c687ed0340
13,9R04ZA4ZZYUeRcWE,1745153464000,8,1745153464000@PWA9R04ZA4ZZYUeRcWE,d28ef22f5a368e1de6ab05874e1a48de1564b52dfac7f3d5ac2f082f2d2be7c0e3c317d496cd8a983c910ed61ff6c973
2,9R04ZA4ZZYUeRcWE,1745154594000,9,1745154594000@PWA9R04ZA4ZZYUeRcWE,c754c5c714c051ca681f2a9844e6417657a09ba78c8ced1c9a62a5c60d2fa519dc91ca1aaa9b46abdd3cdb65804cf2e5
15,H99gdk4e90cz0zTP,1745143660000,6,1745143660000@PWAH99gdk4e90cz0zTP,5824c142ad192046ee17cf4dea31e3b733c43aa9761791ebf1d45fcb4ce6dd9f558b446dc6b58ddcf284987e279124ea
3,MoRUWfgv82jgPd3T,1745136933000,4,1745136933000@PWAMoRUWfgv82jgPd3T,5c371d7e4a4430913fcfe72be5ce92d7a916b0b7aa7b4573fcc721c7a5a8bd853941c7533ebe9488fbe0f8c1a3a68b76
1,H99gdk4e90cz0zTP,1745163657000,11,1745163657000@PWAH99gdk4e90cz0zTP,3ed6a92aac1ed419eb52742e8154e650949fd6d9261eb0e7dfc286d5898f309b7d28854acc0c0f49c179f2b8cc9f99f1
2,9R04ZA4ZZYUeRcWE,1745174638000,14,1745174638000@PWA9R04ZA4ZZYUeRcWE,87426b944cfd5e30f4d9de0c118b48f409a981f167a3b5e598d1c7edf84ba9a2d553c555239a4b5d0b884c55f8eebfb7
2,Mos7mIoNK4avGvlS,1745165634000,12,1745165634000@PWAMos7mIoNK4avGvlS,9f0cd54c6f7837108f700feb7f230f07b2d29afb690566f39b0d1c2f441f58efc44d9dc0ef0dc3d0ba9228217c35c2fa
12,lWCK205bclZHHIVe,1745195434000,20,1745195434000@PWAlWCK205bclZHHIVe,2b31bb584f5c49af58c07f378202539c23f3114cfda546a3d1b2df029a9a0e754fd2c09652a9ef92d7a2780c0285ed78
13,9R04ZA4ZZYUeRcWE,1745178894000,15,1745178894000@PWA9R04ZA4ZZYUeRcWE,96a52117b5808927baae7e1b817de690bd40e6d4dd434b84c1fb1f3d571d35fb786862f0f06ef5722c57eae3a2554a9b
3,H99gdk4e90cz0zTP,1745143389000,6,1745143389000@PWAH99gdk4e90cz0zTP,027c3da503e1fc7040e065cb1413b24aea22c680a73bcc15c01bb7bbc27ec17a4a65d98490d7ffc3406e3cde6658797a
7,Mos7mIoNK4avGvlS,1745162630000,11,1745162630000@PWAMos7mIoNK4avGvlS,2e50825caf1b647cc446382eb1724235db018165baf3e8c6d0e56168613d85bd14990f42ffd23fa886cf63fc29c7ad50
19,H99gdk4e90cz0zTP,1745158677000,10,1745158677000@PWAH99gdk4e90cz0zTP,9d749a7451be8691da0e9cdfbf0aa7ffe85da0b2ae96e8f75b5dc5c20ddc71c953ee257d6df03fd13149bb2ba61e6e32
19,MoRUWfgv82jgPd3T,1745170735000,13,1745170735000@PWAMoRUWfgv82jgPd3T,35413ff24866bd2da731a1c13e4579d80cd152ed7ccf72e7bf68433cdb1d5ae049492814e3a4a1ae5bea67087392b55c
10,lWCK205bclZHHIVe,1745144492000,6,1745144492000@PWAlWCK205bclZHHIVe,0d7ab9031d86a8ebd44a1ed115390e4954cd99528c914d5fc412e9a687b34263ea390593d089f5f367bbfd31bfba3f7c
8,Mos7mIoNK4avGvlS,1745169727000,13,1745169727000@PWAMos7mIoNK4avGvlS,725dcfcea9f7993e7e31dcafecd2a455892930db224528715a8125c8514a3d4f6214391debfc3dd159ef7437ea84609d
12,Mos7mIoNK4avGvlS,1745159952000,10,1745159952000@PWAMos7mIoNK4avGvlS,ab0b7969c5b38c98b5704213e0d3fde0dc67bad7e7f597f7cf44a73d3322616122067eeafbab194a249628902b48dd0a
3,MoRUWfgv82jgPd3T,1745169388000,13,1745169388000@PWAMoRUWfgv82jgPd3T,76550cd1fbc8277c748ddffe2abd2904b60c70cd1396e8a0eb966cc08e36309bfee8fa1ed776ac35a40b7044bea7fa95
15,Mos7mIoNK4avGvlS,1745162490000,11,1745162490000@PWAMos7mIoNK4avGvlS,61c3cb7f81d46b3c9f7f0da8abc5022fba22219ea32a61eca9ffac9ada71d18519359a43e5fcdc019fce0b97b8d265cc
16,Mos7mIoNK4avGvlS,1745164019000,11,1745164019000@PWAMos7mIoNK4avGvlS,a328639e2c462305d5877dcc0493ed4abf8ea3482cbbddcbd34e3214284bb4df4484634fa6f7d0a27eed8b04c65e4723
1,MoRUWfgv82jgPd3T,1745161498000,11,1745161498000@PWAMoRUWfgv82jgPd3T,df9339b77ea183363ebcd0b8cc6b2e28233e6c6adb98b3d7f6075989a27bbd206d2cd37d1beb8a7dadf0c2972e5a6074
10,MoRUWfgv82jgPd3T,1745193908000,20,1745193908000@PWAMoRUWfgv82jgPd3T,a074b2394799f375e7066be4b8f55a9d6611a2c92896462f939e0cc394dd2a194a6ca4d9141a139228f7e2e4c18bccfe
7,MoRUWfgv82jgPd3T,1745164289000,11,1745164289000@PWAMoRUWfgv82jgPd3T,bc9110b139e671df53151290adbb1907d160fca399dc371024fdfd0aec45347abb11a2dc74d72d23eefc62d744e225e4
7,Mos7mIoNK4avGvlS,1745182321000,16,1745182321000@PWAMos7mIoNK4avGvlS,e9e5ccb94132deaf670952deb198cb624c9f5204e0aff35d0f99d3b4c1f4cd63e6c2e56306e9dc7545187bd0377c0934
16,Mos7mIoNK4avGvlS,1745164019000,11,1745164019000@PWAMos7mIoNK4avGvlS,a328639e2c462305d5877dcc0493ed4abf8ea3482cbbddcbd34e3214284bb4df4484634fa6f7d0a27eed8b04c65e4723
10,H99gdk4e90cz0zTP,1745161962000,11,1745161962000@PWAH99gdk4e90cz0zTP,345fe1bcaf709e050dd85d43a4db20e8a6d981e87f4d728a072f48bdb376678b7be4f8ce9cc31fbc2b505f9fbd5162f5
6,9R04ZA4ZZYUeRcWE,1745186130000,17,1745186130000@PWA9R04ZA4ZZYUeRcWE,9b98df3a620f00b2ee6e2c90ca8a23894859e83462c530452740c2af8adf3c6200cb962996fa0ec99d415bcbade8254c
11,H99gdk4e90cz0zTP,1745157603000,10,1745157603000@PWAH99gdk4e90cz0zTP,1915e8eaa4d1da96bcce141dc9dca178ed17014cb620e98198c0557664f96183f0b63e18405370b7d2fd27fbcdc94320
19,H99gdk4e90cz0zTP,1745163574000,11,1745163574000@PWAH99gdk4e90cz0zTP,23040857447a7a2702d4989167a89dbb7337c0d07c000476357c1b188367ad3d5fd7b7c4a8c9d5b00eedf07be97107f4
16,Mos7mIoNK4avGvlS,1745149954000,7,1745149954000@PWAMos7mIoNK4avGvlS,f3d6f68f564491fe5b946090bb835cbcac5c2b77e3a89fc1e72d2c752af82745a513d7007c494941cac41519a50bc228
19,lWCK205bclZHHIVe,1745152941000,8,1745152941000@PWAlWCK205bclZHHIVe,4bcd156e6a01cfbf1ac30df978506fae309d40c78bdc6e84b54e8e266f68e8c5c522048fb07c147b446f94d26a7b720e
14,MoRUWfgv82jgPd3T,1745193657000,20,1745193657000@PWAMoRUWfgv82jgPd3T,27590839f8f1abcf8fe401a4339fd9573e782655cc3f1507e59bdc6675e8c4dd26eb360dbb0db68b65b286cd2a4022bf
11,Mos7mIoNK4avGvlS,1745167052000,12,1745167052000@PWAMos7mIoNK4avGvlS,524e1082f6ba0b70ae5cf40acc5f0f46fc2b64e2b12287ed1f1a9d4a51c701a4507bbbabbd157e74a0f9f92a71e61253
9,MoRUWfgv82jgPd3T,1745179480000,16,1745179480000@PWAMoRUWfgv82jgPd3T,312053accff1fac9db3989e123a791a407e8c5a81f83dcd85f086681b48aa7c6279c6fafa383dae5ae28a99731fa44fe
10,lWCK205bclZHHIVe,1745154109000,9,1745154109000@PWAlWCK205bclZHHIVe,225b4468726c27788ae77ba3793aab34c60e45606269f155a3e73ac330fef64bfa035825c5fc7d166efd3a4314ba2d3d
1,9R04ZA4ZZYUeRcWE,1745165841000,12,1745165841000@PWA9R04ZA4ZZYUeRcWE,fef54bfbdaeb24d4795ed0927effb879ce5dd6bafe394a11bd1477818a626a906ef5dd720dae109b1a4617cda759df55
7,lWCK205bclZHHIVe,1745144555000,6,1745144555000@PWAlWCK205bclZHHIVe,9a8222a4056e7a09e713f2736ffc1fa224eb9cbf6887e7caf1d2da5da463aea8be8784adcabfb92494a898927eb8090c
11,lWCK205bclZHHIVe,1745153316000,8,1745153316000@PWAlWCK205bclZHHIVe,38326b355780d0af9a16cc30ab8b94ec4975f899d1881c0872becfa2e7163ead02b07ce0076e6c2e5ebad6af9684794a
5,H99gdk4e90cz0zTP,1745164792000,11,1745164792000@PWAH99gdk4e90cz0zTP,8c7c0fa29ae4695ab849d272f57547bd782b29457bebb0b8e85f179440101df4c7c8c8066866f8a2d0627f6516ebfa5d
6,9R04ZA4ZZYUeRcWE,1745186526000,18,1745186526000@PWA9R04ZA4ZZYUeRcWE,3cb6e766b5599b10a7e58554220123726bea83e737326b9261bb0ac8677dfdb083d99e029dde53de62d96c1357135a50
12,H99gdk4e90cz0zTP,1745173292000,14,1745173292000@PWAH99gdk4e90cz0zTP,2b933e2894fe55a55ac3c1f23f728b5b5155529fbc3913c08e4c76775197aed02f64706826e9d8dbbca8b58e1648aa94
1,lWCK205bclZHHIVe,1745150365000,7,1745150365000@PWAlWCK205bclZHHIVe,66ec4abd68364e1bf452affd655ead736b0bbf5244664f926a9bc03de0ba42fb3878e12e32e9ff79be6a5b52d44b6d47
10,Mos7mIoNK4avGvlS,1745169171000,13,1745169171000@PWAMos7mIoNK4avGvlS,0949deb9e17e4deab1ad2dd2ea93b36f78d265b2553de89e042f2a47a46d191b1bb1125bb97c80f8ff344e9124afb748
6,MoRUWfgv82jgPd3T,1745151470000,8,1745151470000@PWAMoRUWfgv82jgPd3T,2b0f46646dd0cc287683be75f873637814316cd7b54bcf2ea3ec654315ffc9ebcba4eefc6776efc651f81f8712452104
15,H99gdk4e90cz0zTP,1745157728000,10,1745157728000@PWAH99gdk4e90cz0zTP,01da9598ae919afda8c014bc8434c703815d0d9f124ed4a5ae70e5b4be54e20b9bdc32a87a575e651b55f08f9563fbd9
9,Mos7mIoNK4avGvlS,1745181696000,16,1745181696000@PWAMos7mIoNK4avGvlS,210eff3e1b169532cea6b4034b16cab21fae955cb5c5d32b6665975d8b489d7c0fc082097de950210c74d30ba33a1cd2
20,Mos7mIoNK4avGvlS,1745149036000,7,1745149036000@PWAMos7mIoNK4avGvlS,8bae1108ca211f9d632fe9638915b25ba48b842ae2c68a301774f55ce960ea51d2015d3b75a8dcb2ccd9ba6b856f838e
4,MoRUWfgv82jgPd3T,1745169304000,13,1745169304000@PWAMoRUWfgv82jgPd3T,afc3b5d2ab33e6d3e8182a7a887d86474b4f8135b434285fc60ede0334561efff5ed744e69abb0c961dac0324490ee98
19,H99gdk4e90cz0zTP,1745163574000,11,1745163574000@PWAH99gdk4e90cz0zTP,23040857447a7a2702d4989167a89dbb7337c0d07c000476357c1b188367ad3d5fd7b7c4a8c9d5b00eedf07be97107f4
5,H99gdk4e90cz0zTP,1745179254000,16,1745179254000@PWAH99gdk4e90cz0zTP,6f124c067b6ee748ed87a913153f05d22a55fe66b2a0d7d167ee89f25d9793ff547c6d9d0d1840f19beb738f2130150e
3,9R04ZA4ZZYUeRcWE,1745165248000,12,1745165248000@PWA9R04ZA4ZZYUeRcWE,576f9bdee54a420706dec4d92b4615e9ca8c69a159f72f4d36216252d7632f818e0a75a2c367e00381f7c78eb48da615
19,H99gdk4e90cz0zTP,1745158677000,10,1745158677000@PWAH99gdk4e90cz0zTP,9d749a7451be8691da0e9cdfbf0aa7ffe85da0b2ae96e8f75b5dc5c20ddc71c953ee257d6df03fd13149bb2ba61e6e32
7,9R04ZA4ZZYUeRcWE,1745164614000,11,1745164614000@PWA9R04ZA4ZZYUeRcWE,6024987fb509e1d9200d04fd71dffaa1a25e2553fc65d22ea0e97a1f37f7a59d6180b5b6890a607d681bbdeb1f651a47
16,9R04ZA4ZZYUeRcWE,1745196877000,20,1745196877000@PWA9R04ZA4ZZYUeRcWE,0ff2cf4c7bc6598b40e03c5d134e2b8f40974105a9020517c6c036a99f17fafc88abf49ddeff350028dca45652dc192e
3,9R04ZA4ZZYUeRcWE,1745165248000,12,1745165248000@PWA9R04ZA4ZZYUeRcWE,576f9bdee54a420706dec4d92b4615e9ca8c69a159f72f4d36216252d7632f818e0a75a2c367e00381f7c78eb48da615
1,lWCK205bclZHHIVe,1745185218000,17,1745185218000@PWAlWCK205bclZHHIVe,80d1427fce70d3540208fb6a4c6239ea37c7c3dcdd66355932ee7f38f833a8fb96647d8b726c68786f95184060efbabf
8,lWCK205bclZHHIVe,1745159666000,10,1745159666000@PWAlWCK205bclZHHIVe,63a29fe07fb99150b0c7f91aa7cb8727873ab57c756d895caba51cfd6e863edde27091208b00295a9ffd032801f724ad
8,Mos7mIoNK4avGvlS,1745169727000,13,1745169727000@PWAMos7mIoNK4avGvlS,725dcfcea9f7993e7e31dcafecd2a455892930db224528715a8125c8514a3d4f6214391debfc3dd159ef7437ea84609d
6,MoRUWfgv82jgPd3T,1745151470000,8,1745151470000@PWAMoRUWfgv82jgPd3T,2b0f46646dd0cc287683be75f873637814316cd7b54bcf2ea3ec654315ffc9ebcba4eefc6776efc651f81f8712452104
3,H99gdk4e90cz0zTP,1745166057000,12,1745166057000@PWAH99gdk4e90cz0zTP,a4fae6f02b0cb6f2ea0cbb95b3908fd969760e838a405c131f05f6ee1032e5986d122533a92e1d04d8c941674aa4fdfd
14,MoRUWfgv82jgPd3T,1745171746000,13,1745171746000@PWAMoRUWfgv82jgPd3T,d9832a2e41cd7ea99d98d5d133ac4f8fa5b47e0ab002d2aa5d287c8b7b795da66e20ff7fae9a94f64cb61bfeb11f1f06
10,9R04ZA4ZZYUeRcWE,1745159257000,10,1745159257000@PWA9R04ZA4ZZYUeRcWE,959b77ec7ee11b8157360bba956fcffaff17a94571e9d1118a8857dc30df41c49373a647547ec3d401b537d47b823eab
16,Mos7mIoNK4avGvlS,1745181771000,16,1745181771000@PWAMos7mIoNK4avGvlS,c33f59a8bb318b27707c8618d9af2f98ed1457781b4c4a1194e46ee2a21dcdb85ffb8fc30cdb8644a0cd0a3623ec0a61
2,Mos7mIoNK4avGvlS,1745156710000,9,1745156710000@PWAMos7mIoNK4avGvlS,ea5d200581b2e55536be011cb47e255a5bdacbe535e6dfbc9082934145562fa75c21e7f9b27fdcad681be29403e3bff3
17,MoRUWfgv82jgPd3T,1745189847000,18,1745189847000@PWAMoRUWfgv82jgPd3T,23a3602c0ddedad690268477ffa95236c630273717e670f45bb53dd5e3d417f453c14b0b585ea8a3988fab792ef70907
18,MoRUWfgv82jgPd3T,1745152531000,8,1745152531000@PWAMoRUWfgv82jgPd3T,d565ab3a3cc4cd56b78f91dd5813ab64112115eb0317c47a8d90f7e9e471eb7d45ef17780305cdc5f25c3273f4ec326b
18,H99gdk4e90cz0zTP,1745181639000,16,1745181639000@PWAH99gdk4e90cz0zTP,5cf4a5ebe44a1bcbac3d720bab654d25f1db0af2e6bc6899d90d7424db21d4f8690f3b1b3e9b4ed4352099ac1446b35c
17,9R04ZA4ZZYUeRcWE,1745123856000,0,1745123856000@PWA9R04ZA4ZZYUeRcWE,c035fd4e8a07d239c549451eaff84af33e471864678452b09cbfa19014e900bada7795902ae6f321d12197f7a5d0f16e
15,MoRUWfgv82jgPd3T,1745156064000,9,1745156064000@PWAMoRUWfgv82jgPd3T,7bad4e5cc068e112f8db8129be952e4d55d80441d2fcd5775713778291ed53428436047f8a8faca3922ebde5a3e17727
20,lWCK205bclZHHIVe,1745138061000,4,1745138061000@PWAlWCK205bclZHHIVe,47b2396cd33fa1b635a448bd06545c7dc51dc21645e4fedc27a5d5eed7b2e7ed5deca69d48b9e9dc1a6b6676c487eb6e
17,H99gdk4e90cz0zTP,1745157644000,10,1745157644000@PWAH99gdk4e90cz0zTP,9cbab689efe4feb8b1aab708f7febd2c050ba5ef56a6e009e250bc7f1d9b1b3963278337117d761020e17d5b90245428
20,MoRUWfgv82jgPd3T,1745189172000,18,1745189172000@PWAMoRUWfgv82jgPd3T,cfbefc4c7339585d0d406c98f23cf3d624e62b7ff957a0169b0e44658492f396bc6426ffaf1c1004975b16b69140294f
9,H99gdk4e90cz0zTP,1745156561000,9,1745156561000@PWAH99gdk4e90cz0zTP,193f4b166216d961ee8a1658e9ce047e7d52b32b1264e68721b3983a41eab05f33b3082f10d2dd71f15c14d1b7fd14eb
20,9R04ZA4ZZYUeRcWE,1745185296000,17,1745185296000@PWA9R04ZA4ZZYUeRcWE,fb175ab6156f3af3f743d2972f7d06c1aa4cf8c62f44b24158a5f9a7bc886a883843118468760dc1fe4a81badaf02818
13,Mos7mIoNK4avGvlS,1745171280000,13,1745171280000@PWAMos7mIoNK4avGvlS,c912149ea74ed38dfd186a511a68d7a617ac69513a121a46264f1e25c97052765ad32b8d7dd225d8ca465c4db219ad71
7,lWCK205bclZHHIVe,1745166778000,12,1745166778000@PWAlWCK205bclZHHIVe,d27b0be4a6d274d545c546ba216aeeecfc7b986046316661fd4f80a8fa98687e02b128f4ed93dce2f954b2bdb3f71b2d
14,9R04ZA4ZZYUeRcWE,1745175186000,14,1745175186000@PWA9R04ZA4ZZYUeRcWE,b550ebc4c95f1981a8c6d9e72a701747d33a72b77f29ac0229541c0168baa576f0a317c9131cf9a4b962e7857bfa2cfd
10,lWCK205bclZHHIVe,1745154109000,9,1745154109000@PWAlWCK205bclZHHIVe,225b4468726c27788ae77ba3793aab34c60e45606269f155a3e73ac330fef64bfa035825c5fc7d166efd3a4314ba2d3d
4,H99gdk4e90cz0zTP,1745151838000,8,1745151838000@PWAH99gdk4e90cz0zTP,5c391d59637f40fc064ce8b5f67dec4f894d26e300b7593591f91832840241bf35e262c1b5ee3ff83510ff8f4338b4b8
16,MoRUWfgv82jgPd3T,1745162560000,11,1745162560000@PWAMoRUWfgv82jgPd3T,f15393e6537b0fd5ebafe967eab0fd547e986384f4e44e1af96fe4974061e9b1d00467344046d08006ba39b9e3978abb
8,MoRUWfgv82jgPd3T,1745181303000,16,1745181303000@PWAMoRUWfgv82jgPd3T,4d3c14ee8577873cef8ea46b7e4d65772086b06eab4d971dd36440e174df2c755727fc79b1a981eb26c031c1662a05df
7,9R04ZA4ZZYUeRcWE,1745182268000,16,1745182268000@PWA9R04ZA4ZZYUeRcWE,229e7115500eda90569c703eb30ed917b8a6b3362a5380ece251908875bcadfb6a44b67c55f813f9862af962c7f8b65e
15,9R04ZA4ZZYUeRcWE,1745179779000,16,1745179779000@PWA9R04ZA4ZZYUeRcWE,eb3fd5a2b37b06fad09528e29e986131698ed9188d53038c7bdd76ac8a4856c8d87589737d377a00dd4a8e1945350007
9,Mos7mIoNK4avGvlS,1745181696000,16,1745181696000@PWAMos7mIoNK4avGvlS,210eff3e1b169532cea6b4034b16cab21fae955cb5c5d32b6665975d8b489d7c0fc082097de950210c74d30ba33a1cd2
1,lWCK205bclZHHIVe,1745191421000,19,1745191421000@PWAlWCK205bclZHHIVe,85ca7b2324a503b59e7c32f319281006a0856f337f9c39cdf3203abdf62908575db816ddb34be732fec7473e03527bdf
18,H99gdk4e90cz0zTP,1745127134000,1,1745127134000@PWAH99gdk4e90cz0zTP,3fea9054fd8580551301ba3ef114388d0a99079761b6eca7308085d8801fce5d9f580ec6c7bae6da3b4c3b7642f9b8f1
7,9R04ZA4ZZYUeRcWE,1745180765000,16,1745180765000@PWA9R04ZA4ZZYUeRcWE,18d9fa8b32e98ca0640d763ab3212df39512608383e94df965c90a0f0bb4a57f41b1f19588c22fd099a27ff9239c63c6
11,lWCK205bclZHHIVe,1745160219000,10,1745160219000@PWAlWCK205bclZHHIVe,abdd03a8ec7dc18608df599441d5262041f08366a82ca8035ed109bd6b6daf3b7c3650d13e4bd891006ebd486f461675
1,H99gdk4e90cz0zTP,1745151833000,8,1745151833000@PWAH99gdk4e90cz0zTP,7f6630988710e5bf732f381a73e836c95c89d00951d12b52366d16be966f89f4f1229327127365dc4a491685616affe7
19,MoRUWfgv82jgPd3T,1745170735000,13,1745170735000@PWAMoRUWfgv82jgPd3T,35413ff24866bd2da731a1c13e4579d80cd152ed7ccf72e7bf68433cdb1d5ae049492814e3a4a1ae5bea67087392b55c
19,H99gdk4e90cz0zTP,1745163574000,11,1745163574000@PWAH99gdk4e90cz0zTP,23040857447a7a2702d4989167a89dbb7337c0d07c000476357c1b188367ad3d5fd7b7c4a8c9d5b00eedf07be97107f4
8,MoRUWfgv82jgPd3T,1745185932000,17,1745185932000@PWAMoRUWfgv82jgPd3T,b9c3315fe65eef29518bc9477ce0c39c5cf663b97214bab70ff2af08c254024c7fa974dcabd8e3742f81aad2116600ad
10,MoRUWfgv82jgPd3T,1745151946000,8,1745151946000@PWAMoRUWfgv82jgPd3T,b037d90abbda65b61d0624a3dd6b36b07e81e8418863621ee3914fef1cbad270a068738778cf8b3c51790890bd030409
16,9R04ZA4ZZYUeRcWE,1745150581000,8,1745150581000@PWA9R04ZA4ZZYUeRcWE,f77af48b8b918974f38da79503bcde5463b3b5af0b214c1f6a992010ad755d71b001a751ce51cf53213f25678cb53add
18,Mos7mIoNK4avGvlS,1745181364000,16,1745181364000@PWAMos7mIoNK4avGvlS,d57e5180095ae944bdb48d404347020f1a962c1f6bfcff474501ffb389df00a648da51071f959b994dbf62d0a83c83cf
1,Mos7mIoNK4avGvlS,1745182687000,16,1745182687000@PWAMos7mIoNK4avGvlS,e00f46596f0e917303fe766e1679d82277440e58e0552249ec2e2b81773f6e4b88446e6eb5533b73888dd71366cd83fc
7,Mos7mIoNK4avGvlS,1745184093000,17,1745184093000@PWAMos7mIoNK4avGvlS,491622fe869341a2da93fa4ad119541484bca0353a031ad0f50668a5a33a51494d468088d12e031e9199d5578acca90b
3,9R04ZA4ZZYUeRcWE,1745147284000,7,1745147284000@PWA9R04ZA4ZZYUeRcWE,0266469d6849a7072fcd9acace2d6dd69d8fd1de2692536d81a27c9cc7e51021281305eb7c7de5b992cd85f6dcdd9a34
2,H99gdk4e90cz0zTP,1745150353000,7,1745150353000@PWAH99gdk4e90cz0zTP,a803ae18bb9217c9e30f10857b1dd270ca8460f371a25ddd387fcfce8efea0b1d26e224d6d7e85eccae86144f5410e2e
13,9R04ZA4ZZYUeRcWE,1745154904000,9,1745154904000@PWA9R04ZA4ZZYUeRcWE,b5a0b65bb90261b0bab3f12d0278205049d4c57c85aa8beab91a8806cb80879d2bccdfe210b9b75ea0087ed9ee93b046
2,9R04ZA4ZZYUeRcWE,1745156487000,9,1745156487000@PWA9R04ZA4ZZYUeRcWE,10bba70b9ec9b90140f4240b170aa4a75a51c30ebd5a647d0e32a9d2a79b85f97b877905045b45419117ae82a4714127
17,MoRUWfgv82jgPd3T,1745167382000,12,1745167382000@PWAMoRUWfgv82jgPd3T,20eebb08b2bf94e463c6d49cffcc39df5117cfa17533c353fc01aafaf71abc95b00a3945cfb6d40e65603290c7cb4ecc
20,lWCK205bclZHHIVe,1745192590000,19,1745192590000@PWAlWCK205bclZHHIVe,85060b1ca8908d8a573df97ad391f2a85d281048ff285848c0a08d4b2a0341a4e48d4e8412cb49a93f3a455da967b9c2
11,Mos7mIoNK4avGvlS,1745184032000,17,1745184032000@PWAMos7mIoNK4avGvlS,4259c6ff905bba677974cbdc294bb5d4a1e95a83966176e302b28766e11f148c5d9907ece0647aaef9554088cc47554e
8,Mos7mIoNK4avGvlS,1745159095000,10,1745159095000@PWAMos7mIoNK4avGvlS,993b3b182a0ee45a95f46d6dbb65343550126f5f306a99fb08134cb16880ea24a44ed1cf6d2f7ef7ebf636b605f09f9e
12,MoRUWfgv82jgPd3T,1745183046000,17,1745183046000@PWAMoRUWfgv82jgPd3T,ad714d24da7987b8c2c32d3916b0a1e69706f1d9d7cf3a2640796e2dd18aaf01e86ea37c170f86efc1d23eccace0d7b7
14,9R04ZA4ZZYUeRcWE,1745142667000,5,1745142667000@PWA9R04ZA4ZZYUeRcWE,bafe1e299256518ed7197feb69ca93a6d44f70289b21bf8ac44be26e6584db21a182b646c106d5afe17ca756b6fc5edb
5,9R04ZA4ZZYUeRcWE,1745184271000,17,1745184271000@PWA9R04ZA4ZZYUeRcWE,17c180878808f41cf19ab626d8344c0064f2c3e6e74d2dee5709d0f7614a782b05cae0980a10b57dffc4731e1edbcd70
8,Mos7mIoNK4avGvlS,1745169727000,13,1745169727000@PWAMos7mIoNK4avGvlS,725dcfcea9f7993e7e31dcafecd2a455892930db224528715a8125c8514a3d4f6214391debfc3dd159ef7437ea84609d
3,9R04ZA4ZZYUeRcWE,1745139606000,5,1745139606000@PWA9R04ZA4ZZYUeRcWE,1a8f3d78ca72851b9e9b6bc3a95bfd15cc10458ead4e7106b116d367bdea4b020308ee2edbc57937155ca3b79314b83f
10,H99gdk4e90cz0zTP,1745152275000,8,1745152275000@PWAH99gdk4e90cz0zTP,09234d9a5008ef09e595e4a2128b475348a91497b85dc3261912537f97cb2adbdfdc13e694f88b287898ce812a934788
12,lWCK205bclZHHIVe,1745142487000,5,1745142487000@PWAlWCK205bclZHHIVe,02c1e814cbb6218f413b398bf8360a045b3d865cfdf4e755d2a9a155c253d2688e27ad8ea6fc6474b6290faebe12a22b
17,lWCK205bclZHHIVe,1745170977000,13,1745170977000@PWAlWCK205bclZHHIVe,4acb733e34fd3500d256d4d274da8dfd1764e17c19a49a8551d21d760ea77b9508a2889d81f663ad9f73b957a004ac11
4,lWCK205bclZHHIVe,1745170388000,13,1745170388000@PWAlWCK205bclZHHIVe,90c8e468bce59e32f09f433b479aaffaa4426d6115008e041bbd8a00039b942c8ddf3d1b9f8d2b45de0c38365c00a6cc
6,9R04ZA4ZZYUeRcWE,1745154346000,9,1745154346000@PWA9R04ZA4ZZYUeRcWE,032524c79c620142ea3fc68b49e2ebc935ca461e7be8a2c40c6b7cf3fff0a4c4f0bfed3eb052715241aafc2088a2f746
17,MoRUWfgv82jgPd3T,1745189847000,18,1745189847000@PWAMoRUWfgv82jgPd3T,23a3602c0ddedad690268477ffa95236c630273717e670f45bb53dd5e3d417f453c14b0b585ea8a3988fab792ef70907
13,H99gdk4e90cz0zTP,1745160357000,10,1745160357000@PWAH99gdk4e90cz0zTP,504d3909ebf55c6bc3e32a72a73b9477e4d85d4c113015ef6a8d3dfa242159ec6284d698325592acf66ad2861b0bcd52
4,lWCK205bclZHHIVe,1745171442000,13,1745171442000@PWAlWCK205bclZHHIVe,e549255828999942fca1bdabb39b96f3f47e3c948927ac45aaab10e0200d3a7395293053e29949d3cb901c2d0c2d1ae2
12,Mos7mIoNK4avGvlS,1745152085000,8,1745152085000@PWAMos7mIoNK4avGvlS,106c1ab9548e6c91eb388c2c8b0ccb56b17afafa86be67767b5b12cb55d192b2348f0b9b3d4a960334c8251308544943
5,9R04ZA4ZZYUeRcWE,1745163005000,11,1745163005000@PWA9R04ZA4ZZYUeRcWE,e2361cb85d0c508ed83ffba3ee7df0ec8e7de5e304ce2b84146c9ebd2881dff0124d299406df5b2724ee2ea8bbd72660
2,MoRUWfgv82jgPd3T,1745148969000,7,1745148969000@PWAMoRUWfgv82jgPd3T,406f40e435084a3d3ce638881c38a422396418a10d78924f61b9c5af8fbfd21b7970f8e7b52e3cd77909fe7fc328f10f
17,Mos7mIoNK4avGvlS,1745179024000,15,1745179024000@PWAMos7mIoNK4avGvlS,a8af9b95609e0b1d5256bad81682d09c9f6f18c7bb5eb9eacece771e5971652ccc84ec6264aba342f3be2df3b5b938e0
13,9R04ZA4ZZYUeRcWE,1745162179000,11,1745162179000@PWA9R04ZA4ZZYUeRcWE,5220f44fbcc8bb040cfb60b13ae1e054dc06d0163309c4e43974a77b6a8af2f27cb43e016730f8309bdddcce7f4671db
10,lWCK205bclZHHIVe,1745144492000,6,1745144492000@PWAlWCK205bclZHHIVe,0d7ab9031d86a8ebd44a1ed115390e4954cd99528c914d5fc412e9a687b34263ea390593d089f5f367bbfd31bfba3f7c
9,9R04ZA4ZZYUeRcWE,1745164197000,11,1745164197000@PWA9R04ZA4ZZYUeRcWE,8ef8db8c58a72538da0972f67e44b74144cfc956ac3f92d4f2e7d92b7004d37f39940edf99707d68bce91315db58f13b
10,H99gdk4e90cz0zTP,1745154689000,9,1745154689000@PWAH99gdk4e90cz0zTP,4234d032ae68a5d52aaf401515dca712f5996179b6c069bce74ce50158637f5b10c97b8eae18d4bee36a729ebe62da89
3,lWCK205bclZHHIVe,1745173683000,14,1745173683000@PWAlWCK205bclZHHIVe,817c1f1ffee71f7b93b04d0231011a0253341e880b277f902f00cb263a7c187170e75a63c43c6c1beb64f759b71197f4
7,H99gdk4e90cz0zTP,1745167850000,12,1745167850000@PWAH99gdk4e90cz0zTP,fa91b918a8b675f06b860e2adac22f8a80d9df277f56a753e7b0345ec7f6c41158c704aeaf2c3f3a53477dc8da7cc84b
15,Mos7mIoNK4avGvlS,1745156046000,9,1745156046000@PWAMos7mIoNK4avGvlS,6d3615bac287f52d3bde0acc71490193d8d1635e084501e2c5ae75c4274ed488afd82b9647e14ff339fd3002fc21e6ce
3,MoRUWfgv82jgPd3T,1745169388000,13,1745169388000@PWAMoRUWfgv82jgPd3T,76550cd1fbc8277c748ddffe2abd2904b60c70cd1396e8a0eb966cc08e36309bfee8fa1ed776ac35a40b7044bea7fa95
20,H99gdk4e90cz0zTP,1745123482000,0,1745123482000@PWAH99gdk4e90cz0zTP,9c8ff7c5ddce8b0c421ebb6e81165f23c77cdf400a536e1cdc743cc266cbcd2f0ce72ffab4694d64adbfd44059c0b081
5,lWCK205bclZHHIVe,1745199681000,21,1745199681000@PWAlWCK205bclZHHIVe,b8d3ff9cafa5de52a3d3b7ba570008bb5c2e0de090927eaa15d9333b08645466b6d4dcbbb3b68763dca5fc0f9d0d8602
15,9R04ZA4ZZYUeRcWE,1745157305000,9,1745157305000@PWA9R04ZA4ZZYUeRcWE,107e8c2d44878bd7cefd403ed9e41cf77a790491e6b437120051502190e442a552359f610fba594ada1425c16e34d65a
12,MoRUWfgv82jgPd3T,1745167651000,12,1745167651000@PWAMoRUWfgv82jgPd3T,39851f81d9231733b86e8a2eb73b9b4f768a12e2990217f036d633be8e7166c61bda1a4ccd11aeb15b01abbfe5a95f9f
18,H99gdk4e90cz0zTP,1745157938000,10,1745157938000@PWAH99gdk4e90cz0zTP,d0323a6cd4fa8ff635f525139ab055b4f8e17bf816a8a687b38c41680cf06de3780cde3912883078e3ec4e8e0e413680
16,MoRUWfgv82jgPd3T,1745170834000,13,1745170834000@PWAMoRUWfgv82jgPd3T,2bd0b9d8dc1900fdcc2e4d8e0671b6ec4fafe0ed1decc7994c5ecef4ff727fd423c179550bab4829f0e2cd53f93589bc
2,9R04ZA4ZZYUeRcWE,1745168220000,12,1745168220000@PWA9R04ZA4ZZYUeRcWE,cc1f87f67894f8dc81658864e6ce418476fcbc7f58831c9f7cf415602ec304a9d70bba72e8f254b8474e647adc65e28e
16,H99gdk4e90cz0zTP,1745163483000,11,1745163483000@PWAH99gdk4e90cz0zTP,03234bd48607fe664c5e5bad6fde7db41bb4643ab1772bc75105543d9618d12a63b0289862c6bcba1c767e10d36cd703
4,Mos7mIoNK4avGvlS,1745171807000,13,1745171807000@PWAMos7mIoNK4avGvlS,76e34c9d4e414c055c06250e4a8974bfc2a0822bc3a2f783b3475b71e29e37e311667c780844ee62fb3a6833f7a55c79
15,lWCK205bclZHHIVe,1745158357000,10,1745158357000@PWAlWCK205bclZHHIVe,993b62efdac016f14376b9defe120865b431c2a299f119c454f341d039193f564c002de4da395bda91ade3c981f400d4
3,H99gdk4e90cz0zTP,1745172663000,14,1745172663000@PWAH99gdk4e90cz0zTP,ec0d024e61eb78dcc24ef5faeb515d8847adfc0f05f72bc8bf3116f1238680578caefa79312ab253836e4322acd8e0c0
11,MoRUWfgv82jgPd3T,1745187742000,18,1745187742000@PWAMoRUWfgv82jgPd3T,60fde6544b2c3a9a736a86748a9435298c74331782656c40a702e70df2431da1a0cd9dedbab3aaea3fe7808ab8a0ca11
12,Mos7mIoNK4avGvlS,1745165499000,12,1745165499000@PWAMos7mIoNK4avGvlS,dd83656623ffe107b3e412c6b90ec7dfc8bd8475b352c88931a973b3a571610f793f2f0f8d133897d72ac91b716b766c
17,MoRUWfgv82jgPd3T,1745149796000,7,1745149796000@PWAMoRUWfgv82jgPd3T,1b76b4110cfea925ef074cd987cfb203e6f4133e1b8e7641163d9643c04fae2a221d277a3c95368a740868dce76e4d7c
20,lWCK205bclZHHIVe,1745164081000,11,1745164081000@PWAlWCK205bclZHHIVe,380b3a9d5d6108ba1db2948523d4b62fa0c9fe542be7b7ec690ea53e75ffaef25de6b0ab81bca422d12bde785b1a2b61
20,MoRUWfgv82jgPd3T,1745181221000,16,1745181221000@PWAMoRUWfgv82jgPd3T,6e0ef74d75dcf7746c1a8db0d6705ed6a2d916232b7a8bf7e642df352c9c92197d994146aae16e523e6726167ca94f2e
7,lWCK205bclZHHIVe,1745162404000,11,1745162404000@PWAlWCK205bclZHHIVe,53453eb4ab816cb8eb8ad354db6028c63e968744de518bd10e6f88f00fab26d35a0d5eb6580a297ccf8ac10d1ac35f28
15,9R04ZA4ZZYUeRcWE,1745152183000,8,1745152183000@PWA9R04ZA4ZZYUeRcWE,2276f99ee7ea46ac298e87d665c18de650400eb5133f1538fdeb11922031795a46ccf0a16089c8ea0e4f0250df6f4122
17,Mos7mIoNK4avGvlS,1745171190000,13,1745171190000@PWAMos7mIoNK4avGvlS,d29f80784ee1dd3a347874cd18013d115c13cc88875f949000317c1fbfec93fa199d504f006d05ea48c76738039af5bd
15,lWCK205bclZHHIVe,1745169796000,13,1745169796000@PWAlWCK205bclZHHIVe,ca812c2616c9f11c3c87779bd1a58b960d2f6caa8e4b8387c474de06a04fa4f947cd81046a7f6ee08ca9f07972d0b971
11,9R04ZA4ZZYUeRcWE,1745164098000,11,1745164098000@PWA9R04ZA4ZZYUeRcWE,26ebba00df9a1f106d117e10fbdb327bbc929759f9caa620e36da17de1da1cd98ec2399e402ee9ca3cbaa84988bb73d5
8,9R04ZA4ZZYUeRcWE,1745158702000,10,1745158702000@PWA9R04ZA4ZZYUeRcWE,7bdc271079f147be3c63eefc2c98a3f795008408b656fb537a1152a23ea914b6e66119e2dd61f58e025d8332cbd004e3
9,MoRUWfgv82jgPd3T,1745163961000,11,1745163961000@PWAMoRUWfgv82jgPd3T,c6e90eb4b1da711925e1826ded9fd4221aab9ba1869f641f0d34d98b168e0e2b35baefff436df55ca18143d64dca72c4
1,MoRUWfgv82jgPd3T,1745175816000,15,1745175816000@PWAMoRUWfgv82jgPd3T,e5b79758e18bf5900e52b6f4e5f8815f41cc41ad062f3044a7287b8a9b02a9d8047d839cfb3bf8517a299fab80882eee
15,Mos7mIoNK4avGvlS,1745155790000,9,1745155790000@PWAMos7mIoNK4avGvlS,9c84fd94816608f7a54e6403330d685a1d43331ed4e8336d68f4c55bee1c80a317535b9dcdea7e6bdaafad764d945aab
1,9R04ZA4ZZYUeRcWE,1745178202000,15,1745178202000@PWA9R04ZA4ZZYUeRcWE,649a9d0a791ba93877b12cab8128fa74480b3acc59aad1399c5e758b2e46816224cd329f4e1346353788aadd637c1103
2,MoRUWfgv82jgPd3T,1745176255000,15,1745176255000@PWAMoRUWfgv82jgPd3T,41ff9e949125c4384cd1231bf1b49c5ccb4fc062c8b18f2be4836e32d97f439a75562b578de810deaf66c18e410e4851
10,9R04ZA4ZZYUeRcWE,1745180845000,16,1745180845000@PWA9R04ZA4ZZYUeRcWE,194d12fe99119dba6b00aac43237e5a0f7be0425c2048b5e4135c40e175082f871a4f795028af98fd15d5c40b3e7eb53
4,lWCK205bclZHHIVe,1745196836000,20,1745196836000@PWAlWCK205bclZHHIVe,8d179a653543275443a869bc4fc8fdeb5f6e2c09b689dcda8817fdda58bdd0e583b56a5c0f38646823406eddcc582d2e
17,MoRUWfgv82jgPd3T,1745149796000,7,1745149796000@PWAMoRUWfgv82jgPd3T,1b76b4110cfea925ef074cd987cfb203e6f4133e1b8e7641163d9643c04fae2a221d277a3c95368a740868dce76e4d7c
19,Mos7mIoNK4avGvlS,1745150422000,8,1745150422000@PWAMos7mIoNK4avGvlS,65d5ab4ddaebaef3fefc15184c5a0b45d93e8d8598649f067bcab81ab44815f85005938784e57f8bfc28ff9fe68f7418
17,Mos7mIoNK4avGvlS,1745181105000,16,1745181105000@PWAMos7mIoNK4avGvlS,7153895249ab143d811be2eec88ce1d7aba84f0c0c933f893085ec17cca74110e9c01ea2d5836739deb9f3b85191138e
15,H99gdk4e90cz0zTP,1745170772000,13,1745170772000@PWAH99gdk4e90cz0zTP,ae714c4a66f75c47c473cbe92faabb3413cf4c8be86aeabc82b906d887e57576fc900d5fc1a100ea70521807d9f461b8
16,H99gdk4e90cz0zTP,1745163483000,11,1745163483000@PWAH99gdk4e90cz0zTP,03234bd48607fe664c5e5bad6fde7db41bb4643ab1772bc75105543d9618d12a63b0289862c6bcba1c767e10d36cd703
2,9R04ZA4ZZYUeRcWE,1745158686000,10,1745158686000@PWA9R04ZA4ZZYUeRcWE,7a4708f62111a8ba4787fb6499739530dc7be29cf0755aebc6f000d910afecf78e8e6392ca09c8b3a982be6477684f8a
7,Mos7mIoNK4avGvlS,1745165075000,12,1745165075000@PWAMos7mIoNK4avGvlS,3b1c3131709012637cc12d508ff11ecfebd102535b01f5e10a4fe350cb7362e6599a42b876022973f114f540968f1d9d
6,MoRUWfgv82jgPd3T,1745152811000,8,1745152811000@PWAMoRUWfgv82jgPd3T,3ef1be939ce7f33235f027647625ba5b260a9301fa83347aaf2e2c0fcb1a61666798d2c775752a421412c721363ec46e
16,9R04ZA4ZZYUeRcWE,1745196877000,20,1745196877000@PWA9R04ZA4ZZYUeRcWE,0ff2cf4c7bc6598b40e03c5d134e2b8f40974105a9020517c6c036a99f17fafc88abf49ddeff350028dca45652dc192e
5,MoRUWfgv82jgPd3T,1745188930000,18,1745188930000@PWAMoRUWfgv82jgPd3T,f3bdfd4232f2a37ab4a10d93ef7fbc89c1de2ec5e545343870d4689bb7935c91580a04f2ba0f3ee72477a7d3ea936b7d
14,MoRUWfgv82jgPd3T,1745183849000,17,1745183849000@PWAMoRUWfgv82jgPd3T,ca12a0f53a42c62d132b667e2a352e69f7ed6e370ca5b07f9f567618968086a79cd13e56738c07a435fb618ae595b0fd
19,lWCK205bclZHHIVe,1745177350000,15,1745177350000@PWAlWCK205bclZHHIVe,7d713db19aa51c43d419cbf9dacd12b0ff24a77f0d6a58e5a475645caa7c9ac4383d719a7fdafb8ea48c639503dcdd72
19,lWCK205bclZHHIVe,1745150077000,7,1745150077000@PWAlWCK205bclZHHIVe,8f5cbac4d4f59d86f2ed1c611ed92f084ff91e7403da7a76036f007c7e221e3f5e4ffea1b4355315bf6820fb838ca99f
2,9R04ZA4ZZYUeRcWE,1745149455000,7,1745149455000@PWA9R04ZA4ZZYUeRcWE,7000b63ec269650eb2042cc2d4c1327314c258759ff5da362c5e0274c8460608659ea0138138d02a3ce75ae26d07939b
9,9R04ZA4ZZYUeRcWE,1745176603000,15,1745176603000@PWA9R04ZA4ZZYUeRcWE,d3f1f4d7f41f1a257bd944d05e9d1e44cc05146e8f986efc7beb2157ddea5e20f4882cc5969410c11c66638979e7dacc
18,lWCK205bclZHHIVe,1745179723000,16,1745179723000@PWAlWCK205bclZHHIVe,704eb7367eeac4efc8b12b251c82fb51e538104a4f27320b5e76d172c31d5889358749accee5e1da0e2b31f153c16c25
8,H99gdk4e90cz0zTP,1745206895000,23,1745206895000@PWAH99gdk4e90cz0zTP,abeaad2f6ef73a46d946872408ed6465369d46686cd5799ea71c20c7b3cb8d34e9f8ae105d1a12c6dc910d97ee233537
10,MoRUWfgv82jgPd3T,1745163444000,11,1745163444000@PWAMoRUWfgv82jgPd3T,55a8e3089ddc7dac703674757a3f77e53308e9b63421a58d8285cbf124ed6afc23c2fc91baaf44c7e510e146214cd541
14,lWCK205bclZHHIVe,1745203062000,22,1745203062000@PWAlWCK205bclZHHIVe,baaab5b99edd1f0d8663f8a0522c3abad837e3cfedaa68c457f469c8d3dc5f3ea54e493fb6efc30e4167fc2122c47404
20,Mos7mIoNK4avGvlS,1745194284000,20,1745194284000@PWAMos7mIoNK4avGvlS,e5876476c6bac081c4d931ffd9f0408ca69c449d483468a3babbc2686c9d30f16b638afcaac35832735a8a13a2a9da29
7,lWCK205bclZHHIVe,1745139061000,4,1745139061000@PWAlWCK205bclZHHIVe,b2edb39c4da81f03a428c31c2b42f2625f0e1400be8d034e1ed6b308f0e7527b3dda7ae9f3dfeae9bae3dca4ea173b43
6,9R04ZA4ZZYUeRcWE,1745154346000,9,1745154346000@PWA9R04ZA4ZZYUeRcWE,032524c79c620142ea3fc68b49e2ebc935ca461e7be8a2c40c6b7cf3fff0a4c4f0bfed3eb052715241aafc2088a2f746
2,MoRUWfgv82jgPd3T,1745139254000,4,1745139254000@PWAMoRUWfgv82jgPd3T,2836fe740574d6d3908c682cb376c83d7082334be8ceed257b0d2dfd798177df0ad497dfcc6aceb5be2f2183318aaae6
9,MoRUWfgv82jgPd3T,1745163961000,11,1745163961000@PWAMoRUWfgv82jgPd3T,c6e90eb4b1da711925e1826ded9fd4221aab9ba1869f641f0d34d98b168e0e2b35baefff436df55ca18143d64dca72c4
3,MoRUWfgv82jgPd3T,1745183140000,17,1745183140000@PWAMoRUWfgv82jgPd3T,574ebc48244e83284325be51103ea958c8030d8ebb44c63bc5a6901134d76014d2190bc6c360bf85cc48bd1b89065019
13,H99gdk4e90cz0zTP,1745160357000,10,1745160357000@PWAH99gdk4e90cz0zTP,504d3909ebf55c6bc3e32a72a73b9477e4d85d4c113015ef6a8d3dfa242159ec6284d698325592acf66ad2861b0bcd52
1,Mos7mIoNK4avGvlS,1745182687000,16,1745182687000@PWAMos7mIoNK4avGvlS,e00f46596f0e917303fe766e1679d82277440e58e0552249ec2e2b81773f6e4b88446e6eb5533b73888dd71366cd83fc
5,9R04ZA4ZZYUeRcWE,1745184271000,17,1745184271000@PWA9R04ZA4ZZYUeRcWE,17c180878808f41cf19ab626d8344c0064f2c3e6e74d2dee5709d0f7614a782b05cae0980a10b57dffc4731e1edbcd70
1,9R04ZA4ZZYUeRcWE,1745192871000,19,1745192871000@PWA9R04ZA4ZZYUeRcWE,2c9df4602c2d09e2e78b4ba5cb7ed688ca3e620e3624581c266c8a70b265037bdb336be929ba7699ed0671440717d95d
12,Mos7mIoNK4avGvlS,1745153631000,8,1745153631000@PWAMos7mIoNK4avGvlS,b87f0f051ba3f8c4a4052bcc1f71e1b00629197c40aadd7c1f60f96f86a68f4b529f580aef688b2e3171c7bc625059c4
18,lWCK205bclZHHIVe,1745179723000,16,1745179723000@PWAlWCK205bclZHHIVe,704eb7367eeac4efc8b12b251c82fb51e538104a4f27320b5e76d172c31d5889358749accee5e1da0e2b31f153c16c25
13,9R04ZA4ZZYUeRcWE,1745153464000,8,1745153464000@PWA9R04ZA4ZZYUeRcWE,d28ef22f5a368e1de6ab05874e1a48de1564b52dfac7f3d5ac2f082f2d2be7c0e3c317d496cd8a983c910ed61ff6c973
9,9R04ZA4ZZYUeRcWE,1745176603000,15,1745176603000@PWA9R04ZA4ZZYUeRcWE,d3f1f4d7f41f1a257bd944d05e9d1e44cc05146e8f986efc7beb2157ddea5e20f4882cc5969410c11c66638979e7dacc
16,MoRUWfgv82jgPd3T,1745181600000,16,1745181600000@PWAMoRUWfgv82jgPd3T,dcae5150ecc2892a5f044aa865565ce4083948fbf39b33bdff80d637132c45dd9cb59cb72a82025fd9147c010919ad85
3,MoRUWfgv82jgPd3T,1745183140000,17,1745183140000@PWAMoRUWfgv82jgPd3T,574ebc48244e83284325be51103ea958c8030d8ebb44c63bc5a6901134d76014d2190bc6c360bf85cc48bd1b89065019
9,MoRUWfgv82jgPd3T,1745173503000,14,1745173503000@PWAMoRUWfgv82jgPd3T,20f36f7d5872f070fc2f1379d74f97ade3e119fdb9cc7e77d1a23ecc9f75de69b9bbed5eaf10c0ae37921ffce7f6d57c
7,lWCK205bclZHHIVe,1745186330000,17,1745186330000@PWAlWCK205bclZHHIVe,5211ae959149271fa88b221986df9130880cc62d78b6146eb1edc02e6fcf67ddc07b84f6363ddc19e0e1417df3cc8e10
14,lWCK205bclZHHIVe,1745203062000,22,1745203062000@PWAlWCK205bclZHHIVe,baaab5b99edd1f0d8663f8a0522c3abad837e3cfedaa68c457f469c8d3dc5f3ea54e493fb6efc30e4167fc2122c47404
9,9R04ZA4ZZYUeRcWE,1745195112000,20,1745195112000@PWA9R04ZA4ZZYUeRcWE,eb257377247299f99e3b535390b6edfad99d5d634a38392414385bff8959eaa57d9629798ea958c732b5a617e0dbb299
15,H99gdk4e90cz0zTP,1745194396000,20,1745194396000@PWAH99gdk4e90cz0zTP,1211d22c55d7073bf73c9824008cef97cdd0b636d9357a4778ae512f5093a2d1227d5e69eaeb4afcf2f4670e1ea74a42
16,H99gdk4e90cz0zTP,1745162539000,11,1745162539000@PWAH99gdk4e90cz0zTP,dc2ededcfc509fa60e7ea1b7520b0c1e87ef6f0e0441218a352e3b002981937e62ebdca53aa3b46d7b1525dcbb45aadb
17,MoRUWfgv82jgPd3T,1745167382000,12,1745167382000@PWAMoRUWfgv82jgPd3T,20eebb08b2bf94e463c6d49cffcc39df5117cfa17533c353fc01aafaf71abc95b00a3945cfb6d40e65603290c7cb4ecc
4,9R04ZA4ZZYUeRcWE,1745188785000,18,1745188785000@PWA9R04ZA4ZZYUeRcWE,3f1f5828a43ac0bba5496de8c1a6d4339d8a3fc7ad961165088c912cd1a87cf41ae557f6ea02e65f19031d77be3e4832
16,H99gdk4e90cz0zTP,1745176359000,15,1745176359000@PWAH99gdk4e90cz0zTP,99ac2511770caa007c9a823e8686ef9160f58631862ba3a3ea8fc1cf71de8f386d9c467208a71bb5b0b9b8b025d97a61
17,lWCK205bclZHHIVe,1745167650000,12,1745167650000@PWAlWCK205bclZHHIVe,6fd705da0152a51803da37ed043b3fd16ebb043e7c71c8d1f7c614d6f7c0bf3b26e0e02b2b4cd35d583d14517c282f6a
12,MoRUWfgv82jgPd3T,1745192105000,19,1745192105000@PWAMoRUWfgv82jgPd3T,c387c3f710d41ac1f06c1648625a0e604848f572025aa389317cd653f5587f2b45437db6d4aeb80f95f251a16566cfc5
2,H99gdk4e90cz0zTP,1745188236000,18,1745188236000@PWAH99gdk4e90cz0zTP,3478c10351e5973f29c0cf71e27a0a42d38f93de18847df34b5a1d1db07373fad919c15405ad3ef5448e5cf0669072fb
16,lWCK205bclZHHIVe,1745160744000,10,1745160744000@PWAlWCK205bclZHHIVe,d01093f5734b57f686cb2a2e2574be4396c7b7e64e7ac34e9bfb6eacf76b7995076537462a2c4166e9a1bb287fbf78b8
1,9R04ZA4ZZYUeRcWE,1745192871000,19,1745192871000@PWA9R04ZA4ZZYUeRcWE,2c9df4602c2d09e2e78b4ba5cb7ed688ca3e620e3624581c266c8a70b265037bdb336be929ba7699ed0671440717d95d
20,9R04ZA4ZZYUeRcWE,1745165824000,12,1745165824000@PWA9R04ZA4ZZYUeRcWE,47b2b965b1e8f72309b7687ed4033d2d5bde4a0a34f657b1396d3a7f620d5f8d74f34065645496565bb71847ee478737
12,lWCK205bclZHHIVe,1745185470000,17,1745185470000@PWAlWCK205bclZHHIVe,346253592eb23d9750171aa053fe0428891807b3400a267c2203e9621c4e1e7abb0826fcda5a1cb62103f24d9bbb2ff6
18,H99gdk4e90cz0zTP,1745181639000,16,1745181639000@PWAH99gdk4e90cz0zTP,5cf4a5ebe44a1bcbac3d720bab654d25f1db0af2e6bc6899d90d7424db21d4f8690f3b1b3e9b4ed4352099ac1446b35c
19,9R04ZA4ZZYUeRcWE,1745155679000,9,1745155679000@PWA9R04ZA4ZZYUeRcWE,91a59997ec638b22728bb3dd3974b0901036dd6fe62ea80c9ff257c71f04b96d1ae989b97cbe8397afe85555bbb91a8c
4,lWCK205bclZHHIVe,1745166362000,12,1745166362000@PWAlWCK205bclZHHIVe,71f97ece5f1ef8b89253879a1fa41392906004492da7eb6d24fadfa0079d52c4e11ccce930babaf4812ac6a1d197b4df
18,MoRUWfgv82jgPd3T,1745152531000,8,1745152531000@PWAMoRUWfgv82jgPd3T,d565ab3a3cc4cd56b78f91dd5813ab64112115eb0317c47a8d90f7e9e471eb7d45ef17780305cdc5f25c3273f4ec326b
1,MoRUWfgv82jgPd3T,1745159249000,10,1745159249000@PWAMoRUWfgv82jgPd3T,d4f40452be638da5e7e8e7ea075e470b6f766164f86a522fac0e0232d12889cab57a470082d13004d6401348ab61d304
15,9R04ZA4ZZYUeRcWE,1745152183000,8,1745152183000@PWA9R04ZA4ZZYUeRcWE,2276f99ee7ea46ac298e87d665c18de650400eb5133f1538fdeb11922031795a46ccf0a16089c8ea0e4f0250df6f4122
2,lWCK205bclZHHIVe,1745159694000,10,1745159694000@PWAlWCK205bclZHHIVe,f2f8171e405c279829cc9b16c1a717b99e21a8cdcb6cda0a8b655c6d19039b39d4b3908d32b71d4f6ae47c690699fbd5
2,H99gdk4e90cz0zTP,1745165758000,12,1745165758000@PWAH99gdk4e90cz0zTP,dc149f5b376d96446fe5707fc4e02447e854cd260b840e6bf40cf1fd7e2a4cf0ff2a2dfcf18c77bc0a6fea1f5dd074f4
18,Mos7mIoNK4avGvlS,1745170155000,13,1745170155000@PWAMos7mIoNK4avGvlS,2e0e25e85903b9e53fba648f894a61ef79e021352b8d83cf77a67204a17c80c7974cd326196c1641ca15e76f4f85faab
10,MoRUWfgv82jgPd3T,1745151946000,8,1745151946000@PWAMoRUWfgv82jgPd3T,b037d90abbda65b61d0624a3dd6b36b07e81e8418863621ee3914fef1cbad270a068738778cf8b3c51790890bd030409
20,lWCK205bclZHHIVe,1745176518000,15,1745176518000@PWAlWCK205bclZHHIVe,4cb2f06ef387bcc229c936e6fd6517e5aba5df647718585c604dba19ad885d175c96ef02a8212774456dfc9a2952f1e9
17,9R04ZA4ZZYUeRcWE,1745123856000,0,1745123856000@PWA9R04ZA4ZZYUeRcWE,c035fd4e8a07d239c549451eaff84af33e471864678452b09cbfa19014e900bada7795902ae6f321d12197f7a5d0f16e
4,MoRUWfgv82jgPd3T,1745152099000,8,1745152099000@PWAMoRUWfgv82jgPd3T,4863c35970f346a0c4473e088a7d7530faf1b1d1bd270b09cdfc3aa629dce927b3f75912baa1fd72757508e3e968f3ea
15,lWCK205bclZHHIVe,1745169796000,13,1745169796000@PWAlWCK205bclZHHIVe,ca812c2616c9f11c3c87779bd1a58b960d2f6caa8e4b8387c474de06a04fa4f947cd81046a7f6ee08ca9f07972d0b971
12,H99gdk4e90cz0zTP,1745156324000,9,1745156324000@PWAH99gdk4e90cz0zTP,145d2235afb2ce433ad1824f44188893cf21de1a622dbd4d4280889bd145457f4d43599f8faf816db0b0e177b51a7ae2
9,MoRUWfgv82jgPd3T,1745145172000,6,1745145172000@PWAMoRUWfgv82jgPd3T,8596a53a326cd1e21f79554a53c0a470d6d3a3817e535366e508b31cde5cead2e887d895d2ff5269da6850d05c9fd1fb
9,Mos7mIoNK4avGvlS,1745195847000,20,1745195847000@PWAMos7mIoNK4avGvlS,ae8b524d4c199a7416990161d0de32cf04d1cdaec7bcd8e1c4a0f791a2da44597f8e411f539648b8a162ff6f936785fa
9,9R04ZA4ZZYUeRcWE,1745164197000,11,1745164197000@PWA9R04ZA4ZZYUeRcWE,8ef8db8c58a72538da0972f67e44b74144cfc956ac3f92d4f2e7d92b7004d37f39940edf99707d68bce91315db58f13b
19,MoRUWfgv82jgPd3T,1745156475000,9,1745156475000@PWAMoRUWfgv82jgPd3T,4f519403280f68260aabc7ec986bb9f210e48bd181dfbd0ba0e6ddbf08e3960e0cc2475d75955a9f9942c45c43d3b33d
1,H99gdk4e90cz0zTP,1745160565000,10,1745160565000@PWAH99gdk4e90cz0zTP,a16bfa8bdbdac7bf5984b0e245559cd3ab6d870feae89b454bb7b1a49b8db5b474a2bfdff4d3fdee0fda6e39dc07b80f
16,9R04ZA4ZZYUeRcWE,1745165489000,12,1745165489000@PWA9R04ZA4ZZYUeRcWE,55f031b329d5d95fdf9e7019f0f9a47db806820aa5297fd814699f08923601acb59ccf7488406cfe99f2aef38f731e78
11,Mos7mIoNK4avGvlS,1745184032000,17,1745184032000@PWAMos7mIoNK4avGvlS,4259c6ff905bba677974cbdc294bb5d4a1e95a83966176e302b28766e11f148c5d9907ece0647aaef9554088cc47554e
4,H99gdk4e90cz0zTP,1745146259000,6,1745146259000@PWAH99gdk4e90cz0zTP,2ca8635f45a64950cb4595763cdce1d05248d6c820f157732062b12fa33b1fb2bfbb96f6efc87828aafd76b2eef12b8b
10,lWCK205bclZHHIVe,1745145262000,6,1745145262000@PWAlWCK205bclZHHIVe,918d89a8dd41938170867e00c13bf279d769ec676252fa58977f5fdac2677a51e7c7d07fea7125b821fd0aa4004ea63c
17,Mos7mIoNK4avGvlS,1745175992000,15,1745175992000@PWAMos7mIoNK4avGvlS,84287011534cb29b554e69e4ba58a81c0f26afaeac2b19805e3f26de56c0d1812c706f5c08a5b071d69d77c1dc51cb5f
12,H99gdk4e90cz0zTP,1745154084000,9,1745154084000@PWAH99gdk4e90cz0zTP,9aa0596a577112a7a34e7b46ea22b8bb0e542359f0b27022c895a86d4fd69fc9a938ba70ae668a6ed873bf3a24ca2944
10,9R04ZA4ZZYUeRcWE,1745175977000,15,1745175977000@PWA9R04ZA4ZZYUeRcWE,b7ad32ebe9135a1b29cf491be0f5909fe3aab4fe1123761931a6267516dd60c232a9258608776a77e4f4ae27a4ee7a42
15,lWCK205bclZHHIVe,1745169796000,13,1745169796000@PWAlWCK205bclZHHIVe,ca812c2616c9f11c3c87779bd1a58b960d2f6caa8e4b8387c474de06a04fa4f947cd81046a7f6ee08ca9f07972d0b971
20,9R04ZA4ZZYUeRcWE,1745185296000,17,1745185296000@PWA9R04ZA4ZZYUeRcWE,fb175ab6156f3af3f743d2972f7d06c1aa4cf8c62f44b24158a5f9a7bc886a883843118468760dc1fe4a81badaf02818
2,lWCK205bclZHHIVe,1745159694000,10,1745159694000@PWAlWCK205bclZHHIVe,f2f8171e405c279829cc9b16c1a717b99e21a8cdcb6cda0a8b655c6d19039b39d4b3908d32b71d4f6ae47c690699fbd5
11,MoRUWfgv82jgPd3T,1745154664000,9,1745154664000@PWAMoRUWfgv82jgPd3T,d826b6a6db15464e9cd04bc07326a482ddfc3e35914b4c29e33529203acb8b2629f2637bbe4e8feb7b2bf6ee2a5b61eb
7,9R04ZA4ZZYUeRcWE,1745180765000,16,1745180765000@PWA9R04ZA4ZZYUeRcWE,18d9fa8b32e98ca0640d763ab3212df39512608383e94df965c90a0f0bb4a57f41b1f19588c22fd099a27ff9239c63c6
14,9R04ZA4ZZYUeRcWE,1745158028000,10,1745158028000@PWA9R04ZA4ZZYUeRcWE,37ab8e7077d0ae26146b024ced7403c00cb55c9624039cdd6ba39ddaa55f04ab341c581daa8879e3a2a2b051e7784201
9,MoRUWfgv82jgPd3T,1745163961000,11,1745163961000@PWAMoRUWfgv82jgPd3T,c6e90eb4b1da711925e1826ded9fd4221aab9ba1869f641f0d34d98b168e0e2b35baefff436df55ca18143d64dca72c4
14,Mos7mIoNK4avGvlS,1745190982000,19,1745190982000@PWAMos7mIoNK4avGvlS,a2bedbc865fdaf6976b854f702385b725cc3eb7170957c1643648035f729a68fd36f98f5eb7a4e4da0f8a45f78bf8592
13,Mos7mIoNK4avGvlS,1745169258000,13,1745169258000@PWAMos7mIoNK4avGvlS,1471cfb30191c210a99269e8574e1fd14c4d6d9f828514dd2ae9277b8f9a8f0f74c6882875bd4e600894771fd7490755
12,Mos7mIoNK4avGvlS,1745189564000,18,1745189564000@PWAMos7mIoNK4avGvlS,39866a5d28b54045d16b2f58a57d81da07617006351883e3f7545954d784ed5fb033aa6c7ce9d01af420e1e4210b27cf
9,9R04ZA4ZZYUeRcWE,1745180898000,16,1745180898000@PWA9R04ZA4ZZYUeRcWE,895bbb5fce8792f82d419a7b20af8301ba61e5b57f23d1374ad27897be14093e9603c9a459992f3d6cae3b14883afc16
5,H99gdk4e90cz0zTP,1745164792000,11,1745164792000@PWAH99gdk4e90cz0zTP,8c7c0fa29ae4695ab849d272f57547bd782b29457bebb0b8e85f179440101df4c7c8c8066866f8a2d0627f6516ebfa5d
19,MoRUWfgv82jgPd3T,1745161064000,10,1745161064000@PWAMoRUWfgv82jgPd3T,bf989444fb835dfe9ac9ba2b6e7af266c832930b273479163272410d60e2d976999d73933c16634b3f713dbe0c4e978c
20,H99gdk4e90cz0zTP,1745185249000,17,1745185249000@PWAH99gdk4e90cz0zTP,5bafb5052243ad3a1dc0d978d502c395bcd9076e69cd80fcc1d93ed0747dfc693301e07201b37b16d71e15e8764f1e9d
3,MoRUWfgv82jgPd3T,1745164969000,12,1745164969000@PWAMoRUWfgv82jgPd3T,31f96b84b7b0fc651a853fded6ffe71567d2bede57f8f06174fc41ac770d64c442b071501eeefa756978b68a0d883ecd
9,lWCK205bclZHHIVe,1745157560000,9,1745157560000@PWAlWCK205bclZHHIVe,423d7ffc3524d1844f2dca363ec2213df77a0c5eb7faf238397b5f1544e496b656a4ffa575a24a71078f47f267eddc80
18,MoRUWfgv82jgPd3T,1745151138000,8,1745151138000@PWAMoRUWfgv82jgPd3T,9af876fe93dcfbdac12e60e6fe9171332b87e45bfdfe3c46e58461eccf57ae3ff163a374adf645951c4134cbba8275f6
12,H99gdk4e90cz0zTP,1745176504000,15,1745176504000@PWAH99gdk4e90cz0zTP,98c3fddd8571cc23a1931de15c9724bf933bfc72fb7f398251544a751494f3755b57977683a6ec31a549e6cbfce121cf
9,9R04ZA4ZZYUeRcWE,1745181929000,16,1745181929000@PWA9R04ZA4ZZYUeRcWE,ad5a061044e352a18c9cebab290db693b237bc729e16842ea0b84e73d289d07783feee549408e69ee3f94b5ed4ebafbd
15,lWCK205bclZHHIVe,1745159221000,10,1745159221000@PWAlWCK205bclZHHIVe,1ad7c25e65e0fa257a9d65c79f109985a3a63d04320bfe1628016562a58024d643f0529d139ab802e954a6c436401137
19,Mos7mIoNK4avGvlS,1745161284000,11,1745161284000@PWAMos7mIoNK4avGvlS,4c6c2f4600f76b441c9ba7dc1aa28eb4d348ea0e37cba7af4ba6dbb9cddd761ba8f1a44599a144d51065c442f6555901
16,9R04ZA4ZZYUeRcWE,1745156745000,9,1745156745000@PWA9R04ZA4ZZYUeRcWE,a04ab1c1d1e2cb027c87fd999f2499d5cdce29cd8c571c8d5c1282b94c326c13a4ca519ab6e52835b0261053c58f0176
9,H99gdk4e90cz0zTP,1745158243000,10,1745158243000@PWAH99gdk4e90cz0zTP,ce0a2c5f5708b74bd6ea9624983d5dcccd37a202671a47fe9226523016f346e38156da1fc7490765ad348cf231e50459
2,lWCK205bclZHHIVe,1745174210000,14,1745174210000@PWAlWCK205bclZHHIVe,6f2d5b88b8642826b89d6b5da240853bd23727a0983e451617dd0eec2c272d2a11f4c302ff325056b8ae2901434b08f8
15,Mos7mIoNK4avGvlS,1745159272000,10,1745159272000@PWAMos7mIoNK4avGvlS,b9c1bebc191ff9b354f04dbb6b6bc58f1e8f31d028dc35e37253f967f453c89baa51a248dc796acb1baa935c71afce5f
4,Mos7mIoNK4avGvlS,1745173634000,14,1745173634000@PWAMos7mIoNK4avGvlS,14fd38a2bad1379d45eb23bd2f7ae248110895bf219a6b2d640afb9b28eb80831113ed626afdc46422460876ec4ef8ea
3,H99gdk4e90cz0zTP,1745154557000,9,1745154557000@PWAH99gdk4e90cz0zTP,1c0f14a2abeed7c5ddf76b89ab7979d8fcdbf8df60c674583d0a1b8bbe813f2258ec419efc9d91dc5410d9ecba84764f
14,MoRUWfgv82jgPd3T,1745176954000,15,1745176954000@PWAMoRUWfgv82jgPd3T,5e1188f694ff80a1cdc769b8dfb709639141eb85c86e1e7d9cd8ef01df8ab22f4da7e14412052164cdde2fe329acd002
4,lWCK205bclZHHIVe,1745166362000,12,1745166362000@PWAlWCK205bclZHHIVe,71f97ece5f1ef8b89253879a1fa41392906004492da7eb6d24fadfa0079d52c4e11ccce930babaf4812ac6a1d197b4df
8,Mos7mIoNK4avGvlS,1745171313000,13,1745171313000@PWAMos7mIoNK4avGvlS,3d50ea64863afefc29121c9b8f009a6f2a3971d56a17ac8ed3a5a272bc161148882e771837b7e5ecc92bbe3e23aba90f
10,MoRUWfgv82jgPd3T,1745193908000,20,1745193908000@PWAMoRUWfgv82jgPd3T,a074b2394799f375e7066be4b8f55a9d6611a2c92896462f939e0cc394dd2a194a6ca4d9141a139228f7e2e4c18bccfe
7,MoRUWfgv82jgPd3T,1745164289000,11,1745164289000@PWAMoRUWfgv82jgPd3T,bc9110b139e671df53151290adbb1907d160fca399dc371024fdfd0aec45347abb11a2dc74d72d23eefc62d744e225e4
16,9R04ZA4ZZYUeRcWE,1745150907000,8,1745150907000@PWA9R04ZA4ZZYUeRcWE,3b1684f9a600114703c4faeacd2bd406b1e1b05e5e8699e9f4ab009575426ec11dd193af480526856772107208b00486
4,Mos7mIoNK4avGvlS,1745173634000,14,1745173634000@PWAMos7mIoNK4avGvlS,14fd38a2bad1379d45eb23bd2f7ae248110895bf219a6b2d640afb9b28eb80831113ed626afdc46422460876ec4ef8ea
11,lWCK205bclZHHIVe,1745174107000,14,1745174107000@PWAlWCK205bclZHHIVe,c570f4950fa05ca2022a38651eb5b1459dc73534e60fb885c0dea0e98ac2a5e67d64adc9776ef7d2dbe609e91a5a0b40
10,H99gdk4e90cz0zTP,1745154689000,9,1745154689000@PWAH99gdk4e90cz0zTP,4234d032ae68a5d52aaf401515dca712f5996179b6c069bce74ce50158637f5b10c97b8eae18d4bee36a729ebe62da89
12,H99gdk4e90cz0zTP,1745156324000,9,1745156324000@PWAH99gdk4e90cz0zTP,145d2235afb2ce433ad1824f44188893cf21de1a622dbd4d4280889bd145457f4d43599f8faf816db0b0e177b51a7ae2
6,9R04ZA4ZZYUeRcWE,1745150877000,8,1745150877000@PWA9R04ZA4ZZYUeRcWE,ca7ca82450ff274f14c3d051a6f5e93f296d81303f84bb83f0b6264e9ec6c4b54cee0b001b85f390cbec6f4ebcbec0ae
16,lWCK205bclZHHIVe,1745157434000,9,1745157434000@PWAlWCK205bclZHHIVe,eff224b8099a8184db06c092db3fcc5b46b010101368cf42f82c49d0658b5b564a20507e0edd1a510ab40593f4b83d02
12,MoRUWfgv82jgPd3T,1745167651000,12,1745167651000@PWAMoRUWfgv82jgPd3T,39851f81d9231733b86e8a2eb73b9b4f768a12e2990217f036d633be8e7166c61bda1a4ccd11aeb15b01abbfe5a95f9f
12,MoRUWfgv82jgPd3T,1745167651000,12,1745167651000@PWAMoRUWfgv82jgPd3T,39851f81d9231733b86e8a2eb73b9b4f768a12e2990217f036d633be8e7166c61bda1a4ccd11aeb15b01abbfe5a95f9f
10,H99gdk4e90cz0zTP,1745189297000,18,1745189297000@PWAH99gdk4e90cz0zTP,5c1e27fd0e9b3b1d545ec57bc666717346ab771bf17fee1237b1d8eaae57cbc08e4aee01a71849ad950108d9d071f716
11,MoRUWfgv82jgPd3T,1745178221000,15,1745178221000@PWAMoRUWfgv82jgPd3T,bec99de22acb6b74a4c75c8d0f4d3a6aea84bac29f7f0f83268b9361e003a8d2c2ec12df69506998a7aedfc24a58e1c9
9,MoRUWfgv82jgPd3T,1745179017000,15,1745179017000@PWAMoRUWfgv82jgPd3T,44a7994445adba6383d9cb935002ac1d09816ad3b99cc70427c85a61e9ec44ee3d84d5897959096ff6e02fca8ac2ceb4
4,H99gdk4e90cz0zTP,1745190619000,19,1745190619000@PWAH99gdk4e90cz0zTP,9711923a5235159c5c5ff09828152f0767cca47d6cfd402c8b82a0204bcb60faea35cd05f436aea2a2a06fb0c8e1eb00
17,Mos7mIoNK4avGvlS,1745171190000,13,1745171190000@PWAMos7mIoNK4avGvlS,d29f80784ee1dd3a347874cd18013d115c13cc88875f949000317c1fbfec93fa199d504f006d05ea48c76738039af5bd
7,MoRUWfgv82jgPd3T,1745176468000,15,1745176468000@PWAMoRUWfgv82jgPd3T,c9515b8c040d4c3e4b1c40de5544155ca273b78fe8133fdb0f09ee4c5a33ac3cc9f3940a0b1b83bcc7a7bf75258bf3bd
2,MoRUWfgv82jgPd3T,1745171063000,13,1745171063000@PWAMoRUWfgv82jgPd3T,d4e2c4ed714665a3bdf8436c80a06b654e9432ae6812ef41e8f9246989828d768187ff31a3462af78e702f6c4cc8bc52
7,H99gdk4e90cz0zTP,1745171935000,13,1745171935000@PWAH99gdk4e90cz0zTP,399e6f94d7853dcbfe4bee125ec1c34bcc3564791031a4d05b41ca93ac929a30f8a90dad153b8976eac21da844037c9a
12,lWCK205bclZHHIVe,1745183953000,17,1745183953000@PWAlWCK205bclZHHIVe,0cc4b85cc4e25e5600f3b61c96587eef9c90df77db036bbb90ce9948df34ca9fd682dc87dd85fe697a0e19f5e5d42bfa
7,MoRUWfgv82jgPd3T,1745160677000,10,1745160677000@PWAMoRUWfgv82jgPd3T,370c6f48a755a9866167a1496c9bb05a004a7f105f658fec1bfe798d79b0fcd71c23218136945adb24b939cec1c6f40e
16,H99gdk4e90cz0zTP,1745162539000,11,1745162539000@PWAH99gdk4e90cz0zTP,dc2ededcfc509fa60e7ea1b7520b0c1e87ef6f0e0441218a352e3b002981937e62ebdca53aa3b46d7b1525dcbb45aadb
18,MoRUWfgv82jgPd3T,1745149193000,7,1745149193000@PWAMoRUWfgv82jgPd3T,81b8775686ff0aabf4971f934d3cdf7dd234619d55c34baf64a14fe281ce7418577142d3ea3ddbb2783a9ff98090a9fb
5,H99gdk4e90cz0zTP,1745159804000,10,1745159804000@PWAH99gdk4e90cz0zTP,9614a30ea6a2e211f28fddeb30603489fdb433b23426fd3a557fa5fd722578396358697980c39b1420a230f37124edcc
19,H99gdk4e90cz0zTP,1745158677000,10,1745158677000@PWAH99gdk4e90cz0zTP,9d749a7451be8691da0e9cdfbf0aa7ffe85da0b2ae96e8f75b5dc5c20ddc71c953ee257d6df03fd13149bb2ba61e6e32
16,MoRUWfgv82jgPd3T,1745162560000,11,1745162560000@PWAMoRUWfgv82jgPd3T,f15393e6537b0fd5ebafe967eab0fd547e986384f4e44e1af96fe4974061e9b1d00467344046d08006ba39b9e3978abb
8,9R04ZA4ZZYUeRcWE,1745158702000,10,1745158702000@PWA9R04ZA4ZZYUeRcWE,7bdc271079f147be3c63eefc2c98a3f795008408b656fb537a1152a23ea914b6e66119e2dd61f58e025d8332cbd004e3
15,H99gdk4e90cz0zTP,1745173627000,14,1745173627000@PWAH99gdk4e90cz0zTP,eb648a53bd20a1244bde911e3de21593914db689d8de5ea4ca5076cb630d27310aae81ef57e24e524b4be393f525852c
13,9R04ZA4ZZYUeRcWE,1745178894000,15,1745178894000@PWA9R04ZA4ZZYUeRcWE,96a52117b5808927baae7e1b817de690bd40e6d4dd434b84c1fb1f3d571d35fb786862f0f06ef5722c57eae3a2554a9b
14,MoRUWfgv82jgPd3T,1745193657000,20,1745193657000@PWAMoRUWfgv82jgPd3T,27590839f8f1abcf8fe401a4339fd9573e782655cc3f1507e59bdc6675e8c4dd26eb360dbb0db68b65b286cd2a4022bf
12,H99gdk4e90cz0zTP,1745176504000,15,1745176504000@PWAH99gdk4e90cz0zTP,98c3fddd8571cc23a1931de15c9724bf933bfc72fb7f398251544a751494f3755b57977683a6ec31a549e6cbfce121cf
20,Mos7mIoNK4avGvlS,1745174416000,14,1745174416000@PWAMos7mIoNK4avGvlS,35d3507487951f7724512eacc0994fe06831bbcdfdce2a61ae6fe624ef170c555a6a4a1f646c33aa9b1aa6071d538400
20,MoRUWfgv82jgPd3T,1745176177000,15,1745176177000@PWAMoRUWfgv82jgPd3T,f2336f603d2a3750c1dd0a3dd1ab0ac2550c6c0f4b7ee10dd184034ad7a760e24542da66529221a109cafbe7d1e5119f
6,MoRUWfgv82jgPd3T,1745170326000,13,1745170326000@PWAMoRUWfgv82jgPd3T,9e58e94324cd532786ee9da424d1fb9d29dc3e68eac8843fbcd3f88118b2f0fe3a92ca3d1ff9e848d87f64c0ece51890
10,H99gdk4e90cz0zTP,1745180314000,16,1745180314000@PWAH99gdk4e90cz0zTP,346764f23c9f30fdbe833fdf4537b21ede0478e51e46e2bd48d8bab432e4a0056c9e70944e13a3ae8d64013513070a35
2,MoRUWfgv82jgPd3T,1745176255000,15,1745176255000@PWAMoRUWfgv82jgPd3T,41ff9e949125c4384cd1231bf1b49c5ccb4fc062c8b18f2be4836e32d97f439a75562b578de810deaf66c18e410e4851
11,Mos7mIoNK4avGvlS,1745159171000,10,1745159171000@PWAMos7mIoNK4avGvlS,f9bd4530abff43b6c288407dc87994d92a8194581b8b6163fb5a04040ee9f1e4e9cb5cc24487374a76fbc7fe927843f6
18,H99gdk4e90cz0zTP,1745185870000,17,1745185870000@PWAH99gdk4e90cz0zTP,2144a095a00387c8fdaa25553987a512bc5d19d41c8a8efae68980ab1374479a2d74d8a9887473d10ebbcf8e67c230a0
3,MoRUWfgv82jgPd3T,1745136933000,4,1745136933000@PWAMoRUWfgv82jgPd3T,5c371d7e4a4430913fcfe72be5ce92d7a916b0b7aa7b4573fcc721c7a5a8bd853941c7533ebe9488fbe0f8c1a3a68b76
11,H99gdk4e90cz0zTP,1745143582000,6,1745143582000@PWAH99gdk4e90cz0zTP,bcdd40ee882772680bbe2944270e20428a079c2884a69d0b87135fbabdb0e8873a760af594bf5e2afc73bea4b166d040
16,9R04ZA4ZZYUeRcWE,1745156745000,9,1745156745000@PWA9R04ZA4ZZYUeRcWE,a04ab1c1d1e2cb027c87fd999f2499d5cdce29cd8c571c8d5c1282b94c326c13a4ca519ab6e52835b0261053c58f0176
15,lWCK205bclZHHIVe,1745167780000,12,1745167780000@PWAlWCK205bclZHHIVe,6c817a6ed627143bdef370b02cd9319db924d4569734187f289e515460e307feb744e23fb9a52b8f36e47c5b9eb40f25
5,Mos7mIoNK4avGvlS,1745185573000,17,1745185573000@PWAMos7mIoNK4avGvlS,8f09d635db74272411d5997ac16deaa968112647f92ec469c5122d7fff846dfba36df3205e9af7468987453fd0512149
18,MoRUWfgv82jgPd3T,1745148410000,7,1745148410000@PWAMoRUWfgv82jgPd3T,0141f74b946753a7fbaac089806541cb86dd270ed6e8377256a837a45cb19da9954a72c4d711d374c624442b49e71fbf
3,Mos7mIoNK4avGvlS,1745169288000,13,1745169288000@PWAMos7mIoNK4avGvlS,412bd1e0d36d81aee4f9f520a095ab741927bcc4b3f3ef821c030e1edb18115cb330cfa4ba8b5f0c8af8353fe85ab663
18,Mos7mIoNK4avGvlS,1745180296000,16,1745180296000@PWAMos7mIoNK4avGvlS,a370a1152517aab11731c5041a34ae453ea333115afe2e0b5e63ebc918a242d9fc417aec3e0e7bae99272aa93223c1fc
17,H99gdk4e90cz0zTP,1745156304000,9,1745156304000@PWAH99gdk4e90cz0zTP,25a64ef96c286b4d2c7e8af21dfc6f7a0439d46de4342ab2ba7ca67b017a88a70e0ab6d476ab8471c337ff8853a6d6a6
12,lWCK205bclZHHIVe,1745154766000,9,1745154766000@PWAlWCK205bclZHHIVe,ef9fcec669708ceb6142fbbe4e1bc2007233d0d88cb0dc786e6d025fdf7765e2e80a21115329a4178f20de074b11ba29
1,lWCK205bclZHHIVe,1745191421000,19,1745191421000@PWAlWCK205bclZHHIVe,85ca7b2324a503b59e7c32f319281006a0856f337f9c39cdf3203abdf62908575db816ddb34be732fec7473e03527bdf
8,lWCK205bclZHHIVe,1745168969000,13,1745168969000@PWAlWCK205bclZHHIVe,9a0d27761735636d2828863d21e3419dbbfe90c7e0056946de2287db717922a5ba2cd7b28da185f59fe543e3399b4a56
18,lWCK205bclZHHIVe,1745177467000,15,1745177467000@PWAlWCK205bclZHHIVe,2cebf186124507a6d7be5db11a3560ddbbab76f4b90774af9c8eafa2bd4738bdfdb25abdc1a43e05d64289201bb4ddf4
4,Mos7mIoNK4avGvlS,1745171807000,13,1745171807000@PWAMos7mIoNK4avGvlS,76e34c9d4e414c055c06250e4a8974bfc2a0822bc3a2f783b3475b71e29e37e311667c780844ee62fb3a6833f7a55c79
3,MoRUWfgv82jgPd3T,1745183140000,17,1745183140000@PWAMoRUWfgv82jgPd3T,574ebc48244e83284325be51103ea958c8030d8ebb44c63bc5a6901134d76014d2190bc6c360bf85cc48bd1b89065019
11,MoRUWfgv82jgPd3T,1745152271000,8,1745152271000@PWAMoRUWfgv82jgPd3T,5e9936cbd4dcf332e094e7dfc749a8138dcd7e17e0d70c0a9a180eb3e95d31549918761bde91fb0cde74504e38d10cb4
2,MoRUWfgv82jgPd3T,1745170744000,13,1745170744000@PWAMoRUWfgv82jgPd3T,89c891a9dc93852be88a524f44517776d215b073dfd3d95f20910cbb1972873eef895fa64ccb7c5f9a17d144060164c2
16,9R04ZA4ZZYUeRcWE,1745196877000,20,1745196877000@PWA9R04ZA4ZZYUeRcWE,0ff2cf4c7bc6598b40e03c5d134e2b8f40974105a9020517c6c036a99f17fafc88abf49ddeff350028dca45652dc192e
12,9R04ZA4ZZYUeRcWE,1745176925000,15,1745176925000@PWA9R04ZA4ZZYUeRcWE,7d1aa51ac3ea04dcc5846305a646de2d23d648410d2e3e7a1a1ac3151a7c55276eed7ed2f17a7fe5455bb32e1d9864f5
19,H99gdk4e90cz0zTP,1745121889000,0,1745121889000@PWAH99gdk4e90cz0zTP,00ad74f35b2bb406e7f5eae98c41065f2ff76bd1708d518417e022205480613b0b49be109f1ee46421dd9f017e6658f2
11,H99gdk4e90cz0zTP,1745152064000,8,1745152064000@PWAH99gdk4e90cz0zTP,f92215ec9273d9750de331b26b34f1e5e713af08bc8cc814731329db947ec45578c4c0b79450cc3842206ff201d0c214
2,MoRUWfgv82jgPd3T,1745146500000,6,1745146500000@PWAMoRUWfgv82jgPd3T,9b7c0eef2afd4310340006f87a657e46f5413e9227acae738ec2d8cf726954a2d5601b8f3f090503755c7aea11ca76b3
17,lWCK205bclZHHIVe,1745161740000,11,1745161740000@PWAlWCK205bclZHHIVe,bf5fd5c9e8c7a11d56241d3c18e3a287b8d9ef67a9c93e584cb6fff79bb25f546fce811e1395bea65167bb54002f456e
2,9R04ZA4ZZYUeRcWE,1745178565000,15,1745178565000@PWA9R04ZA4ZZYUeRcWE,4fb44d186995de0bacc4de0d4c71734f479f613514def69128fef3d277e17454ee10e02adc3b15a0446e765547b0a508
1,H99gdk4e90cz0zTP,1745163657000,11,1745163657000@PWAH99gdk4e90cz0zTP,3ed6a92aac1ed419eb52742e8154e650949fd6d9261eb0e7dfc286d5898f309b7d28854acc0c0f49c179f2b8cc9f99f1
14,MoRUWfgv82jgPd3T,1745162819000,11,1745162819000@PWAMoRUWfgv82jgPd3T,ede03238e9f7681b2a1cbfb7ce2ed66732cd0b460cb848aa383ea99631c7dad4c0947c31b85704faee7af44c703fc2c4
9,9R04ZA4ZZYUeRcWE,1745180898000,16,1745180898000@PWA9R04ZA4ZZYUeRcWE,895bbb5fce8792f82d419a7b20af8301ba61e5b57f23d1374ad27897be14093e9603c9a459992f3d6cae3b14883afc16
6,Mos7mIoNK4avGvlS,1745192083000,19,1745192083000@PWAMos7mIoNK4avGvlS,fbfafc84a69e05994b65ded8b48d352f9c37792ce07ea1c76489e3070ccef88871d494572ca6197fe737cd393cb78ecd
18,9R04ZA4ZZYUeRcWE,1745174413000,14,1745174413000@PWA9R04ZA4ZZYUeRcWE,240845b4cedf3bd3d52bef2dbe383c044724015be3af0d140b2ff53b7ae12b59eda147326a91dbd6b47210a363847faa
3,Mos7mIoNK4avGvlS,1745173188000,14,1745173188000@PWAMos7mIoNK4avGvlS,982557ca0cee6dfc0d068b3986dd4c01a08fa780e71493928e3b73f4328384bc03c6f17621ef5fbab9f6f46623b4ef6e
20,lWCK205bclZHHIVe,1745138296000,4,1745138296000@PWAlWCK205bclZHHIVe,cf5cf33f6c4fdd69c2dba291769ea00a0bdd0daa2681347673c39f3238feab70e6565abd9e2219752b5aec7e7da69889
16,9R04ZA4ZZYUeRcWE,1745150581000,8,1745150581000@PWA9R04ZA4ZZYUeRcWE,f77af48b8b918974f38da79503bcde5463b3b5af0b214c1f6a992010ad755d71b001a751ce51cf53213f25678cb53add
14,9R04ZA4ZZYUeRcWE,1745144177000,6,1745144177000@PWA9R04ZA4ZZYUeRcWE,4e88d978aee5c31ba5aa8e8ca3b2ae4193dcbc0d7710a18b5e7614232d242a2ebbcb38ca5c12cb5236da26420197c8e7
10,H99gdk4e90cz0zTP,1745159634000,10,1745159634000@PWAH99gdk4e90cz0zTP,66f70bb57cb85c08b0d26d487e093837e6dc3d5daa63010bb95c0eaf2b700c7b3eb7b3ffdae398560ae63956d845071d
3,H99gdk4e90cz0zTP,1745170374000,13,1745170374000@PWAH99gdk4e90cz0zTP,6809cd2ab258779f1fe95c26463afc998b4c4799cac2bb93fbc73f7bc6066b5d21e5fd3c9f06d30a21c139b28e71931d
3,H99gdk4e90cz0zTP,1745159239000,10,1745159239000@PWAH99gdk4e90cz0zTP,7d3daa6044ddc8a8aa36f3bd74955099ee062ddb557a78d5da6f54808b37b5bc99b861f89a91b806daeb61ba3dfabe40
5,Mos7mIoNK4avGvlS,1745167574000,12,1745167574000@PWAMos7mIoNK4avGvlS,59f162add132a9b8d349102cf516aa61089bab8f093e42a9da3c6c53d299a932091da438c62131e39a229b42cd7a9e2d
12,lWCK205bclZHHIVe,1745195434000,20,1745195434000@PWAlWCK205bclZHHIVe,2b31bb584f5c49af58c07f378202539c23f3114cfda546a3d1b2df029a9a0e754fd2c09652a9ef92d7a2780c0285ed78
10,Mos7mIoNK4avGvlS,1745189617000,18,1745189617000@PWAMos7mIoNK4avGvlS,4504f9a8ce50c43b00013065b8ba83edd6fa5cc0b9dc35d558a7dc35c120c11ef3075e2ea4d9fb606dbb8638b90d148b
18,9R04ZA4ZZYUeRcWE,1745174130000,14,1745174130000@PWA9R04ZA4ZZYUeRcWE,dccfc0d37133e70f06f67c58fe62aa3ad43942ce15fc045f1c654faea95a840905caa27eaa8fb42fa79de7d79ed8d987
1,Mos7mIoNK4avGvlS,1745167818000,12,1745167818000@PWAMos7mIoNK4avGvlS,27760d1ffbc79701893be4a46bd40468ab4e1f327caeede7b0c2d92b58e87ffdd489611bc55396f63b91e7856a67ca1d
4,Mos7mIoNK4avGvlS,1745173634000,14,1745173634000@PWAMos7mIoNK4avGvlS,14fd38a2bad1379d45eb23bd2f7ae248110895bf219a6b2d640afb9b28eb80831113ed626afdc46422460876ec4ef8ea
3,Mos7mIoNK4avGvlS,1745149644000,7,1745149644000@PWAMos7mIoNK4avGvlS,98bb0d6572e370d3f2d2a1976abcf74af844beed270022611c29fa238f735648b62fca59e3e3bd17248f7552d6840ade
2,Mos7mIoNK4avGvlS,1745161149000,10,1745161149000@PWAMos7mIoNK4avGvlS,97f2aa26760f5e9892d056c082aebd48d694233538c5baac7bbbff06d2e0b9b63306af45c548fb2aba182cfc0506a34d
20,H99gdk4e90cz0zTP,1745196921000,20,1745196921000@PWAH99gdk4e90cz0zTP,a33829403fba7a39397cecce26d44e10c6afaedcaed56354212cb5234bcab7ae457f93cc5f787a1b2753486d09176fd4
1,Mos7mIoNK4avGvlS,1745162523000,11,1745162523000@PWAMos7mIoNK4avGvlS,41f927e8ae99130af4a1e0a7b3f42e167a62714e1944f1959d36f532b0a31cc067742301bc2ee2638eda72edaacb3ca5
14,MoRUWfgv82jgPd3T,1745163931000,11,1745163931000@PWAMoRUWfgv82jgPd3T,c166dccdcec05a6ed93c78a155f2779de96e90c4b97899e5cd0486db79f1364a8b3e72129d3923ebedf31ed7c60a7a03
20,lWCK205bclZHHIVe,1745138061000,4,1745138061000@PWAlWCK205bclZHHIVe,47b2396cd33fa1b635a448bd06545c7dc51dc21645e4fedc27a5d5eed7b2e7ed5deca69d48b9e9dc1a6b6676c487eb6e
14,Mos7mIoNK4avGvlS,1745184446000,17,1745184446000@PWAMos7mIoNK4avGvlS,d2f3ea07ad152a352df818efed4d6d0463a9bc3318e37cebcfc4784a5c5260664ebe56f9fd9e510378f6fc4e258acea3
3,H99gdk4e90cz0zTP,1745143389000,6,1745143389000@PWAH99gdk4e90cz0zTP,027c3da503e1fc7040e065cb1413b24aea22c680a73bcc15c01bb7bbc27ec17a4a65d98490d7ffc3406e3cde6658797a
3,MoRUWfgv82jgPd3T,1745169388000,13,1745169388000@PWAMoRUWfgv82jgPd3T,76550cd1fbc8277c748ddffe2abd2904b60c70cd1396e8a0eb966cc08e36309bfee8fa1ed776ac35a40b7044bea7fa95
4,Mos7mIoNK4avGvlS,1745173634000,14,1745173634000@PWAMos7mIoNK4avGvlS,14fd38a2bad1379d45eb23bd2f7ae248110895bf219a6b2d640afb9b28eb80831113ed626afdc46422460876ec4ef8ea
15,lWCK205bclZHHIVe,1745158357000,10,1745158357000@PWAlWCK205bclZHHIVe,993b62efdac016f14376b9defe120865b431c2a299f119c454f341d039193f564c002de4da395bda91ade3c981f400d4
14,lWCK205bclZHHIVe,1745154225000,9,1745154225000@PWAlWCK205bclZHHIVe,a6469ba0d6cb1e6e127c893393469e8f854660478d69b89d7d3c22495181734a3a81248804213f4384f6bcce532cf37d
10,9R04ZA4ZZYUeRcWE,1745193035000,19,1745193035000@PWA9R04ZA4ZZYUeRcWE,23c520b8bf115f42b4a5772c9202e96bf411984f36cb50a4dac006683f73106c41cf3b69189774b9fc9ef707e6acf2b4
13,lWCK205bclZHHIVe,1745147471000,7,1745147471000@PWAlWCK205bclZHHIVe,c22d5cd587c3da22c789eb16ac807307156bc56315bfce022bb6c6e487bbc917a59681c9f7f7ec978352f15112472256
7,9R04ZA4ZZYUeRcWE,1745156586000,9,1745156586000@PWA9R04ZA4ZZYUeRcWE,f251df3c4edd8102810f57bec8739e3a248856fa09b2e7d17ffadad1e7c24568989dcd879331262e1eaafca8353f1c47
2,lWCK205bclZHHIVe,1745184057000,17,1745184057000@PWAlWCK205bclZHHIVe,3bc77a557cfb915c18d239eca394375452fb53da7a841fc091fa7c79120a743e89152dbe16b979d0646f9ef9f3294a01
2,H99gdk4e90cz0zTP,1745156136000,9,1745156136000@PWAH99gdk4e90cz0zTP,66d59f69790ca1dfbe14a50cf7df951e994e763f8bc6866eec50d3bcf7bc1aaf6728afbec5b8c68ece5d84af935f15bb
5,H99gdk4e90cz0zTP,1745154008000,9,1745154008000@PWAH99gdk4e90cz0zTP,93438fa8c36daeb650c3aa5d1461bb6224bfefd632eeb79f0addc8d229cc25c35e35293ceb2713fad907bf11b48d48af
4,9R04ZA4ZZYUeRcWE,1745173218000,14,1745173218000@PWA9R04ZA4ZZYUeRcWE,20e9000796a4a4f59bb82aea269182fa4147fa4c8d56b835772da6b368076cef59bc54d2f2b53b61148c6f1ac3ddf0ea
11,9R04ZA4ZZYUeRcWE,1745154257000,9,1745154257000@PWA9R04ZA4ZZYUeRcWE,c19b9bc955d1f504a8ebafb78a291302db701de004b9c701869f63f6f00660507c188c808fecde1de8464a3e8b18f421
9,Mos7mIoNK4avGvlS,1745195847000,20,1745195847000@PWAMos7mIoNK4avGvlS,ae8b524d4c199a7416990161d0de32cf04d1cdaec7bcd8e1c4a0f791a2da44597f8e411f539648b8a162ff6f936785fa
9,H99gdk4e90cz0zTP,1745158243000,10,1745158243000@PWAH99gdk4e90cz0zTP,ce0a2c5f5708b74bd6ea9624983d5dcccd37a202671a47fe9226523016f346e38156da1fc7490765ad348cf231e50459
16,9R04ZA4ZZYUeRcWE,1745150581000,8,1745150581000@PWA9R04ZA4ZZYUeRcWE,f77af48b8b918974f38da79503bcde5463b3b5af0b214c1f6a992010ad755d71b001a751ce51cf53213f25678cb53add
9,Mos7mIoNK4avGvlS,1745177462000,15,1745177462000@PWAMos7mIoNK4avGvlS,91b957c45247aca48264a3bea5152403895d36eb081f6f357f01f7a513ab310598f04f79dae6fb230cccedbf2bbcfcf3
14,MoRUWfgv82jgPd3T,1745183849000,17,1745183849000@PWAMoRUWfgv82jgPd3T,ca12a0f53a42c62d132b667e2a352e69f7ed6e370ca5b07f9f567618968086a79cd13e56738c07a435fb618ae595b0fd
10,lWCK205bclZHHIVe,1745144492000,6,1745144492000@PWAlWCK205bclZHHIVe,0d7ab9031d86a8ebd44a1ed115390e4954cd99528c914d5fc412e9a687b34263ea390593d089f5f367bbfd31bfba3f7c
3,lWCK205bclZHHIVe,1745185893000,17,1745185893000@PWAlWCK205bclZHHIVe,b31788b15091875a6f3188784c817a40f7bc6eb6e4e132e9caf62099dd84b9005d53169916d2b43de8111723fd5f6937
2,9R04ZA4ZZYUeRcWE,1745156487000,9,1745156487000@PWA9R04ZA4ZZYUeRcWE,10bba70b9ec9b90140f4240b170aa4a75a51c30ebd5a647d0e32a9d2a79b85f97b877905045b45419117ae82a4714127
12,9R04ZA4ZZYUeRcWE,1745152362000,8,1745152362000@PWA9R04ZA4ZZYUeRcWE,6a2c0e3f17d60a5a52e37a163060da321f7e97f47801c59cdfe16154eaa0648b924f0b8f0fa92df238f580db9d9aaf2f
10,MoRUWfgv82jgPd3T,1745163444000,11,1745163444000@PWAMoRUWfgv82jgPd3T,55a8e3089ddc7dac703674757a3f77e53308e9b63421a58d8285cbf124ed6afc23c2fc91baaf44c7e510e146214cd541
19,MoRUWfgv82jgPd3T,1745156475000,9,1745156475000@PWAMoRUWfgv82jgPd3T,4f519403280f68260aabc7ec986bb9f210e48bd181dfbd0ba0e6ddbf08e3960e0cc2475d75955a9f9942c45c43d3b33d
15,MoRUWfgv82jgPd3T,1745166724000,12,1745166724000@PWAMoRUWfgv82jgPd3T,f8abc834da7cb8bc74d3c9e7da9a69696e1042aa654c807a7eea0d58de6d923c450eec0186e83aabca55a70a5330678d
15,Mos7mIoNK4avGvlS,1745162490000,11,1745162490000@PWAMos7mIoNK4avGvlS,61c3cb7f81d46b3c9f7f0da8abc5022fba22219ea32a61eca9ffac9ada71d18519359a43e5fcdc019fce0b97b8d265cc
11,Mos7mIoNK4avGvlS,1745167052000,12,1745167052000@PWAMos7mIoNK4avGvlS,524e1082f6ba0b70ae5cf40acc5f0f46fc2b64e2b12287ed1f1a9d4a51c701a4507bbbabbd157e74a0f9f92a71e61253
2,H99gdk4e90cz0zTP,1745144444000,6,1745144444000@PWAH99gdk4e90cz0zTP,0e735a20f17c29a1733031d016cfacfd3a177bafec2989496fe302df246fe0b1e17d68a3478e77e9abb99d211da0381c
5,Mos7mIoNK4avGvlS,1745189167000,18,1745189167000@PWAMos7mIoNK4avGvlS,af7c156350d625e84ebc0f57e9a8ae80050bae99c7699f5ed2653213301e53d78c6a1077a0a281ee16f3b04e89f573e1
18,lWCK205bclZHHIVe,1745177467000,15,1745177467000@PWAlWCK205bclZHHIVe,2cebf186124507a6d7be5db11a3560ddbbab76f4b90774af9c8eafa2bd4738bdfdb25abdc1a43e05d64289201bb4ddf4
5,9R04ZA4ZZYUeRcWE,1745163005000,11,1745163005000@PWA9R04ZA4ZZYUeRcWE,e2361cb85d0c508ed83ffba3ee7df0ec8e7de5e304ce2b84146c9ebd2881dff0124d299406df5b2724ee2ea8bbd72660
18,H99gdk4e90cz0zTP,1745169350000,13,1745169350000@PWAH99gdk4e90cz0zTP,2571dda0aa3bf162593565e6a99bfe5fb2a6776a5ddf10d4e38702dc13833bc4f9ea08906e28647749c45cd9a0d5c04b
14,Mos7mIoNK4avGvlS,1745142946000,5,1745142946000@PWAMos7mIoNK4avGvlS,c348809b0f35f2d60e52870e0299c26c25cbd5e78da330f6e8ba75336f97b291b6153d57c974b4cb78286593ca7d4b92
11,Mos7mIoNK4avGvlS,1745177223000,15,1745177223000@PWAMos7mIoNK4avGvlS,e9c4656803009e4f589d29bb18eb6f72618c993a211ae92c642e0cd0d7d00795117bb1dfcdaca70eb7308d9f393b25a3
17,MoRUWfgv82jgPd3T,1745149796000,7,1745149796000@PWAMoRUWfgv82jgPd3T,1b76b4110cfea925ef074cd987cfb203e6f4133e1b8e7641163d9643c04fae2a221d277a3c95368a740868dce76e4d7c
7,lWCK205bclZHHIVe,1745199659000,21,1745199659000@PWAlWCK205bclZHHIVe,2c1a3d3680292f07110f008dd6a0269df4d98b37bed8a0c0d46c1d3563901e91f29d6cd56ab1c26dae2bb2e2da99b3a3
14,H99gdk4e90cz0zTP,1745150924000,8,1745150924000@PWAH99gdk4e90cz0zTP,d7abc7ec95e89dd8fb2fc08b7e04cf815bc9bbc1d14c5d58c5788633d8fa4ed42938d8ffda9c6ee0452f1e16166228c3
2,Mos7mIoNK4avGvlS,1745161149000,10,1745161149000@PWAMos7mIoNK4avGvlS,97f2aa26760f5e9892d056c082aebd48d694233538c5baac7bbbff06d2e0b9b63306af45c548fb2aba182cfc0506a34d
6,9R04ZA4ZZYUeRcWE,1745188728000,18,1745188728000@PWA9R04ZA4ZZYUeRcWE,2acecd2af64297127fa8150a1d7f740c9bab743c75fb9956e8acea9b9dca95ae13869ad917310399dfa7ef8b15c483e1
13,MoRUWfgv82jgPd3T,1745165522000,12,1745165522000@PWAMoRUWfgv82jgPd3T,286dbd0380a0726a5f9121a06ae02ed8cfea91b69097342c179f9e91d6caf89de4b2f7051f413a5adeafd40e501c108e
6,H99gdk4e90cz0zTP,1745153444000,8,1745153444000@PWAH99gdk4e90cz0zTP,d6438e852b8017e6cbcb7b990436bd2bbbfafcc72a2ad714607dd068a08ef016a8f635a064a5b86aca72203ad423ca7c
11,9R04ZA4ZZYUeRcWE,1745160794000,10,1745160794000@PWA9R04ZA4ZZYUeRcWE,552279950f77a0ca2fd6f39ea63fb431ab5290949985b2452f0ffb2ff782014a978093ff1d5229679fd5c718411a2e64
14,Mos7mIoNK4avGvlS,1745184446000,17,1745184446000@PWAMos7mIoNK4avGvlS,d2f3ea07ad152a352df818efed4d6d0463a9bc3318e37cebcfc4784a5c5260664ebe56f9fd9e510378f6fc4e258acea3
2,9R04ZA4ZZYUeRcWE,1745149455000,7,1745149455000@PWA9R04ZA4ZZYUeRcWE,7000b63ec269650eb2042cc2d4c1327314c258759ff5da362c5e0274c8460608659ea0138138d02a3ce75ae26d07939b
5,H99gdk4e90cz0zTP,1745179254000,16,1745179254000@PWAH99gdk4e90cz0zTP,6f124c067b6ee748ed87a913153f05d22a55fe66b2a0d7d167ee89f25d9793ff547c6d9d0d1840f19beb738f2130150e
9,lWCK205bclZHHIVe,1745175398000,14,1745175398000@PWAlWCK205bclZHHIVe,2368165f346e520428081f95b29c334a3585b31f38e90c5613cc6cc527bf81f9b87f8e7fbf790c42c7b493523b9eedeb
19,MoRUWfgv82jgPd3T,1745156475000,9,1745156475000@PWAMoRUWfgv82jgPd3T,4f519403280f68260aabc7ec986bb9f210e48bd181dfbd0ba0e6ddbf08e3960e0cc2475d75955a9f9942c45c43d3b33d
5,H99gdk4e90cz0zTP,1745159804000,10,1745159804000@PWAH99gdk4e90cz0zTP,9614a30ea6a2e211f28fddeb30603489fdb433b23426fd3a557fa5fd722578396358697980c39b1420a230f37124edcc
8,lWCK205bclZHHIVe,1745158805000,10,1745158805000@PWAlWCK205bclZHHIVe,eff1238732061f137056667ae4023b75c3c6308396d4428e7e90b826d9af8fdfd9912b3607ec9f5a43475d87db4d18d7
2,MoRUWfgv82jgPd3T,1745164962000,12,1745164962000@PWAMoRUWfgv82jgPd3T,6e462ce2102ca9bc393a313cf651d582aafa9954a5365f4bb6f8a226b5da57a9dc1f05163344253b7d3886daa527f4dc
20,9R04ZA4ZZYUeRcWE,1745185296000,17,1745185296000@PWA9R04ZA4ZZYUeRcWE,fb175ab6156f3af3f743d2972f7d06c1aa4cf8c62f44b24158a5f9a7bc886a883843118468760dc1fe4a81badaf02818
7,9R04ZA4ZZYUeRcWE,1745156586000,9,1745156586000@PWA9R04ZA4ZZYUeRcWE,f251df3c4edd8102810f57bec8739e3a248856fa09b2e7d17ffadad1e7c24568989dcd879331262e1eaafca8353f1c47
2,MoRUWfgv82jgPd3T,1745171063000,13,1745171063000@PWAMoRUWfgv82jgPd3T,d4e2c4ed714665a3bdf8436c80a06b654e9432ae6812ef41e8f9246989828d768187ff31a3462af78e702f6c4cc8bc52
10,9R04ZA4ZZYUeRcWE,1745180845000,16,1745180845000@PWA9R04ZA4ZZYUeRcWE,194d12fe99119dba6b00aac43237e5a0f7be0425c2048b5e4135c40e175082f871a4f795028af98fd15d5c40b3e7eb53
1,lWCK205bclZHHIVe,1745150365000,7,1745150365000@PWAlWCK205bclZHHIVe,66ec4abd68364e1bf452affd655ead736b0bbf5244664f926a9bc03de0ba42fb3878e12e32e9ff79be6a5b52d44b6d47
18,lWCK205bclZHHIVe,1745162544000,11,1745162544000@PWAlWCK205bclZHHIVe,1b06b7447f270eef457f5063c533ebbb2c4a2b02a1ee379db4e57999a1bd0d48c565b861c6bc8e8b610815b77ddea459
12,Mos7mIoNK4avGvlS,1745165499000,12,1745165499000@PWAMos7mIoNK4avGvlS,dd83656623ffe107b3e412c6b90ec7dfc8bd8475b352c88931a973b3a571610f793f2f0f8d133897d72ac91b716b766c
11,H99gdk4e90cz0zTP,1745181134000,16,1745181134000@PWAH99gdk4e90cz0zTP,db8748164968ff53986c87601baf0fd58a74a23f8afd5864b56305f99e47f540a52cc201e873c0e68a55df7670a02fac
12,9R04ZA4ZZYUeRcWE,1745147652000,7,1745147652000@PWA9R04ZA4ZZYUeRcWE,766dc85a4b7749493b48989012515ccced629377910c15107a22f45c83415fa0d747f4796fbad7596cdd7252b7c3a23b
19,MoRUWfgv82jgPd3T,1745177886000,15,1745177886000@PWAMoRUWfgv82jgPd3T,68d48c07feb4e426730a3454366718a685c9eba9f8568046ef9b927a4ad308873a411a6d48a4eda16a2af37e8f0f6bb0
6,Mos7mIoNK4avGvlS,1745154884000,9,1745154884000@PWAMos7mIoNK4avGvlS,ee0a10df7729d077949b711ea46874f5acc899c71f3501aa042c1fd308d6ecf10f0d53fa6480d60c930a46a89d79c044
7,MoRUWfgv82jgPd3T,1745161030000,10,1745161030000@PWAMoRUWfgv82jgPd3T,5caa355c3f6aca0a4a5759d130ee51b9cc2d1964c916b65982dbc20ad06ac6ec6f979bacdd3ccf1bf364290abbeb5093
20,9R04ZA4ZZYUeRcWE,1745177651000,15,1745177651000@PWA9R04ZA4ZZYUeRcWE,025896e2ca5d3e94e8ed2ec7bc1a944d7de98f45484517ead4b7f4d030a9fe3c90414dfbe0cb16c86d8ce2d4f21cfd4c
4,MoRUWfgv82jgPd3T,1745169304000,13,1745169304000@PWAMoRUWfgv82jgPd3T,afc3b5d2ab33e6d3e8182a7a887d86474b4f8135b434285fc60ede0334561efff5ed744e69abb0c961dac0324490ee98
3,Mos7mIoNK4avGvlS,1745149644000,7,1745149644000@PWAMos7mIoNK4avGvlS,98bb0d6572e370d3f2d2a1976abcf74af844beed270022611c29fa238f735648b62fca59e3e3bd17248f7552d6840ade
7,H99gdk4e90cz0zTP,1745161215000,11,1745161215000@PWAH99gdk4e90cz0zTP,a8aa7df2518db7a6d6352e86cd67d9405fcf172e50061ce00fb7671329f09d2ec63d3ff4fc3d5057b7c8ae971259e4e7
7,Mos7mIoNK4avGvlS,1745183595000,17,1745183595000@PWAMos7mIoNK4avGvlS,82565f3757b45ddf508a28a1f8bed11f78b8072c44134aadb58b518ffdafcf88c08339af989e3d49482903927c12ba65
12,9R04ZA4ZZYUeRcWE,1745170420000,13,1745170420000@PWA9R04ZA4ZZYUeRcWE,e334fe5b0e1e6988a326d472b958c169e90355af58bb3f55861d5cc867a3dc711304aa5be8a5839a65511786583143f8
20,9R04ZA4ZZYUeRcWE,1745150058000,7,1745150058000@PWA9R04ZA4ZZYUeRcWE,664b2531f9cbab9032e043c0fd998317fb8f9a8e4eab23273f75873cc6afb386ffd6f1ebd20ab56724fa06956f5183dd
14,H99gdk4e90cz0zTP,1745174386000,14,1745174386000@PWAH99gdk4e90cz0zTP,62094facb4ce771700d3b4b343e646b0669e6d493ca9308752422eee6ffe31ee58cd27ed186876ea2802c5f147198336
13,9R04ZA4ZZYUeRcWE,1745162179000,11,1745162179000@PWA9R04ZA4ZZYUeRcWE,5220f44fbcc8bb040cfb60b13ae1e054dc06d0163309c4e43974a77b6a8af2f27cb43e016730f8309bdddcce7f4671db
2,MoRUWfgv82jgPd3T,1745171063000,13,1745171063000@PWAMoRUWfgv82jgPd3T,d4e2c4ed714665a3bdf8436c80a06b654e9432ae6812ef41e8f9246989828d768187ff31a3462af78e702f6c4cc8bc52
17,MoRUWfgv82jgPd3T,1745189847000,18,1745189847000@PWAMoRUWfgv82jgPd3T,23a3602c0ddedad690268477ffa95236c630273717e670f45bb53dd5e3d417f453c14b0b585ea8a3988fab792ef70907
11,9R04ZA4ZZYUeRcWE,1745161489000,11,1745161489000@PWA9R04ZA4ZZYUeRcWE,73083cc95cf9074039d1b23d1e8da98fcad5ae5fd8b4aa19981bc2b149043e7462107d1c97501c14c524b38b0236a147
7,9R04ZA4ZZYUeRcWE,1745171022000,13,1745171022000@PWA9R04ZA4ZZYUeRcWE,632a9b1169a87e86299ae0ab15ea34d36f17983936d364a1562a55b862cfaa90d8d6a0f8c4cdccabfdd0931af9b37e2c
8,Mos7mIoNK4avGvlS,1745171313000,13,1745171313000@PWAMos7mIoNK4avGvlS,3d50ea64863afefc29121c9b8f009a6f2a3971d56a17ac8ed3a5a272bc161148882e771837b7e5ecc92bbe3e23aba90f
7,9R04ZA4ZZYUeRcWE,1745180765000,16,1745180765000@PWA9R04ZA4ZZYUeRcWE,18d9fa8b32e98ca0640d763ab3212df39512608383e94df965c90a0f0bb4a57f41b1f19588c22fd099a27ff9239c63c6
1,lWCK205bclZHHIVe,1745169828000,13,1745169828000@PWAlWCK205bclZHHIVe,226395d3d3efdc19cb0d492e2bd3e163e5a39b5ea5a322cc61d99c8d713d3efec3c8c8e6a5524ff2770272e98c97c8c8
3,MoRUWfgv82jgPd3T,1745192813000,19,1745192813000@PWAMoRUWfgv82jgPd3T,badfc000811ca6d765cabd2e6c721976527a49d3518650a8dfbd652d0b331067b467e8e24ebbffa712ab2a6f645d44eb
8,9R04ZA4ZZYUeRcWE,1745188693000,18,1745188693000@PWA9R04ZA4ZZYUeRcWE,8448703e2e20152e61041083a5cab8626537f7b14bb351b1988b43ed5c91148959845c1f3abe2b733da902c0d3d0e9f3
14,Mos7mIoNK4avGvlS,1745142946000,5,1745142946000@PWAMos7mIoNK4avGvlS,c348809b0f35f2d60e52870e0299c26c25cbd5e78da330f6e8ba75336f97b291b6153d57c974b4cb78286593ca7d4b92
6,MoRUWfgv82jgPd3T,1745152811000,8,1745152811000@PWAMoRUWfgv82jgPd3T,3ef1be939ce7f33235f027647625ba5b260a9301fa83347aaf2e2c0fcb1a61666798d2c775752a421412c721363ec46e
16,H99gdk4e90cz0zTP,1745176359000,15,1745176359000@PWAH99gdk4e90cz0zTP,99ac2511770caa007c9a823e8686ef9160f58631862ba3a3ea8fc1cf71de8f386d9c467208a71bb5b0b9b8b025d97a61
9,lWCK205bclZHHIVe,1745175398000,14,1745175398000@PWAlWCK205bclZHHIVe,2368165f346e520428081f95b29c334a3585b31f38e90c5613cc6cc527bf81f9b87f8e7fbf790c42c7b493523b9eedeb
3,H99gdk4e90cz0zTP,1745178098000,15,1745178098000@PWAH99gdk4e90cz0zTP,5529235da4cb61abba251a5d2078e6cdbc69acdf6e06bd4f441d2da7d78bd9365b08babb47b1a3fdc8ba1d240d65d7eb
12,lWCK205bclZHHIVe,1745142487000,5,1745142487000@PWAlWCK205bclZHHIVe,02c1e814cbb6218f413b398bf8360a045b3d865cfdf4e755d2a9a155c253d2688e27ad8ea6fc6474b6290faebe12a22b
11,H99gdk4e90cz0zTP,1745191354000,19,1745191354000@PWAH99gdk4e90cz0zTP,d93c7b6ce964328f407a841b583dea1f0ffc7239b826f1490a68ca62a5a7adb079898ef22041d8e05d5be99e2a549cc8
8,MoRUWfgv82jgPd3T,1745184505000,17,1745184505000@PWAMoRUWfgv82jgPd3T,2d4d096ec6acb4ba1d136a58dd632c528b6cadc289d646ee7551d604cadca0e14e1ae5bd0f1189812fbdc372ea2d93e6
14,9R04ZA4ZZYUeRcWE,1745142667000,5,1745142667000@PWA9R04ZA4ZZYUeRcWE,bafe1e299256518ed7197feb69ca93a6d44f70289b21bf8ac44be26e6584db21a182b646c106d5afe17ca756b6fc5edb
12,9R04ZA4ZZYUeRcWE,1745152362000,8,1745152362000@PWA9R04ZA4ZZYUeRcWE,6a2c0e3f17d60a5a52e37a163060da321f7e97f47801c59cdfe16154eaa0648b924f0b8f0fa92df238f580db9d9aaf2f
13,9R04ZA4ZZYUeRcWE,1745188690000,18,1745188690000@PWA9R04ZA4ZZYUeRcWE,ce3ea8a5f76df763d370fa9b7715dc0638a01531ff2e5ac3023d4a6a3028c612e96cab4cb688680b1a5cce182ec8b979
2,9R04ZA4ZZYUeRcWE,1745168220000,12,1745168220000@PWA9R04ZA4ZZYUeRcWE,cc1f87f67894f8dc81658864e6ce418476fcbc7f58831c9f7cf415602ec304a9d70bba72e8f254b8474e647adc65e28e
11,MoRUWfgv82jgPd3T,1745178221000,15,1745178221000@PWAMoRUWfgv82jgPd3T,bec99de22acb6b74a4c75c8d0f4d3a6aea84bac29f7f0f83268b9361e003a8d2c2ec12df69506998a7aedfc24a58e1c9
4,9R04ZA4ZZYUeRcWE,1745150263000,7,1745150263000@PWA9R04ZA4ZZYUeRcWE,20de8a90e4ae82ad864267fe12ce9482cbef879d4c2345b01dba823236e277a3b75566c37c5854331fc9dc31676cc497
7,H99gdk4e90cz0zTP,1745186147000,17,1745186147000@PWAH99gdk4e90cz0zTP,9c51e1641b708b343a5c8ab44a0c99c5a94c968bdc7ff02585cb36ea7b27bc119bbe78b02279ab863537fc47f750d501
14,MoRUWfgv82jgPd3T,1745162819000,11,1745162819000@PWAMoRUWfgv82jgPd3T,ede03238e9f7681b2a1cbfb7ce2ed66732cd0b460cb848aa383ea99631c7dad4c0947c31b85704faee7af44c703fc2c4
1,9R04ZA4ZZYUeRcWE,1745192830000,19,1745192830000@PWA9R04ZA4ZZYUeRcWE,5e06b8c6f6dcbabae9840bfbc30d4ba3b4c3558ebbbd56893cec9b3f3ca7d93f4153c21ce6fd64fd11b6590662945756
5,9R04ZA4ZZYUeRcWE,1745161782000,11,1745161782000@PWA9R04ZA4ZZYUeRcWE,65ec73aa765c7e55a95ee18ff63fc2c10c41f0e390b048ec36685bc4be473451e4326151733f351eb8beadf8dca898bd
17,9R04ZA4ZZYUeRcWE,1745174928000,14,1745174928000@PWA9R04ZA4ZZYUeRcWE,eb7afb81dde278028f27dc3b9f1d47d423cd1bbf228b80436e88968d6a432ec1750d0777348a97427f0d31f58791efc4
4,9R04ZA4ZZYUeRcWE,1745149589000,7,1745149589000@PWA9R04ZA4ZZYUeRcWE,8ae4b2a844c823459c546268704e8f42ae07e1b165c6ccc916e6831d1e34a6d15d1b56a0c8eeaad7e84a932b37f2e08e
16,H99gdk4e90cz0zTP,1745172124000,14,1745172124000@PWAH99gdk4e90cz0zTP,e16488f12af7ea9b01d3b9e12455dfce81867511d2373f2d97159163988b8ae840abdfbd05bb3ee2db48a3cb18dad9f8
5,MoRUWfgv82jgPd3T,1745188930000,18,1745188930000@PWAMoRUWfgv82jgPd3T,f3bdfd4232f2a37ab4a10d93ef7fbc89c1de2ec5e545343870d4689bb7935c91580a04f2ba0f3ee72477a7d3ea936b7d
5,H99gdk4e90cz0zTP,1745164792000,11,1745164792000@PWAH99gdk4e90cz0zTP,8c7c0fa29ae4695ab849d272f57547bd782b29457bebb0b8e85f179440101df4c7c8c8066866f8a2d0627f6516ebfa5d
7,MoRUWfgv82jgPd3T,1745161030000,10,1745161030000@PWAMoRUWfgv82jgPd3T,5caa355c3f6aca0a4a5759d130ee51b9cc2d1964c916b65982dbc20ad06ac6ec6f979bacdd3ccf1bf364290abbeb5093
16,MoRUWfgv82jgPd3T,1745170834000,13,1745170834000@PWAMoRUWfgv82jgPd3T,2bd0b9d8dc1900fdcc2e4d8e0671b6ec4fafe0ed1decc7994c5ecef4ff727fd423c179550bab4829f0e2cd53f93589bc
10,lWCK205bclZHHIVe,1745155278000,9,1745155278000@PWAlWCK205bclZHHIVe,43fbb087f6d89cd2b714b6d964ae53dcf19dcf2332f856ee3f83efd1fefd86cba1d5d74e52e5c95415d2559a0bad9b66
14,9R04ZA4ZZYUeRcWE,1745158028000,10,1745158028000@PWA9R04ZA4ZZYUeRcWE,37ab8e7077d0ae26146b024ced7403c00cb55c9624039cdd6ba39ddaa55f04ab341c581daa8879e3a2a2b051e7784201
12,MoRUWfgv82jgPd3T,1745179264000,16,1745179264000@PWAMoRUWfgv82jgPd3T,9bce13aa9547304ef81751826e22c0c3d5af9b7e1e438589e87e5c03e8113cf3e6b81539469941980fa9dd157d4fe633
5,9R04ZA4ZZYUeRcWE,1745161782000,11,1745161782000@PWA9R04ZA4ZZYUeRcWE,65ec73aa765c7e55a95ee18ff63fc2c10c41f0e390b048ec36685bc4be473451e4326151733f351eb8beadf8dca898bd
15,H99gdk4e90cz0zTP,1745187881000,18,1745187881000@PWAH99gdk4e90cz0zTP,06ac61f412cbf1c139afe28ca280054cc056d932b2757de36fad4ae6645267901c8c2cb8961c6b30f3e56fb45d0b3362
7,Mos7mIoNK4avGvlS,1745162630000,11,1745162630000@PWAMos7mIoNK4avGvlS,2e50825caf1b647cc446382eb1724235db018165baf3e8c6d0e56168613d85bd14990f42ffd23fa886cf63fc29c7ad50
2,Mos7mIoNK4avGvlS,1745173783000,14,1745173783000@PWAMos7mIoNK4avGvlS,cbe25efe3249d773d1b022fac7a8a3730bcb0d1a761b47f95b471117cb02a42eb349c33d5cbdd8a1c0a4b361810e4f2b
7,9R04ZA4ZZYUeRcWE,1745172296000,14,1745172296000@PWA9R04ZA4ZZYUeRcWE,1afec67426e819abf86e7dc7a4ece9a9beb6c18394585d06aa3fe6274473fb080b210aacae810af01eab0d1f93594477
20,H99gdk4e90cz0zTP,1745196921000,20,1745196921000@PWAH99gdk4e90cz0zTP,a33829403fba7a39397cecce26d44e10c6afaedcaed56354212cb5234bcab7ae457f93cc5f787a1b2753486d09176fd4
18,Mos7mIoNK4avGvlS,1745189165000,18,1745189165000@PWAMos7mIoNK4avGvlS,ef0a8b2a0a6cfd229621ac4bc9498fa69fb4595352a1e8380442b087877d92accba1bc0bcd9ae97019c01bd8d7b66b04
13,Mos7mIoNK4avGvlS,1745159246000,10,1745159246000@PWAMos7mIoNK4avGvlS,f8ed19955c638ce9e7a910dca24e6496f64ff601958d7c44cf8d300a8a8139251355313058f2da8544e54ecc2ee96ad2
2,9R04ZA4ZZYUeRcWE,1745174638000,14,1745174638000@PWA9R04ZA4ZZYUeRcWE,87426b944cfd5e30f4d9de0c118b48f409a981f167a3b5e598d1c7edf84ba9a2d553c555239a4b5d0b884c55f8eebfb7
7,lWCK205bclZHHIVe,1745144555000,6,1745144555000@PWAlWCK205bclZHHIVe,9a8222a4056e7a09e713f2736ffc1fa224eb9cbf6887e7caf1d2da5da463aea8be8784adcabfb92494a898927eb8090c
12,9R04ZA4ZZYUeRcWE,1745176925000,15,1745176925000@PWA9R04ZA4ZZYUeRcWE,7d1aa51ac3ea04dcc5846305a646de2d23d648410d2e3e7a1a1ac3151a7c55276eed7ed2f17a7fe5455bb32e1d9864f5
1,Mos7mIoNK4avGvlS,1745167449000,12,1745167449000@PWAMos7mIoNK4avGvlS,da870fdc814b186ccb3382e2d9c38051fd8a13a046a47676fd14066418982912f61d2c83b6b7e90f4b6ba9a9a36e74f8
10,Mos7mIoNK4avGvlS,1745175472000,14,1745175472000@PWAMos7mIoNK4avGvlS,c0943f70d1b92400c02022fd0642bd56289e805cc1f8210f0583e36c8782ca4145cb892e8cb16452efd5836f3dc5de2e
12,lWCK205bclZHHIVe,1745185470000,17,1745185470000@PWAlWCK205bclZHHIVe,346253592eb23d9750171aa053fe0428891807b3400a267c2203e9621c4e1e7abb0826fcda5a1cb62103f24d9bbb2ff6
17,lWCK205bclZHHIVe,1745154325000,9,1745154325000@PWAlWCK205bclZHHIVe,55366225509310972e59e85a4045817867971ec69fa5a1523b01a7c09bb1349c6b48c93222e5a8b45cfc757079a2842a
8,H99gdk4e90cz0zTP,1745206895000,23,1745206895000@PWAH99gdk4e90cz0zTP,abeaad2f6ef73a46d946872408ed6465369d46686cd5799ea71c20c7b3cb8d34e9f8ae105d1a12c6dc910d97ee233537
15,9R04ZA4ZZYUeRcWE,1745157305000,9,1745157305000@PWA9R04ZA4ZZYUeRcWE,107e8c2d44878bd7cefd403ed9e41cf77a790491e6b437120051502190e442a552359f610fba594ada1425c16e34d65a
16,lWCK205bclZHHIVe,1745160744000,10,1745160744000@PWAlWCK205bclZHHIVe,d01093f5734b57f686cb2a2e2574be4396c7b7e64e7ac34e9bfb6eacf76b7995076537462a2c4166e9a1bb287fbf78b8
17,lWCK205bclZHHIVe,1745154325000,9,1745154325000@PWAlWCK205bclZHHIVe,55366225509310972e59e85a4045817867971ec69fa5a1523b01a7c09bb1349c6b48c93222e5a8b45cfc757079a2842a
9,Mos7mIoNK4avGvlS,1745170771000,13,1745170771000@PWAMos7mIoNK4avGvlS,90d9d5861dff591d718228db2a077923f46ebce7793a46c7032c8ab9e82c72b6cd576289afcff3e132330763c09d1182
5,Mos7mIoNK4avGvlS,1745189167000,18,1745189167000@PWAMos7mIoNK4avGvlS,af7c156350d625e84ebc0f57e9a8ae80050bae99c7699f5ed2653213301e53d78c6a1077a0a281ee16f3b04e89f573e1
15,MoRUWfgv82jgPd3T,1745157553000,9,1745157553000@PWAMoRUWfgv82jgPd3T,1a88bfa165eab82daad8b4f3df1bda8cccd73aa5fd90d564cd8d6a0227890590fc8b04bde975b14a987da17ad903170a
10,Mos7mIoNK4avGvlS,1745174099000,14,1745174099000@PWAMos7mIoNK4avGvlS,a66fe4dbe39f90dbe9b73ba3da94a33a3e8a771ee7dc4b88564cc3c141bfdc5221a154a0c92580ebe5e8a6d1b111784c
15,lWCK205bclZHHIVe,1745149545000,7,1745149545000@PWAlWCK205bclZHHIVe,42ae4db4de90df858952273cf57f813f0cbc33d7a7e98e7afa5049ec9eb9ed21ad76fe1d30a2a62152a46a2b34d6a5d5
10,MoRUWfgv82jgPd3T,1745152966000,8,1745152966000@PWAMoRUWfgv82jgPd3T,350ee42f49abcba0b7fa5dd486c25dac2b1bc9b09f2d79c3fa2f2079e472941f24ab9396683eababe5c797a224760090
7,MoRUWfgv82jgPd3T,1745160677000,10,1745160677000@PWAMoRUWfgv82jgPd3T,370c6f48a755a9866167a1496c9bb05a004a7f105f658fec1bfe798d79b0fcd71c23218136945adb24b939cec1c6f40e
5,lWCK205bclZHHIVe,1745175871000,15,1745175871000@PWAlWCK205bclZHHIVe,b48dd95306b65f13235907dbe4798bbdb68792714a2d6c9470cac54b23e527c8b309594f91e9a47a0ea6bff862c860bf
10,MoRUWfgv82jgPd3T,1745193908000,20,1745193908000@PWAMoRUWfgv82jgPd3T,a074b2394799f375e7066be4b8f55a9d6611a2c92896462f939e0cc394dd2a194a6ca4d9141a139228f7e2e4c18bccfe
14,9R04ZA4ZZYUeRcWE,1745175186000,14,1745175186000@PWA9R04ZA4ZZYUeRcWE,b550ebc4c95f1981a8c6d9e72a701747d33a72b77f29ac0229541c0168baa576f0a317c9131cf9a4b962e7857bfa2cfd
16,Mos7mIoNK4avGvlS,1745149954000,7,1745149954000@PWAMos7mIoNK4avGvlS,f3d6f68f564491fe5b946090bb835cbcac5c2b77e3a89fc1e72d2c752af82745a513d7007c494941cac41519a50bc228
8,Mos7mIoNK4avGvlS,1745169727000,13,1745169727000@PWAMos7mIoNK4avGvlS,725dcfcea9f7993e7e31dcafecd2a455892930db224528715a8125c8514a3d4f6214391debfc3dd159ef7437ea84609d
8,Mos7mIoNK4avGvlS,1745177879000,15,1745177879000@PWAMos7mIoNK4avGvlS,6831076868cb93fb7b9427380b027d2c676d6b047f84cf2201a434f67309aa26717e49dfea664c5ae4abde1365a3d073
17,9R04ZA4ZZYUeRcWE,1745168555000,13,1745168555000@PWA9R04ZA4ZZYUeRcWE,3036b8fd6bf5be9e0c3a107aa3c2c2a1f779eef0774973774af702edba159a63736cdd9643642a57f82d0be72cb87e16
16,MoRUWfgv82jgPd3T,1745160410000,10,1745160410000@PWAMoRUWfgv82jgPd3T,9256c817de91cedb5d020ef1770e8b1fea0c0fd1dcc5e8c9cc7ac7cfba7a1d0265d6bc51b7ab4885de86fe2c2f5aa5a2
20,MoRUWfgv82jgPd3T,1745123081000,0,1745123081000@PWAMoRUWfgv82jgPd3T,7c55dcb3ae2514fe19dfb3a85a73f4af3305f061e8db29be391f8a73c8c9fd2e6589a56968ea6ef48a6c44e424d0e0a7
3,9R04ZA4ZZYUeRcWE,1745158576000,10,1745158576000@PWA9R04ZA4ZZYUeRcWE,11caa20634e192eb0b64394a7d89bcc60954fc17a5fb600117ae60c7cf9ee8ae6896c262addd6555bd397b3cab038c78
16,9R04ZA4ZZYUeRcWE,1745168376000,12,1745168376000@PWA9R04ZA4ZZYUeRcWE,61067af05255891652fae77e826885afb72c3a0aae475c55f1e17193d11213dd4eb9687d5f21580cc00666b7e2a034b4
11,lWCK205bclZHHIVe,1745174107000,14,1745174107000@PWAlWCK205bclZHHIVe,c570f4950fa05ca2022a38651eb5b1459dc73534e60fb885c0dea0e98ac2a5e67d64adc9776ef7d2dbe609e91a5a0b40
16,Mos7mIoNK4avGvlS,1745149559000,7,1745149559000@PWAMos7mIoNK4avGvlS,70e64d5dba6b5e5a28744bb10eaa2749424b34c2eb1757ead37ee9f54bedc8c0ab47054435a9784ab6922d980760c479
12,MoRUWfgv82jgPd3T,1745167651000,12,1745167651000@PWAMoRUWfgv82jgPd3T,39851f81d9231733b86e8a2eb73b9b4f768a12e2990217f036d633be8e7166c61bda1a4ccd11aeb15b01abbfe5a95f9f
10,H99gdk4e90cz0zTP,1745180314000,16,1745180314000@PWAH99gdk4e90cz0zTP,346764f23c9f30fdbe833fdf4537b21ede0478e51e46e2bd48d8bab432e4a0056c9e70944e13a3ae8d64013513070a35
3,9R04ZA4ZZYUeRcWE,1745163093000,11,1745163093000@PWA9R04ZA4ZZYUeRcWE,d1780edde1e3f5be6c615ddf70a3f3f84859450086eae459678b45b09ff7689b6bcc8dea881a47675aa49f98aa516cf5
18,lWCK205bclZHHIVe,1745183776000,17,1745183776000@PWAlWCK205bclZHHIVe,3091ceacfdb15a8c1a62730e223257dcd8083b3f4d23f8e2d3826ee5f8e1a3a93874738d60a2c3841f78c1c652d14fd1
10,9R04ZA4ZZYUeRcWE,1745180845000,16,1745180845000@PWA9R04ZA4ZZYUeRcWE,194d12fe99119dba6b00aac43237e5a0f7be0425c2048b5e4135c40e175082f871a4f795028af98fd15d5c40b3e7eb53
5,9R04ZA4ZZYUeRcWE,1745197371000,21,1745197371000@PWA9R04ZA4ZZYUeRcWE,01f4cc5a1b687c0cf32249b5ad9241cc932110ac9c4d881b4794e24450e5d068b0339448f0eee94c41269f41b3a4abcc
18,Mos7mIoNK4avGvlS,1745189165000,18,1745189165000@PWAMos7mIoNK4avGvlS,ef0a8b2a0a6cfd229621ac4bc9498fa69fb4595352a1e8380442b087877d92accba1bc0bcd9ae97019c01bd8d7b66b04
1,9R04ZA4ZZYUeRcWE,1745192871000,19,1745192871000@PWA9R04ZA4ZZYUeRcWE,2c9df4602c2d09e2e78b4ba5cb7ed688ca3e620e3624581c266c8a70b265037bdb336be929ba7699ed0671440717d95d
1,Mos7mIoNK4avGvlS,1745162523000,11,1745162523000@PWAMos7mIoNK4avGvlS,41f927e8ae99130af4a1e0a7b3f42e167a62714e1944f1959d36f532b0a31cc067742301bc2ee2638eda72edaacb3ca5
15,Mos7mIoNK4avGvlS,1745176953000,15,1745176953000@PWAMos7mIoNK4avGvlS,f7a11fbc2795c42b2e09eb8bee5e1666663d9d707e6a92354149d937b67727ffb2cdbd21992412c96377d9db8937af31
19,9R04ZA4ZZYUeRcWE,1745151670000,8,1745151670000@PWA9R04ZA4ZZYUeRcWE,62bf21d7b167819e7bf38baa5d0c44d0964e929ee5ed9ea4ff3bfabfa9b3d8a0f9e4e2d06fa6c21d61e3a0497eaf682d
16,9R04ZA4ZZYUeRcWE,1745171382000,13,1745171382000@PWA9R04ZA4ZZYUeRcWE,7faf12974d5a8e6709927916f5f766d70d98bc45bec7180b831cce0f6e42989f816c06a2f52124d05c888284c44cb691
10,lWCK205bclZHHIVe,1745147608000,7,1745147608000@PWAlWCK205bclZHHIVe,81965b9cdaaf88c7b43c31648eb7f78b7d6f7c69e679e69e98b4e2e659925d19c5e5fe4656111e13e359a09ffc8343f9
15,H99gdk4e90cz0zTP,1745157728000,10,1745157728000@PWAH99gdk4e90cz0zTP,01da9598ae919afda8c014bc8434c703815d0d9f124ed4a5ae70e5b4be54e20b9bdc32a87a575e651b55f08f9563fbd9
6,Mos7mIoNK4avGvlS,1745154884000,9,1745154884000@PWAMos7mIoNK4avGvlS,ee0a10df7729d077949b711ea46874f5acc899c71f3501aa042c1fd308d6ecf10f0d53fa6480d60c930a46a89d79c044
16,lWCK205bclZHHIVe,1745186786000,18,1745186786000@PWAlWCK205bclZHHIVe,3f3134eada27b1865969974372897661595f459de61892cbe16aafb83b334d347f28f6f1bc5526e5f5c3579b41d3374c
14,lWCK205bclZHHIVe,1745192194000,19,1745192194000@PWAlWCK205bclZHHIVe,ee4c8b1cf989d571114c18553232bf36605ba8e4e197854f5cc11da9147c83f49d83a5dfdaaa2d4e98ef0272e1f63e82
20,9R04ZA4ZZYUeRcWE,1745177651000,15,1745177651000@PWA9R04ZA4ZZYUeRcWE,025896e2ca5d3e94e8ed2ec7bc1a944d7de98f45484517ead4b7f4d030a9fe3c90414dfbe0cb16c86d8ce2d4f21cfd4c
11,MoRUWfgv82jgPd3T,1745175558000,14,1745175558000@PWAMoRUWfgv82jgPd3T,4392dcad06b11daf2379d57ca4379014e291f637418b7cf05871ae6c85abf3059ec428ee40979d083cec98dce4a4f89e
11,Mos7mIoNK4avGvlS,1745162430000,11,1745162430000@PWAMos7mIoNK4avGvlS,912f68a690e2d988e0ecc100a65461268a7d4e0d1dfd14b18f74345d6a9013717c8a174c24b0842f47e0011651a04e1a
2,H99gdk4e90cz0zTP,1745147193000,7,1745147193000@PWAH99gdk4e90cz0zTP,e083e6f7133aeb12eb2ca8f73f6fbc787d898f6d414350506e5ed47265ee89fba0d6ef1c231314cfc5847082d00b784e
11,MoRUWfgv82jgPd3T,1745187742000,18,1745187742000@PWAMoRUWfgv82jgPd3T,60fde6544b2c3a9a736a86748a9435298c74331782656c40a702e70df2431da1a0cd9dedbab3aaea3fe7808ab8a0ca11
4,H99gdk4e90cz0zTP,1745190619000,19,1745190619000@PWAH99gdk4e90cz0zTP,9711923a5235159c5c5ff09828152f0767cca47d6cfd402c8b82a0204bcb60faea35cd05f436aea2a2a06fb0c8e1eb00
16,MoRUWfgv82jgPd3T,1745160410000,10,1745160410000@PWAMoRUWfgv82jgPd3T,9256c817de91cedb5d020ef1770e8b1fea0c0fd1dcc5e8c9cc7ac7cfba7a1d0265d6bc51b7ab4885de86fe2c2f5aa5a2
15,H99gdk4e90cz0zTP,1745157728000,10,1745157728000@PWAH99gdk4e90cz0zTP,01da9598ae919afda8c014bc8434c703815d0d9f124ed4a5ae70e5b4be54e20b9bdc32a87a575e651b55f08f9563fbd9
10,H99gdk4e90cz0zTP,1745180314000,16,1745180314000@PWAH99gdk4e90cz0zTP,346764f23c9f30fdbe833fdf4537b21ede0478e51e46e2bd48d8bab432e4a0056c9e70944e13a3ae8d64013513070a35
7,9R04ZA4ZZYUeRcWE,1745171022000,13,1745171022000@PWA9R04ZA4ZZYUeRcWE,632a9b1169a87e86299ae0ab15ea34d36f17983936d364a1562a55b862cfaa90d8d6a0f8c4cdccabfdd0931af9b37e2c
5,lWCK205bclZHHIVe,1745175871000,15,1745175871000@PWAlWCK205bclZHHIVe,b48dd95306b65f13235907dbe4798bbdb68792714a2d6c9470cac54b23e527c8b309594f91e9a47a0ea6bff862c860bf
4,lWCK205bclZHHIVe,1745124345000,0,1745124345000@PWAlWCK205bclZHHIVe,5d899f67bca8465a47fd28b30e1df57fe9aaf213d4bad3dee03903464fef7731127fe0eaf238e12c2c35e49a1756f6ac
11,MoRUWfgv82jgPd3T,1745167497000,12,1745167497000@PWAMoRUWfgv82jgPd3T,66f45c5efad8eec38a274d8364c1b035f8bf721f07da611af1bf8e7928541b34d89cfc86f166f09a45c8ecb57a452af9
13,Mos7mIoNK4avGvlS,1745159711000,10,1745159711000@PWAMos7mIoNK4avGvlS,d916267517adc1943dd9e481adc45ed41ca637a72723894a00c06521a45c28e31fbaf4bf555c08aa12dece71f17564e1
12,lWCK205bclZHHIVe,1745195434000,20,1745195434000@PWAlWCK205bclZHHIVe,2b31bb584f5c49af58c07f378202539c23f3114cfda546a3d1b2df029a9a0e754fd2c09652a9ef92d7a2780c0285ed78
16,lWCK205bclZHHIVe,1745169610000,13,1745169610000@PWAlWCK205bclZHHIVe,74e0e47529dafd04f493b4e9f1d1341073d165e823a4214031e49fa9c0348a22430c956bfb1058a38b05bd2d9d3cb691
11,Mos7mIoNK4avGvlS,1745154115000,9,1745154115000@PWAMos7mIoNK4avGvlS,cc4df2f545ee2e8eb968de224e36988775ffabd07f63b569b4c4ebd7a888c4c5ca945af7a4bcffba7e3323c687ed0340
12,Mos7mIoNK4avGvlS,1745165499000,12,1745165499000@PWAMos7mIoNK4avGvlS,dd83656623ffe107b3e412c6b90ec7dfc8bd8475b352c88931a973b3a571610f793f2f0f8d133897d72ac91b716b766c
7,9R04ZA4ZZYUeRcWE,1745195476000,20,1745195476000@PWA9R04ZA4ZZYUeRcWE,6a046bd30397037b98fd427ac9a502dbbdd176db66cafbd437675007fd7ae5ab39019e8dc88b642687bafb69b40f448d
8,H99gdk4e90cz0zTP,1745158735000,10,1745158735000@PWAH99gdk4e90cz0zTP,8e9fe0136fbf4e73aefd0364e5920b47356b9f6f3d3c041a61f2fe52f32bc1ac84f9987b7bbc42639a729cc13ae63607
17,H99gdk4e90cz0zTP,1745145552000,6,1745145552000@PWAH99gdk4e90cz0zTP,a9f845c87ad7e95061ac252adfdfac265e096e7ff8e4d51bfc748d641d145c2e4ede625976acdc1f9ce6782a259079af
6,Mos7mIoNK4avGvlS,1745182889000,17,1745182889000@PWAMos7mIoNK4avGvlS,fbf032b1debb6577dd6d7a7c2079f2b021df0c91020ebf851641f567a59f9bf119aff5fd829f6c2c3acf533d8272764b
8,9R04ZA4ZZYUeRcWE,1745161949000,11,1745161949000@PWA9R04ZA4ZZYUeRcWE,0b478179da35ec491a7d892d43390d5402cc179cc0f9f1b9032ca15dd73840877ac3b6658feba2de4a4dd386b84d1d5e
19,Mos7mIoNK4avGvlS,1745150422000,8,1745150422000@PWAMos7mIoNK4avGvlS,65d5ab4ddaebaef3fefc15184c5a0b45d93e8d8598649f067bcab81ab44815f85005938784e57f8bfc28ff9fe68f7418
13,lWCK205bclZHHIVe,1745162622000,11,1745162622000@PWAlWCK205bclZHHIVe,8a9007272020543bff0f54dc661f6046aefed18b0a6b9493cc832b70079e9e1b34f76ab98f121d8dbd12f87a76945c63
1,lWCK205bclZHHIVe,1745191421000,19,1745191421000@PWAlWCK205bclZHHIVe,85ca7b2324a503b59e7c32f319281006a0856f337f9c39cdf3203abdf62908575db816ddb34be732fec7473e03527bdf
7,lWCK205bclZHHIVe,1745166778000,12,1745166778000@PWAlWCK205bclZHHIVe,d27b0be4a6d274d545c546ba216aeeecfc7b986046316661fd4f80a8fa98687e02b128f4ed93dce2f954b2bdb3f71b2d
4,9R04ZA4ZZYUeRcWE,1745173218000,14,1745173218000@PWA9R04ZA4ZZYUeRcWE,20e9000796a4a4f59bb82aea269182fa4147fa4c8d56b835772da6b368076cef59bc54d2f2b53b61148c6f1ac3ddf0ea
5,9R04ZA4ZZYUeRcWE,1745163005000,11,1745163005000@PWA9R04ZA4ZZYUeRcWE,e2361cb85d0c508ed83ffba3ee7df0ec8e7de5e304ce2b84146c9ebd2881dff0124d299406df5b2724ee2ea8bbd72660
14,lWCK205bclZHHIVe,1745203062000,22,1745203062000@PWAlWCK205bclZHHIVe,baaab5b99edd1f0d8663f8a0522c3abad837e3cfedaa68c457f469c8d3dc5f3ea54e493fb6efc30e4167fc2122c47404
15,H99gdk4e90cz0zTP,1745181990000,16,1745181990000@PWAH99gdk4e90cz0zTP,6263ee41e5489b7af50626c0b9cee0336b34b45cf40741d31e694f8b0c3fccebe04de23225cce523dd238ff6bc08be57
2,9R04ZA4ZZYUeRcWE,1745149455000,7,1745149455000@PWA9R04ZA4ZZYUeRcWE,7000b63ec269650eb2042cc2d4c1327314c258759ff5da362c5e0274c8460608659ea0138138d02a3ce75ae26d07939b
9,MoRUWfgv82jgPd3T,1745179480000,16,1745179480000@PWAMoRUWfgv82jgPd3T,312053accff1fac9db3989e123a791a407e8c5a81f83dcd85f086681b48aa7c6279c6fafa383dae5ae28a99731fa44fe
3,H99gdk4e90cz0zTP,1745178098000,15,1745178098000@PWAH99gdk4e90cz0zTP,5529235da4cb61abba251a5d2078e6cdbc69acdf6e06bd4f441d2da7d78bd9365b08babb47b1a3fdc8ba1d240d65d7eb
3,H99gdk4e90cz0zTP,1745159239000,10,1745159239000@PWAH99gdk4e90cz0zTP,7d3daa6044ddc8a8aa36f3bd74955099ee062ddb557a78d5da6f54808b37b5bc99b861f89a91b806daeb61ba3dfabe40
4,9R04ZA4ZZYUeRcWE,1745188785000,18,1745188785000@PWA9R04ZA4ZZYUeRcWE,3f1f5828a43ac0bba5496de8c1a6d4339d8a3fc7ad961165088c912cd1a87cf41ae557f6ea02e65f19031d77be3e4832
10,Mos7mIoNK4avGvlS,1745156234000,9,1745156234000@PWAMos7mIoNK4avGvlS,e73b9c28f4093005658a85c83271f82639fa0a8ef7b2402af264b12cafbdf05582111398fe1e4472b97e6b54a9ae5646
11,lWCK205bclZHHIVe,1745162610000,11,1745162610000@PWAlWCK205bclZHHIVe,a349fabdf9786bf35bcdffe2b5ab0c53856d7aa91c21ec0e5c3678ec5a2ea49e2428a4285fcaf6c0fba25e5307ff34ae
20,H99gdk4e90cz0zTP,1745186412000,18,1745186412000@PWAH99gdk4e90cz0zTP,7365c122f429c30d11ee5712871761df92ecafbcf8b1b95766794091f498eb33ab57c9d246d8fa3f9118f5eecd46c366
17,H99gdk4e90cz0zTP,1745156304000,9,1745156304000@PWAH99gdk4e90cz0zTP,25a64ef96c286b4d2c7e8af21dfc6f7a0439d46de4342ab2ba7ca67b017a88a70e0ab6d476ab8471c337ff8853a6d6a6
18,9R04ZA4ZZYUeRcWE,1745174130000,14,1745174130000@PWA9R04ZA4ZZYUeRcWE,dccfc0d37133e70f06f67c58fe62aa3ad43942ce15fc045f1c654faea95a840905caa27eaa8fb42fa79de7d79ed8d987
18,MoRUWfgv82jgPd3T,1745151138000,8,1745151138000@PWAMoRUWfgv82jgPd3T,9af876fe93dcfbdac12e60e6fe9171332b87e45bfdfe3c46e58461eccf57ae3ff163a374adf645951c4134cbba8275f6
11,9R04ZA4ZZYUeRcWE,1745178392000,15,1745178392000@PWA9R04ZA4ZZYUeRcWE,aa0a8aca1859a21fcc1f08f761c69728e24d67bd6e140ec4d00675896d86dace8be6bc2801fd34499404ef1a2902a68d
20,9R04ZA4ZZYUeRcWE,1745187630000,18,1745187630000@PWA9R04ZA4ZZYUeRcWE,02f4423a0e527f4415e98b2fee94d03b16b6a013d95b7539d9a6a7576ff6eeb5d484bff32dc99d7acb2c16023fe97f7a
10,Mos7mIoNK4avGvlS,1745183835000,17,1745183835000@PWAMos7mIoNK4avGvlS,97cdc10bfd1a0ce99dff534453a3a6adc615433e497431477f9cbc4d17e85588ac37a14d19bbb0f22a1da407367a9ecd
15,Mos7mIoNK4avGvlS,1745162490000,11,1745162490000@PWAMos7mIoNK4avGvlS,61c3cb7f81d46b3c9f7f0da8abc5022fba22219ea32a61eca9ffac9ada71d18519359a43e5fcdc019fce0b97b8d265cc
3,lWCK205bclZHHIVe,1745174013000,14,1745174013000@PWAlWCK205bclZHHIVe,5d2eefad644fe423806ab8116767962e8403b60401e31d2abd3e9eb128399397a593c9f832148aced0b7bbb550599d07
8,H99gdk4e90cz0zTP,1745183684000,17,1745183684000@PWAH99gdk4e90cz0zTP,5d6d537150669f2f46d25a63f13ca19771c35f12dcc21478b80326993c405b777a264df88cca77efdadac7d308abcfba
1,MoRUWfgv82jgPd3T,1745183441000,17,1745183441000@PWAMoRUWfgv82jgPd3T,cfa425aa46dbdee2d10d788ca990388b83d941c89957201bcd3bd1a66251dc90274c70371bbc9404385da145d7c403a9
20,Mos7mIoNK4avGvlS,1745157150000,9,1745157150000@PWAMos7mIoNK4avGvlS,8fcfd7122ce1a7712d79896a457c68d925f5637e9630cc0be760bf4e2d3b24e5c373452863722ff356a6283015853ba5
12,H99gdk4e90cz0zTP,1745176504000,15,1745176504000@PWAH99gdk4e90cz0zTP,98c3fddd8571cc23a1931de15c9724bf933bfc72fb7f398251544a751494f3755b57977683a6ec31a549e6cbfce121cf
16,9R04ZA4ZZYUeRcWE,1745150581000,8,1745150581000@PWA9R04ZA4ZZYUeRcWE,f77af48b8b918974f38da79503bcde5463b3b5af0b214c1f6a992010ad755d71b001a751ce51cf53213f25678cb53add
16,MoRUWfgv82jgPd3T,1745156722000,9,1745156722000@PWAMoRUWfgv82jgPd3T,c6e41751dfd7f708c688dfe54f40dedb5e1114c884bd4a02a5adcf769fb21c8aac1c0dd49c85e6cd48c4be409e92ccdc
3,MoRUWfgv82jgPd3T,1745193325000,19,1745193325000@PWAMoRUWfgv82jgPd3T,f5d37f24b20f5896f4a9a7874260dc90dbb4f54123cd91560e580ab7c22cbc1fc26c57a16c6ee8946f2ef83e484bb6e5
17,lWCK205bclZHHIVe,1745167650000,12,1745167650000@PWAlWCK205bclZHHIVe,6fd705da0152a51803da37ed043b3fd16ebb043e7c71c8d1f7c614d6f7c0bf3b26e0e02b2b4cd35d583d14517c282f6a
8,MoRUWfgv82jgPd3T,1745184505000,17,1745184505000@PWAMoRUWfgv82jgPd3T,2d4d096ec6acb4ba1d136a58dd632c528b6cadc289d646ee7551d604cadca0e14e1ae5bd0f1189812fbdc372ea2d93e6
12,lWCK205bclZHHIVe,1745154766000,9,1745154766000@PWAlWCK205bclZHHIVe,ef9fcec669708ceb6142fbbe4e1bc2007233d0d88cb0dc786e6d025fdf7765e2e80a21115329a4178f20de074b11ba29
6,MoRUWfgv82jgPd3T,1745186644000,18,1745186644000@PWAMoRUWfgv82jgPd3T,5045ab830eaada7525464d509681886efa00cf3bd43a4a5093e81468f54b8780fc5df9c4467f01595d1674b2c360472c
10,Mos7mIoNK4avGvlS,1745169171000,13,1745169171000@PWAMos7mIoNK4avGvlS,0949deb9e17e4deab1ad2dd2ea93b36f78d265b2553de89e042f2a47a46d191b1bb1125bb97c80f8ff344e9124afb748
7,9R04ZA4ZZYUeRcWE,1745164614000,11,1745164614000@PWA9R04ZA4ZZYUeRcWE,6024987fb509e1d9200d04fd71dffaa1a25e2553fc65d22ea0e97a1f37f7a59d6180b5b6890a607d681bbdeb1f651a47
11,H99gdk4e90cz0zTP,1745143582000,6,1745143582000@PWAH99gdk4e90cz0zTP,bcdd40ee882772680bbe2944270e20428a079c2884a69d0b87135fbabdb0e8873a760af594bf5e2afc73bea4b166d040
8,lWCK205bclZHHIVe,1745159666000,10,1745159666000@PWAlWCK205bclZHHIVe,63a29fe07fb99150b0c7f91aa7cb8727873ab57c756d895caba51cfd6e863edde27091208b00295a9ffd032801f724ad
15,9R04ZA4ZZYUeRcWE,1745185366000,17,1745185366000@PWA9R04ZA4ZZYUeRcWE,62053a16f95a38d11f150caf3c1ce75625790f70ab6fde6c53c374ec67a43f3bda29f5ee8e7812733b678399f7cce43e
1,Mos7mIoNK4avGvlS,1745178662000,15,1745178662000@PWAMos7mIoNK4avGvlS,fec9453aae6a4d7b88d94fc29daf7d5227ff44b9c7386cc3facc0a4fee480dd1011f82dff7ff12ed075f8eb81b8d819c
1,H99gdk4e90cz0zTP,1745160565000,10,1745160565000@PWAH99gdk4e90cz0zTP,a16bfa8bdbdac7bf5984b0e245559cd3ab6d870feae89b454bb7b1a49b8db5b474a2bfdff4d3fdee0fda6e39dc07b80f
12,MoRUWfgv82jgPd3T,1745179264000,16,1745179264000@PWAMoRUWfgv82jgPd3T,9bce13aa9547304ef81751826e22c0c3d5af9b7e1e438589e87e5c03e8113cf3e6b81539469941980fa9dd157d4fe633
16,MoRUWfgv82jgPd3T,1745162560000,11,1745162560000@PWAMoRUWfgv82jgPd3T,f15393e6537b0fd5ebafe967eab0fd547e986384f4e44e1af96fe4974061e9b1d00467344046d08006ba39b9e3978abb
18,H99gdk4e90cz0zTP,1745160226000,10,1745160226000@PWAH99gdk4e90cz0zTP,8d855046f85a789b224aefdbcc701bcb92ff60c44ee4dfe1891ad15ebcba6980859e04f960ad9fe7fcc570084a064f38
18,H99gdk4e90cz0zTP,1745146787000,6,1745146787000@PWAH99gdk4e90cz0zTP,17de2604e3e79b28f1dc76119fddb8e9c453b5f79814d08874ac6b61e4ac37f66ddc9cc1f45b12ae1a995ebf367d6b33
19,lWCK205bclZHHIVe,1745166259000,12,1745166259000@PWAlWCK205bclZHHIVe,8ef598b1d138dc11b4201f3e35dae585fb646fc0b7f2e1388a0b4c8c35d92656b1109f168f0ae715c434ac3541fb734e
14,Mos7mIoNK4avGvlS,1745171331000,13,1745171331000@PWAMos7mIoNK4avGvlS,de4dee8c132bafe4509ead3b3533ed6eb4e0fa40b08772ba581ef1cf04991356803aaeebdc485c18cf1ba2a69e00ede1
19,Mos7mIoNK4avGvlS,1745150422000,8,1745150422000@PWAMos7mIoNK4avGvlS,65d5ab4ddaebaef3fefc15184c5a0b45d93e8d8598649f067bcab81ab44815f85005938784e57f8bfc28ff9fe68f7418
14,Mos7mIoNK4avGvlS,1745184446000,17,1745184446000@PWAMos7mIoNK4avGvlS,d2f3ea07ad152a352df818efed4d6d0463a9bc3318e37cebcfc4784a5c5260664ebe56f9fd9e510378f6fc4e258acea3
5,Mos7mIoNK4avGvlS,1745167574000,12,1745167574000@PWAMos7mIoNK4avGvlS,59f162add132a9b8d349102cf516aa61089bab8f093e42a9da3c6c53d299a932091da438c62131e39a229b42cd7a9e2d
2,Mos7mIoNK4avGvlS,1745179490000,16,1745179490000@PWAMos7mIoNK4avGvlS,967775da63169eb9edf03b35754ed63ace8938e285e2b11cc12048a3cc11f4a1f4822792fdaca6f4d135a739e6818a9e
9,Mos7mIoNK4avGvlS,1745195847000,20,1745195847000@PWAMos7mIoNK4avGvlS,ae8b524d4c199a7416990161d0de32cf04d1cdaec7bcd8e1c4a0f791a2da44597f8e411f539648b8a162ff6f936785fa
2,H99gdk4e90cz0zTP,1745144444000,6,1745144444000@PWAH99gdk4e90cz0zTP,0e735a20f17c29a1733031d016cfacfd3a177bafec2989496fe302df246fe0b1e17d68a3478e77e9abb99d211da0381c
14,H99gdk4e90cz0zTP,1745150585000,8,1745150585000@PWAH99gdk4e90cz0zTP,c018f19da98c1d363c62f8abc82209b99d19f37eba3eb239b636db160c852404ff249027bde02acce292b0b3937f2e61
8,lWCK205bclZHHIVe,1745158805000,10,1745158805000@PWAlWCK205bclZHHIVe,eff1238732061f137056667ae4023b75c3c6308396d4428e7e90b826d9af8fdfd9912b3607ec9f5a43475d87db4d18d7
12,H99gdk4e90cz0zTP,1745154084000,9,1745154084000@PWAH99gdk4e90cz0zTP,9aa0596a577112a7a34e7b46ea22b8bb0e542359f0b27022c895a86d4fd69fc9a938ba70ae668a6ed873bf3a24ca2944
4,MoRUWfgv82jgPd3T,1745164502000,11,1745164502000@PWAMoRUWfgv82jgPd3T,4c6b0913dcb02c6d336f1edbb428dad71bd25cc965a9e73dbbe3541724e1312e95f8e6c244cb211154e392d11a10c40a
12,9R04ZA4ZZYUeRcWE,1745176925000,15,1745176925000@PWA9R04ZA4ZZYUeRcWE,7d1aa51ac3ea04dcc5846305a646de2d23d648410d2e3e7a1a1ac3151a7c55276eed7ed2f17a7fe5455bb32e1d9864f5
16,Mos7mIoNK4avGvlS,1745161877000,11,1745161877000@PWAMos7mIoNK4avGvlS,2e46f7cc7d2a5bcb6f415693a8dae2d7f1c0b6e7188f757306f9d1abffc78b046c41b71f9460b3aef4d2592415842064
15,H99gdk4e90cz0zTP,1745170772000,13,1745170772000@PWAH99gdk4e90cz0zTP,ae714c4a66f75c47c473cbe92faabb3413cf4c8be86aeabc82b906d887e57576fc900d5fc1a100ea70521807d9f461b8
15,MoRUWfgv82jgPd3T,1745167111000,12,1745167111000@PWAMoRUWfgv82jgPd3T,b9916942e538f01cca1cd5b3ac231a0bf3110596f90c101d5b2bd17b8df228142dde37774301968e73f786a1c68e0961
11,lWCK205bclZHHIVe,1745160219000,10,1745160219000@PWAlWCK205bclZHHIVe,abdd03a8ec7dc18608df599441d5262041f08366a82ca8035ed109bd6b6daf3b7c3650d13e4bd891006ebd486f461675
9,MoRUWfgv82jgPd3T,1745179017000,15,1745179017000@PWAMoRUWfgv82jgPd3T,44a7994445adba6383d9cb935002ac1d09816ad3b99cc70427c85a61e9ec44ee3d84d5897959096ff6e02fca8ac2ceb4
6,H99gdk4e90cz0zTP,1745192732000,19,1745192732000@PWAH99gdk4e90cz0zTP,fe5784a7e7d9f7b2810ccfc1baec61df3a641ac810ec9d2eaaca0b49a424e34e56abf3c88a76bba5bda888eed087ef67
13,Mos7mIoNK4avGvlS,1745181243000,16,1745181243000@PWAMos7mIoNK4avGvlS,6138e48e99ae33aca6507fadcb7afd008b749f5f95349b0b28037d536f8be792df25d3604cc50259c619556de28af8e4
18,Mos7mIoNK4avGvlS,1745181364000,16,1745181364000@PWAMos7mIoNK4avGvlS,d57e5180095ae944bdb48d404347020f1a962c1f6bfcff474501ffb389df00a648da51071f959b994dbf62d0a83c83cf
14,H99gdk4e90cz0zTP,1745174386000,14,1745174386000@PWAH99gdk4e90cz0zTP,62094facb4ce771700d3b4b343e646b0669e6d493ca9308752422eee6ffe31ee58cd27ed186876ea2802c5f147198336
10,Mos7mIoNK4avGvlS,1745174099000,14,1745174099000@PWAMos7mIoNK4avGvlS,a66fe4dbe39f90dbe9b73ba3da94a33a3e8a771ee7dc4b88564cc3c141bfdc5221a154a0c92580ebe5e8a6d1b111784c
4,9R04ZA4ZZYUeRcWE,1745146061000,6,1745146061000@PWA9R04ZA4ZZYUeRcWE,55e4d98085934fea8f3b10dea52227e3b39835344f9abfee21c1d6ed5b962dd9f5074b464daa4148cb6695f2d2f76c86
1,Mos7mIoNK4avGvlS,1745178662000,15,1745178662000@PWAMos7mIoNK4avGvlS,fec9453aae6a4d7b88d94fc29daf7d5227ff44b9c7386cc3facc0a4fee480dd1011f82dff7ff12ed075f8eb81b8d819c
10,Mos7mIoNK4avGvlS,1745144348000,6,1745144348000@PWAMos7mIoNK4avGvlS,f34ac51a1e72f9b495fdf9d959dc8e1e0f1963edb33651f8fa5c86c3a840d4ccf3e0fe10999d8380b3ffc78c404501ec
13,Mos7mIoNK4avGvlS,1745171280000,13,1745171280000@PWAMos7mIoNK4avGvlS,c912149ea74ed38dfd186a511a68d7a617ac69513a121a46264f1e25c97052765ad32b8d7dd225d8ca465c4db219ad71
12,MoRUWfgv82jgPd3T,1745183046000,17,1745183046000@PWAMoRUWfgv82jgPd3T,ad714d24da7987b8c2c32d3916b0a1e69706f1d9d7cf3a2640796e2dd18aaf01e86ea37c170f86efc1d23eccace0d7b7
12,H99gdk4e90cz0zTP,1745182701000,16,1745182701000@PWAH99gdk4e90cz0zTP,2b6037f5d129e0af8196263dd565f67997e483702ca9f94b57b22f8444fd151a1b9cc44ea465a681f4e5c55607539ea4
8,MoRUWfgv82jgPd3T,1745185932000,17,1745185932000@PWAMoRUWfgv82jgPd3T,b9c3315fe65eef29518bc9477ce0c39c5cf663b97214bab70ff2af08c254024c7fa974dcabd8e3742f81aad2116600ad
17,Mos7mIoNK4avGvlS,1745171190000,13,1745171190000@PWAMos7mIoNK4avGvlS,d29f80784ee1dd3a347874cd18013d115c13cc88875f949000317c1fbfec93fa199d504f006d05ea48c76738039af5bd
14,Mos7mIoNK4avGvlS,1745192093000,19,1745192093000@PWAMos7mIoNK4avGvlS,5a5872c9edbc88c8c7287bc412a0cd655f03700f163778fa3e9ca9ed1a45a556900a21def7ccbe19529e5b1fcf39a672
9,9R04ZA4ZZYUeRcWE,1745176603000,15,1745176603000@PWA9R04ZA4ZZYUeRcWE,d3f1f4d7f41f1a257bd944d05e9d1e44cc05146e8f986efc7beb2157ddea5e20f4882cc5969410c11c66638979e7dacc
3,MoRUWfgv82jgPd3T,1745169016000,13,1745169016000@PWAMoRUWfgv82jgPd3T,677d7bd026806d88aa5711563e7a0c6803c5f8ce39f3c03bedd775ee9a50ad2e361b3fafcdd0ec5c66c206bf8bbafb37
7,9R04ZA4ZZYUeRcWE,1745156586000,9,1745156586000@PWA9R04ZA4ZZYUeRcWE,f251df3c4edd8102810f57bec8739e3a248856fa09b2e7d17ffadad1e7c24568989dcd879331262e1eaafca8353f1c47
19,lWCK205bclZHHIVe,1745150213000,7,1745150213000@PWAlWCK205bclZHHIVe,179a6e1c6cf7270fe44baf1226684b2e208b881ea4af42232004139650da92426986a5f956369ecb2a0e24be06640005
2,H99gdk4e90cz0zTP,1745144444000,6,1745144444000@PWAH99gdk4e90cz0zTP,0e735a20f17c29a1733031d016cfacfd3a177bafec2989496fe302df246fe0b1e17d68a3478e77e9abb99d211da0381c
1,lWCK205bclZHHIVe,1745164439000,11,1745164439000@PWAlWCK205bclZHHIVe,713e7596ff3c184ae22ebf588c33b89af016c3a6180d69f8c27f35f987cd02a9c6310793e986fcdfd92f73bee6ac7f1c
19,9R04ZA4ZZYUeRcWE,1745172448000,14,1745172448000@PWA9R04ZA4ZZYUeRcWE,2c4f64a22b9aae0593dfe7806161bf40c2f59ed91ae2e328e152f8c1200b13a4a2797219d314aca730c853a893b7b6b5
6,Mos7mIoNK4avGvlS,1745154884000,9,1745154884000@PWAMos7mIoNK4avGvlS,ee0a10df7729d077949b711ea46874f5acc899c71f3501aa042c1fd308d6ecf10f0d53fa6480d60c930a46a89d79c044
3,Mos7mIoNK4avGvlS,1745174831000,14,1745174831000@PWAMos7mIoNK4avGvlS,84b47c2bc176b1a1bc20ba5fde5e12a988b17394d45fb12d7438dcdfa13156234a0eecee52caa21f5b4d99a58dd305bd
4,Mos7mIoNK4avGvlS,1745163014000,11,1745163014000@PWAMos7mIoNK4avGvlS,a1adb715278ebdd55cefc557dbfeb2199e20f67b5d4ced5819cad259b086c58d8850eb40a9f8dd88bdca978785a83c81
7,Mos7mIoNK4avGvlS,1745183958000,17,1745183958000@PWAMos7mIoNK4avGvlS,93a81aa41c32fbbe203e9d1bbf7f766ed88097c32648f5bc0d33750f6d2ef47616d7135c0f4167abb14cf7d0e902a7c7
16,Mos7mIoNK4avGvlS,1745149559000,7,1745149559000@PWAMos7mIoNK4avGvlS,70e64d5dba6b5e5a28744bb10eaa2749424b34c2eb1757ead37ee9f54bedc8c0ab47054435a9784ab6922d980760c479
19,H99gdk4e90cz0zTP,1745121889000,0,1745121889000@PWAH99gdk4e90cz0zTP,00ad74f35b2bb406e7f5eae98c41065f2ff76bd1708d518417e022205480613b0b49be109f1ee46421dd9f017e6658f2
11,H99gdk4e90cz0zTP,1745181134000,16,1745181134000@PWAH99gdk4e90cz0zTP,db8748164968ff53986c87601baf0fd58a74a23f8afd5864b56305f99e47f540a52cc201e873c0e68a55df7670a02fac
17,MoRUWfgv82jgPd3T,1745167382000,12,1745167382000@PWAMoRUWfgv82jgPd3T,20eebb08b2bf94e463c6d49cffcc39df5117cfa17533c353fc01aafaf71abc95b00a3945cfb6d40e65603290c7cb4ecc
11,lWCK205bclZHHIVe,1745160219000,10,1745160219000@PWAlWCK205bclZHHIVe,abdd03a8ec7dc18608df599441d5262041f08366a82ca8035ed109bd6b6daf3b7c3650d13e4bd891006ebd486f461675
1,H99gdk4e90cz0zTP,1745157023000,9,1745157023000@PWAH99gdk4e90cz0zTP,1486e9c3094d5aea0908000c6c97df748e9bf39034375dbbf4b9640aa1268d05c0d0c6e777fbbf32a57d88af0abe8cb3
10,Mos7mIoNK4avGvlS,1745169171000,13,1745169171000@PWAMos7mIoNK4avGvlS,0949deb9e17e4deab1ad2dd2ea93b36f78d265b2553de89e042f2a47a46d191b1bb1125bb97c80f8ff344e9124afb748
12,Mos7mIoNK4avGvlS,1745159952000,10,1745159952000@PWAMos7mIoNK4avGvlS,ab0b7969c5b38c98b5704213e0d3fde0dc67bad7e7f597f7cf44a73d3322616122067eeafbab194a249628902b48dd0a
15,9R04ZA4ZZYUeRcWE,1745185366000,17,1745185366000@PWA9R04ZA4ZZYUeRcWE,62053a16f95a38d11f150caf3c1ce75625790f70ab6fde6c53c374ec67a43f3bda29f5ee8e7812733b678399f7cce43e
1,H99gdk4e90cz0zTP,1745163657000,11,1745163657000@PWAH99gdk4e90cz0zTP,3ed6a92aac1ed419eb52742e8154e650949fd6d9261eb0e7dfc286d5898f309b7d28854acc0c0f49c179f2b8cc9f99f1
19,lWCK205bclZHHIVe,1745152941000,8,1745152941000@PWAlWCK205bclZHHIVe,4bcd156e6a01cfbf1ac30df978506fae309d40c78bdc6e84b54e8e266f68e8c5c522048fb07c147b446f94d26a7b720e
13,MoRUWfgv82jgPd3T,1745190298000,19,1745190298000@PWAMoRUWfgv82jgPd3T,8afb71b65e9c29a9f1c162a2c1b3ca23961f772b3a4872199006251a7e6a0e9939bffe9647b78b85197708ff0230a968
3,9R04ZA4ZZYUeRcWE,1745168385000,12,1745168385000@PWA9R04ZA4ZZYUeRcWE,134a31d6c25bba67bb5b390a5ab120954644535dab44ae64e42f62a891649a56f6d6a9b7871c921aed96aecd44ebe32f
10,H99gdk4e90cz0zTP,1745179144000,15,1745179144000@PWAH99gdk4e90cz0zTP,adbff7cf8e869b3f23da194efae6aeb5e70505bd7b1f37eb461ecb6e7f57809f39dfc8fed61b23d48c7c97665a236412
5,MoRUWfgv82jgPd3T,1745154968000,9,1745154968000@PWAMoRUWfgv82jgPd3T,55c5fc83f02540fe4bf00edf9d71982463039b52c70c1ed5bd7bda9b796295f8d6c28e9e80cc21dad4c2da61d32fb324
2,Mos7mIoNK4avGvlS,1745206708000,23,1745206708000@PWAMos7mIoNK4avGvlS,a915f9ecc736828d8dfe4a83fe4b49606b15a79232ab4234de94d680f6d54437c3b2e7f1d9780ace59c0b9026bdbf214
16,9R04ZA4ZZYUeRcWE,1745156745000,9,1745156745000@PWA9R04ZA4ZZYUeRcWE,a04ab1c1d1e2cb027c87fd999f2499d5cdce29cd8c571c8d5c1282b94c326c13a4ca519ab6e52835b0261053c58f0176
16,H99gdk4e90cz0zTP,1745187998000,18,1745187998000@PWAH99gdk4e90cz0zTP,42e15b63bf33b1fe00a7ea3863de40fe97b22d336ae27ae6a9493a6d31bc27837abd5fb8657f0f9d5bedb8dbb8434e86
1,H99gdk4e90cz0zTP,1745172767000,14,1745172767000@PWAH99gdk4e90cz0zTP,91b86533d3bc8c719ffe74b486567c6b96377007887b76a35b620e0cc394b53f6b9f13fe47e51875e51aebc53b28187a
10,MoRUWfgv82jgPd3T,1745151946000,8,1745151946000@PWAMoRUWfgv82jgPd3T,b037d90abbda65b61d0624a3dd6b36b07e81e8418863621ee3914fef1cbad270a068738778cf8b3c51790890bd030409
1,H99gdk4e90cz0zTP,1745154449000,9,1745154449000@PWAH99gdk4e90cz0zTP,927d882404591261fabb43892fd1ade79d680268067384f00ad77e838cee17f2529a9956f18ff9972053cdb63cce00e4
11,MoRUWfgv82jgPd3T,1745160458000,10,1745160458000@PWAMoRUWfgv82jgPd3T,820d07a0c62aec9316a69ba800aa5a95aae19ed92f6740814ac62fa1402acf988bb3aa9aef0c9ad18773ac598b71c262
7,lWCK205bclZHHIVe,1745139061000,4,1745139061000@PWAlWCK205bclZHHIVe,b2edb39c4da81f03a428c31c2b42f2625f0e1400be8d034e1ed6b308f0e7527b3dda7ae9f3dfeae9bae3dca4ea173b43
19,Mos7mIoNK4avGvlS,1745181088000,16,1745181088000@PWAMos7mIoNK4avGvlS,fb1e5274ea568d536589d4e9614fc94f8c2d836a22ca5c0eaa00e92f2e9a40689d68b898015a1f81c92f79151b1e1249
9,lWCK205bclZHHIVe,1745157934000,10,1745157934000@PWAlWCK205bclZHHIVe,d3a2a2b705ebd4584540d501a78599dd54126e1e32fb04444c61637b3c44cb4cbe8314da8f14e042d9b2354f14a5fde4
7,MoRUWfgv82jgPd3T,1745176468000,15,1745176468000@PWAMoRUWfgv82jgPd3T,c9515b8c040d4c3e4b1c40de5544155ca273b78fe8133fdb0f09ee4c5a33ac3cc9f3940a0b1b83bcc7a7bf75258bf3bd
12,Mos7mIoNK4avGvlS,1745189564000,18,1745189564000@PWAMos7mIoNK4avGvlS,39866a5d28b54045d16b2f58a57d81da07617006351883e3f7545954d784ed5fb033aa6c7ce9d01af420e1e4210b27cf
13,lWCK205bclZHHIVe,1745160140000,10,1745160140000@PWAlWCK205bclZHHIVe,99fe7c6997a0ea3bcc4edb4f1c3097568951d35a00ba7488ce27b80c0d171cc8bb06c0087ee8319babcd5f0c8c858c36
14,lWCK205bclZHHIVe,1745174035000,14,1745174035000@PWAlWCK205bclZHHIVe,4d8465a9a5deb8224813d2699125200340694dc21124993f26bb86eee2147f3c9492c16a6d2b3868461417f45387df20
16,H99gdk4e90cz0zTP,1745160080000,10,1745160080000@PWAH99gdk4e90cz0zTP,cac0d43464535d2a424fcd8fcc05ac790e7971533ec95e1de043b13dc81c77d2b617e0373109565861c215539b27064d
17,MoRUWfgv82jgPd3T,1745149796000,7,1745149796000@PWAMoRUWfgv82jgPd3T,1b76b4110cfea925ef074cd987cfb203e6f4133e1b8e7641163d9643c04fae2a221d277a3c95368a740868dce76e4d7c
1,lWCK205bclZHHIVe,1745186475000,18,1745186475000@PWAlWCK205bclZHHIVe,78f92bd93a170dca74b237eb51dad54bd277d22d5f65f6d31360cae355371d01bb0761026efcf953b436ed971104ebea
13,9R04ZA4ZZYUeRcWE,1745188690000,18,1745188690000@PWA9R04ZA4ZZYUeRcWE,ce3ea8a5f76df763d370fa9b7715dc0638a01531ff2e5ac3023d4a6a3028c612e96cab4cb688680b1a5cce182ec8b979
1,MoRUWfgv82jgPd3T,1745179077000,15,1745179077000@PWAMoRUWfgv82jgPd3T,e070105b3be7475e42050176c8c99d882e13e6785759437d8f815a54acd7a3c45b589ddf6fdf15ef5feaac90d8153d0c
4,H99gdk4e90cz0zTP,1745173051000,14,1745173051000@PWAH99gdk4e90cz0zTP,f082edf4b98756a73149b179897f8c946d9407f99dc62badc22d2d49d6011b735fe21a35d55882312eaa6d7dbf6b011a
2,lWCK205bclZHHIVe,1745150367000,7,1745150367000@PWAlWCK205bclZHHIVe,371692d57e75ff59b5d41d1992a957ddbce2caeafd99a748fb49ccecc59b973be4bb548c86536e4e44aa4c73f3357a8e
19,MoRUWfgv82jgPd3T,1745124788000,0,1745124788000@PWAMoRUWfgv82jgPd3T,1f02fbc68eb79465da628d7eaed1a3a1c8acb365bd903cdd2a3c1b0312a164f20bf804b761fc3bed3459bfe2082255a3
16,Mos7mIoNK4avGvlS,1745149954000,7,1745149954000@PWAMos7mIoNK4avGvlS,f3d6f68f564491fe5b946090bb835cbcac5c2b77e3a89fc1e72d2c752af82745a513d7007c494941cac41519a50bc228
19,9R04ZA4ZZYUeRcWE,1745159644000,10,1745159644000@PWA9R04ZA4ZZYUeRcWE,2095561a4253e1983849947abdb9dd78578dc08cd80c90745378be2d03b4391b58cdea8f5f5e4b3690bd893149674e2c
10,H99gdk4e90cz0zTP,1745157913000,10,1745157913000@PWAH99gdk4e90cz0zTP,1cf27859afeeae99895b179b3f7474eb608bfb73c1b6cc63df924150f1dbc2fdc4cc2aae821f191b9c39ea2f0eda6998
5,H99gdk4e90cz0zTP,1745156786000,9,1745156786000@PWAH99gdk4e90cz0zTP,6902bbb6373746516aff3fd979e31c6eeb13c84254a6302e0bf5624e23f3d33f1c724df6cf20e620bd649eedf92d7267
11,Mos7mIoNK4avGvlS,1745167052000,12,1745167052000@PWAMos7mIoNK4avGvlS,524e1082f6ba0b70ae5cf40acc5f0f46fc2b64e2b12287ed1f1a9d4a51c701a4507bbbabbd157e74a0f9f92a71e61253
14,MoRUWfgv82jgPd3T,1745162819000,11,1745162819000@PWAMoRUWfgv82jgPd3T,ede03238e9f7681b2a1cbfb7ce2ed66732cd0b460cb848aa383ea99631c7dad4c0947c31b85704faee7af44c703fc2c4
3,9R04ZA4ZZYUeRcWE,1745147284000,7,1745147284000@PWA9R04ZA4ZZYUeRcWE,0266469d6849a7072fcd9acace2d6dd69d8fd1de2692536d81a27c9cc7e51021281305eb7c7de5b992cd85f6dcdd9a34
10,9R04ZA4ZZYUeRcWE,1745181737000,16,1745181737000@PWA9R04ZA4ZZYUeRcWE,f9680c86c97f9fc2cc12fbc8f3e3ba791d06dd6371d41821cc757da5bc8f4ab2af22af35816c0a5fc5a5b7565c7c9946
13,H99gdk4e90cz0zTP,1745184431000,17,1745184431000@PWAH99gdk4e90cz0zTP,887624358653bf8d346654c6f27cc90d285d3bcb085db2d2b6fdeb95f60edc5e2abe5db2c90e4ad0293e5bc50b1a520b
1,lWCK205bclZHHIVe,1745185218000,17,1745185218000@PWAlWCK205bclZHHIVe,80d1427fce70d3540208fb6a4c6239ea37c7c3dcdd66355932ee7f38f833a8fb96647d8b726c68786f95184060efbabf
1,Mos7mIoNK4avGvlS,1745150733000,8,1745150733000@PWAMos7mIoNK4avGvlS,19ad4385d6b93f2a2fd52704eb9beda0e55c29a7957ce81eb93f735473287d20c022afcf628445a4fd22acf409007a85
3,H99gdk4e90cz0zTP,1745154950000,9,1745154950000@PWAH99gdk4e90cz0zTP,e0895cbdedf31a392de90d0ea0ed76a04f19a9e6d4393e3d53bba07bef574170c757bd5ef33eabbd9819cbd5b59b2572
8,H99gdk4e90cz0zTP,1745186886000,18,1745186886000@PWAH99gdk4e90cz0zTP,6ae67f55e1b9f15437efd1abd7b98fb243ecb40411d8e806aa0bd1333a63aea3b024a24d44fac8c169aefc526cf809c8
8,lWCK205bclZHHIVe,1745149257000,7,1745149257000@PWAlWCK205bclZHHIVe,e3e23944febc031ecb0bc5179e9f4546d801dd33cf7510c86e0bf7233003fc3dd6dab5de3c45484f54a8265006eca418
7,Mos7mIoNK4avGvlS,1745146001000,6,1745146001000@PWAMos7mIoNK4avGvlS,583f0b9dbe3946b7c5d8b281a959a5fc7bdc99b5744db7b3090fe1ff183d073336d5fb292facd14db5c207a00dd34caf
17,lWCK205bclZHHIVe,1745168848000,13,1745168848000@PWAlWCK205bclZHHIVe,8b6f6a11b589800a3f9a0e3fddf7c9b4885e92b45eaaba147d17fac6f41d2da67d9a83608864b6df0270ac28dbeb8145
8,Mos7mIoNK4avGvlS,1745176944000,15,1745176944000@PWAMos7mIoNK4avGvlS,d68eaab10231b67ba672d9a9e5c815cfe4405a2b9673864f618edad2d5b6ff2ef17c4104be75edc6e13be667ea10d376
8,H99gdk4e90cz0zTP,1745157318000,9,1745157318000@PWAH99gdk4e90cz0zTP,840934fa2df44161c335785795326f6c819402921bf3190ad106501cfe13730b71bf4a27ed34becb46b9470caf3c2aee
10,Mos7mIoNK4avGvlS,1745183835000,17,1745183835000@PWAMos7mIoNK4avGvlS,97cdc10bfd1a0ce99dff534453a3a6adc615433e497431477f9cbc4d17e85588ac37a14d19bbb0f22a1da407367a9ecd
3,H99gdk4e90cz0zTP,1745170374000,13,1745170374000@PWAH99gdk4e90cz0zTP,6809cd2ab258779f1fe95c26463afc998b4c4799cac2bb93fbc73f7bc6066b5d21e5fd3c9f06d30a21c139b28e71931d
4,9R04ZA4ZZYUeRcWE,1745188785000,18,1745188785000@PWA9R04ZA4ZZYUeRcWE,3f1f5828a43ac0bba5496de8c1a6d4339d8a3fc7ad961165088c912cd1a87cf41ae557f6ea02e65f19031d77be3e4832
3,9R04ZA4ZZYUeRcWE,1745165432000,12,1745165432000@PWA9R04ZA4ZZYUeRcWE,9bf0a1bf293c87c61bdacf3fcaa14a37bb16a333781dc38dca66f898471145176385a8f19443ad85107ff97ae13ba449
7,Mos7mIoNK4avGvlS,1745165075000,12,1745165075000@PWAMos7mIoNK4avGvlS,3b1c3131709012637cc12d508ff11ecfebd102535b01f5e10a4fe350cb7362e6599a42b876022973f114f540968f1d9d
16,MoRUWfgv82jgPd3T,1745155185000,9,1745155185000@PWAMoRUWfgv82jgPd3T,53f5d5daba62c05324a5840b47537263c23e7c214d1a14f9abe0a4923550bd7d35e236b4fdd13da0a3274a858afb5f17
3,9R04ZA4ZZYUeRcWE,1745139606000,5,1745139606000@PWA9R04ZA4ZZYUeRcWE,1a8f3d78ca72851b9e9b6bc3a95bfd15cc10458ead4e7106b116d367bdea4b020308ee2edbc57937155ca3b79314b83f
15,H99gdk4e90cz0zTP,1745187881000,18,1745187881000@PWAH99gdk4e90cz0zTP,06ac61f412cbf1c139afe28ca280054cc056d932b2757de36fad4ae6645267901c8c2cb8961c6b30f3e56fb45d0b3362
19,Mos7mIoNK4avGvlS,1745181088000,16,1745181088000@PWAMos7mIoNK4avGvlS,fb1e5274ea568d536589d4e9614fc94f8c2d836a22ca5c0eaa00e92f2e9a40689d68b898015a1f81c92f79151b1e1249
15,9R04ZA4ZZYUeRcWE,1745179779000,16,1745179779000@PWA9R04ZA4ZZYUeRcWE,eb3fd5a2b37b06fad09528e29e986131698ed9188d53038c7bdd76ac8a4856c8d87589737d377a00dd4a8e1945350007
10,Mos7mIoNK4avGvlS,1745169171000,13,1745169171000@PWAMos7mIoNK4avGvlS,0949deb9e17e4deab1ad2dd2ea93b36f78d265b2553de89e042f2a47a46d191b1bb1125bb97c80f8ff344e9124afb748
7,MoRUWfgv82jgPd3T,1745160677000,10,1745160677000@PWAMoRUWfgv82jgPd3T,370c6f48a755a9866167a1496c9bb05a004a7f105f658fec1bfe798d79b0fcd71c23218136945adb24b939cec1c6f40e
20,H99gdk4e90cz0zTP,1745186188000,17,1745186188000@PWAH99gdk4e90cz0zTP,37f0e5c39159f745540821458c3f77158b77d04608289ba33eac84930428cf7518ad6eb8f66d69c6d7a68e1fda335c95
9,lWCK205bclZHHIVe,1745160288000,10,1745160288000@PWAlWCK205bclZHHIVe,e1b63aefaf0220ccfb0925db24679a5c49c1259dbe70a7b980aeb9a1d38a0807a267a549622ee70d1955bd4846a167cb
2,Mos7mIoNK4avGvlS,1745165061000,12,1745165061000@PWAMos7mIoNK4avGvlS,ab5e553a598dd13fbd44fc6900f3a5e04359f2d9d419e5039ef835c0aa7896c6024e00c5cdf7efb1c6b2b08b52479903
11,lWCK205bclZHHIVe,1745162610000,11,1745162610000@PWAlWCK205bclZHHIVe,a349fabdf9786bf35bcdffe2b5ab0c53856d7aa91c21ec0e5c3678ec5a2ea49e2428a4285fcaf6c0fba25e5307ff34ae
7,H99gdk4e90cz0zTP,1745171935000,13,1745171935000@PWAH99gdk4e90cz0zTP,399e6f94d7853dcbfe4bee125ec1c34bcc3564791031a4d05b41ca93ac929a30f8a90dad153b8976eac21da844037c9a
17,Mos7mIoNK4avGvlS,1745171190000,13,1745171190000@PWAMos7mIoNK4avGvlS,d29f80784ee1dd3a347874cd18013d115c13cc88875f949000317c1fbfec93fa199d504f006d05ea48c76738039af5bd
19,9R04ZA4ZZYUeRcWE,1745151670000,8,1745151670000@PWA9R04ZA4ZZYUeRcWE,62bf21d7b167819e7bf38baa5d0c44d0964e929ee5ed9ea4ff3bfabfa9b3d8a0f9e4e2d06fa6c21d61e3a0497eaf682d
9,lWCK205bclZHHIVe,1745157560000,9,1745157560000@PWAlWCK205bclZHHIVe,423d7ffc3524d1844f2dca363ec2213df77a0c5eb7faf238397b5f1544e496b656a4ffa575a24a71078f47f267eddc80
19,9R04ZA4ZZYUeRcWE,1745170675000,13,1745170675000@PWA9R04ZA4ZZYUeRcWE,bcc87492ebcdbd552eb99b3f1abdaeac77baf5315d9f43aa00e33bf6d941bdf069928a6da5cb7531d0164b66bb8f4adb
8,Mos7mIoNK4avGvlS,1745177879000,15,1745177879000@PWAMos7mIoNK4avGvlS,6831076868cb93fb7b9427380b027d2c676d6b047f84cf2201a434f67309aa26717e49dfea664c5ae4abde1365a3d073
3,Mos7mIoNK4avGvlS,1745174831000,14,1745174831000@PWAMos7mIoNK4avGvlS,84b47c2bc176b1a1bc20ba5fde5e12a988b17394d45fb12d7438dcdfa13156234a0eecee52caa21f5b4d99a58dd305bd
3,MoRUWfgv82jgPd3T,1745164969000,12,1745164969000@PWAMoRUWfgv82jgPd3T,31f96b84b7b0fc651a853fded6ffe71567d2bede57f8f06174fc41ac770d64c442b071501eeefa756978b68a0d883ecd
1,MoRUWfgv82jgPd3T,1745173922000,14,1745173922000@PWAMoRUWfgv82jgPd3T,48e9206c7de9c54323c02040dc78e76aa0c53043014c292b5ee7dc2a271c121dfbe5491ac84dcb78556e7a07ad6457e3
8,Mos7mIoNK4avGvlS,1745176944000,15,1745176944000@PWAMos7mIoNK4avGvlS,d68eaab10231b67ba672d9a9e5c815cfe4405a2b9673864f618edad2d5b6ff2ef17c4104be75edc6e13be667ea10d376
3,Mos7mIoNK4avGvlS,1745174831000,14,1745174831000@PWAMos7mIoNK4avGvlS,84b47c2bc176b1a1bc20ba5fde5e12a988b17394d45fb12d7438dcdfa13156234a0eecee52caa21f5b4d99a58dd305bd
17,9R04ZA4ZZYUeRcWE,1745181718000,16,1745181718000@PWA9R04ZA4ZZYUeRcWE,bc9a3d8f891b0ee45f00c3c75af2d1e0827f6bb251374f8ca06bbcd17daabb0462182ddcfb98da50cf1242a2d5851bc7
11,lWCK205bclZHHIVe,1745167344000,12,1745167344000@PWAlWCK205bclZHHIVe,be3eabf270b9ba850949b1577ebbfbee4f0af7f24929b1227c8b5e39085af66c50b6141af5962711a5aabcd1a8a15506
16,MoRUWfgv82jgPd3T,1745178465000,15,1745178465000@PWAMoRUWfgv82jgPd3T,ba2d9a6384615539b68eef9e49605f44d9f895b09237b011bf1a1c95000a923866939594a1384168b86beee41c9e19f1
10,Mos7mIoNK4avGvlS,1745169171000,13,1745169171000@PWAMos7mIoNK4avGvlS,0949deb9e17e4deab1ad2dd2ea93b36f78d265b2553de89e042f2a47a46d191b1bb1125bb97c80f8ff344e9124afb748
9,9R04ZA4ZZYUeRcWE,1745181929000,16,1745181929000@PWA9R04ZA4ZZYUeRcWE,ad5a061044e352a18c9cebab290db693b237bc729e16842ea0b84e73d289d07783feee549408e69ee3f94b5ed4ebafbd
17,lWCK205bclZHHIVe,1745161740000,11,1745161740000@PWAlWCK205bclZHHIVe,bf5fd5c9e8c7a11d56241d3c18e3a287b8d9ef67a9c93e584cb6fff79bb25f546fce811e1395bea65167bb54002f456e
7,H99gdk4e90cz0zTP,1745186147000,17,1745186147000@PWAH99gdk4e90cz0zTP,9c51e1641b708b343a5c8ab44a0c99c5a94c968bdc7ff02585cb36ea7b27bc119bbe78b02279ab863537fc47f750d501
15,9R04ZA4ZZYUeRcWE,1745164878000,12,1745164878000@PWA9R04ZA4ZZYUeRcWE,39804ff9534086cdf49a9c3f28d214525754b3170ec7e3bf16ad765a8b48d819084dee3cb81310a4afa6612b99063480
19,H99gdk4e90cz0zTP,1745180419000,16,1745180419000@PWAH99gdk4e90cz0zTP,ff40366d5650ee9f10e1341108238306e44791f8a99e3ef767b87bd6fa3d64a98e44f72d3ab730377b8416b33561c0ac
9,Mos7mIoNK4avGvlS,1745181696000,16,1745181696000@PWAMos7mIoNK4avGvlS,210eff3e1b169532cea6b4034b16cab21fae955cb5c5d32b6665975d8b489d7c0fc082097de950210c74d30ba33a1cd2
20,9R04ZA4ZZYUeRcWE,1745190852000,19,1745190852000@PWA9R04ZA4ZZYUeRcWE,4228f1b812b5466b23c094d1179349e591f7e288a166229448c181b264ed2e2b6b1e53f73452a92a1805b53ff2483de1
5,MoRUWfgv82jgPd3T,1745190386000,19,1745190386000@PWAMoRUWfgv82jgPd3T,4ccbaeb973d98c5e15ec8ec7497583ef92f53d709d68c21ed36e31f5743a30301615e5fc33abdd27a6385e99991fe51e
18,MoRUWfgv82jgPd3T,1745150279000,7,1745150279000@PWAMoRUWfgv82jgPd3T,6145270ce4417d321344ec407735d6f5e349833f4289bbc877b905ea6fe08b242243097f476612b6856cffe4972e461d
13,MoRUWfgv82jgPd3T,1745168791000,13,1745168791000@PWAMoRUWfgv82jgPd3T,724800385a3dc2c9e1fd8866e86dae0a0ad0d40a5cfa3422ed81046e9ac3479187b9320c2b97e3145744a060f7f9bc4f
6,H99gdk4e90cz0zTP,1745171057000,13,1745171057000@PWAH99gdk4e90cz0zTP,e1afb0ac3aba2a67ab8d94f0bd1bbfb299708df4bb146afbcbf2da44be7e52adf8a9f09cf5794b852179e36227436abd
15,MoRUWfgv82jgPd3T,1745159319000,10,1745159319000@PWAMoRUWfgv82jgPd3T,07cb7f3a3aac0dd8326f77d59f85883ddebfebc9199eea1ebb32d458bb525ce0a70cd0d5d9ea4b27cf4bb474c00adce3
10,9R04ZA4ZZYUeRcWE,1745193035000,19,1745193035000@PWA9R04ZA4ZZYUeRcWE,23c520b8bf115f42b4a5772c9202e96bf411984f36cb50a4dac006683f73106c41cf3b69189774b9fc9ef707e6acf2b4
18,MoRUWfgv82jgPd3T,1745176062000,15,1745176062000@PWAMoRUWfgv82jgPd3T,6acb890b2845b893bb381b206dc225c8d112864a12d1a756df109a4007df23f8dbbea41c5764bf421f672ed5e5f24e68
6,Mos7mIoNK4avGvlS,1745192083000,19,1745192083000@PWAMos7mIoNK4avGvlS,fbfafc84a69e05994b65ded8b48d352f9c37792ce07ea1c76489e3070ccef88871d494572ca6197fe737cd393cb78ecd
15,lWCK205bclZHHIVe,1745159221000,10,1745159221000@PWAlWCK205bclZHHIVe,1ad7c25e65e0fa257a9d65c79f109985a3a63d04320bfe1628016562a58024d643f0529d139ab802e954a6c436401137
18,MoRUWfgv82jgPd3T,1745152531000,8,1745152531000@PWAMoRUWfgv82jgPd3T,d565ab3a3cc4cd56b78f91dd5813ab64112115eb0317c47a8d90f7e9e471eb7d45ef17780305cdc5f25c3273f4ec326b
1,MoRUWfgv82jgPd3T,1745173922000,14,1745173922000@PWAMoRUWfgv82jgPd3T,48e9206c7de9c54323c02040dc78e76aa0c53043014c292b5ee7dc2a271c121dfbe5491ac84dcb78556e7a07ad6457e3
12,Mos7mIoNK4avGvlS,1745170244000,13,1745170244000@PWAMos7mIoNK4avGvlS,857080b45fec774dac4b0dbff35726fa7f7b86e4aef967f6fa23cb050cb4308307c7706bdaeca0f65fd0c3b86327e71c
9,9R04ZA4ZZYUeRcWE,1745172287000,14,1745172287000@PWA9R04ZA4ZZYUeRcWE,00e9095e04fd07d56018a8b7341e86520922122409efee4830b8a64600a50ff19c51cfca1b3425e6972adc5ea108e569
11,Mos7mIoNK4avGvlS,1745177223000,15,1745177223000@PWAMos7mIoNK4avGvlS,e9c4656803009e4f589d29bb18eb6f72618c993a211ae92c642e0cd0d7d00795117bb1dfcdaca70eb7308d9f393b25a3
12,Mos7mIoNK4avGvlS,1745165499000,12,1745165499000@PWAMos7mIoNK4avGvlS,dd83656623ffe107b3e412c6b90ec7dfc8bd8475b352c88931a973b3a571610f793f2f0f8d133897d72ac91b716b766c
10,Mos7mIoNK4avGvlS,1745185262000,17,1745185262000@PWAMos7mIoNK4avGvlS,3183273f120fe50fa498e1cebbdcb1b2e2b2aba2b54f90b192471dfe6aa4ff2912026989557b574691869768b21a2d5f
19,lWCK205bclZHHIVe,1745150077000,7,1745150077000@PWAlWCK205bclZHHIVe,8f5cbac4d4f59d86f2ed1c611ed92f084ff91e7403da7a76036f007c7e221e3f5e4ffea1b4355315bf6820fb838ca99f
3,Mos7mIoNK4avGvlS,1745124256000,0,1745124256000@PWAMos7mIoNK4avGvlS,8737dac153bac961dc00b187d58d668d39dc1e5bbdef2a49ce59d70675760eae53638de56662e8bc5422f388fa6d3934
1,9R04ZA4ZZYUeRcWE,1745171676000,13,1745171676000@PWA9R04ZA4ZZYUeRcWE,493d7dec65d9a1bc6570181e00568505f9f85351ebbb267937dedff1438727a771395d5c7c0045d6e2b97bcc4058a878
15,lWCK205bclZHHIVe,1745151997000,8,1745151997000@PWAlWCK205bclZHHIVe,62d841613d694c7d3b68429cfa277c99d889f8b731702a787783287ea6e1094c5a8fb4e21b54db32021642834b2284b0
2,H99gdk4e90cz0zTP,1745188236000,18,1745188236000@PWAH99gdk4e90cz0zTP,3478c10351e5973f29c0cf71e27a0a42d38f93de18847df34b5a1d1db07373fad919c15405ad3ef5448e5cf0669072fb
4,Mos7mIoNK4avGvlS,1745171016000,13,1745171016000@PWAMos7mIoNK4avGvlS,8f91884a27a985e8ec856bd79a6cacc6d78a537df3372e198ac35c15b467986b2ff6842e2bc85d99254bb37c58be583e
11,H99gdk4e90cz0zTP,1745189477000,18,1745189477000@PWAH99gdk4e90cz0zTP,63d01da2b6ae06973fa430a567d12c544b20f88cde0bbaec20383d12c0c123a466ad65912dfb76c232f50cad5f1562a2
17,9R04ZA4ZZYUeRcWE,1745172919000,14,1745172919000@PWA9R04ZA4ZZYUeRcWE,3564d4247857830229ac29bfe8886409daa8c7537d5ecbdc547fbea22c1b0062fe706b59975c605038b7ea68a89f2586
6,9R04ZA4ZZYUeRcWE,1745186526000,18,1745186526000@PWA9R04ZA4ZZYUeRcWE,3cb6e766b5599b10a7e58554220123726bea83e737326b9261bb0ac8677dfdb083d99e029dde53de62d96c1357135a50
1,lWCK205bclZHHIVe,1745164439000,11,1745164439000@PWAlWCK205bclZHHIVe,713e7596ff3c184ae22ebf588c33b89af016c3a6180d69f8c27f35f987cd02a9c6310793e986fcdfd92f73bee6ac7f1c
15,MoRUWfgv82jgPd3T,1745157553000,9,1745157553000@PWAMoRUWfgv82jgPd3T,1a88bfa165eab82daad8b4f3df1bda8cccd73aa5fd90d564cd8d6a0227890590fc8b04bde975b14a987da17ad903170a
3,Mos7mIoNK4avGvlS,1745159929000,10,1745159929000@PWAMos7mIoNK4avGvlS,6087c260efefa710cae9309499f6154d9480e50b50a14804b3c1fc8151a9797889a6412cc690806de12cf8caf97c0ced
8,Mos7mIoNK4avGvlS,1745171313000,13,1745171313000@PWAMos7mIoNK4avGvlS,3d50ea64863afefc29121c9b8f009a6f2a3971d56a17ac8ed3a5a272bc161148882e771837b7e5ecc92bbe3e23aba90f
3,H99gdk4e90cz0zTP,1745178098000,15,1745178098000@PWAH99gdk4e90cz0zTP,5529235da4cb61abba251a5d2078e6cdbc69acdf6e06bd4f441d2da7d78bd9365b08babb47b1a3fdc8ba1d240d65d7eb
18,Mos7mIoNK4avGvlS,1745194293000,20,1745194293000@PWAMos7mIoNK4avGvlS,5e2a9df42b699c8d4eee67f3e9cf7d1fc36ccfbb3a758590554e0117e5751db6230a72e314fb31992110f0048964ed92
3,H99gdk4e90cz0zTP,1745166057000,12,1745166057000@PWAH99gdk4e90cz0zTP,a4fae6f02b0cb6f2ea0cbb95b3908fd969760e838a405c131f05f6ee1032e5986d122533a92e1d04d8c941674aa4fdfd
12,H99gdk4e90cz0zTP,1745154084000,9,1745154084000@PWAH99gdk4e90cz0zTP,9aa0596a577112a7a34e7b46ea22b8bb0e542359f0b27022c895a86d4fd69fc9a938ba70ae668a6ed873bf3a24ca2944
6,MoRUWfgv82jgPd3T,1745151470000,8,1745151470000@PWAMoRUWfgv82jgPd3T,2b0f46646dd0cc287683be75f873637814316cd7b54bcf2ea3ec654315ffc9ebcba4eefc6776efc651f81f8712452104
4,lWCK205bclZHHIVe,1745124345000,0,1745124345000@PWAlWCK205bclZHHIVe,5d899f67bca8465a47fd28b30e1df57fe9aaf213d4bad3dee03903464fef7731127fe0eaf238e12c2c35e49a1756f6ac
14,MoRUWfgv82jgPd3T,1745176954000,15,1745176954000@PWAMoRUWfgv82jgPd3T,5e1188f694ff80a1cdc769b8dfb709639141eb85c86e1e7d9cd8ef01df8ab22f4da7e14412052164cdde2fe329acd002
1,9R04ZA4ZZYUeRcWE,1745172983000,14,1745172983000@PWA9R04ZA4ZZYUeRcWE,e4f8ba4f9895125229e661fcbd0aeed507ff883b1ba1bf0590938aa3300cb3261e86f45b109eaf35984c0a6ce5a13e02
20,MoRUWfgv82jgPd3T,1745174211000,14,1745174211000@PWAMoRUWfgv82jgPd3T,4ff35d8e8b5c0e8d26a8310eb5d6e4a7762a6ac373076745cd87dde9466298fe35d1b8c2861634d0fac4a7f10fcb8c4f
7,lWCK205bclZHHIVe,1745166778000,12,1745166778000@PWAlWCK205bclZHHIVe,d27b0be4a6d274d545c546ba216aeeecfc7b986046316661fd4f80a8fa98687e02b128f4ed93dce2f954b2bdb3f71b2d
1,H99gdk4e90cz0zTP,1745154449000,9,1745154449000@PWAH99gdk4e90cz0zTP,927d882404591261fabb43892fd1ade79d680268067384f00ad77e838cee17f2529a9956f18ff9972053cdb63cce00e4
9,9R04ZA4ZZYUeRcWE,1745180898000,16,1745180898000@PWA9R04ZA4ZZYUeRcWE,895bbb5fce8792f82d419a7b20af8301ba61e5b57f23d1374ad27897be14093e9603c9a459992f3d6cae3b14883afc16
10,H99gdk4e90cz0zTP,1745189297000,18,1745189297000@PWAH99gdk4e90cz0zTP,5c1e27fd0e9b3b1d545ec57bc666717346ab771bf17fee1237b1d8eaae57cbc08e4aee01a71849ad950108d9d071f716
9,Mos7mIoNK4avGvlS,1745195847000,20,1745195847000@PWAMos7mIoNK4avGvlS,ae8b524d4c199a7416990161d0de32cf04d1cdaec7bcd8e1c4a0f791a2da44597f8e411f539648b8a162ff6f936785fa
7,lWCK205bclZHHIVe,1745177212000,15,1745177212000@PWAlWCK205bclZHHIVe,f76f4895fbe72a571f02862101491525d467c77780080f327d936bfa5a5bb2ae09d4f639c43a638e73a1eb3df488c556
11,H99gdk4e90cz0zTP,1745168377000,12,1745168377000@PWAH99gdk4e90cz0zTP,b096f3be79aee4f120ad64ae64e257c825ab182ecd84d2c43dcf1283510574eb22e397a748a208b16135af3d357075da
18,9R04ZA4ZZYUeRcWE,1745174130000,14,1745174130000@PWA9R04ZA4ZZYUeRcWE,dccfc0d37133e70f06f67c58fe62aa3ad43942ce15fc045f1c654faea95a840905caa27eaa8fb42fa79de7d79ed8d987
7,H99gdk4e90cz0zTP,1745186147000,17,1745186147000@PWAH99gdk4e90cz0zTP,9c51e1641b708b343a5c8ab44a0c99c5a94c968bdc7ff02585cb36ea7b27bc119bbe78b02279ab863537fc47f750d501
13,Mos7mIoNK4avGvlS,1745181243000,16,1745181243000@PWAMos7mIoNK4avGvlS,6138e48e99ae33aca6507fadcb7afd008b749f5f95349b0b28037d536f8be792df25d3604cc50259c619556de28af8e4
15,Mos7mIoNK4avGvlS,1745169295000,13,1745169295000@PWAMos7mIoNK4avGvlS,483fab0283d2319749dec75cbbb8a44167976f8f02a9d2e7912340af4344d2fbf6a611527000e1c53111a2cfd97bb03a
3,lWCK205bclZHHIVe,1745185893000,17,1745185893000@PWAlWCK205bclZHHIVe,b31788b15091875a6f3188784c817a40f7bc6eb6e4e132e9caf62099dd84b9005d53169916d2b43de8111723fd5f6937
3,Mos7mIoNK4avGvlS,1745176923000,15,1745176923000@PWAMos7mIoNK4avGvlS,1c8fc793e037947e9aed4029eb3516111c6684b1bc8842ab2d75bdd5703b1111cedf74a266f550bddb48cf85e93d7418
13,H99gdk4e90cz0zTP,1745184431000,17,1745184431000@PWAH99gdk4e90cz0zTP,887624358653bf8d346654c6f27cc90d285d3bcb085db2d2b6fdeb95f60edc5e2abe5db2c90e4ad0293e5bc50b1a520b
18,9R04ZA4ZZYUeRcWE,1745174913000,14,1745174913000@PWA9R04ZA4ZZYUeRcWE,826afd5237f90b656174ac1ebf3d065b637ff47186795ce93d33165a009001737c6113a48f05acafa6ef77184cfbc8df
3,Mos7mIoNK4avGvlS,1745176923000,15,1745176923000@PWAMos7mIoNK4avGvlS,1c8fc793e037947e9aed4029eb3516111c6684b1bc8842ab2d75bdd5703b1111cedf74a266f550bddb48cf85e93d7418
1,9R04ZA4ZZYUeRcWE,1745172983000,14,1745172983000@PWA9R04ZA4ZZYUeRcWE,e4f8ba4f9895125229e661fcbd0aeed507ff883b1ba1bf0590938aa3300cb3261e86f45b109eaf35984c0a6ce5a13e02
12,9R04ZA4ZZYUeRcWE,1745156466000,9,1745156466000@PWA9R04ZA4ZZYUeRcWE,c3544cfdbb545359eb0d6beb79c7f126e53cf8b1b3b02dc7a6790db74295c3cdc035dba3b3a98454cf7c992cbfd55c87
18,lWCK205bclZHHIVe,1745183776000,17,1745183776000@PWAlWCK205bclZHHIVe,3091ceacfdb15a8c1a62730e223257dcd8083b3f4d23f8e2d3826ee5f8e1a3a93874738d60a2c3841f78c1c652d14fd1
20,H99gdk4e90cz0zTP,1745196921000,20,1745196921000@PWAH99gdk4e90cz0zTP,a33829403fba7a39397cecce26d44e10c6afaedcaed56354212cb5234bcab7ae457f93cc5f787a1b2753486d09176fd4
20,MoRUWfgv82jgPd3T,1745123081000,0,1745123081000@PWAMoRUWfgv82jgPd3T,7c55dcb3ae2514fe19dfb3a85a73f4af3305f061e8db29be391f8a73c8c9fd2e6589a56968ea6ef48a6c44e424d0e0a7
5,Mos7mIoNK4avGvlS,1745189167000,18,1745189167000@PWAMos7mIoNK4avGvlS,af7c156350d625e84ebc0f57e9a8ae80050bae99c7699f5ed2653213301e53d78c6a1077a0a281ee16f3b04e89f573e1
13,H99gdk4e90cz0zTP,1745188767000,18,1745188767000@PWAH99gdk4e90cz0zTP,3da5d8bc0c38b62dd08f1c04a286a3f55b8b84b07f428f4caf7ddad946fe7426e50fd96f493df90f55fd92d533d338e5
20,9R04ZA4ZZYUeRcWE,1745190852000,19,1745190852000@PWA9R04ZA4ZZYUeRcWE,4228f1b812b5466b23c094d1179349e591f7e288a166229448c181b264ed2e2b6b1e53f73452a92a1805b53ff2483de1
3,9R04ZA4ZZYUeRcWE,1745165432000,12,1745165432000@PWA9R04ZA4ZZYUeRcWE,9bf0a1bf293c87c61bdacf3fcaa14a37bb16a333781dc38dca66f898471145176385a8f19443ad85107ff97ae13ba449
6,lWCK205bclZHHIVe,1745179256000,16,1745179256000@PWAlWCK205bclZHHIVe,1da157120556e53520a38d3b5870d5d0e7b0e9ab34034d4b9498a2af03aabb73196cb9bccba4a6f8050b843423327c15
17,Mos7mIoNK4avGvlS,1745171190000,13,1745171190000@PWAMos7mIoNK4avGvlS,d29f80784ee1dd3a347874cd18013d115c13cc88875f949000317c1fbfec93fa199d504f006d05ea48c76738039af5bd
19,Mos7mIoNK4avGvlS,1745184416000,17,1745184416000@PWAMos7mIoNK4avGvlS,4ca66db31a563a5654c442ca2a042af04cfa2a9c2c18a6128fe4054cc13ade4e72ac7c218dca5b6359e00ce1cd853e4c
5,H99gdk4e90cz0zTP,1745154008000,9,1745154008000@PWAH99gdk4e90cz0zTP,93438fa8c36daeb650c3aa5d1461bb6224bfefd632eeb79f0addc8d229cc25c35e35293ceb2713fad907bf11b48d48af
15,9R04ZA4ZZYUeRcWE,1745171395000,13,1745171395000@PWA9R04ZA4ZZYUeRcWE,cb479a017bd5b1a3e300005d57a064701b38855b4bf21d758a8e2bcdbaedfee0f2d1c9bef80ad3048d30cc829294ed2a
14,H99gdk4e90cz0zTP,1745150924000,8,1745150924000@PWAH99gdk4e90cz0zTP,d7abc7ec95e89dd8fb2fc08b7e04cf815bc9bbc1d14c5d58c5788633d8fa4ed42938d8ffda9c6ee0452f1e16166228c3
18,lWCK205bclZHHIVe,1745162544000,11,1745162544000@PWAlWCK205bclZHHIVe,1b06b7447f270eef457f5063c533ebbb2c4a2b02a1ee379db4e57999a1bd0d48c565b861c6bc8e8b610815b77ddea459
18,MoRUWfgv82jgPd3T,1745148410000,7,1745148410000@PWAMoRUWfgv82jgPd3T,0141f74b946753a7fbaac089806541cb86dd270ed6e8377256a837a45cb19da9954a72c4d711d374c624442b49e71fbf
3,Mos7mIoNK4avGvlS,1745159784000,10,1745159784000@PWAMos7mIoNK4avGvlS,02116938e0995ce575a2d6b8e8b3d92e8f96fcf1874e2e374bbc6132832bd856455f38c38bd62a837e7f735db692ea7b
11,lWCK205bclZHHIVe,1745147398000,7,1745147398000@PWAlWCK205bclZHHIVe,d891971a2e97d933ed5792de79ce672d75af2a04d1ea9c23842b0bf725c6b69cfedbc7885c3f34432b49947d9daea6e1
13,9R04ZA4ZZYUeRcWE,1745155718000,9,1745155718000@PWA9R04ZA4ZZYUeRcWE,78fef35f5bdebb12209ab030fdd62ec79add124095dd291f0133801d53c1c1f45d7be6252320da852f91671d61a716ea
14,9R04ZA4ZZYUeRcWE,1745175186000,14,1745175186000@PWA9R04ZA4ZZYUeRcWE,b550ebc4c95f1981a8c6d9e72a701747d33a72b77f29ac0229541c0168baa576f0a317c9131cf9a4b962e7857bfa2cfd
19,Mos7mIoNK4avGvlS,1745189013000,18,1745189013000@PWAMos7mIoNK4avGvlS,41366d6063dc773a6dac1552c8a748f606351f14c4c2841eae3c6e0fdaec29756216f8a33690dc0f28fb7cd869b896c3
9,lWCK205bclZHHIVe,1745171772000,13,1745171772000@PWAlWCK205bclZHHIVe,fc65c05f579ab00538b821ac4933b1a913d29b8c6df08b524ed224d4be8a4cad2937243b1e033ea1ce3d9f5c4df49028
16,H99gdk4e90cz0zTP,1745160080000,10,1745160080000@PWAH99gdk4e90cz0zTP,cac0d43464535d2a424fcd8fcc05ac790e7971533ec95e1de043b13dc81c77d2b617e0373109565861c215539b27064d
20,Mos7mIoNK4avGvlS,1745194284000,20,1745194284000@PWAMos7mIoNK4avGvlS,e5876476c6bac081c4d931ffd9f0408ca69c449d483468a3babbc2686c9d30f16b638afcaac35832735a8a13a2a9da29
6,9R04ZA4ZZYUeRcWE,1745147803000,7,1745147803000@PWA9R04ZA4ZZYUeRcWE,4cdb295c29786f428ebbfba1a406b6b42681aa7db798e64d49411d7cfe269c1893fa92c6162474e93196ca620dc4ddf1
10,Mos7mIoNK4avGvlS,1745183835000,17,1745183835000@PWAMos7mIoNK4avGvlS,97cdc10bfd1a0ce99dff534453a3a6adc615433e497431477f9cbc4d17e85588ac37a14d19bbb0f22a1da407367a9ecd
18,9R04ZA4ZZYUeRcWE,1745174564000,14,1745174564000@PWA9R04ZA4ZZYUeRcWE,92623de22d99ae956065474178ff87e883ba6d77f9964bc229c9253a6ba9c87ba636f44ef18b65d6c229922b0b032d46
20,Mos7mIoNK4avGvlS,1745177541000,15,1745177541000@PWAMos7mIoNK4avGvlS,79e3844e16cdc5926f5dc069a481520c116a1bd0ca7d5d370c817e60409558b4795a9581c05dd870e2c22837915fe28e
20,H99gdk4e90cz0zTP,1745186188000,17,1745186188000@PWAH99gdk4e90cz0zTP,37f0e5c39159f745540821458c3f77158b77d04608289ba33eac84930428cf7518ad6eb8f66d69c6d7a68e1fda335c95
11,lWCK205bclZHHIVe,1745147398000,7,1745147398000@PWAlWCK205bclZHHIVe,d891971a2e97d933ed5792de79ce672d75af2a04d1ea9c23842b0bf725c6b69cfedbc7885c3f34432b49947d9daea6e1
2,H99gdk4e90cz0zTP,1745188236000,18,1745188236000@PWAH99gdk4e90cz0zTP,3478c10351e5973f29c0cf71e27a0a42d38f93de18847df34b5a1d1db07373fad919c15405ad3ef5448e5cf0669072fb
10,Mos7mIoNK4avGvlS,1745175472000,14,1745175472000@PWAMos7mIoNK4avGvlS,c0943f70d1b92400c02022fd0642bd56289e805cc1f8210f0583e36c8782ca4145cb892e8cb16452efd5836f3dc5de2e
20,lWCK205bclZHHIVe,1745176518000,15,1745176518000@PWAlWCK205bclZHHIVe,4cb2f06ef387bcc229c936e6fd6517e5aba5df647718585c604dba19ad885d175c96ef02a8212774456dfc9a2952f1e9
18,9R04ZA4ZZYUeRcWE,1745174413000,14,1745174413000@PWA9R04ZA4ZZYUeRcWE,240845b4cedf3bd3d52bef2dbe383c044724015be3af0d140b2ff53b7ae12b59eda147326a91dbd6b47210a363847faa
6,Mos7mIoNK4avGvlS,1745182889000,17,1745182889000@PWAMos7mIoNK4avGvlS,fbf032b1debb6577dd6d7a7c2079f2b021df0c91020ebf851641f567a59f9bf119aff5fd829f6c2c3acf533d8272764b
3,9R04ZA4ZZYUeRcWE,1745158576000,10,1745158576000@PWA9R04ZA4ZZYUeRcWE,11caa20634e192eb0b64394a7d89bcc60954fc17a5fb600117ae60c7cf9ee8ae6896c262addd6555bd397b3cab038c78
3,MoRUWfgv82jgPd3T,1745193325000,19,1745193325000@PWAMoRUWfgv82jgPd3T,f5d37f24b20f5896f4a9a7874260dc90dbb4f54123cd91560e580ab7c22cbc1fc26c57a16c6ee8946f2ef83e484bb6e5
7,Mos7mIoNK4avGvlS,1745172558000,14,1745172558000@PWAMos7mIoNK4avGvlS,ddf52d1311dabcbc37d7c851ee68bc8230e62cd28f518d584ec7be095f48db5580def3d3d103982f33d61d00d00140b1
7,Mos7mIoNK4avGvlS,1745183958000,17,1745183958000@PWAMos7mIoNK4avGvlS,93a81aa41c32fbbe203e9d1bbf7f766ed88097c32648f5bc0d33750f6d2ef47616d7135c0f4167abb14cf7d0e902a7c7
16,lWCK205bclZHHIVe,1745182929000,17,1745182929000@PWAlWCK205bclZHHIVe,322d9149832a39353e82469736e5374fd91d7a5e28181104fecb3a034b0e036657099ff1d6022ff5f798aa3236fd1453
19,lWCK205bclZHHIVe,1745150213000,7,1745150213000@PWAlWCK205bclZHHIVe,179a6e1c6cf7270fe44baf1226684b2e208b881ea4af42232004139650da92426986a5f956369ecb2a0e24be06640005
7,Mos7mIoNK4avGvlS,1745183595000,17,1745183595000@PWAMos7mIoNK4avGvlS,82565f3757b45ddf508a28a1f8bed11f78b8072c44134aadb58b518ffdafcf88c08339af989e3d49482903927c12ba65
14,H99gdk4e90cz0zTP,1745163104000,11,1745163104000@PWAH99gdk4e90cz0zTP,1635300a46d1a4f6e5df4bea069b33997839f96c826d754fd0232ba0bf51c2384af15e624d90abea4ae9aac211ad735b
19,H99gdk4e90cz0zTP,1745186489000,18,1745186489000@PWAH99gdk4e90cz0zTP,bea0dfe66c54ff7725dc49ba1e846c3fef02f11e2e29ea9cc50562f5de0dc2ed0245be0f37f50286702367f05c8d2445
8,9R04ZA4ZZYUeRcWE,1745161949000,11,1745161949000@PWA9R04ZA4ZZYUeRcWE,0b478179da35ec491a7d892d43390d5402cc179cc0f9f1b9032ca15dd73840877ac3b6658feba2de4a4dd386b84d1d5e
17,lWCK205bclZHHIVe,1745168848000,13,1745168848000@PWAlWCK205bclZHHIVe,8b6f6a11b589800a3f9a0e3fddf7c9b4885e92b45eaaba147d17fac6f41d2da67d9a83608864b6df0270ac28dbeb8145
1,MoRUWfgv82jgPd3T,1745175816000,15,1745175816000@PWAMoRUWfgv82jgPd3T,e5b79758e18bf5900e52b6f4e5f8815f41cc41ad062f3044a7287b8a9b02a9d8047d839cfb3bf8517a299fab80882eee
17,H99gdk4e90cz0zTP,1745155478000,9,1745155478000@PWAH99gdk4e90cz0zTP,2e98f4b7c0729d4384e037b128f47af2df8672e86e5e82d1c608074d78d4e60f3bad76e6bb8834ac52d007a4d3cfad4b
9,9R04ZA4ZZYUeRcWE,1745180898000,16,1745180898000@PWA9R04ZA4ZZYUeRcWE,895bbb5fce8792f82d419a7b20af8301ba61e5b57f23d1374ad27897be14093e9603c9a459992f3d6cae3b14883afc16
19,9R04ZA4ZZYUeRcWE,1745151670000,8,1745151670000@PWA9R04ZA4ZZYUeRcWE,62bf21d7b167819e7bf38baa5d0c44d0964e929ee5ed9ea4ff3bfabfa9b3d8a0f9e4e2d06fa6c21d61e3a0497eaf682d
14,lWCK205bclZHHIVe,1745174035000,14,1745174035000@PWAlWCK205bclZHHIVe,4d8465a9a5deb8224813d2699125200340694dc21124993f26bb86eee2147f3c9492c16a6d2b3868461417f45387df20
20,lWCK205bclZHHIVe,1745170799000,13,1745170799000@PWAlWCK205bclZHHIVe,87d9e510ae7fcff6c784f32fb15a9ba1ace2ebd95527c982583ffd1c511bb09dfd8794522965b7b53be0465f2fb37ac3
6,Mos7mIoNK4avGvlS,1745192083000,19,1745192083000@PWAMos7mIoNK4avGvlS,fbfafc84a69e05994b65ded8b48d352f9c37792ce07ea1c76489e3070ccef88871d494572ca6197fe737cd393cb78ecd
5,Mos7mIoNK4avGvlS,1745189167000,18,1745189167000@PWAMos7mIoNK4avGvlS,af7c156350d625e84ebc0f57e9a8ae80050bae99c7699f5ed2653213301e53d78c6a1077a0a281ee16f3b04e89f573e1
15,Mos7mIoNK4avGvlS,1745155790000,9,1745155790000@PWAMos7mIoNK4avGvlS,9c84fd94816608f7a54e6403330d685a1d43331ed4e8336d68f4c55bee1c80a317535b9dcdea7e6bdaafad764d945aab
15,9R04ZA4ZZYUeRcWE,1745185366000,17,1745185366000@PWA9R04ZA4ZZYUeRcWE,62053a16f95a38d11f150caf3c1ce75625790f70ab6fde6c53c374ec67a43f3bda29f5ee8e7812733b678399f7cce43e
15,MoRUWfgv82jgPd3T,1745170779000,13,1745170779000@PWAMoRUWfgv82jgPd3T,3cae4eec04ad2dff0b34f59bdec5770509db27eb2e4605a909ce2e3dad2a37fb658cb387ddc4af77bff2b6630e6d5a95
11,9R04ZA4ZZYUeRcWE,1745164098000,11,1745164098000@PWA9R04ZA4ZZYUeRcWE,26ebba00df9a1f106d117e10fbdb327bbc929759f9caa620e36da17de1da1cd98ec2399e402ee9ca3cbaa84988bb73d5
3,H99gdk4e90cz0zTP,1745166057000,12,1745166057000@PWAH99gdk4e90cz0zTP,a4fae6f02b0cb6f2ea0cbb95b3908fd969760e838a405c131f05f6ee1032e5986d122533a92e1d04d8c941674aa4fdfd
15,9R04ZA4ZZYUeRcWE,1745179779000,16,1745179779000@PWA9R04ZA4ZZYUeRcWE,eb3fd5a2b37b06fad09528e29e986131698ed9188d53038c7bdd76ac8a4856c8d87589737d377a00dd4a8e1945350007
1,MoRUWfgv82jgPd3T,1745161498000,11,1745161498000@PWAMoRUWfgv82jgPd3T,df9339b77ea183363ebcd0b8cc6b2e28233e6c6adb98b3d7f6075989a27bbd206d2cd37d1beb8a7dadf0c2972e5a6074
17,Mos7mIoNK4avGvlS,1745175992000,15,1745175992000@PWAMos7mIoNK4avGvlS,84287011534cb29b554e69e4ba58a81c0f26afaeac2b19805e3f26de56c0d1812c706f5c08a5b071d69d77c1dc51cb5f
2,Mos7mIoNK4avGvlS,1745173783000,14,1745173783000@PWAMos7mIoNK4avGvlS,cbe25efe3249d773d1b022fac7a8a3730bcb0d1a761b47f95b471117cb02a42eb349c33d5cbdd8a1c0a4b361810e4f2b
18,H99gdk4e90cz0zTP,1745169350000,13,1745169350000@PWAH99gdk4e90cz0zTP,2571dda0aa3bf162593565e6a99bfe5fb2a6776a5ddf10d4e38702dc13833bc4f9ea08906e28647749c45cd9a0d5c04b
7,H99gdk4e90cz0zTP,1745167850000,12,1745167850000@PWAH99gdk4e90cz0zTP,fa91b918a8b675f06b860e2adac22f8a80d9df277f56a753e7b0345ec7f6c41158c704aeaf2c3f3a53477dc8da7cc84b
4,lWCK205bclZHHIVe,1745196836000,20,1745196836000@PWAlWCK205bclZHHIVe,8d179a653543275443a869bc4fc8fdeb5f6e2c09b689dcda8817fdda58bdd0e583b56a5c0f38646823406eddcc582d2e
19,lWCK205bclZHHIVe,1745170913000,13,1745170913000@PWAlWCK205bclZHHIVe,aaee20ef55215232c13c5dfb0bb43ea4b8135f9b9320f6e0658eab97aeb307bf2b3a0a9bea7adaca0a7aa4d5285a3514
13,H99gdk4e90cz0zTP,1745188767000,18,1745188767000@PWAH99gdk4e90cz0zTP,3da5d8bc0c38b62dd08f1c04a286a3f55b8b84b07f428f4caf7ddad946fe7426e50fd96f493df90f55fd92d533d338e5
8,Mos7mIoNK4avGvlS,1745176944000,15,1745176944000@PWAMos7mIoNK4avGvlS,d68eaab10231b67ba672d9a9e5c815cfe4405a2b9673864f618edad2d5b6ff2ef17c4104be75edc6e13be667ea10d376
1,MoRUWfgv82jgPd3T,1745183441000,17,1745183441000@PWAMoRUWfgv82jgPd3T,cfa425aa46dbdee2d10d788ca990388b83d941c89957201bcd3bd1a66251dc90274c70371bbc9404385da145d7c403a9
20,9R04ZA4ZZYUeRcWE,1745190852000,19,1745190852000@PWA9R04ZA4ZZYUeRcWE,4228f1b812b5466b23c094d1179349e591f7e288a166229448c181b264ed2e2b6b1e53f73452a92a1805b53ff2483de1
8,lWCK205bclZHHIVe,1745149257000,7,1745149257000@PWAlWCK205bclZHHIVe,e3e23944febc031ecb0bc5179e9f4546d801dd33cf7510c86e0bf7233003fc3dd6dab5de3c45484f54a8265006eca418
2,9R04ZA4ZZYUeRcWE,1745158686000,10,1745158686000@PWA9R04ZA4ZZYUeRcWE,7a4708f62111a8ba4787fb6499739530dc7be29cf0755aebc6f000d910afecf78e8e6392ca09c8b3a982be6477684f8a
6,H99gdk4e90cz0zTP,1745192732000,19,1745192732000@PWAH99gdk4e90cz0zTP,fe5784a7e7d9f7b2810ccfc1baec61df3a641ac810ec9d2eaaca0b49a424e34e56abf3c88a76bba5bda888eed087ef67
11,Mos7mIoNK4avGvlS,1745162430000,11,1745162430000@PWAMos7mIoNK4avGvlS,912f68a690e2d988e0ecc100a65461268a7d4e0d1dfd14b18f74345d6a9013717c8a174c24b0842f47e0011651a04e1a
14,lWCK205bclZHHIVe,1745154225000,9,1745154225000@PWAlWCK205bclZHHIVe,a6469ba0d6cb1e6e127c893393469e8f854660478d69b89d7d3c22495181734a3a81248804213f4384f6bcce532cf37d
1,MoRUWfgv82jgPd3T,1745179077000,15,1745179077000@PWAMoRUWfgv82jgPd3T,e070105b3be7475e42050176c8c99d882e13e6785759437d8f815a54acd7a3c45b589ddf6fdf15ef5feaac90d8153d0c
1,9R04ZA4ZZYUeRcWE,1745171676000,13,1745171676000@PWA9R04ZA4ZZYUeRcWE,493d7dec65d9a1bc6570181e00568505f9f85351ebbb267937dedff1438727a771395d5c7c0045d6e2b97bcc4058a878
12,Mos7mIoNK4avGvlS,1745153631000,8,1745153631000@PWAMos7mIoNK4avGvlS,b87f0f051ba3f8c4a4052bcc1f71e1b00629197c40aadd7c1f60f96f86a68f4b529f580aef688b2e3171c7bc625059c4
16,9R04ZA4ZZYUeRcWE,1745156745000,9,1745156745000@PWA9R04ZA4ZZYUeRcWE,a04ab1c1d1e2cb027c87fd999f2499d5cdce29cd8c571c8d5c1282b94c326c13a4ca519ab6e52835b0261053c58f0176
3,lWCK205bclZHHIVe,1745192235000,19,1745192235000@PWAlWCK205bclZHHIVe,b3dbf3b447274479898a6d6047a94620c4e3bbe817fbb6acd91b73aa1b4280f64f4ff993355dc2ed4e007d193fa4c761
14,lWCK205bclZHHIVe,1745154225000,9,1745154225000@PWAlWCK205bclZHHIVe,a6469ba0d6cb1e6e127c893393469e8f854660478d69b89d7d3c22495181734a3a81248804213f4384f6bcce532cf37d
9,Mos7mIoNK4avGvlS,1745180417000,16,1745180417000@PWAMos7mIoNK4avGvlS,367adbe30b9b70bea8d53690b95415826434e4ae9436ef134afc11055fe2f1cbaa4b4ef9d86601336a9b12a185378b08
15,H99gdk4e90cz0zTP,1745194396000,20,1745194396000@PWAH99gdk4e90cz0zTP,1211d22c55d7073bf73c9824008cef97cdd0b636d9357a4778ae512f5093a2d1227d5e69eaeb4afcf2f4670e1ea74a42
5,lWCK205bclZHHIVe,1745163233000,11,1745163233000@PWAlWCK205bclZHHIVe,9bc17bfbd6a19e1adb79b6cab674d6d1ddda649c94a4655cf97ef2ae8c54d0ba2b138f56f648d1cf98aab029b53730d6
20,MoRUWfgv82jgPd3T,1745143975000,6,1745143975000@PWAMoRUWfgv82jgPd3T,c3882a714652f698ff70d6e69560a691f5327ce0de63f45ebf670616968b3c0e2638f2cc61d6bfbecbd146962ee39a60
14,MoRUWfgv82jgPd3T,1745193657000,20,1745193657000@PWAMoRUWfgv82jgPd3T,27590839f8f1abcf8fe401a4339fd9573e782655cc3f1507e59bdc6675e8c4dd26eb360dbb0db68b65b286cd2a4022bf
2,Mos7mIoNK4avGvlS,1745161149000,10,1745161149000@PWAMos7mIoNK4avGvlS,97f2aa26760f5e9892d056c082aebd48d694233538c5baac7bbbff06d2e0b9b63306af45c548fb2aba182cfc0506a34d
11,H99gdk4e90cz0zTP,1745157603000,10,1745157603000@PWAH99gdk4e90cz0zTP,1915e8eaa4d1da96bcce141dc9dca178ed17014cb620e98198c0557664f96183f0b63e18405370b7d2fd27fbcdc94320
3,H99gdk4e90cz0zTP,1745172663000,14,1745172663000@PWAH99gdk4e90cz0zTP,ec0d024e61eb78dcc24ef5faeb515d8847adfc0f05f72bc8bf3116f1238680578caefa79312ab253836e4322acd8e0c0
11,lWCK205bclZHHIVe,1745174107000,14,1745174107000@PWAlWCK205bclZHHIVe,c570f4950fa05ca2022a38651eb5b1459dc73534e60fb885c0dea0e98ac2a5e67d64adc9776ef7d2dbe609e91a5a0b40
16,9R04ZA4ZZYUeRcWE,1745150907000,8,1745150907000@PWA9R04ZA4ZZYUeRcWE,3b1684f9a600114703c4faeacd2bd406b1e1b05e5e8699e9f4ab009575426ec11dd193af480526856772107208b00486
18,MoRUWfgv82jgPd3T,1745150279000,7,1745150279000@PWAMoRUWfgv82jgPd3T,6145270ce4417d321344ec407735d6f5e349833f4289bbc877b905ea6fe08b242243097f476612b6856cffe4972e461d
14,MoRUWfgv82jgPd3T,1745171746000,13,1745171746000@PWAMoRUWfgv82jgPd3T,d9832a2e41cd7ea99d98d5d133ac4f8fa5b47e0ab002d2aa5d287c8b7b795da66e20ff7fae9a94f64cb61bfeb11f1f06
16,Mos7mIoNK4avGvlS,1745164381000,11,1745164381000@PWAMos7mIoNK4avGvlS,46ac182cc1319cbc4b4ca693a22b1d8da2ae87537e07a8b67ea8f968522dc7e779702cf0b4b5e9f84b1c3890918d0607
12,lWCK205bclZHHIVe,1745195434000,20,1745195434000@PWAlWCK205bclZHHIVe,2b31bb584f5c49af58c07f378202539c23f3114cfda546a3d1b2df029a9a0e754fd2c09652a9ef92d7a2780c0285ed78
15,9R04ZA4ZZYUeRcWE,1745160698000,10,1745160698000@PWA9R04ZA4ZZYUeRcWE,74ea857d60fc666b71edff019d4497eea2546d8a69b5454d17554feb427d5e8c675ea4424ac3873eee102a5e0ed26ca0
