deviceID,timestamp
3a993897c2ea0b0ade96fe998c29387ab201bb6837a3aa2d95d1a1ba1b331179,0a429f2b15f6c5d99c7c9ab50677ca8e
3a993897c2ea0b0ade96fe998c29387ab201bb6837a3aa2d95d1a1ba1b331179,5799ec06e2b2fe5c332f55063ef182b3
3a993897c2ea0b0ade96fe998c29387ab201bb6837a3aa2d95d1a1ba1b331179,05b0a55d6d22396d0e2580d1b2a951a8
3a993897c2ea0b0ade96fe998c29387ab201bb6837a3aa2d95d1a1ba1b331179,83403e5d93bbead887822d3cf4d4d449
3a993897c2ea0b0ade96fe998c29387ab201bb6837a3aa2d95d1a1ba1b331179,1bd3b243def73ee83ef05b5e5351d594
3a993897c2ea0b0ade96fe998c29387ab201bb6837a3aa2d95d1a1ba1b331179,55efbe721de8ad946b9a6c8009bdd415
3a993897c2ea0b0ade96fe998c29387ab201bb6837a3aa2d95d1a1ba1b331179,9eceebc37c1396db84771cb1a82dfea2
3a993897c2ea0b0ade96fe998c29387ab201bb6837a3aa2d95d1a1ba1b331179,b991e0e81ded821da249fcd82d9ff054
3a993897c2ea0b0ade96fe998c29387ab201bb6837a3aa2d95d1a1ba1b331179,8eb2fc8021890857375f898df51af9a1
3a993897c2ea0b0ade96fe998c29387ab201bb6837a3aa2d95d1a1ba1b331179,de31108fe6a33d04044736538d9e994a
3a993897c2ea0b0ade96fe998c29387ab201bb6837a3aa2d95d1a1ba1b331179,34d722455d24526a4ad887001ab06050
3a993897c2ea0b0ade96fe998c29387ab201bb6837a3aa2d95d1a1ba1b331179,8888f48944d58e2be51a862c96431611
3a993897c2ea0b0ade96fe998c29387ab201bb6837a3aa2d95d1a1ba1b331179,12e9855046e17432f2077b34995eeb6e
3a993897c2ea0b0ade96fe998c29387ab201bb6837a3aa2d95d1a1ba1b331179,91d09c5efc0f3722fd771a5aa100d068
3a993897c2ea0b0ade96fe998c29387ab201bb6837a3aa2d95d1a1ba1b331179,f3175ddbb35e2070280cba27fd12218b
3a993897c2ea0b0ade96fe998c29387ab201bb6837a3aa2d95d1a1ba1b331179,a83b1b0b2401920de4595693e7a9575b
3a993897c2ea0b0ade96fe998c29387ab201bb6837a3aa2d95d1a1ba1b331179,b40c81df2007ed2dbb34d318d1334bc9
3a993897c2ea0b0ade96fe998c29387ab201bb6837a3aa2d95d1a1ba1b331179,c4fb6ade536614d49569d2ee96e62456
3a993897c2ea0b0ade96fe998c29387ab201bb6837a3aa2d95d1a1ba1b331179,db0b445890b3e73299f0f74e88edf064
3a993897c2ea0b0ade96fe998c29387ab201bb6837a3aa2d95d1a1ba1b331179,e23c95e9aed5330fda5e701c4e6ab842
3a993897c2ea0b0ade96fe998c29387ab201bb6837a3aa2d95d1a1ba1b331179,902f271ee50d8c960e66b2075e1913c4
3a993897c2ea0b0ade96fe998c29387ab201bb6837a3aa2d95d1a1ba1b331179,f9164d3160ba1aed91a1f4900916e55a
3a993897c2ea0b0ade96fe998c29387ab201bb6837a3aa2d95d1a1ba1b331179,e0457f58ea220bb4c91740b6774b37b9
3a993897c2ea0b0ade96fe998c29387ab201bb6837a3aa2d95d1a1ba1b331179,bf588e9ab34032859a5bc7ed1c59a800
3a993897c2ea0b0ade96fe998c29387ab201bb6837a3aa2d95d1a1ba1b331179,fe47d38e17c7aa5867d77b063e1c8a8a
3a993897c2ea0b0ade96fe998c29387ab201bb6837a3aa2d95d1a1ba1b331179,20775373fbb9ab04ca024566dd9db571
3a993897c2ea0b0ade96fe998c29387ab201bb6837a3aa2d95d1a1ba1b331179,8baa52ef7769862df94b6f6aa320a9d4
3a993897c2ea0b0ade96fe998c29387ab201bb6837a3aa2d95d1a1ba1b331179,585ae79c8f9b5a351dc0e7d4c6f6dea5
3a993897c2ea0b0ade96fe998c29387ab201bb6837a3aa2d95d1a1ba1b331179,2e975c4f461b56639e2002be47065aed
3a993897c2ea0b0ade96fe998c29387ab201bb6837a3aa2d95d1a1ba1b331179,353c085fa28def8944a7a64e2e77ddae
3a993897c2ea0b0ade96fe998c29387ab201bb6837a3aa2d95d1a1ba1b331179,7daa4e46f7710693043dacd3c12bbde3
3a993897c2ea0b0ade96fe998c29387ab201bb6837a3aa2d95d1a1ba1b331179,503c47230f95dd155af92cd64a5448e0
3a993897c2ea0b0ade96fe998c29387ab201bb6837a3aa2d95d1a1ba1b331179,3b78d183fc1e897c3380e4349e37ac83
3a993897c2ea0b0ade96fe998c29387ab201bb6837a3aa2d95d1a1ba1b331179,7309103a31154fdcadf6f7f27c804980
3a993897c2ea0b0ade96fe998c29387ab201bb6837a3aa2d95d1a1ba1b331179,f4701215eeeb62d1c97f70ebd221c483
3a993897c2ea0b0ade96fe998c29387ab201bb6837a3aa2d95d1a1ba1b331179,67018631c5d2ce0b6dfc457761c6af95
3a993897c2ea0b0ade96fe998c29387ab201bb6837a3aa2d95d1a1ba1b331179,af7eebfba0bc44ab21ac283157a0ab9b
3a993897c2ea0b0ade96fe998c29387ab201bb6837a3aa2d95d1a1ba1b331179,d5321b3e5e897171a4d96c0df96798c2
3a993897c2ea0b0ade96fe998c29387ab201bb6837a3aa2d95d1a1ba1b331179,0d857662e006eb875dbd4d1e5e4d2bd2
3a993897c2ea0b0ade96fe998c29387ab201bb6837a3aa2d95d1a1ba1b331179,6eeb7e72254e786bbebaf9b715c2ae26
3a993897c2ea0b0ade96fe998c29387ab201bb6837a3aa2d95d1a1ba1b331179,3688432f4b2f4da3edae093f27365c0b
3a993897c2ea0b0ade96fe998c29387ab201bb6837a3aa2d95d1a1ba1b331179,79d96c20aaa6d99235b64dd0b5e34f26
3a993897c2ea0b0ade96fe998c29387ab201bb6837a3aa2d95d1a1ba1b331179,7aa52e4e32e9f5e028ddf98d9923c288
3a993897c2ea0b0ade96fe998c29387ab201bb6837a3aa2d95d1a1ba1b331179,25282eeab642bd8b27cc373b2a1778d3
3a993897c2ea0b0ade96fe998c29387ab201bb6837a3aa2d95d1a1ba1b331179,87439a35368c1abd92ebe92fe4b6baaa
3a993897c2ea0b0ade96fe998c29387ab201bb6837a3aa2d95d1a1ba1b331179,3624d0d5e28618e2dd5eaa14cc7f27d3
3a993897c2ea0b0ade96fe998c29387ab201bb6837a3aa2d95d1a1ba1b331179,12806bf4564c52bd10a74754bc19ff96
3a993897c2ea0b0ade96fe998c29387ab201bb6837a3aa2d95d1a1ba1b331179,58f733ed77687cfaad6985c916f8e6e5
3a993897c2ea0b0ade96fe998c29387ab201bb6837a3aa2d95d1a1ba1b331179,68e7d32f49a79bb0b8d26be9fe2b0226
3a993897c2ea0b0ade96fe998c29387ab201bb6837a3aa2d95d1a1ba1b331179,b54c058b1c2e96387857da565f1913d9
7d8c3e33bd3e69dd789088648c5b129e71e53ab118d910c78885a067198d3ce8,7e8f306ce60b119e4a5a41ed7dc728b4
7d8c3e33bd3e69dd789088648c5b129e71e53ab118d910c78885a067198d3ce8,aafc8c1154300a8b2a8c99cac38e8cc4
7d8c3e33bd3e69dd789088648c5b129e71e53ab118d910c78885a067198d3ce8,756c149a4e1a81a56e3329e20415e19f
7d8c3e33bd3e69dd789088648c5b129e71e53ab118d910c78885a067198d3ce8,bb7233215a851c5108d5ce2cb83f4211
7d8c3e33bd3e69dd789088648c5b129e71e53ab118d910c78885a067198d3ce8,9533aa47c5be9576a3e708cb5d79b6de
7d8c3e33bd3e69dd789088648c5b129e71e53ab118d910c78885a067198d3ce8,7b06553b88356499706d884115ecf521
7d8c3e33bd3e69dd789088648c5b129e71e53ab118d910c78885a067198d3ce8,84b28f4a1879d7a4bfc7136d4fddb0d3
7d8c3e33bd3e69dd789088648c5b129e71e53ab118d910c78885a067198d3ce8,76e386df9ff75f4a6d4c49b88fa10e0f
7d8c3e33bd3e69dd789088648c5b129e71e53ab118d910c78885a067198d3ce8,474f27f452a0f8738164670cf5894e3a
7d8c3e33bd3e69dd789088648c5b129e71e53ab118d910c78885a067198d3ce8,48292eed3d0e5dc071f7cc14fd436f4d
7d8c3e33bd3e69dd789088648c5b129e71e53ab118d910c78885a067198d3ce8,b1102b349ddd31715daa9bc239f60e64
7d8c3e33bd3e69dd789088648c5b129e71e53ab118d910c78885a067198d3ce8,dc4b49d2140a7158bd9564e0a36cc443
7d8c3e33bd3e69dd789088648c5b129e71e53ab118d910c78885a067198d3ce8,3a3b283341c82204cc3c36eec66ba057
7d8c3e33bd3e69dd789088648c5b129e71e53ab118d910c78885a067198d3ce8,8c55479c7f16cddcd6da881c5e294bf0
7d8c3e33bd3e69dd789088648c5b129e71e53ab118d910c78885a067198d3ce8,5e42f7a6a977354931e26283ee9dacef
7d8c3e33bd3e69dd789088648c5b129e71e53ab118d910c78885a067198d3ce8,f3b1fe4d97783fe5c66c9166fa0bba41
7d8c3e33bd3e69dd789088648c5b129e71e53ab118d910c78885a067198d3ce8,f81f2470364536f7dcf225313b2184db
7d8c3e33bd3e69dd789088648c5b129e71e53ab118d910c78885a067198d3ce8,26474f17788b26cd8467f15b175bb019
7d8c3e33bd3e69dd789088648c5b129e71e53ab118d910c78885a067198d3ce8,d1619f89b6eb2328bfef6c31bbd52082
7d8c3e33bd3e69dd789088648c5b129e71e53ab118d910c78885a067198d3ce8,e697adcb6279e729bf235d2e5883016c
7d8c3e33bd3e69dd789088648c5b129e71e53ab118d910c78885a067198d3ce8,f4fbdd28da53dce488e35e5ee1c3e95e
7d8c3e33bd3e69dd789088648c5b129e71e53ab118d910c78885a067198d3ce8,e34b8c66f33f76006addf47bbb879e98
7d8c3e33bd3e69dd789088648c5b129e71e53ab118d910c78885a067198d3ce8,3a7eb654308833056cc17d31c973dfbb
7d8c3e33bd3e69dd789088648c5b129e71e53ab118d910c78885a067198d3ce8,cc09a4e85a33242f8299c1f427c214d8
7d8c3e33bd3e69dd789088648c5b129e71e53ab118d910c78885a067198d3ce8,8798883becd9d036de7393a395d51b8e
7d8c3e33bd3e69dd789088648c5b129e71e53ab118d910c78885a067198d3ce8,69ce7d4bfbe24310dbde65330b4cb1ba
7d8c3e33bd3e69dd789088648c5b129e71e53ab118d910c78885a067198d3ce8,e8f5ac67c76ae56f662a3d5d6f16adcb
7d8c3e33bd3e69dd789088648c5b129e71e53ab118d910c78885a067198d3ce8,a694a3c3995cd7b67b7a499712e5b197
7d8c3e33bd3e69dd789088648c5b129e71e53ab118d910c78885a067198d3ce8,842d9f028c773ceea9e8c7b70c72ccae
7d8c3e33bd3e69dd789088648c5b129e71e53ab118d910c78885a067198d3ce8,1ed2e5764b4490e471f38415d5ff82cb
7d8c3e33bd3e69dd789088648c5b129e71e53ab118d910c78885a067198d3ce8,65cb766c445754f933868ea531254522
7d8c3e33bd3e69dd789088648c5b129e71e53ab118d910c78885a067198d3ce8,e55e07de5e13d91ad977f148853b8858
7d8c3e33bd3e69dd789088648c5b129e71e53ab118d910c78885a067198d3ce8,19ec753c557242abe73af940f81e9bbc
7d8c3e33bd3e69dd789088648c5b129e71e53ab118d910c78885a067198d3ce8,bf44bd6c6051d0b6f7136abf199d280a
7d8c3e33bd3e69dd789088648c5b129e71e53ab118d910c78885a067198d3ce8,75b68137dba51bbbb310638d8bdc84a6
7d8c3e33bd3e69dd789088648c5b129e71e53ab118d910c78885a067198d3ce8,51c5c7818acbb3738edd4f9a29e67ce3
7d8c3e33bd3e69dd789088648c5b129e71e53ab118d910c78885a067198d3ce8,ce7b1c61339b2ef138f09bbc08d192e6
7d8c3e33bd3e69dd789088648c5b129e71e53ab118d910c78885a067198d3ce8,0bc6effe18165a5f0caafd8cce6a5795
7d8c3e33bd3e69dd789088648c5b129e71e53ab118d910c78885a067198d3ce8,a8360adbc5baa7886032f3e46d877948
9bdad39e04c9ad61937803c537188e58e6461e0843adc3737aca002f6fb786a9,d53d7af1c57262b7bbba66a618551da8
9bdad39e04c9ad61937803c537188e58e6461e0843adc3737aca002f6fb786a9,79fc7151113f379b9f71ed08f50f601a
9bdad39e04c9ad61937803c537188e58e6461e0843adc3737aca002f6fb786a9,bb4c2fa280021034277a970a311ea19f
9bdad39e04c9ad61937803c537188e58e6461e0843adc3737aca002f6fb786a9,de4ad122bf061389b643665dbfe8be27
9bdad39e04c9ad61937803c537188e58e6461e0843adc3737aca002f6fb786a9,e92b363967b434d26a835e4e618d69f3
9bdad39e04c9ad61937803c537188e58e6461e0843adc3737aca002f6fb786a9,507ba74f52afdf604bc7cacac68c3145
9bdad39e04c9ad61937803c537188e58e6461e0843adc3737aca002f6fb786a9,49b33abe5704829db8ba959e92ec8e92
9bdad39e04c9ad61937803c537188e58e6461e0843adc3737aca002f6fb786a9,76bf6ee89258aa1647244025d1968a0e
9bdad39e04c9ad61937803c537188e58e6461e0843adc3737aca002f6fb786a9,e85cdb488edd480dd151eab1279d12a0
9bdad39e04c9ad61937803c537188e58e6461e0843adc3737aca002f6fb786a9,1e9d11789317ea89dab31051fbc2076e
9bdad39e04c9ad61937803c537188e58e6461e0843adc3737aca002f6fb786a9,a32024b031f87d190ed15033e3f7ef76
9bdad39e04c9ad61937803c537188e58e6461e0843adc3737aca002f6fb786a9,d068c2fc3e6db1cb2982194d82a16308
9bdad39e04c9ad61937803c537188e58e6461e0843adc3737aca002f6fb786a9,39446f10eaf193bbf9aa7d02cdd49eee
9bdad39e04c9ad61937803c537188e58e6461e0843adc3737aca002f6fb786a9,4562a454d1bfc7081279ccaf4cbb51ff
9bdad39e04c9ad61937803c537188e58e6461e0843adc3737aca002f6fb786a9,013177d0ab229e6c8799912b5c8a737a
9bdad39e04c9ad61937803c537188e58e6461e0843adc3737aca002f6fb786a9,b4649a4660ecde53862639c1e26742c0
9bdad39e04c9ad61937803c537188e58e6461e0843adc3737aca002f6fb786a9,c3f5b8c4070a01706c3af6564a3989bf
9bdad39e04c9ad61937803c537188e58e6461e0843adc3737aca002f6fb786a9,3b55ae80dd680be4716dc3630a0eb664
9bdad39e04c9ad61937803c537188e58e6461e0843adc3737aca002f6fb786a9,95126df239d2888a2834b6a103ae1e89
9bdad39e04c9ad61937803c537188e58e6461e0843adc3737aca002f6fb786a9,a3a3b3ada0ffe99141f3f6453679e32b
fe411e43e7892dc793a64f315f4c8899fb208c483eb9bffe20a5e73f108df476,388b3c4f519399b83fd6b2614bd06268
fe411e43e7892dc793a64f315f4c8899fb208c483eb9bffe20a5e73f108df476,de480fa268c002d8e03f0cb91e87df7f
fe411e43e7892dc793a64f315f4c8899fb208c483eb9bffe20a5e73f108df476,9f603ffe5c465301f1dc6705b94a1828
fe411e43e7892dc793a64f315f4c8899fb208c483eb9bffe20a5e73f108df476,c3d45788cc5c21ea1e80ded5b4af5a01
fe411e43e7892dc793a64f315f4c8899fb208c483eb9bffe20a5e73f108df476,7b9549876c7a93bc00dbee01540cd070
fe411e43e7892dc793a64f315f4c8899fb208c483eb9bffe20a5e73f108df476,9205c783a541442b21d7510269530828
fe411e43e7892dc793a64f315f4c8899fb208c483eb9bffe20a5e73f108df476,429c7d28529720377081b8afe8348847
fe411e43e7892dc793a64f315f4c8899fb208c483eb9bffe20a5e73f108df476,8d3a7f9ad4391aae0920d42f61fb3391
fe411e43e7892dc793a64f315f4c8899fb208c483eb9bffe20a5e73f108df476,e99df4d14d93bc52df29731ce0be4090
fe411e43e7892dc793a64f315f4c8899fb208c483eb9bffe20a5e73f108df476,3cee8d0114536d755964f9a676d218de
fe411e43e7892dc793a64f315f4c8899fb208c483eb9bffe20a5e73f108df476,d398ca6745eeb3da7490d924b96f83f0
fe411e43e7892dc793a64f315f4c8899fb208c483eb9bffe20a5e73f108df476,d8e986d404f7048c70f20e45cb10b323
fe411e43e7892dc793a64f315f4c8899fb208c483eb9bffe20a5e73f108df476,9ba3cf252c385e5008fc90d9e1208408
fe411e43e7892dc793a64f315f4c8899fb208c483eb9bffe20a5e73f108df476,dd15a4171f78b207a7ebe24b7c7e543a
fe411e43e7892dc793a64f315f4c8899fb208c483eb9bffe20a5e73f108df476,13cab6585f55cfe5c5ad73d3057219c6
fe411e43e7892dc793a64f315f4c8899fb208c483eb9bffe20a5e73f108df476,7432bc383cd268fe4c04f906d5dc6a36
fe411e43e7892dc793a64f315f4c8899fb208c483eb9bffe20a5e73f108df476,769fc98d97034c644ff5fe4fd4cbedf5
fe411e43e7892dc793a64f315f4c8899fb208c483eb9bffe20a5e73f108df476,e37d78ca2e3571a736fc5c8c0c11eecb
fe411e43e7892dc793a64f315f4c8899fb208c483eb9bffe20a5e73f108df476,5f2442bd92a8e568dba4035b3c3d9208
fe411e43e7892dc793a64f315f4c8899fb208c483eb9bffe20a5e73f108df476,324cabe484924ace401eaf0671812b4b
fe411e43e7892dc793a64f315f4c8899fb208c483eb9bffe20a5e73f108df476,c0c4ab628c98c93ffd585015d6d91531
fe411e43e7892dc793a64f315f4c8899fb208c483eb9bffe20a5e73f108df476,9ec75d31038d05f7d58d1ecaae7660b7
fe411e43e7892dc793a64f315f4c8899fb208c483eb9bffe20a5e73f108df476,9d4f85097ef9b1d000c3c59fe0a38cb1
fe411e43e7892dc793a64f315f4c8899fb208c483eb9bffe20a5e73f108df476,1429405cf0b4e4c2e53363db4bc285ee
fe411e43e7892dc793a64f315f4c8899fb208c483eb9bffe20a5e73f108df476,bc25ff4ab705d7843acc6a8720fbfa81
fe411e43e7892dc793a64f315f4c8899fb208c483eb9bffe20a5e73f108df476,8268f86578efed8bab582d989369256e
fe411e43e7892dc793a64f315f4c8899fb208c483eb9bffe20a5e73f108df476,f0d3b7fc41a050ca346384cb80eb05f2
fe411e43e7892dc793a64f315f4c8899fb208c483eb9bffe20a5e73f108df476,a98d6f98aacfb4c60e701990fa82320d
fe411e43e7892dc793a64f315f4c8899fb208c483eb9bffe20a5e73f108df476,a3bf586de50c6c8dc9fd1fa9582365ac
fe411e43e7892dc793a64f315f4c8899fb208c483eb9bffe20a5e73f108df476,4bf6dc429d2f459fea507b2287abff4f
fe411e43e7892dc793a64f315f4c8899fb208c483eb9bffe20a5e73f108df476,54ecb8fcf61bde2cee9058321cc6b89c
fe411e43e7892dc793a64f315f4c8899fb208c483eb9bffe20a5e73f108df476,5ee3a168a579d8bc5a9deae11c16cf5e
fe411e43e7892dc793a64f315f4c8899fb208c483eb9bffe20a5e73f108df476,9879d997bfac7cc80f2043cf69a12ad3
fe411e43e7892dc793a64f315f4c8899fb208c483eb9bffe20a5e73f108df476,12dfaad5193738f7968c8dcd8a3b6211
fe411e43e7892dc793a64f315f4c8899fb208c483eb9bffe20a5e73f108df476,0c8af51e9ae6dbeb3ebd482e73323147
fe411e43e7892dc793a64f315f4c8899fb208c483eb9bffe20a5e73f108df476,db15174da09b8458283d8578280c4003
fe411e43e7892dc793a64f315f4c8899fb208c483eb9bffe20a5e73f108df476,012c83a144f1f834882ef7ecc6f28ef3
fe411e43e7892dc793a64f315f4c8899fb208c483eb9bffe20a5e73f108df476,76c1b842ea1a2b914397a55efea5f9d6
fe411e43e7892dc793a64f315f4c8899fb208c483eb9bffe20a5e73f108df476,3293578b788771fbc837145a1f29327b
fe411e43e7892dc793a64f315f4c8899fb208c483eb9bffe20a5e73f108df476,4f65d151326678830b701b685b70e658
fe411e43e7892dc793a64f315f4c8899fb208c483eb9bffe20a5e73f108df476,baa140d36d85bc63c6c472b9f4d3e81f
fe411e43e7892dc793a64f315f4c8899fb208c483eb9bffe20a5e73f108df476,4d00f4c4d7c429c873fa2110502bc87b
fe411e43e7892dc793a64f315f4c8899fb208c483eb9bffe20a5e73f108df476,d7584c3fcaa2db092bca3d139b952492
fe411e43e7892dc793a64f315f4c8899fb208c483eb9bffe20a5e73f108df476,b51c481c13ac4ce5e56a7a15aa1d14ec
fe411e43e7892dc793a64f315f4c8899fb208c483eb9bffe20a5e73f108df476,d6e1b35743aa5d918137f5deadc02004
fe411e43e7892dc793a64f315f4c8899fb208c483eb9bffe20a5e73f108df476,6d3dbfa41d55eec07d38c57dccb819af
fe411e43e7892dc793a64f315f4c8899fb208c483eb9bffe20a5e73f108df476,3df69b150f9260df63f28515e6f82b0f
fe411e43e7892dc793a64f315f4c8899fb208c483eb9bffe20a5e73f108df476,568d6f9a8b8313abdb0371ef84d46ccd
fe411e43e7892dc793a64f315f4c8899fb208c483eb9bffe20a5e73f108df476,cd0269842a42a0fb06c2d2261de22382
fe411e43e7892dc793a64f315f4c8899fb208c483eb9bffe20a5e73f108df476,1751d05af259c355d151be1a248a9b97
fe411e43e7892dc793a64f315f4c8899fb208c483eb9bffe20a5e73f108df476,55e18569026ece283d8ed9733d2e9328
fe411e43e7892dc793a64f315f4c8899fb208c483eb9bffe20a5e73f108df476,9cbe70db32b39021b26f742cd01aeeb1
fe411e43e7892dc793a64f315f4c8899fb208c483eb9bffe20a5e73f108df476,1766a55e87b9ddaea12e481be6310abb
fe411e43e7892dc793a64f315f4c8899fb208c483eb9bffe20a5e73f108df476,92deb105db50b51dbfb354ceb58860ba
fe411e43e7892dc793a64f315f4c8899fb208c483eb9bffe20a5e73f108df476,041659061f0be01ffce3cb7f453d1a2c
fe411e43e7892dc793a64f315f4c8899fb208c483eb9bffe20a5e73f108df476,bb5f88be74455b163bf632ca0df94b0c
fe411e43e7892dc793a64f315f4c8899fb208c483eb9bffe20a5e73f108df476,d611e05d494a6dc6ec7f3764c1d16b43
fe411e43e7892dc793a64f315f4c8899fb208c483eb9bffe20a5e73f108df476,af8d9b2886feab0ab5592c602ef1b913
fe411e43e7892dc793a64f315f4c8899fb208c483eb9bffe20a5e73f108df476,a92e8bdab83ee12edacb6835d2fed241
fe411e43e7892dc793a64f315f4c8899fb208c483eb9bffe20a5e73f108df476,3b3fb2ebec2ec6ee68e44403b411ad32
fe411e43e7892dc793a64f315f4c8899fb208c483eb9bffe20a5e73f108df476,1481afb97cdaeb523dfc0cfd52f3f49f
fe411e43e7892dc793a64f315f4c8899fb208c483eb9bffe20a5e73f108df476,7117e18c851fe7989a7703965ad7c645
fe411e43e7892dc793a64f315f4c8899fb208c483eb9bffe20a5e73f108df476,715bf38ba6fff2809b72bdb7ec829509
fe411e43e7892dc793a64f315f4c8899fb208c483eb9bffe20a5e73f108df476,d69b5f22da1836ea4e91f5fa1ed07772
fe411e43e7892dc793a64f315f4c8899fb208c483eb9bffe20a5e73f108df476,3e2882078a91e47cb92a487546ccd603
fe411e43e7892dc793a64f315f4c8899fb208c483eb9bffe20a5e73f108df476,c3ff903b32975a66bab4493fcca79e92
fe411e43e7892dc793a64f315f4c8899fb208c483eb9bffe20a5e73f108df476,6500e7c25551d7e921ef1b51b16fc775
fe411e43e7892dc793a64f315f4c8899fb208c483eb9bffe20a5e73f108df476,65f8a24011f5dc985fae396fb4d876cc
fe411e43e7892dc793a64f315f4c8899fb208c483eb9bffe20a5e73f108df476,b9c085f3ac25f74b4689170371cac1f6
fe411e43e7892dc793a64f315f4c8899fb208c483eb9bffe20a5e73f108df476,81a4e2ce7e67b6bff6fb2a1309b15bd3
fe411e43e7892dc793a64f315f4c8899fb208c483eb9bffe20a5e73f108df476,e416658110a569fffe3b5279e541b9ee
fe411e43e7892dc793a64f315f4c8899fb208c483eb9bffe20a5e73f108df476,a09930f4bd4efcbba1ad3cd52e87ada1
fe411e43e7892dc793a64f315f4c8899fb208c483eb9bffe20a5e73f108df476,84e7d487b742486bf9ce03e1de7f3636
fe411e43e7892dc793a64f315f4c8899fb208c483eb9bffe20a5e73f108df476,9efffb66c606801aaa4efd34c64705dd
fe411e43e7892dc793a64f315f4c8899fb208c483eb9bffe20a5e73f108df476,df330344cc2fc770925ac07d3ffc5830
fe411e43e7892dc793a64f315f4c8899fb208c483eb9bffe20a5e73f108df476,bdebabd8c1be17ec35fa9435e0c38226
fe411e43e7892dc793a64f315f4c8899fb208c483eb9bffe20a5e73f108df476,45cea00cfdc5e72afe5b2dd84f4592c7
fe411e43e7892dc793a64f315f4c8899fb208c483eb9bffe20a5e73f108df476,141c904830eb0bf762da780e8775a7fd
fe411e43e7892dc793a64f315f4c8899fb208c483eb9bffe20a5e73f108df476,1abf6f2c5ab146d0a5e9878bc88d6710
fe411e43e7892dc793a64f315f4c8899fb208c483eb9bffe20a5e73f108df476,ab5783bbd4f77f565044c6f06f2dd5c0
926dd5b7fda679d59edbdf8b28943a5cf30dab465662f78719f890fd5025d577,e333fbe069621bb8cff975ed0ef37687
926dd5b7fda679d59edbdf8b28943a5cf30dab465662f78719f890fd5025d577,4daa1026d9f51e457718ae39110f6308
926dd5b7fda679d59edbdf8b28943a5cf30dab465662f78719f890fd5025d577,40523d7afa604c4a877230b46125f751
926dd5b7fda679d59edbdf8b28943a5cf30dab465662f78719f890fd5025d577,e01ff8047b98cdafac8564bc7688f9ce
926dd5b7fda679d59edbdf8b28943a5cf30dab465662f78719f890fd5025d577,4bcbe637173ba5cd8f4733937759887c
926dd5b7fda679d59edbdf8b28943a5cf30dab465662f78719f890fd5025d577,3368b52923556e743938fc8aff532d45
926dd5b7fda679d59edbdf8b28943a5cf30dab465662f78719f890fd5025d577,d180d876ef190d45c1624db10c348f7c
926dd5b7fda679d59edbdf8b28943a5cf30dab465662f78719f890fd5025d577,19ce1769b12815b2abda05342fe7ee24
926dd5b7fda679d59edbdf8b28943a5cf30dab465662f78719f890fd5025d577,c5b73cf4dd612daac52075bb04e2ea61
926dd5b7fda679d59edbdf8b28943a5cf30dab465662f78719f890fd5025d577,5eabf66d8f51487a22206ac244268d6b
926dd5b7fda679d59edbdf8b28943a5cf30dab465662f78719f890fd5025d577,af3a8c6025d62fe2071f3a8d912e5af2
926dd5b7fda679d59edbdf8b28943a5cf30dab465662f78719f890fd5025d577,61379ea88eecffd314d28e483e0ddcfc
926dd5b7fda679d59edbdf8b28943a5cf30dab465662f78719f890fd5025d577,ef349b73c07b7a5961d35f88b2a6c8f9
926dd5b7fda679d59edbdf8b28943a5cf30dab465662f78719f890fd5025d577,df241757adadeb838cec071cd8b14d29
926dd5b7fda679d59edbdf8b28943a5cf30dab465662f78719f890fd5025d577,30f4372829e41b0f09c1bb7b3f34b7a0
926dd5b7fda679d59edbdf8b28943a5cf30dab465662f78719f890fd5025d577,475d986f8110b7bf5ec771d6f820a861
926dd5b7fda679d59edbdf8b28943a5cf30dab465662f78719f890fd5025d577,b372b53fc0831fc32920f1f79f79fcd6
926dd5b7fda679d59edbdf8b28943a5cf30dab465662f78719f890fd5025d577,6ea42b645ea3c76ed2f4bba1f4c2c572
926dd5b7fda679d59edbdf8b28943a5cf30dab465662f78719f890fd5025d577,970ec9f55ab38cb1033d8741f568f24a
926dd5b7fda679d59edbdf8b28943a5cf30dab465662f78719f890fd5025d577,9a308925ac8d8ef7c1f6b20fb2845961
926dd5b7fda679d59edbdf8b28943a5cf30dab465662f78719f890fd5025d577,a62d47e05d49042f0997bd0e112e695e
926dd5b7fda679d59edbdf8b28943a5cf30dab465662f78719f890fd5025d577,516e8a63016ef0ed808ea46346b52312
926dd5b7fda679d59edbdf8b28943a5cf30dab465662f78719f890fd5025d577,3b0937a9ff3c93f19d59e15ee1c3da93
926dd5b7fda679d59edbdf8b28943a5cf30dab465662f78719f890fd5025d577,009fb8ecb50f2a279eab0d538bf38dd9
926dd5b7fda679d59edbdf8b28943a5cf30dab465662f78719f890fd5025d577,d963ae298b5aef3006c29a4da0541bfb
926dd5b7fda679d59edbdf8b28943a5cf30dab465662f78719f890fd5025d577,b8d6c2aa4cd36138ea7a7ffa2e69f4c5
926dd5b7fda679d59edbdf8b28943a5cf30dab465662f78719f890fd5025d577,d974d3b4623be09985ad309bfa7696e1
926dd5b7fda679d59edbdf8b28943a5cf30dab465662f78719f890fd5025d577,c078a1109641acf35174f195a3f59071
926dd5b7fda679d59edbdf8b28943a5cf30dab465662f78719f890fd5025d577,aa383e4b064166259cb6d0144b6052f1
926dd5b7fda679d59edbdf8b28943a5cf30dab465662f78719f890fd5025d577,d89381ce25cd60cdc868c5fbb86182bd
926dd5b7fda679d59edbdf8b28943a5cf30dab465662f78719f890fd5025d577,0c359aed73f8e52205e3a972d067b7d8
926dd5b7fda679d59edbdf8b28943a5cf30dab465662f78719f890fd5025d577,aa409e9639fe7db430f72b8af7fc9a28
926dd5b7fda679d59edbdf8b28943a5cf30dab465662f78719f890fd5025d577,3f31b9625fb5136ab52ab603b4086232
926dd5b7fda679d59edbdf8b28943a5cf30dab465662f78719f890fd5025d577,1c841b77572a4ea1539b615b049c2cad
926dd5b7fda679d59edbdf8b28943a5cf30dab465662f78719f890fd5025d577,c6fcfe6fb546e9580e2934c3b789f20e
926dd5b7fda679d59edbdf8b28943a5cf30dab465662f78719f890fd5025d577,82af073b7ed9f11ced12f23bf790e933
926dd5b7fda679d59edbdf8b28943a5cf30dab465662f78719f890fd5025d577,b985ad19b52b1a7983be5929fc19924c
926dd5b7fda679d59edbdf8b28943a5cf30dab465662f78719f890fd5025d577,c55dd7fc637d817f1f57c0ca7f9b4afb
926dd5b7fda679d59edbdf8b28943a5cf30dab465662f78719f890fd5025d577,c5f0486139ddacf2b49b66a701081e0c
926dd5b7fda679d59edbdf8b28943a5cf30dab465662f78719f890fd5025d577,dec590f5411d435c0cf694b8a9e15d28
926dd5b7fda679d59edbdf8b28943a5cf30dab465662f78719f890fd5025d577,3972e7014c189ed4f203cb76f5a26af7
926dd5b7fda679d59edbdf8b28943a5cf30dab465662f78719f890fd5025d577,45881bb820d2bb2dd895eb6cea7cc293
926dd5b7fda679d59edbdf8b28943a5cf30dab465662f78719f890fd5025d577,80fde4a87668291c245b81218ca9b844
926dd5b7fda679d59edbdf8b28943a5cf30dab465662f78719f890fd5025d577,ed5b9f72ae3e9ac370b5037a1f0d217e
926dd5b7fda679d59edbdf8b28943a5cf30dab465662f78719f890fd5025d577,79d96c20aaa6d99235b64dd0b5e34f26
926dd5b7fda679d59edbdf8b28943a5cf30dab465662f78719f890fd5025d577,f066bbaefa28f2b5256f38a49e1d1c4e
926dd5b7fda679d59edbdf8b28943a5cf30dab465662f78719f890fd5025d577,19f8717922caac4e8450766c80038a03
926dd5b7fda679d59edbdf8b28943a5cf30dab465662f78719f890fd5025d577,b9bd2826afde26dd2d35b870e49d2722
926dd5b7fda679d59edbdf8b28943a5cf30dab465662f78719f890fd5025d577,c8331ffba1cc27ca9e715e637b5f80ca
926dd5b7fda679d59edbdf8b28943a5cf30dab465662f78719f890fd5025d577,be5d401956128a0512c96753cd027321
e8b24fe6c8ad972a1ed82ecb636f11711733cd190f18a61bfeeccf87dcd50ed8,dd9fce7ca4cea5b48a27989e7e562791
e8b24fe6c8ad972a1ed82ecb636f11711733cd190f18a61bfeeccf87dcd50ed8,7e150d6cd32bea8ea26b834e05a857a6
e8b24fe6c8ad972a1ed82ecb636f11711733cd190f18a61bfeeccf87dcd50ed8,2e8642a32cd1e66dfcc09cdc4a3f1344
e8b24fe6c8ad972a1ed82ecb636f11711733cd190f18a61bfeeccf87dcd50ed8,d60b3ec090dc35c0343b3dde9212a642
e8b24fe6c8ad972a1ed82ecb636f11711733cd190f18a61bfeeccf87dcd50ed8,1e6237f1d3bbc36eba23008cb2c55eb9
e8b24fe6c8ad972a1ed82ecb636f11711733cd190f18a61bfeeccf87dcd50ed8,d36b410f234ada4f7d69fbda6db3daab
e8b24fe6c8ad972a1ed82ecb636f11711733cd190f18a61bfeeccf87dcd50ed8,1b8c44c22f98f0d14c377e204866ac3c
e8b24fe6c8ad972a1ed82ecb636f11711733cd190f18a61bfeeccf87dcd50ed8,cd61266558137b423a26bb2c92da8975
e8b24fe6c8ad972a1ed82ecb636f11711733cd190f18a61bfeeccf87dcd50ed8,e87d6680a62bf85100428c306451a346
e8b24fe6c8ad972a1ed82ecb636f11711733cd190f18a61bfeeccf87dcd50ed8,ddb60aa4ade7152b3d6739435d621f29
e8b24fe6c8ad972a1ed82ecb636f11711733cd190f18a61bfeeccf87dcd50ed8,2a2bac35b7e161af7cb414c3694a3262
e8b24fe6c8ad972a1ed82ecb636f11711733cd190f18a61bfeeccf87dcd50ed8,6f9492eb152df27926019d91346c231c
e8b24fe6c8ad972a1ed82ecb636f11711733cd190f18a61bfeeccf87dcd50ed8,1d1cc3ca5bec1b7479176b7702abad0f
e8b24fe6c8ad972a1ed82ecb636f11711733cd190f18a61bfeeccf87dcd50ed8,cfc640b415234666c3230c77ffaaea1f
e8b24fe6c8ad972a1ed82ecb636f11711733cd190f18a61bfeeccf87dcd50ed8,a0e335af66dbc02707ae8bd5474a27fc
e8b24fe6c8ad972a1ed82ecb636f11711733cd190f18a61bfeeccf87dcd50ed8,76beeefb02172f297162c47d8c02daa3
e8b24fe6c8ad972a1ed82ecb636f11711733cd190f18a61bfeeccf87dcd50ed8,21ef7a90069f812a2792c2ff38260998
e8b24fe6c8ad972a1ed82ecb636f11711733cd190f18a61bfeeccf87dcd50ed8,12af0b972eee0ece7ac9edf4b6736d61
e8b24fe6c8ad972a1ed82ecb636f11711733cd190f18a61bfeeccf87dcd50ed8,c6b55b30b9749a4082c3be1688a901f0
e8b24fe6c8ad972a1ed82ecb636f11711733cd190f18a61bfeeccf87dcd50ed8,7950912af8f55e7bfa1a17480d451a8a
e8b24fe6c8ad972a1ed82ecb636f11711733cd190f18a61bfeeccf87dcd50ed8,2773dfbd8ce60b0876472d3bd1556f8c
e8b24fe6c8ad972a1ed82ecb636f11711733cd190f18a61bfeeccf87dcd50ed8,26efee79d7e914ff34a7105b80cc0f35
e8b24fe6c8ad972a1ed82ecb636f11711733cd190f18a61bfeeccf87dcd50ed8,8ebc5a37cb47fc6c72ec252c89adcf22
e8b24fe6c8ad972a1ed82ecb636f11711733cd190f18a61bfeeccf87dcd50ed8,53ecdca756db282a003722289b11e31d
e8b24fe6c8ad972a1ed82ecb636f11711733cd190f18a61bfeeccf87dcd50ed8,ef6682b525130c786f3bfdb050fc5c90
e8b24fe6c8ad972a1ed82ecb636f11711733cd190f18a61bfeeccf87dcd50ed8,69bc113d93371ede81037e776f9c9be9
e8b24fe6c8ad972a1ed82ecb636f11711733cd190f18a61bfeeccf87dcd50ed8,5eae3b236999ac3cbe3eb2e276751702
e8b24fe6c8ad972a1ed82ecb636f11711733cd190f18a61bfeeccf87dcd50ed8,c4529ccd2ec3701bbc9dd13059372d82
e8b24fe6c8ad972a1ed82ecb636f11711733cd190f18a61bfeeccf87dcd50ed8,ebf20ad306fa4465fc7ac91989f32ec7
e8b24fe6c8ad972a1ed82ecb636f11711733cd190f18a61bfeeccf87dcd50ed8,38e3dc205eb0ad381198a55d33382193
e8b24fe6c8ad972a1ed82ecb636f11711733cd190f18a61bfeeccf87dcd50ed8,55cd9b43729aac015439afc6214bd9b7
e8b24fe6c8ad972a1ed82ecb636f11711733cd190f18a61bfeeccf87dcd50ed8,89a431d178feefaf6cdf9e9178b6a150
e8b24fe6c8ad972a1ed82ecb636f11711733cd190f18a61bfeeccf87dcd50ed8,aaf1c4345f72b1f9c873032a1eae01bd
e8b24fe6c8ad972a1ed82ecb636f11711733cd190f18a61bfeeccf87dcd50ed8,45d628069a87ee44235e46cd3afa2f77
e8b24fe6c8ad972a1ed82ecb636f11711733cd190f18a61bfeeccf87dcd50ed8,c2fb2de6763bbf0fe5ad123525f394a9
e8b24fe6c8ad972a1ed82ecb636f11711733cd190f18a61bfeeccf87dcd50ed8,29c5867a5e479f73baa7a12e922160ce
e8b24fe6c8ad972a1ed82ecb636f11711733cd190f18a61bfeeccf87dcd50ed8,4ac274ab7debdf29da53e744de95fb83
e8b24fe6c8ad972a1ed82ecb636f11711733cd190f18a61bfeeccf87dcd50ed8,6646c8daf256b2765f0b2b1c226eeac1
e8b24fe6c8ad972a1ed82ecb636f11711733cd190f18a61bfeeccf87dcd50ed8,4cd0e1a5bf630b7fcd124d174e6c4ad2
e8b24fe6c8ad972a1ed82ecb636f11711733cd190f18a61bfeeccf87dcd50ed8,3964f3483a45784444fed549aa359616
e8b24fe6c8ad972a1ed82ecb636f11711733cd190f18a61bfeeccf87dcd50ed8,8ae4e96dbf691a23d9971074d51e6613
e8b24fe6c8ad972a1ed82ecb636f11711733cd190f18a61bfeeccf87dcd50ed8,a7c30c3326cae4faebe81df4547c36d0
e8b24fe6c8ad972a1ed82ecb636f11711733cd190f18a61bfeeccf87dcd50ed8,b5b9e5ed5e3106bce276ae968bb1bec9
e8b24fe6c8ad972a1ed82ecb636f11711733cd190f18a61bfeeccf87dcd50ed8,ecd798e646e193a6194150ed84505332
e8b24fe6c8ad972a1ed82ecb636f11711733cd190f18a61bfeeccf87dcd50ed8,8348b37f952c7eebeed4c885a502d08f
e8b24fe6c8ad972a1ed82ecb636f11711733cd190f18a61bfeeccf87dcd50ed8,5e9f9d5f91509a1565a0d2afe1f0b94e
e8b24fe6c8ad972a1ed82ecb636f11711733cd190f18a61bfeeccf87dcd50ed8,47920fcb899b8d7a87eb608ce3c1ad21
e8b24fe6c8ad972a1ed82ecb636f11711733cd190f18a61bfeeccf87dcd50ed8,a52575d20f2c5ad34a096a77cfdeb9b0
252116aafef73f5559aa4d78ea1f194b3aea5386c021219198b4379689afb251,11f7e5f6ebb85ed13578ef92b14c6ee3
252116aafef73f5559aa4d78ea1f194b3aea5386c021219198b4379689afb251,a18b46932cf2d94fafff705c05632899
252116aafef73f5559aa4d78ea1f194b3aea5386c021219198b4379689afb251,f66b5a3356a8b31966dafb0217a88b28
252116aafef73f5559aa4d78ea1f194b3aea5386c021219198b4379689afb251,3bbdfc554d868d397cfc9cabaf6f016d
252116aafef73f5559aa4d78ea1f194b3aea5386c021219198b4379689afb251,148938d10e3da408bc60b6521e285262
252116aafef73f5559aa4d78ea1f194b3aea5386c021219198b4379689afb251,6b205a6dbc4772a3954374b7fb68db27
252116aafef73f5559aa4d78ea1f194b3aea5386c021219198b4379689afb251,65d917e5e048302ded2e417cd47c036b
252116aafef73f5559aa4d78ea1f194b3aea5386c021219198b4379689afb251,740f8c9147fdba4a8711dd1e56e21d10
252116aafef73f5559aa4d78ea1f194b3aea5386c021219198b4379689afb251,8a16bcd1aade95a5b1e22d3acf95f91e
252116aafef73f5559aa4d78ea1f194b3aea5386c021219198b4379689afb251,049b29ba0e08ee3fad17f3a71c657814
252116aafef73f5559aa4d78ea1f194b3aea5386c021219198b4379689afb251,8fa854e1e3df072d880f0b34a9798106
252116aafef73f5559aa4d78ea1f194b3aea5386c021219198b4379689afb251,089fc1bb0d1278fb7b7c0bd91a2182ac
252116aafef73f5559aa4d78ea1f194b3aea5386c021219198b4379689afb251,eeca22efdec57c5f1729a19757b12eb1
252116aafef73f5559aa4d78ea1f194b3aea5386c021219198b4379689afb251,e57cc1fccdd56ea6e00ea8dbf527d9ea
252116aafef73f5559aa4d78ea1f194b3aea5386c021219198b4379689afb251,83f5d40e28b45cc66d7c72f0bef6eea4
252116aafef73f5559aa4d78ea1f194b3aea5386c021219198b4379689afb251,e60a7e89e16688eacc689c1ef0c7fb66
252116aafef73f5559aa4d78ea1f194b3aea5386c021219198b4379689afb251,b37b49d786b0300d14cf71063b871b0f
252116aafef73f5559aa4d78ea1f194b3aea5386c021219198b4379689afb251,60d2736224a8f98ae10f39567dae5300
252116aafef73f5559aa4d78ea1f194b3aea5386c021219198b4379689afb251,68d873d907af4ac8ea8a1955f9584097
252116aafef73f5559aa4d78ea1f194b3aea5386c021219198b4379689afb251,061671c10344cfda9f941332568091a4
252116aafef73f5559aa4d78ea1f194b3aea5386c021219198b4379689afb251,2f28c2478fb9f9ca21eb5c698cdfbcee
252116aafef73f5559aa4d78ea1f194b3aea5386c021219198b4379689afb251,dcb4852e490e09c02dd8d92f76c99a56
252116aafef73f5559aa4d78ea1f194b3aea5386c021219198b4379689afb251,06e49bd59dc53d7d10a883f1958973ce
252116aafef73f5559aa4d78ea1f194b3aea5386c021219198b4379689afb251,fe11298ab68c93087d474ee01173225e
252116aafef73f5559aa4d78ea1f194b3aea5386c021219198b4379689afb251,073cc2557d7c9f05f661229580c9c5b4
252116aafef73f5559aa4d78ea1f194b3aea5386c021219198b4379689afb251,df07418c5171f24b7a0a97a1bb244c50
252116aafef73f5559aa4d78ea1f194b3aea5386c021219198b4379689afb251,395520917356be7328d05b35431a9c2d
252116aafef73f5559aa4d78ea1f194b3aea5386c021219198b4379689afb251,d0a30aea04e1d23872a39f31ae9fe66c
252116aafef73f5559aa4d78ea1f194b3aea5386c021219198b4379689afb251,40a66b93049a2cf1ed85964ef568ce79
252116aafef73f5559aa4d78ea1f194b3aea5386c021219198b4379689afb251,280a0b3107ca7b6ffbb9102f5e6b86d1
252116aafef73f5559aa4d78ea1f194b3aea5386c021219198b4379689afb251,705b72ec4545e27ff2018f4d1c6bbb26
252116aafef73f5559aa4d78ea1f194b3aea5386c021219198b4379689afb251,171ab1464f3541640a04e4b70a3512da
252116aafef73f5559aa4d78ea1f194b3aea5386c021219198b4379689afb251,eb329d7a4e572f71d05671df9081ea63
252116aafef73f5559aa4d78ea1f194b3aea5386c021219198b4379689afb251,1592de66e1107e47c2a979e6dcb89c6d
252116aafef73f5559aa4d78ea1f194b3aea5386c021219198b4379689afb251,b5f27e175a0fd2ee59115189e14f2481
252116aafef73f5559aa4d78ea1f194b3aea5386c021219198b4379689afb251,438a8016fa27713ff5b370a2be1ba677
252116aafef73f5559aa4d78ea1f194b3aea5386c021219198b4379689afb251,f5e7d1638e65a8051bd6a8437ddbc9d4
252116aafef73f5559aa4d78ea1f194b3aea5386c021219198b4379689afb251,ad8ef18804a5ca07eca85686fe07307a
252116aafef73f5559aa4d78ea1f194b3aea5386c021219198b4379689afb251,628fc8b3348aa34511ade5c1431586ad
252116aafef73f5559aa4d78ea1f194b3aea5386c021219198b4379689afb251,b7ec7069e24e9736c27ffb5392486efa
252116aafef73f5559aa4d78ea1f194b3aea5386c021219198b4379689afb251,c046ef239d44190b18c7020a75c1324f
252116aafef73f5559aa4d78ea1f194b3aea5386c021219198b4379689afb251,940b98699b313c5bc3e7623a3a3424e5
252116aafef73f5559aa4d78ea1f194b3aea5386c021219198b4379689afb251,357143f8df8720dd75f2de540f78ac4d
252116aafef73f5559aa4d78ea1f194b3aea5386c021219198b4379689afb251,ac32ffd4a5b8139b71b370f2964a574f
252116aafef73f5559aa4d78ea1f194b3aea5386c021219198b4379689afb251,65d364fbc79c0256f997456f4eae8b84
252116aafef73f5559aa4d78ea1f194b3aea5386c021219198b4379689afb251,77b37c1fc743b84277d9283f694a3cf8
252116aafef73f5559aa4d78ea1f194b3aea5386c021219198b4379689afb251,b1dc41ed2d34f3199a60810c7ea803a4
252116aafef73f5559aa4d78ea1f194b3aea5386c021219198b4379689afb251,9d51fc9e076d5f6a8f560aef51065153
252116aafef73f5559aa4d78ea1f194b3aea5386c021219198b4379689afb251,f8dab2f3593fc38a61f463e9b5325e9c
252116aafef73f5559aa4d78ea1f194b3aea5386c021219198b4379689afb251,6ce1ca6b6a30c34b95c17a8288b93375
ac377d1f5f9bcce470b705632167b055063e89174d298036a6721a27e8efa043,a9b7094ee6702822205de54daf5ae0e7
ac377d1f5f9bcce470b705632167b055063e89174d298036a6721a27e8efa043,69037b20015d75236027b721e225d975
ac377d1f5f9bcce470b705632167b055063e89174d298036a6721a27e8efa043,9e808fe6918af41864a3e8453c7d099f
ac377d1f5f9bcce470b705632167b055063e89174d298036a6721a27e8efa043,0680f8224008fa62861255d76267e071
ac377d1f5f9bcce470b705632167b055063e89174d298036a6721a27e8efa043,21ccda1e6d66cc6f4ad9e8c8ed277ff8
ac377d1f5f9bcce470b705632167b055063e89174d298036a6721a27e8efa043,9010924bed3a5170913d55cb4b91aff0
ac377d1f5f9bcce470b705632167b055063e89174d298036a6721a27e8efa043,b9d1aba7a64c4eaabd4bad30edd4ff3a
ac377d1f5f9bcce470b705632167b055063e89174d298036a6721a27e8efa043,9a045e6017f86c3885e8531debd39303
ac377d1f5f9bcce470b705632167b055063e89174d298036a6721a27e8efa043,d3df6142dc97bd45a02a72bf0f33278c
ac377d1f5f9bcce470b705632167b055063e89174d298036a6721a27e8efa043,acabc12f6051707875b5642ccf01cee7
ac377d1f5f9bcce470b705632167b055063e89174d298036a6721a27e8efa043,e3dbebee054c097f51d5a0fa89eb0a02
ac377d1f5f9bcce470b705632167b055063e89174d298036a6721a27e8efa043,5b13b333308d367e6c4a34a5c31f6ea4
ac377d1f5f9bcce470b705632167b055063e89174d298036a6721a27e8efa043,ca7827d2e4c235fac36b926829db26f9
ac377d1f5f9bcce470b705632167b055063e89174d298036a6721a27e8efa043,a021a81c8ad53e1fe92d04bc0b8856ac
ac377d1f5f9bcce470b705632167b055063e89174d298036a6721a27e8efa043,5ac1ad86a7a38f6c70feb5c0b9e11c31
ac377d1f5f9bcce470b705632167b055063e89174d298036a6721a27e8efa043,53b336a26272ee3f6b8c9d344fe40500
ac377d1f5f9bcce470b705632167b055063e89174d298036a6721a27e8efa043,6159b3c32f879c039411270ac209131d
ac377d1f5f9bcce470b705632167b055063e89174d298036a6721a27e8efa043,1a97e1bf5e9195ca3c5c282ed7b5f286
ac377d1f5f9bcce470b705632167b055063e89174d298036a6721a27e8efa043,6dc79a6609d7a3c8639ac2bb11e6cb95
ac377d1f5f9bcce470b705632167b055063e89174d298036a6721a27e8efa043,79734ea509847d86329515f7ed7140b8
ac377d1f5f9bcce470b705632167b055063e89174d298036a6721a27e8efa043,9d8ec7ea6b49aaa4f5bc4db54e16e878
ac377d1f5f9bcce470b705632167b055063e89174d298036a6721a27e8efa043,7ed5560080d66fb45d527021f431d760
ac377d1f5f9bcce470b705632167b055063e89174d298036a6721a27e8efa043,9ceb82cc74bb6123329365727913e35f
ac377d1f5f9bcce470b705632167b055063e89174d298036a6721a27e8efa043,516e8a63016ef0ed808ea46346b52312
ac377d1f5f9bcce470b705632167b055063e89174d298036a6721a27e8efa043,8f65d47f3f57e9b22c6e49349d62d426
ac377d1f5f9bcce470b705632167b055063e89174d298036a6721a27e8efa043,4ef5d8f2f00a0eb45692fa68398ed504
ac377d1f5f9bcce470b705632167b055063e89174d298036a6721a27e8efa043,156eb130e4e9a8e8b8365aa3babf4324
ac377d1f5f9bcce470b705632167b055063e89174d298036a6721a27e8efa043,dfae1eac11f8a06de203e4c333807185
ac377d1f5f9bcce470b705632167b055063e89174d298036a6721a27e8efa043,386bebe97e5fde64f7301b631502983c
ac377d1f5f9bcce470b705632167b055063e89174d298036a6721a27e8efa043,ea158ba9365e789bdf6a9de410be4563
ac377d1f5f9bcce470b705632167b055063e89174d298036a6721a27e8efa043,a0dbe8f8c836870c28e4986d5c8ec734
ac377d1f5f9bcce470b705632167b055063e89174d298036a6721a27e8efa043,1a57745c4bd25a120b20e9572d0100bb
ac377d1f5f9bcce470b705632167b055063e89174d298036a6721a27e8efa043,6f52e6b6fad32a8bf53844233aa6ca4e
ac377d1f5f9bcce470b705632167b055063e89174d298036a6721a27e8efa043,b598e74ed47754d2f5ccfdc3cc718ce8
ac377d1f5f9bcce470b705632167b055063e89174d298036a6721a27e8efa043,4d0c12511c52d9fb7e04cf5434db93e3
ac377d1f5f9bcce470b705632167b055063e89174d298036a6721a27e8efa043,074ac1d38720ab2c7961753b1d2cde98
ac377d1f5f9bcce470b705632167b055063e89174d298036a6721a27e8efa043,4c9f82c8067adf3457aaa03e0ad43df5
ac377d1f5f9bcce470b705632167b055063e89174d298036a6721a27e8efa043,b2b7c85fa5a0bb00167986f2a6dc0883
ac377d1f5f9bcce470b705632167b055063e89174d298036a6721a27e8efa043,52a41b50673018e3a23e2d0fbfa81267
ac377d1f5f9bcce470b705632167b055063e89174d298036a6721a27e8efa043,f1fffa5e894e1204ab5a5dea3364a287
ac377d1f5f9bcce470b705632167b055063e89174d298036a6721a27e8efa043,17809c591ea75757adf270c415c217a2
ac377d1f5f9bcce470b705632167b055063e89174d298036a6721a27e8efa043,8b9afa52584379262668bee44910dcf7
ac377d1f5f9bcce470b705632167b055063e89174d298036a6721a27e8efa043,84c2c93eba8141beb29def7f8ca53004
ac377d1f5f9bcce470b705632167b055063e89174d298036a6721a27e8efa043,a54d6a193c82c486f871e8081121b9af
ac377d1f5f9bcce470b705632167b055063e89174d298036a6721a27e8efa043,24814e87290f7ad20081011924917aad
ac377d1f5f9bcce470b705632167b055063e89174d298036a6721a27e8efa043,e765107725c95b17e8f3d53665971d2e
ac377d1f5f9bcce470b705632167b055063e89174d298036a6721a27e8efa043,0f28aff1707a8e45fdecc4ba4ec040cf
ac377d1f5f9bcce470b705632167b055063e89174d298036a6721a27e8efa043,2bb644bf0bc20ab4f5517578faff2719
ac377d1f5f9bcce470b705632167b055063e89174d298036a6721a27e8efa043,4cb56e3fb7a2ea72f5dc4837447aabbb
ac377d1f5f9bcce470b705632167b055063e89174d298036a6721a27e8efa043,95d737ed940a515a80d7013b752cda2c
c0a9c219fd5918d657ddbc5b9f1a2ee4995261489eeab57237f0c7fd00debb12,95605667444e730fe527e004cddd3fa9
c0a9c219fd5918d657ddbc5b9f1a2ee4995261489eeab57237f0c7fd00debb12,9fb67e780c0d92a04e68eb76b63f49bc
c0a9c219fd5918d657ddbc5b9f1a2ee4995261489eeab57237f0c7fd00debb12,71621fcb9a2e4ff55341ece7dc97eb09
c0a9c219fd5918d657ddbc5b9f1a2ee4995261489eeab57237f0c7fd00debb12,9c71b9b3881ee9003c2f08d0e049de57
c0a9c219fd5918d657ddbc5b9f1a2ee4995261489eeab57237f0c7fd00debb12,f82ab45b40a266d797809c3e59cef36d
c0a9c219fd5918d657ddbc5b9f1a2ee4995261489eeab57237f0c7fd00debb12,88fdbd1cea80ee45456579510c4dac5d
c0a9c219fd5918d657ddbc5b9f1a2ee4995261489eeab57237f0c7fd00debb12,ded016b2ad456307ede18e59be6579a4
c0a9c219fd5918d657ddbc5b9f1a2ee4995261489eeab57237f0c7fd00debb12,7d7c0144252d9355b3f76982c1d1e29b
c0a9c219fd5918d657ddbc5b9f1a2ee4995261489eeab57237f0c7fd00debb12,e70e66252de8e6fde6b1669088eb5eed
c0a9c219fd5918d657ddbc5b9f1a2ee4995261489eeab57237f0c7fd00debb12,c8223df8d475482a1b7018867281dbb1
c0a9c219fd5918d657ddbc5b9f1a2ee4995261489eeab57237f0c7fd00debb12,97e211c199d6f778f41ce0794126c08f
c0a9c219fd5918d657ddbc5b9f1a2ee4995261489eeab57237f0c7fd00debb12,87d2859dabfb4f25f9574d7bf6e2dc6c
c0a9c219fd5918d657ddbc5b9f1a2ee4995261489eeab57237f0c7fd00debb12,87a92bccf98da8b0fedc16b3b9113500
c0a9c219fd5918d657ddbc5b9f1a2ee4995261489eeab57237f0c7fd00debb12,fbe60c4f166e7dea37688fca96216a0a
c0a9c219fd5918d657ddbc5b9f1a2ee4995261489eeab57237f0c7fd00debb12,5161823472a5d7fbdb8208ff727e79ee
c0a9c219fd5918d657ddbc5b9f1a2ee4995261489eeab57237f0c7fd00debb12,ab3210bfcaebee9721c6b11b7337a75c
c0a9c219fd5918d657ddbc5b9f1a2ee4995261489eeab57237f0c7fd00debb12,5ef5f0dcb8802ef6b9a26db00af331c2
c0a9c219fd5918d657ddbc5b9f1a2ee4995261489eeab57237f0c7fd00debb12,a87c0a70a340918e1743d2e04f2d2aef
c0a9c219fd5918d657ddbc5b9f1a2ee4995261489eeab57237f0c7fd00debb12,d63b8a04d2329446849e687dbc205e8b
c0a9c219fd5918d657ddbc5b9f1a2ee4995261489eeab57237f0c7fd00debb12,00f7dc084d07d420c61d74f040e57f7a
c0a9c219fd5918d657ddbc5b9f1a2ee4995261489eeab57237f0c7fd00debb12,ceb4e4ff17dae30dfc46488d35691899
c0a9c219fd5918d657ddbc5b9f1a2ee4995261489eeab57237f0c7fd00debb12,6bf06b69ef3f95d1da3c1c3b30a7d466
c0a9c219fd5918d657ddbc5b9f1a2ee4995261489eeab57237f0c7fd00debb12,8d6c4cce152e5409b0b05c26fbad6768
c0a9c219fd5918d657ddbc5b9f1a2ee4995261489eeab57237f0c7fd00debb12,52a05cfe7e63345553428bfd6bf899e2
c0a9c219fd5918d657ddbc5b9f1a2ee4995261489eeab57237f0c7fd00debb12,cb1eddf549e72dde5fa9ca1ac5221a8f
c0a9c219fd5918d657ddbc5b9f1a2ee4995261489eeab57237f0c7fd00debb12,a5a6dee7edb3b5b083aac518b00373da
c0a9c219fd5918d657ddbc5b9f1a2ee4995261489eeab57237f0c7fd00debb12,0bb0dd9f5b0e36f005470d20e8f2f3ec
c0a9c219fd5918d657ddbc5b9f1a2ee4995261489eeab57237f0c7fd00debb12,7d0cf4de1da17ab0115f271b678cbcd5
c0a9c219fd5918d657ddbc5b9f1a2ee4995261489eeab57237f0c7fd00debb12,3ea527ed02b470af4f51a15202f6baac
c0a9c219fd5918d657ddbc5b9f1a2ee4995261489eeab57237f0c7fd00debb12,b3b6e6b692ba075e61391f60a4dfe0ba
c0a9c219fd5918d657ddbc5b9f1a2ee4995261489eeab57237f0c7fd00debb12,f89eaee2a68f5fe698974b5fa0d2eacb
c0a9c219fd5918d657ddbc5b9f1a2ee4995261489eeab57237f0c7fd00debb12,c1391f98be999270473a28d6667d6487
c0a9c219fd5918d657ddbc5b9f1a2ee4995261489eeab57237f0c7fd00debb12,d35b172e0255cfedbc09cad76d6b7a99
c0a9c219fd5918d657ddbc5b9f1a2ee4995261489eeab57237f0c7fd00debb12,64891d5e24b42b915998fdd65541503a
c0a9c219fd5918d657ddbc5b9f1a2ee4995261489eeab57237f0c7fd00debb12,5561978fc775ddbf05d538261156646e
c0a9c219fd5918d657ddbc5b9f1a2ee4995261489eeab57237f0c7fd00debb12,ffc5d020b7b9541af6a3725a8c5057f0
c0a9c219fd5918d657ddbc5b9f1a2ee4995261489eeab57237f0c7fd00debb12,421c86979cbff552f0993829108c61f4
c0a9c219fd5918d657ddbc5b9f1a2ee4995261489eeab57237f0c7fd00debb12,07643bfe25f074a62a8bf8744c53557a
c0a9c219fd5918d657ddbc5b9f1a2ee4995261489eeab57237f0c7fd00debb12,fe25ae5acc3b912471f0c5a8deea20d4
c0a9c219fd5918d657ddbc5b9f1a2ee4995261489eeab57237f0c7fd00debb12,80fb61956e19d6a7a9ac3a7b03086149
c0a9c219fd5918d657ddbc5b9f1a2ee4995261489eeab57237f0c7fd00debb12,ccb8092c7084007d9c0bfdce404e5454
c0a9c219fd5918d657ddbc5b9f1a2ee4995261489eeab57237f0c7fd00debb12,af514e9fae4fe63937bece08b0134163
c0a9c219fd5918d657ddbc5b9f1a2ee4995261489eeab57237f0c7fd00debb12,94079ca77cc2c59e097f67f9e6c7175d
c0a9c219fd5918d657ddbc5b9f1a2ee4995261489eeab57237f0c7fd00debb12,fab1487952353890908057d9cb676511
c0a9c219fd5918d657ddbc5b9f1a2ee4995261489eeab57237f0c7fd00debb12,38a8e4f8acdab3a79d7ba1f129e596b4
c0a9c219fd5918d657ddbc5b9f1a2ee4995261489eeab57237f0c7fd00debb12,72538c990041a169690ca42b1954ee60
c0a9c219fd5918d657ddbc5b9f1a2ee4995261489eeab57237f0c7fd00debb12,b8fdc4d51c92c1d2fa05ce5acaa3260a
c0a9c219fd5918d657ddbc5b9f1a2ee4995261489eeab57237f0c7fd00debb12,9eb1932b49a0027cc974c4c759e64d0e
c0a9c219fd5918d657ddbc5b9f1a2ee4995261489eeab57237f0c7fd00debb12,784f2b740dc1c386455824bcb22361a5
c0a9c219fd5918d657ddbc5b9f1a2ee4995261489eeab57237f0c7fd00debb12,4beaec02f4e0fd58a7d02193d9619288
c0a9c219fd5918d657ddbc5b9f1a2ee4995261489eeab57237f0c7fd00debb12,c250d74c63d33ca9f50f94d33a13811f
c0a9c219fd5918d657ddbc5b9f1a2ee4995261489eeab57237f0c7fd00debb12,7e2d86cd2862ec46dfbb89319d2ea48e
c0a9c219fd5918d657ddbc5b9f1a2ee4995261489eeab57237f0c7fd00debb12,06564310275d37f7e60ba7b0884ab208
c0a9c219fd5918d657ddbc5b9f1a2ee4995261489eeab57237f0c7fd00debb12,49bb3fbfa178783f9359d938f5dbd514
c0a9c219fd5918d657ddbc5b9f1a2ee4995261489eeab57237f0c7fd00debb12,4b4830798292658eb95de8e0de3d8a5a
c0a9c219fd5918d657ddbc5b9f1a2ee4995261489eeab57237f0c7fd00debb12,9c643098db223ec4f635d9843d7870d7
c0a9c219fd5918d657ddbc5b9f1a2ee4995261489eeab57237f0c7fd00debb12,ddeb9971942c769d400e42dd9748ae57
c0a9c219fd5918d657ddbc5b9f1a2ee4995261489eeab57237f0c7fd00debb12,a2a4192bae94bba6582cbde39de894a1
c0a9c219fd5918d657ddbc5b9f1a2ee4995261489eeab57237f0c7fd00debb12,e787b18c9756c1b3b423346a3be2a6cf
c0a9c219fd5918d657ddbc5b9f1a2ee4995261489eeab57237f0c7fd00debb12,f284975108670fc3f94ab081df7d0ed5
c0a9c219fd5918d657ddbc5b9f1a2ee4995261489eeab57237f0c7fd00debb12,73bb5bb2ea442e9d91554a24b59d4ffa
c0a9c219fd5918d657ddbc5b9f1a2ee4995261489eeab57237f0c7fd00debb12,b5db309aedce0e76086ddc85603a11e3
c0a9c219fd5918d657ddbc5b9f1a2ee4995261489eeab57237f0c7fd00debb12,84e758ac5f95a6e0c48d5fda05708895
c0a9c219fd5918d657ddbc5b9f1a2ee4995261489eeab57237f0c7fd00debb12,8e014bda8433db5d27be3927c85803b0
c0a9c219fd5918d657ddbc5b9f1a2ee4995261489eeab57237f0c7fd00debb12,191cf9c1cff9709f151cca16e7767022
c0a9c219fd5918d657ddbc5b9f1a2ee4995261489eeab57237f0c7fd00debb12,4d76b3f2daa4e673ef05a048e53fee33
c0a9c219fd5918d657ddbc5b9f1a2ee4995261489eeab57237f0c7fd00debb12,8b9afa52584379262668bee44910dcf7
c0a9c219fd5918d657ddbc5b9f1a2ee4995261489eeab57237f0c7fd00debb12,cfb0ca910edc9f64a930c8608e37556b
c0a9c219fd5918d657ddbc5b9f1a2ee4995261489eeab57237f0c7fd00debb12,6fe450893a5da87620a6fdad7b357364
c0a9c219fd5918d657ddbc5b9f1a2ee4995261489eeab57237f0c7fd00debb12,a04bb15fa19aae1a1ac5d089ba7bd06b
c0a9c219fd5918d657ddbc5b9f1a2ee4995261489eeab57237f0c7fd00debb12,be255febbf742dd86c56d986ddaf0124
c0a9c219fd5918d657ddbc5b9f1a2ee4995261489eeab57237f0c7fd00debb12,c3f7d5e329f8b84c9768319b391e532c
c0a9c219fd5918d657ddbc5b9f1a2ee4995261489eeab57237f0c7fd00debb12,bf0f931d00bddba2ec123fa7440c41ed
c0a9c219fd5918d657ddbc5b9f1a2ee4995261489eeab57237f0c7fd00debb12,1dd48f693e545df6f74d8843ec8816ef
c0a9c219fd5918d657ddbc5b9f1a2ee4995261489eeab57237f0c7fd00debb12,512178d23af0e090e9e0d1b690e342a1
c0a9c219fd5918d657ddbc5b9f1a2ee4995261489eeab57237f0c7fd00debb12,36917cc52b47cb689a9c8766082673fb
c0a9c219fd5918d657ddbc5b9f1a2ee4995261489eeab57237f0c7fd00debb12,c3615cb9e6636935849d3bd620c390a7
605f4816cb79d3656a893f84b450dfda031612daae4c5c999c000102358de860,6ed2fefcbd506b1e15df811e812f6076
605f4816cb79d3656a893f84b450dfda031612daae4c5c999c000102358de860,5096f86237416f88e248034bbaef491d
605f4816cb79d3656a893f84b450dfda031612daae4c5c999c000102358de860,0e1011d09fccbe08cad7009ff16ea028
605f4816cb79d3656a893f84b450dfda031612daae4c5c999c000102358de860,0a77ea045b1fbc5e32892ccd1a955986
605f4816cb79d3656a893f84b450dfda031612daae4c5c999c000102358de860,5105b858275f5995788cf5c1ceec0e97
605f4816cb79d3656a893f84b450dfda031612daae4c5c999c000102358de860,97a8439acd3d7afb12e4c64965abcfe1
605f4816cb79d3656a893f84b450dfda031612daae4c5c999c000102358de860,7ee561901e5f74c1a655fc86972f66b4
605f4816cb79d3656a893f84b450dfda031612daae4c5c999c000102358de860,5be7f341707ad53916829041a6e73bf0
605f4816cb79d3656a893f84b450dfda031612daae4c5c999c000102358de860,fcc01b9d1cb8d23b93d5414d927bc30d
605f4816cb79d3656a893f84b450dfda031612daae4c5c999c000102358de860,fd76c3d1c50e36c4767cb765b6ec3185
605f4816cb79d3656a893f84b450dfda031612daae4c5c999c000102358de860,e17f65f92ed804bccd71d6ab659a3914
605f4816cb79d3656a893f84b450dfda031612daae4c5c999c000102358de860,504ee6cde55415668e3d36835924c122
605f4816cb79d3656a893f84b450dfda031612daae4c5c999c000102358de860,94264b03c663bc080640c9fadaaaac05
605f4816cb79d3656a893f84b450dfda031612daae4c5c999c000102358de860,515c6c74205a3675fd1c4d1fce41ed92
605f4816cb79d3656a893f84b450dfda031612daae4c5c999c000102358de860,3c7766f1cdd3e20a9628d3d66ef6af5a
605f4816cb79d3656a893f84b450dfda031612daae4c5c999c000102358de860,d635f5d14a4650006bcbb4ff4d530596
605f4816cb79d3656a893f84b450dfda031612daae4c5c999c000102358de860,4700523a94aca4e8d8e67d3a7d176bdf
605f4816cb79d3656a893f84b450dfda031612daae4c5c999c000102358de860,c8c30e3f32f6878ac1c48e2a0725944a
605f4816cb79d3656a893f84b450dfda031612daae4c5c999c000102358de860,1bcebd85daabc2f4d6de8b556e39569e
605f4816cb79d3656a893f84b450dfda031612daae4c5c999c000102358de860,6fd27a72ea594a0ccc9fa62ac3b3570a
605f4816cb79d3656a893f84b450dfda031612daae4c5c999c000102358de860,b5d7c3f74a0447b01b24af7781e9bd8b
605f4816cb79d3656a893f84b450dfda031612daae4c5c999c000102358de860,03beaecdd9b8e4d81e92461d902d207f
605f4816cb79d3656a893f84b450dfda031612daae4c5c999c000102358de860,97cbc5df89bffeddb5bb73a3f94f618d
605f4816cb79d3656a893f84b450dfda031612daae4c5c999c000102358de860,d0e451cbf8a879fa96e2a2d182fc824f
605f4816cb79d3656a893f84b450dfda031612daae4c5c999c000102358de860,bcec74f6d3b8879ad56d937740cb0a45
605f4816cb79d3656a893f84b450dfda031612daae4c5c999c000102358de860,6ea2dcca795fd35319fa6819fc1a9af8
605f4816cb79d3656a893f84b450dfda031612daae4c5c999c000102358de860,6c1e1e48dfe35b03d968cd5ddcba7c6f
605f4816cb79d3656a893f84b450dfda031612daae4c5c999c000102358de860,62af6dde42b69ecdb7a6c63c32aad571
605f4816cb79d3656a893f84b450dfda031612daae4c5c999c000102358de860,7006eb699a5b626908cc957d9be1194b
605f4816cb79d3656a893f84b450dfda031612daae4c5c999c000102358de860,dc32147d9a4e81eea165dffa5e5a38bc
605f4816cb79d3656a893f84b450dfda031612daae4c5c999c000102358de860,ebc31fca86e897cd32d39939f08f37ea
605f4816cb79d3656a893f84b450dfda031612daae4c5c999c000102358de860,2007d69aecb7638b9230925d173995e4
605f4816cb79d3656a893f84b450dfda031612daae4c5c999c000102358de860,fc0bf69ed5a7f65ff4e060ab1eb6fa01
605f4816cb79d3656a893f84b450dfda031612daae4c5c999c000102358de860,f466998a45506b9b0e024f1df927e2e9
605f4816cb79d3656a893f84b450dfda031612daae4c5c999c000102358de860,a32e122189ece537f466fe50ae978ac2
605f4816cb79d3656a893f84b450dfda031612daae4c5c999c000102358de860,666865cc1ad0706c069a77c651d37680
605f4816cb79d3656a893f84b450dfda031612daae4c5c999c000102358de860,47fb9bb3083b8b2fb82fe41607d22a27
605f4816cb79d3656a893f84b450dfda031612daae4c5c999c000102358de860,ad2d4145f6298360e712f37355d62be5
605f4816cb79d3656a893f84b450dfda031612daae4c5c999c000102358de860,f05f4e680cf7d12a8d583780f786b7bb
605f4816cb79d3656a893f84b450dfda031612daae4c5c999c000102358de860,575a0ddedd17bedda1d0b2f452020a48
605f4816cb79d3656a893f84b450dfda031612daae4c5c999c000102358de860,4fbc1d138bd48ede994a76ec96ebf2d7
605f4816cb79d3656a893f84b450dfda031612daae4c5c999c000102358de860,67c99537c8f090e7e7349fb6c375304b
605f4816cb79d3656a893f84b450dfda031612daae4c5c999c000102358de860,887bbc3afca4dc78cdb2484fc1d079b4
605f4816cb79d3656a893f84b450dfda031612daae4c5c999c000102358de860,ea3f34f781d6ae47c19d015787ebbcf4
605f4816cb79d3656a893f84b450dfda031612daae4c5c999c000102358de860,b1cfdef272045a0abcc691e9a2463fea
605f4816cb79d3656a893f84b450dfda031612daae4c5c999c000102358de860,8210ccf58670182ab86b5734a9c2b4d9
605f4816cb79d3656a893f84b450dfda031612daae4c5c999c000102358de860,78e1a2677c395b4513f5a22af2c94710
605f4816cb79d3656a893f84b450dfda031612daae4c5c999c000102358de860,adca7160a6077f5958fe23025421927a
605f4816cb79d3656a893f84b450dfda031612daae4c5c999c000102358de860,36fefe04d75761bf3290c775cd7edc8d
605f4816cb79d3656a893f84b450dfda031612daae4c5c999c000102358de860,1820980f37e289bfa44a8ffe8410fd22
104eca661726f17b2c8e6d5652500605705e1677486291e314982fbe42c7023e,4fcee3cd68559d3fb311bf3c989cc206
104eca661726f17b2c8e6d5652500605705e1677486291e314982fbe42c7023e,5fbba36611bf0b2da3d03aa0b7d0b4bd
104eca661726f17b2c8e6d5652500605705e1677486291e314982fbe42c7023e,aa88c31380645e536f0e3e4da42ea195
104eca661726f17b2c8e6d5652500605705e1677486291e314982fbe42c7023e,f799b987548e8d353671a02e76308039
104eca661726f17b2c8e6d5652500605705e1677486291e314982fbe42c7023e,6e9611a8191682eee9ccf9ead97e8565
104eca661726f17b2c8e6d5652500605705e1677486291e314982fbe42c7023e,a56c2136296991ed2b30a043d903768e
104eca661726f17b2c8e6d5652500605705e1677486291e314982fbe42c7023e,dae63043e49bcc72cbdc547033098b97
104eca661726f17b2c8e6d5652500605705e1677486291e314982fbe42c7023e,d0fced25072e494df9aa6474cfa5d18e
104eca661726f17b2c8e6d5652500605705e1677486291e314982fbe42c7023e,a4a5c2c0af997b7b215abbfb3aae67a3
104eca661726f17b2c8e6d5652500605705e1677486291e314982fbe42c7023e,07f239c70f062b0d2e336aa25d3f3f5f
104eca661726f17b2c8e6d5652500605705e1677486291e314982fbe42c7023e,4ac8aa80adcef13c1ddff9d7f1037632
104eca661726f17b2c8e6d5652500605705e1677486291e314982fbe42c7023e,8564982a7bcff7c0e5c34378da724d1c
104eca661726f17b2c8e6d5652500605705e1677486291e314982fbe42c7023e,3a7eb654308833056cc17d31c973dfbb
104eca661726f17b2c8e6d5652500605705e1677486291e314982fbe42c7023e,3ce14c3cad4bfd9b3ed36dda07956d37
104eca661726f17b2c8e6d5652500605705e1677486291e314982fbe42c7023e,f72dcf8daab4cade816416ef58c3fa84
104eca661726f17b2c8e6d5652500605705e1677486291e314982fbe42c7023e,07753b3ccfdb99ff35a8a26d1cb822f2
104eca661726f17b2c8e6d5652500605705e1677486291e314982fbe42c7023e,0d1ec0d04a14b5c71905c35a9c354f57
104eca661726f17b2c8e6d5652500605705e1677486291e314982fbe42c7023e,a43de27c1a81a5f9d87a979ace1e24f5
104eca661726f17b2c8e6d5652500605705e1677486291e314982fbe42c7023e,a173a11b1a4be31dd3a2ffb57094c3da
104eca661726f17b2c8e6d5652500605705e1677486291e314982fbe42c7023e,2a226afe826617cb213864e4d9cc1adb
8a0da193bdcf026a88ad5e7e080b369c4ebdab610b4cae2619701a24836985a2,517ce6de89adf609b5cb318fc6d430f2
8a0da193bdcf026a88ad5e7e080b369c4ebdab610b4cae2619701a24836985a2,ee44c94efa4d92cca760a31d12d898a6
8a0da193bdcf026a88ad5e7e080b369c4ebdab610b4cae2619701a24836985a2,f2b6067104fdc60798fdde3e582149b2
8a0da193bdcf026a88ad5e7e080b369c4ebdab610b4cae2619701a24836985a2,945292781994aa4794c5f7f3469f2e6d
8a0da193bdcf026a88ad5e7e080b369c4ebdab610b4cae2619701a24836985a2,f885ebe32321c283ab761a8973d690b6
8a0da193bdcf026a88ad5e7e080b369c4ebdab610b4cae2619701a24836985a2,deae91dddf94f71c677e4224e34bd688
8a0da193bdcf026a88ad5e7e080b369c4ebdab610b4cae2619701a24836985a2,0938d427709278ec38def750fd7e63ee
8a0da193bdcf026a88ad5e7e080b369c4ebdab610b4cae2619701a24836985a2,a36e9f136f4b140e9b18065cc98bcbf6
8a0da193bdcf026a88ad5e7e080b369c4ebdab610b4cae2619701a24836985a2,9733e8a0b177d9d60038ae6fce125b8e
8a0da193bdcf026a88ad5e7e080b369c4ebdab610b4cae2619701a24836985a2,fb5f62384f7020c43a50118dd24bbd37
8a0da193bdcf026a88ad5e7e080b369c4ebdab610b4cae2619701a24836985a2,efbeb87490b2e1edd489ab6e56e0aae8
8a0da193bdcf026a88ad5e7e080b369c4ebdab610b4cae2619701a24836985a2,82ca56e18ae15cc85782ef06f2908077
8a0da193bdcf026a88ad5e7e080b369c4ebdab610b4cae2619701a24836985a2,cecef60549c5355ec9369e9de4247578
8a0da193bdcf026a88ad5e7e080b369c4ebdab610b4cae2619701a24836985a2,5c05ad33b668c5cba4afca342e7a07e7
8a0da193bdcf026a88ad5e7e080b369c4ebdab610b4cae2619701a24836985a2,f9d76408fe0693366364ed6c03939e0a
8a0da193bdcf026a88ad5e7e080b369c4ebdab610b4cae2619701a24836985a2,7d463768ec06f5d4b11bb8e94142ca12
8a0da193bdcf026a88ad5e7e080b369c4ebdab610b4cae2619701a24836985a2,ad6b0977bf21231d087c945bd56d5344
8a0da193bdcf026a88ad5e7e080b369c4ebdab610b4cae2619701a24836985a2,e3bc81a396b2e0843567d33e1ac1533d
8a0da193bdcf026a88ad5e7e080b369c4ebdab610b4cae2619701a24836985a2,85318183b8475bf0037d003e378035c1
8a0da193bdcf026a88ad5e7e080b369c4ebdab610b4cae2619701a24836985a2,da93a2f74d512863340c21886c01897a
8a0da193bdcf026a88ad5e7e080b369c4ebdab610b4cae2619701a24836985a2,84a1fca22249be88cfc392b196fe92c4
8a0da193bdcf026a88ad5e7e080b369c4ebdab610b4cae2619701a24836985a2,c988d5dc7d57fb008d4c15bf73a7090b
8a0da193bdcf026a88ad5e7e080b369c4ebdab610b4cae2619701a24836985a2,804146bf952a034be7bb789e06956b73
8a0da193bdcf026a88ad5e7e080b369c4ebdab610b4cae2619701a24836985a2,a5a98cc016b46f4bf43467d0347e79af
8a0da193bdcf026a88ad5e7e080b369c4ebdab610b4cae2619701a24836985a2,44386356b12c143d1ffd17a1f675050d
8a0da193bdcf026a88ad5e7e080b369c4ebdab610b4cae2619701a24836985a2,f18c19c30e58a5b772a9c70b5f954a85
8a0da193bdcf026a88ad5e7e080b369c4ebdab610b4cae2619701a24836985a2,54d875cd2a200ff9155258f9f2e49e50
8a0da193bdcf026a88ad5e7e080b369c4ebdab610b4cae2619701a24836985a2,9ef14546375af7761235f8c70666474b
8a0da193bdcf026a88ad5e7e080b369c4ebdab610b4cae2619701a24836985a2,250114b2e1aff3025afdd2d3999e5216
8a0da193bdcf026a88ad5e7e080b369c4ebdab610b4cae2619701a24836985a2,97e2ca372bfae16a5da30e16d1af62be
8a0da193bdcf026a88ad5e7e080b369c4ebdab610b4cae2619701a24836985a2,b151cbb36672d17b870b13c32fa71aa9
8a0da193bdcf026a88ad5e7e080b369c4ebdab610b4cae2619701a24836985a2,4580534e65b01d16fcd23c0c05b85a9b
8a0da193bdcf026a88ad5e7e080b369c4ebdab610b4cae2619701a24836985a2,c69a5969368e586c87b6e6fe64ab0f78
8a0da193bdcf026a88ad5e7e080b369c4ebdab610b4cae2619701a24836985a2,af4e233f716a7f9f6215007116c8c73a
8a0da193bdcf026a88ad5e7e080b369c4ebdab610b4cae2619701a24836985a2,9e8669bf56bfba652b1f092982766903
8a0da193bdcf026a88ad5e7e080b369c4ebdab610b4cae2619701a24836985a2,dd60e919830a2b2b7eefa6d9d0f6ff7a
8a0da193bdcf026a88ad5e7e080b369c4ebdab610b4cae2619701a24836985a2,23e63efbaa3da00fea3fd0e8e0e93517
8a0da193bdcf026a88ad5e7e080b369c4ebdab610b4cae2619701a24836985a2,16cc28cd040a18a61c4901750f1e7bd9
8a0da193bdcf026a88ad5e7e080b369c4ebdab610b4cae2619701a24836985a2,6746ff84c4ae393570b75714875ef625
8a0da193bdcf026a88ad5e7e080b369c4ebdab610b4cae2619701a24836985a2,e18c3e7e57263a02b4e79329c9e57f59
8a0da193bdcf026a88ad5e7e080b369c4ebdab610b4cae2619701a24836985a2,008fb8cc63de1e10db1cca1f5d6440ff
749e81e3630965b3f5e6eb1f12fbcfe987f435b57e4e21b14b8f1a2ca6b536dc,e4c730cb38a5f36af6cd8d95aadf36e9
749e81e3630965b3f5e6eb1f12fbcfe987f435b57e4e21b14b8f1a2ca6b536dc,faf015e417a2df95a06fe94b4a7519a9
749e81e3630965b3f5e6eb1f12fbcfe987f435b57e4e21b14b8f1a2ca6b536dc,6fbd39ac0ce473628322d7ed3df9e5e8
749e81e3630965b3f5e6eb1f12fbcfe987f435b57e4e21b14b8f1a2ca6b536dc,bfe703c78eb389b12661b7d36cfb3946
749e81e3630965b3f5e6eb1f12fbcfe987f435b57e4e21b14b8f1a2ca6b536dc,ea62b057f902a167c544f5ed4ae21e8c
749e81e3630965b3f5e6eb1f12fbcfe987f435b57e4e21b14b8f1a2ca6b536dc,00ea4b3889d173167a3e9d8a6a82781b
749e81e3630965b3f5e6eb1f12fbcfe987f435b57e4e21b14b8f1a2ca6b536dc,be7d83b3aaaf976083041b5105dd6d58
749e81e3630965b3f5e6eb1f12fbcfe987f435b57e4e21b14b8f1a2ca6b536dc,f2ec73a38d4c1dd0767b73a48f7f28e2
749e81e3630965b3f5e6eb1f12fbcfe987f435b57e4e21b14b8f1a2ca6b536dc,90e696737c6ff339029a7778156f7281
749e81e3630965b3f5e6eb1f12fbcfe987f435b57e4e21b14b8f1a2ca6b536dc,9843c26ecc70c1318c8db1d42bb71b62
749e81e3630965b3f5e6eb1f12fbcfe987f435b57e4e21b14b8f1a2ca6b536dc,91e96b11df5e05427b312fa670d3aed8
749e81e3630965b3f5e6eb1f12fbcfe987f435b57e4e21b14b8f1a2ca6b536dc,acc4dcf75f9aa9feac9d8e5d532940bc
749e81e3630965b3f5e6eb1f12fbcfe987f435b57e4e21b14b8f1a2ca6b536dc,d3c77f5eb23242ac4e6f68a068156adf
749e81e3630965b3f5e6eb1f12fbcfe987f435b57e4e21b14b8f1a2ca6b536dc,1bd68697b0e2c2470afc04b067c0a4e5
749e81e3630965b3f5e6eb1f12fbcfe987f435b57e4e21b14b8f1a2ca6b536dc,0443af787e9b2562115a09d7a27ad591
749e81e3630965b3f5e6eb1f12fbcfe987f435b57e4e21b14b8f1a2ca6b536dc,0514d6f2f05623942bc9c595884673c2
749e81e3630965b3f5e6eb1f12fbcfe987f435b57e4e21b14b8f1a2ca6b536dc,50ce3cf7a0a30538e5d5a9ab34285173
749e81e3630965b3f5e6eb1f12fbcfe987f435b57e4e21b14b8f1a2ca6b536dc,b859d35df2a3e4a1a2b241617f56a1b1
749e81e3630965b3f5e6eb1f12fbcfe987f435b57e4e21b14b8f1a2ca6b536dc,955fcd6e0808e7d6acdf55dd894b6426
749e81e3630965b3f5e6eb1f12fbcfe987f435b57e4e21b14b8f1a2ca6b536dc,34f0e61942120f70ff951b9d3c2b7d1a
749e81e3630965b3f5e6eb1f12fbcfe987f435b57e4e21b14b8f1a2ca6b536dc,d6017a04a4c8621f030ccc65557644f4
749e81e3630965b3f5e6eb1f12fbcfe987f435b57e4e21b14b8f1a2ca6b536dc,940eb4875c6765905f7ea59ed7505c96
749e81e3630965b3f5e6eb1f12fbcfe987f435b57e4e21b14b8f1a2ca6b536dc,9f62f0fd6500239c55d726274b16b0e1
749e81e3630965b3f5e6eb1f12fbcfe987f435b57e4e21b14b8f1a2ca6b536dc,f31b2ed990f72a734e52fa11ae395e43
749e81e3630965b3f5e6eb1f12fbcfe987f435b57e4e21b14b8f1a2ca6b536dc,55fea235aab4ba31dd575d7ffcedd510
749e81e3630965b3f5e6eb1f12fbcfe987f435b57e4e21b14b8f1a2ca6b536dc,85b7e117b7e900fbcd956708ae5f39b5
749e81e3630965b3f5e6eb1f12fbcfe987f435b57e4e21b14b8f1a2ca6b536dc,8d41188f1185fcfb8738de4941f638be
749e81e3630965b3f5e6eb1f12fbcfe987f435b57e4e21b14b8f1a2ca6b536dc,2e10c7eb6b17217fbfab55180b30ae4b
749e81e3630965b3f5e6eb1f12fbcfe987f435b57e4e21b14b8f1a2ca6b536dc,40f434dcb84778833ec7fe4d655462c4
749e81e3630965b3f5e6eb1f12fbcfe987f435b57e4e21b14b8f1a2ca6b536dc,fac3e1ddb63206249c2d90c575158dab
749e81e3630965b3f5e6eb1f12fbcfe987f435b57e4e21b14b8f1a2ca6b536dc,83d5d34eea473e0b43f07e14e3bc589c
749e81e3630965b3f5e6eb1f12fbcfe987f435b57e4e21b14b8f1a2ca6b536dc,da129202ebc6d85c96c67cdbf3a79c5c
749e81e3630965b3f5e6eb1f12fbcfe987f435b57e4e21b14b8f1a2ca6b536dc,b93bbef9ba617c02003bc69c7e364921
749e81e3630965b3f5e6eb1f12fbcfe987f435b57e4e21b14b8f1a2ca6b536dc,a1fdae77c039ae4523a67f5003375df1
749e81e3630965b3f5e6eb1f12fbcfe987f435b57e4e21b14b8f1a2ca6b536dc,5cc9750e1e49f01203a0032dbca59b41
749e81e3630965b3f5e6eb1f12fbcfe987f435b57e4e21b14b8f1a2ca6b536dc,6f18ef1ea8d710fb64c509e52301c58c
749e81e3630965b3f5e6eb1f12fbcfe987f435b57e4e21b14b8f1a2ca6b536dc,51d5a0ee33a619a241d5dba38a23b03e
749e81e3630965b3f5e6eb1f12fbcfe987f435b57e4e21b14b8f1a2ca6b536dc,990ea6c354e9580ee00c89088cf7ecb5
749e81e3630965b3f5e6eb1f12fbcfe987f435b57e4e21b14b8f1a2ca6b536dc,a07d7537f0496c4bf40908ced9b5b182
749e81e3630965b3f5e6eb1f12fbcfe987f435b57e4e21b14b8f1a2ca6b536dc,4e3338d329cff1169a4629294094d7df
749e81e3630965b3f5e6eb1f12fbcfe987f435b57e4e21b14b8f1a2ca6b536dc,205a6cd22e3f571e2f6b8a217fb133a0
749e81e3630965b3f5e6eb1f12fbcfe987f435b57e4e21b14b8f1a2ca6b536dc,71f71feb270e5c595951cdab49c08b1d
749e81e3630965b3f5e6eb1f12fbcfe987f435b57e4e21b14b8f1a2ca6b536dc,f6d5e848f31b1bef4091ff7adf10a8a1
749e81e3630965b3f5e6eb1f12fbcfe987f435b57e4e21b14b8f1a2ca6b536dc,2997c490df61a78b519cfd3fda033fca
749e81e3630965b3f5e6eb1f12fbcfe987f435b57e4e21b14b8f1a2ca6b536dc,d17eb452b184b7b5407eb47c2b5a750d
749e81e3630965b3f5e6eb1f12fbcfe987f435b57e4e21b14b8f1a2ca6b536dc,208f700358654aea8adfdb62b8f4d929
749e81e3630965b3f5e6eb1f12fbcfe987f435b57e4e21b14b8f1a2ca6b536dc,7c21dd049e99090a01b100b8b70373cd
749e81e3630965b3f5e6eb1f12fbcfe987f435b57e4e21b14b8f1a2ca6b536dc,bcbb9791637cf9440da5709c18f05aee
749e81e3630965b3f5e6eb1f12fbcfe987f435b57e4e21b14b8f1a2ca6b536dc,ebaf08c8925e3be49750f6f206dbb729
749e81e3630965b3f5e6eb1f12fbcfe987f435b57e4e21b14b8f1a2ca6b536dc,6e421aca600f9ba65c67294b7318b8a0
78d321aaf830d76ebd7457e34f7ee057f48c840fdd10f46fe7c7a8468b53c78b,ea3ac037330bd0bc3dfc3d763936d015
78d321aaf830d76ebd7457e34f7ee057f48c840fdd10f46fe7c7a8468b53c78b,ae12dc820b55bded5d32b7db2b072f51
78d321aaf830d76ebd7457e34f7ee057f48c840fdd10f46fe7c7a8468b53c78b,d54d97548acd4a7591e19ad9a73b0472
78d321aaf830d76ebd7457e34f7ee057f48c840fdd10f46fe7c7a8468b53c78b,633edd0c14e4fd4472f2b49078a51122
78d321aaf830d76ebd7457e34f7ee057f48c840fdd10f46fe7c7a8468b53c78b,abdbd0097045bc73dbb11b216b5d2d41
78d321aaf830d76ebd7457e34f7ee057f48c840fdd10f46fe7c7a8468b53c78b,1e9c4a16c929ed7946328a3e1e445826
78d321aaf830d76ebd7457e34f7ee057f48c840fdd10f46fe7c7a8468b53c78b,c1daac5ba5bcc6fa54947ff8c4ce3792
78d321aaf830d76ebd7457e34f7ee057f48c840fdd10f46fe7c7a8468b53c78b,0335cc2786cd7746fee5dd5440f403a5
78d321aaf830d76ebd7457e34f7ee057f48c840fdd10f46fe7c7a8468b53c78b,2ae900ab24a53a4f1c7a1ee33b158101
78d321aaf830d76ebd7457e34f7ee057f48c840fdd10f46fe7c7a8468b53c78b,6a2f06b28d6ad4e5bd59f239ef00c6b8
78d321aaf830d76ebd7457e34f7ee057f48c840fdd10f46fe7c7a8468b53c78b,d0d0496dec5aa5a9c48b572cf7709d22
78d321aaf830d76ebd7457e34f7ee057f48c840fdd10f46fe7c7a8468b53c78b,620b3037d19b0bc5bcd5bd9fb9848293
78d321aaf830d76ebd7457e34f7ee057f48c840fdd10f46fe7c7a8468b53c78b,223ccc1039bf4cd20365eb80a1cfa274
78d321aaf830d76ebd7457e34f7ee057f48c840fdd10f46fe7c7a8468b53c78b,618166605a7627aa9dca07e74a7a3191
78d321aaf830d76ebd7457e34f7ee057f48c840fdd10f46fe7c7a8468b53c78b,49738f145217c6d1718ea09963dcfab6
78d321aaf830d76ebd7457e34f7ee057f48c840fdd10f46fe7c7a8468b53c78b,db039aba5cdab00493a74c798101d020
78d321aaf830d76ebd7457e34f7ee057f48c840fdd10f46fe7c7a8468b53c78b,12508d57ff63c28381ea6c198295bbee
78d321aaf830d76ebd7457e34f7ee057f48c840fdd10f46fe7c7a8468b53c78b,64bef1e11795142147265c37cf6d96ad
78d321aaf830d76ebd7457e34f7ee057f48c840fdd10f46fe7c7a8468b53c78b,b9d30f524b9a4a6d9143146db4854b65
78d321aaf830d76ebd7457e34f7ee057f48c840fdd10f46fe7c7a8468b53c78b,d1f95e97eef7141c1f177cd03f1bf695
78d321aaf830d76ebd7457e34f7ee057f48c840fdd10f46fe7c7a8468b53c78b,fa6d086e004a5809c4d41a1a029bd96f
78d321aaf830d76ebd7457e34f7ee057f48c840fdd10f46fe7c7a8468b53c78b,746db1927b8db3dae13973feb8a5104e
78d321aaf830d76ebd7457e34f7ee057f48c840fdd10f46fe7c7a8468b53c78b,8928d0cf474b4efee11cb2dfa9c64bdf
78d321aaf830d76ebd7457e34f7ee057f48c840fdd10f46fe7c7a8468b53c78b,5b90dc69f728633474578bc340e7ce11
78d321aaf830d76ebd7457e34f7ee057f48c840fdd10f46fe7c7a8468b53c78b,296f21f1f0b19ed747ecb31c41e31c66
78d321aaf830d76ebd7457e34f7ee057f48c840fdd10f46fe7c7a8468b53c78b,61904f6b0131d323b7ac86316689e9f5
78d321aaf830d76ebd7457e34f7ee057f48c840fdd10f46fe7c7a8468b53c78b,85d91846f4e6e098f9179862203f12a1
78d321aaf830d76ebd7457e34f7ee057f48c840fdd10f46fe7c7a8468b53c78b,9b9954e4e144ff433063b34bb47e94c9
78d321aaf830d76ebd7457e34f7ee057f48c840fdd10f46fe7c7a8468b53c78b,4042b173af7d16d018931934579e07f5
78d321aaf830d76ebd7457e34f7ee057f48c840fdd10f46fe7c7a8468b53c78b,1a5f2f201a4ea4cd9876f42d22f27f82
78d321aaf830d76ebd7457e34f7ee057f48c840fdd10f46fe7c7a8468b53c78b,670277842a5232af85c5bfd8d38c468d
78d321aaf830d76ebd7457e34f7ee057f48c840fdd10f46fe7c7a8468b53c78b,21fe59ee0cea0f014ca6ddbb459cf7e8
78d321aaf830d76ebd7457e34f7ee057f48c840fdd10f46fe7c7a8468b53c78b,f2e362fb41d41e6221092b7dda880780
78d321aaf830d76ebd7457e34f7ee057f48c840fdd10f46fe7c7a8468b53c78b,daca2e7916e40332927395684e0f8f86
78d321aaf830d76ebd7457e34f7ee057f48c840fdd10f46fe7c7a8468b53c78b,df87567e4ff15b414905a68d446b0fb4
78d321aaf830d76ebd7457e34f7ee057f48c840fdd10f46fe7c7a8468b53c78b,9369ae457eb2ca203f12690d553d8672
78d321aaf830d76ebd7457e34f7ee057f48c840fdd10f46fe7c7a8468b53c78b,01471ef02715799e92a99eb4a936099d
78d321aaf830d76ebd7457e34f7ee057f48c840fdd10f46fe7c7a8468b53c78b,adb3522c3eec410d0654905cfaa2ba85
78d321aaf830d76ebd7457e34f7ee057f48c840fdd10f46fe7c7a8468b53c78b,20ca7acd80bba307ab085726c36fc699
78d321aaf830d76ebd7457e34f7ee057f48c840fdd10f46fe7c7a8468b53c78b,d2e3566a560b2e7a93ccc5da66154b03
78d321aaf830d76ebd7457e34f7ee057f48c840fdd10f46fe7c7a8468b53c78b,df664f952acc8da9f70ad81fa51d4d69
78d321aaf830d76ebd7457e34f7ee057f48c840fdd10f46fe7c7a8468b53c78b,624280cbb7788b19685178af4e074ee6
78d321aaf830d76ebd7457e34f7ee057f48c840fdd10f46fe7c7a8468b53c78b,b8c91d9f01b34dcfdac9966b97813fba
78d321aaf830d76ebd7457e34f7ee057f48c840fdd10f46fe7c7a8468b53c78b,b6a1a2837bdd177013e554a82baf0a7a
78d321aaf830d76ebd7457e34f7ee057f48c840fdd10f46fe7c7a8468b53c78b,bdf937f902251d410141cd616274a164
78d321aaf830d76ebd7457e34f7ee057f48c840fdd10f46fe7c7a8468b53c78b,69d5cc7a51673528c74ae65ee381a593
78d321aaf830d76ebd7457e34f7ee057f48c840fdd10f46fe7c7a8468b53c78b,4423984f3a6b56ae5c32adaacd6ba643
78d321aaf830d76ebd7457e34f7ee057f48c840fdd10f46fe7c7a8468b53c78b,381d79a519d7cef87a3f2044247dfe8f
78d321aaf830d76ebd7457e34f7ee057f48c840fdd10f46fe7c7a8468b53c78b,8000c872a5fd5126163df25acca14d6c
78d321aaf830d76ebd7457e34f7ee057f48c840fdd10f46fe7c7a8468b53c78b,382dd4100a5567b0608a60ec9cb2b1fb
cec2d12a3c3670867971bd6cc0b53a69ad6d7efe5a0ca506ec7c82da60b30de4,f6e3123f3aea25fd378202388eaa5e57
cec2d12a3c3670867971bd6cc0b53a69ad6d7efe5a0ca506ec7c82da60b30de4,65f26fd87e044edfb664cdb374c6e25b
cec2d12a3c3670867971bd6cc0b53a69ad6d7efe5a0ca506ec7c82da60b30de4,95e57f5e3b27dcb4ec523196b63b88e8
cec2d12a3c3670867971bd6cc0b53a69ad6d7efe5a0ca506ec7c82da60b30de4,1834fd7fc6ac089d57afc3087ea2ebe4
cec2d12a3c3670867971bd6cc0b53a69ad6d7efe5a0ca506ec7c82da60b30de4,0e72bcb0e46c529eae05caf0f5e06072
cec2d12a3c3670867971bd6cc0b53a69ad6d7efe5a0ca506ec7c82da60b30de4,30870d57f309dd9f28121d7132dd138a
cec2d12a3c3670867971bd6cc0b53a69ad6d7efe5a0ca506ec7c82da60b30de4,11e83f274b5340d8bc2ee33be7030140
cec2d12a3c3670867971bd6cc0b53a69ad6d7efe5a0ca506ec7c82da60b30de4,8157099a533289f8376f7003c2847727
cec2d12a3c3670867971bd6cc0b53a69ad6d7efe5a0ca506ec7c82da60b30de4,5a001855939116161509d6ddfd42a933
cec2d12a3c3670867971bd6cc0b53a69ad6d7efe5a0ca506ec7c82da60b30de4,b4ec93eae391a3f5fcc9f6616be0a467
cec2d12a3c3670867971bd6cc0b53a69ad6d7efe5a0ca506ec7c82da60b30de4,04c84cfd579d44d3ff469cc7ada88ad5
cec2d12a3c3670867971bd6cc0b53a69ad6d7efe5a0ca506ec7c82da60b30de4,c830da836959c1dfb50609b2a574d1b2
cec2d12a3c3670867971bd6cc0b53a69ad6d7efe5a0ca506ec7c82da60b30de4,ab630f10dcf01a0780fac7c4ba27f510
cec2d12a3c3670867971bd6cc0b53a69ad6d7efe5a0ca506ec7c82da60b30de4,4b07e743d3289c233c67925e0e1689de
cec2d12a3c3670867971bd6cc0b53a69ad6d7efe5a0ca506ec7c82da60b30de4,9cc96ea0191bfcb55f535f19e000297d
cec2d12a3c3670867971bd6cc0b53a69ad6d7efe5a0ca506ec7c82da60b30de4,034a97139de43896e49d65832003562e
cec2d12a3c3670867971bd6cc0b53a69ad6d7efe5a0ca506ec7c82da60b30de4,22e05dcdee4331e71cbc2db50148941e
cec2d12a3c3670867971bd6cc0b53a69ad6d7efe5a0ca506ec7c82da60b30de4,1d7b46f806e1a91c1ef1bdc9ea20ec9f
cec2d12a3c3670867971bd6cc0b53a69ad6d7efe5a0ca506ec7c82da60b30de4,09157bb2825df98aa981d9404c6dbc25
cec2d12a3c3670867971bd6cc0b53a69ad6d7efe5a0ca506ec7c82da60b30de4,171be04c0524dc1485d0698399792426
3116316f48efb65c0fa3c308213451fab87dd05910b4aa6718ec16f70a2141fe,7368f71f1d15276cb1254ca378d8e6e7
3116316f48efb65c0fa3c308213451fab87dd05910b4aa6718ec16f70a2141fe,e05c2b73809c7f3c9eb448f6e751be5c
3116316f48efb65c0fa3c308213451fab87dd05910b4aa6718ec16f70a2141fe,43b5b847139b72ff9f1de5e68b5dcae8
3116316f48efb65c0fa3c308213451fab87dd05910b4aa6718ec16f70a2141fe,b0a70375f88ee2cbf83c359a6085c0d3
3116316f48efb65c0fa3c308213451fab87dd05910b4aa6718ec16f70a2141fe,40fd5fd8e55a83335a6f10dec76102bf
3116316f48efb65c0fa3c308213451fab87dd05910b4aa6718ec16f70a2141fe,1f28ad3656eefca51361ce088ca01c7c
3116316f48efb65c0fa3c308213451fab87dd05910b4aa6718ec16f70a2141fe,e44abaa4e7a5fa1ae8dbe31bc2d969df
3116316f48efb65c0fa3c308213451fab87dd05910b4aa6718ec16f70a2141fe,a4d094b20e804c1c8cf7aac80120ef7c
3116316f48efb65c0fa3c308213451fab87dd05910b4aa6718ec16f70a2141fe,e78e74a6361559ca3e38efded87bb031
3116316f48efb65c0fa3c308213451fab87dd05910b4aa6718ec16f70a2141fe,1544b3ac2c8a1cf921d2e2b2ff87b98a
3116316f48efb65c0fa3c308213451fab87dd05910b4aa6718ec16f70a2141fe,b91a2b9854ee62f6ba95db76fc41918d
3116316f48efb65c0fa3c308213451fab87dd05910b4aa6718ec16f70a2141fe,be7ccefc4f451234cea186cd54f43c1c
3116316f48efb65c0fa3c308213451fab87dd05910b4aa6718ec16f70a2141fe,a8e6485e38a15efe737af5015345bb8a
3116316f48efb65c0fa3c308213451fab87dd05910b4aa6718ec16f70a2141fe,558b6cb91ab7516814b4245e502b6ed7
3116316f48efb65c0fa3c308213451fab87dd05910b4aa6718ec16f70a2141fe,d2d70c5b13a28d2160078c3845874e14
3116316f48efb65c0fa3c308213451fab87dd05910b4aa6718ec16f70a2141fe,20963dcfaa9ad7560e4d6d61e76eb20b
3116316f48efb65c0fa3c308213451fab87dd05910b4aa6718ec16f70a2141fe,7847e4f626fb83c57536e5208664afd9
3116316f48efb65c0fa3c308213451fab87dd05910b4aa6718ec16f70a2141fe,9a6f93d18b8203480c251eacd89a7525
3116316f48efb65c0fa3c308213451fab87dd05910b4aa6718ec16f70a2141fe,61b4e9b8a17e0ad036a20289f1a0b0e2
3116316f48efb65c0fa3c308213451fab87dd05910b4aa6718ec16f70a2141fe,1bcebd85daabc2f4d6de8b556e39569e
3116316f48efb65c0fa3c308213451fab87dd05910b4aa6718ec16f70a2141fe,761f2a4d8c09e649f34b7c2841028faf
3116316f48efb65c0fa3c308213451fab87dd05910b4aa6718ec16f70a2141fe,12e161171e8f40a4e01cddb6c4f069b2
3116316f48efb65c0fa3c308213451fab87dd05910b4aa6718ec16f70a2141fe,56757dab98a74d14ffcc243ae63caa75
3116316f48efb65c0fa3c308213451fab87dd05910b4aa6718ec16f70a2141fe,e893f2a71077f784a361e0eec5bade70
3116316f48efb65c0fa3c308213451fab87dd05910b4aa6718ec16f70a2141fe,3672ea4c24a9d9da8d49516bcb837c1e
3116316f48efb65c0fa3c308213451fab87dd05910b4aa6718ec16f70a2141fe,206411defd23d917c642f55ee9c46272
3116316f48efb65c0fa3c308213451fab87dd05910b4aa6718ec16f70a2141fe,4d23271e5302310f21f1fa5825eea8fc
3116316f48efb65c0fa3c308213451fab87dd05910b4aa6718ec16f70a2141fe,c219fa16bbdba43065767a35b0a173d4
3116316f48efb65c0fa3c308213451fab87dd05910b4aa6718ec16f70a2141fe,36b4e9407f5945f36d133b0f7c8402f6
3116316f48efb65c0fa3c308213451fab87dd05910b4aa6718ec16f70a2141fe,2878d3147f1b8d983d77d2567bf51a37
3116316f48efb65c0fa3c308213451fab87dd05910b4aa6718ec16f70a2141fe,1f45457842b51e24c70ca2da8f517233
3116316f48efb65c0fa3c308213451fab87dd05910b4aa6718ec16f70a2141fe,18896b7213a727785d06d0eb0a0d0fbb
3116316f48efb65c0fa3c308213451fab87dd05910b4aa6718ec16f70a2141fe,74440938b016eb92c0cff229d827f423
3116316f48efb65c0fa3c308213451fab87dd05910b4aa6718ec16f70a2141fe,465c48550c8738330a7c76f0d8e01407
3116316f48efb65c0fa3c308213451fab87dd05910b4aa6718ec16f70a2141fe,701e7bf7f48bdbc1452e567452fe10a8
3116316f48efb65c0fa3c308213451fab87dd05910b4aa6718ec16f70a2141fe,26da1f2014b47fb4cec762c15aa31f37
3116316f48efb65c0fa3c308213451fab87dd05910b4aa6718ec16f70a2141fe,cab293d247e1f362ef78769723c1419f
3116316f48efb65c0fa3c308213451fab87dd05910b4aa6718ec16f70a2141fe,acbc42c58c98fd97bd07a3d560a40867
3116316f48efb65c0fa3c308213451fab87dd05910b4aa6718ec16f70a2141fe,57b8cd9aa15beedc01233db04fd42a34
3116316f48efb65c0fa3c308213451fab87dd05910b4aa6718ec16f70a2141fe,2d4178cc713a139ef887f1113b317d52
3116316f48efb65c0fa3c308213451fab87dd05910b4aa6718ec16f70a2141fe,de84fb2e194a10c36f782f65b7f23412
3116316f48efb65c0fa3c308213451fab87dd05910b4aa6718ec16f70a2141fe,68b47e8ac3c3352d69e610b0c9c96b77
3116316f48efb65c0fa3c308213451fab87dd05910b4aa6718ec16f70a2141fe,a1b400a040109a024c310877ff563091
3116316f48efb65c0fa3c308213451fab87dd05910b4aa6718ec16f70a2141fe,961a6bd0b8febcb990271761ea8270c6
3116316f48efb65c0fa3c308213451fab87dd05910b4aa6718ec16f70a2141fe,c1f778aa76b64623775ce7834250117e
3116316f48efb65c0fa3c308213451fab87dd05910b4aa6718ec16f70a2141fe,a18d21de514c54e52ccbed65f0e8b06a
3116316f48efb65c0fa3c308213451fab87dd05910b4aa6718ec16f70a2141fe,fc1667e96d6f54747e56584e484fae6c
3116316f48efb65c0fa3c308213451fab87dd05910b4aa6718ec16f70a2141fe,bcd612535370ee6fe0a4ff561aa31cde
3116316f48efb65c0fa3c308213451fab87dd05910b4aa6718ec16f70a2141fe,5d4a68d3b2d91d4dd1d6cda89f4f1cb4
3116316f48efb65c0fa3c308213451fab87dd05910b4aa6718ec16f70a2141fe,0063db4111b8823da743f7546a653285
3116316f48efb65c0fa3c308213451fab87dd05910b4aa6718ec16f70a2141fe,3a3108389904975259663e6988cc9705
3116316f48efb65c0fa3c308213451fab87dd05910b4aa6718ec16f70a2141fe,46e037735708c7e1a80deb4d6bfda460
3116316f48efb65c0fa3c308213451fab87dd05910b4aa6718ec16f70a2141fe,f7eb1928d07d7e37aac928820c2708af
3116316f48efb65c0fa3c308213451fab87dd05910b4aa6718ec16f70a2141fe,e3358e4464203b7524e8ee6393f46706
3116316f48efb65c0fa3c308213451fab87dd05910b4aa6718ec16f70a2141fe,2a65617e234819fd2bdd7b8fe1a71a94
b36680ec436f401c1c6ea835e4b45aa95790cd93d2e689935c544c12ca030b4e,1e23c546a6809305d05da44a35ddf7e5
b36680ec436f401c1c6ea835e4b45aa95790cd93d2e689935c544c12ca030b4e,89c7bec866e3b99721ab2f0d40cdb056
b36680ec436f401c1c6ea835e4b45aa95790cd93d2e689935c544c12ca030b4e,c1a81fa19f78831f11861c21c64d94f7
b36680ec436f401c1c6ea835e4b45aa95790cd93d2e689935c544c12ca030b4e,e7556c6e965e00e16d0865babca86c81
b36680ec436f401c1c6ea835e4b45aa95790cd93d2e689935c544c12ca030b4e,b3f655c1fb1090a3575bc57543d99a4e
b36680ec436f401c1c6ea835e4b45aa95790cd93d2e689935c544c12ca030b4e,0eec6e3fcb16af55fc896701288e8c52
b36680ec436f401c1c6ea835e4b45aa95790cd93d2e689935c544c12ca030b4e,9b8277beb46f7e836f93892a4a9b7ffb
b36680ec436f401c1c6ea835e4b45aa95790cd93d2e689935c544c12ca030b4e,df68a724ae78be3ab2f59e184c3488f5
b36680ec436f401c1c6ea835e4b45aa95790cd93d2e689935c544c12ca030b4e,7d49044e22073fe44eb1ec2c32f5d5dd
b36680ec436f401c1c6ea835e4b45aa95790cd93d2e689935c544c12ca030b4e,905e17bdbdce5f1755fd8dc62dddd2c9
b36680ec436f401c1c6ea835e4b45aa95790cd93d2e689935c544c12ca030b4e,8efa70814361a8653597e7429315f3f6
b36680ec436f401c1c6ea835e4b45aa95790cd93d2e689935c544c12ca030b4e,1b2da7af7c613a3f820733dd0fcd9dee
b36680ec436f401c1c6ea835e4b45aa95790cd93d2e689935c544c12ca030b4e,0195a7a5af9db05f81c844b442358bb6
b36680ec436f401c1c6ea835e4b45aa95790cd93d2e689935c544c12ca030b4e,809eb5adc0ce5626a6239d31e2c664da
b36680ec436f401c1c6ea835e4b45aa95790cd93d2e689935c544c12ca030b4e,17cf1a06be8681752beaaf21d2499158
b36680ec436f401c1c6ea835e4b45aa95790cd93d2e689935c544c12ca030b4e,8acecd7b84253b563bb257026457ab58
b36680ec436f401c1c6ea835e4b45aa95790cd93d2e689935c544c12ca030b4e,aac5c637709a72644f40410503a87ac4
b36680ec436f401c1c6ea835e4b45aa95790cd93d2e689935c544c12ca030b4e,c68fc83b59cc73a30ef9328ac15d9c79
b36680ec436f401c1c6ea835e4b45aa95790cd93d2e689935c544c12ca030b4e,be81c5768bff9f349e1c0ea151e03caa
b36680ec436f401c1c6ea835e4b45aa95790cd93d2e689935c544c12ca030b4e,7e686ff348faca930f30014d9faa4133
27e562027f75f1107767d94df07f074ac519cd70d66281150835d7503754a0ae,c7131571baa8f506dd298702e1249138
27e562027f75f1107767d94df07f074ac519cd70d66281150835d7503754a0ae,9e00fa4ba34649fb9764906a12d60e5f
27e562027f75f1107767d94df07f074ac519cd70d66281150835d7503754a0ae,cd27f08ddd968e8c14ae6493d58d295d
27e562027f75f1107767d94df07f074ac519cd70d66281150835d7503754a0ae,402609ba034c466e1ef36594da86d81f
27e562027f75f1107767d94df07f074ac519cd70d66281150835d7503754a0ae,2421cfb513440d162608a0acdf379c6f
27e562027f75f1107767d94df07f074ac519cd70d66281150835d7503754a0ae,35b8113a960c219c093da1a3e554bea5
27e562027f75f1107767d94df07f074ac519cd70d66281150835d7503754a0ae,fcd316ed8375bb1bf4135c32a36272c9
27e562027f75f1107767d94df07f074ac519cd70d66281150835d7503754a0ae,00ef42caa07af2e39e99a787978dac7f
27e562027f75f1107767d94df07f074ac519cd70d66281150835d7503754a0ae,5fe07942e3670925dcf908b625fa8d30
27e562027f75f1107767d94df07f074ac519cd70d66281150835d7503754a0ae,492a20b14965341131d802ffbddb61a6
27e562027f75f1107767d94df07f074ac519cd70d66281150835d7503754a0ae,0f6da2d97456641f053c270a3bfb8e6c
27e562027f75f1107767d94df07f074ac519cd70d66281150835d7503754a0ae,36733249249acfab3875ca89ced57c53
27e562027f75f1107767d94df07f074ac519cd70d66281150835d7503754a0ae,0ecdfa1a18efd40c611bf63dc3d15ddc
27e562027f75f1107767d94df07f074ac519cd70d66281150835d7503754a0ae,cfaffe9da8dc7c5ada312c40c636ade2
27e562027f75f1107767d94df07f074ac519cd70d66281150835d7503754a0ae,6713fb8f1b5bf405647ab685efe9954a
27e562027f75f1107767d94df07f074ac519cd70d66281150835d7503754a0ae,69f44cefb86506d4af62b780876bde24
27e562027f75f1107767d94df07f074ac519cd70d66281150835d7503754a0ae,59c6c494d13bdfa031fd7b94e3cedd1d
27e562027f75f1107767d94df07f074ac519cd70d66281150835d7503754a0ae,c3def62a22a6c438f50bc96e5007c10f
27e562027f75f1107767d94df07f074ac519cd70d66281150835d7503754a0ae,a09930f4bd4efcbba1ad3cd52e87ada1
27e562027f75f1107767d94df07f074ac519cd70d66281150835d7503754a0ae,d7da274004397022a78ed03d8ef48b76
71bb3a2595657f0afb24c73eeae1529a81df0a3fdad9ec13a258eca4df82fec7,8a70d6c9308e96c585be7c3623cb9f5e
71bb3a2595657f0afb24c73eeae1529a81df0a3fdad9ec13a258eca4df82fec7,98a13b05bb208078852276b54277e170
71bb3a2595657f0afb24c73eeae1529a81df0a3fdad9ec13a258eca4df82fec7,6c83efa3b32198939ffd182482c8e01c
71bb3a2595657f0afb24c73eeae1529a81df0a3fdad9ec13a258eca4df82fec7,eda7bb221c5abaf7335321c723c1d19a
71bb3a2595657f0afb24c73eeae1529a81df0a3fdad9ec13a258eca4df82fec7,1ec541d504634a4bca9ba11cb7049ac0
71bb3a2595657f0afb24c73eeae1529a81df0a3fdad9ec13a258eca4df82fec7,74f1b3881f34c352142cabb572bbd50c
71bb3a2595657f0afb24c73eeae1529a81df0a3fdad9ec13a258eca4df82fec7,2a435a390e3fb113aa2cc3c818b97a63
71bb3a2595657f0afb24c73eeae1529a81df0a3fdad9ec13a258eca4df82fec7,23bb4e0dc9801b7a5454c5cc872ebb2a
71bb3a2595657f0afb24c73eeae1529a81df0a3fdad9ec13a258eca4df82fec7,22bf6b03447f6c8ccca4b60b7779c857
71bb3a2595657f0afb24c73eeae1529a81df0a3fdad9ec13a258eca4df82fec7,62268f7d73a64d80e38feadea760d99e
71bb3a2595657f0afb24c73eeae1529a81df0a3fdad9ec13a258eca4df82fec7,77fe59c64073d53b74ec5a8ba0dd5147
71bb3a2595657f0afb24c73eeae1529a81df0a3fdad9ec13a258eca4df82fec7,33ceba3cac5faee63d1910bf9aece57c
71bb3a2595657f0afb24c73eeae1529a81df0a3fdad9ec13a258eca4df82fec7,34d7507b46e2ff8bd70eea06818da582
71bb3a2595657f0afb24c73eeae1529a81df0a3fdad9ec13a258eca4df82fec7,faf2abbeb73155776aa05c74cba43118
71bb3a2595657f0afb24c73eeae1529a81df0a3fdad9ec13a258eca4df82fec7,f081d8241580c2f67c37af4d815dff4b
71bb3a2595657f0afb24c73eeae1529a81df0a3fdad9ec13a258eca4df82fec7,49adaeb4cd0aeb21cec65f9afafeaf8d
71bb3a2595657f0afb24c73eeae1529a81df0a3fdad9ec13a258eca4df82fec7,57456f1043b1a209399d29214a0b5dda
71bb3a2595657f0afb24c73eeae1529a81df0a3fdad9ec13a258eca4df82fec7,ac3f072140a85f478158aff142d820b2
71bb3a2595657f0afb24c73eeae1529a81df0a3fdad9ec13a258eca4df82fec7,fcc01b9d1cb8d23b93d5414d927bc30d
71bb3a2595657f0afb24c73eeae1529a81df0a3fdad9ec13a258eca4df82fec7,02c439ea5cc6377a5e2e56cb21553fbf
71bb3a2595657f0afb24c73eeae1529a81df0a3fdad9ec13a258eca4df82fec7,0d42f567fba58dff22447d9cc72868bd
71bb3a2595657f0afb24c73eeae1529a81df0a3fdad9ec13a258eca4df82fec7,d35d12e7542d54b1f63ad887b53c5e60
71bb3a2595657f0afb24c73eeae1529a81df0a3fdad9ec13a258eca4df82fec7,7000040aa325b3ee68923f438bcfc6f7
71bb3a2595657f0afb24c73eeae1529a81df0a3fdad9ec13a258eca4df82fec7,36d50ed60bfdd67e16c61cd9c1479219
71bb3a2595657f0afb24c73eeae1529a81df0a3fdad9ec13a258eca4df82fec7,46d2129df1fb7336422b5cc028ecbf99
71bb3a2595657f0afb24c73eeae1529a81df0a3fdad9ec13a258eca4df82fec7,4f08d63bd66f58d81506a3334fbeb4f1
71bb3a2595657f0afb24c73eeae1529a81df0a3fdad9ec13a258eca4df82fec7,9e378cd76256912842fe38c3082463c5
71bb3a2595657f0afb24c73eeae1529a81df0a3fdad9ec13a258eca4df82fec7,f972f8975ba9f5da0c32d2da22d07784
71bb3a2595657f0afb24c73eeae1529a81df0a3fdad9ec13a258eca4df82fec7,37f7f4adb46583b75b5c1e2ef1e2ad96
71bb3a2595657f0afb24c73eeae1529a81df0a3fdad9ec13a258eca4df82fec7,fc0b588e7fbdd541711d58909fb7a639
71bb3a2595657f0afb24c73eeae1529a81df0a3fdad9ec13a258eca4df82fec7,b05a8c0da0f9f2eee46c920825d054a5
71bb3a2595657f0afb24c73eeae1529a81df0a3fdad9ec13a258eca4df82fec7,8beb936f336257adc64330dba107a47a
71bb3a2595657f0afb24c73eeae1529a81df0a3fdad9ec13a258eca4df82fec7,6f8d8f426ba891ce2779fb79d0cc6104
71bb3a2595657f0afb24c73eeae1529a81df0a3fdad9ec13a258eca4df82fec7,b272531a13892e90d4997502c50de85e
71bb3a2595657f0afb24c73eeae1529a81df0a3fdad9ec13a258eca4df82fec7,3a6e5bbf1dd41f51428feb98d6f134f2
71bb3a2595657f0afb24c73eeae1529a81df0a3fdad9ec13a258eca4df82fec7,48bbe821f5795f10c58b7ea0de8965f8
71bb3a2595657f0afb24c73eeae1529a81df0a3fdad9ec13a258eca4df82fec7,5c79788a4cc047510f991ff60e6ec2a6
71bb3a2595657f0afb24c73eeae1529a81df0a3fdad9ec13a258eca4df82fec7,2146686db0fac2b184a28138430ba65d
71bb3a2595657f0afb24c73eeae1529a81df0a3fdad9ec13a258eca4df82fec7,efc9f8ecc7bd2433b9f86dc46979badb
71bb3a2595657f0afb24c73eeae1529a81df0a3fdad9ec13a258eca4df82fec7,a693913ffa9312b1aae57b9dc88e8c36
71bb3a2595657f0afb24c73eeae1529a81df0a3fdad9ec13a258eca4df82fec7,5c82eea7bd5ceb902f687b36ac1071f7
71bb3a2595657f0afb24c73eeae1529a81df0a3fdad9ec13a258eca4df82fec7,84a1fca22249be88cfc392b196fe92c4
71bb3a2595657f0afb24c73eeae1529a81df0a3fdad9ec13a258eca4df82fec7,ad9fe3bfb1b7a7142559d089d6148e81
71bb3a2595657f0afb24c73eeae1529a81df0a3fdad9ec13a258eca4df82fec7,8e03487bb442d6c3af40a4dd6b950285
71bb3a2595657f0afb24c73eeae1529a81df0a3fdad9ec13a258eca4df82fec7,e2fbe847abacee3ef418b6522e92c040
71bb3a2595657f0afb24c73eeae1529a81df0a3fdad9ec13a258eca4df82fec7,4e5f698fdc0602e8a3417c65c07f4031
71bb3a2595657f0afb24c73eeae1529a81df0a3fdad9ec13a258eca4df82fec7,1a6b6f4eeea65bb4e117007e6734e16f
71bb3a2595657f0afb24c73eeae1529a81df0a3fdad9ec13a258eca4df82fec7,eefcf9ecc7315df3c4fc2d9ff679a163
71bb3a2595657f0afb24c73eeae1529a81df0a3fdad9ec13a258eca4df82fec7,de5b3ce6293a70364d4458c8f4bf8aaf
71bb3a2595657f0afb24c73eeae1529a81df0a3fdad9ec13a258eca4df82fec7,146e2428a2cb2573a412259c4a77de81
71bb3a2595657f0afb24c73eeae1529a81df0a3fdad9ec13a258eca4df82fec7,d81ac3da60984eab11729370db628e7e
71bb3a2595657f0afb24c73eeae1529a81df0a3fdad9ec13a258eca4df82fec7,aaa8e2694c1e5534bc2492e5c03880bc
71bb3a2595657f0afb24c73eeae1529a81df0a3fdad9ec13a258eca4df82fec7,b967bb84c0da102a3db00fa5f465f414
71bb3a2595657f0afb24c73eeae1529a81df0a3fdad9ec13a258eca4df82fec7,b323f8a25b1aa3054cdfb76093e89eb4
71bb3a2595657f0afb24c73eeae1529a81df0a3fdad9ec13a258eca4df82fec7,068fee553b1b4c15b725574fb18827d5
71bb3a2595657f0afb24c73eeae1529a81df0a3fdad9ec13a258eca4df82fec7,69e672f8c67dbb1aa3adcc40e344b6c7
71bb3a2595657f0afb24c73eeae1529a81df0a3fdad9ec13a258eca4df82fec7,176d9f42cb16bc6c90201c38e8af01cd
71bb3a2595657f0afb24c73eeae1529a81df0a3fdad9ec13a258eca4df82fec7,9237a11e5cf240def22bd4a2e8416612
71bb3a2595657f0afb24c73eeae1529a81df0a3fdad9ec13a258eca4df82fec7,3a794e7fc19eeec59d9629625af6faa0
71bb3a2595657f0afb24c73eeae1529a81df0a3fdad9ec13a258eca4df82fec7,04322dd911cefe661d993733a8980887
71bb3a2595657f0afb24c73eeae1529a81df0a3fdad9ec13a258eca4df82fec7,081b870f6dec589cfaa8a4ece4722384
71bb3a2595657f0afb24c73eeae1529a81df0a3fdad9ec13a258eca4df82fec7,f35764242201e8471d19de0938aea5b6
71bb3a2595657f0afb24c73eeae1529a81df0a3fdad9ec13a258eca4df82fec7,83131980e91a0d54e0a780f353fd5dca
71bb3a2595657f0afb24c73eeae1529a81df0a3fdad9ec13a258eca4df82fec7,c046ef239d44190b18c7020a75c1324f
71bb3a2595657f0afb24c73eeae1529a81df0a3fdad9ec13a258eca4df82fec7,25cf1ad035cb3a419d43179f394f8a37
71bb3a2595657f0afb24c73eeae1529a81df0a3fdad9ec13a258eca4df82fec7,ba064ab2542c6441674520b64ff24ccd
71bb3a2595657f0afb24c73eeae1529a81df0a3fdad9ec13a258eca4df82fec7,e40ed541f2f9d7cbe587d1fc9e89d384
71bb3a2595657f0afb24c73eeae1529a81df0a3fdad9ec13a258eca4df82fec7,fc218d7dd75e84d0965a8602ee5f7e33
71bb3a2595657f0afb24c73eeae1529a81df0a3fdad9ec13a258eca4df82fec7,a12c1fb7fc96bcf9243dc216e5d30fe4
71bb3a2595657f0afb24c73eeae1529a81df0a3fdad9ec13a258eca4df82fec7,905af4878eb4b68c067d1f1b8361a172
71bb3a2595657f0afb24c73eeae1529a81df0a3fdad9ec13a258eca4df82fec7,6db7d3c264f82f900fde3486d65161d4
71bb3a2595657f0afb24c73eeae1529a81df0a3fdad9ec13a258eca4df82fec7,21e0cb87c07b3ca89c0d0b25ef32b14d
71bb3a2595657f0afb24c73eeae1529a81df0a3fdad9ec13a258eca4df82fec7,38d0f4cc8e5a07855dd1db1de63a6546
71bb3a2595657f0afb24c73eeae1529a81df0a3fdad9ec13a258eca4df82fec7,b2f5c287f033152efdb796881fcebb03
71bb3a2595657f0afb24c73eeae1529a81df0a3fdad9ec13a258eca4df82fec7,7672036322846ce0f2978161554b3d01
71bb3a2595657f0afb24c73eeae1529a81df0a3fdad9ec13a258eca4df82fec7,ef0edfdf13b86dfa1525abcc6731ead3
71bb3a2595657f0afb24c73eeae1529a81df0a3fdad9ec13a258eca4df82fec7,5f8b7ecb892942db3eefdfcbe5ecb027
71bb3a2595657f0afb24c73eeae1529a81df0a3fdad9ec13a258eca4df82fec7,f820e755fccfef34acc01cb6ec400dc8
71bb3a2595657f0afb24c73eeae1529a81df0a3fdad9ec13a258eca4df82fec7,51510d479372a6c411042889e8cf2394
71bb3a2595657f0afb24c73eeae1529a81df0a3fdad9ec13a258eca4df82fec7,91fd82595251bb7741aa57b1d6f55125
71bb3a2595657f0afb24c73eeae1529a81df0a3fdad9ec13a258eca4df82fec7,03c1055e253efc3f331d8bea0b70e8d0
71bb3a2595657f0afb24c73eeae1529a81df0a3fdad9ec13a258eca4df82fec7,9d6df6d59b2e8e0540cbf744f6eed210
71bb3a2595657f0afb24c73eeae1529a81df0a3fdad9ec13a258eca4df82fec7,b3750180b3026a8fab3bdfd572370a9b
71bb3a2595657f0afb24c73eeae1529a81df0a3fdad9ec13a258eca4df82fec7,1f35b8d8fa8296d4b3e198579d35dfd5
71bb3a2595657f0afb24c73eeae1529a81df0a3fdad9ec13a258eca4df82fec7,c51d8110a2b3a5ce853385db999ea324
09c6d8ced11e8e43fa39db4318fb52b1f222ce612e5aba99a8f41fa9862495ee,3f9c389ef3ab270e77f657a57256da54
09c6d8ced11e8e43fa39db4318fb52b1f222ce612e5aba99a8f41fa9862495ee,6b54c417e8a6516f9d506580d62f7cf7
09c6d8ced11e8e43fa39db4318fb52b1f222ce612e5aba99a8f41fa9862495ee,9ad04feac684f474fd854628fd5ff9d7
09c6d8ced11e8e43fa39db4318fb52b1f222ce612e5aba99a8f41fa9862495ee,73f3adc941e33b73402618c6e9867132
09c6d8ced11e8e43fa39db4318fb52b1f222ce612e5aba99a8f41fa9862495ee,efa7fe1a867c8d732f6a4cf35b2151c9
09c6d8ced11e8e43fa39db4318fb52b1f222ce612e5aba99a8f41fa9862495ee,8dd35bcb27135520c401b83b00b46b3a
09c6d8ced11e8e43fa39db4318fb52b1f222ce612e5aba99a8f41fa9862495ee,6f026084831891426b6c8044f8f94548
09c6d8ced11e8e43fa39db4318fb52b1f222ce612e5aba99a8f41fa9862495ee,78991c0709b705c2929791d4a4a5387b
09c6d8ced11e8e43fa39db4318fb52b1f222ce612e5aba99a8f41fa9862495ee,250b06e27d20b3f256d5ab6384aa24de
09c6d8ced11e8e43fa39db4318fb52b1f222ce612e5aba99a8f41fa9862495ee,761f2a4d8c09e649f34b7c2841028faf
09c6d8ced11e8e43fa39db4318fb52b1f222ce612e5aba99a8f41fa9862495ee,9428bc5fbfc820dd908f3270c47a6656
09c6d8ced11e8e43fa39db4318fb52b1f222ce612e5aba99a8f41fa9862495ee,cad9aa1aee5458c8413a386e9580aeaf
09c6d8ced11e8e43fa39db4318fb52b1f222ce612e5aba99a8f41fa9862495ee,6cb561daa165175a3390735c6e0ddf98
09c6d8ced11e8e43fa39db4318fb52b1f222ce612e5aba99a8f41fa9862495ee,ac00a4289d36e104337e0ed433b9153d
09c6d8ced11e8e43fa39db4318fb52b1f222ce612e5aba99a8f41fa9862495ee,8ec625eaa5e40f223924ce8f240b83f5
09c6d8ced11e8e43fa39db4318fb52b1f222ce612e5aba99a8f41fa9862495ee,56a80785035b48e9f94b5989a7e17973
09c6d8ced11e8e43fa39db4318fb52b1f222ce612e5aba99a8f41fa9862495ee,727fe8b4f661a39cffbc75a6fa5e53e8
09c6d8ced11e8e43fa39db4318fb52b1f222ce612e5aba99a8f41fa9862495ee,50caab414f27a6ee38cdda389904f6de
09c6d8ced11e8e43fa39db4318fb52b1f222ce612e5aba99a8f41fa9862495ee,32eec5520a9d8f7f076adfb67128b9ce
09c6d8ced11e8e43fa39db4318fb52b1f222ce612e5aba99a8f41fa9862495ee,34b1716d72e088f92819e84f77173c65
bbf754819d84a4bc60ed3335988a767036ae2939fb1fdfd2b297713179f1b2cb,d57c5470a342c01f3b2b794c4daa7c43
bbf754819d84a4bc60ed3335988a767036ae2939fb1fdfd2b297713179f1b2cb,1f67b3da86a45d155a11bacd3862c287
bbf754819d84a4bc60ed3335988a767036ae2939fb1fdfd2b297713179f1b2cb,874d2737efa777bcac5f9f2e9775cbf5
bbf754819d84a4bc60ed3335988a767036ae2939fb1fdfd2b297713179f1b2cb,7f5b7a2d1ac830ea782f099d2062399e
bbf754819d84a4bc60ed3335988a767036ae2939fb1fdfd2b297713179f1b2cb,c179d3ff0b1544d5c05fe9efb83176b7
bbf754819d84a4bc60ed3335988a767036ae2939fb1fdfd2b297713179f1b2cb,5f043fc205198d8f7674bcf9a94d0a31
bbf754819d84a4bc60ed3335988a767036ae2939fb1fdfd2b297713179f1b2cb,a87cf8d9b2e2a9e3711c9b91e2708f9c
bbf754819d84a4bc60ed3335988a767036ae2939fb1fdfd2b297713179f1b2cb,0721b7f79f31b40381ebfa456b68b3cb
bbf754819d84a4bc60ed3335988a767036ae2939fb1fdfd2b297713179f1b2cb,965b5646555ec669991ef30248efd0e6
bbf754819d84a4bc60ed3335988a767036ae2939fb1fdfd2b297713179f1b2cb,9bcb61d1d3b3574f1ec098fb19e1bdff
bbf754819d84a4bc60ed3335988a767036ae2939fb1fdfd2b297713179f1b2cb,7bf7ff178677eb01ed035ce03c6db7c1
bbf754819d84a4bc60ed3335988a767036ae2939fb1fdfd2b297713179f1b2cb,cb0fe08c4281841bbe03dd673551b1d0
bbf754819d84a4bc60ed3335988a767036ae2939fb1fdfd2b297713179f1b2cb,d9111eb9c493d8aab5dc5cb09c4713dc
bbf754819d84a4bc60ed3335988a767036ae2939fb1fdfd2b297713179f1b2cb,30c388433d4bc9af5bed35e26993af07
bbf754819d84a4bc60ed3335988a767036ae2939fb1fdfd2b297713179f1b2cb,be9697c2e06a20418a0eae51b76dbe05
bbf754819d84a4bc60ed3335988a767036ae2939fb1fdfd2b297713179f1b2cb,e019e288d45a9a9c00c3a9f37b0c01cc
bbf754819d84a4bc60ed3335988a767036ae2939fb1fdfd2b297713179f1b2cb,b74ae96b44f3aa626e089ad1e44458d1
bbf754819d84a4bc60ed3335988a767036ae2939fb1fdfd2b297713179f1b2cb,b3f607b8cbf06ae5bbb82b53bf80332b
bbf754819d84a4bc60ed3335988a767036ae2939fb1fdfd2b297713179f1b2cb,44b320cd922ce7d1aa22a4c07670516d
bbf754819d84a4bc60ed3335988a767036ae2939fb1fdfd2b297713179f1b2cb,73f9b9f516e7ee1e464018daad46f62e
8e3fb4ed15fb2174394b2a7d4a640cf43014c2664ab9402b7e21b1f620ed2707,8769d71c620fbf3d9e16b1068206c5c0
8e3fb4ed15fb2174394b2a7d4a640cf43014c2664ab9402b7e21b1f620ed2707,d96f3fff0c80beed46b92afc6fd460bd
8e3fb4ed15fb2174394b2a7d4a640cf43014c2664ab9402b7e21b1f620ed2707,26fe7a757b06c9f1cbc09837498c19b6
8e3fb4ed15fb2174394b2a7d4a640cf43014c2664ab9402b7e21b1f620ed2707,ff25bb1343314f236d06f1d41cc6b77a
8e3fb4ed15fb2174394b2a7d4a640cf43014c2664ab9402b7e21b1f620ed2707,d0072b207d01a54e5af9914ced166799
8e3fb4ed15fb2174394b2a7d4a640cf43014c2664ab9402b7e21b1f620ed2707,12bc0c634e017175a0c498f51efafdcc
8e3fb4ed15fb2174394b2a7d4a640cf43014c2664ab9402b7e21b1f620ed2707,625d2ae166be772e5f5f7d1016c36ce9
8e3fb4ed15fb2174394b2a7d4a640cf43014c2664ab9402b7e21b1f620ed2707,09b0252ae6560d4f15a53698fbdb7906
8e3fb4ed15fb2174394b2a7d4a640cf43014c2664ab9402b7e21b1f620ed2707,475c61213cd8b1a2eaf4749d311d5919
8e3fb4ed15fb2174394b2a7d4a640cf43014c2664ab9402b7e21b1f620ed2707,c210f25935b3751970bf11d47027fa2b
8e3fb4ed15fb2174394b2a7d4a640cf43014c2664ab9402b7e21b1f620ed2707,a377c4c847ecfee96342565c5a8b0585
8e3fb4ed15fb2174394b2a7d4a640cf43014c2664ab9402b7e21b1f620ed2707,1eed0c8dbbab86fa2b48b7f6ee85ad28
8e3fb4ed15fb2174394b2a7d4a640cf43014c2664ab9402b7e21b1f620ed2707,a3e3721b3089a73a36abc4eb1541d114
8e3fb4ed15fb2174394b2a7d4a640cf43014c2664ab9402b7e21b1f620ed2707,8180a5090334d1dbe92653a32d601374
8e3fb4ed15fb2174394b2a7d4a640cf43014c2664ab9402b7e21b1f620ed2707,b24ff8dab34609101c833f758d498227
8e3fb4ed15fb2174394b2a7d4a640cf43014c2664ab9402b7e21b1f620ed2707,3b7891bd4b11cbf30bf0a19b512c999b
8e3fb4ed15fb2174394b2a7d4a640cf43014c2664ab9402b7e21b1f620ed2707,d9f1f156c652144e8c587e230e1a14c0
8e3fb4ed15fb2174394b2a7d4a640cf43014c2664ab9402b7e21b1f620ed2707,4658167468aad0987d1b2e1561ea8202
8e3fb4ed15fb2174394b2a7d4a640cf43014c2664ab9402b7e21b1f620ed2707,d2178c1f2fe7037ffc1c5d5a6bef5c68
8e3fb4ed15fb2174394b2a7d4a640cf43014c2664ab9402b7e21b1f620ed2707,d62a15d5ab8318b15268c2dd073ba898
8e3fb4ed15fb2174394b2a7d4a640cf43014c2664ab9402b7e21b1f620ed2707,ca28cd258a1597c0abeb85102b40e42f
8e3fb4ed15fb2174394b2a7d4a640cf43014c2664ab9402b7e21b1f620ed2707,c989cf270719485ce4d7db04ba2248cd
8e3fb4ed15fb2174394b2a7d4a640cf43014c2664ab9402b7e21b1f620ed2707,edc9ab3e58778f99353f0daabfbad912
8e3fb4ed15fb2174394b2a7d4a640cf43014c2664ab9402b7e21b1f620ed2707,1a33b59e43b6d8bf7f2c1076ab6d7c22
8e3fb4ed15fb2174394b2a7d4a640cf43014c2664ab9402b7e21b1f620ed2707,7df79dc99315c580b9480d922adaec25
8e3fb4ed15fb2174394b2a7d4a640cf43014c2664ab9402b7e21b1f620ed2707,098158ba98eb271d0c0714b79d826629
8e3fb4ed15fb2174394b2a7d4a640cf43014c2664ab9402b7e21b1f620ed2707,6c39b8a9d883291cc3b0378a20c01a23
8e3fb4ed15fb2174394b2a7d4a640cf43014c2664ab9402b7e21b1f620ed2707,dc958495cbaa22c7c45366f19636bbce
8e3fb4ed15fb2174394b2a7d4a640cf43014c2664ab9402b7e21b1f620ed2707,91964635ebbb4ff1dc5c925fa8accb8c
8e3fb4ed15fb2174394b2a7d4a640cf43014c2664ab9402b7e21b1f620ed2707,26d0aac2a81f2d8d3b2ecaa050e03611
8e3fb4ed15fb2174394b2a7d4a640cf43014c2664ab9402b7e21b1f620ed2707,c747c6b537baf4ac905d251c6e31e72c
8e3fb4ed15fb2174394b2a7d4a640cf43014c2664ab9402b7e21b1f620ed2707,d9b82000a9e6f981bbd205a75b3ee3e8
8e3fb4ed15fb2174394b2a7d4a640cf43014c2664ab9402b7e21b1f620ed2707,4ef920464eb9ea7c49c160216fe7f8af
8e3fb4ed15fb2174394b2a7d4a640cf43014c2664ab9402b7e21b1f620ed2707,01c8b35ae033edb2f2737815e93a8252
8e3fb4ed15fb2174394b2a7d4a640cf43014c2664ab9402b7e21b1f620ed2707,927599cb24f5748b6dafee99d6344d9f
8e3fb4ed15fb2174394b2a7d4a640cf43014c2664ab9402b7e21b1f620ed2707,e03e87f1efb3b1412219a4c6da24de23
8e3fb4ed15fb2174394b2a7d4a640cf43014c2664ab9402b7e21b1f620ed2707,7309103a31154fdcadf6f7f27c804980
8e3fb4ed15fb2174394b2a7d4a640cf43014c2664ab9402b7e21b1f620ed2707,2d8972b95eed6c7fde0231420f3a0eec
8e3fb4ed15fb2174394b2a7d4a640cf43014c2664ab9402b7e21b1f620ed2707,fddc4c3042e51e252827f6205f070338
8e3fb4ed15fb2174394b2a7d4a640cf43014c2664ab9402b7e21b1f620ed2707,ad049f5e1b8ea4975ef9062241fd7b75
8e3fb4ed15fb2174394b2a7d4a640cf43014c2664ab9402b7e21b1f620ed2707,da6ffcb033fffe3cbd6ab7719447e660
8e3fb4ed15fb2174394b2a7d4a640cf43014c2664ab9402b7e21b1f620ed2707,541176c9aec291dba95365c96bc37cb8
8e3fb4ed15fb2174394b2a7d4a640cf43014c2664ab9402b7e21b1f620ed2707,d6f4ac8d9b6cd29e342740151508abe2
8e3fb4ed15fb2174394b2a7d4a640cf43014c2664ab9402b7e21b1f620ed2707,6cae2e6bbc7d909b440548c1611479a0
8e3fb4ed15fb2174394b2a7d4a640cf43014c2664ab9402b7e21b1f620ed2707,c0d98ae10d285a46aa1c91afae1baa0d
8e3fb4ed15fb2174394b2a7d4a640cf43014c2664ab9402b7e21b1f620ed2707,6fd6bec9f6d66cdde90a5ca374c80bfb
8e3fb4ed15fb2174394b2a7d4a640cf43014c2664ab9402b7e21b1f620ed2707,eea14c1f42e0b101ee0a57736cc32a7b
8e3fb4ed15fb2174394b2a7d4a640cf43014c2664ab9402b7e21b1f620ed2707,91565fa41bc34260d40c663bdb319dd9
8e3fb4ed15fb2174394b2a7d4a640cf43014c2664ab9402b7e21b1f620ed2707,a5d7069aa40bd369165c204a0e01120f
8e3fb4ed15fb2174394b2a7d4a640cf43014c2664ab9402b7e21b1f620ed2707,a5966a913fd7dfa82f5935d381bd9034
b3b74ec3f51d07b34d93325ead8f3f77d3b53e96e0d00ad09a0ba5b4e22dc0d0,2619fdaf69a99992e46a3360fcc160c3
b3b74ec3f51d07b34d93325ead8f3f77d3b53e96e0d00ad09a0ba5b4e22dc0d0,0752c1de8c53f6a45790c779359b016d
b3b74ec3f51d07b34d93325ead8f3f77d3b53e96e0d00ad09a0ba5b4e22dc0d0,5ad5bb14a1e5e2a41f9cf3fea6583f3e
b3b74ec3f51d07b34d93325ead8f3f77d3b53e96e0d00ad09a0ba5b4e22dc0d0,89c15294b15e06aeb6509f30f1ff8ff4
b3b74ec3f51d07b34d93325ead8f3f77d3b53e96e0d00ad09a0ba5b4e22dc0d0,066e1410173281ba2e1405004600c946
b3b74ec3f51d07b34d93325ead8f3f77d3b53e96e0d00ad09a0ba5b4e22dc0d0,def96800583cdf59447020beba82d63b
b3b74ec3f51d07b34d93325ead8f3f77d3b53e96e0d00ad09a0ba5b4e22dc0d0,8fb09d43c5226f283ab21cea861aff11
b3b74ec3f51d07b34d93325ead8f3f77d3b53e96e0d00ad09a0ba5b4e22dc0d0,96cd6cb51a64310a111466285668fc71
b3b74ec3f51d07b34d93325ead8f3f77d3b53e96e0d00ad09a0ba5b4e22dc0d0,b60ef7cad20d7f9748b0e4c1d256d930
b3b74ec3f51d07b34d93325ead8f3f77d3b53e96e0d00ad09a0ba5b4e22dc0d0,6a92abf2105a4c92c2a87434de32557b
b3b74ec3f51d07b34d93325ead8f3f77d3b53e96e0d00ad09a0ba5b4e22dc0d0,17921d581e722839756a36bd449f298f
b3b74ec3f51d07b34d93325ead8f3f77d3b53e96e0d00ad09a0ba5b4e22dc0d0,6a0f9bfcfa3116aec24ba9165dd1f7a4
b3b74ec3f51d07b34d93325ead8f3f77d3b53e96e0d00ad09a0ba5b4e22dc0d0,f2575c0b375e7c016297b8fb74214263
b3b74ec3f51d07b34d93325ead8f3f77d3b53e96e0d00ad09a0ba5b4e22dc0d0,a0e2403ac1b6a66a15bf7668b95f233b
b3b74ec3f51d07b34d93325ead8f3f77d3b53e96e0d00ad09a0ba5b4e22dc0d0,445995a27fce36cf5004bca2a7712330
b3b74ec3f51d07b34d93325ead8f3f77d3b53e96e0d00ad09a0ba5b4e22dc0d0,ffc1e53c04f103797a8e85b8017ab59d
b3b74ec3f51d07b34d93325ead8f3f77d3b53e96e0d00ad09a0ba5b4e22dc0d0,3b5c5238ff02ee5ed9e0e95bace3c686
b3b74ec3f51d07b34d93325ead8f3f77d3b53e96e0d00ad09a0ba5b4e22dc0d0,58beee39c13e3df21420926e98e085cc
b3b74ec3f51d07b34d93325ead8f3f77d3b53e96e0d00ad09a0ba5b4e22dc0d0,bddf845806e0aaa6719fb6e997fbff6a
b3b74ec3f51d07b34d93325ead8f3f77d3b53e96e0d00ad09a0ba5b4e22dc0d0,adf605486079bac110f26e711d69cf12
b3b74ec3f51d07b34d93325ead8f3f77d3b53e96e0d00ad09a0ba5b4e22dc0d0,ef0d03c08301158767578b549957a173
b3b74ec3f51d07b34d93325ead8f3f77d3b53e96e0d00ad09a0ba5b4e22dc0d0,749de8d5eace4e122581eec2794c5e9d
b3b74ec3f51d07b34d93325ead8f3f77d3b53e96e0d00ad09a0ba5b4e22dc0d0,d30694a2741f301025f0de4ef6c1a49a
b3b74ec3f51d07b34d93325ead8f3f77d3b53e96e0d00ad09a0ba5b4e22dc0d0,535b992c4cd1d204b2494a528513b997
b3b74ec3f51d07b34d93325ead8f3f77d3b53e96e0d00ad09a0ba5b4e22dc0d0,f5bea749cb38f76065e911052a4b5e71
b3b74ec3f51d07b34d93325ead8f3f77d3b53e96e0d00ad09a0ba5b4e22dc0d0,c5ed5271fe532a3f491d1b67ef5a6050
b3b74ec3f51d07b34d93325ead8f3f77d3b53e96e0d00ad09a0ba5b4e22dc0d0,a08e952ce5653e859d9342ab31c46851
b3b74ec3f51d07b34d93325ead8f3f77d3b53e96e0d00ad09a0ba5b4e22dc0d0,aa633f1fd21f5dd836cf0b3bbf52ba67
b3b74ec3f51d07b34d93325ead8f3f77d3b53e96e0d00ad09a0ba5b4e22dc0d0,7aad2586f805e059f02cc3506f157022
b3b74ec3f51d07b34d93325ead8f3f77d3b53e96e0d00ad09a0ba5b4e22dc0d0,64fb04c8c3c27ff68391dfd40016e7ad
b3b74ec3f51d07b34d93325ead8f3f77d3b53e96e0d00ad09a0ba5b4e22dc0d0,41e94818f8398d07afaa9f4259ef11b7
b3b74ec3f51d07b34d93325ead8f3f77d3b53e96e0d00ad09a0ba5b4e22dc0d0,a1b9ab469f9822498e96b1e579bd971d
b3b74ec3f51d07b34d93325ead8f3f77d3b53e96e0d00ad09a0ba5b4e22dc0d0,5c159f0f88eb1aec4737911ffade89ff
b3b74ec3f51d07b34d93325ead8f3f77d3b53e96e0d00ad09a0ba5b4e22dc0d0,27270b1f1c791b70f4e576ba92840e64
b3b74ec3f51d07b34d93325ead8f3f77d3b53e96e0d00ad09a0ba5b4e22dc0d0,1a18f061dbb5f773255db674c18003bc
b3b74ec3f51d07b34d93325ead8f3f77d3b53e96e0d00ad09a0ba5b4e22dc0d0,8fc02c9ce03ba0d1c60602318150c5be
b3b74ec3f51d07b34d93325ead8f3f77d3b53e96e0d00ad09a0ba5b4e22dc0d0,b053c00f44add831dc1a5c808610a8ee
b3b74ec3f51d07b34d93325ead8f3f77d3b53e96e0d00ad09a0ba5b4e22dc0d0,cc2bc8883a7ef58e02eb424e1768c988
b3b74ec3f51d07b34d93325ead8f3f77d3b53e96e0d00ad09a0ba5b4e22dc0d0,cc63bf83cf4ecf1b6df4a4de87567abb
b3b74ec3f51d07b34d93325ead8f3f77d3b53e96e0d00ad09a0ba5b4e22dc0d0,7d5cceb7895d6f2d3e6c3eb1fd7caa5c
b3b74ec3f51d07b34d93325ead8f3f77d3b53e96e0d00ad09a0ba5b4e22dc0d0,ff0974b143c66a53fe0a16f53144871b
b3b74ec3f51d07b34d93325ead8f3f77d3b53e96e0d00ad09a0ba5b4e22dc0d0,ef258aead8292183c8477fcce5875bcb
b3b74ec3f51d07b34d93325ead8f3f77d3b53e96e0d00ad09a0ba5b4e22dc0d0,1df8c183fe280fc023ea3c09406d0acc
b3b74ec3f51d07b34d93325ead8f3f77d3b53e96e0d00ad09a0ba5b4e22dc0d0,cf482f43baaeebba95dab95f315559ab
b3b74ec3f51d07b34d93325ead8f3f77d3b53e96e0d00ad09a0ba5b4e22dc0d0,546e53eca943a5f645a8036fdc2b40bf
b3b74ec3f51d07b34d93325ead8f3f77d3b53e96e0d00ad09a0ba5b4e22dc0d0,4eeb82dafa7110bee0e5cd0dcb8b1f2a
b3b74ec3f51d07b34d93325ead8f3f77d3b53e96e0d00ad09a0ba5b4e22dc0d0,b64ecd3a8f9e4b008955142c25009d56
b3b74ec3f51d07b34d93325ead8f3f77d3b53e96e0d00ad09a0ba5b4e22dc0d0,023cb36f7eac11ac332b8183724a111c
b3b74ec3f51d07b34d93325ead8f3f77d3b53e96e0d00ad09a0ba5b4e22dc0d0,bf2c522f6f319b5a7712ada5132e704a
b3b74ec3f51d07b34d93325ead8f3f77d3b53e96e0d00ad09a0ba5b4e22dc0d0,5feb5f96bb99aafce289a12834f9f97f
9e935e2cb5b1940ea039766c0466646dca269ed5f0bb2dcbdd6454ca48eb25a9,451494c1cb3c31662cad315faa44a5e2
9e935e2cb5b1940ea039766c0466646dca269ed5f0bb2dcbdd6454ca48eb25a9,6ce411ea0755adef564b804362b7b835
9e935e2cb5b1940ea039766c0466646dca269ed5f0bb2dcbdd6454ca48eb25a9,c639cf64bbc73f994a0898bf449b8e65
9e935e2cb5b1940ea039766c0466646dca269ed5f0bb2dcbdd6454ca48eb25a9,af445530eeab55470322fdbe6b790332
9e935e2cb5b1940ea039766c0466646dca269ed5f0bb2dcbdd6454ca48eb25a9,dcf6a605a0014d6af2a078d20379c067
9e935e2cb5b1940ea039766c0466646dca269ed5f0bb2dcbdd6454ca48eb25a9,7f837e76901e968e8bd9bcbd5c1d5b7f
9e935e2cb5b1940ea039766c0466646dca269ed5f0bb2dcbdd6454ca48eb25a9,be2df5e0ce00cad5f2b42b067cba74c2
9e935e2cb5b1940ea039766c0466646dca269ed5f0bb2dcbdd6454ca48eb25a9,f4810d0416907656de3fb33fe681eeab
9e935e2cb5b1940ea039766c0466646dca269ed5f0bb2dcbdd6454ca48eb25a9,8019266c4f11a75b3053b0f6e77caaba
9e935e2cb5b1940ea039766c0466646dca269ed5f0bb2dcbdd6454ca48eb25a9,26956738b18bc2d1018b9a798e9a9d15
9e935e2cb5b1940ea039766c0466646dca269ed5f0bb2dcbdd6454ca48eb25a9,0c19d9a3fcf63371897cc56e69b31b71
9e935e2cb5b1940ea039766c0466646dca269ed5f0bb2dcbdd6454ca48eb25a9,05491d99aa44f72980478417f9537801
9e935e2cb5b1940ea039766c0466646dca269ed5f0bb2dcbdd6454ca48eb25a9,e85ca1310e076c2b7b39ed21518144c9
9e935e2cb5b1940ea039766c0466646dca269ed5f0bb2dcbdd6454ca48eb25a9,c442d49c7324ebf091a105895901d284
9e935e2cb5b1940ea039766c0466646dca269ed5f0bb2dcbdd6454ca48eb25a9,45fc560a44dcf9c5f94c1b45c7ca88cf
9e935e2cb5b1940ea039766c0466646dca269ed5f0bb2dcbdd6454ca48eb25a9,44b8b71208c63e43ded4946abb071c5b
9e935e2cb5b1940ea039766c0466646dca269ed5f0bb2dcbdd6454ca48eb25a9,95c6e5f57cf6fb9a981b4d1822305080
9e935e2cb5b1940ea039766c0466646dca269ed5f0bb2dcbdd6454ca48eb25a9,1e0f34196d416665796a0f583c207daf
9e935e2cb5b1940ea039766c0466646dca269ed5f0bb2dcbdd6454ca48eb25a9,f39e4c30b8b81cbf01091e1a33a7eb16
9e935e2cb5b1940ea039766c0466646dca269ed5f0bb2dcbdd6454ca48eb25a9,db5f431947bf8fc5fd9aee0c8c912c1c
9e935e2cb5b1940ea039766c0466646dca269ed5f0bb2dcbdd6454ca48eb25a9,693244b5b33debbc5d4c11f1ddd8627d
9e935e2cb5b1940ea039766c0466646dca269ed5f0bb2dcbdd6454ca48eb25a9,40bdc461d06066321c1a7a1dd6066d64
9e935e2cb5b1940ea039766c0466646dca269ed5f0bb2dcbdd6454ca48eb25a9,ef4694fe3cdde751d4dfb00d02441276
9e935e2cb5b1940ea039766c0466646dca269ed5f0bb2dcbdd6454ca48eb25a9,7525e1688db761c5a84af5fb4538ad5e
9e935e2cb5b1940ea039766c0466646dca269ed5f0bb2dcbdd6454ca48eb25a9,7c41ffd651fa5b6c737068f50ae8a521
9e935e2cb5b1940ea039766c0466646dca269ed5f0bb2dcbdd6454ca48eb25a9,040d9b336879a0a62acdd4fb83d56dce
9e935e2cb5b1940ea039766c0466646dca269ed5f0bb2dcbdd6454ca48eb25a9,b25b9627fa6d47d03943040ccd453984
9e935e2cb5b1940ea039766c0466646dca269ed5f0bb2dcbdd6454ca48eb25a9,a91a928df6352a90ec8654bc948ce5b5
9e935e2cb5b1940ea039766c0466646dca269ed5f0bb2dcbdd6454ca48eb25a9,acfb37652f4ba4ab2e40e98df63e7d89
9e935e2cb5b1940ea039766c0466646dca269ed5f0bb2dcbdd6454ca48eb25a9,ae3d3ad12ff1153fb8c08ea03bfbba14
9e935e2cb5b1940ea039766c0466646dca269ed5f0bb2dcbdd6454ca48eb25a9,5a32481b128cbd0ff75d387bfb21a844
9e935e2cb5b1940ea039766c0466646dca269ed5f0bb2dcbdd6454ca48eb25a9,f0b3c5dc9870818a9b86aaa4270a76f1
9e935e2cb5b1940ea039766c0466646dca269ed5f0bb2dcbdd6454ca48eb25a9,b6726242d795b45a55fe0f39cf045074
9e935e2cb5b1940ea039766c0466646dca269ed5f0bb2dcbdd6454ca48eb25a9,ec2889743331d9e51cf5c02ca5199596
9e935e2cb5b1940ea039766c0466646dca269ed5f0bb2dcbdd6454ca48eb25a9,a811f3c35e496bfdb99f5f3669055a54
9e935e2cb5b1940ea039766c0466646dca269ed5f0bb2dcbdd6454ca48eb25a9,9741a3f2511b4cd84c61bec467628f3f
9e935e2cb5b1940ea039766c0466646dca269ed5f0bb2dcbdd6454ca48eb25a9,ae2e4c0896328a6e8f6f859a07391d2f
9e935e2cb5b1940ea039766c0466646dca269ed5f0bb2dcbdd6454ca48eb25a9,82683399997415feaec34ce215be265d
9e935e2cb5b1940ea039766c0466646dca269ed5f0bb2dcbdd6454ca48eb25a9,23085696d5265e39631f6d0c332c8244
9e935e2cb5b1940ea039766c0466646dca269ed5f0bb2dcbdd6454ca48eb25a9,4e0682d7027a1816d5075376db4f4f66
9e935e2cb5b1940ea039766c0466646dca269ed5f0bb2dcbdd6454ca48eb25a9,e07d7474dc19e21ec65d2cc681f4628d
9e935e2cb5b1940ea039766c0466646dca269ed5f0bb2dcbdd6454ca48eb25a9,2c97a4c496f96d9e2edaacbb2eee38dd
9e935e2cb5b1940ea039766c0466646dca269ed5f0bb2dcbdd6454ca48eb25a9,84f7bfcefd1af9ebb3c7d4fdbb646c1d
9e935e2cb5b1940ea039766c0466646dca269ed5f0bb2dcbdd6454ca48eb25a9,07c160890e1a0836b7a51ac1b308a58d
9e935e2cb5b1940ea039766c0466646dca269ed5f0bb2dcbdd6454ca48eb25a9,f1890222f3ecdc3d295def550a72e153
9e935e2cb5b1940ea039766c0466646dca269ed5f0bb2dcbdd6454ca48eb25a9,c073941015ff0e816ea155fd1a5d9836
9e935e2cb5b1940ea039766c0466646dca269ed5f0bb2dcbdd6454ca48eb25a9,49ba2c3169f564bf27e3a80aba43b8d6
9e935e2cb5b1940ea039766c0466646dca269ed5f0bb2dcbdd6454ca48eb25a9,a7e3c1a3d6c7e897182740306ffd3c85
9e935e2cb5b1940ea039766c0466646dca269ed5f0bb2dcbdd6454ca48eb25a9,bae954bee89d4bf62f038f3bd2c52450
9e935e2cb5b1940ea039766c0466646dca269ed5f0bb2dcbdd6454ca48eb25a9,bc10dd23691a5dccbef46e4967f578c1
821af478cd93ad5b32e287eeaaa0e9b6232ce222c7be4c298b49b5388f3aa994,c4be189997d84c02748503f6712cc746
821af478cd93ad5b32e287eeaaa0e9b6232ce222c7be4c298b49b5388f3aa994,1a95b9ab2498b6736b02dacd9badf891
821af478cd93ad5b32e287eeaaa0e9b6232ce222c7be4c298b49b5388f3aa994,04bf4b39b2b82e9e63306875e85e18db
821af478cd93ad5b32e287eeaaa0e9b6232ce222c7be4c298b49b5388f3aa994,72a37fb689682b09e21a7928b5f92ed4
821af478cd93ad5b32e287eeaaa0e9b6232ce222c7be4c298b49b5388f3aa994,b252eec656d4e01364d81f465d6f4f41
821af478cd93ad5b32e287eeaaa0e9b6232ce222c7be4c298b49b5388f3aa994,74c4c4b393c19eb36141340745825dab
821af478cd93ad5b32e287eeaaa0e9b6232ce222c7be4c298b49b5388f3aa994,70166321ca6a5d58c986c420b32d7b36
821af478cd93ad5b32e287eeaaa0e9b6232ce222c7be4c298b49b5388f3aa994,77d71ae64d4956d6d2a129feb4914fba
821af478cd93ad5b32e287eeaaa0e9b6232ce222c7be4c298b49b5388f3aa994,5a5b5b7d19f708f41bb82711ba0ac808
821af478cd93ad5b32e287eeaaa0e9b6232ce222c7be4c298b49b5388f3aa994,bc6330704e2326ededd73c7d2217613c
821af478cd93ad5b32e287eeaaa0e9b6232ce222c7be4c298b49b5388f3aa994,8919ecc963ff05deb3a2b69bd1fa69db
821af478cd93ad5b32e287eeaaa0e9b6232ce222c7be4c298b49b5388f3aa994,b7e15a1a1ea190a9012f7685f47af9cd
821af478cd93ad5b32e287eeaaa0e9b6232ce222c7be4c298b49b5388f3aa994,a4e9e5d4f9eb18c96f77d4b643b20ed7
821af478cd93ad5b32e287eeaaa0e9b6232ce222c7be4c298b49b5388f3aa994,fa477e7ae613df546c04a36603054c72
821af478cd93ad5b32e287eeaaa0e9b6232ce222c7be4c298b49b5388f3aa994,c12a9a13a98715592145c1a2b78bacc6
821af478cd93ad5b32e287eeaaa0e9b6232ce222c7be4c298b49b5388f3aa994,ad2a3a49ca806434745055edd29f2200
821af478cd93ad5b32e287eeaaa0e9b6232ce222c7be4c298b49b5388f3aa994,1a46d6293e4e12e791c010d83cee0f9d
821af478cd93ad5b32e287eeaaa0e9b6232ce222c7be4c298b49b5388f3aa994,f32c2b1cef6ae360f009cce96e0abd7a
821af478cd93ad5b32e287eeaaa0e9b6232ce222c7be4c298b49b5388f3aa994,13c07ce3cfe0355d1564cfdd002b971e
821af478cd93ad5b32e287eeaaa0e9b6232ce222c7be4c298b49b5388f3aa994,364d412b2c60521c6b27d3466bf0b3f5
821af478cd93ad5b32e287eeaaa0e9b6232ce222c7be4c298b49b5388f3aa994,a0e427e83150ee4bbddf15d19e4dead1
821af478cd93ad5b32e287eeaaa0e9b6232ce222c7be4c298b49b5388f3aa994,6e2f300b5904fc3ca2f79e5d06a91940
821af478cd93ad5b32e287eeaaa0e9b6232ce222c7be4c298b49b5388f3aa994,8928d0cf474b4efee11cb2dfa9c64bdf
821af478cd93ad5b32e287eeaaa0e9b6232ce222c7be4c298b49b5388f3aa994,8dc8de203a5a699bc4c033b00928ea03
821af478cd93ad5b32e287eeaaa0e9b6232ce222c7be4c298b49b5388f3aa994,b41a1d524b8184f1959f6d5c2091ed1d
821af478cd93ad5b32e287eeaaa0e9b6232ce222c7be4c298b49b5388f3aa994,c009a845dbf05865afccee6b14bb8ba4
821af478cd93ad5b32e287eeaaa0e9b6232ce222c7be4c298b49b5388f3aa994,0032f341781d201952ccf1d5b60b6013
821af478cd93ad5b32e287eeaaa0e9b6232ce222c7be4c298b49b5388f3aa994,994b9247f4e0fe077e3b32e8cf2267b7
821af478cd93ad5b32e287eeaaa0e9b6232ce222c7be4c298b49b5388f3aa994,32f52465ae2ecf8a6a0e3e438463932a
821af478cd93ad5b32e287eeaaa0e9b6232ce222c7be4c298b49b5388f3aa994,4d4cde05ad67d5a6131dc136a45a4ecf
821af478cd93ad5b32e287eeaaa0e9b6232ce222c7be4c298b49b5388f3aa994,a117d402878a5e631f728db877322188
821af478cd93ad5b32e287eeaaa0e9b6232ce222c7be4c298b49b5388f3aa994,3c5c392b3514f446a6049bebf9ccdc7f
821af478cd93ad5b32e287eeaaa0e9b6232ce222c7be4c298b49b5388f3aa994,50f9a609aa677125358f8f9cbf4752e7
821af478cd93ad5b32e287eeaaa0e9b6232ce222c7be4c298b49b5388f3aa994,c35975ad5a3e098b8a54c3d4386f64b8
821af478cd93ad5b32e287eeaaa0e9b6232ce222c7be4c298b49b5388f3aa994,d5ca051e9b3e31b4003cb436d50eade4
821af478cd93ad5b32e287eeaaa0e9b6232ce222c7be4c298b49b5388f3aa994,f744df1ccefcce9054e2d90437ef3b2e
821af478cd93ad5b32e287eeaaa0e9b6232ce222c7be4c298b49b5388f3aa994,798e96f4502d2fea227e3b0e43b11cd3
821af478cd93ad5b32e287eeaaa0e9b6232ce222c7be4c298b49b5388f3aa994,357143f8df8720dd75f2de540f78ac4d
821af478cd93ad5b32e287eeaaa0e9b6232ce222c7be4c298b49b5388f3aa994,ff3dde33c2aa4d41e301402bd24a71f1
821af478cd93ad5b32e287eeaaa0e9b6232ce222c7be4c298b49b5388f3aa994,3de068c1a11e34172aa6d43061598a93
821af478cd93ad5b32e287eeaaa0e9b6232ce222c7be4c298b49b5388f3aa994,e5d5371b8d80f55187c56486637de084
821af478cd93ad5b32e287eeaaa0e9b6232ce222c7be4c298b49b5388f3aa994,b080c9be2b73923fc110d6b043b1c78d
821af478cd93ad5b32e287eeaaa0e9b6232ce222c7be4c298b49b5388f3aa994,55517934e12b07a5eb8b609ee2412127
821af478cd93ad5b32e287eeaaa0e9b6232ce222c7be4c298b49b5388f3aa994,e8ce099a05d495e2d7a5ee17e3414bb8
821af478cd93ad5b32e287eeaaa0e9b6232ce222c7be4c298b49b5388f3aa994,64029c7a8cecf0a600257344da2bf6a5
821af478cd93ad5b32e287eeaaa0e9b6232ce222c7be4c298b49b5388f3aa994,7432f8495a145829c78e65d9cc8adda2
821af478cd93ad5b32e287eeaaa0e9b6232ce222c7be4c298b49b5388f3aa994,ff79198a5b2a7f85ae4ac2f99d5512bf
821af478cd93ad5b32e287eeaaa0e9b6232ce222c7be4c298b49b5388f3aa994,1ce84125ffd9f3e09afaefb13abcc486
821af478cd93ad5b32e287eeaaa0e9b6232ce222c7be4c298b49b5388f3aa994,1e26efb91a6bd2376d03505e33156f80
821af478cd93ad5b32e287eeaaa0e9b6232ce222c7be4c298b49b5388f3aa994,a92978a88368f691ace22cbe663d2e67
441ff1a2f25cdaf22b0d6ac4a2aa6b9ae7edd5722770976c7c25ac06b1f4a1a2,0d6b8fcdd26676544b6a5144c7eca563
441ff1a2f25cdaf22b0d6ac4a2aa6b9ae7edd5722770976c7c25ac06b1f4a1a2,8a9ce1ebcec5fb3caac2d1da2582ceff
441ff1a2f25cdaf22b0d6ac4a2aa6b9ae7edd5722770976c7c25ac06b1f4a1a2,55d61066ad134b008500a34da9b430ea
441ff1a2f25cdaf22b0d6ac4a2aa6b9ae7edd5722770976c7c25ac06b1f4a1a2,05ab5d8ea150ff06352b35483cf7b2ea
441ff1a2f25cdaf22b0d6ac4a2aa6b9ae7edd5722770976c7c25ac06b1f4a1a2,2e919aa1429f883ba5294f30177095a9
441ff1a2f25cdaf22b0d6ac4a2aa6b9ae7edd5722770976c7c25ac06b1f4a1a2,99959fefe5a916cbbda3053b77131f2c
441ff1a2f25cdaf22b0d6ac4a2aa6b9ae7edd5722770976c7c25ac06b1f4a1a2,ff09402269d05a9dfaa9a2590bb75f2d
441ff1a2f25cdaf22b0d6ac4a2aa6b9ae7edd5722770976c7c25ac06b1f4a1a2,eccf5991ef748181c3d76a7387d5805b
441ff1a2f25cdaf22b0d6ac4a2aa6b9ae7edd5722770976c7c25ac06b1f4a1a2,3dd52138eb5cf6b457e0676d97bc108f
441ff1a2f25cdaf22b0d6ac4a2aa6b9ae7edd5722770976c7c25ac06b1f4a1a2,cf3063e3d1079994730437409d01472a
441ff1a2f25cdaf22b0d6ac4a2aa6b9ae7edd5722770976c7c25ac06b1f4a1a2,c7b3ce8cc5dfcfa1d563fb02b3ab5802
441ff1a2f25cdaf22b0d6ac4a2aa6b9ae7edd5722770976c7c25ac06b1f4a1a2,7cd4d6d80c0198b9116b1ed87e76ffc4
441ff1a2f25cdaf22b0d6ac4a2aa6b9ae7edd5722770976c7c25ac06b1f4a1a2,45ca535091750f2807b6498dfdc73c7c
441ff1a2f25cdaf22b0d6ac4a2aa6b9ae7edd5722770976c7c25ac06b1f4a1a2,3224b1491e449853989300109648e2cd
441ff1a2f25cdaf22b0d6ac4a2aa6b9ae7edd5722770976c7c25ac06b1f4a1a2,da23a1c40140d3668e7bface0f5b7635
441ff1a2f25cdaf22b0d6ac4a2aa6b9ae7edd5722770976c7c25ac06b1f4a1a2,58049ba3c0dc556f7b3a9a4bde743cc7
441ff1a2f25cdaf22b0d6ac4a2aa6b9ae7edd5722770976c7c25ac06b1f4a1a2,72b64d405196a35af719c9f9dbdfae18
441ff1a2f25cdaf22b0d6ac4a2aa6b9ae7edd5722770976c7c25ac06b1f4a1a2,e46eb611b9d68f4afb66ccf1041f932f
441ff1a2f25cdaf22b0d6ac4a2aa6b9ae7edd5722770976c7c25ac06b1f4a1a2,5c82eea7bd5ceb902f687b36ac1071f7
441ff1a2f25cdaf22b0d6ac4a2aa6b9ae7edd5722770976c7c25ac06b1f4a1a2,e358df8ee0397e5539b2b695c9bbdba6
441ff1a2f25cdaf22b0d6ac4a2aa6b9ae7edd5722770976c7c25ac06b1f4a1a2,a927bb30d3bd76f49d334c515164b5d4
441ff1a2f25cdaf22b0d6ac4a2aa6b9ae7edd5722770976c7c25ac06b1f4a1a2,044b16cae6ae60d461330f9bfb3e406c
441ff1a2f25cdaf22b0d6ac4a2aa6b9ae7edd5722770976c7c25ac06b1f4a1a2,3f3932e58286898f5c306008a6656fd7
441ff1a2f25cdaf22b0d6ac4a2aa6b9ae7edd5722770976c7c25ac06b1f4a1a2,778a259a1480ef7d36d40cccca56fddb
441ff1a2f25cdaf22b0d6ac4a2aa6b9ae7edd5722770976c7c25ac06b1f4a1a2,26c9ec506821510f27e0ca411644e247
441ff1a2f25cdaf22b0d6ac4a2aa6b9ae7edd5722770976c7c25ac06b1f4a1a2,abe669f78028efc07b7683dfad000113
441ff1a2f25cdaf22b0d6ac4a2aa6b9ae7edd5722770976c7c25ac06b1f4a1a2,75d4a33897886d28764fafbf285eef1e
441ff1a2f25cdaf22b0d6ac4a2aa6b9ae7edd5722770976c7c25ac06b1f4a1a2,269fb8b5a2c9561b8dd22d6b2f6e9df8
441ff1a2f25cdaf22b0d6ac4a2aa6b9ae7edd5722770976c7c25ac06b1f4a1a2,7caa33a8fda8432f912ded3484264c15
441ff1a2f25cdaf22b0d6ac4a2aa6b9ae7edd5722770976c7c25ac06b1f4a1a2,a28896024108681d73abb0c5064a9e3c
441ff1a2f25cdaf22b0d6ac4a2aa6b9ae7edd5722770976c7c25ac06b1f4a1a2,094b29889d72a52685c9465591aa9a29
441ff1a2f25cdaf22b0d6ac4a2aa6b9ae7edd5722770976c7c25ac06b1f4a1a2,08d3c421c58471388293b653fa757587
441ff1a2f25cdaf22b0d6ac4a2aa6b9ae7edd5722770976c7c25ac06b1f4a1a2,801072be5489b167002826beb472a6a8
441ff1a2f25cdaf22b0d6ac4a2aa6b9ae7edd5722770976c7c25ac06b1f4a1a2,7fdd7e749f897dd9ea57b8ea4783eb75
441ff1a2f25cdaf22b0d6ac4a2aa6b9ae7edd5722770976c7c25ac06b1f4a1a2,e16424cc24a50572b30e7b86d5762d0d
441ff1a2f25cdaf22b0d6ac4a2aa6b9ae7edd5722770976c7c25ac06b1f4a1a2,b2058464708dcf49202fbb0728b356ea
441ff1a2f25cdaf22b0d6ac4a2aa6b9ae7edd5722770976c7c25ac06b1f4a1a2,c60b57b634673ae832cad6963a012508
441ff1a2f25cdaf22b0d6ac4a2aa6b9ae7edd5722770976c7c25ac06b1f4a1a2,b6de12933006d559842ccc7e10a3a218
441ff1a2f25cdaf22b0d6ac4a2aa6b9ae7edd5722770976c7c25ac06b1f4a1a2,c16b47166c8cc403377ce861d6e77cad
441ff1a2f25cdaf22b0d6ac4a2aa6b9ae7edd5722770976c7c25ac06b1f4a1a2,49f01a2a2ec9a862c39bed82b37d2e71
441ff1a2f25cdaf22b0d6ac4a2aa6b9ae7edd5722770976c7c25ac06b1f4a1a2,dfb0d655ae37392d3509870076646346
441ff1a2f25cdaf22b0d6ac4a2aa6b9ae7edd5722770976c7c25ac06b1f4a1a2,d755386e2f794c1163823253e77fa6c4
441ff1a2f25cdaf22b0d6ac4a2aa6b9ae7edd5722770976c7c25ac06b1f4a1a2,cbc7947416e285fe0f27d0aafd261470
441ff1a2f25cdaf22b0d6ac4a2aa6b9ae7edd5722770976c7c25ac06b1f4a1a2,83d963f7a0d4c9f7e429a71fb0701694
441ff1a2f25cdaf22b0d6ac4a2aa6b9ae7edd5722770976c7c25ac06b1f4a1a2,ac2bda942825828d466b360f37a98276
441ff1a2f25cdaf22b0d6ac4a2aa6b9ae7edd5722770976c7c25ac06b1f4a1a2,e34cb3846c9e2f54e593c2a6fc1e37b7
441ff1a2f25cdaf22b0d6ac4a2aa6b9ae7edd5722770976c7c25ac06b1f4a1a2,fc61997ce53c2241652d6c7722cf5d0d
441ff1a2f25cdaf22b0d6ac4a2aa6b9ae7edd5722770976c7c25ac06b1f4a1a2,25999cdb15dcf7aacd660786d7e10a66
441ff1a2f25cdaf22b0d6ac4a2aa6b9ae7edd5722770976c7c25ac06b1f4a1a2,469f4f8925c78f5e3ea53b7d68af1de0
441ff1a2f25cdaf22b0d6ac4a2aa6b9ae7edd5722770976c7c25ac06b1f4a1a2,c08b50ebd6791bc6372420326afe17f7
37c79a3b6aa400ae3c90fd95ec4fc2655f0467aa473569d0913d2150ee8d3552,2653a722b5804877166257d4ddf3aad6
37c79a3b6aa400ae3c90fd95ec4fc2655f0467aa473569d0913d2150ee8d3552,8054d7b5f1c1926462798646ad1f095a
37c79a3b6aa400ae3c90fd95ec4fc2655f0467aa473569d0913d2150ee8d3552,a23e4f03f1b0ba2992962d346a68e1af
37c79a3b6aa400ae3c90fd95ec4fc2655f0467aa473569d0913d2150ee8d3552,f05ea45abf103e85888a7a3bc762447c
37c79a3b6aa400ae3c90fd95ec4fc2655f0467aa473569d0913d2150ee8d3552,1d26d96d48bdcbd038def879b90e8271
37c79a3b6aa400ae3c90fd95ec4fc2655f0467aa473569d0913d2150ee8d3552,a297caf1eca254ab33d753bb4bca350d
37c79a3b6aa400ae3c90fd95ec4fc2655f0467aa473569d0913d2150ee8d3552,eb925e494a3c538290240fba38431dac
37c79a3b6aa400ae3c90fd95ec4fc2655f0467aa473569d0913d2150ee8d3552,49d8909b5f5cd65925b866bcfca6849f
37c79a3b6aa400ae3c90fd95ec4fc2655f0467aa473569d0913d2150ee8d3552,7daba279d2fc1c462067c471a69bced4
37c79a3b6aa400ae3c90fd95ec4fc2655f0467aa473569d0913d2150ee8d3552,5c11502c8f75e7b4f39bfbd2eb6d71eb
37c79a3b6aa400ae3c90fd95ec4fc2655f0467aa473569d0913d2150ee8d3552,da3c64a52003b35519dbe339b5468a22
37c79a3b6aa400ae3c90fd95ec4fc2655f0467aa473569d0913d2150ee8d3552,c222b38b25331c89dbd838b5c0cf0361
37c79a3b6aa400ae3c90fd95ec4fc2655f0467aa473569d0913d2150ee8d3552,7fa16ff99e1acc48e6e63c9ca11518ee
37c79a3b6aa400ae3c90fd95ec4fc2655f0467aa473569d0913d2150ee8d3552,9f38f53b93b2570a94c21418f7fa2506
37c79a3b6aa400ae3c90fd95ec4fc2655f0467aa473569d0913d2150ee8d3552,c485ffc10d0474d4d885e38c250ccb5e
37c79a3b6aa400ae3c90fd95ec4fc2655f0467aa473569d0913d2150ee8d3552,0718bcc51c7cd908297e19f2fc9a2e71
37c79a3b6aa400ae3c90fd95ec4fc2655f0467aa473569d0913d2150ee8d3552,75a2970e2ab56aba7730d0ee3d8eaf50
37c79a3b6aa400ae3c90fd95ec4fc2655f0467aa473569d0913d2150ee8d3552,5080e6ea4ecbc073400677b649540834
37c79a3b6aa400ae3c90fd95ec4fc2655f0467aa473569d0913d2150ee8d3552,527c0954fb9bec55800bbc2dc24e5ee5
37c79a3b6aa400ae3c90fd95ec4fc2655f0467aa473569d0913d2150ee8d3552,9c1b46591140bd9f57bc77075d78e82f
3ca846f5e5f999667bc0fc71aab1b9f5bb3ea95876f3e95c2fc879128cd6592f,3676b0ce70159745d3fd4150ac8bd54b
3ca846f5e5f999667bc0fc71aab1b9f5bb3ea95876f3e95c2fc879128cd6592f,23fa4d2704da5c0aef947b6e0c584019
3ca846f5e5f999667bc0fc71aab1b9f5bb3ea95876f3e95c2fc879128cd6592f,16834223ad15d7af7b04de88966466fd
3ca846f5e5f999667bc0fc71aab1b9f5bb3ea95876f3e95c2fc879128cd6592f,64f6a59dc0376524009838898f9f204d
3ca846f5e5f999667bc0fc71aab1b9f5bb3ea95876f3e95c2fc879128cd6592f,16569241437fa003d6b85360faf60129
3ca846f5e5f999667bc0fc71aab1b9f5bb3ea95876f3e95c2fc879128cd6592f,55faf2ac3c2edfe834b3f30235edfcc8
3ca846f5e5f999667bc0fc71aab1b9f5bb3ea95876f3e95c2fc879128cd6592f,8aeee61b778653183b7bfb9f486558fb
3ca846f5e5f999667bc0fc71aab1b9f5bb3ea95876f3e95c2fc879128cd6592f,c7efa3a292cf0847ee49f234e62da5aa
3ca846f5e5f999667bc0fc71aab1b9f5bb3ea95876f3e95c2fc879128cd6592f,da129202ebc6d85c96c67cdbf3a79c5c
3ca846f5e5f999667bc0fc71aab1b9f5bb3ea95876f3e95c2fc879128cd6592f,128d9f480d98173b16b61afcebc58496
3ca846f5e5f999667bc0fc71aab1b9f5bb3ea95876f3e95c2fc879128cd6592f,723a775759fff2ea7ee0e7cbca7e10cd
3ca846f5e5f999667bc0fc71aab1b9f5bb3ea95876f3e95c2fc879128cd6592f,0c5c368dbca8b2953f2952b8e196b460
3ca846f5e5f999667bc0fc71aab1b9f5bb3ea95876f3e95c2fc879128cd6592f,628fc8b3348aa34511ade5c1431586ad
3ca846f5e5f999667bc0fc71aab1b9f5bb3ea95876f3e95c2fc879128cd6592f,d7e35793ef12b4741ec18cf1811081a8
3ca846f5e5f999667bc0fc71aab1b9f5bb3ea95876f3e95c2fc879128cd6592f,36ccdb0e0de85799500fd31e3e04f7f8
3ca846f5e5f999667bc0fc71aab1b9f5bb3ea95876f3e95c2fc879128cd6592f,a2cd49c127d27dfa34d5fb986ec9d81f
3ca846f5e5f999667bc0fc71aab1b9f5bb3ea95876f3e95c2fc879128cd6592f,ea8828dad2fa19f0de29b491e408b1ae
3ca846f5e5f999667bc0fc71aab1b9f5bb3ea95876f3e95c2fc879128cd6592f,d586923b1c9a239bef5a3c4b9e8ae46c
3ca846f5e5f999667bc0fc71aab1b9f5bb3ea95876f3e95c2fc879128cd6592f,fd80c8891d37a32d4500eb1d3b1790d7
3ca846f5e5f999667bc0fc71aab1b9f5bb3ea95876f3e95c2fc879128cd6592f,fe26f7db488e455dba4b98d2239c7de2
aae583da53ce8a88d9b3a7f4c5ace44fca9d3636d1d30b26c422908f92b04f9d,6051b504ad8aaaee9e5900bfbefeaeb0
aae583da53ce8a88d9b3a7f4c5ace44fca9d3636d1d30b26c422908f92b04f9d,44fcafb219de77258abcf9ebe53e3477
aae583da53ce8a88d9b3a7f4c5ace44fca9d3636d1d30b26c422908f92b04f9d,e55481b4dbffdc04f6505ee8b7b62eeb
aae583da53ce8a88d9b3a7f4c5ace44fca9d3636d1d30b26c422908f92b04f9d,00590265ba0ef2675489698e9e586b59
aae583da53ce8a88d9b3a7f4c5ace44fca9d3636d1d30b26c422908f92b04f9d,b41bfdcbefc23549af306f27d57c906d
aae583da53ce8a88d9b3a7f4c5ace44fca9d3636d1d30b26c422908f92b04f9d,b4ba0d7fe4385dcfc6bdf24e90d414e5
aae583da53ce8a88d9b3a7f4c5ace44fca9d3636d1d30b26c422908f92b04f9d,0414e07d499bbef0e68e4ad47eb0dd4d
aae583da53ce8a88d9b3a7f4c5ace44fca9d3636d1d30b26c422908f92b04f9d,fa261f7e7c6545b2d8c7841457f37413
aae583da53ce8a88d9b3a7f4c5ace44fca9d3636d1d30b26c422908f92b04f9d,e73780f2e8622d06659cb3382d171239
aae583da53ce8a88d9b3a7f4c5ace44fca9d3636d1d30b26c422908f92b04f9d,aa64ea90cf5015db9a8afd2e63e34079
aae583da53ce8a88d9b3a7f4c5ace44fca9d3636d1d30b26c422908f92b04f9d,a78198404adca88d18a66b3fd8c5ac55
aae583da53ce8a88d9b3a7f4c5ace44fca9d3636d1d30b26c422908f92b04f9d,bd6da52841d3a9c4a71bc5495b511400
aae583da53ce8a88d9b3a7f4c5ace44fca9d3636d1d30b26c422908f92b04f9d,59247a293a91733b02165db4b8186808
aae583da53ce8a88d9b3a7f4c5ace44fca9d3636d1d30b26c422908f92b04f9d,7206d27bab7069f922b14d3027df226b
aae583da53ce8a88d9b3a7f4c5ace44fca9d3636d1d30b26c422908f92b04f9d,96460d4bdd18f1bbd89a8873dc27b34a
aae583da53ce8a88d9b3a7f4c5ace44fca9d3636d1d30b26c422908f92b04f9d,62b8a36abc19921a0354969a854ec52f
aae583da53ce8a88d9b3a7f4c5ace44fca9d3636d1d30b26c422908f92b04f9d,b484c893c3591d03c3d982ae6b8531ad
aae583da53ce8a88d9b3a7f4c5ace44fca9d3636d1d30b26c422908f92b04f9d,456fe85f4b4b7a00f31d705069a9a66a
aae583da53ce8a88d9b3a7f4c5ace44fca9d3636d1d30b26c422908f92b04f9d,5f2f4d1575815624e43a244feaebcb51
aae583da53ce8a88d9b3a7f4c5ace44fca9d3636d1d30b26c422908f92b04f9d,5db0b1d3ef8279cb322bc4231b5c6b1d
aae583da53ce8a88d9b3a7f4c5ace44fca9d3636d1d30b26c422908f92b04f9d,08149cbb4d22ee966843355d68581c82
563af7723956464d4b87c7c902b535c1b3e5281f8cf2b2d302880b8cdbbe1ba7,ffff4cbaf369e7cd5890f6cf2d1cb0ba
563af7723956464d4b87c7c902b535c1b3e5281f8cf2b2d302880b8cdbbe1ba7,97302a0ac7d1ceff67aa6a2bf4a0e96b
563af7723956464d4b87c7c902b535c1b3e5281f8cf2b2d302880b8cdbbe1ba7,322be17238c5a714c77dc127c4c478ac
563af7723956464d4b87c7c902b535c1b3e5281f8cf2b2d302880b8cdbbe1ba7,eca8e815df14a214b9c03c752d423cbc
563af7723956464d4b87c7c902b535c1b3e5281f8cf2b2d302880b8cdbbe1ba7,1b88b749c36abf0fd6ddce499ea63210
563af7723956464d4b87c7c902b535c1b3e5281f8cf2b2d302880b8cdbbe1ba7,a8f416cdcfcc204d362bdbeb24711a34
563af7723956464d4b87c7c902b535c1b3e5281f8cf2b2d302880b8cdbbe1ba7,145cad6eebdb6eb3ee1f32c977f293e3
563af7723956464d4b87c7c902b535c1b3e5281f8cf2b2d302880b8cdbbe1ba7,098158ba98eb271d0c0714b79d826629
563af7723956464d4b87c7c902b535c1b3e5281f8cf2b2d302880b8cdbbe1ba7,d38043547aa0a964c2c7c024fb951aca
563af7723956464d4b87c7c902b535c1b3e5281f8cf2b2d302880b8cdbbe1ba7,d4e7ad4b399869afa3faafa4ddd8f0c2
563af7723956464d4b87c7c902b535c1b3e5281f8cf2b2d302880b8cdbbe1ba7,24527e9a1b6d25ec58108ab805745889
563af7723956464d4b87c7c902b535c1b3e5281f8cf2b2d302880b8cdbbe1ba7,d262819829d0b0cac533b0748a17dbc9
563af7723956464d4b87c7c902b535c1b3e5281f8cf2b2d302880b8cdbbe1ba7,c03008d97152ec444cb0791059a5784b
563af7723956464d4b87c7c902b535c1b3e5281f8cf2b2d302880b8cdbbe1ba7,14da0ea0a48867f77f327e8784373680
563af7723956464d4b87c7c902b535c1b3e5281f8cf2b2d302880b8cdbbe1ba7,1c596d1b2202ad93fb8a9a07466639ce
563af7723956464d4b87c7c902b535c1b3e5281f8cf2b2d302880b8cdbbe1ba7,2a19cc530769db6222ede7906c686b67
563af7723956464d4b87c7c902b535c1b3e5281f8cf2b2d302880b8cdbbe1ba7,e01662cb54c900be002cd676c0b9b470
563af7723956464d4b87c7c902b535c1b3e5281f8cf2b2d302880b8cdbbe1ba7,6037fcb8758ae81bddab82ef8113da33
563af7723956464d4b87c7c902b535c1b3e5281f8cf2b2d302880b8cdbbe1ba7,8c4963e467ca4f79ad247ee02e8b5efd
