deviceId,timestamp,hour,rawData,encryptedParam
X42R3i1DMfN4tuwH,1742214678153,8,1742214678153@PWAX42R3i1DMfN4tuwH,4de6d5385d74fac0d18893f91f29173c97e271d1f66443926ff00bb763d1e2cb819ea593148133c3c072954d85ddee08
X42R3i1DMfN4tuwH,1742178299153,22,1742178299153@PWAX42R3i1DMfN4tuwH,0d16b4822d4fd68d748d60dfdffb7a29bd98a4536c2da6f3d3d69fd9e98d5fb2fe44e0fc93a2cac73570a03383c4a608
X42R3i1DMfN4tuwH,1742155974153,16,1742155974153@PWAX42R3i1DMfN4tuwH,4efb632ddffe5c505ae0b7a102ec0c1d81a24aeba286b154de46172a50f5b7c8a0c4bff0a7671e44a47a4d48019b1408
X42R3i1DMfN4tuwH,1742165807153,18,1742165807153@PWAX42R3i1DMfN4tuwH,0527d319b69681962d6c237f4b1895d3b8977168ca5545b1c3b5e0b21723bf2c01e7bf747c833dc3fcfdef11ac3356b9
X42R3i1DMfN4tuwH,1742180200153,22,1742180200153@PWAX42R3i1DMfN4tuwH,bc407e2a13af8e3e6eed8527f08ceeb5b97514b41b7edd3f4a7c788cfc910fb99bf4212cbff05f983a01907d55888f08
X42R3i1DMfN4tuwH,1742194580153,2,1742194580153@PWAX42R3i1DMfN4tuwH,61aa0d40835507a64d982f6316de5897b32f7cafdfe846bbc38f5fed4523e4e8ccaca3e04c6cff551bfd90a9433f8aba
X42R3i1DMfN4tuwH,1742211914153,7,1742211914153@PWAX42R3i1DMfN4tuwH,efccb0a30ccd42af4364d2dd00bc25a9048ef0e0900e056181788083de64d09027481fbcdba1a335dabc7da9b7161a60
X42R3i1DMfN4tuwH,1742160979153,17,1742160979153@PWAX42R3i1DMfN4tuwH,01b0fdf044b53fdcdbf0b38062affae6b4666f5b84a215af8aa667dc116fe4ae6337597375736426364b7fbeaa92aa47
X42R3i1DMfN4tuwH,1742176599153,21,1742176599153@PWAX42R3i1DMfN4tuwH,ed3e9ac202a317534d28036b77534460aabef2648283cd0bf86ae03e932e9943e09ecf41b97e36f52f49f29beff463e5
X42R3i1DMfN4tuwH,1742180772153,23,1742180772153@PWAX42R3i1DMfN4tuwH,982860e223050333b5a8bb90b5564054e683fe38d12d8ad972d19ac6bfb158edb2efa08e73715571b88308776862be2b
X42R3i1DMfN4tuwH,1742187132153,0,1742187132153@PWAX42R3i1DMfN4tuwH,6fb88e54eb028b52d201ba5c80a4c4661441580ccb1c8dc5854312a940c056b7c5b334f08899c3a077160fda00cdc1f4
X42R3i1DMfN4tuwH,1742177439153,22,1742177439153@PWAX42R3i1DMfN4tuwH,b730aeb77e88823174069e014c3a183f98eceec72f77af7b1b2e16a2c10cdcff2b04780cc795d4ad2975525a8ac2057c
X42R3i1DMfN4tuwH,1742199180153,4,1742199180153@PWAX42R3i1DMfN4tuwH,4937a0bb1b84e72c9c5fb4caaf0700c5835b81857387e31c335a67cc4a1f13cfadf1d15cba96737f73ee2d4b91ae9f8f
X42R3i1DMfN4tuwH,1742217725153,9,1742217725153@PWAX42R3i1DMfN4tuwH,fd4f62c6d86fecc8e64442179b61ed17d07b0f0f9c8807c21a712a56c664743ebc40c2286ea77f4515c5631771e19dc3
X42R3i1DMfN4tuwH,1742180660153,23,1742180660153@PWAX42R3i1DMfN4tuwH,572b23b8d99de536b9dd5948c986717a6bd43280920ce10fda0d031a46ffa84620ea3bfae3293b40c2ab91e42072a741
X42R3i1DMfN4tuwH,1742170856153,20,1742170856153@PWAX42R3i1DMfN4tuwH,cddeed9dfddebfe224ae8777617d414d0791682c9c36628b3494998031a81015aba2ac3365792684b1bee5d1fa0ee784
X42R3i1DMfN4tuwH,1742212055153,7,1742212055153@PWAX42R3i1DMfN4tuwH,8965241377e1d58620923fc221e677e8e8173ad754db6c2a050c8d2c761c47963f57f8f0bd3778937f9217ae75ae4cee
X42R3i1DMfN4tuwH,1742183814153,23,1742183814153@PWAX42R3i1DMfN4tuwH,da8d5f893df0b1f0828ff7187ba09c0dd9ccc62102991c25a955a640497b3224c61ebbc274367827f4232a801aae3f25
X42R3i1DMfN4tuwH,1742210790153,7,1742210790153@PWAX42R3i1DMfN4tuwH,fc0a81c59270bfca513172adfeb45f46c0597eb28e5d00011679e7b93ff77caebbfd5ee73c3223e41be3ad65e8969ede
X42R3i1DMfN4tuwH,1742176980153,22,1742176980153@PWAX42R3i1DMfN4tuwH,ad55aa7d87443ef096f677e509678a5b23263653730ac147b1fab79a2f5f7867e96ec40e7f0abc46545adb5617b3d3af
X42R3i1DMfN4tuwH,1742206403153,6,1742206403153@PWAX42R3i1DMfN4tuwH,4b46cc1986eff5674ab62679e69f6d4c62dd3a4ebdde8fa1394cfe4d4bfd855a673e2a970acbd3c080b0fd464d075565
X42R3i1DMfN4tuwH,1742170971153,20,1742170971153@PWAX42R3i1DMfN4tuwH,62ebadcc1fd602ed8928819d2fa785d42b84fb44f5f8cdab41f2569073f7ac9a40fb84b30124a7b6d91110b10e715693
X42R3i1DMfN4tuwH,1742209953153,7,1742209953153@PWAX42R3i1DMfN4tuwH,285dca09c74cf01590cbecf50fb4a37527c34929c9ecb8909bdd69dbe024644e82918e29ff32669b6d6740c9ff69e162
X42R3i1DMfN4tuwH,1742190916153,1,1742190916153@PWAX42R3i1DMfN4tuwH,9f66b4b940a0729b706549d46e8e402fc8c775667f7c5f8e5a93be7da9587304de6d4c3535a75cf6b5c7a52d2349153c
X42R3i1DMfN4tuwH,1742157854153,16,1742157854153@PWAX42R3i1DMfN4tuwH,b82accec6cc046cedd076fbb4fc93b0878ab7329120adb9f203dab44c0bb6ea370d78257fd5df91590cc3b16ff7f87b7
X42R3i1DMfN4tuwH,1742171006153,20,1742171006153@PWAX42R3i1DMfN4tuwH,3ffd94ad8356b5716f9dc2b31df585341d2b2ad74ef6bf786d2f5826511b6a2cdb0ea4b7794315fab1ace708363b8d16
X42R3i1DMfN4tuwH,1742159482153,17,1742159482153@PWAX42R3i1DMfN4tuwH,437e313d9d0d18d3cb24c668e703f8efbaafe5963ea0b3b828223a83ac01aa3987578fdeb5a0c04983c94d129976f9b6
X42R3i1DMfN4tuwH,1742207311153,6,1742207311153@PWAX42R3i1DMfN4tuwH,46b43188f5e05c5249ca6a0dd48a24e4964c029677c306a1cab05e2d7ef1b80ae632ece1aba2c5b9389d1c97077a228e
X42R3i1DMfN4tuwH,1742164626153,18,1742164626153@PWAX42R3i1DMfN4tuwH,41ed3ffec5bb85bf0ac711d47089bb73000ed945ef45fba0f2d7d5df9f1014d22573997f4b1defa3822fa2a15ddaf23c
X42R3i1DMfN4tuwH,1742164153153,18,1742164153153@PWAX42R3i1DMfN4tuwH,32e90cfc674393ec17944bca15cf827d7673539d4b3c5ba966bb3564da64c2bb796f951e65c0ad00aecbef55d2bfaf62
X42R3i1DMfN4tuwH,1742182080153,23,1742182080153@PWAX42R3i1DMfN4tuwH,75434873df7ff55d71b60e3ddf599a3339487e742cc6ddb8274c9e8536a3a1860d4e719641de53c60b7aa6f111f039d7
X42R3i1DMfN4tuwH,1742186382153,0,1742186382153@PWAX42R3i1DMfN4tuwH,599dc75ba0cd42e717b159ffcd09ef778860144c0b95cf4c8b0b69912542e45ec02fb708170ffdccdae782b1a2c170e3
X42R3i1DMfN4tuwH,1742199777153,4,1742199777153@PWAX42R3i1DMfN4tuwH,c47f4bbb0f3a09dac693535deea8ee8184dff66a48da97e890b5a3b360ad629f5d6df37224b438a03bdeebf6a6e0e9e7
X42R3i1DMfN4tuwH,1742161738153,17,1742161738153@PWAX42R3i1DMfN4tuwH,e021375c44b1f1a5c9b82d63c105adb386992dc2f2af7a9d113bfed0d600c73184c4a6164db943fadd674e06b8b19645
X42R3i1DMfN4tuwH,1742154066153,15,1742154066153@PWAX42R3i1DMfN4tuwH,e6b2e497980684a6cbc9d750779b79f0112898351394bcd03c56bf3b804c9f4a122e6a5edbae8f4733afe755433e0922
hYXs1aLhuYVMogSY,1742190930153,1,1742190930153@PWAhYXs1aLhuYVMogSY,f23df1dee4cd46b4e22386b7961c1a29556904f0bba1ea76a44ebd8ee3dd864f34105c91823fa2b5fe187e9741010772
hYXs1aLhuYVMogSY,1742202961153,5,1742202961153@PWAhYXs1aLhuYVMogSY,b3a8bd818b0b9020270ca2a59a11ffae42a290bf9fde78cc654253aec689107614d84e241be842e554517e1d72dafeb5
hYXs1aLhuYVMogSY,1742212345153,7,1742212345153@PWAhYXs1aLhuYVMogSY,9cc36eba96c5c28dea7d3fd56cf55995167d95c57b03663a8f531c80125b67fc416e1a27586780073803a2c4d94443c6
hYXs1aLhuYVMogSY,1742203718153,5,1742203718153@PWAhYXs1aLhuYVMogSY,4e5898bece6affddd67bcd4cd045eb2cd757910e3825e260c5f835e05cffbf2d28a3e9bf7f1c63f4fd624b0fa7a13604
hYXs1aLhuYVMogSY,1742149552153,14,1742149552153@PWAhYXs1aLhuYVMogSY,4efd62199589d0b0e1f71c8b771dd26c6d43f0a6d86d173ed4cdde5612aad84499f25f35fe0a9359666559c08ed0eb53
hYXs1aLhuYVMogSY,1742196525153,3,1742196525153@PWAhYXs1aLhuYVMogSY,0d164b57dbfcbca0a7b3e6fa4d2f562f640f5a366a267d9e8cf24ba1f0bf78ae179e444cf2f869006c368376ed2f64ec
hYXs1aLhuYVMogSY,1742211384153,7,1742211384153@PWAhYXs1aLhuYVMogSY,c323ab86d30ebf862801120a543f15d4d416f48aaf2534f60177dd46199d0a7b79edf4ae16e61a13ab4ecb8171123795
hYXs1aLhuYVMogSY,1742162643153,18,1742162643153@PWAhYXs1aLhuYVMogSY,b60819b2b4aa9b438749c5c1047a36229efda63bb08b2f1cac0cacb510b73c497e5824833e00af476e88d602087d84b2
hYXs1aLhuYVMogSY,1742186741153,0,1742186741153@PWAhYXs1aLhuYVMogSY,7f6b5c07f0f7db7370da824f615814912f7f826b0fd144740078576253b0029f3f3d21b8f38b105fb88881eed06a7dc4
hYXs1aLhuYVMogSY,1742216090153,8,1742216090153@PWAhYXs1aLhuYVMogSY,f7c8abd5f37c47f63eab0d04375b6db747e0a1d10d6c37de8953f24ed72a326a3bf48810798e69bed8270ccca53dddd6
hYXs1aLhuYVMogSY,1742207885153,6,1742207885153@PWAhYXs1aLhuYVMogSY,d4bfc5b7b56626e88069925329b764435842e83c64bd12f0501087bfe5709c4d9e6ae591d86b673977ddd4a7a8170715
hYXs1aLhuYVMogSY,1742180538153,23,1742180538153@PWAhYXs1aLhuYVMogSY,0d2578d1e31e3fb624dec224e6b49b44efb8cae52f07aefe91d3c00c827bb0893fbcd1485392363da74daf76d768eaf6
hYXs1aLhuYVMogSY,1742201902153,4,1742201902153@PWAhYXs1aLhuYVMogSY,582f767c58c09fb382a4e8708769530abc8ead35e82b1e9a36f0f3c7183e06bfb863f8dfea31992c47f7893f7bd68b29
hYXs1aLhuYVMogSY,1742155116153,15,1742155116153@PWAhYXs1aLhuYVMogSY,4673f67c4065b8d3a221e00516a826b8204dabcf84ed8ae9ad8418248fd0f718ad64070fe26c1b9c84e5317e8bf55bf9
hYXs1aLhuYVMogSY,1742174524153,21,1742174524153@PWAhYXs1aLhuYVMogSY,be92777b4ea10e1e9da96fba50b7fb5bb9a1aa70a7b4cef335ab912841eb9dd9d4421cc3c0d052cb3d06ff179aeff517
hYXs1aLhuYVMogSY,1742198865153,4,1742198865153@PWAhYXs1aLhuYVMogSY,8699b1c6713556bc69da6ada35b8f1e1a029b647169273efabd84b1c52c5fd7ffac705abd478c04e47804c2066b10bb6
hYXs1aLhuYVMogSY,1742188147153,1,1742188147153@PWAhYXs1aLhuYVMogSY,f9a3f2087431484fdee3bab40c54474b9a3702e8895c1aa6f873eb2e446f5ec6543456a0a29b6633958983d3bdec1e2c
hYXs1aLhuYVMogSY,1742199136153,4,1742199136153@PWAhYXs1aLhuYVMogSY,4091a299fce9e3a02e6eb794c1b9d11cbfd9cab231c03227c6a288cafa1e230575a087e8355f3270c865474ca9f562d4
hYXs1aLhuYVMogSY,1742216022153,8,1742216022153@PWAhYXs1aLhuYVMogSY,8a924be87a14c122586ef348e4b09cd19a1c36716dfdb4bdab040d74cd339054bd689a0f2f80143c0575ea9d7ee8d10f
hYXs1aLhuYVMogSY,1742202091153,5,1742202091153@PWAhYXs1aLhuYVMogSY,a9c5144489e475ddcd41bc5b05ae6770f89fcb7edd08770fbaa9a8fd223a821ded67969ba0007423fefa47eddbd25a82
hYXs1aLhuYVMogSY,1742173816153,21,1742173816153@PWAhYXs1aLhuYVMogSY,1bb60ddb3880a8030772cf14eef22ffc9c79635c1c67d911a170bd8a8bb32c72ec82ad161a22f1482274d9958a53c22e
hYXs1aLhuYVMogSY,1742167981153,19,1742167981153@PWAhYXs1aLhuYVMogSY,f13d4297be7cdca98d2ae8f4182d58fd70e9402f1aabfc2dfd6dfe49c9f948481a2fd4b37e15b331c5fdb0e7a058d32a
hYXs1aLhuYVMogSY,1742189926153,1,1742189926153@PWAhYXs1aLhuYVMogSY,bdb1b37179fac59e0e5ba367a58d4dcca8f93697c244c45e81d33ca78864250d8c17310b9ba6b678d3ae384b231264a1
hYXs1aLhuYVMogSY,1742175837153,21,1742175837153@PWAhYXs1aLhuYVMogSY,489d914f876d8a5f41a19027bd85c6b7a6579ee371ba78ab50ad7e16cf522736cd97a4d70dde384cd9cc06a24f948a6e
hYXs1aLhuYVMogSY,1742184428153,0,1742184428153@PWAhYXs1aLhuYVMogSY,3193f400859f64f76b3ae84086181af30ec073027967fe0a8c435748c215726615dc565481b412d94e1ad0c926aa2da6
ko7ryV87IWzX7dRT,1742158520153,16,1742158520153@PWAko7ryV87IWzX7dRT,fe575f42300f6846f38387a8d865eb27d1b1f7172b30fa796efda952a0c606637f55e63e6753c035a4cdc2a0fcbd963f
ko7ryV87IWzX7dRT,1742168871153,19,1742168871153@PWAko7ryV87IWzX7dRT,5b0bad9088d8006786c816188b31555bfd38af280a1760f6d6e2ca931412c79266f05d3c0f6ff531a75ad7963ce2342f
ko7ryV87IWzX7dRT,1742165062153,18,1742165062153@PWAko7ryV87IWzX7dRT,3faf1a2c06d2cca91b0e45ce7d7f2683d3133a517fceddf1b604859fa849795b44bfb48671b38e2c03048125b16967be
ko7ryV87IWzX7dRT,1742189992153,1,1742189992153@PWAko7ryV87IWzX7dRT,a957e17ab8c05ae7006a67c618607e0230a706d6e34299bacdf06d9cd389c90d0aa9a36412926830d709af97b926c68b
ko7ryV87IWzX7dRT,1742166282153,19,1742166282153@PWAko7ryV87IWzX7dRT,6994013d93138c2aad01e7083f459b3f0d006c76af402af693e4756a1582a7dbb104656ffc961ac7b2dc8ee23bb9873c
ko7ryV87IWzX7dRT,1742203630153,5,1742203630153@PWAko7ryV87IWzX7dRT,4577b2ba55a163653aa250959d47c97555dcf93b81126629efcb6e7edfc22330be8f22e04fd1c963d9e63cbcf3bd6fa7
ko7ryV87IWzX7dRT,1742176423153,21,1742176423153@PWAko7ryV87IWzX7dRT,bc7a59df33a63353922f3f272623c688d5baabccb6dd7d45a7c0b21cc2db9c8465e6e9a2fe62807a55436d6aba857dff
ko7ryV87IWzX7dRT,1742196646153,3,1742196646153@PWAko7ryV87IWzX7dRT,a861abcb103f1c702bfd09d50695c8470d4dbff1c4a9d71968994279251c91e7e61b02e79cda429215a8f981cb29f391
ko7ryV87IWzX7dRT,1742213905153,8,1742213905153@PWAko7ryV87IWzX7dRT,e3dba7d85ad4560860cf9557ee0baa201447c467e001d6092c6c2d55a757c03bfd43807249fdf2c2bd64ebf0fdac797b
ko7ryV87IWzX7dRT,1742167304153,19,1742167304153@PWAko7ryV87IWzX7dRT,4911dbb392682dc2d1d791de3407057eec916cdd81648b1f7e4e98d16af9896b66ca946ffcb042aeacf0e58a89d20f72
ko7ryV87IWzX7dRT,1742209924153,7,1742209924153@PWAko7ryV87IWzX7dRT,dcdb6ada3472b474094e6b9e22759afdd5cae593e03706d0d3c83ab9923bf6c66ed843254eccbc6dbc8cbd04fa7e1653
ko7ryV87IWzX7dRT,1742170067153,20,1742170067153@PWAko7ryV87IWzX7dRT,d30c194c37d05ddac4a774be943212d1f49aec29590ff32193683d112c39af335f0200171edca3dd1c50fa1a9517de3a
ko7ryV87IWzX7dRT,1742201598153,4,1742201598153@PWAko7ryV87IWzX7dRT,77d87a348cfafcd15417c09fb869bc91eeae68e3a66ab7db6a77f89dda21e39487f74b453d7e446390d551e8df1d1fa6
ko7ryV87IWzX7dRT,1742190390153,1,1742190390153@PWAko7ryV87IWzX7dRT,3f5c37ca2066d551e4e4221c2aece564f9f2926cb93145b13a67b4afe7a477763b2b183d22aaf76ebf68a2d533841c93
ko7ryV87IWzX7dRT,1742180717153,23,1742180717153@PWAko7ryV87IWzX7dRT,7b1970e606aaed5d6123f1e9846fa76a72e894f4517034f7c50eff390c71afee6b641e66afdb485e837ab094c5b53bfb
ko7ryV87IWzX7dRT,1742208138153,6,1742208138153@PWAko7ryV87IWzX7dRT,407b3ed35082d1574276db8ae66df4642c61272e1e4cadd80c3b372c40950fc2bb59e890f7c9ad1413cb177a2a93f069
ko7ryV87IWzX7dRT,1742169858153,20,1742169858153@PWAko7ryV87IWzX7dRT,671de4cc636c8d78ac092c981701469ae4d639a85f3dd97f88c01d5e6652a894742760208dda6af6d559910e0d70cf2c
ko7ryV87IWzX7dRT,1742164618153,18,1742164618153@PWAko7ryV87IWzX7dRT,8ee847885f520b13f779cbfa55b2c5bd27d26beda3f8af687aaa7a7de56de11c6ba11ffd304486fba7e034ec7b0c0c0f
ko7ryV87IWzX7dRT,1742203286153,5,1742203286153@PWAko7ryV87IWzX7dRT,02e4f78b251c3874f1e71c754be8082590c05912df58b20195430cc089edc5d3d323e85ee2f2a2441fcdbc416e192705
ko7ryV87IWzX7dRT,1742189694153,1,1742189694153@PWAko7ryV87IWzX7dRT,c1c55cefc1a60450af0d8d67ab868a1909e2f4d9c73285a1cca41bc90576538d538b725b4bcc0fa748ee1f3148f6503e
ko7ryV87IWzX7dRT,1742189234153,1,1742189234153@PWAko7ryV87IWzX7dRT,6044f28703592e499e8b76b0443e5575b19099e6f41f80ad1198c37bb3db7399da3e72116d44d1ae7d705060a5e58ab1
ko7ryV87IWzX7dRT,1742213313153,8,1742213313153@PWAko7ryV87IWzX7dRT,6db93530d3d84b38ce5107737c7262bea3eb124e7499c706d69c97befc9176f14185f84569a167e87e91a9eecc06f645
ko7ryV87IWzX7dRT,1742163354153,18,1742163354153@PWAko7ryV87IWzX7dRT,8c8b7ab0a7fc08b18d9320c553318b6b1cb7b89fb8d4d5f70a1f554352d16e96d92fd94ea829bb256ba14b694f114bb9
ko7ryV87IWzX7dRT,1742210901153,7,1742210901153@PWAko7ryV87IWzX7dRT,9d0704f1d2264073bd16c3ca6207a8f33abaa23338e968f94ab85798351e86fc6e40b360b79ac1fb58ec7ea1f3a31999
ko7ryV87IWzX7dRT,1742182438153,23,1742182438153@PWAko7ryV87IWzX7dRT,0fdb5c0a796e8d3f299156cddd8660f8be1120e43b4417df03add2d0145fbf3695443a63ab8e31c40b650c006f36ae92
ko7ryV87IWzX7dRT,1742186296153,0,1742186296153@PWAko7ryV87IWzX7dRT,8d1b06c0ee3bc72f1602e6efb396b8beb3c0540996fd192a0489ab78cb158aaaec537bcaee3aa162b8f42afc3cf9ddf0
ko7ryV87IWzX7dRT,1742153475153,15,1742153475153@PWAko7ryV87IWzX7dRT,a99cc8142a55783ffc68b3e4743bd447ae2ebb472d81fb771b2c00e144ea6159d5581566c93636038af7ee3a2b71c04d
ko7ryV87IWzX7dRT,1742149402153,14,1742149402153@PWAko7ryV87IWzX7dRT,3f5b65b8d2d5c16dc217c7ffcc1bd4e5638a5c38d8a877bee0e953f79f1426da48ace01504908fd7429a976561378aea
ko7ryV87IWzX7dRT,1742172819153,20,1742172819153@PWAko7ryV87IWzX7dRT,ea2e3e1dc2315f2947aba1d3a0a9a77eb20cd6681091a628c824b2b26c4364cb37011a2c5f46664f6c698f883c1af137
ko7ryV87IWzX7dRT,1742198049153,3,1742198049153@PWAko7ryV87IWzX7dRT,f07b2ef07e1f52ecd7d3b2107cd717f6152ec3532a949b32eb84f6c0c734f5e05db43e495a90261ef822794f0121ddc3
ko7ryV87IWzX7dRT,1742171118153,20,1742171118153@PWAko7ryV87IWzX7dRT,e0669787737d7c50da0528c490c966b0d40a4133e879322944bd791c04f60abf2b32034606a699b4ec2785a448cf1d4f
XxYbGBwkb3Iu6O2l,1742158483153,16,1742158483153@PWAXxYbGBwkb3Iu6O2l,bee9937e472466aca489593c849a32ce03a1ac9301157ebc1f5a888401b99822c94621c88f337382f3c162069b61e4bf
XxYbGBwkb3Iu6O2l,1742172731153,20,1742172731153@PWAXxYbGBwkb3Iu6O2l,7749a5fbdc19405fd9aabda838f8f95feffeaab6a0d44df9a4b72e47db2d3decc7129a515b38a189a4ff28596f6bfbf2
XxYbGBwkb3Iu6O2l,1742182949153,23,1742182949153@PWAXxYbGBwkb3Iu6O2l,d22ad7c3c47672616f37b6059f5979c671f6746a20af565df78b30de124b99403532d1cdc39e770e33fa9f380f7e0ab5
XxYbGBwkb3Iu6O2l,1742177164153,22,1742177164153@PWAXxYbGBwkb3Iu6O2l,5fa12c32cf989552c3a5f874917d80ceab1e6c496e55ce52eb481e6fca5193a7a23513f667445e210ca3eebbe1c57277
XxYbGBwkb3Iu6O2l,1742166138153,19,1742166138153@PWAXxYbGBwkb3Iu6O2l,1d6575ba98db431285308391636f1bc3f359808c32968a7381655061ce8cc572d946e9ab24cd16165f2408664fa56be0
XxYbGBwkb3Iu6O2l,1742149231153,14,1742149231153@PWAXxYbGBwkb3Iu6O2l,4f0fdf7b5dc7cec21a0302822daf47e794d1375e1aafdf087f4f5a4418fa7693bfafb135efb3a5c1594e07fe5a2876ef
XxYbGBwkb3Iu6O2l,1742200449153,4,1742200449153@PWAXxYbGBwkb3Iu6O2l,4333dc52f10b9a1821d0ebe1e572ffa24723e841e70795a30248431e42e6a9db02d7c3cc1a56667ccebe4b7967c82e85
XxYbGBwkb3Iu6O2l,1742162801153,18,1742162801153@PWAXxYbGBwkb3Iu6O2l,dfd11b6038b2713771a38d461150fbab24a9f1110749148fb1e9217ace0935dcb232c390168a65ecc5a34e71b63cd951
XxYbGBwkb3Iu6O2l,1742213944153,8,1742213944153@PWAXxYbGBwkb3Iu6O2l,4365fbe3c3a2a8385fdc3607fb8390f2dc187ab3494e429560d8e61c5dde0711ff7d6bba301146b4cf56bbf632f93b27
XxYbGBwkb3Iu6O2l,1742185291153,0,1742185291153@PWAXxYbGBwkb3Iu6O2l,6843d6d601e1d73285076b07201f75d6aab451b7fbfb76ae7c158d7fa1123656e56c683be81b78ae9e65d76e8014a54d
XxYbGBwkb3Iu6O2l,1742193937153,2,1742193937153@PWAXxYbGBwkb3Iu6O2l,4d5fc218d2bfeefbf456a8331b4fed4bb9adc6482c297052a4edd9be07772cf0b26801a072bc0713a849afe627861718
XxYbGBwkb3Iu6O2l,1742183100153,23,1742183100153@PWAXxYbGBwkb3Iu6O2l,9b307a02eedf3ad2264c3a15c7956048ca7a7ed57a5ac4d90eace1102d9bc661b34e174a711e80c381c3f89f1ae0b281
XxYbGBwkb3Iu6O2l,1742151824153,15,1742151824153@PWAXxYbGBwkb3Iu6O2l,9f488ee3b7993ff41fa1734d41f3d12c6e6a3991f5a8c7771ff49405ecba6de358892947ae45c23dfa7df7a3b4b385bc
XxYbGBwkb3Iu6O2l,1742193929153,2,1742193929153@PWAXxYbGBwkb3Iu6O2l,b2deaedfdf32c846ebe6249dd1d72a0271c2c750a41c8dbff5ced9eabc4f06e32330db16bb109e7b1b2b1037b837b9a3
XxYbGBwkb3Iu6O2l,1742150061153,14,1742150061153@PWAXxYbGBwkb3Iu6O2l,cb737b923856d70857da6b625280757e8404e2e343f2f30c12a7c92be8416ab2c74433e78bce5cdfad5fb43228c778d2
XxYbGBwkb3Iu6O2l,1742152189153,15,1742152189153@PWAXxYbGBwkb3Iu6O2l,aa77f006cb3e101c13bd9fb212f78bc24ac7977be8c5bfaaca668e47052573ed745ff5a3efbfa4a362629c19b544d27f
XxYbGBwkb3Iu6O2l,1742209029153,6,1742209029153@PWAXxYbGBwkb3Iu6O2l,cf2f7f5b7be58e4aa193e06555b457dc1c983df65180ebcaa45fe64423b3b16dc3874ce27af8efc51c99590411396aad
XxYbGBwkb3Iu6O2l,1742200511153,4,1742200511153@PWAXxYbGBwkb3Iu6O2l,4583c294eb8a36a00823ea996bda0a0c1a0e9db335d6dda45f4b77c997ac59fcb5a62dce41d81718b2e16c8c20a21ba7
XxYbGBwkb3Iu6O2l,1742166699153,19,1742166699153@PWAXxYbGBwkb3Iu6O2l,79dbf1d29872f9bf774112bf73532000fb6c1033aaed5d723916bab7a7fdfcadc010eaf5e5ff8ecd88e6660edab5971b
XxYbGBwkb3Iu6O2l,1742192520153,2,1742192520153@PWAXxYbGBwkb3Iu6O2l,33b613893aba3636d14166c01e2a338883ed177610f47747282a57da7c30a305eac02b80e9be2b89800d41020e301a39
XxYbGBwkb3Iu6O2l,1742207640153,6,1742207640153@PWAXxYbGBwkb3Iu6O2l,5ac209395850761edc83f4931cabcc4c4618fe69ed506ff72220a68cabf9154f64dc762d65ab9c25499a14f99019b7ee
XxYbGBwkb3Iu6O2l,1742169618153,20,1742169618153@PWAXxYbGBwkb3Iu6O2l,790c535f124550c2250b72e29279a5d6184d04017b0e70bb05a49a6c9889ac752118e8944aea2e17dacdbf4ab9f2e393
XxYbGBwkb3Iu6O2l,1742183446153,23,1742183446153@PWAXxYbGBwkb3Iu6O2l,b9eaa84ddbbf5d6761d6ab2b1e50614c5e78eb031778df0d11d0673e931d9c29f4d9dc1c946a45698d8d006a21e90739
XxYbGBwkb3Iu6O2l,1742194259153,2,1742194259153@PWAXxYbGBwkb3Iu6O2l,d7cb5b5c1636766aa8ae286c7ccb6a3e52fe6b80ad3394318c926a8d3df7fa166c1ca074e2f2db946b33eeae7e99cddf
XxYbGBwkb3Iu6O2l,1742200738153,4,1742200738153@PWAXxYbGBwkb3Iu6O2l,7342adb3be76587f2cab42aafb8c96b03d4dec2864250de7d0f1cbd7ccbd95a0fba181ce67872b3a21cc99b73288e0c3
XxYbGBwkb3Iu6O2l,1742213085153,8,1742213085153@PWAXxYbGBwkb3Iu6O2l,6246da4bfb70b73d872f940d0e5b76a8fc7981578712b183d75943041f0634d607c773c8f93cc6ef820a44e2566684d5
XxYbGBwkb3Iu6O2l,1742192698153,2,1742192698153@PWAXxYbGBwkb3Iu6O2l,19931bcb5fa0b6408b5a2aa2c5242eaabf58108727c3323280b3ecafbdedc226ade6178b9d126f4ba6caa3923cca4078
XxYbGBwkb3Iu6O2l,1742166560153,19,1742166560153@PWAXxYbGBwkb3Iu6O2l,ed9da90d64d8c3014d761a448bc0d76775e575b592f31ff0e8f67838e62786116230d96e077fd43da811d75358a2e3c2
XxYbGBwkb3Iu6O2l,1742175090153,21,1742175090153@PWAXxYbGBwkb3Iu6O2l,b192eb2cba9778c73f8292f147c8a83dce6bd71961ea18014144ff137732712994479ec303d69a778f30ced4ae82e13c
XxYbGBwkb3Iu6O2l,1742212725153,7,1742212725153@PWAXxYbGBwkb3Iu6O2l,6381c217523d18bdd32e434fe4b44703b40ed06aaa27664c5d365a3d35350bc5502184ac20b766e1cd5b04693994d16f
XxYbGBwkb3Iu6O2l,1742214101153,8,1742214101153@PWAXxYbGBwkb3Iu6O2l,0f78a28cb87633c9e5a537ba008e5dbcb1658f9fb0eca2b270152936ef35d489186df942fae0f93ff809ae711d4600eb
XxYbGBwkb3Iu6O2l,1742169225153,19,1742169225153@PWAXxYbGBwkb3Iu6O2l,54497fc5b872daba2d987489aa72b183fe92d19735b907ada25340a8cc479d67e4e588734730b5a0d5147721b5cffaf7
yCoSuIPFPssKG9he,1742184283153,0,1742184283153@PWAyCoSuIPFPssKG9he,29e58901d9e1737d499c7d68b0122da4f6f3864e9227ec7aa8c00c6b1e1fd578c6abb1dc92264a3814fb56414ec1d765
yCoSuIPFPssKG9he,1742165983153,18,1742165983153@PWAyCoSuIPFPssKG9he,fe9b91373c1fb7dfa23de94ad2b6e2b72d2553b0635e6a6acb1d5d8e5ea1f7c67e59af55e1b2f0af9c6a3286bc38f249
yCoSuIPFPssKG9he,1742160222153,17,1742160222153@PWAyCoSuIPFPssKG9he,b422b0f6dbcac0cbe04792fdf03cfa63e2430c1724057501746a2a6217871700c9f0d6a8d3d533654b26ab5224389623
yCoSuIPFPssKG9he,1742175960153,21,1742175960153@PWAyCoSuIPFPssKG9he,c80acd8bffc9865f13ed0402c7fc4ff9b02bbd20b520dfdc0d4a4e1a1c6912471b9da6f51df581b6dc49a598c2c2eb63
yCoSuIPFPssKG9he,1742150406153,14,1742150406153@PWAyCoSuIPFPssKG9he,c86418206e8998e0e210fba6a42085926133166d5b876fbd6099763906fa3b23c2798979b23c1746618fa0c97f577bae
yCoSuIPFPssKG9he,1742205266153,5,1742205266153@PWAyCoSuIPFPssKG9he,d7bfe486d340e3625ab4d3c36a81efaaf66a5857dbb7ea436265930dcfba854c381f53fdd06c233c4b54920167e6f856
yCoSuIPFPssKG9he,1742211210153,7,1742211210153@PWAyCoSuIPFPssKG9he,911f510c57e297ac5baa94f7f85b4014944f85c9e3f5ad6e2f2767fece257a846edf627714ba4269ac667b66b2038fc9
yCoSuIPFPssKG9he,1742218167153,9,1742218167153@PWAyCoSuIPFPssKG9he,a3e51dd7ac760cb5f6b54414fce68e67aa79e803b82c1864792853c590ac56c99a51ff4a7143b5b7d364c4b57e6844cd
yCoSuIPFPssKG9he,1742159302153,17,1742159302153@PWAyCoSuIPFPssKG9he,430714b1566dbd6b5d8e970d7defdea1530a595b3a1fca2a527ba1404e14e6e7ea4d81e14f50898f7e6fd43606d45863
yCoSuIPFPssKG9he,1742212556153,7,1742212556153@PWAyCoSuIPFPssKG9he,71a1c2e02efaaeedd0bff8463d4d9521578402151127f67168bf16420071e873d8dc8d203baf8c379f852808868868cd
yCoSuIPFPssKG9he,1742187662153,1,1742187662153@PWAyCoSuIPFPssKG9he,ef2b8f415452ad6892739d3a973d7e8d93fee4b030479e11e4430b35dafebc19dd85c3acc9db97c569a39536c35ac133
yCoSuIPFPssKG9he,1742216952153,9,1742216952153@PWAyCoSuIPFPssKG9he,fe63e670e485b34cb41e0cd52daef761d58eb02b9f5bc7c08839927be3a45c5144024f1d06da745a99be3ac1e4e9d57b
yCoSuIPFPssKG9he,1742169484153,19,1742169484153@PWAyCoSuIPFPssKG9he,90060af03d767341224d33083192b23169a5672a52c382a71fb7b059468bd353cf6914672ad514065574010079df1e52
yCoSuIPFPssKG9he,1742159003153,17,1742159003153@PWAyCoSuIPFPssKG9he,f462b4ee2cb9b17ad7521bc3a1ae77f7b3a42081fab9583da9dac0a6db676a8e68cb47e628aa269ec1afc9f44d4bd622
yCoSuIPFPssKG9he,1742181071153,23,1742181071153@PWAyCoSuIPFPssKG9he,6fdb7ee539f0c4a46e990ac3a7144123dec0a57e982c41d5281fccd8412244c7ed052fc1d32af4d1b4b25b1eac0342eb
yCoSuIPFPssKG9he,1742182544153,23,1742182544153@PWAyCoSuIPFPssKG9he,4ea60e1bc02a7185e0bb8aa54b6eb1dc1752d1146dab04910a6a8a0bfc48bfa8826ba117bf5182e81138978073e48c81
yCoSuIPFPssKG9he,1742149639153,14,1742149639153@PWAyCoSuIPFPssKG9he,f0570c82126748ac58768e760995a80e102ee479ffb7c8cf7d71d4374713bcd3a4642c2d162150ae9f4d7ea1e7ee0fc6
yCoSuIPFPssKG9he,1742188214153,1,1742188214153@PWAyCoSuIPFPssKG9he,c865489fcaf2aba9b02e37100d4bf6ecbbc3020daa1f0fe33f977d0d79790e3a68686f7f4226a9ce7d18fe478eae8df9
yCoSuIPFPssKG9he,1742177032153,22,1742177032153@PWAyCoSuIPFPssKG9he,423a2ceeb77c050c9d260fde02230f9c0b2bfe4bd24b859027dd59a07272c74feb1ab6265d6d907ef2318dfcb010a60a
yCoSuIPFPssKG9he,1742176037153,21,1742176037153@PWAyCoSuIPFPssKG9he,d48d5b5c7d179a1bafd715364f6c47770a34b373c2086c6d957ef016995e238b11fbf2d69cdaf89edf672d5f0836b4bb
yCoSuIPFPssKG9he,1742206128153,6,1742206128153@PWAyCoSuIPFPssKG9he,5c1f32310ed76d1288d8fcae5b49a61a56bac6249d8b7a791b26d903f8e3d0a7d95ff7bb2a471d57fccaa9c8b1ca68d3
yCoSuIPFPssKG9he,1742164658153,18,1742164658153@PWAyCoSuIPFPssKG9he,b532f0571f24522c7d616c649837286be612d2cb46d073f00cdb4123e1a5396cf0ac0f67fd9027354799ee823f948c2b
yCoSuIPFPssKG9he,1742190728153,1,1742190728153@PWAyCoSuIPFPssKG9he,f35aeccb3e043d767ab6fe5dac264ac6c4ee43f698f6f77ee632359af9286ee1c6365e0569680f2ef03841fae7e1e7d7
yCoSuIPFPssKG9he,1742197352153,3,1742197352153@PWAyCoSuIPFPssKG9he,d87275f77778a99b56df9cc14fbfa3ace87514999414f8e5c366577cc7c5e687f7c7381a2b549dd94ce94c9cdc0cab75
yCoSuIPFPssKG9he,1742186019153,0,1742186019153@PWAyCoSuIPFPssKG9he,c09704b992187c8c242fc2c91d5426ff59a86924f5716441cc83abbb9432565f2bd8bc01615dd025df3e15e6effa2f1e
yCoSuIPFPssKG9he,1742187244153,0,1742187244153@PWAyCoSuIPFPssKG9he,13d6f0890146cbd4f5bef123875e42045e1c65c42d926dc8ddb47113f235ad82dfe4684f6534faff3d5e00e772e2dcbc
yCoSuIPFPssKG9he,1742151126153,14,1742151126153@PWAyCoSuIPFPssKG9he,be547c667eac3f6d6cac96e04feb4c88bb59aed4badcfec57675a2d0174a675699cea54eb5c9bf9be2543942b33338d7
yCoSuIPFPssKG9he,1742159877153,17,1742159877153@PWAyCoSuIPFPssKG9he,0463778ef2e6bcbac3008c74ac175482bf09e88160785292f9cb3133dbc44c14b86b50832f29406036a2ff0f9387ec93
yCoSuIPFPssKG9he,1742175313153,21,1742175313153@PWAyCoSuIPFPssKG9he,d0943a257257c2aef75c4051d6d6507d34daf4cf9c15fa0cc0c0e317921a23fbb168e14175008646bf8546fb25736ef8
yCoSuIPFPssKG9he,1742152781153,15,1742152781153@PWAyCoSuIPFPssKG9he,b4fb19661671c4114ffd929dd2f07836dbe189270e0c2aca06826c867b7c226924ae40f0b696f7513acd87898e08d1b5
yCoSuIPFPssKG9he,1742158760153,16,1742158760153@PWAyCoSuIPFPssKG9he,4b2a0ae2a561968f89a14917e7ceb09b42d3a742c54d4e1dcf80304d97d16aa382da94363e893ecd90523e8402d45811
yCoSuIPFPssKG9he,1742192608153,2,1742192608153@PWAyCoSuIPFPssKG9he,c98d61c47c70f1e1b9b27180d92d5024e60a22a551d1c96036fc06c7012919fec9a6e3bbfcd47fcccdc355c7da19a110
YPc2eHkv4OKhRUXr,1742160717153,17,1742160717153@PWAYPc2eHkv4OKhRUXr,81c66f029ca7c647df5144adb03dbdf1d30d156a9c4d7e8dc6645c999dba6d4921de66c26f70d76444eb8ea7aac9dcfc
YPc2eHkv4OKhRUXr,1742201431153,4,1742201431153@PWAYPc2eHkv4OKhRUXr,9fecefd914537d1090d8923bd030f92d0b8e8d15e9033672965d6acb7ccae332eb42f56240ac029fc64e0dfa68fd2ed0
YPc2eHkv4OKhRUXr,1742201590153,4,1742201590153@PWAYPc2eHkv4OKhRUXr,8dccbea23925e5780a2ed3fab852f03cddb468d285b02a7c707216aefe1337551632a0dbb6dfc08d81531a8a6d56ab55
YPc2eHkv4OKhRUXr,1742195283153,3,1742195283153@PWAYPc2eHkv4OKhRUXr,aef3b4897bbd7f8a596f2a81729eccf82dbd11b625d9dd29ee7e253e479af42e1b5c3267daa447df57c2aef09898a174
YPc2eHkv4OKhRUXr,1742213372153,8,1742213372153@PWAYPc2eHkv4OKhRUXr,d0d759b5e261da29c46a764211ace3e69532cbee0876143c69e983560505c536eec4b4c9ce67c1ae918386370d2b8d5c
YPc2eHkv4OKhRUXr,1742199035153,4,1742199035153@PWAYPc2eHkv4OKhRUXr,3d947e462b040065a36f325b82a7fe3beca99d60682f523e8c6e2598e6ba58df61482fc7cad06cfac9552c9057728045
YPc2eHkv4OKhRUXr,1742162471153,18,1742162471153@PWAYPc2eHkv4OKhRUXr,c9aad66c60bacaf45e2f3258673856b4a4818e16fe78c4c8809961ee7ba36a66b3483c0df004dc4bfe0a02133da9c1c9
YPc2eHkv4OKhRUXr,1742216103153,8,1742216103153@PWAYPc2eHkv4OKhRUXr,8e50fbcb26a7a9b0cf4fd8cf879cc66d09922e68eb2b2b348e43f6e5c8e2e30fa78fe703390040778c8fb3219700eb3a
YPc2eHkv4OKhRUXr,1742211109153,7,1742211109153@PWAYPc2eHkv4OKhRUXr,3a1903e10b4018c6071eef38c9057cf237de19818f1cfd4f4c77393592d43861305e1421c2e54f37b9149e729165a806
YPc2eHkv4OKhRUXr,1742188358153,1,1742188358153@PWAYPc2eHkv4OKhRUXr,800309b8bf621e93a44c7c8dbe35867556e7b2368ea3d51b121c7664adc0bfef049386644da57f9d2aae7fe31ca3ab2a
YPc2eHkv4OKhRUXr,1742199445153,4,1742199445153@PWAYPc2eHkv4OKhRUXr,0a20f100249b4c93784979f9c551142cb6f7e73daf35a6a401854cda625098e0e9f0d8b5bcadac163a8acc9dc149c68f
YPc2eHkv4OKhRUXr,1742159823153,17,1742159823153@PWAYPc2eHkv4OKhRUXr,1ad2232095ce11a20d4344ee376826a33d38e42fd6bc49cc8a86be07b72195d44ac2d102ac4fa0fe768a496c205ff42e
YPc2eHkv4OKhRUXr,1742216383153,8,1742216383153@PWAYPc2eHkv4OKhRUXr,50808b350801b5944cefea630205670883e92f305074c4d10379de9542de65a132f159ed6da16f9e10f366068418264e
YPc2eHkv4OKhRUXr,1742207980153,6,1742207980153@PWAYPc2eHkv4OKhRUXr,7f2908dafb5f84798d4b90ab654a225a2d1f782db23fae8cb938d93b8d11b0dc6a8aac35576cdb01c729cdbc59d8f42d
YPc2eHkv4OKhRUXr,1742154458153,15,1742154458153@PWAYPc2eHkv4OKhRUXr,224dcfd68e274fbf6455554a90f3a17f68adef9c39a19cc51f066e4cd162bbc67f484d838d0aa272960f9628acb4a254
YPc2eHkv4OKhRUXr,1742211552153,7,1742211552153@PWAYPc2eHkv4OKhRUXr,fbc1bf5b5df71c38e25e9fb3bf230eaee8b6eb66a57cc6acda4ab5e9cba21f21cbd3c2bed0130b97a01f0e318529633a
YPc2eHkv4OKhRUXr,1742175608153,21,1742175608153@PWAYPc2eHkv4OKhRUXr,71dc3200a9c83b9be60a3563b009fdf68d01ecfd51c6284ff413310fb5688b0deec994bc0a78649b42cfb805a6317c39
YPc2eHkv4OKhRUXr,1742158850153,17,1742158850153@PWAYPc2eHkv4OKhRUXr,a7fa10ef8df136ad6bf824172e8325d212554c67000d1edc6a9f51a027777f8d7a972472128bae2709eebcef954c1bbb
YPc2eHkv4OKhRUXr,1742205785153,6,1742205785153@PWAYPc2eHkv4OKhRUXr,ddf94270d5c53def719120919d0b0b48a736e5ec21d62bd24a85c53bff8530c2e4882f0dfba74b56fe2a9a6a3e562749
YPc2eHkv4OKhRUXr,1742198858153,4,1742198858153@PWAYPc2eHkv4OKhRUXr,49ac43928dda56f08046a9fb0afacfbe8392ec7063bf8aadce35a5f8fdea2cdb0977aed3c5238d8393285fac16779d1e
YPc2eHkv4OKhRUXr,1742184639153,0,1742184639153@PWAYPc2eHkv4OKhRUXr,3c39b0af161902c99f881ba8aa70dae8b298d18e3cac64fbb98465da3cc1e401590f291921b8e467cb4014bbb8fa2fb9
YPc2eHkv4OKhRUXr,1742200985153,4,1742200985153@PWAYPc2eHkv4OKhRUXr,16d65706b3ee49fb434e25adf23c1a9bfb2a5305b02cc20a733c15cce332dd1e7256611377e93b5242531e10a3022e4e
YPc2eHkv4OKhRUXr,1742211533153,7,1742211533153@PWAYPc2eHkv4OKhRUXr,a337aaaa2d077523147f1363b411e0a41c8d2ecd726b32aa65c4fe8464058ab12d06882f333452a6ecc8accf05a661e2
YPc2eHkv4OKhRUXr,1742170498153,20,1742170498153@PWAYPc2eHkv4OKhRUXr,e1744e8a1c531c52e7f7e7cb4a78af85ba7b32aa752cbd7ae81bdb5faaaf5d96f73d5e5bcfd571ef04383551ceec0049
YPc2eHkv4OKhRUXr,1742208450153,6,1742208450153@PWAYPc2eHkv4OKhRUXr,68f82bc2ef07af2aec3542aa7e5aa9a5c3a629dd49b2348d88cdbd1e182532b61e360eac556fecea98f56031d63aa1f8
YPc2eHkv4OKhRUXr,1742155014153,15,1742155014153@PWAYPc2eHkv4OKhRUXr,394b558ea434e41911821a2b963e57f3f0326d77660ee17aa9d0bf623cfca6b60b09aff90b28cbfcf1e75bb543347090
YPc2eHkv4OKhRUXr,1742180676153,23,1742180676153@PWAYPc2eHkv4OKhRUXr,db4f5596190bc5b5ba87649fde843ba8095579019fbb2a86f41dd67328312ff92b2be0698b82f81a63179d2624b5be3a
YPc2eHkv4OKhRUXr,1742217804153,9,1742217804153@PWAYPc2eHkv4OKhRUXr,6e159107c6affcd7dbc88a6e51afe88f2cc9e07c2471b235b29931ce1232c2e813851de47484fdb45ef45fc8c4859c2b
YPc2eHkv4OKhRUXr,1742209574153,7,1742209574153@PWAYPc2eHkv4OKhRUXr,ac4566ac869f8d16b2932f5c6e00a4948d652c5dc450f645845229b9afd807b9d2a970084b6e9111cad087bba27f8af6
YPc2eHkv4OKhRUXr,1742206184153,6,1742206184153@PWAYPc2eHkv4OKhRUXr,05a1b1b31e42f8cf1be2a095b8aa342a876bfd8e8f9cc194adff54f1f1e4188cc50ffa36cad9164bd523cf8b84934b90
YPc2eHkv4OKhRUXr,1742159229153,17,1742159229153@PWAYPc2eHkv4OKhRUXr,265f2e148e86c68ac81e84c73751f43a85328ac994c493b22c981cd01a81c2969641b04813f892988bdffddba7b7d116
YPc2eHkv4OKhRUXr,1742208816153,6,1742208816153@PWAYPc2eHkv4OKhRUXr,6c29883e3f7d42b670087024b22ec94f2e3d15d30fb92dae6af05abd3f9d8ba7a4671fdaedbc287b67545c3cefc74257
YPc2eHkv4OKhRUXr,1742204379153,5,1742204379153@PWAYPc2eHkv4OKhRUXr,93979f33c4af9a1e38382cf07ad881b2ebc97a65a8531df0fdc04a87b157702b0bfa7865d4f4b4e9bfad7caab8c904c0
YPc2eHkv4OKhRUXr,1742209550153,7,1742209550153@PWAYPc2eHkv4OKhRUXr,d38dbbfe0f842fa5bcc5b289c6412eb7a2f4e5bfafc1fb726b61bccc385f68f10893ca033a1141149c4a46471020d09f
YPc2eHkv4OKhRUXr,1742190869153,1,1742190869153@PWAYPc2eHkv4OKhRUXr,0f40ecb6a12c7057672a51e0787cf5553fea99e0f933c7ba9b1ba9175d66bf0e97c64f170a9c64823895f4e28afa715f
YPc2eHkv4OKhRUXr,1742164015153,18,1742164015153@PWAYPc2eHkv4OKhRUXr,8f73bed2747f07a8dfc96b232a29023b0bf73119663c91393c4b4f190957392424be6d4e451a597a95936759133a6157
YPc2eHkv4OKhRUXr,1742193792153,2,1742193792153@PWAYPc2eHkv4OKhRUXr,2df0cd6bba92ead79313ff5a2437cefcdd0ed7880f8334a4bde9711a999bcfd92bfa13e855be580da5c7d104deeab5e3
YPc2eHkv4OKhRUXr,1742216613153,9,1742216613153@PWAYPc2eHkv4OKhRUXr,b934ef6ae8b65aa7aa590bcaf5c5d2694070ba7b56592852461adc935e3c90f343190d509e42520fd553520d102eb18c
YPc2eHkv4OKhRUXr,1742149809153,14,1742149809153@PWAYPc2eHkv4OKhRUXr,2f618e35d9b82b34d6b7425474647fae695c14f98ccb3857af0f566824904c1b77b493b51adf83068b84b732a8a85d22
YPc2eHkv4OKhRUXr,1742171096153,20,1742171096153@PWAYPc2eHkv4OKhRUXr,1c4c0d483602f344140c57d976cef0042aa7c429181a19a352f07ed5ee95c3e9ddddb544b2d18056254869f871501bfb
YPc2eHkv4OKhRUXr,1742169244153,19,1742169244153@PWAYPc2eHkv4OKhRUXr,4314635d349c8105b3ee8c5758c5774ab0fcf7bd87ad4b293a8600ca3f721ddd3b307f3438f77501c2725c0497f688a1
YPc2eHkv4OKhRUXr,1742220538153,10,1742220538153@PWAYPc2eHkv4OKhRUXr,a4cc8cf2d7bda7a3f0ccf668302f9e3f7ce670218ab2e38aefdd4b5ca37a23745c7ad0f023fdd2f72acbdf4fe6c5a385
YPc2eHkv4OKhRUXr,1742149812153,14,1742149812153@PWAYPc2eHkv4OKhRUXr,9ff0934656ae92519c1113345a092a669c4499a3b4b4c6ddc61c9f11277fd4e6f31a2d09b703a7a868aabb20876f31ad
YPc2eHkv4OKhRUXr,1742164969153,18,1742164969153@PWAYPc2eHkv4OKhRUXr,6b58b94e4655e3c56133bc17c31fce4d171042204b51e1627f09f1906200ba046fbc8769e66b151d417b03dde43a1bb0
UE15jCrZbgsT9BtT,1742173686153,21,1742173686153@PWAUE15jCrZbgsT9BtT,1d03c265931643282d08e8ba160f46c080a0c7ed48747a2acfd02d2095a3fee76d6e0875237cea2351cc11e3d4d5b21d
UE15jCrZbgsT9BtT,1742180587153,23,1742180587153@PWAUE15jCrZbgsT9BtT,ceb06c4b3fd8a9aeee4ff986eb50ff907022e8dc05eb7263731033e3b861ce1bb9600a6688ea556610ba761c39c244c3
UE15jCrZbgsT9BtT,1742184434153,0,1742184434153@PWAUE15jCrZbgsT9BtT,b37a952527ced7ca261a3e8855d9a20f33ac3ab8bff7d67b1d9e0eb3cea34b9e3b5ea715f759e746a57a5dd319146feb
UE15jCrZbgsT9BtT,1742176798153,21,1742176798153@PWAUE15jCrZbgsT9BtT,b047a8d6903f487e6429da230ac6b9e622c9a4a28d47f23dc0fa1d74ffa3e16360ec4de1367165ceeee53767d5f23cee
UE15jCrZbgsT9BtT,1742160268153,17,1742160268153@PWAUE15jCrZbgsT9BtT,23c2ebbfe88069939dabfad8bf1a4e1f576bea15f50071f6589e2d7920956474211fcdbcaeeac5c9c4ef7b8365f2408e
UE15jCrZbgsT9BtT,1742174353153,21,1742174353153@PWAUE15jCrZbgsT9BtT,0937b86734dfadb3551465207b0921625b8a955ea68a8f3912f216ca591f54b2c24f7cf80458c786c8aaa2ccfcacc2f3
UE15jCrZbgsT9BtT,1742153615153,15,1742153615153@PWAUE15jCrZbgsT9BtT,65fe4c5371d7fb09fcd97f4f2e03eab16fd75ca951da9c0f1587ea0eb4d65e92ab2d2c89622804a3815a5d8f34a2c9dd
UE15jCrZbgsT9BtT,1742186035153,0,1742186035153@PWAUE15jCrZbgsT9BtT,a471e7890f71e064dc66f60cd7c25c28eda0260febd915907a90c835b3e62d8f2de12ce9b3fee269d581b2637c52995b
UE15jCrZbgsT9BtT,1742164993153,18,1742164993153@PWAUE15jCrZbgsT9BtT,551da580cdcba4c021d994ad3d9f652e4c1dab16f4376ff543608aff38b658fa426778972587227f430ad89ddcce842c
UE15jCrZbgsT9BtT,1742152036153,15,1742152036153@PWAUE15jCrZbgsT9BtT,cc2ede7e251c0416f162dee7a7d475bce6919363dd2fc727f4a478c754ddd86d3fdd477c6e55415dd6d9968009be7958
UE15jCrZbgsT9BtT,1742158376153,16,1742158376153@PWAUE15jCrZbgsT9BtT,196f789edb22f41903caeeb28f5dd21601c9efe72e17404d2df31bcbff9495a3212d8277849ed673352c67a2a5d45f52
UE15jCrZbgsT9BtT,1742173951153,21,1742173951153@PWAUE15jCrZbgsT9BtT,4008263ce12ad2de4513d706cf63e80f363cb5979c4d3fc7a442cd15b9e813fe2fc4b99e05e66272f4ba79e918cab22b
UE15jCrZbgsT9BtT,1742207523153,6,1742207523153@PWAUE15jCrZbgsT9BtT,6bfa6e9d6b732e323a670fe2bae1dd8a6f014f52deeac149767de0fc53f7f850cbea438bf1a4862d60724133ff142f29
UE15jCrZbgsT9BtT,1742176799153,21,1742176799153@PWAUE15jCrZbgsT9BtT,413fd21cecb8adeb297421678a9ffca069d5decb15857ae8c880514833449dd7eabe233d91aa5882781cfcd032a38439
UE15jCrZbgsT9BtT,1742151096153,14,1742151096153@PWAUE15jCrZbgsT9BtT,89352426419c93c523a781ca749b02ee376b4b86779a153c4d1e2f090fe232116a1bae4180f1892d2d3f0360331400b9
UE15jCrZbgsT9BtT,1742168508153,19,1742168508153@PWAUE15jCrZbgsT9BtT,33e6b54c80cf129d87d3333450527a275a1127db2f666cbe7692e7ea9f7c3b7a9e9ca31f2217e54d8ae2c70594acd0da
UE15jCrZbgsT9BtT,1742178937153,22,1742178937153@PWAUE15jCrZbgsT9BtT,f5edd3067b2d80b8b5de4e8c629516443512d44cf72fe7c9f68b3ed5b55fdd7a523c06e760814579b77a8d2e9ff42bd2
UE15jCrZbgsT9BtT,1742216695153,9,1742216695153@PWAUE15jCrZbgsT9BtT,61a229f88e059a2d1526d8c7883c688b85f5b16e05823c141cb1f437b9f99b359b6b1abae815fa33e7d0f27cbbde8c15
UE15jCrZbgsT9BtT,1742164930153,18,1742164930153@PWAUE15jCrZbgsT9BtT,687d222f3ef4f61bb98eb6ff379775025adcf7f41ed752b71b27ee58b1ab45377c74e425bbede0d9e8facae065979616
UE15jCrZbgsT9BtT,1742189188153,1,1742189188153@PWAUE15jCrZbgsT9BtT,fc2bbdc445e11226e6c4c6894e6e692e8a369bf827db1dd72e88cb22fc6ce51f54d9572e4aa936719212a3c22a192f10
UE15jCrZbgsT9BtT,1742165423153,18,1742165423153@PWAUE15jCrZbgsT9BtT,e8b38508c310dedb5c1006ff03c9105102bc70903f5b1a2441f2e43796054121f30bece7c3cc91ebc6da50a18d8d7021
UE15jCrZbgsT9BtT,1742204956153,5,1742204956153@PWAUE15jCrZbgsT9BtT,6a2211749314d774448378c2ca0d6debf7c6566a716c94daaacb46222e7794d00c3a3b061aefdd096fa8bc4e92b0a8a4
UE15jCrZbgsT9BtT,1742153288153,15,1742153288153@PWAUE15jCrZbgsT9BtT,eede25f7dfb003ed78d8643db7ac16a5989a75944e994933e28f9ae5be7157098eb79a02f7f1444f57113a2298d69543
UE15jCrZbgsT9BtT,1742167495153,19,1742167495153@PWAUE15jCrZbgsT9BtT,21427b97a90a43be3cb61b244af20ec57c9e9a990b69f249b1e9761792ad9c222e8c02b7c8fac76d926e7b83f3444680
UE15jCrZbgsT9BtT,1742216993153,9,1742216993153@PWAUE15jCrZbgsT9BtT,b2673dac511623fe27c08e5e532d5df619074ac51a3ab9e4a6c519543a0bb3f5ce51b91f1dbb42451cd11382aa72463f
UE15jCrZbgsT9BtT,1742172418153,20,1742172418153@PWAUE15jCrZbgsT9BtT,175f19715e2467da827542b29e1d1b1cc1bec4e8cb31febbe10ea3c1972e66c4a1658643d5ffbd6df818c82aa1fd52c8
UE15jCrZbgsT9BtT,1742189850153,1,1742189850153@PWAUE15jCrZbgsT9BtT,c8cb0817519e8426f2f0ba61ec7f46671b4a3ead9e1830b8ecd234572dbf0d9f3aa25825e41fc1570251219f095279e4
UE15jCrZbgsT9BtT,1742185876153,0,1742185876153@PWAUE15jCrZbgsT9BtT,a9fd0385b6646d2d5a7ca8099114b67d76bbe183d2435d88bce5d6ca75f1902d4c8b4a7d33fcc4576782ea07bd3756d1
NrnqPZsHGGrNm3TT,1742156819153,16,1742156819153@PWANrnqPZsHGGrNm3TT,9e1cd1c5168e2b2d7dc9e9f65d135a65e18edced6c44e4c7409e2956a126c6561e9563f2b0c4cb89920d307d5e014082
NrnqPZsHGGrNm3TT,1742149445153,14,1742149445153@PWANrnqPZsHGGrNm3TT,d3fb02b9699111d8d58fc001e10e5e2969fdc2cbc26baa449b5474eab2409b2476a17af45b20133393c1ad270b2023f4
NrnqPZsHGGrNm3TT,1742194493153,2,1742194493153@PWANrnqPZsHGGrNm3TT,0d9622c4f6371d379097abf96bb8853a7031cb7564faae9e883fe14e3a0d3a80b9f9f2e6e681799999dc8f11ea77eec0
NrnqPZsHGGrNm3TT,1742181353153,23,1742181353153@PWANrnqPZsHGGrNm3TT,9edece0fccacd2e88c53e52909ca2f94ac62316883b008643f952b5a0990517fa276b6679e4fab596d375c7d2c4fa567
NrnqPZsHGGrNm3TT,1742189430153,1,1742189430153@PWANrnqPZsHGGrNm3TT,b2c10fdc474979ee264137b778f360630c9fd3617e9d8454326d6a4f5c953a6159279c24cc3cb73306870a7ca7e4fcfe
NrnqPZsHGGrNm3TT,1742162518153,18,1742162518153@PWANrnqPZsHGGrNm3TT,96774836f98959be8b4b0f5b5b72cade4a9dfb19204751b1d6cd55f473c53df11da6c2b155b7c1f136492843b160dcef
NrnqPZsHGGrNm3TT,1742183495153,23,1742183495153@PWANrnqPZsHGGrNm3TT,ceb8ff8a6bef3e8cdf95efd274c9843ba1d684830d2f5f4a9a2b952c745f366e65c27e7f06a498d3a5028200841e65eb
NrnqPZsHGGrNm3TT,1742166326153,19,1742166326153@PWANrnqPZsHGGrNm3TT,d467cdcd9e312bd0d2164852323deabb2dd84981a90a1929fe59457d0a9e2b931aa9dd7fbe3aace162b327d3ad67acd3
NrnqPZsHGGrNm3TT,1742158341153,16,1742158341153@PWANrnqPZsHGGrNm3TT,66961c7ea07e20fc1842079304e61cc9be0dd11f71893971fe5670fbbdfbccbf692600be92fb5fe75b07bc131908120d
NrnqPZsHGGrNm3TT,1742201090153,4,1742201090153@PWANrnqPZsHGGrNm3TT,c81374f335562bc247dd51af249bb778a22182c0539c94c1d75e3e034e3ee0ca43ea9a0179258df230ec109624c4661a
NrnqPZsHGGrNm3TT,1742160882153,17,1742160882153@PWANrnqPZsHGGrNm3TT,79e3bd69735f144791a9565a67a4f0c2e61853894aad106feaf3a53389c49b4c33c9bc5a6dc144e4ed0bc659efdcde00
NrnqPZsHGGrNm3TT,1742150044153,14,1742150044153@PWANrnqPZsHGGrNm3TT,1c573e5bf19ed5de4d650a544f96880b79aa8bc1d27ab826d1b7c774d4aa331db8ca7b351b1fc71adea338a35b8e754b
NrnqPZsHGGrNm3TT,1742180939153,23,1742180939153@PWANrnqPZsHGGrNm3TT,7775abec7e20cc6ab45b25be034234d31f9e020c786cfda3c7a6e57481ba96ad04ada315ef33a65c2f1a63768c6b9896
NrnqPZsHGGrNm3TT,1742183020153,23,1742183020153@PWANrnqPZsHGGrNm3TT,f52960679186855d998e54638fdf639e0d34f15a83ba561082449433d00d60985bb85f0ccec63335fca72c293291d6e1
NrnqPZsHGGrNm3TT,1742184338153,0,1742184338153@PWANrnqPZsHGGrNm3TT,a86bbc6318488e6d74b2be4d4d304a77db4843968cb0345eb71bf3c5b90a35ab3023dcc8a050cf2b027cf01b57237c5a
NrnqPZsHGGrNm3TT,1742192204153,2,1742192204153@PWANrnqPZsHGGrNm3TT,9d166db7ad4ab3a4b64d0affd329a5447b3e6bf4db9fd66cc607dd252fbe03fbbfb5ea2c714382521bfdad596f2494ea
NrnqPZsHGGrNm3TT,1742208432153,6,1742208432153@PWANrnqPZsHGGrNm3TT,719ef98bb8578980f92ca37930c09de4d45d65601f0267f4b437ea41e8cb06faf34628a62739cb28338efbcdb43f5061
NrnqPZsHGGrNm3TT,1742167537153,19,1742167537153@PWANrnqPZsHGGrNm3TT,d0ab6cac5d08ea2de7f68a5d8c072c881eedf93a9ba758460913430705cc395e60643ea41f1d7d5c283eb9737e1f77c9
NrnqPZsHGGrNm3TT,1742189998153,1,1742189998153@PWANrnqPZsHGGrNm3TT,1bef0cd0471e0ebd06417ba8d4afd92dd66562a9cab15bc9d917c3b998fcaeb2cce4bead96bee56d4fff052b501fcd93
NrnqPZsHGGrNm3TT,1742156117153,16,1742156117153@PWANrnqPZsHGGrNm3TT,35c3bacbb7f15708017f2caecc1d9a8f1baa9ee7d4dc9e4873e4a428237d2a60e4485c7899e6094793a4163543dacbba
NrnqPZsHGGrNm3TT,1742192453153,2,1742192453153@PWANrnqPZsHGGrNm3TT,930361105ab610229641cf5fe4bacebb0d03b20f03cfade068a240d2d50ee2423ee3c1dd89210fa73a65998b0a0c26b0
NrnqPZsHGGrNm3TT,1742211525153,7,1742211525153@PWANrnqPZsHGGrNm3TT,b8fba50d98cc97e289101cf38cdb6eb2b0cfc9ef246c1303c04b65329397e0c664e65230b17bdfd55f4e2285c826e74c
NrnqPZsHGGrNm3TT,1742188809153,1,1742188809153@PWANrnqPZsHGGrNm3TT,82f9a2c85fb0ba46da342d8433f39ee12846b4860ade2d24eebe51d73bddb0e4080a718d7879272c645425d4e7e18925
NrnqPZsHGGrNm3TT,1742219269153,9,1742219269153@PWANrnqPZsHGGrNm3TT,1975954255774f864c2f988977f2f5601a279021a74d8b82dc7c6966ae53c659eec9e9addcb3494903b2aefe0c7146f8
NrnqPZsHGGrNm3TT,1742192916153,2,1742192916153@PWANrnqPZsHGGrNm3TT,25c79aaee6c6805f0dbfd20b1eceb990bd2b62b965d0afdafc44c6b341ba313123cf870d1b15c4bed4af2a8d28457c5a
NrnqPZsHGGrNm3TT,1742188026153,1,1742188026153@PWANrnqPZsHGGrNm3TT,397b304778c25be4d156e9ece950f22f4e3f06a10c482e8ba87bab9a29d945167417d18868e7edcf812534b03035a4f0
NrnqPZsHGGrNm3TT,1742186221153,0,1742186221153@PWANrnqPZsHGGrNm3TT,6ca06b16eadd0f2e379bf5982a1fb65ef5c041a3ffcc4a33eff799450342416caeccc21be98467fe944fc25e99d3aa4f
NrnqPZsHGGrNm3TT,1742215149153,8,1742215149153@PWANrnqPZsHGGrNm3TT,d113206bbf8cac468bdf85e872484c6d6399878d40ae74634519cc99692ff3f39f2d1b53488b52ffaf844886adf691ea
NrnqPZsHGGrNm3TT,1742198535153,4,1742198535153@PWANrnqPZsHGGrNm3TT,e02984d888b07482fd453d0861f735d9b14f58e435fd19cf47e7efb230c1c0ad01c4654dc304747a5fbfd3a104bccd54
NrnqPZsHGGrNm3TT,1742172031153,20,1742172031153@PWANrnqPZsHGGrNm3TT,fef34411508bcb3f01b416851002fc55e43163e11a184bb6ad96240054d31b1babadbf3886bf2209b362d6ea559f50e4
NrnqPZsHGGrNm3TT,1742177354153,22,1742177354153@PWANrnqPZsHGGrNm3TT,1aa5de03c24f0ec18e28760165719a33f4b4a1fe83b0abaca33f442aa7d486ba421c25d0f274825cd0303d8c21d98b8e
NrnqPZsHGGrNm3TT,1742161962153,17,1742161962153@PWANrnqPZsHGGrNm3TT,7a9f79fe3c6f852e3f93fe32af3b3b9edacacd6b9582facad6a41f6bc17ca4220ced081cd2651d2531861bc55c8cccb4
NrnqPZsHGGrNm3TT,1742195875153,3,1742195875153@PWANrnqPZsHGGrNm3TT,adf3e3361723565ecc5ba3d8c1eb397b518cc8abc65012883970d18e962cc3881a15728343e8995ac6c2c61219dfee50
NrnqPZsHGGrNm3TT,1742206753153,6,1742206753153@PWANrnqPZsHGGrNm3TT,efebc265ab673360a455df3d31ef9532d44b1b86beeb6b29b50c81ccee1755237c76a150f516a339e6a17563cdb0a94c
NrnqPZsHGGrNm3TT,1742217708153,9,1742217708153@PWANrnqPZsHGGrNm3TT,9a63d610cf91d8c3fcc92b08753b7315f56bd7e36f6cae886105b809953a416f4fc1bc881d9b49ed7a15c5d7fe4493c1
NrnqPZsHGGrNm3TT,1742201883153,4,1742201883153@PWANrnqPZsHGGrNm3TT,eeb92b97290915fe758edb999ee6acd23709d1e111733a5e46e13b505c8b493cd9ce30393801926eb590a92b816ab3e5
NrnqPZsHGGrNm3TT,1742210678153,7,1742210678153@PWANrnqPZsHGGrNm3TT,ba79ca95a16d1763f81f8dd81efa947d9f4ebcaef459b4d8b77d5f62ec06f01f7be88bfdc09ce2a73d8c6c31b93e9eed
NrnqPZsHGGrNm3TT,1742159775153,17,1742159775153@PWANrnqPZsHGGrNm3TT,f4686781ffe95d1a1e00c938d10caec22722f61bc7c769d945dd51fe2b844a486eda70773282f14879b806a989b6d002
NrnqPZsHGGrNm3TT,1742182024153,23,1742182024153@PWANrnqPZsHGGrNm3TT,bde66586cd3f40c9520e089acc0e35c3ee8b73c0f09b1ae451342e03b6fc23e385c2ca604a8d2a996b11c251d94d0198
NrnqPZsHGGrNm3TT,1742200487153,4,1742200487153@PWANrnqPZsHGGrNm3TT,faf2c81ccdf909b56a786eee3cdc9200495ffac954563dfa27e20877a7fdc44a9c9cb3709c9b81c7b18d9be5aa40b659
NrnqPZsHGGrNm3TT,1742175266153,21,1742175266153@PWANrnqPZsHGGrNm3TT,a5fb1680693d8894c5a154fddd16cc959407d1b5259dc54bd18a26ca8e946f00ea3d996f397ca9df88aa6c9402cd218c
NrnqPZsHGGrNm3TT,1742160674153,17,1742160674153@PWANrnqPZsHGGrNm3TT,e0957269374797245d8938c8d0a5633b64c98e8c3459c282ef5f8a315ad226737c75313672840e5c64b79a52dfd7033f
xnzzOsp9nokE0gPZ,1742166127153,19,1742166127153@PWAxnzzOsp9nokE0gPZ,6b9a482c95db3e8896dc7480098a7788d72e5124309816af9b5c1a9879873d68df8950316337be5f29ef7ee481cb7520
xnzzOsp9nokE0gPZ,1742168681153,19,1742168681153@PWAxnzzOsp9nokE0gPZ,036a9903553835dcd260622fdd5a8f0555755be4f9fabf859ab96434b8c0d5cc03dbf658a420d9cf0b459563b9c9e194
xnzzOsp9nokE0gPZ,1742167216153,19,1742167216153@PWAxnzzOsp9nokE0gPZ,0366b28911252ecd08f4ae9102f5529b5dc3d1e49b95da010484275bdbb54201643e3f119591ef43862ae454478856af
xnzzOsp9nokE0gPZ,1742190492153,1,1742190492153@PWAxnzzOsp9nokE0gPZ,335cb67c1930279b2ab27f8394223030830f9c2c04e005b5a34df005d23cc72b013aeed6262562564cf4ed185788f90a
xnzzOsp9nokE0gPZ,1742218338153,9,1742218338153@PWAxnzzOsp9nokE0gPZ,e3f58d435d14e6037ea1185201dd22ba49dc0c58816c4d5a6f5185247a37e77642ecf712b88cf4a6161aa8528059e8ef
xnzzOsp9nokE0gPZ,1742163773153,18,1742163773153@PWAxnzzOsp9nokE0gPZ,e1f1a8dd45c705f85435396670324f3bd7e5f620a633123b4eea2bd8e1784c7a5181e495120fd5d905f0ba2e94e374f5
xnzzOsp9nokE0gPZ,1742205351153,5,1742205351153@PWAxnzzOsp9nokE0gPZ,c20fde32d974ecf73417fdb98fcd17a039b67c0ecc7769be9470d2e13d4d37534476b1b37530589d8df478c28fd69020
xnzzOsp9nokE0gPZ,1742164553153,18,1742164553153@PWAxnzzOsp9nokE0gPZ,7252692ed3781f82e353d40e3d4f7f68a98e91d8095c31d86216ac8475cdd1dc3cafcb0a10614ca9c64f0f818758cd2f
xnzzOsp9nokE0gPZ,1742190195153,1,1742190195153@PWAxnzzOsp9nokE0gPZ,e4cda7cf23921f0ca5c984b8e11ecfcecfb35be7e9c8e44c5508489b9a25cd8dce207c64696e7ca25485f436bf2cd1f7
xnzzOsp9nokE0gPZ,1742193120153,2,1742193120153@PWAxnzzOsp9nokE0gPZ,db5e74c0d4b8cb1577325bd45bb79416509b3fc7c8c0dfddbb8d3bd63f75b65eae7e370a62b3134dde85b1d529abcd34
xnzzOsp9nokE0gPZ,1742159766153,17,1742159766153@PWAxnzzOsp9nokE0gPZ,84c6733e5ab8e7c8bf031142d9c49017d3a0d466f0c4a69122774ac17df931ed4474ac308ec043c8b95aed646dc48b01
xnzzOsp9nokE0gPZ,1742150164153,14,1742150164153@PWAxnzzOsp9nokE0gPZ,217cb4be284dd93c1901db6139e182c5cc0143393b52196eb8c283e7c041302b06d7da488ff0a1944be99d9e8888fe88
xnzzOsp9nokE0gPZ,1742216495153,9,1742216495153@PWAxnzzOsp9nokE0gPZ,79576341d929f4fa466956139cf23ddc1b5acad18c56558008a90bea7488700e46306f527bd2f4bfcbc62485e503e046
xnzzOsp9nokE0gPZ,1742199835153,4,1742199835153@PWAxnzzOsp9nokE0gPZ,a08764af3fe641a49f576657b7895d7b2a557e27803c8ffb2b74ba9b8497f3977ddfffc2315431e127683f2f1d379eab
xnzzOsp9nokE0gPZ,1742165050153,18,1742165050153@PWAxnzzOsp9nokE0gPZ,31019c99b469e8475d627f64aa34d1ef77a1bcbc1f9816b4b593e265a1bd92deb5370fe070a774f74eda9ed01c555517
xnzzOsp9nokE0gPZ,1742165443153,18,1742165443153@PWAxnzzOsp9nokE0gPZ,f848e00300048d9a5017524a5b89a809fdbc16de7407e2a35410ae5ee1102cdf2dc019dc8c9eb308135b7070550b9a13
xnzzOsp9nokE0gPZ,1742162125153,17,1742162125153@PWAxnzzOsp9nokE0gPZ,387db0401e3b6658c2571b0cf29247f210c07c0d731026483a75b8510ff53552db2b0a7b4877ef7ebb8fb4dea066eb4b
xnzzOsp9nokE0gPZ,1742176268153,21,1742176268153@PWAxnzzOsp9nokE0gPZ,8c4b384f17818663662d50439343f23d18958c054923cd2a251a1d5dd330ba9b65e920ca644342d352a5d251de27d7b1
xnzzOsp9nokE0gPZ,1742162766153,18,1742162766153@PWAxnzzOsp9nokE0gPZ,f433a4c9feeb1cb6977434e3975e8df1daeb828566f71b60c82da2129fa0df395e9b03553f8f420a9a165343f58705f5
xnzzOsp9nokE0gPZ,1742157603153,16,1742157603153@PWAxnzzOsp9nokE0gPZ,adf7e52f7dac614dfe0495d748d6cb991adaed247b779f029182b009ff1048e8a2af387211f2169e42eaa0168a1a6a1a
xnzzOsp9nokE0gPZ,1742176386153,21,1742176386153@PWAxnzzOsp9nokE0gPZ,6a128de4bed1ba44c56846fc0987278a896f1d3a9f5b1ef5421a67d265c51b4c29db05c13f1ebff5f91aa4ad2c34c780
xnzzOsp9nokE0gPZ,1742159960153,17,1742159960153@PWAxnzzOsp9nokE0gPZ,ad08a0368c09358c4997a7ea5d8d01742370882d4d2e42f53708bc5b258ce7d385161fea0248c7c8406d401575ab333e
xnzzOsp9nokE0gPZ,1742171385153,20,1742171385153@PWAxnzzOsp9nokE0gPZ,1c9678ceedd6fd6cac34976268973ccd62cf57a028b398ce8b57a60d9faa06d6e25e7ada7af0ef0a0bb7c4ca9e36eeb5
xnzzOsp9nokE0gPZ,1742176535153,21,1742176535153@PWAxnzzOsp9nokE0gPZ,3895640fc3be1c27e9fa7b68cbdec048864ce37e285bf9e14a3fbedddd3bc4c91e3ccc7da104ad9f6c6029eb696a0920
xnzzOsp9nokE0gPZ,1742181995153,23,1742181995153@PWAxnzzOsp9nokE0gPZ,5abd533b65e97c329bb6af998de6389aed8ec118b3a2431b8fb1f785799b6bc73ed446ad986b6f8199d4867f7ae8ea67
xnzzOsp9nokE0gPZ,1742165139153,18,1742165139153@PWAxnzzOsp9nokE0gPZ,5995294de8926a1247fa862138f9493dd714e57bc69843176a3e78360df1d69d5cabd699d43a47b38643204768bf41d0
xnzzOsp9nokE0gPZ,1742195997153,3,1742195997153@PWAxnzzOsp9nokE0gPZ,5ccccdfc6080dcb78a310293cf00f384c88da88a100281b75562175963e256cb1687292335a0c275bddada8a32209bc0
xnzzOsp9nokE0gPZ,1742191460153,2,1742191460153@PWAxnzzOsp9nokE0gPZ,8c3c84ca8df9bddd00c9f93f147ef8eafa2da79d52387093c8e3327f4a857803fd83398c4688591ca83716bd8c9d0860
xnzzOsp9nokE0gPZ,1742183840153,23,1742183840153@PWAxnzzOsp9nokE0gPZ,2687d52973198e9ae7a136b0c28e537e6c6689fb0f103c3905987e9878ba2ad4f8e47a044eec9dbeb35f3d03170d323c
xnzzOsp9nokE0gPZ,1742194355153,2,1742194355153@PWAxnzzOsp9nokE0gPZ,75c86e63bf8c3182ae8f7a058b4028eed8951bba51ca35d34e70178bbe52461ca40fb9e19e8392855ca15ccad8310b29
xnzzOsp9nokE0gPZ,1742171867153,20,1742171867153@PWAxnzzOsp9nokE0gPZ,a4794cbc58a997c916104966d5229e1df982da1f2bcc2e12ec8da6ea5f15a3c7fc41eef5acc1c349eb0a0577419032a3
xnzzOsp9nokE0gPZ,1742203145153,5,1742203145153@PWAxnzzOsp9nokE0gPZ,351d25b25017590c0651139cb6100f22b123aae0b0fa4f184d7ce85652e0384b173ed466f3f07ea244417fc558830640
QZExL6Ub2JE9eD9w,1742202619153,5,1742202619153@PWAQZExL6Ub2JE9eD9w,545a44df87104a4eeefad6e7acb818af5e17da3c864d8eb0f426ab463d3593c446934fbaa70ffc564173888b3b993c4c
QZExL6Ub2JE9eD9w,1742192135153,2,1742192135153@PWAQZExL6Ub2JE9eD9w,f8c23eb1805d0e5bf8c9c52d4dacd56632b2d6995afa5f4a7e2e2b78960010c3c2863ab7f27708795beb2ad895d58c8a
QZExL6Ub2JE9eD9w,1742210762153,7,1742210762153@PWAQZExL6Ub2JE9eD9w,679fd5ffb8024fd1b00398a8bb8a24f4e6e83dbe1affa689a9f9c613c228114521259dc7bfc105af3a199d453bf35e2b
QZExL6Ub2JE9eD9w,1742174549153,21,1742174549153@PWAQZExL6Ub2JE9eD9w,05e10df6c3c1c0027eae1ffbece0456274d75cb79d68f1f4b5644e2a0b7a399201500a190bb9ed720865700d79e016fc
QZExL6Ub2JE9eD9w,1742187975153,1,1742187975153@PWAQZExL6Ub2JE9eD9w,4204a72b9f6733772dda6c4e968eea812d5a942e8f35f42898ae0d3975cd70af313366460b3f41ec1ef7d024daa92070
QZExL6Ub2JE9eD9w,1742167913153,19,1742167913153@PWAQZExL6Ub2JE9eD9w,c60dd274109eaaa76fe1d5e0299ce9d350b93409f6eee9550e495d1e8a766f23e8812123b6d806628e8e6490d65fe56d
QZExL6Ub2JE9eD9w,1742172605153,20,1742172605153@PWAQZExL6Ub2JE9eD9w,0baf0d1e94b4e5d9c94ef4c53329ee4d8cc77af65633cfd0937cb850e5d1b67becc6d45781e374c063df6d7d8f63d75f
QZExL6Ub2JE9eD9w,1742180870153,23,1742180870153@PWAQZExL6Ub2JE9eD9w,2cbcd74d90f25a6f85a09b041d75f8d11996ab83722c819d797db191f1d2a03d514cd977e0232cd2599005317dca9228
QZExL6Ub2JE9eD9w,1742177957153,22,1742177957153@PWAQZExL6Ub2JE9eD9w,712200cfcaa7f9a3aa51a5d9047099bd56edd569ac29415813ee00fd18cc5d75371d30bb84739deb4caa2ac6cf24b266
QZExL6Ub2JE9eD9w,1742220194153,10,1742220194153@PWAQZExL6Ub2JE9eD9w,146bdfb52549b95460034c74e750328dd3350b3cc0aafa070b56de17ec7e7b0af5496d397c77c4d46e9538cf0f7db37b
QZExL6Ub2JE9eD9w,1742197974153,3,1742197974153@PWAQZExL6Ub2JE9eD9w,4ff6d1e5010bdfce7223803383af65304e6447da04b72e71517f086679ffa7c9c977511b0986663f7809946060618192
QZExL6Ub2JE9eD9w,1742220582153,10,1742220582153@PWAQZExL6Ub2JE9eD9w,746af8efcec81f77b42c67b33283c60f1f62bd251a912f05bf2b93c9ccc598c1a24f5ae25641b8acd74b630876fbfe6c
QZExL6Ub2JE9eD9w,1742163681153,18,1742163681153@PWAQZExL6Ub2JE9eD9w,b769ca8a11a1185b036cecd7eb8c1015989aa84e4df6aa0da044a9037d1edd3ce1d0f1cc579770f3ff78c1c74ca48bf6
QZExL6Ub2JE9eD9w,1742194532153,2,1742194532153@PWAQZExL6Ub2JE9eD9w,6c855fd55c37ffcf6bea5adef5312ce8d226f08ce75bf79b2bc8b4c4e014722bbf8db0bd19cb51bb953016393a422b71
QZExL6Ub2JE9eD9w,1742166124153,19,1742166124153@PWAQZExL6Ub2JE9eD9w,2986bae040c59402d552d69cb701bc78ef162009d2f56904f42145ed1c33d44ad1e98161ddac14f9d39de55604fd46b4
QZExL6Ub2JE9eD9w,1742177795153,22,1742177795153@PWAQZExL6Ub2JE9eD9w,7413d86965116a149155708279b3b6674629da5fd646a2bcff2c7e38781a46009101e47efa5c0574147fe1ecb7b2e608
QZExL6Ub2JE9eD9w,1742173385153,21,1742173385153@PWAQZExL6Ub2JE9eD9w,33f11436cea34406ca1da688097621345da68f9d292c387144eac4690641c32938b49fa84ba0741d30a7141dda04bc96
QZExL6Ub2JE9eD9w,1742190647153,1,1742190647153@PWAQZExL6Ub2JE9eD9w,a06be163c89b6ba1217f5f07f3de6bb954d0dd28e475ef93e051eed3e1c0e400321de2d4bc836587cb03105ab032fbc2
QZExL6Ub2JE9eD9w,1742158515153,16,1742158515153@PWAQZExL6Ub2JE9eD9w,f6d212ae05c1e9827ef832f4d079a85398faa3d7913ae865f887b0d4c5bd3ac526c58e0939126f2c0d75b490386a7df2
QZExL6Ub2JE9eD9w,1742158890153,17,1742158890153@PWAQZExL6Ub2JE9eD9w,e530e613f3a9f3bb1f3e8c41125cbfd69b283a134bb0c6c6e5d9a4654f36abcf0630e9b50971011929a23301297ca309
QZExL6Ub2JE9eD9w,1742189069153,1,1742189069153@PWAQZExL6Ub2JE9eD9w,164cfe9de6f30fddb82abf88e4b54cc264a948c4b129b39794c3efba0c84e63763cb7317b3f97e1b4e09327ea458cf20
QZExL6Ub2JE9eD9w,1742203722153,5,1742203722153@PWAQZExL6Ub2JE9eD9w,99e573820b553a651d60459823c2076891b2d0f42f5eb85526d5e13c14b2e9639f54b09930bec16fbba8f45fc42ca2df
QZExL6Ub2JE9eD9w,1742160172153,17,1742160172153@PWAQZExL6Ub2JE9eD9w,24fac945c75dfd7f77833f3fc625c89afa4d83815072d36e54d98b66d3cc8e3e13b1a8f6fc65ad22814587b60345347c
QZExL6Ub2JE9eD9w,1742202039153,5,1742202039153@PWAQZExL6Ub2JE9eD9w,9f8256e058408678c15287178b05371a451707079726fb7113301f9bc0e3e13cfd3e9df1129c6b5a1614f6a6cca16c16
QZExL6Ub2JE9eD9w,1742200155153,4,1742200155153@PWAQZExL6Ub2JE9eD9w,feb9e539dd907a641dedbc8d82d48e028aed0001a681e040c2ca4e5738322be52ec4977d7ee47cc85aecf9c01ad93b84
QZExL6Ub2JE9eD9w,1742168766153,19,1742168766153@PWAQZExL6Ub2JE9eD9w,8d3eef20203dff5b66570d572fccbbf03349637fe14e5572d839e7388bdea771fdbe6c3608a313e8441368e8f9dfce64
QZExL6Ub2JE9eD9w,1742209113153,6,1742209113153@PWAQZExL6Ub2JE9eD9w,b411067d06720daf7120dc572d3e5d956cfc4e87d3eab2edf0fb0baeb194e56082b9368ba733a0f257cb4e2494939dfa
QZExL6Ub2JE9eD9w,1742156887153,16,1742156887153@PWAQZExL6Ub2JE9eD9w,ec6ad14d8555c851e774417d8ae1e95878225227da5d2174cf0763c0682dc9f1a7bd7384d332306011b5a0ab89594cb2
QZExL6Ub2JE9eD9w,1742151520153,14,1742151520153@PWAQZExL6Ub2JE9eD9w,28055b119a2aa78ed1fed7d9cb542b57c64318aa77ee508078d38ce376485369e3eb0a267876cd2ef2f423ea6caa1187
QZExL6Ub2JE9eD9w,1742179230153,22,1742179230153@PWAQZExL6Ub2JE9eD9w,835f08f2b621ea75c5336c3f162238f42ca48e8554b7ce883a4fa0d66bc5d4627eaf1eaadf443fda549ff9905e5b3376
QZExL6Ub2JE9eD9w,1742218161153,9,1742218161153@PWAQZExL6Ub2JE9eD9w,bfa563e4376716de0259f377e81dd0eae7df2885e439d9b5328348e2f4c2f3e0412d1a65a33856a628389105e325a62b
QZExL6Ub2JE9eD9w,1742151187153,14,1742151187153@PWAQZExL6Ub2JE9eD9w,2832a1d8141b0e31ad2d696ee83fe226cf83284528f29dbbea08f95b4a4830b82d5e5c3246b55f0d0c31bbf17720731e
QZExL6Ub2JE9eD9w,1742206822153,6,1742206822153@PWAQZExL6Ub2JE9eD9w,e93ac5e5f8886248d0536ba72c254822240aa433c582e90d64879ace657cc8e8da62314da0e538d5416727d6a82ebfe1
QZExL6Ub2JE9eD9w,1742207852153,6,1742207852153@PWAQZExL6Ub2JE9eD9w,c9b8b2d07969896448b2e1aebc26d0070437d5ca28095b1118aa0eb047a5790bcab06af02c88ee62aea6b2459a32c596
QZExL6Ub2JE9eD9w,1742219344153,9,1742219344153@PWAQZExL6Ub2JE9eD9w,f08275a7dd9ebd2bd6f085923797c0481a123330ed4e23367ce9fe66845fc9fac19122494a4aaf180f84037a2f181084
QZExL6Ub2JE9eD9w,1742173140153,20,1742173140153@PWAQZExL6Ub2JE9eD9w,eaea22ed28faf0a7df0fa9508aaa959d7e55374c4500e5733526e5b382ea0b02d2fad07cfe8f784bbf82321f72b416b6
QZExL6Ub2JE9eD9w,1742177090153,22,1742177090153@PWAQZExL6Ub2JE9eD9w,8e65fda21adfb00d3657c6900f0b7a4c4a5e736b2e9e00ad097cd55de548664aff90f37054d61fd9cd582779da63f0c7
QZExL6Ub2JE9eD9w,1742170638153,20,1742170638153@PWAQZExL6Ub2JE9eD9w,e12a0500f67f298cdcb83ad99e29edb8846f6196b847ef46498ac595c6a37c7631538ad1e84a32868675eb85aa953081
QZExL6Ub2JE9eD9w,1742153692153,15,1742153692153@PWAQZExL6Ub2JE9eD9w,4c6d7612698438b48f221fe3f4f4853e491fdd40ed58e0ee69e6781451ee531e38905bf9c2b530f374239b73b0c265da
QZExL6Ub2JE9eD9w,1742170529153,20,1742170529153@PWAQZExL6Ub2JE9eD9w,9f365e773a762ffe7e6bb7c469f5b6748feb56b4f8d928149d41ce18dfc27f8df6f8a64825d8979da4db10fdfc032670
nfPx1LLxUJkno1Rb,1742171538153,20,1742171538153@PWAnfPx1LLxUJkno1Rb,7e3c4bc1fd6569085f6eb8695d13b5f04558e024fa885350fa3d903551ad4d04fa31ad8d443cfde48aab6b42c558d615
nfPx1LLxUJkno1Rb,1742204786153,5,1742204786153@PWAnfPx1LLxUJkno1Rb,47ab782c4702b326932b1e48592c77c91deded08f7dfc06fcc4597e573e8291099f21aefcbc3dfac4d67c4a686d0a692
nfPx1LLxUJkno1Rb,1742179456153,22,1742179456153@PWAnfPx1LLxUJkno1Rb,15df56db9cfa14064ab51287599a6ead81609d1a10d55b16e53f10b7b14042f0df2bca93bac42ab58f990410e0397545
nfPx1LLxUJkno1Rb,1742205276153,5,1742205276153@PWAnfPx1LLxUJkno1Rb,f3b816752b2114407494fd5bc4fcf62c4161fb476820c4f835f51a98eda56f2ee66bc96bdfd5343ad2e11a891f523ba0
nfPx1LLxUJkno1Rb,1742153274153,15,1742153274153@PWAnfPx1LLxUJkno1Rb,489233257b6accf886c2dc117882a2a22027d82ecb0f29b81361bbb727b82fd695d12fb750a475b805532d744ad86cb0
nfPx1LLxUJkno1Rb,1742193738153,2,1742193738153@PWAnfPx1LLxUJkno1Rb,2cc115af2bf6ff7cd8ff3935d96e2c2e520fc770d125dd0df27dc0fd1ff3836d4c1ab7786948f9768fa52d8e1e1115d7
nfPx1LLxUJkno1Rb,1742198164153,3,1742198164153@PWAnfPx1LLxUJkno1Rb,03a4ecbb8af08e6ef4925fdba80d8de0d5811a42630fcc487243665a78457d15409f253f02b87506994e23d1b7b23862
nfPx1LLxUJkno1Rb,1742164381153,18,1742164381153@PWAnfPx1LLxUJkno1Rb,d51cc5044d65df63cfff46a7878aa7139c8ab60ad08e33802e2ebe2911e10904c982d4b76df89cda5d342c2847f8e101
nfPx1LLxUJkno1Rb,1742203770153,5,1742203770153@PWAnfPx1LLxUJkno1Rb,da619e81add325a0347c12e791b855f30590b8e38e8d30438a08e97d0888a5c685a0a9d31c5ebf756f0af6b55ba0871e
nfPx1LLxUJkno1Rb,1742214195153,8,1742214195153@PWAnfPx1LLxUJkno1Rb,20b7c996091a918b27ef961d2b15273bff4db171c193127b3b6d1f08ab0d79bca3cae10f0f3a64fc7cd8c3d41d85f93d
nfPx1LLxUJkno1Rb,1742180801153,23,1742180801153@PWAnfPx1LLxUJkno1Rb,3386c6a4e1257e65cb207f78cf83900417daee5b5cd5cbf4cb6ec5be773379cd953dd597ba8efcb4916b6efbb5cefd7c
nfPx1LLxUJkno1Rb,1742207933153,6,1742207933153@PWAnfPx1LLxUJkno1Rb,c7e1aa500d80859b62f24986bacba37cd7d8edc5591821f756857509848bcc4adf8a7c49e8304d0934b0b853259b373c
nfPx1LLxUJkno1Rb,1742169270153,19,1742169270153@PWAnfPx1LLxUJkno1Rb,f3b90324c9d02feb528278a78cd587fa2e3d6530aaf463f6c8bf69cec6b0467a1ea398bfa7d3142a131b7d9776d31c8b
nfPx1LLxUJkno1Rb,1742218710153,9,1742218710153@PWAnfPx1LLxUJkno1Rb,c767d0e15750288136819abc9f8890c06cfc402c9d1a331570d90a3d130fbe53cb529f6886b054b9f18ca512a3586692
nfPx1LLxUJkno1Rb,1742174180153,21,1742174180153@PWAnfPx1LLxUJkno1Rb,a206118448788acd0d88989f39f3d9ce6b8926a7d95e435c242b0a4bf943dbbbcfbedfb03c650f842557fd2184d2fc1d
nfPx1LLxUJkno1Rb,1742203836153,5,1742203836153@PWAnfPx1LLxUJkno1Rb,4cbf67b0303c97455e1d23809027be973a5f466c42af0c4d662655081e2bc34882a2a64c7f26ec3c06072e3686238bb9
nfPx1LLxUJkno1Rb,1742206343153,6,1742206343153@PWAnfPx1LLxUJkno1Rb,4df2e529b7110b5b79b595dab4b7f2e8ba6be6aaebf033d36b419a364487576b494c8991c0590f855812dbf27e06aec0
nfPx1LLxUJkno1Rb,1742195091153,3,1742195091153@PWAnfPx1LLxUJkno1Rb,63833a7b4cf4471217e56b28b3185bf4b74bf27506c922cc12cb429912528cc2837ee6f7838ba8cc1d29d15b95babae4
nfPx1LLxUJkno1Rb,1742165536153,18,1742165536153@PWAnfPx1LLxUJkno1Rb,11bb7669bfa34666e45a0df6233a2374fe10927e5bdf968a2c1e1e9f2ef7b501cd9d9501d3976ef979287cbe0beaf5cd
nfPx1LLxUJkno1Rb,1742183536153,23,1742183536153@PWAnfPx1LLxUJkno1Rb,47e0d38c077fadc8d8d7e17d8aac57752ac48e88cbe82c39d55b6c62ae27fdb42f6b405063466ee2c7c1a25cff88cc03
nfPx1LLxUJkno1Rb,1742203035153,5,1742203035153@PWAnfPx1LLxUJkno1Rb,c08ec488e49930a19056e0415593d7feebc77f42dc435e524dba42da2eddb22a1cc1442c185d4337da1be9438cf39c78
nfPx1LLxUJkno1Rb,1742203515153,5,1742203515153@PWAnfPx1LLxUJkno1Rb,edceb0007563ffc668eb48aac2ce83770ed9650414fbc1a2aeacca0e5998e04ea26268afe983215502e3bc6769bdcbf2
nfPx1LLxUJkno1Rb,1742174331153,21,1742174331153@PWAnfPx1LLxUJkno1Rb,bd6bd3a7e0891eee8eafd1297ee123273439b6cdbccd81c331a1da8654252711266c628eb17834f51388a1c70ad65ff1
nfPx1LLxUJkno1Rb,1742149252153,14,1742149252153@PWAnfPx1LLxUJkno1Rb,bc5683771276078139ae4c1335e1435168a91b2ddc00b46e1e10bd927413263ad17eee5b406acae734796526a49b9bd6
nfPx1LLxUJkno1Rb,1742182400153,23,1742182400153@PWAnfPx1LLxUJkno1Rb,ec06f1022c8c86af2ca0aecb3d3d918579b59053ea015537a5565531058086a034ff0a7735c99a761f52bdffc1b83c10
nfPx1LLxUJkno1Rb,1742186921153,0,1742186921153@PWAnfPx1LLxUJkno1Rb,37a0696128462265499e30bfb5c512a2c2d31126b540cf4f07102855e2041dd65682b5b92fb2f9f83fd13ec398ae49a3
nfPx1LLxUJkno1Rb,1742151656153,15,1742151656153@PWAnfPx1LLxUJkno1Rb,27ef534bd5806c183125008b265a72fadb38ec304bd0cb81543a343fa722a323131c197644aa2a46d773e75813b6bd82
nfPx1LLxUJkno1Rb,1742154031153,15,1742154031153@PWAnfPx1LLxUJkno1Rb,f4b94a231235f9be74cdaa1c89d926b34e1504a5b577f5844893561d97bd23224cabc86afc55fea3f41547f3a4be21aa
nfPx1LLxUJkno1Rb,1742191812153,2,1742191812153@PWAnfPx1LLxUJkno1Rb,5e78d72e7e6b4e0a7caa93b5801d8c54a25dd0e6c626bba7ca25e5876ded147a8a20d401ef2230d684bfa7741f4a081b
nfPx1LLxUJkno1Rb,1742168297153,19,1742168297153@PWAnfPx1LLxUJkno1Rb,48798a8bb96b3495a4efaed77fe6129ea2e1de3520a52bfcfe8366a44dd24fac5c2405707f611ef0b172b5b7c12bce22
AsTbTaIum2BQ7rWT,1742190527153,1,1742190527153@PWAAsTbTaIum2BQ7rWT,606b054c4c45eb1de23aa7a1abe0670cc328c9c791a94ff5c1966474add3024d4ed2d8fbedad1fe82a27df314c5e60eb
AsTbTaIum2BQ7rWT,1742208411153,6,1742208411153@PWAAsTbTaIum2BQ7rWT,6e696d37899733e5c130043cd34e0dda9a60a6295ad8662ea45088afd9ca424cd191695649cc7325f449df43baca722e
AsTbTaIum2BQ7rWT,1742210628153,7,1742210628153@PWAAsTbTaIum2BQ7rWT,5191130ecdcc131003c0558e6591ce858900cd5f176835cf324255012a5c0d2f76b6c0d933bf7060193159f4da051227
AsTbTaIum2BQ7rWT,1742210573153,7,1742210573153@PWAAsTbTaIum2BQ7rWT,e8d0f88d5a79332161de8fbdb1de807b9b4b4c7995ce336436a5c3823a04ad8f758490a166339d7a62d112bdbfcbf05b
AsTbTaIum2BQ7rWT,1742201507153,4,1742201507153@PWAAsTbTaIum2BQ7rWT,56cd12a41e5a2d461dce3ac71213147e6c40a6de63a456be8b593be843e85d50a26ab4983a31d83e7fab2720447b431b
AsTbTaIum2BQ7rWT,1742192882153,2,1742192882153@PWAAsTbTaIum2BQ7rWT,ea0d1aeb82c10706a4d57c580561f483e1979908b22890b32fc087e419470c368069e00b2e938594f8f598db49973083
AsTbTaIum2BQ7rWT,1742189723153,1,1742189723153@PWAAsTbTaIum2BQ7rWT,df90599f64ad3d326775940a93b6122acb2df36fba934630a19db7337dcee367153bbdbe882333e0796843c443fdadac
AsTbTaIum2BQ7rWT,1742209866153,7,1742209866153@PWAAsTbTaIum2BQ7rWT,98531a6fc91bf4ef8563ab0cbbd98650c44ec1e64d18439ade4631cf84153895431fe9daa79247fead928cd12eb66f00
AsTbTaIum2BQ7rWT,1742159199153,17,1742159199153@PWAAsTbTaIum2BQ7rWT,5ba165f5a1983e477bc5e375f86fff19f5b55b37f3b7801f76e12db6afd89c73db47e8ce6037cda512d65afda2bdaaaa
AsTbTaIum2BQ7rWT,1742211547153,7,1742211547153@PWAAsTbTaIum2BQ7rWT,8e9cb4a91949eeabab355ad01168f5727ada2011710dda5d1b1e19288ae6281d431c02d5fb11a31053c8563b5a713956
AsTbTaIum2BQ7rWT,1742150956153,14,1742150956153@PWAAsTbTaIum2BQ7rWT,d3613c9a3a93ab86938acb519533aeef1006636df62bd208f80930df7b7048cf42c000429dec008a469591dcbcef8937
AsTbTaIum2BQ7rWT,1742151028153,14,1742151028153@PWAAsTbTaIum2BQ7rWT,57f8b069c82a93dfb4bdbc3436610c9b0cceb4c027e94fb7f30f156224bf53ead897d73f7b700952d93924918ec642b9
AsTbTaIum2BQ7rWT,1742176924153,22,1742176924153@PWAAsTbTaIum2BQ7rWT,0d42443081af6d706699ce2da9e758d3be31ba25a6e8f6968c275879016e5e5a8f22c9579cc677882ff58f304c71aecb
AsTbTaIum2BQ7rWT,1742209741153,7,1742209741153@PWAAsTbTaIum2BQ7rWT,368f8edf2ff845bd876df0694077adb5b751062cab2249a84c4d1358f06e63c34bd3b9ac20a7f715cfafa23f738ce76b
AsTbTaIum2BQ7rWT,1742187991153,1,1742187991153@PWAAsTbTaIum2BQ7rWT,1691ca66dd211be17680077ba4f736b2647e4b0ccab015249ebad51b3f17f4c5eef36f3b874a4956fb77c5ef950da2d3
AsTbTaIum2BQ7rWT,1742179300153,22,1742179300153@PWAAsTbTaIum2BQ7rWT,7086af7f1e9fe20b2cb249cbdf337ead5153fcacdbb59aec96fae14ad312f6c87674491c56d9f4284b40c9aa4590d726
AsTbTaIum2BQ7rWT,1742194262153,2,1742194262153@PWAAsTbTaIum2BQ7rWT,57a3c0cf61180433d8ac0ac7b5ac8d932181a5da5c677b5e08403bd2399259dfc44e9dedcdf4afc97816a478e6d14309
AsTbTaIum2BQ7rWT,1742187786153,1,1742187786153@PWAAsTbTaIum2BQ7rWT,0e3252d6a53130c15fae6422ba7901fcd16352a666042725f0e68655a4c591d823d712c170481f238dd67dc72961993a
AsTbTaIum2BQ7rWT,1742209971153,7,1742209971153@PWAAsTbTaIum2BQ7rWT,d3717d74bd823a6387d625cd57335e7c6dac548483ff7e5f3ea4f2ece3defa1ac4800145234e7d6976ef81217a5db932
AsTbTaIum2BQ7rWT,1742171848153,20,1742171848153@PWAAsTbTaIum2BQ7rWT,2852f4f5881f3ab65a61c385d9e8944d25a22f169363439600c86c070c881905832c700f56692460de3af2ca6f5b36f3
AsTbTaIum2BQ7rWT,1742211174153,7,1742211174153@PWAAsTbTaIum2BQ7rWT,49d04692b07793b8de674b07aaf23736826b589aa81493ae49542cf05bd61b52dab716fddb596a25bade56941a7cd692
AsTbTaIum2BQ7rWT,1742178389153,22,1742178389153@PWAAsTbTaIum2BQ7rWT,732d2d8480391983b285d3be8a992080b1b38a90f91b9e36bdbf4ed9da52266559002c2e3adf83579950a85a38a3155a
AsTbTaIum2BQ7rWT,1742200299153,4,1742200299153@PWAAsTbTaIum2BQ7rWT,16903cce8070e8d2538b7d9596d74d311fad9c5fe8b86928d8249fe4d3375e14565257dadfbb4dffbc5e4bd9ee48d579
AsTbTaIum2BQ7rWT,1742194720153,2,1742194720153@PWAAsTbTaIum2BQ7rWT,de4e626e01f2a19a5a827138f3986365d05655e166a6299a5d86aa0f8307e9349e30fb5cc148dff88280b9e13f8001ce
AsTbTaIum2BQ7rWT,1742187790153,1,1742187790153@PWAAsTbTaIum2BQ7rWT,828b04a4c70116de9ec675385ace93cafe6168fdeda84e6637e27ccc393e84efdf5a32e8f9d9feb8af85fe69de95ccac
AsTbTaIum2BQ7rWT,1742190222153,1,1742190222153@PWAAsTbTaIum2BQ7rWT,59211088d0cd9772c0b40b8eefdad1faf7f8f7d67018e89f39a82f6db971a3eb16ee98e8e6603d514c8aa9647807d379
AsTbTaIum2BQ7rWT,1742203760153,5,1742203760153@PWAAsTbTaIum2BQ7rWT,fc4de60b7a0aebb184a81cdad766ab907169254f1314fe7fd18ebafa297ec749378ab7834b9b9817b6a88c1fbf6fe532
AsTbTaIum2BQ7rWT,1742182051153,23,1742182051153@PWAAsTbTaIum2BQ7rWT,9016073ea720f2b10e6456058dab1f728e8ba2ebf488810db1aad1250a261e6a7f084580ae23e48f5a2f20e52e93827e
AsTbTaIum2BQ7rWT,1742203919153,5,1742203919153@PWAAsTbTaIum2BQ7rWT,fe0410da681a1c2ba63907b36f735e533241e4cb4abd0ef15fa81244170e78975b97b85b96d11115379c1c6638e9fe13
AsTbTaIum2BQ7rWT,1742183851153,23,1742183851153@PWAAsTbTaIum2BQ7rWT,efd073cfe34eb367e59ef184408232f2e0fd0cad4d8a1fdea8840b4e3b586a4a7d1397aaaea70aa83604f0b11cea430c
AsTbTaIum2BQ7rWT,1742180582153,23,1742180582153@PWAAsTbTaIum2BQ7rWT,275a6dea541515b7ac5d3fb7cad3a6593154e097fb18bf6837013039f870a18a426a71dc03dde60c148b4f67fe96e05e
AsTbTaIum2BQ7rWT,1742171753153,20,1742171753153@PWAAsTbTaIum2BQ7rWT,3554be0cd90133ff39133cc83b63adbc1a9bddc400a42e5c7425bfc6849133fdfa916bf43f56a4a6f646134d804b38d9
AsTbTaIum2BQ7rWT,1742153834153,15,1742153834153@PWAAsTbTaIum2BQ7rWT,699837caba9c540952943f4a0941c56650438aa7f84696357cf836383e1f894572d560155726a9a186e8aaf943255761
Bdv2FYTcjwkKTZY3,1742215472153,8,1742215472153@PWABdv2FYTcjwkKTZY3,a712922fb28fd429bc2f3d99c408249e30812788d563fd3ca7cb1b75ee364b9ad9b57dc4cf0059f6eb82b18add62d20f
Bdv2FYTcjwkKTZY3,1742170929153,20,1742170929153@PWABdv2FYTcjwkKTZY3,ef7ec53cca5377117de364411eb69dce15b40f6207be051fdafc543e36b3c5b97e27f45b478e4d4743e92289cbd1e2af
Bdv2FYTcjwkKTZY3,1742214156153,8,1742214156153@PWABdv2FYTcjwkKTZY3,d713c1867b79044fb4bbb7b3cb9c85c1b669879030f9d22b1eed03407b8e7da4618dadbc450916ebe8d1a90a396a5539
Bdv2FYTcjwkKTZY3,1742208955153,6,1742208955153@PWABdv2FYTcjwkKTZY3,ee5ff02618dc4ee919f8c65101ee51b9e8bf27046259efa5cbab69ceba9e843d52c40480c3048ea6301a8b7d41011931
Bdv2FYTcjwkKTZY3,1742171501153,20,1742171501153@PWABdv2FYTcjwkKTZY3,bfca2a8da98e1dac861308e279b1b2956cc12b1e326c08117f66ba86ce80119bfbe9ee070ab0a8fff80124defe80cdc1
Bdv2FYTcjwkKTZY3,1742205619153,6,1742205619153@PWABdv2FYTcjwkKTZY3,1c6d1e4c5bdcb7b31443216f9e4760183bf0e373a335723cb414d5d2c76b2e44fb1af7043a6074e534c2d469119dc28c
Bdv2FYTcjwkKTZY3,1742215519153,8,1742215519153@PWABdv2FYTcjwkKTZY3,5d91e0726f914b1588536ed52699dea978668fa1c6de7915e20c3b331d534404fb9646d7e40b6ec3dd7cec9cfb2794e2
Bdv2FYTcjwkKTZY3,1742174032153,21,1742174032153@PWABdv2FYTcjwkKTZY3,9077483e074711ff68329087674fe14d7ad61e8e2870a9e719a0a4c13b12555da2a0b5ae6a1afe1984ef91b2e156a230
Bdv2FYTcjwkKTZY3,1742219839153,9,1742219839153@PWABdv2FYTcjwkKTZY3,760bdfddb396ec4a9ea65bf987264a391ab7d97b0bda539b286212c6f89a683b2d11a86850b9aa061bff1882fc7a20ea
Bdv2FYTcjwkKTZY3,1742181127153,23,1742181127153@PWABdv2FYTcjwkKTZY3,ac94df59be2accaa188145aa133393da736583cf5440a7b5142736ecbed84e9560896a764e484ff6932aeb05256a4d85
Bdv2FYTcjwkKTZY3,1742155764153,16,1742155764153@PWABdv2FYTcjwkKTZY3,c1872639d307606a88c67074c63ed07f0bf1ed7cbf5b4b21aef5993e51aa45fc4f73633020e87c5cdcf9970754ea2565
Bdv2FYTcjwkKTZY3,1742208489153,6,1742208489153@PWABdv2FYTcjwkKTZY3,2dbda1840faafcb5f02ecccaa324559fa9618a3d1d909f3e5d18d6dbfb9b104f79097b9d6e5671a044037f4bd3333fcb
Bdv2FYTcjwkKTZY3,1742214342153,8,1742214342153@PWABdv2FYTcjwkKTZY3,0da19eb6095f8ef6ffc9a818471a53c9e0258a08b3e83e47b090d4e1ef6b45120ce99885a94ce9757d99e998d1ee01ff
Bdv2FYTcjwkKTZY3,1742189811153,1,1742189811153@PWABdv2FYTcjwkKTZY3,3c97643198c07af3bc1e8b2f199532e3bfecc2d99fb1f7d21ce43b028449d025089305044c56d33e64af0e3ce8a3ac9a
Bdv2FYTcjwkKTZY3,1742173606153,21,1742173606153@PWABdv2FYTcjwkKTZY3,38d3522a09972446b50d4fa542902caeabf769f3e85644b89e89c7d273f5cc470bab9eb67a9f29afb8384a6f745d8a92
Bdv2FYTcjwkKTZY3,1742191991153,2,1742191991153@PWABdv2FYTcjwkKTZY3,4282f7c34c6d23f9bf8085b137494e6426e88bdef5f2aaedc7ed4973dfcabb6f76ee01e9d56069b02f94fe0b5f7bbfbf
Bdv2FYTcjwkKTZY3,1742174116153,21,1742174116153@PWABdv2FYTcjwkKTZY3,06c66b1283073c71ea27ca331e253eacfe8e6c5ed1a13a81b4022c696f61f9e0cc1d2ee4ac872280e19403515f9dca58
Bdv2FYTcjwkKTZY3,1742163363153,18,1742163363153@PWABdv2FYTcjwkKTZY3,dc6d767fc1fd0dac751fc3c8f56a6fc2ba9aa949a1c33af5d78c947b1529993372daf36765131ee343a918cfb6ef8d46
Bdv2FYTcjwkKTZY3,1742159377153,17,1742159377153@PWABdv2FYTcjwkKTZY3,0138b73b816122f657b5a485f3f6f30ff45197ea8641b097fa1f3e239e8fc3d1b0fd056f0000e73aaa25f12d7d03600b
Bdv2FYTcjwkKTZY3,1742158750153,16,1742158750153@PWABdv2FYTcjwkKTZY3,ac3590900d5d015b4586fc7e101d29af4f18208ee22358aa9c1355f0bf2e765aa4539ccad89c44d3d3aead2dea0fdca8
Bdv2FYTcjwkKTZY3,1742149296153,14,1742149296153@PWABdv2FYTcjwkKTZY3,b43eac94469fb0d6985463896be77487c7416a1d69e0fa18e08ea58f5e79dbb7233d07cdefb48eae11ff9d4f6c0d6b8a
Bdv2FYTcjwkKTZY3,1742151742153,15,1742151742153@PWABdv2FYTcjwkKTZY3,3c6dc231bb84bd7f628cdd1e867b4d317a8c7d63a955805abf3edbb286a70633494ff2467717780634eba80998b94c84
Bdv2FYTcjwkKTZY3,1742166341153,19,1742166341153@PWABdv2FYTcjwkKTZY3,122b301464706aa499005329034c22e4a312e2a84b3bb7f9091f00a53b4618f5586c7637bc014ad9c1ffa191891bf223
Bdv2FYTcjwkKTZY3,1742159312153,17,1742159312153@PWABdv2FYTcjwkKTZY3,0cb7565aa28f014b1ea2b492643baf953db72fd87d4b1b875aac3411dd9c756f23df5e5bfdcd0820c884351b059ff49b
Bdv2FYTcjwkKTZY3,1742154581153,15,1742154581153@PWABdv2FYTcjwkKTZY3,aa1b0aded69c6f96156c9690665e81399925a7fad57534277d2e2c32ca74e73beff2b993934a956008e171c96ef3a7fa
Bdv2FYTcjwkKTZY3,1742170891153,20,1742170891153@PWABdv2FYTcjwkKTZY3,1c57de95920b27c19563fb3a2b260f8b80fa021d811143759b3025e18371e182f52b31f15ab7f04dfd35398c62f1d896
Bdv2FYTcjwkKTZY3,1742218168153,9,1742218168153@PWABdv2FYTcjwkKTZY3,79ce4e4241fdb14741bf6292f0f206b84ca45ff506696fd64ebadef4c572b4da2e88a70cc9b5f1e3900dc64e1bd96765
KZMexmr6w01VIPvT,1742193387153,2,1742193387153@PWAKZMexmr6w01VIPvT,a753326b669a34a6e208069a58825d9204a41c8b9fc9cdc9da2a0857aa8844256d5803bf6df0b81cfd45230efc981109
KZMexmr6w01VIPvT,1742161510153,17,1742161510153@PWAKZMexmr6w01VIPvT,403b284fa81824f2e8baed168efeeb12ec74eec68ebb663168638ff20a793e86a2e87f596fa79c276f490e0e71e923f8
KZMexmr6w01VIPvT,1742202450153,5,1742202450153@PWAKZMexmr6w01VIPvT,b796ceefcf8f07aacfbb137670dc0a766fcffbb712378ab2ae6f2a74ea670138abfecdf5e61032368f64e4af3a1d4fe4
KZMexmr6w01VIPvT,1742183454153,23,1742183454153@PWAKZMexmr6w01VIPvT,1b8ab3de1ef3080984d6443cef05d9328d5e18a709ef421ca04f464acfd38ba1990ca828cd3894bfbc36ece3e6244f8c
KZMexmr6w01VIPvT,1742175112153,21,1742175112153@PWAKZMexmr6w01VIPvT,0aa2acfc5eb38c916a5cc150c56b96c965ea48dd4039d2494dfb2162232bffa1db87ad30a06f599f17832bef24038005
KZMexmr6w01VIPvT,1742200044153,4,1742200044153@PWAKZMexmr6w01VIPvT,345a3c39484003b2b05824e90b47078e3408d5d257d143ede67294a1fc34e9a9dcf11ccec9529525c789d4ea920a3030
KZMexmr6w01VIPvT,1742151864153,15,1742151864153@PWAKZMexmr6w01VIPvT,b33bcc991674c24b303095c78b9fe64b9a6d49ed6eedc0d4497e2f6f94ee0426917de7d765591c4a174dbb9da75128c7
KZMexmr6w01VIPvT,1742159739153,17,1742159739153@PWAKZMexmr6w01VIPvT,71caf83b74b8412d7b8b64003d6412cc7b6703f0fcf802c183856acb9f728706815bdd8dd189a9f76e42f2a60bd2a7b4
KZMexmr6w01VIPvT,1742182589153,23,1742182589153@PWAKZMexmr6w01VIPvT,0fec4775c7dd89a9856ba929f162a04e73ecc6d18f028e46e3dd8f7fb30df6617567c3595359f9c157fae8c8ab611608
KZMexmr6w01VIPvT,1742219817153,9,1742219817153@PWAKZMexmr6w01VIPvT,318f093a9cdaacc66c1f866a9ddd4b8a2c9e64477d450618ed334deaccd4fd87850e70ef9140fd7edca3a34109aaa046
KZMexmr6w01VIPvT,1742180604153,23,1742180604153@PWAKZMexmr6w01VIPvT,11e2ed5e9ad53711c2b44d3226a3837acae3dd63006a695cde6129d6123197c708327221667a8024983ad22eeb73d7ea
KZMexmr6w01VIPvT,1742211384153,7,1742211384153@PWAKZMexmr6w01VIPvT,c323ab86d30ebf862801120a543f15d4f23a3aaa192d53440b7f0ae60470d4fdf31a866fa610eb3ea78684fd8f4a0d8c
KZMexmr6w01VIPvT,1742173023153,20,1742173023153@PWAKZMexmr6w01VIPvT,7ffc463a45c8048e6cf8917ec1a9c1af56c1c02e10098224a1c044e5f084c50194ac7edf31bd5c2af2bf018a766a2eed
KZMexmr6w01VIPvT,1742216112153,8,1742216112153@PWAKZMexmr6w01VIPvT,6288c9c506afebcce4737fe8e5f34f0606b17fb1f3feea8f7c027306043b640a82ce7dcf5a5ee143c7ee031bcb59edae
KZMexmr6w01VIPvT,1742210876153,7,1742210876153@PWAKZMexmr6w01VIPvT,21f4c8fa44371ba9945377b650ae29f460baca2b1298490311d1bc0a254f0fc136e4f1c8889920ab61ab328ad99e15a3
KZMexmr6w01VIPvT,1742214392153,8,1742214392153@PWAKZMexmr6w01VIPvT,1dcb6a6edfb46c4ca4814578fb51c80ccaaf5cb09d8a1b2190df58c5e7b0559058c7ab8bba005405a066c62a74d1a9dd
KZMexmr6w01VIPvT,1742162280153,17,1742162280153@PWAKZMexmr6w01VIPvT,9cbc97bd389c41934cf35d836aad41473f0be54bd31162fd98da7876a8fe9b20b071199bae92ecf8ab87a9e44bcda0bc
KZMexmr6w01VIPvT,1742203514153,5,1742203514153@PWAKZMexmr6w01VIPvT,dcb9d1c3923c8a45fe8481f7980dd6bc89b6dc9d99da76860b0314bf58ec7fcf132fce9e953160688b242f0c2ed01976
KZMexmr6w01VIPvT,1742164029153,18,1742164029153@PWAKZMexmr6w01VIPvT,55570228bfabefc754498f0a30afec35bb3ff100d5ff88f33ff78c59e95f9a8ac863562e3384e68665862c478fc9dadc
KZMexmr6w01VIPvT,1742170831153,20,1742170831153@PWAKZMexmr6w01VIPvT,c4ce57ef573e53a8b8b06431df3ed64611f3f1bcdf293566e6394c39472746f1bc2eccc3d560c653f73b2aa5241deda4
KZMexmr6w01VIPvT,1742195182153,3,1742195182153@PWAKZMexmr6w01VIPvT,0cce28e27bdd166a20366349c60f9d0d718566285efce3c60806a04d183616ba8bcd119ec80627fda59c3053609fd2bc
KZMexmr6w01VIPvT,1742159099153,17,1742159099153@PWAKZMexmr6w01VIPvT,34656dc12d93bc5b4e87900742a42c712395f33f025f7bca883fe8d8e73543c7e4b8c306340ec42070f072436c26ed4f
KZMexmr6w01VIPvT,1742217780153,9,1742217780153@PWAKZMexmr6w01VIPvT,6770e827e9132e604267eec6f7ff6d3f69556db9032488ee3a81b356a87c1eca82c1401d600a4612fd4230e5c0889242
KZMexmr6w01VIPvT,1742151461153,14,1742151461153@PWAKZMexmr6w01VIPvT,63b3ec95bcf90fe2cc6365299a42e3c3d1a726efdae263413f2f299c7738b6d2ada5190012340864357c3a815993d54c
KZMexmr6w01VIPvT,1742202917153,5,1742202917153@PWAKZMexmr6w01VIPvT,ab449f1c1c3153cd93f23c7e28b361eaf956202d4cb62c40526e7ca1c0aa1ed4765fef3a641717120ae917a70d3f0ab5
KZMexmr6w01VIPvT,1742173256153,21,1742173256153@PWAKZMexmr6w01VIPvT,2406d4dcc3f4853951a3c97f69a4d851668b15e5a72003ef40f09bf05fbe11f98f246e15d1d5ec574254ee5fbc505fd3
KZMexmr6w01VIPvT,1742179853153,22,1742179853153@PWAKZMexmr6w01VIPvT,0ea477d78852a1ff3808990ea9acf610b13bf2c833d527c692bd7dd6e161907f739b924fb5b0c88d8111b99a0c890da4
KZMexmr6w01VIPvT,1742184108153,0,1742184108153@PWAKZMexmr6w01VIPvT,63e2fe3da520beba35cbb8a8f015c6eed818ec438addc4aadfb16e600c08fcaaa69232f96b54bcf5e80ffb3b01d69205
KZMexmr6w01VIPvT,1742168316153,19,1742168316153@PWAKZMexmr6w01VIPvT,727a7c1998f0056fafd992b243c7224467e9851199232296817a25ed0b0cb3ff3286277682baad021f80a2be503ccf26
KZMexmr6w01VIPvT,1742185528153,0,1742185528153@PWAKZMexmr6w01VIPvT,cd01ad8513d9e0906ef3ec36ad091ae3eeea42439beb0633abf2f2bc4f47220cfd52f4e679cb3e632ac3b3a9fe66b443
Mx402Vocif1P5A27,1742219696153,9,1742219696153@PWAMx402Vocif1P5A27,feeef2e066e6839ab6d7cf009eb1aa7db19f4bd09a4a67ae0e9da1bc64f5758acd6c5526ee9a38a55cc0561f054c3250
Mx402Vocif1P5A27,1742209997153,7,1742209997153@PWAMx402Vocif1P5A27,030bfab27417b3476c49d1bb138b4d6e8480c240f298eba22de5806fbb8fe870db3e31cd2a94987b2b3c3f16a17bd860
Mx402Vocif1P5A27,1742152738153,15,1742152738153@PWAMx402Vocif1P5A27,fc9c82a662239f1e451f18a497af755a06ff126ecebbe37d5a816108f52764a0bb354c8898ac90d51a0e763612130ce7
Mx402Vocif1P5A27,1742186762153,0,1742186762153@PWAMx402Vocif1P5A27,3dec65662c788e6ad37eb3064842c7926b1384b2d00700ea8bf563844cf67044c833d42151f484783eb73866db33d154
Mx402Vocif1P5A27,1742180027153,22,1742180027153@PWAMx402Vocif1P5A27,5431b080505751ffb6f36eb70b7815e68df13c2f43dc30b9845e4e8678bc3ce8b3392079cb4ada4f27a34a6934a0d9e3
Mx402Vocif1P5A27,1742205169153,5,1742205169153@PWAMx402Vocif1P5A27,818e507a9fcedeb0f066b100f17143a7d29849062f1f7b07cb42665adf9cb1a64a08966c6514e6eb5f58385cad7d3484
Mx402Vocif1P5A27,1742206400153,6,1742206400153@PWAMx402Vocif1P5A27,0cb74c2a87c32b4f7bd441306c3fd550bec503d17df565851da2a457ef5dbc923478dd265e42dbf6021583abb618d23a
Mx402Vocif1P5A27,1742192958153,2,1742192958153@PWAMx402Vocif1P5A27,1c7af54b3d50a1687d3e1846fbf24a70f0bb28f3cc001edced909cbc9b247baa90999561c683beb6dfec5c772f14a652
Mx402Vocif1P5A27,1742193552153,2,1742193552153@PWAMx402Vocif1P5A27,1c0c135cef54d86d432f7aa8a3ab31f47333b8b9d24e5c006b2a1f5aab60c7e859f6f14c0f98f6f71002b428e36d39fb
Mx402Vocif1P5A27,1742202142153,5,1742202142153@PWAMx402Vocif1P5A27,12ac0853f6de3f5c5eb66044b6d34fe0b84cb75678f4af67244c2d22c02ab8e3cfb4fd9717d01db293b189bb516d7061
Mx402Vocif1P5A27,1742155726153,16,1742155726153@PWAMx402Vocif1P5A27,d27af4d7d889bb9bc5efbf6b1180e07232a3dbafea2139fa1e68084ef2e250a07fb0ee9637734d8ce46a646903b89df1
Mx402Vocif1P5A27,1742199173153,4,1742199173153@PWAMx402Vocif1P5A27,bc59ee2421eb228b2e36b4e73394f2fdf0ecc87039976da0df5da3ab5eb9b976ec0778d9629ece5f28edbbfd1b41856c
Mx402Vocif1P5A27,1742210421153,7,1742210421153@PWAMx402Vocif1P5A27,330fddb4f3e38e0414574e8a41977f12a6777afd1f35c7ba4d62675287f2229bc6d5bff91cd51bdbbd0b4fb134969f94
Mx402Vocif1P5A27,1742181099153,23,1742181099153@PWAMx402Vocif1P5A27,5891e0e7adc49295ae453ef287d77410590ace1874d6e3776895195553441e27d878488532acb92dabf32b4568560f36
Mx402Vocif1P5A27,1742184991153,0,1742184991153@PWAMx402Vocif1P5A27,d07a38f68ff1643c7e98f19a4178cc2b0ed81c41dfd3888c1861ee86ede7a8f9d951c6e0ec26408cfd3353fe73a161da
Mx402Vocif1P5A27,1742196989153,3,1742196989153@PWAMx402Vocif1P5A27,b07b249c2301574a674c7051799a68079123bcc5e03421ab42dcb211bc2beb79317f43413a320b05377fb81c9739ea10
Mx402Vocif1P5A27,1742209092153,6,1742209092153@PWAMx402Vocif1P5A27,340de4f56743df2f390ce5f05b8f0712823a26cf8eb88e0358b3a9842c3cedbc7e43f37f20b2ea8112ca943a8c4c1527
Mx402Vocif1P5A27,1742195679153,3,1742195679153@PWAMx402Vocif1P5A27,e39389159c5bc42e0211ed5649291438db30659e1612a49b2dbad686bb7b9b527bf8a3e3c1f9655889e09affa94ea5d3
Mx402Vocif1P5A27,1742192629153,2,1742192629153@PWAMx402Vocif1P5A27,8c8461ed3c430d3c07d1f1ba48df94d5c72fab9c343efd448a09e2f20d328f3187047df9ccd0169eebd341c58afe35a8
Mx402Vocif1P5A27,1742182521153,23,1742182521153@PWAMx402Vocif1P5A27,1bb8103723f6120bb42cfaa408c4195d8ae8d5c005b7a7f87df67706fb8648f09cb0218c2345a1220d327a2867cab473
Mx402Vocif1P5A27,1742202360153,5,1742202360153@PWAMx402Vocif1P5A27,913de3663615f076043f705a69e8461e0eefb81e03f61c882bb8072a42158dca6d7c270dd0e810fc32812de7042bae1d
Mx402Vocif1P5A27,1742179751153,22,1742179751153@PWAMx402Vocif1P5A27,52c93daab2dd9f07723a1676071d56e65eb020f48c3b35a696609ba328fca7b3929ed4fd99a96e09be03f3bac0b5b448
Mx402Vocif1P5A27,1742173039153,20,1742173039153@PWAMx402Vocif1P5A27,142c171f6179ca097767b2a65e0f1b211b02903bf5910b9656f0740bfbf56171c87858cd3973eeb63ec81b9e8b81f5a5
Mx402Vocif1P5A27,1742165476153,18,1742165476153@PWAMx402Vocif1P5A27,bd91392e5ed9dc84d5394ac55f18a7ba38532d66dce83095bdbbc6f8c4a5327feef298e36fcb7494e673912d8f038c35
Mx402Vocif1P5A27,1742208475153,6,1742208475153@PWAMx402Vocif1P5A27,760d54567fb816e392a07938152bcb60c6b77a79621c3357af2934be42bf11b20c4dab0fcc9f7725e1cb84f9fd0550ee
Mx402Vocif1P5A27,1742158203153,16,1742158203153@PWAMx402Vocif1P5A27,ed5bb4c8b248642a7a602fe1cc07cc27273a55fa04ea158740292c29c17f2a06c5696f47adfc87bd39c00126ddf9ae43
Mx402Vocif1P5A27,1742180273153,22,1742180273153@PWAMx402Vocif1P5A27,11c4071db976274033c2077afb6c15665154d7ee875a4adf256a554b38dfe81e22a87c5c1b8b6ecf1a1a0f50d350b96a
Mx402Vocif1P5A27,1742190376153,1,1742190376153@PWAMx402Vocif1P5A27,c01dee6ba282e77b15e187bab4f6bf17c02a44c231843576c8cd945dd4c48f2e1c69df493884859d4102e8878cbc3650
Mx402Vocif1P5A27,1742204188153,5,1742204188153@PWAMx402Vocif1P5A27,1e55d93ab08d84a8a1505cf002087b1cc93f14874686c69bb7720f94cabf6a3d3dee571ab17a30108da790fe3d323b02
Mx402Vocif1P5A27,1742172770153,20,1742172770153@PWAMx402Vocif1P5A27,c4b2c16d200bf8028668c43c091775808d71041e3518f98862c2c4f37eb79601199fd0179b46bfd61bbbf22a9e6d646b
Mx402Vocif1P5A27,1742157747153,16,1742157747153@PWAMx402Vocif1P5A27,f175667245a66f5e1e329e6c2f56e8a732492998e8afdb7142f613e5ec9816947add4db3554ace4b5977c3381f716827
Mx402Vocif1P5A27,1742184260153,0,1742184260153@PWAMx402Vocif1P5A27,7015bd1263661bb30496bdbead397b170f1d42109afbb6fb9f1d08c1681d575c913c87d395daffb3f1e759878caa96e8
Mx402Vocif1P5A27,1742185254153,0,1742185254153@PWAMx402Vocif1P5A27,76be246aa7f59fb575adb652e2e52dfb0460bdbce7e5c67473cefde6568cff9043345c30d03563616855df0de7874ba0
Mx402Vocif1P5A27,1742153087153,15,1742153087153@PWAMx402Vocif1P5A27,e1edf544d5729f00ab25048316f22d91a1dee657a63ba8fb912a0a798f47033f852df44e14374ab9dedf8f14ed14407e
Mx402Vocif1P5A27,1742187495153,0,1742187495153@PWAMx402Vocif1P5A27,b703abbb00c09332c46f1015c810250f867c5f76e8d8233617cfa6d541368507126364f0e4a444dd703399b0f5bb6f27
Mx402Vocif1P5A27,1742165617153,18,1742165617153@PWAMx402Vocif1P5A27,737b57599c492e336425e94aca05818169b3a3762ab8e56c968e418c0d548110a0988a114b9df829649b1053affb51f6
Mx402Vocif1P5A27,1742204860153,5,1742204860153@PWAMx402Vocif1P5A27,5801c2509a6b5e5d85419fb16debf465a8d5f1437caa3a58701997c4396651314d3c54ef8a45e20882dfa14e08dff5f2
Mx402Vocif1P5A27,1742153056153,15,1742153056153@PWAMx402Vocif1P5A27,c8f5e443a18d64f86d09c9449f646aab9a0348881d6418875df743b599b1035d4a7970634d9427a8197d5fa3ccad9824
Mx402Vocif1P5A27,1742202228153,5,1742202228153@PWAMx402Vocif1P5A27,c2e87540678d240689c3835b0076368617bc2293f7d9ddfef849dad1303d3f56daaa09847311f314bd9fffc5f147813f
Mx402Vocif1P5A27,1742216853153,9,1742216853153@PWAMx402Vocif1P5A27,f5dfc005797eeda34ddd8da2cb83ca5fec1d816e42f9246b49c571ae341773788b6a96e96b9060b4957a894fd2e74a71
Mx402Vocif1P5A27,1742203290153,5,1742203290153@PWAMx402Vocif1P5A27,5d27044b74411133466a81f5ca33bb888625936dc39e4031a3dfd604f2ed729b15c8583ffac40559615936ef31ad137f
Mx402Vocif1P5A27,1742201346153,4,1742201346153@PWAMx402Vocif1P5A27,889b10d0f4a58bc83c2076f7f35fcab75bdbb968a27186ef4e670e78f6e28c2624cacd8184f7f7d4e2b871b782076beb
Mx402Vocif1P5A27,1742175874153,21,1742175874153@PWAMx402Vocif1P5A27,fa98a483a0a524fbf443f003db6beeca1ed8acad8c6f78ea2d3a4e0f6894365a98252b1344c81286c2150996fe6d253a
Mx402Vocif1P5A27,1742189502153,1,1742189502153@PWAMx402Vocif1P5A27,7ef32a2ff375c6a94f4a08c09c3dfa86dfe6302fc59b5c0dc3011d3a0d7f4fc25980b08192f31be0346f39a938313344
Mx402Vocif1P5A27,1742167585153,19,1742167585153@PWAMx402Vocif1P5A27,2d0215ce369f16051863eab89de168a05fcc528b2689d841a239867c6c5d43e0190396b98efc27497e0ab20dc9885c48
wC0oAvc1dDGJRjjx,1742159687153,17,1742159687153@PWAwC0oAvc1dDGJRjjx,b664ec587a425648097710e070b9865b26ad50c33fc22c0c0321f72dddb925d283cc28847de62b5b3b031b0d23d89e81
wC0oAvc1dDGJRjjx,1742170789153,20,1742170789153@PWAwC0oAvc1dDGJRjjx,13718f2b368a1894fce0da4997d4cfa8fbb1b0879d0b6a3870a71d2facefadd85481d252206df91a6b290ca99ecf4326
wC0oAvc1dDGJRjjx,1742156669153,16,1742156669153@PWAwC0oAvc1dDGJRjjx,248e88e58da74f67c7eaa9d27517dbcbfb17aabf87788feb04bae5632fede718c8367321752b53bb389d10ca41c2f1b4
wC0oAvc1dDGJRjjx,1742213246153,8,1742213246153@PWAwC0oAvc1dDGJRjjx,c1106fc9e3d86f0858371d99f2b42451d1e3903c80105e84ee235950be9e511bb22c079561ff8a9068615d27684f8b3a
wC0oAvc1dDGJRjjx,1742175891153,21,1742175891153@PWAwC0oAvc1dDGJRjjx,ef2f7036daea9fea23775719d9dfa919badcb472708814e812ae95596ebe01e5b3573f11d451a04b0f505fc8dfdb5dd9
wC0oAvc1dDGJRjjx,1742169512153,19,1742169512153@PWAwC0oAvc1dDGJRjjx,11253d4d8bbb9960e505910741472dff5b4aeb58992964b8577a9aa48965060bbc5a8b024ee58b0d69dc452fcae321ad
wC0oAvc1dDGJRjjx,1742181426153,23,1742181426153@PWAwC0oAvc1dDGJRjjx,7cd489da8641bbf42aa991589e54b909262cc3ebf2413bc3f3cbc4d497757655ce4c023f9e7e10d9f4e1cadbf64eec12
wC0oAvc1dDGJRjjx,1742183889153,23,1742183889153@PWAwC0oAvc1dDGJRjjx,3572f35d3553eaf9de8ac2a7474a1c111c4d9e3d41507fd37101ef030e851a69c157b19c8a2906f9415e83aefbf0a3ba
wC0oAvc1dDGJRjjx,1742174889153,21,1742174889153@PWAwC0oAvc1dDGJRjjx,7122936ed13221bf46af5dc3ba74c14fe4e23362ecbd895065aa3e15995288debb0fd1ea4003312bd5c0408c2f6e7d43
wC0oAvc1dDGJRjjx,1742196761153,3,1742196761153@PWAwC0oAvc1dDGJRjjx,c91a69c0796404c8de0d24889345934be0241ce3096107ff25ef8d5a3163fc3e866228013b33351090e4ecb9e55d1104
wC0oAvc1dDGJRjjx,1742206945153,6,1742206945153@PWAwC0oAvc1dDGJRjjx,1def1ec043e06d7a3967f602f01d38a78b703fe0dec7e3d7a700d47f6e38d87410c4d02f4f6e9b0544a71f22df701a56
wC0oAvc1dDGJRjjx,1742212206153,7,1742212206153@PWAwC0oAvc1dDGJRjjx,f97336066a202bcaba0e4e57201fc04003e3c19eb08b17d45603b18bdf6d47dcc331cd18f6b12ba0b2b62fa805094cdf
wC0oAvc1dDGJRjjx,1742183494153,23,1742183494153@PWAwC0oAvc1dDGJRjjx,cd65d28b0d2ce1a848898f3c868b88ac8247cc523063b20394fdd68385ad83bba3ff28024b8f806944fe73559375b35f
wC0oAvc1dDGJRjjx,1742220725153,10,1742220725153@PWAwC0oAvc1dDGJRjjx,92cbf149a2909fdbef7be05a2e22099825d7dfafa4e5959867bff886dca3bc1d440faf9a9764b435669ee0b6d6662711
wC0oAvc1dDGJRjjx,1742182770153,23,1742182770153@PWAwC0oAvc1dDGJRjjx,ccc623e8768a05c57d24cce01dbde7d06e92b44aa8b9ac7d97651d7f511be8e6cbc524cac3f53f67bbe80ddfb2363508
wC0oAvc1dDGJRjjx,1742164302153,18,1742164302153@PWAwC0oAvc1dDGJRjjx,d2464fd2a0cd26b937f11a18ef226a6e7c131a927bf1e8a4c3982fb92c880010f5f5a2e72dd5ee40bfde56a3b77d960d
wC0oAvc1dDGJRjjx,1742190768153,1,1742190768153@PWAwC0oAvc1dDGJRjjx,225b7b8ffd3cebeae376bd9441884d8d5d3d5f315c817d2889b0a56090fcdd4401fa7e8c48ebbdaabdcb20aedd82519b
wC0oAvc1dDGJRjjx,1742189030153,1,1742189030153@PWAwC0oAvc1dDGJRjjx,6083cfa133cc2b6111c594fa1580042f8b63d3129393d021aa8ab40e74f640ea97b05c337a4f7f5dd989086818779570
wC0oAvc1dDGJRjjx,1742200156153,4,1742200156153@PWAwC0oAvc1dDGJRjjx,da4fcb2d85dca5e08acb0859ac518d87c5f761f27add79bfe53c0d371befc0a38138cc6f2afc8702fcc6e79ae2cc5bb3
wC0oAvc1dDGJRjjx,1742173328153,21,1742173328153@PWAwC0oAvc1dDGJRjjx,04c46874047d82ba182aa02f50d0606ee1226b38ecebf0b808bf2c5e8e549916d3fbbbbe2db9d78e9739bd2314f9e5ae
wC0oAvc1dDGJRjjx,1742210512153,7,1742210512153@PWAwC0oAvc1dDGJRjjx,af0d612967afe0a988c0a2df3ccbe4e274d57620d2938ddd6c5b4b0f6eadd5545eb980c217e4e73c0fd2ff9cb2082b51
wC0oAvc1dDGJRjjx,1742157176153,16,1742157176153@PWAwC0oAvc1dDGJRjjx,6a2d57e888662bd321e8ccefa85c5704932ce8178459b2c3ea278a8b027ed969b4c3dc0958466142740f5b12b5445436
wC0oAvc1dDGJRjjx,1742175755153,21,1742175755153@PWAwC0oAvc1dDGJRjjx,1386da1d9e054684819abc71eaae7d3b48dca1c891d7bb743ee402b74efbfcee27c403dccaf45bcb2945e6a58c9e2484
wC0oAvc1dDGJRjjx,1742177722153,22,1742177722153@PWAwC0oAvc1dDGJRjjx,f42d8a955977393ab417ef5396e39755d8adc49cca9d4e65c1ae07f74f1dadb1773946847f681e03247abf5367e85a19
wC0oAvc1dDGJRjjx,1742192283153,2,1742192283153@PWAwC0oAvc1dDGJRjjx,d4fc84565b691457b67f8a5e79dd5d5ce08817e8102ae127dc008e296a076c06a97bf31b73ea4607506796be3b72e28a
21QIav68ZdAKCig9,1742216205153,8,1742216205153@PWA21QIav68ZdAKCig9,0b0d948dd183c3402db8f869a40febd03b663fa62ea12b133bfa6811baed8b9abb66b366747f4b3c843ef1ce2de452c2
21QIav68ZdAKCig9,1742155116153,15,1742155116153@PWA21QIav68ZdAKCig9,4673f67c4065b8d3a221e00516a826b89f67ef77c3a76c18c98f6772e7177fac7880c7ac0e436c0829ec944e381d476c
21QIav68ZdAKCig9,1742189046153,1,1742189046153@PWA21QIav68ZdAKCig9,f898c83b6f3d07bd494dc9157a467d27039cc2582f0f68a2b54f139a3038d0469d3db34872966db06c2bc7704a329363
21QIav68ZdAKCig9,1742211023153,7,1742211023153@PWA21QIav68ZdAKCig9,5018e7746df0d3aa35eb79f0056119b1bb4ba3f0c52b324d9719c62ef41c56bf0d86193279fe929bf6e036a2f414eaf1
21QIav68ZdAKCig9,1742194727153,2,1742194727153@PWA21QIav68ZdAKCig9,a7e562e4916d98b4ca8471c20c0d4cb65a7ad1db150762d45a221e5169c413ef735d514778a223ca238055c71bfaa9a8
21QIav68ZdAKCig9,1742173242153,21,1742173242153@PWA21QIav68ZdAKCig9,e82c15fa9fdd6a31a35d5677ae0e8e3d1ffdab335373ae14674887f9edb4402753f11ef7d7aac58e8dbc5de224cc0d32
21QIav68ZdAKCig9,1742160115153,17,1742160115153@PWA21QIav68ZdAKCig9,96e811f56a74e0b7fd325b94e7dff68a8d396e74c35c913547ee80b49989a7b1b6e43a19790a107952ee069ad252da82
21QIav68ZdAKCig9,1742166064153,19,1742166064153@PWA21QIav68ZdAKCig9,0ff2aa8c4c6fc3ca4ae25ba3048ad64ae7a0d519aa5db810aeb848783ea17f3bf64ff1dbaf0de1edb92b71b5859ed84a
21QIav68ZdAKCig9,1742186688153,0,1742186688153@PWA21QIav68ZdAKCig9,b375feabbf6d673dc882335ac21a6f2d02f2b35db423244bae1a49003026f2caa87f0e85cf96ad90bfc456f9372353b4
21QIav68ZdAKCig9,1742188410153,1,1742188410153@PWA21QIav68ZdAKCig9,3be7598858c105dbddb8af78f944b05f06d17b2a7ee3dbd70d50d702ffeb6eb1de13721242fb8e41b5d555de2e284e37
21QIav68ZdAKCig9,1742156732153,16,1742156732153@PWA21QIav68ZdAKCig9,d0476f3a761f65a336135f05e38317c7df475efbe71425f31228afbae42a0bb5107287c49ac7ecb6acfeb7d06e4b03d9
21QIav68ZdAKCig9,1742193723153,2,1742193723153@PWA21QIav68ZdAKCig9,56ab78052e04a63a6b53c3f87bc1977c3df1ecce45cffca0c4487b72087db1533e6922cac39f403b83a0ebe565ae0d88
21QIav68ZdAKCig9,1742186082153,0,1742186082153@PWA21QIav68ZdAKCig9,0b2a52276d2c93aa26b9fe395fce9299f3f148ca101d53b46e2e7dbe1e182bdd1cc9fb1df538e2505b8928ad4b2fc9c2
21QIav68ZdAKCig9,1742162476153,18,1742162476153@PWA21QIav68ZdAKCig9,9c93893aa095117011565fe20412f88754512549827a7721c7b0f3c015bc7ce3cc3bb8442c5babe6e83a754c5c24783d
21QIav68ZdAKCig9,1742185964153,0,1742185964153@PWA21QIav68ZdAKCig9,d2c32db23e6515db2c7b29e339c74d10d00b82ed66b01b2818eea980687fa9b2a84a71fa43c6b82a260abeb9de7201aa
21QIav68ZdAKCig9,1742196669153,3,1742196669153@PWA21QIav68ZdAKCig9,9f080ca4837fa13f66dec92fbca260f536f420d3e04b5b35f7a8c25f3d7205eb07342cbbb8eaff3028e418e93de3132d
21QIav68ZdAKCig9,1742210445153,7,1742210445153@PWA21QIav68ZdAKCig9,f1d225ce440ece832db4f9f3a3307db0e5934f25b3a651e3e9eefbdedb011543b6ea3fbbd5d4ed3c3ef3dcebc041f0fa
21QIav68ZdAKCig9,1742152366153,15,1742152366153@PWA21QIav68ZdAKCig9,f4f59502f584eb07d6a21bf9042b4af977d105b6213191857c216ff4580848c3fe90a56d9842c58db034d8f96a51f624
21QIav68ZdAKCig9,1742219933153,9,1742219933153@PWA21QIav68ZdAKCig9,11488600157269427314d6531cc49b3110f75e730760ea785f1a9d3eaec64ac6f81aa8b69fe30376e712da2a9d12924a
21QIav68ZdAKCig9,1742159733153,17,1742159733153@PWA21QIav68ZdAKCig9,f9885abbe946a9a49880ce6918046c2ad9ec558a131cf57e1c65c0c8b74db8681bee6fed5b0deeafdbbfa15f1476f964
21QIav68ZdAKCig9,1742179449153,22,1742179449153@PWA21QIav68ZdAKCig9,6f40f9a0ddd61c1095ab3412cc737ab912d7c4ebe86bac209c067bee2813d5524d64fb985c7af4bbe04680c491d16310
21QIav68ZdAKCig9,1742220792153,10,1742220792153@PWA21QIav68ZdAKCig9,72abe097781344d45ef21e3ea4cabc245a0eb62c344289f163b8ecf16c9fdb1d1f374e970349bbb27c61f1335e1abefb
21QIav68ZdAKCig9,1742215986153,8,1742215986153@PWA21QIav68ZdAKCig9,3f0a5c7b44bcd7c95ad00aafb5a605ddcc787f5a89a05af58c03017377c48d02e63d65d0bc92d11c1fbec1337bc5c903
21QIav68ZdAKCig9,1742209494153,7,1742209494153@PWA21QIav68ZdAKCig9,c767ef69e62f1dd990bdbdd5f66f587f9e83c58d8ba4e575d99e22d68649dc1495e730102b89e63628a6c4f6da54777f
21QIav68ZdAKCig9,1742169284153,19,1742169284153@PWA21QIav68ZdAKCig9,9b8ce15621f39fcacf6fea01b8cb450b2ce86ad4179c2fccef7cdd2c2dd168248d8eeee05582f2528c554742541497d2
dh3kn758ezzoP15F,1742206599153,6,1742206599153@PWAdh3kn758ezzoP15F,95a723baccde2b57b816f62f196e87aff0f28dc0eccf7549b8cd846fd79b85bb1a78770abe12050c5710870af4e3081f
dh3kn758ezzoP15F,1742200036153,4,1742200036153@PWAdh3kn758ezzoP15F,9505a66401a58899dda34e6bd2d03b7164f81391b6e9276292f991a1b20d1db48c6cfb326361fe269345cfcde01bfcff
dh3kn758ezzoP15F,1742149767153,14,1742149767153@PWAdh3kn758ezzoP15F,f340f2fbdce4351ee39a91c547361a9cf050fd3fb3ab322e8a9de506cbb91d85c6b54e2b1752ad3b2ad09afc016d8785
dh3kn758ezzoP15F,1742194285153,2,1742194285153@PWAdh3kn758ezzoP15F,f7cb5d96b93634c40bfc9a56857cea93177c55d478183919f1ad4e767488a70075bcbec714824c3868c087dbfe21eef9
dh3kn758ezzoP15F,1742162333153,17,1742162333153@PWAdh3kn758ezzoP15F,e1a0395a4f07be7169a74fef58cb93a0afe1d9116b074fc3b7e5ae8bb03598be35f22a891fa6565d6e207f7802cb9e33
dh3kn758ezzoP15F,1742159968153,17,1742159968153@PWAdh3kn758ezzoP15F,888e9a45d2fa3eb808f871d5e7017c57006d9e2a9299dd3095592341135f4fdb1008632ae28a9c7d62ae0e718e9fb165
dh3kn758ezzoP15F,1742160258153,17,1742160258153@PWAdh3kn758ezzoP15F,98442f60f393bbc0e63d9a74972be408bb7c660ea535e68c31e65dcd23ab43c4babdb5f0dffb74335ad8ec5275559f6d
dh3kn758ezzoP15F,1742153437153,15,1742153437153@PWAdh3kn758ezzoP15F,34e446c52213850be0a1fbd46a136c21d951eb4f5b54c93b378880fb2a8ff4a165c9dc4d048a8473507cb588d4860e86
dh3kn758ezzoP15F,1742153390153,15,1742153390153@PWAdh3kn758ezzoP15F,4ebfbc4e0c3078ba67f7ef2a1b86e39f9e51a8bb4786991e86c097e7ac2cd53a680918d77493240ef79389373fdc7247
dh3kn758ezzoP15F,1742219094153,9,1742219094153@PWAdh3kn758ezzoP15F,a0b499db3c9d0cf1528182c3558fa894d500677eda8e0221b3051f479cd1ff79ef785c3bf39fa850ec8098201d3aff18
dh3kn758ezzoP15F,1742187582153,0,1742187582153@PWAdh3kn758ezzoP15F,71dc5494bb51c1c7c00421b0d5f9b8382ad77483a38c6e87682633eac20fa02291fc7c84178182d4997a0cf6345e8d1f
dh3kn758ezzoP15F,1742165922153,18,1742165922153@PWAdh3kn758ezzoP15F,8c66971b8596527704122f88aed548b4317f6cd80547cf51aee9853c76dcad3a8b3b145e16bd24ea22626b980774be1b
dh3kn758ezzoP15F,1742202873153,5,1742202873153@PWAdh3kn758ezzoP15F,46277948d46a97f4a07debab84e4f1582d3ae311d2da6a2792cbe1edcb03f208fea6780afedb85b0f8340089d85de839
dh3kn758ezzoP15F,1742202813153,5,1742202813153@PWAdh3kn758ezzoP15F,ae70d70fdbdd5b9545ce82e23c5d712a5bff928f657a61d05dbee8811f3c2566e5b0e9dbe4876d275d6c8db84939393f
dh3kn758ezzoP15F,1742152016153,15,1742152016153@PWAdh3kn758ezzoP15F,471fdf27aee35361099192e2573668a36c6d3d9235eeaf83adb7e50467f02ed934cd6377473840fafae638559195684e
dh3kn758ezzoP15F,1742156241153,16,1742156241153@PWAdh3kn758ezzoP15F,cdfe65fb860d611a3ba89d9714a85331fe0d076de07b042d454acf9fbc3acb52fd371cec8e73a11f20df967bac3ac87c
dh3kn758ezzoP15F,1742212328153,7,1742212328153@PWAdh3kn758ezzoP15F,0ddb4d69d1f5ffcff3a8624bcc5073b5b58d8f5f8c3b6e5431aa5a76e8dd99f1b9fde66054e73499d2fe01cbd2b24304
dh3kn758ezzoP15F,1742164865153,18,1742164865153@PWAdh3kn758ezzoP15F,25bbc35c816091f7c436f55e54f1843b7ae7e19cdb682f8d53d30c5cd5eea22a859ff25108944b939b7460f6de61e118
dh3kn758ezzoP15F,1742162119153,17,1742162119153@PWAdh3kn758ezzoP15F,637c5a155bd0206a7a145a35a1a7aeef7622377f1dec4bb0e2a9f8cafe50bae8eca9a949509a07f4a31e072989c37ae3
dh3kn758ezzoP15F,1742160938153,17,1742160938153@PWAdh3kn758ezzoP15F,0a6e67786551216b6aa1bb65a20f8b7b236d769f03bc5532eb5691cb7c6b5027a920446027aa3652c246a4aba0958e28
dh3kn758ezzoP15F,1742219705153,9,1742219705153@PWAdh3kn758ezzoP15F,8d33651df19aaf3e80a49617f31c8cb9b9e647be737a091a209cdc8329f47a6798adb059d3df61abc329f3f7641edb60
dh3kn758ezzoP15F,1742157418153,16,1742157418153@PWAdh3kn758ezzoP15F,c86945ec56e254fe9bb5b82fe88d52767b0df2cf85899176de5720c716a06e632407aee3f9fb01ad26dcd7ac57ef8858
dh3kn758ezzoP15F,1742178347153,22,1742178347153@PWAdh3kn758ezzoP15F,f1c78d72f8037e4049f153b6c3c044982d4792157ae355feaa2a805cd02afb746a55281250ff21013d2527b1697b86b6
dh3kn758ezzoP15F,1742163360153,18,1742163360153@PWAdh3kn758ezzoP15F,2538ef5c797fefef677f4ccd2b71816e4c619c22831ac4a73b62ba1523b0bd155eca1720b8d3a522d0071c60b28d7534
dh3kn758ezzoP15F,1742158682153,16,1742158682153@PWAdh3kn758ezzoP15F,44c62cfb880005fe84e597336b883b05f4cfc0cf3732ad05c431ecc0bf986c05860a322586a36313299717c191b8c94f
dh3kn758ezzoP15F,1742185190153,0,1742185190153@PWAdh3kn758ezzoP15F,d2b53c285c9cb15336709ac8560b3a990673638b46d9a14c186ccf1adf9cf1586cb3106920c2ae3dd60ddb892f44488d
dh3kn758ezzoP15F,1742192959153,2,1742192959153@PWAdh3kn758ezzoP15F,53b5d935fa040144eaec0156d8e9609180416b562889aa7391031d05343b473823e74cc12d8bf1e79dc82f6555cb2e44
dh3kn758ezzoP15F,1742174321153,21,1742174321153@PWAdh3kn758ezzoP15F,529c8bd3dd5a2fbf8a0735bd3a3fa82a4aae4931f8a5b801b9f2c3c62b8aeef0bc91edbf1b59652cc7e1226cee50b2cc
dh3kn758ezzoP15F,1742170248153,20,1742170248153@PWAdh3kn758ezzoP15F,7f2f302ac0a0fc29d41d083f814735a12249b862e3f9535e9d9cbad0a253ddf15f86cfd7eb36cff80265ab542cb33c17
dh3kn758ezzoP15F,1742208266153,6,1742208266153@PWAdh3kn758ezzoP15F,f92b5e1965e0ea590dbd6cffb45cc79854bdb68fd1ed809650859c83a9dbfd170944744ff9bb826224027eee55dbbf6c
dh3kn758ezzoP15F,1742168222153,19,1742168222153@PWAdh3kn758ezzoP15F,6a9dea1026681383c579deacd2d397b9b630f6f270c0a03f24e2f5652a64eef55dab91192f376357aa7717ebb527ab0e
dh3kn758ezzoP15F,1742151407153,14,1742151407153@PWAdh3kn758ezzoP15F,f1834502f8170fe3bb3c7f4c3867f883a1650e4ff5439866c9092141b5620b58b83762803c55724f9c826ecfaca41ef8
dh3kn758ezzoP15F,1742153289153,15,1742153289153@PWAdh3kn758ezzoP15F,a906a127a4e48f0ab7e61b558c13db89a4fddfb8c8b014e8441f4a08e6f48e446c944a0367a0cacfd24371afb6893629
dh3kn758ezzoP15F,1742160206153,17,1742160206153@PWAdh3kn758ezzoP15F,74b93759bc858ad3c3092db10657fb9ec8cc6a616ec9db6d80a7b215e96a441c50af3b2daed0c8072add74a755efacf9
dh3kn758ezzoP15F,1742150005153,14,1742150005153@PWAdh3kn758ezzoP15F,94b8e81116956a7a8bf8cabac85060462fd573fdfbedaa11b4ecc631e016c6ee0ef4d6d6816966783f7349df0add6af1
dh3kn758ezzoP15F,1742216831153,9,1742216831153@PWAdh3kn758ezzoP15F,bcd5193aab3ac86d7b6a7658cceb92ae52fb000a988fe6d6eab4bf2646397b36d94916e27d11de922ba1de28aa1cd465
dh3kn758ezzoP15F,1742156911153,16,1742156911153@PWAdh3kn758ezzoP15F,dcd64de9947d838dc8f3faacf3f12f547416b6c899579845538b82ae9d3d0b55e6e86907bd9c167d7986b675a048c20a
dh3kn758ezzoP15F,1742205874153,6,1742205874153@PWAdh3kn758ezzoP15F,f208a41db284a5a38d399103b515731580abb215b22a9c2fcfa846948479636cdea61afbb655e1cb2af5998a0e268f26
nOymAF1fMgjD3X14,1742178718153,22,1742178718153@PWAnOymAF1fMgjD3X14,9bf4ee3f8a69232134cb2a9e4bbcfaf6b004077f6d81bb1c720a5ea381f87231e9e25b4de6978fdfe199eb613a994726
nOymAF1fMgjD3X14,1742181926153,23,1742181926153@PWAnOymAF1fMgjD3X14,659ea4dd295f2d722a9945911a45789b829770c09a1821fa58155ccb11ee28912353659248a5f036da23350090390e9a
nOymAF1fMgjD3X14,1742208565153,6,1742208565153@PWAnOymAF1fMgjD3X14,0b4e50de6e7932c5a90d7ee0257bb1a21cd30a209785a6c5104cd776368ab6c51de505916ac888a600fb8c2f0e745332
nOymAF1fMgjD3X14,1742181239153,23,1742181239153@PWAnOymAF1fMgjD3X14,9407085d738fd05843b9ea8bbdd9c63b198074707c76ccea32fd09ed6468a1253e607966a7c1513ab0fd91f5c35184f5
nOymAF1fMgjD3X14,1742176940153,22,1742176940153@PWAnOymAF1fMgjD3X14,872c372a3a3c58bdcc85f547d16f86bee84b4cf6d817b1e57bcb70aa694ea8ff41eb5b21e408fc73386c196aea1998a2
nOymAF1fMgjD3X14,1742150288153,14,1742150288153@PWAnOymAF1fMgjD3X14,4c1dbecf1fd3c017c3ed5528d15335c5d6a7d934068d2e3cd7fa7e89db4768154de519cb020c6f3888a4693178954829
nOymAF1fMgjD3X14,1742204786153,5,1742204786153@PWAnOymAF1fMgjD3X14,47ab782c4702b326932b1e48592c77c9ac88eed9c44960c496d502af572e19786d22e4f3097fb4105f4bc2cbacf3822e
nOymAF1fMgjD3X14,1742160081153,17,1742160081153@PWAnOymAF1fMgjD3X14,845f3397ec39b7dba51cf31a2f165f9317e70815f70958cf3e26a28a66feaac8caaca746e8cacadddde462d333b2a9c1
nOymAF1fMgjD3X14,1742155897153,16,1742155897153@PWAnOymAF1fMgjD3X14,00b01ab2793268847106bbd5c5bb07af5196ebee1960914e5d5abee4a9d5284e8451d9e45b2d0df5436ce35a5d0cd81d
nOymAF1fMgjD3X14,1742157244153,16,1742157244153@PWAnOymAF1fMgjD3X14,d0e887eabcb943c9e9b7a6718b9dbd76fae9499911367d20bb63cf1b0d3920382b9f0c16aacd4d038ab865de7de4c4d5
nOymAF1fMgjD3X14,1742206817153,6,1742206817153@PWAnOymAF1fMgjD3X14,caaf07dc331af0b742aebcd207d6663bcd128f90d25049a2897aeb2f15b1aa61cf2d5e9764d6d707283edc4a649c5e52
nOymAF1fMgjD3X14,1742186121153,0,1742186121153@PWAnOymAF1fMgjD3X14,fff190339eb1d2a7c104f4726483e869a378e4db98a7a4db9d3b3b9fa129c381f999b60f3c6b817b30ac40f4d53f728e
nOymAF1fMgjD3X14,1742167820153,19,1742167820153@PWAnOymAF1fMgjD3X14,d0aa37548fba7d33d57685196c4828e4f79b1c3f6ec2b91fedfb66056f4ac19ae5602f6d4e2dbad421092b708a7ddf20
nOymAF1fMgjD3X14,1742176982153,22,1742176982153@PWAnOymAF1fMgjD3X14,3d7e05b7c5e07efab09017b29abc6bdc124eb641fea7da684be84ff4f6e0a473f79638a7117de75afb1634493aee9fe1
nOymAF1fMgjD3X14,1742216375153,8,1742216375153@PWAnOymAF1fMgjD3X14,db1e743f72eac6491d19940089121679400d5370054a56daca106dda9d57eca1ad95b1534785b9fff6d41cbba3180ac2
nOymAF1fMgjD3X14,1742181135153,23,1742181135153@PWAnOymAF1fMgjD3X14,b5e942c0fefbc53efd3306a060a4957f0569d20c581129b1ad2226fd3670dffecac684e853859e45a5422a112b5a2f40
nOymAF1fMgjD3X14,1742177792153,22,1742177792153@PWAnOymAF1fMgjD3X14,8b66504a00eab92460ba9fb5e285bad5e62c7a600e4300a529f64292ac12d83d65f4717032edc9a476c1ef8907003bb4
nOymAF1fMgjD3X14,1742155226153,16,1742155226153@PWAnOymAF1fMgjD3X14,a323621e3af7f4e9b86d9762b04243e333ae1b6f6c0bce2c25fe284a44183cbcc032e0bab1948b64079b4ae2dc866315
nOymAF1fMgjD3X14,1742183937153,23,1742183937153@PWAnOymAF1fMgjD3X14,f7c6aabeb10c2cc48e3c78a5b66976f01ae6194a28833a906b9085c7f96c0c7a959353fb0282ebc092f7dfe0510c575e
nOymAF1fMgjD3X14,1742196725153,3,1742196725153@PWAnOymAF1fMgjD3X14,3709b048ce9a80026a0846c3f7fae62896f0703d9f7f6ff9ed61e3402508cb6fff9c8f35980c2a1ae4c90c9d3bfae18e
nOymAF1fMgjD3X14,1742155480153,16,1742155480153@PWAnOymAF1fMgjD3X14,c51fc83f3acd4bc653c94b315c48fbd5ff7063fab7ae2b532fdd70633cad82fba9c4223bda04cb35e537ad390769f124
nOymAF1fMgjD3X14,1742198371153,3,1742198371153@PWAnOymAF1fMgjD3X14,af44a1fd08eb054a1cb3e91bebb67c9835ad766320f669afa8d7a774effe6f35c2e0c2219cf91f8fbc0a7e6dc5838e54
nOymAF1fMgjD3X14,1742210175153,7,1742210175153@PWAnOymAF1fMgjD3X14,696e55705f2895c12a5a58fc0a73f52cbdd69acf92fc3e57e8055d219e011e2159025875ccc2d54a241e876e392233b6
nOymAF1fMgjD3X14,1742157912153,16,1742157912153@PWAnOymAF1fMgjD3X14,cf52db6304e6f962b756fa5ee8bf531ee44d8a8c37edef5d6f8c4d36cf2ea974325553d66a81ab8de7ea978f0a6b7500
nOymAF1fMgjD3X14,1742212724153,7,1742212724153@PWAnOymAF1fMgjD3X14,e5d6e31b86cb006dfc4b5d56b2fcb4e21866b286aa3b1fdd9491ba0db5c76b093f6a4bf204e4048b2e7349f473118ae0
nOymAF1fMgjD3X14,1742179445153,22,1742179445153@PWAnOymAF1fMgjD3X14,9b23c53bc8202d215e00f698a5c3a2b8e9cdeaa774dcf47e03a0f00d426b810e5871c5d41709b04170b1d8717f5ffdcd
nOymAF1fMgjD3X14,1742197294153,3,1742197294153@PWAnOymAF1fMgjD3X14,e4c8f16f275ec70a4f597c46a0e288821b998f7a06adceef814ff224b1b581fe60a54a3fe2f63d6973fa1f9c325d2976
lHsbITnR0J4xHzys,1742186006153,0,1742186006153@PWAlHsbITnR0J4xHzys,1142f5c308c413c4ca347e3c597605c80deb326e85f143d4fc066237cb9815470693c7d393bb8acde0aa43a0ccacbe32
lHsbITnR0J4xHzys,1742167966153,19,1742167966153@PWAlHsbITnR0J4xHzys,db9f7c456c3279d54ce524f0bf288f464f9be677510687934ed2b0d8450c2b39f366d6bb8f867ebb8200c03340c1dfeb
lHsbITnR0J4xHzys,1742149919153,14,1742149919153@PWAlHsbITnR0J4xHzys,d458f25eddb5f9cfacf1e091c78b4c1195a900f27d33247f61fbdcf05b5c782200e00459668ad667eadd51b91bbfe53d
lHsbITnR0J4xHzys,1742185402153,0,1742185402153@PWAlHsbITnR0J4xHzys,54854475ba74d8000ee9de68cd67797ee2e474f92a3d9897b43c6b4b2dc55fd39e2cfda79dd302ea4ba7a04c9f54f58d
lHsbITnR0J4xHzys,1742199280153,4,1742199280153@PWAlHsbITnR0J4xHzys,373350ad8a03cfdb837cea2d3402eb6538196ec2f87e7b4cfa7ec7e4c4270007683d121a5c995eca2d7088ce787faf89
lHsbITnR0J4xHzys,1742186342153,0,1742186342153@PWAlHsbITnR0J4xHzys,4e5fecf363a4129bc2dddaee0b916d98964081e85137462c6a0e2d9dbfdba160b3f4f74390e6d9dbf7a4f45f8dd2f92c
lHsbITnR0J4xHzys,1742172766153,20,1742172766153@PWAlHsbITnR0J4xHzys,69683b052dfe9cbcaf874b067305b6dd64d2edd7daf7fa36c05dcd5f0aee9797bc3c1c3893a9b53e9fe206e91af56bb5
lHsbITnR0J4xHzys,1742190401153,1,1742190401153@PWAlHsbITnR0J4xHzys,e1c76b1a348d20bfee543445f311b5ce0daa6452677e8045b1900dfa2e33d45af02a3ae9874748034ca319fb480711b9
lHsbITnR0J4xHzys,1742199084153,4,1742199084153@PWAlHsbITnR0J4xHzys,5e3d8202d340343bde05c37721dca510c2c9562b583f3dcaed01b59471f6f8643b9ccf1f1e89a307e9df05689bd2538d
lHsbITnR0J4xHzys,1742197031153,3,1742197031153@PWAlHsbITnR0J4xHzys,516154ecdc3a97d75a4e5871dd90475721af1ebb285f654d5e95aee1a7891b3694326c1057fd1d4cac8b01400a1800f9
lHsbITnR0J4xHzys,1742219313153,9,1742219313153@PWAlHsbITnR0J4xHzys,85ed46340b19a2c39b57fe556fe744910d425425fd6545c951b8e49268989fe3df0756cee2fa622cbcb8ef84c9a71786
lHsbITnR0J4xHzys,1742210948153,7,1742210948153@PWAlHsbITnR0J4xHzys,0bce34033683dadf313f24c848868e3a419219aefd94576f912daeb77fab77fe4871e80cc93521b143041422758a9108
lHsbITnR0J4xHzys,1742161220153,17,1742161220153@PWAlHsbITnR0J4xHzys,8ab0fc3209d3f4f8d820a4c8f23434f13fe98de22840693770314d3db2b7ef91f8f7a0be19cce722f76c5009cfbd34b9
lHsbITnR0J4xHzys,1742152326153,15,1742152326153@PWAlHsbITnR0J4xHzys,45d7ef3d7150d7e9a6e1b74ed2db9bb69dfcd177151af289ffe54de262efd50595ff97986a03d39c57e1b2789f2b4263
lHsbITnR0J4xHzys,1742172625153,20,1742172625153@PWAlHsbITnR0J4xHzys,da89dc9947cf71cc5a4525fe5505a7f22880ba208ee8d8c7859acd5679bfae5257709631940f645f8b337b89bdf586e5
lHsbITnR0J4xHzys,1742211579153,7,1742211579153@PWAlHsbITnR0J4xHzys,6569edc9c8160fe5bf28bdaf0d441c16d1b41ca9a6fac246a2d9d711fd2ef5238d927b9c8673d1c0a652591257b42476
lHsbITnR0J4xHzys,1742178059153,22,1742178059153@PWAlHsbITnR0J4xHzys,df47b10318f6d9cbfe14b7dbca2623967b57af41ea78ad74b9c9aec5f722bc9f2df5d1eddd3bcbc6af83c858094e0483
lHsbITnR0J4xHzys,1742199013153,4,1742199013153@PWAlHsbITnR0J4xHzys,e007493bf02d68c4f7343f50a8c305c6d0e03038912123e9f050477fc8cc8c80933fa5db10477fe8e051e9f1a5fde568
lHsbITnR0J4xHzys,1742190037153,1,1742190037153@PWAlHsbITnR0J4xHzys,49dba1c4c1293361e2ec76d53636d5e53dacafaa4fd2a7b45ae91e631f0a86ea498a5b259110aed750ba70e9f1cd4ffc
lHsbITnR0J4xHzys,1742165884153,18,1742165884153@PWAlHsbITnR0J4xHzys,a0f103873709afdfe0e62353177e70c2d2d4c0c3b3ee99c69ecc5c5d7d64af8548af73e7e6153e7750d2933f36c9c30e
lHsbITnR0J4xHzys,1742178533153,22,1742178533153@PWAlHsbITnR0J4xHzys,41ed9352afd3ba68959dbd6933eef0a8c6e2bb93998a8db03f5750aee58f204a4308736264c76f46cf05c9814037f87f
lHsbITnR0J4xHzys,1742202826153,5,1742202826153@PWAlHsbITnR0J4xHzys,b9a934146004e3885e6881c84eb30aee0207e8aead21b7b0bdb96bb09f70e994ba1e6955a03aff68fcb707c0ee71c304
lHsbITnR0J4xHzys,1742209315153,7,1742209315153@PWAlHsbITnR0J4xHzys,5c4557a79254e0161645d963f111023ef30656798ca34d3482e446e2b6e8f953dce656936ee71223287f3212927b50de
lHsbITnR0J4xHzys,1742156260153,16,1742156260153@PWAlHsbITnR0J4xHzys,21956b643eed680cc72ab78a06c116bce4185169478d174ef78a4f412b82c247619823ca58dc9cf72c568b0ce8c18368
lHsbITnR0J4xHzys,1742166927153,19,1742166927153@PWAlHsbITnR0J4xHzys,053363927af0f69353094f1e6b4f7a77938c7eb14b5b03cd2999dd1fb15208db4c46bfb3a45698d6025ef3054fb88b68
lHsbITnR0J4xHzys,1742213096153,8,1742213096153@PWAlHsbITnR0J4xHzys,f9c08370ce3e95377c79eea03d4d259914b2a75d5258dc0c2beb3995b11fc9f213bb1a1a9a16ea6f3ce281e6b8d779a9
