deviceID,timestamp,response_status,response_message,raw_response
V8Mrm1YC1Iq890kf,1744471392719,ERROR,"('Connection aborted.', RemoteDisconnected('Remote end closed connection without response'))",
V8Mrm1YC1Iq890kf,1744427809719,200,Success,"{'message': 'Success', 'quote': 'I never dreamed about success. I worked for it.', 'writer': 'Estee Lauder'}"
V8Mrm1YC1Iq890kf,1744427611719,200,Success,"{'message': 'Success', 'quote': 'Don’t let yesterday take up too much of today.', 'writer': 'Will Rogers'}"
V8Mrm1YC1Iq890kf,1744478771719,200,Success,"{'message': 'Success', 'quote': 'Do what you feel in your heart to be right – for you’ll be criticized anyway.', 'writer': 'Eleanor Roosevelt'}"
V8Mrm1YC1Iq890kf,1744437722719,200,Success,"{'message': 'Success', 'quote': 'Everything you can imagine is real.', 'writer': 'Pablo Picasso'}"
V8Mrm1YC1Iq890kf,1744430133719,200,Success,"{'message': 'Success', 'quote': 'I never dreamed about success. I worked for it.', 'writer': 'Estee Lauder'}"
V8Mrm1YC1Iq890kf,1744451902719,200,Success,"{'message': 'Success', 'quote': 'Success is getting what you want. Happiness is wanting what you get.', 'writer': 'Dale Carnegie'}"
V8Mrm1YC1Iq890kf,1744441082719,200,Success,"{'message': 'Success', 'quote': 'The only limit to our realization of tomorrow is our doubts of today.', 'writer': 'Franklin D. Roosevelt'}"
V8Mrm1YC1Iq890kf,1744461093719,200,Success,"{'message': 'Success', 'quote': 'It does not matter how slowly you go as long as you do not stop.', 'writer': 'Confucius'}"
V8Mrm1YC1Iq890kf,1744436718719,200,Success,"{'message': 'Success', 'quote': 'Your time is limited, so don’t waste it living someone else’s life.', 'writer': 'Steve Jobs'}"
V8Mrm1YC1Iq890kf,1744449383719,200,Success,"{'message': 'Success', 'quote': 'The best way to predict the future is to create it.', 'writer': 'Peter Drucker'}"
V8Mrm1YC1Iq890kf,1744465133719,200,Success,"{'message': 'Success', 'quote': 'Quality means doing it right when no one is looking.', 'writer': 'Henry Ford'}"
V8Mrm1YC1Iq890kf,1744461878719,200,Success,"{'message': 'Success', 'quote': 'Everything you’ve ever wanted is on the other side of fear.', 'writer': 'George Addair'}"
V8Mrm1YC1Iq890kf,1744461435719,200,Success,"{'message': 'Success', 'quote': 'Success is not final, failure is not fatal: It is the courage to continue that counts.', 'writer': 'Winston Churchill'}"
V8Mrm1YC1Iq890kf,1744452848719,200,Success,"{'message': 'Success', 'quote': 'Keep your face always toward the sunshine—and shadows will fall behind you.', 'writer': 'Walt Whitman'}"
V8Mrm1YC1Iq890kf,1744425246719,200,Success,"{'message': 'Success', 'quote': 'The way to get started is to quit talking and begin doing.', 'writer': 'Walt Disney'}"
V8Mrm1YC1Iq890kf,1744439578719,200,Success,"{'message': 'Success', 'quote': 'Everything you can imagine is real.', 'writer': 'Pablo Picasso'}"
V8Mrm1YC1Iq890kf,1744467492719,200,Success,"{'message': 'Success', 'quote': 'Quality means doing it right when no one is looking.', 'writer': 'Henry Ford'}"
V8Mrm1YC1Iq890kf,1744472018719,200,Success,"{'message': 'Success', 'quote': 'Success is getting what you want. Happiness is wanting what you get.', 'writer': 'Dale Carnegie'}"
V8Mrm1YC1Iq890kf,1744450817719,200,Success,"{'message': 'Success', 'quote': ""Don't watch the clock; do what it does. Keep going."", 'writer': 'Sam Levenson'}"
V8Mrm1YC1Iq890kf,1744452277719,200,Success,"{'message': 'Success', 'quote': 'If you really look closely, most overnight successes took a long time.', 'writer': 'Steve Jobs'}"
V8Mrm1YC1Iq890kf,1744471869719,200,Success,"{'message': 'Success', 'quote': 'Keep your face always toward the sunshine—and shadows will fall behind you.', 'writer': 'Walt Whitman'}"
V8Mrm1YC1Iq890kf,1744465083719,200,Success,"{'message': 'Success', 'quote': 'Success is getting what you want. Happiness is wanting what you get.', 'writer': 'Dale Carnegie'}"
V8Mrm1YC1Iq890kf,1744436454719,200,Success,"{'message': 'Success', 'quote': 'Happiness depends upon ourselves.', 'writer': 'Aristotle'}"
V8Mrm1YC1Iq890kf,1744422613719,200,Success,"{'message': 'Success', 'quote': 'Quality means doing it right when no one is looking.', 'writer': 'Henry Ford'}"
V8Mrm1YC1Iq890kf,1744468714719,200,Success,"{'message': 'Success', 'quote': 'Everything you’ve ever wanted is on the other side of fear.', 'writer': 'George Addair'}"
V8Mrm1YC1Iq890kf,1744428407719,200,Success,"{'message': 'Success', 'quote': 'Success is not how high you have climbed, but how you make a positive difference to the world.', 'writer': 'Roy T. Bennett'}"
V8Mrm1YC1Iq890kf,1744486201719,200,Success,"{'message': 'Success', 'quote': 'You must be the change you wish to see in the world.', 'writer': 'Mahatma Gandhi'}"
V8Mrm1YC1Iq890kf,1744423950719,200,Success,"{'message': 'Success', 'quote': 'Success usually comes to those who are too busy to be looking for it.', 'writer': 'Henry David Thoreau'}"
V8Mrm1YC1Iq890kf,1744427414719,200,Success,"{'message': 'Success', 'quote': 'People who are crazy enough to think they can change the world, are the ones who do.', 'writer': 'Rob Siltanen'}"
V8Mrm1YC1Iq890kf,1744444528719,429,Access limit reached,"{'error': 'Access limit reached', 'retry_after': '1 hours 45 minutes'}"
V8Mrm1YC1Iq890kf,1744475027719,429,Access limit reached,"{'error': 'Access limit reached', 'retry_after': '1 hours 45 minutes'}"
V8Mrm1YC1Iq890kf,1744443459719,429,Access limit reached,"{'error': 'Access limit reached', 'retry_after': '1 hours 45 minutes'}"
V8Mrm1YC1Iq890kf,1744434847719,429,Access limit reached,"{'error': 'Access limit reached', 'retry_after': '1 hours 45 minutes'}"
V8Mrm1YC1Iq890kf,1744460673719,429,Access limit reached,"{'error': 'Access limit reached', 'retry_after': '1 hours 45 minutes'}"
V8Mrm1YC1Iq890kf,1744466998719,429,Access limit reached,"{'error': 'Access limit reached', 'retry_after': '1 hours 45 minutes'}"
V8Mrm1YC1Iq890kf,1744432087719,429,Access limit reached,"{'error': 'Access limit reached', 'retry_after': '1 hours 45 minutes'}"
V8Mrm1YC1Iq890kf,1744429197719,429,Access limit reached,"{'error': 'Access limit reached', 'retry_after': '1 hours 45 minutes'}"
V8Mrm1YC1Iq890kf,1744454603719,429,Access limit reached,"{'error': 'Access limit reached', 'retry_after': '1 hours 45 minutes'}"
V8Mrm1YC1Iq890kf,1744437787719,429,Access limit reached,"{'error': 'Access limit reached', 'retry_after': '1 hours 45 minutes'}"
V8Mrm1YC1Iq890kf,1744442140719,429,Access limit reached,"{'error': 'Access limit reached', 'retry_after': '1 hours 45 minutes'}"
V8Mrm1YC1Iq890kf,1744450278719,429,Access limit reached,"{'error': 'Access limit reached', 'retry_after': '1 hours 45 minutes'}"
V8Mrm1YC1Iq890kf,1744447669719,429,Access limit reached,"{'error': 'Access limit reached', 'retry_after': '1 hours 45 minutes'}"
V8Mrm1YC1Iq890kf,1744425247719,429,Access limit reached,"{'error': 'Access limit reached', 'retry_after': '1 hours 45 minutes'}"
V8Mrm1YC1Iq890kf,1744443322719,429,Access limit reached,"{'error': 'Access limit reached', 'retry_after': '1 hours 45 minutes'}"
V8Mrm1YC1Iq890kf,1744432854719,429,Access limit reached,"{'error': 'Access limit reached', 'retry_after': '1 hours 45 minutes'}"
V8Mrm1YC1Iq890kf,1744486127719,429,Access limit reached,"{'error': 'Access limit reached', 'retry_after': '1 hours 45 minutes'}"
V8Mrm1YC1Iq890kf,1744455752719,429,Access limit reached,"{'error': 'Access limit reached', 'retry_after': '1 hours 45 minutes'}"
V8Mrm1YC1Iq890kf,1744426150719,429,Access limit reached,"{'error': 'Access limit reached', 'retry_after': '1 hours 45 minutes'}"
V8Mrm1YC1Iq890kf,1744464246719,429,Access limit reached,"{'error': 'Access limit reached', 'retry_after': '1 hours 45 minutes'}"
V8Mrm1YC1Iq890kf,1744471300719,429,Access limit reached,"{'error': 'Access limit reached', 'retry_after': '1 hours 45 minutes'}"
V8Mrm1YC1Iq890kf,1744465971719,429,Access limit reached,"{'error': 'Access limit reached', 'retry_after': '1 hours 45 minutes'}"
V8Mrm1YC1Iq890kf,1744433389719,429,Access limit reached,"{'error': 'Access limit reached', 'retry_after': '1 hours 45 minutes'}"
V8Mrm1YC1Iq890kf,1744420410719,429,Access limit reached,"{'error': 'Access limit reached', 'retry_after': '1 hours 45 minutes'}"
V8Mrm1YC1Iq890kf,1744423669719,429,Access limit reached,"{'error': 'Access limit reached', 'retry_after': '1 hours 45 minutes'}"
V8Mrm1YC1Iq890kf,1744463749719,429,Access limit reached,"{'error': 'Access limit reached', 'retry_after': '1 hours 45 minutes'}"
V8Mrm1YC1Iq890kf,1744430779719,429,Access limit reached,"{'error': 'Access limit reached', 'retry_after': '1 hours 45 minutes'}"
V8Mrm1YC1Iq890kf,1744478348719,429,Access limit reached,"{'error': 'Access limit reached', 'retry_after': '1 hours 45 minutes'}"
V8Mrm1YC1Iq890kf,1744433796719,429,Access limit reached,"{'error': 'Access limit reached', 'retry_after': '1 hours 45 minutes'}"
V8Mrm1YC1Iq890kf,1744418378719,429,Access limit reached,"{'error': 'Access limit reached', 'retry_after': '1 hours 45 minutes'}"
V8Mrm1YC1Iq890kf,1744417915719,429,Access limit reached,"{'error': 'Access limit reached', 'retry_after': '1 hours 45 minutes'}"
V8Mrm1YC1Iq890kf,1744453525719,429,Access limit reached,"{'error': 'Access limit reached', 'retry_after': '1 hours 45 minutes'}"
V8Mrm1YC1Iq890kf,1744487755719,429,Access limit reached,"{'error': 'Access limit reached', 'retry_after': '1 hours 45 minutes'}"
V8Mrm1YC1Iq890kf,1744461402719,429,Access limit reached,"{'error': 'Access limit reached', 'retry_after': '1 hours 45 minutes'}"
V8Mrm1YC1Iq890kf,1744460587719,429,Access limit reached,"{'error': 'Access limit reached', 'retry_after': '1 hours 45 minutes'}"
V8Mrm1YC1Iq890kf,1744476871719,429,Access limit reached,"{'error': 'Access limit reached', 'retry_after': '1 hours 45 minutes'}"
V8Mrm1YC1Iq890kf,1744481677719,429,Access limit reached,"{'error': 'Access limit reached', 'retry_after': '1 hours 45 minutes'}"
9lkHG6Iccr87KYPj,1744441685719,200,Success,"{'message': 'Success', 'quote': 'Do what you love and the money will follow.', 'writer': 'Marsha Sinetar'}"
9lkHG6Iccr87KYPj,1744417542719,200,Success,"{'message': 'Success', 'quote': 'Do what you love and the money will follow.', 'writer': 'Marsha Sinetar'}"
9lkHG6Iccr87KYPj,1744431963719,200,Success,"{'message': 'Success', 'quote': 'I attribute my success to this: I never gave or took any excuse.', 'writer': 'Florence Nightingale'}"
9lkHG6Iccr87KYPj,1744427894719,200,Success,"{'message': 'Success', 'quote': 'If opportunity doesn’t knock, build a door.', 'writer': 'Milton Berle'}"
9lkHG6Iccr87KYPj,1744463567719,200,Success,"{'message': 'Success', 'quote': 'To be yourself in a world that is constantly trying to make you something else is the greatest accomplishment.', 'writer': 'Ralph Waldo Emerson'}"
9lkHG6Iccr87KYPj,1744456132719,200,Success,"{'message': 'Success', 'quote': 'A person who never made a mistake never tried anything new.', 'writer': 'Albert Einstein'}"
9lkHG6Iccr87KYPj,1744426008719,200,Success,"{'message': 'Success', 'quote': 'Do what you can, with what you have, where you are.', 'writer': 'Theodore Roosevelt'}"
9lkHG6Iccr87KYPj,1744463921719,200,Success,"{'message': 'Success', 'quote': 'What you get by achieving your goals is not as important as what you become by achieving your goals.', 'writer': 'Zig Ziglar'}"
9lkHG6Iccr87KYPj,1744460896719,200,Success,"{'message': 'Success', 'quote': 'If you really look closely, most overnight successes took a long time.', 'writer': 'Steve Jobs'}"
9lkHG6Iccr87KYPj,1744471018719,200,Success,"{'message': 'Success', 'quote': ""Believe you can and you're halfway there."", 'writer': 'Theodore Roosevelt'}"
9lkHG6Iccr87KYPj,1744475904719,200,Success,"{'message': 'Success', 'quote': 'Success usually comes to those who are too busy to be looking for it.', 'writer': 'Henry David Thoreau'}"
9lkHG6Iccr87KYPj,1744479077719,200,Success,"{'message': 'Success', 'quote': 'Quality means doing it right when no one is looking.', 'writer': 'Henry Ford'}"
9lkHG6Iccr87KYPj,1744449490719,200,Success,"{'message': 'Success', 'quote': ""Life is what happens when you're busy making other plans."", 'writer': 'John Lennon'}"
9lkHG6Iccr87KYPj,1744474303719,200,Success,"{'message': 'Success', 'quote': 'People who are crazy enough to think they can change the world, are the ones who do.', 'writer': 'Rob Siltanen'}"
9lkHG6Iccr87KYPj,1744436370719,200,Success,"{'message': 'Success', 'quote': 'People who are crazy enough to think they can change the world, are the ones who do.', 'writer': 'Rob Siltanen'}"
9lkHG6Iccr87KYPj,1744463745719,200,Success,"{'message': 'Success', 'quote': 'I never dreamed about success. I worked for it.', 'writer': 'Estee Lauder'}"
9lkHG6Iccr87KYPj,1744423703719,200,Success,"{'message': 'Success', 'quote': 'Success is getting what you want. Happiness is wanting what you get.', 'writer': 'Dale Carnegie'}"
9lkHG6Iccr87KYPj,1744480906719,200,Success,"{'message': 'Success', 'quote': 'The purpose of our lives is to be happy.', 'writer': 'Dalai Lama'}"
9lkHG6Iccr87KYPj,1744422587719,200,Success,"{'message': 'Success', 'quote': 'Small deeds done are better than great deeds planned.', 'writer': 'Peter Marshall'}"
9lkHG6Iccr87KYPj,1744437999719,200,Success,"{'message': 'Success', 'quote': 'What lies behind us and what lies before us are tiny matters compared to what lies within us.', 'writer': 'Ralph Waldo Emerson'}"
9lkHG6Iccr87KYPj,1744433161719,200,Success,"{'message': 'Success', 'quote': 'Success is a journey, not a destination.', 'writer': 'Arthur Ashe'}"
9lkHG6Iccr87KYPj,1744480301719,200,Success,"{'message': 'Success', 'quote': 'Do what you can, with what you have, where you are.', 'writer': 'Theodore Roosevelt'}"
9lkHG6Iccr87KYPj,1744441049719,200,Success,"{'message': 'Success', 'quote': 'Success is a journey, not a destination.', 'writer': 'Arthur Ashe'}"
9lkHG6Iccr87KYPj,1744430366719,200,Success,"{'message': 'Success', 'quote': 'The mind is everything. What you think you become.', 'writer': 'Buddha'}"
9lkHG6Iccr87KYPj,1744461049719,200,Success,"{'message': 'Success', 'quote': ""Don't watch the clock; do what it does. Keep going."", 'writer': 'Sam Levenson'}"
9lkHG6Iccr87KYPj,1744447696719,200,Success,"{'message': 'Success', 'quote': ""Life is what happens when you're busy making other plans."", 'writer': 'John Lennon'}"
9lkHG6Iccr87KYPj,1744464104719,200,Success,"{'message': 'Success', 'quote': 'Do what you love and the money will follow.', 'writer': 'Marsha Sinetar'}"
9lkHG6Iccr87KYPj,1744447473719,200,Success,"{'message': 'Success', 'quote': 'Do not go where the path may lead, go instead where there is no path and leave a trail.', 'writer': 'Ralph Waldo Emerson'}"
9lkHG6Iccr87KYPj,1744473348719,200,Success,"{'message': 'Success', 'quote': 'It does not matter how slowly you go as long as you do not stop.', 'writer': 'Confucius'}"
9lkHG6Iccr87KYPj,1744477834719,200,Success,"{'message': 'Success', 'quote': ""Believe you can and you're halfway there."", 'writer': 'Theodore Roosevelt'}"
9lkHG6Iccr87KYPj,1744431004719,429,Access limit reached,"{'error': 'Access limit reached', 'retry_after': '0 hours 21 minutes'}"
9lkHG6Iccr87KYPj,1744446462719,429,Access limit reached,"{'error': 'Access limit reached', 'retry_after': '0 hours 21 minutes'}"
9lkHG6Iccr87KYPj,1744463689719,429,Access limit reached,"{'error': 'Access limit reached', 'retry_after': '0 hours 21 minutes'}"
SXr0GM4SWu3w5AKB,1744475216719,200,Success,"{'message': 'Success', 'quote': 'A journey of a thousand miles begins with a single step.', 'writer': 'Lao Tzu'}"
SXr0GM4SWu3w5AKB,1744478151719,200,Success,"{'message': 'Success', 'quote': 'Your time is limited, so don’t waste it living someone else’s life.', 'writer': 'Steve Jobs'}"
SXr0GM4SWu3w5AKB,1744423683719,200,Success,"{'message': 'Success', 'quote': 'A journey of a thousand miles begins with a single step.', 'writer': 'Lao Tzu'}"
SXr0GM4SWu3w5AKB,1744485799719,200,Success,"{'message': 'Success', 'quote': 'The way to get started is to quit talking and begin doing.', 'writer': 'Walt Disney'}"
SXr0GM4SWu3w5AKB,1744431205719,200,Success,"{'message': 'Success', 'quote': 'It does not matter how slowly you go as long as you do not stop.', 'writer': 'Confucius'}"
SXr0GM4SWu3w5AKB,1744460205719,200,Success,"{'message': 'Success', 'quote': 'Failure is simply the opportunity to begin again, this time more intelligently.', 'writer': 'Henry Ford'}"
SXr0GM4SWu3w5AKB,1744457351719,200,Success,"{'message': 'Success', 'quote': 'Success is a journey, not a destination.', 'writer': 'Arthur Ashe'}"
SXr0GM4SWu3w5AKB,1744424940719,200,Success,"{'message': 'Success', 'quote': 'Success is getting what you want. Happiness is wanting what you get.', 'writer': 'Dale Carnegie'}"
SXr0GM4SWu3w5AKB,1744478918719,200,Success,"{'message': 'Success', 'quote': 'Be yourself; everyone else is already taken.', 'writer': 'Oscar Wilde'}"
SXr0GM4SWu3w5AKB,1744465454719,200,Success,"{'message': 'Success', 'quote': 'What you get by achieving your goals is not as important as what you become by achieving your goals.', 'writer': 'Zig Ziglar'}"
SXr0GM4SWu3w5AKB,1744471407719,200,Success,"{'message': 'Success', 'quote': 'Live as if you were to die tomorrow. Learn as if you were to live forever.', 'writer': 'Mahatma Gandhi'}"
SXr0GM4SWu3w5AKB,1744469315719,200,Success,"{'message': 'Success', 'quote': 'Dream big and dare to fail.', 'writer': 'Norman Vaughan'}"
SXr0GM4SWu3w5AKB,1744485857719,200,Success,"{'message': 'Success', 'quote': 'Don’t count the days, make the days count.', 'writer': 'Muhammad Ali'}"
SXr0GM4SWu3w5AKB,1744421506719,200,Success,"{'message': 'Success', 'quote': 'Be yourself; everyone else is already taken.', 'writer': 'Oscar Wilde'}"
SXr0GM4SWu3w5AKB,1744419887719,200,Success,"{'message': 'Success', 'quote': 'Nothing is impossible, the word itself says ‘I’m possible’!', 'writer': 'Audrey Hepburn'}"
SXr0GM4SWu3w5AKB,1744464155719,200,Success,"{'message': 'Success', 'quote': 'If opportunity doesn’t knock, build a door.', 'writer': 'Milton Berle'}"
SXr0GM4SWu3w5AKB,1744439861719,200,Success,"{'message': 'Success', 'quote': 'Get busy living or get busy dying.', 'writer': 'Stephen King'}"
SXr0GM4SWu3w5AKB,1744423766719,200,Success,"{'message': 'Success', 'quote': 'The mind is everything. What you think you become.', 'writer': 'Buddha'}"
SXr0GM4SWu3w5AKB,1744465663719,200,Success,"{'message': 'Success', 'quote': 'You have within you right now, everything you need to deal with whatever the world can throw at you.', 'writer': 'Brian Tracy'}"
SXr0GM4SWu3w5AKB,1744486993719,200,Success,"{'message': 'Success', 'quote': 'Failure is simply the opportunity to begin again, this time more intelligently.', 'writer': 'Henry Ford'}"
SXr0GM4SWu3w5AKB,1744441469719,200,Success,"{'message': 'Success', 'quote': 'Do what you love and the money will follow.', 'writer': 'Marsha Sinetar'}"
SXr0GM4SWu3w5AKB,1744432735719,200,Success,"{'message': 'Success', 'quote': ""Life is what happens when you're busy making other plans."", 'writer': 'John Lennon'}"
SXr0GM4SWu3w5AKB,1744471036719,200,Success,"{'message': 'Success', 'quote': 'Do what you feel in your heart to be right – for you’ll be criticized anyway.', 'writer': 'Eleanor Roosevelt'}"
SXr0GM4SWu3w5AKB,1744435275719,200,Success,"{'message': 'Success', 'quote': 'Get busy living or get busy dying.', 'writer': 'Stephen King'}"
SXr0GM4SWu3w5AKB,1744429471719,200,Success,"{'message': 'Success', 'quote': 'When you reach the end of your rope, tie a knot in it and hang on.', 'writer': 'Franklin D. Roosevelt'}"
SXr0GM4SWu3w5AKB,1744470990719,200,Success,"{'message': 'Success', 'quote': 'Turn your wounds into wisdom.', 'writer': 'Oprah Winfrey'}"
SXr0GM4SWu3w5AKB,1744431226719,200,Success,"{'message': 'Success', 'quote': ""If everything seems under control, you're not going fast enough."", 'writer': 'Mario Andretti'}"
SXr0GM4SWu3w5AKB,1744457239719,200,Success,"{'message': 'Success', 'quote': 'Success usually comes to those who are too busy to be looking for it.', 'writer': 'Henry David Thoreau'}"
SXr0GM4SWu3w5AKB,1744437183719,200,Success,"{'message': 'Success', 'quote': 'You must be the change you wish to see in the world.', 'writer': 'Mahatma Gandhi'}"
SXr0GM4SWu3w5AKB,1744484219719,200,Success,"{'message': 'Success', 'quote': 'Dream big and dare to fail.', 'writer': 'Norman Vaughan'}"
SXr0GM4SWu3w5AKB,1744430405719,429,Access limit reached,"{'error': 'Access limit reached', 'retry_after': '1 hours 0 minutes'}"
SXr0GM4SWu3w5AKB,1744473787719,429,Access limit reached,"{'error': 'Access limit reached', 'retry_after': '1 hours 0 minutes'}"
SXr0GM4SWu3w5AKB,1744428037719,429,Access limit reached,"{'error': 'Access limit reached', 'retry_after': '1 hours 0 minutes'}"
SXr0GM4SWu3w5AKB,1744486539719,429,Access limit reached,"{'error': 'Access limit reached', 'retry_after': '1 hours 0 minutes'}"
SXr0GM4SWu3w5AKB,1744431971719,429,Access limit reached,"{'error': 'Access limit reached', 'retry_after': '1 hours 0 minutes'}"
SXr0GM4SWu3w5AKB,1744471349719,429,Access limit reached,"{'error': 'Access limit reached', 'retry_after': '1 hours 0 minutes'}"
SXr0GM4SWu3w5AKB,1744452964719,429,Access limit reached,"{'error': 'Access limit reached', 'retry_after': '1 hours 0 minutes'}"
SXr0GM4SWu3w5AKB,1744484407719,429,Access limit reached,"{'error': 'Access limit reached', 'retry_after': '1 hours 0 minutes'}"
SXr0GM4SWu3w5AKB,1744469603719,429,Access limit reached,"{'error': 'Access limit reached', 'retry_after': '1 hours 0 minutes'}"
SXr0GM4SWu3w5AKB,1744466505719,429,Access limit reached,"{'error': 'Access limit reached', 'retry_after': '1 hours 0 minutes'}"
V8Mrm1YC1Iq890kf,1744478227719,429,Access limit reached,"{'error': 'Access limit reached', 'retry_after': '1 hours 45 minutes'}"
V8Mrm1YC1Iq890kf,1744425624719,429,Access limit reached,"{'error': 'Access limit reached', 'retry_after': '1 hours 45 minutes'}"
V8Mrm1YC1Iq890kf,1744478864719,429,Access limit reached,"{'error': 'Access limit reached', 'retry_after': '1 hours 45 minutes'}"
V8Mrm1YC1Iq890kf,1744459664719,429,Access limit reached,"{'error': 'Access limit reached', 'retry_after': '1 hours 45 minutes'}"
V8Mrm1YC1Iq890kf,1744432454719,429,Access limit reached,"{'error': 'Access limit reached', 'retry_after': '1 hours 45 minutes'}"
V8Mrm1YC1Iq890kf,1744458818719,429,Access limit reached,"{'error': 'Access limit reached', 'retry_after': '1 hours 45 minutes'}"
V8Mrm1YC1Iq890kf,1744420452719,429,Access limit reached,"{'error': 'Access limit reached', 'retry_after': '1 hours 45 minutes'}"
V8Mrm1YC1Iq890kf,1744416732719,429,Access limit reached,"{'error': 'Access limit reached', 'retry_after': '1 hours 45 minutes'}"
V8Mrm1YC1Iq890kf,1744431305719,429,Access limit reached,"{'error': 'Access limit reached', 'retry_after': '1 hours 45 minutes'}"
V8Mrm1YC1Iq890kf,1744478671719,429,Access limit reached,"{'error': 'Access limit reached', 'retry_after': '1 hours 45 minutes'}"
V8Mrm1YC1Iq890kf,1744445533719,429,Access limit reached,"{'error': 'Access limit reached', 'retry_after': '1 hours 45 minutes'}"
V8Mrm1YC1Iq890kf,1744464367719,429,Access limit reached,"{'error': 'Access limit reached', 'retry_after': '1 hours 45 minutes'}"
V8Mrm1YC1Iq890kf,1744453584719,429,Access limit reached,"{'error': 'Access limit reached', 'retry_after': '1 hours 45 minutes'}"
V8Mrm1YC1Iq890kf,1744481043719,429,Access limit reached,"{'error': 'Access limit reached', 'retry_after': '1 hours 45 minutes'}"
V8Mrm1YC1Iq890kf,1744427405719,429,Access limit reached,"{'error': 'Access limit reached', 'retry_after': '1 hours 45 minutes'}"
V8Mrm1YC1Iq890kf,1744448287719,429,Access limit reached,"{'error': 'Access limit reached', 'retry_after': '1 hours 45 minutes'}"
V8Mrm1YC1Iq890kf,1744477965719,429,Access limit reached,"{'error': 'Access limit reached', 'retry_after': '1 hours 45 minutes'}"
V8Mrm1YC1Iq890kf,1744438786719,429,Access limit reached,"{'error': 'Access limit reached', 'retry_after': '1 hours 45 minutes'}"
V8Mrm1YC1Iq890kf,1744462471719,429,Access limit reached,"{'error': 'Access limit reached', 'retry_after': '1 hours 45 minutes'}"
V8Mrm1YC1Iq890kf,1744475368719,429,Access limit reached,"{'error': 'Access limit reached', 'retry_after': '1 hours 45 minutes'}"
V8Mrm1YC1Iq890kf,1744422187719,429,Access limit reached,"{'error': 'Access limit reached', 'retry_after': '1 hours 45 minutes'}"
V8Mrm1YC1Iq890kf,1744423315719,429,Access limit reached,"{'error': 'Access limit reached', 'retry_after': '1 hours 45 minutes'}"
V8Mrm1YC1Iq890kf,1744433192719,429,Access limit reached,"{'error': 'Access limit reached', 'retry_after': '1 hours 45 minutes'}"
V8Mrm1YC1Iq890kf,1744448291719,429,Access limit reached,"{'error': 'Access limit reached', 'retry_after': '1 hours 45 minutes'}"
V8Mrm1YC1Iq890kf,1744423696719,429,Access limit reached,"{'error': 'Access limit reached', 'retry_after': '1 hours 45 minutes'}"
V8Mrm1YC1Iq890kf,1744470915719,429,Access limit reached,"{'error': 'Access limit reached', 'retry_after': '1 hours 45 minutes'}"
V8Mrm1YC1Iq890kf,1744470041719,429,Access limit reached,"{'error': 'Access limit reached', 'retry_after': '1 hours 45 minutes'}"
V8Mrm1YC1Iq890kf,1744462251719,429,Access limit reached,"{'error': 'Access limit reached', 'retry_after': '1 hours 45 minutes'}"
V8Mrm1YC1Iq890kf,1744477857719,429,Access limit reached,"{'error': 'Access limit reached', 'retry_after': '1 hours 45 minutes'}"
GUahXMpJsr7NDTyu,1744464845719,200,Success,"{'message': 'Success', 'quote': 'The way to get started is to quit talking and begin doing.', 'writer': 'Walt Disney'}"
GUahXMpJsr7NDTyu,1744472565719,200,Success,"{'message': 'Success', 'quote': 'The way to get started is to quit talking and begin doing.', 'writer': 'Walt Disney'}"
GUahXMpJsr7NDTyu,1744478675719,200,Success,"{'message': 'Success', 'quote': 'Success is not how high you have climbed, but how you make a positive difference to the world.', 'writer': 'Roy T. Bennett'}"
GUahXMpJsr7NDTyu,1744455825719,200,Success,"{'message': 'Success', 'quote': 'Everything you’ve ever wanted is on the other side of fear.', 'writer': 'George Addair'}"
GUahXMpJsr7NDTyu,1744447701719,200,Success,"{'message': 'Success', 'quote': ""Life is what happens when you're busy making other plans."", 'writer': 'John Lennon'}"
GUahXMpJsr7NDTyu,1744450956719,200,Success,"{'message': 'Success', 'quote': 'What you get by achieving your goals is not as important as what you become by achieving your goals.', 'writer': 'Zig Ziglar'}"
GUahXMpJsr7NDTyu,1744459149719,200,Success,"{'message': 'Success', 'quote': 'If opportunity doesn’t knock, build a door.', 'writer': 'Milton Berle'}"
GUahXMpJsr7NDTyu,1744474953719,200,Success,"{'message': 'Success', 'quote': ""Life is what happens when you're busy making other plans."", 'writer': 'John Lennon'}"
GUahXMpJsr7NDTyu,1744433665719,200,Success,"{'message': 'Success', 'quote': 'Happiness depends upon ourselves.', 'writer': 'Aristotle'}"
GUahXMpJsr7NDTyu,1744430211719,200,Success,"{'message': 'Success', 'quote': 'Success is a journey, not a destination.', 'writer': 'Arthur Ashe'}"
GUahXMpJsr7NDTyu,1744428721719,200,Success,"{'message': 'Success', 'quote': 'You have within you right now, everything you need to deal with whatever the world can throw at you.', 'writer': 'Brian Tracy'}"
GUahXMpJsr7NDTyu,1744454626719,200,Success,"{'message': 'Success', 'quote': 'It always seems impossible until it’s done.', 'writer': 'Nelson Mandela'}"
GUahXMpJsr7NDTyu,1744419292719,200,Success,"{'message': 'Success', 'quote': 'The best way to predict the future is to create it.', 'writer': 'Peter Drucker'}"
GUahXMpJsr7NDTyu,1744451076719,200,Success,"{'message': 'Success', 'quote': 'Do what you can, with what you have, where you are.', 'writer': 'Theodore Roosevelt'}"
GUahXMpJsr7NDTyu,1744427202719,200,Success,"{'message': 'Success', 'quote': 'Success is getting what you want. Happiness is wanting what you get.', 'writer': 'Dale Carnegie'}"
GUahXMpJsr7NDTyu,1744449303719,200,Success,"{'message': 'Success', 'quote': 'Do not go where the path may lead, go instead where there is no path and leave a trail.', 'writer': 'Ralph Waldo Emerson'}"
GUahXMpJsr7NDTyu,1744420525719,200,Success,"{'message': 'Success', 'quote': 'Success is not final, failure is not fatal: It is the courage to continue that counts.', 'writer': 'Winston Churchill'}"
GUahXMpJsr7NDTyu,1744454241719,200,Success,"{'message': 'Success', 'quote': 'Be yourself; everyone else is already taken.', 'writer': 'Oscar Wilde'}"
GUahXMpJsr7NDTyu,1744435633719,200,Success,"{'message': 'Success', 'quote': 'Success is not final, failure is not fatal: It is the courage to continue that counts.', 'writer': 'Winston Churchill'}"
GUahXMpJsr7NDTyu,1744469308719,200,Success,"{'message': 'Success', 'quote': 'We become what we think about.', 'writer': 'Earl Nightingale'}"
GUahXMpJsr7NDTyu,1744469174719,200,Success,"{'message': 'Success', 'quote': ""Don't watch the clock; do what it does. Keep going."", 'writer': 'Sam Levenson'}"
GUahXMpJsr7NDTyu,1744469792719,200,Success,"{'message': 'Success', 'quote': 'Get busy living or get busy dying.', 'writer': 'Stephen King'}"
GUahXMpJsr7NDTyu,1744439525719,200,Success,"{'message': 'Success', 'quote': 'It does not matter how slowly you go as long as you do not stop.', 'writer': 'Confucius'}"
GUahXMpJsr7NDTyu,1744480656719,200,Success,"{'message': 'Success', 'quote': 'Success usually comes to those who are too busy to be looking for it.', 'writer': 'Henry David Thoreau'}"
GUahXMpJsr7NDTyu,1744467527719,200,Success,"{'message': 'Success', 'quote': 'It is never too late to be what you might have been.', 'writer': 'George Eliot'}"
GUahXMpJsr7NDTyu,1744433405719,200,Success,"{'message': 'Success', 'quote': 'Everything you can imagine is real.', 'writer': 'Pablo Picasso'}"
GUahXMpJsr7NDTyu,1744485725719,200,Success,"{'message': 'Success', 'quote': 'Success is not how high you have climbed, but how you make a positive difference to the world.', 'writer': 'Roy T. Bennett'}"
GUahXMpJsr7NDTyu,1744419472719,200,Success,"{'message': 'Success', 'quote': 'You have within you right now, everything you need to deal with whatever the world can throw at you.', 'writer': 'Brian Tracy'}"
GUahXMpJsr7NDTyu,1744467812719,200,Success,"{'message': 'Success', 'quote': ""If everything seems under control, you're not going fast enough."", 'writer': 'Mario Andretti'}"
GUahXMpJsr7NDTyu,1744455444719,200,Success,"{'message': 'Success', 'quote': 'It is never too late to be what you might have been.', 'writer': 'George Eliot'}"
GUahXMpJsr7NDTyu,1744430191719,429,Access limit reached,"{'error': 'Access limit reached', 'retry_after': '0 hours 50 minutes'}"
GUahXMpJsr7NDTyu,1744425808719,429,Access limit reached,"{'error': 'Access limit reached', 'retry_after': '0 hours 50 minutes'}"
GUahXMpJsr7NDTyu,1744434539719,429,Access limit reached,"{'error': 'Access limit reached', 'retry_after': '0 hours 50 minutes'}"
GUahXMpJsr7NDTyu,1744472830719,429,Access limit reached,"{'error': 'Access limit reached', 'retry_after': '0 hours 50 minutes'}"
GUahXMpJsr7NDTyu,1744426792719,429,Access limit reached,"{'error': 'Access limit reached', 'retry_after': '0 hours 50 minutes'}"
GUahXMpJsr7NDTyu,1744465565719,429,Access limit reached,"{'error': 'Access limit reached', 'retry_after': '0 hours 50 minutes'}"
pf6NMIwvWbde6qQi,1744456999719,200,Success,"{'message': 'Success', 'quote': 'It does not matter how slowly you go as long as you do not stop.', 'writer': 'Confucius'}"
pf6NMIwvWbde6qQi,1744471252719,200,Success,"{'message': 'Success', 'quote': ""Believe you can and you're halfway there."", 'writer': 'Theodore Roosevelt'}"
pf6NMIwvWbde6qQi,1744475646719,200,Success,"{'message': 'Success', 'quote': 'Everything you’ve ever wanted is on the other side of fear.', 'writer': 'George Addair'}"
pf6NMIwvWbde6qQi,1744427772719,200,Success,"{'message': 'Success', 'quote': 'What lies behind us and what lies before us are tiny matters compared to what lies within us.', 'writer': 'Ralph Waldo Emerson'}"
pf6NMIwvWbde6qQi,1744427292719,200,Success,"{'message': 'Success', 'quote': 'Don’t count the days, make the days count.', 'writer': 'Muhammad Ali'}"
pf6NMIwvWbde6qQi,1744465751719,200,Success,"{'message': 'Success', 'quote': 'It always seems impossible until it’s done.', 'writer': 'Nelson Mandela'}"
pf6NMIwvWbde6qQi,1744459334719,200,Success,"{'message': 'Success', 'quote': 'Do what you feel in your heart to be right—for you’ll be criticized anyway.', 'writer': 'Eleanor Roosevelt'}"
pf6NMIwvWbde6qQi,1744480414719,200,Success,"{'message': 'Success', 'quote': 'Quality means doing it right when no one is looking.', 'writer': 'Henry Ford'}"
pf6NMIwvWbde6qQi,1744444285719,200,Success,"{'message': 'Success', 'quote': 'Do what you can, with what you have, where you are.', 'writer': 'Theodore Roosevelt'}"
pf6NMIwvWbde6qQi,1744437171719,200,Success,"{'message': 'Success', 'quote': 'The mind is everything. What you think you become.', 'writer': 'Buddha'}"
pf6NMIwvWbde6qQi,1744436193719,200,Success,"{'message': 'Success', 'quote': 'A person who never made a mistake never tried anything new.', 'writer': 'Albert Einstein'}"
pf6NMIwvWbde6qQi,1744434093719,200,Success,"{'message': 'Success', 'quote': 'To succeed in life, you need two things: ignorance and confidence.', 'writer': 'Mark Twain'}"
pf6NMIwvWbde6qQi,1744458198719,200,Success,"{'message': 'Success', 'quote': 'Failure is simply the opportunity to begin again, this time more intelligently.', 'writer': 'Henry Ford'}"
pf6NMIwvWbde6qQi,1744446701719,200,Success,"{'message': 'Success', 'quote': 'We become what we think about.', 'writer': 'Earl Nightingale'}"
pf6NMIwvWbde6qQi,1744470004719,200,Success,"{'message': 'Success', 'quote': 'Don’t let yesterday take up too much of today.', 'writer': 'Will Rogers'}"
pf6NMIwvWbde6qQi,1744442506719,200,Success,"{'message': 'Success', 'quote': 'Success is a journey, not a destination.', 'writer': 'Arthur Ashe'}"
pf6NMIwvWbde6qQi,1744445691719,200,Success,"{'message': 'Success', 'quote': 'I never dreamed about success. I worked for it.', 'writer': 'Estee Lauder'}"
pf6NMIwvWbde6qQi,1744416266719,200,Success,"{'message': 'Success', 'quote': 'It is never too late to be what you might have been.', 'writer': 'George Eliot'}"
pf6NMIwvWbde6qQi,1744439680719,200,Success,"{'message': 'Success', 'quote': 'You have within you right now, everything you need to deal with whatever the world can throw at you.', 'writer': 'Brian Tracy'}"
pf6NMIwvWbde6qQi,1744435335719,200,Success,"{'message': 'Success', 'quote': 'Everything has beauty, but not everyone sees it.', 'writer': 'Confucius'}"
pf6NMIwvWbde6qQi,1744450598719,200,Success,"{'message': 'Success', 'quote': 'The best way to predict the future is to create it.', 'writer': 'Peter Drucker'}"
pf6NMIwvWbde6qQi,1744459668719,200,Success,"{'message': 'Success', 'quote': ""Don't watch the clock; do what it does. Keep going."", 'writer': 'Sam Levenson'}"
pf6NMIwvWbde6qQi,1744451230719,200,Success,"{'message': 'Success', 'quote': 'Success is not how high you have climbed, but how you make a positive difference to the world.', 'writer': 'Roy T. Bennett'}"
pf6NMIwvWbde6qQi,1744421410719,200,Success,"{'message': 'Success', 'quote': 'Act as if what you do makes a difference. It does.', 'writer': 'William James'}"
pf6NMIwvWbde6qQi,1744453312719,200,Success,"{'message': 'Success', 'quote': 'Success is a journey, not a destination.', 'writer': 'Arthur Ashe'}"
lyOvOf9ECVw31oJl,1744438678719,200,Success,"{'message': 'Success', 'quote': 'Get busy living or get busy dying.', 'writer': 'Stephen King'}"
lyOvOf9ECVw31oJl,1744454927719,200,Success,"{'message': 'Success', 'quote': ""Opportunities don't happen. You create them."", 'writer': 'Chris Grosser'}"
lyOvOf9ECVw31oJl,1744470990719,200,Success,"{'message': 'Success', 'quote': ""Don't watch the clock; do what it does. Keep going."", 'writer': 'Sam Levenson'}"
lyOvOf9ECVw31oJl,1744459765719,200,Success,"{'message': 'Success', 'quote': 'When you reach the end of your rope, tie a knot in it and hang on.', 'writer': 'Franklin D. Roosevelt'}"
lyOvOf9ECVw31oJl,1744471377719,200,Success,"{'message': 'Success', 'quote': 'Do what you feel in your heart to be right – for you’ll be criticized anyway.', 'writer': 'Eleanor Roosevelt'}"
lyOvOf9ECVw31oJl,1744446509719,200,Success,"{'message': 'Success', 'quote': 'Success is a journey, not a destination.', 'writer': 'Arthur Ashe'}"
lyOvOf9ECVw31oJl,1744472294719,200,Success,"{'message': 'Success', 'quote': 'Do not go where the path may lead, go instead where there is no path and leave a trail.', 'writer': 'Ralph Waldo Emerson'}"
lyOvOf9ECVw31oJl,1744479195719,200,Success,"{'message': 'Success', 'quote': 'You have within you right now, everything you need to deal with whatever the world can throw at you.', 'writer': 'Brian Tracy'}"
lyOvOf9ECVw31oJl,1744483579719,200,Success,"{'message': 'Success', 'quote': ""Life is what happens when you're busy making other plans."", 'writer': 'John Lennon'}"
lyOvOf9ECVw31oJl,1744450546719,200,Success,"{'message': 'Success', 'quote': 'To succeed in life, you need two things: ignorance and confidence.', 'writer': 'Mark Twain'}"
lyOvOf9ECVw31oJl,1744475009719,200,Success,"{'message': 'Success', 'quote': 'Nothing is impossible, the word itself says ‘I’m possible’!', 'writer': 'Audrey Hepburn'}"
lyOvOf9ECVw31oJl,1744461810719,200,Success,"{'message': 'Success', 'quote': 'The mind is everything. What you think you become.', 'writer': 'Buddha'}"
lyOvOf9ECVw31oJl,1744442875719,200,Success,"{'message': 'Success', 'quote': 'Do what you feel in your heart to be right – for you’ll be criticized anyway.', 'writer': 'Eleanor Roosevelt'}"
lyOvOf9ECVw31oJl,1744430639719,200,Success,"{'message': 'Success', 'quote': 'I never dreamed about success. I worked for it.', 'writer': 'Estee Lauder'}"
lyOvOf9ECVw31oJl,1744462074719,200,Success,"{'message': 'Success', 'quote': 'The way to get started is to quit talking and begin doing.', 'writer': 'Walt Disney'}"
lyOvOf9ECVw31oJl,1744444079719,200,Success,"{'message': 'Success', 'quote': 'I attribute my success to this: I never gave or took any excuse.', 'writer': 'Florence Nightingale'}"
lyOvOf9ECVw31oJl,1744439190719,200,Success,"{'message': 'Success', 'quote': 'If you really look closely, most overnight successes took a long time.', 'writer': 'Steve Jobs'}"
lyOvOf9ECVw31oJl,1744459635719,200,Success,"{'message': 'Success', 'quote': ""Believe you can and you're halfway there."", 'writer': 'Theodore Roosevelt'}"
lyOvOf9ECVw31oJl,1744452826719,200,Success,"{'message': 'Success', 'quote': 'Everything you can imagine is real.', 'writer': 'Pablo Picasso'}"
lyOvOf9ECVw31oJl,1744478610719,200,Success,"{'message': 'Success', 'quote': 'When you reach the end of your rope, tie a knot in it and hang on.', 'writer': 'Franklin D. Roosevelt'}"
lyOvOf9ECVw31oJl,1744487866719,200,Success,"{'message': 'Success', 'quote': 'Be yourself; everyone else is already taken.', 'writer': 'Oscar Wilde'}"
lyOvOf9ECVw31oJl,1744436819719,200,Success,"{'message': 'Success', 'quote': 'Do not go where the path may lead, go instead where there is no path and leave a trail.', 'writer': 'Ralph Waldo Emerson'}"
lyOvOf9ECVw31oJl,1744438312719,200,Success,"{'message': 'Success', 'quote': 'The best way to predict the future is to create it.', 'writer': 'Peter Drucker'}"
lyOvOf9ECVw31oJl,1744480515719,200,Success,"{'message': 'Success', 'quote': 'Get busy living or get busy dying.', 'writer': 'Stephen King'}"
lyOvOf9ECVw31oJl,1744438737719,200,Success,"{'message': 'Success', 'quote': 'Success is not how high you have climbed, but how you make a positive difference to the world.', 'writer': 'Roy T. Bennett'}"
lyOvOf9ECVw31oJl,1744456717719,200,Success,"{'message': 'Success', 'quote': 'Everything you can imagine is real.', 'writer': 'Pablo Picasso'}"
lyOvOf9ECVw31oJl,1744462617719,200,Success,"{'message': 'Success', 'quote': 'Don’t let yesterday take up too much of today.', 'writer': 'Will Rogers'}"
lyOvOf9ECVw31oJl,1744481181719,200,Success,"{'message': 'Success', 'quote': 'If you really look closely, most overnight successes took a long time.', 'writer': 'Steve Jobs'}"
lyOvOf9ECVw31oJl,1744469740719,200,Success,"{'message': 'Success', 'quote': 'Your time is limited, so don’t waste it living someone else’s life.', 'writer': 'Steve Jobs'}"
lyOvOf9ECVw31oJl,1744437914719,200,Success,"{'message': 'Success', 'quote': 'The way to get started is to quit talking and begin doing.', 'writer': 'Walt Disney'}"
lyOvOf9ECVw31oJl,1744457614719,429,Access limit reached,"{'error': 'Access limit reached', 'retry_after': '3 hours 59 minutes'}"
lyOvOf9ECVw31oJl,1744446386719,429,Access limit reached,"{'error': 'Access limit reached', 'retry_after': '3 hours 59 minutes'}"
lyOvOf9ECVw31oJl,1744476971719,429,Access limit reached,"{'error': 'Access limit reached', 'retry_after': '3 hours 59 minutes'}"
lyOvOf9ECVw31oJl,1744476613719,429,Access limit reached,"{'error': 'Access limit reached', 'retry_after': '3 hours 59 minutes'}"
lyOvOf9ECVw31oJl,1744487516719,429,Access limit reached,"{'error': 'Access limit reached', 'retry_after': '3 hours 59 minutes'}"
lyOvOf9ECVw31oJl,1744439911719,429,Access limit reached,"{'error': 'Access limit reached', 'retry_after': '3 hours 59 minutes'}"
lyOvOf9ECVw31oJl,1744461846719,429,Access limit reached,"{'error': 'Access limit reached', 'retry_after': '3 hours 59 minutes'}"
lyOvOf9ECVw31oJl,1744484942719,429,Access limit reached,"{'error': 'Access limit reached', 'retry_after': '3 hours 59 minutes'}"
lyOvOf9ECVw31oJl,1744484859719,429,Access limit reached,"{'error': 'Access limit reached', 'retry_after': '3 hours 59 minutes'}"
lyOvOf9ECVw31oJl,1744436015719,429,Access limit reached,"{'error': 'Access limit reached', 'retry_after': '3 hours 59 minutes'}"
lyOvOf9ECVw31oJl,1744472986719,429,Access limit reached,"{'error': 'Access limit reached', 'retry_after': '3 hours 59 minutes'}"
lyOvOf9ECVw31oJl,1744458207719,429,Access limit reached,"{'error': 'Access limit reached', 'retry_after': '3 hours 59 minutes'}"
lyOvOf9ECVw31oJl,1744472758719,429,Access limit reached,"{'error': 'Access limit reached', 'retry_after': '3 hours 59 minutes'}"
lyOvOf9ECVw31oJl,1744460639719,429,Access limit reached,"{'error': 'Access limit reached', 'retry_after': '3 hours 59 minutes'}"
lyOvOf9ECVw31oJl,1744446754719,429,Access limit reached,"{'error': 'Access limit reached', 'retry_after': '3 hours 59 minutes'}"
lyOvOf9ECVw31oJl,1744485800719,429,Access limit reached,"{'error': 'Access limit reached', 'retry_after': '3 hours 59 minutes'}"
lyOvOf9ECVw31oJl,1744446045719,429,Access limit reached,"{'error': 'Access limit reached', 'retry_after': '3 hours 59 minutes'}"
lyOvOf9ECVw31oJl,1744436284719,429,Access limit reached,"{'error': 'Access limit reached', 'retry_after': '3 hours 59 minutes'}"
lyOvOf9ECVw31oJl,1744431453719,429,Access limit reached,"{'error': 'Access limit reached', 'retry_after': '3 hours 59 minutes'}"
lyOvOf9ECVw31oJl,1744420152719,429,Access limit reached,"{'error': 'Access limit reached', 'retry_after': '3 hours 59 minutes'}"
lyOvOf9ECVw31oJl,1744474663719,429,Access limit reached,"{'error': 'Access limit reached', 'retry_after': '3 hours 59 minutes'}"
lyOvOf9ECVw31oJl,1744437563719,429,Access limit reached,"{'error': 'Access limit reached', 'retry_after': '3 hours 59 minutes'}"
lyOvOf9ECVw31oJl,1744431269719,429,Access limit reached,"{'error': 'Access limit reached', 'retry_after': '3 hours 59 minutes'}"
lyOvOf9ECVw31oJl,1744433294719,429,Access limit reached,"{'error': 'Access limit reached', 'retry_after': '3 hours 59 minutes'}"
lyOvOf9ECVw31oJl,1744436988719,429,Access limit reached,"{'error': 'Access limit reached', 'retry_after': '3 hours 59 minutes'}"
lyOvOf9ECVw31oJl,1744450178719,429,Access limit reached,"{'error': 'Access limit reached', 'retry_after': '3 hours 59 minutes'}"
lyOvOf9ECVw31oJl,1744450703719,429,Access limit reached,"{'error': 'Access limit reached', 'retry_after': '3 hours 59 minutes'}"
lyOvOf9ECVw31oJl,1744434320719,429,Access limit reached,"{'error': 'Access limit reached', 'retry_after': '3 hours 59 minutes'}"
lyOvOf9ECVw31oJl,1744473897719,429,Access limit reached,"{'error': 'Access limit reached', 'retry_after': '3 hours 59 minutes'}"
lyOvOf9ECVw31oJl,1744483661719,429,Access limit reached,"{'error': 'Access limit reached', 'retry_after': '3 hours 59 minutes'}"
lyOvOf9ECVw31oJl,1744479141719,429,Access limit reached,"{'error': 'Access limit reached', 'retry_after': '3 hours 59 minutes'}"
lyOvOf9ECVw31oJl,1744431092719,429,Access limit reached,"{'error': 'Access limit reached', 'retry_after': '3 hours 59 minutes'}"
lyOvOf9ECVw31oJl,1744443777719,429,Access limit reached,"{'error': 'Access limit reached', 'retry_after': '3 hours 59 minutes'}"
lyOvOf9ECVw31oJl,1744460311719,429,Access limit reached,"{'error': 'Access limit reached', 'retry_after': '3 hours 59 minutes'}"
lyOvOf9ECVw31oJl,1744433687719,429,Access limit reached,"{'error': 'Access limit reached', 'retry_after': '3 hours 59 minutes'}"
lyOvOf9ECVw31oJl,1744485144719,429,Access limit reached,"{'error': 'Access limit reached', 'retry_after': '3 hours 59 minutes'}"
lyOvOf9ECVw31oJl,1744473731719,429,Access limit reached,"{'error': 'Access limit reached', 'retry_after': '3 hours 59 minutes'}"
lyOvOf9ECVw31oJl,1744455524719,429,Access limit reached,"{'error': 'Access limit reached', 'retry_after': '3 hours 59 minutes'}"
lyOvOf9ECVw31oJl,1744457781719,429,Access limit reached,"{'error': 'Access limit reached', 'retry_after': '3 hours 59 minutes'}"
lyOvOf9ECVw31oJl,1744467196719,429,Access limit reached,"{'error': 'Access limit reached', 'retry_after': '3 hours 59 minutes'}"
lyOvOf9ECVw31oJl,1744474782719,429,Access limit reached,"{'error': 'Access limit reached', 'retry_after': '3 hours 59 minutes'}"
lyOvOf9ECVw31oJl,1744476800719,429,Access limit reached,"{'error': 'Access limit reached', 'retry_after': '3 hours 59 minutes'}"
lyOvOf9ECVw31oJl,1744430016719,429,Access limit reached,"{'error': 'Access limit reached', 'retry_after': '3 hours 59 minutes'}"
lyOvOf9ECVw31oJl,1744439192719,429,Access limit reached,"{'error': 'Access limit reached', 'retry_after': '3 hours 59 minutes'}"
lyOvOf9ECVw31oJl,1744464639719,429,Access limit reached,"{'error': 'Access limit reached', 'retry_after': '3 hours 59 minutes'}"
lyOvOf9ECVw31oJl,1744475090719,429,Access limit reached,"{'error': 'Access limit reached', 'retry_after': '3 hours 59 minutes'}"
lyOvOf9ECVw31oJl,1744470495719,429,Access limit reached,"{'error': 'Access limit reached', 'retry_after': '3 hours 59 minutes'}"
lyOvOf9ECVw31oJl,1744469532719,429,Access limit reached,"{'error': 'Access limit reached', 'retry_after': '3 hours 59 minutes'}"
lyOvOf9ECVw31oJl,1744433515719,429,Access limit reached,"{'error': 'Access limit reached', 'retry_after': '3 hours 59 minutes'}"
lyOvOf9ECVw31oJl,1744433051719,429,Access limit reached,"{'error': 'Access limit reached', 'retry_after': '3 hours 59 minutes'}"
lyOvOf9ECVw31oJl,1744456899719,429,Access limit reached,"{'error': 'Access limit reached', 'retry_after': '3 hours 59 minutes'}"
lyOvOf9ECVw31oJl,1744448879719,429,Access limit reached,"{'error': 'Access limit reached', 'retry_after': '3 hours 59 minutes'}"
lyOvOf9ECVw31oJl,1744427981719,429,Access limit reached,"{'error': 'Access limit reached', 'retry_after': '3 hours 59 minutes'}"
lyOvOf9ECVw31oJl,1744430202719,429,Access limit reached,"{'error': 'Access limit reached', 'retry_after': '3 hours 59 minutes'}"
FD1h5yD4SNkrTgW2,1744439298719,200,Success,"{'message': 'Success', 'quote': 'I attribute my success to this: I never gave or took any excuse.', 'writer': 'Florence Nightingale'}"
FD1h5yD4SNkrTgW2,1744481482719,200,Success,"{'message': 'Success', 'quote': 'Get busy living or get busy dying.', 'writer': 'Stephen King'}"
FD1h5yD4SNkrTgW2,1744424926719,200,Success,"{'message': 'Success', 'quote': 'Success is getting what you want. Happiness is wanting what you get.', 'writer': 'Dale Carnegie'}"
FD1h5yD4SNkrTgW2,1744456122719,200,Success,"{'message': 'Success', 'quote': 'Everything you’ve ever wanted is on the other side of fear.', 'writer': 'George Addair'}"
FD1h5yD4SNkrTgW2,1744472384719,200,Success,"{'message': 'Success', 'quote': 'Do what you can, with what you have, where you are.', 'writer': 'Theodore Roosevelt'}"
FD1h5yD4SNkrTgW2,1744480215719,200,Success,"{'message': 'Success', 'quote': 'Get busy living or get busy dying.', 'writer': 'Stephen King'}"
FD1h5yD4SNkrTgW2,1744483520719,200,Success,"{'message': 'Success', 'quote': 'Everything you’ve ever wanted is on the other side of fear.', 'writer': 'George Addair'}"
FD1h5yD4SNkrTgW2,1744467042719,200,Success,"{'message': 'Success', 'quote': 'Keep your face always toward the sunshine—and shadows will fall behind you.', 'writer': 'Walt Whitman'}"
FD1h5yD4SNkrTgW2,1744474474719,200,Success,"{'message': 'Success', 'quote': 'To succeed in life, you need two things: ignorance and confidence.', 'writer': 'Mark Twain'}"
FD1h5yD4SNkrTgW2,1744470075719,200,Success,"{'message': 'Success', 'quote': 'A journey of a thousand miles begins with a single step.', 'writer': 'Lao Tzu'}"
FD1h5yD4SNkrTgW2,1744440899719,200,Success,"{'message': 'Success', 'quote': 'Success is not final, failure is not fatal: It is the courage to continue that counts.', 'writer': 'Winston Churchill'}"
FD1h5yD4SNkrTgW2,1744451823719,200,Success,"{'message': 'Success', 'quote': 'To be yourself in a world that is constantly trying to make you something else is the greatest accomplishment.', 'writer': 'Ralph Waldo Emerson'}"
FD1h5yD4SNkrTgW2,1744486887719,200,Success,"{'message': 'Success', 'quote': 'Keep your face always toward the sunshine—and shadows will fall behind you.', 'writer': 'Walt Whitman'}"
FD1h5yD4SNkrTgW2,1744431031719,200,Success,"{'message': 'Success', 'quote': 'Failure is simply the opportunity to begin again, this time more intelligently.', 'writer': 'Henry Ford'}"
FD1h5yD4SNkrTgW2,1744464963719,200,Success,"{'message': 'Success', 'quote': 'Success is getting what you want. Happiness is wanting what you get.', 'writer': 'Dale Carnegie'}"
FD1h5yD4SNkrTgW2,1744431509719,200,Success,"{'message': 'Success', 'quote': 'Success is not in what you have, but who you are.', 'writer': 'Bo Bennett'}"
FD1h5yD4SNkrTgW2,1744449908719,200,Success,"{'message': 'Success', 'quote': 'If opportunity doesn’t knock, build a door.', 'writer': 'Milton Berle'}"
FD1h5yD4SNkrTgW2,1744445294719,200,Success,"{'message': 'Success', 'quote': 'Do what you feel in your heart to be right—for you’ll be criticized anyway.', 'writer': 'Eleanor Roosevelt'}"
FD1h5yD4SNkrTgW2,1744443619719,200,Success,"{'message': 'Success', 'quote': 'Quality means doing it right when no one is looking.', 'writer': 'Henry Ford'}"
FD1h5yD4SNkrTgW2,1744476543719,200,Success,"{'message': 'Success', 'quote': 'It always seems impossible until it’s done.', 'writer': 'Nelson Mandela'}"
FD1h5yD4SNkrTgW2,1744449098719,200,Success,"{'message': 'Success', 'quote': 'Do what you can, with what you have, where you are.', 'writer': 'Theodore Roosevelt'}"
FD1h5yD4SNkrTgW2,1744435372719,200,Success,"{'message': 'Success', 'quote': 'Success is getting what you want. Happiness is wanting what you get.', 'writer': 'Dale Carnegie'}"
FD1h5yD4SNkrTgW2,1744429070719,200,Success,"{'message': 'Success', 'quote': 'The only limit to our realization of tomorrow is our doubts of today.', 'writer': 'Franklin D. Roosevelt'}"
FD1h5yD4SNkrTgW2,1744479898719,200,Success,"{'message': 'Success', 'quote': 'A person who never made a mistake never tried anything new.', 'writer': 'Albert Einstein'}"
FD1h5yD4SNkrTgW2,1744453386719,200,Success,"{'message': 'Success', 'quote': 'Don’t count the days, make the days count.', 'writer': 'Muhammad Ali'}"
FD1h5yD4SNkrTgW2,1744427047719,200,Success,"{'message': 'Success', 'quote': 'Do not go where the path may lead, go instead where there is no path and leave a trail.', 'writer': 'Ralph Waldo Emerson'}"
FD1h5yD4SNkrTgW2,1744417472719,200,Success,"{'message': 'Success', 'quote': 'It’s not whether you get knocked down, it’s whether you get up.', 'writer': 'Vince Lombardi'}"
FD1h5yD4SNkrTgW2,1744452802719,200,Success,"{'message': 'Success', 'quote': 'To succeed in life, you need two things: ignorance and confidence.', 'writer': 'Mark Twain'}"
FD1h5yD4SNkrTgW2,1744444524719,200,Success,"{'message': 'Success', 'quote': 'The way to get started is to quit talking and begin doing.', 'writer': 'Walt Disney'}"
FD1h5yD4SNkrTgW2,1744425869719,200,Success,"{'message': 'Success', 'quote': 'The way to get started is to quit talking and begin doing.', 'writer': 'Walt Disney'}"
FD1h5yD4SNkrTgW2,1744428562719,429,Access limit reached,"{'error': 'Access limit reached', 'retry_after': '0 hours 19 minutes'}"
FD1h5yD4SNkrTgW2,1744464022719,429,Access limit reached,"{'error': 'Access limit reached', 'retry_after': '0 hours 19 minutes'}"
FD1h5yD4SNkrTgW2,1744478561719,429,Access limit reached,"{'error': 'Access limit reached', 'retry_after': '0 hours 19 minutes'}"
FD1h5yD4SNkrTgW2,1744482838719,429,Access limit reached,"{'error': 'Access limit reached', 'retry_after': '0 hours 19 minutes'}"
FD1h5yD4SNkrTgW2,1744456498719,429,Access limit reached,"{'error': 'Access limit reached', 'retry_after': '0 hours 19 minutes'}"
FD1h5yD4SNkrTgW2,1744481123719,429,Access limit reached,"{'error': 'Access limit reached', 'retry_after': '0 hours 19 minutes'}"
FD1h5yD4SNkrTgW2,1744453269719,429,Access limit reached,"{'error': 'Access limit reached', 'retry_after': '0 hours 19 minutes'}"
FD1h5yD4SNkrTgW2,1744481442719,429,Access limit reached,"{'error': 'Access limit reached', 'retry_after': '0 hours 19 minutes'}"
FD1h5yD4SNkrTgW2,1744462102719,429,Access limit reached,"{'error': 'Access limit reached', 'retry_after': '0 hours 19 minutes'}"
FD1h5yD4SNkrTgW2,1744472820719,429,Access limit reached,"{'error': 'Access limit reached', 'retry_after': '0 hours 19 minutes'}"
FD1h5yD4SNkrTgW2,1744450235719,429,Access limit reached,"{'error': 'Access limit reached', 'retry_after': '0 hours 19 minutes'}"
FD1h5yD4SNkrTgW2,1744464768719,429,Access limit reached,"{'error': 'Access limit reached', 'retry_after': '0 hours 19 minutes'}"
FD1h5yD4SNkrTgW2,1744463620719,429,Access limit reached,"{'error': 'Access limit reached', 'retry_after': '0 hours 19 minutes'}"
FD1h5yD4SNkrTgW2,1744459482719,429,Access limit reached,"{'error': 'Access limit reached', 'retry_after': '0 hours 19 minutes'}"
FD1h5yD4SNkrTgW2,1744461773719,429,Access limit reached,"{'error': 'Access limit reached', 'retry_after': '0 hours 19 minutes'}"
FD1h5yD4SNkrTgW2,1744469539719,429,Access limit reached,"{'error': 'Access limit reached', 'retry_after': '0 hours 19 minutes'}"
FD1h5yD4SNkrTgW2,1744456485719,429,Access limit reached,"{'error': 'Access limit reached', 'retry_after': '0 hours 19 minutes'}"
FD1h5yD4SNkrTgW2,1744473043719,429,Access limit reached,"{'error': 'Access limit reached', 'retry_after': '0 hours 19 minutes'}"
FD1h5yD4SNkrTgW2,1744481915719,429,Access limit reached,"{'error': 'Access limit reached', 'retry_after': '0 hours 19 minutes'}"
FD1h5yD4SNkrTgW2,1744429552719,429,Access limit reached,"{'error': 'Access limit reached', 'retry_after': '0 hours 19 minutes'}"
FD1h5yD4SNkrTgW2,1744424366719,429,Access limit reached,"{'error': 'Access limit reached', 'retry_after': '0 hours 19 minutes'}"
FD1h5yD4SNkrTgW2,1744476665719,429,Access limit reached,"{'error': 'Access limit reached', 'retry_after': '0 hours 19 minutes'}"
FD1h5yD4SNkrTgW2,1744416495719,429,Access limit reached,"{'error': 'Access limit reached', 'retry_after': '0 hours 19 minutes'}"
FD1h5yD4SNkrTgW2,1744423860719,429,Access limit reached,"{'error': 'Access limit reached', 'retry_after': '0 hours 19 minutes'}"
FD1h5yD4SNkrTgW2,1744464130719,429,Access limit reached,"{'error': 'Access limit reached', 'retry_after': '0 hours 19 minutes'}"
FD1h5yD4SNkrTgW2,1744476621719,429,Access limit reached,"{'error': 'Access limit reached', 'retry_after': '0 hours 19 minutes'}"
FD1h5yD4SNkrTgW2,1744485638719,429,Access limit reached,"{'error': 'Access limit reached', 'retry_after': '0 hours 19 minutes'}"
FD1h5yD4SNkrTgW2,1744460551719,429,Access limit reached,"{'error': 'Access limit reached', 'retry_after': '0 hours 19 minutes'}"
FD1h5yD4SNkrTgW2,1744434864719,429,Access limit reached,"{'error': 'Access limit reached', 'retry_after': '0 hours 19 minutes'}"
FD1h5yD4SNkrTgW2,1744459939719,429,Access limit reached,"{'error': 'Access limit reached', 'retry_after': '0 hours 19 minutes'}"
FD1h5yD4SNkrTgW2,1744423528719,429,Access limit reached,"{'error': 'Access limit reached', 'retry_after': '0 hours 19 minutes'}"
FD1h5yD4SNkrTgW2,1744449156719,429,Access limit reached,"{'error': 'Access limit reached', 'retry_after': '0 hours 19 minutes'}"
FD1h5yD4SNkrTgW2,1744460191719,429,Access limit reached,"{'error': 'Access limit reached', 'retry_after': '0 hours 19 minutes'}"
FD1h5yD4SNkrTgW2,1744440120719,429,Access limit reached,"{'error': 'Access limit reached', 'retry_after': '0 hours 19 minutes'}"
FD1h5yD4SNkrTgW2,1744442071719,429,Access limit reached,"{'error': 'Access limit reached', 'retry_after': '0 hours 19 minutes'}"
FD1h5yD4SNkrTgW2,1744483366719,429,Access limit reached,"{'error': 'Access limit reached', 'retry_after': '0 hours 19 minutes'}"
FD1h5yD4SNkrTgW2,1744474553719,429,Access limit reached,"{'error': 'Access limit reached', 'retry_after': '0 hours 19 minutes'}"
FD1h5yD4SNkrTgW2,1744480895719,429,Access limit reached,"{'error': 'Access limit reached', 'retry_after': '0 hours 19 minutes'}"
FD1h5yD4SNkrTgW2,1744457955719,429,Access limit reached,"{'error': 'Access limit reached', 'retry_after': '0 hours 19 minutes'}"
FD1h5yD4SNkrTgW2,1744461065719,429,Access limit reached,"{'error': 'Access limit reached', 'retry_after': '0 hours 19 minutes'}"
FD1h5yD4SNkrTgW2,1744431880719,429,Access limit reached,"{'error': 'Access limit reached', 'retry_after': '0 hours 19 minutes'}"
FD1h5yD4SNkrTgW2,1744423481719,429,Access limit reached,"{'error': 'Access limit reached', 'retry_after': '0 hours 19 minutes'}"
FD1h5yD4SNkrTgW2,1744418306719,429,Access limit reached,"{'error': 'Access limit reached', 'retry_after': '0 hours 19 minutes'}"
FD1h5yD4SNkrTgW2,1744425050719,429,Access limit reached,"{'error': 'Access limit reached', 'retry_after': '0 hours 19 minutes'}"
GUahXMpJsr7NDTyu,1744457369719,429,Access limit reached,"{'error': 'Access limit reached', 'retry_after': '0 hours 49 minutes'}"
GUahXMpJsr7NDTyu,1744421588719,429,Access limit reached,"{'error': 'Access limit reached', 'retry_after': '0 hours 49 minutes'}"
GUahXMpJsr7NDTyu,1744443060719,429,Access limit reached,"{'error': 'Access limit reached', 'retry_after': '0 hours 49 minutes'}"
GUahXMpJsr7NDTyu,1744443830719,429,Access limit reached,"{'error': 'Access limit reached', 'retry_after': '0 hours 49 minutes'}"
GUahXMpJsr7NDTyu,1744483174719,429,Access limit reached,"{'error': 'Access limit reached', 'retry_after': '0 hours 49 minutes'}"
GUahXMpJsr7NDTyu,1744432929719,429,Access limit reached,"{'error': 'Access limit reached', 'retry_after': '0 hours 49 minutes'}"
GUahXMpJsr7NDTyu,1744428073719,429,Access limit reached,"{'error': 'Access limit reached', 'retry_after': '0 hours 49 minutes'}"
GUahXMpJsr7NDTyu,1744454728719,429,Access limit reached,"{'error': 'Access limit reached', 'retry_after': '0 hours 49 minutes'}"
GUahXMpJsr7NDTyu,1744484990719,429,Access limit reached,"{'error': 'Access limit reached', 'retry_after': '0 hours 49 minutes'}"
GUahXMpJsr7NDTyu,1744424057719,429,Access limit reached,"{'error': 'Access limit reached', 'retry_after': '0 hours 49 minutes'}"
GUahXMpJsr7NDTyu,1744437469719,429,Access limit reached,"{'error': 'Access limit reached', 'retry_after': '0 hours 49 minutes'}"
GUahXMpJsr7NDTyu,1744429305719,429,Access limit reached,"{'error': 'Access limit reached', 'retry_after': '0 hours 49 minutes'}"
GUahXMpJsr7NDTyu,1744476350719,429,Access limit reached,"{'error': 'Access limit reached', 'retry_after': '0 hours 49 minutes'}"
GUahXMpJsr7NDTyu,1744418490719,429,Access limit reached,"{'error': 'Access limit reached', 'retry_after': '0 hours 49 minutes'}"
GUahXMpJsr7NDTyu,1744425563719,429,Access limit reached,"{'error': 'Access limit reached', 'retry_after': '0 hours 49 minutes'}"
GUahXMpJsr7NDTyu,1744459461719,429,Access limit reached,"{'error': 'Access limit reached', 'retry_after': '0 hours 49 minutes'}"
GUahXMpJsr7NDTyu,1744466024719,429,Access limit reached,"{'error': 'Access limit reached', 'retry_after': '0 hours 49 minutes'}"
GUahXMpJsr7NDTyu,1744420017719,429,Access limit reached,"{'error': 'Access limit reached', 'retry_after': '0 hours 49 minutes'}"
GUahXMpJsr7NDTyu,1744450115719,429,Access limit reached,"{'error': 'Access limit reached', 'retry_after': '0 hours 49 minutes'}"
GUahXMpJsr7NDTyu,1744441300719,429,Access limit reached,"{'error': 'Access limit reached', 'retry_after': '0 hours 49 minutes'}"
GUahXMpJsr7NDTyu,1744447952719,429,Access limit reached,"{'error': 'Access limit reached', 'retry_after': '0 hours 49 minutes'}"
GUahXMpJsr7NDTyu,1744468171719,429,Access limit reached,"{'error': 'Access limit reached', 'retry_after': '0 hours 49 minutes'}"
GUahXMpJsr7NDTyu,1744464453719,429,Access limit reached,"{'error': 'Access limit reached', 'retry_after': '0 hours 49 minutes'}"
GUahXMpJsr7NDTyu,1744443002719,429,Access limit reached,"{'error': 'Access limit reached', 'retry_after': '0 hours 49 minutes'}"
GUahXMpJsr7NDTyu,1744462786719,429,Access limit reached,"{'error': 'Access limit reached', 'retry_after': '0 hours 49 minutes'}"
GUahXMpJsr7NDTyu,1744431970719,429,Access limit reached,"{'error': 'Access limit reached', 'retry_after': '0 hours 49 minutes'}"
GUahXMpJsr7NDTyu,1744448560719,429,Access limit reached,"{'error': 'Access limit reached', 'retry_after': '0 hours 49 minutes'}"
GUahXMpJsr7NDTyu,1744478148719,429,Access limit reached,"{'error': 'Access limit reached', 'retry_after': '0 hours 49 minutes'}"
GUahXMpJsr7NDTyu,1744455970719,429,Access limit reached,"{'error': 'Access limit reached', 'retry_after': '0 hours 49 minutes'}"
GUahXMpJsr7NDTyu,1744449628719,429,Access limit reached,"{'error': 'Access limit reached', 'retry_after': '0 hours 49 minutes'}"
GUahXMpJsr7NDTyu,1744449458719,429,Access limit reached,"{'error': 'Access limit reached', 'retry_after': '0 hours 49 minutes'}"
FD1h5yD4SNkrTgW2,1744419991719,429,Access limit reached,"{'error': 'Access limit reached', 'retry_after': '0 hours 19 minutes'}"
FD1h5yD4SNkrTgW2,1744465288719,429,Access limit reached,"{'error': 'Access limit reached', 'retry_after': '0 hours 19 minutes'}"
FD1h5yD4SNkrTgW2,1744438185719,429,Access limit reached,"{'error': 'Access limit reached', 'retry_after': '0 hours 19 minutes'}"
FD1h5yD4SNkrTgW2,1744446688719,429,Access limit reached,"{'error': 'Access limit reached', 'retry_after': '0 hours 19 minutes'}"
FD1h5yD4SNkrTgW2,1744445721719,429,Access limit reached,"{'error': 'Access limit reached', 'retry_after': '0 hours 19 minutes'}"
FD1h5yD4SNkrTgW2,1744467517719,429,Access limit reached,"{'error': 'Access limit reached', 'retry_after': '0 hours 19 minutes'}"
FD1h5yD4SNkrTgW2,1744462028719,429,Access limit reached,"{'error': 'Access limit reached', 'retry_after': '0 hours 19 minutes'}"
FD1h5yD4SNkrTgW2,1744460078719,429,Access limit reached,"{'error': 'Access limit reached', 'retry_after': '0 hours 19 minutes'}"
FD1h5yD4SNkrTgW2,1744454891719,429,Access limit reached,"{'error': 'Access limit reached', 'retry_after': '0 hours 19 minutes'}"
FD1h5yD4SNkrTgW2,1744485833719,429,Access limit reached,"{'error': 'Access limit reached', 'retry_after': '0 hours 19 minutes'}"
FD1h5yD4SNkrTgW2,1744430147719,429,Access limit reached,"{'error': 'Access limit reached', 'retry_after': '0 hours 19 minutes'}"
FD1h5yD4SNkrTgW2,1744449102719,429,Access limit reached,"{'error': 'Access limit reached', 'retry_after': '0 hours 19 minutes'}"
FD1h5yD4SNkrTgW2,1744465990719,429,Access limit reached,"{'error': 'Access limit reached', 'retry_after': '0 hours 19 minutes'}"
FD1h5yD4SNkrTgW2,1744426630719,429,Access limit reached,"{'error': 'Access limit reached', 'retry_after': '0 hours 19 minutes'}"
FD1h5yD4SNkrTgW2,1744425425719,429,Access limit reached,"{'error': 'Access limit reached', 'retry_after': '0 hours 19 minutes'}"
FD1h5yD4SNkrTgW2,1744477089719,429,Access limit reached,"{'error': 'Access limit reached', 'retry_after': '0 hours 19 minutes'}"
FD1h5yD4SNkrTgW2,1744471094719,429,Access limit reached,"{'error': 'Access limit reached', 'retry_after': '0 hours 19 minutes'}"
FD1h5yD4SNkrTgW2,1744478932719,429,Access limit reached,"{'error': 'Access limit reached', 'retry_after': '0 hours 19 minutes'}"
FD1h5yD4SNkrTgW2,1744475113719,429,Access limit reached,"{'error': 'Access limit reached', 'retry_after': '0 hours 19 minutes'}"
FD1h5yD4SNkrTgW2,1744460505719,429,Access limit reached,"{'error': 'Access limit reached', 'retry_after': '0 hours 19 minutes'}"
FD1h5yD4SNkrTgW2,1744481976719,429,Access limit reached,"{'error': 'Access limit reached', 'retry_after': '0 hours 19 minutes'}"
FD1h5yD4SNkrTgW2,1744464588719,429,Access limit reached,"{'error': 'Access limit reached', 'retry_after': '0 hours 19 minutes'}"
FD1h5yD4SNkrTgW2,1744437069719,429,Access limit reached,"{'error': 'Access limit reached', 'retry_after': '0 hours 19 minutes'}"
FD1h5yD4SNkrTgW2,1744478298719,429,Access limit reached,"{'error': 'Access limit reached', 'retry_after': '0 hours 19 minutes'}"
FD1h5yD4SNkrTgW2,1744468886719,429,Access limit reached,"{'error': 'Access limit reached', 'retry_after': '0 hours 19 minutes'}"
FD1h5yD4SNkrTgW2,1744445528719,429,Access limit reached,"{'error': 'Access limit reached', 'retry_after': '0 hours 19 minutes'}"
FD1h5yD4SNkrTgW2,1744478132719,429,Access limit reached,"{'error': 'Access limit reached', 'retry_after': '0 hours 19 minutes'}"
FD1h5yD4SNkrTgW2,1744435269719,429,Access limit reached,"{'error': 'Access limit reached', 'retry_after': '0 hours 19 minutes'}"
FD1h5yD4SNkrTgW2,1744440576719,429,Access limit reached,"{'error': 'Access limit reached', 'retry_after': '0 hours 19 minutes'}"
FD1h5yD4SNkrTgW2,1744440943719,429,Access limit reached,"{'error': 'Access limit reached', 'retry_after': '0 hours 19 minutes'}"
FD1h5yD4SNkrTgW2,1744454019719,429,Access limit reached,"{'error': 'Access limit reached', 'retry_after': '0 hours 19 minutes'}"
FD1h5yD4SNkrTgW2,1744449517719,429,Access limit reached,"{'error': 'Access limit reached', 'retry_after': '0 hours 19 minutes'}"
FD1h5yD4SNkrTgW2,1744478679719,429,Access limit reached,"{'error': 'Access limit reached', 'retry_after': '0 hours 19 minutes'}"
FD1h5yD4SNkrTgW2,1744424992719,429,Access limit reached,"{'error': 'Access limit reached', 'retry_after': '0 hours 19 minutes'}"
FD1h5yD4SNkrTgW2,1744482979719,429,Access limit reached,"{'error': 'Access limit reached', 'retry_after': '0 hours 19 minutes'}"
FD1h5yD4SNkrTgW2,1744463471719,429,Access limit reached,"{'error': 'Access limit reached', 'retry_after': '0 hours 19 minutes'}"
FD1h5yD4SNkrTgW2,1744416555719,429,Access limit reached,"{'error': 'Access limit reached', 'retry_after': '0 hours 19 minutes'}"
FD1h5yD4SNkrTgW2,1744417317719,429,Access limit reached,"{'error': 'Access limit reached', 'retry_after': '0 hours 19 minutes'}"
FD1h5yD4SNkrTgW2,1744470580719,429,Access limit reached,"{'error': 'Access limit reached', 'retry_after': '0 hours 19 minutes'}"
FD1h5yD4SNkrTgW2,1744418628719,429,Access limit reached,"{'error': 'Access limit reached', 'retry_after': '0 hours 19 minutes'}"
FD1h5yD4SNkrTgW2,1744429011719,429,Access limit reached,"{'error': 'Access limit reached', 'retry_after': '0 hours 19 minutes'}"
FD1h5yD4SNkrTgW2,1744483001719,429,Access limit reached,"{'error': 'Access limit reached', 'retry_after': '0 hours 19 minutes'}"
FD1h5yD4SNkrTgW2,1744437205719,429,Access limit reached,"{'error': 'Access limit reached', 'retry_after': '0 hours 19 minutes'}"
FD1h5yD4SNkrTgW2,1744447945719,429,Access limit reached,"{'error': 'Access limit reached', 'retry_after': '0 hours 19 minutes'}"
FD1h5yD4SNkrTgW2,1744431437719,429,Access limit reached,"{'error': 'Access limit reached', 'retry_after': '0 hours 19 minutes'}"
lyOvOf9ECVw31oJl,1744476034719,429,Access limit reached,"{'error': 'Access limit reached', 'retry_after': '3 hours 58 minutes'}"
lyOvOf9ECVw31oJl,1744445167719,429,Access limit reached,"{'error': 'Access limit reached', 'retry_after': '3 hours 58 minutes'}"
lyOvOf9ECVw31oJl,1744441119719,429,Access limit reached,"{'error': 'Access limit reached', 'retry_after': '3 hours 58 minutes'}"
lyOvOf9ECVw31oJl,1744447183719,429,Access limit reached,"{'error': 'Access limit reached', 'retry_after': '3 hours 58 minutes'}"
lyOvOf9ECVw31oJl,1744440241719,429,Access limit reached,"{'error': 'Access limit reached', 'retry_after': '3 hours 58 minutes'}"
lyOvOf9ECVw31oJl,1744448565719,429,Access limit reached,"{'error': 'Access limit reached', 'retry_after': '3 hours 58 minutes'}"
lyOvOf9ECVw31oJl,1744464259719,429,Access limit reached,"{'error': 'Access limit reached', 'retry_after': '3 hours 58 minutes'}"
lyOvOf9ECVw31oJl,1744465558719,429,Access limit reached,"{'error': 'Access limit reached', 'retry_after': '3 hours 58 minutes'}"
lyOvOf9ECVw31oJl,1744452943719,429,Access limit reached,"{'error': 'Access limit reached', 'retry_after': '3 hours 58 minutes'}"
lyOvOf9ECVw31oJl,1744427695719,429,Access limit reached,"{'error': 'Access limit reached', 'retry_after': '3 hours 58 minutes'}"
lyOvOf9ECVw31oJl,1744470487719,429,Access limit reached,"{'error': 'Access limit reached', 'retry_after': '3 hours 58 minutes'}"
lyOvOf9ECVw31oJl,1744454134719,429,Access limit reached,"{'error': 'Access limit reached', 'retry_after': '3 hours 58 minutes'}"
lyOvOf9ECVw31oJl,1744464895719,429,Access limit reached,"{'error': 'Access limit reached', 'retry_after': '3 hours 58 minutes'}"
lyOvOf9ECVw31oJl,1744454398719,429,Access limit reached,"{'error': 'Access limit reached', 'retry_after': '3 hours 58 minutes'}"
lyOvOf9ECVw31oJl,1744472868719,429,Access limit reached,"{'error': 'Access limit reached', 'retry_after': '3 hours 58 minutes'}"
lyOvOf9ECVw31oJl,1744417525719,429,Access limit reached,"{'error': 'Access limit reached', 'retry_after': '3 hours 58 minutes'}"
lyOvOf9ECVw31oJl,1744465530719,429,Access limit reached,"{'error': 'Access limit reached', 'retry_after': '3 hours 58 minutes'}"
lyOvOf9ECVw31oJl,1744429740719,429,Access limit reached,"{'error': 'Access limit reached', 'retry_after': '3 hours 58 minutes'}"
lyOvOf9ECVw31oJl,1744416736719,429,Access limit reached,"{'error': 'Access limit reached', 'retry_after': '3 hours 58 minutes'}"
lyOvOf9ECVw31oJl,1744470132719,429,Access limit reached,"{'error': 'Access limit reached', 'retry_after': '3 hours 58 minutes'}"
lyOvOf9ECVw31oJl,1744440919719,429,Access limit reached,"{'error': 'Access limit reached', 'retry_after': '3 hours 58 minutes'}"
lyOvOf9ECVw31oJl,1744486274719,429,Access limit reached,"{'error': 'Access limit reached', 'retry_after': '3 hours 58 minutes'}"
lyOvOf9ECVw31oJl,1744440944719,429,Access limit reached,"{'error': 'Access limit reached', 'retry_after': '3 hours 58 minutes'}"
lyOvOf9ECVw31oJl,1744474818719,429,Access limit reached,"{'error': 'Access limit reached', 'retry_after': '3 hours 58 minutes'}"
lyOvOf9ECVw31oJl,1744431090719,429,Access limit reached,"{'error': 'Access limit reached', 'retry_after': '3 hours 58 minutes'}"
lyOvOf9ECVw31oJl,1744473535719,429,Access limit reached,"{'error': 'Access limit reached', 'retry_after': '3 hours 58 minutes'}"
lyOvOf9ECVw31oJl,1744471216719,429,Access limit reached,"{'error': 'Access limit reached', 'retry_after': '3 hours 58 minutes'}"
lyOvOf9ECVw31oJl,1744417628719,429,Access limit reached,"{'error': 'Access limit reached', 'retry_after': '3 hours 58 minutes'}"
lyOvOf9ECVw31oJl,1744463706719,429,Access limit reached,"{'error': 'Access limit reached', 'retry_after': '3 hours 58 minutes'}"
lyOvOf9ECVw31oJl,1744437504719,429,Access limit reached,"{'error': 'Access limit reached', 'retry_after': '3 hours 58 minutes'}"
lyOvOf9ECVw31oJl,1744433890719,429,Access limit reached,"{'error': 'Access limit reached', 'retry_after': '3 hours 58 minutes'}"
lyOvOf9ECVw31oJl,1744446905719,429,Access limit reached,"{'error': 'Access limit reached', 'retry_after': '3 hours 58 minutes'}"
lyOvOf9ECVw31oJl,1744454132719,429,Access limit reached,"{'error': 'Access limit reached', 'retry_after': '3 hours 58 minutes'}"
lyOvOf9ECVw31oJl,1744424339719,429,Access limit reached,"{'error': 'Access limit reached', 'retry_after': '3 hours 58 minutes'}"
GUahXMpJsr7NDTyu,1744441213719,429,Access limit reached,"{'error': 'Access limit reached', 'retry_after': '0 hours 49 minutes'}"
GUahXMpJsr7NDTyu,1744420745719,429,Access limit reached,"{'error': 'Access limit reached', 'retry_after': '0 hours 49 minutes'}"
GUahXMpJsr7NDTyu,1744424396719,429,Access limit reached,"{'error': 'Access limit reached', 'retry_after': '0 hours 49 minutes'}"
GUahXMpJsr7NDTyu,1744478968719,429,Access limit reached,"{'error': 'Access limit reached', 'retry_after': '0 hours 49 minutes'}"
GUahXMpJsr7NDTyu,1744480802719,429,Access limit reached,"{'error': 'Access limit reached', 'retry_after': '0 hours 49 minutes'}"
GUahXMpJsr7NDTyu,1744420008719,429,Access limit reached,"{'error': 'Access limit reached', 'retry_after': '0 hours 49 minutes'}"
GUahXMpJsr7NDTyu,1744452854719,429,Access limit reached,"{'error': 'Access limit reached', 'retry_after': '0 hours 49 minutes'}"
GUahXMpJsr7NDTyu,1744434425719,429,Access limit reached,"{'error': 'Access limit reached', 'retry_after': '0 hours 49 minutes'}"
GUahXMpJsr7NDTyu,1744473855719,429,Access limit reached,"{'error': 'Access limit reached', 'retry_after': '0 hours 49 minutes'}"
GUahXMpJsr7NDTyu,1744456950719,429,Access limit reached,"{'error': 'Access limit reached', 'retry_after': '0 hours 49 minutes'}"
GUahXMpJsr7NDTyu,1744467946719,429,Access limit reached,"{'error': 'Access limit reached', 'retry_after': '0 hours 49 minutes'}"
GUahXMpJsr7NDTyu,1744444368719,429,Access limit reached,"{'error': 'Access limit reached', 'retry_after': '0 hours 49 minutes'}"
GUahXMpJsr7NDTyu,1744484323719,429,Access limit reached,"{'error': 'Access limit reached', 'retry_after': '0 hours 49 minutes'}"
GUahXMpJsr7NDTyu,1744468345719,429,Access limit reached,"{'error': 'Access limit reached', 'retry_after': '0 hours 49 minutes'}"
GUahXMpJsr7NDTyu,1744441427719,429,Access limit reached,"{'error': 'Access limit reached', 'retry_after': '0 hours 49 minutes'}"
GUahXMpJsr7NDTyu,1744431252719,429,Access limit reached,"{'error': 'Access limit reached', 'retry_after': '0 hours 49 minutes'}"
GUahXMpJsr7NDTyu,1744419894719,429,Access limit reached,"{'error': 'Access limit reached', 'retry_after': '0 hours 49 minutes'}"
GUahXMpJsr7NDTyu,1744416233719,429,Access limit reached,"{'error': 'Access limit reached', 'retry_after': '0 hours 49 minutes'}"
GUahXMpJsr7NDTyu,1744487077719,429,Access limit reached,"{'error': 'Access limit reached', 'retry_after': '0 hours 49 minutes'}"
GUahXMpJsr7NDTyu,1744448082719,429,Access limit reached,"{'error': 'Access limit reached', 'retry_after': '0 hours 49 minutes'}"
GUahXMpJsr7NDTyu,1744455511719,429,Access limit reached,"{'error': 'Access limit reached', 'retry_after': '0 hours 49 minutes'}"
GUahXMpJsr7NDTyu,1744443124719,429,Access limit reached,"{'error': 'Access limit reached', 'retry_after': '0 hours 49 minutes'}"
GUahXMpJsr7NDTyu,1744469770719,429,Access limit reached,"{'error': 'Access limit reached', 'retry_after': '0 hours 49 minutes'}"
GUahXMpJsr7NDTyu,1744462311719,429,Access limit reached,"{'error': 'Access limit reached', 'retry_after': '0 hours 49 minutes'}"
GUahXMpJsr7NDTyu,1744478892719,429,Access limit reached,"{'error': 'Access limit reached', 'retry_after': '0 hours 49 minutes'}"
GUahXMpJsr7NDTyu,1744452164719,429,Access limit reached,"{'error': 'Access limit reached', 'retry_after': '0 hours 49 minutes'}"
GUahXMpJsr7NDTyu,1744429201719,429,Access limit reached,"{'error': 'Access limit reached', 'retry_after': '0 hours 49 minutes'}"
GUahXMpJsr7NDTyu,1744434027719,429,Access limit reached,"{'error': 'Access limit reached', 'retry_after': '0 hours 49 minutes'}"
GUahXMpJsr7NDTyu,1744481770719,429,Access limit reached,"{'error': 'Access limit reached', 'retry_after': '0 hours 49 minutes'}"
GUahXMpJsr7NDTyu,1744456428719,429,Access limit reached,"{'error': 'Access limit reached', 'retry_after': '0 hours 49 minutes'}"
GUahXMpJsr7NDTyu,1744433592719,429,Access limit reached,"{'error': 'Access limit reached', 'retry_after': '0 hours 49 minutes'}"
GUahXMpJsr7NDTyu,1744486154719,429,Access limit reached,"{'error': 'Access limit reached', 'retry_after': '0 hours 49 minutes'}"
GUahXMpJsr7NDTyu,1744484537719,429,Access limit reached,"{'error': 'Access limit reached', 'retry_after': '0 hours 49 minutes'}"
GUahXMpJsr7NDTyu,1744432116719,429,Access limit reached,"{'error': 'Access limit reached', 'retry_after': '0 hours 49 minutes'}"
GUahXMpJsr7NDTyu,1744482715719,429,Access limit reached,"{'error': 'Access limit reached', 'retry_after': '0 hours 49 minutes'}"
GUahXMpJsr7NDTyu,1744480809719,429,Access limit reached,"{'error': 'Access limit reached', 'retry_after': '0 hours 49 minutes'}"
GUahXMpJsr7NDTyu,1744474530719,429,Access limit reached,"{'error': 'Access limit reached', 'retry_after': '0 hours 49 minutes'}"
GUahXMpJsr7NDTyu,1744422578719,429,Access limit reached,"{'error': 'Access limit reached', 'retry_after': '0 hours 49 minutes'}"
GUahXMpJsr7NDTyu,1744472410719,429,Access limit reached,"{'error': 'Access limit reached', 'retry_after': '0 hours 49 minutes'}"
GUahXMpJsr7NDTyu,1744461190719,429,Access limit reached,"{'error': 'Access limit reached', 'retry_after': '0 hours 49 minutes'}"
FD1h5yD4SNkrTgW2,1744421289719,429,Access limit reached,"{'error': 'Access limit reached', 'retry_after': '0 hours 19 minutes'}"
FD1h5yD4SNkrTgW2,1744467578719,429,Access limit reached,"{'error': 'Access limit reached', 'retry_after': '0 hours 19 minutes'}"
FD1h5yD4SNkrTgW2,1744434990719,429,Access limit reached,"{'error': 'Access limit reached', 'retry_after': '0 hours 19 minutes'}"
FD1h5yD4SNkrTgW2,1744443351719,429,Access limit reached,"{'error': 'Access limit reached', 'retry_after': '0 hours 19 minutes'}"
FD1h5yD4SNkrTgW2,1744453211719,429,Access limit reached,"{'error': 'Access limit reached', 'retry_after': '0 hours 19 minutes'}"
FD1h5yD4SNkrTgW2,1744424396719,429,Access limit reached,"{'error': 'Access limit reached', 'retry_after': '0 hours 19 minutes'}"
FD1h5yD4SNkrTgW2,1744462323719,429,Access limit reached,"{'error': 'Access limit reached', 'retry_after': '0 hours 19 minutes'}"
FD1h5yD4SNkrTgW2,1744467226719,429,Access limit reached,"{'error': 'Access limit reached', 'retry_after': '0 hours 19 minutes'}"
FD1h5yD4SNkrTgW2,1744476587719,429,Access limit reached,"{'error': 'Access limit reached', 'retry_after': '0 hours 19 minutes'}"
FD1h5yD4SNkrTgW2,1744454647719,429,Access limit reached,"{'error': 'Access limit reached', 'retry_after': '0 hours 19 minutes'}"
FD1h5yD4SNkrTgW2,1744426409719,429,Access limit reached,"{'error': 'Access limit reached', 'retry_after': '0 hours 19 minutes'}"
FD1h5yD4SNkrTgW2,1744465360719,429,Access limit reached,"{'error': 'Access limit reached', 'retry_after': '0 hours 19 minutes'}"
FD1h5yD4SNkrTgW2,1744466316719,429,Access limit reached,"{'error': 'Access limit reached', 'retry_after': '0 hours 19 minutes'}"
FD1h5yD4SNkrTgW2,1744462241719,429,Access limit reached,"{'error': 'Access limit reached', 'retry_after': '0 hours 19 minutes'}"
FD1h5yD4SNkrTgW2,1744427258719,429,Access limit reached,"{'error': 'Access limit reached', 'retry_after': '0 hours 19 minutes'}"
FD1h5yD4SNkrTgW2,1744439574719,429,Access limit reached,"{'error': 'Access limit reached', 'retry_after': '0 hours 19 minutes'}"
FD1h5yD4SNkrTgW2,1744425713719,429,Access limit reached,"{'error': 'Access limit reached', 'retry_after': '0 hours 19 minutes'}"
FD1h5yD4SNkrTgW2,1744460748719,429,Access limit reached,"{'error': 'Access limit reached', 'retry_after': '0 hours 19 minutes'}"
FD1h5yD4SNkrTgW2,1744439647719,429,Access limit reached,"{'error': 'Access limit reached', 'retry_after': '0 hours 19 minutes'}"
FD1h5yD4SNkrTgW2,1744467392719,429,Access limit reached,"{'error': 'Access limit reached', 'retry_after': '0 hours 19 minutes'}"
FD1h5yD4SNkrTgW2,1744439686719,429,Access limit reached,"{'error': 'Access limit reached', 'retry_after': '0 hours 19 minutes'}"
FD1h5yD4SNkrTgW2,1744448192719,429,Access limit reached,"{'error': 'Access limit reached', 'retry_after': '0 hours 19 minutes'}"
FD1h5yD4SNkrTgW2,1744451414719,429,Access limit reached,"{'error': 'Access limit reached', 'retry_after': '0 hours 19 minutes'}"
FD1h5yD4SNkrTgW2,1744425267719,429,Access limit reached,"{'error': 'Access limit reached', 'retry_after': '0 hours 19 minutes'}"
FD1h5yD4SNkrTgW2,1744428433719,429,Access limit reached,"{'error': 'Access limit reached', 'retry_after': '0 hours 19 minutes'}"
FD1h5yD4SNkrTgW2,1744434469719,429,Access limit reached,"{'error': 'Access limit reached', 'retry_after': '0 hours 19 minutes'}"
FD1h5yD4SNkrTgW2,1744449541719,429,Access limit reached,"{'error': 'Access limit reached', 'retry_after': '0 hours 19 minutes'}"
FD1h5yD4SNkrTgW2,1744422577719,429,Access limit reached,"{'error': 'Access limit reached', 'retry_after': '0 hours 19 minutes'}"
FD1h5yD4SNkrTgW2,1744417217719,429,Access limit reached,"{'error': 'Access limit reached', 'retry_after': '0 hours 19 minutes'}"
FD1h5yD4SNkrTgW2,1744431063719,429,Access limit reached,"{'error': 'Access limit reached', 'retry_after': '0 hours 19 minutes'}"
FD1h5yD4SNkrTgW2,1744438653719,429,Access limit reached,"{'error': 'Access limit reached', 'retry_after': '0 hours 19 minutes'}"
FD1h5yD4SNkrTgW2,1744454038719,429,Access limit reached,"{'error': 'Access limit reached', 'retry_after': '0 hours 19 minutes'}"
FD1h5yD4SNkrTgW2,1744487882719,429,Access limit reached,"{'error': 'Access limit reached', 'retry_after': '0 hours 19 minutes'}"
FD1h5yD4SNkrTgW2,1744465969719,429,Access limit reached,"{'error': 'Access limit reached', 'retry_after': '0 hours 19 minutes'}"
9lkHG6Iccr87KYPj,1744448384719,429,Access limit reached,"{'error': 'Access limit reached', 'retry_after': '0 hours 20 minutes'}"
9lkHG6Iccr87KYPj,1744484322719,429,Access limit reached,"{'error': 'Access limit reached', 'retry_after': '0 hours 20 minutes'}"
9lkHG6Iccr87KYPj,1744439234719,429,Access limit reached,"{'error': 'Access limit reached', 'retry_after': '0 hours 20 minutes'}"
9lkHG6Iccr87KYPj,1744444311719,429,Access limit reached,"{'error': 'Access limit reached', 'retry_after': '0 hours 20 minutes'}"
9lkHG6Iccr87KYPj,1744446551719,429,Access limit reached,"{'error': 'Access limit reached', 'retry_after': '0 hours 20 minutes'}"
9lkHG6Iccr87KYPj,1744475304719,429,Access limit reached,"{'error': 'Access limit reached', 'retry_after': '0 hours 20 minutes'}"
9lkHG6Iccr87KYPj,1744430853719,429,Access limit reached,"{'error': 'Access limit reached', 'retry_after': '0 hours 20 minutes'}"
9lkHG6Iccr87KYPj,1744448110719,429,Access limit reached,"{'error': 'Access limit reached', 'retry_after': '0 hours 20 minutes'}"
9lkHG6Iccr87KYPj,1744435470719,429,Access limit reached,"{'error': 'Access limit reached', 'retry_after': '0 hours 20 minutes'}"
9lkHG6Iccr87KYPj,1744425076719,429,Access limit reached,"{'error': 'Access limit reached', 'retry_after': '0 hours 20 minutes'}"
9lkHG6Iccr87KYPj,1744460976719,429,Access limit reached,"{'error': 'Access limit reached', 'retry_after': '0 hours 20 minutes'}"
9lkHG6Iccr87KYPj,1744451811719,429,Access limit reached,"{'error': 'Access limit reached', 'retry_after': '0 hours 20 minutes'}"
9lkHG6Iccr87KYPj,1744444952719,429,Access limit reached,"{'error': 'Access limit reached', 'retry_after': '0 hours 20 minutes'}"
9lkHG6Iccr87KYPj,1744424207719,429,Access limit reached,"{'error': 'Access limit reached', 'retry_after': '0 hours 20 minutes'}"
9lkHG6Iccr87KYPj,1744436704719,429,Access limit reached,"{'error': 'Access limit reached', 'retry_after': '0 hours 20 minutes'}"
9lkHG6Iccr87KYPj,1744439653719,429,Access limit reached,"{'error': 'Access limit reached', 'retry_after': '0 hours 20 minutes'}"
9lkHG6Iccr87KYPj,1744487467719,429,Access limit reached,"{'error': 'Access limit reached', 'retry_after': '0 hours 20 minutes'}"
9lkHG6Iccr87KYPj,1744450696719,429,Access limit reached,"{'error': 'Access limit reached', 'retry_after': '0 hours 20 minutes'}"
9lkHG6Iccr87KYPj,1744429546719,429,Access limit reached,"{'error': 'Access limit reached', 'retry_after': '0 hours 20 minutes'}"
9lkHG6Iccr87KYPj,1744429562719,429,Access limit reached,"{'error': 'Access limit reached', 'retry_after': '0 hours 20 minutes'}"
9lkHG6Iccr87KYPj,1744441019719,429,Access limit reached,"{'error': 'Access limit reached', 'retry_after': '0 hours 20 minutes'}"
9lkHG6Iccr87KYPj,1744458073719,429,Access limit reached,"{'error': 'Access limit reached', 'retry_after': '0 hours 20 minutes'}"
9lkHG6Iccr87KYPj,1744475545719,429,Access limit reached,"{'error': 'Access limit reached', 'retry_after': '0 hours 20 minutes'}"
9lkHG6Iccr87KYPj,1744462169719,429,Access limit reached,"{'error': 'Access limit reached', 'retry_after': '0 hours 20 minutes'}"
9lkHG6Iccr87KYPj,1744454563719,429,Access limit reached,"{'error': 'Access limit reached', 'retry_after': '0 hours 20 minutes'}"
9lkHG6Iccr87KYPj,1744433491719,429,Access limit reached,"{'error': 'Access limit reached', 'retry_after': '0 hours 20 minutes'}"
9lkHG6Iccr87KYPj,1744421478719,429,Access limit reached,"{'error': 'Access limit reached', 'retry_after': '0 hours 20 minutes'}"
9lkHG6Iccr87KYPj,1744439281719,429,Access limit reached,"{'error': 'Access limit reached', 'retry_after': '0 hours 20 minutes'}"
9lkHG6Iccr87KYPj,1744416877719,429,Access limit reached,"{'error': 'Access limit reached', 'retry_after': '0 hours 20 minutes'}"
9lkHG6Iccr87KYPj,1744443536719,429,Access limit reached,"{'error': 'Access limit reached', 'retry_after': '0 hours 20 minutes'}"
9lkHG6Iccr87KYPj,1744416826719,429,Access limit reached,"{'error': 'Access limit reached', 'retry_after': '0 hours 20 minutes'}"
9lkHG6Iccr87KYPj,1744444589719,429,Access limit reached,"{'error': 'Access limit reached', 'retry_after': '0 hours 20 minutes'}"
9lkHG6Iccr87KYPj,1744448106719,429,Access limit reached,"{'error': 'Access limit reached', 'retry_after': '0 hours 20 minutes'}"
9lkHG6Iccr87KYPj,1744430947719,429,Access limit reached,"{'error': 'Access limit reached', 'retry_after': '0 hours 20 minutes'}"
9lkHG6Iccr87KYPj,1744468274719,429,Access limit reached,"{'error': 'Access limit reached', 'retry_after': '0 hours 20 minutes'}"
9lkHG6Iccr87KYPj,1744468192719,429,Access limit reached,"{'error': 'Access limit reached', 'retry_after': '0 hours 20 minutes'}"
9lkHG6Iccr87KYPj,1744437150719,429,Access limit reached,"{'error': 'Access limit reached', 'retry_after': '0 hours 20 minutes'}"
9lkHG6Iccr87KYPj,1744430495719,429,Access limit reached,"{'error': 'Access limit reached', 'retry_after': '0 hours 20 minutes'}"
9lkHG6Iccr87KYPj,1744482163719,429,Access limit reached,"{'error': 'Access limit reached', 'retry_after': '0 hours 20 minutes'}"
9lkHG6Iccr87KYPj,1744452796719,429,Access limit reached,"{'error': 'Access limit reached', 'retry_after': '0 hours 20 minutes'}"
9lkHG6Iccr87KYPj,1744426975719,429,Access limit reached,"{'error': 'Access limit reached', 'retry_after': '0 hours 20 minutes'}"
V8Mrm1YC1Iq890kf,1744480149719,429,Access limit reached,"{'error': 'Access limit reached', 'retry_after': '1 hours 44 minutes'}"
V8Mrm1YC1Iq890kf,1744460835719,429,Access limit reached,"{'error': 'Access limit reached', 'retry_after': '1 hours 44 minutes'}"
V8Mrm1YC1Iq890kf,1744461618719,429,Access limit reached,"{'error': 'Access limit reached', 'retry_after': '1 hours 44 minutes'}"
V8Mrm1YC1Iq890kf,1744471300719,429,Access limit reached,"{'error': 'Access limit reached', 'retry_after': '1 hours 44 minutes'}"
V8Mrm1YC1Iq890kf,1744481788719,429,Access limit reached,"{'error': 'Access limit reached', 'retry_after': '1 hours 44 minutes'}"
V8Mrm1YC1Iq890kf,1744424456719,429,Access limit reached,"{'error': 'Access limit reached', 'retry_after': '1 hours 44 minutes'}"
V8Mrm1YC1Iq890kf,1744438309719,429,Access limit reached,"{'error': 'Access limit reached', 'retry_after': '1 hours 44 minutes'}"
V8Mrm1YC1Iq890kf,1744420803719,429,Access limit reached,"{'error': 'Access limit reached', 'retry_after': '1 hours 44 minutes'}"
V8Mrm1YC1Iq890kf,1744430060719,429,Access limit reached,"{'error': 'Access limit reached', 'retry_after': '1 hours 44 minutes'}"
V8Mrm1YC1Iq890kf,1744441866719,429,Access limit reached,"{'error': 'Access limit reached', 'retry_after': '1 hours 44 minutes'}"
V8Mrm1YC1Iq890kf,1744429535719,429,Access limit reached,"{'error': 'Access limit reached', 'retry_after': '1 hours 44 minutes'}"
V8Mrm1YC1Iq890kf,1744458908719,429,Access limit reached,"{'error': 'Access limit reached', 'retry_after': '1 hours 44 minutes'}"
V8Mrm1YC1Iq890kf,1744465976719,429,Access limit reached,"{'error': 'Access limit reached', 'retry_after': '1 hours 44 minutes'}"
V8Mrm1YC1Iq890kf,1744444789719,429,Access limit reached,"{'error': 'Access limit reached', 'retry_after': '1 hours 44 minutes'}"
V8Mrm1YC1Iq890kf,1744484292719,429,Access limit reached,"{'error': 'Access limit reached', 'retry_after': '1 hours 44 minutes'}"
V8Mrm1YC1Iq890kf,1744469988719,429,Access limit reached,"{'error': 'Access limit reached', 'retry_after': '1 hours 44 minutes'}"
V8Mrm1YC1Iq890kf,1744430049719,429,Access limit reached,"{'error': 'Access limit reached', 'retry_after': '1 hours 44 minutes'}"
V8Mrm1YC1Iq890kf,1744424920719,429,Access limit reached,"{'error': 'Access limit reached', 'retry_after': '1 hours 44 minutes'}"
V8Mrm1YC1Iq890kf,1744486719719,429,Access limit reached,"{'error': 'Access limit reached', 'retry_after': '1 hours 44 minutes'}"
V8Mrm1YC1Iq890kf,1744485950719,429,Access limit reached,"{'error': 'Access limit reached', 'retry_after': '1 hours 44 minutes'}"
V8Mrm1YC1Iq890kf,1744419987719,429,Access limit reached,"{'error': 'Access limit reached', 'retry_after': '1 hours 44 minutes'}"
V8Mrm1YC1Iq890kf,1744478550719,429,Access limit reached,"{'error': 'Access limit reached', 'retry_after': '1 hours 44 minutes'}"
V8Mrm1YC1Iq890kf,1744473729719,429,Access limit reached,"{'error': 'Access limit reached', 'retry_after': '1 hours 44 minutes'}"
V8Mrm1YC1Iq890kf,1744424772719,429,Access limit reached,"{'error': 'Access limit reached', 'retry_after': '1 hours 44 minutes'}"
V8Mrm1YC1Iq890kf,1744425364719,429,Access limit reached,"{'error': 'Access limit reached', 'retry_after': '1 hours 44 minutes'}"
V8Mrm1YC1Iq890kf,1744440173719,429,Access limit reached,"{'error': 'Access limit reached', 'retry_after': '1 hours 44 minutes'}"
V8Mrm1YC1Iq890kf,1744476571719,429,Access limit reached,"{'error': 'Access limit reached', 'retry_after': '1 hours 44 minutes'}"
V8Mrm1YC1Iq890kf,1744479304719,429,Access limit reached,"{'error': 'Access limit reached', 'retry_after': '1 hours 44 minutes'}"
V8Mrm1YC1Iq890kf,1744465084719,429,Access limit reached,"{'error': 'Access limit reached', 'retry_after': '1 hours 44 minutes'}"
V8Mrm1YC1Iq890kf,1744467793719,429,Access limit reached,"{'error': 'Access limit reached', 'retry_after': '1 hours 44 minutes'}"
V8Mrm1YC1Iq890kf,1744440132719,429,Access limit reached,"{'error': 'Access limit reached', 'retry_after': '1 hours 44 minutes'}"
V8Mrm1YC1Iq890kf,1744416165719,429,Access limit reached,"{'error': 'Access limit reached', 'retry_after': '1 hours 44 minutes'}"
V8Mrm1YC1Iq890kf,1744440867719,429,Access limit reached,"{'error': 'Access limit reached', 'retry_after': '1 hours 44 minutes'}"
V8Mrm1YC1Iq890kf,1744442365719,429,Access limit reached,"{'error': 'Access limit reached', 'retry_after': '1 hours 44 minutes'}"
V8Mrm1YC1Iq890kf,1744446189719,429,Access limit reached,"{'error': 'Access limit reached', 'retry_after': '1 hours 44 minutes'}"
V8Mrm1YC1Iq890kf,1744481326719,429,Access limit reached,"{'error': 'Access limit reached', 'retry_after': '1 hours 44 minutes'}"
V8Mrm1YC1Iq890kf,1744471524719,429,Access limit reached,"{'error': 'Access limit reached', 'retry_after': '1 hours 44 minutes'}"
V8Mrm1YC1Iq890kf,1744453505719,429,Access limit reached,"{'error': 'Access limit reached', 'retry_after': '1 hours 44 minutes'}"
V8Mrm1YC1Iq890kf,1744436030719,429,Access limit reached,"{'error': 'Access limit reached', 'retry_after': '1 hours 44 minutes'}"
V8Mrm1YC1Iq890kf,1744425950719,429,Access limit reached,"{'error': 'Access limit reached', 'retry_after': '1 hours 44 minutes'}"
V8Mrm1YC1Iq890kf,1744421642719,429,Access limit reached,"{'error': 'Access limit reached', 'retry_after': '1 hours 44 minutes'}"
V8Mrm1YC1Iq890kf,1744437722719,400,Already Existing Data,{'error': 'Already Existing Data'}
V8Mrm1YC1Iq890kf,1744437249719,429,Access limit reached,"{'error': 'Access limit reached', 'retry_after': '1 hours 44 minutes'}"
V8Mrm1YC1Iq890kf,1744487048719,429,Access limit reached,"{'error': 'Access limit reached', 'retry_after': '1 hours 44 minutes'}"
V8Mrm1YC1Iq890kf,1744461718719,429,Access limit reached,"{'error': 'Access limit reached', 'retry_after': '1 hours 44 minutes'}"
V8Mrm1YC1Iq890kf,1744438249719,429,Access limit reached,"{'error': 'Access limit reached', 'retry_after': '1 hours 44 minutes'}"
V8Mrm1YC1Iq890kf,1744484843719,429,Access limit reached,"{'error': 'Access limit reached', 'retry_after': '1 hours 44 minutes'}"
V8Mrm1YC1Iq890kf,1744457541719,429,Access limit reached,"{'error': 'Access limit reached', 'retry_after': '1 hours 44 minutes'}"
V8Mrm1YC1Iq890kf,1744429503719,429,Access limit reached,"{'error': 'Access limit reached', 'retry_after': '1 hours 44 minutes'}"
V8Mrm1YC1Iq890kf,1744418085719,429,Access limit reached,"{'error': 'Access limit reached', 'retry_after': '1 hours 44 minutes'}"
V8Mrm1YC1Iq890kf,1744444321719,429,Access limit reached,"{'error': 'Access limit reached', 'retry_after': '1 hours 44 minutes'}"
V8Mrm1YC1Iq890kf,1744435844719,429,Access limit reached,"{'error': 'Access limit reached', 'retry_after': '1 hours 44 minutes'}"
V8Mrm1YC1Iq890kf,1744486063719,429,Access limit reached,"{'error': 'Access limit reached', 'retry_after': '1 hours 44 minutes'}"
V8Mrm1YC1Iq890kf,1744441637719,429,Access limit reached,"{'error': 'Access limit reached', 'retry_after': '1 hours 44 minutes'}"
V8Mrm1YC1Iq890kf,1744419538719,429,Access limit reached,"{'error': 'Access limit reached', 'retry_after': '1 hours 44 minutes'}"
V8Mrm1YC1Iq890kf,1744426195719,429,Access limit reached,"{'error': 'Access limit reached', 'retry_after': '1 hours 44 minutes'}"
V8Mrm1YC1Iq890kf,1744459976719,429,Access limit reached,"{'error': 'Access limit reached', 'retry_after': '1 hours 44 minutes'}"
V8Mrm1YC1Iq890kf,1744478385719,429,Access limit reached,"{'error': 'Access limit reached', 'retry_after': '1 hours 44 minutes'}"
V8Mrm1YC1Iq890kf,1744480411719,429,Access limit reached,"{'error': 'Access limit reached', 'retry_after': '1 hours 44 minutes'}"
V8Mrm1YC1Iq890kf,1744448589719,429,Access limit reached,"{'error': 'Access limit reached', 'retry_after': '1 hours 44 minutes'}"
V8Mrm1YC1Iq890kf,1744463713719,429,Access limit reached,"{'error': 'Access limit reached', 'retry_after': '1 hours 44 minutes'}"
V8Mrm1YC1Iq890kf,1744442218719,429,Access limit reached,"{'error': 'Access limit reached', 'retry_after': '1 hours 44 minutes'}"
V8Mrm1YC1Iq890kf,1744420720719,429,Access limit reached,"{'error': 'Access limit reached', 'retry_after': '1 hours 44 minutes'}"
V8Mrm1YC1Iq890kf,1744478009719,429,Access limit reached,"{'error': 'Access limit reached', 'retry_after': '1 hours 44 minutes'}"
V8Mrm1YC1Iq890kf,1744430947719,429,Access limit reached,"{'error': 'Access limit reached', 'retry_after': '1 hours 44 minutes'}"
V8Mrm1YC1Iq890kf,1744455974719,429,Access limit reached,"{'error': 'Access limit reached', 'retry_after': '1 hours 44 minutes'}"
V8Mrm1YC1Iq890kf,1744478455719,429,Access limit reached,"{'error': 'Access limit reached', 'retry_after': '1 hours 44 minutes'}"
V8Mrm1YC1Iq890kf,1744486852719,429,Access limit reached,"{'error': 'Access limit reached', 'retry_after': '1 hours 44 minutes'}"
V8Mrm1YC1Iq890kf,1744471572719,429,Access limit reached,"{'error': 'Access limit reached', 'retry_after': '1 hours 44 minutes'}"
V8Mrm1YC1Iq890kf,1744431548719,429,Access limit reached,"{'error': 'Access limit reached', 'retry_after': '1 hours 44 minutes'}"
V8Mrm1YC1Iq890kf,1744454422719,429,Access limit reached,"{'error': 'Access limit reached', 'retry_after': '1 hours 44 minutes'}"
V8Mrm1YC1Iq890kf,1744475445719,429,Access limit reached,"{'error': 'Access limit reached', 'retry_after': '1 hours 44 minutes'}"
V8Mrm1YC1Iq890kf,1744432660719,429,Access limit reached,"{'error': 'Access limit reached', 'retry_after': '1 hours 44 minutes'}"
V8Mrm1YC1Iq890kf,1744471438719,429,Access limit reached,"{'error': 'Access limit reached', 'retry_after': '1 hours 44 minutes'}"
V8Mrm1YC1Iq890kf,1744439037719,429,Access limit reached,"{'error': 'Access limit reached', 'retry_after': '1 hours 44 minutes'}"
V8Mrm1YC1Iq890kf,1744424156719,429,Access limit reached,"{'error': 'Access limit reached', 'retry_after': '1 hours 44 minutes'}"
V8Mrm1YC1Iq890kf,1744430534719,429,Access limit reached,"{'error': 'Access limit reached', 'retry_after': '1 hours 44 minutes'}"
V8Mrm1YC1Iq890kf,1744451332719,429,Access limit reached,"{'error': 'Access limit reached', 'retry_after': '1 hours 44 minutes'}"
9lkHG6Iccr87KYPj,1744433188719,429,Access limit reached,"{'error': 'Access limit reached', 'retry_after': '0 hours 20 minutes'}"
9lkHG6Iccr87KYPj,1744434657719,429,Access limit reached,"{'error': 'Access limit reached', 'retry_after': '0 hours 20 minutes'}"
9lkHG6Iccr87KYPj,1744421238719,429,Access limit reached,"{'error': 'Access limit reached', 'retry_after': '0 hours 20 minutes'}"
9lkHG6Iccr87KYPj,1744433915719,429,Access limit reached,"{'error': 'Access limit reached', 'retry_after': '0 hours 20 minutes'}"
9lkHG6Iccr87KYPj,1744441282719,429,Access limit reached,"{'error': 'Access limit reached', 'retry_after': '0 hours 20 minutes'}"
9lkHG6Iccr87KYPj,1744438075719,429,Access limit reached,"{'error': 'Access limit reached', 'retry_after': '0 hours 20 minutes'}"
9lkHG6Iccr87KYPj,1744462059719,429,Access limit reached,"{'error': 'Access limit reached', 'retry_after': '0 hours 20 minutes'}"
9lkHG6Iccr87KYPj,1744474848719,429,Access limit reached,"{'error': 'Access limit reached', 'retry_after': '0 hours 20 minutes'}"
9lkHG6Iccr87KYPj,1744472834719,429,Access limit reached,"{'error': 'Access limit reached', 'retry_after': '0 hours 20 minutes'}"
9lkHG6Iccr87KYPj,1744422651719,429,Access limit reached,"{'error': 'Access limit reached', 'retry_after': '0 hours 20 minutes'}"
9lkHG6Iccr87KYPj,1744431451719,429,Access limit reached,"{'error': 'Access limit reached', 'retry_after': '0 hours 20 minutes'}"
9lkHG6Iccr87KYPj,1744426620719,429,Access limit reached,"{'error': 'Access limit reached', 'retry_after': '0 hours 20 minutes'}"
9lkHG6Iccr87KYPj,1744455861719,429,Access limit reached,"{'error': 'Access limit reached', 'retry_after': '0 hours 20 minutes'}"
9lkHG6Iccr87KYPj,1744435217719,429,Access limit reached,"{'error': 'Access limit reached', 'retry_after': '0 hours 20 minutes'}"
9lkHG6Iccr87KYPj,1744433551719,429,Access limit reached,"{'error': 'Access limit reached', 'retry_after': '0 hours 20 minutes'}"
9lkHG6Iccr87KYPj,1744444805719,429,Access limit reached,"{'error': 'Access limit reached', 'retry_after': '0 hours 20 minutes'}"
9lkHG6Iccr87KYPj,1744459737719,429,Access limit reached,"{'error': 'Access limit reached', 'retry_after': '0 hours 20 minutes'}"
9lkHG6Iccr87KYPj,1744432450719,429,Access limit reached,"{'error': 'Access limit reached', 'retry_after': '0 hours 20 minutes'}"
9lkHG6Iccr87KYPj,1744483316719,429,Access limit reached,"{'error': 'Access limit reached', 'retry_after': '0 hours 20 minutes'}"
9lkHG6Iccr87KYPj,1744482651719,429,Access limit reached,"{'error': 'Access limit reached', 'retry_after': '0 hours 20 minutes'}"
9lkHG6Iccr87KYPj,1744465044719,429,Access limit reached,"{'error': 'Access limit reached', 'retry_after': '0 hours 20 minutes'}"
9lkHG6Iccr87KYPj,1744478493719,429,Access limit reached,"{'error': 'Access limit reached', 'retry_after': '0 hours 20 minutes'}"
9lkHG6Iccr87KYPj,1744455619719,429,Access limit reached,"{'error': 'Access limit reached', 'retry_after': '0 hours 20 minutes'}"
9lkHG6Iccr87KYPj,1744472244719,429,Access limit reached,"{'error': 'Access limit reached', 'retry_after': '0 hours 20 minutes'}"
9lkHG6Iccr87KYPj,1744450683719,429,Access limit reached,"{'error': 'Access limit reached', 'retry_after': '0 hours 20 minutes'}"
9lkHG6Iccr87KYPj,1744433998719,429,Access limit reached,"{'error': 'Access limit reached', 'retry_after': '0 hours 20 minutes'}"
9lkHG6Iccr87KYPj,1744476515719,429,Access limit reached,"{'error': 'Access limit reached', 'retry_after': '0 hours 20 minutes'}"
9lkHG6Iccr87KYPj,1744466097719,429,Access limit reached,"{'error': 'Access limit reached', 'retry_after': '0 hours 20 minutes'}"
9lkHG6Iccr87KYPj,1744421673719,429,Access limit reached,"{'error': 'Access limit reached', 'retry_after': '0 hours 20 minutes'}"
9lkHG6Iccr87KYPj,1744421672719,429,Access limit reached,"{'error': 'Access limit reached', 'retry_after': '0 hours 20 minutes'}"
9lkHG6Iccr87KYPj,1744440637719,429,Access limit reached,"{'error': 'Access limit reached', 'retry_after': '0 hours 20 minutes'}"
9lkHG6Iccr87KYPj,1744450610719,429,Access limit reached,"{'error': 'Access limit reached', 'retry_after': '0 hours 20 minutes'}"
9lkHG6Iccr87KYPj,1744445847719,429,Access limit reached,"{'error': 'Access limit reached', 'retry_after': '0 hours 20 minutes'}"
9lkHG6Iccr87KYPj,1744421952719,429,Access limit reached,"{'error': 'Access limit reached', 'retry_after': '0 hours 20 minutes'}"
9lkHG6Iccr87KYPj,1744421506719,429,Access limit reached,"{'error': 'Access limit reached', 'retry_after': '0 hours 20 minutes'}"
9lkHG6Iccr87KYPj,1744472653719,429,Access limit reached,"{'error': 'Access limit reached', 'retry_after': '0 hours 20 minutes'}"
9lkHG6Iccr87KYPj,1744453114719,429,Access limit reached,"{'error': 'Access limit reached', 'retry_after': '0 hours 20 minutes'}"
9lkHG6Iccr87KYPj,1744428544719,429,Access limit reached,"{'error': 'Access limit reached', 'retry_after': '0 hours 20 minutes'}"
9lkHG6Iccr87KYPj,1744454089719,429,Access limit reached,"{'error': 'Access limit reached', 'retry_after': '0 hours 20 minutes'}"
