deviceID,timestamp,response_status,response_message,raw_response
YAxhTHul26gN03ih,1744412069630,200,Success,"{'message': 'Success', 'quote': 'Success is getting what you want. Happiness is wanting what you get.', 'writer': 'Dale Carnegie'}"
YAxhTHul26gN03ih,1744412069630,400,Already Existing Data,{'error': 'Already Existing Data'}
YAxhTHul26gN03ih,1744412069630,400,Already Existing Data,{'error': 'Already Existing Data'}
YAxhTHul26gN03ih,1744412069630,400,Already Existing Data,{'error': 'Already Existing Data'}
YAxhTHul26gN03ih,1744412069630,400,Already Existing Data,{'error': 'Already Existing Data'}
YAxhTHul26gN03ih,1744412079630,200,Success,"{'message': 'Success', 'quote': ""Don't watch the clock; do what it does. Keep going."", 'writer': 'Sam Levenson'}"
YAxhTHul26gN03ih,1744412079630,400,Already Existing Data,{'error': 'Already Existing Data'}
YAxhTHul26gN03ih,1744412079630,400,Already Existing Data,{'error': 'Already Existing Data'}
YAxhTHul26gN03ih,1744412079630,400,Already Existing Data,{'error': 'Already Existing Data'}
YAxhTHul26gN03ih,1744412079630,400,Already Existing Data,{'error': 'Already Existing Data'}
YAxhTHul26gN03ih,1744412092630,200,Success,"{'message': 'Success', 'quote': 'If you really look closely, most overnight successes took a long time.', 'writer': 'Steve Jobs'}"
YAxhTHul26gN03ih,1744412092630,400,Already Existing Data,{'error': 'Already Existing Data'}
YAxhTHul26gN03ih,1744412092630,400,Already Existing Data,{'error': 'Already Existing Data'}
YAxhTHul26gN03ih,1744412092630,400,Already Existing Data,{'error': 'Already Existing Data'}
YAxhTHul26gN03ih,1744412092630,400,Already Existing Data,{'error': 'Already Existing Data'}
YAxhTHul26gN03ih,1744412097630,200,Success,"{'message': 'Success', 'quote': 'What you get by achieving your goals is not as important as what you become by achieving your goals.', 'writer': 'Zig Ziglar'}"
YAxhTHul26gN03ih,1744412097630,400,Already Existing Data,{'error': 'Already Existing Data'}
YAxhTHul26gN03ih,1744412097630,400,Already Existing Data,{'error': 'Already Existing Data'}
YAxhTHul26gN03ih,1744412097630,400,Already Existing Data,{'error': 'Already Existing Data'}
YAxhTHul26gN03ih,1744412097630,400,Already Existing Data,{'error': 'Already Existing Data'}
YAxhTHul26gN03ih,1744412118630,200,Success,"{'message': 'Success', 'quote': 'If you really look closely, most overnight successes took a long time.', 'writer': 'Steve Jobs'}"
YAxhTHul26gN03ih,1744412118630,400,Already Existing Data,{'error': 'Already Existing Data'}
YAxhTHul26gN03ih,1744412118630,400,Already Existing Data,{'error': 'Already Existing Data'}
YAxhTHul26gN03ih,1744412118630,400,Already Existing Data,{'error': 'Already Existing Data'}
YAxhTHul26gN03ih,1744412118630,400,Already Existing Data,{'error': 'Already Existing Data'}
YAxhTHul26gN03ih,1744412132630,200,Success,"{'message': 'Success', 'quote': 'Keep your face always toward the sunshine—and shadows will fall behind you.', 'writer': 'Walt Whitman'}"
YAxhTHul26gN03ih,1744412132630,400,Already Existing Data,{'error': 'Already Existing Data'}
YAxhTHul26gN03ih,1744412132630,400,Already Existing Data,{'error': 'Already Existing Data'}
YAxhTHul26gN03ih,1744412132630,400,Already Existing Data,{'error': 'Already Existing Data'}
YAxhTHul26gN03ih,1744412132630,400,Already Existing Data,{'error': 'Already Existing Data'}
YAxhTHul26gN03ih,1744412158630,200,Success,"{'message': 'Success', 'quote': 'Success is not in what you have, but who you are.', 'writer': 'Bo Bennett'}"
YAxhTHul26gN03ih,1744412158630,400,Already Existing Data,{'error': 'Already Existing Data'}
YAxhTHul26gN03ih,1744412158630,400,Already Existing Data,{'error': 'Already Existing Data'}
YAxhTHul26gN03ih,1744412158630,400,Already Existing Data,{'error': 'Already Existing Data'}
YAxhTHul26gN03ih,1744412158630,400,Already Existing Data,{'error': 'Already Existing Data'}
YAxhTHul26gN03ih,1744412174630,200,Success,"{'message': 'Success', 'quote': 'It is never too late to be what you might have been.', 'writer': 'George Eliot'}"
YAxhTHul26gN03ih,1744412174630,400,Already Existing Data,{'error': 'Already Existing Data'}
YAxhTHul26gN03ih,1744412174630,400,Already Existing Data,{'error': 'Already Existing Data'}
YAxhTHul26gN03ih,1744412174630,400,Already Existing Data,{'error': 'Already Existing Data'}
YAxhTHul26gN03ih,1744412174630,400,Already Existing Data,{'error': 'Already Existing Data'}
YAxhTHul26gN03ih,1744412193630,200,Success,"{'message': 'Success', 'quote': 'The way to get started is to quit talking and begin doing.', 'writer': 'Walt Disney'}"
YAxhTHul26gN03ih,1744412193630,400,Already Existing Data,{'error': 'Already Existing Data'}
YAxhTHul26gN03ih,1744412193630,400,Already Existing Data,{'error': 'Already Existing Data'}
YAxhTHul26gN03ih,1744412193630,400,Already Existing Data,{'error': 'Already Existing Data'}
YAxhTHul26gN03ih,1744412193630,400,Already Existing Data,{'error': 'Already Existing Data'}
YAxhTHul26gN03ih,1744412199630,200,Success,"{'message': 'Success', 'quote': 'A journey of a thousand miles begins with a single step.', 'writer': 'Lao Tzu'}"
YAxhTHul26gN03ih,1744412199630,400,Already Existing Data,{'error': 'Already Existing Data'}
YAxhTHul26gN03ih,1744412199630,400,Already Existing Data,{'error': 'Already Existing Data'}
YAxhTHul26gN03ih,1744412199630,400,Already Existing Data,{'error': 'Already Existing Data'}
YAxhTHul26gN03ih,1744412199630,400,Already Existing Data,{'error': 'Already Existing Data'}
YAxhTHul26gN03ih,1744412220630,200,Success,"{'message': 'Success', 'quote': 'The purpose of our lives is to be happy.', 'writer': 'Dalai Lama'}"
YAxhTHul26gN03ih,1744412220630,400,Already Existing Data,{'error': 'Already Existing Data'}
YAxhTHul26gN03ih,1744412220630,400,Already Existing Data,{'error': 'Already Existing Data'}
YAxhTHul26gN03ih,1744412220630,400,Already Existing Data,{'error': 'Already Existing Data'}
YAxhTHul26gN03ih,1744412220630,400,Already Existing Data,{'error': 'Already Existing Data'}
YAxhTHul26gN03ih,1744412241630,200,Success,"{'message': 'Success', 'quote': 'It’s not whether you get knocked down, it’s whether you get up.', 'writer': 'Vince Lombardi'}"
YAxhTHul26gN03ih,1744412241630,400,Already Existing Data,{'error': 'Already Existing Data'}
YAxhTHul26gN03ih,1744412241630,400,Already Existing Data,{'error': 'Already Existing Data'}
YAxhTHul26gN03ih,1744412241630,400,Already Existing Data,{'error': 'Already Existing Data'}
YAxhTHul26gN03ih,1744412241630,400,Already Existing Data,{'error': 'Already Existing Data'}
YAxhTHul26gN03ih,1744412269630,200,Success,"{'message': 'Success', 'quote': 'Your time is limited, so don’t waste it living someone else’s life.', 'writer': 'Steve Jobs'}"
YAxhTHul26gN03ih,1744412269630,400,Already Existing Data,{'error': 'Already Existing Data'}
YAxhTHul26gN03ih,1744412269630,400,Already Existing Data,{'error': 'Already Existing Data'}
YAxhTHul26gN03ih,1744412269630,400,Already Existing Data,{'error': 'Already Existing Data'}
YAxhTHul26gN03ih,1744412269630,400,Already Existing Data,{'error': 'Already Existing Data'}
YAxhTHul26gN03ih,1744412277630,200,Success,"{'message': 'Success', 'quote': 'The way to get started is to quit talking and begin doing.', 'writer': 'Walt Disney'}"
YAxhTHul26gN03ih,1744412277630,400,Already Existing Data,{'error': 'Already Existing Data'}
YAxhTHul26gN03ih,1744412277630,400,Already Existing Data,{'error': 'Already Existing Data'}
YAxhTHul26gN03ih,1744412277630,400,Already Existing Data,{'error': 'Already Existing Data'}
YAxhTHul26gN03ih,1744412277630,400,Already Existing Data,{'error': 'Already Existing Data'}
YAxhTHul26gN03ih,1744412282630,200,Success,"{'message': 'Success', 'quote': 'The way to get started is to quit talking and begin doing.', 'writer': 'Walt Disney'}"
YAxhTHul26gN03ih,1744412282630,400,Already Existing Data,{'error': 'Already Existing Data'}
YAxhTHul26gN03ih,1744412282630,400,Already Existing Data,{'error': 'Already Existing Data'}
YAxhTHul26gN03ih,1744412282630,400,Already Existing Data,{'error': 'Already Existing Data'}
YAxhTHul26gN03ih,1744412282630,400,Already Existing Data,{'error': 'Already Existing Data'}
YAxhTHul26gN03ih,1744412294630,200,Success,"{'message': 'Success', 'quote': 'Success is not final, failure is not fatal: It is the courage to continue that counts.', 'writer': 'Winston Churchill'}"
YAxhTHul26gN03ih,1744412294630,400,Already Existing Data,{'error': 'Already Existing Data'}
YAxhTHul26gN03ih,1744412294630,400,Already Existing Data,{'error': 'Already Existing Data'}
YAxhTHul26gN03ih,1744412294630,400,Already Existing Data,{'error': 'Already Existing Data'}
YAxhTHul26gN03ih,1744412294630,400,Already Existing Data,{'error': 'Already Existing Data'}
YAxhTHul26gN03ih,1744412317630,200,Success,"{'message': 'Success', 'quote': 'You have within you right now, everything you need to deal with whatever the world can throw at you.', 'writer': 'Brian Tracy'}"
YAxhTHul26gN03ih,1744412317630,400,Already Existing Data,{'error': 'Already Existing Data'}
YAxhTHul26gN03ih,1744412317630,400,Already Existing Data,{'error': 'Already Existing Data'}
YAxhTHul26gN03ih,1744412317630,400,Already Existing Data,{'error': 'Already Existing Data'}
YAxhTHul26gN03ih,1744412317630,400,Already Existing Data,{'error': 'Already Existing Data'}
YAxhTHul26gN03ih,1744412337630,200,Success,"{'message': 'Success', 'quote': 'Everything you’ve ever wanted is on the other side of fear.', 'writer': 'George Addair'}"
YAxhTHul26gN03ih,1744412337630,400,Already Existing Data,{'error': 'Already Existing Data'}
YAxhTHul26gN03ih,1744412337630,400,Already Existing Data,{'error': 'Already Existing Data'}
YAxhTHul26gN03ih,1744412337630,400,Already Existing Data,{'error': 'Already Existing Data'}
YAxhTHul26gN03ih,1744412337630,400,Already Existing Data,{'error': 'Already Existing Data'}
YAxhTHul26gN03ih,1744412361630,200,Success,"{'message': 'Success', 'quote': 'It’s not whether you get knocked down, it’s whether you get up.', 'writer': 'Vince Lombardi'}"
YAxhTHul26gN03ih,1744412361630,400,Already Existing Data,{'error': 'Already Existing Data'}
YAxhTHul26gN03ih,1744412361630,400,Already Existing Data,{'error': 'Already Existing Data'}
YAxhTHul26gN03ih,1744412361630,400,Already Existing Data,{'error': 'Already Existing Data'}
YAxhTHul26gN03ih,1744412361630,400,Already Existing Data,{'error': 'Already Existing Data'}
YAxhTHul26gN03ih,1744412389630,200,Success,"{'message': 'Success', 'quote': 'Do what you love and the money will follow.', 'writer': 'Marsha Sinetar'}"
YAxhTHul26gN03ih,1744412389630,400,Already Existing Data,{'error': 'Already Existing Data'}
YAxhTHul26gN03ih,1744412389630,400,Already Existing Data,{'error': 'Already Existing Data'}
YAxhTHul26gN03ih,1744412389630,400,Already Existing Data,{'error': 'Already Existing Data'}
YAxhTHul26gN03ih,1744412389630,400,Already Existing Data,{'error': 'Already Existing Data'}
YAxhTHul26gN03ih,1744412415630,200,Success,"{'message': 'Success', 'quote': ""Opportunities don't happen. You create them."", 'writer': 'Chris Grosser'}"
YAxhTHul26gN03ih,1744412415630,400,Already Existing Data,{'error': 'Already Existing Data'}
YAxhTHul26gN03ih,1744412415630,400,Already Existing Data,{'error': 'Already Existing Data'}
YAxhTHul26gN03ih,1744412415630,400,Already Existing Data,{'error': 'Already Existing Data'}
YAxhTHul26gN03ih,1744412415630,400,Already Existing Data,{'error': 'Already Existing Data'}
YAxhTHul26gN03ih,1744412445630,200,Success,"{'message': 'Success', 'quote': 'Your time is limited, so don’t waste it living someone else’s life.', 'writer': 'Steve Jobs'}"
YAxhTHul26gN03ih,1744412445630,400,Already Existing Data,{'error': 'Already Existing Data'}
YAxhTHul26gN03ih,1744412445630,400,Already Existing Data,{'error': 'Already Existing Data'}
YAxhTHul26gN03ih,1744412445630,400,Already Existing Data,{'error': 'Already Existing Data'}
YAxhTHul26gN03ih,1744412445630,400,Already Existing Data,{'error': 'Already Existing Data'}
YAxhTHul26gN03ih,1744412457630,200,Success,"{'message': 'Success', 'quote': ""Opportunities don't happen. You create them."", 'writer': 'Chris Grosser'}"
YAxhTHul26gN03ih,1744412457630,400,Already Existing Data,{'error': 'Already Existing Data'}
YAxhTHul26gN03ih,1744412457630,400,Already Existing Data,{'error': 'Already Existing Data'}
YAxhTHul26gN03ih,1744412457630,400,Already Existing Data,{'error': 'Already Existing Data'}
YAxhTHul26gN03ih,1744412457630,400,Already Existing Data,{'error': 'Already Existing Data'}
YAxhTHul26gN03ih,1744412485630,200,Success,"{'message': 'Success', 'quote': 'A person who never made a mistake never tried anything new.', 'writer': 'Albert Einstein'}"
YAxhTHul26gN03ih,1744412485630,400,Already Existing Data,{'error': 'Already Existing Data'}
YAxhTHul26gN03ih,1744412485630,400,Already Existing Data,{'error': 'Already Existing Data'}
YAxhTHul26gN03ih,1744412485630,400,Already Existing Data,{'error': 'Already Existing Data'}
YAxhTHul26gN03ih,1744412485630,400,Already Existing Data,{'error': 'Already Existing Data'}
YAxhTHul26gN03ih,1744412497630,200,Success,"{'message': 'Success', 'quote': 'A journey of a thousand miles begins with a single step.', 'writer': 'Lao Tzu'}"
YAxhTHul26gN03ih,1744412497630,400,Already Existing Data,{'error': 'Already Existing Data'}
YAxhTHul26gN03ih,1744412497630,400,Already Existing Data,{'error': 'Already Existing Data'}
YAxhTHul26gN03ih,1744412497630,400,Already Existing Data,{'error': 'Already Existing Data'}
YAxhTHul26gN03ih,1744412497630,400,Already Existing Data,{'error': 'Already Existing Data'}
YAxhTHul26gN03ih,1744412508630,200,Success,"{'message': 'Success', 'quote': 'Everything you’ve ever wanted is on the other side of fear.', 'writer': 'George Addair'}"
YAxhTHul26gN03ih,1744412508630,400,Already Existing Data,{'error': 'Already Existing Data'}
YAxhTHul26gN03ih,1744412508630,400,Already Existing Data,{'error': 'Already Existing Data'}
YAxhTHul26gN03ih,1744412508630,400,Already Existing Data,{'error': 'Already Existing Data'}
YAxhTHul26gN03ih,1744412508630,400,Already Existing Data,{'error': 'Already Existing Data'}
YAxhTHul26gN03ih,1744412520630,200,Success,"{'message': 'Success', 'quote': 'Hardships often prepare ordinary people for an extraordinary destiny.', 'writer': 'C.S. Lewis'}"
YAxhTHul26gN03ih,1744412520630,400,Already Existing Data,{'error': 'Already Existing Data'}
YAxhTHul26gN03ih,1744412520630,400,Already Existing Data,{'error': 'Already Existing Data'}
YAxhTHul26gN03ih,1744412520630,400,Already Existing Data,{'error': 'Already Existing Data'}
YAxhTHul26gN03ih,1744412520630,400,Already Existing Data,{'error': 'Already Existing Data'}
YAxhTHul26gN03ih,1744412543630,200,Success,"{'message': 'Success', 'quote': ""Don't watch the clock; do what it does. Keep going."", 'writer': 'Sam Levenson'}"
YAxhTHul26gN03ih,1744412543630,400,Already Existing Data,{'error': 'Already Existing Data'}
YAxhTHul26gN03ih,1744412543630,400,Already Existing Data,{'error': 'Already Existing Data'}
YAxhTHul26gN03ih,1744412543630,400,Already Existing Data,{'error': 'Already Existing Data'}
YAxhTHul26gN03ih,1744412543630,400,Already Existing Data,{'error': 'Already Existing Data'}
YAxhTHul26gN03ih,1744412567630,200,Success,"{'message': 'Success', 'quote': 'What lies behind us and what lies before us are tiny matters compared to what lies within us.', 'writer': 'Ralph Waldo Emerson'}"
YAxhTHul26gN03ih,1744412567630,400,Already Existing Data,{'error': 'Already Existing Data'}
YAxhTHul26gN03ih,1744412567630,400,Already Existing Data,{'error': 'Already Existing Data'}
YAxhTHul26gN03ih,1744412567630,400,Already Existing Data,{'error': 'Already Existing Data'}
YAxhTHul26gN03ih,1744412567630,400,Already Existing Data,{'error': 'Already Existing Data'}
5reM7jR6dJDK1Nvj,1744412591630,200,Success,"{'message': 'Success', 'quote': 'Turn your wounds into wisdom.', 'writer': 'Oprah Winfrey'}"
5reM7jR6dJDK1Nvj,1744412591630,400,Already Existing Data,{'error': 'Already Existing Data'}
5reM7jR6dJDK1Nvj,1744412591630,400,Already Existing Data,{'error': 'Already Existing Data'}
5reM7jR6dJDK1Nvj,1744412591630,400,Already Existing Data,{'error': 'Already Existing Data'}
5reM7jR6dJDK1Nvj,1744412591630,400,Already Existing Data,{'error': 'Already Existing Data'}
5reM7jR6dJDK1Nvj,1744412597630,200,Success,"{'message': 'Success', 'quote': 'The purpose of our lives is to be happy.', 'writer': 'Dalai Lama'}"
5reM7jR6dJDK1Nvj,1744412597630,400,Already Existing Data,{'error': 'Already Existing Data'}
5reM7jR6dJDK1Nvj,1744412597630,400,Already Existing Data,{'error': 'Already Existing Data'}
5reM7jR6dJDK1Nvj,1744412597630,400,Already Existing Data,{'error': 'Already Existing Data'}
5reM7jR6dJDK1Nvj,1744412597630,400,Already Existing Data,{'error': 'Already Existing Data'}
5reM7jR6dJDK1Nvj,1744412610630,200,Success,"{'message': 'Success', 'quote': 'Do not go where the path may lead, go instead where there is no path and leave a trail.', 'writer': 'Ralph Waldo Emerson'}"
5reM7jR6dJDK1Nvj,1744412610630,400,Already Existing Data,{'error': 'Already Existing Data'}
5reM7jR6dJDK1Nvj,1744412610630,400,Already Existing Data,{'error': 'Already Existing Data'}
5reM7jR6dJDK1Nvj,1744412610630,400,Already Existing Data,{'error': 'Already Existing Data'}
5reM7jR6dJDK1Nvj,1744412610630,400,Already Existing Data,{'error': 'Already Existing Data'}
5reM7jR6dJDK1Nvj,1744412624630,200,Success,"{'message': 'Success', 'quote': 'Success is a journey, not a destination.', 'writer': 'Arthur Ashe'}"
5reM7jR6dJDK1Nvj,1744412624630,400,Already Existing Data,{'error': 'Already Existing Data'}
5reM7jR6dJDK1Nvj,1744412624630,400,Already Existing Data,{'error': 'Already Existing Data'}
5reM7jR6dJDK1Nvj,1744412624630,400,Already Existing Data,{'error': 'Already Existing Data'}
5reM7jR6dJDK1Nvj,1744412624630,400,Already Existing Data,{'error': 'Already Existing Data'}
5reM7jR6dJDK1Nvj,1744412637630,200,Success,"{'message': 'Success', 'quote': 'The purpose of our lives is to be happy.', 'writer': 'Dalai Lama'}"
5reM7jR6dJDK1Nvj,1744412637630,400,Already Existing Data,{'error': 'Already Existing Data'}
5reM7jR6dJDK1Nvj,1744412637630,400,Already Existing Data,{'error': 'Already Existing Data'}
5reM7jR6dJDK1Nvj,1744412637630,400,Already Existing Data,{'error': 'Already Existing Data'}
5reM7jR6dJDK1Nvj,1744412637630,400,Already Existing Data,{'error': 'Already Existing Data'}
5reM7jR6dJDK1Nvj,1744412663630,200,Success,"{'message': 'Success', 'quote': 'Hardships often prepare ordinary people for an extraordinary destiny.', 'writer': 'C.S. Lewis'}"
5reM7jR6dJDK1Nvj,1744412663630,400,Already Existing Data,{'error': 'Already Existing Data'}
5reM7jR6dJDK1Nvj,1744412663630,400,Already Existing Data,{'error': 'Already Existing Data'}
5reM7jR6dJDK1Nvj,1744412663630,400,Already Existing Data,{'error': 'Already Existing Data'}
5reM7jR6dJDK1Nvj,1744412663630,400,Already Existing Data,{'error': 'Already Existing Data'}
5reM7jR6dJDK1Nvj,1744412669630,200,Success,"{'message': 'Success', 'quote': 'If opportunity doesn’t knock, build a door.', 'writer': 'Milton Berle'}"
5reM7jR6dJDK1Nvj,1744412669630,400,Already Existing Data,{'error': 'Already Existing Data'}
5reM7jR6dJDK1Nvj,1744412669630,400,Already Existing Data,{'error': 'Already Existing Data'}
5reM7jR6dJDK1Nvj,1744412669630,400,Already Existing Data,{'error': 'Already Existing Data'}
5reM7jR6dJDK1Nvj,1744412669630,400,Already Existing Data,{'error': 'Already Existing Data'}
5reM7jR6dJDK1Nvj,1744412693630,200,Success,"{'message': 'Success', 'quote': 'What lies behind us and what lies before us are tiny matters compared to what lies within us.', 'writer': 'Ralph Waldo Emerson'}"
5reM7jR6dJDK1Nvj,1744412693630,400,Already Existing Data,{'error': 'Already Existing Data'}
5reM7jR6dJDK1Nvj,1744412693630,400,Already Existing Data,{'error': 'Already Existing Data'}
5reM7jR6dJDK1Nvj,1744412693630,400,Already Existing Data,{'error': 'Already Existing Data'}
5reM7jR6dJDK1Nvj,1744412693630,400,Already Existing Data,{'error': 'Already Existing Data'}
5reM7jR6dJDK1Nvj,1744412720630,200,Success,"{'message': 'Success', 'quote': 'You have within you right now, everything you need to deal with whatever the world can throw at you.', 'writer': 'Brian Tracy'}"
5reM7jR6dJDK1Nvj,1744412720630,400,Already Existing Data,{'error': 'Already Existing Data'}
5reM7jR6dJDK1Nvj,1744412720630,400,Already Existing Data,{'error': 'Already Existing Data'}
5reM7jR6dJDK1Nvj,1744412720630,400,Already Existing Data,{'error': 'Already Existing Data'}
5reM7jR6dJDK1Nvj,1744412720630,400,Already Existing Data,{'error': 'Already Existing Data'}
5reM7jR6dJDK1Nvj,1744412747630,200,Success,"{'message': 'Success', 'quote': 'Success is not final, failure is not fatal: It is the courage to continue that counts.', 'writer': 'Winston Churchill'}"
5reM7jR6dJDK1Nvj,1744412747630,400,Already Existing Data,{'error': 'Already Existing Data'}
5reM7jR6dJDK1Nvj,1744412747630,400,Already Existing Data,{'error': 'Already Existing Data'}
5reM7jR6dJDK1Nvj,1744412747630,400,Already Existing Data,{'error': 'Already Existing Data'}
5reM7jR6dJDK1Nvj,1744412747630,400,Already Existing Data,{'error': 'Already Existing Data'}
5reM7jR6dJDK1Nvj,1744412772630,200,Success,"{'message': 'Success', 'quote': 'Success is not how high you have climbed, but how you make a positive difference to the world.', 'writer': 'Roy T. Bennett'}"
5reM7jR6dJDK1Nvj,1744412772630,400,Already Existing Data,{'error': 'Already Existing Data'}
5reM7jR6dJDK1Nvj,1744412772630,400,Already Existing Data,{'error': 'Already Existing Data'}
5reM7jR6dJDK1Nvj,1744412772630,400,Already Existing Data,{'error': 'Already Existing Data'}
5reM7jR6dJDK1Nvj,1744412772630,400,Already Existing Data,{'error': 'Already Existing Data'}
5reM7jR6dJDK1Nvj,1744412783630,200,Success,"{'message': 'Success', 'quote': 'A journey of a thousand miles begins with a single step.', 'writer': 'Lao Tzu'}"
5reM7jR6dJDK1Nvj,1744412783630,400,Already Existing Data,{'error': 'Already Existing Data'}
5reM7jR6dJDK1Nvj,1744412783630,400,Already Existing Data,{'error': 'Already Existing Data'}
5reM7jR6dJDK1Nvj,1744412783630,400,Already Existing Data,{'error': 'Already Existing Data'}
5reM7jR6dJDK1Nvj,1744412783630,400,Already Existing Data,{'error': 'Already Existing Data'}
5reM7jR6dJDK1Nvj,1744412808630,200,Success,"{'message': 'Success', 'quote': 'It does not matter how slowly you go as long as you do not stop.', 'writer': 'Confucius'}"
5reM7jR6dJDK1Nvj,1744412808630,400,Already Existing Data,{'error': 'Already Existing Data'}
5reM7jR6dJDK1Nvj,1744412808630,400,Already Existing Data,{'error': 'Already Existing Data'}
5reM7jR6dJDK1Nvj,1744412808630,400,Already Existing Data,{'error': 'Already Existing Data'}
5reM7jR6dJDK1Nvj,1744412808630,400,Already Existing Data,{'error': 'Already Existing Data'}
5reM7jR6dJDK1Nvj,1744412829630,200,Success,"{'message': 'Success', 'quote': 'Be yourself; everyone else is already taken.', 'writer': 'Oscar Wilde'}"
5reM7jR6dJDK1Nvj,1744412829630,400,Already Existing Data,{'error': 'Already Existing Data'}
5reM7jR6dJDK1Nvj,1744412829630,400,Already Existing Data,{'error': 'Already Existing Data'}
5reM7jR6dJDK1Nvj,1744412829630,400,Already Existing Data,{'error': 'Already Existing Data'}
5reM7jR6dJDK1Nvj,1744412829630,400,Already Existing Data,{'error': 'Already Existing Data'}
5reM7jR6dJDK1Nvj,1744412856630,200,Success,"{'message': 'Success', 'quote': ""Don't watch the clock; do what it does. Keep going."", 'writer': 'Sam Levenson'}"
5reM7jR6dJDK1Nvj,1744412856630,400,Already Existing Data,{'error': 'Already Existing Data'}
5reM7jR6dJDK1Nvj,1744412856630,400,Already Existing Data,{'error': 'Already Existing Data'}
5reM7jR6dJDK1Nvj,1744412856630,400,Already Existing Data,{'error': 'Already Existing Data'}
5reM7jR6dJDK1Nvj,1744412856630,400,Already Existing Data,{'error': 'Already Existing Data'}
5reM7jR6dJDK1Nvj,1744412882630,200,Success,"{'message': 'Success', 'quote': 'You have within you right now, everything you need to deal with whatever the world can throw at you.', 'writer': 'Brian Tracy'}"
5reM7jR6dJDK1Nvj,1744412882630,400,Already Existing Data,{'error': 'Already Existing Data'}
5reM7jR6dJDK1Nvj,1744412882630,400,Already Existing Data,{'error': 'Already Existing Data'}
5reM7jR6dJDK1Nvj,1744412882630,400,Already Existing Data,{'error': 'Already Existing Data'}
5reM7jR6dJDK1Nvj,1744412882630,400,Already Existing Data,{'error': 'Already Existing Data'}
5reM7jR6dJDK1Nvj,1744412888630,200,Success,"{'message': 'Success', 'quote': 'Live as if you were to die tomorrow. Learn as if you were to live forever.', 'writer': 'Mahatma Gandhi'}"
5reM7jR6dJDK1Nvj,1744412888630,400,Already Existing Data,{'error': 'Already Existing Data'}
5reM7jR6dJDK1Nvj,1744412888630,400,Already Existing Data,{'error': 'Already Existing Data'}
5reM7jR6dJDK1Nvj,1744412888630,400,Already Existing Data,{'error': 'Already Existing Data'}
5reM7jR6dJDK1Nvj,1744412888630,400,Already Existing Data,{'error': 'Already Existing Data'}
5reM7jR6dJDK1Nvj,1744412908630,200,Success,"{'message': 'Success', 'quote': 'Everything you’ve ever wanted is on the other side of fear.', 'writer': 'George Addair'}"
5reM7jR6dJDK1Nvj,1744412908630,400,Already Existing Data,{'error': 'Already Existing Data'}
5reM7jR6dJDK1Nvj,1744412908630,400,Already Existing Data,{'error': 'Already Existing Data'}
5reM7jR6dJDK1Nvj,1744412908630,400,Already Existing Data,{'error': 'Already Existing Data'}
5reM7jR6dJDK1Nvj,1744412908630,400,Already Existing Data,{'error': 'Already Existing Data'}
5reM7jR6dJDK1Nvj,1744412922630,200,Success,"{'message': 'Success', 'quote': 'The best way to predict the future is to create it.', 'writer': 'Peter Drucker'}"
5reM7jR6dJDK1Nvj,1744412922630,400,Already Existing Data,{'error': 'Already Existing Data'}
5reM7jR6dJDK1Nvj,1744412922630,400,Already Existing Data,{'error': 'Already Existing Data'}
5reM7jR6dJDK1Nvj,1744412922630,400,Already Existing Data,{'error': 'Already Existing Data'}
5reM7jR6dJDK1Nvj,1744412922630,400,Already Existing Data,{'error': 'Already Existing Data'}
5reM7jR6dJDK1Nvj,1744412941630,200,Success,"{'message': 'Success', 'quote': 'Don’t let yesterday take up too much of today.', 'writer': 'Will Rogers'}"
5reM7jR6dJDK1Nvj,1744412941630,400,Already Existing Data,{'error': 'Already Existing Data'}
5reM7jR6dJDK1Nvj,1744412941630,400,Already Existing Data,{'error': 'Already Existing Data'}
5reM7jR6dJDK1Nvj,1744412941630,400,Already Existing Data,{'error': 'Already Existing Data'}
5reM7jR6dJDK1Nvj,1744412941630,400,Already Existing Data,{'error': 'Already Existing Data'}
5reM7jR6dJDK1Nvj,1744412954630,200,Success,"{'message': 'Success', 'quote': 'Everything has beauty, but not everyone sees it.', 'writer': 'Confucius'}"
5reM7jR6dJDK1Nvj,1744412954630,400,Already Existing Data,{'error': 'Already Existing Data'}
5reM7jR6dJDK1Nvj,1744412954630,400,Already Existing Data,{'error': 'Already Existing Data'}
5reM7jR6dJDK1Nvj,1744412954630,400,Already Existing Data,{'error': 'Already Existing Data'}
5reM7jR6dJDK1Nvj,1744412954630,400,Already Existing Data,{'error': 'Already Existing Data'}
5reM7jR6dJDK1Nvj,1744412976630,200,Success,"{'message': 'Success', 'quote': 'Act as if what you do makes a difference. It does.', 'writer': 'William James'}"
5reM7jR6dJDK1Nvj,1744412976630,400,Already Existing Data,{'error': 'Already Existing Data'}
5reM7jR6dJDK1Nvj,1744412976630,400,Already Existing Data,{'error': 'Already Existing Data'}
5reM7jR6dJDK1Nvj,1744412976630,400,Already Existing Data,{'error': 'Already Existing Data'}
5reM7jR6dJDK1Nvj,1744412976630,400,Already Existing Data,{'error': 'Already Existing Data'}
5reM7jR6dJDK1Nvj,1744412984630,200,Success,"{'message': 'Success', 'quote': 'If opportunity doesn’t knock, build a door.', 'writer': 'Milton Berle'}"
5reM7jR6dJDK1Nvj,1744412984630,400,Already Existing Data,{'error': 'Already Existing Data'}
5reM7jR6dJDK1Nvj,1744412984630,400,Already Existing Data,{'error': 'Already Existing Data'}
5reM7jR6dJDK1Nvj,1744412984630,400,Already Existing Data,{'error': 'Already Existing Data'}
5reM7jR6dJDK1Nvj,1744412984630,400,Already Existing Data,{'error': 'Already Existing Data'}
5reM7jR6dJDK1Nvj,1744413008630,200,Success,"{'message': 'Success', 'quote': ""Opportunities don't happen. You create them."", 'writer': 'Chris Grosser'}"
5reM7jR6dJDK1Nvj,1744413008630,400,Already Existing Data,{'error': 'Already Existing Data'}
5reM7jR6dJDK1Nvj,1744413008630,400,Already Existing Data,{'error': 'Already Existing Data'}
5reM7jR6dJDK1Nvj,1744413008630,400,Already Existing Data,{'error': 'Already Existing Data'}
5reM7jR6dJDK1Nvj,1744413008630,400,Already Existing Data,{'error': 'Already Existing Data'}
5reM7jR6dJDK1Nvj,1744413014630,200,Success,"{'message': 'Success', 'quote': 'Success is not final, failure is not fatal: It is the courage to continue that counts.', 'writer': 'Winston Churchill'}"
5reM7jR6dJDK1Nvj,1744413014630,400,Already Existing Data,{'error': 'Already Existing Data'}
5reM7jR6dJDK1Nvj,1744413014630,400,Already Existing Data,{'error': 'Already Existing Data'}
5reM7jR6dJDK1Nvj,1744413014630,400,Already Existing Data,{'error': 'Already Existing Data'}
5reM7jR6dJDK1Nvj,1744413014630,400,Already Existing Data,{'error': 'Already Existing Data'}
5reM7jR6dJDK1Nvj,1744413031630,200,Success,"{'message': 'Success', 'quote': 'Don’t count the days, make the days count.', 'writer': 'Muhammad Ali'}"
5reM7jR6dJDK1Nvj,1744413031630,400,Already Existing Data,{'error': 'Already Existing Data'}
5reM7jR6dJDK1Nvj,1744413031630,400,Already Existing Data,{'error': 'Already Existing Data'}
5reM7jR6dJDK1Nvj,1744413031630,400,Already Existing Data,{'error': 'Already Existing Data'}
5reM7jR6dJDK1Nvj,1744413031630,400,Already Existing Data,{'error': 'Already Existing Data'}
5reM7jR6dJDK1Nvj,1744413042630,200,Success,"{'message': 'Success', 'quote': 'Success is not how high you have climbed, but how you make a positive difference to the world.', 'writer': 'Roy T. Bennett'}"
5reM7jR6dJDK1Nvj,1744413042630,400,Already Existing Data,{'error': 'Already Existing Data'}
5reM7jR6dJDK1Nvj,1744413042630,400,Already Existing Data,{'error': 'Already Existing Data'}
5reM7jR6dJDK1Nvj,1744413042630,400,Already Existing Data,{'error': 'Already Existing Data'}
5reM7jR6dJDK1Nvj,1744413042630,400,Already Existing Data,{'error': 'Already Existing Data'}
5reM7jR6dJDK1Nvj,1744413051630,200,Success,"{'message': 'Success', 'quote': ""Believe you can and you're halfway there."", 'writer': 'Theodore Roosevelt'}"
5reM7jR6dJDK1Nvj,1744413051630,400,Already Existing Data,{'error': 'Already Existing Data'}
5reM7jR6dJDK1Nvj,1744413051630,400,Already Existing Data,{'error': 'Already Existing Data'}
5reM7jR6dJDK1Nvj,1744413051630,400,Already Existing Data,{'error': 'Already Existing Data'}
5reM7jR6dJDK1Nvj,1744413051630,400,Already Existing Data,{'error': 'Already Existing Data'}
5reM7jR6dJDK1Nvj,1744413059630,200,Success,"{'message': 'Success', 'quote': 'Quality means doing it right when no one is looking.', 'writer': 'Henry Ford'}"
5reM7jR6dJDK1Nvj,1744413059630,400,Already Existing Data,{'error': 'Already Existing Data'}
5reM7jR6dJDK1Nvj,1744413059630,400,Already Existing Data,{'error': 'Already Existing Data'}
5reM7jR6dJDK1Nvj,1744413059630,400,Already Existing Data,{'error': 'Already Existing Data'}
5reM7jR6dJDK1Nvj,1744413059630,400,Already Existing Data,{'error': 'Already Existing Data'}
5reM7jR6dJDK1Nvj,1744413065630,200,Success,"{'message': 'Success', 'quote': 'Success is not final, failure is not fatal: It is the courage to continue that counts.', 'writer': 'Winston Churchill'}"
5reM7jR6dJDK1Nvj,1744413065630,400,Already Existing Data,{'error': 'Already Existing Data'}
5reM7jR6dJDK1Nvj,1744413065630,400,Already Existing Data,{'error': 'Already Existing Data'}
5reM7jR6dJDK1Nvj,1744413065630,400,Already Existing Data,{'error': 'Already Existing Data'}
5reM7jR6dJDK1Nvj,1744413065630,400,Already Existing Data,{'error': 'Already Existing Data'}
5reM7jR6dJDK1Nvj,1744413086630,429,Access limit reached,"{'error': 'Access limit reached', 'retry_after': '23 hours 44 minutes'}"
5reM7jR6dJDK1Nvj,1744413086630,429,Access limit reached,"{'error': 'Access limit reached', 'retry_after': '23 hours 44 minutes'}"
5reM7jR6dJDK1Nvj,1744413086630,429,Access limit reached,"{'error': 'Access limit reached', 'retry_after': '23 hours 44 minutes'}"
5reM7jR6dJDK1Nvj,1744413086630,429,Access limit reached,"{'error': 'Access limit reached', 'retry_after': '23 hours 44 minutes'}"
5reM7jR6dJDK1Nvj,1744413086630,429,Access limit reached,"{'error': 'Access limit reached', 'retry_after': '23 hours 44 minutes'}"
5reM7jR6dJDK1Nvj,1744413097630,429,Access limit reached,"{'error': 'Access limit reached', 'retry_after': '23 hours 44 minutes'}"
5reM7jR6dJDK1Nvj,1744413097630,429,Access limit reached,"{'error': 'Access limit reached', 'retry_after': '23 hours 44 minutes'}"
5reM7jR6dJDK1Nvj,1744413097630,429,Access limit reached,"{'error': 'Access limit reached', 'retry_after': '23 hours 44 minutes'}"
5reM7jR6dJDK1Nvj,1744413097630,429,Access limit reached,"{'error': 'Access limit reached', 'retry_after': '23 hours 44 minutes'}"
5reM7jR6dJDK1Nvj,1744413097630,429,Access limit reached,"{'error': 'Access limit reached', 'retry_after': '23 hours 44 minutes'}"
5reM7jR6dJDK1Nvj,1744413106630,429,Access limit reached,"{'error': 'Access limit reached', 'retry_after': '23 hours 44 minutes'}"
5reM7jR6dJDK1Nvj,1744413106630,429,Access limit reached,"{'error': 'Access limit reached', 'retry_after': '23 hours 44 minutes'}"
5reM7jR6dJDK1Nvj,1744413106630,429,Access limit reached,"{'error': 'Access limit reached', 'retry_after': '23 hours 44 minutes'}"
5reM7jR6dJDK1Nvj,1744413106630,429,Access limit reached,"{'error': 'Access limit reached', 'retry_after': '23 hours 44 minutes'}"
5reM7jR6dJDK1Nvj,1744413106630,429,Access limit reached,"{'error': 'Access limit reached', 'retry_after': '23 hours 44 minutes'}"
5reM7jR6dJDK1Nvj,1744413117630,429,Access limit reached,"{'error': 'Access limit reached', 'retry_after': '23 hours 44 minutes'}"
5reM7jR6dJDK1Nvj,1744413117630,429,Access limit reached,"{'error': 'Access limit reached', 'retry_after': '23 hours 44 minutes'}"
5reM7jR6dJDK1Nvj,1744413117630,429,Access limit reached,"{'error': 'Access limit reached', 'retry_after': '23 hours 44 minutes'}"
5reM7jR6dJDK1Nvj,1744413117630,429,Access limit reached,"{'error': 'Access limit reached', 'retry_after': '23 hours 44 minutes'}"
5reM7jR6dJDK1Nvj,1744413117630,429,Access limit reached,"{'error': 'Access limit reached', 'retry_after': '23 hours 44 minutes'}"
5reM7jR6dJDK1Nvj,1744413143630,429,Access limit reached,"{'error': 'Access limit reached', 'retry_after': '23 hours 44 minutes'}"
5reM7jR6dJDK1Nvj,1744413143630,429,Access limit reached,"{'error': 'Access limit reached', 'retry_after': '23 hours 44 minutes'}"
5reM7jR6dJDK1Nvj,1744413143630,429,Access limit reached,"{'error': 'Access limit reached', 'retry_after': '23 hours 44 minutes'}"
5reM7jR6dJDK1Nvj,1744413143630,429,Access limit reached,"{'error': 'Access limit reached', 'retry_after': '23 hours 44 minutes'}"
5reM7jR6dJDK1Nvj,1744413143630,429,Access limit reached,"{'error': 'Access limit reached', 'retry_after': '23 hours 44 minutes'}"
5reM7jR6dJDK1Nvj,1744413168630,429,Access limit reached,"{'error': 'Access limit reached', 'retry_after': '23 hours 44 minutes'}"
5reM7jR6dJDK1Nvj,1744413168630,429,Access limit reached,"{'error': 'Access limit reached', 'retry_after': '23 hours 44 minutes'}"
5reM7jR6dJDK1Nvj,1744413168630,429,Access limit reached,"{'error': 'Access limit reached', 'retry_after': '23 hours 44 minutes'}"
5reM7jR6dJDK1Nvj,1744413168630,429,Access limit reached,"{'error': 'Access limit reached', 'retry_after': '23 hours 44 minutes'}"
5reM7jR6dJDK1Nvj,1744413168630,429,Access limit reached,"{'error': 'Access limit reached', 'retry_after': '23 hours 44 minutes'}"
5reM7jR6dJDK1Nvj,1744413184630,429,Access limit reached,"{'error': 'Access limit reached', 'retry_after': '23 hours 44 minutes'}"
5reM7jR6dJDK1Nvj,1744413184630,429,Access limit reached,"{'error': 'Access limit reached', 'retry_after': '23 hours 44 minutes'}"
5reM7jR6dJDK1Nvj,1744413184630,429,Access limit reached,"{'error': 'Access limit reached', 'retry_after': '23 hours 44 minutes'}"
5reM7jR6dJDK1Nvj,1744413184630,429,Access limit reached,"{'error': 'Access limit reached', 'retry_after': '23 hours 44 minutes'}"
5reM7jR6dJDK1Nvj,1744413184630,429,Access limit reached,"{'error': 'Access limit reached', 'retry_after': '23 hours 44 minutes'}"
5reM7jR6dJDK1Nvj,1744413205630,429,Access limit reached,"{'error': 'Access limit reached', 'retry_after': '23 hours 44 minutes'}"
5reM7jR6dJDK1Nvj,1744413205630,429,Access limit reached,"{'error': 'Access limit reached', 'retry_after': '23 hours 44 minutes'}"
5reM7jR6dJDK1Nvj,1744413205630,429,Access limit reached,"{'error': 'Access limit reached', 'retry_after': '23 hours 44 minutes'}"
5reM7jR6dJDK1Nvj,1744413205630,429,Access limit reached,"{'error': 'Access limit reached', 'retry_after': '23 hours 44 minutes'}"
5reM7jR6dJDK1Nvj,1744413205630,429,Access limit reached,"{'error': 'Access limit reached', 'retry_after': '23 hours 44 minutes'}"
5reM7jR6dJDK1Nvj,1744413233630,429,Access limit reached,"{'error': 'Access limit reached', 'retry_after': '23 hours 44 minutes'}"
5reM7jR6dJDK1Nvj,1744413233630,429,Access limit reached,"{'error': 'Access limit reached', 'retry_after': '23 hours 44 minutes'}"
5reM7jR6dJDK1Nvj,1744413233630,429,Access limit reached,"{'error': 'Access limit reached', 'retry_after': '23 hours 44 minutes'}"
5reM7jR6dJDK1Nvj,1744413233630,429,Access limit reached,"{'error': 'Access limit reached', 'retry_after': '23 hours 44 minutes'}"
5reM7jR6dJDK1Nvj,1744413233630,429,Access limit reached,"{'error': 'Access limit reached', 'retry_after': '23 hours 44 minutes'}"
5reM7jR6dJDK1Nvj,1744413246630,429,Access limit reached,"{'error': 'Access limit reached', 'retry_after': '23 hours 44 minutes'}"
5reM7jR6dJDK1Nvj,1744413246630,429,Access limit reached,"{'error': 'Access limit reached', 'retry_after': '23 hours 44 minutes'}"
5reM7jR6dJDK1Nvj,1744413246630,429,Access limit reached,"{'error': 'Access limit reached', 'retry_after': '23 hours 44 minutes'}"
5reM7jR6dJDK1Nvj,1744413246630,429,Access limit reached,"{'error': 'Access limit reached', 'retry_after': '23 hours 44 minutes'}"
5reM7jR6dJDK1Nvj,1744413246630,429,Access limit reached,"{'error': 'Access limit reached', 'retry_after': '23 hours 44 minutes'}"
5reM7jR6dJDK1Nvj,1744413266630,429,Access limit reached,"{'error': 'Access limit reached', 'retry_after': '23 hours 44 minutes'}"
5reM7jR6dJDK1Nvj,1744413266630,429,Access limit reached,"{'error': 'Access limit reached', 'retry_after': '23 hours 44 minutes'}"
5reM7jR6dJDK1Nvj,1744413266630,429,Access limit reached,"{'error': 'Access limit reached', 'retry_after': '23 hours 44 minutes'}"
5reM7jR6dJDK1Nvj,1744413266630,429,Access limit reached,"{'error': 'Access limit reached', 'retry_after': '23 hours 44 minutes'}"
5reM7jR6dJDK1Nvj,1744413266630,429,Access limit reached,"{'error': 'Access limit reached', 'retry_after': '23 hours 44 minutes'}"
5reM7jR6dJDK1Nvj,1744413288630,429,Access limit reached,"{'error': 'Access limit reached', 'retry_after': '23 hours 44 minutes'}"
5reM7jR6dJDK1Nvj,1744413288630,429,Access limit reached,"{'error': 'Access limit reached', 'retry_after': '23 hours 44 minutes'}"
5reM7jR6dJDK1Nvj,1744413288630,429,Access limit reached,"{'error': 'Access limit reached', 'retry_after': '23 hours 44 minutes'}"
5reM7jR6dJDK1Nvj,1744413288630,429,Access limit reached,"{'error': 'Access limit reached', 'retry_after': '23 hours 44 minutes'}"
5reM7jR6dJDK1Nvj,1744413288630,429,Access limit reached,"{'error': 'Access limit reached', 'retry_after': '23 hours 44 minutes'}"
5reM7jR6dJDK1Nvj,1744413307630,429,Access limit reached,"{'error': 'Access limit reached', 'retry_after': '23 hours 44 minutes'}"
5reM7jR6dJDK1Nvj,1744413307630,429,Access limit reached,"{'error': 'Access limit reached', 'retry_after': '23 hours 44 minutes'}"
5reM7jR6dJDK1Nvj,1744413307630,429,Access limit reached,"{'error': 'Access limit reached', 'retry_after': '23 hours 44 minutes'}"
5reM7jR6dJDK1Nvj,1744413307630,429,Access limit reached,"{'error': 'Access limit reached', 'retry_after': '23 hours 44 minutes'}"
5reM7jR6dJDK1Nvj,1744413307630,429,Access limit reached,"{'error': 'Access limit reached', 'retry_after': '23 hours 44 minutes'}"
5reM7jR6dJDK1Nvj,1744413322630,429,Access limit reached,"{'error': 'Access limit reached', 'retry_after': '23 hours 44 minutes'}"
5reM7jR6dJDK1Nvj,1744413322630,429,Access limit reached,"{'error': 'Access limit reached', 'retry_after': '23 hours 44 minutes'}"
5reM7jR6dJDK1Nvj,1744413322630,429,Access limit reached,"{'error': 'Access limit reached', 'retry_after': '23 hours 44 minutes'}"
5reM7jR6dJDK1Nvj,1744413322630,429,Access limit reached,"{'error': 'Access limit reached', 'retry_after': '23 hours 44 minutes'}"
5reM7jR6dJDK1Nvj,1744413322630,429,Access limit reached,"{'error': 'Access limit reached', 'retry_after': '23 hours 44 minutes'}"
5reM7jR6dJDK1Nvj,1744413337630,429,Access limit reached,"{'error': 'Access limit reached', 'retry_after': '23 hours 44 minutes'}"
5reM7jR6dJDK1Nvj,1744413337630,429,Access limit reached,"{'error': 'Access limit reached', 'retry_after': '23 hours 44 minutes'}"
5reM7jR6dJDK1Nvj,1744413337630,429,Access limit reached,"{'error': 'Access limit reached', 'retry_after': '23 hours 44 minutes'}"
5reM7jR6dJDK1Nvj,1744413337630,429,Access limit reached,"{'error': 'Access limit reached', 'retry_after': '23 hours 44 minutes'}"
5reM7jR6dJDK1Nvj,1744413337630,429,Access limit reached,"{'error': 'Access limit reached', 'retry_after': '23 hours 44 minutes'}"
5reM7jR6dJDK1Nvj,1744413342630,429,Access limit reached,"{'error': 'Access limit reached', 'retry_after': '23 hours 44 minutes'}"
5reM7jR6dJDK1Nvj,1744413342630,429,Access limit reached,"{'error': 'Access limit reached', 'retry_after': '23 hours 44 minutes'}"
5reM7jR6dJDK1Nvj,1744413342630,429,Access limit reached,"{'error': 'Access limit reached', 'retry_after': '23 hours 44 minutes'}"
5reM7jR6dJDK1Nvj,1744413342630,429,Access limit reached,"{'error': 'Access limit reached', 'retry_after': '23 hours 44 minutes'}"
5reM7jR6dJDK1Nvj,1744413342630,429,Access limit reached,"{'error': 'Access limit reached', 'retry_after': '23 hours 44 minutes'}"
5reM7jR6dJDK1Nvj,1744413364630,429,Access limit reached,"{'error': 'Access limit reached', 'retry_after': '23 hours 44 minutes'}"
5reM7jR6dJDK1Nvj,1744413364630,429,Access limit reached,"{'error': 'Access limit reached', 'retry_after': '23 hours 44 minutes'}"
5reM7jR6dJDK1Nvj,1744413364630,429,Access limit reached,"{'error': 'Access limit reached', 'retry_after': '23 hours 44 minutes'}"
5reM7jR6dJDK1Nvj,1744413364630,429,Access limit reached,"{'error': 'Access limit reached', 'retry_after': '23 hours 44 minutes'}"
5reM7jR6dJDK1Nvj,1744413364630,429,Access limit reached,"{'error': 'Access limit reached', 'retry_after': '23 hours 44 minutes'}"
5reM7jR6dJDK1Nvj,1744413389630,429,Access limit reached,"{'error': 'Access limit reached', 'retry_after': '23 hours 44 minutes'}"
5reM7jR6dJDK1Nvj,1744413389630,429,Access limit reached,"{'error': 'Access limit reached', 'retry_after': '23 hours 44 minutes'}"
5reM7jR6dJDK1Nvj,1744413389630,429,Access limit reached,"{'error': 'Access limit reached', 'retry_after': '23 hours 44 minutes'}"
5reM7jR6dJDK1Nvj,1744413389630,429,Access limit reached,"{'error': 'Access limit reached', 'retry_after': '23 hours 44 minutes'}"
5reM7jR6dJDK1Nvj,1744413389630,429,Access limit reached,"{'error': 'Access limit reached', 'retry_after': '23 hours 44 minutes'}"
5reM7jR6dJDK1Nvj,1744413395630,429,Access limit reached,"{'error': 'Access limit reached', 'retry_after': '23 hours 44 minutes'}"
5reM7jR6dJDK1Nvj,1744413395630,429,Access limit reached,"{'error': 'Access limit reached', 'retry_after': '23 hours 44 minutes'}"
5reM7jR6dJDK1Nvj,1744413395630,429,Access limit reached,"{'error': 'Access limit reached', 'retry_after': '23 hours 44 minutes'}"
5reM7jR6dJDK1Nvj,1744413395630,429,Access limit reached,"{'error': 'Access limit reached', 'retry_after': '23 hours 44 minutes'}"
5reM7jR6dJDK1Nvj,1744413395630,429,Access limit reached,"{'error': 'Access limit reached', 'retry_after': '23 hours 44 minutes'}"
5reM7jR6dJDK1Nvj,1744413416630,429,Access limit reached,"{'error': 'Access limit reached', 'retry_after': '23 hours 44 minutes'}"
5reM7jR6dJDK1Nvj,1744413416630,429,Access limit reached,"{'error': 'Access limit reached', 'retry_after': '23 hours 44 minutes'}"
5reM7jR6dJDK1Nvj,1744413416630,429,Access limit reached,"{'error': 'Access limit reached', 'retry_after': '23 hours 44 minutes'}"
5reM7jR6dJDK1Nvj,1744413416630,429,Access limit reached,"{'error': 'Access limit reached', 'retry_after': '23 hours 44 minutes'}"
5reM7jR6dJDK1Nvj,1744413416630,429,Access limit reached,"{'error': 'Access limit reached', 'retry_after': '23 hours 44 minutes'}"
5reM7jR6dJDK1Nvj,1744413446630,429,Access limit reached,"{'error': 'Access limit reached', 'retry_after': '23 hours 44 minutes'}"
5reM7jR6dJDK1Nvj,1744413446630,429,Access limit reached,"{'error': 'Access limit reached', 'retry_after': '23 hours 44 minutes'}"
5reM7jR6dJDK1Nvj,1744413446630,429,Access limit reached,"{'error': 'Access limit reached', 'retry_after': '23 hours 44 minutes'}"
5reM7jR6dJDK1Nvj,1744413446630,429,Access limit reached,"{'error': 'Access limit reached', 'retry_after': '23 hours 44 minutes'}"
5reM7jR6dJDK1Nvj,1744413446630,429,Access limit reached,"{'error': 'Access limit reached', 'retry_after': '23 hours 44 minutes'}"
5reM7jR6dJDK1Nvj,1744413475630,429,Access limit reached,"{'error': 'Access limit reached', 'retry_after': '23 hours 44 minutes'}"
5reM7jR6dJDK1Nvj,1744413475630,429,Access limit reached,"{'error': 'Access limit reached', 'retry_after': '23 hours 44 minutes'}"
5reM7jR6dJDK1Nvj,1744413475630,429,Access limit reached,"{'error': 'Access limit reached', 'retry_after': '23 hours 44 minutes'}"
5reM7jR6dJDK1Nvj,1744413475630,429,Access limit reached,"{'error': 'Access limit reached', 'retry_after': '23 hours 44 minutes'}"
5reM7jR6dJDK1Nvj,1744413475630,429,Access limit reached,"{'error': 'Access limit reached', 'retry_after': '23 hours 44 minutes'}"
5reM7jR6dJDK1Nvj,1744413501630,429,Access limit reached,"{'error': 'Access limit reached', 'retry_after': '23 hours 44 minutes'}"
5reM7jR6dJDK1Nvj,1744413501630,429,Access limit reached,"{'error': 'Access limit reached', 'retry_after': '23 hours 44 minutes'}"
5reM7jR6dJDK1Nvj,1744413501630,429,Access limit reached,"{'error': 'Access limit reached', 'retry_after': '23 hours 44 minutes'}"
5reM7jR6dJDK1Nvj,1744413501630,429,Access limit reached,"{'error': 'Access limit reached', 'retry_after': '23 hours 44 minutes'}"
5reM7jR6dJDK1Nvj,1744413501630,429,Access limit reached,"{'error': 'Access limit reached', 'retry_after': '23 hours 44 minutes'}"
5reM7jR6dJDK1Nvj,1744413508630,429,Access limit reached,"{'error': 'Access limit reached', 'retry_after': '23 hours 44 minutes'}"
5reM7jR6dJDK1Nvj,1744413508630,429,Access limit reached,"{'error': 'Access limit reached', 'retry_after': '23 hours 44 minutes'}"
5reM7jR6dJDK1Nvj,1744413508630,429,Access limit reached,"{'error': 'Access limit reached', 'retry_after': '23 hours 44 minutes'}"
5reM7jR6dJDK1Nvj,1744413508630,429,Access limit reached,"{'error': 'Access limit reached', 'retry_after': '23 hours 44 minutes'}"
5reM7jR6dJDK1Nvj,1744413508630,429,Access limit reached,"{'error': 'Access limit reached', 'retry_after': '23 hours 44 minutes'}"
5reM7jR6dJDK1Nvj,1744413532630,429,Access limit reached,"{'error': 'Access limit reached', 'retry_after': '23 hours 44 minutes'}"
5reM7jR6dJDK1Nvj,1744413532630,429,Access limit reached,"{'error': 'Access limit reached', 'retry_after': '23 hours 44 minutes'}"
5reM7jR6dJDK1Nvj,1744413532630,429,Access limit reached,"{'error': 'Access limit reached', 'retry_after': '23 hours 44 minutes'}"
5reM7jR6dJDK1Nvj,1744413532630,429,Access limit reached,"{'error': 'Access limit reached', 'retry_after': '23 hours 44 minutes'}"
5reM7jR6dJDK1Nvj,1744413532630,429,Access limit reached,"{'error': 'Access limit reached', 'retry_after': '23 hours 44 minutes'}"
5reM7jR6dJDK1Nvj,1744413537630,429,Access limit reached,"{'error': 'Access limit reached', 'retry_after': '23 hours 44 minutes'}"
5reM7jR6dJDK1Nvj,1744413537630,429,Access limit reached,"{'error': 'Access limit reached', 'retry_after': '23 hours 44 minutes'}"
5reM7jR6dJDK1Nvj,1744413537630,429,Access limit reached,"{'error': 'Access limit reached', 'retry_after': '23 hours 44 minutes'}"
5reM7jR6dJDK1Nvj,1744413537630,429,Access limit reached,"{'error': 'Access limit reached', 'retry_after': '23 hours 44 minutes'}"
5reM7jR6dJDK1Nvj,1744413537630,429,Access limit reached,"{'error': 'Access limit reached', 'retry_after': '23 hours 44 minutes'}"
5reM7jR6dJDK1Nvj,1744413567630,429,Access limit reached,"{'error': 'Access limit reached', 'retry_after': '23 hours 44 minutes'}"
5reM7jR6dJDK1Nvj,1744413567630,429,Access limit reached,"{'error': 'Access limit reached', 'retry_after': '23 hours 44 minutes'}"
5reM7jR6dJDK1Nvj,1744413567630,429,Access limit reached,"{'error': 'Access limit reached', 'retry_after': '23 hours 44 minutes'}"
5reM7jR6dJDK1Nvj,1744413567630,429,Access limit reached,"{'error': 'Access limit reached', 'retry_after': '23 hours 44 minutes'}"
5reM7jR6dJDK1Nvj,1744413567630,429,Access limit reached,"{'error': 'Access limit reached', 'retry_after': '23 hours 44 minutes'}"
5reM7jR6dJDK1Nvj,1744413582630,429,Access limit reached,"{'error': 'Access limit reached', 'retry_after': '23 hours 44 minutes'}"
5reM7jR6dJDK1Nvj,1744413582630,429,Access limit reached,"{'error': 'Access limit reached', 'retry_after': '23 hours 44 minutes'}"
5reM7jR6dJDK1Nvj,1744413582630,429,Access limit reached,"{'error': 'Access limit reached', 'retry_after': '23 hours 44 minutes'}"
5reM7jR6dJDK1Nvj,1744413582630,429,Access limit reached,"{'error': 'Access limit reached', 'retry_after': '23 hours 44 minutes'}"
5reM7jR6dJDK1Nvj,1744413582630,429,Access limit reached,"{'error': 'Access limit reached', 'retry_after': '23 hours 44 minutes'}"
5reM7jR6dJDK1Nvj,1744413596630,429,Access limit reached,"{'error': 'Access limit reached', 'retry_after': '23 hours 44 minutes'}"
5reM7jR6dJDK1Nvj,1744413596630,429,Access limit reached,"{'error': 'Access limit reached', 'retry_after': '23 hours 44 minutes'}"
5reM7jR6dJDK1Nvj,1744413596630,429,Access limit reached,"{'error': 'Access limit reached', 'retry_after': '23 hours 44 minutes'}"
5reM7jR6dJDK1Nvj,1744413596630,429,Access limit reached,"{'error': 'Access limit reached', 'retry_after': '23 hours 44 minutes'}"
5reM7jR6dJDK1Nvj,1744413596630,429,Access limit reached,"{'error': 'Access limit reached', 'retry_after': '23 hours 44 minutes'}"
5reM7jR6dJDK1Nvj,1744413604630,429,Access limit reached,"{'error': 'Access limit reached', 'retry_after': '23 hours 44 minutes'}"
5reM7jR6dJDK1Nvj,1744413604630,429,Access limit reached,"{'error': 'Access limit reached', 'retry_after': '23 hours 44 minutes'}"
5reM7jR6dJDK1Nvj,1744413604630,429,Access limit reached,"{'error': 'Access limit reached', 'retry_after': '23 hours 44 minutes'}"
5reM7jR6dJDK1Nvj,1744413604630,429,Access limit reached,"{'error': 'Access limit reached', 'retry_after': '23 hours 44 minutes'}"
5reM7jR6dJDK1Nvj,1744413604630,429,Access limit reached,"{'error': 'Access limit reached', 'retry_after': '23 hours 44 minutes'}"
5reM7jR6dJDK1Nvj,1744413630630,429,Access limit reached,"{'error': 'Access limit reached', 'retry_after': '23 hours 44 minutes'}"
5reM7jR6dJDK1Nvj,1744413630630,429,Access limit reached,"{'error': 'Access limit reached', 'retry_after': '23 hours 44 minutes'}"
5reM7jR6dJDK1Nvj,1744413630630,429,Access limit reached,"{'error': 'Access limit reached', 'retry_after': '23 hours 44 minutes'}"
5reM7jR6dJDK1Nvj,1744413630630,429,Access limit reached,"{'error': 'Access limit reached', 'retry_after': '23 hours 44 minutes'}"
5reM7jR6dJDK1Nvj,1744413630630,429,Access limit reached,"{'error': 'Access limit reached', 'retry_after': '23 hours 44 minutes'}"
YAxhTHul26gN03ih,1744413641630,200,Success,"{'message': 'Success', 'quote': 'A person who never made a mistake never tried anything new.', 'writer': 'Albert Einstein'}"
YAxhTHul26gN03ih,1744413641630,400,Already Existing Data,{'error': 'Already Existing Data'}
YAxhTHul26gN03ih,1744413641630,400,Already Existing Data,{'error': 'Already Existing Data'}
YAxhTHul26gN03ih,1744413641630,400,Already Existing Data,{'error': 'Already Existing Data'}
YAxhTHul26gN03ih,1744413641630,400,Already Existing Data,{'error': 'Already Existing Data'}
YAxhTHul26gN03ih,1744413661630,429,Access limit reached,"{'error': 'Access limit reached', 'retry_after': '23 hours 35 minutes'}"
YAxhTHul26gN03ih,1744413661630,429,Access limit reached,"{'error': 'Access limit reached', 'retry_after': '23 hours 35 minutes'}"
YAxhTHul26gN03ih,1744413661630,429,Access limit reached,"{'error': 'Access limit reached', 'retry_after': '23 hours 35 minutes'}"
YAxhTHul26gN03ih,1744413661630,429,Access limit reached,"{'error': 'Access limit reached', 'retry_after': '23 hours 35 minutes'}"
YAxhTHul26gN03ih,1744413661630,429,Access limit reached,"{'error': 'Access limit reached', 'retry_after': '23 hours 35 minutes'}"
YAxhTHul26gN03ih,1744413685630,429,Access limit reached,"{'error': 'Access limit reached', 'retry_after': '23 hours 35 minutes'}"
YAxhTHul26gN03ih,1744413685630,429,Access limit reached,"{'error': 'Access limit reached', 'retry_after': '23 hours 35 minutes'}"
YAxhTHul26gN03ih,1744413685630,429,Access limit reached,"{'error': 'Access limit reached', 'retry_after': '23 hours 35 minutes'}"
YAxhTHul26gN03ih,1744413685630,429,Access limit reached,"{'error': 'Access limit reached', 'retry_after': '23 hours 35 minutes'}"
YAxhTHul26gN03ih,1744413685630,429,Access limit reached,"{'error': 'Access limit reached', 'retry_after': '23 hours 35 minutes'}"
YAxhTHul26gN03ih,1744413701630,429,Access limit reached,"{'error': 'Access limit reached', 'retry_after': '23 hours 35 minutes'}"
YAxhTHul26gN03ih,1744413701630,429,Access limit reached,"{'error': 'Access limit reached', 'retry_after': '23 hours 35 minutes'}"
YAxhTHul26gN03ih,1744413701630,429,Access limit reached,"{'error': 'Access limit reached', 'retry_after': '23 hours 35 minutes'}"
YAxhTHul26gN03ih,1744413701630,429,Access limit reached,"{'error': 'Access limit reached', 'retry_after': '23 hours 35 minutes'}"
YAxhTHul26gN03ih,1744413701630,429,Access limit reached,"{'error': 'Access limit reached', 'retry_after': '23 hours 35 minutes'}"
YAxhTHul26gN03ih,1744413717630,429,Access limit reached,"{'error': 'Access limit reached', 'retry_after': '23 hours 35 minutes'}"
YAxhTHul26gN03ih,1744413717630,429,Access limit reached,"{'error': 'Access limit reached', 'retry_after': '23 hours 35 minutes'}"
YAxhTHul26gN03ih,1744413717630,429,Access limit reached,"{'error': 'Access limit reached', 'retry_after': '23 hours 35 minutes'}"
YAxhTHul26gN03ih,1744413717630,429,Access limit reached,"{'error': 'Access limit reached', 'retry_after': '23 hours 35 minutes'}"
YAxhTHul26gN03ih,1744413717630,429,Access limit reached,"{'error': 'Access limit reached', 'retry_after': '23 hours 35 minutes'}"
YAxhTHul26gN03ih,1744413741630,429,Access limit reached,"{'error': 'Access limit reached', 'retry_after': '23 hours 35 minutes'}"
YAxhTHul26gN03ih,1744413741630,429,Access limit reached,"{'error': 'Access limit reached', 'retry_after': '23 hours 35 minutes'}"
YAxhTHul26gN03ih,1744413741630,429,Access limit reached,"{'error': 'Access limit reached', 'retry_after': '23 hours 35 minutes'}"
YAxhTHul26gN03ih,1744413741630,429,Access limit reached,"{'error': 'Access limit reached', 'retry_after': '23 hours 35 minutes'}"
YAxhTHul26gN03ih,1744413741630,429,Access limit reached,"{'error': 'Access limit reached', 'retry_after': '23 hours 35 minutes'}"
YAxhTHul26gN03ih,1744413759630,429,Access limit reached,"{'error': 'Access limit reached', 'retry_after': '23 hours 35 minutes'}"
YAxhTHul26gN03ih,1744413759630,429,Access limit reached,"{'error': 'Access limit reached', 'retry_after': '23 hours 35 minutes'}"
YAxhTHul26gN03ih,1744413759630,429,Access limit reached,"{'error': 'Access limit reached', 'retry_after': '23 hours 35 minutes'}"
YAxhTHul26gN03ih,1744413759630,429,Access limit reached,"{'error': 'Access limit reached', 'retry_after': '23 hours 35 minutes'}"
YAxhTHul26gN03ih,1744413759630,429,Access limit reached,"{'error': 'Access limit reached', 'retry_after': '23 hours 35 minutes'}"
YAxhTHul26gN03ih,1744413767630,429,Access limit reached,"{'error': 'Access limit reached', 'retry_after': '23 hours 35 minutes'}"
YAxhTHul26gN03ih,1744413767630,429,Access limit reached,"{'error': 'Access limit reached', 'retry_after': '23 hours 35 minutes'}"
YAxhTHul26gN03ih,1744413767630,429,Access limit reached,"{'error': 'Access limit reached', 'retry_after': '23 hours 35 minutes'}"
YAxhTHul26gN03ih,1744413767630,429,Access limit reached,"{'error': 'Access limit reached', 'retry_after': '23 hours 35 minutes'}"
YAxhTHul26gN03ih,1744413767630,429,Access limit reached,"{'error': 'Access limit reached', 'retry_after': '23 hours 35 minutes'}"
YAxhTHul26gN03ih,1744413797630,429,Access limit reached,"{'error': 'Access limit reached', 'retry_after': '23 hours 35 minutes'}"
YAxhTHul26gN03ih,1744413797630,429,Access limit reached,"{'error': 'Access limit reached', 'retry_after': '23 hours 35 minutes'}"
YAxhTHul26gN03ih,1744413797630,429,Access limit reached,"{'error': 'Access limit reached', 'retry_after': '23 hours 35 minutes'}"
YAxhTHul26gN03ih,1744413797630,429,Access limit reached,"{'error': 'Access limit reached', 'retry_after': '23 hours 35 minutes'}"
YAxhTHul26gN03ih,1744413797630,429,Access limit reached,"{'error': 'Access limit reached', 'retry_after': '23 hours 35 minutes'}"
YAxhTHul26gN03ih,1744413803630,429,Access limit reached,"{'error': 'Access limit reached', 'retry_after': '23 hours 35 minutes'}"
YAxhTHul26gN03ih,1744413803630,429,Access limit reached,"{'error': 'Access limit reached', 'retry_after': '23 hours 35 minutes'}"
YAxhTHul26gN03ih,1744413803630,429,Access limit reached,"{'error': 'Access limit reached', 'retry_after': '23 hours 35 minutes'}"
YAxhTHul26gN03ih,1744413803630,429,Access limit reached,"{'error': 'Access limit reached', 'retry_after': '23 hours 35 minutes'}"
YAxhTHul26gN03ih,1744413803630,429,Access limit reached,"{'error': 'Access limit reached', 'retry_after': '23 hours 35 minutes'}"
YAxhTHul26gN03ih,1744413816630,429,Access limit reached,"{'error': 'Access limit reached', 'retry_after': '23 hours 35 minutes'}"
YAxhTHul26gN03ih,1744413816630,429,Access limit reached,"{'error': 'Access limit reached', 'retry_after': '23 hours 35 minutes'}"
YAxhTHul26gN03ih,1744413816630,429,Access limit reached,"{'error': 'Access limit reached', 'retry_after': '23 hours 35 minutes'}"
YAxhTHul26gN03ih,1744413816630,429,Access limit reached,"{'error': 'Access limit reached', 'retry_after': '23 hours 35 minutes'}"
YAxhTHul26gN03ih,1744413816630,429,Access limit reached,"{'error': 'Access limit reached', 'retry_after': '23 hours 35 minutes'}"
YAxhTHul26gN03ih,1744413822630,429,Access limit reached,"{'error': 'Access limit reached', 'retry_after': '23 hours 35 minutes'}"
YAxhTHul26gN03ih,1744413822630,429,Access limit reached,"{'error': 'Access limit reached', 'retry_after': '23 hours 35 minutes'}"
YAxhTHul26gN03ih,1744413822630,429,Access limit reached,"{'error': 'Access limit reached', 'retry_after': '23 hours 35 minutes'}"
YAxhTHul26gN03ih,1744413822630,429,Access limit reached,"{'error': 'Access limit reached', 'retry_after': '23 hours 35 minutes'}"
YAxhTHul26gN03ih,1744413822630,429,Access limit reached,"{'error': 'Access limit reached', 'retry_after': '23 hours 35 minutes'}"
YAxhTHul26gN03ih,1744413836630,429,Access limit reached,"{'error': 'Access limit reached', 'retry_after': '23 hours 35 minutes'}"
YAxhTHul26gN03ih,1744413836630,429,Access limit reached,"{'error': 'Access limit reached', 'retry_after': '23 hours 35 minutes'}"
YAxhTHul26gN03ih,1744413836630,429,Access limit reached,"{'error': 'Access limit reached', 'retry_after': '23 hours 35 minutes'}"
YAxhTHul26gN03ih,1744413836630,429,Access limit reached,"{'error': 'Access limit reached', 'retry_after': '23 hours 35 minutes'}"
YAxhTHul26gN03ih,1744413836630,429,Access limit reached,"{'error': 'Access limit reached', 'retry_after': '23 hours 35 minutes'}"
YAxhTHul26gN03ih,1744413860630,429,Access limit reached,"{'error': 'Access limit reached', 'retry_after': '23 hours 35 minutes'}"
YAxhTHul26gN03ih,1744413860630,429,Access limit reached,"{'error': 'Access limit reached', 'retry_after': '23 hours 35 minutes'}"
YAxhTHul26gN03ih,1744413860630,429,Access limit reached,"{'error': 'Access limit reached', 'retry_after': '23 hours 35 minutes'}"
YAxhTHul26gN03ih,1744413860630,429,Access limit reached,"{'error': 'Access limit reached', 'retry_after': '23 hours 35 minutes'}"
YAxhTHul26gN03ih,1744413860630,429,Access limit reached,"{'error': 'Access limit reached', 'retry_after': '23 hours 35 minutes'}"
YAxhTHul26gN03ih,1744413870630,429,Access limit reached,"{'error': 'Access limit reached', 'retry_after': '23 hours 35 minutes'}"
YAxhTHul26gN03ih,1744413870630,429,Access limit reached,"{'error': 'Access limit reached', 'retry_after': '23 hours 35 minutes'}"
YAxhTHul26gN03ih,1744413870630,429,Access limit reached,"{'error': 'Access limit reached', 'retry_after': '23 hours 35 minutes'}"
YAxhTHul26gN03ih,1744413870630,429,Access limit reached,"{'error': 'Access limit reached', 'retry_after': '23 hours 35 minutes'}"
YAxhTHul26gN03ih,1744413870630,429,Access limit reached,"{'error': 'Access limit reached', 'retry_after': '23 hours 35 minutes'}"
YAxhTHul26gN03ih,1744413895630,429,Access limit reached,"{'error': 'Access limit reached', 'retry_after': '23 hours 35 minutes'}"
YAxhTHul26gN03ih,1744413895630,429,Access limit reached,"{'error': 'Access limit reached', 'retry_after': '23 hours 35 minutes'}"
YAxhTHul26gN03ih,1744413895630,429,Access limit reached,"{'error': 'Access limit reached', 'retry_after': '23 hours 35 minutes'}"
YAxhTHul26gN03ih,1744413895630,429,Access limit reached,"{'error': 'Access limit reached', 'retry_after': '23 hours 35 minutes'}"
YAxhTHul26gN03ih,1744413895630,429,Access limit reached,"{'error': 'Access limit reached', 'retry_after': '23 hours 35 minutes'}"
YAxhTHul26gN03ih,1744413920630,429,Access limit reached,"{'error': 'Access limit reached', 'retry_after': '23 hours 35 minutes'}"
YAxhTHul26gN03ih,1744413920630,429,Access limit reached,"{'error': 'Access limit reached', 'retry_after': '23 hours 35 minutes'}"
YAxhTHul26gN03ih,1744413920630,429,Access limit reached,"{'error': 'Access limit reached', 'retry_after': '23 hours 35 minutes'}"
YAxhTHul26gN03ih,1744413920630,429,Access limit reached,"{'error': 'Access limit reached', 'retry_after': '23 hours 35 minutes'}"
YAxhTHul26gN03ih,1744413920630,429,Access limit reached,"{'error': 'Access limit reached', 'retry_after': '23 hours 35 minutes'}"
YAxhTHul26gN03ih,1744413947630,429,Access limit reached,"{'error': 'Access limit reached', 'retry_after': '23 hours 35 minutes'}"
YAxhTHul26gN03ih,1744413947630,429,Access limit reached,"{'error': 'Access limit reached', 'retry_after': '23 hours 35 minutes'}"
YAxhTHul26gN03ih,1744413947630,429,Access limit reached,"{'error': 'Access limit reached', 'retry_after': '23 hours 35 minutes'}"
YAxhTHul26gN03ih,1744413947630,429,Access limit reached,"{'error': 'Access limit reached', 'retry_after': '23 hours 35 minutes'}"
YAxhTHul26gN03ih,1744413947630,429,Access limit reached,"{'error': 'Access limit reached', 'retry_after': '23 hours 35 minutes'}"
YAxhTHul26gN03ih,1744413965630,429,Access limit reached,"{'error': 'Access limit reached', 'retry_after': '23 hours 35 minutes'}"
YAxhTHul26gN03ih,1744413965630,429,Access limit reached,"{'error': 'Access limit reached', 'retry_after': '23 hours 35 minutes'}"
YAxhTHul26gN03ih,1744413965630,429,Access limit reached,"{'error': 'Access limit reached', 'retry_after': '23 hours 35 minutes'}"
YAxhTHul26gN03ih,1744413965630,429,Access limit reached,"{'error': 'Access limit reached', 'retry_after': '23 hours 35 minutes'}"
YAxhTHul26gN03ih,1744413965630,429,Access limit reached,"{'error': 'Access limit reached', 'retry_after': '23 hours 35 minutes'}"
YAxhTHul26gN03ih,1744413977630,429,Access limit reached,"{'error': 'Access limit reached', 'retry_after': '23 hours 35 minutes'}"
YAxhTHul26gN03ih,1744413977630,429,Access limit reached,"{'error': 'Access limit reached', 'retry_after': '23 hours 35 minutes'}"
YAxhTHul26gN03ih,1744413977630,429,Access limit reached,"{'error': 'Access limit reached', 'retry_after': '23 hours 35 minutes'}"
YAxhTHul26gN03ih,1744413977630,429,Access limit reached,"{'error': 'Access limit reached', 'retry_after': '23 hours 35 minutes'}"
YAxhTHul26gN03ih,1744413977630,429,Access limit reached,"{'error': 'Access limit reached', 'retry_after': '23 hours 35 minutes'}"
YAxhTHul26gN03ih,1744413998630,429,Access limit reached,"{'error': 'Access limit reached', 'retry_after': '23 hours 35 minutes'}"
YAxhTHul26gN03ih,1744413998630,429,Access limit reached,"{'error': 'Access limit reached', 'retry_after': '23 hours 35 minutes'}"
YAxhTHul26gN03ih,1744413998630,429,Access limit reached,"{'error': 'Access limit reached', 'retry_after': '23 hours 35 minutes'}"
YAxhTHul26gN03ih,1744413998630,429,Access limit reached,"{'error': 'Access limit reached', 'retry_after': '23 hours 35 minutes'}"
YAxhTHul26gN03ih,1744413998630,429,Access limit reached,"{'error': 'Access limit reached', 'retry_after': '23 hours 35 minutes'}"
YAxhTHul26gN03ih,1744414023630,429,Access limit reached,"{'error': 'Access limit reached', 'retry_after': '23 hours 35 minutes'}"
YAxhTHul26gN03ih,1744414023630,429,Access limit reached,"{'error': 'Access limit reached', 'retry_after': '23 hours 35 minutes'}"
YAxhTHul26gN03ih,1744414023630,429,Access limit reached,"{'error': 'Access limit reached', 'retry_after': '23 hours 35 minutes'}"
YAxhTHul26gN03ih,1744414023630,429,Access limit reached,"{'error': 'Access limit reached', 'retry_after': '23 hours 35 minutes'}"
YAxhTHul26gN03ih,1744414023630,429,Access limit reached,"{'error': 'Access limit reached', 'retry_after': '23 hours 35 minutes'}"
YAxhTHul26gN03ih,1744414052630,429,Access limit reached,"{'error': 'Access limit reached', 'retry_after': '23 hours 35 minutes'}"
YAxhTHul26gN03ih,1744414052630,429,Access limit reached,"{'error': 'Access limit reached', 'retry_after': '23 hours 35 minutes'}"
YAxhTHul26gN03ih,1744414052630,429,Access limit reached,"{'error': 'Access limit reached', 'retry_after': '23 hours 35 minutes'}"
YAxhTHul26gN03ih,1744414052630,429,Access limit reached,"{'error': 'Access limit reached', 'retry_after': '23 hours 35 minutes'}"
YAxhTHul26gN03ih,1744414052630,429,Access limit reached,"{'error': 'Access limit reached', 'retry_after': '23 hours 35 minutes'}"
YAxhTHul26gN03ih,1744414061630,429,Access limit reached,"{'error': 'Access limit reached', 'retry_after': '23 hours 35 minutes'}"
YAxhTHul26gN03ih,1744414061630,429,Access limit reached,"{'error': 'Access limit reached', 'retry_after': '23 hours 35 minutes'}"
YAxhTHul26gN03ih,1744414061630,429,Access limit reached,"{'error': 'Access limit reached', 'retry_after': '23 hours 35 minutes'}"
YAxhTHul26gN03ih,1744414061630,429,Access limit reached,"{'error': 'Access limit reached', 'retry_after': '23 hours 35 minutes'}"
YAxhTHul26gN03ih,1744414061630,429,Access limit reached,"{'error': 'Access limit reached', 'retry_after': '23 hours 35 minutes'}"
YAxhTHul26gN03ih,1744414075630,429,Access limit reached,"{'error': 'Access limit reached', 'retry_after': '23 hours 35 minutes'}"
YAxhTHul26gN03ih,1744414075630,429,Access limit reached,"{'error': 'Access limit reached', 'retry_after': '23 hours 35 minutes'}"
YAxhTHul26gN03ih,1744414075630,429,Access limit reached,"{'error': 'Access limit reached', 'retry_after': '23 hours 35 minutes'}"
YAxhTHul26gN03ih,1744414075630,429,Access limit reached,"{'error': 'Access limit reached', 'retry_after': '23 hours 35 minutes'}"
YAxhTHul26gN03ih,1744414075630,429,Access limit reached,"{'error': 'Access limit reached', 'retry_after': '23 hours 35 minutes'}"
YAxhTHul26gN03ih,1744414096630,429,Access limit reached,"{'error': 'Access limit reached', 'retry_after': '23 hours 35 minutes'}"
YAxhTHul26gN03ih,1744414096630,429,Access limit reached,"{'error': 'Access limit reached', 'retry_after': '23 hours 35 minutes'}"
YAxhTHul26gN03ih,1744414096630,429,Access limit reached,"{'error': 'Access limit reached', 'retry_after': '23 hours 35 minutes'}"
YAxhTHul26gN03ih,1744414096630,429,Access limit reached,"{'error': 'Access limit reached', 'retry_after': '23 hours 35 minutes'}"
YAxhTHul26gN03ih,1744414096630,429,Access limit reached,"{'error': 'Access limit reached', 'retry_after': '23 hours 35 minutes'}"
YAxhTHul26gN03ih,1744414118630,429,Access limit reached,"{'error': 'Access limit reached', 'retry_after': '23 hours 35 minutes'}"
YAxhTHul26gN03ih,1744414118630,429,Access limit reached,"{'error': 'Access limit reached', 'retry_after': '23 hours 35 minutes'}"
YAxhTHul26gN03ih,1744414118630,429,Access limit reached,"{'error': 'Access limit reached', 'retry_after': '23 hours 35 minutes'}"
YAxhTHul26gN03ih,1744414118630,429,Access limit reached,"{'error': 'Access limit reached', 'retry_after': '23 hours 35 minutes'}"
YAxhTHul26gN03ih,1744414118630,429,Access limit reached,"{'error': 'Access limit reached', 'retry_after': '23 hours 35 minutes'}"
YAxhTHul26gN03ih,1744414134630,429,Access limit reached,"{'error': 'Access limit reached', 'retry_after': '23 hours 35 minutes'}"
YAxhTHul26gN03ih,1744414134630,429,Access limit reached,"{'error': 'Access limit reached', 'retry_after': '23 hours 35 minutes'}"
YAxhTHul26gN03ih,1744414134630,429,Access limit reached,"{'error': 'Access limit reached', 'retry_after': '23 hours 35 minutes'}"
YAxhTHul26gN03ih,1744414134630,429,Access limit reached,"{'error': 'Access limit reached', 'retry_after': '23 hours 35 minutes'}"
YAxhTHul26gN03ih,1744414134630,429,Access limit reached,"{'error': 'Access limit reached', 'retry_after': '23 hours 35 minutes'}"
YAxhTHul26gN03ih,1744414156630,429,Access limit reached,"{'error': 'Access limit reached', 'retry_after': '23 hours 35 minutes'}"
YAxhTHul26gN03ih,1744414156630,429,Access limit reached,"{'error': 'Access limit reached', 'retry_after': '23 hours 35 minutes'}"
YAxhTHul26gN03ih,1744414156630,429,Access limit reached,"{'error': 'Access limit reached', 'retry_after': '23 hours 35 minutes'}"
YAxhTHul26gN03ih,1744414156630,429,Access limit reached,"{'error': 'Access limit reached', 'retry_after': '23 hours 35 minutes'}"
YAxhTHul26gN03ih,1744414156630,429,Access limit reached,"{'error': 'Access limit reached', 'retry_after': '23 hours 35 minutes'}"
YAxhTHul26gN03ih,1744414168630,429,Access limit reached,"{'error': 'Access limit reached', 'retry_after': '23 hours 35 minutes'}"
YAxhTHul26gN03ih,1744414168630,429,Access limit reached,"{'error': 'Access limit reached', 'retry_after': '23 hours 35 minutes'}"
YAxhTHul26gN03ih,1744414168630,429,Access limit reached,"{'error': 'Access limit reached', 'retry_after': '23 hours 35 minutes'}"
YAxhTHul26gN03ih,1744414168630,429,Access limit reached,"{'error': 'Access limit reached', 'retry_after': '23 hours 35 minutes'}"
YAxhTHul26gN03ih,1744414168630,429,Access limit reached,"{'error': 'Access limit reached', 'retry_after': '23 hours 35 minutes'}"
YAxhTHul26gN03ih,1744414178630,429,Access limit reached,"{'error': 'Access limit reached', 'retry_after': '23 hours 35 minutes'}"
YAxhTHul26gN03ih,1744414178630,429,Access limit reached,"{'error': 'Access limit reached', 'retry_after': '23 hours 35 minutes'}"
YAxhTHul26gN03ih,1744414178630,429,Access limit reached,"{'error': 'Access limit reached', 'retry_after': '23 hours 35 minutes'}"
YAxhTHul26gN03ih,1744414178630,429,Access limit reached,"{'error': 'Access limit reached', 'retry_after': '23 hours 35 minutes'}"
YAxhTHul26gN03ih,1744414178630,429,Access limit reached,"{'error': 'Access limit reached', 'retry_after': '23 hours 35 minutes'}"
YAxhTHul26gN03ih,1744414187630,429,Access limit reached,"{'error': 'Access limit reached', 'retry_after': '23 hours 35 minutes'}"
YAxhTHul26gN03ih,1744414187630,429,Access limit reached,"{'error': 'Access limit reached', 'retry_after': '23 hours 35 minutes'}"
YAxhTHul26gN03ih,1744414187630,429,Access limit reached,"{'error': 'Access limit reached', 'retry_after': '23 hours 35 minutes'}"
YAxhTHul26gN03ih,1744414187630,429,Access limit reached,"{'error': 'Access limit reached', 'retry_after': '23 hours 35 minutes'}"
YAxhTHul26gN03ih,1744414187630,429,Access limit reached,"{'error': 'Access limit reached', 'retry_after': '23 hours 35 minutes'}"
YAxhTHul26gN03ih,1744414196630,429,Access limit reached,"{'error': 'Access limit reached', 'retry_after': '23 hours 35 minutes'}"
YAxhTHul26gN03ih,1744414196630,429,Access limit reached,"{'error': 'Access limit reached', 'retry_after': '23 hours 35 minutes'}"
YAxhTHul26gN03ih,1744414196630,429,Access limit reached,"{'error': 'Access limit reached', 'retry_after': '23 hours 35 minutes'}"
YAxhTHul26gN03ih,1744414196630,429,Access limit reached,"{'error': 'Access limit reached', 'retry_after': '23 hours 35 minutes'}"
YAxhTHul26gN03ih,1744414196630,429,Access limit reached,"{'error': 'Access limit reached', 'retry_after': '23 hours 35 minutes'}"
YAxhTHul26gN03ih,1744414206630,429,Access limit reached,"{'error': 'Access limit reached', 'retry_after': '23 hours 35 minutes'}"
YAxhTHul26gN03ih,1744414206630,429,Access limit reached,"{'error': 'Access limit reached', 'retry_after': '23 hours 35 minutes'}"
YAxhTHul26gN03ih,1744414206630,429,Access limit reached,"{'error': 'Access limit reached', 'retry_after': '23 hours 35 minutes'}"
YAxhTHul26gN03ih,1744414206630,429,Access limit reached,"{'error': 'Access limit reached', 'retry_after': '23 hours 35 minutes'}"
YAxhTHul26gN03ih,1744414206630,429,Access limit reached,"{'error': 'Access limit reached', 'retry_after': '23 hours 35 minutes'}"
YAxhTHul26gN03ih,1744414219630,429,Access limit reached,"{'error': 'Access limit reached', 'retry_after': '23 hours 35 minutes'}"
YAxhTHul26gN03ih,1744414219630,429,Access limit reached,"{'error': 'Access limit reached', 'retry_after': '23 hours 35 minutes'}"
YAxhTHul26gN03ih,1744414219630,429,Access limit reached,"{'error': 'Access limit reached', 'retry_after': '23 hours 35 minutes'}"
YAxhTHul26gN03ih,1744414219630,429,Access limit reached,"{'error': 'Access limit reached', 'retry_after': '23 hours 35 minutes'}"
YAxhTHul26gN03ih,1744414219630,429,Access limit reached,"{'error': 'Access limit reached', 'retry_after': '23 hours 35 minutes'}"
YAxhTHul26gN03ih,1744414245630,429,Access limit reached,"{'error': 'Access limit reached', 'retry_after': '23 hours 35 minutes'}"
YAxhTHul26gN03ih,1744414245630,429,Access limit reached,"{'error': 'Access limit reached', 'retry_after': '23 hours 35 minutes'}"
YAxhTHul26gN03ih,1744414245630,429,Access limit reached,"{'error': 'Access limit reached', 'retry_after': '23 hours 35 minutes'}"
YAxhTHul26gN03ih,1744414245630,429,Access limit reached,"{'error': 'Access limit reached', 'retry_after': '23 hours 35 minutes'}"
YAxhTHul26gN03ih,1744414245630,429,Access limit reached,"{'error': 'Access limit reached', 'retry_after': '23 hours 35 minutes'}"
YAxhTHul26gN03ih,1744414273630,429,Access limit reached,"{'error': 'Access limit reached', 'retry_after': '23 hours 35 minutes'}"
YAxhTHul26gN03ih,1744414273630,429,Access limit reached,"{'error': 'Access limit reached', 'retry_after': '23 hours 35 minutes'}"
YAxhTHul26gN03ih,1744414273630,429,Access limit reached,"{'error': 'Access limit reached', 'retry_after': '23 hours 35 minutes'}"
YAxhTHul26gN03ih,1744414273630,429,Access limit reached,"{'error': 'Access limit reached', 'retry_after': '23 hours 35 minutes'}"
YAxhTHul26gN03ih,1744414273630,429,Access limit reached,"{'error': 'Access limit reached', 'retry_after': '23 hours 35 minutes'}"
YAxhTHul26gN03ih,1744414300630,429,Access limit reached,"{'error': 'Access limit reached', 'retry_after': '23 hours 35 minutes'}"
YAxhTHul26gN03ih,1744414300630,429,Access limit reached,"{'error': 'Access limit reached', 'retry_after': '23 hours 35 minutes'}"
YAxhTHul26gN03ih,1744414300630,429,Access limit reached,"{'error': 'Access limit reached', 'retry_after': '23 hours 35 minutes'}"
YAxhTHul26gN03ih,1744414300630,429,Access limit reached,"{'error': 'Access limit reached', 'retry_after': '23 hours 35 minutes'}"
YAxhTHul26gN03ih,1744414300630,429,Access limit reached,"{'error': 'Access limit reached', 'retry_after': '23 hours 35 minutes'}"
YAxhTHul26gN03ih,1744414305630,429,Access limit reached,"{'error': 'Access limit reached', 'retry_after': '23 hours 35 minutes'}"
YAxhTHul26gN03ih,1744414305630,429,Access limit reached,"{'error': 'Access limit reached', 'retry_after': '23 hours 35 minutes'}"
YAxhTHul26gN03ih,1744414305630,429,Access limit reached,"{'error': 'Access limit reached', 'retry_after': '23 hours 35 minutes'}"
YAxhTHul26gN03ih,1744414305630,429,Access limit reached,"{'error': 'Access limit reached', 'retry_after': '23 hours 35 minutes'}"
YAxhTHul26gN03ih,1744414305630,429,Access limit reached,"{'error': 'Access limit reached', 'retry_after': '23 hours 35 minutes'}"
T79q5lQcq2RZ5AJU,1744414324630,200,Success,"{'message': 'Success', 'quote': 'You have within you right now, everything you need to deal with whatever the world can throw at you.', 'writer': 'Brian Tracy'}"
T79q5lQcq2RZ5AJU,1744414324630,400,Already Existing Data,{'error': 'Already Existing Data'}
T79q5lQcq2RZ5AJU,1744414324630,400,Already Existing Data,{'error': 'Already Existing Data'}
T79q5lQcq2RZ5AJU,1744414324630,400,Already Existing Data,{'error': 'Already Existing Data'}
T79q5lQcq2RZ5AJU,1744414324630,400,Already Existing Data,{'error': 'Already Existing Data'}
T79q5lQcq2RZ5AJU,1744414336630,200,Success,"{'message': 'Success', 'quote': 'Failure is simply the opportunity to begin again, this time more intelligently.', 'writer': 'Henry Ford'}"
T79q5lQcq2RZ5AJU,1744414336630,400,Already Existing Data,{'error': 'Already Existing Data'}
T79q5lQcq2RZ5AJU,1744414336630,400,Already Existing Data,{'error': 'Already Existing Data'}
T79q5lQcq2RZ5AJU,1744414336630,400,Already Existing Data,{'error': 'Already Existing Data'}
T79q5lQcq2RZ5AJU,1744414336630,400,Already Existing Data,{'error': 'Already Existing Data'}
T79q5lQcq2RZ5AJU,1744414366630,200,Success,"{'message': 'Success', 'quote': 'We become what we think about.', 'writer': 'Earl Nightingale'}"
T79q5lQcq2RZ5AJU,1744414366630,400,Already Existing Data,{'error': 'Already Existing Data'}
T79q5lQcq2RZ5AJU,1744414366630,400,Already Existing Data,{'error': 'Already Existing Data'}
T79q5lQcq2RZ5AJU,1744414366630,400,Already Existing Data,{'error': 'Already Existing Data'}
T79q5lQcq2RZ5AJU,1744414366630,400,Already Existing Data,{'error': 'Already Existing Data'}
T79q5lQcq2RZ5AJU,1744414372630,200,Success,"{'message': 'Success', 'quote': 'Failure is simply the opportunity to begin again, this time more intelligently.', 'writer': 'Henry Ford'}"
T79q5lQcq2RZ5AJU,1744414372630,400,Already Existing Data,{'error': 'Already Existing Data'}
T79q5lQcq2RZ5AJU,1744414372630,400,Already Existing Data,{'error': 'Already Existing Data'}
T79q5lQcq2RZ5AJU,1744414372630,400,Already Existing Data,{'error': 'Already Existing Data'}
T79q5lQcq2RZ5AJU,1744414372630,400,Already Existing Data,{'error': 'Already Existing Data'}
T79q5lQcq2RZ5AJU,1744414391630,200,Success,"{'message': 'Success', 'quote': 'I never dreamed about success. I worked for it.', 'writer': 'Estee Lauder'}"
T79q5lQcq2RZ5AJU,1744414391630,400,Already Existing Data,{'error': 'Already Existing Data'}
T79q5lQcq2RZ5AJU,1744414391630,400,Already Existing Data,{'error': 'Already Existing Data'}
T79q5lQcq2RZ5AJU,1744414391630,400,Already Existing Data,{'error': 'Already Existing Data'}
T79q5lQcq2RZ5AJU,1744414391630,400,Already Existing Data,{'error': 'Already Existing Data'}
T79q5lQcq2RZ5AJU,1744414413630,200,Success,"{'message': 'Success', 'quote': 'It’s not whether you get knocked down, it’s whether you get up.', 'writer': 'Vince Lombardi'}"
T79q5lQcq2RZ5AJU,1744414413630,400,Already Existing Data,{'error': 'Already Existing Data'}
T79q5lQcq2RZ5AJU,1744414413630,400,Already Existing Data,{'error': 'Already Existing Data'}
T79q5lQcq2RZ5AJU,1744414413630,400,Already Existing Data,{'error': 'Already Existing Data'}
T79q5lQcq2RZ5AJU,1744414413630,400,Already Existing Data,{'error': 'Already Existing Data'}
T79q5lQcq2RZ5AJU,1744414430630,200,Success,"{'message': 'Success', 'quote': 'The only limit to our realization of tomorrow is our doubts of today.', 'writer': 'Franklin D. Roosevelt'}"
T79q5lQcq2RZ5AJU,1744414430630,400,Already Existing Data,{'error': 'Already Existing Data'}
T79q5lQcq2RZ5AJU,1744414430630,400,Already Existing Data,{'error': 'Already Existing Data'}
T79q5lQcq2RZ5AJU,1744414430630,400,Already Existing Data,{'error': 'Already Existing Data'}
T79q5lQcq2RZ5AJU,1744414430630,400,Already Existing Data,{'error': 'Already Existing Data'}
T79q5lQcq2RZ5AJU,1744414444630,200,Success,"{'message': 'Success', 'quote': 'Everything you can imagine is real.', 'writer': 'Pablo Picasso'}"
T79q5lQcq2RZ5AJU,1744414444630,400,Already Existing Data,{'error': 'Already Existing Data'}
T79q5lQcq2RZ5AJU,1744414444630,400,Already Existing Data,{'error': 'Already Existing Data'}
T79q5lQcq2RZ5AJU,1744414444630,400,Already Existing Data,{'error': 'Already Existing Data'}
T79q5lQcq2RZ5AJU,1744414444630,400,Already Existing Data,{'error': 'Already Existing Data'}
T79q5lQcq2RZ5AJU,1744414461630,200,Success,"{'message': 'Success', 'quote': 'Do what you feel in your heart to be right – for you’ll be criticized anyway.', 'writer': 'Eleanor Roosevelt'}"
T79q5lQcq2RZ5AJU,1744414461630,400,Already Existing Data,{'error': 'Already Existing Data'}
T79q5lQcq2RZ5AJU,1744414461630,400,Already Existing Data,{'error': 'Already Existing Data'}
T79q5lQcq2RZ5AJU,1744414461630,400,Already Existing Data,{'error': 'Already Existing Data'}
T79q5lQcq2RZ5AJU,1744414461630,400,Already Existing Data,{'error': 'Already Existing Data'}
T79q5lQcq2RZ5AJU,1744414466630,200,Success,"{'message': 'Success', 'quote': 'Do what you can, with what you have, where you are.', 'writer': 'Theodore Roosevelt'}"
T79q5lQcq2RZ5AJU,1744414466630,400,Already Existing Data,{'error': 'Already Existing Data'}
T79q5lQcq2RZ5AJU,1744414466630,400,Already Existing Data,{'error': 'Already Existing Data'}
T79q5lQcq2RZ5AJU,1744414466630,400,Already Existing Data,{'error': 'Already Existing Data'}
T79q5lQcq2RZ5AJU,1744414466630,400,Already Existing Data,{'error': 'Already Existing Data'}
T79q5lQcq2RZ5AJU,1744414471630,200,Success,"{'message': 'Success', 'quote': 'We become what we think about.', 'writer': 'Earl Nightingale'}"
T79q5lQcq2RZ5AJU,1744414471630,400,Already Existing Data,{'error': 'Already Existing Data'}
T79q5lQcq2RZ5AJU,1744414471630,400,Already Existing Data,{'error': 'Already Existing Data'}
T79q5lQcq2RZ5AJU,1744414471630,400,Already Existing Data,{'error': 'Already Existing Data'}
T79q5lQcq2RZ5AJU,1744414471630,400,Already Existing Data,{'error': 'Already Existing Data'}
T79q5lQcq2RZ5AJU,1744414492630,200,Success,"{'message': 'Success', 'quote': 'What lies behind us and what lies before us are tiny matters compared to what lies within us.', 'writer': 'Ralph Waldo Emerson'}"
T79q5lQcq2RZ5AJU,1744414492630,400,Already Existing Data,{'error': 'Already Existing Data'}
T79q5lQcq2RZ5AJU,1744414492630,400,Already Existing Data,{'error': 'Already Existing Data'}
T79q5lQcq2RZ5AJU,1744414492630,400,Already Existing Data,{'error': 'Already Existing Data'}
T79q5lQcq2RZ5AJU,1744414492630,400,Already Existing Data,{'error': 'Already Existing Data'}
T79q5lQcq2RZ5AJU,1744414516630,200,Success,"{'message': 'Success', 'quote': 'What lies behind us and what lies before us are tiny matters compared to what lies within us.', 'writer': 'Ralph Waldo Emerson'}"
T79q5lQcq2RZ5AJU,1744414516630,400,Already Existing Data,{'error': 'Already Existing Data'}
T79q5lQcq2RZ5AJU,1744414516630,400,Already Existing Data,{'error': 'Already Existing Data'}
T79q5lQcq2RZ5AJU,1744414516630,400,Already Existing Data,{'error': 'Already Existing Data'}
T79q5lQcq2RZ5AJU,1744414516630,400,Already Existing Data,{'error': 'Already Existing Data'}
T79q5lQcq2RZ5AJU,1744414533630,200,Success,"{'message': 'Success', 'quote': 'Act as if what you do makes a difference. It does.', 'writer': 'William James'}"
T79q5lQcq2RZ5AJU,1744414533630,400,Already Existing Data,{'error': 'Already Existing Data'}
T79q5lQcq2RZ5AJU,1744414533630,400,Already Existing Data,{'error': 'Already Existing Data'}
T79q5lQcq2RZ5AJU,1744414533630,400,Already Existing Data,{'error': 'Already Existing Data'}
T79q5lQcq2RZ5AJU,1744414533630,400,Already Existing Data,{'error': 'Already Existing Data'}
T79q5lQcq2RZ5AJU,1744414553630,200,Success,"{'message': 'Success', 'quote': 'Don’t count the days, make the days count.', 'writer': 'Muhammad Ali'}"
T79q5lQcq2RZ5AJU,1744414553630,400,Already Existing Data,{'error': 'Already Existing Data'}
T79q5lQcq2RZ5AJU,1744414553630,400,Already Existing Data,{'error': 'Already Existing Data'}
T79q5lQcq2RZ5AJU,1744414553630,400,Already Existing Data,{'error': 'Already Existing Data'}
T79q5lQcq2RZ5AJU,1744414553630,400,Already Existing Data,{'error': 'Already Existing Data'}
T79q5lQcq2RZ5AJU,1744414574630,200,Success,"{'message': 'Success', 'quote': 'Act as if what you do makes a difference. It does.', 'writer': 'William James'}"
T79q5lQcq2RZ5AJU,1744414574630,400,Already Existing Data,{'error': 'Already Existing Data'}
T79q5lQcq2RZ5AJU,1744414574630,400,Already Existing Data,{'error': 'Already Existing Data'}
T79q5lQcq2RZ5AJU,1744414574630,400,Already Existing Data,{'error': 'Already Existing Data'}
T79q5lQcq2RZ5AJU,1744414574630,400,Already Existing Data,{'error': 'Already Existing Data'}
T79q5lQcq2RZ5AJU,1744414593630,200,Success,"{'message': 'Success', 'quote': 'Keep your face always toward the sunshine—and shadows will fall behind you.', 'writer': 'Walt Whitman'}"
T79q5lQcq2RZ5AJU,1744414593630,400,Already Existing Data,{'error': 'Already Existing Data'}
T79q5lQcq2RZ5AJU,1744414593630,400,Already Existing Data,{'error': 'Already Existing Data'}
T79q5lQcq2RZ5AJU,1744414593630,400,Already Existing Data,{'error': 'Already Existing Data'}
T79q5lQcq2RZ5AJU,1744414593630,400,Already Existing Data,{'error': 'Already Existing Data'}
T79q5lQcq2RZ5AJU,1744414605630,200,Success,"{'message': 'Success', 'quote': 'The way to get started is to quit talking and begin doing.', 'writer': 'Walt Disney'}"
T79q5lQcq2RZ5AJU,1744414605630,400,Already Existing Data,{'error': 'Already Existing Data'}
T79q5lQcq2RZ5AJU,1744414605630,400,Already Existing Data,{'error': 'Already Existing Data'}
T79q5lQcq2RZ5AJU,1744414605630,400,Already Existing Data,{'error': 'Already Existing Data'}
T79q5lQcq2RZ5AJU,1744414605630,400,Already Existing Data,{'error': 'Already Existing Data'}
T79q5lQcq2RZ5AJU,1744414615630,200,Success,"{'message': 'Success', 'quote': 'A journey of a thousand miles begins with a single step.', 'writer': 'Lao Tzu'}"
T79q5lQcq2RZ5AJU,1744414615630,400,Already Existing Data,{'error': 'Already Existing Data'}
T79q5lQcq2RZ5AJU,1744414615630,400,Already Existing Data,{'error': 'Already Existing Data'}
T79q5lQcq2RZ5AJU,1744414615630,400,Already Existing Data,{'error': 'Already Existing Data'}
T79q5lQcq2RZ5AJU,1744414615630,400,Already Existing Data,{'error': 'Already Existing Data'}
T79q5lQcq2RZ5AJU,1744414628630,200,Success,"{'message': 'Success', 'quote': 'Act as if what you do makes a difference. It does.', 'writer': 'William James'}"
T79q5lQcq2RZ5AJU,1744414628630,400,Already Existing Data,{'error': 'Already Existing Data'}
T79q5lQcq2RZ5AJU,1744414628630,400,Already Existing Data,{'error': 'Already Existing Data'}
T79q5lQcq2RZ5AJU,1744414628630,400,Already Existing Data,{'error': 'Already Existing Data'}
T79q5lQcq2RZ5AJU,1744414628630,400,Already Existing Data,{'error': 'Already Existing Data'}
T79q5lQcq2RZ5AJU,1744414656630,200,Success,"{'message': 'Success', 'quote': 'It always seems impossible until it’s done.', 'writer': 'Nelson Mandela'}"
T79q5lQcq2RZ5AJU,1744414656630,400,Already Existing Data,{'error': 'Already Existing Data'}
T79q5lQcq2RZ5AJU,1744414656630,400,Already Existing Data,{'error': 'Already Existing Data'}
T79q5lQcq2RZ5AJU,1744414656630,400,Already Existing Data,{'error': 'Already Existing Data'}
T79q5lQcq2RZ5AJU,1744414656630,400,Already Existing Data,{'error': 'Already Existing Data'}
T79q5lQcq2RZ5AJU,1744414665630,200,Success,"{'message': 'Success', 'quote': ""Don't watch the clock; do what it does. Keep going."", 'writer': 'Sam Levenson'}"
T79q5lQcq2RZ5AJU,1744414665630,400,Already Existing Data,{'error': 'Already Existing Data'}
T79q5lQcq2RZ5AJU,1744414665630,400,Already Existing Data,{'error': 'Already Existing Data'}
T79q5lQcq2RZ5AJU,1744414665630,400,Already Existing Data,{'error': 'Already Existing Data'}
T79q5lQcq2RZ5AJU,1744414665630,400,Already Existing Data,{'error': 'Already Existing Data'}
T79q5lQcq2RZ5AJU,1744414688630,200,Success,"{'message': 'Success', 'quote': 'What lies behind us and what lies before us are tiny matters compared to what lies within us.', 'writer': 'Ralph Waldo Emerson'}"
T79q5lQcq2RZ5AJU,1744414688630,400,Already Existing Data,{'error': 'Already Existing Data'}
T79q5lQcq2RZ5AJU,1744414688630,400,Already Existing Data,{'error': 'Already Existing Data'}
T79q5lQcq2RZ5AJU,1744414688630,400,Already Existing Data,{'error': 'Already Existing Data'}
T79q5lQcq2RZ5AJU,1744414688630,400,Already Existing Data,{'error': 'Already Existing Data'}
T79q5lQcq2RZ5AJU,1744414693630,200,Success,"{'message': 'Success', 'quote': 'Nothing is impossible, the word itself says ‘I’m possible’!', 'writer': 'Audrey Hepburn'}"
T79q5lQcq2RZ5AJU,1744414693630,400,Already Existing Data,{'error': 'Already Existing Data'}
T79q5lQcq2RZ5AJU,1744414693630,400,Already Existing Data,{'error': 'Already Existing Data'}
T79q5lQcq2RZ5AJU,1744414693630,400,Already Existing Data,{'error': 'Already Existing Data'}
T79q5lQcq2RZ5AJU,1744414693630,400,Already Existing Data,{'error': 'Already Existing Data'}
T79q5lQcq2RZ5AJU,1744414719630,200,Success,"{'message': 'Success', 'quote': 'Do what you love and the money will follow.', 'writer': 'Marsha Sinetar'}"
T79q5lQcq2RZ5AJU,1744414719630,400,Already Existing Data,{'error': 'Already Existing Data'}
T79q5lQcq2RZ5AJU,1744414719630,400,Already Existing Data,{'error': 'Already Existing Data'}
T79q5lQcq2RZ5AJU,1744414719630,400,Already Existing Data,{'error': 'Already Existing Data'}
T79q5lQcq2RZ5AJU,1744414719630,400,Already Existing Data,{'error': 'Already Existing Data'}
5reM7jR6dJDK1Nvj,1744414747630,429,Access limit reached,"{'error': 'Access limit reached', 'retry_after': '23 hours 43 minutes'}"
5reM7jR6dJDK1Nvj,1744414747630,429,Access limit reached,"{'error': 'Access limit reached', 'retry_after': '23 hours 43 minutes'}"
5reM7jR6dJDK1Nvj,1744414747630,429,Access limit reached,"{'error': 'Access limit reached', 'retry_after': '23 hours 43 minutes'}"
5reM7jR6dJDK1Nvj,1744414747630,429,Access limit reached,"{'error': 'Access limit reached', 'retry_after': '23 hours 43 minutes'}"
5reM7jR6dJDK1Nvj,1744414747630,429,Access limit reached,"{'error': 'Access limit reached', 'retry_after': '23 hours 43 minutes'}"
5reM7jR6dJDK1Nvj,1744414769630,429,Access limit reached,"{'error': 'Access limit reached', 'retry_after': '23 hours 43 minutes'}"
5reM7jR6dJDK1Nvj,1744414769630,429,Access limit reached,"{'error': 'Access limit reached', 'retry_after': '23 hours 43 minutes'}"
5reM7jR6dJDK1Nvj,1744414769630,429,Access limit reached,"{'error': 'Access limit reached', 'retry_after': '23 hours 43 minutes'}"
5reM7jR6dJDK1Nvj,1744414769630,429,Access limit reached,"{'error': 'Access limit reached', 'retry_after': '23 hours 43 minutes'}"
5reM7jR6dJDK1Nvj,1744414769630,429,Access limit reached,"{'error': 'Access limit reached', 'retry_after': '23 hours 43 minutes'}"
5reM7jR6dJDK1Nvj,1744414798630,429,Access limit reached,"{'error': 'Access limit reached', 'retry_after': '23 hours 43 minutes'}"
5reM7jR6dJDK1Nvj,1744414798630,429,Access limit reached,"{'error': 'Access limit reached', 'retry_after': '23 hours 43 minutes'}"
5reM7jR6dJDK1Nvj,1744414798630,429,Access limit reached,"{'error': 'Access limit reached', 'retry_after': '23 hours 43 minutes'}"
5reM7jR6dJDK1Nvj,1744414798630,429,Access limit reached,"{'error': 'Access limit reached', 'retry_after': '23 hours 43 minutes'}"
5reM7jR6dJDK1Nvj,1744414798630,429,Access limit reached,"{'error': 'Access limit reached', 'retry_after': '23 hours 43 minutes'}"
5reM7jR6dJDK1Nvj,1744414825630,429,Access limit reached,"{'error': 'Access limit reached', 'retry_after': '23 hours 43 minutes'}"
5reM7jR6dJDK1Nvj,1744414825630,429,Access limit reached,"{'error': 'Access limit reached', 'retry_after': '23 hours 43 minutes'}"
5reM7jR6dJDK1Nvj,1744414825630,429,Access limit reached,"{'error': 'Access limit reached', 'retry_after': '23 hours 43 minutes'}"
5reM7jR6dJDK1Nvj,1744414825630,429,Access limit reached,"{'error': 'Access limit reached', 'retry_after': '23 hours 43 minutes'}"
5reM7jR6dJDK1Nvj,1744414825630,429,Access limit reached,"{'error': 'Access limit reached', 'retry_after': '23 hours 43 minutes'}"
5reM7jR6dJDK1Nvj,1744414854630,429,Access limit reached,"{'error': 'Access limit reached', 'retry_after': '23 hours 43 minutes'}"
5reM7jR6dJDK1Nvj,1744414854630,429,Access limit reached,"{'error': 'Access limit reached', 'retry_after': '23 hours 43 minutes'}"
5reM7jR6dJDK1Nvj,1744414854630,429,Access limit reached,"{'error': 'Access limit reached', 'retry_after': '23 hours 43 minutes'}"
5reM7jR6dJDK1Nvj,1744414854630,429,Access limit reached,"{'error': 'Access limit reached', 'retry_after': '23 hours 43 minutes'}"
5reM7jR6dJDK1Nvj,1744414854630,429,Access limit reached,"{'error': 'Access limit reached', 'retry_after': '23 hours 43 minutes'}"
5reM7jR6dJDK1Nvj,1744414864630,429,Access limit reached,"{'error': 'Access limit reached', 'retry_after': '23 hours 43 minutes'}"
5reM7jR6dJDK1Nvj,1744414864630,429,Access limit reached,"{'error': 'Access limit reached', 'retry_after': '23 hours 43 minutes'}"
5reM7jR6dJDK1Nvj,1744414864630,429,Access limit reached,"{'error': 'Access limit reached', 'retry_after': '23 hours 43 minutes'}"
5reM7jR6dJDK1Nvj,1744414864630,429,Access limit reached,"{'error': 'Access limit reached', 'retry_after': '23 hours 43 minutes'}"
5reM7jR6dJDK1Nvj,1744414864630,429,Access limit reached,"{'error': 'Access limit reached', 'retry_after': '23 hours 43 minutes'}"
5reM7jR6dJDK1Nvj,1744414893630,429,Access limit reached,"{'error': 'Access limit reached', 'retry_after': '23 hours 43 minutes'}"
5reM7jR6dJDK1Nvj,1744414893630,429,Access limit reached,"{'error': 'Access limit reached', 'retry_after': '23 hours 43 minutes'}"
5reM7jR6dJDK1Nvj,1744414893630,429,Access limit reached,"{'error': 'Access limit reached', 'retry_after': '23 hours 43 minutes'}"
5reM7jR6dJDK1Nvj,1744414893630,429,Access limit reached,"{'error': 'Access limit reached', 'retry_after': '23 hours 43 minutes'}"
5reM7jR6dJDK1Nvj,1744414893630,429,Access limit reached,"{'error': 'Access limit reached', 'retry_after': '23 hours 43 minutes'}"
5reM7jR6dJDK1Nvj,1744414907630,429,Access limit reached,"{'error': 'Access limit reached', 'retry_after': '23 hours 43 minutes'}"
5reM7jR6dJDK1Nvj,1744414907630,429,Access limit reached,"{'error': 'Access limit reached', 'retry_after': '23 hours 43 minutes'}"
5reM7jR6dJDK1Nvj,1744414907630,429,Access limit reached,"{'error': 'Access limit reached', 'retry_after': '23 hours 43 minutes'}"
5reM7jR6dJDK1Nvj,1744414907630,429,Access limit reached,"{'error': 'Access limit reached', 'retry_after': '23 hours 43 minutes'}"
5reM7jR6dJDK1Nvj,1744414907630,429,Access limit reached,"{'error': 'Access limit reached', 'retry_after': '23 hours 43 minutes'}"
5reM7jR6dJDK1Nvj,1744414915630,429,Access limit reached,"{'error': 'Access limit reached', 'retry_after': '23 hours 43 minutes'}"
5reM7jR6dJDK1Nvj,1744414915630,429,Access limit reached,"{'error': 'Access limit reached', 'retry_after': '23 hours 43 minutes'}"
5reM7jR6dJDK1Nvj,1744414915630,429,Access limit reached,"{'error': 'Access limit reached', 'retry_after': '23 hours 43 minutes'}"
5reM7jR6dJDK1Nvj,1744414915630,429,Access limit reached,"{'error': 'Access limit reached', 'retry_after': '23 hours 43 minutes'}"
5reM7jR6dJDK1Nvj,1744414915630,429,Access limit reached,"{'error': 'Access limit reached', 'retry_after': '23 hours 43 minutes'}"
5reM7jR6dJDK1Nvj,1744414934630,429,Access limit reached,"{'error': 'Access limit reached', 'retry_after': '23 hours 43 minutes'}"
5reM7jR6dJDK1Nvj,1744414934630,429,Access limit reached,"{'error': 'Access limit reached', 'retry_after': '23 hours 43 minutes'}"
5reM7jR6dJDK1Nvj,1744414934630,429,Access limit reached,"{'error': 'Access limit reached', 'retry_after': '23 hours 43 minutes'}"
5reM7jR6dJDK1Nvj,1744414934630,429,Access limit reached,"{'error': 'Access limit reached', 'retry_after': '23 hours 43 minutes'}"
5reM7jR6dJDK1Nvj,1744414934630,429,Access limit reached,"{'error': 'Access limit reached', 'retry_after': '23 hours 43 minutes'}"
5reM7jR6dJDK1Nvj,1744414964630,429,Access limit reached,"{'error': 'Access limit reached', 'retry_after': '23 hours 43 minutes'}"
5reM7jR6dJDK1Nvj,1744414964630,429,Access limit reached,"{'error': 'Access limit reached', 'retry_after': '23 hours 43 minutes'}"
5reM7jR6dJDK1Nvj,1744414964630,429,Access limit reached,"{'error': 'Access limit reached', 'retry_after': '23 hours 43 minutes'}"
5reM7jR6dJDK1Nvj,1744414964630,429,Access limit reached,"{'error': 'Access limit reached', 'retry_after': '23 hours 43 minutes'}"
5reM7jR6dJDK1Nvj,1744414964630,429,Access limit reached,"{'error': 'Access limit reached', 'retry_after': '23 hours 43 minutes'}"
5reM7jR6dJDK1Nvj,1744414979630,429,Access limit reached,"{'error': 'Access limit reached', 'retry_after': '23 hours 43 minutes'}"
5reM7jR6dJDK1Nvj,1744414979630,429,Access limit reached,"{'error': 'Access limit reached', 'retry_after': '23 hours 43 minutes'}"
5reM7jR6dJDK1Nvj,1744414979630,429,Access limit reached,"{'error': 'Access limit reached', 'retry_after': '23 hours 43 minutes'}"
5reM7jR6dJDK1Nvj,1744414979630,429,Access limit reached,"{'error': 'Access limit reached', 'retry_after': '23 hours 43 minutes'}"
5reM7jR6dJDK1Nvj,1744414979630,429,Access limit reached,"{'error': 'Access limit reached', 'retry_after': '23 hours 43 minutes'}"
5reM7jR6dJDK1Nvj,1744415005630,429,Access limit reached,"{'error': 'Access limit reached', 'retry_after': '23 hours 43 minutes'}"
5reM7jR6dJDK1Nvj,1744415005630,429,Access limit reached,"{'error': 'Access limit reached', 'retry_after': '23 hours 43 minutes'}"
5reM7jR6dJDK1Nvj,1744415005630,429,Access limit reached,"{'error': 'Access limit reached', 'retry_after': '23 hours 43 minutes'}"
5reM7jR6dJDK1Nvj,1744415005630,429,Access limit reached,"{'error': 'Access limit reached', 'retry_after': '23 hours 43 minutes'}"
5reM7jR6dJDK1Nvj,1744415005630,429,Access limit reached,"{'error': 'Access limit reached', 'retry_after': '23 hours 43 minutes'}"
5reM7jR6dJDK1Nvj,1744415012630,429,Access limit reached,"{'error': 'Access limit reached', 'retry_after': '23 hours 43 minutes'}"
5reM7jR6dJDK1Nvj,1744415012630,429,Access limit reached,"{'error': 'Access limit reached', 'retry_after': '23 hours 43 minutes'}"
5reM7jR6dJDK1Nvj,1744415012630,429,Access limit reached,"{'error': 'Access limit reached', 'retry_after': '23 hours 43 minutes'}"
5reM7jR6dJDK1Nvj,1744415012630,429,Access limit reached,"{'error': 'Access limit reached', 'retry_after': '23 hours 43 minutes'}"
5reM7jR6dJDK1Nvj,1744415012630,429,Access limit reached,"{'error': 'Access limit reached', 'retry_after': '23 hours 43 minutes'}"
5reM7jR6dJDK1Nvj,1744415042630,429,Access limit reached,"{'error': 'Access limit reached', 'retry_after': '23 hours 43 minutes'}"
5reM7jR6dJDK1Nvj,1744415042630,429,Access limit reached,"{'error': 'Access limit reached', 'retry_after': '23 hours 43 minutes'}"
5reM7jR6dJDK1Nvj,1744415042630,429,Access limit reached,"{'error': 'Access limit reached', 'retry_after': '23 hours 43 minutes'}"
5reM7jR6dJDK1Nvj,1744415042630,429,Access limit reached,"{'error': 'Access limit reached', 'retry_after': '23 hours 43 minutes'}"
5reM7jR6dJDK1Nvj,1744415042630,429,Access limit reached,"{'error': 'Access limit reached', 'retry_after': '23 hours 43 minutes'}"
5reM7jR6dJDK1Nvj,1744415071630,429,Access limit reached,"{'error': 'Access limit reached', 'retry_after': '23 hours 43 minutes'}"
5reM7jR6dJDK1Nvj,1744415071630,429,Access limit reached,"{'error': 'Access limit reached', 'retry_after': '23 hours 43 minutes'}"
5reM7jR6dJDK1Nvj,1744415071630,429,Access limit reached,"{'error': 'Access limit reached', 'retry_after': '23 hours 43 minutes'}"
5reM7jR6dJDK1Nvj,1744415071630,429,Access limit reached,"{'error': 'Access limit reached', 'retry_after': '23 hours 43 minutes'}"
5reM7jR6dJDK1Nvj,1744415071630,429,Access limit reached,"{'error': 'Access limit reached', 'retry_after': '23 hours 43 minutes'}"
5reM7jR6dJDK1Nvj,1744415097630,429,Access limit reached,"{'error': 'Access limit reached', 'retry_after': '23 hours 43 minutes'}"
5reM7jR6dJDK1Nvj,1744415097630,429,Access limit reached,"{'error': 'Access limit reached', 'retry_after': '23 hours 43 minutes'}"
5reM7jR6dJDK1Nvj,1744415097630,429,Access limit reached,"{'error': 'Access limit reached', 'retry_after': '23 hours 43 minutes'}"
5reM7jR6dJDK1Nvj,1744415097630,429,Access limit reached,"{'error': 'Access limit reached', 'retry_after': '23 hours 43 minutes'}"
5reM7jR6dJDK1Nvj,1744415097630,429,Access limit reached,"{'error': 'Access limit reached', 'retry_after': '23 hours 43 minutes'}"
5reM7jR6dJDK1Nvj,1744415121630,429,Access limit reached,"{'error': 'Access limit reached', 'retry_after': '23 hours 43 minutes'}"
5reM7jR6dJDK1Nvj,1744415121630,429,Access limit reached,"{'error': 'Access limit reached', 'retry_after': '23 hours 43 minutes'}"
5reM7jR6dJDK1Nvj,1744415121630,429,Access limit reached,"{'error': 'Access limit reached', 'retry_after': '23 hours 43 minutes'}"
5reM7jR6dJDK1Nvj,1744415121630,429,Access limit reached,"{'error': 'Access limit reached', 'retry_after': '23 hours 43 minutes'}"
5reM7jR6dJDK1Nvj,1744415121630,429,Access limit reached,"{'error': 'Access limit reached', 'retry_after': '23 hours 43 minutes'}"
5reM7jR6dJDK1Nvj,1744415151630,429,Access limit reached,"{'error': 'Access limit reached', 'retry_after': '23 hours 43 minutes'}"
5reM7jR6dJDK1Nvj,1744415151630,429,Access limit reached,"{'error': 'Access limit reached', 'retry_after': '23 hours 43 minutes'}"
5reM7jR6dJDK1Nvj,1744415151630,429,Access limit reached,"{'error': 'Access limit reached', 'retry_after': '23 hours 43 minutes'}"
5reM7jR6dJDK1Nvj,1744415151630,429,Access limit reached,"{'error': 'Access limit reached', 'retry_after': '23 hours 43 minutes'}"
5reM7jR6dJDK1Nvj,1744415151630,429,Access limit reached,"{'error': 'Access limit reached', 'retry_after': '23 hours 43 minutes'}"
5reM7jR6dJDK1Nvj,1744415166630,429,Access limit reached,"{'error': 'Access limit reached', 'retry_after': '23 hours 43 minutes'}"
5reM7jR6dJDK1Nvj,1744415166630,429,Access limit reached,"{'error': 'Access limit reached', 'retry_after': '23 hours 43 minutes'}"
5reM7jR6dJDK1Nvj,1744415166630,429,Access limit reached,"{'error': 'Access limit reached', 'retry_after': '23 hours 43 minutes'}"
5reM7jR6dJDK1Nvj,1744415166630,429,Access limit reached,"{'error': 'Access limit reached', 'retry_after': '23 hours 43 minutes'}"
5reM7jR6dJDK1Nvj,1744415166630,429,Access limit reached,"{'error': 'Access limit reached', 'retry_after': '23 hours 43 minutes'}"
5reM7jR6dJDK1Nvj,1744415193630,429,Access limit reached,"{'error': 'Access limit reached', 'retry_after': '23 hours 43 minutes'}"
5reM7jR6dJDK1Nvj,1744415193630,429,Access limit reached,"{'error': 'Access limit reached', 'retry_after': '23 hours 43 minutes'}"
5reM7jR6dJDK1Nvj,1744415193630,429,Access limit reached,"{'error': 'Access limit reached', 'retry_after': '23 hours 43 minutes'}"
5reM7jR6dJDK1Nvj,1744415193630,429,Access limit reached,"{'error': 'Access limit reached', 'retry_after': '23 hours 43 minutes'}"
5reM7jR6dJDK1Nvj,1744415193630,429,Access limit reached,"{'error': 'Access limit reached', 'retry_after': '23 hours 43 minutes'}"
5reM7jR6dJDK1Nvj,1744415221630,429,Access limit reached,"{'error': 'Access limit reached', 'retry_after': '23 hours 43 minutes'}"
5reM7jR6dJDK1Nvj,1744415221630,429,Access limit reached,"{'error': 'Access limit reached', 'retry_after': '23 hours 43 minutes'}"
5reM7jR6dJDK1Nvj,1744415221630,429,Access limit reached,"{'error': 'Access limit reached', 'retry_after': '23 hours 43 minutes'}"
5reM7jR6dJDK1Nvj,1744415221630,429,Access limit reached,"{'error': 'Access limit reached', 'retry_after': '23 hours 43 minutes'}"
5reM7jR6dJDK1Nvj,1744415221630,429,Access limit reached,"{'error': 'Access limit reached', 'retry_after': '23 hours 43 minutes'}"
5reM7jR6dJDK1Nvj,1744415249630,429,Access limit reached,"{'error': 'Access limit reached', 'retry_after': '23 hours 43 minutes'}"
5reM7jR6dJDK1Nvj,1744415249630,429,Access limit reached,"{'error': 'Access limit reached', 'retry_after': '23 hours 43 minutes'}"
5reM7jR6dJDK1Nvj,1744415249630,429,Access limit reached,"{'error': 'Access limit reached', 'retry_after': '23 hours 43 minutes'}"
5reM7jR6dJDK1Nvj,1744415249630,429,Access limit reached,"{'error': 'Access limit reached', 'retry_after': '23 hours 43 minutes'}"
5reM7jR6dJDK1Nvj,1744415249630,429,Access limit reached,"{'error': 'Access limit reached', 'retry_after': '23 hours 43 minutes'}"
5reM7jR6dJDK1Nvj,1744415255630,429,Access limit reached,"{'error': 'Access limit reached', 'retry_after': '23 hours 43 minutes'}"
5reM7jR6dJDK1Nvj,1744415255630,429,Access limit reached,"{'error': 'Access limit reached', 'retry_after': '23 hours 43 minutes'}"
5reM7jR6dJDK1Nvj,1744415255630,429,Access limit reached,"{'error': 'Access limit reached', 'retry_after': '23 hours 43 minutes'}"
5reM7jR6dJDK1Nvj,1744415255630,429,Access limit reached,"{'error': 'Access limit reached', 'retry_after': '23 hours 43 minutes'}"
5reM7jR6dJDK1Nvj,1744415255630,429,Access limit reached,"{'error': 'Access limit reached', 'retry_after': '23 hours 43 minutes'}"
5reM7jR6dJDK1Nvj,1744415279630,429,Access limit reached,"{'error': 'Access limit reached', 'retry_after': '23 hours 43 minutes'}"
5reM7jR6dJDK1Nvj,1744415279630,429,Access limit reached,"{'error': 'Access limit reached', 'retry_after': '23 hours 43 minutes'}"
5reM7jR6dJDK1Nvj,1744415279630,429,Access limit reached,"{'error': 'Access limit reached', 'retry_after': '23 hours 43 minutes'}"
5reM7jR6dJDK1Nvj,1744415279630,429,Access limit reached,"{'error': 'Access limit reached', 'retry_after': '23 hours 43 minutes'}"
5reM7jR6dJDK1Nvj,1744415279630,429,Access limit reached,"{'error': 'Access limit reached', 'retry_after': '23 hours 43 minutes'}"
5reM7jR6dJDK1Nvj,1744415306630,429,Access limit reached,"{'error': 'Access limit reached', 'retry_after': '23 hours 43 minutes'}"
5reM7jR6dJDK1Nvj,1744415306630,429,Access limit reached,"{'error': 'Access limit reached', 'retry_after': '23 hours 43 minutes'}"
5reM7jR6dJDK1Nvj,1744415306630,429,Access limit reached,"{'error': 'Access limit reached', 'retry_after': '23 hours 43 minutes'}"
5reM7jR6dJDK1Nvj,1744415306630,429,Access limit reached,"{'error': 'Access limit reached', 'retry_after': '23 hours 43 minutes'}"
5reM7jR6dJDK1Nvj,1744415306630,429,Access limit reached,"{'error': 'Access limit reached', 'retry_after': '23 hours 43 minutes'}"
5reM7jR6dJDK1Nvj,1744415319630,429,Access limit reached,"{'error': 'Access limit reached', 'retry_after': '23 hours 43 minutes'}"
5reM7jR6dJDK1Nvj,1744415319630,429,Access limit reached,"{'error': 'Access limit reached', 'retry_after': '23 hours 43 minutes'}"
5reM7jR6dJDK1Nvj,1744415319630,429,Access limit reached,"{'error': 'Access limit reached', 'retry_after': '23 hours 43 minutes'}"
5reM7jR6dJDK1Nvj,1744415319630,429,Access limit reached,"{'error': 'Access limit reached', 'retry_after': '23 hours 43 minutes'}"
5reM7jR6dJDK1Nvj,1744415319630,429,Access limit reached,"{'error': 'Access limit reached', 'retry_after': '23 hours 43 minutes'}"
5reM7jR6dJDK1Nvj,1744415334630,429,Access limit reached,"{'error': 'Access limit reached', 'retry_after': '23 hours 43 minutes'}"
5reM7jR6dJDK1Nvj,1744415334630,429,Access limit reached,"{'error': 'Access limit reached', 'retry_after': '23 hours 43 minutes'}"
5reM7jR6dJDK1Nvj,1744415334630,429,Access limit reached,"{'error': 'Access limit reached', 'retry_after': '23 hours 43 minutes'}"
5reM7jR6dJDK1Nvj,1744415334630,429,Access limit reached,"{'error': 'Access limit reached', 'retry_after': '23 hours 43 minutes'}"
5reM7jR6dJDK1Nvj,1744415334630,429,Access limit reached,"{'error': 'Access limit reached', 'retry_after': '23 hours 43 minutes'}"
5reM7jR6dJDK1Nvj,1744415340630,429,Access limit reached,"{'error': 'Access limit reached', 'retry_after': '23 hours 43 minutes'}"
5reM7jR6dJDK1Nvj,1744415340630,429,Access limit reached,"{'error': 'Access limit reached', 'retry_after': '23 hours 43 minutes'}"
5reM7jR6dJDK1Nvj,1744415340630,429,Access limit reached,"{'error': 'Access limit reached', 'retry_after': '23 hours 43 minutes'}"
5reM7jR6dJDK1Nvj,1744415340630,429,Access limit reached,"{'error': 'Access limit reached', 'retry_after': '23 hours 43 minutes'}"
5reM7jR6dJDK1Nvj,1744415340630,429,Access limit reached,"{'error': 'Access limit reached', 'retry_after': '23 hours 43 minutes'}"
5reM7jR6dJDK1Nvj,1744415361630,429,Access limit reached,"{'error': 'Access limit reached', 'retry_after': '23 hours 43 minutes'}"
5reM7jR6dJDK1Nvj,1744415361630,429,Access limit reached,"{'error': 'Access limit reached', 'retry_after': '23 hours 43 minutes'}"
5reM7jR6dJDK1Nvj,1744415361630,429,Access limit reached,"{'error': 'Access limit reached', 'retry_after': '23 hours 43 minutes'}"
5reM7jR6dJDK1Nvj,1744415361630,429,Access limit reached,"{'error': 'Access limit reached', 'retry_after': '23 hours 43 minutes'}"
5reM7jR6dJDK1Nvj,1744415361630,429,Access limit reached,"{'error': 'Access limit reached', 'retry_after': '23 hours 43 minutes'}"
5reM7jR6dJDK1Nvj,1744415383630,429,Access limit reached,"{'error': 'Access limit reached', 'retry_after': '23 hours 43 minutes'}"
5reM7jR6dJDK1Nvj,1744415383630,429,Access limit reached,"{'error': 'Access limit reached', 'retry_after': '23 hours 43 minutes'}"
5reM7jR6dJDK1Nvj,1744415383630,429,Access limit reached,"{'error': 'Access limit reached', 'retry_after': '23 hours 43 minutes'}"
5reM7jR6dJDK1Nvj,1744415383630,429,Access limit reached,"{'error': 'Access limit reached', 'retry_after': '23 hours 43 minutes'}"
5reM7jR6dJDK1Nvj,1744415383630,429,Access limit reached,"{'error': 'Access limit reached', 'retry_after': '23 hours 43 minutes'}"
5reM7jR6dJDK1Nvj,1744415413630,429,Access limit reached,"{'error': 'Access limit reached', 'retry_after': '23 hours 43 minutes'}"
5reM7jR6dJDK1Nvj,1744415413630,429,Access limit reached,"{'error': 'Access limit reached', 'retry_after': '23 hours 43 minutes'}"
5reM7jR6dJDK1Nvj,1744415413630,429,Access limit reached,"{'error': 'Access limit reached', 'retry_after': '23 hours 43 minutes'}"
5reM7jR6dJDK1Nvj,1744415413630,429,Access limit reached,"{'error': 'Access limit reached', 'retry_after': '23 hours 43 minutes'}"
5reM7jR6dJDK1Nvj,1744415413630,429,Access limit reached,"{'error': 'Access limit reached', 'retry_after': '23 hours 43 minutes'}"
5reM7jR6dJDK1Nvj,1744415435630,429,Access limit reached,"{'error': 'Access limit reached', 'retry_after': '23 hours 43 minutes'}"
5reM7jR6dJDK1Nvj,1744415435630,429,Access limit reached,"{'error': 'Access limit reached', 'retry_after': '23 hours 43 minutes'}"
5reM7jR6dJDK1Nvj,1744415435630,429,Access limit reached,"{'error': 'Access limit reached', 'retry_after': '23 hours 43 minutes'}"
5reM7jR6dJDK1Nvj,1744415435630,429,Access limit reached,"{'error': 'Access limit reached', 'retry_after': '23 hours 43 minutes'}"
5reM7jR6dJDK1Nvj,1744415435630,429,Access limit reached,"{'error': 'Access limit reached', 'retry_after': '23 hours 43 minutes'}"
5reM7jR6dJDK1Nvj,1744415446630,429,Access limit reached,"{'error': 'Access limit reached', 'retry_after': '23 hours 43 minutes'}"
5reM7jR6dJDK1Nvj,1744415446630,429,Access limit reached,"{'error': 'Access limit reached', 'retry_after': '23 hours 43 minutes'}"
5reM7jR6dJDK1Nvj,1744415446630,429,Access limit reached,"{'error': 'Access limit reached', 'retry_after': '23 hours 43 minutes'}"
5reM7jR6dJDK1Nvj,1744415446630,429,Access limit reached,"{'error': 'Access limit reached', 'retry_after': '23 hours 43 minutes'}"
5reM7jR6dJDK1Nvj,1744415446630,429,Access limit reached,"{'error': 'Access limit reached', 'retry_after': '23 hours 43 minutes'}"
5reM7jR6dJDK1Nvj,1744415462630,429,Access limit reached,"{'error': 'Access limit reached', 'retry_after': '23 hours 43 minutes'}"
5reM7jR6dJDK1Nvj,1744415462630,429,Access limit reached,"{'error': 'Access limit reached', 'retry_after': '23 hours 43 minutes'}"
5reM7jR6dJDK1Nvj,1744415462630,429,Access limit reached,"{'error': 'Access limit reached', 'retry_after': '23 hours 43 minutes'}"
5reM7jR6dJDK1Nvj,1744415462630,429,Access limit reached,"{'error': 'Access limit reached', 'retry_after': '23 hours 43 minutes'}"
5reM7jR6dJDK1Nvj,1744415462630,429,Access limit reached,"{'error': 'Access limit reached', 'retry_after': '23 hours 43 minutes'}"
5reM7jR6dJDK1Nvj,1744415488630,429,Access limit reached,"{'error': 'Access limit reached', 'retry_after': '23 hours 43 minutes'}"
5reM7jR6dJDK1Nvj,1744415488630,429,Access limit reached,"{'error': 'Access limit reached', 'retry_after': '23 hours 43 minutes'}"
5reM7jR6dJDK1Nvj,1744415488630,429,Access limit reached,"{'error': 'Access limit reached', 'retry_after': '23 hours 43 minutes'}"
5reM7jR6dJDK1Nvj,1744415488630,429,Access limit reached,"{'error': 'Access limit reached', 'retry_after': '23 hours 43 minutes'}"
5reM7jR6dJDK1Nvj,1744415488630,429,Access limit reached,"{'error': 'Access limit reached', 'retry_after': '23 hours 43 minutes'}"
5reM7jR6dJDK1Nvj,1744415503630,429,Access limit reached,"{'error': 'Access limit reached', 'retry_after': '23 hours 43 minutes'}"
5reM7jR6dJDK1Nvj,1744415503630,429,Access limit reached,"{'error': 'Access limit reached', 'retry_after': '23 hours 43 minutes'}"
5reM7jR6dJDK1Nvj,1744415503630,429,Access limit reached,"{'error': 'Access limit reached', 'retry_after': '23 hours 43 minutes'}"
5reM7jR6dJDK1Nvj,1744415503630,429,Access limit reached,"{'error': 'Access limit reached', 'retry_after': '23 hours 43 minutes'}"
5reM7jR6dJDK1Nvj,1744415503630,429,Access limit reached,"{'error': 'Access limit reached', 'retry_after': '23 hours 43 minutes'}"
5reM7jR6dJDK1Nvj,1744415512630,429,Access limit reached,"{'error': 'Access limit reached', 'retry_after': '23 hours 43 minutes'}"
5reM7jR6dJDK1Nvj,1744415512630,429,Access limit reached,"{'error': 'Access limit reached', 'retry_after': '23 hours 43 minutes'}"
5reM7jR6dJDK1Nvj,1744415512630,429,Access limit reached,"{'error': 'Access limit reached', 'retry_after': '23 hours 43 minutes'}"
5reM7jR6dJDK1Nvj,1744415512630,429,Access limit reached,"{'error': 'Access limit reached', 'retry_after': '23 hours 43 minutes'}"
5reM7jR6dJDK1Nvj,1744415512630,429,Access limit reached,"{'error': 'Access limit reached', 'retry_after': '23 hours 43 minutes'}"
5reM7jR6dJDK1Nvj,1744415536630,429,Access limit reached,"{'error': 'Access limit reached', 'retry_after': '23 hours 43 minutes'}"
5reM7jR6dJDK1Nvj,1744415536630,429,Access limit reached,"{'error': 'Access limit reached', 'retry_after': '23 hours 43 minutes'}"
5reM7jR6dJDK1Nvj,1744415536630,429,Access limit reached,"{'error': 'Access limit reached', 'retry_after': '23 hours 43 minutes'}"
5reM7jR6dJDK1Nvj,1744415536630,429,Access limit reached,"{'error': 'Access limit reached', 'retry_after': '23 hours 43 minutes'}"
5reM7jR6dJDK1Nvj,1744415536630,429,Access limit reached,"{'error': 'Access limit reached', 'retry_after': '23 hours 43 minutes'}"
5reM7jR6dJDK1Nvj,1744415542630,429,Access limit reached,"{'error': 'Access limit reached', 'retry_after': '23 hours 43 minutes'}"
5reM7jR6dJDK1Nvj,1744415542630,429,Access limit reached,"{'error': 'Access limit reached', 'retry_after': '23 hours 43 minutes'}"
5reM7jR6dJDK1Nvj,1744415542630,429,Access limit reached,"{'error': 'Access limit reached', 'retry_after': '23 hours 43 minutes'}"
5reM7jR6dJDK1Nvj,1744415542630,429,Access limit reached,"{'error': 'Access limit reached', 'retry_after': '23 hours 43 minutes'}"
5reM7jR6dJDK1Nvj,1744415542630,429,Access limit reached,"{'error': 'Access limit reached', 'retry_after': '23 hours 43 minutes'}"
YAxhTHul26gN03ih,1744415567630,429,Access limit reached,"{'error': 'Access limit reached', 'retry_after': '23 hours 34 minutes'}"
YAxhTHul26gN03ih,1744415567630,429,Access limit reached,"{'error': 'Access limit reached', 'retry_after': '23 hours 34 minutes'}"
YAxhTHul26gN03ih,1744415567630,429,Access limit reached,"{'error': 'Access limit reached', 'retry_after': '23 hours 34 minutes'}"
YAxhTHul26gN03ih,1744415567630,429,Access limit reached,"{'error': 'Access limit reached', 'retry_after': '23 hours 34 minutes'}"
YAxhTHul26gN03ih,1744415567630,429,Access limit reached,"{'error': 'Access limit reached', 'retry_after': '23 hours 34 minutes'}"
YAxhTHul26gN03ih,1744415581630,429,Access limit reached,"{'error': 'Access limit reached', 'retry_after': '23 hours 34 minutes'}"
YAxhTHul26gN03ih,1744415581630,429,Access limit reached,"{'error': 'Access limit reached', 'retry_after': '23 hours 34 minutes'}"
YAxhTHul26gN03ih,1744415581630,429,Access limit reached,"{'error': 'Access limit reached', 'retry_after': '23 hours 34 minutes'}"
YAxhTHul26gN03ih,1744415581630,429,Access limit reached,"{'error': 'Access limit reached', 'retry_after': '23 hours 34 minutes'}"
YAxhTHul26gN03ih,1744415581630,429,Access limit reached,"{'error': 'Access limit reached', 'retry_after': '23 hours 34 minutes'}"
YAxhTHul26gN03ih,1744415596630,429,Access limit reached,"{'error': 'Access limit reached', 'retry_after': '23 hours 34 minutes'}"
YAxhTHul26gN03ih,1744415596630,429,Access limit reached,"{'error': 'Access limit reached', 'retry_after': '23 hours 34 minutes'}"
YAxhTHul26gN03ih,1744415596630,429,Access limit reached,"{'error': 'Access limit reached', 'retry_after': '23 hours 34 minutes'}"
YAxhTHul26gN03ih,1744415596630,429,Access limit reached,"{'error': 'Access limit reached', 'retry_after': '23 hours 34 minutes'}"
YAxhTHul26gN03ih,1744415596630,429,Access limit reached,"{'error': 'Access limit reached', 'retry_after': '23 hours 34 minutes'}"
YAxhTHul26gN03ih,1744415602630,429,Access limit reached,"{'error': 'Access limit reached', 'retry_after': '23 hours 34 minutes'}"
YAxhTHul26gN03ih,1744415602630,429,Access limit reached,"{'error': 'Access limit reached', 'retry_after': '23 hours 34 minutes'}"
YAxhTHul26gN03ih,1744415602630,429,Access limit reached,"{'error': 'Access limit reached', 'retry_after': '23 hours 34 minutes'}"
YAxhTHul26gN03ih,1744415602630,429,Access limit reached,"{'error': 'Access limit reached', 'retry_after': '23 hours 34 minutes'}"
YAxhTHul26gN03ih,1744415602630,429,Access limit reached,"{'error': 'Access limit reached', 'retry_after': '23 hours 34 minutes'}"
YAxhTHul26gN03ih,1744415630630,429,Access limit reached,"{'error': 'Access limit reached', 'retry_after': '23 hours 34 minutes'}"
YAxhTHul26gN03ih,1744415630630,429,Access limit reached,"{'error': 'Access limit reached', 'retry_after': '23 hours 34 minutes'}"
YAxhTHul26gN03ih,1744415630630,429,Access limit reached,"{'error': 'Access limit reached', 'retry_after': '23 hours 34 minutes'}"
YAxhTHul26gN03ih,1744415630630,429,Access limit reached,"{'error': 'Access limit reached', 'retry_after': '23 hours 34 minutes'}"
YAxhTHul26gN03ih,1744415630630,429,Access limit reached,"{'error': 'Access limit reached', 'retry_after': '23 hours 34 minutes'}"
YAxhTHul26gN03ih,1744415651630,429,Access limit reached,"{'error': 'Access limit reached', 'retry_after': '23 hours 34 minutes'}"
YAxhTHul26gN03ih,1744415651630,429,Access limit reached,"{'error': 'Access limit reached', 'retry_after': '23 hours 34 minutes'}"
YAxhTHul26gN03ih,1744415651630,429,Access limit reached,"{'error': 'Access limit reached', 'retry_after': '23 hours 34 minutes'}"
YAxhTHul26gN03ih,1744415651630,429,Access limit reached,"{'error': 'Access limit reached', 'retry_after': '23 hours 34 minutes'}"
YAxhTHul26gN03ih,1744415651630,429,Access limit reached,"{'error': 'Access limit reached', 'retry_after': '23 hours 34 minutes'}"
YAxhTHul26gN03ih,1744415664630,429,Access limit reached,"{'error': 'Access limit reached', 'retry_after': '23 hours 34 minutes'}"
YAxhTHul26gN03ih,1744415664630,429,Access limit reached,"{'error': 'Access limit reached', 'retry_after': '23 hours 34 minutes'}"
YAxhTHul26gN03ih,1744415664630,429,Access limit reached,"{'error': 'Access limit reached', 'retry_after': '23 hours 34 minutes'}"
YAxhTHul26gN03ih,1744415664630,429,Access limit reached,"{'error': 'Access limit reached', 'retry_after': '23 hours 34 minutes'}"
YAxhTHul26gN03ih,1744415664630,429,Access limit reached,"{'error': 'Access limit reached', 'retry_after': '23 hours 34 minutes'}"
YAxhTHul26gN03ih,1744415671630,429,Access limit reached,"{'error': 'Access limit reached', 'retry_after': '23 hours 34 minutes'}"
YAxhTHul26gN03ih,1744415671630,429,Access limit reached,"{'error': 'Access limit reached', 'retry_after': '23 hours 34 minutes'}"
YAxhTHul26gN03ih,1744415671630,429,Access limit reached,"{'error': 'Access limit reached', 'retry_after': '23 hours 34 minutes'}"
YAxhTHul26gN03ih,1744415671630,429,Access limit reached,"{'error': 'Access limit reached', 'retry_after': '23 hours 34 minutes'}"
YAxhTHul26gN03ih,1744415671630,429,Access limit reached,"{'error': 'Access limit reached', 'retry_after': '23 hours 34 minutes'}"
YAxhTHul26gN03ih,1744415698630,429,Access limit reached,"{'error': 'Access limit reached', 'retry_after': '23 hours 34 minutes'}"
YAxhTHul26gN03ih,1744415698630,429,Access limit reached,"{'error': 'Access limit reached', 'retry_after': '23 hours 34 minutes'}"
YAxhTHul26gN03ih,1744415698630,429,Access limit reached,"{'error': 'Access limit reached', 'retry_after': '23 hours 34 minutes'}"
YAxhTHul26gN03ih,1744415698630,429,Access limit reached,"{'error': 'Access limit reached', 'retry_after': '23 hours 34 minutes'}"
YAxhTHul26gN03ih,1744415698630,429,Access limit reached,"{'error': 'Access limit reached', 'retry_after': '23 hours 34 minutes'}"
YAxhTHul26gN03ih,1744415709630,429,Access limit reached,"{'error': 'Access limit reached', 'retry_after': '23 hours 34 minutes'}"
YAxhTHul26gN03ih,1744415709630,429,Access limit reached,"{'error': 'Access limit reached', 'retry_after': '23 hours 34 minutes'}"
YAxhTHul26gN03ih,1744415709630,429,Access limit reached,"{'error': 'Access limit reached', 'retry_after': '23 hours 34 minutes'}"
YAxhTHul26gN03ih,1744415709630,429,Access limit reached,"{'error': 'Access limit reached', 'retry_after': '23 hours 34 minutes'}"
YAxhTHul26gN03ih,1744415709630,429,Access limit reached,"{'error': 'Access limit reached', 'retry_after': '23 hours 34 minutes'}"
YAxhTHul26gN03ih,1744415727630,429,Access limit reached,"{'error': 'Access limit reached', 'retry_after': '23 hours 34 minutes'}"
YAxhTHul26gN03ih,1744415727630,429,Access limit reached,"{'error': 'Access limit reached', 'retry_after': '23 hours 34 minutes'}"
YAxhTHul26gN03ih,1744415727630,429,Access limit reached,"{'error': 'Access limit reached', 'retry_after': '23 hours 34 minutes'}"
YAxhTHul26gN03ih,1744415727630,429,Access limit reached,"{'error': 'Access limit reached', 'retry_after': '23 hours 34 minutes'}"
YAxhTHul26gN03ih,1744415727630,429,Access limit reached,"{'error': 'Access limit reached', 'retry_after': '23 hours 34 minutes'}"
YAxhTHul26gN03ih,1744415748630,429,Access limit reached,"{'error': 'Access limit reached', 'retry_after': '23 hours 34 minutes'}"
YAxhTHul26gN03ih,1744415748630,429,Access limit reached,"{'error': 'Access limit reached', 'retry_after': '23 hours 34 minutes'}"
YAxhTHul26gN03ih,1744415748630,429,Access limit reached,"{'error': 'Access limit reached', 'retry_after': '23 hours 34 minutes'}"
YAxhTHul26gN03ih,1744415748630,429,Access limit reached,"{'error': 'Access limit reached', 'retry_after': '23 hours 34 minutes'}"
YAxhTHul26gN03ih,1744415748630,429,Access limit reached,"{'error': 'Access limit reached', 'retry_after': '23 hours 34 minutes'}"
YAxhTHul26gN03ih,1744415775630,429,Access limit reached,"{'error': 'Access limit reached', 'retry_after': '23 hours 34 minutes'}"
YAxhTHul26gN03ih,1744415775630,429,Access limit reached,"{'error': 'Access limit reached', 'retry_after': '23 hours 34 minutes'}"
YAxhTHul26gN03ih,1744415775630,429,Access limit reached,"{'error': 'Access limit reached', 'retry_after': '23 hours 34 minutes'}"
YAxhTHul26gN03ih,1744415775630,429,Access limit reached,"{'error': 'Access limit reached', 'retry_after': '23 hours 34 minutes'}"
YAxhTHul26gN03ih,1744415775630,429,Access limit reached,"{'error': 'Access limit reached', 'retry_after': '23 hours 34 minutes'}"
YAxhTHul26gN03ih,1744415795630,429,Access limit reached,"{'error': 'Access limit reached', 'retry_after': '23 hours 34 minutes'}"
YAxhTHul26gN03ih,1744415795630,429,Access limit reached,"{'error': 'Access limit reached', 'retry_after': '23 hours 34 minutes'}"
YAxhTHul26gN03ih,1744415795630,429,Access limit reached,"{'error': 'Access limit reached', 'retry_after': '23 hours 34 minutes'}"
YAxhTHul26gN03ih,1744415795630,429,Access limit reached,"{'error': 'Access limit reached', 'retry_after': '23 hours 34 minutes'}"
YAxhTHul26gN03ih,1744415795630,429,Access limit reached,"{'error': 'Access limit reached', 'retry_after': '23 hours 34 minutes'}"
YAxhTHul26gN03ih,1744415813630,429,Access limit reached,"{'error': 'Access limit reached', 'retry_after': '23 hours 34 minutes'}"
YAxhTHul26gN03ih,1744415813630,429,Access limit reached,"{'error': 'Access limit reached', 'retry_after': '23 hours 34 minutes'}"
YAxhTHul26gN03ih,1744415813630,429,Access limit reached,"{'error': 'Access limit reached', 'retry_after': '23 hours 34 minutes'}"
YAxhTHul26gN03ih,1744415813630,429,Access limit reached,"{'error': 'Access limit reached', 'retry_after': '23 hours 34 minutes'}"
YAxhTHul26gN03ih,1744415813630,429,Access limit reached,"{'error': 'Access limit reached', 'retry_after': '23 hours 34 minutes'}"
YAxhTHul26gN03ih,1744415826630,429,Access limit reached,"{'error': 'Access limit reached', 'retry_after': '23 hours 34 minutes'}"
YAxhTHul26gN03ih,1744415826630,429,Access limit reached,"{'error': 'Access limit reached', 'retry_after': '23 hours 34 minutes'}"
YAxhTHul26gN03ih,1744415826630,429,Access limit reached,"{'error': 'Access limit reached', 'retry_after': '23 hours 34 minutes'}"
YAxhTHul26gN03ih,1744415826630,429,Access limit reached,"{'error': 'Access limit reached', 'retry_after': '23 hours 34 minutes'}"
YAxhTHul26gN03ih,1744415826630,429,Access limit reached,"{'error': 'Access limit reached', 'retry_after': '23 hours 34 minutes'}"
YAxhTHul26gN03ih,1744415835630,429,Access limit reached,"{'error': 'Access limit reached', 'retry_after': '23 hours 34 minutes'}"
YAxhTHul26gN03ih,1744415835630,429,Access limit reached,"{'error': 'Access limit reached', 'retry_after': '23 hours 34 minutes'}"
YAxhTHul26gN03ih,1744415835630,429,Access limit reached,"{'error': 'Access limit reached', 'retry_after': '23 hours 34 minutes'}"
YAxhTHul26gN03ih,1744415835630,429,Access limit reached,"{'error': 'Access limit reached', 'retry_after': '23 hours 34 minutes'}"
YAxhTHul26gN03ih,1744415835630,429,Access limit reached,"{'error': 'Access limit reached', 'retry_after': '23 hours 34 minutes'}"
YAxhTHul26gN03ih,1744415861630,429,Access limit reached,"{'error': 'Access limit reached', 'retry_after': '23 hours 34 minutes'}"
YAxhTHul26gN03ih,1744415861630,429,Access limit reached,"{'error': 'Access limit reached', 'retry_after': '23 hours 34 minutes'}"
YAxhTHul26gN03ih,1744415861630,429,Access limit reached,"{'error': 'Access limit reached', 'retry_after': '23 hours 34 minutes'}"
YAxhTHul26gN03ih,1744415861630,429,Access limit reached,"{'error': 'Access limit reached', 'retry_after': '23 hours 34 minutes'}"
YAxhTHul26gN03ih,1744415861630,429,Access limit reached,"{'error': 'Access limit reached', 'retry_after': '23 hours 34 minutes'}"
YAxhTHul26gN03ih,1744415887630,429,Access limit reached,"{'error': 'Access limit reached', 'retry_after': '23 hours 34 minutes'}"
YAxhTHul26gN03ih,1744415887630,429,Access limit reached,"{'error': 'Access limit reached', 'retry_after': '23 hours 34 minutes'}"
YAxhTHul26gN03ih,1744415887630,429,Access limit reached,"{'error': 'Access limit reached', 'retry_after': '23 hours 34 minutes'}"
YAxhTHul26gN03ih,1744415887630,429,Access limit reached,"{'error': 'Access limit reached', 'retry_after': '23 hours 34 minutes'}"
YAxhTHul26gN03ih,1744415887630,429,Access limit reached,"{'error': 'Access limit reached', 'retry_after': '23 hours 34 minutes'}"
YAxhTHul26gN03ih,1744415892630,429,Access limit reached,"{'error': 'Access limit reached', 'retry_after': '23 hours 34 minutes'}"
YAxhTHul26gN03ih,1744415892630,429,Access limit reached,"{'error': 'Access limit reached', 'retry_after': '23 hours 34 minutes'}"
YAxhTHul26gN03ih,1744415892630,429,Access limit reached,"{'error': 'Access limit reached', 'retry_after': '23 hours 34 minutes'}"
YAxhTHul26gN03ih,1744415892630,429,Access limit reached,"{'error': 'Access limit reached', 'retry_after': '23 hours 34 minutes'}"
YAxhTHul26gN03ih,1744415892630,429,Access limit reached,"{'error': 'Access limit reached', 'retry_after': '23 hours 34 minutes'}"
YAxhTHul26gN03ih,1744415917630,429,Access limit reached,"{'error': 'Access limit reached', 'retry_after': '23 hours 34 minutes'}"
YAxhTHul26gN03ih,1744415917630,429,Access limit reached,"{'error': 'Access limit reached', 'retry_after': '23 hours 34 minutes'}"
YAxhTHul26gN03ih,1744415917630,429,Access limit reached,"{'error': 'Access limit reached', 'retry_after': '23 hours 34 minutes'}"
YAxhTHul26gN03ih,1744415917630,429,Access limit reached,"{'error': 'Access limit reached', 'retry_after': '23 hours 34 minutes'}"
YAxhTHul26gN03ih,1744415917630,429,Access limit reached,"{'error': 'Access limit reached', 'retry_after': '23 hours 34 minutes'}"
YAxhTHul26gN03ih,1744415941630,429,Access limit reached,"{'error': 'Access limit reached', 'retry_after': '23 hours 34 minutes'}"
YAxhTHul26gN03ih,1744415941630,429,Access limit reached,"{'error': 'Access limit reached', 'retry_after': '23 hours 34 minutes'}"
YAxhTHul26gN03ih,1744415941630,429,Access limit reached,"{'error': 'Access limit reached', 'retry_after': '23 hours 34 minutes'}"
YAxhTHul26gN03ih,1744415941630,429,Access limit reached,"{'error': 'Access limit reached', 'retry_after': '23 hours 34 minutes'}"
YAxhTHul26gN03ih,1744415941630,429,Access limit reached,"{'error': 'Access limit reached', 'retry_after': '23 hours 34 minutes'}"
YAxhTHul26gN03ih,1744415953630,429,Access limit reached,"{'error': 'Access limit reached', 'retry_after': '23 hours 34 minutes'}"
YAxhTHul26gN03ih,1744415953630,429,Access limit reached,"{'error': 'Access limit reached', 'retry_after': '23 hours 34 minutes'}"
YAxhTHul26gN03ih,1744415953630,429,Access limit reached,"{'error': 'Access limit reached', 'retry_after': '23 hours 34 minutes'}"
YAxhTHul26gN03ih,1744415953630,429,Access limit reached,"{'error': 'Access limit reached', 'retry_after': '23 hours 34 minutes'}"
YAxhTHul26gN03ih,1744415953630,429,Access limit reached,"{'error': 'Access limit reached', 'retry_after': '23 hours 34 minutes'}"
YAxhTHul26gN03ih,1744415960630,429,Access limit reached,"{'error': 'Access limit reached', 'retry_after': '23 hours 34 minutes'}"
YAxhTHul26gN03ih,1744415960630,429,Access limit reached,"{'error': 'Access limit reached', 'retry_after': '23 hours 34 minutes'}"
YAxhTHul26gN03ih,1744415960630,429,Access limit reached,"{'error': 'Access limit reached', 'retry_after': '23 hours 34 minutes'}"
YAxhTHul26gN03ih,1744415960630,429,Access limit reached,"{'error': 'Access limit reached', 'retry_after': '23 hours 34 minutes'}"
YAxhTHul26gN03ih,1744415960630,429,Access limit reached,"{'error': 'Access limit reached', 'retry_after': '23 hours 34 minutes'}"
YAxhTHul26gN03ih,1744415983630,429,Access limit reached,"{'error': 'Access limit reached', 'retry_after': '23 hours 34 minutes'}"
YAxhTHul26gN03ih,1744415983630,429,Access limit reached,"{'error': 'Access limit reached', 'retry_after': '23 hours 34 minutes'}"
YAxhTHul26gN03ih,1744415983630,429,Access limit reached,"{'error': 'Access limit reached', 'retry_after': '23 hours 34 minutes'}"
YAxhTHul26gN03ih,1744415983630,429,Access limit reached,"{'error': 'Access limit reached', 'retry_after': '23 hours 34 minutes'}"
YAxhTHul26gN03ih,1744415983630,429,Access limit reached,"{'error': 'Access limit reached', 'retry_after': '23 hours 34 minutes'}"
YAxhTHul26gN03ih,1744416004630,429,Access limit reached,"{'error': 'Access limit reached', 'retry_after': '23 hours 34 minutes'}"
YAxhTHul26gN03ih,1744416004630,429,Access limit reached,"{'error': 'Access limit reached', 'retry_after': '23 hours 34 minutes'}"
YAxhTHul26gN03ih,1744416004630,429,Access limit reached,"{'error': 'Access limit reached', 'retry_after': '23 hours 34 minutes'}"
YAxhTHul26gN03ih,1744416004630,429,Access limit reached,"{'error': 'Access limit reached', 'retry_after': '23 hours 34 minutes'}"
YAxhTHul26gN03ih,1744416004630,429,Access limit reached,"{'error': 'Access limit reached', 'retry_after': '23 hours 34 minutes'}"
YAxhTHul26gN03ih,1744416084630,429,Access limit reached,"{'error': 'Access limit reached', 'retry_after': '23 hours 34 minutes'}"
YAxhTHul26gN03ih,1744416084630,429,Access limit reached,"{'error': 'Access limit reached', 'retry_after': '23 hours 34 minutes'}"
YAxhTHul26gN03ih,1744416084630,429,Access limit reached,"{'error': 'Access limit reached', 'retry_after': '23 hours 34 minutes'}"
YAxhTHul26gN03ih,1744416084630,429,Access limit reached,"{'error': 'Access limit reached', 'retry_after': '23 hours 34 minutes'}"
YAxhTHul26gN03ih,1744416084630,429,Access limit reached,"{'error': 'Access limit reached', 'retry_after': '23 hours 34 minutes'}"
YAxhTHul26gN03ih,1744416223630,429,Access limit reached,"{'error': 'Access limit reached', 'retry_after': '23 hours 34 minutes'}"
YAxhTHul26gN03ih,1744416223630,429,Access limit reached,"{'error': 'Access limit reached', 'retry_after': '23 hours 34 minutes'}"
YAxhTHul26gN03ih,1744416223630,429,Access limit reached,"{'error': 'Access limit reached', 'retry_after': '23 hours 34 minutes'}"
YAxhTHul26gN03ih,1744416223630,429,Access limit reached,"{'error': 'Access limit reached', 'retry_after': '23 hours 34 minutes'}"
YAxhTHul26gN03ih,1744416223630,429,Access limit reached,"{'error': 'Access limit reached', 'retry_after': '23 hours 34 minutes'}"
YAxhTHul26gN03ih,1744416366630,429,Access limit reached,"{'error': 'Access limit reached', 'retry_after': '23 hours 34 minutes'}"
YAxhTHul26gN03ih,1744416366630,429,Access limit reached,"{'error': 'Access limit reached', 'retry_after': '23 hours 34 minutes'}"
YAxhTHul26gN03ih,1744416366630,429,Access limit reached,"{'error': 'Access limit reached', 'retry_after': '23 hours 34 minutes'}"
YAxhTHul26gN03ih,1744416366630,429,Access limit reached,"{'error': 'Access limit reached', 'retry_after': '23 hours 34 minutes'}"
YAxhTHul26gN03ih,1744416366630,429,Access limit reached,"{'error': 'Access limit reached', 'retry_after': '23 hours 34 minutes'}"
YAxhTHul26gN03ih,1744416454630,429,Access limit reached,"{'error': 'Access limit reached', 'retry_after': '23 hours 34 minutes'}"
YAxhTHul26gN03ih,1744416454630,429,Access limit reached,"{'error': 'Access limit reached', 'retry_after': '23 hours 34 minutes'}"
YAxhTHul26gN03ih,1744416454630,429,Access limit reached,"{'error': 'Access limit reached', 'retry_after': '23 hours 34 minutes'}"
YAxhTHul26gN03ih,1744416454630,429,Access limit reached,"{'error': 'Access limit reached', 'retry_after': '23 hours 34 minutes'}"
YAxhTHul26gN03ih,1744416454630,429,Access limit reached,"{'error': 'Access limit reached', 'retry_after': '23 hours 34 minutes'}"
YAxhTHul26gN03ih,1744416624630,429,Access limit reached,"{'error': 'Access limit reached', 'retry_after': '23 hours 34 minutes'}"
YAxhTHul26gN03ih,1744416624630,429,Access limit reached,"{'error': 'Access limit reached', 'retry_after': '23 hours 34 minutes'}"
YAxhTHul26gN03ih,1744416624630,429,Access limit reached,"{'error': 'Access limit reached', 'retry_after': '23 hours 34 minutes'}"
YAxhTHul26gN03ih,1744416624630,429,Access limit reached,"{'error': 'Access limit reached', 'retry_after': '23 hours 34 minutes'}"
YAxhTHul26gN03ih,1744416624630,429,Access limit reached,"{'error': 'Access limit reached', 'retry_after': '23 hours 34 minutes'}"
YAxhTHul26gN03ih,1744416698630,429,Access limit reached,"{'error': 'Access limit reached', 'retry_after': '23 hours 34 minutes'}"
YAxhTHul26gN03ih,1744416698630,429,Access limit reached,"{'error': 'Access limit reached', 'retry_after': '23 hours 34 minutes'}"
YAxhTHul26gN03ih,1744416698630,429,Access limit reached,"{'error': 'Access limit reached', 'retry_after': '23 hours 34 minutes'}"
YAxhTHul26gN03ih,1744416698630,429,Access limit reached,"{'error': 'Access limit reached', 'retry_after': '23 hours 34 minutes'}"
YAxhTHul26gN03ih,1744416698630,429,Access limit reached,"{'error': 'Access limit reached', 'retry_after': '23 hours 34 minutes'}"
YAxhTHul26gN03ih,1744416763630,429,Access limit reached,"{'error': 'Access limit reached', 'retry_after': '23 hours 34 minutes'}"
YAxhTHul26gN03ih,1744416763630,429,Access limit reached,"{'error': 'Access limit reached', 'retry_after': '23 hours 34 minutes'}"
YAxhTHul26gN03ih,1744416763630,429,Access limit reached,"{'error': 'Access limit reached', 'retry_after': '23 hours 34 minutes'}"
YAxhTHul26gN03ih,1744416763630,429,Access limit reached,"{'error': 'Access limit reached', 'retry_after': '23 hours 34 minutes'}"
YAxhTHul26gN03ih,1744416763630,429,Access limit reached,"{'error': 'Access limit reached', 'retry_after': '23 hours 34 minutes'}"
YAxhTHul26gN03ih,1744416936630,429,Access limit reached,"{'error': 'Access limit reached', 'retry_after': '23 hours 34 minutes'}"
YAxhTHul26gN03ih,1744416936630,429,Access limit reached,"{'error': 'Access limit reached', 'retry_after': '23 hours 34 minutes'}"
YAxhTHul26gN03ih,1744416936630,429,Access limit reached,"{'error': 'Access limit reached', 'retry_after': '23 hours 34 minutes'}"
YAxhTHul26gN03ih,1744416936630,429,Access limit reached,"{'error': 'Access limit reached', 'retry_after': '23 hours 34 minutes'}"
YAxhTHul26gN03ih,1744416936630,429,Access limit reached,"{'error': 'Access limit reached', 'retry_after': '23 hours 34 minutes'}"
WNIW6wOBUcvDOXyr,1744417041630,200,Success,"{'message': 'Success', 'quote': 'Dream big and dare to fail.', 'writer': 'Norman Vaughan'}"
WNIW6wOBUcvDOXyr,1744417041630,400,Already Existing Data,{'error': 'Already Existing Data'}
WNIW6wOBUcvDOXyr,1744417041630,400,Already Existing Data,{'error': 'Already Existing Data'}
WNIW6wOBUcvDOXyr,1744417041630,400,Already Existing Data,{'error': 'Already Existing Data'}
WNIW6wOBUcvDOXyr,1744417041630,400,Already Existing Data,{'error': 'Already Existing Data'}
WNIW6wOBUcvDOXyr,1744417162630,200,Success,"{'message': 'Success', 'quote': 'Do what you can, with what you have, where you are.', 'writer': 'Theodore Roosevelt'}"
WNIW6wOBUcvDOXyr,1744417162630,400,Already Existing Data,{'error': 'Already Existing Data'}
WNIW6wOBUcvDOXyr,1744417162630,400,Already Existing Data,{'error': 'Already Existing Data'}
WNIW6wOBUcvDOXyr,1744417162630,400,Already Existing Data,{'error': 'Already Existing Data'}
WNIW6wOBUcvDOXyr,1744417162630,400,Already Existing Data,{'error': 'Already Existing Data'}
WNIW6wOBUcvDOXyr,1744417332630,200,Success,"{'message': 'Success', 'quote': 'The way to get started is to quit talking and begin doing.', 'writer': 'Walt Disney'}"
WNIW6wOBUcvDOXyr,1744417332630,400,Already Existing Data,{'error': 'Already Existing Data'}
WNIW6wOBUcvDOXyr,1744417332630,400,Already Existing Data,{'error': 'Already Existing Data'}
WNIW6wOBUcvDOXyr,1744417332630,400,Already Existing Data,{'error': 'Already Existing Data'}
WNIW6wOBUcvDOXyr,1744417332630,400,Already Existing Data,{'error': 'Already Existing Data'}
WNIW6wOBUcvDOXyr,1744417409630,200,Success,"{'message': 'Success', 'quote': 'Success is not final, failure is not fatal: It is the courage to continue that counts.', 'writer': 'Winston Churchill'}"
WNIW6wOBUcvDOXyr,1744417409630,400,Already Existing Data,{'error': 'Already Existing Data'}
WNIW6wOBUcvDOXyr,1744417409630,400,Already Existing Data,{'error': 'Already Existing Data'}
WNIW6wOBUcvDOXyr,1744417409630,400,Already Existing Data,{'error': 'Already Existing Data'}
WNIW6wOBUcvDOXyr,1744417409630,400,Already Existing Data,{'error': 'Already Existing Data'}
WNIW6wOBUcvDOXyr,1744417533630,200,Success,"{'message': 'Success', 'quote': 'Do what you can, with what you have, where you are.', 'writer': 'Theodore Roosevelt'}"
WNIW6wOBUcvDOXyr,1744417533630,400,Already Existing Data,{'error': 'Already Existing Data'}
WNIW6wOBUcvDOXyr,1744417533630,400,Already Existing Data,{'error': 'Already Existing Data'}
WNIW6wOBUcvDOXyr,1744417533630,400,Already Existing Data,{'error': 'Already Existing Data'}
WNIW6wOBUcvDOXyr,1744417533630,400,Already Existing Data,{'error': 'Already Existing Data'}
WNIW6wOBUcvDOXyr,1744417630630,200,Success,"{'message': 'Success', 'quote': 'Act as if what you do makes a difference. It does.', 'writer': 'William James'}"
WNIW6wOBUcvDOXyr,1744417630630,400,Already Existing Data,{'error': 'Already Existing Data'}
WNIW6wOBUcvDOXyr,1744417630630,400,Already Existing Data,{'error': 'Already Existing Data'}
WNIW6wOBUcvDOXyr,1744417630630,400,Already Existing Data,{'error': 'Already Existing Data'}
WNIW6wOBUcvDOXyr,1744417630630,400,Already Existing Data,{'error': 'Already Existing Data'}
WNIW6wOBUcvDOXyr,1744417754630,200,Success,"{'message': 'Success', 'quote': 'Keep your face always toward the sunshine—and shadows will fall behind you.', 'writer': 'Walt Whitman'}"
WNIW6wOBUcvDOXyr,1744417754630,400,Already Existing Data,{'error': 'Already Existing Data'}
WNIW6wOBUcvDOXyr,1744417754630,400,Already Existing Data,{'error': 'Already Existing Data'}
WNIW6wOBUcvDOXyr,1744417754630,400,Already Existing Data,{'error': 'Already Existing Data'}
WNIW6wOBUcvDOXyr,1744417754630,400,Already Existing Data,{'error': 'Already Existing Data'}
WNIW6wOBUcvDOXyr,1744417814630,200,Success,"{'message': 'Success', 'quote': 'Keep your face always toward the sunshine—and shadows will fall behind you.', 'writer': 'Walt Whitman'}"
WNIW6wOBUcvDOXyr,1744417814630,400,Already Existing Data,{'error': 'Already Existing Data'}
WNIW6wOBUcvDOXyr,1744417814630,400,Already Existing Data,{'error': 'Already Existing Data'}
WNIW6wOBUcvDOXyr,1744417814630,400,Already Existing Data,{'error': 'Already Existing Data'}
WNIW6wOBUcvDOXyr,1744417814630,400,Already Existing Data,{'error': 'Already Existing Data'}
WNIW6wOBUcvDOXyr,1744417964630,200,Success,"{'message': 'Success', 'quote': 'The way to get started is to quit talking and begin doing.', 'writer': 'Walt Disney'}"
WNIW6wOBUcvDOXyr,1744417964630,400,Already Existing Data,{'error': 'Already Existing Data'}
WNIW6wOBUcvDOXyr,1744417964630,400,Already Existing Data,{'error': 'Already Existing Data'}
WNIW6wOBUcvDOXyr,1744417964630,400,Already Existing Data,{'error': 'Already Existing Data'}
WNIW6wOBUcvDOXyr,1744417964630,400,Already Existing Data,{'error': 'Already Existing Data'}
WNIW6wOBUcvDOXyr,1744418063630,200,Success,"{'message': 'Success', 'quote': 'Nothing is impossible, the word itself says ‘I’m possible’!', 'writer': 'Audrey Hepburn'}"
WNIW6wOBUcvDOXyr,1744418063630,400,Already Existing Data,{'error': 'Already Existing Data'}
WNIW6wOBUcvDOXyr,1744418063630,400,Already Existing Data,{'error': 'Already Existing Data'}
WNIW6wOBUcvDOXyr,1744418063630,400,Already Existing Data,{'error': 'Already Existing Data'}
WNIW6wOBUcvDOXyr,1744418063630,400,Already Existing Data,{'error': 'Already Existing Data'}
WNIW6wOBUcvDOXyr,1744418205630,200,Success,"{'message': 'Success', 'quote': 'Dream big and dare to fail.', 'writer': 'Norman Vaughan'}"
WNIW6wOBUcvDOXyr,1744418205630,400,Already Existing Data,{'error': 'Already Existing Data'}
WNIW6wOBUcvDOXyr,1744418205630,400,Already Existing Data,{'error': 'Already Existing Data'}
WNIW6wOBUcvDOXyr,1744418205630,400,Already Existing Data,{'error': 'Already Existing Data'}
WNIW6wOBUcvDOXyr,1744418205630,400,Already Existing Data,{'error': 'Already Existing Data'}
WNIW6wOBUcvDOXyr,1744418268630,200,Success,"{'message': 'Success', 'quote': 'Your time is limited, so don’t waste it living someone else’s life.', 'writer': 'Steve Jobs'}"
WNIW6wOBUcvDOXyr,1744418268630,400,Already Existing Data,{'error': 'Already Existing Data'}
WNIW6wOBUcvDOXyr,1744418268630,400,Already Existing Data,{'error': 'Already Existing Data'}
WNIW6wOBUcvDOXyr,1744418268630,400,Already Existing Data,{'error': 'Already Existing Data'}
WNIW6wOBUcvDOXyr,1744418268630,400,Already Existing Data,{'error': 'Already Existing Data'}
WNIW6wOBUcvDOXyr,1744418405630,200,Success,"{'message': 'Success', 'quote': 'Dream big and dare to fail.', 'writer': 'Norman Vaughan'}"
WNIW6wOBUcvDOXyr,1744418405630,400,Already Existing Data,{'error': 'Already Existing Data'}
WNIW6wOBUcvDOXyr,1744418405630,400,Already Existing Data,{'error': 'Already Existing Data'}
WNIW6wOBUcvDOXyr,1744418405630,400,Already Existing Data,{'error': 'Already Existing Data'}
WNIW6wOBUcvDOXyr,1744418405630,400,Already Existing Data,{'error': 'Already Existing Data'}
WNIW6wOBUcvDOXyr,1744418578630,200,Success,"{'message': 'Success', 'quote': 'Do not go where the path may lead, go instead where there is no path and leave a trail.', 'writer': 'Ralph Waldo Emerson'}"
WNIW6wOBUcvDOXyr,1744418578630,400,Already Existing Data,{'error': 'Already Existing Data'}
WNIW6wOBUcvDOXyr,1744418578630,400,Already Existing Data,{'error': 'Already Existing Data'}
WNIW6wOBUcvDOXyr,1744418578630,400,Already Existing Data,{'error': 'Already Existing Data'}
WNIW6wOBUcvDOXyr,1744418578630,400,Already Existing Data,{'error': 'Already Existing Data'}
WNIW6wOBUcvDOXyr,1744418665630,200,Success,"{'message': 'Success', 'quote': 'The purpose of our lives is to be happy.', 'writer': 'Dalai Lama'}"
WNIW6wOBUcvDOXyr,1744418665630,400,Already Existing Data,{'error': 'Already Existing Data'}
WNIW6wOBUcvDOXyr,1744418665630,400,Already Existing Data,{'error': 'Already Existing Data'}
WNIW6wOBUcvDOXyr,1744418665630,400,Already Existing Data,{'error': 'Already Existing Data'}
WNIW6wOBUcvDOXyr,1744418665630,400,Already Existing Data,{'error': 'Already Existing Data'}
WNIW6wOBUcvDOXyr,1744418819630,200,Success,"{'message': 'Success', 'quote': 'Turn your wounds into wisdom.', 'writer': 'Oprah Winfrey'}"
WNIW6wOBUcvDOXyr,1744418819630,400,Already Existing Data,{'error': 'Already Existing Data'}
WNIW6wOBUcvDOXyr,1744418819630,400,Already Existing Data,{'error': 'Already Existing Data'}
WNIW6wOBUcvDOXyr,1744418819630,400,Already Existing Data,{'error': 'Already Existing Data'}
WNIW6wOBUcvDOXyr,1744418819630,400,Already Existing Data,{'error': 'Already Existing Data'}
WNIW6wOBUcvDOXyr,1744418999630,200,Success,"{'message': 'Success', 'quote': 'You must be the change you wish to see in the world.', 'writer': 'Mahatma Gandhi'}"
WNIW6wOBUcvDOXyr,1744418999630,400,Already Existing Data,{'error': 'Already Existing Data'}
WNIW6wOBUcvDOXyr,1744418999630,400,Already Existing Data,{'error': 'Already Existing Data'}
WNIW6wOBUcvDOXyr,1744418999630,400,Already Existing Data,{'error': 'Already Existing Data'}
WNIW6wOBUcvDOXyr,1744418999630,400,Already Existing Data,{'error': 'Already Existing Data'}
WNIW6wOBUcvDOXyr,1744419063630,200,Success,"{'message': 'Success', 'quote': ""Life is what happens when you're busy making other plans."", 'writer': 'John Lennon'}"
WNIW6wOBUcvDOXyr,1744419063630,400,Already Existing Data,{'error': 'Already Existing Data'}
WNIW6wOBUcvDOXyr,1744419063630,400,Already Existing Data,{'error': 'Already Existing Data'}
WNIW6wOBUcvDOXyr,1744419063630,400,Already Existing Data,{'error': 'Already Existing Data'}
WNIW6wOBUcvDOXyr,1744419063630,400,Already Existing Data,{'error': 'Already Existing Data'}
WNIW6wOBUcvDOXyr,1744419151630,200,Success,"{'message': 'Success', 'quote': 'Do what you love and the money will follow.', 'writer': 'Marsha Sinetar'}"
WNIW6wOBUcvDOXyr,1744419151630,400,Already Existing Data,{'error': 'Already Existing Data'}
WNIW6wOBUcvDOXyr,1744419151630,400,Already Existing Data,{'error': 'Already Existing Data'}
WNIW6wOBUcvDOXyr,1744419151630,400,Already Existing Data,{'error': 'Already Existing Data'}
WNIW6wOBUcvDOXyr,1744419151630,400,Already Existing Data,{'error': 'Already Existing Data'}
WNIW6wOBUcvDOXyr,1744419239630,200,Success,"{'message': 'Success', 'quote': 'Success is getting what you want. Happiness is wanting what you get.', 'writer': 'Dale Carnegie'}"
WNIW6wOBUcvDOXyr,1744419239630,400,Already Existing Data,{'error': 'Already Existing Data'}
WNIW6wOBUcvDOXyr,1744419239630,400,Already Existing Data,{'error': 'Already Existing Data'}
WNIW6wOBUcvDOXyr,1744419239630,400,Already Existing Data,{'error': 'Already Existing Data'}
WNIW6wOBUcvDOXyr,1744419239630,400,Already Existing Data,{'error': 'Already Existing Data'}
WNIW6wOBUcvDOXyr,1744419409630,200,Success,"{'message': 'Success', 'quote': 'Don’t count the days, make the days count.', 'writer': 'Muhammad Ali'}"
WNIW6wOBUcvDOXyr,1744419409630,400,Already Existing Data,{'error': 'Already Existing Data'}
WNIW6wOBUcvDOXyr,1744419409630,400,Already Existing Data,{'error': 'Already Existing Data'}
WNIW6wOBUcvDOXyr,1744419409630,400,Already Existing Data,{'error': 'Already Existing Data'}
WNIW6wOBUcvDOXyr,1744419409630,400,Already Existing Data,{'error': 'Already Existing Data'}
WNIW6wOBUcvDOXyr,1744419546630,200,Success,"{'message': 'Success', 'quote': 'What lies behind us and what lies before us are tiny matters compared to what lies within us.', 'writer': 'Ralph Waldo Emerson'}"
WNIW6wOBUcvDOXyr,1744419546630,400,Already Existing Data,{'error': 'Already Existing Data'}
WNIW6wOBUcvDOXyr,1744419546630,400,Already Existing Data,{'error': 'Already Existing Data'}
WNIW6wOBUcvDOXyr,1744419546630,400,Already Existing Data,{'error': 'Already Existing Data'}
WNIW6wOBUcvDOXyr,1744419546630,400,Already Existing Data,{'error': 'Already Existing Data'}
WNIW6wOBUcvDOXyr,1744419612630,200,Success,"{'message': 'Success', 'quote': 'Nothing is impossible, the word itself says ‘I’m possible’!', 'writer': 'Audrey Hepburn'}"
WNIW6wOBUcvDOXyr,1744419612630,400,Already Existing Data,{'error': 'Already Existing Data'}
WNIW6wOBUcvDOXyr,1744419612630,400,Already Existing Data,{'error': 'Already Existing Data'}
WNIW6wOBUcvDOXyr,1744419612630,400,Already Existing Data,{'error': 'Already Existing Data'}
WNIW6wOBUcvDOXyr,1744419612630,400,Already Existing Data,{'error': 'Already Existing Data'}
WNIW6wOBUcvDOXyr,1744419772630,200,Success,"{'message': 'Success', 'quote': 'Success is not how high you have climbed, but how you make a positive difference to the world.', 'writer': 'Roy T. Bennett'}"
WNIW6wOBUcvDOXyr,1744419772630,400,Already Existing Data,{'error': 'Already Existing Data'}
WNIW6wOBUcvDOXyr,1744419772630,400,Already Existing Data,{'error': 'Already Existing Data'}
WNIW6wOBUcvDOXyr,1744419772630,400,Already Existing Data,{'error': 'Already Existing Data'}
WNIW6wOBUcvDOXyr,1744419772630,400,Already Existing Data,{'error': 'Already Existing Data'}
WNIW6wOBUcvDOXyr,1744419869630,200,Success,"{'message': 'Success', 'quote': 'Your time is limited, so don’t waste it living someone else’s life.', 'writer': 'Steve Jobs'}"
WNIW6wOBUcvDOXyr,1744419869630,400,Already Existing Data,{'error': 'Already Existing Data'}
WNIW6wOBUcvDOXyr,1744419869630,400,Already Existing Data,{'error': 'Already Existing Data'}
WNIW6wOBUcvDOXyr,1744419869630,400,Already Existing Data,{'error': 'Already Existing Data'}
WNIW6wOBUcvDOXyr,1744419869630,400,Already Existing Data,{'error': 'Already Existing Data'}
WNIW6wOBUcvDOXyr,1744419963630,200,Success,"{'message': 'Success', 'quote': 'Success is not how high you have climbed, but how you make a positive difference to the world.', 'writer': 'Roy T. Bennett'}"
WNIW6wOBUcvDOXyr,1744419963630,400,Already Existing Data,{'error': 'Already Existing Data'}
WNIW6wOBUcvDOXyr,1744419963630,400,Already Existing Data,{'error': 'Already Existing Data'}
WNIW6wOBUcvDOXyr,1744419963630,400,Already Existing Data,{'error': 'Already Existing Data'}
WNIW6wOBUcvDOXyr,1744419963630,400,Already Existing Data,{'error': 'Already Existing Data'}
WNIW6wOBUcvDOXyr,1744420124630,200,Success,"{'message': 'Success', 'quote': ""If everything seems under control, you're not going fast enough."", 'writer': 'Mario Andretti'}"
WNIW6wOBUcvDOXyr,1744420124630,400,Already Existing Data,{'error': 'Already Existing Data'}
WNIW6wOBUcvDOXyr,1744420124630,400,Already Existing Data,{'error': 'Already Existing Data'}
WNIW6wOBUcvDOXyr,1744420124630,400,Already Existing Data,{'error': 'Already Existing Data'}
WNIW6wOBUcvDOXyr,1744420124630,400,Already Existing Data,{'error': 'Already Existing Data'}
WNIW6wOBUcvDOXyr,1744420300630,200,Success,"{'message': 'Success', 'quote': 'It’s not whether you get knocked down, it’s whether you get up.', 'writer': 'Vince Lombardi'}"
WNIW6wOBUcvDOXyr,1744420300630,400,Already Existing Data,{'error': 'Already Existing Data'}
WNIW6wOBUcvDOXyr,1744420300630,400,Already Existing Data,{'error': 'Already Existing Data'}
WNIW6wOBUcvDOXyr,1744420300630,400,Already Existing Data,{'error': 'Already Existing Data'}
WNIW6wOBUcvDOXyr,1744420300630,400,Already Existing Data,{'error': 'Already Existing Data'}
WNIW6wOBUcvDOXyr,1744420375630,200,Success,"{'message': 'Success', 'quote': 'Be yourself; everyone else is already taken.', 'writer': 'Oscar Wilde'}"
WNIW6wOBUcvDOXyr,1744420375630,400,Already Existing Data,{'error': 'Already Existing Data'}
WNIW6wOBUcvDOXyr,1744420375630,400,Already Existing Data,{'error': 'Already Existing Data'}
WNIW6wOBUcvDOXyr,1744420375630,400,Already Existing Data,{'error': 'Already Existing Data'}
WNIW6wOBUcvDOXyr,1744420375630,400,Already Existing Data,{'error': 'Already Existing Data'}
WNIW6wOBUcvDOXyr,1744420500630,200,Success,"{'message': 'Success', 'quote': 'The way to get started is to quit talking and begin doing.', 'writer': 'Walt Disney'}"
WNIW6wOBUcvDOXyr,1744420500630,400,Already Existing Data,{'error': 'Already Existing Data'}
WNIW6wOBUcvDOXyr,1744420500630,400,Already Existing Data,{'error': 'Already Existing Data'}
WNIW6wOBUcvDOXyr,1744420500630,400,Already Existing Data,{'error': 'Already Existing Data'}
WNIW6wOBUcvDOXyr,1744420500630,400,Already Existing Data,{'error': 'Already Existing Data'}
WNIW6wOBUcvDOXyr,1744420560630,429,Access limit reached,"{'error': 'Access limit reached', 'retry_after': '0 hours 56 minutes'}"
WNIW6wOBUcvDOXyr,1744420560630,429,Access limit reached,"{'error': 'Access limit reached', 'retry_after': '0 hours 56 minutes'}"
WNIW6wOBUcvDOXyr,1744420560630,429,Access limit reached,"{'error': 'Access limit reached', 'retry_after': '0 hours 56 minutes'}"
WNIW6wOBUcvDOXyr,1744420560630,429,Access limit reached,"{'error': 'Access limit reached', 'retry_after': '0 hours 56 minutes'}"
WNIW6wOBUcvDOXyr,1744420560630,429,Access limit reached,"{'error': 'Access limit reached', 'retry_after': '0 hours 56 minutes'}"
WNIW6wOBUcvDOXyr,1744420634630,429,Access limit reached,"{'error': 'Access limit reached', 'retry_after': '0 hours 56 minutes'}"
WNIW6wOBUcvDOXyr,1744420634630,429,Access limit reached,"{'error': 'Access limit reached', 'retry_after': '0 hours 56 minutes'}"
WNIW6wOBUcvDOXyr,1744420634630,429,Access limit reached,"{'error': 'Access limit reached', 'retry_after': '0 hours 56 minutes'}"
WNIW6wOBUcvDOXyr,1744420634630,429,Access limit reached,"{'error': 'Access limit reached', 'retry_after': '0 hours 56 minutes'}"
WNIW6wOBUcvDOXyr,1744420634630,429,Access limit reached,"{'error': 'Access limit reached', 'retry_after': '0 hours 56 minutes'}"
WNIW6wOBUcvDOXyr,1744420745630,429,Access limit reached,"{'error': 'Access limit reached', 'retry_after': '0 hours 56 minutes'}"
WNIW6wOBUcvDOXyr,1744420745630,429,Access limit reached,"{'error': 'Access limit reached', 'retry_after': '0 hours 56 minutes'}"
WNIW6wOBUcvDOXyr,1744420745630,429,Access limit reached,"{'error': 'Access limit reached', 'retry_after': '0 hours 56 minutes'}"
WNIW6wOBUcvDOXyr,1744420745630,429,Access limit reached,"{'error': 'Access limit reached', 'retry_after': '0 hours 56 minutes'}"
WNIW6wOBUcvDOXyr,1744420745630,429,Access limit reached,"{'error': 'Access limit reached', 'retry_after': '0 hours 56 minutes'}"
WNIW6wOBUcvDOXyr,1744420859630,429,Access limit reached,"{'error': 'Access limit reached', 'retry_after': '0 hours 56 minutes'}"
WNIW6wOBUcvDOXyr,1744420859630,429,Access limit reached,"{'error': 'Access limit reached', 'retry_after': '0 hours 56 minutes'}"
WNIW6wOBUcvDOXyr,1744420859630,429,Access limit reached,"{'error': 'Access limit reached', 'retry_after': '0 hours 56 minutes'}"
WNIW6wOBUcvDOXyr,1744420859630,429,Access limit reached,"{'error': 'Access limit reached', 'retry_after': '0 hours 56 minutes'}"
WNIW6wOBUcvDOXyr,1744420859630,429,Access limit reached,"{'error': 'Access limit reached', 'retry_after': '0 hours 56 minutes'}"
WNIW6wOBUcvDOXyr,1744421019630,429,Access limit reached,"{'error': 'Access limit reached', 'retry_after': '0 hours 56 minutes'}"
WNIW6wOBUcvDOXyr,1744421019630,429,Access limit reached,"{'error': 'Access limit reached', 'retry_after': '0 hours 56 minutes'}"
WNIW6wOBUcvDOXyr,1744421019630,429,Access limit reached,"{'error': 'Access limit reached', 'retry_after': '0 hours 56 minutes'}"
WNIW6wOBUcvDOXyr,1744421019630,429,Access limit reached,"{'error': 'Access limit reached', 'retry_after': '0 hours 56 minutes'}"
WNIW6wOBUcvDOXyr,1744421019630,429,Access limit reached,"{'error': 'Access limit reached', 'retry_after': '0 hours 56 minutes'}"
WNIW6wOBUcvDOXyr,1744421146630,429,Access limit reached,"{'error': 'Access limit reached', 'retry_after': '0 hours 56 minutes'}"
WNIW6wOBUcvDOXyr,1744421146630,429,Access limit reached,"{'error': 'Access limit reached', 'retry_after': '0 hours 56 minutes'}"
WNIW6wOBUcvDOXyr,1744421146630,429,Access limit reached,"{'error': 'Access limit reached', 'retry_after': '0 hours 56 minutes'}"
WNIW6wOBUcvDOXyr,1744421146630,429,Access limit reached,"{'error': 'Access limit reached', 'retry_after': '0 hours 56 minutes'}"
WNIW6wOBUcvDOXyr,1744421146630,429,Access limit reached,"{'error': 'Access limit reached', 'retry_after': '0 hours 56 minutes'}"
WNIW6wOBUcvDOXyr,1744421232630,429,Access limit reached,"{'error': 'Access limit reached', 'retry_after': '0 hours 56 minutes'}"
WNIW6wOBUcvDOXyr,1744421232630,429,Access limit reached,"{'error': 'Access limit reached', 'retry_after': '0 hours 56 minutes'}"
WNIW6wOBUcvDOXyr,1744421232630,429,Access limit reached,"{'error': 'Access limit reached', 'retry_after': '0 hours 56 minutes'}"
WNIW6wOBUcvDOXyr,1744421232630,429,Access limit reached,"{'error': 'Access limit reached', 'retry_after': '0 hours 56 minutes'}"
WNIW6wOBUcvDOXyr,1744421232630,429,Access limit reached,"{'error': 'Access limit reached', 'retry_after': '0 hours 56 minutes'}"
WNIW6wOBUcvDOXyr,1744421365630,429,Access limit reached,"{'error': 'Access limit reached', 'retry_after': '0 hours 56 minutes'}"
WNIW6wOBUcvDOXyr,1744421365630,429,Access limit reached,"{'error': 'Access limit reached', 'retry_after': '0 hours 56 minutes'}"
WNIW6wOBUcvDOXyr,1744421365630,429,Access limit reached,"{'error': 'Access limit reached', 'retry_after': '0 hours 56 minutes'}"
WNIW6wOBUcvDOXyr,1744421365630,429,Access limit reached,"{'error': 'Access limit reached', 'retry_after': '0 hours 56 minutes'}"
WNIW6wOBUcvDOXyr,1744421365630,429,Access limit reached,"{'error': 'Access limit reached', 'retry_after': '0 hours 56 minutes'}"
WNIW6wOBUcvDOXyr,1744421542630,429,Access limit reached,"{'error': 'Access limit reached', 'retry_after': '0 hours 56 minutes'}"
WNIW6wOBUcvDOXyr,1744421542630,429,Access limit reached,"{'error': 'Access limit reached', 'retry_after': '0 hours 56 minutes'}"
WNIW6wOBUcvDOXyr,1744421542630,429,Access limit reached,"{'error': 'Access limit reached', 'retry_after': '0 hours 56 minutes'}"
WNIW6wOBUcvDOXyr,1744421542630,429,Access limit reached,"{'error': 'Access limit reached', 'retry_after': '0 hours 56 minutes'}"
WNIW6wOBUcvDOXyr,1744421542630,429,Access limit reached,"{'error': 'Access limit reached', 'retry_after': '0 hours 56 minutes'}"
WNIW6wOBUcvDOXyr,1744421638630,429,Access limit reached,"{'error': 'Access limit reached', 'retry_after': '0 hours 56 minutes'}"
WNIW6wOBUcvDOXyr,1744421638630,429,Access limit reached,"{'error': 'Access limit reached', 'retry_after': '0 hours 56 minutes'}"
WNIW6wOBUcvDOXyr,1744421638630,429,Access limit reached,"{'error': 'Access limit reached', 'retry_after': '0 hours 56 minutes'}"
WNIW6wOBUcvDOXyr,1744421638630,429,Access limit reached,"{'error': 'Access limit reached', 'retry_after': '0 hours 56 minutes'}"
WNIW6wOBUcvDOXyr,1744421638630,429,Access limit reached,"{'error': 'Access limit reached', 'retry_after': '0 hours 56 minutes'}"
WNIW6wOBUcvDOXyr,1744421812630,429,Access limit reached,"{'error': 'Access limit reached', 'retry_after': '0 hours 56 minutes'}"
WNIW6wOBUcvDOXyr,1744421812630,429,Access limit reached,"{'error': 'Access limit reached', 'retry_after': '0 hours 56 minutes'}"
WNIW6wOBUcvDOXyr,1744421812630,429,Access limit reached,"{'error': 'Access limit reached', 'retry_after': '0 hours 56 minutes'}"
WNIW6wOBUcvDOXyr,1744421812630,429,Access limit reached,"{'error': 'Access limit reached', 'retry_after': '0 hours 56 minutes'}"
WNIW6wOBUcvDOXyr,1744421812630,429,Access limit reached,"{'error': 'Access limit reached', 'retry_after': '0 hours 56 minutes'}"
T79q5lQcq2RZ5AJU,1744421886630,200,Success,"{'message': 'Success', 'quote': 'Everything you can imagine is real.', 'writer': 'Pablo Picasso'}"
T79q5lQcq2RZ5AJU,1744421886630,400,Already Existing Data,{'error': 'Already Existing Data'}
T79q5lQcq2RZ5AJU,1744421886630,400,Already Existing Data,{'error': 'Already Existing Data'}
T79q5lQcq2RZ5AJU,1744421886630,400,Already Existing Data,{'error': 'Already Existing Data'}
T79q5lQcq2RZ5AJU,1744421886630,400,Already Existing Data,{'error': 'Already Existing Data'}
T79q5lQcq2RZ5AJU,1744421955630,200,Success,"{'message': 'Success', 'quote': ""Don't watch the clock; do what it does. Keep going."", 'writer': 'Sam Levenson'}"
T79q5lQcq2RZ5AJU,1744421955630,400,Already Existing Data,{'error': 'Already Existing Data'}
T79q5lQcq2RZ5AJU,1744421955630,400,Already Existing Data,{'error': 'Already Existing Data'}
T79q5lQcq2RZ5AJU,1744421955630,400,Already Existing Data,{'error': 'Already Existing Data'}
T79q5lQcq2RZ5AJU,1744421955630,400,Already Existing Data,{'error': 'Already Existing Data'}
T79q5lQcq2RZ5AJU,1744422027630,200,Success,"{'message': 'Success', 'quote': 'It is never too late to be what you might have been.', 'writer': 'George Eliot'}"
T79q5lQcq2RZ5AJU,1744422027630,400,Already Existing Data,{'error': 'Already Existing Data'}
T79q5lQcq2RZ5AJU,1744422027630,400,Already Existing Data,{'error': 'Already Existing Data'}
T79q5lQcq2RZ5AJU,1744422027630,400,Already Existing Data,{'error': 'Already Existing Data'}
T79q5lQcq2RZ5AJU,1744422027630,400,Already Existing Data,{'error': 'Already Existing Data'}
T79q5lQcq2RZ5AJU,1744422140630,200,Success,"{'message': 'Success', 'quote': 'Be yourself; everyone else is already taken.', 'writer': 'Oscar Wilde'}"
T79q5lQcq2RZ5AJU,1744422140630,400,Already Existing Data,{'error': 'Already Existing Data'}
T79q5lQcq2RZ5AJU,1744422140630,400,Already Existing Data,{'error': 'Already Existing Data'}
T79q5lQcq2RZ5AJU,1744422140630,400,Already Existing Data,{'error': 'Already Existing Data'}
T79q5lQcq2RZ5AJU,1744422140630,400,Already Existing Data,{'error': 'Already Existing Data'}
T79q5lQcq2RZ5AJU,1744422288630,200,Success,"{'message': 'Success', 'quote': 'Nothing is impossible, the word itself says ‘I’m possible’!', 'writer': 'Audrey Hepburn'}"
T79q5lQcq2RZ5AJU,1744422288630,400,Already Existing Data,{'error': 'Already Existing Data'}
T79q5lQcq2RZ5AJU,1744422288630,400,Already Existing Data,{'error': 'Already Existing Data'}
T79q5lQcq2RZ5AJU,1744422288630,400,Already Existing Data,{'error': 'Already Existing Data'}
T79q5lQcq2RZ5AJU,1744422288630,400,Already Existing Data,{'error': 'Already Existing Data'}
T79q5lQcq2RZ5AJU,1744422354630,429,Access limit reached,"{'error': 'Access limit reached', 'retry_after': '0 hours 11 minutes'}"
T79q5lQcq2RZ5AJU,1744422354630,429,Access limit reached,"{'error': 'Access limit reached', 'retry_after': '0 hours 11 minutes'}"
T79q5lQcq2RZ5AJU,1744422354630,429,Access limit reached,"{'error': 'Access limit reached', 'retry_after': '0 hours 11 minutes'}"
T79q5lQcq2RZ5AJU,1744422354630,429,Access limit reached,"{'error': 'Access limit reached', 'retry_after': '0 hours 11 minutes'}"
T79q5lQcq2RZ5AJU,1744422354630,429,Access limit reached,"{'error': 'Access limit reached', 'retry_after': '0 hours 11 minutes'}"
T79q5lQcq2RZ5AJU,1744422516630,429,Access limit reached,"{'error': 'Access limit reached', 'retry_after': '0 hours 11 minutes'}"
T79q5lQcq2RZ5AJU,1744422516630,429,Access limit reached,"{'error': 'Access limit reached', 'retry_after': '0 hours 11 minutes'}"
T79q5lQcq2RZ5AJU,1744422516630,429,Access limit reached,"{'error': 'Access limit reached', 'retry_after': '0 hours 11 minutes'}"
T79q5lQcq2RZ5AJU,1744422516630,429,Access limit reached,"{'error': 'Access limit reached', 'retry_after': '0 hours 11 minutes'}"
T79q5lQcq2RZ5AJU,1744422516630,429,Access limit reached,"{'error': 'Access limit reached', 'retry_after': '0 hours 11 minutes'}"
T79q5lQcq2RZ5AJU,1744422690630,429,Access limit reached,"{'error': 'Access limit reached', 'retry_after': '0 hours 11 minutes'}"
T79q5lQcq2RZ5AJU,1744422690630,429,Access limit reached,"{'error': 'Access limit reached', 'retry_after': '0 hours 11 minutes'}"
T79q5lQcq2RZ5AJU,1744422690630,429,Access limit reached,"{'error': 'Access limit reached', 'retry_after': '0 hours 11 minutes'}"
T79q5lQcq2RZ5AJU,1744422690630,429,Access limit reached,"{'error': 'Access limit reached', 'retry_after': '0 hours 11 minutes'}"
T79q5lQcq2RZ5AJU,1744422690630,429,Access limit reached,"{'error': 'Access limit reached', 'retry_after': '0 hours 11 minutes'}"
T79q5lQcq2RZ5AJU,1744422788630,429,Access limit reached,"{'error': 'Access limit reached', 'retry_after': '0 hours 11 minutes'}"
T79q5lQcq2RZ5AJU,1744422788630,429,Access limit reached,"{'error': 'Access limit reached', 'retry_after': '0 hours 11 minutes'}"
T79q5lQcq2RZ5AJU,1744422788630,429,Access limit reached,"{'error': 'Access limit reached', 'retry_after': '0 hours 11 minutes'}"
T79q5lQcq2RZ5AJU,1744422788630,429,Access limit reached,"{'error': 'Access limit reached', 'retry_after': '0 hours 11 minutes'}"
T79q5lQcq2RZ5AJU,1744422788630,429,Access limit reached,"{'error': 'Access limit reached', 'retry_after': '0 hours 11 minutes'}"
T79q5lQcq2RZ5AJU,1744422875630,429,Access limit reached,"{'error': 'Access limit reached', 'retry_after': '0 hours 11 minutes'}"
T79q5lQcq2RZ5AJU,1744422875630,429,Access limit reached,"{'error': 'Access limit reached', 'retry_after': '0 hours 11 minutes'}"
T79q5lQcq2RZ5AJU,1744422875630,429,Access limit reached,"{'error': 'Access limit reached', 'retry_after': '0 hours 11 minutes'}"
T79q5lQcq2RZ5AJU,1744422875630,429,Access limit reached,"{'error': 'Access limit reached', 'retry_after': '0 hours 11 minutes'}"
T79q5lQcq2RZ5AJU,1744422875630,429,Access limit reached,"{'error': 'Access limit reached', 'retry_after': '0 hours 11 minutes'}"
T79q5lQcq2RZ5AJU,1744423053630,429,Access limit reached,"{'error': 'Access limit reached', 'retry_after': '0 hours 11 minutes'}"
T79q5lQcq2RZ5AJU,1744423053630,429,Access limit reached,"{'error': 'Access limit reached', 'retry_after': '0 hours 11 minutes'}"
T79q5lQcq2RZ5AJU,1744423053630,429,Access limit reached,"{'error': 'Access limit reached', 'retry_after': '0 hours 11 minutes'}"
T79q5lQcq2RZ5AJU,1744423053630,429,Access limit reached,"{'error': 'Access limit reached', 'retry_after': '0 hours 11 minutes'}"
T79q5lQcq2RZ5AJU,1744423053630,429,Access limit reached,"{'error': 'Access limit reached', 'retry_after': '0 hours 11 minutes'}"
T79q5lQcq2RZ5AJU,1744423163630,429,Access limit reached,"{'error': 'Access limit reached', 'retry_after': '0 hours 11 minutes'}"
T79q5lQcq2RZ5AJU,1744423163630,429,Access limit reached,"{'error': 'Access limit reached', 'retry_after': '0 hours 11 minutes'}"
T79q5lQcq2RZ5AJU,1744423163630,429,Access limit reached,"{'error': 'Access limit reached', 'retry_after': '0 hours 11 minutes'}"
T79q5lQcq2RZ5AJU,1744423163630,429,Access limit reached,"{'error': 'Access limit reached', 'retry_after': '0 hours 11 minutes'}"
T79q5lQcq2RZ5AJU,1744423163630,429,Access limit reached,"{'error': 'Access limit reached', 'retry_after': '0 hours 11 minutes'}"
T79q5lQcq2RZ5AJU,1744423251630,429,Access limit reached,"{'error': 'Access limit reached', 'retry_after': '0 hours 11 minutes'}"
T79q5lQcq2RZ5AJU,1744423251630,429,Access limit reached,"{'error': 'Access limit reached', 'retry_after': '0 hours 11 minutes'}"
T79q5lQcq2RZ5AJU,1744423251630,429,Access limit reached,"{'error': 'Access limit reached', 'retry_after': '0 hours 11 minutes'}"
T79q5lQcq2RZ5AJU,1744423251630,429,Access limit reached,"{'error': 'Access limit reached', 'retry_after': '0 hours 11 minutes'}"
T79q5lQcq2RZ5AJU,1744423251630,429,Access limit reached,"{'error': 'Access limit reached', 'retry_after': '0 hours 11 minutes'}"
T79q5lQcq2RZ5AJU,1744423571630,429,Access limit reached,"{'error': 'Access limit reached', 'retry_after': '0 hours 11 minutes'}"
T79q5lQcq2RZ5AJU,1744423571630,429,Access limit reached,"{'error': 'Access limit reached', 'retry_after': '0 hours 11 minutes'}"
T79q5lQcq2RZ5AJU,1744423571630,429,Access limit reached,"{'error': 'Access limit reached', 'retry_after': '0 hours 11 minutes'}"
T79q5lQcq2RZ5AJU,1744423571630,429,Access limit reached,"{'error': 'Access limit reached', 'retry_after': '0 hours 11 minutes'}"
T79q5lQcq2RZ5AJU,1744423571630,429,Access limit reached,"{'error': 'Access limit reached', 'retry_after': '0 hours 11 minutes'}"
T79q5lQcq2RZ5AJU,1744423827630,429,Access limit reached,"{'error': 'Access limit reached', 'retry_after': '0 hours 11 minutes'}"
T79q5lQcq2RZ5AJU,1744423827630,429,Access limit reached,"{'error': 'Access limit reached', 'retry_after': '0 hours 11 minutes'}"
T79q5lQcq2RZ5AJU,1744423827630,429,Access limit reached,"{'error': 'Access limit reached', 'retry_after': '0 hours 11 minutes'}"
T79q5lQcq2RZ5AJU,1744423827630,429,Access limit reached,"{'error': 'Access limit reached', 'retry_after': '0 hours 11 minutes'}"
T79q5lQcq2RZ5AJU,1744423827630,429,Access limit reached,"{'error': 'Access limit reached', 'retry_after': '0 hours 11 minutes'}"
T79q5lQcq2RZ5AJU,1744424225630,429,Access limit reached,"{'error': 'Access limit reached', 'retry_after': '0 hours 11 minutes'}"
T79q5lQcq2RZ5AJU,1744424225630,429,Access limit reached,"{'error': 'Access limit reached', 'retry_after': '0 hours 11 minutes'}"
T79q5lQcq2RZ5AJU,1744424225630,429,Access limit reached,"{'error': 'Access limit reached', 'retry_after': '0 hours 11 minutes'}"
T79q5lQcq2RZ5AJU,1744424225630,429,Access limit reached,"{'error': 'Access limit reached', 'retry_after': '0 hours 11 minutes'}"
T79q5lQcq2RZ5AJU,1744424225630,429,Access limit reached,"{'error': 'Access limit reached', 'retry_after': '0 hours 11 minutes'}"
T79q5lQcq2RZ5AJU,1744424569630,429,Access limit reached,"{'error': 'Access limit reached', 'retry_after': '0 hours 11 minutes'}"
T79q5lQcq2RZ5AJU,1744424569630,429,Access limit reached,"{'error': 'Access limit reached', 'retry_after': '0 hours 11 minutes'}"
T79q5lQcq2RZ5AJU,1744424569630,429,Access limit reached,"{'error': 'Access limit reached', 'retry_after': '0 hours 11 minutes'}"
T79q5lQcq2RZ5AJU,1744424569630,429,Access limit reached,"{'error': 'Access limit reached', 'retry_after': '0 hours 11 minutes'}"
T79q5lQcq2RZ5AJU,1744424569630,429,Access limit reached,"{'error': 'Access limit reached', 'retry_after': '0 hours 11 minutes'}"
T79q5lQcq2RZ5AJU,1744424805630,429,Access limit reached,"{'error': 'Access limit reached', 'retry_after': '0 hours 11 minutes'}"
T79q5lQcq2RZ5AJU,1744424805630,429,Access limit reached,"{'error': 'Access limit reached', 'retry_after': '0 hours 11 minutes'}"
T79q5lQcq2RZ5AJU,1744424805630,429,Access limit reached,"{'error': 'Access limit reached', 'retry_after': '0 hours 11 minutes'}"
T79q5lQcq2RZ5AJU,1744424805630,429,Access limit reached,"{'error': 'Access limit reached', 'retry_after': '0 hours 11 minutes'}"
T79q5lQcq2RZ5AJU,1744424805630,429,Access limit reached,"{'error': 'Access limit reached', 'retry_after': '0 hours 11 minutes'}"
T79q5lQcq2RZ5AJU,1744425149630,429,Access limit reached,"{'error': 'Access limit reached', 'retry_after': '0 hours 11 minutes'}"
T79q5lQcq2RZ5AJU,1744425149630,429,Access limit reached,"{'error': 'Access limit reached', 'retry_after': '0 hours 11 minutes'}"
T79q5lQcq2RZ5AJU,1744425149630,429,Access limit reached,"{'error': 'Access limit reached', 'retry_after': '0 hours 11 minutes'}"
T79q5lQcq2RZ5AJU,1744425149630,429,Access limit reached,"{'error': 'Access limit reached', 'retry_after': '0 hours 11 minutes'}"
T79q5lQcq2RZ5AJU,1744425149630,429,Access limit reached,"{'error': 'Access limit reached', 'retry_after': '0 hours 11 minutes'}"
T79q5lQcq2RZ5AJU,1744425399630,429,Access limit reached,"{'error': 'Access limit reached', 'retry_after': '0 hours 11 minutes'}"
T79q5lQcq2RZ5AJU,1744425399630,429,Access limit reached,"{'error': 'Access limit reached', 'retry_after': '0 hours 11 minutes'}"
T79q5lQcq2RZ5AJU,1744425399630,429,Access limit reached,"{'error': 'Access limit reached', 'retry_after': '0 hours 11 minutes'}"
T79q5lQcq2RZ5AJU,1744425399630,429,Access limit reached,"{'error': 'Access limit reached', 'retry_after': '0 hours 11 minutes'}"
T79q5lQcq2RZ5AJU,1744425399630,429,Access limit reached,"{'error': 'Access limit reached', 'retry_after': '0 hours 11 minutes'}"
T79q5lQcq2RZ5AJU,1744425613630,429,Access limit reached,"{'error': 'Access limit reached', 'retry_after': '0 hours 11 minutes'}"
T79q5lQcq2RZ5AJU,1744425613630,429,Access limit reached,"{'error': 'Access limit reached', 'retry_after': '0 hours 11 minutes'}"
T79q5lQcq2RZ5AJU,1744425613630,429,Access limit reached,"{'error': 'Access limit reached', 'retry_after': '0 hours 11 minutes'}"
T79q5lQcq2RZ5AJU,1744425613630,429,Access limit reached,"{'error': 'Access limit reached', 'retry_after': '0 hours 11 minutes'}"
T79q5lQcq2RZ5AJU,1744425613630,429,Access limit reached,"{'error': 'Access limit reached', 'retry_after': '0 hours 11 minutes'}"
T79q5lQcq2RZ5AJU,1744426013630,429,Access limit reached,"{'error': 'Access limit reached', 'retry_after': '0 hours 11 minutes'}"
T79q5lQcq2RZ5AJU,1744426013630,429,Access limit reached,"{'error': 'Access limit reached', 'retry_after': '0 hours 11 minutes'}"
T79q5lQcq2RZ5AJU,1744426013630,429,Access limit reached,"{'error': 'Access limit reached', 'retry_after': '0 hours 11 minutes'}"
T79q5lQcq2RZ5AJU,1744426013630,429,Access limit reached,"{'error': 'Access limit reached', 'retry_after': '0 hours 11 minutes'}"
T79q5lQcq2RZ5AJU,1744426013630,429,Access limit reached,"{'error': 'Access limit reached', 'retry_after': '0 hours 11 minutes'}"
T79q5lQcq2RZ5AJU,1744426320630,429,Access limit reached,"{'error': 'Access limit reached', 'retry_after': '0 hours 11 minutes'}"
T79q5lQcq2RZ5AJU,1744426320630,429,Access limit reached,"{'error': 'Access limit reached', 'retry_after': '0 hours 11 minutes'}"
T79q5lQcq2RZ5AJU,1744426320630,429,Access limit reached,"{'error': 'Access limit reached', 'retry_after': '0 hours 11 minutes'}"
T79q5lQcq2RZ5AJU,1744426320630,429,Access limit reached,"{'error': 'Access limit reached', 'retry_after': '0 hours 11 minutes'}"
T79q5lQcq2RZ5AJU,1744426320630,429,Access limit reached,"{'error': 'Access limit reached', 'retry_after': '0 hours 11 minutes'}"
T79q5lQcq2RZ5AJU,1744426574630,429,Access limit reached,"{'error': 'Access limit reached', 'retry_after': '0 hours 11 minutes'}"
T79q5lQcq2RZ5AJU,1744426574630,429,Access limit reached,"{'error': 'Access limit reached', 'retry_after': '0 hours 11 minutes'}"
T79q5lQcq2RZ5AJU,1744426574630,429,Access limit reached,"{'error': 'Access limit reached', 'retry_after': '0 hours 11 minutes'}"
T79q5lQcq2RZ5AJU,1744426574630,429,Access limit reached,"{'error': 'Access limit reached', 'retry_after': '0 hours 11 minutes'}"
T79q5lQcq2RZ5AJU,1744426574630,429,Access limit reached,"{'error': 'Access limit reached', 'retry_after': '0 hours 11 minutes'}"
T79q5lQcq2RZ5AJU,1744426948630,429,Access limit reached,"{'error': 'Access limit reached', 'retry_after': '0 hours 11 minutes'}"
T79q5lQcq2RZ5AJU,1744426948630,429,Access limit reached,"{'error': 'Access limit reached', 'retry_after': '0 hours 11 minutes'}"
T79q5lQcq2RZ5AJU,1744426948630,429,Access limit reached,"{'error': 'Access limit reached', 'retry_after': '0 hours 11 minutes'}"
T79q5lQcq2RZ5AJU,1744426948630,429,Access limit reached,"{'error': 'Access limit reached', 'retry_after': '0 hours 11 minutes'}"
T79q5lQcq2RZ5AJU,1744426948630,429,Access limit reached,"{'error': 'Access limit reached', 'retry_after': '0 hours 11 minutes'}"
T79q5lQcq2RZ5AJU,1744427287630,429,Access limit reached,"{'error': 'Access limit reached', 'retry_after': '0 hours 11 minutes'}"
T79q5lQcq2RZ5AJU,1744427287630,429,Access limit reached,"{'error': 'Access limit reached', 'retry_after': '0 hours 11 minutes'}"
T79q5lQcq2RZ5AJU,1744427287630,429,Access limit reached,"{'error': 'Access limit reached', 'retry_after': '0 hours 11 minutes'}"
T79q5lQcq2RZ5AJU,1744427287630,429,Access limit reached,"{'error': 'Access limit reached', 'retry_after': '0 hours 11 minutes'}"
T79q5lQcq2RZ5AJU,1744427287630,429,Access limit reached,"{'error': 'Access limit reached', 'retry_after': '0 hours 11 minutes'}"
T79q5lQcq2RZ5AJU,1744427611630,429,Access limit reached,"{'error': 'Access limit reached', 'retry_after': '0 hours 11 minutes'}"
T79q5lQcq2RZ5AJU,1744427611630,429,Access limit reached,"{'error': 'Access limit reached', 'retry_after': '0 hours 11 minutes'}"
T79q5lQcq2RZ5AJU,1744427611630,429,Access limit reached,"{'error': 'Access limit reached', 'retry_after': '0 hours 11 minutes'}"
T79q5lQcq2RZ5AJU,1744427611630,429,Access limit reached,"{'error': 'Access limit reached', 'retry_after': '0 hours 11 minutes'}"
T79q5lQcq2RZ5AJU,1744427611630,429,Access limit reached,"{'error': 'Access limit reached', 'retry_after': '0 hours 11 minutes'}"
T79q5lQcq2RZ5AJU,1744427874630,429,Access limit reached,"{'error': 'Access limit reached', 'retry_after': '0 hours 11 minutes'}"
T79q5lQcq2RZ5AJU,1744427874630,429,Access limit reached,"{'error': 'Access limit reached', 'retry_after': '0 hours 11 minutes'}"
T79q5lQcq2RZ5AJU,1744427874630,429,Access limit reached,"{'error': 'Access limit reached', 'retry_after': '0 hours 11 minutes'}"
T79q5lQcq2RZ5AJU,1744427874630,429,Access limit reached,"{'error': 'Access limit reached', 'retry_after': '0 hours 11 minutes'}"
T79q5lQcq2RZ5AJU,1744427874630,429,Access limit reached,"{'error': 'Access limit reached', 'retry_after': '0 hours 11 minutes'}"
T79q5lQcq2RZ5AJU,1744428225630,429,Access limit reached,"{'error': 'Access limit reached', 'retry_after': '0 hours 11 minutes'}"
T79q5lQcq2RZ5AJU,1744428225630,429,Access limit reached,"{'error': 'Access limit reached', 'retry_after': '0 hours 11 minutes'}"
T79q5lQcq2RZ5AJU,1744428225630,429,Access limit reached,"{'error': 'Access limit reached', 'retry_after': '0 hours 11 minutes'}"
T79q5lQcq2RZ5AJU,1744428225630,429,Access limit reached,"{'error': 'Access limit reached', 'retry_after': '0 hours 11 minutes'}"
T79q5lQcq2RZ5AJU,1744428225630,429,Access limit reached,"{'error': 'Access limit reached', 'retry_after': '0 hours 11 minutes'}"
T79q5lQcq2RZ5AJU,1744428506630,429,Access limit reached,"{'error': 'Access limit reached', 'retry_after': '0 hours 11 minutes'}"
T79q5lQcq2RZ5AJU,1744428506630,429,Access limit reached,"{'error': 'Access limit reached', 'retry_after': '0 hours 11 minutes'}"
T79q5lQcq2RZ5AJU,1744428506630,429,Access limit reached,"{'error': 'Access limit reached', 'retry_after': '0 hours 11 minutes'}"
T79q5lQcq2RZ5AJU,1744428506630,429,Access limit reached,"{'error': 'Access limit reached', 'retry_after': '0 hours 11 minutes'}"
T79q5lQcq2RZ5AJU,1744428506630,429,Access limit reached,"{'error': 'Access limit reached', 'retry_after': '0 hours 11 minutes'}"
T79q5lQcq2RZ5AJU,1744428883630,429,Access limit reached,"{'error': 'Access limit reached', 'retry_after': '0 hours 11 minutes'}"
T79q5lQcq2RZ5AJU,1744428883630,429,Access limit reached,"{'error': 'Access limit reached', 'retry_after': '0 hours 11 minutes'}"
T79q5lQcq2RZ5AJU,1744428883630,429,Access limit reached,"{'error': 'Access limit reached', 'retry_after': '0 hours 11 minutes'}"
T79q5lQcq2RZ5AJU,1744428883630,429,Access limit reached,"{'error': 'Access limit reached', 'retry_after': '0 hours 11 minutes'}"
T79q5lQcq2RZ5AJU,1744428883630,429,Access limit reached,"{'error': 'Access limit reached', 'retry_after': '0 hours 11 minutes'}"
T79q5lQcq2RZ5AJU,1744429264630,429,Access limit reached,"{'error': 'Access limit reached', 'retry_after': '0 hours 11 minutes'}"
T79q5lQcq2RZ5AJU,1744429264630,429,Access limit reached,"{'error': 'Access limit reached', 'retry_after': '0 hours 11 minutes'}"
T79q5lQcq2RZ5AJU,1744429264630,429,Access limit reached,"{'error': 'Access limit reached', 'retry_after': '0 hours 11 minutes'}"
T79q5lQcq2RZ5AJU,1744429264630,429,Access limit reached,"{'error': 'Access limit reached', 'retry_after': '0 hours 11 minutes'}"
T79q5lQcq2RZ5AJU,1744429264630,429,Access limit reached,"{'error': 'Access limit reached', 'retry_after': '0 hours 11 minutes'}"
T79q5lQcq2RZ5AJU,1744429548630,429,Access limit reached,"{'error': 'Access limit reached', 'retry_after': '0 hours 11 minutes'}"
T79q5lQcq2RZ5AJU,1744429548630,429,Access limit reached,"{'error': 'Access limit reached', 'retry_after': '0 hours 11 minutes'}"
T79q5lQcq2RZ5AJU,1744429548630,429,Access limit reached,"{'error': 'Access limit reached', 'retry_after': '0 hours 11 minutes'}"
T79q5lQcq2RZ5AJU,1744429548630,429,Access limit reached,"{'error': 'Access limit reached', 'retry_after': '0 hours 11 minutes'}"
T79q5lQcq2RZ5AJU,1744429548630,429,Access limit reached,"{'error': 'Access limit reached', 'retry_after': '0 hours 11 minutes'}"
T79q5lQcq2RZ5AJU,1744429916630,429,Access limit reached,"{'error': 'Access limit reached', 'retry_after': '0 hours 11 minutes'}"
T79q5lQcq2RZ5AJU,1744429916630,429,Access limit reached,"{'error': 'Access limit reached', 'retry_after': '0 hours 11 minutes'}"
T79q5lQcq2RZ5AJU,1744429916630,429,Access limit reached,"{'error': 'Access limit reached', 'retry_after': '0 hours 11 minutes'}"
T79q5lQcq2RZ5AJU,1744429916630,429,Access limit reached,"{'error': 'Access limit reached', 'retry_after': '0 hours 11 minutes'}"
T79q5lQcq2RZ5AJU,1744429916630,429,Access limit reached,"{'error': 'Access limit reached', 'retry_after': '0 hours 11 minutes'}"
T79q5lQcq2RZ5AJU,1744430182630,429,Access limit reached,"{'error': 'Access limit reached', 'retry_after': '0 hours 11 minutes'}"
T79q5lQcq2RZ5AJU,1744430182630,429,Access limit reached,"{'error': 'Access limit reached', 'retry_after': '0 hours 11 minutes'}"
T79q5lQcq2RZ5AJU,1744430182630,429,Access limit reached,"{'error': 'Access limit reached', 'retry_after': '0 hours 11 minutes'}"
T79q5lQcq2RZ5AJU,1744430182630,429,Access limit reached,"{'error': 'Access limit reached', 'retry_after': '0 hours 11 minutes'}"
T79q5lQcq2RZ5AJU,1744430182630,429,Access limit reached,"{'error': 'Access limit reached', 'retry_after': '0 hours 11 minutes'}"
T79q5lQcq2RZ5AJU,1744430391630,429,Access limit reached,"{'error': 'Access limit reached', 'retry_after': '0 hours 11 minutes'}"
T79q5lQcq2RZ5AJU,1744430391630,429,Access limit reached,"{'error': 'Access limit reached', 'retry_after': '0 hours 11 minutes'}"
T79q5lQcq2RZ5AJU,1744430391630,429,Access limit reached,"{'error': 'Access limit reached', 'retry_after': '0 hours 11 minutes'}"
T79q5lQcq2RZ5AJU,1744430391630,429,Access limit reached,"{'error': 'Access limit reached', 'retry_after': '0 hours 11 minutes'}"
T79q5lQcq2RZ5AJU,1744430391630,429,Access limit reached,"{'error': 'Access limit reached', 'retry_after': '0 hours 11 minutes'}"
T79q5lQcq2RZ5AJU,1744430651630,429,Access limit reached,"{'error': 'Access limit reached', 'retry_after': '0 hours 11 minutes'}"
T79q5lQcq2RZ5AJU,1744430651630,429,Access limit reached,"{'error': 'Access limit reached', 'retry_after': '0 hours 11 minutes'}"
T79q5lQcq2RZ5AJU,1744430651630,429,Access limit reached,"{'error': 'Access limit reached', 'retry_after': '0 hours 11 minutes'}"
T79q5lQcq2RZ5AJU,1744430651630,429,Access limit reached,"{'error': 'Access limit reached', 'retry_after': '0 hours 11 minutes'}"
T79q5lQcq2RZ5AJU,1744430651630,429,Access limit reached,"{'error': 'Access limit reached', 'retry_after': '0 hours 11 minutes'}"
T79q5lQcq2RZ5AJU,1744430938630,429,Access limit reached,"{'error': 'Access limit reached', 'retry_after': '0 hours 11 minutes'}"
T79q5lQcq2RZ5AJU,1744430938630,429,Access limit reached,"{'error': 'Access limit reached', 'retry_after': '0 hours 11 minutes'}"
T79q5lQcq2RZ5AJU,1744430938630,429,Access limit reached,"{'error': 'Access limit reached', 'retry_after': '0 hours 11 minutes'}"
T79q5lQcq2RZ5AJU,1744430938630,429,Access limit reached,"{'error': 'Access limit reached', 'retry_after': '0 hours 11 minutes'}"
T79q5lQcq2RZ5AJU,1744430938630,429,Access limit reached,"{'error': 'Access limit reached', 'retry_after': '0 hours 11 minutes'}"
T79q5lQcq2RZ5AJU,1744431282630,429,Access limit reached,"{'error': 'Access limit reached', 'retry_after': '0 hours 11 minutes'}"
T79q5lQcq2RZ5AJU,1744431282630,429,Access limit reached,"{'error': 'Access limit reached', 'retry_after': '0 hours 11 minutes'}"
T79q5lQcq2RZ5AJU,1744431282630,429,Access limit reached,"{'error': 'Access limit reached', 'retry_after': '0 hours 11 minutes'}"
T79q5lQcq2RZ5AJU,1744431282630,429,Access limit reached,"{'error': 'Access limit reached', 'retry_after': '0 hours 11 minutes'}"
T79q5lQcq2RZ5AJU,1744431282630,429,Access limit reached,"{'error': 'Access limit reached', 'retry_after': '0 hours 11 minutes'}"
T79q5lQcq2RZ5AJU,1744431529630,429,Access limit reached,"{'error': 'Access limit reached', 'retry_after': '0 hours 11 minutes'}"
T79q5lQcq2RZ5AJU,1744431529630,429,Access limit reached,"{'error': 'Access limit reached', 'retry_after': '0 hours 11 minutes'}"
T79q5lQcq2RZ5AJU,1744431529630,429,Access limit reached,"{'error': 'Access limit reached', 'retry_after': '0 hours 11 minutes'}"
T79q5lQcq2RZ5AJU,1744431529630,429,Access limit reached,"{'error': 'Access limit reached', 'retry_after': '0 hours 11 minutes'}"
T79q5lQcq2RZ5AJU,1744431529630,429,Access limit reached,"{'error': 'Access limit reached', 'retry_after': '0 hours 11 minutes'}"
T79q5lQcq2RZ5AJU,1744431799630,429,Access limit reached,"{'error': 'Access limit reached', 'retry_after': '0 hours 11 minutes'}"
T79q5lQcq2RZ5AJU,1744431799630,429,Access limit reached,"{'error': 'Access limit reached', 'retry_after': '0 hours 11 minutes'}"
T79q5lQcq2RZ5AJU,1744431799630,429,Access limit reached,"{'error': 'Access limit reached', 'retry_after': '0 hours 11 minutes'}"
T79q5lQcq2RZ5AJU,1744431799630,429,Access limit reached,"{'error': 'Access limit reached', 'retry_after': '0 hours 11 minutes'}"
T79q5lQcq2RZ5AJU,1744431799630,429,Access limit reached,"{'error': 'Access limit reached', 'retry_after': '0 hours 11 minutes'}"
T79q5lQcq2RZ5AJU,1744432053630,429,Access limit reached,"{'error': 'Access limit reached', 'retry_after': '0 hours 11 minutes'}"
T79q5lQcq2RZ5AJU,1744432053630,429,Access limit reached,"{'error': 'Access limit reached', 'retry_after': '0 hours 11 minutes'}"
T79q5lQcq2RZ5AJU,1744432053630,429,Access limit reached,"{'error': 'Access limit reached', 'retry_after': '0 hours 11 minutes'}"
T79q5lQcq2RZ5AJU,1744432053630,429,Access limit reached,"{'error': 'Access limit reached', 'retry_after': '0 hours 11 minutes'}"
T79q5lQcq2RZ5AJU,1744432053630,429,Access limit reached,"{'error': 'Access limit reached', 'retry_after': '0 hours 11 minutes'}"
T79q5lQcq2RZ5AJU,1744432327630,429,Access limit reached,"{'error': 'Access limit reached', 'retry_after': '0 hours 11 minutes'}"
T79q5lQcq2RZ5AJU,1744432327630,429,Access limit reached,"{'error': 'Access limit reached', 'retry_after': '0 hours 11 minutes'}"
T79q5lQcq2RZ5AJU,1744432327630,429,Access limit reached,"{'error': 'Access limit reached', 'retry_after': '0 hours 11 minutes'}"
T79q5lQcq2RZ5AJU,1744432327630,429,Access limit reached,"{'error': 'Access limit reached', 'retry_after': '0 hours 11 minutes'}"
T79q5lQcq2RZ5AJU,1744432327630,429,Access limit reached,"{'error': 'Access limit reached', 'retry_after': '0 hours 11 minutes'}"
T79q5lQcq2RZ5AJU,1744432687630,429,Access limit reached,"{'error': 'Access limit reached', 'retry_after': '0 hours 11 minutes'}"
T79q5lQcq2RZ5AJU,1744432687630,429,Access limit reached,"{'error': 'Access limit reached', 'retry_after': '0 hours 11 minutes'}"
T79q5lQcq2RZ5AJU,1744432687630,429,Access limit reached,"{'error': 'Access limit reached', 'retry_after': '0 hours 11 minutes'}"
T79q5lQcq2RZ5AJU,1744432687630,429,Access limit reached,"{'error': 'Access limit reached', 'retry_after': '0 hours 11 minutes'}"
T79q5lQcq2RZ5AJU,1744432687630,429,Access limit reached,"{'error': 'Access limit reached', 'retry_after': '0 hours 11 minutes'}"
T79q5lQcq2RZ5AJU,1744433082630,429,Access limit reached,"{'error': 'Access limit reached', 'retry_after': '0 hours 11 minutes'}"
T79q5lQcq2RZ5AJU,1744433082630,429,Access limit reached,"{'error': 'Access limit reached', 'retry_after': '0 hours 11 minutes'}"
T79q5lQcq2RZ5AJU,1744433082630,429,Access limit reached,"{'error': 'Access limit reached', 'retry_after': '0 hours 11 minutes'}"
T79q5lQcq2RZ5AJU,1744433082630,429,Access limit reached,"{'error': 'Access limit reached', 'retry_after': '0 hours 11 minutes'}"
T79q5lQcq2RZ5AJU,1744433082630,429,Access limit reached,"{'error': 'Access limit reached', 'retry_after': '0 hours 11 minutes'}"
T79q5lQcq2RZ5AJU,1744433467630,429,Access limit reached,"{'error': 'Access limit reached', 'retry_after': '0 hours 11 minutes'}"
T79q5lQcq2RZ5AJU,1744433467630,429,Access limit reached,"{'error': 'Access limit reached', 'retry_after': '0 hours 11 minutes'}"
T79q5lQcq2RZ5AJU,1744433467630,429,Access limit reached,"{'error': 'Access limit reached', 'retry_after': '0 hours 11 minutes'}"
T79q5lQcq2RZ5AJU,1744433467630,429,Access limit reached,"{'error': 'Access limit reached', 'retry_after': '0 hours 11 minutes'}"
T79q5lQcq2RZ5AJU,1744433467630,429,Access limit reached,"{'error': 'Access limit reached', 'retry_after': '0 hours 11 minutes'}"
T79q5lQcq2RZ5AJU,1744433828630,429,Access limit reached,"{'error': 'Access limit reached', 'retry_after': '0 hours 11 minutes'}"
T79q5lQcq2RZ5AJU,1744433828630,429,Access limit reached,"{'error': 'Access limit reached', 'retry_after': '0 hours 11 minutes'}"
T79q5lQcq2RZ5AJU,1744433828630,429,Access limit reached,"{'error': 'Access limit reached', 'retry_after': '0 hours 11 minutes'}"
T79q5lQcq2RZ5AJU,1744433828630,429,Access limit reached,"{'error': 'Access limit reached', 'retry_after': '0 hours 11 minutes'}"
T79q5lQcq2RZ5AJU,1744433828630,429,Access limit reached,"{'error': 'Access limit reached', 'retry_after': '0 hours 11 minutes'}"
T79q5lQcq2RZ5AJU,1744434068630,429,Access limit reached,"{'error': 'Access limit reached', 'retry_after': '0 hours 11 minutes'}"
T79q5lQcq2RZ5AJU,1744434068630,429,Access limit reached,"{'error': 'Access limit reached', 'retry_after': '0 hours 11 minutes'}"
T79q5lQcq2RZ5AJU,1744434068630,429,Access limit reached,"{'error': 'Access limit reached', 'retry_after': '0 hours 11 minutes'}"
T79q5lQcq2RZ5AJU,1744434068630,429,Access limit reached,"{'error': 'Access limit reached', 'retry_after': '0 hours 11 minutes'}"
T79q5lQcq2RZ5AJU,1744434068630,429,Access limit reached,"{'error': 'Access limit reached', 'retry_after': '0 hours 11 minutes'}"
T79q5lQcq2RZ5AJU,1744434460630,429,Access limit reached,"{'error': 'Access limit reached', 'retry_after': '0 hours 11 minutes'}"
T79q5lQcq2RZ5AJU,1744434460630,429,Access limit reached,"{'error': 'Access limit reached', 'retry_after': '0 hours 11 minutes'}"
T79q5lQcq2RZ5AJU,1744434460630,429,Access limit reached,"{'error': 'Access limit reached', 'retry_after': '0 hours 11 minutes'}"
T79q5lQcq2RZ5AJU,1744434460630,429,Access limit reached,"{'error': 'Access limit reached', 'retry_after': '0 hours 11 minutes'}"
T79q5lQcq2RZ5AJU,1744434460630,429,Access limit reached,"{'error': 'Access limit reached', 'retry_after': '0 hours 11 minutes'}"
T79q5lQcq2RZ5AJU,1744434790630,429,Access limit reached,"{'error': 'Access limit reached', 'retry_after': '0 hours 11 minutes'}"
T79q5lQcq2RZ5AJU,1744434790630,429,Access limit reached,"{'error': 'Access limit reached', 'retry_after': '0 hours 11 minutes'}"
T79q5lQcq2RZ5AJU,1744434790630,429,Access limit reached,"{'error': 'Access limit reached', 'retry_after': '0 hours 11 minutes'}"
T79q5lQcq2RZ5AJU,1744434790630,429,Access limit reached,"{'error': 'Access limit reached', 'retry_after': '0 hours 11 minutes'}"
T79q5lQcq2RZ5AJU,1744434790630,429,Access limit reached,"{'error': 'Access limit reached', 'retry_after': '0 hours 11 minutes'}"
T79q5lQcq2RZ5AJU,1744435043630,429,Access limit reached,"{'error': 'Access limit reached', 'retry_after': '0 hours 11 minutes'}"
T79q5lQcq2RZ5AJU,1744435043630,429,Access limit reached,"{'error': 'Access limit reached', 'retry_after': '0 hours 11 minutes'}"
T79q5lQcq2RZ5AJU,1744435043630,429,Access limit reached,"{'error': 'Access limit reached', 'retry_after': '0 hours 11 minutes'}"
T79q5lQcq2RZ5AJU,1744435043630,429,Access limit reached,"{'error': 'Access limit reached', 'retry_after': '0 hours 11 minutes'}"
T79q5lQcq2RZ5AJU,1744435043630,429,Access limit reached,"{'error': 'Access limit reached', 'retry_after': '0 hours 11 minutes'}"
T79q5lQcq2RZ5AJU,1744435316630,429,Access limit reached,"{'error': 'Access limit reached', 'retry_after': '0 hours 11 minutes'}"
T79q5lQcq2RZ5AJU,1744435316630,429,Access limit reached,"{'error': 'Access limit reached', 'retry_after': '0 hours 11 minutes'}"
T79q5lQcq2RZ5AJU,1744435316630,429,Access limit reached,"{'error': 'Access limit reached', 'retry_after': '0 hours 11 minutes'}"
T79q5lQcq2RZ5AJU,1744435316630,429,Access limit reached,"{'error': 'Access limit reached', 'retry_after': '0 hours 11 minutes'}"
T79q5lQcq2RZ5AJU,1744435316630,429,Access limit reached,"{'error': 'Access limit reached', 'retry_after': '0 hours 11 minutes'}"
T79q5lQcq2RZ5AJU,1744435595630,429,Access limit reached,"{'error': 'Access limit reached', 'retry_after': '0 hours 11 minutes'}"
T79q5lQcq2RZ5AJU,1744435595630,429,Access limit reached,"{'error': 'Access limit reached', 'retry_after': '0 hours 11 minutes'}"
T79q5lQcq2RZ5AJU,1744435595630,429,Access limit reached,"{'error': 'Access limit reached', 'retry_after': '0 hours 11 minutes'}"
T79q5lQcq2RZ5AJU,1744435595630,429,Access limit reached,"{'error': 'Access limit reached', 'retry_after': '0 hours 11 minutes'}"
T79q5lQcq2RZ5AJU,1744435595630,429,Access limit reached,"{'error': 'Access limit reached', 'retry_after': '0 hours 11 minutes'}"
T79q5lQcq2RZ5AJU,1744435835630,429,Access limit reached,"{'error': 'Access limit reached', 'retry_after': '0 hours 11 minutes'}"
T79q5lQcq2RZ5AJU,1744435835630,429,Access limit reached,"{'error': 'Access limit reached', 'retry_after': '0 hours 11 minutes'}"
T79q5lQcq2RZ5AJU,1744435835630,429,Access limit reached,"{'error': 'Access limit reached', 'retry_after': '0 hours 11 minutes'}"
T79q5lQcq2RZ5AJU,1744435835630,429,Access limit reached,"{'error': 'Access limit reached', 'retry_after': '0 hours 11 minutes'}"
T79q5lQcq2RZ5AJU,1744435835630,429,Access limit reached,"{'error': 'Access limit reached', 'retry_after': '0 hours 11 minutes'}"
T79q5lQcq2RZ5AJU,1744436053630,429,Access limit reached,"{'error': 'Access limit reached', 'retry_after': '0 hours 11 minutes'}"
T79q5lQcq2RZ5AJU,1744436053630,429,Access limit reached,"{'error': 'Access limit reached', 'retry_after': '0 hours 11 minutes'}"
T79q5lQcq2RZ5AJU,1744436053630,429,Access limit reached,"{'error': 'Access limit reached', 'retry_after': '0 hours 11 minutes'}"
T79q5lQcq2RZ5AJU,1744436053630,429,Access limit reached,"{'error': 'Access limit reached', 'retry_after': '0 hours 11 minutes'}"
T79q5lQcq2RZ5AJU,1744436053630,429,Access limit reached,"{'error': 'Access limit reached', 'retry_after': '0 hours 11 minutes'}"
T79q5lQcq2RZ5AJU,1744436275630,429,Access limit reached,"{'error': 'Access limit reached', 'retry_after': '0 hours 11 minutes'}"
T79q5lQcq2RZ5AJU,1744436275630,429,Access limit reached,"{'error': 'Access limit reached', 'retry_after': '0 hours 11 minutes'}"
T79q5lQcq2RZ5AJU,1744436275630,429,Access limit reached,"{'error': 'Access limit reached', 'retry_after': '0 hours 11 minutes'}"
T79q5lQcq2RZ5AJU,1744436275630,429,Access limit reached,"{'error': 'Access limit reached', 'retry_after': '0 hours 11 minutes'}"
T79q5lQcq2RZ5AJU,1744436275630,429,Access limit reached,"{'error': 'Access limit reached', 'retry_after': '0 hours 11 minutes'}"
T79q5lQcq2RZ5AJU,1744436671630,429,Access limit reached,"{'error': 'Access limit reached', 'retry_after': '0 hours 11 minutes'}"
T79q5lQcq2RZ5AJU,1744436671630,429,Access limit reached,"{'error': 'Access limit reached', 'retry_after': '0 hours 11 minutes'}"
T79q5lQcq2RZ5AJU,1744436671630,429,Access limit reached,"{'error': 'Access limit reached', 'retry_after': '0 hours 11 minutes'}"
T79q5lQcq2RZ5AJU,1744436671630,429,Access limit reached,"{'error': 'Access limit reached', 'retry_after': '0 hours 11 minutes'}"
T79q5lQcq2RZ5AJU,1744436671630,429,Access limit reached,"{'error': 'Access limit reached', 'retry_after': '0 hours 11 minutes'}"
T79q5lQcq2RZ5AJU,1744437049630,429,Access limit reached,"{'error': 'Access limit reached', 'retry_after': '0 hours 11 minutes'}"
T79q5lQcq2RZ5AJU,1744437049630,429,Access limit reached,"{'error': 'Access limit reached', 'retry_after': '0 hours 11 minutes'}"
T79q5lQcq2RZ5AJU,1744437049630,429,Access limit reached,"{'error': 'Access limit reached', 'retry_after': '0 hours 11 minutes'}"
T79q5lQcq2RZ5AJU,1744437049630,429,Access limit reached,"{'error': 'Access limit reached', 'retry_after': '0 hours 11 minutes'}"
T79q5lQcq2RZ5AJU,1744437049630,429,Access limit reached,"{'error': 'Access limit reached', 'retry_after': '0 hours 11 minutes'}"
T79q5lQcq2RZ5AJU,1744437273630,429,Access limit reached,"{'error': 'Access limit reached', 'retry_after': '0 hours 11 minutes'}"
T79q5lQcq2RZ5AJU,1744437273630,429,Access limit reached,"{'error': 'Access limit reached', 'retry_after': '0 hours 11 minutes'}"
T79q5lQcq2RZ5AJU,1744437273630,429,Access limit reached,"{'error': 'Access limit reached', 'retry_after': '0 hours 11 minutes'}"
T79q5lQcq2RZ5AJU,1744437273630,429,Access limit reached,"{'error': 'Access limit reached', 'retry_after': '0 hours 11 minutes'}"
T79q5lQcq2RZ5AJU,1744437273630,429,Access limit reached,"{'error': 'Access limit reached', 'retry_after': '0 hours 11 minutes'}"
T79q5lQcq2RZ5AJU,1744437554630,429,Access limit reached,"{'error': 'Access limit reached', 'retry_after': '0 hours 11 minutes'}"
T79q5lQcq2RZ5AJU,1744437554630,429,Access limit reached,"{'error': 'Access limit reached', 'retry_after': '0 hours 11 minutes'}"
T79q5lQcq2RZ5AJU,1744437554630,429,Access limit reached,"{'error': 'Access limit reached', 'retry_after': '0 hours 11 minutes'}"
T79q5lQcq2RZ5AJU,1744437554630,429,Access limit reached,"{'error': 'Access limit reached', 'retry_after': '0 hours 11 minutes'}"
T79q5lQcq2RZ5AJU,1744437554630,429,Access limit reached,"{'error': 'Access limit reached', 'retry_after': '0 hours 11 minutes'}"
T79q5lQcq2RZ5AJU,1744437873630,429,Access limit reached,"{'error': 'Access limit reached', 'retry_after': '0 hours 11 minutes'}"
T79q5lQcq2RZ5AJU,1744437873630,429,Access limit reached,"{'error': 'Access limit reached', 'retry_after': '0 hours 11 minutes'}"
T79q5lQcq2RZ5AJU,1744437873630,429,Access limit reached,"{'error': 'Access limit reached', 'retry_after': '0 hours 11 minutes'}"
T79q5lQcq2RZ5AJU,1744437873630,429,Access limit reached,"{'error': 'Access limit reached', 'retry_after': '0 hours 11 minutes'}"
T79q5lQcq2RZ5AJU,1744437873630,429,Access limit reached,"{'error': 'Access limit reached', 'retry_after': '0 hours 11 minutes'}"
T79q5lQcq2RZ5AJU,1744438214630,429,Access limit reached,"{'error': 'Access limit reached', 'retry_after': '0 hours 11 minutes'}"
T79q5lQcq2RZ5AJU,1744438214630,429,Access limit reached,"{'error': 'Access limit reached', 'retry_after': '0 hours 11 minutes'}"
T79q5lQcq2RZ5AJU,1744438214630,429,Access limit reached,"{'error': 'Access limit reached', 'retry_after': '0 hours 11 minutes'}"
T79q5lQcq2RZ5AJU,1744438214630,429,Access limit reached,"{'error': 'Access limit reached', 'retry_after': '0 hours 11 minutes'}"
T79q5lQcq2RZ5AJU,1744438214630,429,Access limit reached,"{'error': 'Access limit reached', 'retry_after': '0 hours 11 minutes'}"
T79q5lQcq2RZ5AJU,1744438414630,429,Access limit reached,"{'error': 'Access limit reached', 'retry_after': '0 hours 11 minutes'}"
T79q5lQcq2RZ5AJU,1744438414630,429,Access limit reached,"{'error': 'Access limit reached', 'retry_after': '0 hours 11 minutes'}"
T79q5lQcq2RZ5AJU,1744438414630,429,Access limit reached,"{'error': 'Access limit reached', 'retry_after': '0 hours 11 minutes'}"
T79q5lQcq2RZ5AJU,1744438414630,429,Access limit reached,"{'error': 'Access limit reached', 'retry_after': '0 hours 10 minutes'}"
T79q5lQcq2RZ5AJU,1744438414630,429,Access limit reached,"{'error': 'Access limit reached', 'retry_after': '0 hours 10 minutes'}"
T79q5lQcq2RZ5AJU,1744438769630,429,Access limit reached,"{'error': 'Access limit reached', 'retry_after': '0 hours 10 minutes'}"
T79q5lQcq2RZ5AJU,1744438769630,429,Access limit reached,"{'error': 'Access limit reached', 'retry_after': '0 hours 10 minutes'}"
T79q5lQcq2RZ5AJU,1744438769630,429,Access limit reached,"{'error': 'Access limit reached', 'retry_after': '0 hours 10 minutes'}"
T79q5lQcq2RZ5AJU,1744438769630,429,Access limit reached,"{'error': 'Access limit reached', 'retry_after': '0 hours 10 minutes'}"
T79q5lQcq2RZ5AJU,1744438769630,429,Access limit reached,"{'error': 'Access limit reached', 'retry_after': '0 hours 10 minutes'}"
T79q5lQcq2RZ5AJU,1744439045630,429,Access limit reached,"{'error': 'Access limit reached', 'retry_after': '0 hours 10 minutes'}"
T79q5lQcq2RZ5AJU,1744439045630,429,Access limit reached,"{'error': 'Access limit reached', 'retry_after': '0 hours 10 minutes'}"
T79q5lQcq2RZ5AJU,1744439045630,429,Access limit reached,"{'error': 'Access limit reached', 'retry_after': '0 hours 10 minutes'}"
T79q5lQcq2RZ5AJU,1744439045630,429,Access limit reached,"{'error': 'Access limit reached', 'retry_after': '0 hours 10 minutes'}"
T79q5lQcq2RZ5AJU,1744439045630,429,Access limit reached,"{'error': 'Access limit reached', 'retry_after': '0 hours 10 minutes'}"
T79q5lQcq2RZ5AJU,1744439406630,429,Access limit reached,"{'error': 'Access limit reached', 'retry_after': '0 hours 10 minutes'}"
T79q5lQcq2RZ5AJU,1744439406630,429,Access limit reached,"{'error': 'Access limit reached', 'retry_after': '0 hours 10 minutes'}"
T79q5lQcq2RZ5AJU,1744439406630,429,Access limit reached,"{'error': 'Access limit reached', 'retry_after': '0 hours 10 minutes'}"
T79q5lQcq2RZ5AJU,1744439406630,429,Access limit reached,"{'error': 'Access limit reached', 'retry_after': '0 hours 10 minutes'}"
T79q5lQcq2RZ5AJU,1744439406630,429,Access limit reached,"{'error': 'Access limit reached', 'retry_after': '0 hours 10 minutes'}"
T79q5lQcq2RZ5AJU,1744439733630,429,Access limit reached,"{'error': 'Access limit reached', 'retry_after': '0 hours 10 minutes'}"
T79q5lQcq2RZ5AJU,1744439733630,429,Access limit reached,"{'error': 'Access limit reached', 'retry_after': '0 hours 10 minutes'}"
T79q5lQcq2RZ5AJU,1744439733630,429,Access limit reached,"{'error': 'Access limit reached', 'retry_after': '0 hours 10 minutes'}"
T79q5lQcq2RZ5AJU,1744439733630,429,Access limit reached,"{'error': 'Access limit reached', 'retry_after': '0 hours 10 minutes'}"
T79q5lQcq2RZ5AJU,1744439733630,429,Access limit reached,"{'error': 'Access limit reached', 'retry_after': '0 hours 10 minutes'}"
T79q5lQcq2RZ5AJU,1744439978630,429,Access limit reached,"{'error': 'Access limit reached', 'retry_after': '0 hours 10 minutes'}"
T79q5lQcq2RZ5AJU,1744439978630,429,Access limit reached,"{'error': 'Access limit reached', 'retry_after': '0 hours 10 minutes'}"
T79q5lQcq2RZ5AJU,1744439978630,429,Access limit reached,"{'error': 'Access limit reached', 'retry_after': '0 hours 10 minutes'}"
T79q5lQcq2RZ5AJU,1744439978630,429,Access limit reached,"{'error': 'Access limit reached', 'retry_after': '0 hours 10 minutes'}"
T79q5lQcq2RZ5AJU,1744439978630,429,Access limit reached,"{'error': 'Access limit reached', 'retry_after': '0 hours 10 minutes'}"
T79q5lQcq2RZ5AJU,1744440349630,429,Access limit reached,"{'error': 'Access limit reached', 'retry_after': '0 hours 10 minutes'}"
T79q5lQcq2RZ5AJU,1744440349630,429,Access limit reached,"{'error': 'Access limit reached', 'retry_after': '0 hours 10 minutes'}"
T79q5lQcq2RZ5AJU,1744440349630,429,Access limit reached,"{'error': 'Access limit reached', 'retry_after': '0 hours 10 minutes'}"
T79q5lQcq2RZ5AJU,1744440349630,429,Access limit reached,"{'error': 'Access limit reached', 'retry_after': '0 hours 10 minutes'}"
T79q5lQcq2RZ5AJU,1744440349630,429,Access limit reached,"{'error': 'Access limit reached', 'retry_after': '0 hours 10 minutes'}"
T79q5lQcq2RZ5AJU,1744440580630,429,Access limit reached,"{'error': 'Access limit reached', 'retry_after': '0 hours 10 minutes'}"
T79q5lQcq2RZ5AJU,1744440580630,429,Access limit reached,"{'error': 'Access limit reached', 'retry_after': '0 hours 10 minutes'}"
T79q5lQcq2RZ5AJU,1744440580630,429,Access limit reached,"{'error': 'Access limit reached', 'retry_after': '0 hours 10 minutes'}"
T79q5lQcq2RZ5AJU,1744440580630,429,Access limit reached,"{'error': 'Access limit reached', 'retry_after': '0 hours 10 minutes'}"
T79q5lQcq2RZ5AJU,1744440580630,429,Access limit reached,"{'error': 'Access limit reached', 'retry_after': '0 hours 10 minutes'}"
T79q5lQcq2RZ5AJU,1744440833630,429,Access limit reached,"{'error': 'Access limit reached', 'retry_after': '0 hours 10 minutes'}"
T79q5lQcq2RZ5AJU,1744440833630,429,Access limit reached,"{'error': 'Access limit reached', 'retry_after': '0 hours 10 minutes'}"
T79q5lQcq2RZ5AJU,1744440833630,429,Access limit reached,"{'error': 'Access limit reached', 'retry_after': '0 hours 10 minutes'}"
T79q5lQcq2RZ5AJU,1744440833630,429,Access limit reached,"{'error': 'Access limit reached', 'retry_after': '0 hours 10 minutes'}"
T79q5lQcq2RZ5AJU,1744440833630,429,Access limit reached,"{'error': 'Access limit reached', 'retry_after': '0 hours 10 minutes'}"
T79q5lQcq2RZ5AJU,1744441056630,429,Access limit reached,"{'error': 'Access limit reached', 'retry_after': '0 hours 10 minutes'}"
T79q5lQcq2RZ5AJU,1744441056630,429,Access limit reached,"{'error': 'Access limit reached', 'retry_after': '0 hours 10 minutes'}"
T79q5lQcq2RZ5AJU,1744441056630,429,Access limit reached,"{'error': 'Access limit reached', 'retry_after': '0 hours 10 minutes'}"
T79q5lQcq2RZ5AJU,1744441056630,429,Access limit reached,"{'error': 'Access limit reached', 'retry_after': '0 hours 10 minutes'}"
T79q5lQcq2RZ5AJU,1744441056630,429,Access limit reached,"{'error': 'Access limit reached', 'retry_after': '0 hours 10 minutes'}"
T79q5lQcq2RZ5AJU,1744441366630,429,Access limit reached,"{'error': 'Access limit reached', 'retry_after': '0 hours 10 minutes'}"
T79q5lQcq2RZ5AJU,1744441366630,429,Access limit reached,"{'error': 'Access limit reached', 'retry_after': '0 hours 10 minutes'}"
T79q5lQcq2RZ5AJU,1744441366630,429,Access limit reached,"{'error': 'Access limit reached', 'retry_after': '0 hours 10 minutes'}"
T79q5lQcq2RZ5AJU,1744441366630,429,Access limit reached,"{'error': 'Access limit reached', 'retry_after': '0 hours 10 minutes'}"
T79q5lQcq2RZ5AJU,1744441366630,429,Access limit reached,"{'error': 'Access limit reached', 'retry_after': '0 hours 10 minutes'}"
T79q5lQcq2RZ5AJU,1744441664630,429,Access limit reached,"{'error': 'Access limit reached', 'retry_after': '0 hours 10 minutes'}"
T79q5lQcq2RZ5AJU,1744441664630,429,Access limit reached,"{'error': 'Access limit reached', 'retry_after': '0 hours 10 minutes'}"
T79q5lQcq2RZ5AJU,1744441664630,429,Access limit reached,"{'error': 'Access limit reached', 'retry_after': '0 hours 10 minutes'}"
T79q5lQcq2RZ5AJU,1744441664630,429,Access limit reached,"{'error': 'Access limit reached', 'retry_after': '0 hours 10 minutes'}"
T79q5lQcq2RZ5AJU,1744441664630,429,Access limit reached,"{'error': 'Access limit reached', 'retry_after': '0 hours 10 minutes'}"
T79q5lQcq2RZ5AJU,1744441877630,429,Access limit reached,"{'error': 'Access limit reached', 'retry_after': '0 hours 10 minutes'}"
T79q5lQcq2RZ5AJU,1744441877630,429,Access limit reached,"{'error': 'Access limit reached', 'retry_after': '0 hours 10 minutes'}"
T79q5lQcq2RZ5AJU,1744441877630,429,Access limit reached,"{'error': 'Access limit reached', 'retry_after': '0 hours 10 minutes'}"
T79q5lQcq2RZ5AJU,1744441877630,429,Access limit reached,"{'error': 'Access limit reached', 'retry_after': '0 hours 10 minutes'}"
T79q5lQcq2RZ5AJU,1744441877630,429,Access limit reached,"{'error': 'Access limit reached', 'retry_after': '0 hours 10 minutes'}"
T79q5lQcq2RZ5AJU,1744442268630,429,Access limit reached,"{'error': 'Access limit reached', 'retry_after': '0 hours 10 minutes'}"
T79q5lQcq2RZ5AJU,1744442268630,429,Access limit reached,"{'error': 'Access limit reached', 'retry_after': '0 hours 10 minutes'}"
T79q5lQcq2RZ5AJU,1744442268630,429,Access limit reached,"{'error': 'Access limit reached', 'retry_after': '0 hours 10 minutes'}"
T79q5lQcq2RZ5AJU,1744442268630,429,Access limit reached,"{'error': 'Access limit reached', 'retry_after': '0 hours 10 minutes'}"
T79q5lQcq2RZ5AJU,1744442268630,429,Access limit reached,"{'error': 'Access limit reached', 'retry_after': '0 hours 10 minutes'}"
T79q5lQcq2RZ5AJU,1744442603630,429,Access limit reached,"{'error': 'Access limit reached', 'retry_after': '0 hours 10 minutes'}"
T79q5lQcq2RZ5AJU,1744442603630,429,Access limit reached,"{'error': 'Access limit reached', 'retry_after': '0 hours 10 minutes'}"
T79q5lQcq2RZ5AJU,1744442603630,429,Access limit reached,"{'error': 'Access limit reached', 'retry_after': '0 hours 10 minutes'}"
T79q5lQcq2RZ5AJU,1744442603630,429,Access limit reached,"{'error': 'Access limit reached', 'retry_after': '0 hours 10 minutes'}"
T79q5lQcq2RZ5AJU,1744442603630,429,Access limit reached,"{'error': 'Access limit reached', 'retry_after': '0 hours 10 minutes'}"
WNIW6wOBUcvDOXyr,1744442905630,429,Access limit reached,"{'error': 'Access limit reached', 'retry_after': '0 hours 56 minutes'}"
WNIW6wOBUcvDOXyr,1744442905630,429,Access limit reached,"{'error': 'Access limit reached', 'retry_after': '0 hours 56 minutes'}"
WNIW6wOBUcvDOXyr,1744442905630,429,Access limit reached,"{'error': 'Access limit reached', 'retry_after': '0 hours 56 minutes'}"
WNIW6wOBUcvDOXyr,1744442905630,429,Access limit reached,"{'error': 'Access limit reached', 'retry_after': '0 hours 56 minutes'}"
WNIW6wOBUcvDOXyr,1744442905630,429,Access limit reached,"{'error': 'Access limit reached', 'retry_after': '0 hours 56 minutes'}"
WNIW6wOBUcvDOXyr,1744443182630,429,Access limit reached,"{'error': 'Access limit reached', 'retry_after': '0 hours 56 minutes'}"
WNIW6wOBUcvDOXyr,1744443182630,429,Access limit reached,"{'error': 'Access limit reached', 'retry_after': '0 hours 56 minutes'}"
WNIW6wOBUcvDOXyr,1744443182630,429,Access limit reached,"{'error': 'Access limit reached', 'retry_after': '0 hours 56 minutes'}"
WNIW6wOBUcvDOXyr,1744443182630,429,Access limit reached,"{'error': 'Access limit reached', 'retry_after': '0 hours 56 minutes'}"
WNIW6wOBUcvDOXyr,1744443182630,429,Access limit reached,"{'error': 'Access limit reached', 'retry_after': '0 hours 56 minutes'}"
WNIW6wOBUcvDOXyr,1744443486630,429,Access limit reached,"{'error': 'Access limit reached', 'retry_after': '0 hours 56 minutes'}"
WNIW6wOBUcvDOXyr,1744443486630,429,Access limit reached,"{'error': 'Access limit reached', 'retry_after': '0 hours 56 minutes'}"
WNIW6wOBUcvDOXyr,1744443486630,429,Access limit reached,"{'error': 'Access limit reached', 'retry_after': '0 hours 56 minutes'}"
WNIW6wOBUcvDOXyr,1744443486630,429,Access limit reached,"{'error': 'Access limit reached', 'retry_after': '0 hours 56 minutes'}"
WNIW6wOBUcvDOXyr,1744443486630,429,Access limit reached,"{'error': 'Access limit reached', 'retry_after': '0 hours 56 minutes'}"
WNIW6wOBUcvDOXyr,1744443798630,429,Access limit reached,"{'error': 'Access limit reached', 'retry_after': '0 hours 56 minutes'}"
WNIW6wOBUcvDOXyr,1744443798630,429,Access limit reached,"{'error': 'Access limit reached', 'retry_after': '0 hours 56 minutes'}"
WNIW6wOBUcvDOXyr,1744443798630,429,Access limit reached,"{'error': 'Access limit reached', 'retry_after': '0 hours 56 minutes'}"
WNIW6wOBUcvDOXyr,1744443798630,429,Access limit reached,"{'error': 'Access limit reached', 'retry_after': '0 hours 56 minutes'}"
WNIW6wOBUcvDOXyr,1744443798630,429,Access limit reached,"{'error': 'Access limit reached', 'retry_after': '0 hours 56 minutes'}"
WNIW6wOBUcvDOXyr,1744444078630,429,Access limit reached,"{'error': 'Access limit reached', 'retry_after': '0 hours 56 minutes'}"
WNIW6wOBUcvDOXyr,1744444078630,429,Access limit reached,"{'error': 'Access limit reached', 'retry_after': '0 hours 56 minutes'}"
WNIW6wOBUcvDOXyr,1744444078630,429,Access limit reached,"{'error': 'Access limit reached', 'retry_after': '0 hours 56 minutes'}"
WNIW6wOBUcvDOXyr,1744444078630,429,Access limit reached,"{'error': 'Access limit reached', 'retry_after': '0 hours 56 minutes'}"
WNIW6wOBUcvDOXyr,1744444078630,429,Access limit reached,"{'error': 'Access limit reached', 'retry_after': '0 hours 56 minutes'}"
WNIW6wOBUcvDOXyr,1744444439630,429,Access limit reached,"{'error': 'Access limit reached', 'retry_after': '0 hours 56 minutes'}"
WNIW6wOBUcvDOXyr,1744444439630,429,Access limit reached,"{'error': 'Access limit reached', 'retry_after': '0 hours 56 minutes'}"
WNIW6wOBUcvDOXyr,1744444439630,429,Access limit reached,"{'error': 'Access limit reached', 'retry_after': '0 hours 56 minutes'}"
WNIW6wOBUcvDOXyr,1744444439630,429,Access limit reached,"{'error': 'Access limit reached', 'retry_after': '0 hours 56 minutes'}"
WNIW6wOBUcvDOXyr,1744444439630,429,Access limit reached,"{'error': 'Access limit reached', 'retry_after': '0 hours 56 minutes'}"
WNIW6wOBUcvDOXyr,1744444658630,429,Access limit reached,"{'error': 'Access limit reached', 'retry_after': '0 hours 56 minutes'}"
WNIW6wOBUcvDOXyr,1744444658630,429,Access limit reached,"{'error': 'Access limit reached', 'retry_after': '0 hours 56 minutes'}"
WNIW6wOBUcvDOXyr,1744444658630,429,Access limit reached,"{'error': 'Access limit reached', 'retry_after': '0 hours 56 minutes'}"
WNIW6wOBUcvDOXyr,1744444658630,429,Access limit reached,"{'error': 'Access limit reached', 'retry_after': '0 hours 56 minutes'}"
WNIW6wOBUcvDOXyr,1744444658630,429,Access limit reached,"{'error': 'Access limit reached', 'retry_after': '0 hours 56 minutes'}"
WNIW6wOBUcvDOXyr,1744445014630,429,Access limit reached,"{'error': 'Access limit reached', 'retry_after': '0 hours 56 minutes'}"
WNIW6wOBUcvDOXyr,1744445014630,429,Access limit reached,"{'error': 'Access limit reached', 'retry_after': '0 hours 56 minutes'}"
WNIW6wOBUcvDOXyr,1744445014630,429,Access limit reached,"{'error': 'Access limit reached', 'retry_after': '0 hours 56 minutes'}"
WNIW6wOBUcvDOXyr,1744445014630,429,Access limit reached,"{'error': 'Access limit reached', 'retry_after': '0 hours 56 minutes'}"
WNIW6wOBUcvDOXyr,1744445014630,429,Access limit reached,"{'error': 'Access limit reached', 'retry_after': '0 hours 56 minutes'}"
WNIW6wOBUcvDOXyr,1744445390630,429,Access limit reached,"{'error': 'Access limit reached', 'retry_after': '0 hours 56 minutes'}"
WNIW6wOBUcvDOXyr,1744445390630,429,Access limit reached,"{'error': 'Access limit reached', 'retry_after': '0 hours 56 minutes'}"
WNIW6wOBUcvDOXyr,1744445390630,429,Access limit reached,"{'error': 'Access limit reached', 'retry_after': '0 hours 56 minutes'}"
WNIW6wOBUcvDOXyr,1744445390630,429,Access limit reached,"{'error': 'Access limit reached', 'retry_after': '0 hours 56 minutes'}"
WNIW6wOBUcvDOXyr,1744445390630,429,Access limit reached,"{'error': 'Access limit reached', 'retry_after': '0 hours 56 minutes'}"
WNIW6wOBUcvDOXyr,1744445777630,429,Access limit reached,"{'error': 'Access limit reached', 'retry_after': '0 hours 56 minutes'}"
WNIW6wOBUcvDOXyr,1744445777630,429,Access limit reached,"{'error': 'Access limit reached', 'retry_after': '0 hours 56 minutes'}"
WNIW6wOBUcvDOXyr,1744445777630,429,Access limit reached,"{'error': 'Access limit reached', 'retry_after': '0 hours 56 minutes'}"
WNIW6wOBUcvDOXyr,1744445777630,429,Access limit reached,"{'error': 'Access limit reached', 'retry_after': '0 hours 56 minutes'}"
WNIW6wOBUcvDOXyr,1744445777630,429,Access limit reached,"{'error': 'Access limit reached', 'retry_after': '0 hours 56 minutes'}"
WNIW6wOBUcvDOXyr,1744446102630,429,Access limit reached,"{'error': 'Access limit reached', 'retry_after': '0 hours 56 minutes'}"
WNIW6wOBUcvDOXyr,1744446102630,429,Access limit reached,"{'error': 'Access limit reached', 'retry_after': '0 hours 56 minutes'}"
WNIW6wOBUcvDOXyr,1744446102630,429,Access limit reached,"{'error': 'Access limit reached', 'retry_after': '0 hours 56 minutes'}"
WNIW6wOBUcvDOXyr,1744446102630,429,Access limit reached,"{'error': 'Access limit reached', 'retry_after': '0 hours 56 minutes'}"
WNIW6wOBUcvDOXyr,1744446102630,429,Access limit reached,"{'error': 'Access limit reached', 'retry_after': '0 hours 56 minutes'}"
WNIW6wOBUcvDOXyr,1744446379630,429,Access limit reached,"{'error': 'Access limit reached', 'retry_after': '0 hours 56 minutes'}"
WNIW6wOBUcvDOXyr,1744446379630,429,Access limit reached,"{'error': 'Access limit reached', 'retry_after': '0 hours 56 minutes'}"
WNIW6wOBUcvDOXyr,1744446379630,429,Access limit reached,"{'error': 'Access limit reached', 'retry_after': '0 hours 56 minutes'}"
WNIW6wOBUcvDOXyr,1744446379630,429,Access limit reached,"{'error': 'Access limit reached', 'retry_after': '0 hours 56 minutes'}"
WNIW6wOBUcvDOXyr,1744446379630,429,Access limit reached,"{'error': 'Access limit reached', 'retry_after': '0 hours 56 minutes'}"
WNIW6wOBUcvDOXyr,1744446769630,429,Access limit reached,"{'error': 'Access limit reached', 'retry_after': '0 hours 56 minutes'}"
WNIW6wOBUcvDOXyr,1744446769630,429,Access limit reached,"{'error': 'Access limit reached', 'retry_after': '0 hours 56 minutes'}"
WNIW6wOBUcvDOXyr,1744446769630,429,Access limit reached,"{'error': 'Access limit reached', 'retry_after': '0 hours 56 minutes'}"
WNIW6wOBUcvDOXyr,1744446769630,429,Access limit reached,"{'error': 'Access limit reached', 'retry_after': '0 hours 56 minutes'}"
WNIW6wOBUcvDOXyr,1744446769630,429,Access limit reached,"{'error': 'Access limit reached', 'retry_after': '0 hours 56 minutes'}"
WNIW6wOBUcvDOXyr,1744447057630,429,Access limit reached,"{'error': 'Access limit reached', 'retry_after': '0 hours 56 minutes'}"
WNIW6wOBUcvDOXyr,1744447057630,429,Access limit reached,"{'error': 'Access limit reached', 'retry_after': '0 hours 56 minutes'}"
WNIW6wOBUcvDOXyr,1744447057630,429,Access limit reached,"{'error': 'Access limit reached', 'retry_after': '0 hours 56 minutes'}"
WNIW6wOBUcvDOXyr,1744447057630,429,Access limit reached,"{'error': 'Access limit reached', 'retry_after': '0 hours 56 minutes'}"
WNIW6wOBUcvDOXyr,1744447057630,429,Access limit reached,"{'error': 'Access limit reached', 'retry_after': '0 hours 56 minutes'}"
WNIW6wOBUcvDOXyr,1744447304630,429,Access limit reached,"{'error': 'Access limit reached', 'retry_after': '0 hours 56 minutes'}"
WNIW6wOBUcvDOXyr,1744447304630,429,Access limit reached,"{'error': 'Access limit reached', 'retry_after': '0 hours 56 minutes'}"
WNIW6wOBUcvDOXyr,1744447304630,429,Access limit reached,"{'error': 'Access limit reached', 'retry_after': '0 hours 56 minutes'}"
WNIW6wOBUcvDOXyr,1744447304630,429,Access limit reached,"{'error': 'Access limit reached', 'retry_after': '0 hours 56 minutes'}"
WNIW6wOBUcvDOXyr,1744447304630,429,Access limit reached,"{'error': 'Access limit reached', 'retry_after': '0 hours 56 minutes'}"
WNIW6wOBUcvDOXyr,1744447624630,429,Access limit reached,"{'error': 'Access limit reached', 'retry_after': '0 hours 56 minutes'}"
WNIW6wOBUcvDOXyr,1744447624630,429,Access limit reached,"{'error': 'Access limit reached', 'retry_after': '0 hours 56 minutes'}"
WNIW6wOBUcvDOXyr,1744447624630,429,Access limit reached,"{'error': 'Access limit reached', 'retry_after': '0 hours 56 minutes'}"
WNIW6wOBUcvDOXyr,1744447624630,429,Access limit reached,"{'error': 'Access limit reached', 'retry_after': '0 hours 56 minutes'}"
WNIW6wOBUcvDOXyr,1744447624630,429,Access limit reached,"{'error': 'Access limit reached', 'retry_after': '0 hours 56 minutes'}"
WNIW6wOBUcvDOXyr,1744447981630,429,Access limit reached,"{'error': 'Access limit reached', 'retry_after': '0 hours 55 minutes'}"
WNIW6wOBUcvDOXyr,1744447981630,429,Access limit reached,"{'error': 'Access limit reached', 'retry_after': '0 hours 55 minutes'}"
WNIW6wOBUcvDOXyr,1744447981630,429,Access limit reached,"{'error': 'Access limit reached', 'retry_after': '0 hours 55 minutes'}"
WNIW6wOBUcvDOXyr,1744447981630,429,Access limit reached,"{'error': 'Access limit reached', 'retry_after': '0 hours 55 minutes'}"
WNIW6wOBUcvDOXyr,1744447981630,429,Access limit reached,"{'error': 'Access limit reached', 'retry_after': '0 hours 55 minutes'}"
WNIW6wOBUcvDOXyr,1744448262630,429,Access limit reached,"{'error': 'Access limit reached', 'retry_after': '0 hours 55 minutes'}"
WNIW6wOBUcvDOXyr,1744448262630,429,Access limit reached,"{'error': 'Access limit reached', 'retry_after': '0 hours 55 minutes'}"
WNIW6wOBUcvDOXyr,1744448262630,429,Access limit reached,"{'error': 'Access limit reached', 'retry_after': '0 hours 55 minutes'}"
WNIW6wOBUcvDOXyr,1744448262630,429,Access limit reached,"{'error': 'Access limit reached', 'retry_after': '0 hours 55 minutes'}"
WNIW6wOBUcvDOXyr,1744448262630,429,Access limit reached,"{'error': 'Access limit reached', 'retry_after': '0 hours 55 minutes'}"
WNIW6wOBUcvDOXyr,1744448523630,429,Access limit reached,"{'error': 'Access limit reached', 'retry_after': '0 hours 55 minutes'}"
WNIW6wOBUcvDOXyr,1744448523630,429,Access limit reached,"{'error': 'Access limit reached', 'retry_after': '0 hours 55 minutes'}"
WNIW6wOBUcvDOXyr,1744448523630,429,Access limit reached,"{'error': 'Access limit reached', 'retry_after': '0 hours 55 minutes'}"
WNIW6wOBUcvDOXyr,1744448523630,429,Access limit reached,"{'error': 'Access limit reached', 'retry_after': '0 hours 55 minutes'}"
WNIW6wOBUcvDOXyr,1744448523630,429,Access limit reached,"{'error': 'Access limit reached', 'retry_after': '0 hours 55 minutes'}"
WNIW6wOBUcvDOXyr,1744448775630,429,Access limit reached,"{'error': 'Access limit reached', 'retry_after': '0 hours 55 minutes'}"
WNIW6wOBUcvDOXyr,1744448775630,429,Access limit reached,"{'error': 'Access limit reached', 'retry_after': '0 hours 55 minutes'}"
WNIW6wOBUcvDOXyr,1744448775630,429,Access limit reached,"{'error': 'Access limit reached', 'retry_after': '0 hours 55 minutes'}"
WNIW6wOBUcvDOXyr,1744448775630,429,Access limit reached,"{'error': 'Access limit reached', 'retry_after': '0 hours 55 minutes'}"
WNIW6wOBUcvDOXyr,1744448775630,429,Access limit reached,"{'error': 'Access limit reached', 'retry_after': '0 hours 55 minutes'}"
WNIW6wOBUcvDOXyr,1744449016630,429,Access limit reached,"{'error': 'Access limit reached', 'retry_after': '0 hours 55 minutes'}"
WNIW6wOBUcvDOXyr,1744449016630,429,Access limit reached,"{'error': 'Access limit reached', 'retry_after': '0 hours 55 minutes'}"
WNIW6wOBUcvDOXyr,1744449016630,429,Access limit reached,"{'error': 'Access limit reached', 'retry_after': '0 hours 55 minutes'}"
WNIW6wOBUcvDOXyr,1744449016630,429,Access limit reached,"{'error': 'Access limit reached', 'retry_after': '0 hours 55 minutes'}"
WNIW6wOBUcvDOXyr,1744449016630,429,Access limit reached,"{'error': 'Access limit reached', 'retry_after': '0 hours 55 minutes'}"
WNIW6wOBUcvDOXyr,1744449218630,429,Access limit reached,"{'error': 'Access limit reached', 'retry_after': '0 hours 55 minutes'}"
WNIW6wOBUcvDOXyr,1744449218630,429,Access limit reached,"{'error': 'Access limit reached', 'retry_after': '0 hours 55 minutes'}"
WNIW6wOBUcvDOXyr,1744449218630,429,Access limit reached,"{'error': 'Access limit reached', 'retry_after': '0 hours 55 minutes'}"
WNIW6wOBUcvDOXyr,1744449218630,429,Access limit reached,"{'error': 'Access limit reached', 'retry_after': '0 hours 55 minutes'}"
WNIW6wOBUcvDOXyr,1744449218630,429,Access limit reached,"{'error': 'Access limit reached', 'retry_after': '0 hours 55 minutes'}"
WNIW6wOBUcvDOXyr,1744449585630,429,Access limit reached,"{'error': 'Access limit reached', 'retry_after': '0 hours 55 minutes'}"
WNIW6wOBUcvDOXyr,1744449585630,429,Access limit reached,"{'error': 'Access limit reached', 'retry_after': '0 hours 55 minutes'}"
WNIW6wOBUcvDOXyr,1744449585630,429,Access limit reached,"{'error': 'Access limit reached', 'retry_after': '0 hours 55 minutes'}"
WNIW6wOBUcvDOXyr,1744449585630,429,Access limit reached,"{'error': 'Access limit reached', 'retry_after': '0 hours 55 minutes'}"
WNIW6wOBUcvDOXyr,1744449585630,429,Access limit reached,"{'error': 'Access limit reached', 'retry_after': '0 hours 55 minutes'}"
WNIW6wOBUcvDOXyr,1744449808630,429,Access limit reached,"{'error': 'Access limit reached', 'retry_after': '0 hours 55 minutes'}"
WNIW6wOBUcvDOXyr,1744449808630,429,Access limit reached,"{'error': 'Access limit reached', 'retry_after': '0 hours 55 minutes'}"
WNIW6wOBUcvDOXyr,1744449808630,429,Access limit reached,"{'error': 'Access limit reached', 'retry_after': '0 hours 55 minutes'}"
WNIW6wOBUcvDOXyr,1744449808630,429,Access limit reached,"{'error': 'Access limit reached', 'retry_after': '0 hours 55 minutes'}"
WNIW6wOBUcvDOXyr,1744449808630,429,Access limit reached,"{'error': 'Access limit reached', 'retry_after': '0 hours 55 minutes'}"
WNIW6wOBUcvDOXyr,1744450088630,429,Access limit reached,"{'error': 'Access limit reached', 'retry_after': '0 hours 55 minutes'}"
WNIW6wOBUcvDOXyr,1744450088630,429,Access limit reached,"{'error': 'Access limit reached', 'retry_after': '0 hours 55 minutes'}"
WNIW6wOBUcvDOXyr,1744450088630,429,Access limit reached,"{'error': 'Access limit reached', 'retry_after': '0 hours 55 minutes'}"
WNIW6wOBUcvDOXyr,1744450088630,429,Access limit reached,"{'error': 'Access limit reached', 'retry_after': '0 hours 55 minutes'}"
WNIW6wOBUcvDOXyr,1744450088630,429,Access limit reached,"{'error': 'Access limit reached', 'retry_after': '0 hours 55 minutes'}"
WNIW6wOBUcvDOXyr,1744450352630,429,Access limit reached,"{'error': 'Access limit reached', 'retry_after': '0 hours 55 minutes'}"
WNIW6wOBUcvDOXyr,1744450352630,429,Access limit reached,"{'error': 'Access limit reached', 'retry_after': '0 hours 55 minutes'}"
WNIW6wOBUcvDOXyr,1744450352630,429,Access limit reached,"{'error': 'Access limit reached', 'retry_after': '0 hours 55 minutes'}"
WNIW6wOBUcvDOXyr,1744450352630,429,Access limit reached,"{'error': 'Access limit reached', 'retry_after': '0 hours 55 minutes'}"
WNIW6wOBUcvDOXyr,1744450352630,429,Access limit reached,"{'error': 'Access limit reached', 'retry_after': '0 hours 55 minutes'}"
WNIW6wOBUcvDOXyr,1744450582630,429,Access limit reached,"{'error': 'Access limit reached', 'retry_after': '0 hours 55 minutes'}"
WNIW6wOBUcvDOXyr,1744450582630,429,Access limit reached,"{'error': 'Access limit reached', 'retry_after': '0 hours 55 minutes'}"
WNIW6wOBUcvDOXyr,1744450582630,429,Access limit reached,"{'error': 'Access limit reached', 'retry_after': '0 hours 55 minutes'}"
WNIW6wOBUcvDOXyr,1744450582630,429,Access limit reached,"{'error': 'Access limit reached', 'retry_after': '0 hours 55 minutes'}"
WNIW6wOBUcvDOXyr,1744450582630,429,Access limit reached,"{'error': 'Access limit reached', 'retry_after': '0 hours 55 minutes'}"
WNIW6wOBUcvDOXyr,1744450853630,429,Access limit reached,"{'error': 'Access limit reached', 'retry_after': '0 hours 55 minutes'}"
WNIW6wOBUcvDOXyr,1744450853630,429,Access limit reached,"{'error': 'Access limit reached', 'retry_after': '0 hours 55 minutes'}"
WNIW6wOBUcvDOXyr,1744450853630,429,Access limit reached,"{'error': 'Access limit reached', 'retry_after': '0 hours 55 minutes'}"
WNIW6wOBUcvDOXyr,1744450853630,429,Access limit reached,"{'error': 'Access limit reached', 'retry_after': '0 hours 55 minutes'}"
WNIW6wOBUcvDOXyr,1744450853630,429,Access limit reached,"{'error': 'Access limit reached', 'retry_after': '0 hours 55 minutes'}"
WNIW6wOBUcvDOXyr,1744451231630,429,Access limit reached,"{'error': 'Access limit reached', 'retry_after': '0 hours 55 minutes'}"
WNIW6wOBUcvDOXyr,1744451231630,429,Access limit reached,"{'error': 'Access limit reached', 'retry_after': '0 hours 55 minutes'}"
WNIW6wOBUcvDOXyr,1744451231630,429,Access limit reached,"{'error': 'Access limit reached', 'retry_after': '0 hours 55 minutes'}"
WNIW6wOBUcvDOXyr,1744451231630,429,Access limit reached,"{'error': 'Access limit reached', 'retry_after': '0 hours 55 minutes'}"
WNIW6wOBUcvDOXyr,1744451231630,429,Access limit reached,"{'error': 'Access limit reached', 'retry_after': '0 hours 55 minutes'}"
WNIW6wOBUcvDOXyr,1744451511630,429,Access limit reached,"{'error': 'Access limit reached', 'retry_after': '0 hours 55 minutes'}"
WNIW6wOBUcvDOXyr,1744451511630,429,Access limit reached,"{'error': 'Access limit reached', 'retry_after': '0 hours 55 minutes'}"
WNIW6wOBUcvDOXyr,1744451511630,429,Access limit reached,"{'error': 'Access limit reached', 'retry_after': '0 hours 55 minutes'}"
WNIW6wOBUcvDOXyr,1744451511630,429,Access limit reached,"{'error': 'Access limit reached', 'retry_after': '0 hours 55 minutes'}"
WNIW6wOBUcvDOXyr,1744451511630,429,Access limit reached,"{'error': 'Access limit reached', 'retry_after': '0 hours 55 minutes'}"
WNIW6wOBUcvDOXyr,1744451876630,429,Access limit reached,"{'error': 'Access limit reached', 'retry_after': '0 hours 55 minutes'}"
WNIW6wOBUcvDOXyr,1744451876630,429,Access limit reached,"{'error': 'Access limit reached', 'retry_after': '0 hours 55 minutes'}"
WNIW6wOBUcvDOXyr,1744451876630,429,Access limit reached,"{'error': 'Access limit reached', 'retry_after': '0 hours 55 minutes'}"
WNIW6wOBUcvDOXyr,1744451876630,429,Access limit reached,"{'error': 'Access limit reached', 'retry_after': '0 hours 55 minutes'}"
WNIW6wOBUcvDOXyr,1744451876630,429,Access limit reached,"{'error': 'Access limit reached', 'retry_after': '0 hours 55 minutes'}"
WNIW6wOBUcvDOXyr,1744452096630,429,Access limit reached,"{'error': 'Access limit reached', 'retry_after': '0 hours 55 minutes'}"
WNIW6wOBUcvDOXyr,1744452096630,429,Access limit reached,"{'error': 'Access limit reached', 'retry_after': '0 hours 55 minutes'}"
WNIW6wOBUcvDOXyr,1744452096630,429,Access limit reached,"{'error': 'Access limit reached', 'retry_after': '0 hours 55 minutes'}"
WNIW6wOBUcvDOXyr,1744452096630,429,Access limit reached,"{'error': 'Access limit reached', 'retry_after': '0 hours 55 minutes'}"
WNIW6wOBUcvDOXyr,1744452096630,429,Access limit reached,"{'error': 'Access limit reached', 'retry_after': '0 hours 55 minutes'}"
WNIW6wOBUcvDOXyr,1744452447630,429,Access limit reached,"{'error': 'Access limit reached', 'retry_after': '0 hours 55 minutes'}"
WNIW6wOBUcvDOXyr,1744452447630,429,Access limit reached,"{'error': 'Access limit reached', 'retry_after': '0 hours 55 minutes'}"
WNIW6wOBUcvDOXyr,1744452447630,429,Access limit reached,"{'error': 'Access limit reached', 'retry_after': '0 hours 55 minutes'}"
WNIW6wOBUcvDOXyr,1744452447630,429,Access limit reached,"{'error': 'Access limit reached', 'retry_after': '0 hours 55 minutes'}"
WNIW6wOBUcvDOXyr,1744452447630,429,Access limit reached,"{'error': 'Access limit reached', 'retry_after': '0 hours 55 minutes'}"
WNIW6wOBUcvDOXyr,1744452659630,429,Access limit reached,"{'error': 'Access limit reached', 'retry_after': '0 hours 55 minutes'}"
WNIW6wOBUcvDOXyr,1744452659630,429,Access limit reached,"{'error': 'Access limit reached', 'retry_after': '0 hours 55 minutes'}"
WNIW6wOBUcvDOXyr,1744452659630,429,Access limit reached,"{'error': 'Access limit reached', 'retry_after': '0 hours 55 minutes'}"
WNIW6wOBUcvDOXyr,1744452659630,429,Access limit reached,"{'error': 'Access limit reached', 'retry_after': '0 hours 55 minutes'}"
WNIW6wOBUcvDOXyr,1744452659630,429,Access limit reached,"{'error': 'Access limit reached', 'retry_after': '0 hours 55 minutes'}"
WNIW6wOBUcvDOXyr,1744452987630,429,Access limit reached,"{'error': 'Access limit reached', 'retry_after': '0 hours 55 minutes'}"
WNIW6wOBUcvDOXyr,1744452987630,429,Access limit reached,"{'error': 'Access limit reached', 'retry_after': '0 hours 55 minutes'}"
WNIW6wOBUcvDOXyr,1744452987630,429,Access limit reached,"{'error': 'Access limit reached', 'retry_after': '0 hours 55 minutes'}"
WNIW6wOBUcvDOXyr,1744452987630,429,Access limit reached,"{'error': 'Access limit reached', 'retry_after': '0 hours 55 minutes'}"
WNIW6wOBUcvDOXyr,1744452987630,429,Access limit reached,"{'error': 'Access limit reached', 'retry_after': '0 hours 55 minutes'}"
WNIW6wOBUcvDOXyr,1744453362630,429,Access limit reached,"{'error': 'Access limit reached', 'retry_after': '0 hours 55 minutes'}"
WNIW6wOBUcvDOXyr,1744453362630,429,Access limit reached,"{'error': 'Access limit reached', 'retry_after': '0 hours 55 minutes'}"
WNIW6wOBUcvDOXyr,1744453362630,429,Access limit reached,"{'error': 'Access limit reached', 'retry_after': '0 hours 55 minutes'}"
WNIW6wOBUcvDOXyr,1744453362630,429,Access limit reached,"{'error': 'Access limit reached', 'retry_after': '0 hours 55 minutes'}"
WNIW6wOBUcvDOXyr,1744453362630,429,Access limit reached,"{'error': 'Access limit reached', 'retry_after': '0 hours 55 minutes'}"
WNIW6wOBUcvDOXyr,1744453636630,429,Access limit reached,"{'error': 'Access limit reached', 'retry_after': '0 hours 55 minutes'}"
WNIW6wOBUcvDOXyr,1744453636630,429,Access limit reached,"{'error': 'Access limit reached', 'retry_after': '0 hours 55 minutes'}"
WNIW6wOBUcvDOXyr,1744453636630,429,Access limit reached,"{'error': 'Access limit reached', 'retry_after': '0 hours 55 minutes'}"
WNIW6wOBUcvDOXyr,1744453636630,429,Access limit reached,"{'error': 'Access limit reached', 'retry_after': '0 hours 55 minutes'}"
WNIW6wOBUcvDOXyr,1744453636630,429,Access limit reached,"{'error': 'Access limit reached', 'retry_after': '0 hours 55 minutes'}"
WNIW6wOBUcvDOXyr,1744453869630,429,Access limit reached,"{'error': 'Access limit reached', 'retry_after': '0 hours 55 minutes'}"
WNIW6wOBUcvDOXyr,1744453869630,429,Access limit reached,"{'error': 'Access limit reached', 'retry_after': '0 hours 55 minutes'}"
WNIW6wOBUcvDOXyr,1744453869630,429,Access limit reached,"{'error': 'Access limit reached', 'retry_after': '0 hours 55 minutes'}"
WNIW6wOBUcvDOXyr,1744453869630,429,Access limit reached,"{'error': 'Access limit reached', 'retry_after': '0 hours 55 minutes'}"
WNIW6wOBUcvDOXyr,1744453869630,429,Access limit reached,"{'error': 'Access limit reached', 'retry_after': '0 hours 55 minutes'}"
YAxhTHul26gN03ih,1744454143630,429,Access limit reached,"{'error': 'Access limit reached', 'retry_after': '23 hours 32 minutes'}"
YAxhTHul26gN03ih,1744454143630,429,Access limit reached,"{'error': 'Access limit reached', 'retry_after': '23 hours 32 minutes'}"
YAxhTHul26gN03ih,1744454143630,429,Access limit reached,"{'error': 'Access limit reached', 'retry_after': '23 hours 32 minutes'}"
YAxhTHul26gN03ih,1744454143630,429,Access limit reached,"{'error': 'Access limit reached', 'retry_after': '23 hours 32 minutes'}"
YAxhTHul26gN03ih,1744454143630,429,Access limit reached,"{'error': 'Access limit reached', 'retry_after': '23 hours 32 minutes'}"
YAxhTHul26gN03ih,1744454387630,429,Access limit reached,"{'error': 'Access limit reached', 'retry_after': '23 hours 32 minutes'}"
YAxhTHul26gN03ih,1744454387630,429,Access limit reached,"{'error': 'Access limit reached', 'retry_after': '23 hours 32 minutes'}"
YAxhTHul26gN03ih,1744454387630,429,Access limit reached,"{'error': 'Access limit reached', 'retry_after': '23 hours 32 minutes'}"
YAxhTHul26gN03ih,1744454387630,429,Access limit reached,"{'error': 'Access limit reached', 'retry_after': '23 hours 32 minutes'}"
YAxhTHul26gN03ih,1744454387630,429,Access limit reached,"{'error': 'Access limit reached', 'retry_after': '23 hours 32 minutes'}"
YAxhTHul26gN03ih,1744454750630,429,Access limit reached,"{'error': 'Access limit reached', 'retry_after': '23 hours 32 minutes'}"
YAxhTHul26gN03ih,1744454750630,429,Access limit reached,"{'error': 'Access limit reached', 'retry_after': '23 hours 32 minutes'}"
YAxhTHul26gN03ih,1744454750630,429,Access limit reached,"{'error': 'Access limit reached', 'retry_after': '23 hours 32 minutes'}"
YAxhTHul26gN03ih,1744454750630,429,Access limit reached,"{'error': 'Access limit reached', 'retry_after': '23 hours 32 minutes'}"
YAxhTHul26gN03ih,1744454750630,429,Access limit reached,"{'error': 'Access limit reached', 'retry_after': '23 hours 32 minutes'}"
YAxhTHul26gN03ih,1744455110630,429,Access limit reached,"{'error': 'Access limit reached', 'retry_after': '23 hours 32 minutes'}"
YAxhTHul26gN03ih,1744455110630,429,Access limit reached,"{'error': 'Access limit reached', 'retry_after': '23 hours 32 minutes'}"
YAxhTHul26gN03ih,1744455110630,429,Access limit reached,"{'error': 'Access limit reached', 'retry_after': '23 hours 32 minutes'}"
YAxhTHul26gN03ih,1744455110630,429,Access limit reached,"{'error': 'Access limit reached', 'retry_after': '23 hours 32 minutes'}"
YAxhTHul26gN03ih,1744455110630,429,Access limit reached,"{'error': 'Access limit reached', 'retry_after': '23 hours 32 minutes'}"
YAxhTHul26gN03ih,1744455452630,429,Access limit reached,"{'error': 'Access limit reached', 'retry_after': '23 hours 32 minutes'}"
YAxhTHul26gN03ih,1744455452630,429,Access limit reached,"{'error': 'Access limit reached', 'retry_after': '23 hours 32 minutes'}"
YAxhTHul26gN03ih,1744455452630,429,Access limit reached,"{'error': 'Access limit reached', 'retry_after': '23 hours 32 minutes'}"
YAxhTHul26gN03ih,1744455452630,429,Access limit reached,"{'error': 'Access limit reached', 'retry_after': '23 hours 32 minutes'}"
YAxhTHul26gN03ih,1744455452630,429,Access limit reached,"{'error': 'Access limit reached', 'retry_after': '23 hours 32 minutes'}"
YAxhTHul26gN03ih,1744455813630,429,Access limit reached,"{'error': 'Access limit reached', 'retry_after': '23 hours 32 minutes'}"
YAxhTHul26gN03ih,1744455813630,429,Access limit reached,"{'error': 'Access limit reached', 'retry_after': '23 hours 32 minutes'}"
YAxhTHul26gN03ih,1744455813630,429,Access limit reached,"{'error': 'Access limit reached', 'retry_after': '23 hours 32 minutes'}"
YAxhTHul26gN03ih,1744455813630,429,Access limit reached,"{'error': 'Access limit reached', 'retry_after': '23 hours 32 minutes'}"
YAxhTHul26gN03ih,1744455813630,429,Access limit reached,"{'error': 'Access limit reached', 'retry_after': '23 hours 32 minutes'}"
YAxhTHul26gN03ih,1744455985630,429,Access limit reached,"{'error': 'Access limit reached', 'retry_after': '23 hours 32 minutes'}"
YAxhTHul26gN03ih,1744455985630,429,Access limit reached,"{'error': 'Access limit reached', 'retry_after': '23 hours 32 minutes'}"
YAxhTHul26gN03ih,1744455985630,429,Access limit reached,"{'error': 'Access limit reached', 'retry_after': '23 hours 32 minutes'}"
YAxhTHul26gN03ih,1744455985630,429,Access limit reached,"{'error': 'Access limit reached', 'retry_after': '23 hours 32 minutes'}"
YAxhTHul26gN03ih,1744455985630,429,Access limit reached,"{'error': 'Access limit reached', 'retry_after': '23 hours 32 minutes'}"
YAxhTHul26gN03ih,1744456107630,429,Access limit reached,"{'error': 'Access limit reached', 'retry_after': '23 hours 32 minutes'}"
YAxhTHul26gN03ih,1744456107630,429,Access limit reached,"{'error': 'Access limit reached', 'retry_after': '23 hours 32 minutes'}"
YAxhTHul26gN03ih,1744456107630,429,Access limit reached,"{'error': 'Access limit reached', 'retry_after': '23 hours 32 minutes'}"
YAxhTHul26gN03ih,1744456107630,429,Access limit reached,"{'error': 'Access limit reached', 'retry_after': '23 hours 32 minutes'}"
YAxhTHul26gN03ih,1744456107630,429,Access limit reached,"{'error': 'Access limit reached', 'retry_after': '23 hours 32 minutes'}"
YAxhTHul26gN03ih,1744456193630,429,Access limit reached,"{'error': 'Access limit reached', 'retry_after': '23 hours 32 minutes'}"
YAxhTHul26gN03ih,1744456193630,429,Access limit reached,"{'error': 'Access limit reached', 'retry_after': '23 hours 32 minutes'}"
YAxhTHul26gN03ih,1744456193630,429,Access limit reached,"{'error': 'Access limit reached', 'retry_after': '23 hours 32 minutes'}"
YAxhTHul26gN03ih,1744456193630,429,Access limit reached,"{'error': 'Access limit reached', 'retry_after': '23 hours 32 minutes'}"
YAxhTHul26gN03ih,1744456193630,429,Access limit reached,"{'error': 'Access limit reached', 'retry_after': '23 hours 32 minutes'}"
YAxhTHul26gN03ih,1744456322630,429,Access limit reached,"{'error': 'Access limit reached', 'retry_after': '23 hours 32 minutes'}"
YAxhTHul26gN03ih,1744456322630,429,Access limit reached,"{'error': 'Access limit reached', 'retry_after': '23 hours 32 minutes'}"
YAxhTHul26gN03ih,1744456322630,429,Access limit reached,"{'error': 'Access limit reached', 'retry_after': '23 hours 32 minutes'}"
YAxhTHul26gN03ih,1744456322630,429,Access limit reached,"{'error': 'Access limit reached', 'retry_after': '23 hours 32 minutes'}"
YAxhTHul26gN03ih,1744456322630,429,Access limit reached,"{'error': 'Access limit reached', 'retry_after': '23 hours 32 minutes'}"
YAxhTHul26gN03ih,1744456400630,429,Access limit reached,"{'error': 'Access limit reached', 'retry_after': '23 hours 32 minutes'}"
YAxhTHul26gN03ih,1744456400630,429,Access limit reached,"{'error': 'Access limit reached', 'retry_after': '23 hours 32 minutes'}"
YAxhTHul26gN03ih,1744456400630,429,Access limit reached,"{'error': 'Access limit reached', 'retry_after': '23 hours 32 minutes'}"
YAxhTHul26gN03ih,1744456400630,429,Access limit reached,"{'error': 'Access limit reached', 'retry_after': '23 hours 32 minutes'}"
YAxhTHul26gN03ih,1744456400630,429,Access limit reached,"{'error': 'Access limit reached', 'retry_after': '23 hours 32 minutes'}"
YAxhTHul26gN03ih,1744456493630,429,Access limit reached,"{'error': 'Access limit reached', 'retry_after': '23 hours 32 minutes'}"
YAxhTHul26gN03ih,1744456493630,429,Access limit reached,"{'error': 'Access limit reached', 'retry_after': '23 hours 32 minutes'}"
YAxhTHul26gN03ih,1744456493630,429,Access limit reached,"{'error': 'Access limit reached', 'retry_after': '23 hours 32 minutes'}"
YAxhTHul26gN03ih,1744456493630,429,Access limit reached,"{'error': 'Access limit reached', 'retry_after': '23 hours 32 minutes'}"
YAxhTHul26gN03ih,1744456493630,429,Access limit reached,"{'error': 'Access limit reached', 'retry_after': '23 hours 32 minutes'}"
YAxhTHul26gN03ih,1744456655630,429,Access limit reached,"{'error': 'Access limit reached', 'retry_after': '23 hours 32 minutes'}"
YAxhTHul26gN03ih,1744456655630,429,Access limit reached,"{'error': 'Access limit reached', 'retry_after': '23 hours 32 minutes'}"
YAxhTHul26gN03ih,1744456655630,429,Access limit reached,"{'error': 'Access limit reached', 'retry_after': '23 hours 32 minutes'}"
YAxhTHul26gN03ih,1744456655630,429,Access limit reached,"{'error': 'Access limit reached', 'retry_after': '23 hours 32 minutes'}"
YAxhTHul26gN03ih,1744456655630,429,Access limit reached,"{'error': 'Access limit reached', 'retry_after': '23 hours 32 minutes'}"
YAxhTHul26gN03ih,1744456741630,429,Access limit reached,"{'error': 'Access limit reached', 'retry_after': '23 hours 32 minutes'}"
YAxhTHul26gN03ih,1744456741630,429,Access limit reached,"{'error': 'Access limit reached', 'retry_after': '23 hours 32 minutes'}"
YAxhTHul26gN03ih,1744456741630,429,Access limit reached,"{'error': 'Access limit reached', 'retry_after': '23 hours 32 minutes'}"
YAxhTHul26gN03ih,1744456741630,429,Access limit reached,"{'error': 'Access limit reached', 'retry_after': '23 hours 32 minutes'}"
YAxhTHul26gN03ih,1744456741630,429,Access limit reached,"{'error': 'Access limit reached', 'retry_after': '23 hours 32 minutes'}"
YAxhTHul26gN03ih,1744456805630,429,Access limit reached,"{'error': 'Access limit reached', 'retry_after': '23 hours 32 minutes'}"
YAxhTHul26gN03ih,1744456805630,429,Access limit reached,"{'error': 'Access limit reached', 'retry_after': '23 hours 32 minutes'}"
YAxhTHul26gN03ih,1744456805630,429,Access limit reached,"{'error': 'Access limit reached', 'retry_after': '23 hours 32 minutes'}"
YAxhTHul26gN03ih,1744456805630,429,Access limit reached,"{'error': 'Access limit reached', 'retry_after': '23 hours 32 minutes'}"
YAxhTHul26gN03ih,1744456805630,429,Access limit reached,"{'error': 'Access limit reached', 'retry_after': '23 hours 32 minutes'}"
YAxhTHul26gN03ih,1744456977630,429,Access limit reached,"{'error': 'Access limit reached', 'retry_after': '23 hours 32 minutes'}"
YAxhTHul26gN03ih,1744456977630,429,Access limit reached,"{'error': 'Access limit reached', 'retry_after': '23 hours 32 minutes'}"
YAxhTHul26gN03ih,1744456977630,429,Access limit reached,"{'error': 'Access limit reached', 'retry_after': '23 hours 32 minutes'}"
YAxhTHul26gN03ih,1744456977630,429,Access limit reached,"{'error': 'Access limit reached', 'retry_after': '23 hours 32 minutes'}"
YAxhTHul26gN03ih,1744456977630,429,Access limit reached,"{'error': 'Access limit reached', 'retry_after': '23 hours 32 minutes'}"
YAxhTHul26gN03ih,1744457125630,429,Access limit reached,"{'error': 'Access limit reached', 'retry_after': '23 hours 32 minutes'}"
YAxhTHul26gN03ih,1744457125630,429,Access limit reached,"{'error': 'Access limit reached', 'retry_after': '23 hours 32 minutes'}"
YAxhTHul26gN03ih,1744457125630,429,Access limit reached,"{'error': 'Access limit reached', 'retry_after': '23 hours 32 minutes'}"
YAxhTHul26gN03ih,1744457125630,429,Access limit reached,"{'error': 'Access limit reached', 'retry_after': '23 hours 32 minutes'}"
YAxhTHul26gN03ih,1744457125630,429,Access limit reached,"{'error': 'Access limit reached', 'retry_after': '23 hours 32 minutes'}"
YAxhTHul26gN03ih,1744457225630,429,Access limit reached,"{'error': 'Access limit reached', 'retry_after': '23 hours 32 minutes'}"
YAxhTHul26gN03ih,1744457225630,429,Access limit reached,"{'error': 'Access limit reached', 'retry_after': '23 hours 32 minutes'}"
YAxhTHul26gN03ih,1744457225630,429,Access limit reached,"{'error': 'Access limit reached', 'retry_after': '23 hours 32 minutes'}"
YAxhTHul26gN03ih,1744457225630,429,Access limit reached,"{'error': 'Access limit reached', 'retry_after': '23 hours 32 minutes'}"
YAxhTHul26gN03ih,1744457225630,429,Access limit reached,"{'error': 'Access limit reached', 'retry_after': '23 hours 32 minutes'}"
YAxhTHul26gN03ih,1744457321630,429,Access limit reached,"{'error': 'Access limit reached', 'retry_after': '23 hours 32 minutes'}"
YAxhTHul26gN03ih,1744457321630,429,Access limit reached,"{'error': 'Access limit reached', 'retry_after': '23 hours 32 minutes'}"
YAxhTHul26gN03ih,1744457321630,429,Access limit reached,"{'error': 'Access limit reached', 'retry_after': '23 hours 32 minutes'}"
YAxhTHul26gN03ih,1744457321630,429,Access limit reached,"{'error': 'Access limit reached', 'retry_after': '23 hours 32 minutes'}"
YAxhTHul26gN03ih,1744457321630,429,Access limit reached,"{'error': 'Access limit reached', 'retry_after': '23 hours 32 minutes'}"
YAxhTHul26gN03ih,1744457385630,429,Access limit reached,"{'error': 'Access limit reached', 'retry_after': '23 hours 32 minutes'}"
YAxhTHul26gN03ih,1744457385630,429,Access limit reached,"{'error': 'Access limit reached', 'retry_after': '23 hours 32 minutes'}"
YAxhTHul26gN03ih,1744457385630,429,Access limit reached,"{'error': 'Access limit reached', 'retry_after': '23 hours 32 minutes'}"
YAxhTHul26gN03ih,1744457385630,429,Access limit reached,"{'error': 'Access limit reached', 'retry_after': '23 hours 32 minutes'}"
YAxhTHul26gN03ih,1744457385630,429,Access limit reached,"{'error': 'Access limit reached', 'retry_after': '23 hours 32 minutes'}"
YAxhTHul26gN03ih,1744457544630,429,Access limit reached,"{'error': 'Access limit reached', 'retry_after': '23 hours 32 minutes'}"
YAxhTHul26gN03ih,1744457544630,429,Access limit reached,"{'error': 'Access limit reached', 'retry_after': '23 hours 32 minutes'}"
YAxhTHul26gN03ih,1744457544630,429,Access limit reached,"{'error': 'Access limit reached', 'retry_after': '23 hours 32 minutes'}"
YAxhTHul26gN03ih,1744457544630,429,Access limit reached,"{'error': 'Access limit reached', 'retry_after': '23 hours 32 minutes'}"
YAxhTHul26gN03ih,1744457544630,429,Access limit reached,"{'error': 'Access limit reached', 'retry_after': '23 hours 32 minutes'}"
YAxhTHul26gN03ih,1744457614630,429,Access limit reached,"{'error': 'Access limit reached', 'retry_after': '23 hours 32 minutes'}"
YAxhTHul26gN03ih,1744457614630,429,Access limit reached,"{'error': 'Access limit reached', 'retry_after': '23 hours 32 minutes'}"
YAxhTHul26gN03ih,1744457614630,429,Access limit reached,"{'error': 'Access limit reached', 'retry_after': '23 hours 32 minutes'}"
YAxhTHul26gN03ih,1744457614630,429,Access limit reached,"{'error': 'Access limit reached', 'retry_after': '23 hours 32 minutes'}"
YAxhTHul26gN03ih,1744457614630,429,Access limit reached,"{'error': 'Access limit reached', 'retry_after': '23 hours 32 minutes'}"
YAxhTHul26gN03ih,1744457701630,429,Access limit reached,"{'error': 'Access limit reached', 'retry_after': '23 hours 32 minutes'}"
YAxhTHul26gN03ih,1744457701630,429,Access limit reached,"{'error': 'Access limit reached', 'retry_after': '23 hours 32 minutes'}"
YAxhTHul26gN03ih,1744457701630,429,Access limit reached,"{'error': 'Access limit reached', 'retry_after': '23 hours 32 minutes'}"
YAxhTHul26gN03ih,1744457701630,429,Access limit reached,"{'error': 'Access limit reached', 'retry_after': '23 hours 32 minutes'}"
YAxhTHul26gN03ih,1744457701630,429,Access limit reached,"{'error': 'Access limit reached', 'retry_after': '23 hours 32 minutes'}"
YAxhTHul26gN03ih,1744457836630,429,Access limit reached,"{'error': 'Access limit reached', 'retry_after': '23 hours 32 minutes'}"
YAxhTHul26gN03ih,1744457836630,429,Access limit reached,"{'error': 'Access limit reached', 'retry_after': '23 hours 32 minutes'}"
YAxhTHul26gN03ih,1744457836630,429,Access limit reached,"{'error': 'Access limit reached', 'retry_after': '23 hours 32 minutes'}"
YAxhTHul26gN03ih,1744457836630,429,Access limit reached,"{'error': 'Access limit reached', 'retry_after': '23 hours 32 minutes'}"
YAxhTHul26gN03ih,1744457836630,429,Access limit reached,"{'error': 'Access limit reached', 'retry_after': '23 hours 32 minutes'}"
YAxhTHul26gN03ih,1744457899630,429,Access limit reached,"{'error': 'Access limit reached', 'retry_after': '23 hours 32 minutes'}"
YAxhTHul26gN03ih,1744457899630,429,Access limit reached,"{'error': 'Access limit reached', 'retry_after': '23 hours 32 minutes'}"
YAxhTHul26gN03ih,1744457899630,429,Access limit reached,"{'error': 'Access limit reached', 'retry_after': '23 hours 32 minutes'}"
YAxhTHul26gN03ih,1744457899630,429,Access limit reached,"{'error': 'Access limit reached', 'retry_after': '23 hours 32 minutes'}"
YAxhTHul26gN03ih,1744457899630,429,Access limit reached,"{'error': 'Access limit reached', 'retry_after': '23 hours 32 minutes'}"
YAxhTHul26gN03ih,1744457999630,429,Access limit reached,"{'error': 'Access limit reached', 'retry_after': '23 hours 32 minutes'}"
YAxhTHul26gN03ih,1744457999630,429,Access limit reached,"{'error': 'Access limit reached', 'retry_after': '23 hours 32 minutes'}"
YAxhTHul26gN03ih,1744457999630,429,Access limit reached,"{'error': 'Access limit reached', 'retry_after': '23 hours 32 minutes'}"
YAxhTHul26gN03ih,1744457999630,429,Access limit reached,"{'error': 'Access limit reached', 'retry_after': '23 hours 32 minutes'}"
YAxhTHul26gN03ih,1744457999630,429,Access limit reached,"{'error': 'Access limit reached', 'retry_after': '23 hours 32 minutes'}"
YAxhTHul26gN03ih,1744458078630,429,Access limit reached,"{'error': 'Access limit reached', 'retry_after': '23 hours 32 minutes'}"
YAxhTHul26gN03ih,1744458078630,429,Access limit reached,"{'error': 'Access limit reached', 'retry_after': '23 hours 32 minutes'}"
YAxhTHul26gN03ih,1744458078630,429,Access limit reached,"{'error': 'Access limit reached', 'retry_after': '23 hours 32 minutes'}"
YAxhTHul26gN03ih,1744458078630,429,Access limit reached,"{'error': 'Access limit reached', 'retry_after': '23 hours 32 minutes'}"
YAxhTHul26gN03ih,1744458078630,429,Access limit reached,"{'error': 'Access limit reached', 'retry_after': '23 hours 32 minutes'}"
YAxhTHul26gN03ih,1744458174630,429,Access limit reached,"{'error': 'Access limit reached', 'retry_after': '23 hours 32 minutes'}"
YAxhTHul26gN03ih,1744458174630,429,Access limit reached,"{'error': 'Access limit reached', 'retry_after': '23 hours 32 minutes'}"
YAxhTHul26gN03ih,1744458174630,429,Access limit reached,"{'error': 'Access limit reached', 'retry_after': '23 hours 32 minutes'}"
YAxhTHul26gN03ih,1744458174630,429,Access limit reached,"{'error': 'Access limit reached', 'retry_after': '23 hours 32 minutes'}"
YAxhTHul26gN03ih,1744458174630,429,Access limit reached,"{'error': 'Access limit reached', 'retry_after': '23 hours 32 minutes'}"
YAxhTHul26gN03ih,1744458353630,429,Access limit reached,"{'error': 'Access limit reached', 'retry_after': '23 hours 32 minutes'}"
YAxhTHul26gN03ih,1744458353630,429,Access limit reached,"{'error': 'Access limit reached', 'retry_after': '23 hours 32 minutes'}"
YAxhTHul26gN03ih,1744458353630,429,Access limit reached,"{'error': 'Access limit reached', 'retry_after': '23 hours 32 minutes'}"
YAxhTHul26gN03ih,1744458353630,429,Access limit reached,"{'error': 'Access limit reached', 'retry_after': '23 hours 32 minutes'}"
YAxhTHul26gN03ih,1744458353630,429,Access limit reached,"{'error': 'Access limit reached', 'retry_after': '23 hours 32 minutes'}"
5reM7jR6dJDK1Nvj,1744458503630,429,Access limit reached,"{'error': 'Access limit reached', 'retry_after': '23 hours 41 minutes'}"
5reM7jR6dJDK1Nvj,1744458503630,429,Access limit reached,"{'error': 'Access limit reached', 'retry_after': '23 hours 41 minutes'}"
5reM7jR6dJDK1Nvj,1744458503630,429,Access limit reached,"{'error': 'Access limit reached', 'retry_after': '23 hours 41 minutes'}"
5reM7jR6dJDK1Nvj,1744458503630,429,Access limit reached,"{'error': 'Access limit reached', 'retry_after': '23 hours 41 minutes'}"
5reM7jR6dJDK1Nvj,1744458503630,429,Access limit reached,"{'error': 'Access limit reached', 'retry_after': '23 hours 41 minutes'}"
5reM7jR6dJDK1Nvj,1744458581630,429,Access limit reached,"{'error': 'Access limit reached', 'retry_after': '23 hours 41 minutes'}"
5reM7jR6dJDK1Nvj,1744458581630,429,Access limit reached,"{'error': 'Access limit reached', 'retry_after': '23 hours 41 minutes'}"
5reM7jR6dJDK1Nvj,1744458581630,429,Access limit reached,"{'error': 'Access limit reached', 'retry_after': '23 hours 41 minutes'}"
5reM7jR6dJDK1Nvj,1744458581630,429,Access limit reached,"{'error': 'Access limit reached', 'retry_after': '23 hours 41 minutes'}"
5reM7jR6dJDK1Nvj,1744458581630,429,Access limit reached,"{'error': 'Access limit reached', 'retry_after': '23 hours 41 minutes'}"
5reM7jR6dJDK1Nvj,1744458728630,429,Access limit reached,"{'error': 'Access limit reached', 'retry_after': '23 hours 41 minutes'}"
5reM7jR6dJDK1Nvj,1744458728630,429,Access limit reached,"{'error': 'Access limit reached', 'retry_after': '23 hours 41 minutes'}"
5reM7jR6dJDK1Nvj,1744458728630,429,Access limit reached,"{'error': 'Access limit reached', 'retry_after': '23 hours 41 minutes'}"
5reM7jR6dJDK1Nvj,1744458728630,429,Access limit reached,"{'error': 'Access limit reached', 'retry_after': '23 hours 41 minutes'}"
5reM7jR6dJDK1Nvj,1744458728630,429,Access limit reached,"{'error': 'Access limit reached', 'retry_after': '23 hours 41 minutes'}"
5reM7jR6dJDK1Nvj,1744458871630,429,Access limit reached,"{'error': 'Access limit reached', 'retry_after': '23 hours 41 minutes'}"
5reM7jR6dJDK1Nvj,1744458871630,429,Access limit reached,"{'error': 'Access limit reached', 'retry_after': '23 hours 41 minutes'}"
5reM7jR6dJDK1Nvj,1744458871630,429,Access limit reached,"{'error': 'Access limit reached', 'retry_after': '23 hours 41 minutes'}"
5reM7jR6dJDK1Nvj,1744458871630,429,Access limit reached,"{'error': 'Access limit reached', 'retry_after': '23 hours 41 minutes'}"
5reM7jR6dJDK1Nvj,1744458871630,429,Access limit reached,"{'error': 'Access limit reached', 'retry_after': '23 hours 41 minutes'}"
5reM7jR6dJDK1Nvj,1744459044630,429,Access limit reached,"{'error': 'Access limit reached', 'retry_after': '23 hours 41 minutes'}"
5reM7jR6dJDK1Nvj,1744459044630,429,Access limit reached,"{'error': 'Access limit reached', 'retry_after': '23 hours 41 minutes'}"
5reM7jR6dJDK1Nvj,1744459044630,429,Access limit reached,"{'error': 'Access limit reached', 'retry_after': '23 hours 41 minutes'}"
5reM7jR6dJDK1Nvj,1744459044630,429,Access limit reached,"{'error': 'Access limit reached', 'retry_after': '23 hours 41 minutes'}"
5reM7jR6dJDK1Nvj,1744459044630,429,Access limit reached,"{'error': 'Access limit reached', 'retry_after': '23 hours 41 minutes'}"
5reM7jR6dJDK1Nvj,1744459142630,429,Access limit reached,"{'error': 'Access limit reached', 'retry_after': '23 hours 41 minutes'}"
5reM7jR6dJDK1Nvj,1744459142630,429,Access limit reached,"{'error': 'Access limit reached', 'retry_after': '23 hours 41 minutes'}"
5reM7jR6dJDK1Nvj,1744459142630,429,Access limit reached,"{'error': 'Access limit reached', 'retry_after': '23 hours 41 minutes'}"
5reM7jR6dJDK1Nvj,1744459142630,429,Access limit reached,"{'error': 'Access limit reached', 'retry_after': '23 hours 41 minutes'}"
5reM7jR6dJDK1Nvj,1744459142630,429,Access limit reached,"{'error': 'Access limit reached', 'retry_after': '23 hours 41 minutes'}"
5reM7jR6dJDK1Nvj,1744459266630,429,Access limit reached,"{'error': 'Access limit reached', 'retry_after': '23 hours 41 minutes'}"
5reM7jR6dJDK1Nvj,1744459266630,429,Access limit reached,"{'error': 'Access limit reached', 'retry_after': '23 hours 41 minutes'}"
5reM7jR6dJDK1Nvj,1744459266630,429,Access limit reached,"{'error': 'Access limit reached', 'retry_after': '23 hours 41 minutes'}"
5reM7jR6dJDK1Nvj,1744459266630,429,Access limit reached,"{'error': 'Access limit reached', 'retry_after': '23 hours 41 minutes'}"
5reM7jR6dJDK1Nvj,1744459266630,429,Access limit reached,"{'error': 'Access limit reached', 'retry_after': '23 hours 41 minutes'}"
5reM7jR6dJDK1Nvj,1744459282630,429,Access limit reached,"{'error': 'Access limit reached', 'retry_after': '23 hours 41 minutes'}"
5reM7jR6dJDK1Nvj,1744459282630,429,Access limit reached,"{'error': 'Access limit reached', 'retry_after': '23 hours 41 minutes'}"
5reM7jR6dJDK1Nvj,1744459282630,429,Access limit reached,"{'error': 'Access limit reached', 'retry_after': '23 hours 41 minutes'}"
5reM7jR6dJDK1Nvj,1744459282630,429,Access limit reached,"{'error': 'Access limit reached', 'retry_after': '23 hours 41 minutes'}"
5reM7jR6dJDK1Nvj,1744459282630,429,Access limit reached,"{'error': 'Access limit reached', 'retry_after': '23 hours 41 minutes'}"
5reM7jR6dJDK1Nvj,1744459308630,429,Access limit reached,"{'error': 'Access limit reached', 'retry_after': '23 hours 41 minutes'}"
5reM7jR6dJDK1Nvj,1744459308630,429,Access limit reached,"{'error': 'Access limit reached', 'retry_after': '23 hours 41 minutes'}"
5reM7jR6dJDK1Nvj,1744459308630,429,Access limit reached,"{'error': 'Access limit reached', 'retry_after': '23 hours 41 minutes'}"
5reM7jR6dJDK1Nvj,1744459308630,429,Access limit reached,"{'error': 'Access limit reached', 'retry_after': '23 hours 41 minutes'}"
5reM7jR6dJDK1Nvj,1744459308630,429,Access limit reached,"{'error': 'Access limit reached', 'retry_after': '23 hours 41 minutes'}"
5reM7jR6dJDK1Nvj,1744459319630,429,Access limit reached,"{'error': 'Access limit reached', 'retry_after': '23 hours 41 minutes'}"
5reM7jR6dJDK1Nvj,1744459319630,429,Access limit reached,"{'error': 'Access limit reached', 'retry_after': '23 hours 41 minutes'}"
5reM7jR6dJDK1Nvj,1744459319630,429,Access limit reached,"{'error': 'Access limit reached', 'retry_after': '23 hours 41 minutes'}"
5reM7jR6dJDK1Nvj,1744459319630,429,Access limit reached,"{'error': 'Access limit reached', 'retry_after': '23 hours 41 minutes'}"
5reM7jR6dJDK1Nvj,1744459319630,429,Access limit reached,"{'error': 'Access limit reached', 'retry_after': '23 hours 41 minutes'}"
5reM7jR6dJDK1Nvj,1744459346630,429,Access limit reached,"{'error': 'Access limit reached', 'retry_after': '23 hours 41 minutes'}"
5reM7jR6dJDK1Nvj,1744459346630,429,Access limit reached,"{'error': 'Access limit reached', 'retry_after': '23 hours 41 minutes'}"
5reM7jR6dJDK1Nvj,1744459346630,429,Access limit reached,"{'error': 'Access limit reached', 'retry_after': '23 hours 41 minutes'}"
5reM7jR6dJDK1Nvj,1744459346630,429,Access limit reached,"{'error': 'Access limit reached', 'retry_after': '23 hours 41 minutes'}"
5reM7jR6dJDK1Nvj,1744459346630,429,Access limit reached,"{'error': 'Access limit reached', 'retry_after': '23 hours 41 minutes'}"
5reM7jR6dJDK1Nvj,1744459351630,429,Access limit reached,"{'error': 'Access limit reached', 'retry_after': '23 hours 41 minutes'}"
5reM7jR6dJDK1Nvj,1744459351630,429,Access limit reached,"{'error': 'Access limit reached', 'retry_after': '23 hours 41 minutes'}"
5reM7jR6dJDK1Nvj,1744459351630,429,Access limit reached,"{'error': 'Access limit reached', 'retry_after': '23 hours 41 minutes'}"
5reM7jR6dJDK1Nvj,1744459351630,429,Access limit reached,"{'error': 'Access limit reached', 'retry_after': '23 hours 41 minutes'}"
5reM7jR6dJDK1Nvj,1744459351630,429,Access limit reached,"{'error': 'Access limit reached', 'retry_after': '23 hours 41 minutes'}"
5reM7jR6dJDK1Nvj,1744459364630,429,Access limit reached,"{'error': 'Access limit reached', 'retry_after': '23 hours 41 minutes'}"
5reM7jR6dJDK1Nvj,1744459364630,429,Access limit reached,"{'error': 'Access limit reached', 'retry_after': '23 hours 41 minutes'}"
5reM7jR6dJDK1Nvj,1744459364630,429,Access limit reached,"{'error': 'Access limit reached', 'retry_after': '23 hours 41 minutes'}"
5reM7jR6dJDK1Nvj,1744459364630,429,Access limit reached,"{'error': 'Access limit reached', 'retry_after': '23 hours 41 minutes'}"
5reM7jR6dJDK1Nvj,1744459364630,429,Access limit reached,"{'error': 'Access limit reached', 'retry_after': '23 hours 41 minutes'}"
5reM7jR6dJDK1Nvj,1744459370630,429,Access limit reached,"{'error': 'Access limit reached', 'retry_after': '23 hours 41 minutes'}"
5reM7jR6dJDK1Nvj,1744459370630,429,Access limit reached,"{'error': 'Access limit reached', 'retry_after': '23 hours 41 minutes'}"
5reM7jR6dJDK1Nvj,1744459370630,429,Access limit reached,"{'error': 'Access limit reached', 'retry_after': '23 hours 41 minutes'}"
5reM7jR6dJDK1Nvj,1744459370630,429,Access limit reached,"{'error': 'Access limit reached', 'retry_after': '23 hours 41 minutes'}"
5reM7jR6dJDK1Nvj,1744459370630,429,Access limit reached,"{'error': 'Access limit reached', 'retry_after': '23 hours 41 minutes'}"
5reM7jR6dJDK1Nvj,1744459393630,429,Access limit reached,"{'error': 'Access limit reached', 'retry_after': '23 hours 41 minutes'}"
5reM7jR6dJDK1Nvj,1744459393630,429,Access limit reached,"{'error': 'Access limit reached', 'retry_after': '23 hours 41 minutes'}"
5reM7jR6dJDK1Nvj,1744459393630,429,Access limit reached,"{'error': 'Access limit reached', 'retry_after': '23 hours 41 minutes'}"
5reM7jR6dJDK1Nvj,1744459393630,429,Access limit reached,"{'error': 'Access limit reached', 'retry_after': '23 hours 41 minutes'}"
5reM7jR6dJDK1Nvj,1744459393630,429,Access limit reached,"{'error': 'Access limit reached', 'retry_after': '23 hours 41 minutes'}"
5reM7jR6dJDK1Nvj,1744459411630,429,Access limit reached,"{'error': 'Access limit reached', 'retry_after': '23 hours 41 minutes'}"
5reM7jR6dJDK1Nvj,1744459411630,429,Access limit reached,"{'error': 'Access limit reached', 'retry_after': '23 hours 41 minutes'}"
5reM7jR6dJDK1Nvj,1744459411630,429,Access limit reached,"{'error': 'Access limit reached', 'retry_after': '23 hours 41 minutes'}"
5reM7jR6dJDK1Nvj,1744459411630,429,Access limit reached,"{'error': 'Access limit reached', 'retry_after': '23 hours 41 minutes'}"
5reM7jR6dJDK1Nvj,1744459411630,429,Access limit reached,"{'error': 'Access limit reached', 'retry_after': '23 hours 41 minutes'}"
5reM7jR6dJDK1Nvj,1744459429630,429,Access limit reached,"{'error': 'Access limit reached', 'retry_after': '23 hours 41 minutes'}"
5reM7jR6dJDK1Nvj,1744459429630,429,Access limit reached,"{'error': 'Access limit reached', 'retry_after': '23 hours 41 minutes'}"
5reM7jR6dJDK1Nvj,1744459429630,429,Access limit reached,"{'error': 'Access limit reached', 'retry_after': '23 hours 41 minutes'}"
5reM7jR6dJDK1Nvj,1744459429630,429,Access limit reached,"{'error': 'Access limit reached', 'retry_after': '23 hours 41 minutes'}"
5reM7jR6dJDK1Nvj,1744459429630,429,Access limit reached,"{'error': 'Access limit reached', 'retry_after': '23 hours 41 minutes'}"
5reM7jR6dJDK1Nvj,1744459435630,429,Access limit reached,"{'error': 'Access limit reached', 'retry_after': '23 hours 41 minutes'}"
5reM7jR6dJDK1Nvj,1744459435630,429,Access limit reached,"{'error': 'Access limit reached', 'retry_after': '23 hours 41 minutes'}"
5reM7jR6dJDK1Nvj,1744459435630,429,Access limit reached,"{'error': 'Access limit reached', 'retry_after': '23 hours 41 minutes'}"
5reM7jR6dJDK1Nvj,1744459435630,429,Access limit reached,"{'error': 'Access limit reached', 'retry_after': '23 hours 41 minutes'}"
5reM7jR6dJDK1Nvj,1744459435630,429,Access limit reached,"{'error': 'Access limit reached', 'retry_after': '23 hours 41 minutes'}"
5reM7jR6dJDK1Nvj,1744459454630,429,Access limit reached,"{'error': 'Access limit reached', 'retry_after': '23 hours 41 minutes'}"
5reM7jR6dJDK1Nvj,1744459454630,429,Access limit reached,"{'error': 'Access limit reached', 'retry_after': '23 hours 41 minutes'}"
5reM7jR6dJDK1Nvj,1744459454630,429,Access limit reached,"{'error': 'Access limit reached', 'retry_after': '23 hours 41 minutes'}"
5reM7jR6dJDK1Nvj,1744459454630,429,Access limit reached,"{'error': 'Access limit reached', 'retry_after': '23 hours 41 minutes'}"
5reM7jR6dJDK1Nvj,1744459454630,429,Access limit reached,"{'error': 'Access limit reached', 'retry_after': '23 hours 41 minutes'}"
5reM7jR6dJDK1Nvj,1744459472630,429,Access limit reached,"{'error': 'Access limit reached', 'retry_after': '23 hours 41 minutes'}"
5reM7jR6dJDK1Nvj,1744459472630,429,Access limit reached,"{'error': 'Access limit reached', 'retry_after': '23 hours 41 minutes'}"
5reM7jR6dJDK1Nvj,1744459472630,429,Access limit reached,"{'error': 'Access limit reached', 'retry_after': '23 hours 41 minutes'}"
5reM7jR6dJDK1Nvj,1744459472630,429,Access limit reached,"{'error': 'Access limit reached', 'retry_after': '23 hours 41 minutes'}"
5reM7jR6dJDK1Nvj,1744459472630,429,Access limit reached,"{'error': 'Access limit reached', 'retry_after': '23 hours 41 minutes'}"
5reM7jR6dJDK1Nvj,1744459482630,429,Access limit reached,"{'error': 'Access limit reached', 'retry_after': '23 hours 41 minutes'}"
5reM7jR6dJDK1Nvj,1744459482630,429,Access limit reached,"{'error': 'Access limit reached', 'retry_after': '23 hours 41 minutes'}"
5reM7jR6dJDK1Nvj,1744459482630,429,Access limit reached,"{'error': 'Access limit reached', 'retry_after': '23 hours 41 minutes'}"
5reM7jR6dJDK1Nvj,1744459482630,429,Access limit reached,"{'error': 'Access limit reached', 'retry_after': '23 hours 41 minutes'}"
5reM7jR6dJDK1Nvj,1744459482630,429,Access limit reached,"{'error': 'Access limit reached', 'retry_after': '23 hours 41 minutes'}"
5reM7jR6dJDK1Nvj,1744459499630,429,Access limit reached,"{'error': 'Access limit reached', 'retry_after': '23 hours 41 minutes'}"
5reM7jR6dJDK1Nvj,1744459499630,429,Access limit reached,"{'error': 'Access limit reached', 'retry_after': '23 hours 41 minutes'}"
5reM7jR6dJDK1Nvj,1744459499630,429,Access limit reached,"{'error': 'Access limit reached', 'retry_after': '23 hours 41 minutes'}"
5reM7jR6dJDK1Nvj,1744459499630,429,Access limit reached,"{'error': 'Access limit reached', 'retry_after': '23 hours 41 minutes'}"
5reM7jR6dJDK1Nvj,1744459499630,429,Access limit reached,"{'error': 'Access limit reached', 'retry_after': '23 hours 41 minutes'}"
5reM7jR6dJDK1Nvj,1744459516630,429,Access limit reached,"{'error': 'Access limit reached', 'retry_after': '23 hours 41 minutes'}"
5reM7jR6dJDK1Nvj,1744459516630,429,Access limit reached,"{'error': 'Access limit reached', 'retry_after': '23 hours 41 minutes'}"
5reM7jR6dJDK1Nvj,1744459516630,429,Access limit reached,"{'error': 'Access limit reached', 'retry_after': '23 hours 41 minutes'}"
5reM7jR6dJDK1Nvj,1744459516630,429,Access limit reached,"{'error': 'Access limit reached', 'retry_after': '23 hours 41 minutes'}"
5reM7jR6dJDK1Nvj,1744459516630,429,Access limit reached,"{'error': 'Access limit reached', 'retry_after': '23 hours 41 minutes'}"
5reM7jR6dJDK1Nvj,1744459546630,429,Access limit reached,"{'error': 'Access limit reached', 'retry_after': '23 hours 41 minutes'}"
5reM7jR6dJDK1Nvj,1744459546630,429,Access limit reached,"{'error': 'Access limit reached', 'retry_after': '23 hours 41 minutes'}"
5reM7jR6dJDK1Nvj,1744459546630,429,Access limit reached,"{'error': 'Access limit reached', 'retry_after': '23 hours 41 minutes'}"
5reM7jR6dJDK1Nvj,1744459546630,429,Access limit reached,"{'error': 'Access limit reached', 'retry_after': '23 hours 41 minutes'}"
5reM7jR6dJDK1Nvj,1744459546630,429,Access limit reached,"{'error': 'Access limit reached', 'retry_after': '23 hours 41 minutes'}"
5reM7jR6dJDK1Nvj,1744459562630,429,Access limit reached,"{'error': 'Access limit reached', 'retry_after': '23 hours 41 minutes'}"
5reM7jR6dJDK1Nvj,1744459562630,429,Access limit reached,"{'error': 'Access limit reached', 'retry_after': '23 hours 41 minutes'}"
5reM7jR6dJDK1Nvj,1744459562630,429,Access limit reached,"{'error': 'Access limit reached', 'retry_after': '23 hours 41 minutes'}"
5reM7jR6dJDK1Nvj,1744459562630,429,Access limit reached,"{'error': 'Access limit reached', 'retry_after': '23 hours 41 minutes'}"
5reM7jR6dJDK1Nvj,1744459562630,429,Access limit reached,"{'error': 'Access limit reached', 'retry_after': '23 hours 41 minutes'}"
5reM7jR6dJDK1Nvj,1744459589630,429,Access limit reached,"{'error': 'Access limit reached', 'retry_after': '23 hours 41 minutes'}"
5reM7jR6dJDK1Nvj,1744459589630,429,Access limit reached,"{'error': 'Access limit reached', 'retry_after': '23 hours 41 minutes'}"
5reM7jR6dJDK1Nvj,1744459589630,429,Access limit reached,"{'error': 'Access limit reached', 'retry_after': '23 hours 41 minutes'}"
5reM7jR6dJDK1Nvj,1744459589630,429,Access limit reached,"{'error': 'Access limit reached', 'retry_after': '23 hours 41 minutes'}"
5reM7jR6dJDK1Nvj,1744459589630,429,Access limit reached,"{'error': 'Access limit reached', 'retry_after': '23 hours 41 minutes'}"
5reM7jR6dJDK1Nvj,1744459601630,429,Access limit reached,"{'error': 'Access limit reached', 'retry_after': '23 hours 41 minutes'}"
5reM7jR6dJDK1Nvj,1744459601630,429,Access limit reached,"{'error': 'Access limit reached', 'retry_after': '23 hours 41 minutes'}"
5reM7jR6dJDK1Nvj,1744459601630,429,Access limit reached,"{'error': 'Access limit reached', 'retry_after': '23 hours 41 minutes'}"
5reM7jR6dJDK1Nvj,1744459601630,429,Access limit reached,"{'error': 'Access limit reached', 'retry_after': '23 hours 41 minutes'}"
5reM7jR6dJDK1Nvj,1744459601630,429,Access limit reached,"{'error': 'Access limit reached', 'retry_after': '23 hours 41 minutes'}"
5reM7jR6dJDK1Nvj,1744459609630,429,Access limit reached,"{'error': 'Access limit reached', 'retry_after': '23 hours 41 minutes'}"
5reM7jR6dJDK1Nvj,1744459609630,429,Access limit reached,"{'error': 'Access limit reached', 'retry_after': '23 hours 41 minutes'}"
5reM7jR6dJDK1Nvj,1744459609630,429,Access limit reached,"{'error': 'Access limit reached', 'retry_after': '23 hours 41 minutes'}"
5reM7jR6dJDK1Nvj,1744459609630,429,Access limit reached,"{'error': 'Access limit reached', 'retry_after': '23 hours 41 minutes'}"
5reM7jR6dJDK1Nvj,1744459609630,429,Access limit reached,"{'error': 'Access limit reached', 'retry_after': '23 hours 41 minutes'}"
5reM7jR6dJDK1Nvj,1744459624630,429,Access limit reached,"{'error': 'Access limit reached', 'retry_after': '23 hours 41 minutes'}"
5reM7jR6dJDK1Nvj,1744459624630,429,Access limit reached,"{'error': 'Access limit reached', 'retry_after': '23 hours 41 minutes'}"
5reM7jR6dJDK1Nvj,1744459624630,429,Access limit reached,"{'error': 'Access limit reached', 'retry_after': '23 hours 41 minutes'}"
5reM7jR6dJDK1Nvj,1744459624630,429,Access limit reached,"{'error': 'Access limit reached', 'retry_after': '23 hours 41 minutes'}"
5reM7jR6dJDK1Nvj,1744459624630,429,Access limit reached,"{'error': 'Access limit reached', 'retry_after': '23 hours 41 minutes'}"
5reM7jR6dJDK1Nvj,1744459638630,429,Access limit reached,"{'error': 'Access limit reached', 'retry_after': '23 hours 41 minutes'}"
5reM7jR6dJDK1Nvj,1744459638630,429,Access limit reached,"{'error': 'Access limit reached', 'retry_after': '23 hours 41 minutes'}"
5reM7jR6dJDK1Nvj,1744459638630,429,Access limit reached,"{'error': 'Access limit reached', 'retry_after': '23 hours 41 minutes'}"
5reM7jR6dJDK1Nvj,1744459638630,429,Access limit reached,"{'error': 'Access limit reached', 'retry_after': '23 hours 41 minutes'}"
5reM7jR6dJDK1Nvj,1744459638630,429,Access limit reached,"{'error': 'Access limit reached', 'retry_after': '23 hours 41 minutes'}"
5reM7jR6dJDK1Nvj,1744459647630,429,Access limit reached,"{'error': 'Access limit reached', 'retry_after': '23 hours 41 minutes'}"
5reM7jR6dJDK1Nvj,1744459647630,429,Access limit reached,"{'error': 'Access limit reached', 'retry_after': '23 hours 41 minutes'}"
5reM7jR6dJDK1Nvj,1744459647630,429,Access limit reached,"{'error': 'Access limit reached', 'retry_after': '23 hours 41 minutes'}"
5reM7jR6dJDK1Nvj,1744459647630,429,Access limit reached,"{'error': 'Access limit reached', 'retry_after': '23 hours 41 minutes'}"
5reM7jR6dJDK1Nvj,1744459647630,429,Access limit reached,"{'error': 'Access limit reached', 'retry_after': '23 hours 41 minutes'}"
5reM7jR6dJDK1Nvj,1744459662630,429,Access limit reached,"{'error': 'Access limit reached', 'retry_after': '23 hours 41 minutes'}"
5reM7jR6dJDK1Nvj,1744459662630,429,Access limit reached,"{'error': 'Access limit reached', 'retry_after': '23 hours 41 minutes'}"
5reM7jR6dJDK1Nvj,1744459662630,429,Access limit reached,"{'error': 'Access limit reached', 'retry_after': '23 hours 41 minutes'}"
5reM7jR6dJDK1Nvj,1744459662630,429,Access limit reached,"{'error': 'Access limit reached', 'retry_after': '23 hours 41 minutes'}"
5reM7jR6dJDK1Nvj,1744459662630,429,Access limit reached,"{'error': 'Access limit reached', 'retry_after': '23 hours 41 minutes'}"
5reM7jR6dJDK1Nvj,1744459672630,429,Access limit reached,"{'error': 'Access limit reached', 'retry_after': '23 hours 41 minutes'}"
5reM7jR6dJDK1Nvj,1744459672630,429,Access limit reached,"{'error': 'Access limit reached', 'retry_after': '23 hours 41 minutes'}"
5reM7jR6dJDK1Nvj,1744459672630,429,Access limit reached,"{'error': 'Access limit reached', 'retry_after': '23 hours 41 minutes'}"
5reM7jR6dJDK1Nvj,1744459672630,429,Access limit reached,"{'error': 'Access limit reached', 'retry_after': '23 hours 41 minutes'}"
5reM7jR6dJDK1Nvj,1744459672630,429,Access limit reached,"{'error': 'Access limit reached', 'retry_after': '23 hours 41 minutes'}"
5reM7jR6dJDK1Nvj,1744459702630,429,Access limit reached,"{'error': 'Access limit reached', 'retry_after': '23 hours 41 minutes'}"
5reM7jR6dJDK1Nvj,1744459702630,429,Access limit reached,"{'error': 'Access limit reached', 'retry_after': '23 hours 41 minutes'}"
5reM7jR6dJDK1Nvj,1744459702630,429,Access limit reached,"{'error': 'Access limit reached', 'retry_after': '23 hours 41 minutes'}"
5reM7jR6dJDK1Nvj,1744459702630,429,Access limit reached,"{'error': 'Access limit reached', 'retry_after': '23 hours 41 minutes'}"
5reM7jR6dJDK1Nvj,1744459702630,429,Access limit reached,"{'error': 'Access limit reached', 'retry_after': '23 hours 41 minutes'}"
5reM7jR6dJDK1Nvj,1744459718630,429,Access limit reached,"{'error': 'Access limit reached', 'retry_after': '23 hours 41 minutes'}"
5reM7jR6dJDK1Nvj,1744459718630,429,Access limit reached,"{'error': 'Access limit reached', 'retry_after': '23 hours 41 minutes'}"
5reM7jR6dJDK1Nvj,1744459718630,429,Access limit reached,"{'error': 'Access limit reached', 'retry_after': '23 hours 41 minutes'}"
5reM7jR6dJDK1Nvj,1744459718630,429,Access limit reached,"{'error': 'Access limit reached', 'retry_after': '23 hours 41 minutes'}"
5reM7jR6dJDK1Nvj,1744459718630,429,Access limit reached,"{'error': 'Access limit reached', 'retry_after': '23 hours 41 minutes'}"
5reM7jR6dJDK1Nvj,1744459747630,429,Access limit reached,"{'error': 'Access limit reached', 'retry_after': '23 hours 41 minutes'}"
5reM7jR6dJDK1Nvj,1744459747630,429,Access limit reached,"{'error': 'Access limit reached', 'retry_after': '23 hours 41 minutes'}"
5reM7jR6dJDK1Nvj,1744459747630,429,Access limit reached,"{'error': 'Access limit reached', 'retry_after': '23 hours 41 minutes'}"
5reM7jR6dJDK1Nvj,1744459747630,429,Access limit reached,"{'error': 'Access limit reached', 'retry_after': '23 hours 41 minutes'}"
5reM7jR6dJDK1Nvj,1744459747630,429,Access limit reached,"{'error': 'Access limit reached', 'retry_after': '23 hours 41 minutes'}"
5reM7jR6dJDK1Nvj,1744459766630,429,Access limit reached,"{'error': 'Access limit reached', 'retry_after': '23 hours 41 minutes'}"
5reM7jR6dJDK1Nvj,1744459766630,429,Access limit reached,"{'error': 'Access limit reached', 'retry_after': '23 hours 41 minutes'}"
5reM7jR6dJDK1Nvj,1744459766630,429,Access limit reached,"{'error': 'Access limit reached', 'retry_after': '23 hours 41 minutes'}"
5reM7jR6dJDK1Nvj,1744459766630,429,Access limit reached,"{'error': 'Access limit reached', 'retry_after': '23 hours 41 minutes'}"
5reM7jR6dJDK1Nvj,1744459766630,429,Access limit reached,"{'error': 'Access limit reached', 'retry_after': '23 hours 41 minutes'}"
5reM7jR6dJDK1Nvj,1744459789630,429,Access limit reached,"{'error': 'Access limit reached', 'retry_after': '23 hours 41 minutes'}"
5reM7jR6dJDK1Nvj,1744459789630,429,Access limit reached,"{'error': 'Access limit reached', 'retry_after': '23 hours 41 minutes'}"
5reM7jR6dJDK1Nvj,1744459789630,429,Access limit reached,"{'error': 'Access limit reached', 'retry_after': '23 hours 41 minutes'}"
5reM7jR6dJDK1Nvj,1744459789630,429,Access limit reached,"{'error': 'Access limit reached', 'retry_after': '23 hours 41 minutes'}"
5reM7jR6dJDK1Nvj,1744459789630,429,Access limit reached,"{'error': 'Access limit reached', 'retry_after': '23 hours 41 minutes'}"
5reM7jR6dJDK1Nvj,1744459800630,429,Access limit reached,"{'error': 'Access limit reached', 'retry_after': '23 hours 41 minutes'}"
5reM7jR6dJDK1Nvj,1744459800630,429,Access limit reached,"{'error': 'Access limit reached', 'retry_after': '23 hours 41 minutes'}"
5reM7jR6dJDK1Nvj,1744459800630,429,Access limit reached,"{'error': 'Access limit reached', 'retry_after': '23 hours 40 minutes'}"
5reM7jR6dJDK1Nvj,1744459800630,429,Access limit reached,"{'error': 'Access limit reached', 'retry_after': '23 hours 40 minutes'}"
5reM7jR6dJDK1Nvj,1744459800630,429,Access limit reached,"{'error': 'Access limit reached', 'retry_after': '23 hours 40 minutes'}"
5reM7jR6dJDK1Nvj,1744459820630,429,Access limit reached,"{'error': 'Access limit reached', 'retry_after': '23 hours 40 minutes'}"
5reM7jR6dJDK1Nvj,1744459820630,429,Access limit reached,"{'error': 'Access limit reached', 'retry_after': '23 hours 40 minutes'}"
5reM7jR6dJDK1Nvj,1744459820630,429,Access limit reached,"{'error': 'Access limit reached', 'retry_after': '23 hours 40 minutes'}"
5reM7jR6dJDK1Nvj,1744459820630,429,Access limit reached,"{'error': 'Access limit reached', 'retry_after': '23 hours 40 minutes'}"
5reM7jR6dJDK1Nvj,1744459820630,429,Access limit reached,"{'error': 'Access limit reached', 'retry_after': '23 hours 40 minutes'}"
5reM7jR6dJDK1Nvj,1744459837630,429,Access limit reached,"{'error': 'Access limit reached', 'retry_after': '23 hours 40 minutes'}"
5reM7jR6dJDK1Nvj,1744459837630,429,Access limit reached,"{'error': 'Access limit reached', 'retry_after': '23 hours 40 minutes'}"
5reM7jR6dJDK1Nvj,1744459837630,429,Access limit reached,"{'error': 'Access limit reached', 'retry_after': '23 hours 40 minutes'}"
5reM7jR6dJDK1Nvj,1744459837630,429,Access limit reached,"{'error': 'Access limit reached', 'retry_after': '23 hours 40 minutes'}"
5reM7jR6dJDK1Nvj,1744459837630,429,Access limit reached,"{'error': 'Access limit reached', 'retry_after': '23 hours 40 minutes'}"
5reM7jR6dJDK1Nvj,1744459843630,429,Access limit reached,"{'error': 'Access limit reached', 'retry_after': '23 hours 40 minutes'}"
5reM7jR6dJDK1Nvj,1744459843630,429,Access limit reached,"{'error': 'Access limit reached', 'retry_after': '23 hours 40 minutes'}"
5reM7jR6dJDK1Nvj,1744459843630,429,Access limit reached,"{'error': 'Access limit reached', 'retry_after': '23 hours 40 minutes'}"
5reM7jR6dJDK1Nvj,1744459843630,429,Access limit reached,"{'error': 'Access limit reached', 'retry_after': '23 hours 40 minutes'}"
5reM7jR6dJDK1Nvj,1744459843630,429,Access limit reached,"{'error': 'Access limit reached', 'retry_after': '23 hours 40 minutes'}"
5reM7jR6dJDK1Nvj,1744459850630,429,Access limit reached,"{'error': 'Access limit reached', 'retry_after': '23 hours 40 minutes'}"
5reM7jR6dJDK1Nvj,1744459850630,429,Access limit reached,"{'error': 'Access limit reached', 'retry_after': '23 hours 40 minutes'}"
5reM7jR6dJDK1Nvj,1744459850630,429,Access limit reached,"{'error': 'Access limit reached', 'retry_after': '23 hours 40 minutes'}"
5reM7jR6dJDK1Nvj,1744459850630,429,Access limit reached,"{'error': 'Access limit reached', 'retry_after': '23 hours 40 minutes'}"
5reM7jR6dJDK1Nvj,1744459850630,429,Access limit reached,"{'error': 'Access limit reached', 'retry_after': '23 hours 40 minutes'}"
5reM7jR6dJDK1Nvj,1744459880630,429,Access limit reached,"{'error': 'Access limit reached', 'retry_after': '23 hours 40 minutes'}"
5reM7jR6dJDK1Nvj,1744459880630,429,Access limit reached,"{'error': 'Access limit reached', 'retry_after': '23 hours 40 minutes'}"
5reM7jR6dJDK1Nvj,1744459880630,429,Access limit reached,"{'error': 'Access limit reached', 'retry_after': '23 hours 40 minutes'}"
5reM7jR6dJDK1Nvj,1744459880630,429,Access limit reached,"{'error': 'Access limit reached', 'retry_after': '23 hours 40 minutes'}"
5reM7jR6dJDK1Nvj,1744459880630,429,Access limit reached,"{'error': 'Access limit reached', 'retry_after': '23 hours 40 minutes'}"
5reM7jR6dJDK1Nvj,1744459903630,429,Access limit reached,"{'error': 'Access limit reached', 'retry_after': '23 hours 40 minutes'}"
5reM7jR6dJDK1Nvj,1744459903630,429,Access limit reached,"{'error': 'Access limit reached', 'retry_after': '23 hours 40 minutes'}"
5reM7jR6dJDK1Nvj,1744459903630,429,Access limit reached,"{'error': 'Access limit reached', 'retry_after': '23 hours 40 minutes'}"
5reM7jR6dJDK1Nvj,1744459903630,429,Access limit reached,"{'error': 'Access limit reached', 'retry_after': '23 hours 40 minutes'}"
5reM7jR6dJDK1Nvj,1744459903630,429,Access limit reached,"{'error': 'Access limit reached', 'retry_after': '23 hours 40 minutes'}"
5reM7jR6dJDK1Nvj,1744459914630,429,Access limit reached,"{'error': 'Access limit reached', 'retry_after': '23 hours 40 minutes'}"
5reM7jR6dJDK1Nvj,1744459914630,429,Access limit reached,"{'error': 'Access limit reached', 'retry_after': '23 hours 40 minutes'}"
5reM7jR6dJDK1Nvj,1744459914630,429,Access limit reached,"{'error': 'Access limit reached', 'retry_after': '23 hours 40 minutes'}"
5reM7jR6dJDK1Nvj,1744459914630,429,Access limit reached,"{'error': 'Access limit reached', 'retry_after': '23 hours 40 minutes'}"
5reM7jR6dJDK1Nvj,1744459914630,429,Access limit reached,"{'error': 'Access limit reached', 'retry_after': '23 hours 40 minutes'}"
5reM7jR6dJDK1Nvj,1744459943630,429,Access limit reached,"{'error': 'Access limit reached', 'retry_after': '23 hours 40 minutes'}"
5reM7jR6dJDK1Nvj,1744459943630,429,Access limit reached,"{'error': 'Access limit reached', 'retry_after': '23 hours 40 minutes'}"
5reM7jR6dJDK1Nvj,1744459943630,429,Access limit reached,"{'error': 'Access limit reached', 'retry_after': '23 hours 40 minutes'}"
5reM7jR6dJDK1Nvj,1744459943630,429,Access limit reached,"{'error': 'Access limit reached', 'retry_after': '23 hours 40 minutes'}"
5reM7jR6dJDK1Nvj,1744459943630,429,Access limit reached,"{'error': 'Access limit reached', 'retry_after': '23 hours 40 minutes'}"
5reM7jR6dJDK1Nvj,1744459961630,429,Access limit reached,"{'error': 'Access limit reached', 'retry_after': '23 hours 40 minutes'}"
5reM7jR6dJDK1Nvj,1744459961630,429,Access limit reached,"{'error': 'Access limit reached', 'retry_after': '23 hours 40 minutes'}"
5reM7jR6dJDK1Nvj,1744459961630,429,Access limit reached,"{'error': 'Access limit reached', 'retry_after': '23 hours 40 minutes'}"
5reM7jR6dJDK1Nvj,1744459961630,429,Access limit reached,"{'error': 'Access limit reached', 'retry_after': '23 hours 40 minutes'}"
5reM7jR6dJDK1Nvj,1744459961630,429,Access limit reached,"{'error': 'Access limit reached', 'retry_after': '23 hours 40 minutes'}"
5reM7jR6dJDK1Nvj,1744459981630,429,Access limit reached,"{'error': 'Access limit reached', 'retry_after': '23 hours 40 minutes'}"
5reM7jR6dJDK1Nvj,1744459981630,429,Access limit reached,"{'error': 'Access limit reached', 'retry_after': '23 hours 40 minutes'}"
5reM7jR6dJDK1Nvj,1744459981630,429,Access limit reached,"{'error': 'Access limit reached', 'retry_after': '23 hours 40 minutes'}"
5reM7jR6dJDK1Nvj,1744459981630,429,Access limit reached,"{'error': 'Access limit reached', 'retry_after': '23 hours 40 minutes'}"
5reM7jR6dJDK1Nvj,1744459981630,429,Access limit reached,"{'error': 'Access limit reached', 'retry_after': '23 hours 40 minutes'}"
5reM7jR6dJDK1Nvj,1744459990630,429,Access limit reached,"{'error': 'Access limit reached', 'retry_after': '23 hours 40 minutes'}"
5reM7jR6dJDK1Nvj,1744459990630,429,Access limit reached,"{'error': 'Access limit reached', 'retry_after': '23 hours 40 minutes'}"
5reM7jR6dJDK1Nvj,1744459990630,429,Access limit reached,"{'error': 'Access limit reached', 'retry_after': '23 hours 40 minutes'}"
5reM7jR6dJDK1Nvj,1744459990630,429,Access limit reached,"{'error': 'Access limit reached', 'retry_after': '23 hours 40 minutes'}"
5reM7jR6dJDK1Nvj,1744459990630,429,Access limit reached,"{'error': 'Access limit reached', 'retry_after': '23 hours 40 minutes'}"
5reM7jR6dJDK1Nvj,1744460002630,429,Access limit reached,"{'error': 'Access limit reached', 'retry_after': '23 hours 40 minutes'}"
5reM7jR6dJDK1Nvj,1744460002630,429,Access limit reached,"{'error': 'Access limit reached', 'retry_after': '23 hours 40 minutes'}"
5reM7jR6dJDK1Nvj,1744460002630,429,Access limit reached,"{'error': 'Access limit reached', 'retry_after': '23 hours 40 minutes'}"
5reM7jR6dJDK1Nvj,1744460002630,429,Access limit reached,"{'error': 'Access limit reached', 'retry_after': '23 hours 40 minutes'}"
5reM7jR6dJDK1Nvj,1744460002630,429,Access limit reached,"{'error': 'Access limit reached', 'retry_after': '23 hours 40 minutes'}"
5reM7jR6dJDK1Nvj,1744460032630,429,Access limit reached,"{'error': 'Access limit reached', 'retry_after': '23 hours 40 minutes'}"
5reM7jR6dJDK1Nvj,1744460032630,429,Access limit reached,"{'error': 'Access limit reached', 'retry_after': '23 hours 40 minutes'}"
5reM7jR6dJDK1Nvj,1744460032630,429,Access limit reached,"{'error': 'Access limit reached', 'retry_after': '23 hours 40 minutes'}"
5reM7jR6dJDK1Nvj,1744460032630,429,Access limit reached,"{'error': 'Access limit reached', 'retry_after': '23 hours 40 minutes'}"
5reM7jR6dJDK1Nvj,1744460032630,429,Access limit reached,"{'error': 'Access limit reached', 'retry_after': '23 hours 40 minutes'}"
5reM7jR6dJDK1Nvj,1744460044630,429,Access limit reached,"{'error': 'Access limit reached', 'retry_after': '23 hours 40 minutes'}"
5reM7jR6dJDK1Nvj,1744460044630,429,Access limit reached,"{'error': 'Access limit reached', 'retry_after': '23 hours 40 minutes'}"
5reM7jR6dJDK1Nvj,1744460044630,429,Access limit reached,"{'error': 'Access limit reached', 'retry_after': '23 hours 40 minutes'}"
5reM7jR6dJDK1Nvj,1744460044630,429,Access limit reached,"{'error': 'Access limit reached', 'retry_after': '23 hours 40 minutes'}"
5reM7jR6dJDK1Nvj,1744460044630,429,Access limit reached,"{'error': 'Access limit reached', 'retry_after': '23 hours 40 minutes'}"
5reM7jR6dJDK1Nvj,1744460064630,429,Access limit reached,"{'error': 'Access limit reached', 'retry_after': '23 hours 40 minutes'}"
5reM7jR6dJDK1Nvj,1744460064630,429,Access limit reached,"{'error': 'Access limit reached', 'retry_after': '23 hours 40 minutes'}"
5reM7jR6dJDK1Nvj,1744460064630,429,Access limit reached,"{'error': 'Access limit reached', 'retry_after': '23 hours 40 minutes'}"
5reM7jR6dJDK1Nvj,1744460064630,429,Access limit reached,"{'error': 'Access limit reached', 'retry_after': '23 hours 40 minutes'}"
5reM7jR6dJDK1Nvj,1744460064630,429,Access limit reached,"{'error': 'Access limit reached', 'retry_after': '23 hours 40 minutes'}"
5reM7jR6dJDK1Nvj,1744460074630,429,Access limit reached,"{'error': 'Access limit reached', 'retry_after': '23 hours 40 minutes'}"
5reM7jR6dJDK1Nvj,1744460074630,429,Access limit reached,"{'error': 'Access limit reached', 'retry_after': '23 hours 40 minutes'}"
5reM7jR6dJDK1Nvj,1744460074630,429,Access limit reached,"{'error': 'Access limit reached', 'retry_after': '23 hours 40 minutes'}"
5reM7jR6dJDK1Nvj,1744460074630,429,Access limit reached,"{'error': 'Access limit reached', 'retry_after': '23 hours 40 minutes'}"
5reM7jR6dJDK1Nvj,1744460074630,429,Access limit reached,"{'error': 'Access limit reached', 'retry_after': '23 hours 40 minutes'}"
5reM7jR6dJDK1Nvj,1744460095630,429,Access limit reached,"{'error': 'Access limit reached', 'retry_after': '23 hours 40 minutes'}"
5reM7jR6dJDK1Nvj,1744460095630,429,Access limit reached,"{'error': 'Access limit reached', 'retry_after': '23 hours 40 minutes'}"
5reM7jR6dJDK1Nvj,1744460095630,429,Access limit reached,"{'error': 'Access limit reached', 'retry_after': '23 hours 40 minutes'}"
5reM7jR6dJDK1Nvj,1744460095630,429,Access limit reached,"{'error': 'Access limit reached', 'retry_after': '23 hours 40 minutes'}"
5reM7jR6dJDK1Nvj,1744460095630,429,Access limit reached,"{'error': 'Access limit reached', 'retry_after': '23 hours 40 minutes'}"
5reM7jR6dJDK1Nvj,1744460115630,429,Access limit reached,"{'error': 'Access limit reached', 'retry_after': '23 hours 40 minutes'}"
5reM7jR6dJDK1Nvj,1744460115630,429,Access limit reached,"{'error': 'Access limit reached', 'retry_after': '23 hours 40 minutes'}"
5reM7jR6dJDK1Nvj,1744460115630,429,Access limit reached,"{'error': 'Access limit reached', 'retry_after': '23 hours 40 minutes'}"
5reM7jR6dJDK1Nvj,1744460115630,429,Access limit reached,"{'error': 'Access limit reached', 'retry_after': '23 hours 40 minutes'}"
5reM7jR6dJDK1Nvj,1744460115630,429,Access limit reached,"{'error': 'Access limit reached', 'retry_after': '23 hours 40 minutes'}"
5reM7jR6dJDK1Nvj,1744460143630,429,Access limit reached,"{'error': 'Access limit reached', 'retry_after': '23 hours 40 minutes'}"
5reM7jR6dJDK1Nvj,1744460143630,429,Access limit reached,"{'error': 'Access limit reached', 'retry_after': '23 hours 40 minutes'}"
5reM7jR6dJDK1Nvj,1744460143630,429,Access limit reached,"{'error': 'Access limit reached', 'retry_after': '23 hours 40 minutes'}"
5reM7jR6dJDK1Nvj,1744460143630,429,Access limit reached,"{'error': 'Access limit reached', 'retry_after': '23 hours 40 minutes'}"
5reM7jR6dJDK1Nvj,1744460143630,429,Access limit reached,"{'error': 'Access limit reached', 'retry_after': '23 hours 40 minutes'}"
5reM7jR6dJDK1Nvj,1744460159630,429,Access limit reached,"{'error': 'Access limit reached', 'retry_after': '23 hours 40 minutes'}"
5reM7jR6dJDK1Nvj,1744460159630,429,Access limit reached,"{'error': 'Access limit reached', 'retry_after': '23 hours 40 minutes'}"
5reM7jR6dJDK1Nvj,1744460159630,429,Access limit reached,"{'error': 'Access limit reached', 'retry_after': '23 hours 40 minutes'}"
5reM7jR6dJDK1Nvj,1744460159630,429,Access limit reached,"{'error': 'Access limit reached', 'retry_after': '23 hours 40 minutes'}"
5reM7jR6dJDK1Nvj,1744460159630,429,Access limit reached,"{'error': 'Access limit reached', 'retry_after': '23 hours 40 minutes'}"
5reM7jR6dJDK1Nvj,1744460168630,429,Access limit reached,"{'error': 'Access limit reached', 'retry_after': '23 hours 40 minutes'}"
5reM7jR6dJDK1Nvj,1744460168630,429,Access limit reached,"{'error': 'Access limit reached', 'retry_after': '23 hours 40 minutes'}"
5reM7jR6dJDK1Nvj,1744460168630,429,Access limit reached,"{'error': 'Access limit reached', 'retry_after': '23 hours 40 minutes'}"
5reM7jR6dJDK1Nvj,1744460168630,429,Access limit reached,"{'error': 'Access limit reached', 'retry_after': '23 hours 40 minutes'}"
5reM7jR6dJDK1Nvj,1744460168630,429,Access limit reached,"{'error': 'Access limit reached', 'retry_after': '23 hours 40 minutes'}"
5reM7jR6dJDK1Nvj,1744460184630,429,Access limit reached,"{'error': 'Access limit reached', 'retry_after': '23 hours 40 minutes'}"
5reM7jR6dJDK1Nvj,1744460184630,429,Access limit reached,"{'error': 'Access limit reached', 'retry_after': '23 hours 40 minutes'}"
5reM7jR6dJDK1Nvj,1744460184630,429,Access limit reached,"{'error': 'Access limit reached', 'retry_after': '23 hours 40 minutes'}"
5reM7jR6dJDK1Nvj,1744460184630,429,Access limit reached,"{'error': 'Access limit reached', 'retry_after': '23 hours 40 minutes'}"
5reM7jR6dJDK1Nvj,1744460184630,429,Access limit reached,"{'error': 'Access limit reached', 'retry_after': '23 hours 40 minutes'}"
5reM7jR6dJDK1Nvj,1744460203630,429,Access limit reached,"{'error': 'Access limit reached', 'retry_after': '23 hours 40 minutes'}"
5reM7jR6dJDK1Nvj,1744460203630,429,Access limit reached,"{'error': 'Access limit reached', 'retry_after': '23 hours 40 minutes'}"
5reM7jR6dJDK1Nvj,1744460203630,429,Access limit reached,"{'error': 'Access limit reached', 'retry_after': '23 hours 40 minutes'}"
5reM7jR6dJDK1Nvj,1744460203630,429,Access limit reached,"{'error': 'Access limit reached', 'retry_after': '23 hours 40 minutes'}"
5reM7jR6dJDK1Nvj,1744460203630,429,Access limit reached,"{'error': 'Access limit reached', 'retry_after': '23 hours 40 minutes'}"
5reM7jR6dJDK1Nvj,1744460217630,429,Access limit reached,"{'error': 'Access limit reached', 'retry_after': '23 hours 40 minutes'}"
5reM7jR6dJDK1Nvj,1744460217630,429,Access limit reached,"{'error': 'Access limit reached', 'retry_after': '23 hours 40 minutes'}"
5reM7jR6dJDK1Nvj,1744460217630,429,Access limit reached,"{'error': 'Access limit reached', 'retry_after': '23 hours 40 minutes'}"
5reM7jR6dJDK1Nvj,1744460217630,429,Access limit reached,"{'error': 'Access limit reached', 'retry_after': '23 hours 40 minutes'}"
5reM7jR6dJDK1Nvj,1744460217630,429,Access limit reached,"{'error': 'Access limit reached', 'retry_after': '23 hours 40 minutes'}"
5reM7jR6dJDK1Nvj,1744460238630,429,Access limit reached,"{'error': 'Access limit reached', 'retry_after': '23 hours 40 minutes'}"
5reM7jR6dJDK1Nvj,1744460238630,429,Access limit reached,"{'error': 'Access limit reached', 'retry_after': '23 hours 40 minutes'}"
5reM7jR6dJDK1Nvj,1744460238630,429,Access limit reached,"{'error': 'Access limit reached', 'retry_after': '23 hours 40 minutes'}"
5reM7jR6dJDK1Nvj,1744460238630,429,Access limit reached,"{'error': 'Access limit reached', 'retry_after': '23 hours 40 minutes'}"
5reM7jR6dJDK1Nvj,1744460238630,429,Access limit reached,"{'error': 'Access limit reached', 'retry_after': '23 hours 40 minutes'}"
5reM7jR6dJDK1Nvj,1744460247630,429,Access limit reached,"{'error': 'Access limit reached', 'retry_after': '23 hours 40 minutes'}"
5reM7jR6dJDK1Nvj,1744460247630,429,Access limit reached,"{'error': 'Access limit reached', 'retry_after': '23 hours 40 minutes'}"
5reM7jR6dJDK1Nvj,1744460247630,429,Access limit reached,"{'error': 'Access limit reached', 'retry_after': '23 hours 40 minutes'}"
5reM7jR6dJDK1Nvj,1744460247630,429,Access limit reached,"{'error': 'Access limit reached', 'retry_after': '23 hours 40 minutes'}"
5reM7jR6dJDK1Nvj,1744460247630,429,Access limit reached,"{'error': 'Access limit reached', 'retry_after': '23 hours 40 minutes'}"
5reM7jR6dJDK1Nvj,1744460266630,429,Access limit reached,"{'error': 'Access limit reached', 'retry_after': '23 hours 40 minutes'}"
5reM7jR6dJDK1Nvj,1744460266630,429,Access limit reached,"{'error': 'Access limit reached', 'retry_after': '23 hours 40 minutes'}"
5reM7jR6dJDK1Nvj,1744460266630,429,Access limit reached,"{'error': 'Access limit reached', 'retry_after': '23 hours 40 minutes'}"
5reM7jR6dJDK1Nvj,1744460266630,429,Access limit reached,"{'error': 'Access limit reached', 'retry_after': '23 hours 40 minutes'}"
5reM7jR6dJDK1Nvj,1744460266630,429,Access limit reached,"{'error': 'Access limit reached', 'retry_after': '23 hours 40 minutes'}"
5reM7jR6dJDK1Nvj,1744460281630,429,Access limit reached,"{'error': 'Access limit reached', 'retry_after': '23 hours 40 minutes'}"
5reM7jR6dJDK1Nvj,1744460281630,429,Access limit reached,"{'error': 'Access limit reached', 'retry_after': '23 hours 40 minutes'}"
5reM7jR6dJDK1Nvj,1744460281630,429,Access limit reached,"{'error': 'Access limit reached', 'retry_after': '23 hours 40 minutes'}"
5reM7jR6dJDK1Nvj,1744460281630,429,Access limit reached,"{'error': 'Access limit reached', 'retry_after': '23 hours 40 minutes'}"
5reM7jR6dJDK1Nvj,1744460281630,429,Access limit reached,"{'error': 'Access limit reached', 'retry_after': '23 hours 40 minutes'}"
5reM7jR6dJDK1Nvj,1744460307630,429,Access limit reached,"{'error': 'Access limit reached', 'retry_after': '23 hours 40 minutes'}"
5reM7jR6dJDK1Nvj,1744460307630,429,Access limit reached,"{'error': 'Access limit reached', 'retry_after': '23 hours 40 minutes'}"
5reM7jR6dJDK1Nvj,1744460307630,429,Access limit reached,"{'error': 'Access limit reached', 'retry_after': '23 hours 40 minutes'}"
5reM7jR6dJDK1Nvj,1744460307630,429,Access limit reached,"{'error': 'Access limit reached', 'retry_after': '23 hours 40 minutes'}"
5reM7jR6dJDK1Nvj,1744460307630,429,Access limit reached,"{'error': 'Access limit reached', 'retry_after': '23 hours 40 minutes'}"
5reM7jR6dJDK1Nvj,1744460316630,429,Access limit reached,"{'error': 'Access limit reached', 'retry_after': '23 hours 40 minutes'}"
5reM7jR6dJDK1Nvj,1744460316630,429,Access limit reached,"{'error': 'Access limit reached', 'retry_after': '23 hours 40 minutes'}"
5reM7jR6dJDK1Nvj,1744460316630,429,Access limit reached,"{'error': 'Access limit reached', 'retry_after': '23 hours 40 minutes'}"
5reM7jR6dJDK1Nvj,1744460316630,429,Access limit reached,"{'error': 'Access limit reached', 'retry_after': '23 hours 40 minutes'}"
5reM7jR6dJDK1Nvj,1744460316630,429,Access limit reached,"{'error': 'Access limit reached', 'retry_after': '23 hours 40 minutes'}"
5reM7jR6dJDK1Nvj,1744460339630,429,Access limit reached,"{'error': 'Access limit reached', 'retry_after': '23 hours 40 minutes'}"
5reM7jR6dJDK1Nvj,1744460339630,429,Access limit reached,"{'error': 'Access limit reached', 'retry_after': '23 hours 40 minutes'}"
5reM7jR6dJDK1Nvj,1744460339630,429,Access limit reached,"{'error': 'Access limit reached', 'retry_after': '23 hours 40 minutes'}"
5reM7jR6dJDK1Nvj,1744460339630,429,Access limit reached,"{'error': 'Access limit reached', 'retry_after': '23 hours 40 minutes'}"
5reM7jR6dJDK1Nvj,1744460339630,429,Access limit reached,"{'error': 'Access limit reached', 'retry_after': '23 hours 40 minutes'}"
5reM7jR6dJDK1Nvj,1744460344630,429,Access limit reached,"{'error': 'Access limit reached', 'retry_after': '23 hours 40 minutes'}"
5reM7jR6dJDK1Nvj,1744460344630,429,Access limit reached,"{'error': 'Access limit reached', 'retry_after': '23 hours 40 minutes'}"
5reM7jR6dJDK1Nvj,1744460344630,429,Access limit reached,"{'error': 'Access limit reached', 'retry_after': '23 hours 40 minutes'}"
5reM7jR6dJDK1Nvj,1744460344630,429,Access limit reached,"{'error': 'Access limit reached', 'retry_after': '23 hours 40 minutes'}"
5reM7jR6dJDK1Nvj,1744460344630,429,Access limit reached,"{'error': 'Access limit reached', 'retry_after': '23 hours 40 minutes'}"
5reM7jR6dJDK1Nvj,1744460352630,429,Access limit reached,"{'error': 'Access limit reached', 'retry_after': '23 hours 40 minutes'}"
5reM7jR6dJDK1Nvj,1744460352630,429,Access limit reached,"{'error': 'Access limit reached', 'retry_after': '23 hours 40 minutes'}"
5reM7jR6dJDK1Nvj,1744460352630,429,Access limit reached,"{'error': 'Access limit reached', 'retry_after': '23 hours 40 minutes'}"
5reM7jR6dJDK1Nvj,1744460352630,429,Access limit reached,"{'error': 'Access limit reached', 'retry_after': '23 hours 40 minutes'}"
5reM7jR6dJDK1Nvj,1744460352630,429,Access limit reached,"{'error': 'Access limit reached', 'retry_after': '23 hours 40 minutes'}"
5reM7jR6dJDK1Nvj,1744460368630,429,Access limit reached,"{'error': 'Access limit reached', 'retry_after': '23 hours 40 minutes'}"
5reM7jR6dJDK1Nvj,1744460368630,429,Access limit reached,"{'error': 'Access limit reached', 'retry_after': '23 hours 40 minutes'}"
5reM7jR6dJDK1Nvj,1744460368630,429,Access limit reached,"{'error': 'Access limit reached', 'retry_after': '23 hours 40 minutes'}"
5reM7jR6dJDK1Nvj,1744460368630,429,Access limit reached,"{'error': 'Access limit reached', 'retry_after': '23 hours 40 minutes'}"
5reM7jR6dJDK1Nvj,1744460368630,429,Access limit reached,"{'error': 'Access limit reached', 'retry_after': '23 hours 40 minutes'}"
5reM7jR6dJDK1Nvj,1744460386630,429,Access limit reached,"{'error': 'Access limit reached', 'retry_after': '23 hours 40 minutes'}"
5reM7jR6dJDK1Nvj,1744460386630,429,Access limit reached,"{'error': 'Access limit reached', 'retry_after': '23 hours 40 minutes'}"
5reM7jR6dJDK1Nvj,1744460386630,429,Access limit reached,"{'error': 'Access limit reached', 'retry_after': '23 hours 40 minutes'}"
5reM7jR6dJDK1Nvj,1744460386630,429,Access limit reached,"{'error': 'Access limit reached', 'retry_after': '23 hours 40 minutes'}"
5reM7jR6dJDK1Nvj,1744460386630,429,Access limit reached,"{'error': 'Access limit reached', 'retry_after': '23 hours 40 minutes'}"
5reM7jR6dJDK1Nvj,1744460399630,429,Access limit reached,"{'error': 'Access limit reached', 'retry_after': '23 hours 40 minutes'}"
5reM7jR6dJDK1Nvj,1744460399630,429,Access limit reached,"{'error': 'Access limit reached', 'retry_after': '23 hours 40 minutes'}"
5reM7jR6dJDK1Nvj,1744460399630,429,Access limit reached,"{'error': 'Access limit reached', 'retry_after': '23 hours 40 minutes'}"
5reM7jR6dJDK1Nvj,1744460399630,429,Access limit reached,"{'error': 'Access limit reached', 'retry_after': '23 hours 40 minutes'}"
5reM7jR6dJDK1Nvj,1744460399630,429,Access limit reached,"{'error': 'Access limit reached', 'retry_after': '23 hours 40 minutes'}"
5reM7jR6dJDK1Nvj,1744460423630,429,Access limit reached,"{'error': 'Access limit reached', 'retry_after': '23 hours 40 minutes'}"
5reM7jR6dJDK1Nvj,1744460423630,429,Access limit reached,"{'error': 'Access limit reached', 'retry_after': '23 hours 40 minutes'}"
5reM7jR6dJDK1Nvj,1744460423630,429,Access limit reached,"{'error': 'Access limit reached', 'retry_after': '23 hours 40 minutes'}"
5reM7jR6dJDK1Nvj,1744460423630,429,Access limit reached,"{'error': 'Access limit reached', 'retry_after': '23 hours 40 minutes'}"
5reM7jR6dJDK1Nvj,1744460423630,429,Access limit reached,"{'error': 'Access limit reached', 'retry_after': '23 hours 40 minutes'}"
5reM7jR6dJDK1Nvj,1744460448630,429,Access limit reached,"{'error': 'Access limit reached', 'retry_after': '23 hours 40 minutes'}"
5reM7jR6dJDK1Nvj,1744460448630,429,Access limit reached,"{'error': 'Access limit reached', 'retry_after': '23 hours 40 minutes'}"
5reM7jR6dJDK1Nvj,1744460448630,429,Access limit reached,"{'error': 'Access limit reached', 'retry_after': '23 hours 40 minutes'}"
5reM7jR6dJDK1Nvj,1744460448630,429,Access limit reached,"{'error': 'Access limit reached', 'retry_after': '23 hours 40 minutes'}"
5reM7jR6dJDK1Nvj,1744460448630,429,Access limit reached,"{'error': 'Access limit reached', 'retry_after': '23 hours 40 minutes'}"
5reM7jR6dJDK1Nvj,1744460465630,429,Access limit reached,"{'error': 'Access limit reached', 'retry_after': '23 hours 40 minutes'}"
5reM7jR6dJDK1Nvj,1744460465630,429,Access limit reached,"{'error': 'Access limit reached', 'retry_after': '23 hours 40 minutes'}"
5reM7jR6dJDK1Nvj,1744460465630,429,Access limit reached,"{'error': 'Access limit reached', 'retry_after': '23 hours 40 minutes'}"
5reM7jR6dJDK1Nvj,1744460465630,429,Access limit reached,"{'error': 'Access limit reached', 'retry_after': '23 hours 40 minutes'}"
5reM7jR6dJDK1Nvj,1744460465630,429,Access limit reached,"{'error': 'Access limit reached', 'retry_after': '23 hours 40 minutes'}"
5reM7jR6dJDK1Nvj,1744460488630,429,Access limit reached,"{'error': 'Access limit reached', 'retry_after': '23 hours 40 minutes'}"
5reM7jR6dJDK1Nvj,1744460488630,429,Access limit reached,"{'error': 'Access limit reached', 'retry_after': '23 hours 40 minutes'}"
5reM7jR6dJDK1Nvj,1744460488630,429,Access limit reached,"{'error': 'Access limit reached', 'retry_after': '23 hours 40 minutes'}"
5reM7jR6dJDK1Nvj,1744460488630,429,Access limit reached,"{'error': 'Access limit reached', 'retry_after': '23 hours 40 minutes'}"
5reM7jR6dJDK1Nvj,1744460488630,429,Access limit reached,"{'error': 'Access limit reached', 'retry_after': '23 hours 40 minutes'}"
5reM7jR6dJDK1Nvj,1744460509630,429,Access limit reached,"{'error': 'Access limit reached', 'retry_after': '23 hours 40 minutes'}"
5reM7jR6dJDK1Nvj,1744460509630,429,Access limit reached,"{'error': 'Access limit reached', 'retry_after': '23 hours 40 minutes'}"
5reM7jR6dJDK1Nvj,1744460509630,429,Access limit reached,"{'error': 'Access limit reached', 'retry_after': '23 hours 40 minutes'}"
5reM7jR6dJDK1Nvj,1744460509630,429,Access limit reached,"{'error': 'Access limit reached', 'retry_after': '23 hours 40 minutes'}"
5reM7jR6dJDK1Nvj,1744460509630,429,Access limit reached,"{'error': 'Access limit reached', 'retry_after': '23 hours 40 minutes'}"
5reM7jR6dJDK1Nvj,1744460535630,429,Access limit reached,"{'error': 'Access limit reached', 'retry_after': '23 hours 40 minutes'}"
5reM7jR6dJDK1Nvj,1744460535630,429,Access limit reached,"{'error': 'Access limit reached', 'retry_after': '23 hours 40 minutes'}"
5reM7jR6dJDK1Nvj,1744460535630,429,Access limit reached,"{'error': 'Access limit reached', 'retry_after': '23 hours 40 minutes'}"
5reM7jR6dJDK1Nvj,1744460535630,429,Access limit reached,"{'error': 'Access limit reached', 'retry_after': '23 hours 40 minutes'}"
5reM7jR6dJDK1Nvj,1744460535630,429,Access limit reached,"{'error': 'Access limit reached', 'retry_after': '23 hours 40 minutes'}"
5reM7jR6dJDK1Nvj,1744460553630,429,Access limit reached,"{'error': 'Access limit reached', 'retry_after': '23 hours 40 minutes'}"
5reM7jR6dJDK1Nvj,1744460553630,429,Access limit reached,"{'error': 'Access limit reached', 'retry_after': '23 hours 40 minutes'}"
5reM7jR6dJDK1Nvj,1744460553630,429,Access limit reached,"{'error': 'Access limit reached', 'retry_after': '23 hours 40 minutes'}"
5reM7jR6dJDK1Nvj,1744460553630,429,Access limit reached,"{'error': 'Access limit reached', 'retry_after': '23 hours 40 minutes'}"
5reM7jR6dJDK1Nvj,1744460553630,429,Access limit reached,"{'error': 'Access limit reached', 'retry_after': '23 hours 40 minutes'}"
5reM7jR6dJDK1Nvj,1744460564630,429,Access limit reached,"{'error': 'Access limit reached', 'retry_after': '23 hours 40 minutes'}"
5reM7jR6dJDK1Nvj,1744460564630,429,Access limit reached,"{'error': 'Access limit reached', 'retry_after': '23 hours 40 minutes'}"
5reM7jR6dJDK1Nvj,1744460564630,429,Access limit reached,"{'error': 'Access limit reached', 'retry_after': '23 hours 40 minutes'}"
5reM7jR6dJDK1Nvj,1744460564630,429,Access limit reached,"{'error': 'Access limit reached', 'retry_after': '23 hours 40 minutes'}"
5reM7jR6dJDK1Nvj,1744460564630,429,Access limit reached,"{'error': 'Access limit reached', 'retry_after': '23 hours 40 minutes'}"
5reM7jR6dJDK1Nvj,1744460585630,429,Access limit reached,"{'error': 'Access limit reached', 'retry_after': '23 hours 40 minutes'}"
5reM7jR6dJDK1Nvj,1744460585630,429,Access limit reached,"{'error': 'Access limit reached', 'retry_after': '23 hours 40 minutes'}"
5reM7jR6dJDK1Nvj,1744460585630,429,Access limit reached,"{'error': 'Access limit reached', 'retry_after': '23 hours 40 minutes'}"
5reM7jR6dJDK1Nvj,1744460585630,429,Access limit reached,"{'error': 'Access limit reached', 'retry_after': '23 hours 40 minutes'}"
5reM7jR6dJDK1Nvj,1744460585630,429,Access limit reached,"{'error': 'Access limit reached', 'retry_after': '23 hours 40 minutes'}"
5reM7jR6dJDK1Nvj,1744460605630,429,Access limit reached,"{'error': 'Access limit reached', 'retry_after': '23 hours 40 minutes'}"
5reM7jR6dJDK1Nvj,1744460605630,429,Access limit reached,"{'error': 'Access limit reached', 'retry_after': '23 hours 40 minutes'}"
5reM7jR6dJDK1Nvj,1744460605630,429,Access limit reached,"{'error': 'Access limit reached', 'retry_after': '23 hours 40 minutes'}"
5reM7jR6dJDK1Nvj,1744460605630,429,Access limit reached,"{'error': 'Access limit reached', 'retry_after': '23 hours 40 minutes'}"
5reM7jR6dJDK1Nvj,1744460605630,429,Access limit reached,"{'error': 'Access limit reached', 'retry_after': '23 hours 40 minutes'}"
5reM7jR6dJDK1Nvj,1744460632630,429,Access limit reached,"{'error': 'Access limit reached', 'retry_after': '23 hours 40 minutes'}"
5reM7jR6dJDK1Nvj,1744460632630,429,Access limit reached,"{'error': 'Access limit reached', 'retry_after': '23 hours 40 minutes'}"
5reM7jR6dJDK1Nvj,1744460632630,429,Access limit reached,"{'error': 'Access limit reached', 'retry_after': '23 hours 40 minutes'}"
5reM7jR6dJDK1Nvj,1744460632630,429,Access limit reached,"{'error': 'Access limit reached', 'retry_after': '23 hours 40 minutes'}"
5reM7jR6dJDK1Nvj,1744460632630,429,Access limit reached,"{'error': 'Access limit reached', 'retry_after': '23 hours 40 minutes'}"
5reM7jR6dJDK1Nvj,1744460648630,429,Access limit reached,"{'error': 'Access limit reached', 'retry_after': '23 hours 40 minutes'}"
5reM7jR6dJDK1Nvj,1744460648630,429,Access limit reached,"{'error': 'Access limit reached', 'retry_after': '23 hours 40 minutes'}"
5reM7jR6dJDK1Nvj,1744460648630,429,Access limit reached,"{'error': 'Access limit reached', 'retry_after': '23 hours 40 minutes'}"
5reM7jR6dJDK1Nvj,1744460648630,429,Access limit reached,"{'error': 'Access limit reached', 'retry_after': '23 hours 40 minutes'}"
5reM7jR6dJDK1Nvj,1744460648630,429,Access limit reached,"{'error': 'Access limit reached', 'retry_after': '23 hours 40 minutes'}"
5reM7jR6dJDK1Nvj,1744460670630,429,Access limit reached,"{'error': 'Access limit reached', 'retry_after': '23 hours 40 minutes'}"
5reM7jR6dJDK1Nvj,1744460670630,429,Access limit reached,"{'error': 'Access limit reached', 'retry_after': '23 hours 40 minutes'}"
5reM7jR6dJDK1Nvj,1744460670630,429,Access limit reached,"{'error': 'Access limit reached', 'retry_after': '23 hours 40 minutes'}"
5reM7jR6dJDK1Nvj,1744460670630,429,Access limit reached,"{'error': 'Access limit reached', 'retry_after': '23 hours 40 minutes'}"
5reM7jR6dJDK1Nvj,1744460670630,429,Access limit reached,"{'error': 'Access limit reached', 'retry_after': '23 hours 40 minutes'}"
5reM7jR6dJDK1Nvj,1744460693630,429,Access limit reached,"{'error': 'Access limit reached', 'retry_after': '23 hours 40 minutes'}"
5reM7jR6dJDK1Nvj,1744460693630,429,Access limit reached,"{'error': 'Access limit reached', 'retry_after': '23 hours 40 minutes'}"
5reM7jR6dJDK1Nvj,1744460693630,429,Access limit reached,"{'error': 'Access limit reached', 'retry_after': '23 hours 40 minutes'}"
5reM7jR6dJDK1Nvj,1744460693630,429,Access limit reached,"{'error': 'Access limit reached', 'retry_after': '23 hours 40 minutes'}"
5reM7jR6dJDK1Nvj,1744460693630,429,Access limit reached,"{'error': 'Access limit reached', 'retry_after': '23 hours 40 minutes'}"
5reM7jR6dJDK1Nvj,1744460708630,429,Access limit reached,"{'error': 'Access limit reached', 'retry_after': '23 hours 40 minutes'}"
5reM7jR6dJDK1Nvj,1744460708630,429,Access limit reached,"{'error': 'Access limit reached', 'retry_after': '23 hours 40 minutes'}"
5reM7jR6dJDK1Nvj,1744460708630,429,Access limit reached,"{'error': 'Access limit reached', 'retry_after': '23 hours 40 minutes'}"
5reM7jR6dJDK1Nvj,1744460708630,429,Access limit reached,"{'error': 'Access limit reached', 'retry_after': '23 hours 40 minutes'}"
5reM7jR6dJDK1Nvj,1744460708630,429,Access limit reached,"{'error': 'Access limit reached', 'retry_after': '23 hours 40 minutes'}"
5reM7jR6dJDK1Nvj,1744460716630,429,Access limit reached,"{'error': 'Access limit reached', 'retry_after': '23 hours 40 minutes'}"
5reM7jR6dJDK1Nvj,1744460716630,429,Access limit reached,"{'error': 'Access limit reached', 'retry_after': '23 hours 40 minutes'}"
5reM7jR6dJDK1Nvj,1744460716630,429,Access limit reached,"{'error': 'Access limit reached', 'retry_after': '23 hours 40 minutes'}"
5reM7jR6dJDK1Nvj,1744460716630,429,Access limit reached,"{'error': 'Access limit reached', 'retry_after': '23 hours 40 minutes'}"
5reM7jR6dJDK1Nvj,1744460716630,429,Access limit reached,"{'error': 'Access limit reached', 'retry_after': '23 hours 40 minutes'}"
5reM7jR6dJDK1Nvj,1744460741630,429,Access limit reached,"{'error': 'Access limit reached', 'retry_after': '23 hours 40 minutes'}"
5reM7jR6dJDK1Nvj,1744460741630,429,Access limit reached,"{'error': 'Access limit reached', 'retry_after': '23 hours 40 minutes'}"
5reM7jR6dJDK1Nvj,1744460741630,429,Access limit reached,"{'error': 'Access limit reached', 'retry_after': '23 hours 40 minutes'}"
5reM7jR6dJDK1Nvj,1744460741630,429,Access limit reached,"{'error': 'Access limit reached', 'retry_after': '23 hours 40 minutes'}"
5reM7jR6dJDK1Nvj,1744460741630,429,Access limit reached,"{'error': 'Access limit reached', 'retry_after': '23 hours 40 minutes'}"
5reM7jR6dJDK1Nvj,1744460766630,429,Access limit reached,"{'error': 'Access limit reached', 'retry_after': '23 hours 40 minutes'}"
5reM7jR6dJDK1Nvj,1744460766630,429,Access limit reached,"{'error': 'Access limit reached', 'retry_after': '23 hours 40 minutes'}"
5reM7jR6dJDK1Nvj,1744460766630,429,Access limit reached,"{'error': 'Access limit reached', 'retry_after': '23 hours 40 minutes'}"
5reM7jR6dJDK1Nvj,1744460766630,429,Access limit reached,"{'error': 'Access limit reached', 'retry_after': '23 hours 40 minutes'}"
5reM7jR6dJDK1Nvj,1744460766630,429,Access limit reached,"{'error': 'Access limit reached', 'retry_after': '23 hours 40 minutes'}"
5reM7jR6dJDK1Nvj,1744460795630,429,Access limit reached,"{'error': 'Access limit reached', 'retry_after': '23 hours 40 minutes'}"
5reM7jR6dJDK1Nvj,1744460795630,429,Access limit reached,"{'error': 'Access limit reached', 'retry_after': '23 hours 40 minutes'}"
5reM7jR6dJDK1Nvj,1744460795630,429,Access limit reached,"{'error': 'Access limit reached', 'retry_after': '23 hours 40 minutes'}"
5reM7jR6dJDK1Nvj,1744460795630,429,Access limit reached,"{'error': 'Access limit reached', 'retry_after': '23 hours 40 minutes'}"
5reM7jR6dJDK1Nvj,1744460795630,429,Access limit reached,"{'error': 'Access limit reached', 'retry_after': '23 hours 40 minutes'}"
5reM7jR6dJDK1Nvj,1744460811630,429,Access limit reached,"{'error': 'Access limit reached', 'retry_after': '23 hours 40 minutes'}"
5reM7jR6dJDK1Nvj,1744460811630,429,Access limit reached,"{'error': 'Access limit reached', 'retry_after': '23 hours 40 minutes'}"
5reM7jR6dJDK1Nvj,1744460811630,429,Access limit reached,"{'error': 'Access limit reached', 'retry_after': '23 hours 40 minutes'}"
5reM7jR6dJDK1Nvj,1744460811630,429,Access limit reached,"{'error': 'Access limit reached', 'retry_after': '23 hours 40 minutes'}"
5reM7jR6dJDK1Nvj,1744460811630,429,Access limit reached,"{'error': 'Access limit reached', 'retry_after': '23 hours 40 minutes'}"
5reM7jR6dJDK1Nvj,1744460828630,429,Access limit reached,"{'error': 'Access limit reached', 'retry_after': '23 hours 40 minutes'}"
5reM7jR6dJDK1Nvj,1744460828630,429,Access limit reached,"{'error': 'Access limit reached', 'retry_after': '23 hours 40 minutes'}"
5reM7jR6dJDK1Nvj,1744460828630,429,Access limit reached,"{'error': 'Access limit reached', 'retry_after': '23 hours 40 minutes'}"
5reM7jR6dJDK1Nvj,1744460828630,429,Access limit reached,"{'error': 'Access limit reached', 'retry_after': '23 hours 40 minutes'}"
5reM7jR6dJDK1Nvj,1744460828630,429,Access limit reached,"{'error': 'Access limit reached', 'retry_after': '23 hours 40 minutes'}"
5reM7jR6dJDK1Nvj,1744460840630,429,Access limit reached,"{'error': 'Access limit reached', 'retry_after': '23 hours 40 minutes'}"
5reM7jR6dJDK1Nvj,1744460840630,429,Access limit reached,"{'error': 'Access limit reached', 'retry_after': '23 hours 40 minutes'}"
5reM7jR6dJDK1Nvj,1744460840630,429,Access limit reached,"{'error': 'Access limit reached', 'retry_after': '23 hours 40 minutes'}"
5reM7jR6dJDK1Nvj,1744460840630,429,Access limit reached,"{'error': 'Access limit reached', 'retry_after': '23 hours 40 minutes'}"
5reM7jR6dJDK1Nvj,1744460840630,429,Access limit reached,"{'error': 'Access limit reached', 'retry_after': '23 hours 40 minutes'}"
5reM7jR6dJDK1Nvj,1744460870630,429,Access limit reached,"{'error': 'Access limit reached', 'retry_after': '23 hours 40 minutes'}"
5reM7jR6dJDK1Nvj,1744460870630,429,Access limit reached,"{'error': 'Access limit reached', 'retry_after': '23 hours 40 minutes'}"
5reM7jR6dJDK1Nvj,1744460870630,429,Access limit reached,"{'error': 'Access limit reached', 'retry_after': '23 hours 40 minutes'}"
5reM7jR6dJDK1Nvj,1744460870630,429,Access limit reached,"{'error': 'Access limit reached', 'retry_after': '23 hours 40 minutes'}"
5reM7jR6dJDK1Nvj,1744460870630,429,Access limit reached,"{'error': 'Access limit reached', 'retry_after': '23 hours 40 minutes'}"
5reM7jR6dJDK1Nvj,1744460880630,429,Access limit reached,"{'error': 'Access limit reached', 'retry_after': '23 hours 40 minutes'}"
5reM7jR6dJDK1Nvj,1744460880630,429,Access limit reached,"{'error': 'Access limit reached', 'retry_after': '23 hours 40 minutes'}"
5reM7jR6dJDK1Nvj,1744460880630,429,Access limit reached,"{'error': 'Access limit reached', 'retry_after': '23 hours 40 minutes'}"
5reM7jR6dJDK1Nvj,1744460880630,429,Access limit reached,"{'error': 'Access limit reached', 'retry_after': '23 hours 40 minutes'}"
5reM7jR6dJDK1Nvj,1744460880630,429,Access limit reached,"{'error': 'Access limit reached', 'retry_after': '23 hours 40 minutes'}"
5reM7jR6dJDK1Nvj,1744460894630,429,Access limit reached,"{'error': 'Access limit reached', 'retry_after': '23 hours 40 minutes'}"
5reM7jR6dJDK1Nvj,1744460894630,429,Access limit reached,"{'error': 'Access limit reached', 'retry_after': '23 hours 40 minutes'}"
5reM7jR6dJDK1Nvj,1744460894630,429,Access limit reached,"{'error': 'Access limit reached', 'retry_after': '23 hours 40 minutes'}"
5reM7jR6dJDK1Nvj,1744460894630,429,Access limit reached,"{'error': 'Access limit reached', 'retry_after': '23 hours 40 minutes'}"
5reM7jR6dJDK1Nvj,1744460894630,429,Access limit reached,"{'error': 'Access limit reached', 'retry_after': '23 hours 40 minutes'}"
5reM7jR6dJDK1Nvj,1744460902630,429,Access limit reached,"{'error': 'Access limit reached', 'retry_after': '23 hours 40 minutes'}"
5reM7jR6dJDK1Nvj,1744460902630,429,Access limit reached,"{'error': 'Access limit reached', 'retry_after': '23 hours 40 minutes'}"
5reM7jR6dJDK1Nvj,1744460902630,429,Access limit reached,"{'error': 'Access limit reached', 'retry_after': '23 hours 40 minutes'}"
5reM7jR6dJDK1Nvj,1744460902630,429,Access limit reached,"{'error': 'Access limit reached', 'retry_after': '23 hours 40 minutes'}"
5reM7jR6dJDK1Nvj,1744460902630,429,Access limit reached,"{'error': 'Access limit reached', 'retry_after': '23 hours 40 minutes'}"
5reM7jR6dJDK1Nvj,1744460911630,429,Access limit reached,"{'error': 'Access limit reached', 'retry_after': '23 hours 40 minutes'}"
5reM7jR6dJDK1Nvj,1744460911630,429,Access limit reached,"{'error': 'Access limit reached', 'retry_after': '23 hours 40 minutes'}"
5reM7jR6dJDK1Nvj,1744460911630,429,Access limit reached,"{'error': 'Access limit reached', 'retry_after': '23 hours 40 minutes'}"
5reM7jR6dJDK1Nvj,1744460911630,429,Access limit reached,"{'error': 'Access limit reached', 'retry_after': '23 hours 40 minutes'}"
5reM7jR6dJDK1Nvj,1744460911630,429,Access limit reached,"{'error': 'Access limit reached', 'retry_after': '23 hours 40 minutes'}"
5reM7jR6dJDK1Nvj,1744460939630,429,Access limit reached,"{'error': 'Access limit reached', 'retry_after': '23 hours 40 minutes'}"
5reM7jR6dJDK1Nvj,1744460939630,429,Access limit reached,"{'error': 'Access limit reached', 'retry_after': '23 hours 40 minutes'}"
5reM7jR6dJDK1Nvj,1744460939630,429,Access limit reached,"{'error': 'Access limit reached', 'retry_after': '23 hours 40 minutes'}"
5reM7jR6dJDK1Nvj,1744460939630,429,Access limit reached,"{'error': 'Access limit reached', 'retry_after': '23 hours 40 minutes'}"
5reM7jR6dJDK1Nvj,1744460939630,429,Access limit reached,"{'error': 'Access limit reached', 'retry_after': '23 hours 40 minutes'}"
5reM7jR6dJDK1Nvj,1744460962630,429,Access limit reached,"{'error': 'Access limit reached', 'retry_after': '23 hours 40 minutes'}"
5reM7jR6dJDK1Nvj,1744460962630,429,Access limit reached,"{'error': 'Access limit reached', 'retry_after': '23 hours 40 minutes'}"
5reM7jR6dJDK1Nvj,1744460962630,429,Access limit reached,"{'error': 'Access limit reached', 'retry_after': '23 hours 40 minutes'}"
5reM7jR6dJDK1Nvj,1744460962630,429,Access limit reached,"{'error': 'Access limit reached', 'retry_after': '23 hours 40 minutes'}"
5reM7jR6dJDK1Nvj,1744460962630,429,Access limit reached,"{'error': 'Access limit reached', 'retry_after': '23 hours 40 minutes'}"
5reM7jR6dJDK1Nvj,1744460985630,429,Access limit reached,"{'error': 'Access limit reached', 'retry_after': '23 hours 40 minutes'}"
5reM7jR6dJDK1Nvj,1744460985630,429,Access limit reached,"{'error': 'Access limit reached', 'retry_after': '23 hours 40 minutes'}"
5reM7jR6dJDK1Nvj,1744460985630,429,Access limit reached,"{'error': 'Access limit reached', 'retry_after': '23 hours 40 minutes'}"
5reM7jR6dJDK1Nvj,1744460985630,429,Access limit reached,"{'error': 'Access limit reached', 'retry_after': '23 hours 40 minutes'}"
5reM7jR6dJDK1Nvj,1744460985630,429,Access limit reached,"{'error': 'Access limit reached', 'retry_after': '23 hours 40 minutes'}"
5reM7jR6dJDK1Nvj,1744460994630,429,Access limit reached,"{'error': 'Access limit reached', 'retry_after': '23 hours 40 minutes'}"
5reM7jR6dJDK1Nvj,1744460994630,429,Access limit reached,"{'error': 'Access limit reached', 'retry_after': '23 hours 40 minutes'}"
5reM7jR6dJDK1Nvj,1744460994630,429,Access limit reached,"{'error': 'Access limit reached', 'retry_after': '23 hours 40 minutes'}"
5reM7jR6dJDK1Nvj,1744460994630,429,Access limit reached,"{'error': 'Access limit reached', 'retry_after': '23 hours 40 minutes'}"
5reM7jR6dJDK1Nvj,1744460994630,429,Access limit reached,"{'error': 'Access limit reached', 'retry_after': '23 hours 40 minutes'}"
5reM7jR6dJDK1Nvj,1744461019630,429,Access limit reached,"{'error': 'Access limit reached', 'retry_after': '23 hours 40 minutes'}"
5reM7jR6dJDK1Nvj,1744461019630,429,Access limit reached,"{'error': 'Access limit reached', 'retry_after': '23 hours 40 minutes'}"
5reM7jR6dJDK1Nvj,1744461019630,429,Access limit reached,"{'error': 'Access limit reached', 'retry_after': '23 hours 40 minutes'}"
5reM7jR6dJDK1Nvj,1744461019630,429,Access limit reached,"{'error': 'Access limit reached', 'retry_after': '23 hours 40 minutes'}"
5reM7jR6dJDK1Nvj,1744461019630,429,Access limit reached,"{'error': 'Access limit reached', 'retry_after': '23 hours 40 minutes'}"
5reM7jR6dJDK1Nvj,1744461028630,429,Access limit reached,"{'error': 'Access limit reached', 'retry_after': '23 hours 40 minutes'}"
5reM7jR6dJDK1Nvj,1744461028630,429,Access limit reached,"{'error': 'Access limit reached', 'retry_after': '23 hours 40 minutes'}"
5reM7jR6dJDK1Nvj,1744461028630,429,Access limit reached,"{'error': 'Access limit reached', 'retry_after': '23 hours 40 minutes'}"
5reM7jR6dJDK1Nvj,1744461028630,429,Access limit reached,"{'error': 'Access limit reached', 'retry_after': '23 hours 40 minutes'}"
5reM7jR6dJDK1Nvj,1744461028630,429,Access limit reached,"{'error': 'Access limit reached', 'retry_after': '23 hours 40 minutes'}"
5reM7jR6dJDK1Nvj,1744461035630,429,Access limit reached,"{'error': 'Access limit reached', 'retry_after': '23 hours 40 minutes'}"
5reM7jR6dJDK1Nvj,1744461035630,429,Access limit reached,"{'error': 'Access limit reached', 'retry_after': '23 hours 40 minutes'}"
5reM7jR6dJDK1Nvj,1744461035630,429,Access limit reached,"{'error': 'Access limit reached', 'retry_after': '23 hours 40 minutes'}"
5reM7jR6dJDK1Nvj,1744461035630,429,Access limit reached,"{'error': 'Access limit reached', 'retry_after': '23 hours 40 minutes'}"
5reM7jR6dJDK1Nvj,1744461035630,429,Access limit reached,"{'error': 'Access limit reached', 'retry_after': '23 hours 40 minutes'}"
5reM7jR6dJDK1Nvj,1744461051630,429,Access limit reached,"{'error': 'Access limit reached', 'retry_after': '23 hours 40 minutes'}"
5reM7jR6dJDK1Nvj,1744461051630,429,Access limit reached,"{'error': 'Access limit reached', 'retry_after': '23 hours 40 minutes'}"
5reM7jR6dJDK1Nvj,1744461051630,429,Access limit reached,"{'error': 'Access limit reached', 'retry_after': '23 hours 40 minutes'}"
5reM7jR6dJDK1Nvj,1744461051630,429,Access limit reached,"{'error': 'Access limit reached', 'retry_after': '23 hours 40 minutes'}"
5reM7jR6dJDK1Nvj,1744461051630,429,Access limit reached,"{'error': 'Access limit reached', 'retry_after': '23 hours 40 minutes'}"
5reM7jR6dJDK1Nvj,1744461074630,429,Access limit reached,"{'error': 'Access limit reached', 'retry_after': '23 hours 40 minutes'}"
5reM7jR6dJDK1Nvj,1744461074630,429,Access limit reached,"{'error': 'Access limit reached', 'retry_after': '23 hours 40 minutes'}"
5reM7jR6dJDK1Nvj,1744461074630,429,Access limit reached,"{'error': 'Access limit reached', 'retry_after': '23 hours 40 minutes'}"
5reM7jR6dJDK1Nvj,1744461074630,429,Access limit reached,"{'error': 'Access limit reached', 'retry_after': '23 hours 40 minutes'}"
5reM7jR6dJDK1Nvj,1744461074630,429,Access limit reached,"{'error': 'Access limit reached', 'retry_after': '23 hours 40 minutes'}"
5reM7jR6dJDK1Nvj,1744461084630,429,Access limit reached,"{'error': 'Access limit reached', 'retry_after': '23 hours 40 minutes'}"
5reM7jR6dJDK1Nvj,1744461084630,429,Access limit reached,"{'error': 'Access limit reached', 'retry_after': '23 hours 40 minutes'}"
5reM7jR6dJDK1Nvj,1744461084630,429,Access limit reached,"{'error': 'Access limit reached', 'retry_after': '23 hours 40 minutes'}"
5reM7jR6dJDK1Nvj,1744461084630,429,Access limit reached,"{'error': 'Access limit reached', 'retry_after': '23 hours 40 minutes'}"
5reM7jR6dJDK1Nvj,1744461084630,429,Access limit reached,"{'error': 'Access limit reached', 'retry_after': '23 hours 40 minutes'}"
aszabQWSCjYcWD9a,1744461105630,200,Success,"{'message': 'Success', 'quote': 'The purpose of our lives is to be happy.', 'writer': 'Dalai Lama'}"
aszabQWSCjYcWD9a,1744461105630,400,Already Existing Data,{'error': 'Already Existing Data'}
aszabQWSCjYcWD9a,1744461105630,400,Already Existing Data,{'error': 'Already Existing Data'}
aszabQWSCjYcWD9a,1744461105630,400,Already Existing Data,{'error': 'Already Existing Data'}
aszabQWSCjYcWD9a,1744461105630,400,Already Existing Data,{'error': 'Already Existing Data'}
aszabQWSCjYcWD9a,1744461128630,200,Success,"{'message': 'Success', 'quote': 'Get busy living or get busy dying.', 'writer': 'Stephen King'}"
aszabQWSCjYcWD9a,1744461128630,400,Already Existing Data,{'error': 'Already Existing Data'}
aszabQWSCjYcWD9a,1744461128630,400,Already Existing Data,{'error': 'Already Existing Data'}
aszabQWSCjYcWD9a,1744461128630,400,Already Existing Data,{'error': 'Already Existing Data'}
aszabQWSCjYcWD9a,1744461128630,400,Already Existing Data,{'error': 'Already Existing Data'}
aszabQWSCjYcWD9a,1744461152630,200,Success,"{'message': 'Success', 'quote': 'Do what you can, with what you have, where you are.', 'writer': 'Theodore Roosevelt'}"
aszabQWSCjYcWD9a,1744461152630,400,Already Existing Data,{'error': 'Already Existing Data'}
aszabQWSCjYcWD9a,1744461152630,400,Already Existing Data,{'error': 'Already Existing Data'}
aszabQWSCjYcWD9a,1744461152630,400,Already Existing Data,{'error': 'Already Existing Data'}
aszabQWSCjYcWD9a,1744461152630,400,Already Existing Data,{'error': 'Already Existing Data'}
aszabQWSCjYcWD9a,1744461179630,200,Success,"{'message': 'Success', 'quote': ""Don't watch the clock; do what it does. Keep going."", 'writer': 'Sam Levenson'}"
aszabQWSCjYcWD9a,1744461179630,400,Already Existing Data,{'error': 'Already Existing Data'}
aszabQWSCjYcWD9a,1744461179630,400,Already Existing Data,{'error': 'Already Existing Data'}
aszabQWSCjYcWD9a,1744461179630,400,Already Existing Data,{'error': 'Already Existing Data'}
aszabQWSCjYcWD9a,1744461179630,400,Already Existing Data,{'error': 'Already Existing Data'}
aszabQWSCjYcWD9a,1744461193630,200,Success,"{'message': 'Success', 'quote': ""Believe you can and you're halfway there."", 'writer': 'Theodore Roosevelt'}"
aszabQWSCjYcWD9a,1744461193630,400,Already Existing Data,{'error': 'Already Existing Data'}
aszabQWSCjYcWD9a,1744461193630,400,Already Existing Data,{'error': 'Already Existing Data'}
aszabQWSCjYcWD9a,1744461193630,400,Already Existing Data,{'error': 'Already Existing Data'}
aszabQWSCjYcWD9a,1744461193630,400,Already Existing Data,{'error': 'Already Existing Data'}
aszabQWSCjYcWD9a,1744461202630,200,Success,"{'message': 'Success', 'quote': 'I never dreamed about success. I worked for it.', 'writer': 'Estee Lauder'}"
aszabQWSCjYcWD9a,1744461202630,400,Already Existing Data,{'error': 'Already Existing Data'}
aszabQWSCjYcWD9a,1744461202630,400,Already Existing Data,{'error': 'Already Existing Data'}
aszabQWSCjYcWD9a,1744461202630,400,Already Existing Data,{'error': 'Already Existing Data'}
aszabQWSCjYcWD9a,1744461202630,400,Already Existing Data,{'error': 'Already Existing Data'}
aszabQWSCjYcWD9a,1744461213630,200,Success,"{'message': 'Success', 'quote': 'Everything you can imagine is real.', 'writer': 'Pablo Picasso'}"
aszabQWSCjYcWD9a,1744461213630,400,Already Existing Data,{'error': 'Already Existing Data'}
aszabQWSCjYcWD9a,1744461213630,400,Already Existing Data,{'error': 'Already Existing Data'}
aszabQWSCjYcWD9a,1744461213630,400,Already Existing Data,{'error': 'Already Existing Data'}
aszabQWSCjYcWD9a,1744461213630,400,Already Existing Data,{'error': 'Already Existing Data'}
aszabQWSCjYcWD9a,1744461222630,200,Success,"{'message': 'Success', 'quote': 'Everything you can imagine is real.', 'writer': 'Pablo Picasso'}"
aszabQWSCjYcWD9a,1744461222630,400,Already Existing Data,{'error': 'Already Existing Data'}
aszabQWSCjYcWD9a,1744461222630,400,Already Existing Data,{'error': 'Already Existing Data'}
aszabQWSCjYcWD9a,1744461222630,400,Already Existing Data,{'error': 'Already Existing Data'}
aszabQWSCjYcWD9a,1744461222630,400,Already Existing Data,{'error': 'Already Existing Data'}
aszabQWSCjYcWD9a,1744461249630,200,Success,"{'message': 'Success', 'quote': 'Small deeds done are better than great deeds planned.', 'writer': 'Peter Marshall'}"
aszabQWSCjYcWD9a,1744461249630,400,Already Existing Data,{'error': 'Already Existing Data'}
aszabQWSCjYcWD9a,1744461249630,400,Already Existing Data,{'error': 'Already Existing Data'}
aszabQWSCjYcWD9a,1744461249630,400,Already Existing Data,{'error': 'Already Existing Data'}
aszabQWSCjYcWD9a,1744461249630,400,Already Existing Data,{'error': 'Already Existing Data'}
aszabQWSCjYcWD9a,1744461265630,200,Success,"{'message': 'Success', 'quote': 'What you get by achieving your goals is not as important as what you become by achieving your goals.', 'writer': 'Zig Ziglar'}"
aszabQWSCjYcWD9a,1744461265630,400,Already Existing Data,{'error': 'Already Existing Data'}
aszabQWSCjYcWD9a,1744461265630,400,Already Existing Data,{'error': 'Already Existing Data'}
aszabQWSCjYcWD9a,1744461265630,400,Already Existing Data,{'error': 'Already Existing Data'}
aszabQWSCjYcWD9a,1744461265630,400,Already Existing Data,{'error': 'Already Existing Data'}
aszabQWSCjYcWD9a,1744461279630,200,Success,"{'message': 'Success', 'quote': 'Don’t count the days, make the days count.', 'writer': 'Muhammad Ali'}"
aszabQWSCjYcWD9a,1744461279630,400,Already Existing Data,{'error': 'Already Existing Data'}
aszabQWSCjYcWD9a,1744461279630,400,Already Existing Data,{'error': 'Already Existing Data'}
aszabQWSCjYcWD9a,1744461279630,400,Already Existing Data,{'error': 'Already Existing Data'}
aszabQWSCjYcWD9a,1744461279630,400,Already Existing Data,{'error': 'Already Existing Data'}
aszabQWSCjYcWD9a,1744461289630,200,Success,"{'message': 'Success', 'quote': 'Get busy living or get busy dying.', 'writer': 'Stephen King'}"
aszabQWSCjYcWD9a,1744461289630,400,Already Existing Data,{'error': 'Already Existing Data'}
aszabQWSCjYcWD9a,1744461289630,400,Already Existing Data,{'error': 'Already Existing Data'}
aszabQWSCjYcWD9a,1744461289630,400,Already Existing Data,{'error': 'Already Existing Data'}
aszabQWSCjYcWD9a,1744461289630,400,Already Existing Data,{'error': 'Already Existing Data'}
aszabQWSCjYcWD9a,1744461298630,200,Success,"{'message': 'Success', 'quote': 'You have within you right now, everything you need to deal with whatever the world can throw at you.', 'writer': 'Brian Tracy'}"
aszabQWSCjYcWD9a,1744461298630,400,Already Existing Data,{'error': 'Already Existing Data'}
aszabQWSCjYcWD9a,1744461298630,400,Already Existing Data,{'error': 'Already Existing Data'}
aszabQWSCjYcWD9a,1744461298630,400,Already Existing Data,{'error': 'Already Existing Data'}
aszabQWSCjYcWD9a,1744461298630,400,Already Existing Data,{'error': 'Already Existing Data'}
aszabQWSCjYcWD9a,1744461305630,200,Success,"{'message': 'Success', 'quote': 'Success is getting what you want. Happiness is wanting what you get.', 'writer': 'Dale Carnegie'}"
aszabQWSCjYcWD9a,1744461305630,400,Already Existing Data,{'error': 'Already Existing Data'}
aszabQWSCjYcWD9a,1744461305630,400,Already Existing Data,{'error': 'Already Existing Data'}
aszabQWSCjYcWD9a,1744461305630,400,Already Existing Data,{'error': 'Already Existing Data'}
aszabQWSCjYcWD9a,1744461305630,400,Already Existing Data,{'error': 'Already Existing Data'}
aszabQWSCjYcWD9a,1744461311630,200,Success,"{'message': 'Success', 'quote': 'You must be the change you wish to see in the world.', 'writer': 'Mahatma Gandhi'}"
aszabQWSCjYcWD9a,1744461311630,400,Already Existing Data,{'error': 'Already Existing Data'}
aszabQWSCjYcWD9a,1744461311630,400,Already Existing Data,{'error': 'Already Existing Data'}
aszabQWSCjYcWD9a,1744461311630,400,Already Existing Data,{'error': 'Already Existing Data'}
aszabQWSCjYcWD9a,1744461311630,400,Already Existing Data,{'error': 'Already Existing Data'}
aszabQWSCjYcWD9a,1744461325630,200,Success,"{'message': 'Success', 'quote': 'You have within you right now, everything you need to deal with whatever the world can throw at you.', 'writer': 'Brian Tracy'}"
aszabQWSCjYcWD9a,1744461325630,400,Already Existing Data,{'error': 'Already Existing Data'}
aszabQWSCjYcWD9a,1744461325630,400,Already Existing Data,{'error': 'Already Existing Data'}
aszabQWSCjYcWD9a,1744461325630,400,Already Existing Data,{'error': 'Already Existing Data'}
aszabQWSCjYcWD9a,1744461325630,400,Already Existing Data,{'error': 'Already Existing Data'}
aszabQWSCjYcWD9a,1744461338630,200,Success,"{'message': 'Success', 'quote': 'It does not matter how slowly you go as long as you do not stop.', 'writer': 'Confucius'}"
aszabQWSCjYcWD9a,1744461338630,400,Already Existing Data,{'error': 'Already Existing Data'}
aszabQWSCjYcWD9a,1744461338630,400,Already Existing Data,{'error': 'Already Existing Data'}
aszabQWSCjYcWD9a,1744461338630,400,Already Existing Data,{'error': 'Already Existing Data'}
aszabQWSCjYcWD9a,1744461338630,400,Already Existing Data,{'error': 'Already Existing Data'}
aszabQWSCjYcWD9a,1744461366630,200,Success,"{'message': 'Success', 'quote': 'Keep your face always toward the sunshine—and shadows will fall behind you.', 'writer': 'Walt Whitman'}"
aszabQWSCjYcWD9a,1744461366630,400,Already Existing Data,{'error': 'Already Existing Data'}
aszabQWSCjYcWD9a,1744461366630,400,Already Existing Data,{'error': 'Already Existing Data'}
aszabQWSCjYcWD9a,1744461366630,400,Already Existing Data,{'error': 'Already Existing Data'}
aszabQWSCjYcWD9a,1744461366630,400,Already Existing Data,{'error': 'Already Existing Data'}
aszabQWSCjYcWD9a,1744461383630,200,Success,"{'message': 'Success', 'quote': 'A person who never made a mistake never tried anything new.', 'writer': 'Albert Einstein'}"
aszabQWSCjYcWD9a,1744461383630,400,Already Existing Data,{'error': 'Already Existing Data'}
aszabQWSCjYcWD9a,1744461383630,400,Already Existing Data,{'error': 'Already Existing Data'}
aszabQWSCjYcWD9a,1744461383630,400,Already Existing Data,{'error': 'Already Existing Data'}
aszabQWSCjYcWD9a,1744461383630,400,Already Existing Data,{'error': 'Already Existing Data'}
aszabQWSCjYcWD9a,1744461406630,200,Success,"{'message': 'Success', 'quote': ""Life is what happens when you're busy making other plans."", 'writer': 'John Lennon'}"
aszabQWSCjYcWD9a,1744461406630,400,Already Existing Data,{'error': 'Already Existing Data'}
aszabQWSCjYcWD9a,1744461406630,400,Already Existing Data,{'error': 'Already Existing Data'}
aszabQWSCjYcWD9a,1744461406630,400,Already Existing Data,{'error': 'Already Existing Data'}
aszabQWSCjYcWD9a,1744461406630,400,Already Existing Data,{'error': 'Already Existing Data'}
aszabQWSCjYcWD9a,1744461426630,200,Success,"{'message': 'Success', 'quote': ""Don't watch the clock; do what it does. Keep going."", 'writer': 'Sam Levenson'}"
aszabQWSCjYcWD9a,1744461426630,400,Already Existing Data,{'error': 'Already Existing Data'}
aszabQWSCjYcWD9a,1744461426630,400,Already Existing Data,{'error': 'Already Existing Data'}
aszabQWSCjYcWD9a,1744461426630,400,Already Existing Data,{'error': 'Already Existing Data'}
aszabQWSCjYcWD9a,1744461426630,400,Already Existing Data,{'error': 'Already Existing Data'}
aszabQWSCjYcWD9a,1744461446630,200,Success,"{'message': 'Success', 'quote': 'The best way to predict the future is to create it.', 'writer': 'Peter Drucker'}"
aszabQWSCjYcWD9a,1744461446630,400,Already Existing Data,{'error': 'Already Existing Data'}
aszabQWSCjYcWD9a,1744461446630,400,Already Existing Data,{'error': 'Already Existing Data'}
aszabQWSCjYcWD9a,1744461446630,400,Already Existing Data,{'error': 'Already Existing Data'}
aszabQWSCjYcWD9a,1744461446630,400,Already Existing Data,{'error': 'Already Existing Data'}
aszabQWSCjYcWD9a,1744461455630,200,Success,"{'message': 'Success', 'quote': 'It does not matter how slowly you go as long as you do not stop.', 'writer': 'Confucius'}"
aszabQWSCjYcWD9a,1744461455630,400,Already Existing Data,{'error': 'Already Existing Data'}
aszabQWSCjYcWD9a,1744461455630,400,Already Existing Data,{'error': 'Already Existing Data'}
aszabQWSCjYcWD9a,1744461455630,400,Already Existing Data,{'error': 'Already Existing Data'}
aszabQWSCjYcWD9a,1744461455630,400,Already Existing Data,{'error': 'Already Existing Data'}
aszabQWSCjYcWD9a,1744461481630,200,Success,"{'message': 'Success', 'quote': 'The best way to predict the future is to create it.', 'writer': 'Peter Drucker'}"
aszabQWSCjYcWD9a,1744461481630,400,Already Existing Data,{'error': 'Already Existing Data'}
aszabQWSCjYcWD9a,1744461481630,400,Already Existing Data,{'error': 'Already Existing Data'}
aszabQWSCjYcWD9a,1744461481630,400,Already Existing Data,{'error': 'Already Existing Data'}
aszabQWSCjYcWD9a,1744461481630,400,Already Existing Data,{'error': 'Already Existing Data'}
aszabQWSCjYcWD9a,1744461504630,200,Success,"{'message': 'Success', 'quote': 'What you get by achieving your goals is not as important as what you become by achieving your goals.', 'writer': 'Zig Ziglar'}"
aszabQWSCjYcWD9a,1744461504630,400,Already Existing Data,{'error': 'Already Existing Data'}
aszabQWSCjYcWD9a,1744461504630,400,Already Existing Data,{'error': 'Already Existing Data'}
aszabQWSCjYcWD9a,1744461504630,400,Already Existing Data,{'error': 'Already Existing Data'}
aszabQWSCjYcWD9a,1744461504630,400,Already Existing Data,{'error': 'Already Existing Data'}
aszabQWSCjYcWD9a,1744461534630,200,Success,"{'message': 'Success', 'quote': 'Turn your wounds into wisdom.', 'writer': 'Oprah Winfrey'}"
aszabQWSCjYcWD9a,1744461534630,400,Already Existing Data,{'error': 'Already Existing Data'}
aszabQWSCjYcWD9a,1744461534630,400,Already Existing Data,{'error': 'Already Existing Data'}
aszabQWSCjYcWD9a,1744461534630,400,Already Existing Data,{'error': 'Already Existing Data'}
aszabQWSCjYcWD9a,1744461534630,400,Already Existing Data,{'error': 'Already Existing Data'}
aszabQWSCjYcWD9a,1744461560630,200,Success,"{'message': 'Success', 'quote': 'The best way to predict the future is to create it.', 'writer': 'Peter Drucker'}"
aszabQWSCjYcWD9a,1744461560630,400,Already Existing Data,{'error': 'Already Existing Data'}
aszabQWSCjYcWD9a,1744461560630,400,Already Existing Data,{'error': 'Already Existing Data'}
aszabQWSCjYcWD9a,1744461560630,400,Already Existing Data,{'error': 'Already Existing Data'}
aszabQWSCjYcWD9a,1744461560630,400,Already Existing Data,{'error': 'Already Existing Data'}
aszabQWSCjYcWD9a,1744461579630,200,Success,"{'message': 'Success', 'quote': 'A person who never made a mistake never tried anything new.', 'writer': 'Albert Einstein'}"
aszabQWSCjYcWD9a,1744461579630,400,Already Existing Data,{'error': 'Already Existing Data'}
aszabQWSCjYcWD9a,1744461579630,400,Already Existing Data,{'error': 'Already Existing Data'}
aszabQWSCjYcWD9a,1744461579630,400,Already Existing Data,{'error': 'Already Existing Data'}
aszabQWSCjYcWD9a,1744461579630,400,Already Existing Data,{'error': 'Already Existing Data'}
aszabQWSCjYcWD9a,1744461594630,200,Success,"{'message': 'Success', 'quote': 'A journey of a thousand miles begins with a single step.', 'writer': 'Lao Tzu'}"
aszabQWSCjYcWD9a,1744461594630,400,Already Existing Data,{'error': 'Already Existing Data'}
aszabQWSCjYcWD9a,1744461594630,400,Already Existing Data,{'error': 'Already Existing Data'}
aszabQWSCjYcWD9a,1744461594630,400,Already Existing Data,{'error': 'Already Existing Data'}
aszabQWSCjYcWD9a,1744461594630,400,Already Existing Data,{'error': 'Already Existing Data'}
aszabQWSCjYcWD9a,1744461619630,200,Success,"{'message': 'Success', 'quote': 'Happiness depends upon ourselves.', 'writer': 'Aristotle'}"
aszabQWSCjYcWD9a,1744461619630,400,Already Existing Data,{'error': 'Already Existing Data'}
aszabQWSCjYcWD9a,1744461619630,400,Already Existing Data,{'error': 'Already Existing Data'}
aszabQWSCjYcWD9a,1744461619630,400,Already Existing Data,{'error': 'Already Existing Data'}
aszabQWSCjYcWD9a,1744461619630,400,Already Existing Data,{'error': 'Already Existing Data'}
aszabQWSCjYcWD9a,1744461626630,429,Access limit reached,"{'error': 'Access limit reached', 'retry_after': '13 hours 8 minutes'}"
aszabQWSCjYcWD9a,1744461626630,429,Access limit reached,"{'error': 'Access limit reached', 'retry_after': '13 hours 8 minutes'}"
aszabQWSCjYcWD9a,1744461626630,429,Access limit reached,"{'error': 'Access limit reached', 'retry_after': '13 hours 8 minutes'}"
aszabQWSCjYcWD9a,1744461626630,429,Access limit reached,"{'error': 'Access limit reached', 'retry_after': '13 hours 8 minutes'}"
aszabQWSCjYcWD9a,1744461626630,429,Access limit reached,"{'error': 'Access limit reached', 'retry_after': '13 hours 8 minutes'}"
aszabQWSCjYcWD9a,1744461640630,429,Access limit reached,"{'error': 'Access limit reached', 'retry_after': '13 hours 8 minutes'}"
aszabQWSCjYcWD9a,1744461640630,429,Access limit reached,"{'error': 'Access limit reached', 'retry_after': '13 hours 8 minutes'}"
aszabQWSCjYcWD9a,1744461640630,429,Access limit reached,"{'error': 'Access limit reached', 'retry_after': '13 hours 8 minutes'}"
aszabQWSCjYcWD9a,1744461640630,429,Access limit reached,"{'error': 'Access limit reached', 'retry_after': '13 hours 8 minutes'}"
aszabQWSCjYcWD9a,1744461640630,429,Access limit reached,"{'error': 'Access limit reached', 'retry_after': '13 hours 8 minutes'}"
aszabQWSCjYcWD9a,1744461657630,429,Access limit reached,"{'error': 'Access limit reached', 'retry_after': '13 hours 8 minutes'}"
aszabQWSCjYcWD9a,1744461657630,429,Access limit reached,"{'error': 'Access limit reached', 'retry_after': '13 hours 8 minutes'}"
aszabQWSCjYcWD9a,1744461657630,429,Access limit reached,"{'error': 'Access limit reached', 'retry_after': '13 hours 8 minutes'}"
aszabQWSCjYcWD9a,1744461657630,429,Access limit reached,"{'error': 'Access limit reached', 'retry_after': '13 hours 8 minutes'}"
aszabQWSCjYcWD9a,1744461657630,429,Access limit reached,"{'error': 'Access limit reached', 'retry_after': '13 hours 8 minutes'}"
aszabQWSCjYcWD9a,1744461672630,429,Access limit reached,"{'error': 'Access limit reached', 'retry_after': '13 hours 8 minutes'}"
aszabQWSCjYcWD9a,1744461672630,429,Access limit reached,"{'error': 'Access limit reached', 'retry_after': '13 hours 8 minutes'}"
aszabQWSCjYcWD9a,1744461672630,429,Access limit reached,"{'error': 'Access limit reached', 'retry_after': '13 hours 8 minutes'}"
aszabQWSCjYcWD9a,1744461672630,429,Access limit reached,"{'error': 'Access limit reached', 'retry_after': '13 hours 8 minutes'}"
aszabQWSCjYcWD9a,1744461672630,429,Access limit reached,"{'error': 'Access limit reached', 'retry_after': '13 hours 8 minutes'}"
aszabQWSCjYcWD9a,1744461693630,429,Access limit reached,"{'error': 'Access limit reached', 'retry_after': '13 hours 8 minutes'}"
aszabQWSCjYcWD9a,1744461693630,429,Access limit reached,"{'error': 'Access limit reached', 'retry_after': '13 hours 8 minutes'}"
aszabQWSCjYcWD9a,1744461693630,429,Access limit reached,"{'error': 'Access limit reached', 'retry_after': '13 hours 8 minutes'}"
aszabQWSCjYcWD9a,1744461693630,429,Access limit reached,"{'error': 'Access limit reached', 'retry_after': '13 hours 8 minutes'}"
aszabQWSCjYcWD9a,1744461693630,429,Access limit reached,"{'error': 'Access limit reached', 'retry_after': '13 hours 8 minutes'}"
aszabQWSCjYcWD9a,1744461713630,429,Access limit reached,"{'error': 'Access limit reached', 'retry_after': '13 hours 8 minutes'}"
aszabQWSCjYcWD9a,1744461713630,429,Access limit reached,"{'error': 'Access limit reached', 'retry_after': '13 hours 8 minutes'}"
aszabQWSCjYcWD9a,1744461713630,429,Access limit reached,"{'error': 'Access limit reached', 'retry_after': '13 hours 8 minutes'}"
aszabQWSCjYcWD9a,1744461713630,429,Access limit reached,"{'error': 'Access limit reached', 'retry_after': '13 hours 8 minutes'}"
aszabQWSCjYcWD9a,1744461713630,429,Access limit reached,"{'error': 'Access limit reached', 'retry_after': '13 hours 8 minutes'}"
aszabQWSCjYcWD9a,1744461738630,429,Access limit reached,"{'error': 'Access limit reached', 'retry_after': '13 hours 8 minutes'}"
aszabQWSCjYcWD9a,1744461738630,429,Access limit reached,"{'error': 'Access limit reached', 'retry_after': '13 hours 8 minutes'}"
aszabQWSCjYcWD9a,1744461738630,429,Access limit reached,"{'error': 'Access limit reached', 'retry_after': '13 hours 8 minutes'}"
aszabQWSCjYcWD9a,1744461738630,429,Access limit reached,"{'error': 'Access limit reached', 'retry_after': '13 hours 8 minutes'}"
aszabQWSCjYcWD9a,1744461738630,429,Access limit reached,"{'error': 'Access limit reached', 'retry_after': '13 hours 8 minutes'}"
aszabQWSCjYcWD9a,1744461753630,429,Access limit reached,"{'error': 'Access limit reached', 'retry_after': '13 hours 8 minutes'}"
aszabQWSCjYcWD9a,1744461753630,429,Access limit reached,"{'error': 'Access limit reached', 'retry_after': '13 hours 8 minutes'}"
aszabQWSCjYcWD9a,1744461753630,429,Access limit reached,"{'error': 'Access limit reached', 'retry_after': '13 hours 8 minutes'}"
aszabQWSCjYcWD9a,1744461753630,429,Access limit reached,"{'error': 'Access limit reached', 'retry_after': '13 hours 8 minutes'}"
aszabQWSCjYcWD9a,1744461753630,429,Access limit reached,"{'error': 'Access limit reached', 'retry_after': '13 hours 8 minutes'}"
aszabQWSCjYcWD9a,1744461780630,429,Access limit reached,"{'error': 'Access limit reached', 'retry_after': '13 hours 8 minutes'}"
aszabQWSCjYcWD9a,1744461780630,429,Access limit reached,"{'error': 'Access limit reached', 'retry_after': '13 hours 8 minutes'}"
aszabQWSCjYcWD9a,1744461780630,429,Access limit reached,"{'error': 'Access limit reached', 'retry_after': '13 hours 8 minutes'}"
aszabQWSCjYcWD9a,1744461780630,429,Access limit reached,"{'error': 'Access limit reached', 'retry_after': '13 hours 8 minutes'}"
aszabQWSCjYcWD9a,1744461780630,429,Access limit reached,"{'error': 'Access limit reached', 'retry_after': '13 hours 8 minutes'}"
aszabQWSCjYcWD9a,1744461805630,429,Access limit reached,"{'error': 'Access limit reached', 'retry_after': '13 hours 8 minutes'}"
aszabQWSCjYcWD9a,1744461805630,429,Access limit reached,"{'error': 'Access limit reached', 'retry_after': '13 hours 8 minutes'}"
aszabQWSCjYcWD9a,1744461805630,429,Access limit reached,"{'error': 'Access limit reached', 'retry_after': '13 hours 8 minutes'}"
aszabQWSCjYcWD9a,1744461805630,429,Access limit reached,"{'error': 'Access limit reached', 'retry_after': '13 hours 8 minutes'}"
aszabQWSCjYcWD9a,1744461805630,429,Access limit reached,"{'error': 'Access limit reached', 'retry_after': '13 hours 8 minutes'}"
aszabQWSCjYcWD9a,1744461829630,429,Access limit reached,"{'error': 'Access limit reached', 'retry_after': '13 hours 8 minutes'}"
aszabQWSCjYcWD9a,1744461829630,429,Access limit reached,"{'error': 'Access limit reached', 'retry_after': '13 hours 8 minutes'}"
aszabQWSCjYcWD9a,1744461829630,429,Access limit reached,"{'error': 'Access limit reached', 'retry_after': '13 hours 8 minutes'}"
aszabQWSCjYcWD9a,1744461829630,429,Access limit reached,"{'error': 'Access limit reached', 'retry_after': '13 hours 8 minutes'}"
aszabQWSCjYcWD9a,1744461829630,429,Access limit reached,"{'error': 'Access limit reached', 'retry_after': '13 hours 8 minutes'}"
aszabQWSCjYcWD9a,1744461835630,429,Access limit reached,"{'error': 'Access limit reached', 'retry_after': '13 hours 8 minutes'}"
aszabQWSCjYcWD9a,1744461835630,429,Access limit reached,"{'error': 'Access limit reached', 'retry_after': '13 hours 8 minutes'}"
aszabQWSCjYcWD9a,1744461835630,429,Access limit reached,"{'error': 'Access limit reached', 'retry_after': '13 hours 8 minutes'}"
aszabQWSCjYcWD9a,1744461835630,429,Access limit reached,"{'error': 'Access limit reached', 'retry_after': '13 hours 8 minutes'}"
aszabQWSCjYcWD9a,1744461835630,429,Access limit reached,"{'error': 'Access limit reached', 'retry_after': '13 hours 8 minutes'}"
YAxhTHul26gN03ih,1744461865630,429,Access limit reached,"{'error': 'Access limit reached', 'retry_after': '23 hours 31 minutes'}"
YAxhTHul26gN03ih,1744461865630,429,Access limit reached,"{'error': 'Access limit reached', 'retry_after': '23 hours 31 minutes'}"
YAxhTHul26gN03ih,1744461865630,429,Access limit reached,"{'error': 'Access limit reached', 'retry_after': '23 hours 31 minutes'}"
YAxhTHul26gN03ih,1744461865630,429,Access limit reached,"{'error': 'Access limit reached', 'retry_after': '23 hours 31 minutes'}"
YAxhTHul26gN03ih,1744461865630,429,Access limit reached,"{'error': 'Access limit reached', 'retry_after': '23 hours 31 minutes'}"
YAxhTHul26gN03ih,1744461891630,429,Access limit reached,"{'error': 'Access limit reached', 'retry_after': '23 hours 31 minutes'}"
YAxhTHul26gN03ih,1744461891630,429,Access limit reached,"{'error': 'Access limit reached', 'retry_after': '23 hours 31 minutes'}"
YAxhTHul26gN03ih,1744461891630,429,Access limit reached,"{'error': 'Access limit reached', 'retry_after': '23 hours 31 minutes'}"
YAxhTHul26gN03ih,1744461891630,429,Access limit reached,"{'error': 'Access limit reached', 'retry_after': '23 hours 31 minutes'}"
YAxhTHul26gN03ih,1744461891630,429,Access limit reached,"{'error': 'Access limit reached', 'retry_after': '23 hours 31 minutes'}"
YAxhTHul26gN03ih,1744461915630,429,Access limit reached,"{'error': 'Access limit reached', 'retry_after': '23 hours 31 minutes'}"
YAxhTHul26gN03ih,1744461915630,429,Access limit reached,"{'error': 'Access limit reached', 'retry_after': '23 hours 31 minutes'}"
YAxhTHul26gN03ih,1744461915630,429,Access limit reached,"{'error': 'Access limit reached', 'retry_after': '23 hours 31 minutes'}"
YAxhTHul26gN03ih,1744461915630,429,Access limit reached,"{'error': 'Access limit reached', 'retry_after': '23 hours 31 minutes'}"
YAxhTHul26gN03ih,1744461915630,429,Access limit reached,"{'error': 'Access limit reached', 'retry_after': '23 hours 31 minutes'}"
YAxhTHul26gN03ih,1744461935630,429,Access limit reached,"{'error': 'Access limit reached', 'retry_after': '23 hours 31 minutes'}"
YAxhTHul26gN03ih,1744461935630,429,Access limit reached,"{'error': 'Access limit reached', 'retry_after': '23 hours 31 minutes'}"
YAxhTHul26gN03ih,1744461935630,429,Access limit reached,"{'error': 'Access limit reached', 'retry_after': '23 hours 31 minutes'}"
YAxhTHul26gN03ih,1744461935630,429,Access limit reached,"{'error': 'Access limit reached', 'retry_after': '23 hours 31 minutes'}"
YAxhTHul26gN03ih,1744461935630,429,Access limit reached,"{'error': 'Access limit reached', 'retry_after': '23 hours 31 minutes'}"
YAxhTHul26gN03ih,1744461949630,429,Access limit reached,"{'error': 'Access limit reached', 'retry_after': '23 hours 31 minutes'}"
YAxhTHul26gN03ih,1744461949630,429,Access limit reached,"{'error': 'Access limit reached', 'retry_after': '23 hours 31 minutes'}"
YAxhTHul26gN03ih,1744461949630,429,Access limit reached,"{'error': 'Access limit reached', 'retry_after': '23 hours 31 minutes'}"
YAxhTHul26gN03ih,1744461949630,429,Access limit reached,"{'error': 'Access limit reached', 'retry_after': '23 hours 31 minutes'}"
YAxhTHul26gN03ih,1744461949630,429,Access limit reached,"{'error': 'Access limit reached', 'retry_after': '23 hours 31 minutes'}"
YAxhTHul26gN03ih,1744461962630,429,Access limit reached,"{'error': 'Access limit reached', 'retry_after': '23 hours 31 minutes'}"
YAxhTHul26gN03ih,1744461962630,429,Access limit reached,"{'error': 'Access limit reached', 'retry_after': '23 hours 31 minutes'}"
YAxhTHul26gN03ih,1744461962630,429,Access limit reached,"{'error': 'Access limit reached', 'retry_after': '23 hours 31 minutes'}"
YAxhTHul26gN03ih,1744461962630,429,Access limit reached,"{'error': 'Access limit reached', 'retry_after': '23 hours 31 minutes'}"
YAxhTHul26gN03ih,1744461962630,429,Access limit reached,"{'error': 'Access limit reached', 'retry_after': '23 hours 31 minutes'}"
YAxhTHul26gN03ih,1744461985630,429,Access limit reached,"{'error': 'Access limit reached', 'retry_after': '23 hours 31 minutes'}"
YAxhTHul26gN03ih,1744461985630,429,Access limit reached,"{'error': 'Access limit reached', 'retry_after': '23 hours 31 minutes'}"
YAxhTHul26gN03ih,1744461985630,429,Access limit reached,"{'error': 'Access limit reached', 'retry_after': '23 hours 31 minutes'}"
YAxhTHul26gN03ih,1744461985630,429,Access limit reached,"{'error': 'Access limit reached', 'retry_after': '23 hours 31 minutes'}"
YAxhTHul26gN03ih,1744461985630,429,Access limit reached,"{'error': 'Access limit reached', 'retry_after': '23 hours 31 minutes'}"
YAxhTHul26gN03ih,1744462000630,429,Access limit reached,"{'error': 'Access limit reached', 'retry_after': '23 hours 31 minutes'}"
YAxhTHul26gN03ih,1744462000630,429,Access limit reached,"{'error': 'Access limit reached', 'retry_after': '23 hours 31 minutes'}"
YAxhTHul26gN03ih,1744462000630,429,Access limit reached,"{'error': 'Access limit reached', 'retry_after': '23 hours 31 minutes'}"
YAxhTHul26gN03ih,1744462000630,429,Access limit reached,"{'error': 'Access limit reached', 'retry_after': '23 hours 31 minutes'}"
YAxhTHul26gN03ih,1744462000630,429,Access limit reached,"{'error': 'Access limit reached', 'retry_after': '23 hours 31 minutes'}"
YAxhTHul26gN03ih,1744462019630,429,Access limit reached,"{'error': 'Access limit reached', 'retry_after': '23 hours 31 minutes'}"
YAxhTHul26gN03ih,1744462019630,429,Access limit reached,"{'error': 'Access limit reached', 'retry_after': '23 hours 31 minutes'}"
YAxhTHul26gN03ih,1744462019630,429,Access limit reached,"{'error': 'Access limit reached', 'retry_after': '23 hours 31 minutes'}"
YAxhTHul26gN03ih,1744462019630,429,Access limit reached,"{'error': 'Access limit reached', 'retry_after': '23 hours 31 minutes'}"
YAxhTHul26gN03ih,1744462019630,429,Access limit reached,"{'error': 'Access limit reached', 'retry_after': '23 hours 31 minutes'}"
YAxhTHul26gN03ih,1744462041630,429,Access limit reached,"{'error': 'Access limit reached', 'retry_after': '23 hours 31 minutes'}"
YAxhTHul26gN03ih,1744462041630,429,Access limit reached,"{'error': 'Access limit reached', 'retry_after': '23 hours 31 minutes'}"
YAxhTHul26gN03ih,1744462041630,429,Access limit reached,"{'error': 'Access limit reached', 'retry_after': '23 hours 31 minutes'}"
YAxhTHul26gN03ih,1744462041630,429,Access limit reached,"{'error': 'Access limit reached', 'retry_after': '23 hours 31 minutes'}"
YAxhTHul26gN03ih,1744462041630,429,Access limit reached,"{'error': 'Access limit reached', 'retry_after': '23 hours 31 minutes'}"
YAxhTHul26gN03ih,1744462058630,429,Access limit reached,"{'error': 'Access limit reached', 'retry_after': '23 hours 31 minutes'}"
YAxhTHul26gN03ih,1744462058630,429,Access limit reached,"{'error': 'Access limit reached', 'retry_after': '23 hours 31 minutes'}"
YAxhTHul26gN03ih,1744462058630,429,Access limit reached,"{'error': 'Access limit reached', 'retry_after': '23 hours 31 minutes'}"
YAxhTHul26gN03ih,1744462058630,429,Access limit reached,"{'error': 'Access limit reached', 'retry_after': '23 hours 31 minutes'}"
YAxhTHul26gN03ih,1744462058630,429,Access limit reached,"{'error': 'Access limit reached', 'retry_after': '23 hours 31 minutes'}"
YAxhTHul26gN03ih,1744462084630,429,Access limit reached,"{'error': 'Access limit reached', 'retry_after': '23 hours 31 minutes'}"
YAxhTHul26gN03ih,1744462084630,429,Access limit reached,"{'error': 'Access limit reached', 'retry_after': '23 hours 31 minutes'}"
YAxhTHul26gN03ih,1744462084630,429,Access limit reached,"{'error': 'Access limit reached', 'retry_after': '23 hours 31 minutes'}"
YAxhTHul26gN03ih,1744462084630,429,Access limit reached,"{'error': 'Access limit reached', 'retry_after': '23 hours 31 minutes'}"
YAxhTHul26gN03ih,1744462084630,429,Access limit reached,"{'error': 'Access limit reached', 'retry_after': '23 hours 31 minutes'}"
YAxhTHul26gN03ih,1744462105630,429,Access limit reached,"{'error': 'Access limit reached', 'retry_after': '23 hours 31 minutes'}"
YAxhTHul26gN03ih,1744462105630,429,Access limit reached,"{'error': 'Access limit reached', 'retry_after': '23 hours 31 minutes'}"
YAxhTHul26gN03ih,1744462105630,429,Access limit reached,"{'error': 'Access limit reached', 'retry_after': '23 hours 31 minutes'}"
YAxhTHul26gN03ih,1744462105630,429,Access limit reached,"{'error': 'Access limit reached', 'retry_after': '23 hours 31 minutes'}"
YAxhTHul26gN03ih,1744462105630,429,Access limit reached,"{'error': 'Access limit reached', 'retry_after': '23 hours 31 minutes'}"
YAxhTHul26gN03ih,1744462127630,429,Access limit reached,"{'error': 'Access limit reached', 'retry_after': '23 hours 31 minutes'}"
YAxhTHul26gN03ih,1744462127630,429,Access limit reached,"{'error': 'Access limit reached', 'retry_after': '23 hours 31 minutes'}"
YAxhTHul26gN03ih,1744462127630,429,Access limit reached,"{'error': 'Access limit reached', 'retry_after': '23 hours 31 minutes'}"
YAxhTHul26gN03ih,1744462127630,429,Access limit reached,"{'error': 'Access limit reached', 'retry_after': '23 hours 31 minutes'}"
YAxhTHul26gN03ih,1744462127630,429,Access limit reached,"{'error': 'Access limit reached', 'retry_after': '23 hours 31 minutes'}"
YAxhTHul26gN03ih,1744462144630,429,Access limit reached,"{'error': 'Access limit reached', 'retry_after': '23 hours 31 minutes'}"
YAxhTHul26gN03ih,1744462144630,429,Access limit reached,"{'error': 'Access limit reached', 'retry_after': '23 hours 31 minutes'}"
YAxhTHul26gN03ih,1744462144630,429,Access limit reached,"{'error': 'Access limit reached', 'retry_after': '23 hours 31 minutes'}"
YAxhTHul26gN03ih,1744462144630,429,Access limit reached,"{'error': 'Access limit reached', 'retry_after': '23 hours 31 minutes'}"
YAxhTHul26gN03ih,1744462144630,429,Access limit reached,"{'error': 'Access limit reached', 'retry_after': '23 hours 31 minutes'}"
YAxhTHul26gN03ih,1744462151630,429,Access limit reached,"{'error': 'Access limit reached', 'retry_after': '23 hours 31 minutes'}"
YAxhTHul26gN03ih,1744462151630,429,Access limit reached,"{'error': 'Access limit reached', 'retry_after': '23 hours 31 minutes'}"
YAxhTHul26gN03ih,1744462151630,429,Access limit reached,"{'error': 'Access limit reached', 'retry_after': '23 hours 31 minutes'}"
YAxhTHul26gN03ih,1744462151630,429,Access limit reached,"{'error': 'Access limit reached', 'retry_after': '23 hours 31 minutes'}"
YAxhTHul26gN03ih,1744462151630,429,Access limit reached,"{'error': 'Access limit reached', 'retry_after': '23 hours 31 minutes'}"
YAxhTHul26gN03ih,1744462178630,429,Access limit reached,"{'error': 'Access limit reached', 'retry_after': '23 hours 31 minutes'}"
YAxhTHul26gN03ih,1744462178630,429,Access limit reached,"{'error': 'Access limit reached', 'retry_after': '23 hours 31 minutes'}"
YAxhTHul26gN03ih,1744462178630,429,Access limit reached,"{'error': 'Access limit reached', 'retry_after': '23 hours 31 minutes'}"
YAxhTHul26gN03ih,1744462178630,429,Access limit reached,"{'error': 'Access limit reached', 'retry_after': '23 hours 31 minutes'}"
YAxhTHul26gN03ih,1744462178630,429,Access limit reached,"{'error': 'Access limit reached', 'retry_after': '23 hours 31 minutes'}"
YAxhTHul26gN03ih,1744462208630,429,Access limit reached,"{'error': 'Access limit reached', 'retry_after': '23 hours 31 minutes'}"
YAxhTHul26gN03ih,1744462208630,429,Access limit reached,"{'error': 'Access limit reached', 'retry_after': '23 hours 31 minutes'}"
YAxhTHul26gN03ih,1744462208630,429,Access limit reached,"{'error': 'Access limit reached', 'retry_after': '23 hours 31 minutes'}"
YAxhTHul26gN03ih,1744462208630,429,Access limit reached,"{'error': 'Access limit reached', 'retry_after': '23 hours 31 minutes'}"
YAxhTHul26gN03ih,1744462208630,429,Access limit reached,"{'error': 'Access limit reached', 'retry_after': '23 hours 31 minutes'}"
YAxhTHul26gN03ih,1744462235630,429,Access limit reached,"{'error': 'Access limit reached', 'retry_after': '23 hours 31 minutes'}"
YAxhTHul26gN03ih,1744462235630,429,Access limit reached,"{'error': 'Access limit reached', 'retry_after': '23 hours 31 minutes'}"
YAxhTHul26gN03ih,1744462235630,429,Access limit reached,"{'error': 'Access limit reached', 'retry_after': '23 hours 31 minutes'}"
YAxhTHul26gN03ih,1744462235630,429,Access limit reached,"{'error': 'Access limit reached', 'retry_after': '23 hours 31 minutes'}"
YAxhTHul26gN03ih,1744462235630,429,Access limit reached,"{'error': 'Access limit reached', 'retry_after': '23 hours 31 minutes'}"
YAxhTHul26gN03ih,1744462260630,429,Access limit reached,"{'error': 'Access limit reached', 'retry_after': '23 hours 31 minutes'}"
YAxhTHul26gN03ih,1744462260630,429,Access limit reached,"{'error': 'Access limit reached', 'retry_after': '23 hours 31 minutes'}"
YAxhTHul26gN03ih,1744462260630,429,Access limit reached,"{'error': 'Access limit reached', 'retry_after': '23 hours 31 minutes'}"
YAxhTHul26gN03ih,1744462260630,429,Access limit reached,"{'error': 'Access limit reached', 'retry_after': '23 hours 31 minutes'}"
YAxhTHul26gN03ih,1744462260630,429,Access limit reached,"{'error': 'Access limit reached', 'retry_after': '23 hours 31 minutes'}"
YAxhTHul26gN03ih,1744462270630,429,Access limit reached,"{'error': 'Access limit reached', 'retry_after': '23 hours 31 minutes'}"
YAxhTHul26gN03ih,1744462270630,429,Access limit reached,"{'error': 'Access limit reached', 'retry_after': '23 hours 31 minutes'}"
YAxhTHul26gN03ih,1744462270630,429,Access limit reached,"{'error': 'Access limit reached', 'retry_after': '23 hours 31 minutes'}"
YAxhTHul26gN03ih,1744462270630,429,Access limit reached,"{'error': 'Access limit reached', 'retry_after': '23 hours 31 minutes'}"
YAxhTHul26gN03ih,1744462270630,429,Access limit reached,"{'error': 'Access limit reached', 'retry_after': '23 hours 31 minutes'}"
YAxhTHul26gN03ih,1744462281630,429,Access limit reached,"{'error': 'Access limit reached', 'retry_after': '23 hours 31 minutes'}"
YAxhTHul26gN03ih,1744462281630,429,Access limit reached,"{'error': 'Access limit reached', 'retry_after': '23 hours 31 minutes'}"
YAxhTHul26gN03ih,1744462281630,429,Access limit reached,"{'error': 'Access limit reached', 'retry_after': '23 hours 31 minutes'}"
YAxhTHul26gN03ih,1744462281630,429,Access limit reached,"{'error': 'Access limit reached', 'retry_after': '23 hours 31 minutes'}"
YAxhTHul26gN03ih,1744462281630,429,Access limit reached,"{'error': 'Access limit reached', 'retry_after': '23 hours 31 minutes'}"
YAxhTHul26gN03ih,1744462297630,429,Access limit reached,"{'error': 'Access limit reached', 'retry_after': '23 hours 31 minutes'}"
YAxhTHul26gN03ih,1744462297630,429,Access limit reached,"{'error': 'Access limit reached', 'retry_after': '23 hours 31 minutes'}"
YAxhTHul26gN03ih,1744462297630,429,Access limit reached,"{'error': 'Access limit reached', 'retry_after': '23 hours 31 minutes'}"
YAxhTHul26gN03ih,1744462297630,429,Access limit reached,"{'error': 'Access limit reached', 'retry_after': '23 hours 31 minutes'}"
YAxhTHul26gN03ih,1744462297630,429,Access limit reached,"{'error': 'Access limit reached', 'retry_after': '23 hours 31 minutes'}"
YAxhTHul26gN03ih,1744462305630,429,Access limit reached,"{'error': 'Access limit reached', 'retry_after': '23 hours 31 minutes'}"
YAxhTHul26gN03ih,1744462305630,429,Access limit reached,"{'error': 'Access limit reached', 'retry_after': '23 hours 31 minutes'}"
YAxhTHul26gN03ih,1744462305630,429,Access limit reached,"{'error': 'Access limit reached', 'retry_after': '23 hours 31 minutes'}"
YAxhTHul26gN03ih,1744462305630,429,Access limit reached,"{'error': 'Access limit reached', 'retry_after': '23 hours 31 minutes'}"
YAxhTHul26gN03ih,1744462305630,429,Access limit reached,"{'error': 'Access limit reached', 'retry_after': '23 hours 31 minutes'}"
YAxhTHul26gN03ih,1744462315630,429,Access limit reached,"{'error': 'Access limit reached', 'retry_after': '23 hours 31 minutes'}"
YAxhTHul26gN03ih,1744462315630,429,Access limit reached,"{'error': 'Access limit reached', 'retry_after': '23 hours 30 minutes'}"
YAxhTHul26gN03ih,1744462315630,429,Access limit reached,"{'error': 'Access limit reached', 'retry_after': '23 hours 30 minutes'}"
YAxhTHul26gN03ih,1744462315630,429,Access limit reached,"{'error': 'Access limit reached', 'retry_after': '23 hours 30 minutes'}"
YAxhTHul26gN03ih,1744462315630,429,Access limit reached,"{'error': 'Access limit reached', 'retry_after': '23 hours 30 minutes'}"
YAxhTHul26gN03ih,1744462330630,429,Access limit reached,"{'error': 'Access limit reached', 'retry_after': '23 hours 30 minutes'}"
YAxhTHul26gN03ih,1744462330630,429,Access limit reached,"{'error': 'Access limit reached', 'retry_after': '23 hours 30 minutes'}"
YAxhTHul26gN03ih,1744462330630,429,Access limit reached,"{'error': 'Access limit reached', 'retry_after': '23 hours 30 minutes'}"
YAxhTHul26gN03ih,1744462330630,429,Access limit reached,"{'error': 'Access limit reached', 'retry_after': '23 hours 30 minutes'}"
YAxhTHul26gN03ih,1744462330630,429,Access limit reached,"{'error': 'Access limit reached', 'retry_after': '23 hours 30 minutes'}"
YAxhTHul26gN03ih,1744462350630,429,Access limit reached,"{'error': 'Access limit reached', 'retry_after': '23 hours 30 minutes'}"
YAxhTHul26gN03ih,1744462350630,429,Access limit reached,"{'error': 'Access limit reached', 'retry_after': '23 hours 30 minutes'}"
YAxhTHul26gN03ih,1744462350630,429,Access limit reached,"{'error': 'Access limit reached', 'retry_after': '23 hours 30 minutes'}"
YAxhTHul26gN03ih,1744462350630,429,Access limit reached,"{'error': 'Access limit reached', 'retry_after': '23 hours 30 minutes'}"
YAxhTHul26gN03ih,1744462350630,429,Access limit reached,"{'error': 'Access limit reached', 'retry_after': '23 hours 30 minutes'}"
YAxhTHul26gN03ih,1744462372630,429,Access limit reached,"{'error': 'Access limit reached', 'retry_after': '23 hours 30 minutes'}"
YAxhTHul26gN03ih,1744462372630,429,Access limit reached,"{'error': 'Access limit reached', 'retry_after': '23 hours 30 minutes'}"
YAxhTHul26gN03ih,1744462372630,429,Access limit reached,"{'error': 'Access limit reached', 'retry_after': '23 hours 30 minutes'}"
YAxhTHul26gN03ih,1744462372630,429,Access limit reached,"{'error': 'Access limit reached', 'retry_after': '23 hours 30 minutes'}"
YAxhTHul26gN03ih,1744462372630,429,Access limit reached,"{'error': 'Access limit reached', 'retry_after': '23 hours 30 minutes'}"
YAxhTHul26gN03ih,1744462400630,429,Access limit reached,"{'error': 'Access limit reached', 'retry_after': '23 hours 30 minutes'}"
YAxhTHul26gN03ih,1744462400630,429,Access limit reached,"{'error': 'Access limit reached', 'retry_after': '23 hours 30 minutes'}"
YAxhTHul26gN03ih,1744462400630,429,Access limit reached,"{'error': 'Access limit reached', 'retry_after': '23 hours 30 minutes'}"
YAxhTHul26gN03ih,1744462400630,429,Access limit reached,"{'error': 'Access limit reached', 'retry_after': '23 hours 30 minutes'}"
YAxhTHul26gN03ih,1744462400630,429,Access limit reached,"{'error': 'Access limit reached', 'retry_after': '23 hours 30 minutes'}"
YAxhTHul26gN03ih,1744462419630,429,Access limit reached,"{'error': 'Access limit reached', 'retry_after': '23 hours 30 minutes'}"
YAxhTHul26gN03ih,1744462419630,429,Access limit reached,"{'error': 'Access limit reached', 'retry_after': '23 hours 30 minutes'}"
YAxhTHul26gN03ih,1744462419630,429,Access limit reached,"{'error': 'Access limit reached', 'retry_after': '23 hours 30 minutes'}"
YAxhTHul26gN03ih,1744462419630,429,Access limit reached,"{'error': 'Access limit reached', 'retry_after': '23 hours 30 minutes'}"
YAxhTHul26gN03ih,1744462419630,429,Access limit reached,"{'error': 'Access limit reached', 'retry_after': '23 hours 30 minutes'}"
YAxhTHul26gN03ih,1744462428630,429,Access limit reached,"{'error': 'Access limit reached', 'retry_after': '23 hours 30 minutes'}"
YAxhTHul26gN03ih,1744462428630,429,Access limit reached,"{'error': 'Access limit reached', 'retry_after': '23 hours 30 minutes'}"
YAxhTHul26gN03ih,1744462428630,429,Access limit reached,"{'error': 'Access limit reached', 'retry_after': '23 hours 30 minutes'}"
YAxhTHul26gN03ih,1744462428630,429,Access limit reached,"{'error': 'Access limit reached', 'retry_after': '23 hours 30 minutes'}"
YAxhTHul26gN03ih,1744462428630,429,Access limit reached,"{'error': 'Access limit reached', 'retry_after': '23 hours 30 minutes'}"
YAxhTHul26gN03ih,1744462435630,429,Access limit reached,"{'error': 'Access limit reached', 'retry_after': '23 hours 30 minutes'}"
YAxhTHul26gN03ih,1744462435630,429,Access limit reached,"{'error': 'Access limit reached', 'retry_after': '23 hours 30 minutes'}"
YAxhTHul26gN03ih,1744462435630,429,Access limit reached,"{'error': 'Access limit reached', 'retry_after': '23 hours 30 minutes'}"
YAxhTHul26gN03ih,1744462435630,429,Access limit reached,"{'error': 'Access limit reached', 'retry_after': '23 hours 30 minutes'}"
YAxhTHul26gN03ih,1744462435630,429,Access limit reached,"{'error': 'Access limit reached', 'retry_after': '23 hours 30 minutes'}"
YAxhTHul26gN03ih,1744462455630,429,Access limit reached,"{'error': 'Access limit reached', 'retry_after': '23 hours 30 minutes'}"
YAxhTHul26gN03ih,1744462455630,429,Access limit reached,"{'error': 'Access limit reached', 'retry_after': '23 hours 30 minutes'}"
YAxhTHul26gN03ih,1744462455630,429,Access limit reached,"{'error': 'Access limit reached', 'retry_after': '23 hours 30 minutes'}"
YAxhTHul26gN03ih,1744462455630,429,Access limit reached,"{'error': 'Access limit reached', 'retry_after': '23 hours 30 minutes'}"
YAxhTHul26gN03ih,1744462455630,429,Access limit reached,"{'error': 'Access limit reached', 'retry_after': '23 hours 30 minutes'}"
YAxhTHul26gN03ih,1744462465630,429,Access limit reached,"{'error': 'Access limit reached', 'retry_after': '23 hours 30 minutes'}"
YAxhTHul26gN03ih,1744462465630,429,Access limit reached,"{'error': 'Access limit reached', 'retry_after': '23 hours 30 minutes'}"
YAxhTHul26gN03ih,1744462465630,429,Access limit reached,"{'error': 'Access limit reached', 'retry_after': '23 hours 30 minutes'}"
YAxhTHul26gN03ih,1744462465630,429,Access limit reached,"{'error': 'Access limit reached', 'retry_after': '23 hours 30 minutes'}"
YAxhTHul26gN03ih,1744462465630,429,Access limit reached,"{'error': 'Access limit reached', 'retry_after': '23 hours 30 minutes'}"
5reM7jR6dJDK1Nvj,1744462491630,429,Access limit reached,"{'error': 'Access limit reached', 'retry_after': '23 hours 39 minutes'}"
5reM7jR6dJDK1Nvj,1744462491630,429,Access limit reached,"{'error': 'Access limit reached', 'retry_after': '23 hours 39 minutes'}"
5reM7jR6dJDK1Nvj,1744462491630,429,Access limit reached,"{'error': 'Access limit reached', 'retry_after': '23 hours 39 minutes'}"
5reM7jR6dJDK1Nvj,1744462491630,429,Access limit reached,"{'error': 'Access limit reached', 'retry_after': '23 hours 39 minutes'}"
5reM7jR6dJDK1Nvj,1744462491630,429,Access limit reached,"{'error': 'Access limit reached', 'retry_after': '23 hours 39 minutes'}"
5reM7jR6dJDK1Nvj,1744462498630,429,Access limit reached,"{'error': 'Access limit reached', 'retry_after': '23 hours 39 minutes'}"
5reM7jR6dJDK1Nvj,1744462498630,429,Access limit reached,"{'error': 'Access limit reached', 'retry_after': '23 hours 39 minutes'}"
5reM7jR6dJDK1Nvj,1744462498630,429,Access limit reached,"{'error': 'Access limit reached', 'retry_after': '23 hours 39 minutes'}"
5reM7jR6dJDK1Nvj,1744462498630,429,Access limit reached,"{'error': 'Access limit reached', 'retry_after': '23 hours 39 minutes'}"
5reM7jR6dJDK1Nvj,1744462498630,429,Access limit reached,"{'error': 'Access limit reached', 'retry_after': '23 hours 39 minutes'}"
5reM7jR6dJDK1Nvj,1744462521630,429,Access limit reached,"{'error': 'Access limit reached', 'retry_after': '23 hours 39 minutes'}"
5reM7jR6dJDK1Nvj,1744462521630,429,Access limit reached,"{'error': 'Access limit reached', 'retry_after': '23 hours 39 minutes'}"
5reM7jR6dJDK1Nvj,1744462521630,429,Access limit reached,"{'error': 'Access limit reached', 'retry_after': '23 hours 39 minutes'}"
5reM7jR6dJDK1Nvj,1744462521630,429,Access limit reached,"{'error': 'Access limit reached', 'retry_after': '23 hours 39 minutes'}"
5reM7jR6dJDK1Nvj,1744462521630,429,Access limit reached,"{'error': 'Access limit reached', 'retry_after': '23 hours 39 minutes'}"
5reM7jR6dJDK1Nvj,1744462532630,429,Access limit reached,"{'error': 'Access limit reached', 'retry_after': '23 hours 39 minutes'}"
5reM7jR6dJDK1Nvj,1744462532630,429,Access limit reached,"{'error': 'Access limit reached', 'retry_after': '23 hours 39 minutes'}"
5reM7jR6dJDK1Nvj,1744462532630,429,Access limit reached,"{'error': 'Access limit reached', 'retry_after': '23 hours 39 minutes'}"
5reM7jR6dJDK1Nvj,1744462532630,429,Access limit reached,"{'error': 'Access limit reached', 'retry_after': '23 hours 39 minutes'}"
5reM7jR6dJDK1Nvj,1744462532630,429,Access limit reached,"{'error': 'Access limit reached', 'retry_after': '23 hours 39 minutes'}"
5reM7jR6dJDK1Nvj,1744462562630,429,Access limit reached,"{'error': 'Access limit reached', 'retry_after': '23 hours 39 minutes'}"
5reM7jR6dJDK1Nvj,1744462562630,429,Access limit reached,"{'error': 'Access limit reached', 'retry_after': '23 hours 39 minutes'}"
5reM7jR6dJDK1Nvj,1744462562630,429,Access limit reached,"{'error': 'Access limit reached', 'retry_after': '23 hours 39 minutes'}"
5reM7jR6dJDK1Nvj,1744462562630,429,Access limit reached,"{'error': 'Access limit reached', 'retry_after': '23 hours 39 minutes'}"
5reM7jR6dJDK1Nvj,1744462562630,429,Access limit reached,"{'error': 'Access limit reached', 'retry_after': '23 hours 39 minutes'}"
5reM7jR6dJDK1Nvj,1744462576630,429,Access limit reached,"{'error': 'Access limit reached', 'retry_after': '23 hours 39 minutes'}"
5reM7jR6dJDK1Nvj,1744462576630,429,Access limit reached,"{'error': 'Access limit reached', 'retry_after': '23 hours 39 minutes'}"
5reM7jR6dJDK1Nvj,1744462576630,429,Access limit reached,"{'error': 'Access limit reached', 'retry_after': '23 hours 39 minutes'}"
5reM7jR6dJDK1Nvj,1744462576630,429,Access limit reached,"{'error': 'Access limit reached', 'retry_after': '23 hours 39 minutes'}"
5reM7jR6dJDK1Nvj,1744462576630,429,Access limit reached,"{'error': 'Access limit reached', 'retry_after': '23 hours 39 minutes'}"
5reM7jR6dJDK1Nvj,1744462591630,429,Access limit reached,"{'error': 'Access limit reached', 'retry_after': '23 hours 39 minutes'}"
5reM7jR6dJDK1Nvj,1744462591630,429,Access limit reached,"{'error': 'Access limit reached', 'retry_after': '23 hours 39 minutes'}"
5reM7jR6dJDK1Nvj,1744462591630,429,Access limit reached,"{'error': 'Access limit reached', 'retry_after': '23 hours 39 minutes'}"
5reM7jR6dJDK1Nvj,1744462591630,429,Access limit reached,"{'error': 'Access limit reached', 'retry_after': '23 hours 39 minutes'}"
5reM7jR6dJDK1Nvj,1744462591630,429,Access limit reached,"{'error': 'Access limit reached', 'retry_after': '23 hours 39 minutes'}"
5reM7jR6dJDK1Nvj,1744462604630,429,Access limit reached,"{'error': 'Access limit reached', 'retry_after': '23 hours 39 minutes'}"
5reM7jR6dJDK1Nvj,1744462604630,429,Access limit reached,"{'error': 'Access limit reached', 'retry_after': '23 hours 39 minutes'}"
5reM7jR6dJDK1Nvj,1744462604630,429,Access limit reached,"{'error': 'Access limit reached', 'retry_after': '23 hours 39 minutes'}"
5reM7jR6dJDK1Nvj,1744462604630,429,Access limit reached,"{'error': 'Access limit reached', 'retry_after': '23 hours 39 minutes'}"
5reM7jR6dJDK1Nvj,1744462604630,429,Access limit reached,"{'error': 'Access limit reached', 'retry_after': '23 hours 39 minutes'}"
5reM7jR6dJDK1Nvj,1744462609630,429,Access limit reached,"{'error': 'Access limit reached', 'retry_after': '23 hours 39 minutes'}"
5reM7jR6dJDK1Nvj,1744462609630,429,Access limit reached,"{'error': 'Access limit reached', 'retry_after': '23 hours 39 minutes'}"
5reM7jR6dJDK1Nvj,1744462609630,429,Access limit reached,"{'error': 'Access limit reached', 'retry_after': '23 hours 39 minutes'}"
5reM7jR6dJDK1Nvj,1744462609630,429,Access limit reached,"{'error': 'Access limit reached', 'retry_after': '23 hours 39 minutes'}"
5reM7jR6dJDK1Nvj,1744462609630,429,Access limit reached,"{'error': 'Access limit reached', 'retry_after': '23 hours 39 minutes'}"
5reM7jR6dJDK1Nvj,1744462628630,429,Access limit reached,"{'error': 'Access limit reached', 'retry_after': '23 hours 39 minutes'}"
5reM7jR6dJDK1Nvj,1744462628630,429,Access limit reached,"{'error': 'Access limit reached', 'retry_after': '23 hours 39 minutes'}"
5reM7jR6dJDK1Nvj,1744462628630,429,Access limit reached,"{'error': 'Access limit reached', 'retry_after': '23 hours 39 minutes'}"
5reM7jR6dJDK1Nvj,1744462628630,429,Access limit reached,"{'error': 'Access limit reached', 'retry_after': '23 hours 39 minutes'}"
5reM7jR6dJDK1Nvj,1744462628630,429,Access limit reached,"{'error': 'Access limit reached', 'retry_after': '23 hours 39 minutes'}"
5reM7jR6dJDK1Nvj,1744462644630,429,Access limit reached,"{'error': 'Access limit reached', 'retry_after': '23 hours 39 minutes'}"
5reM7jR6dJDK1Nvj,1744462644630,429,Access limit reached,"{'error': 'Access limit reached', 'retry_after': '23 hours 39 minutes'}"
5reM7jR6dJDK1Nvj,1744462644630,429,Access limit reached,"{'error': 'Access limit reached', 'retry_after': '23 hours 39 minutes'}"
5reM7jR6dJDK1Nvj,1744462644630,429,Access limit reached,"{'error': 'Access limit reached', 'retry_after': '23 hours 39 minutes'}"
5reM7jR6dJDK1Nvj,1744462644630,429,Access limit reached,"{'error': 'Access limit reached', 'retry_after': '23 hours 39 minutes'}"
5reM7jR6dJDK1Nvj,1744462665630,429,Access limit reached,"{'error': 'Access limit reached', 'retry_after': '23 hours 39 minutes'}"
5reM7jR6dJDK1Nvj,1744462665630,429,Access limit reached,"{'error': 'Access limit reached', 'retry_after': '23 hours 39 minutes'}"
5reM7jR6dJDK1Nvj,1744462665630,429,Access limit reached,"{'error': 'Access limit reached', 'retry_after': '23 hours 39 minutes'}"
5reM7jR6dJDK1Nvj,1744462665630,429,Access limit reached,"{'error': 'Access limit reached', 'retry_after': '23 hours 39 minutes'}"
5reM7jR6dJDK1Nvj,1744462665630,429,Access limit reached,"{'error': 'Access limit reached', 'retry_after': '23 hours 39 minutes'}"
5reM7jR6dJDK1Nvj,1744462675630,429,Access limit reached,"{'error': 'Access limit reached', 'retry_after': '23 hours 39 minutes'}"
5reM7jR6dJDK1Nvj,1744462675630,429,Access limit reached,"{'error': 'Access limit reached', 'retry_after': '23 hours 39 minutes'}"
5reM7jR6dJDK1Nvj,1744462675630,429,Access limit reached,"{'error': 'Access limit reached', 'retry_after': '23 hours 39 minutes'}"
5reM7jR6dJDK1Nvj,1744462675630,429,Access limit reached,"{'error': 'Access limit reached', 'retry_after': '23 hours 39 minutes'}"
5reM7jR6dJDK1Nvj,1744462675630,429,Access limit reached,"{'error': 'Access limit reached', 'retry_after': '23 hours 39 minutes'}"
5reM7jR6dJDK1Nvj,1744462702630,429,Access limit reached,"{'error': 'Access limit reached', 'retry_after': '23 hours 39 minutes'}"
5reM7jR6dJDK1Nvj,1744462702630,429,Access limit reached,"{'error': 'Access limit reached', 'retry_after': '23 hours 39 minutes'}"
5reM7jR6dJDK1Nvj,1744462702630,429,Access limit reached,"{'error': 'Access limit reached', 'retry_after': '23 hours 39 minutes'}"
5reM7jR6dJDK1Nvj,1744462702630,429,Access limit reached,"{'error': 'Access limit reached', 'retry_after': '23 hours 39 minutes'}"
5reM7jR6dJDK1Nvj,1744462702630,429,Access limit reached,"{'error': 'Access limit reached', 'retry_after': '23 hours 39 minutes'}"
5reM7jR6dJDK1Nvj,1744462731630,429,Access limit reached,"{'error': 'Access limit reached', 'retry_after': '23 hours 39 minutes'}"
5reM7jR6dJDK1Nvj,1744462731630,429,Access limit reached,"{'error': 'Access limit reached', 'retry_after': '23 hours 39 minutes'}"
5reM7jR6dJDK1Nvj,1744462731630,429,Access limit reached,"{'error': 'Access limit reached', 'retry_after': '23 hours 39 minutes'}"
5reM7jR6dJDK1Nvj,1744462731630,429,Access limit reached,"{'error': 'Access limit reached', 'retry_after': '23 hours 39 minutes'}"
5reM7jR6dJDK1Nvj,1744462731630,429,Access limit reached,"{'error': 'Access limit reached', 'retry_after': '23 hours 39 minutes'}"
5reM7jR6dJDK1Nvj,1744462750630,429,Access limit reached,"{'error': 'Access limit reached', 'retry_after': '23 hours 39 minutes'}"
5reM7jR6dJDK1Nvj,1744462750630,429,Access limit reached,"{'error': 'Access limit reached', 'retry_after': '23 hours 39 minutes'}"
5reM7jR6dJDK1Nvj,1744462750630,429,Access limit reached,"{'error': 'Access limit reached', 'retry_after': '23 hours 39 minutes'}"
5reM7jR6dJDK1Nvj,1744462750630,429,Access limit reached,"{'error': 'Access limit reached', 'retry_after': '23 hours 39 minutes'}"
5reM7jR6dJDK1Nvj,1744462750630,429,Access limit reached,"{'error': 'Access limit reached', 'retry_after': '23 hours 39 minutes'}"
5reM7jR6dJDK1Nvj,1744462773630,429,Access limit reached,"{'error': 'Access limit reached', 'retry_after': '23 hours 39 minutes'}"
5reM7jR6dJDK1Nvj,1744462773630,429,Access limit reached,"{'error': 'Access limit reached', 'retry_after': '23 hours 39 minutes'}"
5reM7jR6dJDK1Nvj,1744462773630,429,Access limit reached,"{'error': 'Access limit reached', 'retry_after': '23 hours 39 minutes'}"
5reM7jR6dJDK1Nvj,1744462773630,429,Access limit reached,"{'error': 'Access limit reached', 'retry_after': '23 hours 39 minutes'}"
5reM7jR6dJDK1Nvj,1744462773630,429,Access limit reached,"{'error': 'Access limit reached', 'retry_after': '23 hours 39 minutes'}"
5reM7jR6dJDK1Nvj,1744462783630,429,Access limit reached,"{'error': 'Access limit reached', 'retry_after': '23 hours 39 minutes'}"
5reM7jR6dJDK1Nvj,1744462783630,429,Access limit reached,"{'error': 'Access limit reached', 'retry_after': '23 hours 39 minutes'}"
5reM7jR6dJDK1Nvj,1744462783630,429,Access limit reached,"{'error': 'Access limit reached', 'retry_after': '23 hours 39 minutes'}"
5reM7jR6dJDK1Nvj,1744462783630,429,Access limit reached,"{'error': 'Access limit reached', 'retry_after': '23 hours 39 minutes'}"
5reM7jR6dJDK1Nvj,1744462783630,429,Access limit reached,"{'error': 'Access limit reached', 'retry_after': '23 hours 39 minutes'}"
5reM7jR6dJDK1Nvj,1744462794630,429,Access limit reached,"{'error': 'Access limit reached', 'retry_after': '23 hours 39 minutes'}"
5reM7jR6dJDK1Nvj,1744462794630,429,Access limit reached,"{'error': 'Access limit reached', 'retry_after': '23 hours 39 minutes'}"
5reM7jR6dJDK1Nvj,1744462794630,429,Access limit reached,"{'error': 'Access limit reached', 'retry_after': '23 hours 39 minutes'}"
5reM7jR6dJDK1Nvj,1744462794630,429,Access limit reached,"{'error': 'Access limit reached', 'retry_after': '23 hours 39 minutes'}"
5reM7jR6dJDK1Nvj,1744462794630,429,Access limit reached,"{'error': 'Access limit reached', 'retry_after': '23 hours 39 minutes'}"
5reM7jR6dJDK1Nvj,1744462821630,429,Access limit reached,"{'error': 'Access limit reached', 'retry_after': '23 hours 39 minutes'}"
5reM7jR6dJDK1Nvj,1744462821630,429,Access limit reached,"{'error': 'Access limit reached', 'retry_after': '23 hours 39 minutes'}"
5reM7jR6dJDK1Nvj,1744462821630,429,Access limit reached,"{'error': 'Access limit reached', 'retry_after': '23 hours 39 minutes'}"
5reM7jR6dJDK1Nvj,1744462821630,429,Access limit reached,"{'error': 'Access limit reached', 'retry_after': '23 hours 39 minutes'}"
5reM7jR6dJDK1Nvj,1744462821630,429,Access limit reached,"{'error': 'Access limit reached', 'retry_after': '23 hours 39 minutes'}"
5reM7jR6dJDK1Nvj,1744462845630,429,Access limit reached,"{'error': 'Access limit reached', 'retry_after': '23 hours 39 minutes'}"
5reM7jR6dJDK1Nvj,1744462845630,429,Access limit reached,"{'error': 'Access limit reached', 'retry_after': '23 hours 39 minutes'}"
5reM7jR6dJDK1Nvj,1744462845630,429,Access limit reached,"{'error': 'Access limit reached', 'retry_after': '23 hours 39 minutes'}"
5reM7jR6dJDK1Nvj,1744462845630,429,Access limit reached,"{'error': 'Access limit reached', 'retry_after': '23 hours 39 minutes'}"
5reM7jR6dJDK1Nvj,1744462845630,429,Access limit reached,"{'error': 'Access limit reached', 'retry_after': '23 hours 39 minutes'}"
5reM7jR6dJDK1Nvj,1744462853630,429,Access limit reached,"{'error': 'Access limit reached', 'retry_after': '23 hours 39 minutes'}"
5reM7jR6dJDK1Nvj,1744462853630,429,Access limit reached,"{'error': 'Access limit reached', 'retry_after': '23 hours 39 minutes'}"
5reM7jR6dJDK1Nvj,1744462853630,429,Access limit reached,"{'error': 'Access limit reached', 'retry_after': '23 hours 39 minutes'}"
5reM7jR6dJDK1Nvj,1744462853630,429,Access limit reached,"{'error': 'Access limit reached', 'retry_after': '23 hours 39 minutes'}"
5reM7jR6dJDK1Nvj,1744462853630,429,Access limit reached,"{'error': 'Access limit reached', 'retry_after': '23 hours 39 minutes'}"
5reM7jR6dJDK1Nvj,1744462875630,429,Access limit reached,"{'error': 'Access limit reached', 'retry_after': '23 hours 39 minutes'}"
5reM7jR6dJDK1Nvj,1744462875630,429,Access limit reached,"{'error': 'Access limit reached', 'retry_after': '23 hours 39 minutes'}"
5reM7jR6dJDK1Nvj,1744462875630,429,Access limit reached,"{'error': 'Access limit reached', 'retry_after': '23 hours 39 minutes'}"
5reM7jR6dJDK1Nvj,1744462875630,429,Access limit reached,"{'error': 'Access limit reached', 'retry_after': '23 hours 39 minutes'}"
5reM7jR6dJDK1Nvj,1744462875630,429,Access limit reached,"{'error': 'Access limit reached', 'retry_after': '23 hours 39 minutes'}"
5reM7jR6dJDK1Nvj,1744462885630,429,Access limit reached,"{'error': 'Access limit reached', 'retry_after': '23 hours 39 minutes'}"
5reM7jR6dJDK1Nvj,1744462885630,429,Access limit reached,"{'error': 'Access limit reached', 'retry_after': '23 hours 39 minutes'}"
5reM7jR6dJDK1Nvj,1744462885630,429,Access limit reached,"{'error': 'Access limit reached', 'retry_after': '23 hours 39 minutes'}"
5reM7jR6dJDK1Nvj,1744462885630,429,Access limit reached,"{'error': 'Access limit reached', 'retry_after': '23 hours 39 minutes'}"
5reM7jR6dJDK1Nvj,1744462885630,429,Access limit reached,"{'error': 'Access limit reached', 'retry_after': '23 hours 39 minutes'}"
5reM7jR6dJDK1Nvj,1744462904630,429,Access limit reached,"{'error': 'Access limit reached', 'retry_after': '23 hours 39 minutes'}"
5reM7jR6dJDK1Nvj,1744462904630,429,Access limit reached,"{'error': 'Access limit reached', 'retry_after': '23 hours 39 minutes'}"
5reM7jR6dJDK1Nvj,1744462904630,429,Access limit reached,"{'error': 'Access limit reached', 'retry_after': '23 hours 39 minutes'}"
5reM7jR6dJDK1Nvj,1744462904630,429,Access limit reached,"{'error': 'Access limit reached', 'retry_after': '23 hours 39 minutes'}"
5reM7jR6dJDK1Nvj,1744462904630,429,Access limit reached,"{'error': 'Access limit reached', 'retry_after': '23 hours 39 minutes'}"
5reM7jR6dJDK1Nvj,1744462924630,429,Access limit reached,"{'error': 'Access limit reached', 'retry_after': '23 hours 39 minutes'}"
5reM7jR6dJDK1Nvj,1744462924630,429,Access limit reached,"{'error': 'Access limit reached', 'retry_after': '23 hours 39 minutes'}"
5reM7jR6dJDK1Nvj,1744462924630,429,Access limit reached,"{'error': 'Access limit reached', 'retry_after': '23 hours 39 minutes'}"
5reM7jR6dJDK1Nvj,1744462924630,429,Access limit reached,"{'error': 'Access limit reached', 'retry_after': '23 hours 39 minutes'}"
5reM7jR6dJDK1Nvj,1744462924630,429,Access limit reached,"{'error': 'Access limit reached', 'retry_after': '23 hours 39 minutes'}"
5reM7jR6dJDK1Nvj,1744462938630,429,Access limit reached,"{'error': 'Access limit reached', 'retry_after': '23 hours 39 minutes'}"
5reM7jR6dJDK1Nvj,1744462938630,429,Access limit reached,"{'error': 'Access limit reached', 'retry_after': '23 hours 39 minutes'}"
5reM7jR6dJDK1Nvj,1744462938630,429,Access limit reached,"{'error': 'Access limit reached', 'retry_after': '23 hours 39 minutes'}"
5reM7jR6dJDK1Nvj,1744462938630,429,Access limit reached,"{'error': 'Access limit reached', 'retry_after': '23 hours 39 minutes'}"
5reM7jR6dJDK1Nvj,1744462938630,429,Access limit reached,"{'error': 'Access limit reached', 'retry_after': '23 hours 39 minutes'}"
5reM7jR6dJDK1Nvj,1744462951630,429,Access limit reached,"{'error': 'Access limit reached', 'retry_after': '23 hours 39 minutes'}"
5reM7jR6dJDK1Nvj,1744462951630,429,Access limit reached,"{'error': 'Access limit reached', 'retry_after': '23 hours 39 minutes'}"
5reM7jR6dJDK1Nvj,1744462951630,429,Access limit reached,"{'error': 'Access limit reached', 'retry_after': '23 hours 39 minutes'}"
5reM7jR6dJDK1Nvj,1744462951630,429,Access limit reached,"{'error': 'Access limit reached', 'retry_after': '23 hours 39 minutes'}"
5reM7jR6dJDK1Nvj,1744462951630,429,Access limit reached,"{'error': 'Access limit reached', 'retry_after': '23 hours 39 minutes'}"
5reM7jR6dJDK1Nvj,1744462964630,429,Access limit reached,"{'error': 'Access limit reached', 'retry_after': '23 hours 39 minutes'}"
5reM7jR6dJDK1Nvj,1744462964630,429,Access limit reached,"{'error': 'Access limit reached', 'retry_after': '23 hours 39 minutes'}"
5reM7jR6dJDK1Nvj,1744462964630,429,Access limit reached,"{'error': 'Access limit reached', 'retry_after': '23 hours 39 minutes'}"
5reM7jR6dJDK1Nvj,1744462964630,429,Access limit reached,"{'error': 'Access limit reached', 'retry_after': '23 hours 39 minutes'}"
5reM7jR6dJDK1Nvj,1744462964630,429,Access limit reached,"{'error': 'Access limit reached', 'retry_after': '23 hours 39 minutes'}"
5reM7jR6dJDK1Nvj,1744462982630,429,Access limit reached,"{'error': 'Access limit reached', 'retry_after': '23 hours 39 minutes'}"
5reM7jR6dJDK1Nvj,1744462982630,429,Access limit reached,"{'error': 'Access limit reached', 'retry_after': '23 hours 39 minutes'}"
5reM7jR6dJDK1Nvj,1744462982630,429,Access limit reached,"{'error': 'Access limit reached', 'retry_after': '23 hours 39 minutes'}"
5reM7jR6dJDK1Nvj,1744462982630,429,Access limit reached,"{'error': 'Access limit reached', 'retry_after': '23 hours 39 minutes'}"
5reM7jR6dJDK1Nvj,1744462982630,429,Access limit reached,"{'error': 'Access limit reached', 'retry_after': '23 hours 39 minutes'}"
5reM7jR6dJDK1Nvj,1744463006630,429,Access limit reached,"{'error': 'Access limit reached', 'retry_after': '23 hours 39 minutes'}"
5reM7jR6dJDK1Nvj,1744463006630,429,Access limit reached,"{'error': 'Access limit reached', 'retry_after': '23 hours 39 minutes'}"
5reM7jR6dJDK1Nvj,1744463006630,429,Access limit reached,"{'error': 'Access limit reached', 'retry_after': '23 hours 39 minutes'}"
5reM7jR6dJDK1Nvj,1744463006630,429,Access limit reached,"{'error': 'Access limit reached', 'retry_after': '23 hours 39 minutes'}"
5reM7jR6dJDK1Nvj,1744463006630,429,Access limit reached,"{'error': 'Access limit reached', 'retry_after': '23 hours 39 minutes'}"
5reM7jR6dJDK1Nvj,1744463021630,429,Access limit reached,"{'error': 'Access limit reached', 'retry_after': '23 hours 39 minutes'}"
5reM7jR6dJDK1Nvj,1744463021630,429,Access limit reached,"{'error': 'Access limit reached', 'retry_after': '23 hours 39 minutes'}"
5reM7jR6dJDK1Nvj,1744463021630,429,Access limit reached,"{'error': 'Access limit reached', 'retry_after': '23 hours 39 minutes'}"
5reM7jR6dJDK1Nvj,1744463021630,429,Access limit reached,"{'error': 'Access limit reached', 'retry_after': '23 hours 39 minutes'}"
5reM7jR6dJDK1Nvj,1744463021630,429,Access limit reached,"{'error': 'Access limit reached', 'retry_after': '23 hours 39 minutes'}"
5reM7jR6dJDK1Nvj,1744463028630,429,Access limit reached,"{'error': 'Access limit reached', 'retry_after': '23 hours 39 minutes'}"
5reM7jR6dJDK1Nvj,1744463028630,429,Access limit reached,"{'error': 'Access limit reached', 'retry_after': '23 hours 39 minutes'}"
5reM7jR6dJDK1Nvj,1744463028630,429,Access limit reached,"{'error': 'Access limit reached', 'retry_after': '23 hours 39 minutes'}"
5reM7jR6dJDK1Nvj,1744463028630,429,Access limit reached,"{'error': 'Access limit reached', 'retry_after': '23 hours 39 minutes'}"
5reM7jR6dJDK1Nvj,1744463028630,429,Access limit reached,"{'error': 'Access limit reached', 'retry_after': '23 hours 39 minutes'}"
5reM7jR6dJDK1Nvj,1744463053630,429,Access limit reached,"{'error': 'Access limit reached', 'retry_after': '23 hours 39 minutes'}"
5reM7jR6dJDK1Nvj,1744463053630,429,Access limit reached,"{'error': 'Access limit reached', 'retry_after': '23 hours 39 minutes'}"
5reM7jR6dJDK1Nvj,1744463053630,429,Access limit reached,"{'error': 'Access limit reached', 'retry_after': '23 hours 39 minutes'}"
5reM7jR6dJDK1Nvj,1744463053630,429,Access limit reached,"{'error': 'Access limit reached', 'retry_after': '23 hours 39 minutes'}"
5reM7jR6dJDK1Nvj,1744463053630,429,Access limit reached,"{'error': 'Access limit reached', 'retry_after': '23 hours 39 minutes'}"
5reM7jR6dJDK1Nvj,1744463067630,429,Access limit reached,"{'error': 'Access limit reached', 'retry_after': '23 hours 39 minutes'}"
5reM7jR6dJDK1Nvj,1744463067630,429,Access limit reached,"{'error': 'Access limit reached', 'retry_after': '23 hours 39 minutes'}"
5reM7jR6dJDK1Nvj,1744463067630,429,Access limit reached,"{'error': 'Access limit reached', 'retry_after': '23 hours 39 minutes'}"
5reM7jR6dJDK1Nvj,1744463067630,429,Access limit reached,"{'error': 'Access limit reached', 'retry_after': '23 hours 39 minutes'}"
5reM7jR6dJDK1Nvj,1744463067630,429,Access limit reached,"{'error': 'Access limit reached', 'retry_after': '23 hours 39 minutes'}"
5reM7jR6dJDK1Nvj,1744463079630,429,Access limit reached,"{'error': 'Access limit reached', 'retry_after': '23 hours 39 minutes'}"
5reM7jR6dJDK1Nvj,1744463079630,429,Access limit reached,"{'error': 'Access limit reached', 'retry_after': '23 hours 39 minutes'}"
5reM7jR6dJDK1Nvj,1744463079630,429,Access limit reached,"{'error': 'Access limit reached', 'retry_after': '23 hours 39 minutes'}"
5reM7jR6dJDK1Nvj,1744463079630,429,Access limit reached,"{'error': 'Access limit reached', 'retry_after': '23 hours 39 minutes'}"
5reM7jR6dJDK1Nvj,1744463079630,429,Access limit reached,"{'error': 'Access limit reached', 'retry_after': '23 hours 39 minutes'}"
5reM7jR6dJDK1Nvj,1744463093630,429,Access limit reached,"{'error': 'Access limit reached', 'retry_after': '23 hours 39 minutes'}"
5reM7jR6dJDK1Nvj,1744463093630,429,Access limit reached,"{'error': 'Access limit reached', 'retry_after': '23 hours 39 minutes'}"
5reM7jR6dJDK1Nvj,1744463093630,429,Access limit reached,"{'error': 'Access limit reached', 'retry_after': '23 hours 39 minutes'}"
5reM7jR6dJDK1Nvj,1744463093630,429,Access limit reached,"{'error': 'Access limit reached', 'retry_after': '23 hours 39 minutes'}"
5reM7jR6dJDK1Nvj,1744463093630,429,Access limit reached,"{'error': 'Access limit reached', 'retry_after': '23 hours 39 minutes'}"
5reM7jR6dJDK1Nvj,1744463111630,429,Access limit reached,"{'error': 'Access limit reached', 'retry_after': '23 hours 39 minutes'}"
5reM7jR6dJDK1Nvj,1744463111630,429,Access limit reached,"{'error': 'Access limit reached', 'retry_after': '23 hours 39 minutes'}"
5reM7jR6dJDK1Nvj,1744463111630,429,Access limit reached,"{'error': 'Access limit reached', 'retry_after': '23 hours 39 minutes'}"
5reM7jR6dJDK1Nvj,1744463111630,429,Access limit reached,"{'error': 'Access limit reached', 'retry_after': '23 hours 39 minutes'}"
5reM7jR6dJDK1Nvj,1744463111630,429,Access limit reached,"{'error': 'Access limit reached', 'retry_after': '23 hours 39 minutes'}"
T79q5lQcq2RZ5AJU,1744463116630,429,Access limit reached,"{'error': 'Access limit reached', 'retry_after': '0 hours 8 minutes'}"
T79q5lQcq2RZ5AJU,1744463116630,429,Access limit reached,"{'error': 'Access limit reached', 'retry_after': '0 hours 8 minutes'}"
T79q5lQcq2RZ5AJU,1744463116630,429,Access limit reached,"{'error': 'Access limit reached', 'retry_after': '0 hours 8 minutes'}"
T79q5lQcq2RZ5AJU,1744463116630,429,Access limit reached,"{'error': 'Access limit reached', 'retry_after': '0 hours 8 minutes'}"
T79q5lQcq2RZ5AJU,1744463116630,429,Access limit reached,"{'error': 'Access limit reached', 'retry_after': '0 hours 8 minutes'}"
T79q5lQcq2RZ5AJU,1744463134630,429,Access limit reached,"{'error': 'Access limit reached', 'retry_after': '0 hours 8 minutes'}"
T79q5lQcq2RZ5AJU,1744463134630,429,Access limit reached,"{'error': 'Access limit reached', 'retry_after': '0 hours 8 minutes'}"
T79q5lQcq2RZ5AJU,1744463134630,429,Access limit reached,"{'error': 'Access limit reached', 'retry_after': '0 hours 8 minutes'}"
T79q5lQcq2RZ5AJU,1744463134630,429,Access limit reached,"{'error': 'Access limit reached', 'retry_after': '0 hours 8 minutes'}"
T79q5lQcq2RZ5AJU,1744463134630,429,Access limit reached,"{'error': 'Access limit reached', 'retry_after': '0 hours 8 minutes'}"
T79q5lQcq2RZ5AJU,1744463160630,429,Access limit reached,"{'error': 'Access limit reached', 'retry_after': '0 hours 8 minutes'}"
T79q5lQcq2RZ5AJU,1744463160630,429,Access limit reached,"{'error': 'Access limit reached', 'retry_after': '0 hours 8 minutes'}"
T79q5lQcq2RZ5AJU,1744463160630,429,Access limit reached,"{'error': 'Access limit reached', 'retry_after': '0 hours 8 minutes'}"
T79q5lQcq2RZ5AJU,1744463160630,429,Access limit reached,"{'error': 'Access limit reached', 'retry_after': '0 hours 8 minutes'}"
T79q5lQcq2RZ5AJU,1744463160630,429,Access limit reached,"{'error': 'Access limit reached', 'retry_after': '0 hours 8 minutes'}"
T79q5lQcq2RZ5AJU,1744463181630,429,Access limit reached,"{'error': 'Access limit reached', 'retry_after': '0 hours 8 minutes'}"
T79q5lQcq2RZ5AJU,1744463181630,429,Access limit reached,"{'error': 'Access limit reached', 'retry_after': '0 hours 8 minutes'}"
T79q5lQcq2RZ5AJU,1744463181630,429,Access limit reached,"{'error': 'Access limit reached', 'retry_after': '0 hours 8 minutes'}"
T79q5lQcq2RZ5AJU,1744463181630,429,Access limit reached,"{'error': 'Access limit reached', 'retry_after': '0 hours 8 minutes'}"
T79q5lQcq2RZ5AJU,1744463181630,429,Access limit reached,"{'error': 'Access limit reached', 'retry_after': '0 hours 8 minutes'}"
T79q5lQcq2RZ5AJU,1744463198630,429,Access limit reached,"{'error': 'Access limit reached', 'retry_after': '0 hours 8 minutes'}"
T79q5lQcq2RZ5AJU,1744463198630,429,Access limit reached,"{'error': 'Access limit reached', 'retry_after': '0 hours 8 minutes'}"
T79q5lQcq2RZ5AJU,1744463198630,429,Access limit reached,"{'error': 'Access limit reached', 'retry_after': '0 hours 8 minutes'}"
T79q5lQcq2RZ5AJU,1744463198630,429,Access limit reached,"{'error': 'Access limit reached', 'retry_after': '0 hours 8 minutes'}"
T79q5lQcq2RZ5AJU,1744463198630,429,Access limit reached,"{'error': 'Access limit reached', 'retry_after': '0 hours 8 minutes'}"
T79q5lQcq2RZ5AJU,1744463210630,429,Access limit reached,"{'error': 'Access limit reached', 'retry_after': '0 hours 8 minutes'}"
T79q5lQcq2RZ5AJU,1744463210630,429,Access limit reached,"{'error': 'Access limit reached', 'retry_after': '0 hours 8 minutes'}"
T79q5lQcq2RZ5AJU,1744463210630,429,Access limit reached,"{'error': 'Access limit reached', 'retry_after': '0 hours 8 minutes'}"
T79q5lQcq2RZ5AJU,1744463210630,429,Access limit reached,"{'error': 'Access limit reached', 'retry_after': '0 hours 8 minutes'}"
T79q5lQcq2RZ5AJU,1744463210630,429,Access limit reached,"{'error': 'Access limit reached', 'retry_after': '0 hours 8 minutes'}"
T79q5lQcq2RZ5AJU,1744463239630,429,Access limit reached,"{'error': 'Access limit reached', 'retry_after': '0 hours 8 minutes'}"
T79q5lQcq2RZ5AJU,1744463239630,429,Access limit reached,"{'error': 'Access limit reached', 'retry_after': '0 hours 8 minutes'}"
T79q5lQcq2RZ5AJU,1744463239630,429,Access limit reached,"{'error': 'Access limit reached', 'retry_after': '0 hours 8 minutes'}"
T79q5lQcq2RZ5AJU,1744463239630,429,Access limit reached,"{'error': 'Access limit reached', 'retry_after': '0 hours 8 minutes'}"
T79q5lQcq2RZ5AJU,1744463239630,429,Access limit reached,"{'error': 'Access limit reached', 'retry_after': '0 hours 8 minutes'}"
T79q5lQcq2RZ5AJU,1744463262630,429,Access limit reached,"{'error': 'Access limit reached', 'retry_after': '0 hours 8 minutes'}"
T79q5lQcq2RZ5AJU,1744463262630,429,Access limit reached,"{'error': 'Access limit reached', 'retry_after': '0 hours 8 minutes'}"
T79q5lQcq2RZ5AJU,1744463262630,429,Access limit reached,"{'error': 'Access limit reached', 'retry_after': '0 hours 8 minutes'}"
T79q5lQcq2RZ5AJU,1744463262630,429,Access limit reached,"{'error': 'Access limit reached', 'retry_after': '0 hours 8 minutes'}"
T79q5lQcq2RZ5AJU,1744463262630,429,Access limit reached,"{'error': 'Access limit reached', 'retry_after': '0 hours 8 minutes'}"
T79q5lQcq2RZ5AJU,1744463274630,429,Access limit reached,"{'error': 'Access limit reached', 'retry_after': '0 hours 8 minutes'}"
T79q5lQcq2RZ5AJU,1744463274630,429,Access limit reached,"{'error': 'Access limit reached', 'retry_after': '0 hours 8 minutes'}"
T79q5lQcq2RZ5AJU,1744463274630,429,Access limit reached,"{'error': 'Access limit reached', 'retry_after': '0 hours 8 minutes'}"
T79q5lQcq2RZ5AJU,1744463274630,429,Access limit reached,"{'error': 'Access limit reached', 'retry_after': '0 hours 8 minutes'}"
T79q5lQcq2RZ5AJU,1744463274630,429,Access limit reached,"{'error': 'Access limit reached', 'retry_after': '0 hours 8 minutes'}"
T79q5lQcq2RZ5AJU,1744463292630,429,Access limit reached,"{'error': 'Access limit reached', 'retry_after': '0 hours 8 minutes'}"
T79q5lQcq2RZ5AJU,1744463292630,429,Access limit reached,"{'error': 'Access limit reached', 'retry_after': '0 hours 8 minutes'}"
T79q5lQcq2RZ5AJU,1744463292630,429,Access limit reached,"{'error': 'Access limit reached', 'retry_after': '0 hours 8 minutes'}"
T79q5lQcq2RZ5AJU,1744463292630,429,Access limit reached,"{'error': 'Access limit reached', 'retry_after': '0 hours 8 minutes'}"
T79q5lQcq2RZ5AJU,1744463292630,429,Access limit reached,"{'error': 'Access limit reached', 'retry_after': '0 hours 8 minutes'}"
T79q5lQcq2RZ5AJU,1744463315630,429,Access limit reached,"{'error': 'Access limit reached', 'retry_after': '0 hours 8 minutes'}"
T79q5lQcq2RZ5AJU,1744463315630,429,Access limit reached,"{'error': 'Access limit reached', 'retry_after': '0 hours 8 minutes'}"
T79q5lQcq2RZ5AJU,1744463315630,429,Access limit reached,"{'error': 'Access limit reached', 'retry_after': '0 hours 8 minutes'}"
T79q5lQcq2RZ5AJU,1744463315630,429,Access limit reached,"{'error': 'Access limit reached', 'retry_after': '0 hours 8 minutes'}"
T79q5lQcq2RZ5AJU,1744463315630,429,Access limit reached,"{'error': 'Access limit reached', 'retry_after': '0 hours 8 minutes'}"
T79q5lQcq2RZ5AJU,1744463341630,429,Access limit reached,"{'error': 'Access limit reached', 'retry_after': '0 hours 8 minutes'}"
T79q5lQcq2RZ5AJU,1744463341630,429,Access limit reached,"{'error': 'Access limit reached', 'retry_after': '0 hours 8 minutes'}"
T79q5lQcq2RZ5AJU,1744463341630,429,Access limit reached,"{'error': 'Access limit reached', 'retry_after': '0 hours 8 minutes'}"
T79q5lQcq2RZ5AJU,1744463341630,429,Access limit reached,"{'error': 'Access limit reached', 'retry_after': '0 hours 8 minutes'}"
T79q5lQcq2RZ5AJU,1744463341630,429,Access limit reached,"{'error': 'Access limit reached', 'retry_after': '0 hours 8 minutes'}"
T79q5lQcq2RZ5AJU,1744463348630,429,Access limit reached,"{'error': 'Access limit reached', 'retry_after': '0 hours 8 minutes'}"
T79q5lQcq2RZ5AJU,1744463348630,429,Access limit reached,"{'error': 'Access limit reached', 'retry_after': '0 hours 8 minutes'}"
T79q5lQcq2RZ5AJU,1744463348630,429,Access limit reached,"{'error': 'Access limit reached', 'retry_after': '0 hours 8 minutes'}"
T79q5lQcq2RZ5AJU,1744463348630,429,Access limit reached,"{'error': 'Access limit reached', 'retry_after': '0 hours 8 minutes'}"
T79q5lQcq2RZ5AJU,1744463348630,429,Access limit reached,"{'error': 'Access limit reached', 'retry_after': '0 hours 8 minutes'}"
T79q5lQcq2RZ5AJU,1744463354630,429,Access limit reached,"{'error': 'Access limit reached', 'retry_after': '0 hours 8 minutes'}"
T79q5lQcq2RZ5AJU,1744463354630,429,Access limit reached,"{'error': 'Access limit reached', 'retry_after': '0 hours 8 minutes'}"
T79q5lQcq2RZ5AJU,1744463354630,429,Access limit reached,"{'error': 'Access limit reached', 'retry_after': '0 hours 8 minutes'}"
T79q5lQcq2RZ5AJU,1744463354630,429,Access limit reached,"{'error': 'Access limit reached', 'retry_after': '0 hours 8 minutes'}"
T79q5lQcq2RZ5AJU,1744463354630,429,Access limit reached,"{'error': 'Access limit reached', 'retry_after': '0 hours 8 minutes'}"
T79q5lQcq2RZ5AJU,1744463367630,429,Access limit reached,"{'error': 'Access limit reached', 'retry_after': '0 hours 8 minutes'}"
T79q5lQcq2RZ5AJU,1744463367630,429,Access limit reached,"{'error': 'Access limit reached', 'retry_after': '0 hours 8 minutes'}"
T79q5lQcq2RZ5AJU,1744463367630,429,Access limit reached,"{'error': 'Access limit reached', 'retry_after': '0 hours 8 minutes'}"
T79q5lQcq2RZ5AJU,1744463367630,429,Access limit reached,"{'error': 'Access limit reached', 'retry_after': '0 hours 8 minutes'}"
T79q5lQcq2RZ5AJU,1744463367630,429,Access limit reached,"{'error': 'Access limit reached', 'retry_after': '0 hours 7 minutes'}"
T79q5lQcq2RZ5AJU,1744463387630,429,Access limit reached,"{'error': 'Access limit reached', 'retry_after': '0 hours 7 minutes'}"
T79q5lQcq2RZ5AJU,1744463387630,429,Access limit reached,"{'error': 'Access limit reached', 'retry_after': '0 hours 7 minutes'}"
T79q5lQcq2RZ5AJU,1744463387630,429,Access limit reached,"{'error': 'Access limit reached', 'retry_after': '0 hours 7 minutes'}"
T79q5lQcq2RZ5AJU,1744463387630,429,Access limit reached,"{'error': 'Access limit reached', 'retry_after': '0 hours 7 minutes'}"
T79q5lQcq2RZ5AJU,1744463387630,429,Access limit reached,"{'error': 'Access limit reached', 'retry_after': '0 hours 7 minutes'}"
T79q5lQcq2RZ5AJU,1744463395630,429,Access limit reached,"{'error': 'Access limit reached', 'retry_after': '0 hours 7 minutes'}"
T79q5lQcq2RZ5AJU,1744463395630,429,Access limit reached,"{'error': 'Access limit reached', 'retry_after': '0 hours 7 minutes'}"
T79q5lQcq2RZ5AJU,1744463395630,429,Access limit reached,"{'error': 'Access limit reached', 'retry_after': '0 hours 7 minutes'}"
T79q5lQcq2RZ5AJU,1744463395630,429,Access limit reached,"{'error': 'Access limit reached', 'retry_after': '0 hours 7 minutes'}"
T79q5lQcq2RZ5AJU,1744463395630,429,Access limit reached,"{'error': 'Access limit reached', 'retry_after': '0 hours 7 minutes'}"
T79q5lQcq2RZ5AJU,1744463400630,429,Access limit reached,"{'error': 'Access limit reached', 'retry_after': '0 hours 7 minutes'}"
T79q5lQcq2RZ5AJU,1744463400630,429,Access limit reached,"{'error': 'Access limit reached', 'retry_after': '0 hours 7 minutes'}"
T79q5lQcq2RZ5AJU,1744463400630,429,Access limit reached,"{'error': 'Access limit reached', 'retry_after': '0 hours 7 minutes'}"
T79q5lQcq2RZ5AJU,1744463400630,429,Access limit reached,"{'error': 'Access limit reached', 'retry_after': '0 hours 7 minutes'}"
T79q5lQcq2RZ5AJU,1744463400630,429,Access limit reached,"{'error': 'Access limit reached', 'retry_after': '0 hours 7 minutes'}"
T79q5lQcq2RZ5AJU,1744463428630,429,Access limit reached,"{'error': 'Access limit reached', 'retry_after': '0 hours 7 minutes'}"
T79q5lQcq2RZ5AJU,1744463428630,429,Access limit reached,"{'error': 'Access limit reached', 'retry_after': '0 hours 7 minutes'}"
T79q5lQcq2RZ5AJU,1744463428630,429,Access limit reached,"{'error': 'Access limit reached', 'retry_after': '0 hours 7 minutes'}"
T79q5lQcq2RZ5AJU,1744463428630,429,Access limit reached,"{'error': 'Access limit reached', 'retry_after': '0 hours 7 minutes'}"
T79q5lQcq2RZ5AJU,1744463428630,429,Access limit reached,"{'error': 'Access limit reached', 'retry_after': '0 hours 7 minutes'}"
T79q5lQcq2RZ5AJU,1744463453630,429,Access limit reached,"{'error': 'Access limit reached', 'retry_after': '0 hours 7 minutes'}"
T79q5lQcq2RZ5AJU,1744463453630,429,Access limit reached,"{'error': 'Access limit reached', 'retry_after': '0 hours 7 minutes'}"
T79q5lQcq2RZ5AJU,1744463453630,429,Access limit reached,"{'error': 'Access limit reached', 'retry_after': '0 hours 7 minutes'}"
T79q5lQcq2RZ5AJU,1744463453630,429,Access limit reached,"{'error': 'Access limit reached', 'retry_after': '0 hours 7 minutes'}"
T79q5lQcq2RZ5AJU,1744463453630,429,Access limit reached,"{'error': 'Access limit reached', 'retry_after': '0 hours 7 minutes'}"
T79q5lQcq2RZ5AJU,1744463458630,429,Access limit reached,"{'error': 'Access limit reached', 'retry_after': '0 hours 7 minutes'}"
T79q5lQcq2RZ5AJU,1744463458630,429,Access limit reached,"{'error': 'Access limit reached', 'retry_after': '0 hours 7 minutes'}"
T79q5lQcq2RZ5AJU,1744463458630,429,Access limit reached,"{'error': 'Access limit reached', 'retry_after': '0 hours 7 minutes'}"
T79q5lQcq2RZ5AJU,1744463458630,429,Access limit reached,"{'error': 'Access limit reached', 'retry_after': '0 hours 7 minutes'}"
T79q5lQcq2RZ5AJU,1744463458630,429,Access limit reached,"{'error': 'Access limit reached', 'retry_after': '0 hours 7 minutes'}"
T79q5lQcq2RZ5AJU,1744463484630,429,Access limit reached,"{'error': 'Access limit reached', 'retry_after': '0 hours 7 minutes'}"
T79q5lQcq2RZ5AJU,1744463484630,429,Access limit reached,"{'error': 'Access limit reached', 'retry_after': '0 hours 7 minutes'}"
T79q5lQcq2RZ5AJU,1744463484630,429,Access limit reached,"{'error': 'Access limit reached', 'retry_after': '0 hours 7 minutes'}"
T79q5lQcq2RZ5AJU,1744463484630,429,Access limit reached,"{'error': 'Access limit reached', 'retry_after': '0 hours 7 minutes'}"
T79q5lQcq2RZ5AJU,1744463484630,429,Access limit reached,"{'error': 'Access limit reached', 'retry_after': '0 hours 7 minutes'}"
T79q5lQcq2RZ5AJU,1744463513630,429,Access limit reached,"{'error': 'Access limit reached', 'retry_after': '0 hours 7 minutes'}"
T79q5lQcq2RZ5AJU,1744463513630,429,Access limit reached,"{'error': 'Access limit reached', 'retry_after': '0 hours 7 minutes'}"
T79q5lQcq2RZ5AJU,1744463513630,429,Access limit reached,"{'error': 'Access limit reached', 'retry_after': '0 hours 7 minutes'}"
T79q5lQcq2RZ5AJU,1744463513630,429,Access limit reached,"{'error': 'Access limit reached', 'retry_after': '0 hours 7 minutes'}"
T79q5lQcq2RZ5AJU,1744463513630,429,Access limit reached,"{'error': 'Access limit reached', 'retry_after': '0 hours 7 minutes'}"
T79q5lQcq2RZ5AJU,1744463527630,429,Access limit reached,"{'error': 'Access limit reached', 'retry_after': '0 hours 7 minutes'}"
T79q5lQcq2RZ5AJU,1744463527630,429,Access limit reached,"{'error': 'Access limit reached', 'retry_after': '0 hours 7 minutes'}"
T79q5lQcq2RZ5AJU,1744463527630,429,Access limit reached,"{'error': 'Access limit reached', 'retry_after': '0 hours 7 minutes'}"
T79q5lQcq2RZ5AJU,1744463527630,429,Access limit reached,"{'error': 'Access limit reached', 'retry_after': '0 hours 7 minutes'}"
T79q5lQcq2RZ5AJU,1744463527630,429,Access limit reached,"{'error': 'Access limit reached', 'retry_after': '0 hours 7 minutes'}"
T79q5lQcq2RZ5AJU,1744463556630,429,Access limit reached,"{'error': 'Access limit reached', 'retry_after': '0 hours 7 minutes'}"
T79q5lQcq2RZ5AJU,1744463556630,429,Access limit reached,"{'error': 'Access limit reached', 'retry_after': '0 hours 7 minutes'}"
T79q5lQcq2RZ5AJU,1744463556630,429,Access limit reached,"{'error': 'Access limit reached', 'retry_after': '0 hours 7 minutes'}"
T79q5lQcq2RZ5AJU,1744463556630,429,Access limit reached,"{'error': 'Access limit reached', 'retry_after': '0 hours 7 minutes'}"
T79q5lQcq2RZ5AJU,1744463556630,429,Access limit reached,"{'error': 'Access limit reached', 'retry_after': '0 hours 7 minutes'}"
T79q5lQcq2RZ5AJU,1744463563630,429,Access limit reached,"{'error': 'Access limit reached', 'retry_after': '0 hours 7 minutes'}"
T79q5lQcq2RZ5AJU,1744463563630,429,Access limit reached,"{'error': 'Access limit reached', 'retry_after': '0 hours 7 minutes'}"
T79q5lQcq2RZ5AJU,1744463563630,429,Access limit reached,"{'error': 'Access limit reached', 'retry_after': '0 hours 7 minutes'}"
T79q5lQcq2RZ5AJU,1744463563630,429,Access limit reached,"{'error': 'Access limit reached', 'retry_after': '0 hours 7 minutes'}"
T79q5lQcq2RZ5AJU,1744463563630,429,Access limit reached,"{'error': 'Access limit reached', 'retry_after': '0 hours 7 minutes'}"
T79q5lQcq2RZ5AJU,1744463584630,429,Access limit reached,"{'error': 'Access limit reached', 'retry_after': '0 hours 7 minutes'}"
T79q5lQcq2RZ5AJU,1744463584630,429,Access limit reached,"{'error': 'Access limit reached', 'retry_after': '0 hours 7 minutes'}"
T79q5lQcq2RZ5AJU,1744463584630,429,Access limit reached,"{'error': 'Access limit reached', 'retry_after': '0 hours 7 minutes'}"
T79q5lQcq2RZ5AJU,1744463584630,429,Access limit reached,"{'error': 'Access limit reached', 'retry_after': '0 hours 7 minutes'}"
T79q5lQcq2RZ5AJU,1744463584630,429,Access limit reached,"{'error': 'Access limit reached', 'retry_after': '0 hours 7 minutes'}"
T79q5lQcq2RZ5AJU,1744463592630,429,Access limit reached,"{'error': 'Access limit reached', 'retry_after': '0 hours 7 minutes'}"
T79q5lQcq2RZ5AJU,1744463592630,429,Access limit reached,"{'error': 'Access limit reached', 'retry_after': '0 hours 7 minutes'}"
T79q5lQcq2RZ5AJU,1744463592630,429,Access limit reached,"{'error': 'Access limit reached', 'retry_after': '0 hours 7 minutes'}"
T79q5lQcq2RZ5AJU,1744463592630,429,Access limit reached,"{'error': 'Access limit reached', 'retry_after': '0 hours 7 minutes'}"
T79q5lQcq2RZ5AJU,1744463592630,429,Access limit reached,"{'error': 'Access limit reached', 'retry_after': '0 hours 7 minutes'}"
T79q5lQcq2RZ5AJU,1744463615630,429,Access limit reached,"{'error': 'Access limit reached', 'retry_after': '0 hours 7 minutes'}"
T79q5lQcq2RZ5AJU,1744463615630,429,Access limit reached,"{'error': 'Access limit reached', 'retry_after': '0 hours 7 minutes'}"
T79q5lQcq2RZ5AJU,1744463615630,429,Access limit reached,"{'error': 'Access limit reached', 'retry_after': '0 hours 7 minutes'}"
T79q5lQcq2RZ5AJU,1744463615630,429,Access limit reached,"{'error': 'Access limit reached', 'retry_after': '0 hours 7 minutes'}"
T79q5lQcq2RZ5AJU,1744463615630,429,Access limit reached,"{'error': 'Access limit reached', 'retry_after': '0 hours 7 minutes'}"
T79q5lQcq2RZ5AJU,1744463623630,429,Access limit reached,"{'error': 'Access limit reached', 'retry_after': '0 hours 7 minutes'}"
T79q5lQcq2RZ5AJU,1744463623630,429,Access limit reached,"{'error': 'Access limit reached', 'retry_after': '0 hours 7 minutes'}"
T79q5lQcq2RZ5AJU,1744463623630,429,Access limit reached,"{'error': 'Access limit reached', 'retry_after': '0 hours 7 minutes'}"
T79q5lQcq2RZ5AJU,1744463623630,429,Access limit reached,"{'error': 'Access limit reached', 'retry_after': '0 hours 7 minutes'}"
T79q5lQcq2RZ5AJU,1744463623630,429,Access limit reached,"{'error': 'Access limit reached', 'retry_after': '0 hours 7 minutes'}"
T79q5lQcq2RZ5AJU,1744463647630,429,Access limit reached,"{'error': 'Access limit reached', 'retry_after': '0 hours 7 minutes'}"
T79q5lQcq2RZ5AJU,1744463647630,429,Access limit reached,"{'error': 'Access limit reached', 'retry_after': '0 hours 7 minutes'}"
T79q5lQcq2RZ5AJU,1744463647630,429,Access limit reached,"{'error': 'Access limit reached', 'retry_after': '0 hours 7 minutes'}"
T79q5lQcq2RZ5AJU,1744463647630,429,Access limit reached,"{'error': 'Access limit reached', 'retry_after': '0 hours 7 minutes'}"
T79q5lQcq2RZ5AJU,1744463647630,429,Access limit reached,"{'error': 'Access limit reached', 'retry_after': '0 hours 7 minutes'}"
T79q5lQcq2RZ5AJU,1744463662630,429,Access limit reached,"{'error': 'Access limit reached', 'retry_after': '0 hours 7 minutes'}"
T79q5lQcq2RZ5AJU,1744463662630,429,Access limit reached,"{'error': 'Access limit reached', 'retry_after': '0 hours 7 minutes'}"
T79q5lQcq2RZ5AJU,1744463662630,429,Access limit reached,"{'error': 'Access limit reached', 'retry_after': '0 hours 7 minutes'}"
T79q5lQcq2RZ5AJU,1744463662630,429,Access limit reached,"{'error': 'Access limit reached', 'retry_after': '0 hours 7 minutes'}"
T79q5lQcq2RZ5AJU,1744463662630,429,Access limit reached,"{'error': 'Access limit reached', 'retry_after': '0 hours 7 minutes'}"
T79q5lQcq2RZ5AJU,1744463674630,429,Access limit reached,"{'error': 'Access limit reached', 'retry_after': '0 hours 7 minutes'}"
T79q5lQcq2RZ5AJU,1744463674630,429,Access limit reached,"{'error': 'Access limit reached', 'retry_after': '0 hours 7 minutes'}"
T79q5lQcq2RZ5AJU,1744463674630,429,Access limit reached,"{'error': 'Access limit reached', 'retry_after': '0 hours 7 minutes'}"
T79q5lQcq2RZ5AJU,1744463674630,429,Access limit reached,"{'error': 'Access limit reached', 'retry_after': '0 hours 7 minutes'}"
T79q5lQcq2RZ5AJU,1744463674630,429,Access limit reached,"{'error': 'Access limit reached', 'retry_after': '0 hours 7 minutes'}"
YAxhTHul26gN03ih,1744463702630,429,Access limit reached,"{'error': 'Access limit reached', 'retry_after': '23 hours 30 minutes'}"
YAxhTHul26gN03ih,1744463702630,429,Access limit reached,"{'error': 'Access limit reached', 'retry_after': '23 hours 30 minutes'}"
YAxhTHul26gN03ih,1744463702630,429,Access limit reached,"{'error': 'Access limit reached', 'retry_after': '23 hours 30 minutes'}"
YAxhTHul26gN03ih,1744463702630,429,Access limit reached,"{'error': 'Access limit reached', 'retry_after': '23 hours 30 minutes'}"
YAxhTHul26gN03ih,1744463702630,429,Access limit reached,"{'error': 'Access limit reached', 'retry_after': '23 hours 30 minutes'}"
YAxhTHul26gN03ih,1744463729630,429,Access limit reached,"{'error': 'Access limit reached', 'retry_after': '23 hours 30 minutes'}"
YAxhTHul26gN03ih,1744463729630,429,Access limit reached,"{'error': 'Access limit reached', 'retry_after': '23 hours 30 minutes'}"
YAxhTHul26gN03ih,1744463729630,429,Access limit reached,"{'error': 'Access limit reached', 'retry_after': '23 hours 30 minutes'}"
YAxhTHul26gN03ih,1744463729630,429,Access limit reached,"{'error': 'Access limit reached', 'retry_after': '23 hours 30 minutes'}"
YAxhTHul26gN03ih,1744463729630,429,Access limit reached,"{'error': 'Access limit reached', 'retry_after': '23 hours 30 minutes'}"
YAxhTHul26gN03ih,1744463737630,429,Access limit reached,"{'error': 'Access limit reached', 'retry_after': '23 hours 30 minutes'}"
YAxhTHul26gN03ih,1744463737630,429,Access limit reached,"{'error': 'Access limit reached', 'retry_after': '23 hours 30 minutes'}"
YAxhTHul26gN03ih,1744463737630,429,Access limit reached,"{'error': 'Access limit reached', 'retry_after': '23 hours 30 minutes'}"
YAxhTHul26gN03ih,1744463737630,429,Access limit reached,"{'error': 'Access limit reached', 'retry_after': '23 hours 30 minutes'}"
YAxhTHul26gN03ih,1744463737630,429,Access limit reached,"{'error': 'Access limit reached', 'retry_after': '23 hours 30 minutes'}"
YAxhTHul26gN03ih,1744463756630,429,Access limit reached,"{'error': 'Access limit reached', 'retry_after': '23 hours 30 minutes'}"
YAxhTHul26gN03ih,1744463756630,429,Access limit reached,"{'error': 'Access limit reached', 'retry_after': '23 hours 30 minutes'}"
YAxhTHul26gN03ih,1744463756630,429,Access limit reached,"{'error': 'Access limit reached', 'retry_after': '23 hours 30 minutes'}"
YAxhTHul26gN03ih,1744463756630,429,Access limit reached,"{'error': 'Access limit reached', 'retry_after': '23 hours 30 minutes'}"
YAxhTHul26gN03ih,1744463756630,429,Access limit reached,"{'error': 'Access limit reached', 'retry_after': '23 hours 30 minutes'}"
YAxhTHul26gN03ih,1744463774630,429,Access limit reached,"{'error': 'Access limit reached', 'retry_after': '23 hours 30 minutes'}"
YAxhTHul26gN03ih,1744463774630,429,Access limit reached,"{'error': 'Access limit reached', 'retry_after': '23 hours 30 minutes'}"
YAxhTHul26gN03ih,1744463774630,429,Access limit reached,"{'error': 'Access limit reached', 'retry_after': '23 hours 30 minutes'}"
YAxhTHul26gN03ih,1744463774630,429,Access limit reached,"{'error': 'Access limit reached', 'retry_after': '23 hours 30 minutes'}"
YAxhTHul26gN03ih,1744463774630,429,Access limit reached,"{'error': 'Access limit reached', 'retry_after': '23 hours 30 minutes'}"
YAxhTHul26gN03ih,1744463804630,429,Access limit reached,"{'error': 'Access limit reached', 'retry_after': '23 hours 30 minutes'}"
YAxhTHul26gN03ih,1744463804630,429,Access limit reached,"{'error': 'Access limit reached', 'retry_after': '23 hours 30 minutes'}"
YAxhTHul26gN03ih,1744463804630,429,Access limit reached,"{'error': 'Access limit reached', 'retry_after': '23 hours 30 minutes'}"
YAxhTHul26gN03ih,1744463804630,429,Access limit reached,"{'error': 'Access limit reached', 'retry_after': '23 hours 30 minutes'}"
YAxhTHul26gN03ih,1744463804630,429,Access limit reached,"{'error': 'Access limit reached', 'retry_after': '23 hours 30 minutes'}"
YAxhTHul26gN03ih,1744463832630,429,Access limit reached,"{'error': 'Access limit reached', 'retry_after': '23 hours 30 minutes'}"
YAxhTHul26gN03ih,1744463832630,429,Access limit reached,"{'error': 'Access limit reached', 'retry_after': '23 hours 30 minutes'}"
YAxhTHul26gN03ih,1744463832630,429,Access limit reached,"{'error': 'Access limit reached', 'retry_after': '23 hours 30 minutes'}"
YAxhTHul26gN03ih,1744463832630,429,Access limit reached,"{'error': 'Access limit reached', 'retry_after': '23 hours 30 minutes'}"
YAxhTHul26gN03ih,1744463832630,429,Access limit reached,"{'error': 'Access limit reached', 'retry_after': '23 hours 30 minutes'}"
YAxhTHul26gN03ih,1744463849630,429,Access limit reached,"{'error': 'Access limit reached', 'retry_after': '23 hours 30 minutes'}"
YAxhTHul26gN03ih,1744463849630,429,Access limit reached,"{'error': 'Access limit reached', 'retry_after': '23 hours 30 minutes'}"
YAxhTHul26gN03ih,1744463849630,429,Access limit reached,"{'error': 'Access limit reached', 'retry_after': '23 hours 30 minutes'}"
YAxhTHul26gN03ih,1744463849630,429,Access limit reached,"{'error': 'Access limit reached', 'retry_after': '23 hours 30 minutes'}"
YAxhTHul26gN03ih,1744463849630,429,Access limit reached,"{'error': 'Access limit reached', 'retry_after': '23 hours 30 minutes'}"
YAxhTHul26gN03ih,1744463858630,429,Access limit reached,"{'error': 'Access limit reached', 'retry_after': '23 hours 30 minutes'}"
YAxhTHul26gN03ih,1744463858630,429,Access limit reached,"{'error': 'Access limit reached', 'retry_after': '23 hours 30 minutes'}"
YAxhTHul26gN03ih,1744463858630,429,Access limit reached,"{'error': 'Access limit reached', 'retry_after': '23 hours 30 minutes'}"
YAxhTHul26gN03ih,1744463858630,429,Access limit reached,"{'error': 'Access limit reached', 'retry_after': '23 hours 30 minutes'}"
YAxhTHul26gN03ih,1744463858630,429,Access limit reached,"{'error': 'Access limit reached', 'retry_after': '23 hours 30 minutes'}"
YAxhTHul26gN03ih,1744463865630,429,Access limit reached,"{'error': 'Access limit reached', 'retry_after': '23 hours 30 minutes'}"
YAxhTHul26gN03ih,1744463865630,429,Access limit reached,"{'error': 'Access limit reached', 'retry_after': '23 hours 30 minutes'}"
YAxhTHul26gN03ih,1744463865630,429,Access limit reached,"{'error': 'Access limit reached', 'retry_after': '23 hours 30 minutes'}"
YAxhTHul26gN03ih,1744463865630,429,Access limit reached,"{'error': 'Access limit reached', 'retry_after': '23 hours 30 minutes'}"
YAxhTHul26gN03ih,1744463865630,429,Access limit reached,"{'error': 'Access limit reached', 'retry_after': '23 hours 30 minutes'}"
YAxhTHul26gN03ih,1744463870630,429,Access limit reached,"{'error': 'Access limit reached', 'retry_after': '23 hours 30 minutes'}"
YAxhTHul26gN03ih,1744463870630,429,Access limit reached,"{'error': 'Access limit reached', 'retry_after': '23 hours 30 minutes'}"
YAxhTHul26gN03ih,1744463870630,429,Access limit reached,"{'error': 'Access limit reached', 'retry_after': '23 hours 30 minutes'}"
YAxhTHul26gN03ih,1744463870630,429,Access limit reached,"{'error': 'Access limit reached', 'retry_after': '23 hours 30 minutes'}"
YAxhTHul26gN03ih,1744463870630,429,Access limit reached,"{'error': 'Access limit reached', 'retry_after': '23 hours 30 minutes'}"
YAxhTHul26gN03ih,1744463899630,429,Access limit reached,"{'error': 'Access limit reached', 'retry_after': '23 hours 30 minutes'}"
YAxhTHul26gN03ih,1744463899630,429,Access limit reached,"{'error': 'Access limit reached', 'retry_after': '23 hours 30 minutes'}"
YAxhTHul26gN03ih,1744463899630,429,Access limit reached,"{'error': 'Access limit reached', 'retry_after': '23 hours 30 minutes'}"
YAxhTHul26gN03ih,1744463899630,429,Access limit reached,"{'error': 'Access limit reached', 'retry_after': '23 hours 30 minutes'}"
YAxhTHul26gN03ih,1744463899630,429,Access limit reached,"{'error': 'Access limit reached', 'retry_after': '23 hours 30 minutes'}"
YAxhTHul26gN03ih,1744463911630,429,Access limit reached,"{'error': 'Access limit reached', 'retry_after': '23 hours 30 minutes'}"
YAxhTHul26gN03ih,1744463911630,429,Access limit reached,"{'error': 'Access limit reached', 'retry_after': '23 hours 30 minutes'}"
YAxhTHul26gN03ih,1744463911630,429,Access limit reached,"{'error': 'Access limit reached', 'retry_after': '23 hours 30 minutes'}"
YAxhTHul26gN03ih,1744463911630,429,Access limit reached,"{'error': 'Access limit reached', 'retry_after': '23 hours 30 minutes'}"
YAxhTHul26gN03ih,1744463911630,429,Access limit reached,"{'error': 'Access limit reached', 'retry_after': '23 hours 30 minutes'}"
YAxhTHul26gN03ih,1744463926630,429,Access limit reached,"{'error': 'Access limit reached', 'retry_after': '23 hours 30 minutes'}"
YAxhTHul26gN03ih,1744463926630,429,Access limit reached,"{'error': 'Access limit reached', 'retry_after': '23 hours 30 minutes'}"
YAxhTHul26gN03ih,1744463926630,429,Access limit reached,"{'error': 'Access limit reached', 'retry_after': '23 hours 30 minutes'}"
YAxhTHul26gN03ih,1744463926630,429,Access limit reached,"{'error': 'Access limit reached', 'retry_after': '23 hours 30 minutes'}"
YAxhTHul26gN03ih,1744463926630,429,Access limit reached,"{'error': 'Access limit reached', 'retry_after': '23 hours 30 minutes'}"
YAxhTHul26gN03ih,1744463941630,429,Access limit reached,"{'error': 'Access limit reached', 'retry_after': '23 hours 30 minutes'}"
YAxhTHul26gN03ih,1744463941630,429,Access limit reached,"{'error': 'Access limit reached', 'retry_after': '23 hours 30 minutes'}"
YAxhTHul26gN03ih,1744463941630,429,Access limit reached,"{'error': 'Access limit reached', 'retry_after': '23 hours 30 minutes'}"
YAxhTHul26gN03ih,1744463941630,429,Access limit reached,"{'error': 'Access limit reached', 'retry_after': '23 hours 30 minutes'}"
YAxhTHul26gN03ih,1744463941630,429,Access limit reached,"{'error': 'Access limit reached', 'retry_after': '23 hours 30 minutes'}"
YAxhTHul26gN03ih,1744463955630,429,Access limit reached,"{'error': 'Access limit reached', 'retry_after': '23 hours 30 minutes'}"
YAxhTHul26gN03ih,1744463955630,429,Access limit reached,"{'error': 'Access limit reached', 'retry_after': '23 hours 30 minutes'}"
YAxhTHul26gN03ih,1744463955630,429,Access limit reached,"{'error': 'Access limit reached', 'retry_after': '23 hours 30 minutes'}"
YAxhTHul26gN03ih,1744463955630,429,Access limit reached,"{'error': 'Access limit reached', 'retry_after': '23 hours 30 minutes'}"
YAxhTHul26gN03ih,1744463955630,429,Access limit reached,"{'error': 'Access limit reached', 'retry_after': '23 hours 30 minutes'}"
YAxhTHul26gN03ih,1744463983630,429,Access limit reached,"{'error': 'Access limit reached', 'retry_after': '23 hours 30 minutes'}"
YAxhTHul26gN03ih,1744463983630,429,Access limit reached,"{'error': 'Access limit reached', 'retry_after': '23 hours 30 minutes'}"
YAxhTHul26gN03ih,1744463983630,429,Access limit reached,"{'error': 'Access limit reached', 'retry_after': '23 hours 30 minutes'}"
YAxhTHul26gN03ih,1744463983630,429,Access limit reached,"{'error': 'Access limit reached', 'retry_after': '23 hours 30 minutes'}"
YAxhTHul26gN03ih,1744463983630,429,Access limit reached,"{'error': 'Access limit reached', 'retry_after': '23 hours 30 minutes'}"
YAxhTHul26gN03ih,1744464000630,429,Access limit reached,"{'error': 'Access limit reached', 'retry_after': '23 hours 30 minutes'}"
YAxhTHul26gN03ih,1744464000630,429,Access limit reached,"{'error': 'Access limit reached', 'retry_after': '23 hours 30 minutes'}"
YAxhTHul26gN03ih,1744464000630,429,Access limit reached,"{'error': 'Access limit reached', 'retry_after': '23 hours 30 minutes'}"
YAxhTHul26gN03ih,1744464000630,429,Access limit reached,"{'error': 'Access limit reached', 'retry_after': '23 hours 30 minutes'}"
YAxhTHul26gN03ih,1744464000630,429,Access limit reached,"{'error': 'Access limit reached', 'retry_after': '23 hours 30 minutes'}"
YAxhTHul26gN03ih,1744464009630,429,Access limit reached,"{'error': 'Access limit reached', 'retry_after': '23 hours 30 minutes'}"
YAxhTHul26gN03ih,1744464009630,429,Access limit reached,"{'error': 'Access limit reached', 'retry_after': '23 hours 30 minutes'}"
YAxhTHul26gN03ih,1744464009630,429,Access limit reached,"{'error': 'Access limit reached', 'retry_after': '23 hours 30 minutes'}"
YAxhTHul26gN03ih,1744464009630,429,Access limit reached,"{'error': 'Access limit reached', 'retry_after': '23 hours 30 minutes'}"
YAxhTHul26gN03ih,1744464009630,429,Access limit reached,"{'error': 'Access limit reached', 'retry_after': '23 hours 30 minutes'}"
YAxhTHul26gN03ih,1744464018630,429,Access limit reached,"{'error': 'Access limit reached', 'retry_after': '23 hours 30 minutes'}"
YAxhTHul26gN03ih,1744464018630,429,Access limit reached,"{'error': 'Access limit reached', 'retry_after': '23 hours 30 minutes'}"
YAxhTHul26gN03ih,1744464018630,429,Access limit reached,"{'error': 'Access limit reached', 'retry_after': '23 hours 30 minutes'}"
YAxhTHul26gN03ih,1744464018630,429,Access limit reached,"{'error': 'Access limit reached', 'retry_after': '23 hours 30 minutes'}"
YAxhTHul26gN03ih,1744464018630,429,Access limit reached,"{'error': 'Access limit reached', 'retry_after': '23 hours 30 minutes'}"
YAxhTHul26gN03ih,1744464033630,429,Access limit reached,"{'error': 'Access limit reached', 'retry_after': '23 hours 30 minutes'}"
YAxhTHul26gN03ih,1744464033630,429,Access limit reached,"{'error': 'Access limit reached', 'retry_after': '23 hours 30 minutes'}"
YAxhTHul26gN03ih,1744464033630,429,Access limit reached,"{'error': 'Access limit reached', 'retry_after': '23 hours 30 minutes'}"
YAxhTHul26gN03ih,1744464033630,429,Access limit reached,"{'error': 'Access limit reached', 'retry_after': '23 hours 30 minutes'}"
YAxhTHul26gN03ih,1744464033630,429,Access limit reached,"{'error': 'Access limit reached', 'retry_after': '23 hours 30 minutes'}"
YAxhTHul26gN03ih,1744464059630,429,Access limit reached,"{'error': 'Access limit reached', 'retry_after': '23 hours 30 minutes'}"
YAxhTHul26gN03ih,1744464059630,429,Access limit reached,"{'error': 'Access limit reached', 'retry_after': '23 hours 30 minutes'}"
YAxhTHul26gN03ih,1744464059630,429,Access limit reached,"{'error': 'Access limit reached', 'retry_after': '23 hours 30 minutes'}"
YAxhTHul26gN03ih,1744464059630,429,Access limit reached,"{'error': 'Access limit reached', 'retry_after': '23 hours 30 minutes'}"
YAxhTHul26gN03ih,1744464059630,429,Access limit reached,"{'error': 'Access limit reached', 'retry_after': '23 hours 30 minutes'}"
YAxhTHul26gN03ih,1744464072630,429,Access limit reached,"{'error': 'Access limit reached', 'retry_after': '23 hours 30 minutes'}"
YAxhTHul26gN03ih,1744464072630,429,Access limit reached,"{'error': 'Access limit reached', 'retry_after': '23 hours 30 minutes'}"
YAxhTHul26gN03ih,1744464072630,429,Access limit reached,"{'error': 'Access limit reached', 'retry_after': '23 hours 30 minutes'}"
YAxhTHul26gN03ih,1744464072630,429,Access limit reached,"{'error': 'Access limit reached', 'retry_after': '23 hours 30 minutes'}"
YAxhTHul26gN03ih,1744464072630,429,Access limit reached,"{'error': 'Access limit reached', 'retry_after': '23 hours 30 minutes'}"
YAxhTHul26gN03ih,1744464086630,429,Access limit reached,"{'error': 'Access limit reached', 'retry_after': '23 hours 30 minutes'}"
YAxhTHul26gN03ih,1744464086630,429,Access limit reached,"{'error': 'Access limit reached', 'retry_after': '23 hours 30 minutes'}"
YAxhTHul26gN03ih,1744464086630,429,Access limit reached,"{'error': 'Access limit reached', 'retry_after': '23 hours 30 minutes'}"
YAxhTHul26gN03ih,1744464086630,429,Access limit reached,"{'error': 'Access limit reached', 'retry_after': '23 hours 30 minutes'}"
YAxhTHul26gN03ih,1744464086630,429,Access limit reached,"{'error': 'Access limit reached', 'retry_after': '23 hours 30 minutes'}"
YAxhTHul26gN03ih,1744464101630,429,Access limit reached,"{'error': 'Access limit reached', 'retry_after': '23 hours 30 minutes'}"
YAxhTHul26gN03ih,1744464101630,429,Access limit reached,"{'error': 'Access limit reached', 'retry_after': '23 hours 30 minutes'}"
YAxhTHul26gN03ih,1744464101630,429,Access limit reached,"{'error': 'Access limit reached', 'retry_after': '23 hours 30 minutes'}"
YAxhTHul26gN03ih,1744464101630,429,Access limit reached,"{'error': 'Access limit reached', 'retry_after': '23 hours 30 minutes'}"
YAxhTHul26gN03ih,1744464101630,429,Access limit reached,"{'error': 'Access limit reached', 'retry_after': '23 hours 30 minutes'}"
YAxhTHul26gN03ih,1744464109630,429,Access limit reached,"{'error': 'Access limit reached', 'retry_after': '23 hours 30 minutes'}"
YAxhTHul26gN03ih,1744464109630,429,Access limit reached,"{'error': 'Access limit reached', 'retry_after': '23 hours 30 minutes'}"
YAxhTHul26gN03ih,1744464109630,429,Access limit reached,"{'error': 'Access limit reached', 'retry_after': '23 hours 30 minutes'}"
YAxhTHul26gN03ih,1744464109630,429,Access limit reached,"{'error': 'Access limit reached', 'retry_after': '23 hours 30 minutes'}"
YAxhTHul26gN03ih,1744464109630,429,Access limit reached,"{'error': 'Access limit reached', 'retry_after': '23 hours 30 minutes'}"
T79q5lQcq2RZ5AJU,1744464422630,429,Access limit reached,"{'error': 'Access limit reached', 'retry_after': '0 hours 7 minutes'}"
T79q5lQcq2RZ5AJU,1744464422630,429,Access limit reached,"{'error': 'Access limit reached', 'retry_after': '0 hours 7 minutes'}"
T79q5lQcq2RZ5AJU,1744464422630,429,Access limit reached,"{'error': 'Access limit reached', 'retry_after': '0 hours 7 minutes'}"
T79q5lQcq2RZ5AJU,1744464422630,429,Access limit reached,"{'error': 'Access limit reached', 'retry_after': '0 hours 7 minutes'}"
T79q5lQcq2RZ5AJU,1744464422630,429,Access limit reached,"{'error': 'Access limit reached', 'retry_after': '0 hours 7 minutes'}"
T79q5lQcq2RZ5AJU,1744464447630,429,Access limit reached,"{'error': 'Access limit reached', 'retry_after': '0 hours 7 minutes'}"
T79q5lQcq2RZ5AJU,1744464447630,429,Access limit reached,"{'error': 'Access limit reached', 'retry_after': '0 hours 7 minutes'}"
T79q5lQcq2RZ5AJU,1744464447630,429,Access limit reached,"{'error': 'Access limit reached', 'retry_after': '0 hours 7 minutes'}"
T79q5lQcq2RZ5AJU,1744464447630,429,Access limit reached,"{'error': 'Access limit reached', 'retry_after': '0 hours 7 minutes'}"
T79q5lQcq2RZ5AJU,1744464447630,429,Access limit reached,"{'error': 'Access limit reached', 'retry_after': '0 hours 7 minutes'}"
T79q5lQcq2RZ5AJU,1744464453630,429,Access limit reached,"{'error': 'Access limit reached', 'retry_after': '0 hours 7 minutes'}"
T79q5lQcq2RZ5AJU,1744464453630,429,Access limit reached,"{'error': 'Access limit reached', 'retry_after': '0 hours 7 minutes'}"
T79q5lQcq2RZ5AJU,1744464453630,429,Access limit reached,"{'error': 'Access limit reached', 'retry_after': '0 hours 7 minutes'}"
T79q5lQcq2RZ5AJU,1744464453630,429,Access limit reached,"{'error': 'Access limit reached', 'retry_after': '0 hours 7 minutes'}"
T79q5lQcq2RZ5AJU,1744464453630,429,Access limit reached,"{'error': 'Access limit reached', 'retry_after': '0 hours 7 minutes'}"
T79q5lQcq2RZ5AJU,1744464462630,429,Access limit reached,"{'error': 'Access limit reached', 'retry_after': '0 hours 7 minutes'}"
T79q5lQcq2RZ5AJU,1744464462630,429,Access limit reached,"{'error': 'Access limit reached', 'retry_after': '0 hours 7 minutes'}"
T79q5lQcq2RZ5AJU,1744464462630,429,Access limit reached,"{'error': 'Access limit reached', 'retry_after': '0 hours 7 minutes'}"
T79q5lQcq2RZ5AJU,1744464462630,429,Access limit reached,"{'error': 'Access limit reached', 'retry_after': '0 hours 7 minutes'}"
T79q5lQcq2RZ5AJU,1744464462630,429,Access limit reached,"{'error': 'Access limit reached', 'retry_after': '0 hours 7 minutes'}"
T79q5lQcq2RZ5AJU,1744464491630,429,Access limit reached,"{'error': 'Access limit reached', 'retry_after': '0 hours 7 minutes'}"
T79q5lQcq2RZ5AJU,1744464491630,429,Access limit reached,"{'error': 'Access limit reached', 'retry_after': '0 hours 7 minutes'}"
T79q5lQcq2RZ5AJU,1744464491630,429,Access limit reached,"{'error': 'Access limit reached', 'retry_after': '0 hours 7 minutes'}"
T79q5lQcq2RZ5AJU,1744464491630,429,Access limit reached,"{'error': 'Access limit reached', 'retry_after': '0 hours 7 minutes'}"
T79q5lQcq2RZ5AJU,1744464491630,429,Access limit reached,"{'error': 'Access limit reached', 'retry_after': '0 hours 7 minutes'}"
T79q5lQcq2RZ5AJU,1744464502630,429,Access limit reached,"{'error': 'Access limit reached', 'retry_after': '0 hours 7 minutes'}"
T79q5lQcq2RZ5AJU,1744464502630,429,Access limit reached,"{'error': 'Access limit reached', 'retry_after': '0 hours 7 minutes'}"
T79q5lQcq2RZ5AJU,1744464502630,429,Access limit reached,"{'error': 'Access limit reached', 'retry_after': '0 hours 7 minutes'}"
T79q5lQcq2RZ5AJU,1744464502630,429,Access limit reached,"{'error': 'Access limit reached', 'retry_after': '0 hours 7 minutes'}"
T79q5lQcq2RZ5AJU,1744464502630,429,Access limit reached,"{'error': 'Access limit reached', 'retry_after': '0 hours 7 minutes'}"
T79q5lQcq2RZ5AJU,1744464516630,429,Access limit reached,"{'error': 'Access limit reached', 'retry_after': '0 hours 7 minutes'}"
T79q5lQcq2RZ5AJU,1744464516630,429,Access limit reached,"{'error': 'Access limit reached', 'retry_after': '0 hours 7 minutes'}"
T79q5lQcq2RZ5AJU,1744464516630,429,Access limit reached,"{'error': 'Access limit reached', 'retry_after': '0 hours 7 minutes'}"
T79q5lQcq2RZ5AJU,1744464516630,429,Access limit reached,"{'error': 'Access limit reached', 'retry_after': '0 hours 7 minutes'}"
T79q5lQcq2RZ5AJU,1744464516630,429,Access limit reached,"{'error': 'Access limit reached', 'retry_after': '0 hours 7 minutes'}"
T79q5lQcq2RZ5AJU,1744464528630,429,Access limit reached,"{'error': 'Access limit reached', 'retry_after': '0 hours 7 minutes'}"
T79q5lQcq2RZ5AJU,1744464528630,429,Access limit reached,"{'error': 'Access limit reached', 'retry_after': '0 hours 7 minutes'}"
T79q5lQcq2RZ5AJU,1744464528630,429,Access limit reached,"{'error': 'Access limit reached', 'retry_after': '0 hours 7 minutes'}"
T79q5lQcq2RZ5AJU,1744464528630,429,Access limit reached,"{'error': 'Access limit reached', 'retry_after': '0 hours 7 minutes'}"
T79q5lQcq2RZ5AJU,1744464528630,429,Access limit reached,"{'error': 'Access limit reached', 'retry_after': '0 hours 7 minutes'}"
T79q5lQcq2RZ5AJU,1744464542630,429,Access limit reached,"{'error': 'Access limit reached', 'retry_after': '0 hours 7 minutes'}"
T79q5lQcq2RZ5AJU,1744464542630,429,Access limit reached,"{'error': 'Access limit reached', 'retry_after': '0 hours 7 minutes'}"
T79q5lQcq2RZ5AJU,1744464542630,429,Access limit reached,"{'error': 'Access limit reached', 'retry_after': '0 hours 7 minutes'}"
T79q5lQcq2RZ5AJU,1744464542630,429,Access limit reached,"{'error': 'Access limit reached', 'retry_after': '0 hours 7 minutes'}"
T79q5lQcq2RZ5AJU,1744464542630,429,Access limit reached,"{'error': 'Access limit reached', 'retry_after': '0 hours 7 minutes'}"
T79q5lQcq2RZ5AJU,1744464549630,429,Access limit reached,"{'error': 'Access limit reached', 'retry_after': '0 hours 7 minutes'}"
T79q5lQcq2RZ5AJU,1744464549630,429,Access limit reached,"{'error': 'Access limit reached', 'retry_after': '0 hours 7 minutes'}"
T79q5lQcq2RZ5AJU,1744464549630,429,Access limit reached,"{'error': 'Access limit reached', 'retry_after': '0 hours 7 minutes'}"
T79q5lQcq2RZ5AJU,1744464549630,429,Access limit reached,"{'error': 'Access limit reached', 'retry_after': '0 hours 7 minutes'}"
T79q5lQcq2RZ5AJU,1744464549630,429,Access limit reached,"{'error': 'Access limit reached', 'retry_after': '0 hours 7 minutes'}"
T79q5lQcq2RZ5AJU,1744464579630,429,Access limit reached,"{'error': 'Access limit reached', 'retry_after': '0 hours 7 minutes'}"
T79q5lQcq2RZ5AJU,1744464579630,429,Access limit reached,"{'error': 'Access limit reached', 'retry_after': '0 hours 7 minutes'}"
T79q5lQcq2RZ5AJU,1744464579630,429,Access limit reached,"{'error': 'Access limit reached', 'retry_after': '0 hours 7 minutes'}"
T79q5lQcq2RZ5AJU,1744464579630,429,Access limit reached,"{'error': 'Access limit reached', 'retry_after': '0 hours 7 minutes'}"
T79q5lQcq2RZ5AJU,1744464579630,429,Access limit reached,"{'error': 'Access limit reached', 'retry_after': '0 hours 7 minutes'}"
T79q5lQcq2RZ5AJU,1744464593630,429,Access limit reached,"{'error': 'Access limit reached', 'retry_after': '0 hours 7 minutes'}"
T79q5lQcq2RZ5AJU,1744464593630,429,Access limit reached,"{'error': 'Access limit reached', 'retry_after': '0 hours 7 minutes'}"
T79q5lQcq2RZ5AJU,1744464593630,429,Access limit reached,"{'error': 'Access limit reached', 'retry_after': '0 hours 7 minutes'}"
T79q5lQcq2RZ5AJU,1744464593630,429,Access limit reached,"{'error': 'Access limit reached', 'retry_after': '0 hours 7 minutes'}"
T79q5lQcq2RZ5AJU,1744464593630,429,Access limit reached,"{'error': 'Access limit reached', 'retry_after': '0 hours 7 minutes'}"
T79q5lQcq2RZ5AJU,1744464610630,429,Access limit reached,"{'error': 'Access limit reached', 'retry_after': '0 hours 7 minutes'}"
T79q5lQcq2RZ5AJU,1744464610630,429,Access limit reached,"{'error': 'Access limit reached', 'retry_after': '0 hours 7 minutes'}"
T79q5lQcq2RZ5AJU,1744464610630,429,Access limit reached,"{'error': 'Access limit reached', 'retry_after': '0 hours 7 minutes'}"
T79q5lQcq2RZ5AJU,1744464610630,429,Access limit reached,"{'error': 'Access limit reached', 'retry_after': '0 hours 7 minutes'}"
T79q5lQcq2RZ5AJU,1744464610630,429,Access limit reached,"{'error': 'Access limit reached', 'retry_after': '0 hours 7 minutes'}"
T79q5lQcq2RZ5AJU,1744464635630,429,Access limit reached,"{'error': 'Access limit reached', 'retry_after': '0 hours 7 minutes'}"
T79q5lQcq2RZ5AJU,1744464635630,429,Access limit reached,"{'error': 'Access limit reached', 'retry_after': '0 hours 7 minutes'}"
T79q5lQcq2RZ5AJU,1744464635630,429,Access limit reached,"{'error': 'Access limit reached', 'retry_after': '0 hours 7 minutes'}"
T79q5lQcq2RZ5AJU,1744464635630,429,Access limit reached,"{'error': 'Access limit reached', 'retry_after': '0 hours 7 minutes'}"
T79q5lQcq2RZ5AJU,1744464635630,429,Access limit reached,"{'error': 'Access limit reached', 'retry_after': '0 hours 7 minutes'}"
T79q5lQcq2RZ5AJU,1744464648630,429,Access limit reached,"{'error': 'Access limit reached', 'retry_after': '0 hours 7 minutes'}"
T79q5lQcq2RZ5AJU,1744464648630,429,Access limit reached,"{'error': 'Access limit reached', 'retry_after': '0 hours 7 minutes'}"
T79q5lQcq2RZ5AJU,1744464648630,429,Access limit reached,"{'error': 'Access limit reached', 'retry_after': '0 hours 7 minutes'}"
T79q5lQcq2RZ5AJU,1744464648630,429,Access limit reached,"{'error': 'Access limit reached', 'retry_after': '0 hours 7 minutes'}"
T79q5lQcq2RZ5AJU,1744464648630,429,Access limit reached,"{'error': 'Access limit reached', 'retry_after': '0 hours 7 minutes'}"
T79q5lQcq2RZ5AJU,1744464676630,429,Access limit reached,"{'error': 'Access limit reached', 'retry_after': '0 hours 7 minutes'}"
T79q5lQcq2RZ5AJU,1744464676630,429,Access limit reached,"{'error': 'Access limit reached', 'retry_after': '0 hours 7 minutes'}"
T79q5lQcq2RZ5AJU,1744464676630,429,Access limit reached,"{'error': 'Access limit reached', 'retry_after': '0 hours 7 minutes'}"
T79q5lQcq2RZ5AJU,1744464676630,429,Access limit reached,"{'error': 'Access limit reached', 'retry_after': '0 hours 7 minutes'}"
T79q5lQcq2RZ5AJU,1744464676630,429,Access limit reached,"{'error': 'Access limit reached', 'retry_after': '0 hours 7 minutes'}"
T79q5lQcq2RZ5AJU,1744464703630,429,Access limit reached,"{'error': 'Access limit reached', 'retry_after': '0 hours 7 minutes'}"
T79q5lQcq2RZ5AJU,1744464703630,429,Access limit reached,"{'error': 'Access limit reached', 'retry_after': '0 hours 7 minutes'}"
T79q5lQcq2RZ5AJU,1744464703630,429,Access limit reached,"{'error': 'Access limit reached', 'retry_after': '0 hours 7 minutes'}"
T79q5lQcq2RZ5AJU,1744464703630,429,Access limit reached,"{'error': 'Access limit reached', 'retry_after': '0 hours 7 minutes'}"
T79q5lQcq2RZ5AJU,1744464703630,429,Access limit reached,"{'error': 'Access limit reached', 'retry_after': '0 hours 7 minutes'}"
T79q5lQcq2RZ5AJU,1744464722630,429,Access limit reached,"{'error': 'Access limit reached', 'retry_after': '0 hours 7 minutes'}"
T79q5lQcq2RZ5AJU,1744464722630,429,Access limit reached,"{'error': 'Access limit reached', 'retry_after': '0 hours 7 minutes'}"
T79q5lQcq2RZ5AJU,1744464722630,429,Access limit reached,"{'error': 'Access limit reached', 'retry_after': '0 hours 7 minutes'}"
T79q5lQcq2RZ5AJU,1744464722630,429,Access limit reached,"{'error': 'Access limit reached', 'retry_after': '0 hours 7 minutes'}"
T79q5lQcq2RZ5AJU,1744464722630,429,Access limit reached,"{'error': 'Access limit reached', 'retry_after': '0 hours 7 minutes'}"
T79q5lQcq2RZ5AJU,1744464735630,429,Access limit reached,"{'error': 'Access limit reached', 'retry_after': '0 hours 7 minutes'}"
T79q5lQcq2RZ5AJU,1744464735630,429,Access limit reached,"{'error': 'Access limit reached', 'retry_after': '0 hours 7 minutes'}"
T79q5lQcq2RZ5AJU,1744464735630,429,Access limit reached,"{'error': 'Access limit reached', 'retry_after': '0 hours 7 minutes'}"
T79q5lQcq2RZ5AJU,1744464735630,429,Access limit reached,"{'error': 'Access limit reached', 'retry_after': '0 hours 7 minutes'}"
T79q5lQcq2RZ5AJU,1744464735630,429,Access limit reached,"{'error': 'Access limit reached', 'retry_after': '0 hours 7 minutes'}"
T79q5lQcq2RZ5AJU,1744464763630,429,Access limit reached,"{'error': 'Access limit reached', 'retry_after': '0 hours 7 minutes'}"
T79q5lQcq2RZ5AJU,1744464763630,429,Access limit reached,"{'error': 'Access limit reached', 'retry_after': '0 hours 7 minutes'}"
T79q5lQcq2RZ5AJU,1744464763630,429,Access limit reached,"{'error': 'Access limit reached', 'retry_after': '0 hours 7 minutes'}"
T79q5lQcq2RZ5AJU,1744464763630,429,Access limit reached,"{'error': 'Access limit reached', 'retry_after': '0 hours 7 minutes'}"
T79q5lQcq2RZ5AJU,1744464763630,429,Access limit reached,"{'error': 'Access limit reached', 'retry_after': '0 hours 7 minutes'}"
T79q5lQcq2RZ5AJU,1744464788630,429,Access limit reached,"{'error': 'Access limit reached', 'retry_after': '0 hours 7 minutes'}"
T79q5lQcq2RZ5AJU,1744464788630,429,Access limit reached,"{'error': 'Access limit reached', 'retry_after': '0 hours 7 minutes'}"
T79q5lQcq2RZ5AJU,1744464788630,429,Access limit reached,"{'error': 'Access limit reached', 'retry_after': '0 hours 7 minutes'}"
T79q5lQcq2RZ5AJU,1744464788630,429,Access limit reached,"{'error': 'Access limit reached', 'retry_after': '0 hours 7 minutes'}"
T79q5lQcq2RZ5AJU,1744464788630,429,Access limit reached,"{'error': 'Access limit reached', 'retry_after': '0 hours 7 minutes'}"
T79q5lQcq2RZ5AJU,1744464816630,429,Access limit reached,"{'error': 'Access limit reached', 'retry_after': '0 hours 7 minutes'}"
T79q5lQcq2RZ5AJU,1744464816630,429,Access limit reached,"{'error': 'Access limit reached', 'retry_after': '0 hours 7 minutes'}"
T79q5lQcq2RZ5AJU,1744464816630,429,Access limit reached,"{'error': 'Access limit reached', 'retry_after': '0 hours 7 minutes'}"
T79q5lQcq2RZ5AJU,1744464816630,429,Access limit reached,"{'error': 'Access limit reached', 'retry_after': '0 hours 7 minutes'}"
T79q5lQcq2RZ5AJU,1744464816630,429,Access limit reached,"{'error': 'Access limit reached', 'retry_after': '0 hours 7 minutes'}"
T79q5lQcq2RZ5AJU,1744464834630,429,Access limit reached,"{'error': 'Access limit reached', 'retry_after': '0 hours 7 minutes'}"
T79q5lQcq2RZ5AJU,1744464834630,429,Access limit reached,"{'error': 'Access limit reached', 'retry_after': '0 hours 7 minutes'}"
T79q5lQcq2RZ5AJU,1744464834630,429,Access limit reached,"{'error': 'Access limit reached', 'retry_after': '0 hours 7 minutes'}"
T79q5lQcq2RZ5AJU,1744464834630,429,Access limit reached,"{'error': 'Access limit reached', 'retry_after': '0 hours 7 minutes'}"
T79q5lQcq2RZ5AJU,1744464834630,429,Access limit reached,"{'error': 'Access limit reached', 'retry_after': '0 hours 7 minutes'}"
T79q5lQcq2RZ5AJU,1744464854630,429,Access limit reached,"{'error': 'Access limit reached', 'retry_after': '0 hours 7 minutes'}"
T79q5lQcq2RZ5AJU,1744464854630,429,Access limit reached,"{'error': 'Access limit reached', 'retry_after': '0 hours 7 minutes'}"
T79q5lQcq2RZ5AJU,1744464854630,429,Access limit reached,"{'error': 'Access limit reached', 'retry_after': '0 hours 7 minutes'}"
T79q5lQcq2RZ5AJU,1744464854630,429,Access limit reached,"{'error': 'Access limit reached', 'retry_after': '0 hours 7 minutes'}"
T79q5lQcq2RZ5AJU,1744464854630,429,Access limit reached,"{'error': 'Access limit reached', 'retry_after': '0 hours 7 minutes'}"
T79q5lQcq2RZ5AJU,1744464882630,429,Access limit reached,"{'error': 'Access limit reached', 'retry_after': '0 hours 7 minutes'}"
T79q5lQcq2RZ5AJU,1744464882630,429,Access limit reached,"{'error': 'Access limit reached', 'retry_after': '0 hours 7 minutes'}"
T79q5lQcq2RZ5AJU,1744464882630,429,Access limit reached,"{'error': 'Access limit reached', 'retry_after': '0 hours 7 minutes'}"
T79q5lQcq2RZ5AJU,1744464882630,429,Access limit reached,"{'error': 'Access limit reached', 'retry_after': '0 hours 7 minutes'}"
T79q5lQcq2RZ5AJU,1744464882630,429,Access limit reached,"{'error': 'Access limit reached', 'retry_after': '0 hours 7 minutes'}"
T79q5lQcq2RZ5AJU,1744464893630,429,Access limit reached,"{'error': 'Access limit reached', 'retry_after': '0 hours 7 minutes'}"
T79q5lQcq2RZ5AJU,1744464893630,429,Access limit reached,"{'error': 'Access limit reached', 'retry_after': '0 hours 7 minutes'}"
T79q5lQcq2RZ5AJU,1744464893630,429,Access limit reached,"{'error': 'Access limit reached', 'retry_after': '0 hours 7 minutes'}"
T79q5lQcq2RZ5AJU,1744464893630,429,Access limit reached,"{'error': 'Access limit reached', 'retry_after': '0 hours 7 minutes'}"
T79q5lQcq2RZ5AJU,1744464893630,429,Access limit reached,"{'error': 'Access limit reached', 'retry_after': '0 hours 7 minutes'}"
T79q5lQcq2RZ5AJU,1744464913630,429,Access limit reached,"{'error': 'Access limit reached', 'retry_after': '0 hours 7 minutes'}"
T79q5lQcq2RZ5AJU,1744464913630,429,Access limit reached,"{'error': 'Access limit reached', 'retry_after': '0 hours 7 minutes'}"
T79q5lQcq2RZ5AJU,1744464913630,429,Access limit reached,"{'error': 'Access limit reached', 'retry_after': '0 hours 7 minutes'}"
T79q5lQcq2RZ5AJU,1744464913630,429,Access limit reached,"{'error': 'Access limit reached', 'retry_after': '0 hours 7 minutes'}"
T79q5lQcq2RZ5AJU,1744464913630,429,Access limit reached,"{'error': 'Access limit reached', 'retry_after': '0 hours 7 minutes'}"
T79q5lQcq2RZ5AJU,1744464921630,429,Access limit reached,"{'error': 'Access limit reached', 'retry_after': '0 hours 7 minutes'}"
T79q5lQcq2RZ5AJU,1744464921630,429,Access limit reached,"{'error': 'Access limit reached', 'retry_after': '0 hours 7 minutes'}"
T79q5lQcq2RZ5AJU,1744464921630,429,Access limit reached,"{'error': 'Access limit reached', 'retry_after': '0 hours 7 minutes'}"
T79q5lQcq2RZ5AJU,1744464921630,429,Access limit reached,"{'error': 'Access limit reached', 'retry_after': '0 hours 7 minutes'}"
T79q5lQcq2RZ5AJU,1744464921630,429,Access limit reached,"{'error': 'Access limit reached', 'retry_after': '0 hours 7 minutes'}"
T79q5lQcq2RZ5AJU,1744464950630,429,Access limit reached,"{'error': 'Access limit reached', 'retry_after': '0 hours 7 minutes'}"
T79q5lQcq2RZ5AJU,1744464950630,429,Access limit reached,"{'error': 'Access limit reached', 'retry_after': '0 hours 7 minutes'}"
T79q5lQcq2RZ5AJU,1744464950630,429,Access limit reached,"{'error': 'Access limit reached', 'retry_after': '0 hours 7 minutes'}"
T79q5lQcq2RZ5AJU,1744464950630,429,Access limit reached,"{'error': 'Access limit reached', 'retry_after': '0 hours 7 minutes'}"
T79q5lQcq2RZ5AJU,1744464950630,429,Access limit reached,"{'error': 'Access limit reached', 'retry_after': '0 hours 7 minutes'}"
T79q5lQcq2RZ5AJU,1744464978630,429,Access limit reached,"{'error': 'Access limit reached', 'retry_after': '0 hours 7 minutes'}"
T79q5lQcq2RZ5AJU,1744464978630,429,Access limit reached,"{'error': 'Access limit reached', 'retry_after': '0 hours 7 minutes'}"
T79q5lQcq2RZ5AJU,1744464978630,429,Access limit reached,"{'error': 'Access limit reached', 'retry_after': '0 hours 7 minutes'}"
T79q5lQcq2RZ5AJU,1744464978630,429,Access limit reached,"{'error': 'Access limit reached', 'retry_after': '0 hours 7 minutes'}"
T79q5lQcq2RZ5AJU,1744464978630,429,Access limit reached,"{'error': 'Access limit reached', 'retry_after': '0 hours 7 minutes'}"
T79q5lQcq2RZ5AJU,1744464999630,429,Access limit reached,"{'error': 'Access limit reached', 'retry_after': '0 hours 7 minutes'}"
T79q5lQcq2RZ5AJU,1744464999630,429,Access limit reached,"{'error': 'Access limit reached', 'retry_after': '0 hours 7 minutes'}"
T79q5lQcq2RZ5AJU,1744464999630,429,Access limit reached,"{'error': 'Access limit reached', 'retry_after': '0 hours 7 minutes'}"
T79q5lQcq2RZ5AJU,1744464999630,429,Access limit reached,"{'error': 'Access limit reached', 'retry_after': '0 hours 7 minutes'}"
T79q5lQcq2RZ5AJU,1744464999630,429,Access limit reached,"{'error': 'Access limit reached', 'retry_after': '0 hours 7 minutes'}"
T79q5lQcq2RZ5AJU,1744465008630,429,Access limit reached,"{'error': 'Access limit reached', 'retry_after': '0 hours 7 minutes'}"
T79q5lQcq2RZ5AJU,1744465008630,429,Access limit reached,"{'error': 'Access limit reached', 'retry_after': '0 hours 7 minutes'}"
T79q5lQcq2RZ5AJU,1744465008630,429,Access limit reached,"{'error': 'Access limit reached', 'retry_after': '0 hours 7 minutes'}"
T79q5lQcq2RZ5AJU,1744465008630,429,Access limit reached,"{'error': 'Access limit reached', 'retry_after': '0 hours 7 minutes'}"
T79q5lQcq2RZ5AJU,1744465008630,429,Access limit reached,"{'error': 'Access limit reached', 'retry_after': '0 hours 7 minutes'}"
T79q5lQcq2RZ5AJU,1744465023630,429,Access limit reached,"{'error': 'Access limit reached', 'retry_after': '0 hours 7 minutes'}"
T79q5lQcq2RZ5AJU,1744465023630,429,Access limit reached,"{'error': 'Access limit reached', 'retry_after': '0 hours 7 minutes'}"
T79q5lQcq2RZ5AJU,1744465023630,429,Access limit reached,"{'error': 'Access limit reached', 'retry_after': '0 hours 7 minutes'}"
T79q5lQcq2RZ5AJU,1744465023630,429,Access limit reached,"{'error': 'Access limit reached', 'retry_after': '0 hours 7 minutes'}"
T79q5lQcq2RZ5AJU,1744465023630,429,Access limit reached,"{'error': 'Access limit reached', 'retry_after': '0 hours 7 minutes'}"
T79q5lQcq2RZ5AJU,1744465045630,429,Access limit reached,"{'error': 'Access limit reached', 'retry_after': '0 hours 7 minutes'}"
T79q5lQcq2RZ5AJU,1744465045630,429,Access limit reached,"{'error': 'Access limit reached', 'retry_after': '0 hours 7 minutes'}"
T79q5lQcq2RZ5AJU,1744465045630,429,Access limit reached,"{'error': 'Access limit reached', 'retry_after': '0 hours 7 minutes'}"
T79q5lQcq2RZ5AJU,1744465045630,429,Access limit reached,"{'error': 'Access limit reached', 'retry_after': '0 hours 7 minutes'}"
T79q5lQcq2RZ5AJU,1744465045630,429,Access limit reached,"{'error': 'Access limit reached', 'retry_after': '0 hours 7 minutes'}"
T79q5lQcq2RZ5AJU,1744465072630,429,Access limit reached,"{'error': 'Access limit reached', 'retry_after': '0 hours 7 minutes'}"
T79q5lQcq2RZ5AJU,1744465072630,429,Access limit reached,"{'error': 'Access limit reached', 'retry_after': '0 hours 7 minutes'}"
T79q5lQcq2RZ5AJU,1744465072630,429,Access limit reached,"{'error': 'Access limit reached', 'retry_after': '0 hours 7 minutes'}"
T79q5lQcq2RZ5AJU,1744465072630,429,Access limit reached,"{'error': 'Access limit reached', 'retry_after': '0 hours 7 minutes'}"
T79q5lQcq2RZ5AJU,1744465072630,429,Access limit reached,"{'error': 'Access limit reached', 'retry_after': '0 hours 7 minutes'}"
T79q5lQcq2RZ5AJU,1744465100630,429,Access limit reached,"{'error': 'Access limit reached', 'retry_after': '0 hours 7 minutes'}"
T79q5lQcq2RZ5AJU,1744465100630,429,Access limit reached,"{'error': 'Access limit reached', 'retry_after': '0 hours 7 minutes'}"
T79q5lQcq2RZ5AJU,1744465100630,429,Access limit reached,"{'error': 'Access limit reached', 'retry_after': '0 hours 7 minutes'}"
T79q5lQcq2RZ5AJU,1744465100630,429,Access limit reached,"{'error': 'Access limit reached', 'retry_after': '0 hours 7 minutes'}"
T79q5lQcq2RZ5AJU,1744465100630,429,Access limit reached,"{'error': 'Access limit reached', 'retry_after': '0 hours 7 minutes'}"
T79q5lQcq2RZ5AJU,1744465114630,429,Access limit reached,"{'error': 'Access limit reached', 'retry_after': '0 hours 7 minutes'}"
T79q5lQcq2RZ5AJU,1744465114630,429,Access limit reached,"{'error': 'Access limit reached', 'retry_after': '0 hours 7 minutes'}"
T79q5lQcq2RZ5AJU,1744465114630,429,Access limit reached,"{'error': 'Access limit reached', 'retry_after': '0 hours 7 minutes'}"
T79q5lQcq2RZ5AJU,1744465114630,429,Access limit reached,"{'error': 'Access limit reached', 'retry_after': '0 hours 7 minutes'}"
T79q5lQcq2RZ5AJU,1744465114630,429,Access limit reached,"{'error': 'Access limit reached', 'retry_after': '0 hours 7 minutes'}"
T79q5lQcq2RZ5AJU,1744465129630,429,Access limit reached,"{'error': 'Access limit reached', 'retry_after': '0 hours 7 minutes'}"
T79q5lQcq2RZ5AJU,1744465129630,429,Access limit reached,"{'error': 'Access limit reached', 'retry_after': '0 hours 7 minutes'}"
T79q5lQcq2RZ5AJU,1744465129630,429,Access limit reached,"{'error': 'Access limit reached', 'retry_after': '0 hours 7 minutes'}"
T79q5lQcq2RZ5AJU,1744465129630,429,Access limit reached,"{'error': 'Access limit reached', 'retry_after': '0 hours 7 minutes'}"
T79q5lQcq2RZ5AJU,1744465129630,429,Access limit reached,"{'error': 'Access limit reached', 'retry_after': '0 hours 7 minutes'}"
T79q5lQcq2RZ5AJU,1744465156630,429,Access limit reached,"{'error': 'Access limit reached', 'retry_after': '0 hours 7 minutes'}"
T79q5lQcq2RZ5AJU,1744465156630,429,Access limit reached,"{'error': 'Access limit reached', 'retry_after': '0 hours 7 minutes'}"
T79q5lQcq2RZ5AJU,1744465156630,429,Access limit reached,"{'error': 'Access limit reached', 'retry_after': '0 hours 7 minutes'}"
T79q5lQcq2RZ5AJU,1744465156630,429,Access limit reached,"{'error': 'Access limit reached', 'retry_after': '0 hours 7 minutes'}"
T79q5lQcq2RZ5AJU,1744465156630,429,Access limit reached,"{'error': 'Access limit reached', 'retry_after': '0 hours 7 minutes'}"
T79q5lQcq2RZ5AJU,1744465172630,429,Access limit reached,"{'error': 'Access limit reached', 'retry_after': '0 hours 7 minutes'}"
T79q5lQcq2RZ5AJU,1744465172630,429,Access limit reached,"{'error': 'Access limit reached', 'retry_after': '0 hours 7 minutes'}"
T79q5lQcq2RZ5AJU,1744465172630,429,Access limit reached,"{'error': 'Access limit reached', 'retry_after': '0 hours 7 minutes'}"
T79q5lQcq2RZ5AJU,1744465172630,429,Access limit reached,"{'error': 'Access limit reached', 'retry_after': '0 hours 7 minutes'}"
T79q5lQcq2RZ5AJU,1744465172630,429,Access limit reached,"{'error': 'Access limit reached', 'retry_after': '0 hours 7 minutes'}"
T79q5lQcq2RZ5AJU,1744465181630,429,Access limit reached,"{'error': 'Access limit reached', 'retry_after': '0 hours 7 minutes'}"
T79q5lQcq2RZ5AJU,1744465181630,429,Access limit reached,"{'error': 'Access limit reached', 'retry_after': '0 hours 7 minutes'}"
T79q5lQcq2RZ5AJU,1744465181630,429,Access limit reached,"{'error': 'Access limit reached', 'retry_after': '0 hours 7 minutes'}"
T79q5lQcq2RZ5AJU,1744465181630,429,Access limit reached,"{'error': 'Access limit reached', 'retry_after': '0 hours 7 minutes'}"
T79q5lQcq2RZ5AJU,1744465181630,429,Access limit reached,"{'error': 'Access limit reached', 'retry_after': '0 hours 7 minutes'}"
T79q5lQcq2RZ5AJU,1744465210630,429,Access limit reached,"{'error': 'Access limit reached', 'retry_after': '0 hours 7 minutes'}"
T79q5lQcq2RZ5AJU,1744465210630,429,Access limit reached,"{'error': 'Access limit reached', 'retry_after': '0 hours 7 minutes'}"
T79q5lQcq2RZ5AJU,1744465210630,429,Access limit reached,"{'error': 'Access limit reached', 'retry_after': '0 hours 7 minutes'}"
T79q5lQcq2RZ5AJU,1744465210630,429,Access limit reached,"{'error': 'Access limit reached', 'retry_after': '0 hours 7 minutes'}"
T79q5lQcq2RZ5AJU,1744465210630,429,Access limit reached,"{'error': 'Access limit reached', 'retry_after': '0 hours 7 minutes'}"
T79q5lQcq2RZ5AJU,1744465232630,429,Access limit reached,"{'error': 'Access limit reached', 'retry_after': '0 hours 7 minutes'}"
T79q5lQcq2RZ5AJU,1744465232630,429,Access limit reached,"{'error': 'Access limit reached', 'retry_after': '0 hours 7 minutes'}"
T79q5lQcq2RZ5AJU,1744465232630,429,Access limit reached,"{'error': 'Access limit reached', 'retry_after': '0 hours 7 minutes'}"
T79q5lQcq2RZ5AJU,1744465232630,429,Access limit reached,"{'error': 'Access limit reached', 'retry_after': '0 hours 7 minutes'}"
T79q5lQcq2RZ5AJU,1744465232630,429,Access limit reached,"{'error': 'Access limit reached', 'retry_after': '0 hours 7 minutes'}"
T79q5lQcq2RZ5AJU,1744465257630,429,Access limit reached,"{'error': 'Access limit reached', 'retry_after': '0 hours 7 minutes'}"
T79q5lQcq2RZ5AJU,1744465257630,429,Access limit reached,"{'error': 'Access limit reached', 'retry_after': '0 hours 7 minutes'}"
T79q5lQcq2RZ5AJU,1744465257630,429,Access limit reached,"{'error': 'Access limit reached', 'retry_after': '0 hours 7 minutes'}"
T79q5lQcq2RZ5AJU,1744465257630,429,Access limit reached,"{'error': 'Access limit reached', 'retry_after': '0 hours 7 minutes'}"
T79q5lQcq2RZ5AJU,1744465257630,429,Access limit reached,"{'error': 'Access limit reached', 'retry_after': '0 hours 7 minutes'}"
T79q5lQcq2RZ5AJU,1744465276630,429,Access limit reached,"{'error': 'Access limit reached', 'retry_after': '0 hours 7 minutes'}"
T79q5lQcq2RZ5AJU,1744465276630,429,Access limit reached,"{'error': 'Access limit reached', 'retry_after': '0 hours 7 minutes'}"
T79q5lQcq2RZ5AJU,1744465276630,429,Access limit reached,"{'error': 'Access limit reached', 'retry_after': '0 hours 7 minutes'}"
T79q5lQcq2RZ5AJU,1744465276630,429,Access limit reached,"{'error': 'Access limit reached', 'retry_after': '0 hours 7 minutes'}"
T79q5lQcq2RZ5AJU,1744465276630,429,Access limit reached,"{'error': 'Access limit reached', 'retry_after': '0 hours 7 minutes'}"
T79q5lQcq2RZ5AJU,1744465282630,429,Access limit reached,"{'error': 'Access limit reached', 'retry_after': '0 hours 7 minutes'}"
T79q5lQcq2RZ5AJU,1744465282630,429,Access limit reached,"{'error': 'Access limit reached', 'retry_after': '0 hours 7 minutes'}"
T79q5lQcq2RZ5AJU,1744465282630,429,Access limit reached,"{'error': 'Access limit reached', 'retry_after': '0 hours 7 minutes'}"
T79q5lQcq2RZ5AJU,1744465282630,429,Access limit reached,"{'error': 'Access limit reached', 'retry_after': '0 hours 7 minutes'}"
T79q5lQcq2RZ5AJU,1744465282630,429,Access limit reached,"{'error': 'Access limit reached', 'retry_after': '0 hours 7 minutes'}"
T79q5lQcq2RZ5AJU,1744465312630,429,Access limit reached,"{'error': 'Access limit reached', 'retry_after': '0 hours 7 minutes'}"
T79q5lQcq2RZ5AJU,1744465312630,429,Access limit reached,"{'error': 'Access limit reached', 'retry_after': '0 hours 7 minutes'}"
T79q5lQcq2RZ5AJU,1744465312630,429,Access limit reached,"{'error': 'Access limit reached', 'retry_after': '0 hours 7 minutes'}"
T79q5lQcq2RZ5AJU,1744465312630,429,Access limit reached,"{'error': 'Access limit reached', 'retry_after': '0 hours 7 minutes'}"
T79q5lQcq2RZ5AJU,1744465312630,429,Access limit reached,"{'error': 'Access limit reached', 'retry_after': '0 hours 7 minutes'}"
T79q5lQcq2RZ5AJU,1744465323630,429,Access limit reached,"{'error': 'Access limit reached', 'retry_after': '0 hours 7 minutes'}"
T79q5lQcq2RZ5AJU,1744465323630,429,Access limit reached,"{'error': 'Access limit reached', 'retry_after': '0 hours 7 minutes'}"
T79q5lQcq2RZ5AJU,1744465323630,429,Access limit reached,"{'error': 'Access limit reached', 'retry_after': '0 hours 7 minutes'}"
T79q5lQcq2RZ5AJU,1744465323630,429,Access limit reached,"{'error': 'Access limit reached', 'retry_after': '0 hours 7 minutes'}"
T79q5lQcq2RZ5AJU,1744465323630,429,Access limit reached,"{'error': 'Access limit reached', 'retry_after': '0 hours 7 minutes'}"
T79q5lQcq2RZ5AJU,1744465347630,429,Access limit reached,"{'error': 'Access limit reached', 'retry_after': '0 hours 7 minutes'}"
T79q5lQcq2RZ5AJU,1744465347630,429,Access limit reached,"{'error': 'Access limit reached', 'retry_after': '0 hours 7 minutes'}"
T79q5lQcq2RZ5AJU,1744465347630,429,Access limit reached,"{'error': 'Access limit reached', 'retry_after': '0 hours 7 minutes'}"
T79q5lQcq2RZ5AJU,1744465347630,429,Access limit reached,"{'error': 'Access limit reached', 'retry_after': '0 hours 7 minutes'}"
T79q5lQcq2RZ5AJU,1744465347630,429,Access limit reached,"{'error': 'Access limit reached', 'retry_after': '0 hours 7 minutes'}"
T79q5lQcq2RZ5AJU,1744465363630,429,Access limit reached,"{'error': 'Access limit reached', 'retry_after': '0 hours 7 minutes'}"
T79q5lQcq2RZ5AJU,1744465363630,429,Access limit reached,"{'error': 'Access limit reached', 'retry_after': '0 hours 7 minutes'}"
T79q5lQcq2RZ5AJU,1744465363630,429,Access limit reached,"{'error': 'Access limit reached', 'retry_after': '0 hours 7 minutes'}"
T79q5lQcq2RZ5AJU,1744465363630,429,Access limit reached,"{'error': 'Access limit reached', 'retry_after': '0 hours 7 minutes'}"
T79q5lQcq2RZ5AJU,1744465363630,429,Access limit reached,"{'error': 'Access limit reached', 'retry_after': '0 hours 7 minutes'}"
T79q5lQcq2RZ5AJU,1744465388630,429,Access limit reached,"{'error': 'Access limit reached', 'retry_after': '0 hours 7 minutes'}"
T79q5lQcq2RZ5AJU,1744465388630,429,Access limit reached,"{'error': 'Access limit reached', 'retry_after': '0 hours 7 minutes'}"
T79q5lQcq2RZ5AJU,1744465388630,429,Access limit reached,"{'error': 'Access limit reached', 'retry_after': '0 hours 7 minutes'}"
T79q5lQcq2RZ5AJU,1744465388630,429,Access limit reached,"{'error': 'Access limit reached', 'retry_after': '0 hours 7 minutes'}"
T79q5lQcq2RZ5AJU,1744465388630,429,Access limit reached,"{'error': 'Access limit reached', 'retry_after': '0 hours 7 minutes'}"
T79q5lQcq2RZ5AJU,1744465400630,429,Access limit reached,"{'error': 'Access limit reached', 'retry_after': '0 hours 7 minutes'}"
T79q5lQcq2RZ5AJU,1744465400630,429,Access limit reached,"{'error': 'Access limit reached', 'retry_after': '0 hours 7 minutes'}"
T79q5lQcq2RZ5AJU,1744465400630,429,Access limit reached,"{'error': 'Access limit reached', 'retry_after': '0 hours 7 minutes'}"
T79q5lQcq2RZ5AJU,1744465400630,429,Access limit reached,"{'error': 'Access limit reached', 'retry_after': '0 hours 7 minutes'}"
T79q5lQcq2RZ5AJU,1744465400630,429,Access limit reached,"{'error': 'Access limit reached', 'retry_after': '0 hours 7 minutes'}"
T79q5lQcq2RZ5AJU,1744465416630,429,Access limit reached,"{'error': 'Access limit reached', 'retry_after': '0 hours 7 minutes'}"
T79q5lQcq2RZ5AJU,1744465416630,429,Access limit reached,"{'error': 'Access limit reached', 'retry_after': '0 hours 7 minutes'}"
T79q5lQcq2RZ5AJU,1744465416630,429,Access limit reached,"{'error': 'Access limit reached', 'retry_after': '0 hours 7 minutes'}"
T79q5lQcq2RZ5AJU,1744465416630,429,Access limit reached,"{'error': 'Access limit reached', 'retry_after': '0 hours 7 minutes'}"
T79q5lQcq2RZ5AJU,1744465416630,429,Access limit reached,"{'error': 'Access limit reached', 'retry_after': '0 hours 7 minutes'}"
T79q5lQcq2RZ5AJU,1744465436630,429,Access limit reached,"{'error': 'Access limit reached', 'retry_after': '0 hours 7 minutes'}"
T79q5lQcq2RZ5AJU,1744465436630,429,Access limit reached,"{'error': 'Access limit reached', 'retry_after': '0 hours 7 minutes'}"
T79q5lQcq2RZ5AJU,1744465436630,429,Access limit reached,"{'error': 'Access limit reached', 'retry_after': '0 hours 7 minutes'}"
T79q5lQcq2RZ5AJU,1744465436630,429,Access limit reached,"{'error': 'Access limit reached', 'retry_after': '0 hours 7 minutes'}"
T79q5lQcq2RZ5AJU,1744465436630,429,Access limit reached,"{'error': 'Access limit reached', 'retry_after': '0 hours 7 minutes'}"
T79q5lQcq2RZ5AJU,1744465452630,429,Access limit reached,"{'error': 'Access limit reached', 'retry_after': '0 hours 7 minutes'}"
T79q5lQcq2RZ5AJU,1744465452630,429,Access limit reached,"{'error': 'Access limit reached', 'retry_after': '0 hours 7 minutes'}"
T79q5lQcq2RZ5AJU,1744465452630,429,Access limit reached,"{'error': 'Access limit reached', 'retry_after': '0 hours 7 minutes'}"
T79q5lQcq2RZ5AJU,1744465452630,429,Access limit reached,"{'error': 'Access limit reached', 'retry_after': '0 hours 7 minutes'}"
T79q5lQcq2RZ5AJU,1744465452630,429,Access limit reached,"{'error': 'Access limit reached', 'retry_after': '0 hours 7 minutes'}"
T79q5lQcq2RZ5AJU,1744465476630,429,Access limit reached,"{'error': 'Access limit reached', 'retry_after': '0 hours 7 minutes'}"
T79q5lQcq2RZ5AJU,1744465476630,429,Access limit reached,"{'error': 'Access limit reached', 'retry_after': '0 hours 7 minutes'}"
T79q5lQcq2RZ5AJU,1744465476630,429,Access limit reached,"{'error': 'Access limit reached', 'retry_after': '0 hours 7 minutes'}"
T79q5lQcq2RZ5AJU,1744465476630,429,Access limit reached,"{'error': 'Access limit reached', 'retry_after': '0 hours 7 minutes'}"
T79q5lQcq2RZ5AJU,1744465476630,429,Access limit reached,"{'error': 'Access limit reached', 'retry_after': '0 hours 7 minutes'}"
T79q5lQcq2RZ5AJU,1744465495630,429,Access limit reached,"{'error': 'Access limit reached', 'retry_after': '0 hours 7 minutes'}"
T79q5lQcq2RZ5AJU,1744465495630,429,Access limit reached,"{'error': 'Access limit reached', 'retry_after': '0 hours 7 minutes'}"
T79q5lQcq2RZ5AJU,1744465495630,429,Access limit reached,"{'error': 'Access limit reached', 'retry_after': '0 hours 7 minutes'}"
T79q5lQcq2RZ5AJU,1744465495630,429,Access limit reached,"{'error': 'Access limit reached', 'retry_after': '0 hours 7 minutes'}"
T79q5lQcq2RZ5AJU,1744465495630,429,Access limit reached,"{'error': 'Access limit reached', 'retry_after': '0 hours 7 minutes'}"
T79q5lQcq2RZ5AJU,1744465521630,429,Access limit reached,"{'error': 'Access limit reached', 'retry_after': '0 hours 7 minutes'}"
T79q5lQcq2RZ5AJU,1744465521630,429,Access limit reached,"{'error': 'Access limit reached', 'retry_after': '0 hours 7 minutes'}"
T79q5lQcq2RZ5AJU,1744465521630,429,Access limit reached,"{'error': 'Access limit reached', 'retry_after': '0 hours 7 minutes'}"
T79q5lQcq2RZ5AJU,1744465521630,429,Access limit reached,"{'error': 'Access limit reached', 'retry_after': '0 hours 7 minutes'}"
T79q5lQcq2RZ5AJU,1744465521630,429,Access limit reached,"{'error': 'Access limit reached', 'retry_after': '0 hours 7 minutes'}"
T79q5lQcq2RZ5AJU,1744465543630,429,Access limit reached,"{'error': 'Access limit reached', 'retry_after': '0 hours 7 minutes'}"
T79q5lQcq2RZ5AJU,1744465543630,429,Access limit reached,"{'error': 'Access limit reached', 'retry_after': '0 hours 7 minutes'}"
T79q5lQcq2RZ5AJU,1744465543630,429,Access limit reached,"{'error': 'Access limit reached', 'retry_after': '0 hours 7 minutes'}"
T79q5lQcq2RZ5AJU,1744465543630,429,Access limit reached,"{'error': 'Access limit reached', 'retry_after': '0 hours 7 minutes'}"
T79q5lQcq2RZ5AJU,1744465543630,429,Access limit reached,"{'error': 'Access limit reached', 'retry_after': '0 hours 7 minutes'}"
T79q5lQcq2RZ5AJU,1744465553630,429,Access limit reached,"{'error': 'Access limit reached', 'retry_after': '0 hours 7 minutes'}"
T79q5lQcq2RZ5AJU,1744465553630,429,Access limit reached,"{'error': 'Access limit reached', 'retry_after': '0 hours 7 minutes'}"
T79q5lQcq2RZ5AJU,1744465553630,429,Access limit reached,"{'error': 'Access limit reached', 'retry_after': '0 hours 7 minutes'}"
T79q5lQcq2RZ5AJU,1744465553630,429,Access limit reached,"{'error': 'Access limit reached', 'retry_after': '0 hours 7 minutes'}"
T79q5lQcq2RZ5AJU,1744465553630,429,Access limit reached,"{'error': 'Access limit reached', 'retry_after': '0 hours 7 minutes'}"
T79q5lQcq2RZ5AJU,1744465581630,429,Access limit reached,"{'error': 'Access limit reached', 'retry_after': '0 hours 7 minutes'}"
T79q5lQcq2RZ5AJU,1744465581630,429,Access limit reached,"{'error': 'Access limit reached', 'retry_after': '0 hours 7 minutes'}"
T79q5lQcq2RZ5AJU,1744465581630,429,Access limit reached,"{'error': 'Access limit reached', 'retry_after': '0 hours 7 minutes'}"
T79q5lQcq2RZ5AJU,1744465581630,429,Access limit reached,"{'error': 'Access limit reached', 'retry_after': '0 hours 7 minutes'}"
T79q5lQcq2RZ5AJU,1744465581630,429,Access limit reached,"{'error': 'Access limit reached', 'retry_after': '0 hours 7 minutes'}"
T79q5lQcq2RZ5AJU,1744465589630,429,Access limit reached,"{'error': 'Access limit reached', 'retry_after': '0 hours 7 minutes'}"
T79q5lQcq2RZ5AJU,1744465589630,429,Access limit reached,"{'error': 'Access limit reached', 'retry_after': '0 hours 7 minutes'}"
T79q5lQcq2RZ5AJU,1744465589630,429,Access limit reached,"{'error': 'Access limit reached', 'retry_after': '0 hours 7 minutes'}"
T79q5lQcq2RZ5AJU,1744465589630,429,Access limit reached,"{'error': 'Access limit reached', 'retry_after': '0 hours 7 minutes'}"
T79q5lQcq2RZ5AJU,1744465589630,429,Access limit reached,"{'error': 'Access limit reached', 'retry_after': '0 hours 7 minutes'}"
T79q5lQcq2RZ5AJU,1744465610630,429,Access limit reached,"{'error': 'Access limit reached', 'retry_after': '0 hours 7 minutes'}"
T79q5lQcq2RZ5AJU,1744465610630,429,Access limit reached,"{'error': 'Access limit reached', 'retry_after': '0 hours 7 minutes'}"
T79q5lQcq2RZ5AJU,1744465610630,429,Access limit reached,"{'error': 'Access limit reached', 'retry_after': '0 hours 7 minutes'}"
T79q5lQcq2RZ5AJU,1744465610630,429,Access limit reached,"{'error': 'Access limit reached', 'retry_after': '0 hours 7 minutes'}"
T79q5lQcq2RZ5AJU,1744465610630,429,Access limit reached,"{'error': 'Access limit reached', 'retry_after': '0 hours 7 minutes'}"
T79q5lQcq2RZ5AJU,1744465639630,429,Access limit reached,"{'error': 'Access limit reached', 'retry_after': '0 hours 7 minutes'}"
T79q5lQcq2RZ5AJU,1744465639630,429,Access limit reached,"{'error': 'Access limit reached', 'retry_after': '0 hours 6 minutes'}"
T79q5lQcq2RZ5AJU,1744465639630,429,Access limit reached,"{'error': 'Access limit reached', 'retry_after': '0 hours 6 minutes'}"
T79q5lQcq2RZ5AJU,1744465639630,429,Access limit reached,"{'error': 'Access limit reached', 'retry_after': '0 hours 6 minutes'}"
T79q5lQcq2RZ5AJU,1744465639630,429,Access limit reached,"{'error': 'Access limit reached', 'retry_after': '0 hours 6 minutes'}"
T79q5lQcq2RZ5AJU,1744465669630,429,Access limit reached,"{'error': 'Access limit reached', 'retry_after': '0 hours 6 minutes'}"
T79q5lQcq2RZ5AJU,1744465669630,429,Access limit reached,"{'error': 'Access limit reached', 'retry_after': '0 hours 6 minutes'}"
T79q5lQcq2RZ5AJU,1744465669630,429,Access limit reached,"{'error': 'Access limit reached', 'retry_after': '0 hours 6 minutes'}"
T79q5lQcq2RZ5AJU,1744465669630,429,Access limit reached,"{'error': 'Access limit reached', 'retry_after': '0 hours 6 minutes'}"
T79q5lQcq2RZ5AJU,1744465669630,429,Access limit reached,"{'error': 'Access limit reached', 'retry_after': '0 hours 6 minutes'}"
T79q5lQcq2RZ5AJU,1744465677630,429,Access limit reached,"{'error': 'Access limit reached', 'retry_after': '0 hours 6 minutes'}"
T79q5lQcq2RZ5AJU,1744465677630,429,Access limit reached,"{'error': 'Access limit reached', 'retry_after': '0 hours 6 minutes'}"
T79q5lQcq2RZ5AJU,1744465677630,429,Access limit reached,"{'error': 'Access limit reached', 'retry_after': '0 hours 6 minutes'}"
T79q5lQcq2RZ5AJU,1744465677630,429,Access limit reached,"{'error': 'Access limit reached', 'retry_after': '0 hours 6 minutes'}"
T79q5lQcq2RZ5AJU,1744465677630,429,Access limit reached,"{'error': 'Access limit reached', 'retry_after': '0 hours 6 minutes'}"
T79q5lQcq2RZ5AJU,1744465698630,429,Access limit reached,"{'error': 'Access limit reached', 'retry_after': '0 hours 6 minutes'}"
T79q5lQcq2RZ5AJU,1744465698630,429,Access limit reached,"{'error': 'Access limit reached', 'retry_after': '0 hours 6 minutes'}"
T79q5lQcq2RZ5AJU,1744465698630,429,Access limit reached,"{'error': 'Access limit reached', 'retry_after': '0 hours 6 minutes'}"
T79q5lQcq2RZ5AJU,1744465698630,429,Access limit reached,"{'error': 'Access limit reached', 'retry_after': '0 hours 6 minutes'}"
T79q5lQcq2RZ5AJU,1744465698630,429,Access limit reached,"{'error': 'Access limit reached', 'retry_after': '0 hours 6 minutes'}"
T79q5lQcq2RZ5AJU,1744465716630,429,Access limit reached,"{'error': 'Access limit reached', 'retry_after': '0 hours 6 minutes'}"
T79q5lQcq2RZ5AJU,1744465716630,429,Access limit reached,"{'error': 'Access limit reached', 'retry_after': '0 hours 6 minutes'}"
T79q5lQcq2RZ5AJU,1744465716630,429,Access limit reached,"{'error': 'Access limit reached', 'retry_after': '0 hours 6 minutes'}"
T79q5lQcq2RZ5AJU,1744465716630,429,Access limit reached,"{'error': 'Access limit reached', 'retry_after': '0 hours 6 minutes'}"
T79q5lQcq2RZ5AJU,1744465716630,429,Access limit reached,"{'error': 'Access limit reached', 'retry_after': '0 hours 6 minutes'}"
T79q5lQcq2RZ5AJU,1744465737630,429,Access limit reached,"{'error': 'Access limit reached', 'retry_after': '0 hours 6 minutes'}"
T79q5lQcq2RZ5AJU,1744465737630,429,Access limit reached,"{'error': 'Access limit reached', 'retry_after': '0 hours 6 minutes'}"
T79q5lQcq2RZ5AJU,1744465737630,429,Access limit reached,"{'error': 'Access limit reached', 'retry_after': '0 hours 6 minutes'}"
T79q5lQcq2RZ5AJU,1744465737630,429,Access limit reached,"{'error': 'Access limit reached', 'retry_after': '0 hours 6 minutes'}"
T79q5lQcq2RZ5AJU,1744465737630,429,Access limit reached,"{'error': 'Access limit reached', 'retry_after': '0 hours 6 minutes'}"
T79q5lQcq2RZ5AJU,1744465756630,429,Access limit reached,"{'error': 'Access limit reached', 'retry_after': '0 hours 6 minutes'}"
T79q5lQcq2RZ5AJU,1744465756630,429,Access limit reached,"{'error': 'Access limit reached', 'retry_after': '0 hours 6 minutes'}"
T79q5lQcq2RZ5AJU,1744465756630,429,Access limit reached,"{'error': 'Access limit reached', 'retry_after': '0 hours 6 minutes'}"
T79q5lQcq2RZ5AJU,1744465756630,429,Access limit reached,"{'error': 'Access limit reached', 'retry_after': '0 hours 6 minutes'}"
T79q5lQcq2RZ5AJU,1744465756630,429,Access limit reached,"{'error': 'Access limit reached', 'retry_after': '0 hours 6 minutes'}"
T79q5lQcq2RZ5AJU,1744465770630,429,Access limit reached,"{'error': 'Access limit reached', 'retry_after': '0 hours 6 minutes'}"
T79q5lQcq2RZ5AJU,1744465770630,429,Access limit reached,"{'error': 'Access limit reached', 'retry_after': '0 hours 6 minutes'}"
T79q5lQcq2RZ5AJU,1744465770630,429,Access limit reached,"{'error': 'Access limit reached', 'retry_after': '0 hours 6 minutes'}"
T79q5lQcq2RZ5AJU,1744465770630,429,Access limit reached,"{'error': 'Access limit reached', 'retry_after': '0 hours 6 minutes'}"
T79q5lQcq2RZ5AJU,1744465770630,429,Access limit reached,"{'error': 'Access limit reached', 'retry_after': '0 hours 6 minutes'}"
T79q5lQcq2RZ5AJU,1744465796630,429,Access limit reached,"{'error': 'Access limit reached', 'retry_after': '0 hours 6 minutes'}"
T79q5lQcq2RZ5AJU,1744465796630,429,Access limit reached,"{'error': 'Access limit reached', 'retry_after': '0 hours 6 minutes'}"
T79q5lQcq2RZ5AJU,1744465796630,429,Access limit reached,"{'error': 'Access limit reached', 'retry_after': '0 hours 6 minutes'}"
T79q5lQcq2RZ5AJU,1744465796630,429,Access limit reached,"{'error': 'Access limit reached', 'retry_after': '0 hours 6 minutes'}"
T79q5lQcq2RZ5AJU,1744465796630,429,Access limit reached,"{'error': 'Access limit reached', 'retry_after': '0 hours 6 minutes'}"
T79q5lQcq2RZ5AJU,1744465819630,429,Access limit reached,"{'error': 'Access limit reached', 'retry_after': '0 hours 6 minutes'}"
T79q5lQcq2RZ5AJU,1744465819630,429,Access limit reached,"{'error': 'Access limit reached', 'retry_after': '0 hours 6 minutes'}"
T79q5lQcq2RZ5AJU,1744465819630,429,Access limit reached,"{'error': 'Access limit reached', 'retry_after': '0 hours 6 minutes'}"
T79q5lQcq2RZ5AJU,1744465819630,429,Access limit reached,"{'error': 'Access limit reached', 'retry_after': '0 hours 6 minutes'}"
T79q5lQcq2RZ5AJU,1744465819630,429,Access limit reached,"{'error': 'Access limit reached', 'retry_after': '0 hours 6 minutes'}"
T79q5lQcq2RZ5AJU,1744465825630,429,Access limit reached,"{'error': 'Access limit reached', 'retry_after': '0 hours 6 minutes'}"
T79q5lQcq2RZ5AJU,1744465825630,429,Access limit reached,"{'error': 'Access limit reached', 'retry_after': '0 hours 6 minutes'}"
T79q5lQcq2RZ5AJU,1744465825630,429,Access limit reached,"{'error': 'Access limit reached', 'retry_after': '0 hours 6 minutes'}"
T79q5lQcq2RZ5AJU,1744465825630,429,Access limit reached,"{'error': 'Access limit reached', 'retry_after': '0 hours 6 minutes'}"
T79q5lQcq2RZ5AJU,1744465825630,429,Access limit reached,"{'error': 'Access limit reached', 'retry_after': '0 hours 6 minutes'}"
T79q5lQcq2RZ5AJU,1744465835630,429,Access limit reached,"{'error': 'Access limit reached', 'retry_after': '0 hours 6 minutes'}"
T79q5lQcq2RZ5AJU,1744465835630,429,Access limit reached,"{'error': 'Access limit reached', 'retry_after': '0 hours 6 minutes'}"
T79q5lQcq2RZ5AJU,1744465835630,429,Access limit reached,"{'error': 'Access limit reached', 'retry_after': '0 hours 6 minutes'}"
T79q5lQcq2RZ5AJU,1744465835630,429,Access limit reached,"{'error': 'Access limit reached', 'retry_after': '0 hours 6 minutes'}"
T79q5lQcq2RZ5AJU,1744465835630,429,Access limit reached,"{'error': 'Access limit reached', 'retry_after': '0 hours 6 minutes'}"
T79q5lQcq2RZ5AJU,1744465849630,429,Access limit reached,"{'error': 'Access limit reached', 'retry_after': '0 hours 6 minutes'}"
T79q5lQcq2RZ5AJU,1744465849630,429,Access limit reached,"{'error': 'Access limit reached', 'retry_after': '0 hours 6 minutes'}"
T79q5lQcq2RZ5AJU,1744465849630,429,Access limit reached,"{'error': 'Access limit reached', 'retry_after': '0 hours 6 minutes'}"
T79q5lQcq2RZ5AJU,1744465849630,429,Access limit reached,"{'error': 'Access limit reached', 'retry_after': '0 hours 6 minutes'}"
T79q5lQcq2RZ5AJU,1744465849630,429,Access limit reached,"{'error': 'Access limit reached', 'retry_after': '0 hours 6 minutes'}"
T79q5lQcq2RZ5AJU,1744465861630,429,Access limit reached,"{'error': 'Access limit reached', 'retry_after': '0 hours 6 minutes'}"
T79q5lQcq2RZ5AJU,1744465861630,429,Access limit reached,"{'error': 'Access limit reached', 'retry_after': '0 hours 6 minutes'}"
T79q5lQcq2RZ5AJU,1744465861630,429,Access limit reached,"{'error': 'Access limit reached', 'retry_after': '0 hours 6 minutes'}"
T79q5lQcq2RZ5AJU,1744465861630,429,Access limit reached,"{'error': 'Access limit reached', 'retry_after': '0 hours 6 minutes'}"
T79q5lQcq2RZ5AJU,1744465861630,429,Access limit reached,"{'error': 'Access limit reached', 'retry_after': '0 hours 6 minutes'}"
T79q5lQcq2RZ5AJU,1744465885630,429,Access limit reached,"{'error': 'Access limit reached', 'retry_after': '0 hours 6 minutes'}"
T79q5lQcq2RZ5AJU,1744465885630,429,Access limit reached,"{'error': 'Access limit reached', 'retry_after': '0 hours 6 minutes'}"
T79q5lQcq2RZ5AJU,1744465885630,429,Access limit reached,"{'error': 'Access limit reached', 'retry_after': '0 hours 6 minutes'}"
T79q5lQcq2RZ5AJU,1744465885630,429,Access limit reached,"{'error': 'Access limit reached', 'retry_after': '0 hours 6 minutes'}"
T79q5lQcq2RZ5AJU,1744465885630,429,Access limit reached,"{'error': 'Access limit reached', 'retry_after': '0 hours 6 minutes'}"
T79q5lQcq2RZ5AJU,1744465915630,429,Access limit reached,"{'error': 'Access limit reached', 'retry_after': '0 hours 6 minutes'}"
T79q5lQcq2RZ5AJU,1744465915630,429,Access limit reached,"{'error': 'Access limit reached', 'retry_after': '0 hours 6 minutes'}"
T79q5lQcq2RZ5AJU,1744465915630,429,Access limit reached,"{'error': 'Access limit reached', 'retry_after': '0 hours 6 minutes'}"
T79q5lQcq2RZ5AJU,1744465915630,429,Access limit reached,"{'error': 'Access limit reached', 'retry_after': '0 hours 6 minutes'}"
T79q5lQcq2RZ5AJU,1744465915630,429,Access limit reached,"{'error': 'Access limit reached', 'retry_after': '0 hours 6 minutes'}"
T79q5lQcq2RZ5AJU,1744465945630,429,Access limit reached,"{'error': 'Access limit reached', 'retry_after': '0 hours 6 minutes'}"
T79q5lQcq2RZ5AJU,1744465945630,429,Access limit reached,"{'error': 'Access limit reached', 'retry_after': '0 hours 6 minutes'}"
T79q5lQcq2RZ5AJU,1744465945630,429,Access limit reached,"{'error': 'Access limit reached', 'retry_after': '0 hours 6 minutes'}"
T79q5lQcq2RZ5AJU,1744465945630,429,Access limit reached,"{'error': 'Access limit reached', 'retry_after': '0 hours 6 minutes'}"
T79q5lQcq2RZ5AJU,1744465945630,429,Access limit reached,"{'error': 'Access limit reached', 'retry_after': '0 hours 6 minutes'}"
T79q5lQcq2RZ5AJU,1744465955630,429,Access limit reached,"{'error': 'Access limit reached', 'retry_after': '0 hours 6 minutes'}"
T79q5lQcq2RZ5AJU,1744465955630,429,Access limit reached,"{'error': 'Access limit reached', 'retry_after': '0 hours 6 minutes'}"
T79q5lQcq2RZ5AJU,1744465955630,429,Access limit reached,"{'error': 'Access limit reached', 'retry_after': '0 hours 6 minutes'}"
T79q5lQcq2RZ5AJU,1744465955630,429,Access limit reached,"{'error': 'Access limit reached', 'retry_after': '0 hours 6 minutes'}"
T79q5lQcq2RZ5AJU,1744465955630,429,Access limit reached,"{'error': 'Access limit reached', 'retry_after': '0 hours 6 minutes'}"
T79q5lQcq2RZ5AJU,1744465971630,429,Access limit reached,"{'error': 'Access limit reached', 'retry_after': '0 hours 6 minutes'}"
T79q5lQcq2RZ5AJU,1744465971630,429,Access limit reached,"{'error': 'Access limit reached', 'retry_after': '0 hours 6 minutes'}"
T79q5lQcq2RZ5AJU,1744465971630,429,Access limit reached,"{'error': 'Access limit reached', 'retry_after': '0 hours 6 minutes'}"
T79q5lQcq2RZ5AJU,1744465971630,429,Access limit reached,"{'error': 'Access limit reached', 'retry_after': '0 hours 6 minutes'}"
T79q5lQcq2RZ5AJU,1744465971630,429,Access limit reached,"{'error': 'Access limit reached', 'retry_after': '0 hours 6 minutes'}"
T79q5lQcq2RZ5AJU,1744465994630,429,Access limit reached,"{'error': 'Access limit reached', 'retry_after': '0 hours 6 minutes'}"
T79q5lQcq2RZ5AJU,1744465994630,429,Access limit reached,"{'error': 'Access limit reached', 'retry_after': '0 hours 6 minutes'}"
T79q5lQcq2RZ5AJU,1744465994630,429,Access limit reached,"{'error': 'Access limit reached', 'retry_after': '0 hours 6 minutes'}"
T79q5lQcq2RZ5AJU,1744465994630,429,Access limit reached,"{'error': 'Access limit reached', 'retry_after': '0 hours 6 minutes'}"
T79q5lQcq2RZ5AJU,1744465994630,429,Access limit reached,"{'error': 'Access limit reached', 'retry_after': '0 hours 6 minutes'}"
T79q5lQcq2RZ5AJU,1744466022630,429,Access limit reached,"{'error': 'Access limit reached', 'retry_after': '0 hours 6 minutes'}"
T79q5lQcq2RZ5AJU,1744466022630,429,Access limit reached,"{'error': 'Access limit reached', 'retry_after': '0 hours 6 minutes'}"
T79q5lQcq2RZ5AJU,1744466022630,429,Access limit reached,"{'error': 'Access limit reached', 'retry_after': '0 hours 6 minutes'}"
T79q5lQcq2RZ5AJU,1744466022630,429,Access limit reached,"{'error': 'Access limit reached', 'retry_after': '0 hours 6 minutes'}"
T79q5lQcq2RZ5AJU,1744466022630,429,Access limit reached,"{'error': 'Access limit reached', 'retry_after': '0 hours 6 minutes'}"
T79q5lQcq2RZ5AJU,1744466051630,429,Access limit reached,"{'error': 'Access limit reached', 'retry_after': '0 hours 6 minutes'}"
T79q5lQcq2RZ5AJU,1744466051630,429,Access limit reached,"{'error': 'Access limit reached', 'retry_after': '0 hours 6 minutes'}"
T79q5lQcq2RZ5AJU,1744466051630,429,Access limit reached,"{'error': 'Access limit reached', 'retry_after': '0 hours 6 minutes'}"
T79q5lQcq2RZ5AJU,1744466051630,429,Access limit reached,"{'error': 'Access limit reached', 'retry_after': '0 hours 6 minutes'}"
T79q5lQcq2RZ5AJU,1744466051630,429,Access limit reached,"{'error': 'Access limit reached', 'retry_after': '0 hours 6 minutes'}"
T79q5lQcq2RZ5AJU,1744466056630,429,Access limit reached,"{'error': 'Access limit reached', 'retry_after': '0 hours 6 minutes'}"
T79q5lQcq2RZ5AJU,1744466056630,429,Access limit reached,"{'error': 'Access limit reached', 'retry_after': '0 hours 6 minutes'}"
T79q5lQcq2RZ5AJU,1744466056630,429,Access limit reached,"{'error': 'Access limit reached', 'retry_after': '0 hours 6 minutes'}"
T79q5lQcq2RZ5AJU,1744466056630,429,Access limit reached,"{'error': 'Access limit reached', 'retry_after': '0 hours 6 minutes'}"
T79q5lQcq2RZ5AJU,1744466056630,429,Access limit reached,"{'error': 'Access limit reached', 'retry_after': '0 hours 6 minutes'}"
T79q5lQcq2RZ5AJU,1744466071630,429,Access limit reached,"{'error': 'Access limit reached', 'retry_after': '0 hours 6 minutes'}"
T79q5lQcq2RZ5AJU,1744466071630,429,Access limit reached,"{'error': 'Access limit reached', 'retry_after': '0 hours 6 minutes'}"
T79q5lQcq2RZ5AJU,1744466071630,429,Access limit reached,"{'error': 'Access limit reached', 'retry_after': '0 hours 6 minutes'}"
T79q5lQcq2RZ5AJU,1744466071630,429,Access limit reached,"{'error': 'Access limit reached', 'retry_after': '0 hours 6 minutes'}"
T79q5lQcq2RZ5AJU,1744466071630,429,Access limit reached,"{'error': 'Access limit reached', 'retry_after': '0 hours 6 minutes'}"
T79q5lQcq2RZ5AJU,1744466082630,429,Access limit reached,"{'error': 'Access limit reached', 'retry_after': '0 hours 6 minutes'}"
T79q5lQcq2RZ5AJU,1744466082630,429,Access limit reached,"{'error': 'Access limit reached', 'retry_after': '0 hours 6 minutes'}"
T79q5lQcq2RZ5AJU,1744466082630,429,Access limit reached,"{'error': 'Access limit reached', 'retry_after': '0 hours 6 minutes'}"
T79q5lQcq2RZ5AJU,1744466082630,429,Access limit reached,"{'error': 'Access limit reached', 'retry_after': '0 hours 6 minutes'}"
T79q5lQcq2RZ5AJU,1744466082630,429,Access limit reached,"{'error': 'Access limit reached', 'retry_after': '0 hours 6 minutes'}"
T79q5lQcq2RZ5AJU,1744466106630,429,Access limit reached,"{'error': 'Access limit reached', 'retry_after': '0 hours 6 minutes'}"
T79q5lQcq2RZ5AJU,1744466106630,429,Access limit reached,"{'error': 'Access limit reached', 'retry_after': '0 hours 6 minutes'}"
T79q5lQcq2RZ5AJU,1744466106630,429,Access limit reached,"{'error': 'Access limit reached', 'retry_after': '0 hours 6 minutes'}"
T79q5lQcq2RZ5AJU,1744466106630,429,Access limit reached,"{'error': 'Access limit reached', 'retry_after': '0 hours 6 minutes'}"
T79q5lQcq2RZ5AJU,1744466106630,429,Access limit reached,"{'error': 'Access limit reached', 'retry_after': '0 hours 6 minutes'}"
T79q5lQcq2RZ5AJU,1744466120630,429,Access limit reached,"{'error': 'Access limit reached', 'retry_after': '0 hours 6 minutes'}"
T79q5lQcq2RZ5AJU,1744466120630,429,Access limit reached,"{'error': 'Access limit reached', 'retry_after': '0 hours 6 minutes'}"
T79q5lQcq2RZ5AJU,1744466120630,429,Access limit reached,"{'error': 'Access limit reached', 'retry_after': '0 hours 6 minutes'}"
T79q5lQcq2RZ5AJU,1744466120630,429,Access limit reached,"{'error': 'Access limit reached', 'retry_after': '0 hours 6 minutes'}"
T79q5lQcq2RZ5AJU,1744466120630,429,Access limit reached,"{'error': 'Access limit reached', 'retry_after': '0 hours 6 minutes'}"
T79q5lQcq2RZ5AJU,1744466140630,429,Access limit reached,"{'error': 'Access limit reached', 'retry_after': '0 hours 6 minutes'}"
T79q5lQcq2RZ5AJU,1744466140630,429,Access limit reached,"{'error': 'Access limit reached', 'retry_after': '0 hours 6 minutes'}"
T79q5lQcq2RZ5AJU,1744466140630,429,Access limit reached,"{'error': 'Access limit reached', 'retry_after': '0 hours 6 minutes'}"
T79q5lQcq2RZ5AJU,1744466140630,429,Access limit reached,"{'error': 'Access limit reached', 'retry_after': '0 hours 6 minutes'}"
T79q5lQcq2RZ5AJU,1744466140630,429,Access limit reached,"{'error': 'Access limit reached', 'retry_after': '0 hours 6 minutes'}"
T79q5lQcq2RZ5AJU,1744466168630,429,Access limit reached,"{'error': 'Access limit reached', 'retry_after': '0 hours 6 minutes'}"
T79q5lQcq2RZ5AJU,1744466168630,429,Access limit reached,"{'error': 'Access limit reached', 'retry_after': '0 hours 6 minutes'}"
T79q5lQcq2RZ5AJU,1744466168630,429,Access limit reached,"{'error': 'Access limit reached', 'retry_after': '0 hours 6 minutes'}"
T79q5lQcq2RZ5AJU,1744466168630,429,Access limit reached,"{'error': 'Access limit reached', 'retry_after': '0 hours 6 minutes'}"
T79q5lQcq2RZ5AJU,1744466168630,429,Access limit reached,"{'error': 'Access limit reached', 'retry_after': '0 hours 6 minutes'}"
T79q5lQcq2RZ5AJU,1744466181630,429,Access limit reached,"{'error': 'Access limit reached', 'retry_after': '0 hours 6 minutes'}"
T79q5lQcq2RZ5AJU,1744466181630,429,Access limit reached,"{'error': 'Access limit reached', 'retry_after': '0 hours 6 minutes'}"
T79q5lQcq2RZ5AJU,1744466181630,429,Access limit reached,"{'error': 'Access limit reached', 'retry_after': '0 hours 6 minutes'}"
T79q5lQcq2RZ5AJU,1744466181630,429,Access limit reached,"{'error': 'Access limit reached', 'retry_after': '0 hours 6 minutes'}"
T79q5lQcq2RZ5AJU,1744466181630,429,Access limit reached,"{'error': 'Access limit reached', 'retry_after': '0 hours 6 minutes'}"
T79q5lQcq2RZ5AJU,1744466189630,429,Access limit reached,"{'error': 'Access limit reached', 'retry_after': '0 hours 6 minutes'}"
T79q5lQcq2RZ5AJU,1744466189630,429,Access limit reached,"{'error': 'Access limit reached', 'retry_after': '0 hours 6 minutes'}"
T79q5lQcq2RZ5AJU,1744466189630,429,Access limit reached,"{'error': 'Access limit reached', 'retry_after': '0 hours 6 minutes'}"
T79q5lQcq2RZ5AJU,1744466189630,429,Access limit reached,"{'error': 'Access limit reached', 'retry_after': '0 hours 6 minutes'}"
T79q5lQcq2RZ5AJU,1744466189630,429,Access limit reached,"{'error': 'Access limit reached', 'retry_after': '0 hours 6 minutes'}"
T79q5lQcq2RZ5AJU,1744466216630,429,Access limit reached,"{'error': 'Access limit reached', 'retry_after': '0 hours 6 minutes'}"
T79q5lQcq2RZ5AJU,1744466216630,429,Access limit reached,"{'error': 'Access limit reached', 'retry_after': '0 hours 6 minutes'}"
T79q5lQcq2RZ5AJU,1744466216630,429,Access limit reached,"{'error': 'Access limit reached', 'retry_after': '0 hours 6 minutes'}"
T79q5lQcq2RZ5AJU,1744466216630,429,Access limit reached,"{'error': 'Access limit reached', 'retry_after': '0 hours 6 minutes'}"
T79q5lQcq2RZ5AJU,1744466216630,429,Access limit reached,"{'error': 'Access limit reached', 'retry_after': '0 hours 6 minutes'}"
YAxhTHul26gN03ih,1744466221630,429,Access limit reached,"{'error': 'Access limit reached', 'retry_after': '23 hours 29 minutes'}"
YAxhTHul26gN03ih,1744466221630,429,Access limit reached,"{'error': 'Access limit reached', 'retry_after': '23 hours 29 minutes'}"
YAxhTHul26gN03ih,1744466221630,429,Access limit reached,"{'error': 'Access limit reached', 'retry_after': '23 hours 29 minutes'}"
YAxhTHul26gN03ih,1744466221630,429,Access limit reached,"{'error': 'Access limit reached', 'retry_after': '23 hours 29 minutes'}"
YAxhTHul26gN03ih,1744466221630,429,Access limit reached,"{'error': 'Access limit reached', 'retry_after': '23 hours 29 minutes'}"
YAxhTHul26gN03ih,1744466244630,429,Access limit reached,"{'error': 'Access limit reached', 'retry_after': '23 hours 29 minutes'}"
YAxhTHul26gN03ih,1744466244630,429,Access limit reached,"{'error': 'Access limit reached', 'retry_after': '23 hours 29 minutes'}"
YAxhTHul26gN03ih,1744466244630,429,Access limit reached,"{'error': 'Access limit reached', 'retry_after': '23 hours 29 minutes'}"
YAxhTHul26gN03ih,1744466244630,429,Access limit reached,"{'error': 'Access limit reached', 'retry_after': '23 hours 29 minutes'}"
YAxhTHul26gN03ih,1744466244630,429,Access limit reached,"{'error': 'Access limit reached', 'retry_after': '23 hours 29 minutes'}"
YAxhTHul26gN03ih,1744466253630,429,Access limit reached,"{'error': 'Access limit reached', 'retry_after': '23 hours 29 minutes'}"
YAxhTHul26gN03ih,1744466253630,429,Access limit reached,"{'error': 'Access limit reached', 'retry_after': '23 hours 29 minutes'}"
YAxhTHul26gN03ih,1744466253630,429,Access limit reached,"{'error': 'Access limit reached', 'retry_after': '23 hours 29 minutes'}"
YAxhTHul26gN03ih,1744466253630,429,Access limit reached,"{'error': 'Access limit reached', 'retry_after': '23 hours 29 minutes'}"
YAxhTHul26gN03ih,1744466253630,429,Access limit reached,"{'error': 'Access limit reached', 'retry_after': '23 hours 29 minutes'}"
YAxhTHul26gN03ih,1744466273630,429,Access limit reached,"{'error': 'Access limit reached', 'retry_after': '23 hours 29 minutes'}"
YAxhTHul26gN03ih,1744466273630,429,Access limit reached,"{'error': 'Access limit reached', 'retry_after': '23 hours 29 minutes'}"
YAxhTHul26gN03ih,1744466273630,429,Access limit reached,"{'error': 'Access limit reached', 'retry_after': '23 hours 29 minutes'}"
YAxhTHul26gN03ih,1744466273630,429,Access limit reached,"{'error': 'Access limit reached', 'retry_after': '23 hours 29 minutes'}"
YAxhTHul26gN03ih,1744466273630,429,Access limit reached,"{'error': 'Access limit reached', 'retry_after': '23 hours 29 minutes'}"
YAxhTHul26gN03ih,1744466296630,429,Access limit reached,"{'error': 'Access limit reached', 'retry_after': '23 hours 29 minutes'}"
YAxhTHul26gN03ih,1744466296630,429,Access limit reached,"{'error': 'Access limit reached', 'retry_after': '23 hours 29 minutes'}"
YAxhTHul26gN03ih,1744466296630,429,Access limit reached,"{'error': 'Access limit reached', 'retry_after': '23 hours 29 minutes'}"
YAxhTHul26gN03ih,1744466296630,429,Access limit reached,"{'error': 'Access limit reached', 'retry_after': '23 hours 29 minutes'}"
YAxhTHul26gN03ih,1744466296630,429,Access limit reached,"{'error': 'Access limit reached', 'retry_after': '23 hours 29 minutes'}"
YAxhTHul26gN03ih,1744466314630,429,Access limit reached,"{'error': 'Access limit reached', 'retry_after': '23 hours 29 minutes'}"
YAxhTHul26gN03ih,1744466314630,429,Access limit reached,"{'error': 'Access limit reached', 'retry_after': '23 hours 29 minutes'}"
YAxhTHul26gN03ih,1744466314630,429,Access limit reached,"{'error': 'Access limit reached', 'retry_after': '23 hours 29 minutes'}"
YAxhTHul26gN03ih,1744466314630,429,Access limit reached,"{'error': 'Access limit reached', 'retry_after': '23 hours 29 minutes'}"
YAxhTHul26gN03ih,1744466314630,429,Access limit reached,"{'error': 'Access limit reached', 'retry_after': '23 hours 29 minutes'}"
YAxhTHul26gN03ih,1744466340630,429,Access limit reached,"{'error': 'Access limit reached', 'retry_after': '23 hours 29 minutes'}"
YAxhTHul26gN03ih,1744466340630,429,Access limit reached,"{'error': 'Access limit reached', 'retry_after': '23 hours 29 minutes'}"
YAxhTHul26gN03ih,1744466340630,429,Access limit reached,"{'error': 'Access limit reached', 'retry_after': '23 hours 29 minutes'}"
YAxhTHul26gN03ih,1744466340630,429,Access limit reached,"{'error': 'Access limit reached', 'retry_after': '23 hours 29 minutes'}"
YAxhTHul26gN03ih,1744466340630,429,Access limit reached,"{'error': 'Access limit reached', 'retry_after': '23 hours 29 minutes'}"
YAxhTHul26gN03ih,1744466367630,429,Access limit reached,"{'error': 'Access limit reached', 'retry_after': '23 hours 29 minutes'}"
YAxhTHul26gN03ih,1744466367630,429,Access limit reached,"{'error': 'Access limit reached', 'retry_after': '23 hours 29 minutes'}"
YAxhTHul26gN03ih,1744466367630,429,Access limit reached,"{'error': 'Access limit reached', 'retry_after': '23 hours 29 minutes'}"
YAxhTHul26gN03ih,1744466367630,429,Access limit reached,"{'error': 'Access limit reached', 'retry_after': '23 hours 29 minutes'}"
YAxhTHul26gN03ih,1744466367630,429,Access limit reached,"{'error': 'Access limit reached', 'retry_after': '23 hours 29 minutes'}"
YAxhTHul26gN03ih,1744466375630,429,Access limit reached,"{'error': 'Access limit reached', 'retry_after': '23 hours 29 minutes'}"
YAxhTHul26gN03ih,1744466375630,429,Access limit reached,"{'error': 'Access limit reached', 'retry_after': '23 hours 29 minutes'}"
YAxhTHul26gN03ih,1744466375630,429,Access limit reached,"{'error': 'Access limit reached', 'retry_after': '23 hours 29 minutes'}"
YAxhTHul26gN03ih,1744466375630,429,Access limit reached,"{'error': 'Access limit reached', 'retry_after': '23 hours 29 minutes'}"
YAxhTHul26gN03ih,1744466375630,429,Access limit reached,"{'error': 'Access limit reached', 'retry_after': '23 hours 29 minutes'}"
YAxhTHul26gN03ih,1744466404630,429,Access limit reached,"{'error': 'Access limit reached', 'retry_after': '23 hours 29 minutes'}"
YAxhTHul26gN03ih,1744466404630,429,Access limit reached,"{'error': 'Access limit reached', 'retry_after': '23 hours 29 minutes'}"
YAxhTHul26gN03ih,1744466404630,429,Access limit reached,"{'error': 'Access limit reached', 'retry_after': '23 hours 29 minutes'}"
YAxhTHul26gN03ih,1744466404630,429,Access limit reached,"{'error': 'Access limit reached', 'retry_after': '23 hours 29 minutes'}"
YAxhTHul26gN03ih,1744466404630,429,Access limit reached,"{'error': 'Access limit reached', 'retry_after': '23 hours 29 minutes'}"
YAxhTHul26gN03ih,1744466410630,429,Access limit reached,"{'error': 'Access limit reached', 'retry_after': '23 hours 29 minutes'}"
YAxhTHul26gN03ih,1744466410630,429,Access limit reached,"{'error': 'Access limit reached', 'retry_after': '23 hours 29 minutes'}"
YAxhTHul26gN03ih,1744466410630,429,Access limit reached,"{'error': 'Access limit reached', 'retry_after': '23 hours 29 minutes'}"
YAxhTHul26gN03ih,1744466410630,429,Access limit reached,"{'error': 'Access limit reached', 'retry_after': '23 hours 29 minutes'}"
YAxhTHul26gN03ih,1744466410630,429,Access limit reached,"{'error': 'Access limit reached', 'retry_after': '23 hours 29 minutes'}"
YAxhTHul26gN03ih,1744466421630,429,Access limit reached,"{'error': 'Access limit reached', 'retry_after': '23 hours 29 minutes'}"
YAxhTHul26gN03ih,1744466421630,429,Access limit reached,"{'error': 'Access limit reached', 'retry_after': '23 hours 29 minutes'}"
YAxhTHul26gN03ih,1744466421630,429,Access limit reached,"{'error': 'Access limit reached', 'retry_after': '23 hours 29 minutes'}"
YAxhTHul26gN03ih,1744466421630,429,Access limit reached,"{'error': 'Access limit reached', 'retry_after': '23 hours 29 minutes'}"
YAxhTHul26gN03ih,1744466421630,429,Access limit reached,"{'error': 'Access limit reached', 'retry_after': '23 hours 29 minutes'}"
YAxhTHul26gN03ih,1744466440630,429,Access limit reached,"{'error': 'Access limit reached', 'retry_after': '23 hours 29 minutes'}"
YAxhTHul26gN03ih,1744466440630,429,Access limit reached,"{'error': 'Access limit reached', 'retry_after': '23 hours 29 minutes'}"
YAxhTHul26gN03ih,1744466440630,429,Access limit reached,"{'error': 'Access limit reached', 'retry_after': '23 hours 29 minutes'}"
YAxhTHul26gN03ih,1744466440630,429,Access limit reached,"{'error': 'Access limit reached', 'retry_after': '23 hours 29 minutes'}"
YAxhTHul26gN03ih,1744466440630,429,Access limit reached,"{'error': 'Access limit reached', 'retry_after': '23 hours 29 minutes'}"
YAxhTHul26gN03ih,1744466455630,429,Access limit reached,"{'error': 'Access limit reached', 'retry_after': '23 hours 28 minutes'}"
YAxhTHul26gN03ih,1744466455630,429,Access limit reached,"{'error': 'Access limit reached', 'retry_after': '23 hours 28 minutes'}"
YAxhTHul26gN03ih,1744466455630,429,Access limit reached,"{'error': 'Access limit reached', 'retry_after': '23 hours 28 minutes'}"
YAxhTHul26gN03ih,1744466455630,429,Access limit reached,"{'error': 'Access limit reached', 'retry_after': '23 hours 28 minutes'}"
YAxhTHul26gN03ih,1744466455630,429,Access limit reached,"{'error': 'Access limit reached', 'retry_after': '23 hours 28 minutes'}"
YAxhTHul26gN03ih,1744466481630,429,Access limit reached,"{'error': 'Access limit reached', 'retry_after': '23 hours 28 minutes'}"
YAxhTHul26gN03ih,1744466481630,429,Access limit reached,"{'error': 'Access limit reached', 'retry_after': '23 hours 28 minutes'}"
YAxhTHul26gN03ih,1744466481630,429,Access limit reached,"{'error': 'Access limit reached', 'retry_after': '23 hours 28 minutes'}"
YAxhTHul26gN03ih,1744466481630,429,Access limit reached,"{'error': 'Access limit reached', 'retry_after': '23 hours 28 minutes'}"
YAxhTHul26gN03ih,1744466481630,429,Access limit reached,"{'error': 'Access limit reached', 'retry_after': '23 hours 28 minutes'}"
YAxhTHul26gN03ih,1744466510630,429,Access limit reached,"{'error': 'Access limit reached', 'retry_after': '23 hours 28 minutes'}"
YAxhTHul26gN03ih,1744466510630,429,Access limit reached,"{'error': 'Access limit reached', 'retry_after': '23 hours 28 minutes'}"
YAxhTHul26gN03ih,1744466510630,429,Access limit reached,"{'error': 'Access limit reached', 'retry_after': '23 hours 28 minutes'}"
YAxhTHul26gN03ih,1744466510630,429,Access limit reached,"{'error': 'Access limit reached', 'retry_after': '23 hours 28 minutes'}"
YAxhTHul26gN03ih,1744466510630,429,Access limit reached,"{'error': 'Access limit reached', 'retry_after': '23 hours 28 minutes'}"
YAxhTHul26gN03ih,1744466539630,429,Access limit reached,"{'error': 'Access limit reached', 'retry_after': '23 hours 28 minutes'}"
YAxhTHul26gN03ih,1744466539630,429,Access limit reached,"{'error': 'Access limit reached', 'retry_after': '23 hours 28 minutes'}"
YAxhTHul26gN03ih,1744466539630,429,Access limit reached,"{'error': 'Access limit reached', 'retry_after': '23 hours 28 minutes'}"
YAxhTHul26gN03ih,1744466539630,429,Access limit reached,"{'error': 'Access limit reached', 'retry_after': '23 hours 28 minutes'}"
YAxhTHul26gN03ih,1744466539630,429,Access limit reached,"{'error': 'Access limit reached', 'retry_after': '23 hours 28 minutes'}"
YAxhTHul26gN03ih,1744466544630,429,Access limit reached,"{'error': 'Access limit reached', 'retry_after': '23 hours 28 minutes'}"
YAxhTHul26gN03ih,1744466544630,429,Access limit reached,"{'error': 'Access limit reached', 'retry_after': '23 hours 28 minutes'}"
YAxhTHul26gN03ih,1744466544630,429,Access limit reached,"{'error': 'Access limit reached', 'retry_after': '23 hours 28 minutes'}"
YAxhTHul26gN03ih,1744466544630,429,Access limit reached,"{'error': 'Access limit reached', 'retry_after': '23 hours 28 minutes'}"
YAxhTHul26gN03ih,1744466544630,429,Access limit reached,"{'error': 'Access limit reached', 'retry_after': '23 hours 28 minutes'}"
YAxhTHul26gN03ih,1744466573630,429,Access limit reached,"{'error': 'Access limit reached', 'retry_after': '23 hours 28 minutes'}"
YAxhTHul26gN03ih,1744466573630,429,Access limit reached,"{'error': 'Access limit reached', 'retry_after': '23 hours 28 minutes'}"
YAxhTHul26gN03ih,1744466573630,429,Access limit reached,"{'error': 'Access limit reached', 'retry_after': '23 hours 28 minutes'}"
YAxhTHul26gN03ih,1744466573630,429,Access limit reached,"{'error': 'Access limit reached', 'retry_after': '23 hours 28 minutes'}"
YAxhTHul26gN03ih,1744466573630,429,Access limit reached,"{'error': 'Access limit reached', 'retry_after': '23 hours 28 minutes'}"
YAxhTHul26gN03ih,1744466578630,429,Access limit reached,"{'error': 'Access limit reached', 'retry_after': '23 hours 28 minutes'}"
YAxhTHul26gN03ih,1744466578630,429,Access limit reached,"{'error': 'Access limit reached', 'retry_after': '23 hours 28 minutes'}"
YAxhTHul26gN03ih,1744466578630,429,Access limit reached,"{'error': 'Access limit reached', 'retry_after': '23 hours 28 minutes'}"
YAxhTHul26gN03ih,1744466578630,429,Access limit reached,"{'error': 'Access limit reached', 'retry_after': '23 hours 28 minutes'}"
YAxhTHul26gN03ih,1744466578630,429,Access limit reached,"{'error': 'Access limit reached', 'retry_after': '23 hours 28 minutes'}"
YAxhTHul26gN03ih,1744466606630,429,Access limit reached,"{'error': 'Access limit reached', 'retry_after': '23 hours 28 minutes'}"
YAxhTHul26gN03ih,1744466606630,429,Access limit reached,"{'error': 'Access limit reached', 'retry_after': '23 hours 28 minutes'}"
YAxhTHul26gN03ih,1744466606630,429,Access limit reached,"{'error': 'Access limit reached', 'retry_after': '23 hours 28 minutes'}"
YAxhTHul26gN03ih,1744466606630,429,Access limit reached,"{'error': 'Access limit reached', 'retry_after': '23 hours 28 minutes'}"
YAxhTHul26gN03ih,1744466606630,429,Access limit reached,"{'error': 'Access limit reached', 'retry_after': '23 hours 28 minutes'}"
YAxhTHul26gN03ih,1744466618630,429,Access limit reached,"{'error': 'Access limit reached', 'retry_after': '23 hours 28 minutes'}"
YAxhTHul26gN03ih,1744466618630,429,Access limit reached,"{'error': 'Access limit reached', 'retry_after': '23 hours 28 minutes'}"
YAxhTHul26gN03ih,1744466618630,429,Access limit reached,"{'error': 'Access limit reached', 'retry_after': '23 hours 28 minutes'}"
YAxhTHul26gN03ih,1744466618630,429,Access limit reached,"{'error': 'Access limit reached', 'retry_after': '23 hours 28 minutes'}"
YAxhTHul26gN03ih,1744466618630,429,Access limit reached,"{'error': 'Access limit reached', 'retry_after': '23 hours 28 minutes'}"
YAxhTHul26gN03ih,1744466647630,429,Access limit reached,"{'error': 'Access limit reached', 'retry_after': '23 hours 28 minutes'}"
YAxhTHul26gN03ih,1744466647630,429,Access limit reached,"{'error': 'Access limit reached', 'retry_after': '23 hours 28 minutes'}"
YAxhTHul26gN03ih,1744466647630,429,Access limit reached,"{'error': 'Access limit reached', 'retry_after': '23 hours 28 minutes'}"
YAxhTHul26gN03ih,1744466647630,429,Access limit reached,"{'error': 'Access limit reached', 'retry_after': '23 hours 28 minutes'}"
YAxhTHul26gN03ih,1744466647630,429,Access limit reached,"{'error': 'Access limit reached', 'retry_after': '23 hours 28 minutes'}"
YAxhTHul26gN03ih,1744466660630,429,Access limit reached,"{'error': 'Access limit reached', 'retry_after': '23 hours 28 minutes'}"
YAxhTHul26gN03ih,1744466660630,429,Access limit reached,"{'error': 'Access limit reached', 'retry_after': '23 hours 28 minutes'}"
YAxhTHul26gN03ih,1744466660630,429,Access limit reached,"{'error': 'Access limit reached', 'retry_after': '23 hours 28 minutes'}"
YAxhTHul26gN03ih,1744466660630,429,Access limit reached,"{'error': 'Access limit reached', 'retry_after': '23 hours 28 minutes'}"
YAxhTHul26gN03ih,1744466660630,429,Access limit reached,"{'error': 'Access limit reached', 'retry_after': '23 hours 28 minutes'}"
YAxhTHul26gN03ih,1744466687630,429,Access limit reached,"{'error': 'Access limit reached', 'retry_after': '23 hours 28 minutes'}"
YAxhTHul26gN03ih,1744466687630,429,Access limit reached,"{'error': 'Access limit reached', 'retry_after': '23 hours 28 minutes'}"
YAxhTHul26gN03ih,1744466687630,429,Access limit reached,"{'error': 'Access limit reached', 'retry_after': '23 hours 28 minutes'}"
YAxhTHul26gN03ih,1744466687630,429,Access limit reached,"{'error': 'Access limit reached', 'retry_after': '23 hours 28 minutes'}"
YAxhTHul26gN03ih,1744466687630,429,Access limit reached,"{'error': 'Access limit reached', 'retry_after': '23 hours 28 minutes'}"
YAxhTHul26gN03ih,1744466698630,429,Access limit reached,"{'error': 'Access limit reached', 'retry_after': '23 hours 28 minutes'}"
YAxhTHul26gN03ih,1744466698630,429,Access limit reached,"{'error': 'Access limit reached', 'retry_after': '23 hours 28 minutes'}"
YAxhTHul26gN03ih,1744466698630,429,Access limit reached,"{'error': 'Access limit reached', 'retry_after': '23 hours 28 minutes'}"
YAxhTHul26gN03ih,1744466698630,429,Access limit reached,"{'error': 'Access limit reached', 'retry_after': '23 hours 28 minutes'}"
YAxhTHul26gN03ih,1744466698630,429,Access limit reached,"{'error': 'Access limit reached', 'retry_after': '23 hours 28 minutes'}"
YAxhTHul26gN03ih,1744466721630,429,Access limit reached,"{'error': 'Access limit reached', 'retry_after': '23 hours 28 minutes'}"
YAxhTHul26gN03ih,1744466721630,429,Access limit reached,"{'error': 'Access limit reached', 'retry_after': '23 hours 28 minutes'}"
YAxhTHul26gN03ih,1744466721630,429,Access limit reached,"{'error': 'Access limit reached', 'retry_after': '23 hours 28 minutes'}"
YAxhTHul26gN03ih,1744466721630,429,Access limit reached,"{'error': 'Access limit reached', 'retry_after': '23 hours 28 minutes'}"
YAxhTHul26gN03ih,1744466721630,429,Access limit reached,"{'error': 'Access limit reached', 'retry_after': '23 hours 28 minutes'}"
WNIW6wOBUcvDOXyr,1744466726630,429,Access limit reached,"{'error': 'Access limit reached', 'retry_after': '0 hours 51 minutes'}"
WNIW6wOBUcvDOXyr,1744466726630,429,Access limit reached,"{'error': 'Access limit reached', 'retry_after': '0 hours 51 minutes'}"
WNIW6wOBUcvDOXyr,1744466726630,429,Access limit reached,"{'error': 'Access limit reached', 'retry_after': '0 hours 51 minutes'}"
WNIW6wOBUcvDOXyr,1744466726630,429,Access limit reached,"{'error': 'Access limit reached', 'retry_after': '0 hours 51 minutes'}"
WNIW6wOBUcvDOXyr,1744466726630,429,Access limit reached,"{'error': 'Access limit reached', 'retry_after': '0 hours 51 minutes'}"
WNIW6wOBUcvDOXyr,1744466748630,429,Access limit reached,"{'error': 'Access limit reached', 'retry_after': '0 hours 51 minutes'}"
WNIW6wOBUcvDOXyr,1744466748630,429,Access limit reached,"{'error': 'Access limit reached', 'retry_after': '0 hours 51 minutes'}"
WNIW6wOBUcvDOXyr,1744466748630,429,Access limit reached,"{'error': 'Access limit reached', 'retry_after': '0 hours 51 minutes'}"
WNIW6wOBUcvDOXyr,1744466748630,429,Access limit reached,"{'error': 'Access limit reached', 'retry_after': '0 hours 51 minutes'}"
WNIW6wOBUcvDOXyr,1744466748630,429,Access limit reached,"{'error': 'Access limit reached', 'retry_after': '0 hours 51 minutes'}"
WNIW6wOBUcvDOXyr,1744466763630,429,Access limit reached,"{'error': 'Access limit reached', 'retry_after': '0 hours 51 minutes'}"
WNIW6wOBUcvDOXyr,1744466763630,429,Access limit reached,"{'error': 'Access limit reached', 'retry_after': '0 hours 51 minutes'}"
WNIW6wOBUcvDOXyr,1744466763630,429,Access limit reached,"{'error': 'Access limit reached', 'retry_after': '0 hours 51 minutes'}"
WNIW6wOBUcvDOXyr,1744466763630,429,Access limit reached,"{'error': 'Access limit reached', 'retry_after': '0 hours 51 minutes'}"
WNIW6wOBUcvDOXyr,1744466763630,429,Access limit reached,"{'error': 'Access limit reached', 'retry_after': '0 hours 51 minutes'}"
WNIW6wOBUcvDOXyr,1744466779630,429,Access limit reached,"{'error': 'Access limit reached', 'retry_after': '0 hours 51 minutes'}"
WNIW6wOBUcvDOXyr,1744466779630,429,Access limit reached,"{'error': 'Access limit reached', 'retry_after': '0 hours 51 minutes'}"
WNIW6wOBUcvDOXyr,1744466779630,429,Access limit reached,"{'error': 'Access limit reached', 'retry_after': '0 hours 51 minutes'}"
WNIW6wOBUcvDOXyr,1744466779630,429,Access limit reached,"{'error': 'Access limit reached', 'retry_after': '0 hours 51 minutes'}"
WNIW6wOBUcvDOXyr,1744466779630,429,Access limit reached,"{'error': 'Access limit reached', 'retry_after': '0 hours 51 minutes'}"
WNIW6wOBUcvDOXyr,1744466786630,429,Access limit reached,"{'error': 'Access limit reached', 'retry_after': '0 hours 51 minutes'}"
WNIW6wOBUcvDOXyr,1744466786630,429,Access limit reached,"{'error': 'Access limit reached', 'retry_after': '0 hours 51 minutes'}"
WNIW6wOBUcvDOXyr,1744466786630,429,Access limit reached,"{'error': 'Access limit reached', 'retry_after': '0 hours 51 minutes'}"
WNIW6wOBUcvDOXyr,1744466786630,429,Access limit reached,"{'error': 'Access limit reached', 'retry_after': '0 hours 51 minutes'}"
WNIW6wOBUcvDOXyr,1744466786630,429,Access limit reached,"{'error': 'Access limit reached', 'retry_after': '0 hours 51 minutes'}"
WNIW6wOBUcvDOXyr,1744466809630,429,Access limit reached,"{'error': 'Access limit reached', 'retry_after': '0 hours 51 minutes'}"
WNIW6wOBUcvDOXyr,1744466809630,429,Access limit reached,"{'error': 'Access limit reached', 'retry_after': '0 hours 51 minutes'}"
WNIW6wOBUcvDOXyr,1744466809630,429,Access limit reached,"{'error': 'Access limit reached', 'retry_after': '0 hours 51 minutes'}"
WNIW6wOBUcvDOXyr,1744466809630,429,Access limit reached,"{'error': 'Access limit reached', 'retry_after': '0 hours 51 minutes'}"
WNIW6wOBUcvDOXyr,1744466809630,429,Access limit reached,"{'error': 'Access limit reached', 'retry_after': '0 hours 51 minutes'}"
WNIW6wOBUcvDOXyr,1744466823630,429,Access limit reached,"{'error': 'Access limit reached', 'retry_after': '0 hours 51 minutes'}"
WNIW6wOBUcvDOXyr,1744466823630,429,Access limit reached,"{'error': 'Access limit reached', 'retry_after': '0 hours 51 minutes'}"
WNIW6wOBUcvDOXyr,1744466823630,429,Access limit reached,"{'error': 'Access limit reached', 'retry_after': '0 hours 51 minutes'}"
WNIW6wOBUcvDOXyr,1744466823630,429,Access limit reached,"{'error': 'Access limit reached', 'retry_after': '0 hours 51 minutes'}"
WNIW6wOBUcvDOXyr,1744466823630,429,Access limit reached,"{'error': 'Access limit reached', 'retry_after': '0 hours 51 minutes'}"
WNIW6wOBUcvDOXyr,1744466847630,429,Access limit reached,"{'error': 'Access limit reached', 'retry_after': '0 hours 51 minutes'}"
WNIW6wOBUcvDOXyr,1744466847630,429,Access limit reached,"{'error': 'Access limit reached', 'retry_after': '0 hours 51 minutes'}"
WNIW6wOBUcvDOXyr,1744466847630,429,Access limit reached,"{'error': 'Access limit reached', 'retry_after': '0 hours 51 minutes'}"
WNIW6wOBUcvDOXyr,1744466847630,429,Access limit reached,"{'error': 'Access limit reached', 'retry_after': '0 hours 51 minutes'}"
WNIW6wOBUcvDOXyr,1744466847630,429,Access limit reached,"{'error': 'Access limit reached', 'retry_after': '0 hours 51 minutes'}"
WNIW6wOBUcvDOXyr,1744466858630,429,Access limit reached,"{'error': 'Access limit reached', 'retry_after': '0 hours 51 minutes'}"
WNIW6wOBUcvDOXyr,1744466858630,429,Access limit reached,"{'error': 'Access limit reached', 'retry_after': '0 hours 51 minutes'}"
WNIW6wOBUcvDOXyr,1744466858630,429,Access limit reached,"{'error': 'Access limit reached', 'retry_after': '0 hours 51 minutes'}"
WNIW6wOBUcvDOXyr,1744466858630,429,Access limit reached,"{'error': 'Access limit reached', 'retry_after': '0 hours 51 minutes'}"
WNIW6wOBUcvDOXyr,1744466858630,429,Access limit reached,"{'error': 'Access limit reached', 'retry_after': '0 hours 51 minutes'}"
WNIW6wOBUcvDOXyr,1744466871630,429,Access limit reached,"{'error': 'Access limit reached', 'retry_after': '0 hours 51 minutes'}"
WNIW6wOBUcvDOXyr,1744466871630,429,Access limit reached,"{'error': 'Access limit reached', 'retry_after': '0 hours 51 minutes'}"
WNIW6wOBUcvDOXyr,1744466871630,429,Access limit reached,"{'error': 'Access limit reached', 'retry_after': '0 hours 51 minutes'}"
WNIW6wOBUcvDOXyr,1744466871630,429,Access limit reached,"{'error': 'Access limit reached', 'retry_after': '0 hours 51 minutes'}"
WNIW6wOBUcvDOXyr,1744466871630,429,Access limit reached,"{'error': 'Access limit reached', 'retry_after': '0 hours 51 minutes'}"
WNIW6wOBUcvDOXyr,1744466896630,429,Access limit reached,"{'error': 'Access limit reached', 'retry_after': '0 hours 51 minutes'}"
WNIW6wOBUcvDOXyr,1744466896630,429,Access limit reached,"{'error': 'Access limit reached', 'retry_after': '0 hours 51 minutes'}"
WNIW6wOBUcvDOXyr,1744466896630,429,Access limit reached,"{'error': 'Access limit reached', 'retry_after': '0 hours 51 minutes'}"
WNIW6wOBUcvDOXyr,1744466896630,429,Access limit reached,"{'error': 'Access limit reached', 'retry_after': '0 hours 51 minutes'}"
WNIW6wOBUcvDOXyr,1744466896630,429,Access limit reached,"{'error': 'Access limit reached', 'retry_after': '0 hours 51 minutes'}"
WNIW6wOBUcvDOXyr,1744466907630,429,Access limit reached,"{'error': 'Access limit reached', 'retry_after': '0 hours 51 minutes'}"
WNIW6wOBUcvDOXyr,1744466907630,429,Access limit reached,"{'error': 'Access limit reached', 'retry_after': '0 hours 51 minutes'}"
WNIW6wOBUcvDOXyr,1744466907630,429,Access limit reached,"{'error': 'Access limit reached', 'retry_after': '0 hours 51 minutes'}"
WNIW6wOBUcvDOXyr,1744466907630,429,Access limit reached,"{'error': 'Access limit reached', 'retry_after': '0 hours 51 minutes'}"
WNIW6wOBUcvDOXyr,1744466907630,429,Access limit reached,"{'error': 'Access limit reached', 'retry_after': '0 hours 51 minutes'}"
WNIW6wOBUcvDOXyr,1744466914630,429,Access limit reached,"{'error': 'Access limit reached', 'retry_after': '0 hours 51 minutes'}"
WNIW6wOBUcvDOXyr,1744466914630,429,Access limit reached,"{'error': 'Access limit reached', 'retry_after': '0 hours 51 minutes'}"
WNIW6wOBUcvDOXyr,1744466914630,429,Access limit reached,"{'error': 'Access limit reached', 'retry_after': '0 hours 51 minutes'}"
WNIW6wOBUcvDOXyr,1744466914630,429,Access limit reached,"{'error': 'Access limit reached', 'retry_after': '0 hours 51 minutes'}"
WNIW6wOBUcvDOXyr,1744466914630,429,Access limit reached,"{'error': 'Access limit reached', 'retry_after': '0 hours 51 minutes'}"
WNIW6wOBUcvDOXyr,1744466943630,429,Access limit reached,"{'error': 'Access limit reached', 'retry_after': '0 hours 51 minutes'}"
WNIW6wOBUcvDOXyr,1744466943630,429,Access limit reached,"{'error': 'Access limit reached', 'retry_after': '0 hours 51 minutes'}"
WNIW6wOBUcvDOXyr,1744466943630,429,Access limit reached,"{'error': 'Access limit reached', 'retry_after': '0 hours 51 minutes'}"
WNIW6wOBUcvDOXyr,1744466943630,429,Access limit reached,"{'error': 'Access limit reached', 'retry_after': '0 hours 51 minutes'}"
WNIW6wOBUcvDOXyr,1744466943630,429,Access limit reached,"{'error': 'Access limit reached', 'retry_after': '0 hours 51 minutes'}"
WNIW6wOBUcvDOXyr,1744466951630,429,Access limit reached,"{'error': 'Access limit reached', 'retry_after': '0 hours 51 minutes'}"
WNIW6wOBUcvDOXyr,1744466951630,429,Access limit reached,"{'error': 'Access limit reached', 'retry_after': '0 hours 51 minutes'}"
WNIW6wOBUcvDOXyr,1744466951630,429,Access limit reached,"{'error': 'Access limit reached', 'retry_after': '0 hours 51 minutes'}"
WNIW6wOBUcvDOXyr,1744466951630,429,Access limit reached,"{'error': 'Access limit reached', 'retry_after': '0 hours 51 minutes'}"
WNIW6wOBUcvDOXyr,1744466951630,429,Access limit reached,"{'error': 'Access limit reached', 'retry_after': '0 hours 51 minutes'}"
WNIW6wOBUcvDOXyr,1744466963630,429,Access limit reached,"{'error': 'Access limit reached', 'retry_after': '0 hours 51 minutes'}"
WNIW6wOBUcvDOXyr,1744466963630,429,Access limit reached,"{'error': 'Access limit reached', 'retry_after': '0 hours 51 minutes'}"
WNIW6wOBUcvDOXyr,1744466963630,429,Access limit reached,"{'error': 'Access limit reached', 'retry_after': '0 hours 51 minutes'}"
WNIW6wOBUcvDOXyr,1744466963630,429,Access limit reached,"{'error': 'Access limit reached', 'retry_after': '0 hours 51 minutes'}"
WNIW6wOBUcvDOXyr,1744466963630,429,Access limit reached,"{'error': 'Access limit reached', 'retry_after': '0 hours 51 minutes'}"
WNIW6wOBUcvDOXyr,1744466984630,429,Access limit reached,"{'error': 'Access limit reached', 'retry_after': '0 hours 51 minutes'}"
WNIW6wOBUcvDOXyr,1744466984630,429,Access limit reached,"{'error': 'Access limit reached', 'retry_after': '0 hours 51 minutes'}"
WNIW6wOBUcvDOXyr,1744466984630,429,Access limit reached,"{'error': 'Access limit reached', 'retry_after': '0 hours 51 minutes'}"
WNIW6wOBUcvDOXyr,1744466984630,429,Access limit reached,"{'error': 'Access limit reached', 'retry_after': '0 hours 51 minutes'}"
WNIW6wOBUcvDOXyr,1744466984630,429,Access limit reached,"{'error': 'Access limit reached', 'retry_after': '0 hours 51 minutes'}"
WNIW6wOBUcvDOXyr,1744467002630,429,Access limit reached,"{'error': 'Access limit reached', 'retry_after': '0 hours 51 minutes'}"
WNIW6wOBUcvDOXyr,1744467002630,429,Access limit reached,"{'error': 'Access limit reached', 'retry_after': '0 hours 51 minutes'}"
WNIW6wOBUcvDOXyr,1744467002630,429,Access limit reached,"{'error': 'Access limit reached', 'retry_after': '0 hours 51 minutes'}"
WNIW6wOBUcvDOXyr,1744467002630,429,Access limit reached,"{'error': 'Access limit reached', 'retry_after': '0 hours 51 minutes'}"
WNIW6wOBUcvDOXyr,1744467002630,429,Access limit reached,"{'error': 'Access limit reached', 'retry_after': '0 hours 51 minutes'}"
WNIW6wOBUcvDOXyr,1744467032630,429,Access limit reached,"{'error': 'Access limit reached', 'retry_after': '0 hours 51 minutes'}"
WNIW6wOBUcvDOXyr,1744467032630,429,Access limit reached,"{'error': 'Access limit reached', 'retry_after': '0 hours 51 minutes'}"
WNIW6wOBUcvDOXyr,1744467032630,429,Access limit reached,"{'error': 'Access limit reached', 'retry_after': '0 hours 51 minutes'}"
WNIW6wOBUcvDOXyr,1744467032630,429,Access limit reached,"{'error': 'Access limit reached', 'retry_after': '0 hours 51 minutes'}"
WNIW6wOBUcvDOXyr,1744467032630,429,Access limit reached,"{'error': 'Access limit reached', 'retry_after': '0 hours 51 minutes'}"
WNIW6wOBUcvDOXyr,1744467040630,429,Access limit reached,"{'error': 'Access limit reached', 'retry_after': '0 hours 51 minutes'}"
WNIW6wOBUcvDOXyr,1744467040630,429,Access limit reached,"{'error': 'Access limit reached', 'retry_after': '0 hours 51 minutes'}"
WNIW6wOBUcvDOXyr,1744467040630,429,Access limit reached,"{'error': 'Access limit reached', 'retry_after': '0 hours 51 minutes'}"
WNIW6wOBUcvDOXyr,1744467040630,429,Access limit reached,"{'error': 'Access limit reached', 'retry_after': '0 hours 51 minutes'}"
WNIW6wOBUcvDOXyr,1744467040630,429,Access limit reached,"{'error': 'Access limit reached', 'retry_after': '0 hours 51 minutes'}"
WNIW6wOBUcvDOXyr,1744467063630,429,Access limit reached,"{'error': 'Access limit reached', 'retry_after': '0 hours 51 minutes'}"
WNIW6wOBUcvDOXyr,1744467063630,429,Access limit reached,"{'error': 'Access limit reached', 'retry_after': '0 hours 51 minutes'}"
WNIW6wOBUcvDOXyr,1744467063630,429,Access limit reached,"{'error': 'Access limit reached', 'retry_after': '0 hours 51 minutes'}"
WNIW6wOBUcvDOXyr,1744467063630,429,Access limit reached,"{'error': 'Access limit reached', 'retry_after': '0 hours 51 minutes'}"
WNIW6wOBUcvDOXyr,1744467063630,429,Access limit reached,"{'error': 'Access limit reached', 'retry_after': '0 hours 51 minutes'}"
WNIW6wOBUcvDOXyr,1744467089630,429,Access limit reached,"{'error': 'Access limit reached', 'retry_after': '0 hours 51 minutes'}"
WNIW6wOBUcvDOXyr,1744467089630,429,Access limit reached,"{'error': 'Access limit reached', 'retry_after': '0 hours 51 minutes'}"
WNIW6wOBUcvDOXyr,1744467089630,429,Access limit reached,"{'error': 'Access limit reached', 'retry_after': '0 hours 51 minutes'}"
WNIW6wOBUcvDOXyr,1744467089630,429,Access limit reached,"{'error': 'Access limit reached', 'retry_after': '0 hours 51 minutes'}"
WNIW6wOBUcvDOXyr,1744467089630,429,Access limit reached,"{'error': 'Access limit reached', 'retry_after': '0 hours 51 minutes'}"
WNIW6wOBUcvDOXyr,1744467115630,429,Access limit reached,"{'error': 'Access limit reached', 'retry_after': '0 hours 51 minutes'}"
WNIW6wOBUcvDOXyr,1744467115630,429,Access limit reached,"{'error': 'Access limit reached', 'retry_after': '0 hours 51 minutes'}"
WNIW6wOBUcvDOXyr,1744467115630,429,Access limit reached,"{'error': 'Access limit reached', 'retry_after': '0 hours 51 minutes'}"
WNIW6wOBUcvDOXyr,1744467115630,429,Access limit reached,"{'error': 'Access limit reached', 'retry_after': '0 hours 51 minutes'}"
WNIW6wOBUcvDOXyr,1744467115630,429,Access limit reached,"{'error': 'Access limit reached', 'retry_after': '0 hours 51 minutes'}"
WNIW6wOBUcvDOXyr,1744467140630,429,Access limit reached,"{'error': 'Access limit reached', 'retry_after': '0 hours 51 minutes'}"
WNIW6wOBUcvDOXyr,1744467140630,429,Access limit reached,"{'error': 'Access limit reached', 'retry_after': '0 hours 51 minutes'}"
WNIW6wOBUcvDOXyr,1744467140630,429,Access limit reached,"{'error': 'Access limit reached', 'retry_after': '0 hours 51 minutes'}"
WNIW6wOBUcvDOXyr,1744467140630,429,Access limit reached,"{'error': 'Access limit reached', 'retry_after': '0 hours 51 minutes'}"
WNIW6wOBUcvDOXyr,1744467140630,429,Access limit reached,"{'error': 'Access limit reached', 'retry_after': '0 hours 51 minutes'}"
WNIW6wOBUcvDOXyr,1744467146630,429,Access limit reached,"{'error': 'Access limit reached', 'retry_after': '0 hours 51 minutes'}"
WNIW6wOBUcvDOXyr,1744467146630,429,Access limit reached,"{'error': 'Access limit reached', 'retry_after': '0 hours 51 minutes'}"
WNIW6wOBUcvDOXyr,1744467146630,429,Access limit reached,"{'error': 'Access limit reached', 'retry_after': '0 hours 51 minutes'}"
WNIW6wOBUcvDOXyr,1744467146630,429,Access limit reached,"{'error': 'Access limit reached', 'retry_after': '0 hours 51 minutes'}"
WNIW6wOBUcvDOXyr,1744467146630,429,Access limit reached,"{'error': 'Access limit reached', 'retry_after': '0 hours 51 minutes'}"
WNIW6wOBUcvDOXyr,1744467159630,429,Access limit reached,"{'error': 'Access limit reached', 'retry_after': '0 hours 51 minutes'}"
WNIW6wOBUcvDOXyr,1744467159630,429,Access limit reached,"{'error': 'Access limit reached', 'retry_after': '0 hours 51 minutes'}"
WNIW6wOBUcvDOXyr,1744467159630,429,Access limit reached,"{'error': 'Access limit reached', 'retry_after': '0 hours 51 minutes'}"
WNIW6wOBUcvDOXyr,1744467159630,429,Access limit reached,"{'error': 'Access limit reached', 'retry_after': '0 hours 51 minutes'}"
WNIW6wOBUcvDOXyr,1744467159630,429,Access limit reached,"{'error': 'Access limit reached', 'retry_after': '0 hours 51 minutes'}"
WNIW6wOBUcvDOXyr,1744467178630,429,Access limit reached,"{'error': 'Access limit reached', 'retry_after': '0 hours 51 minutes'}"
WNIW6wOBUcvDOXyr,1744467178630,429,Access limit reached,"{'error': 'Access limit reached', 'retry_after': '0 hours 51 minutes'}"
WNIW6wOBUcvDOXyr,1744467178630,429,Access limit reached,"{'error': 'Access limit reached', 'retry_after': '0 hours 51 minutes'}"
WNIW6wOBUcvDOXyr,1744467178630,429,Access limit reached,"{'error': 'Access limit reached', 'retry_after': '0 hours 51 minutes'}"
WNIW6wOBUcvDOXyr,1744467178630,429,Access limit reached,"{'error': 'Access limit reached', 'retry_after': '0 hours 51 minutes'}"
WNIW6wOBUcvDOXyr,1744467192630,429,Access limit reached,"{'error': 'Access limit reached', 'retry_after': '0 hours 51 minutes'}"
WNIW6wOBUcvDOXyr,1744467192630,429,Access limit reached,"{'error': 'Access limit reached', 'retry_after': '0 hours 51 minutes'}"
WNIW6wOBUcvDOXyr,1744467192630,429,Access limit reached,"{'error': 'Access limit reached', 'retry_after': '0 hours 51 minutes'}"
WNIW6wOBUcvDOXyr,1744467192630,429,Access limit reached,"{'error': 'Access limit reached', 'retry_after': '0 hours 51 minutes'}"
WNIW6wOBUcvDOXyr,1744467192630,429,Access limit reached,"{'error': 'Access limit reached', 'retry_after': '0 hours 51 minutes'}"
WNIW6wOBUcvDOXyr,1744467219630,429,Access limit reached,"{'error': 'Access limit reached', 'retry_after': '0 hours 51 minutes'}"
WNIW6wOBUcvDOXyr,1744467219630,429,Access limit reached,"{'error': 'Access limit reached', 'retry_after': '0 hours 51 minutes'}"
WNIW6wOBUcvDOXyr,1744467219630,429,Access limit reached,"{'error': 'Access limit reached', 'retry_after': '0 hours 51 minutes'}"
WNIW6wOBUcvDOXyr,1744467219630,429,Access limit reached,"{'error': 'Access limit reached', 'retry_after': '0 hours 51 minutes'}"
WNIW6wOBUcvDOXyr,1744467219630,429,Access limit reached,"{'error': 'Access limit reached', 'retry_after': '0 hours 51 minutes'}"
WNIW6wOBUcvDOXyr,1744467227630,429,Access limit reached,"{'error': 'Access limit reached', 'retry_after': '0 hours 51 minutes'}"
WNIW6wOBUcvDOXyr,1744467227630,429,Access limit reached,"{'error': 'Access limit reached', 'retry_after': '0 hours 51 minutes'}"
WNIW6wOBUcvDOXyr,1744467227630,429,Access limit reached,"{'error': 'Access limit reached', 'retry_after': '0 hours 51 minutes'}"
WNIW6wOBUcvDOXyr,1744467227630,429,Access limit reached,"{'error': 'Access limit reached', 'retry_after': '0 hours 51 minutes'}"
WNIW6wOBUcvDOXyr,1744467227630,429,Access limit reached,"{'error': 'Access limit reached', 'retry_after': '0 hours 51 minutes'}"
WNIW6wOBUcvDOXyr,1744467242630,429,Access limit reached,"{'error': 'Access limit reached', 'retry_after': '0 hours 51 minutes'}"
WNIW6wOBUcvDOXyr,1744467242630,429,Access limit reached,"{'error': 'Access limit reached', 'retry_after': '0 hours 51 minutes'}"
WNIW6wOBUcvDOXyr,1744467242630,429,Access limit reached,"{'error': 'Access limit reached', 'retry_after': '0 hours 51 minutes'}"
WNIW6wOBUcvDOXyr,1744467242630,429,Access limit reached,"{'error': 'Access limit reached', 'retry_after': '0 hours 51 minutes'}"
WNIW6wOBUcvDOXyr,1744467242630,429,Access limit reached,"{'error': 'Access limit reached', 'retry_after': '0 hours 51 minutes'}"
WNIW6wOBUcvDOXyr,1744467262630,429,Access limit reached,"{'error': 'Access limit reached', 'retry_after': '0 hours 51 minutes'}"
WNIW6wOBUcvDOXyr,1744467262630,429,Access limit reached,"{'error': 'Access limit reached', 'retry_after': '0 hours 51 minutes'}"
WNIW6wOBUcvDOXyr,1744467262630,429,Access limit reached,"{'error': 'Access limit reached', 'retry_after': '0 hours 51 minutes'}"
WNIW6wOBUcvDOXyr,1744467262630,429,Access limit reached,"{'error': 'Access limit reached', 'retry_after': '0 hours 51 minutes'}"
WNIW6wOBUcvDOXyr,1744467262630,429,Access limit reached,"{'error': 'Access limit reached', 'retry_after': '0 hours 51 minutes'}"
WNIW6wOBUcvDOXyr,1744467273630,429,Access limit reached,"{'error': 'Access limit reached', 'retry_after': '0 hours 51 minutes'}"
WNIW6wOBUcvDOXyr,1744467273630,429,Access limit reached,"{'error': 'Access limit reached', 'retry_after': '0 hours 51 minutes'}"
WNIW6wOBUcvDOXyr,1744467273630,429,Access limit reached,"{'error': 'Access limit reached', 'retry_after': '0 hours 51 minutes'}"
WNIW6wOBUcvDOXyr,1744467273630,429,Access limit reached,"{'error': 'Access limit reached', 'retry_after': '0 hours 51 minutes'}"
WNIW6wOBUcvDOXyr,1744467273630,429,Access limit reached,"{'error': 'Access limit reached', 'retry_after': '0 hours 51 minutes'}"
YAxhTHul26gN03ih,1744467280630,429,Access limit reached,"{'error': 'Access limit reached', 'retry_after': '23 hours 28 minutes'}"
YAxhTHul26gN03ih,1744467280630,429,Access limit reached,"{'error': 'Access limit reached', 'retry_after': '23 hours 28 minutes'}"
YAxhTHul26gN03ih,1744467280630,429,Access limit reached,"{'error': 'Access limit reached', 'retry_after': '23 hours 28 minutes'}"
YAxhTHul26gN03ih,1744467280630,429,Access limit reached,"{'error': 'Access limit reached', 'retry_after': '23 hours 28 minutes'}"
YAxhTHul26gN03ih,1744467280630,429,Access limit reached,"{'error': 'Access limit reached', 'retry_after': '23 hours 28 minutes'}"
YAxhTHul26gN03ih,1744467294630,429,Access limit reached,"{'error': 'Access limit reached', 'retry_after': '23 hours 28 minutes'}"
YAxhTHul26gN03ih,1744467294630,429,Access limit reached,"{'error': 'Access limit reached', 'retry_after': '23 hours 28 minutes'}"
YAxhTHul26gN03ih,1744467294630,429,Access limit reached,"{'error': 'Access limit reached', 'retry_after': '23 hours 28 minutes'}"
YAxhTHul26gN03ih,1744467294630,429,Access limit reached,"{'error': 'Access limit reached', 'retry_after': '23 hours 28 minutes'}"
YAxhTHul26gN03ih,1744467294630,429,Access limit reached,"{'error': 'Access limit reached', 'retry_after': '23 hours 28 minutes'}"
YAxhTHul26gN03ih,1744467316630,429,Access limit reached,"{'error': 'Access limit reached', 'retry_after': '23 hours 28 minutes'}"
YAxhTHul26gN03ih,1744467316630,429,Access limit reached,"{'error': 'Access limit reached', 'retry_after': '23 hours 28 minutes'}"
YAxhTHul26gN03ih,1744467316630,429,Access limit reached,"{'error': 'Access limit reached', 'retry_after': '23 hours 28 minutes'}"
YAxhTHul26gN03ih,1744467316630,429,Access limit reached,"{'error': 'Access limit reached', 'retry_after': '23 hours 28 minutes'}"
YAxhTHul26gN03ih,1744467316630,429,Access limit reached,"{'error': 'Access limit reached', 'retry_after': '23 hours 28 minutes'}"
YAxhTHul26gN03ih,1744467324630,429,Access limit reached,"{'error': 'Access limit reached', 'retry_after': '23 hours 28 minutes'}"
YAxhTHul26gN03ih,1744467324630,429,Access limit reached,"{'error': 'Access limit reached', 'retry_after': '23 hours 28 minutes'}"
YAxhTHul26gN03ih,1744467324630,429,Access limit reached,"{'error': 'Access limit reached', 'retry_after': '23 hours 28 minutes'}"
YAxhTHul26gN03ih,1744467324630,429,Access limit reached,"{'error': 'Access limit reached', 'retry_after': '23 hours 28 minutes'}"
YAxhTHul26gN03ih,1744467324630,429,Access limit reached,"{'error': 'Access limit reached', 'retry_after': '23 hours 28 minutes'}"
YAxhTHul26gN03ih,1744467336630,429,Access limit reached,"{'error': 'Access limit reached', 'retry_after': '23 hours 28 minutes'}"
YAxhTHul26gN03ih,1744467336630,429,Access limit reached,"{'error': 'Access limit reached', 'retry_after': '23 hours 28 minutes'}"
YAxhTHul26gN03ih,1744467336630,429,Access limit reached,"{'error': 'Access limit reached', 'retry_after': '23 hours 28 minutes'}"
YAxhTHul26gN03ih,1744467336630,429,Access limit reached,"{'error': 'Access limit reached', 'retry_after': '23 hours 28 minutes'}"
YAxhTHul26gN03ih,1744467336630,429,Access limit reached,"{'error': 'Access limit reached', 'retry_after': '23 hours 28 minutes'}"
YAxhTHul26gN03ih,1744467366630,429,Access limit reached,"{'error': 'Access limit reached', 'retry_after': '23 hours 28 minutes'}"
YAxhTHul26gN03ih,1744467366630,429,Access limit reached,"{'error': 'Access limit reached', 'retry_after': '23 hours 28 minutes'}"
YAxhTHul26gN03ih,1744467366630,429,Access limit reached,"{'error': 'Access limit reached', 'retry_after': '23 hours 28 minutes'}"
YAxhTHul26gN03ih,1744467366630,429,Access limit reached,"{'error': 'Access limit reached', 'retry_after': '23 hours 28 minutes'}"
YAxhTHul26gN03ih,1744467366630,429,Access limit reached,"{'error': 'Access limit reached', 'retry_after': '23 hours 28 minutes'}"
YAxhTHul26gN03ih,1744467381630,429,Access limit reached,"{'error': 'Access limit reached', 'retry_after': '23 hours 28 minutes'}"
YAxhTHul26gN03ih,1744467381630,429,Access limit reached,"{'error': 'Access limit reached', 'retry_after': '23 hours 28 minutes'}"
YAxhTHul26gN03ih,1744467381630,429,Access limit reached,"{'error': 'Access limit reached', 'retry_after': '23 hours 28 minutes'}"
YAxhTHul26gN03ih,1744467381630,429,Access limit reached,"{'error': 'Access limit reached', 'retry_after': '23 hours 28 minutes'}"
YAxhTHul26gN03ih,1744467381630,429,Access limit reached,"{'error': 'Access limit reached', 'retry_after': '23 hours 28 minutes'}"
YAxhTHul26gN03ih,1744467410630,429,Access limit reached,"{'error': 'Access limit reached', 'retry_after': '23 hours 28 minutes'}"
YAxhTHul26gN03ih,1744467410630,429,Access limit reached,"{'error': 'Access limit reached', 'retry_after': '23 hours 28 minutes'}"
YAxhTHul26gN03ih,1744467410630,429,Access limit reached,"{'error': 'Access limit reached', 'retry_after': '23 hours 28 minutes'}"
YAxhTHul26gN03ih,1744467410630,429,Access limit reached,"{'error': 'Access limit reached', 'retry_after': '23 hours 28 minutes'}"
YAxhTHul26gN03ih,1744467410630,429,Access limit reached,"{'error': 'Access limit reached', 'retry_after': '23 hours 28 minutes'}"
YAxhTHul26gN03ih,1744467422630,429,Access limit reached,"{'error': 'Access limit reached', 'retry_after': '23 hours 28 minutes'}"
YAxhTHul26gN03ih,1744467422630,429,Access limit reached,"{'error': 'Access limit reached', 'retry_after': '23 hours 28 minutes'}"
YAxhTHul26gN03ih,1744467422630,429,Access limit reached,"{'error': 'Access limit reached', 'retry_after': '23 hours 28 minutes'}"
YAxhTHul26gN03ih,1744467422630,429,Access limit reached,"{'error': 'Access limit reached', 'retry_after': '23 hours 28 minutes'}"
YAxhTHul26gN03ih,1744467422630,429,Access limit reached,"{'error': 'Access limit reached', 'retry_after': '23 hours 28 minutes'}"
YAxhTHul26gN03ih,1744467427630,429,Access limit reached,"{'error': 'Access limit reached', 'retry_after': '23 hours 28 minutes'}"
YAxhTHul26gN03ih,1744467427630,429,Access limit reached,"{'error': 'Access limit reached', 'retry_after': '23 hours 28 minutes'}"
YAxhTHul26gN03ih,1744467427630,429,Access limit reached,"{'error': 'Access limit reached', 'retry_after': '23 hours 28 minutes'}"
YAxhTHul26gN03ih,1744467427630,429,Access limit reached,"{'error': 'Access limit reached', 'retry_after': '23 hours 28 minutes'}"
YAxhTHul26gN03ih,1744467427630,429,Access limit reached,"{'error': 'Access limit reached', 'retry_after': '23 hours 28 minutes'}"
YAxhTHul26gN03ih,1744467436630,429,Access limit reached,"{'error': 'Access limit reached', 'retry_after': '23 hours 28 minutes'}"
YAxhTHul26gN03ih,1744467436630,429,Access limit reached,"{'error': 'Access limit reached', 'retry_after': '23 hours 28 minutes'}"
YAxhTHul26gN03ih,1744467436630,429,Access limit reached,"{'error': 'Access limit reached', 'retry_after': '23 hours 28 minutes'}"
YAxhTHul26gN03ih,1744467436630,429,Access limit reached,"{'error': 'Access limit reached', 'retry_after': '23 hours 28 minutes'}"
YAxhTHul26gN03ih,1744467436630,429,Access limit reached,"{'error': 'Access limit reached', 'retry_after': '23 hours 28 minutes'}"
YAxhTHul26gN03ih,1744467446630,429,Access limit reached,"{'error': 'Access limit reached', 'retry_after': '23 hours 28 minutes'}"
YAxhTHul26gN03ih,1744467446630,429,Access limit reached,"{'error': 'Access limit reached', 'retry_after': '23 hours 28 minutes'}"
YAxhTHul26gN03ih,1744467446630,429,Access limit reached,"{'error': 'Access limit reached', 'retry_after': '23 hours 28 minutes'}"
YAxhTHul26gN03ih,1744467446630,429,Access limit reached,"{'error': 'Access limit reached', 'retry_after': '23 hours 28 minutes'}"
YAxhTHul26gN03ih,1744467446630,429,Access limit reached,"{'error': 'Access limit reached', 'retry_after': '23 hours 28 minutes'}"
YAxhTHul26gN03ih,1744467475630,429,Access limit reached,"{'error': 'Access limit reached', 'retry_after': '23 hours 28 minutes'}"
YAxhTHul26gN03ih,1744467475630,429,Access limit reached,"{'error': 'Access limit reached', 'retry_after': '23 hours 28 minutes'}"
YAxhTHul26gN03ih,1744467475630,429,Access limit reached,"{'error': 'Access limit reached', 'retry_after': '23 hours 28 minutes'}"
YAxhTHul26gN03ih,1744467475630,429,Access limit reached,"{'error': 'Access limit reached', 'retry_after': '23 hours 28 minutes'}"
YAxhTHul26gN03ih,1744467475630,429,Access limit reached,"{'error': 'Access limit reached', 'retry_after': '23 hours 28 minutes'}"
YAxhTHul26gN03ih,1744467502630,429,Access limit reached,"{'error': 'Access limit reached', 'retry_after': '23 hours 28 minutes'}"
YAxhTHul26gN03ih,1744467502630,429,Access limit reached,"{'error': 'Access limit reached', 'retry_after': '23 hours 28 minutes'}"
YAxhTHul26gN03ih,1744467502630,429,Access limit reached,"{'error': 'Access limit reached', 'retry_after': '23 hours 28 minutes'}"
YAxhTHul26gN03ih,1744467502630,429,Access limit reached,"{'error': 'Access limit reached', 'retry_after': '23 hours 28 minutes'}"
YAxhTHul26gN03ih,1744467502630,429,Access limit reached,"{'error': 'Access limit reached', 'retry_after': '23 hours 28 minutes'}"
YAxhTHul26gN03ih,1744467514630,429,Access limit reached,"{'error': 'Access limit reached', 'retry_after': '23 hours 28 minutes'}"
YAxhTHul26gN03ih,1744467514630,429,Access limit reached,"{'error': 'Access limit reached', 'retry_after': '23 hours 28 minutes'}"
YAxhTHul26gN03ih,1744467514630,429,Access limit reached,"{'error': 'Access limit reached', 'retry_after': '23 hours 28 minutes'}"
YAxhTHul26gN03ih,1744467514630,429,Access limit reached,"{'error': 'Access limit reached', 'retry_after': '23 hours 28 minutes'}"
YAxhTHul26gN03ih,1744467514630,429,Access limit reached,"{'error': 'Access limit reached', 'retry_after': '23 hours 28 minutes'}"
YAxhTHul26gN03ih,1744467519630,429,Access limit reached,"{'error': 'Access limit reached', 'retry_after': '23 hours 28 minutes'}"
YAxhTHul26gN03ih,1744467519630,429,Access limit reached,"{'error': 'Access limit reached', 'retry_after': '23 hours 28 minutes'}"
YAxhTHul26gN03ih,1744467519630,429,Access limit reached,"{'error': 'Access limit reached', 'retry_after': '23 hours 28 minutes'}"
YAxhTHul26gN03ih,1744467519630,429,Access limit reached,"{'error': 'Access limit reached', 'retry_after': '23 hours 28 minutes'}"
YAxhTHul26gN03ih,1744467519630,429,Access limit reached,"{'error': 'Access limit reached', 'retry_after': '23 hours 28 minutes'}"
YAxhTHul26gN03ih,1744467534630,429,Access limit reached,"{'error': 'Access limit reached', 'retry_after': '23 hours 28 minutes'}"
YAxhTHul26gN03ih,1744467534630,429,Access limit reached,"{'error': 'Access limit reached', 'retry_after': '23 hours 28 minutes'}"
YAxhTHul26gN03ih,1744467534630,429,Access limit reached,"{'error': 'Access limit reached', 'retry_after': '23 hours 28 minutes'}"
YAxhTHul26gN03ih,1744467534630,429,Access limit reached,"{'error': 'Access limit reached', 'retry_after': '23 hours 28 minutes'}"
YAxhTHul26gN03ih,1744467534630,429,Access limit reached,"{'error': 'Access limit reached', 'retry_after': '23 hours 28 minutes'}"
YAxhTHul26gN03ih,1744467556630,429,Access limit reached,"{'error': 'Access limit reached', 'retry_after': '23 hours 28 minutes'}"
YAxhTHul26gN03ih,1744467556630,429,Access limit reached,"{'error': 'Access limit reached', 'retry_after': '23 hours 28 minutes'}"
YAxhTHul26gN03ih,1744467556630,429,Access limit reached,"{'error': 'Access limit reached', 'retry_after': '23 hours 28 minutes'}"
YAxhTHul26gN03ih,1744467556630,429,Access limit reached,"{'error': 'Access limit reached', 'retry_after': '23 hours 28 minutes'}"
YAxhTHul26gN03ih,1744467556630,429,Access limit reached,"{'error': 'Access limit reached', 'retry_after': '23 hours 28 minutes'}"
YAxhTHul26gN03ih,1744467578630,429,Access limit reached,"{'error': 'Access limit reached', 'retry_after': '23 hours 28 minutes'}"
YAxhTHul26gN03ih,1744467578630,429,Access limit reached,"{'error': 'Access limit reached', 'retry_after': '23 hours 28 minutes'}"
YAxhTHul26gN03ih,1744467578630,429,Access limit reached,"{'error': 'Access limit reached', 'retry_after': '23 hours 28 minutes'}"
YAxhTHul26gN03ih,1744467578630,429,Access limit reached,"{'error': 'Access limit reached', 'retry_after': '23 hours 28 minutes'}"
YAxhTHul26gN03ih,1744467578630,429,Access limit reached,"{'error': 'Access limit reached', 'retry_after': '23 hours 28 minutes'}"
YAxhTHul26gN03ih,1744467584630,429,Access limit reached,"{'error': 'Access limit reached', 'retry_after': '23 hours 28 minutes'}"
YAxhTHul26gN03ih,1744467584630,429,Access limit reached,"{'error': 'Access limit reached', 'retry_after': '23 hours 28 minutes'}"
YAxhTHul26gN03ih,1744467584630,429,Access limit reached,"{'error': 'Access limit reached', 'retry_after': '23 hours 28 minutes'}"
YAxhTHul26gN03ih,1744467584630,429,Access limit reached,"{'error': 'Access limit reached', 'retry_after': '23 hours 28 minutes'}"
YAxhTHul26gN03ih,1744467584630,429,Access limit reached,"{'error': 'Access limit reached', 'retry_after': '23 hours 28 minutes'}"
YAxhTHul26gN03ih,1744467597630,429,Access limit reached,"{'error': 'Access limit reached', 'retry_after': '23 hours 28 minutes'}"
YAxhTHul26gN03ih,1744467597630,429,Access limit reached,"{'error': 'Access limit reached', 'retry_after': '23 hours 28 minutes'}"
YAxhTHul26gN03ih,1744467597630,429,Access limit reached,"{'error': 'Access limit reached', 'retry_after': '23 hours 28 minutes'}"
YAxhTHul26gN03ih,1744467597630,429,Access limit reached,"{'error': 'Access limit reached', 'retry_after': '23 hours 28 minutes'}"
YAxhTHul26gN03ih,1744467597630,429,Access limit reached,"{'error': 'Access limit reached', 'retry_after': '23 hours 28 minutes'}"
YAxhTHul26gN03ih,1744467623630,429,Access limit reached,"{'error': 'Access limit reached', 'retry_after': '23 hours 28 minutes'}"
YAxhTHul26gN03ih,1744467623630,429,Access limit reached,"{'error': 'Access limit reached', 'retry_after': '23 hours 28 minutes'}"
YAxhTHul26gN03ih,1744467623630,429,Access limit reached,"{'error': 'Access limit reached', 'retry_after': '23 hours 28 minutes'}"
YAxhTHul26gN03ih,1744467623630,429,Access limit reached,"{'error': 'Access limit reached', 'retry_after': '23 hours 28 minutes'}"
YAxhTHul26gN03ih,1744467623630,429,Access limit reached,"{'error': 'Access limit reached', 'retry_after': '23 hours 28 minutes'}"
YAxhTHul26gN03ih,1744467641630,429,Access limit reached,"{'error': 'Access limit reached', 'retry_after': '23 hours 28 minutes'}"
YAxhTHul26gN03ih,1744467641630,429,Access limit reached,"{'error': 'Access limit reached', 'retry_after': '23 hours 28 minutes'}"
YAxhTHul26gN03ih,1744467641630,429,Access limit reached,"{'error': 'Access limit reached', 'retry_after': '23 hours 28 minutes'}"
YAxhTHul26gN03ih,1744467641630,429,Access limit reached,"{'error': 'Access limit reached', 'retry_after': '23 hours 28 minutes'}"
YAxhTHul26gN03ih,1744467641630,429,Access limit reached,"{'error': 'Access limit reached', 'retry_after': '23 hours 28 minutes'}"
YAxhTHul26gN03ih,1744467656630,429,Access limit reached,"{'error': 'Access limit reached', 'retry_after': '23 hours 28 minutes'}"
YAxhTHul26gN03ih,1744467656630,429,Access limit reached,"{'error': 'Access limit reached', 'retry_after': '23 hours 28 minutes'}"
YAxhTHul26gN03ih,1744467656630,429,Access limit reached,"{'error': 'Access limit reached', 'retry_after': '23 hours 28 minutes'}"
YAxhTHul26gN03ih,1744467656630,429,Access limit reached,"{'error': 'Access limit reached', 'retry_after': '23 hours 28 minutes'}"
YAxhTHul26gN03ih,1744467656630,429,Access limit reached,"{'error': 'Access limit reached', 'retry_after': '23 hours 28 minutes'}"
YAxhTHul26gN03ih,1744467682630,429,Access limit reached,"{'error': 'Access limit reached', 'retry_after': '23 hours 28 minutes'}"
YAxhTHul26gN03ih,1744467682630,429,Access limit reached,"{'error': 'Access limit reached', 'retry_after': '23 hours 28 minutes'}"
YAxhTHul26gN03ih,1744467682630,429,Access limit reached,"{'error': 'Access limit reached', 'retry_after': '23 hours 28 minutes'}"
YAxhTHul26gN03ih,1744467682630,429,Access limit reached,"{'error': 'Access limit reached', 'retry_after': '23 hours 28 minutes'}"
YAxhTHul26gN03ih,1744467682630,429,Access limit reached,"{'error': 'Access limit reached', 'retry_after': '23 hours 28 minutes'}"
YAxhTHul26gN03ih,1744467688630,429,Access limit reached,"{'error': 'Access limit reached', 'retry_after': '23 hours 28 minutes'}"
YAxhTHul26gN03ih,1744467688630,429,Access limit reached,"{'error': 'Access limit reached', 'retry_after': '23 hours 28 minutes'}"
YAxhTHul26gN03ih,1744467688630,429,Access limit reached,"{'error': 'Access limit reached', 'retry_after': '23 hours 28 minutes'}"
YAxhTHul26gN03ih,1744467688630,429,Access limit reached,"{'error': 'Access limit reached', 'retry_after': '23 hours 28 minutes'}"
YAxhTHul26gN03ih,1744467688630,429,Access limit reached,"{'error': 'Access limit reached', 'retry_after': '23 hours 28 minutes'}"
YAxhTHul26gN03ih,1744467710630,429,Access limit reached,"{'error': 'Access limit reached', 'retry_after': '23 hours 28 minutes'}"
YAxhTHul26gN03ih,1744467710630,429,Access limit reached,"{'error': 'Access limit reached', 'retry_after': '23 hours 28 minutes'}"
YAxhTHul26gN03ih,1744467710630,429,Access limit reached,"{'error': 'Access limit reached', 'retry_after': '23 hours 28 minutes'}"
YAxhTHul26gN03ih,1744467710630,429,Access limit reached,"{'error': 'Access limit reached', 'retry_after': '23 hours 28 minutes'}"
YAxhTHul26gN03ih,1744467710630,429,Access limit reached,"{'error': 'Access limit reached', 'retry_after': '23 hours 28 minutes'}"
YAxhTHul26gN03ih,1744467735630,429,Access limit reached,"{'error': 'Access limit reached', 'retry_after': '23 hours 28 minutes'}"
YAxhTHul26gN03ih,1744467735630,429,Access limit reached,"{'error': 'Access limit reached', 'retry_after': '23 hours 28 minutes'}"
YAxhTHul26gN03ih,1744467735630,429,Access limit reached,"{'error': 'Access limit reached', 'retry_after': '23 hours 28 minutes'}"
YAxhTHul26gN03ih,1744467735630,429,Access limit reached,"{'error': 'Access limit reached', 'retry_after': '23 hours 28 minutes'}"
YAxhTHul26gN03ih,1744467735630,429,Access limit reached,"{'error': 'Access limit reached', 'retry_after': '23 hours 28 minutes'}"
YAxhTHul26gN03ih,1744467756630,429,Access limit reached,"{'error': 'Access limit reached', 'retry_after': '23 hours 28 minutes'}"
YAxhTHul26gN03ih,1744467756630,429,Access limit reached,"{'error': 'Access limit reached', 'retry_after': '23 hours 28 minutes'}"
YAxhTHul26gN03ih,1744467756630,429,Access limit reached,"{'error': 'Access limit reached', 'retry_after': '23 hours 28 minutes'}"
YAxhTHul26gN03ih,1744467756630,429,Access limit reached,"{'error': 'Access limit reached', 'retry_after': '23 hours 28 minutes'}"
YAxhTHul26gN03ih,1744467756630,429,Access limit reached,"{'error': 'Access limit reached', 'retry_after': '23 hours 28 minutes'}"
YAxhTHul26gN03ih,1744467776630,429,Access limit reached,"{'error': 'Access limit reached', 'retry_after': '23 hours 28 minutes'}"
YAxhTHul26gN03ih,1744467776630,429,Access limit reached,"{'error': 'Access limit reached', 'retry_after': '23 hours 28 minutes'}"
YAxhTHul26gN03ih,1744467776630,429,Access limit reached,"{'error': 'Access limit reached', 'retry_after': '23 hours 28 minutes'}"
YAxhTHul26gN03ih,1744467776630,429,Access limit reached,"{'error': 'Access limit reached', 'retry_after': '23 hours 28 minutes'}"
YAxhTHul26gN03ih,1744467776630,429,Access limit reached,"{'error': 'Access limit reached', 'retry_after': '23 hours 28 minutes'}"
YAxhTHul26gN03ih,1744467782630,429,Access limit reached,"{'error': 'Access limit reached', 'retry_after': '23 hours 28 minutes'}"
YAxhTHul26gN03ih,1744467782630,429,Access limit reached,"{'error': 'Access limit reached', 'retry_after': '23 hours 28 minutes'}"
YAxhTHul26gN03ih,1744467782630,429,Access limit reached,"{'error': 'Access limit reached', 'retry_after': '23 hours 28 minutes'}"
YAxhTHul26gN03ih,1744467782630,429,Access limit reached,"{'error': 'Access limit reached', 'retry_after': '23 hours 28 minutes'}"
YAxhTHul26gN03ih,1744467782630,429,Access limit reached,"{'error': 'Access limit reached', 'retry_after': '23 hours 28 minutes'}"
YAxhTHul26gN03ih,1744467799630,429,Access limit reached,"{'error': 'Access limit reached', 'retry_after': '23 hours 28 minutes'}"
YAxhTHul26gN03ih,1744467799630,429,Access limit reached,"{'error': 'Access limit reached', 'retry_after': '23 hours 28 minutes'}"
YAxhTHul26gN03ih,1744467799630,429,Access limit reached,"{'error': 'Access limit reached', 'retry_after': '23 hours 28 minutes'}"
YAxhTHul26gN03ih,1744467799630,429,Access limit reached,"{'error': 'Access limit reached', 'retry_after': '23 hours 28 minutes'}"
YAxhTHul26gN03ih,1744467799630,429,Access limit reached,"{'error': 'Access limit reached', 'retry_after': '23 hours 28 minutes'}"
YAxhTHul26gN03ih,1744467813630,429,Access limit reached,"{'error': 'Access limit reached', 'retry_after': '23 hours 28 minutes'}"
YAxhTHul26gN03ih,1744467813630,429,Access limit reached,"{'error': 'Access limit reached', 'retry_after': '23 hours 28 minutes'}"
YAxhTHul26gN03ih,1744467813630,429,Access limit reached,"{'error': 'Access limit reached', 'retry_after': '23 hours 28 minutes'}"
YAxhTHul26gN03ih,1744467813630,429,Access limit reached,"{'error': 'Access limit reached', 'retry_after': '23 hours 28 minutes'}"
YAxhTHul26gN03ih,1744467813630,429,Access limit reached,"{'error': 'Access limit reached', 'retry_after': '23 hours 28 minutes'}"
YAxhTHul26gN03ih,1744467831630,429,Access limit reached,"{'error': 'Access limit reached', 'retry_after': '23 hours 28 minutes'}"
YAxhTHul26gN03ih,1744467831630,429,Access limit reached,"{'error': 'Access limit reached', 'retry_after': '23 hours 28 minutes'}"
YAxhTHul26gN03ih,1744467831630,429,Access limit reached,"{'error': 'Access limit reached', 'retry_after': '23 hours 28 minutes'}"
YAxhTHul26gN03ih,1744467831630,429,Access limit reached,"{'error': 'Access limit reached', 'retry_after': '23 hours 28 minutes'}"
YAxhTHul26gN03ih,1744467831630,429,Access limit reached,"{'error': 'Access limit reached', 'retry_after': '23 hours 28 minutes'}"
YAxhTHul26gN03ih,1744467861630,429,Access limit reached,"{'error': 'Access limit reached', 'retry_after': '23 hours 28 minutes'}"
YAxhTHul26gN03ih,1744467861630,429,Access limit reached,"{'error': 'Access limit reached', 'retry_after': '23 hours 28 minutes'}"
YAxhTHul26gN03ih,1744467861630,429,Access limit reached,"{'error': 'Access limit reached', 'retry_after': '23 hours 28 minutes'}"
YAxhTHul26gN03ih,1744467861630,429,Access limit reached,"{'error': 'Access limit reached', 'retry_after': '23 hours 28 minutes'}"
YAxhTHul26gN03ih,1744467861630,429,Access limit reached,"{'error': 'Access limit reached', 'retry_after': '23 hours 28 minutes'}"
YAxhTHul26gN03ih,1744467885630,429,Access limit reached,"{'error': 'Access limit reached', 'retry_after': '23 hours 28 minutes'}"
YAxhTHul26gN03ih,1744467885630,429,Access limit reached,"{'error': 'Access limit reached', 'retry_after': '23 hours 28 minutes'}"
YAxhTHul26gN03ih,1744467885630,429,Access limit reached,"{'error': 'Access limit reached', 'retry_after': '23 hours 28 minutes'}"
YAxhTHul26gN03ih,1744467885630,429,Access limit reached,"{'error': 'Access limit reached', 'retry_after': '23 hours 28 minutes'}"
YAxhTHul26gN03ih,1744467885630,429,Access limit reached,"{'error': 'Access limit reached', 'retry_after': '23 hours 28 minutes'}"
5reM7jR6dJDK1Nvj,1744467895630,429,Access limit reached,"{'error': 'Access limit reached', 'retry_after': '23 hours 36 minutes'}"
5reM7jR6dJDK1Nvj,1744467895630,429,Access limit reached,"{'error': 'Access limit reached', 'retry_after': '23 hours 36 minutes'}"
5reM7jR6dJDK1Nvj,1744467895630,429,Access limit reached,"{'error': 'Access limit reached', 'retry_after': '23 hours 36 minutes'}"
5reM7jR6dJDK1Nvj,1744467895630,429,Access limit reached,"{'error': 'Access limit reached', 'retry_after': '23 hours 36 minutes'}"
5reM7jR6dJDK1Nvj,1744467895630,429,Access limit reached,"{'error': 'Access limit reached', 'retry_after': '23 hours 36 minutes'}"
5reM7jR6dJDK1Nvj,1744467919630,429,Access limit reached,"{'error': 'Access limit reached', 'retry_after': '23 hours 36 minutes'}"
5reM7jR6dJDK1Nvj,1744467919630,429,Access limit reached,"{'error': 'Access limit reached', 'retry_after': '23 hours 36 minutes'}"
5reM7jR6dJDK1Nvj,1744467919630,429,Access limit reached,"{'error': 'Access limit reached', 'retry_after': '23 hours 36 minutes'}"
5reM7jR6dJDK1Nvj,1744467919630,429,Access limit reached,"{'error': 'Access limit reached', 'retry_after': '23 hours 36 minutes'}"
5reM7jR6dJDK1Nvj,1744467919630,429,Access limit reached,"{'error': 'Access limit reached', 'retry_after': '23 hours 36 minutes'}"
5reM7jR6dJDK1Nvj,1744467939630,429,Access limit reached,"{'error': 'Access limit reached', 'retry_after': '23 hours 36 minutes'}"
5reM7jR6dJDK1Nvj,1744467939630,429,Access limit reached,"{'error': 'Access limit reached', 'retry_after': '23 hours 36 minutes'}"
5reM7jR6dJDK1Nvj,1744467939630,429,Access limit reached,"{'error': 'Access limit reached', 'retry_after': '23 hours 36 minutes'}"
5reM7jR6dJDK1Nvj,1744467939630,429,Access limit reached,"{'error': 'Access limit reached', 'retry_after': '23 hours 36 minutes'}"
5reM7jR6dJDK1Nvj,1744467939630,429,Access limit reached,"{'error': 'Access limit reached', 'retry_after': '23 hours 36 minutes'}"
5reM7jR6dJDK1Nvj,1744467947630,429,Access limit reached,"{'error': 'Access limit reached', 'retry_after': '23 hours 36 minutes'}"
5reM7jR6dJDK1Nvj,1744467947630,429,Access limit reached,"{'error': 'Access limit reached', 'retry_after': '23 hours 36 minutes'}"
5reM7jR6dJDK1Nvj,1744467947630,429,Access limit reached,"{'error': 'Access limit reached', 'retry_after': '23 hours 36 minutes'}"
5reM7jR6dJDK1Nvj,1744467947630,429,Access limit reached,"{'error': 'Access limit reached', 'retry_after': '23 hours 36 minutes'}"
5reM7jR6dJDK1Nvj,1744467947630,429,Access limit reached,"{'error': 'Access limit reached', 'retry_after': '23 hours 36 minutes'}"
5reM7jR6dJDK1Nvj,1744467964630,429,Access limit reached,"{'error': 'Access limit reached', 'retry_after': '23 hours 36 minutes'}"
5reM7jR6dJDK1Nvj,1744467964630,429,Access limit reached,"{'error': 'Access limit reached', 'retry_after': '23 hours 36 minutes'}"
5reM7jR6dJDK1Nvj,1744467964630,429,Access limit reached,"{'error': 'Access limit reached', 'retry_after': '23 hours 36 minutes'}"
5reM7jR6dJDK1Nvj,1744467964630,429,Access limit reached,"{'error': 'Access limit reached', 'retry_after': '23 hours 36 minutes'}"
5reM7jR6dJDK1Nvj,1744467964630,429,Access limit reached,"{'error': 'Access limit reached', 'retry_after': '23 hours 36 minutes'}"
5reM7jR6dJDK1Nvj,1744467981630,429,Access limit reached,"{'error': 'Access limit reached', 'retry_after': '23 hours 36 minutes'}"
5reM7jR6dJDK1Nvj,1744467981630,429,Access limit reached,"{'error': 'Access limit reached', 'retry_after': '23 hours 36 minutes'}"
5reM7jR6dJDK1Nvj,1744467981630,429,Access limit reached,"{'error': 'Access limit reached', 'retry_after': '23 hours 36 minutes'}"
5reM7jR6dJDK1Nvj,1744467981630,429,Access limit reached,"{'error': 'Access limit reached', 'retry_after': '23 hours 36 minutes'}"
5reM7jR6dJDK1Nvj,1744467981630,429,Access limit reached,"{'error': 'Access limit reached', 'retry_after': '23 hours 36 minutes'}"
5reM7jR6dJDK1Nvj,1744468003630,429,Access limit reached,"{'error': 'Access limit reached', 'retry_after': '23 hours 36 minutes'}"
5reM7jR6dJDK1Nvj,1744468003630,429,Access limit reached,"{'error': 'Access limit reached', 'retry_after': '23 hours 36 minutes'}"
5reM7jR6dJDK1Nvj,1744468003630,429,Access limit reached,"{'error': 'Access limit reached', 'retry_after': '23 hours 36 minutes'}"
5reM7jR6dJDK1Nvj,1744468003630,429,Access limit reached,"{'error': 'Access limit reached', 'retry_after': '23 hours 36 minutes'}"
5reM7jR6dJDK1Nvj,1744468003630,429,Access limit reached,"{'error': 'Access limit reached', 'retry_after': '23 hours 36 minutes'}"
5reM7jR6dJDK1Nvj,1744468028630,429,Access limit reached,"{'error': 'Access limit reached', 'retry_after': '23 hours 36 minutes'}"
5reM7jR6dJDK1Nvj,1744468028630,429,Access limit reached,"{'error': 'Access limit reached', 'retry_after': '23 hours 36 minutes'}"
5reM7jR6dJDK1Nvj,1744468028630,429,Access limit reached,"{'error': 'Access limit reached', 'retry_after': '23 hours 36 minutes'}"
5reM7jR6dJDK1Nvj,1744468028630,429,Access limit reached,"{'error': 'Access limit reached', 'retry_after': '23 hours 36 minutes'}"
5reM7jR6dJDK1Nvj,1744468028630,429,Access limit reached,"{'error': 'Access limit reached', 'retry_after': '23 hours 36 minutes'}"
5reM7jR6dJDK1Nvj,1744468042630,429,Access limit reached,"{'error': 'Access limit reached', 'retry_after': '23 hours 36 minutes'}"
5reM7jR6dJDK1Nvj,1744468042630,429,Access limit reached,"{'error': 'Access limit reached', 'retry_after': '23 hours 36 minutes'}"
5reM7jR6dJDK1Nvj,1744468042630,429,Access limit reached,"{'error': 'Access limit reached', 'retry_after': '23 hours 36 minutes'}"
5reM7jR6dJDK1Nvj,1744468042630,429,Access limit reached,"{'error': 'Access limit reached', 'retry_after': '23 hours 36 minutes'}"
5reM7jR6dJDK1Nvj,1744468042630,429,Access limit reached,"{'error': 'Access limit reached', 'retry_after': '23 hours 36 minutes'}"
5reM7jR6dJDK1Nvj,1744468062630,429,Access limit reached,"{'error': 'Access limit reached', 'retry_after': '23 hours 36 minutes'}"
5reM7jR6dJDK1Nvj,1744468062630,429,Access limit reached,"{'error': 'Access limit reached', 'retry_after': '23 hours 36 minutes'}"
5reM7jR6dJDK1Nvj,1744468062630,429,Access limit reached,"{'error': 'Access limit reached', 'retry_after': '23 hours 36 minutes'}"
5reM7jR6dJDK1Nvj,1744468062630,429,Access limit reached,"{'error': 'Access limit reached', 'retry_after': '23 hours 36 minutes'}"
5reM7jR6dJDK1Nvj,1744468062630,429,Access limit reached,"{'error': 'Access limit reached', 'retry_after': '23 hours 36 minutes'}"
5reM7jR6dJDK1Nvj,1744468067630,429,Access limit reached,"{'error': 'Access limit reached', 'retry_after': '23 hours 36 minutes'}"
5reM7jR6dJDK1Nvj,1744468067630,429,Access limit reached,"{'error': 'Access limit reached', 'retry_after': '23 hours 36 minutes'}"
5reM7jR6dJDK1Nvj,1744468067630,429,Access limit reached,"{'error': 'Access limit reached', 'retry_after': '23 hours 36 minutes'}"
5reM7jR6dJDK1Nvj,1744468067630,429,Access limit reached,"{'error': 'Access limit reached', 'retry_after': '23 hours 36 minutes'}"
5reM7jR6dJDK1Nvj,1744468067630,429,Access limit reached,"{'error': 'Access limit reached', 'retry_after': '23 hours 36 minutes'}"
5reM7jR6dJDK1Nvj,1744468094630,429,Access limit reached,"{'error': 'Access limit reached', 'retry_after': '23 hours 36 minutes'}"
5reM7jR6dJDK1Nvj,1744468094630,429,Access limit reached,"{'error': 'Access limit reached', 'retry_after': '23 hours 36 minutes'}"
5reM7jR6dJDK1Nvj,1744468094630,429,Access limit reached,"{'error': 'Access limit reached', 'retry_after': '23 hours 36 minutes'}"
5reM7jR6dJDK1Nvj,1744468094630,429,Access limit reached,"{'error': 'Access limit reached', 'retry_after': '23 hours 36 minutes'}"
5reM7jR6dJDK1Nvj,1744468094630,429,Access limit reached,"{'error': 'Access limit reached', 'retry_after': '23 hours 36 minutes'}"
5reM7jR6dJDK1Nvj,1744468122630,429,Access limit reached,"{'error': 'Access limit reached', 'retry_after': '23 hours 36 minutes'}"
5reM7jR6dJDK1Nvj,1744468122630,429,Access limit reached,"{'error': 'Access limit reached', 'retry_after': '23 hours 36 minutes'}"
5reM7jR6dJDK1Nvj,1744468122630,429,Access limit reached,"{'error': 'Access limit reached', 'retry_after': '23 hours 36 minutes'}"
5reM7jR6dJDK1Nvj,1744468122630,429,Access limit reached,"{'error': 'Access limit reached', 'retry_after': '23 hours 36 minutes'}"
5reM7jR6dJDK1Nvj,1744468122630,429,Access limit reached,"{'error': 'Access limit reached', 'retry_after': '23 hours 36 minutes'}"
5reM7jR6dJDK1Nvj,1744468131630,429,Access limit reached,"{'error': 'Access limit reached', 'retry_after': '23 hours 36 minutes'}"
5reM7jR6dJDK1Nvj,1744468131630,429,Access limit reached,"{'error': 'Access limit reached', 'retry_after': '23 hours 36 minutes'}"
5reM7jR6dJDK1Nvj,1744468131630,429,Access limit reached,"{'error': 'Access limit reached', 'retry_after': '23 hours 36 minutes'}"
5reM7jR6dJDK1Nvj,1744468131630,429,Access limit reached,"{'error': 'Access limit reached', 'retry_after': '23 hours 36 minutes'}"
5reM7jR6dJDK1Nvj,1744468131630,429,Access limit reached,"{'error': 'Access limit reached', 'retry_after': '23 hours 36 minutes'}"
5reM7jR6dJDK1Nvj,1744468140630,429,Access limit reached,"{'error': 'Access limit reached', 'retry_after': '23 hours 36 minutes'}"
5reM7jR6dJDK1Nvj,1744468140630,429,Access limit reached,"{'error': 'Access limit reached', 'retry_after': '23 hours 36 minutes'}"
5reM7jR6dJDK1Nvj,1744468140630,429,Access limit reached,"{'error': 'Access limit reached', 'retry_after': '23 hours 36 minutes'}"
5reM7jR6dJDK1Nvj,1744468140630,429,Access limit reached,"{'error': 'Access limit reached', 'retry_after': '23 hours 36 minutes'}"
5reM7jR6dJDK1Nvj,1744468140630,429,Access limit reached,"{'error': 'Access limit reached', 'retry_after': '23 hours 36 minutes'}"
5reM7jR6dJDK1Nvj,1744468159630,429,Access limit reached,"{'error': 'Access limit reached', 'retry_after': '23 hours 36 minutes'}"
5reM7jR6dJDK1Nvj,1744468159630,429,Access limit reached,"{'error': 'Access limit reached', 'retry_after': '23 hours 36 minutes'}"
5reM7jR6dJDK1Nvj,1744468159630,429,Access limit reached,"{'error': 'Access limit reached', 'retry_after': '23 hours 36 minutes'}"
5reM7jR6dJDK1Nvj,1744468159630,429,Access limit reached,"{'error': 'Access limit reached', 'retry_after': '23 hours 36 minutes'}"
5reM7jR6dJDK1Nvj,1744468159630,429,Access limit reached,"{'error': 'Access limit reached', 'retry_after': '23 hours 36 minutes'}"
5reM7jR6dJDK1Nvj,1744468184630,429,Access limit reached,"{'error': 'Access limit reached', 'retry_after': '23 hours 36 minutes'}"
5reM7jR6dJDK1Nvj,1744468184630,429,Access limit reached,"{'error': 'Access limit reached', 'retry_after': '23 hours 36 minutes'}"
5reM7jR6dJDK1Nvj,1744468184630,429,Access limit reached,"{'error': 'Access limit reached', 'retry_after': '23 hours 36 minutes'}"
5reM7jR6dJDK1Nvj,1744468184630,429,Access limit reached,"{'error': 'Access limit reached', 'retry_after': '23 hours 36 minutes'}"
5reM7jR6dJDK1Nvj,1744468184630,429,Access limit reached,"{'error': 'Access limit reached', 'retry_after': '23 hours 36 minutes'}"
5reM7jR6dJDK1Nvj,1744468203630,429,Access limit reached,"{'error': 'Access limit reached', 'retry_after': '23 hours 36 minutes'}"
5reM7jR6dJDK1Nvj,1744468203630,429,Access limit reached,"{'error': 'Access limit reached', 'retry_after': '23 hours 36 minutes'}"
5reM7jR6dJDK1Nvj,1744468203630,429,Access limit reached,"{'error': 'Access limit reached', 'retry_after': '23 hours 36 minutes'}"
5reM7jR6dJDK1Nvj,1744468203630,429,Access limit reached,"{'error': 'Access limit reached', 'retry_after': '23 hours 36 minutes'}"
5reM7jR6dJDK1Nvj,1744468203630,429,Access limit reached,"{'error': 'Access limit reached', 'retry_after': '23 hours 36 minutes'}"
5reM7jR6dJDK1Nvj,1744468220630,429,Access limit reached,"{'error': 'Access limit reached', 'retry_after': '23 hours 36 minutes'}"
5reM7jR6dJDK1Nvj,1744468220630,429,Access limit reached,"{'error': 'Access limit reached', 'retry_after': '23 hours 36 minutes'}"
5reM7jR6dJDK1Nvj,1744468220630,429,Access limit reached,"{'error': 'Access limit reached', 'retry_after': '23 hours 36 minutes'}"
5reM7jR6dJDK1Nvj,1744468220630,429,Access limit reached,"{'error': 'Access limit reached', 'retry_after': '23 hours 36 minutes'}"
5reM7jR6dJDK1Nvj,1744468220630,429,Access limit reached,"{'error': 'Access limit reached', 'retry_after': '23 hours 36 minutes'}"
5reM7jR6dJDK1Nvj,1744468227630,429,Access limit reached,"{'error': 'Access limit reached', 'retry_after': '23 hours 36 minutes'}"
5reM7jR6dJDK1Nvj,1744468227630,429,Access limit reached,"{'error': 'Access limit reached', 'retry_after': '23 hours 36 minutes'}"
5reM7jR6dJDK1Nvj,1744468227630,429,Access limit reached,"{'error': 'Access limit reached', 'retry_after': '23 hours 36 minutes'}"
5reM7jR6dJDK1Nvj,1744468227630,429,Access limit reached,"{'error': 'Access limit reached', 'retry_after': '23 hours 36 minutes'}"
5reM7jR6dJDK1Nvj,1744468227630,429,Access limit reached,"{'error': 'Access limit reached', 'retry_after': '23 hours 36 minutes'}"
5reM7jR6dJDK1Nvj,1744468255630,429,Access limit reached,"{'error': 'Access limit reached', 'retry_after': '23 hours 36 minutes'}"
5reM7jR6dJDK1Nvj,1744468255630,429,Access limit reached,"{'error': 'Access limit reached', 'retry_after': '23 hours 36 minutes'}"
5reM7jR6dJDK1Nvj,1744468255630,429,Access limit reached,"{'error': 'Access limit reached', 'retry_after': '23 hours 36 minutes'}"
5reM7jR6dJDK1Nvj,1744468255630,429,Access limit reached,"{'error': 'Access limit reached', 'retry_after': '23 hours 36 minutes'}"
5reM7jR6dJDK1Nvj,1744468255630,429,Access limit reached,"{'error': 'Access limit reached', 'retry_after': '23 hours 36 minutes'}"
5reM7jR6dJDK1Nvj,1744468282630,429,Access limit reached,"{'error': 'Access limit reached', 'retry_after': '23 hours 36 minutes'}"
5reM7jR6dJDK1Nvj,1744468282630,429,Access limit reached,"{'error': 'Access limit reached', 'retry_after': '23 hours 36 minutes'}"
5reM7jR6dJDK1Nvj,1744468282630,429,Access limit reached,"{'error': 'Access limit reached', 'retry_after': '23 hours 36 minutes'}"
5reM7jR6dJDK1Nvj,1744468282630,429,Access limit reached,"{'error': 'Access limit reached', 'retry_after': '23 hours 36 minutes'}"
5reM7jR6dJDK1Nvj,1744468282630,429,Access limit reached,"{'error': 'Access limit reached', 'retry_after': '23 hours 36 minutes'}"
5reM7jR6dJDK1Nvj,1744468309630,429,Access limit reached,"{'error': 'Access limit reached', 'retry_after': '23 hours 36 minutes'}"
5reM7jR6dJDK1Nvj,1744468309630,429,Access limit reached,"{'error': 'Access limit reached', 'retry_after': '23 hours 36 minutes'}"
5reM7jR6dJDK1Nvj,1744468309630,429,Access limit reached,"{'error': 'Access limit reached', 'retry_after': '23 hours 36 minutes'}"
5reM7jR6dJDK1Nvj,1744468309630,429,Access limit reached,"{'error': 'Access limit reached', 'retry_after': '23 hours 36 minutes'}"
5reM7jR6dJDK1Nvj,1744468309630,429,Access limit reached,"{'error': 'Access limit reached', 'retry_after': '23 hours 36 minutes'}"
5reM7jR6dJDK1Nvj,1744468314630,429,Access limit reached,"{'error': 'Access limit reached', 'retry_after': '23 hours 36 minutes'}"
5reM7jR6dJDK1Nvj,1744468314630,429,Access limit reached,"{'error': 'Access limit reached', 'retry_after': '23 hours 36 minutes'}"
5reM7jR6dJDK1Nvj,1744468314630,429,Access limit reached,"{'error': 'Access limit reached', 'retry_after': '23 hours 36 minutes'}"
5reM7jR6dJDK1Nvj,1744468314630,429,Access limit reached,"{'error': 'Access limit reached', 'retry_after': '23 hours 36 minutes'}"
5reM7jR6dJDK1Nvj,1744468314630,429,Access limit reached,"{'error': 'Access limit reached', 'retry_after': '23 hours 36 minutes'}"
5reM7jR6dJDK1Nvj,1744468334630,429,Access limit reached,"{'error': 'Access limit reached', 'retry_after': '23 hours 36 minutes'}"
5reM7jR6dJDK1Nvj,1744468334630,429,Access limit reached,"{'error': 'Access limit reached', 'retry_after': '23 hours 36 minutes'}"
5reM7jR6dJDK1Nvj,1744468334630,429,Access limit reached,"{'error': 'Access limit reached', 'retry_after': '23 hours 36 minutes'}"
5reM7jR6dJDK1Nvj,1744468334630,429,Access limit reached,"{'error': 'Access limit reached', 'retry_after': '23 hours 36 minutes'}"
5reM7jR6dJDK1Nvj,1744468334630,429,Access limit reached,"{'error': 'Access limit reached', 'retry_after': '23 hours 36 minutes'}"
5reM7jR6dJDK1Nvj,1744468348630,429,Access limit reached,"{'error': 'Access limit reached', 'retry_after': '23 hours 36 minutes'}"
5reM7jR6dJDK1Nvj,1744468348630,429,Access limit reached,"{'error': 'Access limit reached', 'retry_after': '23 hours 36 minutes'}"
5reM7jR6dJDK1Nvj,1744468348630,429,Access limit reached,"{'error': 'Access limit reached', 'retry_after': '23 hours 36 minutes'}"
5reM7jR6dJDK1Nvj,1744468348630,429,Access limit reached,"{'error': 'Access limit reached', 'retry_after': '23 hours 36 minutes'}"
5reM7jR6dJDK1Nvj,1744468348630,429,Access limit reached,"{'error': 'Access limit reached', 'retry_after': '23 hours 36 minutes'}"
5reM7jR6dJDK1Nvj,1744468371630,429,Access limit reached,"{'error': 'Access limit reached', 'retry_after': '23 hours 36 minutes'}"
5reM7jR6dJDK1Nvj,1744468371630,429,Access limit reached,"{'error': 'Access limit reached', 'retry_after': '23 hours 36 minutes'}"
5reM7jR6dJDK1Nvj,1744468371630,429,Access limit reached,"{'error': 'Access limit reached', 'retry_after': '23 hours 36 minutes'}"
5reM7jR6dJDK1Nvj,1744468371630,429,Access limit reached,"{'error': 'Access limit reached', 'retry_after': '23 hours 36 minutes'}"
5reM7jR6dJDK1Nvj,1744468371630,429,Access limit reached,"{'error': 'Access limit reached', 'retry_after': '23 hours 36 minutes'}"
5reM7jR6dJDK1Nvj,1744468385630,429,Access limit reached,"{'error': 'Access limit reached', 'retry_after': '23 hours 36 minutes'}"
5reM7jR6dJDK1Nvj,1744468385630,429,Access limit reached,"{'error': 'Access limit reached', 'retry_after': '23 hours 36 minutes'}"
5reM7jR6dJDK1Nvj,1744468385630,429,Access limit reached,"{'error': 'Access limit reached', 'retry_after': '23 hours 36 minutes'}"
5reM7jR6dJDK1Nvj,1744468385630,429,Access limit reached,"{'error': 'Access limit reached', 'retry_after': '23 hours 36 minutes'}"
5reM7jR6dJDK1Nvj,1744468385630,429,Access limit reached,"{'error': 'Access limit reached', 'retry_after': '23 hours 36 minutes'}"
5reM7jR6dJDK1Nvj,1744468395630,429,Access limit reached,"{'error': 'Access limit reached', 'retry_after': '23 hours 36 minutes'}"
5reM7jR6dJDK1Nvj,1744468395630,429,Access limit reached,"{'error': 'Access limit reached', 'retry_after': '23 hours 36 minutes'}"
5reM7jR6dJDK1Nvj,1744468395630,429,Access limit reached,"{'error': 'Access limit reached', 'retry_after': '23 hours 36 minutes'}"
5reM7jR6dJDK1Nvj,1744468395630,429,Access limit reached,"{'error': 'Access limit reached', 'retry_after': '23 hours 36 minutes'}"
5reM7jR6dJDK1Nvj,1744468395630,429,Access limit reached,"{'error': 'Access limit reached', 'retry_after': '23 hours 36 minutes'}"
5reM7jR6dJDK1Nvj,1744468418630,429,Access limit reached,"{'error': 'Access limit reached', 'retry_after': '23 hours 36 minutes'}"
5reM7jR6dJDK1Nvj,1744468418630,429,Access limit reached,"{'error': 'Access limit reached', 'retry_after': '23 hours 36 minutes'}"
5reM7jR6dJDK1Nvj,1744468418630,429,Access limit reached,"{'error': 'Access limit reached', 'retry_after': '23 hours 36 minutes'}"
5reM7jR6dJDK1Nvj,1744468418630,429,Access limit reached,"{'error': 'Access limit reached', 'retry_after': '23 hours 36 minutes'}"
5reM7jR6dJDK1Nvj,1744468418630,429,Access limit reached,"{'error': 'Access limit reached', 'retry_after': '23 hours 36 minutes'}"
5reM7jR6dJDK1Nvj,1744468434630,429,Access limit reached,"{'error': 'Access limit reached', 'retry_after': '23 hours 36 minutes'}"
5reM7jR6dJDK1Nvj,1744468434630,429,Access limit reached,"{'error': 'Access limit reached', 'retry_after': '23 hours 36 minutes'}"
5reM7jR6dJDK1Nvj,1744468434630,429,Access limit reached,"{'error': 'Access limit reached', 'retry_after': '23 hours 36 minutes'}"
5reM7jR6dJDK1Nvj,1744468434630,429,Access limit reached,"{'error': 'Access limit reached', 'retry_after': '23 hours 36 minutes'}"
5reM7jR6dJDK1Nvj,1744468434630,429,Access limit reached,"{'error': 'Access limit reached', 'retry_after': '23 hours 36 minutes'}"
5reM7jR6dJDK1Nvj,1744468444630,429,Access limit reached,"{'error': 'Access limit reached', 'retry_after': '23 hours 36 minutes'}"
5reM7jR6dJDK1Nvj,1744468444630,429,Access limit reached,"{'error': 'Access limit reached', 'retry_after': '23 hours 36 minutes'}"
5reM7jR6dJDK1Nvj,1744468444630,429,Access limit reached,"{'error': 'Access limit reached', 'retry_after': '23 hours 36 minutes'}"
5reM7jR6dJDK1Nvj,1744468444630,429,Access limit reached,"{'error': 'Access limit reached', 'retry_after': '23 hours 36 minutes'}"
5reM7jR6dJDK1Nvj,1744468444630,429,Access limit reached,"{'error': 'Access limit reached', 'retry_after': '23 hours 36 minutes'}"
5reM7jR6dJDK1Nvj,1744468453630,429,Access limit reached,"{'error': 'Access limit reached', 'retry_after': '23 hours 36 minutes'}"
5reM7jR6dJDK1Nvj,1744468453630,429,Access limit reached,"{'error': 'Access limit reached', 'retry_after': '23 hours 36 minutes'}"
5reM7jR6dJDK1Nvj,1744468453630,429,Access limit reached,"{'error': 'Access limit reached', 'retry_after': '23 hours 36 minutes'}"
5reM7jR6dJDK1Nvj,1744468453630,429,Access limit reached,"{'error': 'Access limit reached', 'retry_after': '23 hours 36 minutes'}"
5reM7jR6dJDK1Nvj,1744468453630,429,Access limit reached,"{'error': 'Access limit reached', 'retry_after': '23 hours 36 minutes'}"
5reM7jR6dJDK1Nvj,1744468478630,429,Access limit reached,"{'error': 'Access limit reached', 'retry_after': '23 hours 36 minutes'}"
5reM7jR6dJDK1Nvj,1744468478630,429,Access limit reached,"{'error': 'Access limit reached', 'retry_after': '23 hours 36 minutes'}"
5reM7jR6dJDK1Nvj,1744468478630,429,Access limit reached,"{'error': 'Access limit reached', 'retry_after': '23 hours 36 minutes'}"
5reM7jR6dJDK1Nvj,1744468478630,429,Access limit reached,"{'error': 'Access limit reached', 'retry_after': '23 hours 36 minutes'}"
5reM7jR6dJDK1Nvj,1744468478630,429,Access limit reached,"{'error': 'Access limit reached', 'retry_after': '23 hours 36 minutes'}"
5reM7jR6dJDK1Nvj,1744468500630,429,Access limit reached,"{'error': 'Access limit reached', 'retry_after': '23 hours 36 minutes'}"
5reM7jR6dJDK1Nvj,1744468500630,429,Access limit reached,"{'error': 'Access limit reached', 'retry_after': '23 hours 36 minutes'}"
5reM7jR6dJDK1Nvj,1744468500630,429,Access limit reached,"{'error': 'Access limit reached', 'retry_after': '23 hours 36 minutes'}"
5reM7jR6dJDK1Nvj,1744468500630,429,Access limit reached,"{'error': 'Access limit reached', 'retry_after': '23 hours 36 minutes'}"
5reM7jR6dJDK1Nvj,1744468500630,429,Access limit reached,"{'error': 'Access limit reached', 'retry_after': '23 hours 36 minutes'}"
5reM7jR6dJDK1Nvj,1744468521630,429,Access limit reached,"{'error': 'Access limit reached', 'retry_after': '23 hours 36 minutes'}"
5reM7jR6dJDK1Nvj,1744468521630,429,Access limit reached,"{'error': 'Access limit reached', 'retry_after': '23 hours 36 minutes'}"
5reM7jR6dJDK1Nvj,1744468521630,429,Access limit reached,"{'error': 'Access limit reached', 'retry_after': '23 hours 36 minutes'}"
5reM7jR6dJDK1Nvj,1744468521630,429,Access limit reached,"{'error': 'Access limit reached', 'retry_after': '23 hours 36 minutes'}"
5reM7jR6dJDK1Nvj,1744468521630,429,Access limit reached,"{'error': 'Access limit reached', 'retry_after': '23 hours 36 minutes'}"
5reM7jR6dJDK1Nvj,1744468541630,429,Access limit reached,"{'error': 'Access limit reached', 'retry_after': '23 hours 36 minutes'}"
5reM7jR6dJDK1Nvj,1744468541630,429,Access limit reached,"{'error': 'Access limit reached', 'retry_after': '23 hours 36 minutes'}"
5reM7jR6dJDK1Nvj,1744468541630,429,Access limit reached,"{'error': 'Access limit reached', 'retry_after': '23 hours 36 minutes'}"
5reM7jR6dJDK1Nvj,1744468541630,429,Access limit reached,"{'error': 'Access limit reached', 'retry_after': '23 hours 36 minutes'}"
5reM7jR6dJDK1Nvj,1744468541630,429,Access limit reached,"{'error': 'Access limit reached', 'retry_after': '23 hours 36 minutes'}"
5reM7jR6dJDK1Nvj,1744468567630,429,Access limit reached,"{'error': 'Access limit reached', 'retry_after': '23 hours 36 minutes'}"
5reM7jR6dJDK1Nvj,1744468567630,429,Access limit reached,"{'error': 'Access limit reached', 'retry_after': '23 hours 36 minutes'}"
5reM7jR6dJDK1Nvj,1744468567630,429,Access limit reached,"{'error': 'Access limit reached', 'retry_after': '23 hours 36 minutes'}"
5reM7jR6dJDK1Nvj,1744468567630,429,Access limit reached,"{'error': 'Access limit reached', 'retry_after': '23 hours 36 minutes'}"
5reM7jR6dJDK1Nvj,1744468567630,429,Access limit reached,"{'error': 'Access limit reached', 'retry_after': '23 hours 36 minutes'}"
5reM7jR6dJDK1Nvj,1744468583630,429,Access limit reached,"{'error': 'Access limit reached', 'retry_after': '23 hours 36 minutes'}"
5reM7jR6dJDK1Nvj,1744468583630,429,Access limit reached,"{'error': 'Access limit reached', 'retry_after': '23 hours 36 minutes'}"
5reM7jR6dJDK1Nvj,1744468583630,429,Access limit reached,"{'error': 'Access limit reached', 'retry_after': '23 hours 36 minutes'}"
5reM7jR6dJDK1Nvj,1744468583630,429,Access limit reached,"{'error': 'Access limit reached', 'retry_after': '23 hours 36 minutes'}"
5reM7jR6dJDK1Nvj,1744468583630,429,Access limit reached,"{'error': 'Access limit reached', 'retry_after': '23 hours 36 minutes'}"
YAxhTHul26gN03ih,1744468598630,429,Access limit reached,"{'error': 'Access limit reached', 'retry_after': '23 hours 27 minutes'}"
YAxhTHul26gN03ih,1744468598630,429,Access limit reached,"{'error': 'Access limit reached', 'retry_after': '23 hours 27 minutes'}"
YAxhTHul26gN03ih,1744468598630,429,Access limit reached,"{'error': 'Access limit reached', 'retry_after': '23 hours 27 minutes'}"
YAxhTHul26gN03ih,1744468598630,429,Access limit reached,"{'error': 'Access limit reached', 'retry_after': '23 hours 27 minutes'}"
YAxhTHul26gN03ih,1744468598630,429,Access limit reached,"{'error': 'Access limit reached', 'retry_after': '23 hours 27 minutes'}"
YAxhTHul26gN03ih,1744468614630,429,Access limit reached,"{'error': 'Access limit reached', 'retry_after': '23 hours 27 minutes'}"
YAxhTHul26gN03ih,1744468614630,429,Access limit reached,"{'error': 'Access limit reached', 'retry_after': '23 hours 27 minutes'}"
YAxhTHul26gN03ih,1744468614630,429,Access limit reached,"{'error': 'Access limit reached', 'retry_after': '23 hours 27 minutes'}"
YAxhTHul26gN03ih,1744468614630,429,Access limit reached,"{'error': 'Access limit reached', 'retry_after': '23 hours 27 minutes'}"
YAxhTHul26gN03ih,1744468614630,429,Access limit reached,"{'error': 'Access limit reached', 'retry_after': '23 hours 27 minutes'}"
YAxhTHul26gN03ih,1744468629630,429,Access limit reached,"{'error': 'Access limit reached', 'retry_after': '23 hours 27 minutes'}"
YAxhTHul26gN03ih,1744468629630,429,Access limit reached,"{'error': 'Access limit reached', 'retry_after': '23 hours 27 minutes'}"
YAxhTHul26gN03ih,1744468629630,429,Access limit reached,"{'error': 'Access limit reached', 'retry_after': '23 hours 27 minutes'}"
YAxhTHul26gN03ih,1744468629630,429,Access limit reached,"{'error': 'Access limit reached', 'retry_after': '23 hours 27 minutes'}"
YAxhTHul26gN03ih,1744468629630,429,Access limit reached,"{'error': 'Access limit reached', 'retry_after': '23 hours 27 minutes'}"
YAxhTHul26gN03ih,1744468650630,429,Access limit reached,"{'error': 'Access limit reached', 'retry_after': '23 hours 27 minutes'}"
YAxhTHul26gN03ih,1744468650630,429,Access limit reached,"{'error': 'Access limit reached', 'retry_after': '23 hours 27 minutes'}"
YAxhTHul26gN03ih,1744468650630,429,Access limit reached,"{'error': 'Access limit reached', 'retry_after': '23 hours 27 minutes'}"
YAxhTHul26gN03ih,1744468650630,429,Access limit reached,"{'error': 'Access limit reached', 'retry_after': '23 hours 27 minutes'}"
YAxhTHul26gN03ih,1744468650630,429,Access limit reached,"{'error': 'Access limit reached', 'retry_after': '23 hours 27 minutes'}"
YAxhTHul26gN03ih,1744468678630,429,Access limit reached,"{'error': 'Access limit reached', 'retry_after': '23 hours 27 minutes'}"
YAxhTHul26gN03ih,1744468678630,429,Access limit reached,"{'error': 'Access limit reached', 'retry_after': '23 hours 27 minutes'}"
YAxhTHul26gN03ih,1744468678630,429,Access limit reached,"{'error': 'Access limit reached', 'retry_after': '23 hours 27 minutes'}"
YAxhTHul26gN03ih,1744468678630,429,Access limit reached,"{'error': 'Access limit reached', 'retry_after': '23 hours 27 minutes'}"
YAxhTHul26gN03ih,1744468678630,429,Access limit reached,"{'error': 'Access limit reached', 'retry_after': '23 hours 27 minutes'}"
YAxhTHul26gN03ih,1744468690630,429,Access limit reached,"{'error': 'Access limit reached', 'retry_after': '23 hours 27 minutes'}"
YAxhTHul26gN03ih,1744468690630,429,Access limit reached,"{'error': 'Access limit reached', 'retry_after': '23 hours 27 minutes'}"
YAxhTHul26gN03ih,1744468690630,429,Access limit reached,"{'error': 'Access limit reached', 'retry_after': '23 hours 27 minutes'}"
YAxhTHul26gN03ih,1744468690630,429,Access limit reached,"{'error': 'Access limit reached', 'retry_after': '23 hours 27 minutes'}"
YAxhTHul26gN03ih,1744468690630,429,Access limit reached,"{'error': 'Access limit reached', 'retry_after': '23 hours 27 minutes'}"
YAxhTHul26gN03ih,1744468697630,429,Access limit reached,"{'error': 'Access limit reached', 'retry_after': '23 hours 27 minutes'}"
YAxhTHul26gN03ih,1744468697630,429,Access limit reached,"{'error': 'Access limit reached', 'retry_after': '23 hours 27 minutes'}"
YAxhTHul26gN03ih,1744468697630,429,Access limit reached,"{'error': 'Access limit reached', 'retry_after': '23 hours 27 minutes'}"
YAxhTHul26gN03ih,1744468697630,429,Access limit reached,"{'error': 'Access limit reached', 'retry_after': '23 hours 27 minutes'}"
YAxhTHul26gN03ih,1744468697630,429,Access limit reached,"{'error': 'Access limit reached', 'retry_after': '23 hours 27 minutes'}"
YAxhTHul26gN03ih,1744468708630,429,Access limit reached,"{'error': 'Access limit reached', 'retry_after': '23 hours 27 minutes'}"
YAxhTHul26gN03ih,1744468708630,429,Access limit reached,"{'error': 'Access limit reached', 'retry_after': '23 hours 27 minutes'}"
YAxhTHul26gN03ih,1744468708630,429,Access limit reached,"{'error': 'Access limit reached', 'retry_after': '23 hours 27 minutes'}"
YAxhTHul26gN03ih,1744468708630,429,Access limit reached,"{'error': 'Access limit reached', 'retry_after': '23 hours 27 minutes'}"
YAxhTHul26gN03ih,1744468708630,429,Access limit reached,"{'error': 'Access limit reached', 'retry_after': '23 hours 27 minutes'}"
YAxhTHul26gN03ih,1744468738630,429,Access limit reached,"{'error': 'Access limit reached', 'retry_after': '23 hours 27 minutes'}"
YAxhTHul26gN03ih,1744468738630,429,Access limit reached,"{'error': 'Access limit reached', 'retry_after': '23 hours 27 minutes'}"
YAxhTHul26gN03ih,1744468738630,429,Access limit reached,"{'error': 'Access limit reached', 'retry_after': '23 hours 27 minutes'}"
YAxhTHul26gN03ih,1744468738630,429,Access limit reached,"{'error': 'Access limit reached', 'retry_after': '23 hours 27 minutes'}"
YAxhTHul26gN03ih,1744468738630,429,Access limit reached,"{'error': 'Access limit reached', 'retry_after': '23 hours 27 minutes'}"
YAxhTHul26gN03ih,1744468754630,429,Access limit reached,"{'error': 'Access limit reached', 'retry_after': '23 hours 27 minutes'}"
YAxhTHul26gN03ih,1744468754630,429,Access limit reached,"{'error': 'Access limit reached', 'retry_after': '23 hours 27 minutes'}"
YAxhTHul26gN03ih,1744468754630,429,Access limit reached,"{'error': 'Access limit reached', 'retry_after': '23 hours 27 minutes'}"
YAxhTHul26gN03ih,1744468754630,429,Access limit reached,"{'error': 'Access limit reached', 'retry_after': '23 hours 27 minutes'}"
YAxhTHul26gN03ih,1744468754630,429,Access limit reached,"{'error': 'Access limit reached', 'retry_after': '23 hours 27 minutes'}"
YAxhTHul26gN03ih,1744468766630,429,Access limit reached,"{'error': 'Access limit reached', 'retry_after': '23 hours 27 minutes'}"
YAxhTHul26gN03ih,1744468766630,429,Access limit reached,"{'error': 'Access limit reached', 'retry_after': '23 hours 27 minutes'}"
YAxhTHul26gN03ih,1744468766630,429,Access limit reached,"{'error': 'Access limit reached', 'retry_after': '23 hours 27 minutes'}"
YAxhTHul26gN03ih,1744468766630,429,Access limit reached,"{'error': 'Access limit reached', 'retry_after': '23 hours 27 minutes'}"
YAxhTHul26gN03ih,1744468766630,429,Access limit reached,"{'error': 'Access limit reached', 'retry_after': '23 hours 27 minutes'}"
YAxhTHul26gN03ih,1744468793630,429,Access limit reached,"{'error': 'Access limit reached', 'retry_after': '23 hours 27 minutes'}"
YAxhTHul26gN03ih,1744468793630,429,Access limit reached,"{'error': 'Access limit reached', 'retry_after': '23 hours 27 minutes'}"
YAxhTHul26gN03ih,1744468793630,429,Access limit reached,"{'error': 'Access limit reached', 'retry_after': '23 hours 27 minutes'}"
YAxhTHul26gN03ih,1744468793630,429,Access limit reached,"{'error': 'Access limit reached', 'retry_after': '23 hours 27 minutes'}"
YAxhTHul26gN03ih,1744468793630,429,Access limit reached,"{'error': 'Access limit reached', 'retry_after': '23 hours 27 minutes'}"
YAxhTHul26gN03ih,1744468805630,429,Access limit reached,"{'error': 'Access limit reached', 'retry_after': '23 hours 27 minutes'}"
YAxhTHul26gN03ih,1744468805630,429,Access limit reached,"{'error': 'Access limit reached', 'retry_after': '23 hours 27 minutes'}"
YAxhTHul26gN03ih,1744468805630,429,Access limit reached,"{'error': 'Access limit reached', 'retry_after': '23 hours 27 minutes'}"
YAxhTHul26gN03ih,1744468805630,429,Access limit reached,"{'error': 'Access limit reached', 'retry_after': '23 hours 27 minutes'}"
YAxhTHul26gN03ih,1744468805630,429,Access limit reached,"{'error': 'Access limit reached', 'retry_after': '23 hours 27 minutes'}"
YAxhTHul26gN03ih,1744468831630,429,Access limit reached,"{'error': 'Access limit reached', 'retry_after': '23 hours 27 minutes'}"
YAxhTHul26gN03ih,1744468831630,429,Access limit reached,"{'error': 'Access limit reached', 'retry_after': '23 hours 27 minutes'}"
YAxhTHul26gN03ih,1744468831630,429,Access limit reached,"{'error': 'Access limit reached', 'retry_after': '23 hours 27 minutes'}"
YAxhTHul26gN03ih,1744468831630,429,Access limit reached,"{'error': 'Access limit reached', 'retry_after': '23 hours 27 minutes'}"
YAxhTHul26gN03ih,1744468831630,429,Access limit reached,"{'error': 'Access limit reached', 'retry_after': '23 hours 27 minutes'}"
YAxhTHul26gN03ih,1744468846630,429,Access limit reached,"{'error': 'Access limit reached', 'retry_after': '23 hours 27 minutes'}"
YAxhTHul26gN03ih,1744468846630,429,Access limit reached,"{'error': 'Access limit reached', 'retry_after': '23 hours 27 minutes'}"
YAxhTHul26gN03ih,1744468846630,429,Access limit reached,"{'error': 'Access limit reached', 'retry_after': '23 hours 27 minutes'}"
YAxhTHul26gN03ih,1744468846630,429,Access limit reached,"{'error': 'Access limit reached', 'retry_after': '23 hours 27 minutes'}"
YAxhTHul26gN03ih,1744468846630,429,Access limit reached,"{'error': 'Access limit reached', 'retry_after': '23 hours 27 minutes'}"
YAxhTHul26gN03ih,1744468856630,429,Access limit reached,"{'error': 'Access limit reached', 'retry_after': '23 hours 27 minutes'}"
YAxhTHul26gN03ih,1744468856630,429,Access limit reached,"{'error': 'Access limit reached', 'retry_after': '23 hours 27 minutes'}"
YAxhTHul26gN03ih,1744468856630,429,Access limit reached,"{'error': 'Access limit reached', 'retry_after': '23 hours 27 minutes'}"
YAxhTHul26gN03ih,1744468856630,429,Access limit reached,"{'error': 'Access limit reached', 'retry_after': '23 hours 27 minutes'}"
YAxhTHul26gN03ih,1744468856630,429,Access limit reached,"{'error': 'Access limit reached', 'retry_after': '23 hours 27 minutes'}"
YAxhTHul26gN03ih,1744468884630,429,Access limit reached,"{'error': 'Access limit reached', 'retry_after': '23 hours 27 minutes'}"
YAxhTHul26gN03ih,1744468884630,429,Access limit reached,"{'error': 'Access limit reached', 'retry_after': '23 hours 27 minutes'}"
YAxhTHul26gN03ih,1744468884630,429,Access limit reached,"{'error': 'Access limit reached', 'retry_after': '23 hours 27 minutes'}"
YAxhTHul26gN03ih,1744468884630,429,Access limit reached,"{'error': 'Access limit reached', 'retry_after': '23 hours 27 minutes'}"
YAxhTHul26gN03ih,1744468884630,429,Access limit reached,"{'error': 'Access limit reached', 'retry_after': '23 hours 27 minutes'}"
YAxhTHul26gN03ih,1744468898630,429,Access limit reached,"{'error': 'Access limit reached', 'retry_after': '23 hours 27 minutes'}"
YAxhTHul26gN03ih,1744468898630,429,Access limit reached,"{'error': 'Access limit reached', 'retry_after': '23 hours 27 minutes'}"
YAxhTHul26gN03ih,1744468898630,429,Access limit reached,"{'error': 'Access limit reached', 'retry_after': '23 hours 27 minutes'}"
YAxhTHul26gN03ih,1744468898630,429,Access limit reached,"{'error': 'Access limit reached', 'retry_after': '23 hours 27 minutes'}"
YAxhTHul26gN03ih,1744468898630,429,Access limit reached,"{'error': 'Access limit reached', 'retry_after': '23 hours 27 minutes'}"
YAxhTHul26gN03ih,1744468925630,429,Access limit reached,"{'error': 'Access limit reached', 'retry_after': '23 hours 27 minutes'}"
YAxhTHul26gN03ih,1744468925630,429,Access limit reached,"{'error': 'Access limit reached', 'retry_after': '23 hours 27 minutes'}"
YAxhTHul26gN03ih,1744468925630,429,Access limit reached,"{'error': 'Access limit reached', 'retry_after': '23 hours 27 minutes'}"
YAxhTHul26gN03ih,1744468925630,429,Access limit reached,"{'error': 'Access limit reached', 'retry_after': '23 hours 27 minutes'}"
YAxhTHul26gN03ih,1744468925630,429,Access limit reached,"{'error': 'Access limit reached', 'retry_after': '23 hours 27 minutes'}"
YAxhTHul26gN03ih,1744468946630,429,Access limit reached,"{'error': 'Access limit reached', 'retry_after': '23 hours 27 minutes'}"
YAxhTHul26gN03ih,1744468946630,429,Access limit reached,"{'error': 'Access limit reached', 'retry_after': '23 hours 27 minutes'}"
YAxhTHul26gN03ih,1744468946630,429,Access limit reached,"{'error': 'Access limit reached', 'retry_after': '23 hours 27 minutes'}"
YAxhTHul26gN03ih,1744468946630,429,Access limit reached,"{'error': 'Access limit reached', 'retry_after': '23 hours 27 minutes'}"
YAxhTHul26gN03ih,1744468946630,429,Access limit reached,"{'error': 'Access limit reached', 'retry_after': '23 hours 27 minutes'}"
YAxhTHul26gN03ih,1744468962630,429,Access limit reached,"{'error': 'Access limit reached', 'retry_after': '23 hours 27 minutes'}"
YAxhTHul26gN03ih,1744468962630,429,Access limit reached,"{'error': 'Access limit reached', 'retry_after': '23 hours 27 minutes'}"
YAxhTHul26gN03ih,1744468962630,429,Access limit reached,"{'error': 'Access limit reached', 'retry_after': '23 hours 27 minutes'}"
YAxhTHul26gN03ih,1744468962630,429,Access limit reached,"{'error': 'Access limit reached', 'retry_after': '23 hours 27 minutes'}"
YAxhTHul26gN03ih,1744468962630,429,Access limit reached,"{'error': 'Access limit reached', 'retry_after': '23 hours 27 minutes'}"
YAxhTHul26gN03ih,1744468978630,429,Access limit reached,"{'error': 'Access limit reached', 'retry_after': '23 hours 27 minutes'}"
YAxhTHul26gN03ih,1744468978630,429,Access limit reached,"{'error': 'Access limit reached', 'retry_after': '23 hours 27 minutes'}"
YAxhTHul26gN03ih,1744468978630,429,Access limit reached,"{'error': 'Access limit reached', 'retry_after': '23 hours 27 minutes'}"
YAxhTHul26gN03ih,1744468978630,429,Access limit reached,"{'error': 'Access limit reached', 'retry_after': '23 hours 27 minutes'}"
YAxhTHul26gN03ih,1744468978630,429,Access limit reached,"{'error': 'Access limit reached', 'retry_after': '23 hours 27 minutes'}"
YAxhTHul26gN03ih,1744469008630,429,Access limit reached,"{'error': 'Access limit reached', 'retry_after': '23 hours 27 minutes'}"
YAxhTHul26gN03ih,1744469008630,429,Access limit reached,"{'error': 'Access limit reached', 'retry_after': '23 hours 27 minutes'}"
YAxhTHul26gN03ih,1744469008630,429,Access limit reached,"{'error': 'Access limit reached', 'retry_after': '23 hours 27 minutes'}"
YAxhTHul26gN03ih,1744469008630,429,Access limit reached,"{'error': 'Access limit reached', 'retry_after': '23 hours 27 minutes'}"
YAxhTHul26gN03ih,1744469008630,429,Access limit reached,"{'error': 'Access limit reached', 'retry_after': '23 hours 27 minutes'}"
YAxhTHul26gN03ih,1744469036630,429,Access limit reached,"{'error': 'Access limit reached', 'retry_after': '23 hours 27 minutes'}"
YAxhTHul26gN03ih,1744469036630,429,Access limit reached,"{'error': 'Access limit reached', 'retry_after': '23 hours 27 minutes'}"
YAxhTHul26gN03ih,1744469036630,429,Access limit reached,"{'error': 'Access limit reached', 'retry_after': '23 hours 27 minutes'}"
YAxhTHul26gN03ih,1744469036630,429,Access limit reached,"{'error': 'Access limit reached', 'retry_after': '23 hours 27 minutes'}"
YAxhTHul26gN03ih,1744469036630,429,Access limit reached,"{'error': 'Access limit reached', 'retry_after': '23 hours 27 minutes'}"
YAxhTHul26gN03ih,1744469048630,429,Access limit reached,"{'error': 'Access limit reached', 'retry_after': '23 hours 27 minutes'}"
YAxhTHul26gN03ih,1744469048630,429,Access limit reached,"{'error': 'Access limit reached', 'retry_after': '23 hours 27 minutes'}"
YAxhTHul26gN03ih,1744469048630,429,Access limit reached,"{'error': 'Access limit reached', 'retry_after': '23 hours 27 minutes'}"
YAxhTHul26gN03ih,1744469048630,429,Access limit reached,"{'error': 'Access limit reached', 'retry_after': '23 hours 27 minutes'}"
YAxhTHul26gN03ih,1744469048630,429,Access limit reached,"{'error': 'Access limit reached', 'retry_after': '23 hours 27 minutes'}"
YAxhTHul26gN03ih,1744469061630,429,Access limit reached,"{'error': 'Access limit reached', 'retry_after': '23 hours 27 minutes'}"
YAxhTHul26gN03ih,1744469061630,429,Access limit reached,"{'error': 'Access limit reached', 'retry_after': '23 hours 27 minutes'}"
YAxhTHul26gN03ih,1744469061630,429,Access limit reached,"{'error': 'Access limit reached', 'retry_after': '23 hours 27 minutes'}"
YAxhTHul26gN03ih,1744469061630,429,Access limit reached,"{'error': 'Access limit reached', 'retry_after': '23 hours 27 minutes'}"
YAxhTHul26gN03ih,1744469061630,429,Access limit reached,"{'error': 'Access limit reached', 'retry_after': '23 hours 27 minutes'}"
YAxhTHul26gN03ih,1744469090630,429,Access limit reached,"{'error': 'Access limit reached', 'retry_after': '23 hours 27 minutes'}"
YAxhTHul26gN03ih,1744469090630,429,Access limit reached,"{'error': 'Access limit reached', 'retry_after': '23 hours 27 minutes'}"
YAxhTHul26gN03ih,1744469090630,429,Access limit reached,"{'error': 'Access limit reached', 'retry_after': '23 hours 27 minutes'}"
YAxhTHul26gN03ih,1744469090630,429,Access limit reached,"{'error': 'Access limit reached', 'retry_after': '23 hours 27 minutes'}"
YAxhTHul26gN03ih,1744469090630,429,Access limit reached,"{'error': 'Access limit reached', 'retry_after': '23 hours 27 minutes'}"
YAxhTHul26gN03ih,1744469095630,429,Access limit reached,"{'error': 'Access limit reached', 'retry_after': '23 hours 27 minutes'}"
YAxhTHul26gN03ih,1744469095630,429,Access limit reached,"{'error': 'Access limit reached', 'retry_after': '23 hours 27 minutes'}"
YAxhTHul26gN03ih,1744469095630,429,Access limit reached,"{'error': 'Access limit reached', 'retry_after': '23 hours 27 minutes'}"
YAxhTHul26gN03ih,1744469095630,429,Access limit reached,"{'error': 'Access limit reached', 'retry_after': '23 hours 27 minutes'}"
YAxhTHul26gN03ih,1744469095630,429,Access limit reached,"{'error': 'Access limit reached', 'retry_after': '23 hours 27 minutes'}"
YAxhTHul26gN03ih,1744469108630,429,Access limit reached,"{'error': 'Access limit reached', 'retry_after': '23 hours 27 minutes'}"
YAxhTHul26gN03ih,1744469108630,429,Access limit reached,"{'error': 'Access limit reached', 'retry_after': '23 hours 27 minutes'}"
YAxhTHul26gN03ih,1744469108630,429,Access limit reached,"{'error': 'Access limit reached', 'retry_after': '23 hours 27 minutes'}"
YAxhTHul26gN03ih,1744469108630,429,Access limit reached,"{'error': 'Access limit reached', 'retry_after': '23 hours 27 minutes'}"
YAxhTHul26gN03ih,1744469108630,429,Access limit reached,"{'error': 'Access limit reached', 'retry_after': '23 hours 27 minutes'}"
YAxhTHul26gN03ih,1744469132630,429,Access limit reached,"{'error': 'Access limit reached', 'retry_after': '23 hours 27 minutes'}"
YAxhTHul26gN03ih,1744469132630,429,Access limit reached,"{'error': 'Access limit reached', 'retry_after': '23 hours 27 minutes'}"
YAxhTHul26gN03ih,1744469132630,429,Access limit reached,"{'error': 'Access limit reached', 'retry_after': '23 hours 27 minutes'}"
YAxhTHul26gN03ih,1744469132630,429,Access limit reached,"{'error': 'Access limit reached', 'retry_after': '23 hours 27 minutes'}"
YAxhTHul26gN03ih,1744469132630,429,Access limit reached,"{'error': 'Access limit reached', 'retry_after': '23 hours 27 minutes'}"
YAxhTHul26gN03ih,1744469154630,429,Access limit reached,"{'error': 'Access limit reached', 'retry_after': '23 hours 27 minutes'}"
YAxhTHul26gN03ih,1744469154630,429,Access limit reached,"{'error': 'Access limit reached', 'retry_after': '23 hours 27 minutes'}"
YAxhTHul26gN03ih,1744469154630,429,Access limit reached,"{'error': 'Access limit reached', 'retry_after': '23 hours 27 minutes'}"
YAxhTHul26gN03ih,1744469154630,429,Access limit reached,"{'error': 'Access limit reached', 'retry_after': '23 hours 27 minutes'}"
YAxhTHul26gN03ih,1744469154630,429,Access limit reached,"{'error': 'Access limit reached', 'retry_after': '23 hours 27 minutes'}"
YAxhTHul26gN03ih,1744469163630,429,Access limit reached,"{'error': 'Access limit reached', 'retry_after': '23 hours 27 minutes'}"
YAxhTHul26gN03ih,1744469163630,429,Access limit reached,"{'error': 'Access limit reached', 'retry_after': '23 hours 27 minutes'}"
YAxhTHul26gN03ih,1744469163630,429,Access limit reached,"{'error': 'Access limit reached', 'retry_after': '23 hours 27 minutes'}"
YAxhTHul26gN03ih,1744469163630,429,Access limit reached,"{'error': 'Access limit reached', 'retry_after': '23 hours 27 minutes'}"
YAxhTHul26gN03ih,1744469163630,429,Access limit reached,"{'error': 'Access limit reached', 'retry_after': '23 hours 27 minutes'}"
YAxhTHul26gN03ih,1744469189630,429,Access limit reached,"{'error': 'Access limit reached', 'retry_after': '23 hours 27 minutes'}"
YAxhTHul26gN03ih,1744469189630,429,Access limit reached,"{'error': 'Access limit reached', 'retry_after': '23 hours 27 minutes'}"
YAxhTHul26gN03ih,1744469189630,429,Access limit reached,"{'error': 'Access limit reached', 'retry_after': '23 hours 27 minutes'}"
YAxhTHul26gN03ih,1744469189630,429,Access limit reached,"{'error': 'Access limit reached', 'retry_after': '23 hours 27 minutes'}"
YAxhTHul26gN03ih,1744469189630,429,Access limit reached,"{'error': 'Access limit reached', 'retry_after': '23 hours 27 minutes'}"
YAxhTHul26gN03ih,1744469204630,429,Access limit reached,"{'error': 'Access limit reached', 'retry_after': '23 hours 27 minutes'}"
YAxhTHul26gN03ih,1744469204630,429,Access limit reached,"{'error': 'Access limit reached', 'retry_after': '23 hours 27 minutes'}"
YAxhTHul26gN03ih,1744469204630,429,Access limit reached,"{'error': 'Access limit reached', 'retry_after': '23 hours 27 minutes'}"
YAxhTHul26gN03ih,1744469204630,429,Access limit reached,"{'error': 'Access limit reached', 'retry_after': '23 hours 27 minutes'}"
YAxhTHul26gN03ih,1744469204630,429,Access limit reached,"{'error': 'Access limit reached', 'retry_after': '23 hours 27 minutes'}"
YAxhTHul26gN03ih,1744469209630,429,Access limit reached,"{'error': 'Access limit reached', 'retry_after': '23 hours 27 minutes'}"
YAxhTHul26gN03ih,1744469209630,429,Access limit reached,"{'error': 'Access limit reached', 'retry_after': '23 hours 27 minutes'}"
YAxhTHul26gN03ih,1744469209630,429,Access limit reached,"{'error': 'Access limit reached', 'retry_after': '23 hours 27 minutes'}"
YAxhTHul26gN03ih,1744469209630,429,Access limit reached,"{'error': 'Access limit reached', 'retry_after': '23 hours 27 minutes'}"
YAxhTHul26gN03ih,1744469209630,429,Access limit reached,"{'error': 'Access limit reached', 'retry_after': '23 hours 27 minutes'}"
YAxhTHul26gN03ih,1744469225630,429,Access limit reached,"{'error': 'Access limit reached', 'retry_after': '23 hours 27 minutes'}"
YAxhTHul26gN03ih,1744469225630,429,Access limit reached,"{'error': 'Access limit reached', 'retry_after': '23 hours 27 minutes'}"
YAxhTHul26gN03ih,1744469225630,429,Access limit reached,"{'error': 'Access limit reached', 'retry_after': '23 hours 27 minutes'}"
YAxhTHul26gN03ih,1744469225630,429,Access limit reached,"{'error': 'Access limit reached', 'retry_after': '23 hours 27 minutes'}"
YAxhTHul26gN03ih,1744469225630,429,Access limit reached,"{'error': 'Access limit reached', 'retry_after': '23 hours 27 minutes'}"
YAxhTHul26gN03ih,1744469255630,429,Access limit reached,"{'error': 'Access limit reached', 'retry_after': '23 hours 27 minutes'}"
YAxhTHul26gN03ih,1744469255630,429,Access limit reached,"{'error': 'Access limit reached', 'retry_after': '23 hours 27 minutes'}"
YAxhTHul26gN03ih,1744469255630,429,Access limit reached,"{'error': 'Access limit reached', 'retry_after': '23 hours 27 minutes'}"
YAxhTHul26gN03ih,1744469255630,429,Access limit reached,"{'error': 'Access limit reached', 'retry_after': '23 hours 27 minutes'}"
YAxhTHul26gN03ih,1744469255630,429,Access limit reached,"{'error': 'Access limit reached', 'retry_after': '23 hours 27 minutes'}"
YAxhTHul26gN03ih,1744469269630,429,Access limit reached,"{'error': 'Access limit reached', 'retry_after': '23 hours 27 minutes'}"
YAxhTHul26gN03ih,1744469269630,429,Access limit reached,"{'error': 'Access limit reached', 'retry_after': '23 hours 27 minutes'}"
YAxhTHul26gN03ih,1744469269630,429,Access limit reached,"{'error': 'Access limit reached', 'retry_after': '23 hours 27 minutes'}"
YAxhTHul26gN03ih,1744469269630,429,Access limit reached,"{'error': 'Access limit reached', 'retry_after': '23 hours 27 minutes'}"
YAxhTHul26gN03ih,1744469269630,429,Access limit reached,"{'error': 'Access limit reached', 'retry_after': '23 hours 27 minutes'}"
aszabQWSCjYcWD9a,1744469286630,429,Access limit reached,"{'error': 'Access limit reached', 'retry_after': '13 hours 4 minutes'}"
aszabQWSCjYcWD9a,1744469286630,429,Access limit reached,"{'error': 'Access limit reached', 'retry_after': '13 hours 4 minutes'}"
aszabQWSCjYcWD9a,1744469286630,429,Access limit reached,"{'error': 'Access limit reached', 'retry_after': '13 hours 4 minutes'}"
aszabQWSCjYcWD9a,1744469286630,429,Access limit reached,"{'error': 'Access limit reached', 'retry_after': '13 hours 4 minutes'}"
aszabQWSCjYcWD9a,1744469286630,429,Access limit reached,"{'error': 'Access limit reached', 'retry_after': '13 hours 4 minutes'}"
aszabQWSCjYcWD9a,1744469313630,429,Access limit reached,"{'error': 'Access limit reached', 'retry_after': '13 hours 4 minutes'}"
aszabQWSCjYcWD9a,1744469313630,429,Access limit reached,"{'error': 'Access limit reached', 'retry_after': '13 hours 4 minutes'}"
aszabQWSCjYcWD9a,1744469313630,429,Access limit reached,"{'error': 'Access limit reached', 'retry_after': '13 hours 4 minutes'}"
aszabQWSCjYcWD9a,1744469313630,429,Access limit reached,"{'error': 'Access limit reached', 'retry_after': '13 hours 4 minutes'}"
aszabQWSCjYcWD9a,1744469313630,429,Access limit reached,"{'error': 'Access limit reached', 'retry_after': '13 hours 4 minutes'}"
aszabQWSCjYcWD9a,1744469343630,429,Access limit reached,"{'error': 'Access limit reached', 'retry_after': '13 hours 4 minutes'}"
aszabQWSCjYcWD9a,1744469343630,429,Access limit reached,"{'error': 'Access limit reached', 'retry_after': '13 hours 4 minutes'}"
aszabQWSCjYcWD9a,1744469343630,429,Access limit reached,"{'error': 'Access limit reached', 'retry_after': '13 hours 4 minutes'}"
aszabQWSCjYcWD9a,1744469343630,429,Access limit reached,"{'error': 'Access limit reached', 'retry_after': '13 hours 4 minutes'}"
aszabQWSCjYcWD9a,1744469343630,429,Access limit reached,"{'error': 'Access limit reached', 'retry_after': '13 hours 4 minutes'}"
aszabQWSCjYcWD9a,1744469363630,429,Access limit reached,"{'error': 'Access limit reached', 'retry_after': '13 hours 4 minutes'}"
aszabQWSCjYcWD9a,1744469363630,429,Access limit reached,"{'error': 'Access limit reached', 'retry_after': '13 hours 4 minutes'}"
aszabQWSCjYcWD9a,1744469363630,429,Access limit reached,"{'error': 'Access limit reached', 'retry_after': '13 hours 4 minutes'}"
aszabQWSCjYcWD9a,1744469363630,429,Access limit reached,"{'error': 'Access limit reached', 'retry_after': '13 hours 4 minutes'}"
aszabQWSCjYcWD9a,1744469363630,429,Access limit reached,"{'error': 'Access limit reached', 'retry_after': '13 hours 4 minutes'}"
aszabQWSCjYcWD9a,1744469391630,429,Access limit reached,"{'error': 'Access limit reached', 'retry_after': '13 hours 4 minutes'}"
aszabQWSCjYcWD9a,1744469391630,429,Access limit reached,"{'error': 'Access limit reached', 'retry_after': '13 hours 4 minutes'}"
aszabQWSCjYcWD9a,1744469391630,429,Access limit reached,"{'error': 'Access limit reached', 'retry_after': '13 hours 4 minutes'}"
aszabQWSCjYcWD9a,1744469391630,429,Access limit reached,"{'error': 'Access limit reached', 'retry_after': '13 hours 4 minutes'}"
aszabQWSCjYcWD9a,1744469391630,429,Access limit reached,"{'error': 'Access limit reached', 'retry_after': '13 hours 4 minutes'}"
aszabQWSCjYcWD9a,1744469416630,429,Access limit reached,"{'error': 'Access limit reached', 'retry_after': '13 hours 4 minutes'}"
aszabQWSCjYcWD9a,1744469416630,429,Access limit reached,"{'error': 'Access limit reached', 'retry_after': '13 hours 4 minutes'}"
aszabQWSCjYcWD9a,1744469416630,429,Access limit reached,"{'error': 'Access limit reached', 'retry_after': '13 hours 4 minutes'}"
aszabQWSCjYcWD9a,1744469416630,429,Access limit reached,"{'error': 'Access limit reached', 'retry_after': '13 hours 4 minutes'}"
aszabQWSCjYcWD9a,1744469416630,429,Access limit reached,"{'error': 'Access limit reached', 'retry_after': '13 hours 4 minutes'}"
aszabQWSCjYcWD9a,1744469426630,429,Access limit reached,"{'error': 'Access limit reached', 'retry_after': '13 hours 4 minutes'}"
aszabQWSCjYcWD9a,1744469426630,429,Access limit reached,"{'error': 'Access limit reached', 'retry_after': '13 hours 4 minutes'}"
aszabQWSCjYcWD9a,1744469426630,429,Access limit reached,"{'error': 'Access limit reached', 'retry_after': '13 hours 4 minutes'}"
aszabQWSCjYcWD9a,1744469426630,429,Access limit reached,"{'error': 'Access limit reached', 'retry_after': '13 hours 4 minutes'}"
aszabQWSCjYcWD9a,1744469426630,429,Access limit reached,"{'error': 'Access limit reached', 'retry_after': '13 hours 4 minutes'}"
aszabQWSCjYcWD9a,1744469434630,429,Access limit reached,"{'error': 'Access limit reached', 'retry_after': '13 hours 4 minutes'}"
aszabQWSCjYcWD9a,1744469434630,429,Access limit reached,"{'error': 'Access limit reached', 'retry_after': '13 hours 4 minutes'}"
aszabQWSCjYcWD9a,1744469434630,429,Access limit reached,"{'error': 'Access limit reached', 'retry_after': '13 hours 4 minutes'}"
aszabQWSCjYcWD9a,1744469434630,429,Access limit reached,"{'error': 'Access limit reached', 'retry_after': '13 hours 4 minutes'}"
aszabQWSCjYcWD9a,1744469434630,429,Access limit reached,"{'error': 'Access limit reached', 'retry_after': '13 hours 4 minutes'}"
aszabQWSCjYcWD9a,1744469454630,429,Access limit reached,"{'error': 'Access limit reached', 'retry_after': '13 hours 4 minutes'}"
aszabQWSCjYcWD9a,1744469454630,429,Access limit reached,"{'error': 'Access limit reached', 'retry_after': '13 hours 4 minutes'}"
aszabQWSCjYcWD9a,1744469454630,429,Access limit reached,"{'error': 'Access limit reached', 'retry_after': '13 hours 4 minutes'}"
aszabQWSCjYcWD9a,1744469454630,429,Access limit reached,"{'error': 'Access limit reached', 'retry_after': '13 hours 4 minutes'}"
aszabQWSCjYcWD9a,1744469454630,429,Access limit reached,"{'error': 'Access limit reached', 'retry_after': '13 hours 4 minutes'}"
aszabQWSCjYcWD9a,1744469476630,429,Access limit reached,"{'error': 'Access limit reached', 'retry_after': '13 hours 4 minutes'}"
aszabQWSCjYcWD9a,1744469476630,429,Access limit reached,"{'error': 'Access limit reached', 'retry_after': '13 hours 4 minutes'}"
aszabQWSCjYcWD9a,1744469476630,429,Access limit reached,"{'error': 'Access limit reached', 'retry_after': '13 hours 4 minutes'}"
aszabQWSCjYcWD9a,1744469476630,429,Access limit reached,"{'error': 'Access limit reached', 'retry_after': '13 hours 4 minutes'}"
aszabQWSCjYcWD9a,1744469476630,429,Access limit reached,"{'error': 'Access limit reached', 'retry_after': '13 hours 4 minutes'}"
aszabQWSCjYcWD9a,1744469505630,429,Access limit reached,"{'error': 'Access limit reached', 'retry_after': '13 hours 4 minutes'}"
aszabQWSCjYcWD9a,1744469505630,429,Access limit reached,"{'error': 'Access limit reached', 'retry_after': '13 hours 4 minutes'}"
aszabQWSCjYcWD9a,1744469505630,429,Access limit reached,"{'error': 'Access limit reached', 'retry_after': '13 hours 4 minutes'}"
aszabQWSCjYcWD9a,1744469505630,429,Access limit reached,"{'error': 'Access limit reached', 'retry_after': '13 hours 4 minutes'}"
aszabQWSCjYcWD9a,1744469505630,429,Access limit reached,"{'error': 'Access limit reached', 'retry_after': '13 hours 4 minutes'}"
aszabQWSCjYcWD9a,1744469513630,429,Access limit reached,"{'error': 'Access limit reached', 'retry_after': '13 hours 4 minutes'}"
aszabQWSCjYcWD9a,1744469513630,429,Access limit reached,"{'error': 'Access limit reached', 'retry_after': '13 hours 4 minutes'}"
aszabQWSCjYcWD9a,1744469513630,429,Access limit reached,"{'error': 'Access limit reached', 'retry_after': '13 hours 4 minutes'}"
aszabQWSCjYcWD9a,1744469513630,429,Access limit reached,"{'error': 'Access limit reached', 'retry_after': '13 hours 4 minutes'}"
aszabQWSCjYcWD9a,1744469513630,429,Access limit reached,"{'error': 'Access limit reached', 'retry_after': '13 hours 4 minutes'}"
aszabQWSCjYcWD9a,1744469534630,429,Access limit reached,"{'error': 'Access limit reached', 'retry_after': '13 hours 4 minutes'}"
aszabQWSCjYcWD9a,1744469534630,429,Access limit reached,"{'error': 'Access limit reached', 'retry_after': '13 hours 4 minutes'}"
aszabQWSCjYcWD9a,1744469534630,429,Access limit reached,"{'error': 'Access limit reached', 'retry_after': '13 hours 4 minutes'}"
aszabQWSCjYcWD9a,1744469534630,429,Access limit reached,"{'error': 'Access limit reached', 'retry_after': '13 hours 4 minutes'}"
aszabQWSCjYcWD9a,1744469534630,429,Access limit reached,"{'error': 'Access limit reached', 'retry_after': '13 hours 4 minutes'}"
aszabQWSCjYcWD9a,1744469543630,429,Access limit reached,"{'error': 'Access limit reached', 'retry_after': '13 hours 4 minutes'}"
aszabQWSCjYcWD9a,1744469543630,429,Access limit reached,"{'error': 'Access limit reached', 'retry_after': '13 hours 4 minutes'}"
aszabQWSCjYcWD9a,1744469543630,429,Access limit reached,"{'error': 'Access limit reached', 'retry_after': '13 hours 4 minutes'}"
aszabQWSCjYcWD9a,1744469543630,429,Access limit reached,"{'error': 'Access limit reached', 'retry_after': '13 hours 4 minutes'}"
aszabQWSCjYcWD9a,1744469543630,429,Access limit reached,"{'error': 'Access limit reached', 'retry_after': '13 hours 4 minutes'}"
aszabQWSCjYcWD9a,1744469560630,429,Access limit reached,"{'error': 'Access limit reached', 'retry_after': '13 hours 4 minutes'}"
aszabQWSCjYcWD9a,1744469560630,429,Access limit reached,"{'error': 'Access limit reached', 'retry_after': '13 hours 4 minutes'}"
aszabQWSCjYcWD9a,1744469560630,429,Access limit reached,"{'error': 'Access limit reached', 'retry_after': '13 hours 4 minutes'}"
aszabQWSCjYcWD9a,1744469560630,429,Access limit reached,"{'error': 'Access limit reached', 'retry_after': '13 hours 4 minutes'}"
aszabQWSCjYcWD9a,1744469560630,429,Access limit reached,"{'error': 'Access limit reached', 'retry_after': '13 hours 4 minutes'}"
aszabQWSCjYcWD9a,1744469567630,429,Access limit reached,"{'error': 'Access limit reached', 'retry_after': '13 hours 4 minutes'}"
aszabQWSCjYcWD9a,1744469567630,429,Access limit reached,"{'error': 'Access limit reached', 'retry_after': '13 hours 4 minutes'}"
aszabQWSCjYcWD9a,1744469567630,429,Access limit reached,"{'error': 'Access limit reached', 'retry_after': '13 hours 4 minutes'}"
aszabQWSCjYcWD9a,1744469567630,429,Access limit reached,"{'error': 'Access limit reached', 'retry_after': '13 hours 4 minutes'}"
aszabQWSCjYcWD9a,1744469567630,429,Access limit reached,"{'error': 'Access limit reached', 'retry_after': '13 hours 4 minutes'}"
aszabQWSCjYcWD9a,1744469590630,429,Access limit reached,"{'error': 'Access limit reached', 'retry_after': '13 hours 4 minutes'}"
aszabQWSCjYcWD9a,1744469590630,429,Access limit reached,"{'error': 'Access limit reached', 'retry_after': '13 hours 4 minutes'}"
aszabQWSCjYcWD9a,1744469590630,429,Access limit reached,"{'error': 'Access limit reached', 'retry_after': '13 hours 4 minutes'}"
aszabQWSCjYcWD9a,1744469590630,429,Access limit reached,"{'error': 'Access limit reached', 'retry_after': '13 hours 4 minutes'}"
aszabQWSCjYcWD9a,1744469590630,429,Access limit reached,"{'error': 'Access limit reached', 'retry_after': '13 hours 4 minutes'}"
aszabQWSCjYcWD9a,1744469614630,429,Access limit reached,"{'error': 'Access limit reached', 'retry_after': '13 hours 4 minutes'}"
aszabQWSCjYcWD9a,1744469614630,429,Access limit reached,"{'error': 'Access limit reached', 'retry_after': '13 hours 4 minutes'}"
aszabQWSCjYcWD9a,1744469614630,429,Access limit reached,"{'error': 'Access limit reached', 'retry_after': '13 hours 4 minutes'}"
aszabQWSCjYcWD9a,1744469614630,429,Access limit reached,"{'error': 'Access limit reached', 'retry_after': '13 hours 4 minutes'}"
aszabQWSCjYcWD9a,1744469614630,429,Access limit reached,"{'error': 'Access limit reached', 'retry_after': '13 hours 4 minutes'}"
aszabQWSCjYcWD9a,1744469635630,429,Access limit reached,"{'error': 'Access limit reached', 'retry_after': '13 hours 4 minutes'}"
aszabQWSCjYcWD9a,1744469635630,429,Access limit reached,"{'error': 'Access limit reached', 'retry_after': '13 hours 4 minutes'}"
aszabQWSCjYcWD9a,1744469635630,429,Access limit reached,"{'error': 'Access limit reached', 'retry_after': '13 hours 4 minutes'}"
aszabQWSCjYcWD9a,1744469635630,429,Access limit reached,"{'error': 'Access limit reached', 'retry_after': '13 hours 4 minutes'}"
aszabQWSCjYcWD9a,1744469635630,429,Access limit reached,"{'error': 'Access limit reached', 'retry_after': '13 hours 4 minutes'}"
aszabQWSCjYcWD9a,1744469647630,429,Access limit reached,"{'error': 'Access limit reached', 'retry_after': '13 hours 4 minutes'}"
aszabQWSCjYcWD9a,1744469647630,429,Access limit reached,"{'error': 'Access limit reached', 'retry_after': '13 hours 4 minutes'}"
aszabQWSCjYcWD9a,1744469647630,429,Access limit reached,"{'error': 'Access limit reached', 'retry_after': '13 hours 4 minutes'}"
aszabQWSCjYcWD9a,1744469647630,429,Access limit reached,"{'error': 'Access limit reached', 'retry_after': '13 hours 4 minutes'}"
aszabQWSCjYcWD9a,1744469647630,429,Access limit reached,"{'error': 'Access limit reached', 'retry_after': '13 hours 4 minutes'}"
aszabQWSCjYcWD9a,1744469674630,429,Access limit reached,"{'error': 'Access limit reached', 'retry_after': '13 hours 4 minutes'}"
aszabQWSCjYcWD9a,1744469674630,429,Access limit reached,"{'error': 'Access limit reached', 'retry_after': '13 hours 4 minutes'}"
aszabQWSCjYcWD9a,1744469674630,429,Access limit reached,"{'error': 'Access limit reached', 'retry_after': '13 hours 4 minutes'}"
aszabQWSCjYcWD9a,1744469674630,429,Access limit reached,"{'error': 'Access limit reached', 'retry_after': '13 hours 4 minutes'}"
aszabQWSCjYcWD9a,1744469674630,429,Access limit reached,"{'error': 'Access limit reached', 'retry_after': '13 hours 4 minutes'}"
aszabQWSCjYcWD9a,1744469687630,429,Access limit reached,"{'error': 'Access limit reached', 'retry_after': '13 hours 4 minutes'}"
aszabQWSCjYcWD9a,1744469687630,429,Access limit reached,"{'error': 'Access limit reached', 'retry_after': '13 hours 4 minutes'}"
aszabQWSCjYcWD9a,1744469687630,429,Access limit reached,"{'error': 'Access limit reached', 'retry_after': '13 hours 4 minutes'}"
aszabQWSCjYcWD9a,1744469687630,429,Access limit reached,"{'error': 'Access limit reached', 'retry_after': '13 hours 4 minutes'}"
aszabQWSCjYcWD9a,1744469687630,429,Access limit reached,"{'error': 'Access limit reached', 'retry_after': '13 hours 4 minutes'}"
aszabQWSCjYcWD9a,1744469709630,429,Access limit reached,"{'error': 'Access limit reached', 'retry_after': '13 hours 4 minutes'}"
aszabQWSCjYcWD9a,1744469709630,429,Access limit reached,"{'error': 'Access limit reached', 'retry_after': '13 hours 4 minutes'}"
aszabQWSCjYcWD9a,1744469709630,429,Access limit reached,"{'error': 'Access limit reached', 'retry_after': '13 hours 4 minutes'}"
aszabQWSCjYcWD9a,1744469709630,429,Access limit reached,"{'error': 'Access limit reached', 'retry_after': '13 hours 4 minutes'}"
aszabQWSCjYcWD9a,1744469709630,429,Access limit reached,"{'error': 'Access limit reached', 'retry_after': '13 hours 4 minutes'}"
aszabQWSCjYcWD9a,1744469726630,429,Access limit reached,"{'error': 'Access limit reached', 'retry_after': '13 hours 4 minutes'}"
aszabQWSCjYcWD9a,1744469726630,429,Access limit reached,"{'error': 'Access limit reached', 'retry_after': '13 hours 4 minutes'}"
aszabQWSCjYcWD9a,1744469726630,429,Access limit reached,"{'error': 'Access limit reached', 'retry_after': '13 hours 4 minutes'}"
aszabQWSCjYcWD9a,1744469726630,429,Access limit reached,"{'error': 'Access limit reached', 'retry_after': '13 hours 4 minutes'}"
aszabQWSCjYcWD9a,1744469726630,429,Access limit reached,"{'error': 'Access limit reached', 'retry_after': '13 hours 4 minutes'}"
aszabQWSCjYcWD9a,1744469749630,429,Access limit reached,"{'error': 'Access limit reached', 'retry_after': '13 hours 4 minutes'}"
aszabQWSCjYcWD9a,1744469749630,429,Access limit reached,"{'error': 'Access limit reached', 'retry_after': '13 hours 4 minutes'}"
aszabQWSCjYcWD9a,1744469749630,429,Access limit reached,"{'error': 'Access limit reached', 'retry_after': '13 hours 4 minutes'}"
aszabQWSCjYcWD9a,1744469749630,429,Access limit reached,"{'error': 'Access limit reached', 'retry_after': '13 hours 4 minutes'}"
aszabQWSCjYcWD9a,1744469749630,429,Access limit reached,"{'error': 'Access limit reached', 'retry_after': '13 hours 4 minutes'}"
WNIW6wOBUcvDOXyr,1744469763630,429,Access limit reached,"{'error': 'Access limit reached', 'retry_after': '0 hours 50 minutes'}"
WNIW6wOBUcvDOXyr,1744469763630,429,Access limit reached,"{'error': 'Access limit reached', 'retry_after': '0 hours 50 minutes'}"
WNIW6wOBUcvDOXyr,1744469763630,429,Access limit reached,"{'error': 'Access limit reached', 'retry_after': '0 hours 50 minutes'}"
WNIW6wOBUcvDOXyr,1744469763630,429,Access limit reached,"{'error': 'Access limit reached', 'retry_after': '0 hours 50 minutes'}"
WNIW6wOBUcvDOXyr,1744469763630,429,Access limit reached,"{'error': 'Access limit reached', 'retry_after': '0 hours 50 minutes'}"
WNIW6wOBUcvDOXyr,1744469788630,429,Access limit reached,"{'error': 'Access limit reached', 'retry_after': '0 hours 50 minutes'}"
WNIW6wOBUcvDOXyr,1744469788630,429,Access limit reached,"{'error': 'Access limit reached', 'retry_after': '0 hours 50 minutes'}"
WNIW6wOBUcvDOXyr,1744469788630,429,Access limit reached,"{'error': 'Access limit reached', 'retry_after': '0 hours 50 minutes'}"
WNIW6wOBUcvDOXyr,1744469788630,429,Access limit reached,"{'error': 'Access limit reached', 'retry_after': '0 hours 50 minutes'}"
WNIW6wOBUcvDOXyr,1744469788630,429,Access limit reached,"{'error': 'Access limit reached', 'retry_after': '0 hours 50 minutes'}"
WNIW6wOBUcvDOXyr,1744469793630,429,Access limit reached,"{'error': 'Access limit reached', 'retry_after': '0 hours 50 minutes'}"
WNIW6wOBUcvDOXyr,1744469793630,429,Access limit reached,"{'error': 'Access limit reached', 'retry_after': '0 hours 50 minutes'}"
WNIW6wOBUcvDOXyr,1744469793630,429,Access limit reached,"{'error': 'Access limit reached', 'retry_after': '0 hours 50 minutes'}"
WNIW6wOBUcvDOXyr,1744469793630,429,Access limit reached,"{'error': 'Access limit reached', 'retry_after': '0 hours 50 minutes'}"
WNIW6wOBUcvDOXyr,1744469793630,429,Access limit reached,"{'error': 'Access limit reached', 'retry_after': '0 hours 50 minutes'}"
WNIW6wOBUcvDOXyr,1744469804630,429,Access limit reached,"{'error': 'Access limit reached', 'retry_after': '0 hours 50 minutes'}"
WNIW6wOBUcvDOXyr,1744469804630,429,Access limit reached,"{'error': 'Access limit reached', 'retry_after': '0 hours 50 minutes'}"
WNIW6wOBUcvDOXyr,1744469804630,429,Access limit reached,"{'error': 'Access limit reached', 'retry_after': '0 hours 50 minutes'}"
WNIW6wOBUcvDOXyr,1744469804630,429,Access limit reached,"{'error': 'Access limit reached', 'retry_after': '0 hours 50 minutes'}"
WNIW6wOBUcvDOXyr,1744469804630,429,Access limit reached,"{'error': 'Access limit reached', 'retry_after': '0 hours 50 minutes'}"
WNIW6wOBUcvDOXyr,1744469809630,429,Access limit reached,"{'error': 'Access limit reached', 'retry_after': '0 hours 50 minutes'}"
WNIW6wOBUcvDOXyr,1744469809630,429,Access limit reached,"{'error': 'Access limit reached', 'retry_after': '0 hours 50 minutes'}"
WNIW6wOBUcvDOXyr,1744469809630,429,Access limit reached,"{'error': 'Access limit reached', 'retry_after': '0 hours 50 minutes'}"
WNIW6wOBUcvDOXyr,1744469809630,429,Access limit reached,"{'error': 'Access limit reached', 'retry_after': '0 hours 50 minutes'}"
WNIW6wOBUcvDOXyr,1744469809630,429,Access limit reached,"{'error': 'Access limit reached', 'retry_after': '0 hours 50 minutes'}"
WNIW6wOBUcvDOXyr,1744469832630,429,Access limit reached,"{'error': 'Access limit reached', 'retry_after': '0 hours 50 minutes'}"
WNIW6wOBUcvDOXyr,1744469832630,429,Access limit reached,"{'error': 'Access limit reached', 'retry_after': '0 hours 50 minutes'}"
WNIW6wOBUcvDOXyr,1744469832630,429,Access limit reached,"{'error': 'Access limit reached', 'retry_after': '0 hours 50 minutes'}"
WNIW6wOBUcvDOXyr,1744469832630,429,Access limit reached,"{'error': 'Access limit reached', 'retry_after': '0 hours 50 minutes'}"
WNIW6wOBUcvDOXyr,1744469832630,429,Access limit reached,"{'error': 'Access limit reached', 'retry_after': '0 hours 50 minutes'}"
WNIW6wOBUcvDOXyr,1744469856630,429,Access limit reached,"{'error': 'Access limit reached', 'retry_after': '0 hours 50 minutes'}"
WNIW6wOBUcvDOXyr,1744469856630,429,Access limit reached,"{'error': 'Access limit reached', 'retry_after': '0 hours 50 minutes'}"
WNIW6wOBUcvDOXyr,1744469856630,429,Access limit reached,"{'error': 'Access limit reached', 'retry_after': '0 hours 50 minutes'}"
WNIW6wOBUcvDOXyr,1744469856630,429,Access limit reached,"{'error': 'Access limit reached', 'retry_after': '0 hours 50 minutes'}"
WNIW6wOBUcvDOXyr,1744469856630,429,Access limit reached,"{'error': 'Access limit reached', 'retry_after': '0 hours 50 minutes'}"
WNIW6wOBUcvDOXyr,1744469868630,429,Access limit reached,"{'error': 'Access limit reached', 'retry_after': '0 hours 50 minutes'}"
WNIW6wOBUcvDOXyr,1744469868630,429,Access limit reached,"{'error': 'Access limit reached', 'retry_after': '0 hours 50 minutes'}"
WNIW6wOBUcvDOXyr,1744469868630,429,Access limit reached,"{'error': 'Access limit reached', 'retry_after': '0 hours 50 minutes'}"
WNIW6wOBUcvDOXyr,1744469868630,429,Access limit reached,"{'error': 'Access limit reached', 'retry_after': '0 hours 50 minutes'}"
WNIW6wOBUcvDOXyr,1744469868630,429,Access limit reached,"{'error': 'Access limit reached', 'retry_after': '0 hours 50 minutes'}"
WNIW6wOBUcvDOXyr,1744469897630,429,Access limit reached,"{'error': 'Access limit reached', 'retry_after': '0 hours 50 minutes'}"
WNIW6wOBUcvDOXyr,1744469897630,429,Access limit reached,"{'error': 'Access limit reached', 'retry_after': '0 hours 50 minutes'}"
WNIW6wOBUcvDOXyr,1744469897630,429,Access limit reached,"{'error': 'Access limit reached', 'retry_after': '0 hours 50 minutes'}"
WNIW6wOBUcvDOXyr,1744469897630,429,Access limit reached,"{'error': 'Access limit reached', 'retry_after': '0 hours 50 minutes'}"
WNIW6wOBUcvDOXyr,1744469897630,429,Access limit reached,"{'error': 'Access limit reached', 'retry_after': '0 hours 50 minutes'}"
WNIW6wOBUcvDOXyr,1744469906630,429,Access limit reached,"{'error': 'Access limit reached', 'retry_after': '0 hours 50 minutes'}"
WNIW6wOBUcvDOXyr,1744469906630,429,Access limit reached,"{'error': 'Access limit reached', 'retry_after': '0 hours 50 minutes'}"
WNIW6wOBUcvDOXyr,1744469906630,429,Access limit reached,"{'error': 'Access limit reached', 'retry_after': '0 hours 50 minutes'}"
WNIW6wOBUcvDOXyr,1744469906630,429,Access limit reached,"{'error': 'Access limit reached', 'retry_after': '0 hours 50 minutes'}"
WNIW6wOBUcvDOXyr,1744469906630,429,Access limit reached,"{'error': 'Access limit reached', 'retry_after': '0 hours 50 minutes'}"
WNIW6wOBUcvDOXyr,1744469925630,429,Access limit reached,"{'error': 'Access limit reached', 'retry_after': '0 hours 50 minutes'}"
WNIW6wOBUcvDOXyr,1744469925630,429,Access limit reached,"{'error': 'Access limit reached', 'retry_after': '0 hours 50 minutes'}"
WNIW6wOBUcvDOXyr,1744469925630,429,Access limit reached,"{'error': 'Access limit reached', 'retry_after': '0 hours 50 minutes'}"
WNIW6wOBUcvDOXyr,1744469925630,429,Access limit reached,"{'error': 'Access limit reached', 'retry_after': '0 hours 50 minutes'}"
WNIW6wOBUcvDOXyr,1744469925630,429,Access limit reached,"{'error': 'Access limit reached', 'retry_after': '0 hours 50 minutes'}"
WNIW6wOBUcvDOXyr,1744469932630,429,Access limit reached,"{'error': 'Access limit reached', 'retry_after': '0 hours 50 minutes'}"
WNIW6wOBUcvDOXyr,1744469932630,429,Access limit reached,"{'error': 'Access limit reached', 'retry_after': '0 hours 49 minutes'}"
WNIW6wOBUcvDOXyr,1744469932630,429,Access limit reached,"{'error': 'Access limit reached', 'retry_after': '0 hours 49 minutes'}"
WNIW6wOBUcvDOXyr,1744469932630,429,Access limit reached,"{'error': 'Access limit reached', 'retry_after': '0 hours 49 minutes'}"
WNIW6wOBUcvDOXyr,1744469932630,429,Access limit reached,"{'error': 'Access limit reached', 'retry_after': '0 hours 49 minutes'}"
WNIW6wOBUcvDOXyr,1744469960630,429,Access limit reached,"{'error': 'Access limit reached', 'retry_after': '0 hours 49 minutes'}"
WNIW6wOBUcvDOXyr,1744469960630,429,Access limit reached,"{'error': 'Access limit reached', 'retry_after': '0 hours 49 minutes'}"
WNIW6wOBUcvDOXyr,1744469960630,429,Access limit reached,"{'error': 'Access limit reached', 'retry_after': '0 hours 49 minutes'}"
WNIW6wOBUcvDOXyr,1744469960630,429,Access limit reached,"{'error': 'Access limit reached', 'retry_after': '0 hours 49 minutes'}"
WNIW6wOBUcvDOXyr,1744469960630,429,Access limit reached,"{'error': 'Access limit reached', 'retry_after': '0 hours 49 minutes'}"
WNIW6wOBUcvDOXyr,1744469978630,429,Access limit reached,"{'error': 'Access limit reached', 'retry_after': '0 hours 49 minutes'}"
WNIW6wOBUcvDOXyr,1744469978630,429,Access limit reached,"{'error': 'Access limit reached', 'retry_after': '0 hours 49 minutes'}"
WNIW6wOBUcvDOXyr,1744469978630,429,Access limit reached,"{'error': 'Access limit reached', 'retry_after': '0 hours 49 minutes'}"
WNIW6wOBUcvDOXyr,1744469978630,429,Access limit reached,"{'error': 'Access limit reached', 'retry_after': '0 hours 49 minutes'}"
WNIW6wOBUcvDOXyr,1744469978630,429,Access limit reached,"{'error': 'Access limit reached', 'retry_after': '0 hours 49 minutes'}"
WNIW6wOBUcvDOXyr,1744470003630,429,Access limit reached,"{'error': 'Access limit reached', 'retry_after': '0 hours 49 minutes'}"
WNIW6wOBUcvDOXyr,1744470003630,429,Access limit reached,"{'error': 'Access limit reached', 'retry_after': '0 hours 49 minutes'}"
WNIW6wOBUcvDOXyr,1744470003630,429,Access limit reached,"{'error': 'Access limit reached', 'retry_after': '0 hours 49 minutes'}"
WNIW6wOBUcvDOXyr,1744470003630,429,Access limit reached,"{'error': 'Access limit reached', 'retry_after': '0 hours 49 minutes'}"
WNIW6wOBUcvDOXyr,1744470003630,429,Access limit reached,"{'error': 'Access limit reached', 'retry_after': '0 hours 49 minutes'}"
WNIW6wOBUcvDOXyr,1744470110630,429,Access limit reached,"{'error': 'Access limit reached', 'retry_after': '0 hours 49 minutes'}"
WNIW6wOBUcvDOXyr,1744470110630,429,Access limit reached,"{'error': 'Access limit reached', 'retry_after': '0 hours 49 minutes'}"
WNIW6wOBUcvDOXyr,1744470110630,429,Access limit reached,"{'error': 'Access limit reached', 'retry_after': '0 hours 49 minutes'}"
WNIW6wOBUcvDOXyr,1744470110630,429,Access limit reached,"{'error': 'Access limit reached', 'retry_after': '0 hours 49 minutes'}"
WNIW6wOBUcvDOXyr,1744470110630,429,Access limit reached,"{'error': 'Access limit reached', 'retry_after': '0 hours 49 minutes'}"
WNIW6wOBUcvDOXyr,1744470179630,429,Access limit reached,"{'error': 'Access limit reached', 'retry_after': '0 hours 49 minutes'}"
WNIW6wOBUcvDOXyr,1744470179630,429,Access limit reached,"{'error': 'Access limit reached', 'retry_after': '0 hours 49 minutes'}"
WNIW6wOBUcvDOXyr,1744470179630,429,Access limit reached,"{'error': 'Access limit reached', 'retry_after': '0 hours 49 minutes'}"
WNIW6wOBUcvDOXyr,1744470179630,429,Access limit reached,"{'error': 'Access limit reached', 'retry_after': '0 hours 49 minutes'}"
WNIW6wOBUcvDOXyr,1744470179630,429,Access limit reached,"{'error': 'Access limit reached', 'retry_after': '0 hours 49 minutes'}"
WNIW6wOBUcvDOXyr,1744470257630,429,Access limit reached,"{'error': 'Access limit reached', 'retry_after': '0 hours 49 minutes'}"
WNIW6wOBUcvDOXyr,1744470257630,429,Access limit reached,"{'error': 'Access limit reached', 'retry_after': '0 hours 49 minutes'}"
WNIW6wOBUcvDOXyr,1744470257630,429,Access limit reached,"{'error': 'Access limit reached', 'retry_after': '0 hours 49 minutes'}"
WNIW6wOBUcvDOXyr,1744470257630,429,Access limit reached,"{'error': 'Access limit reached', 'retry_after': '0 hours 49 minutes'}"
WNIW6wOBUcvDOXyr,1744470257630,429,Access limit reached,"{'error': 'Access limit reached', 'retry_after': '0 hours 49 minutes'}"
WNIW6wOBUcvDOXyr,1744470432630,429,Access limit reached,"{'error': 'Access limit reached', 'retry_after': '0 hours 49 minutes'}"
WNIW6wOBUcvDOXyr,1744470432630,429,Access limit reached,"{'error': 'Access limit reached', 'retry_after': '0 hours 49 minutes'}"
WNIW6wOBUcvDOXyr,1744470432630,429,Access limit reached,"{'error': 'Access limit reached', 'retry_after': '0 hours 49 minutes'}"
WNIW6wOBUcvDOXyr,1744470432630,429,Access limit reached,"{'error': 'Access limit reached', 'retry_after': '0 hours 49 minutes'}"
WNIW6wOBUcvDOXyr,1744470432630,429,Access limit reached,"{'error': 'Access limit reached', 'retry_after': '0 hours 49 minutes'}"
WNIW6wOBUcvDOXyr,1744470530630,429,Access limit reached,"{'error': 'Access limit reached', 'retry_after': '0 hours 49 minutes'}"
WNIW6wOBUcvDOXyr,1744470530630,429,Access limit reached,"{'error': 'Access limit reached', 'retry_after': '0 hours 49 minutes'}"
WNIW6wOBUcvDOXyr,1744470530630,429,Access limit reached,"{'error': 'Access limit reached', 'retry_after': '0 hours 49 minutes'}"
WNIW6wOBUcvDOXyr,1744470530630,429,Access limit reached,"{'error': 'Access limit reached', 'retry_after': '0 hours 49 minutes'}"
WNIW6wOBUcvDOXyr,1744470530630,429,Access limit reached,"{'error': 'Access limit reached', 'retry_after': '0 hours 49 minutes'}"
WNIW6wOBUcvDOXyr,1744470616630,429,Access limit reached,"{'error': 'Access limit reached', 'retry_after': '0 hours 49 minutes'}"
WNIW6wOBUcvDOXyr,1744470616630,429,Access limit reached,"{'error': 'Access limit reached', 'retry_after': '0 hours 49 minutes'}"
WNIW6wOBUcvDOXyr,1744470616630,429,Access limit reached,"{'error': 'Access limit reached', 'retry_after': '0 hours 49 minutes'}"
WNIW6wOBUcvDOXyr,1744470616630,429,Access limit reached,"{'error': 'Access limit reached', 'retry_after': '0 hours 49 minutes'}"
WNIW6wOBUcvDOXyr,1744470616630,429,Access limit reached,"{'error': 'Access limit reached', 'retry_after': '0 hours 49 minutes'}"
WNIW6wOBUcvDOXyr,1744470758630,429,Access limit reached,"{'error': 'Access limit reached', 'retry_after': '0 hours 49 minutes'}"
WNIW6wOBUcvDOXyr,1744470758630,429,Access limit reached,"{'error': 'Access limit reached', 'retry_after': '0 hours 49 minutes'}"
WNIW6wOBUcvDOXyr,1744470758630,429,Access limit reached,"{'error': 'Access limit reached', 'retry_after': '0 hours 49 minutes'}"
WNIW6wOBUcvDOXyr,1744470758630,429,Access limit reached,"{'error': 'Access limit reached', 'retry_after': '0 hours 49 minutes'}"
WNIW6wOBUcvDOXyr,1744470758630,429,Access limit reached,"{'error': 'Access limit reached', 'retry_after': '0 hours 49 minutes'}"
WNIW6wOBUcvDOXyr,1744470836630,429,Access limit reached,"{'error': 'Access limit reached', 'retry_after': '0 hours 49 minutes'}"
WNIW6wOBUcvDOXyr,1744470836630,429,Access limit reached,"{'error': 'Access limit reached', 'retry_after': '0 hours 49 minutes'}"
WNIW6wOBUcvDOXyr,1744470836630,429,Access limit reached,"{'error': 'Access limit reached', 'retry_after': '0 hours 49 minutes'}"
WNIW6wOBUcvDOXyr,1744470836630,429,Access limit reached,"{'error': 'Access limit reached', 'retry_after': '0 hours 49 minutes'}"
WNIW6wOBUcvDOXyr,1744470836630,429,Access limit reached,"{'error': 'Access limit reached', 'retry_after': '0 hours 49 minutes'}"
WNIW6wOBUcvDOXyr,1744470980630,429,Access limit reached,"{'error': 'Access limit reached', 'retry_after': '0 hours 49 minutes'}"
WNIW6wOBUcvDOXyr,1744470980630,429,Access limit reached,"{'error': 'Access limit reached', 'retry_after': '0 hours 49 minutes'}"
WNIW6wOBUcvDOXyr,1744470980630,429,Access limit reached,"{'error': 'Access limit reached', 'retry_after': '0 hours 49 minutes'}"
WNIW6wOBUcvDOXyr,1744470980630,429,Access limit reached,"{'error': 'Access limit reached', 'retry_after': '0 hours 49 minutes'}"
WNIW6wOBUcvDOXyr,1744470980630,429,Access limit reached,"{'error': 'Access limit reached', 'retry_after': '0 hours 49 minutes'}"
WNIW6wOBUcvDOXyr,1744471081630,429,Access limit reached,"{'error': 'Access limit reached', 'retry_after': '0 hours 49 minutes'}"
WNIW6wOBUcvDOXyr,1744471081630,429,Access limit reached,"{'error': 'Access limit reached', 'retry_after': '0 hours 49 minutes'}"
WNIW6wOBUcvDOXyr,1744471081630,429,Access limit reached,"{'error': 'Access limit reached', 'retry_after': '0 hours 49 minutes'}"
WNIW6wOBUcvDOXyr,1744471081630,429,Access limit reached,"{'error': 'Access limit reached', 'retry_after': '0 hours 49 minutes'}"
WNIW6wOBUcvDOXyr,1744471081630,429,Access limit reached,"{'error': 'Access limit reached', 'retry_after': '0 hours 49 minutes'}"
WNIW6wOBUcvDOXyr,1744471225630,429,Access limit reached,"{'error': 'Access limit reached', 'retry_after': '0 hours 49 minutes'}"
WNIW6wOBUcvDOXyr,1744471225630,429,Access limit reached,"{'error': 'Access limit reached', 'retry_after': '0 hours 49 minutes'}"
WNIW6wOBUcvDOXyr,1744471225630,429,Access limit reached,"{'error': 'Access limit reached', 'retry_after': '0 hours 49 minutes'}"
WNIW6wOBUcvDOXyr,1744471225630,429,Access limit reached,"{'error': 'Access limit reached', 'retry_after': '0 hours 49 minutes'}"
WNIW6wOBUcvDOXyr,1744471225630,429,Access limit reached,"{'error': 'Access limit reached', 'retry_after': '0 hours 49 minutes'}"
WNIW6wOBUcvDOXyr,1744471385630,429,Access limit reached,"{'error': 'Access limit reached', 'retry_after': '0 hours 49 minutes'}"
WNIW6wOBUcvDOXyr,1744471385630,429,Access limit reached,"{'error': 'Access limit reached', 'retry_after': '0 hours 49 minutes'}"
WNIW6wOBUcvDOXyr,1744471385630,429,Access limit reached,"{'error': 'Access limit reached', 'retry_after': '0 hours 49 minutes'}"
WNIW6wOBUcvDOXyr,1744471385630,429,Access limit reached,"{'error': 'Access limit reached', 'retry_after': '0 hours 49 minutes'}"
WNIW6wOBUcvDOXyr,1744471385630,429,Access limit reached,"{'error': 'Access limit reached', 'retry_after': '0 hours 49 minutes'}"
WNIW6wOBUcvDOXyr,1744471501630,429,Access limit reached,"{'error': 'Access limit reached', 'retry_after': '0 hours 49 minutes'}"
WNIW6wOBUcvDOXyr,1744471501630,429,Access limit reached,"{'error': 'Access limit reached', 'retry_after': '0 hours 49 minutes'}"
WNIW6wOBUcvDOXyr,1744471501630,429,Access limit reached,"{'error': 'Access limit reached', 'retry_after': '0 hours 49 minutes'}"
WNIW6wOBUcvDOXyr,1744471501630,429,Access limit reached,"{'error': 'Access limit reached', 'retry_after': '0 hours 49 minutes'}"
WNIW6wOBUcvDOXyr,1744471501630,429,Access limit reached,"{'error': 'Access limit reached', 'retry_after': '0 hours 49 minutes'}"
WNIW6wOBUcvDOXyr,1744471649630,429,Access limit reached,"{'error': 'Access limit reached', 'retry_after': '0 hours 49 minutes'}"
WNIW6wOBUcvDOXyr,1744471649630,429,Access limit reached,"{'error': 'Access limit reached', 'retry_after': '0 hours 49 minutes'}"
WNIW6wOBUcvDOXyr,1744471649630,429,Access limit reached,"{'error': 'Access limit reached', 'retry_after': '0 hours 49 minutes'}"
WNIW6wOBUcvDOXyr,1744471649630,429,Access limit reached,"{'error': 'Access limit reached', 'retry_after': '0 hours 49 minutes'}"
WNIW6wOBUcvDOXyr,1744471649630,429,Access limit reached,"{'error': 'Access limit reached', 'retry_after': '0 hours 49 minutes'}"
WNIW6wOBUcvDOXyr,1744471812630,429,Access limit reached,"{'error': 'Access limit reached', 'retry_after': '0 hours 49 minutes'}"
WNIW6wOBUcvDOXyr,1744471812630,429,Access limit reached,"{'error': 'Access limit reached', 'retry_after': '0 hours 49 minutes'}"
WNIW6wOBUcvDOXyr,1744471812630,429,Access limit reached,"{'error': 'Access limit reached', 'retry_after': '0 hours 49 minutes'}"
WNIW6wOBUcvDOXyr,1744471812630,429,Access limit reached,"{'error': 'Access limit reached', 'retry_after': '0 hours 49 minutes'}"
WNIW6wOBUcvDOXyr,1744471812630,429,Access limit reached,"{'error': 'Access limit reached', 'retry_after': '0 hours 49 minutes'}"
WNIW6wOBUcvDOXyr,1744471987630,429,Access limit reached,"{'error': 'Access limit reached', 'retry_after': '0 hours 49 minutes'}"
WNIW6wOBUcvDOXyr,1744471987630,429,Access limit reached,"{'error': 'Access limit reached', 'retry_after': '0 hours 49 minutes'}"
WNIW6wOBUcvDOXyr,1744471987630,429,Access limit reached,"{'error': 'Access limit reached', 'retry_after': '0 hours 49 minutes'}"
WNIW6wOBUcvDOXyr,1744471987630,429,Access limit reached,"{'error': 'Access limit reached', 'retry_after': '0 hours 49 minutes'}"
WNIW6wOBUcvDOXyr,1744471987630,429,Access limit reached,"{'error': 'Access limit reached', 'retry_after': '0 hours 49 minutes'}"
WNIW6wOBUcvDOXyr,1744472077630,429,Access limit reached,"{'error': 'Access limit reached', 'retry_after': '0 hours 49 minutes'}"
WNIW6wOBUcvDOXyr,1744472077630,429,Access limit reached,"{'error': 'Access limit reached', 'retry_after': '0 hours 49 minutes'}"
WNIW6wOBUcvDOXyr,1744472077630,429,Access limit reached,"{'error': 'Access limit reached', 'retry_after': '0 hours 49 minutes'}"
WNIW6wOBUcvDOXyr,1744472077630,429,Access limit reached,"{'error': 'Access limit reached', 'retry_after': '0 hours 49 minutes'}"
WNIW6wOBUcvDOXyr,1744472077630,429,Access limit reached,"{'error': 'Access limit reached', 'retry_after': '0 hours 49 minutes'}"
WNIW6wOBUcvDOXyr,1744472193630,429,Access limit reached,"{'error': 'Access limit reached', 'retry_after': '0 hours 49 minutes'}"
WNIW6wOBUcvDOXyr,1744472193630,429,Access limit reached,"{'error': 'Access limit reached', 'retry_after': '0 hours 49 minutes'}"
WNIW6wOBUcvDOXyr,1744472193630,429,Access limit reached,"{'error': 'Access limit reached', 'retry_after': '0 hours 49 minutes'}"
WNIW6wOBUcvDOXyr,1744472193630,429,Access limit reached,"{'error': 'Access limit reached', 'retry_after': '0 hours 49 minutes'}"
WNIW6wOBUcvDOXyr,1744472193630,429,Access limit reached,"{'error': 'Access limit reached', 'retry_after': '0 hours 49 minutes'}"
WNIW6wOBUcvDOXyr,1744472349630,429,Access limit reached,"{'error': 'Access limit reached', 'retry_after': '0 hours 49 minutes'}"
WNIW6wOBUcvDOXyr,1744472349630,429,Access limit reached,"{'error': 'Access limit reached', 'retry_after': '0 hours 49 minutes'}"
WNIW6wOBUcvDOXyr,1744472349630,429,Access limit reached,"{'error': 'Access limit reached', 'retry_after': '0 hours 49 minutes'}"
WNIW6wOBUcvDOXyr,1744472349630,429,Access limit reached,"{'error': 'Access limit reached', 'retry_after': '0 hours 49 minutes'}"
WNIW6wOBUcvDOXyr,1744472349630,429,Access limit reached,"{'error': 'Access limit reached', 'retry_after': '0 hours 49 minutes'}"
WNIW6wOBUcvDOXyr,1744472455630,429,Access limit reached,"{'error': 'Access limit reached', 'retry_after': '0 hours 49 minutes'}"
WNIW6wOBUcvDOXyr,1744472455630,429,Access limit reached,"{'error': 'Access limit reached', 'retry_after': '0 hours 49 minutes'}"
WNIW6wOBUcvDOXyr,1744472455630,429,Access limit reached,"{'error': 'Access limit reached', 'retry_after': '0 hours 49 minutes'}"
WNIW6wOBUcvDOXyr,1744472455630,429,Access limit reached,"{'error': 'Access limit reached', 'retry_after': '0 hours 49 minutes'}"
WNIW6wOBUcvDOXyr,1744472455630,429,Access limit reached,"{'error': 'Access limit reached', 'retry_after': '0 hours 49 minutes'}"
WNIW6wOBUcvDOXyr,1744472578630,429,Access limit reached,"{'error': 'Access limit reached', 'retry_after': '0 hours 49 minutes'}"
WNIW6wOBUcvDOXyr,1744472578630,429,Access limit reached,"{'error': 'Access limit reached', 'retry_after': '0 hours 49 minutes'}"
WNIW6wOBUcvDOXyr,1744472578630,429,Access limit reached,"{'error': 'Access limit reached', 'retry_after': '0 hours 49 minutes'}"
WNIW6wOBUcvDOXyr,1744472578630,429,Access limit reached,"{'error': 'Access limit reached', 'retry_after': '0 hours 49 minutes'}"
WNIW6wOBUcvDOXyr,1744472578630,429,Access limit reached,"{'error': 'Access limit reached', 'retry_after': '0 hours 49 minutes'}"
WNIW6wOBUcvDOXyr,1744472740630,429,Access limit reached,"{'error': 'Access limit reached', 'retry_after': '0 hours 49 minutes'}"
WNIW6wOBUcvDOXyr,1744472740630,429,Access limit reached,"{'error': 'Access limit reached', 'retry_after': '0 hours 49 minutes'}"
WNIW6wOBUcvDOXyr,1744472740630,429,Access limit reached,"{'error': 'Access limit reached', 'retry_after': '0 hours 49 minutes'}"
WNIW6wOBUcvDOXyr,1744472740630,429,Access limit reached,"{'error': 'Access limit reached', 'retry_after': '0 hours 49 minutes'}"
WNIW6wOBUcvDOXyr,1744472740630,429,Access limit reached,"{'error': 'Access limit reached', 'retry_after': '0 hours 49 minutes'}"
WNIW6wOBUcvDOXyr,1744472901630,429,Access limit reached,"{'error': 'Access limit reached', 'retry_after': '0 hours 49 minutes'}"
WNIW6wOBUcvDOXyr,1744472901630,429,Access limit reached,"{'error': 'Access limit reached', 'retry_after': '0 hours 49 minutes'}"
WNIW6wOBUcvDOXyr,1744472901630,429,Access limit reached,"{'error': 'Access limit reached', 'retry_after': '0 hours 49 minutes'}"
WNIW6wOBUcvDOXyr,1744472901630,429,Access limit reached,"{'error': 'Access limit reached', 'retry_after': '0 hours 49 minutes'}"
WNIW6wOBUcvDOXyr,1744472901630,429,Access limit reached,"{'error': 'Access limit reached', 'retry_after': '0 hours 49 minutes'}"
WNIW6wOBUcvDOXyr,1744472973630,429,Access limit reached,"{'error': 'Access limit reached', 'retry_after': '0 hours 49 minutes'}"
WNIW6wOBUcvDOXyr,1744472973630,429,Access limit reached,"{'error': 'Access limit reached', 'retry_after': '0 hours 49 minutes'}"
WNIW6wOBUcvDOXyr,1744472973630,429,Access limit reached,"{'error': 'Access limit reached', 'retry_after': '0 hours 49 minutes'}"
WNIW6wOBUcvDOXyr,1744472973630,429,Access limit reached,"{'error': 'Access limit reached', 'retry_after': '0 hours 49 minutes'}"
WNIW6wOBUcvDOXyr,1744472973630,429,Access limit reached,"{'error': 'Access limit reached', 'retry_after': '0 hours 49 minutes'}"
WNIW6wOBUcvDOXyr,1744473141630,429,Access limit reached,"{'error': 'Access limit reached', 'retry_after': '0 hours 49 minutes'}"
WNIW6wOBUcvDOXyr,1744473141630,429,Access limit reached,"{'error': 'Access limit reached', 'retry_after': '0 hours 49 minutes'}"
WNIW6wOBUcvDOXyr,1744473141630,429,Access limit reached,"{'error': 'Access limit reached', 'retry_after': '0 hours 49 minutes'}"
WNIW6wOBUcvDOXyr,1744473141630,429,Access limit reached,"{'error': 'Access limit reached', 'retry_after': '0 hours 49 minutes'}"
WNIW6wOBUcvDOXyr,1744473141630,429,Access limit reached,"{'error': 'Access limit reached', 'retry_after': '0 hours 49 minutes'}"
WNIW6wOBUcvDOXyr,1744473318630,429,Access limit reached,"{'error': 'Access limit reached', 'retry_after': '0 hours 49 minutes'}"
WNIW6wOBUcvDOXyr,1744473318630,429,Access limit reached,"{'error': 'Access limit reached', 'retry_after': '0 hours 49 minutes'}"
WNIW6wOBUcvDOXyr,1744473318630,429,Access limit reached,"{'error': 'Access limit reached', 'retry_after': '0 hours 49 minutes'}"
WNIW6wOBUcvDOXyr,1744473318630,429,Access limit reached,"{'error': 'Access limit reached', 'retry_after': '0 hours 49 minutes'}"
WNIW6wOBUcvDOXyr,1744473318630,429,Access limit reached,"{'error': 'Access limit reached', 'retry_after': '0 hours 49 minutes'}"
WNIW6wOBUcvDOXyr,1744473441630,429,Access limit reached,"{'error': 'Access limit reached', 'retry_after': '0 hours 49 minutes'}"
WNIW6wOBUcvDOXyr,1744473441630,429,Access limit reached,"{'error': 'Access limit reached', 'retry_after': '0 hours 49 minutes'}"
WNIW6wOBUcvDOXyr,1744473441630,429,Access limit reached,"{'error': 'Access limit reached', 'retry_after': '0 hours 49 minutes'}"
WNIW6wOBUcvDOXyr,1744473441630,429,Access limit reached,"{'error': 'Access limit reached', 'retry_after': '0 hours 49 minutes'}"
WNIW6wOBUcvDOXyr,1744473441630,429,Access limit reached,"{'error': 'Access limit reached', 'retry_after': '0 hours 49 minutes'}"
WNIW6wOBUcvDOXyr,1744473504630,429,Access limit reached,"{'error': 'Access limit reached', 'retry_after': '0 hours 49 minutes'}"
WNIW6wOBUcvDOXyr,1744473504630,429,Access limit reached,"{'error': 'Access limit reached', 'retry_after': '0 hours 49 minutes'}"
WNIW6wOBUcvDOXyr,1744473504630,429,Access limit reached,"{'error': 'Access limit reached', 'retry_after': '0 hours 49 minutes'}"
WNIW6wOBUcvDOXyr,1744473504630,429,Access limit reached,"{'error': 'Access limit reached', 'retry_after': '0 hours 49 minutes'}"
WNIW6wOBUcvDOXyr,1744473504630,429,Access limit reached,"{'error': 'Access limit reached', 'retry_after': '0 hours 49 minutes'}"
WNIW6wOBUcvDOXyr,1744473684630,429,Access limit reached,"{'error': 'Access limit reached', 'retry_after': '0 hours 49 minutes'}"
WNIW6wOBUcvDOXyr,1744473684630,429,Access limit reached,"{'error': 'Access limit reached', 'retry_after': '0 hours 49 minutes'}"
WNIW6wOBUcvDOXyr,1744473684630,429,Access limit reached,"{'error': 'Access limit reached', 'retry_after': '0 hours 49 minutes'}"
WNIW6wOBUcvDOXyr,1744473684630,429,Access limit reached,"{'error': 'Access limit reached', 'retry_after': '0 hours 49 minutes'}"
WNIW6wOBUcvDOXyr,1744473684630,429,Access limit reached,"{'error': 'Access limit reached', 'retry_after': '0 hours 49 minutes'}"
WNIW6wOBUcvDOXyr,1744473812630,429,Access limit reached,"{'error': 'Access limit reached', 'retry_after': '0 hours 49 minutes'}"
WNIW6wOBUcvDOXyr,1744473812630,429,Access limit reached,"{'error': 'Access limit reached', 'retry_after': '0 hours 49 minutes'}"
WNIW6wOBUcvDOXyr,1744473812630,429,Access limit reached,"{'error': 'Access limit reached', 'retry_after': '0 hours 49 minutes'}"
WNIW6wOBUcvDOXyr,1744473812630,429,Access limit reached,"{'error': 'Access limit reached', 'retry_after': '0 hours 49 minutes'}"
WNIW6wOBUcvDOXyr,1744473812630,429,Access limit reached,"{'error': 'Access limit reached', 'retry_after': '0 hours 49 minutes'}"
WNIW6wOBUcvDOXyr,1744473879630,429,Access limit reached,"{'error': 'Access limit reached', 'retry_after': '0 hours 49 minutes'}"
WNIW6wOBUcvDOXyr,1744473879630,429,Access limit reached,"{'error': 'Access limit reached', 'retry_after': '0 hours 49 minutes'}"
WNIW6wOBUcvDOXyr,1744473879630,429,Access limit reached,"{'error': 'Access limit reached', 'retry_after': '0 hours 49 minutes'}"
WNIW6wOBUcvDOXyr,1744473879630,429,Access limit reached,"{'error': 'Access limit reached', 'retry_after': '0 hours 49 minutes'}"
WNIW6wOBUcvDOXyr,1744473879630,429,Access limit reached,"{'error': 'Access limit reached', 'retry_after': '0 hours 49 minutes'}"
WNIW6wOBUcvDOXyr,1744473990630,429,Access limit reached,"{'error': 'Access limit reached', 'retry_after': '0 hours 49 minutes'}"
WNIW6wOBUcvDOXyr,1744473990630,429,Access limit reached,"{'error': 'Access limit reached', 'retry_after': '0 hours 49 minutes'}"
WNIW6wOBUcvDOXyr,1744473990630,429,Access limit reached,"{'error': 'Access limit reached', 'retry_after': '0 hours 49 minutes'}"
WNIW6wOBUcvDOXyr,1744473990630,429,Access limit reached,"{'error': 'Access limit reached', 'retry_after': '0 hours 49 minutes'}"
WNIW6wOBUcvDOXyr,1744473990630,429,Access limit reached,"{'error': 'Access limit reached', 'retry_after': '0 hours 49 minutes'}"
WNIW6wOBUcvDOXyr,1744474106630,429,Access limit reached,"{'error': 'Access limit reached', 'retry_after': '0 hours 49 minutes'}"
WNIW6wOBUcvDOXyr,1744474106630,429,Access limit reached,"{'error': 'Access limit reached', 'retry_after': '0 hours 49 minutes'}"
WNIW6wOBUcvDOXyr,1744474106630,429,Access limit reached,"{'error': 'Access limit reached', 'retry_after': '0 hours 49 minutes'}"
WNIW6wOBUcvDOXyr,1744474106630,429,Access limit reached,"{'error': 'Access limit reached', 'retry_after': '0 hours 49 minutes'}"
WNIW6wOBUcvDOXyr,1744474106630,429,Access limit reached,"{'error': 'Access limit reached', 'retry_after': '0 hours 49 minutes'}"
WNIW6wOBUcvDOXyr,1744474186630,429,Access limit reached,"{'error': 'Access limit reached', 'retry_after': '0 hours 49 minutes'}"
WNIW6wOBUcvDOXyr,1744474186630,429,Access limit reached,"{'error': 'Access limit reached', 'retry_after': '0 hours 49 minutes'}"
WNIW6wOBUcvDOXyr,1744474186630,429,Access limit reached,"{'error': 'Access limit reached', 'retry_after': '0 hours 49 minutes'}"
WNIW6wOBUcvDOXyr,1744474186630,429,Access limit reached,"{'error': 'Access limit reached', 'retry_after': '0 hours 49 minutes'}"
WNIW6wOBUcvDOXyr,1744474186630,429,Access limit reached,"{'error': 'Access limit reached', 'retry_after': '0 hours 49 minutes'}"
WNIW6wOBUcvDOXyr,1744474277630,429,Access limit reached,"{'error': 'Access limit reached', 'retry_after': '0 hours 49 minutes'}"
WNIW6wOBUcvDOXyr,1744474277630,429,Access limit reached,"{'error': 'Access limit reached', 'retry_after': '0 hours 49 minutes'}"
WNIW6wOBUcvDOXyr,1744474277630,429,Access limit reached,"{'error': 'Access limit reached', 'retry_after': '0 hours 49 minutes'}"
WNIW6wOBUcvDOXyr,1744474277630,429,Access limit reached,"{'error': 'Access limit reached', 'retry_after': '0 hours 49 minutes'}"
WNIW6wOBUcvDOXyr,1744474277630,429,Access limit reached,"{'error': 'Access limit reached', 'retry_after': '0 hours 49 minutes'}"
WNIW6wOBUcvDOXyr,1744474423630,429,Access limit reached,"{'error': 'Access limit reached', 'retry_after': '0 hours 49 minutes'}"
WNIW6wOBUcvDOXyr,1744474423630,429,Access limit reached,"{'error': 'Access limit reached', 'retry_after': '0 hours 49 minutes'}"
WNIW6wOBUcvDOXyr,1744474423630,429,Access limit reached,"{'error': 'Access limit reached', 'retry_after': '0 hours 49 minutes'}"
WNIW6wOBUcvDOXyr,1744474423630,429,Access limit reached,"{'error': 'Access limit reached', 'retry_after': '0 hours 49 minutes'}"
WNIW6wOBUcvDOXyr,1744474423630,429,Access limit reached,"{'error': 'Access limit reached', 'retry_after': '0 hours 49 minutes'}"
WNIW6wOBUcvDOXyr,1744474557630,429,Access limit reached,"{'error': 'Access limit reached', 'retry_after': '0 hours 49 minutes'}"
WNIW6wOBUcvDOXyr,1744474557630,429,Access limit reached,"{'error': 'Access limit reached', 'retry_after': '0 hours 49 minutes'}"
WNIW6wOBUcvDOXyr,1744474557630,429,Access limit reached,"{'error': 'Access limit reached', 'retry_after': '0 hours 49 minutes'}"
WNIW6wOBUcvDOXyr,1744474557630,429,Access limit reached,"{'error': 'Access limit reached', 'retry_after': '0 hours 49 minutes'}"
WNIW6wOBUcvDOXyr,1744474557630,429,Access limit reached,"{'error': 'Access limit reached', 'retry_after': '0 hours 49 minutes'}"
WNIW6wOBUcvDOXyr,1744474620630,429,Access limit reached,"{'error': 'Access limit reached', 'retry_after': '0 hours 49 minutes'}"
WNIW6wOBUcvDOXyr,1744474620630,429,Access limit reached,"{'error': 'Access limit reached', 'retry_after': '0 hours 49 minutes'}"
WNIW6wOBUcvDOXyr,1744474620630,429,Access limit reached,"{'error': 'Access limit reached', 'retry_after': '0 hours 49 minutes'}"
WNIW6wOBUcvDOXyr,1744474620630,429,Access limit reached,"{'error': 'Access limit reached', 'retry_after': '0 hours 49 minutes'}"
WNIW6wOBUcvDOXyr,1744474620630,429,Access limit reached,"{'error': 'Access limit reached', 'retry_after': '0 hours 49 minutes'}"
WNIW6wOBUcvDOXyr,1744474774630,429,Access limit reached,"{'error': 'Access limit reached', 'retry_after': '0 hours 49 minutes'}"
WNIW6wOBUcvDOXyr,1744474774630,429,Access limit reached,"{'error': 'Access limit reached', 'retry_after': '0 hours 49 minutes'}"
WNIW6wOBUcvDOXyr,1744474774630,429,Access limit reached,"{'error': 'Access limit reached', 'retry_after': '0 hours 49 minutes'}"
WNIW6wOBUcvDOXyr,1744474774630,429,Access limit reached,"{'error': 'Access limit reached', 'retry_after': '0 hours 49 minutes'}"
WNIW6wOBUcvDOXyr,1744474774630,429,Access limit reached,"{'error': 'Access limit reached', 'retry_after': '0 hours 49 minutes'}"
WNIW6wOBUcvDOXyr,1744474859630,429,Access limit reached,"{'error': 'Access limit reached', 'retry_after': '0 hours 49 minutes'}"
WNIW6wOBUcvDOXyr,1744474859630,429,Access limit reached,"{'error': 'Access limit reached', 'retry_after': '0 hours 49 minutes'}"
WNIW6wOBUcvDOXyr,1744474859630,429,Access limit reached,"{'error': 'Access limit reached', 'retry_after': '0 hours 49 minutes'}"
WNIW6wOBUcvDOXyr,1744474859630,429,Access limit reached,"{'error': 'Access limit reached', 'retry_after': '0 hours 49 minutes'}"
WNIW6wOBUcvDOXyr,1744474859630,429,Access limit reached,"{'error': 'Access limit reached', 'retry_after': '0 hours 49 minutes'}"
WNIW6wOBUcvDOXyr,1744474955630,429,Access limit reached,"{'error': 'Access limit reached', 'retry_after': '0 hours 49 minutes'}"
WNIW6wOBUcvDOXyr,1744474955630,429,Access limit reached,"{'error': 'Access limit reached', 'retry_after': '0 hours 49 minutes'}"
WNIW6wOBUcvDOXyr,1744474955630,429,Access limit reached,"{'error': 'Access limit reached', 'retry_after': '0 hours 49 minutes'}"
WNIW6wOBUcvDOXyr,1744474955630,429,Access limit reached,"{'error': 'Access limit reached', 'retry_after': '0 hours 49 minutes'}"
WNIW6wOBUcvDOXyr,1744474955630,429,Access limit reached,"{'error': 'Access limit reached', 'retry_after': '0 hours 49 minutes'}"
WNIW6wOBUcvDOXyr,1744475092630,429,Access limit reached,"{'error': 'Access limit reached', 'retry_after': '0 hours 49 minutes'}"
WNIW6wOBUcvDOXyr,1744475092630,429,Access limit reached,"{'error': 'Access limit reached', 'retry_after': '0 hours 49 minutes'}"
WNIW6wOBUcvDOXyr,1744475092630,429,Access limit reached,"{'error': 'Access limit reached', 'retry_after': '0 hours 49 minutes'}"
WNIW6wOBUcvDOXyr,1744475092630,429,Access limit reached,"{'error': 'Access limit reached', 'retry_after': '0 hours 49 minutes'}"
WNIW6wOBUcvDOXyr,1744475092630,429,Access limit reached,"{'error': 'Access limit reached', 'retry_after': '0 hours 49 minutes'}"
WNIW6wOBUcvDOXyr,1744475266630,429,Access limit reached,"{'error': 'Access limit reached', 'retry_after': '0 hours 49 minutes'}"
WNIW6wOBUcvDOXyr,1744475266630,429,Access limit reached,"{'error': 'Access limit reached', 'retry_after': '0 hours 49 minutes'}"
WNIW6wOBUcvDOXyr,1744475266630,429,Access limit reached,"{'error': 'Access limit reached', 'retry_after': '0 hours 49 minutes'}"
WNIW6wOBUcvDOXyr,1744475266630,429,Access limit reached,"{'error': 'Access limit reached', 'retry_after': '0 hours 49 minutes'}"
WNIW6wOBUcvDOXyr,1744475266630,429,Access limit reached,"{'error': 'Access limit reached', 'retry_after': '0 hours 49 minutes'}"
YAxhTHul26gN03ih,1744475414630,429,Access limit reached,"{'error': 'Access limit reached', 'retry_after': '23 hours 26 minutes'}"
YAxhTHul26gN03ih,1744475414630,429,Access limit reached,"{'error': 'Access limit reached', 'retry_after': '23 hours 26 minutes'}"
YAxhTHul26gN03ih,1744475414630,429,Access limit reached,"{'error': 'Access limit reached', 'retry_after': '23 hours 26 minutes'}"
YAxhTHul26gN03ih,1744475414630,429,Access limit reached,"{'error': 'Access limit reached', 'retry_after': '23 hours 26 minutes'}"
YAxhTHul26gN03ih,1744475414630,429,Access limit reached,"{'error': 'Access limit reached', 'retry_after': '23 hours 26 minutes'}"
YAxhTHul26gN03ih,1744475554630,429,Access limit reached,"{'error': 'Access limit reached', 'retry_after': '23 hours 26 minutes'}"
YAxhTHul26gN03ih,1744475554630,429,Access limit reached,"{'error': 'Access limit reached', 'retry_after': '23 hours 26 minutes'}"
YAxhTHul26gN03ih,1744475554630,429,Access limit reached,"{'error': 'Access limit reached', 'retry_after': '23 hours 26 minutes'}"
YAxhTHul26gN03ih,1744475554630,429,Access limit reached,"{'error': 'Access limit reached', 'retry_after': '23 hours 26 minutes'}"
YAxhTHul26gN03ih,1744475554630,429,Access limit reached,"{'error': 'Access limit reached', 'retry_after': '23 hours 26 minutes'}"
YAxhTHul26gN03ih,1744475731630,429,Access limit reached,"{'error': 'Access limit reached', 'retry_after': '23 hours 26 minutes'}"
YAxhTHul26gN03ih,1744475731630,429,Access limit reached,"{'error': 'Access limit reached', 'retry_after': '23 hours 26 minutes'}"
YAxhTHul26gN03ih,1744475731630,429,Access limit reached,"{'error': 'Access limit reached', 'retry_after': '23 hours 26 minutes'}"
YAxhTHul26gN03ih,1744475731630,429,Access limit reached,"{'error': 'Access limit reached', 'retry_after': '23 hours 26 minutes'}"
YAxhTHul26gN03ih,1744475731630,429,Access limit reached,"{'error': 'Access limit reached', 'retry_after': '23 hours 26 minutes'}"
YAxhTHul26gN03ih,1744475831630,429,Access limit reached,"{'error': 'Access limit reached', 'retry_after': '23 hours 26 minutes'}"
YAxhTHul26gN03ih,1744475831630,429,Access limit reached,"{'error': 'Access limit reached', 'retry_after': '23 hours 26 minutes'}"
YAxhTHul26gN03ih,1744475831630,429,Access limit reached,"{'error': 'Access limit reached', 'retry_after': '23 hours 26 minutes'}"
YAxhTHul26gN03ih,1744475831630,429,Access limit reached,"{'error': 'Access limit reached', 'retry_after': '23 hours 26 minutes'}"
YAxhTHul26gN03ih,1744475831630,429,Access limit reached,"{'error': 'Access limit reached', 'retry_after': '23 hours 26 minutes'}"
YAxhTHul26gN03ih,1744475992630,429,Access limit reached,"{'error': 'Access limit reached', 'retry_after': '23 hours 26 minutes'}"
YAxhTHul26gN03ih,1744475992630,429,Access limit reached,"{'error': 'Access limit reached', 'retry_after': '23 hours 26 minutes'}"
YAxhTHul26gN03ih,1744475992630,429,Access limit reached,"{'error': 'Access limit reached', 'retry_after': '23 hours 26 minutes'}"
YAxhTHul26gN03ih,1744475992630,429,Access limit reached,"{'error': 'Access limit reached', 'retry_after': '23 hours 26 minutes'}"
YAxhTHul26gN03ih,1744475992630,429,Access limit reached,"{'error': 'Access limit reached', 'retry_after': '23 hours 26 minutes'}"
YAxhTHul26gN03ih,1744476090630,429,Access limit reached,"{'error': 'Access limit reached', 'retry_after': '23 hours 26 minutes'}"
YAxhTHul26gN03ih,1744476090630,429,Access limit reached,"{'error': 'Access limit reached', 'retry_after': '23 hours 26 minutes'}"
YAxhTHul26gN03ih,1744476090630,429,Access limit reached,"{'error': 'Access limit reached', 'retry_after': '23 hours 26 minutes'}"
YAxhTHul26gN03ih,1744476090630,429,Access limit reached,"{'error': 'Access limit reached', 'retry_after': '23 hours 26 minutes'}"
YAxhTHul26gN03ih,1744476090630,429,Access limit reached,"{'error': 'Access limit reached', 'retry_after': '23 hours 26 minutes'}"
YAxhTHul26gN03ih,1744476173630,429,Access limit reached,"{'error': 'Access limit reached', 'retry_after': '23 hours 26 minutes'}"
YAxhTHul26gN03ih,1744476173630,429,Access limit reached,"{'error': 'Access limit reached', 'retry_after': '23 hours 26 minutes'}"
YAxhTHul26gN03ih,1744476173630,429,Access limit reached,"{'error': 'Access limit reached', 'retry_after': '23 hours 26 minutes'}"
YAxhTHul26gN03ih,1744476173630,429,Access limit reached,"{'error': 'Access limit reached', 'retry_after': '23 hours 26 minutes'}"
YAxhTHul26gN03ih,1744476173630,429,Access limit reached,"{'error': 'Access limit reached', 'retry_after': '23 hours 26 minutes'}"
YAxhTHul26gN03ih,1744476309630,429,Access limit reached,"{'error': 'Access limit reached', 'retry_after': '23 hours 26 minutes'}"
YAxhTHul26gN03ih,1744476309630,429,Access limit reached,"{'error': 'Access limit reached', 'retry_after': '23 hours 26 minutes'}"
YAxhTHul26gN03ih,1744476309630,429,Access limit reached,"{'error': 'Access limit reached', 'retry_after': '23 hours 26 minutes'}"
YAxhTHul26gN03ih,1744476309630,429,Access limit reached,"{'error': 'Access limit reached', 'retry_after': '23 hours 26 minutes'}"
YAxhTHul26gN03ih,1744476309630,429,Access limit reached,"{'error': 'Access limit reached', 'retry_after': '23 hours 26 minutes'}"
YAxhTHul26gN03ih,1744476482630,429,Access limit reached,"{'error': 'Access limit reached', 'retry_after': '23 hours 26 minutes'}"
YAxhTHul26gN03ih,1744476482630,429,Access limit reached,"{'error': 'Access limit reached', 'retry_after': '23 hours 26 minutes'}"
YAxhTHul26gN03ih,1744476482630,429,Access limit reached,"{'error': 'Access limit reached', 'retry_after': '23 hours 26 minutes'}"
YAxhTHul26gN03ih,1744476482630,429,Access limit reached,"{'error': 'Access limit reached', 'retry_after': '23 hours 26 minutes'}"
YAxhTHul26gN03ih,1744476482630,429,Access limit reached,"{'error': 'Access limit reached', 'retry_after': '23 hours 26 minutes'}"
YAxhTHul26gN03ih,1744476546630,429,Access limit reached,"{'error': 'Access limit reached', 'retry_after': '23 hours 26 minutes'}"
YAxhTHul26gN03ih,1744476546630,429,Access limit reached,"{'error': 'Access limit reached', 'retry_after': '23 hours 26 minutes'}"
YAxhTHul26gN03ih,1744476546630,429,Access limit reached,"{'error': 'Access limit reached', 'retry_after': '23 hours 26 minutes'}"
YAxhTHul26gN03ih,1744476546630,429,Access limit reached,"{'error': 'Access limit reached', 'retry_after': '23 hours 26 minutes'}"
YAxhTHul26gN03ih,1744476546630,429,Access limit reached,"{'error': 'Access limit reached', 'retry_after': '23 hours 26 minutes'}"
YAxhTHul26gN03ih,1744476708630,429,Access limit reached,"{'error': 'Access limit reached', 'retry_after': '23 hours 26 minutes'}"
YAxhTHul26gN03ih,1744476708630,429,Access limit reached,"{'error': 'Access limit reached', 'retry_after': '23 hours 26 minutes'}"
YAxhTHul26gN03ih,1744476708630,429,Access limit reached,"{'error': 'Access limit reached', 'retry_after': '23 hours 26 minutes'}"
YAxhTHul26gN03ih,1744476708630,429,Access limit reached,"{'error': 'Access limit reached', 'retry_after': '23 hours 26 minutes'}"
YAxhTHul26gN03ih,1744476708630,429,Access limit reached,"{'error': 'Access limit reached', 'retry_after': '23 hours 26 minutes'}"
YAxhTHul26gN03ih,1744476849630,429,Access limit reached,"{'error': 'Access limit reached', 'retry_after': '23 hours 26 minutes'}"
YAxhTHul26gN03ih,1744476849630,429,Access limit reached,"{'error': 'Access limit reached', 'retry_after': '23 hours 26 minutes'}"
YAxhTHul26gN03ih,1744476849630,429,Access limit reached,"{'error': 'Access limit reached', 'retry_after': '23 hours 26 minutes'}"
YAxhTHul26gN03ih,1744476849630,429,Access limit reached,"{'error': 'Access limit reached', 'retry_after': '23 hours 26 minutes'}"
YAxhTHul26gN03ih,1744476849630,429,Access limit reached,"{'error': 'Access limit reached', 'retry_after': '23 hours 26 minutes'}"
YAxhTHul26gN03ih,1744476944630,429,Access limit reached,"{'error': 'Access limit reached', 'retry_after': '23 hours 26 minutes'}"
YAxhTHul26gN03ih,1744476944630,429,Access limit reached,"{'error': 'Access limit reached', 'retry_after': '23 hours 26 minutes'}"
YAxhTHul26gN03ih,1744476944630,429,Access limit reached,"{'error': 'Access limit reached', 'retry_after': '23 hours 26 minutes'}"
YAxhTHul26gN03ih,1744476944630,429,Access limit reached,"{'error': 'Access limit reached', 'retry_after': '23 hours 26 minutes'}"
YAxhTHul26gN03ih,1744476944630,429,Access limit reached,"{'error': 'Access limit reached', 'retry_after': '23 hours 26 minutes'}"
YAxhTHul26gN03ih,1744477044630,429,Access limit reached,"{'error': 'Access limit reached', 'retry_after': '23 hours 26 minutes'}"
YAxhTHul26gN03ih,1744477044630,429,Access limit reached,"{'error': 'Access limit reached', 'retry_after': '23 hours 26 minutes'}"
YAxhTHul26gN03ih,1744477044630,429,Access limit reached,"{'error': 'Access limit reached', 'retry_after': '23 hours 26 minutes'}"
YAxhTHul26gN03ih,1744477044630,429,Access limit reached,"{'error': 'Access limit reached', 'retry_after': '23 hours 26 minutes'}"
YAxhTHul26gN03ih,1744477044630,429,Access limit reached,"{'error': 'Access limit reached', 'retry_after': '23 hours 26 minutes'}"
YAxhTHul26gN03ih,1744477219630,429,Access limit reached,"{'error': 'Access limit reached', 'retry_after': '23 hours 26 minutes'}"
YAxhTHul26gN03ih,1744477219630,429,Access limit reached,"{'error': 'Access limit reached', 'retry_after': '23 hours 26 minutes'}"
YAxhTHul26gN03ih,1744477219630,429,Access limit reached,"{'error': 'Access limit reached', 'retry_after': '23 hours 26 minutes'}"
YAxhTHul26gN03ih,1744477219630,429,Access limit reached,"{'error': 'Access limit reached', 'retry_after': '23 hours 26 minutes'}"
YAxhTHul26gN03ih,1744477219630,429,Access limit reached,"{'error': 'Access limit reached', 'retry_after': '23 hours 26 minutes'}"
YAxhTHul26gN03ih,1744477331630,429,Access limit reached,"{'error': 'Access limit reached', 'retry_after': '23 hours 26 minutes'}"
YAxhTHul26gN03ih,1744477331630,429,Access limit reached,"{'error': 'Access limit reached', 'retry_after': '23 hours 26 minutes'}"
YAxhTHul26gN03ih,1744477331630,429,Access limit reached,"{'error': 'Access limit reached', 'retry_after': '23 hours 26 minutes'}"
YAxhTHul26gN03ih,1744477331630,429,Access limit reached,"{'error': 'Access limit reached', 'retry_after': '23 hours 26 minutes'}"
YAxhTHul26gN03ih,1744477331630,429,Access limit reached,"{'error': 'Access limit reached', 'retry_after': '23 hours 26 minutes'}"
YAxhTHul26gN03ih,1744477449630,429,Access limit reached,"{'error': 'Access limit reached', 'retry_after': '23 hours 26 minutes'}"
YAxhTHul26gN03ih,1744477449630,429,Access limit reached,"{'error': 'Access limit reached', 'retry_after': '23 hours 26 minutes'}"
YAxhTHul26gN03ih,1744477449630,429,Access limit reached,"{'error': 'Access limit reached', 'retry_after': '23 hours 26 minutes'}"
YAxhTHul26gN03ih,1744477449630,429,Access limit reached,"{'error': 'Access limit reached', 'retry_after': '23 hours 26 minutes'}"
YAxhTHul26gN03ih,1744477449630,429,Access limit reached,"{'error': 'Access limit reached', 'retry_after': '23 hours 26 minutes'}"
YAxhTHul26gN03ih,1744477601630,429,Access limit reached,"{'error': 'Access limit reached', 'retry_after': '23 hours 26 minutes'}"
YAxhTHul26gN03ih,1744477601630,429,Access limit reached,"{'error': 'Access limit reached', 'retry_after': '23 hours 26 minutes'}"
YAxhTHul26gN03ih,1744477601630,429,Access limit reached,"{'error': 'Access limit reached', 'retry_after': '23 hours 26 minutes'}"
YAxhTHul26gN03ih,1744477601630,429,Access limit reached,"{'error': 'Access limit reached', 'retry_after': '23 hours 26 minutes'}"
YAxhTHul26gN03ih,1744477601630,429,Access limit reached,"{'error': 'Access limit reached', 'retry_after': '23 hours 26 minutes'}"
YAxhTHul26gN03ih,1744477686630,429,Access limit reached,"{'error': 'Access limit reached', 'retry_after': '23 hours 26 minutes'}"
YAxhTHul26gN03ih,1744477686630,429,Access limit reached,"{'error': 'Access limit reached', 'retry_after': '23 hours 26 minutes'}"
YAxhTHul26gN03ih,1744477686630,429,Access limit reached,"{'error': 'Access limit reached', 'retry_after': '23 hours 26 minutes'}"
YAxhTHul26gN03ih,1744477686630,429,Access limit reached,"{'error': 'Access limit reached', 'retry_after': '23 hours 26 minutes'}"
YAxhTHul26gN03ih,1744477686630,429,Access limit reached,"{'error': 'Access limit reached', 'retry_after': '23 hours 26 minutes'}"
YAxhTHul26gN03ih,1744477753630,429,Access limit reached,"{'error': 'Access limit reached', 'retry_after': '23 hours 26 minutes'}"
YAxhTHul26gN03ih,1744477753630,429,Access limit reached,"{'error': 'Access limit reached', 'retry_after': '23 hours 26 minutes'}"
YAxhTHul26gN03ih,1744477753630,429,Access limit reached,"{'error': 'Access limit reached', 'retry_after': '23 hours 26 minutes'}"
YAxhTHul26gN03ih,1744477753630,429,Access limit reached,"{'error': 'Access limit reached', 'retry_after': '23 hours 26 minutes'}"
YAxhTHul26gN03ih,1744477753630,429,Access limit reached,"{'error': 'Access limit reached', 'retry_after': '23 hours 26 minutes'}"
YAxhTHul26gN03ih,1744477843630,429,Access limit reached,"{'error': 'Access limit reached', 'retry_after': '23 hours 26 minutes'}"
YAxhTHul26gN03ih,1744477843630,429,Access limit reached,"{'error': 'Access limit reached', 'retry_after': '23 hours 26 minutes'}"
YAxhTHul26gN03ih,1744477843630,429,Access limit reached,"{'error': 'Access limit reached', 'retry_after': '23 hours 26 minutes'}"
YAxhTHul26gN03ih,1744477843630,429,Access limit reached,"{'error': 'Access limit reached', 'retry_after': '23 hours 26 minutes'}"
YAxhTHul26gN03ih,1744477843630,429,Access limit reached,"{'error': 'Access limit reached', 'retry_after': '23 hours 26 minutes'}"
YAxhTHul26gN03ih,1744477921630,429,Access limit reached,"{'error': 'Access limit reached', 'retry_after': '23 hours 26 minutes'}"
YAxhTHul26gN03ih,1744477921630,429,Access limit reached,"{'error': 'Access limit reached', 'retry_after': '23 hours 26 minutes'}"
YAxhTHul26gN03ih,1744477921630,429,Access limit reached,"{'error': 'Access limit reached', 'retry_after': '23 hours 26 minutes'}"
YAxhTHul26gN03ih,1744477921630,429,Access limit reached,"{'error': 'Access limit reached', 'retry_after': '23 hours 26 minutes'}"
YAxhTHul26gN03ih,1744477921630,429,Access limit reached,"{'error': 'Access limit reached', 'retry_after': '23 hours 26 minutes'}"
YAxhTHul26gN03ih,1744478008630,429,Access limit reached,"{'error': 'Access limit reached', 'retry_after': '23 hours 26 minutes'}"
YAxhTHul26gN03ih,1744478008630,429,Access limit reached,"{'error': 'Access limit reached', 'retry_after': '23 hours 26 minutes'}"
YAxhTHul26gN03ih,1744478008630,429,Access limit reached,"{'error': 'Access limit reached', 'retry_after': '23 hours 26 minutes'}"
YAxhTHul26gN03ih,1744478008630,429,Access limit reached,"{'error': 'Access limit reached', 'retry_after': '23 hours 26 minutes'}"
YAxhTHul26gN03ih,1744478008630,429,Access limit reached,"{'error': 'Access limit reached', 'retry_after': '23 hours 26 minutes'}"
YAxhTHul26gN03ih,1744478159630,429,Access limit reached,"{'error': 'Access limit reached', 'retry_after': '23 hours 26 minutes'}"
YAxhTHul26gN03ih,1744478159630,429,Access limit reached,"{'error': 'Access limit reached', 'retry_after': '23 hours 26 minutes'}"
YAxhTHul26gN03ih,1744478159630,429,Access limit reached,"{'error': 'Access limit reached', 'retry_after': '23 hours 26 minutes'}"
YAxhTHul26gN03ih,1744478159630,429,Access limit reached,"{'error': 'Access limit reached', 'retry_after': '23 hours 26 minutes'}"
YAxhTHul26gN03ih,1744478159630,429,Access limit reached,"{'error': 'Access limit reached', 'retry_after': '23 hours 26 minutes'}"
YAxhTHul26gN03ih,1744478251630,429,Access limit reached,"{'error': 'Access limit reached', 'retry_after': '23 hours 26 minutes'}"
YAxhTHul26gN03ih,1744478251630,429,Access limit reached,"{'error': 'Access limit reached', 'retry_after': '23 hours 26 minutes'}"
YAxhTHul26gN03ih,1744478251630,429,Access limit reached,"{'error': 'Access limit reached', 'retry_after': '23 hours 26 minutes'}"
YAxhTHul26gN03ih,1744478251630,429,Access limit reached,"{'error': 'Access limit reached', 'retry_after': '23 hours 26 minutes'}"
YAxhTHul26gN03ih,1744478251630,429,Access limit reached,"{'error': 'Access limit reached', 'retry_after': '23 hours 26 minutes'}"
YAxhTHul26gN03ih,1744478365630,429,Access limit reached,"{'error': 'Access limit reached', 'retry_after': '23 hours 26 minutes'}"
YAxhTHul26gN03ih,1744478365630,429,Access limit reached,"{'error': 'Access limit reached', 'retry_after': '23 hours 26 minutes'}"
YAxhTHul26gN03ih,1744478365630,429,Access limit reached,"{'error': 'Access limit reached', 'retry_after': '23 hours 26 minutes'}"
YAxhTHul26gN03ih,1744478365630,429,Access limit reached,"{'error': 'Access limit reached', 'retry_after': '23 hours 26 minutes'}"
YAxhTHul26gN03ih,1744478365630,429,Access limit reached,"{'error': 'Access limit reached', 'retry_after': '23 hours 26 minutes'}"
YAxhTHul26gN03ih,1744478529630,429,Access limit reached,"{'error': 'Access limit reached', 'retry_after': '23 hours 26 minutes'}"
YAxhTHul26gN03ih,1744478529630,429,Access limit reached,"{'error': 'Access limit reached', 'retry_after': '23 hours 26 minutes'}"
YAxhTHul26gN03ih,1744478529630,429,Access limit reached,"{'error': 'Access limit reached', 'retry_after': '23 hours 26 minutes'}"
YAxhTHul26gN03ih,1744478529630,429,Access limit reached,"{'error': 'Access limit reached', 'retry_after': '23 hours 26 minutes'}"
YAxhTHul26gN03ih,1744478529630,429,Access limit reached,"{'error': 'Access limit reached', 'retry_after': '23 hours 26 minutes'}"
YAxhTHul26gN03ih,1744478672630,429,Access limit reached,"{'error': 'Access limit reached', 'retry_after': '23 hours 26 minutes'}"
YAxhTHul26gN03ih,1744478672630,429,Access limit reached,"{'error': 'Access limit reached', 'retry_after': '23 hours 26 minutes'}"
YAxhTHul26gN03ih,1744478672630,429,Access limit reached,"{'error': 'Access limit reached', 'retry_after': '23 hours 26 minutes'}"
YAxhTHul26gN03ih,1744478672630,429,Access limit reached,"{'error': 'Access limit reached', 'retry_after': '23 hours 26 minutes'}"
YAxhTHul26gN03ih,1744478672630,429,Access limit reached,"{'error': 'Access limit reached', 'retry_after': '23 hours 26 minutes'}"
YAxhTHul26gN03ih,1744478814630,429,Access limit reached,"{'error': 'Access limit reached', 'retry_after': '23 hours 26 minutes'}"
YAxhTHul26gN03ih,1744478814630,429,Access limit reached,"{'error': 'Access limit reached', 'retry_after': '23 hours 26 minutes'}"
YAxhTHul26gN03ih,1744478814630,429,Access limit reached,"{'error': 'Access limit reached', 'retry_after': '23 hours 26 minutes'}"
YAxhTHul26gN03ih,1744478814630,429,Access limit reached,"{'error': 'Access limit reached', 'retry_after': '23 hours 26 minutes'}"
YAxhTHul26gN03ih,1744478814630,429,Access limit reached,"{'error': 'Access limit reached', 'retry_after': '23 hours 26 minutes'}"
YAxhTHul26gN03ih,1744478939630,429,Access limit reached,"{'error': 'Access limit reached', 'retry_after': '23 hours 26 minutes'}"
YAxhTHul26gN03ih,1744478939630,429,Access limit reached,"{'error': 'Access limit reached', 'retry_after': '23 hours 26 minutes'}"
YAxhTHul26gN03ih,1744478939630,429,Access limit reached,"{'error': 'Access limit reached', 'retry_after': '23 hours 26 minutes'}"
YAxhTHul26gN03ih,1744478939630,429,Access limit reached,"{'error': 'Access limit reached', 'retry_after': '23 hours 26 minutes'}"
YAxhTHul26gN03ih,1744478939630,429,Access limit reached,"{'error': 'Access limit reached', 'retry_after': '23 hours 26 minutes'}"
YAxhTHul26gN03ih,1744479078630,429,Access limit reached,"{'error': 'Access limit reached', 'retry_after': '23 hours 26 minutes'}"
YAxhTHul26gN03ih,1744479078630,429,Access limit reached,"{'error': 'Access limit reached', 'retry_after': '23 hours 26 minutes'}"
YAxhTHul26gN03ih,1744479078630,429,Access limit reached,"{'error': 'Access limit reached', 'retry_after': '23 hours 26 minutes'}"
YAxhTHul26gN03ih,1744479078630,429,Access limit reached,"{'error': 'Access limit reached', 'retry_after': '23 hours 26 minutes'}"
YAxhTHul26gN03ih,1744479078630,429,Access limit reached,"{'error': 'Access limit reached', 'retry_after': '23 hours 26 minutes'}"
YAxhTHul26gN03ih,1744479245630,429,Access limit reached,"{'error': 'Access limit reached', 'retry_after': '23 hours 26 minutes'}"
YAxhTHul26gN03ih,1744479245630,429,Access limit reached,"{'error': 'Access limit reached', 'retry_after': '23 hours 26 minutes'}"
YAxhTHul26gN03ih,1744479245630,429,Access limit reached,"{'error': 'Access limit reached', 'retry_after': '23 hours 26 minutes'}"
YAxhTHul26gN03ih,1744479245630,429,Access limit reached,"{'error': 'Access limit reached', 'retry_after': '23 hours 26 minutes'}"
YAxhTHul26gN03ih,1744479245630,429,Access limit reached,"{'error': 'Access limit reached', 'retry_after': '23 hours 26 minutes'}"
YAxhTHul26gN03ih,1744479359630,429,Access limit reached,"{'error': 'Access limit reached', 'retry_after': '23 hours 26 minutes'}"
YAxhTHul26gN03ih,1744479359630,429,Access limit reached,"{'error': 'Access limit reached', 'retry_after': '23 hours 26 minutes'}"
YAxhTHul26gN03ih,1744479359630,429,Access limit reached,"{'error': 'Access limit reached', 'retry_after': '23 hours 26 minutes'}"
YAxhTHul26gN03ih,1744479359630,429,Access limit reached,"{'error': 'Access limit reached', 'retry_after': '23 hours 26 minutes'}"
YAxhTHul26gN03ih,1744479359630,429,Access limit reached,"{'error': 'Access limit reached', 'retry_after': '23 hours 26 minutes'}"
YAxhTHul26gN03ih,1744479478630,429,Access limit reached,"{'error': 'Access limit reached', 'retry_after': '23 hours 26 minutes'}"
YAxhTHul26gN03ih,1744479478630,429,Access limit reached,"{'error': 'Access limit reached', 'retry_after': '23 hours 26 minutes'}"
YAxhTHul26gN03ih,1744479478630,429,Access limit reached,"{'error': 'Access limit reached', 'retry_after': '23 hours 26 minutes'}"
YAxhTHul26gN03ih,1744479478630,429,Access limit reached,"{'error': 'Access limit reached', 'retry_after': '23 hours 26 minutes'}"
YAxhTHul26gN03ih,1744479478630,429,Access limit reached,"{'error': 'Access limit reached', 'retry_after': '23 hours 26 minutes'}"
YAxhTHul26gN03ih,1744479595630,429,Access limit reached,"{'error': 'Access limit reached', 'retry_after': '23 hours 26 minutes'}"
YAxhTHul26gN03ih,1744479595630,429,Access limit reached,"{'error': 'Access limit reached', 'retry_after': '23 hours 26 minutes'}"
YAxhTHul26gN03ih,1744479595630,429,Access limit reached,"{'error': 'Access limit reached', 'retry_after': '23 hours 26 minutes'}"
YAxhTHul26gN03ih,1744479595630,429,Access limit reached,"{'error': 'Access limit reached', 'retry_after': '23 hours 26 minutes'}"
YAxhTHul26gN03ih,1744479595630,429,Access limit reached,"{'error': 'Access limit reached', 'retry_after': '23 hours 26 minutes'}"
YAxhTHul26gN03ih,1744479717630,429,Access limit reached,"{'error': 'Access limit reached', 'retry_after': '23 hours 26 minutes'}"
YAxhTHul26gN03ih,1744479717630,429,Access limit reached,"{'error': 'Access limit reached', 'retry_after': '23 hours 26 minutes'}"
YAxhTHul26gN03ih,1744479717630,429,Access limit reached,"{'error': 'Access limit reached', 'retry_after': '23 hours 26 minutes'}"
YAxhTHul26gN03ih,1744479717630,429,Access limit reached,"{'error': 'Access limit reached', 'retry_after': '23 hours 26 minutes'}"
YAxhTHul26gN03ih,1744479717630,429,Access limit reached,"{'error': 'Access limit reached', 'retry_after': '23 hours 26 minutes'}"
YAxhTHul26gN03ih,1744479894630,429,Access limit reached,"{'error': 'Access limit reached', 'retry_after': '23 hours 26 minutes'}"
YAxhTHul26gN03ih,1744479894630,429,Access limit reached,"{'error': 'Access limit reached', 'retry_after': '23 hours 26 minutes'}"
YAxhTHul26gN03ih,1744479894630,429,Access limit reached,"{'error': 'Access limit reached', 'retry_after': '23 hours 26 minutes'}"
YAxhTHul26gN03ih,1744479894630,429,Access limit reached,"{'error': 'Access limit reached', 'retry_after': '23 hours 26 minutes'}"
YAxhTHul26gN03ih,1744479894630,429,Access limit reached,"{'error': 'Access limit reached', 'retry_after': '23 hours 26 minutes'}"
YAxhTHul26gN03ih,1744480001630,429,Access limit reached,"{'error': 'Access limit reached', 'retry_after': '23 hours 26 minutes'}"
YAxhTHul26gN03ih,1744480001630,429,Access limit reached,"{'error': 'Access limit reached', 'retry_after': '23 hours 26 minutes'}"
YAxhTHul26gN03ih,1744480001630,429,Access limit reached,"{'error': 'Access limit reached', 'retry_after': '23 hours 26 minutes'}"
YAxhTHul26gN03ih,1744480001630,429,Access limit reached,"{'error': 'Access limit reached', 'retry_after': '23 hours 26 minutes'}"
YAxhTHul26gN03ih,1744480001630,429,Access limit reached,"{'error': 'Access limit reached', 'retry_after': '23 hours 26 minutes'}"
YAxhTHul26gN03ih,1744480123630,429,Access limit reached,"{'error': 'Access limit reached', 'retry_after': '23 hours 26 minutes'}"
YAxhTHul26gN03ih,1744480123630,429,Access limit reached,"{'error': 'Access limit reached', 'retry_after': '23 hours 26 minutes'}"
YAxhTHul26gN03ih,1744480123630,429,Access limit reached,"{'error': 'Access limit reached', 'retry_after': '23 hours 26 minutes'}"
YAxhTHul26gN03ih,1744480123630,429,Access limit reached,"{'error': 'Access limit reached', 'retry_after': '23 hours 26 minutes'}"
YAxhTHul26gN03ih,1744480123630,429,Access limit reached,"{'error': 'Access limit reached', 'retry_after': '23 hours 26 minutes'}"
YAxhTHul26gN03ih,1744480289630,429,Access limit reached,"{'error': 'Access limit reached', 'retry_after': '23 hours 26 minutes'}"
YAxhTHul26gN03ih,1744480289630,429,Access limit reached,"{'error': 'Access limit reached', 'retry_after': '23 hours 26 minutes'}"
YAxhTHul26gN03ih,1744480289630,429,Access limit reached,"{'error': 'Access limit reached', 'retry_after': '23 hours 26 minutes'}"
YAxhTHul26gN03ih,1744480289630,429,Access limit reached,"{'error': 'Access limit reached', 'retry_after': '23 hours 26 minutes'}"
YAxhTHul26gN03ih,1744480289630,429,Access limit reached,"{'error': 'Access limit reached', 'retry_after': '23 hours 26 minutes'}"
YAxhTHul26gN03ih,1744480354630,429,Access limit reached,"{'error': 'Access limit reached', 'retry_after': '23 hours 26 minutes'}"
YAxhTHul26gN03ih,1744480354630,429,Access limit reached,"{'error': 'Access limit reached', 'retry_after': '23 hours 26 minutes'}"
YAxhTHul26gN03ih,1744480354630,429,Access limit reached,"{'error': 'Access limit reached', 'retry_after': '23 hours 26 minutes'}"
YAxhTHul26gN03ih,1744480354630,429,Access limit reached,"{'error': 'Access limit reached', 'retry_after': '23 hours 26 minutes'}"
YAxhTHul26gN03ih,1744480354630,429,Access limit reached,"{'error': 'Access limit reached', 'retry_after': '23 hours 26 minutes'}"
YAxhTHul26gN03ih,1744480421630,429,Access limit reached,"{'error': 'Access limit reached', 'retry_after': '23 hours 26 minutes'}"
YAxhTHul26gN03ih,1744480421630,429,Access limit reached,"{'error': 'Access limit reached', 'retry_after': '23 hours 26 minutes'}"
YAxhTHul26gN03ih,1744480421630,429,Access limit reached,"{'error': 'Access limit reached', 'retry_after': '23 hours 26 minutes'}"
YAxhTHul26gN03ih,1744480421630,429,Access limit reached,"{'error': 'Access limit reached', 'retry_after': '23 hours 26 minutes'}"
YAxhTHul26gN03ih,1744480421630,429,Access limit reached,"{'error': 'Access limit reached', 'retry_after': '23 hours 26 minutes'}"
YAxhTHul26gN03ih,1744480507630,429,Access limit reached,"{'error': 'Access limit reached', 'retry_after': '23 hours 26 minutes'}"
YAxhTHul26gN03ih,1744480507630,429,Access limit reached,"{'error': 'Access limit reached', 'retry_after': '23 hours 26 minutes'}"
YAxhTHul26gN03ih,1744480507630,429,Access limit reached,"{'error': 'Access limit reached', 'retry_after': '23 hours 26 minutes'}"
YAxhTHul26gN03ih,1744480507630,429,Access limit reached,"{'error': 'Access limit reached', 'retry_after': '23 hours 26 minutes'}"
YAxhTHul26gN03ih,1744480507630,429,Access limit reached,"{'error': 'Access limit reached', 'retry_after': '23 hours 26 minutes'}"
YAxhTHul26gN03ih,1744480606630,429,Access limit reached,"{'error': 'Access limit reached', 'retry_after': '23 hours 26 minutes'}"
YAxhTHul26gN03ih,1744480606630,429,Access limit reached,"{'error': 'Access limit reached', 'retry_after': '23 hours 26 minutes'}"
YAxhTHul26gN03ih,1744480606630,429,Access limit reached,"{'error': 'Access limit reached', 'retry_after': '23 hours 26 minutes'}"
YAxhTHul26gN03ih,1744480606630,429,Access limit reached,"{'error': 'Access limit reached', 'retry_after': '23 hours 26 minutes'}"
YAxhTHul26gN03ih,1744480606630,429,Access limit reached,"{'error': 'Access limit reached', 'retry_after': '23 hours 26 minutes'}"
YAxhTHul26gN03ih,1744480703630,429,Access limit reached,"{'error': 'Access limit reached', 'retry_after': '23 hours 26 minutes'}"
YAxhTHul26gN03ih,1744480703630,429,Access limit reached,"{'error': 'Access limit reached', 'retry_after': '23 hours 26 minutes'}"
YAxhTHul26gN03ih,1744480703630,429,Access limit reached,"{'error': 'Access limit reached', 'retry_after': '23 hours 26 minutes'}"
YAxhTHul26gN03ih,1744480703630,429,Access limit reached,"{'error': 'Access limit reached', 'retry_after': '23 hours 26 minutes'}"
YAxhTHul26gN03ih,1744480703630,429,Access limit reached,"{'error': 'Access limit reached', 'retry_after': '23 hours 26 minutes'}"
YAxhTHul26gN03ih,1744480804630,429,Access limit reached,"{'error': 'Access limit reached', 'retry_after': '23 hours 26 minutes'}"
YAxhTHul26gN03ih,1744480804630,429,Access limit reached,"{'error': 'Access limit reached', 'retry_after': '23 hours 26 minutes'}"
YAxhTHul26gN03ih,1744480804630,429,Access limit reached,"{'error': 'Access limit reached', 'retry_after': '23 hours 26 minutes'}"
YAxhTHul26gN03ih,1744480804630,429,Access limit reached,"{'error': 'Access limit reached', 'retry_after': '23 hours 26 minutes'}"
YAxhTHul26gN03ih,1744480804630,429,Access limit reached,"{'error': 'Access limit reached', 'retry_after': '23 hours 26 minutes'}"
YAxhTHul26gN03ih,1744480873630,429,Access limit reached,"{'error': 'Access limit reached', 'retry_after': '23 hours 26 minutes'}"
YAxhTHul26gN03ih,1744480873630,429,Access limit reached,"{'error': 'Access limit reached', 'retry_after': '23 hours 26 minutes'}"
YAxhTHul26gN03ih,1744480873630,429,Access limit reached,"{'error': 'Access limit reached', 'retry_after': '23 hours 26 minutes'}"
YAxhTHul26gN03ih,1744480873630,429,Access limit reached,"{'error': 'Access limit reached', 'retry_after': '23 hours 26 minutes'}"
YAxhTHul26gN03ih,1744480873630,429,Access limit reached,"{'error': 'Access limit reached', 'retry_after': '23 hours 26 minutes'}"
YAxhTHul26gN03ih,1744480961630,429,Access limit reached,"{'error': 'Access limit reached', 'retry_after': '23 hours 26 minutes'}"
YAxhTHul26gN03ih,1744480961630,429,Access limit reached,"{'error': 'Access limit reached', 'retry_after': '23 hours 26 minutes'}"
YAxhTHul26gN03ih,1744480961630,429,Access limit reached,"{'error': 'Access limit reached', 'retry_after': '23 hours 26 minutes'}"
YAxhTHul26gN03ih,1744480961630,429,Access limit reached,"{'error': 'Access limit reached', 'retry_after': '23 hours 26 minutes'}"
YAxhTHul26gN03ih,1744480961630,429,Access limit reached,"{'error': 'Access limit reached', 'retry_after': '23 hours 26 minutes'}"
YAxhTHul26gN03ih,1744481114630,429,Access limit reached,"{'error': 'Access limit reached', 'retry_after': '23 hours 26 minutes'}"
YAxhTHul26gN03ih,1744481114630,429,Access limit reached,"{'error': 'Access limit reached', 'retry_after': '23 hours 26 minutes'}"
YAxhTHul26gN03ih,1744481114630,429,Access limit reached,"{'error': 'Access limit reached', 'retry_after': '23 hours 26 minutes'}"
YAxhTHul26gN03ih,1744481114630,429,Access limit reached,"{'error': 'Access limit reached', 'retry_after': '23 hours 26 minutes'}"
YAxhTHul26gN03ih,1744481114630,429,Access limit reached,"{'error': 'Access limit reached', 'retry_after': '23 hours 26 minutes'}"
YAxhTHul26gN03ih,1744481258630,429,Access limit reached,"{'error': 'Access limit reached', 'retry_after': '23 hours 26 minutes'}"
YAxhTHul26gN03ih,1744481258630,429,Access limit reached,"{'error': 'Access limit reached', 'retry_after': '23 hours 26 minutes'}"
YAxhTHul26gN03ih,1744481258630,429,Access limit reached,"{'error': 'Access limit reached', 'retry_after': '23 hours 26 minutes'}"
YAxhTHul26gN03ih,1744481258630,429,Access limit reached,"{'error': 'Access limit reached', 'retry_after': '23 hours 26 minutes'}"
YAxhTHul26gN03ih,1744481258630,429,Access limit reached,"{'error': 'Access limit reached', 'retry_after': '23 hours 26 minutes'}"
YAxhTHul26gN03ih,1744481352630,429,Access limit reached,"{'error': 'Access limit reached', 'retry_after': '23 hours 26 minutes'}"
YAxhTHul26gN03ih,1744481352630,429,Access limit reached,"{'error': 'Access limit reached', 'retry_after': '23 hours 26 minutes'}"
YAxhTHul26gN03ih,1744481352630,429,Access limit reached,"{'error': 'Access limit reached', 'retry_after': '23 hours 26 minutes'}"
YAxhTHul26gN03ih,1744481352630,429,Access limit reached,"{'error': 'Access limit reached', 'retry_after': '23 hours 26 minutes'}"
YAxhTHul26gN03ih,1744481352630,429,Access limit reached,"{'error': 'Access limit reached', 'retry_after': '23 hours 26 minutes'}"
YAxhTHul26gN03ih,1744481528630,429,Access limit reached,"{'error': 'Access limit reached', 'retry_after': '23 hours 26 minutes'}"
YAxhTHul26gN03ih,1744481528630,429,Access limit reached,"{'error': 'Access limit reached', 'retry_after': '23 hours 26 minutes'}"
YAxhTHul26gN03ih,1744481528630,429,Access limit reached,"{'error': 'Access limit reached', 'retry_after': '23 hours 26 minutes'}"
YAxhTHul26gN03ih,1744481528630,429,Access limit reached,"{'error': 'Access limit reached', 'retry_after': '23 hours 26 minutes'}"
YAxhTHul26gN03ih,1744481528630,429,Access limit reached,"{'error': 'Access limit reached', 'retry_after': '23 hours 26 minutes'}"
YAxhTHul26gN03ih,1744481682630,429,Access limit reached,"{'error': 'Access limit reached', 'retry_after': '23 hours 26 minutes'}"
YAxhTHul26gN03ih,1744481682630,429,Access limit reached,"{'error': 'Access limit reached', 'retry_after': '23 hours 26 minutes'}"
YAxhTHul26gN03ih,1744481682630,429,Access limit reached,"{'error': 'Access limit reached', 'retry_after': '23 hours 26 minutes'}"
YAxhTHul26gN03ih,1744481682630,429,Access limit reached,"{'error': 'Access limit reached', 'retry_after': '23 hours 26 minutes'}"
YAxhTHul26gN03ih,1744481682630,429,Access limit reached,"{'error': 'Access limit reached', 'retry_after': '23 hours 26 minutes'}"
YAxhTHul26gN03ih,1744481813630,429,Access limit reached,"{'error': 'Access limit reached', 'retry_after': '23 hours 26 minutes'}"
YAxhTHul26gN03ih,1744481813630,429,Access limit reached,"{'error': 'Access limit reached', 'retry_after': '23 hours 26 minutes'}"
YAxhTHul26gN03ih,1744481813630,429,Access limit reached,"{'error': 'Access limit reached', 'retry_after': '23 hours 26 minutes'}"
YAxhTHul26gN03ih,1744481813630,429,Access limit reached,"{'error': 'Access limit reached', 'retry_after': '23 hours 26 minutes'}"
YAxhTHul26gN03ih,1744481813630,429,Access limit reached,"{'error': 'Access limit reached', 'retry_after': '23 hours 26 minutes'}"
YAxhTHul26gN03ih,1744481949630,429,Access limit reached,"{'error': 'Access limit reached', 'retry_after': '23 hours 26 minutes'}"
YAxhTHul26gN03ih,1744481949630,429,Access limit reached,"{'error': 'Access limit reached', 'retry_after': '23 hours 26 minutes'}"
YAxhTHul26gN03ih,1744481949630,429,Access limit reached,"{'error': 'Access limit reached', 'retry_after': '23 hours 26 minutes'}"
YAxhTHul26gN03ih,1744481949630,429,Access limit reached,"{'error': 'Access limit reached', 'retry_after': '23 hours 26 minutes'}"
YAxhTHul26gN03ih,1744481949630,429,Access limit reached,"{'error': 'Access limit reached', 'retry_after': '23 hours 26 minutes'}"
YAxhTHul26gN03ih,1744482122630,429,Access limit reached,"{'error': 'Access limit reached', 'retry_after': '23 hours 26 minutes'}"
YAxhTHul26gN03ih,1744482122630,429,Access limit reached,"{'error': 'Access limit reached', 'retry_after': '23 hours 26 minutes'}"
YAxhTHul26gN03ih,1744482122630,429,Access limit reached,"{'error': 'Access limit reached', 'retry_after': '23 hours 26 minutes'}"
YAxhTHul26gN03ih,1744482122630,429,Access limit reached,"{'error': 'Access limit reached', 'retry_after': '23 hours 26 minutes'}"
YAxhTHul26gN03ih,1744482122630,429,Access limit reached,"{'error': 'Access limit reached', 'retry_after': '23 hours 26 minutes'}"
YAxhTHul26gN03ih,1744482276630,429,Access limit reached,"{'error': 'Access limit reached', 'retry_after': '23 hours 26 minutes'}"
YAxhTHul26gN03ih,1744482276630,429,Access limit reached,"{'error': 'Access limit reached', 'retry_after': '23 hours 26 minutes'}"
YAxhTHul26gN03ih,1744482276630,429,Access limit reached,"{'error': 'Access limit reached', 'retry_after': '23 hours 26 minutes'}"
YAxhTHul26gN03ih,1744482276630,429,Access limit reached,"{'error': 'Access limit reached', 'retry_after': '23 hours 26 minutes'}"
YAxhTHul26gN03ih,1744482276630,429,Access limit reached,"{'error': 'Access limit reached', 'retry_after': '23 hours 26 minutes'}"
YAxhTHul26gN03ih,1744482443630,429,Access limit reached,"{'error': 'Access limit reached', 'retry_after': '23 hours 26 minutes'}"
YAxhTHul26gN03ih,1744482443630,429,Access limit reached,"{'error': 'Access limit reached', 'retry_after': '23 hours 26 minutes'}"
YAxhTHul26gN03ih,1744482443630,429,Access limit reached,"{'error': 'Access limit reached', 'retry_after': '23 hours 26 minutes'}"
YAxhTHul26gN03ih,1744482443630,429,Access limit reached,"{'error': 'Access limit reached', 'retry_after': '23 hours 26 minutes'}"
YAxhTHul26gN03ih,1744482443630,429,Access limit reached,"{'error': 'Access limit reached', 'retry_after': '23 hours 26 minutes'}"
YAxhTHul26gN03ih,1744482552630,429,Access limit reached,"{'error': 'Access limit reached', 'retry_after': '23 hours 26 minutes'}"
YAxhTHul26gN03ih,1744482552630,429,Access limit reached,"{'error': 'Access limit reached', 'retry_after': '23 hours 26 minutes'}"
YAxhTHul26gN03ih,1744482552630,429,Access limit reached,"{'error': 'Access limit reached', 'retry_after': '23 hours 26 minutes'}"
YAxhTHul26gN03ih,1744482552630,429,Access limit reached,"{'error': 'Access limit reached', 'retry_after': '23 hours 26 minutes'}"
YAxhTHul26gN03ih,1744482552630,429,Access limit reached,"{'error': 'Access limit reached', 'retry_after': '23 hours 26 minutes'}"
YAxhTHul26gN03ih,1744482725630,429,Access limit reached,"{'error': 'Access limit reached', 'retry_after': '23 hours 26 minutes'}"
YAxhTHul26gN03ih,1744482725630,429,Access limit reached,"{'error': 'Access limit reached', 'retry_after': '23 hours 26 minutes'}"
YAxhTHul26gN03ih,1744482725630,429,Access limit reached,"{'error': 'Access limit reached', 'retry_after': '23 hours 26 minutes'}"
YAxhTHul26gN03ih,1744482725630,429,Access limit reached,"{'error': 'Access limit reached', 'retry_after': '23 hours 26 minutes'}"
YAxhTHul26gN03ih,1744482725630,429,Access limit reached,"{'error': 'Access limit reached', 'retry_after': '23 hours 26 minutes'}"
YAxhTHul26gN03ih,1744482848630,429,Access limit reached,"{'error': 'Access limit reached', 'retry_after': '23 hours 26 minutes'}"
YAxhTHul26gN03ih,1744482848630,429,Access limit reached,"{'error': 'Access limit reached', 'retry_after': '23 hours 26 minutes'}"
YAxhTHul26gN03ih,1744482848630,429,Access limit reached,"{'error': 'Access limit reached', 'retry_after': '23 hours 26 minutes'}"
YAxhTHul26gN03ih,1744482848630,429,Access limit reached,"{'error': 'Access limit reached', 'retry_after': '23 hours 26 minutes'}"
YAxhTHul26gN03ih,1744482848630,429,Access limit reached,"{'error': 'Access limit reached', 'retry_after': '23 hours 26 minutes'}"
YAxhTHul26gN03ih,1744482976630,429,Access limit reached,"{'error': 'Access limit reached', 'retry_after': '23 hours 26 minutes'}"
YAxhTHul26gN03ih,1744482976630,429,Access limit reached,"{'error': 'Access limit reached', 'retry_after': '23 hours 26 minutes'}"
YAxhTHul26gN03ih,1744482976630,429,Access limit reached,"{'error': 'Access limit reached', 'retry_after': '23 hours 26 minutes'}"
YAxhTHul26gN03ih,1744482976630,429,Access limit reached,"{'error': 'Access limit reached', 'retry_after': '23 hours 26 minutes'}"
YAxhTHul26gN03ih,1744482976630,429,Access limit reached,"{'error': 'Access limit reached', 'retry_after': '23 hours 26 minutes'}"
YAxhTHul26gN03ih,1744483110630,429,Access limit reached,"{'error': 'Access limit reached', 'retry_after': '23 hours 26 minutes'}"
YAxhTHul26gN03ih,1744483110630,429,Access limit reached,"{'error': 'Access limit reached', 'retry_after': '23 hours 26 minutes'}"
YAxhTHul26gN03ih,1744483110630,429,Access limit reached,"{'error': 'Access limit reached', 'retry_after': '23 hours 26 minutes'}"
YAxhTHul26gN03ih,1744483110630,429,Access limit reached,"{'error': 'Access limit reached', 'retry_after': '23 hours 26 minutes'}"
YAxhTHul26gN03ih,1744483110630,429,Access limit reached,"{'error': 'Access limit reached', 'retry_after': '23 hours 26 minutes'}"
YAxhTHul26gN03ih,1744483177630,429,Access limit reached,"{'error': 'Access limit reached', 'retry_after': '23 hours 26 minutes'}"
YAxhTHul26gN03ih,1744483177630,429,Access limit reached,"{'error': 'Access limit reached', 'retry_after': '23 hours 26 minutes'}"
YAxhTHul26gN03ih,1744483177630,429,Access limit reached,"{'error': 'Access limit reached', 'retry_after': '23 hours 26 minutes'}"
YAxhTHul26gN03ih,1744483177630,429,Access limit reached,"{'error': 'Access limit reached', 'retry_after': '23 hours 26 minutes'}"
YAxhTHul26gN03ih,1744483177630,429,Access limit reached,"{'error': 'Access limit reached', 'retry_after': '23 hours 26 minutes'}"
YAxhTHul26gN03ih,1744483263630,429,Access limit reached,"{'error': 'Access limit reached', 'retry_after': '23 hours 26 minutes'}"
YAxhTHul26gN03ih,1744483263630,429,Access limit reached,"{'error': 'Access limit reached', 'retry_after': '23 hours 26 minutes'}"
YAxhTHul26gN03ih,1744483263630,429,Access limit reached,"{'error': 'Access limit reached', 'retry_after': '23 hours 26 minutes'}"
YAxhTHul26gN03ih,1744483263630,429,Access limit reached,"{'error': 'Access limit reached', 'retry_after': '23 hours 26 minutes'}"
YAxhTHul26gN03ih,1744483263630,429,Access limit reached,"{'error': 'Access limit reached', 'retry_after': '23 hours 26 minutes'}"
YAxhTHul26gN03ih,1744483434630,429,Access limit reached,"{'error': 'Access limit reached', 'retry_after': '23 hours 26 minutes'}"
YAxhTHul26gN03ih,1744483434630,429,Access limit reached,"{'error': 'Access limit reached', 'retry_after': '23 hours 26 minutes'}"
YAxhTHul26gN03ih,1744483434630,429,Access limit reached,"{'error': 'Access limit reached', 'retry_after': '23 hours 26 minutes'}"
YAxhTHul26gN03ih,1744483434630,429,Access limit reached,"{'error': 'Access limit reached', 'retry_after': '23 hours 26 minutes'}"
YAxhTHul26gN03ih,1744483434630,429,Access limit reached,"{'error': 'Access limit reached', 'retry_after': '23 hours 26 minutes'}"
YAxhTHul26gN03ih,1744483544630,429,Access limit reached,"{'error': 'Access limit reached', 'retry_after': '23 hours 26 minutes'}"
YAxhTHul26gN03ih,1744483544630,429,Access limit reached,"{'error': 'Access limit reached', 'retry_after': '23 hours 26 minutes'}"
YAxhTHul26gN03ih,1744483544630,429,Access limit reached,"{'error': 'Access limit reached', 'retry_after': '23 hours 26 minutes'}"
YAxhTHul26gN03ih,1744483544630,429,Access limit reached,"{'error': 'Access limit reached', 'retry_after': '23 hours 26 minutes'}"
YAxhTHul26gN03ih,1744483544630,429,Access limit reached,"{'error': 'Access limit reached', 'retry_after': '23 hours 26 minutes'}"
YAxhTHul26gN03ih,1744483657630,429,Access limit reached,"{'error': 'Access limit reached', 'retry_after': '23 hours 26 minutes'}"
YAxhTHul26gN03ih,1744483657630,429,Access limit reached,"{'error': 'Access limit reached', 'retry_after': '23 hours 26 minutes'}"
YAxhTHul26gN03ih,1744483657630,429,Access limit reached,"{'error': 'Access limit reached', 'retry_after': '23 hours 26 minutes'}"
YAxhTHul26gN03ih,1744483657630,429,Access limit reached,"{'error': 'Access limit reached', 'retry_after': '23 hours 26 minutes'}"
YAxhTHul26gN03ih,1744483657630,429,Access limit reached,"{'error': 'Access limit reached', 'retry_after': '23 hours 26 minutes'}"
YAxhTHul26gN03ih,1744483772630,429,Access limit reached,"{'error': 'Access limit reached', 'retry_after': '23 hours 26 minutes'}"
YAxhTHul26gN03ih,1744483772630,429,Access limit reached,"{'error': 'Access limit reached', 'retry_after': '23 hours 26 minutes'}"
YAxhTHul26gN03ih,1744483772630,429,Access limit reached,"{'error': 'Access limit reached', 'retry_after': '23 hours 26 minutes'}"
YAxhTHul26gN03ih,1744483772630,429,Access limit reached,"{'error': 'Access limit reached', 'retry_after': '23 hours 26 minutes'}"
YAxhTHul26gN03ih,1744483772630,429,Access limit reached,"{'error': 'Access limit reached', 'retry_after': '23 hours 26 minutes'}"
YAxhTHul26gN03ih,1744483916630,429,Access limit reached,"{'error': 'Access limit reached', 'retry_after': '23 hours 26 minutes'}"
YAxhTHul26gN03ih,1744483916630,429,Access limit reached,"{'error': 'Access limit reached', 'retry_after': '23 hours 26 minutes'}"
YAxhTHul26gN03ih,1744483916630,429,Access limit reached,"{'error': 'Access limit reached', 'retry_after': '23 hours 26 minutes'}"
YAxhTHul26gN03ih,1744483916630,429,Access limit reached,"{'error': 'Access limit reached', 'retry_after': '23 hours 26 minutes'}"
YAxhTHul26gN03ih,1744483916630,429,Access limit reached,"{'error': 'Access limit reached', 'retry_after': '23 hours 26 minutes'}"
YAxhTHul26gN03ih,1744483996630,429,Access limit reached,"{'error': 'Access limit reached', 'retry_after': '23 hours 26 minutes'}"
YAxhTHul26gN03ih,1744483996630,429,Access limit reached,"{'error': 'Access limit reached', 'retry_after': '23 hours 26 minutes'}"
YAxhTHul26gN03ih,1744483996630,429,Access limit reached,"{'error': 'Access limit reached', 'retry_after': '23 hours 26 minutes'}"
YAxhTHul26gN03ih,1744483996630,429,Access limit reached,"{'error': 'Access limit reached', 'retry_after': '23 hours 26 minutes'}"
YAxhTHul26gN03ih,1744483996630,429,Access limit reached,"{'error': 'Access limit reached', 'retry_after': '23 hours 26 minutes'}"
YAxhTHul26gN03ih,1744484143630,429,Access limit reached,"{'error': 'Access limit reached', 'retry_after': '23 hours 26 minutes'}"
YAxhTHul26gN03ih,1744484143630,429,Access limit reached,"{'error': 'Access limit reached', 'retry_after': '23 hours 26 minutes'}"
YAxhTHul26gN03ih,1744484143630,429,Access limit reached,"{'error': 'Access limit reached', 'retry_after': '23 hours 26 minutes'}"
YAxhTHul26gN03ih,1744484143630,429,Access limit reached,"{'error': 'Access limit reached', 'retry_after': '23 hours 25 minutes'}"
YAxhTHul26gN03ih,1744484143630,429,Access limit reached,"{'error': 'Access limit reached', 'retry_after': '23 hours 25 minutes'}"
YAxhTHul26gN03ih,1744484287630,429,Access limit reached,"{'error': 'Access limit reached', 'retry_after': '23 hours 25 minutes'}"
YAxhTHul26gN03ih,1744484287630,429,Access limit reached,"{'error': 'Access limit reached', 'retry_after': '23 hours 25 minutes'}"
YAxhTHul26gN03ih,1744484287630,429,Access limit reached,"{'error': 'Access limit reached', 'retry_after': '23 hours 25 minutes'}"
YAxhTHul26gN03ih,1744484287630,429,Access limit reached,"{'error': 'Access limit reached', 'retry_after': '23 hours 25 minutes'}"
YAxhTHul26gN03ih,1744484287630,429,Access limit reached,"{'error': 'Access limit reached', 'retry_after': '23 hours 25 minutes'}"
YAxhTHul26gN03ih,1744484347630,429,Access limit reached,"{'error': 'Access limit reached', 'retry_after': '23 hours 25 minutes'}"
YAxhTHul26gN03ih,1744484347630,429,Access limit reached,"{'error': 'Access limit reached', 'retry_after': '23 hours 25 minutes'}"
YAxhTHul26gN03ih,1744484347630,429,Access limit reached,"{'error': 'Access limit reached', 'retry_after': '23 hours 25 minutes'}"
YAxhTHul26gN03ih,1744484347630,429,Access limit reached,"{'error': 'Access limit reached', 'retry_after': '23 hours 25 minutes'}"
YAxhTHul26gN03ih,1744484347630,429,Access limit reached,"{'error': 'Access limit reached', 'retry_after': '23 hours 25 minutes'}"
YAxhTHul26gN03ih,1744484447630,429,Access limit reached,"{'error': 'Access limit reached', 'retry_after': '23 hours 25 minutes'}"
YAxhTHul26gN03ih,1744484447630,429,Access limit reached,"{'error': 'Access limit reached', 'retry_after': '23 hours 25 minutes'}"
YAxhTHul26gN03ih,1744484447630,429,Access limit reached,"{'error': 'Access limit reached', 'retry_after': '23 hours 25 minutes'}"
YAxhTHul26gN03ih,1744484447630,429,Access limit reached,"{'error': 'Access limit reached', 'retry_after': '23 hours 25 minutes'}"
YAxhTHul26gN03ih,1744484447630,429,Access limit reached,"{'error': 'Access limit reached', 'retry_after': '23 hours 25 minutes'}"
YAxhTHul26gN03ih,1744484530630,429,Access limit reached,"{'error': 'Access limit reached', 'retry_after': '23 hours 25 minutes'}"
YAxhTHul26gN03ih,1744484530630,429,Access limit reached,"{'error': 'Access limit reached', 'retry_after': '23 hours 25 minutes'}"
YAxhTHul26gN03ih,1744484530630,429,Access limit reached,"{'error': 'Access limit reached', 'retry_after': '23 hours 25 minutes'}"
YAxhTHul26gN03ih,1744484530630,429,Access limit reached,"{'error': 'Access limit reached', 'retry_after': '23 hours 25 minutes'}"
YAxhTHul26gN03ih,1744484530630,429,Access limit reached,"{'error': 'Access limit reached', 'retry_after': '23 hours 25 minutes'}"
YAxhTHul26gN03ih,1744484692630,429,Access limit reached,"{'error': 'Access limit reached', 'retry_after': '23 hours 25 minutes'}"
YAxhTHul26gN03ih,1744484692630,429,Access limit reached,"{'error': 'Access limit reached', 'retry_after': '23 hours 25 minutes'}"
YAxhTHul26gN03ih,1744484692630,429,Access limit reached,"{'error': 'Access limit reached', 'retry_after': '23 hours 25 minutes'}"
YAxhTHul26gN03ih,1744484692630,429,Access limit reached,"{'error': 'Access limit reached', 'retry_after': '23 hours 25 minutes'}"
YAxhTHul26gN03ih,1744484692630,429,Access limit reached,"{'error': 'Access limit reached', 'retry_after': '23 hours 25 minutes'}"
YAxhTHul26gN03ih,1744484821630,429,Access limit reached,"{'error': 'Access limit reached', 'retry_after': '23 hours 25 minutes'}"
YAxhTHul26gN03ih,1744484821630,429,Access limit reached,"{'error': 'Access limit reached', 'retry_after': '23 hours 25 minutes'}"
YAxhTHul26gN03ih,1744484821630,429,Access limit reached,"{'error': 'Access limit reached', 'retry_after': '23 hours 25 minutes'}"
YAxhTHul26gN03ih,1744484821630,429,Access limit reached,"{'error': 'Access limit reached', 'retry_after': '23 hours 25 minutes'}"
YAxhTHul26gN03ih,1744484821630,429,Access limit reached,"{'error': 'Access limit reached', 'retry_after': '23 hours 25 minutes'}"
YAxhTHul26gN03ih,1744484956630,429,Access limit reached,"{'error': 'Access limit reached', 'retry_after': '23 hours 25 minutes'}"
YAxhTHul26gN03ih,1744484956630,429,Access limit reached,"{'error': 'Access limit reached', 'retry_after': '23 hours 25 minutes'}"
YAxhTHul26gN03ih,1744484956630,429,Access limit reached,"{'error': 'Access limit reached', 'retry_after': '23 hours 25 minutes'}"
YAxhTHul26gN03ih,1744484956630,429,Access limit reached,"{'error': 'Access limit reached', 'retry_after': '23 hours 25 minutes'}"
YAxhTHul26gN03ih,1744484956630,429,Access limit reached,"{'error': 'Access limit reached', 'retry_after': '23 hours 25 minutes'}"
YAxhTHul26gN03ih,1744485042630,429,Access limit reached,"{'error': 'Access limit reached', 'retry_after': '23 hours 25 minutes'}"
YAxhTHul26gN03ih,1744485042630,429,Access limit reached,"{'error': 'Access limit reached', 'retry_after': '23 hours 25 minutes'}"
YAxhTHul26gN03ih,1744485042630,429,Access limit reached,"{'error': 'Access limit reached', 'retry_after': '23 hours 25 minutes'}"
YAxhTHul26gN03ih,1744485042630,429,Access limit reached,"{'error': 'Access limit reached', 'retry_after': '23 hours 25 minutes'}"
YAxhTHul26gN03ih,1744485042630,429,Access limit reached,"{'error': 'Access limit reached', 'retry_after': '23 hours 25 minutes'}"
YAxhTHul26gN03ih,1744485109630,429,Access limit reached,"{'error': 'Access limit reached', 'retry_after': '23 hours 25 minutes'}"
YAxhTHul26gN03ih,1744485109630,429,Access limit reached,"{'error': 'Access limit reached', 'retry_after': '23 hours 25 minutes'}"
YAxhTHul26gN03ih,1744485109630,429,Access limit reached,"{'error': 'Access limit reached', 'retry_after': '23 hours 25 minutes'}"
YAxhTHul26gN03ih,1744485109630,429,Access limit reached,"{'error': 'Access limit reached', 'retry_after': '23 hours 25 minutes'}"
YAxhTHul26gN03ih,1744485109630,429,Access limit reached,"{'error': 'Access limit reached', 'retry_after': '23 hours 25 minutes'}"
YAxhTHul26gN03ih,1744485196630,429,Access limit reached,"{'error': 'Access limit reached', 'retry_after': '23 hours 25 minutes'}"
YAxhTHul26gN03ih,1744485196630,429,Access limit reached,"{'error': 'Access limit reached', 'retry_after': '23 hours 25 minutes'}"
YAxhTHul26gN03ih,1744485196630,429,Access limit reached,"{'error': 'Access limit reached', 'retry_after': '23 hours 25 minutes'}"
YAxhTHul26gN03ih,1744485196630,429,Access limit reached,"{'error': 'Access limit reached', 'retry_after': '23 hours 25 minutes'}"
YAxhTHul26gN03ih,1744485196630,429,Access limit reached,"{'error': 'Access limit reached', 'retry_after': '23 hours 25 minutes'}"
YAxhTHul26gN03ih,1744485361630,429,Access limit reached,"{'error': 'Access limit reached', 'retry_after': '23 hours 25 minutes'}"
YAxhTHul26gN03ih,1744485361630,429,Access limit reached,"{'error': 'Access limit reached', 'retry_after': '23 hours 25 minutes'}"
YAxhTHul26gN03ih,1744485361630,429,Access limit reached,"{'error': 'Access limit reached', 'retry_after': '23 hours 25 minutes'}"
YAxhTHul26gN03ih,1744485361630,429,Access limit reached,"{'error': 'Access limit reached', 'retry_after': '23 hours 25 minutes'}"
YAxhTHul26gN03ih,1744485361630,429,Access limit reached,"{'error': 'Access limit reached', 'retry_after': '23 hours 25 minutes'}"
YAxhTHul26gN03ih,1744485539630,429,Access limit reached,"{'error': 'Access limit reached', 'retry_after': '23 hours 25 minutes'}"
YAxhTHul26gN03ih,1744485539630,429,Access limit reached,"{'error': 'Access limit reached', 'retry_after': '23 hours 25 minutes'}"
YAxhTHul26gN03ih,1744485539630,429,Access limit reached,"{'error': 'Access limit reached', 'retry_after': '23 hours 25 minutes'}"
YAxhTHul26gN03ih,1744485539630,429,Access limit reached,"{'error': 'Access limit reached', 'retry_after': '23 hours 25 minutes'}"
YAxhTHul26gN03ih,1744485539630,429,Access limit reached,"{'error': 'Access limit reached', 'retry_after': '23 hours 25 minutes'}"
YAxhTHul26gN03ih,1744485702630,429,Access limit reached,"{'error': 'Access limit reached', 'retry_after': '23 hours 25 minutes'}"
YAxhTHul26gN03ih,1744485702630,429,Access limit reached,"{'error': 'Access limit reached', 'retry_after': '23 hours 25 minutes'}"
YAxhTHul26gN03ih,1744485702630,429,Access limit reached,"{'error': 'Access limit reached', 'retry_after': '23 hours 25 minutes'}"
YAxhTHul26gN03ih,1744485702630,429,Access limit reached,"{'error': 'Access limit reached', 'retry_after': '23 hours 25 minutes'}"
YAxhTHul26gN03ih,1744485702630,429,Access limit reached,"{'error': 'Access limit reached', 'retry_after': '23 hours 25 minutes'}"
aszabQWSCjYcWD9a,1744485833630,429,Access limit reached,"{'error': 'Access limit reached', 'retry_after': '13 hours 3 minutes'}"
aszabQWSCjYcWD9a,1744485833630,429,Access limit reached,"{'error': 'Access limit reached', 'retry_after': '13 hours 3 minutes'}"
aszabQWSCjYcWD9a,1744485833630,429,Access limit reached,"{'error': 'Access limit reached', 'retry_after': '13 hours 3 minutes'}"
aszabQWSCjYcWD9a,1744485833630,429,Access limit reached,"{'error': 'Access limit reached', 'retry_after': '13 hours 3 minutes'}"
aszabQWSCjYcWD9a,1744485833630,429,Access limit reached,"{'error': 'Access limit reached', 'retry_after': '13 hours 3 minutes'}"
aszabQWSCjYcWD9a,1744486009630,429,Access limit reached,"{'error': 'Access limit reached', 'retry_after': '13 hours 3 minutes'}"
aszabQWSCjYcWD9a,1744486009630,429,Access limit reached,"{'error': 'Access limit reached', 'retry_after': '13 hours 3 minutes'}"
aszabQWSCjYcWD9a,1744486009630,429,Access limit reached,"{'error': 'Access limit reached', 'retry_after': '13 hours 3 minutes'}"
aszabQWSCjYcWD9a,1744486009630,429,Access limit reached,"{'error': 'Access limit reached', 'retry_after': '13 hours 3 minutes'}"
aszabQWSCjYcWD9a,1744486009630,429,Access limit reached,"{'error': 'Access limit reached', 'retry_after': '13 hours 3 minutes'}"
aszabQWSCjYcWD9a,1744486078630,429,Access limit reached,"{'error': 'Access limit reached', 'retry_after': '13 hours 3 minutes'}"
aszabQWSCjYcWD9a,1744486078630,429,Access limit reached,"{'error': 'Access limit reached', 'retry_after': '13 hours 3 minutes'}"
aszabQWSCjYcWD9a,1744486078630,429,Access limit reached,"{'error': 'Access limit reached', 'retry_after': '13 hours 3 minutes'}"
aszabQWSCjYcWD9a,1744486078630,429,Access limit reached,"{'error': 'Access limit reached', 'retry_after': '13 hours 3 minutes'}"
aszabQWSCjYcWD9a,1744486078630,429,Access limit reached,"{'error': 'Access limit reached', 'retry_after': '13 hours 3 minutes'}"
aszabQWSCjYcWD9a,1744486247630,429,Access limit reached,"{'error': 'Access limit reached', 'retry_after': '13 hours 3 minutes'}"
aszabQWSCjYcWD9a,1744486247630,429,Access limit reached,"{'error': 'Access limit reached', 'retry_after': '13 hours 3 minutes'}"
aszabQWSCjYcWD9a,1744486247630,429,Access limit reached,"{'error': 'Access limit reached', 'retry_after': '13 hours 3 minutes'}"
aszabQWSCjYcWD9a,1744486247630,429,Access limit reached,"{'error': 'Access limit reached', 'retry_after': '13 hours 3 minutes'}"
aszabQWSCjYcWD9a,1744486247630,429,Access limit reached,"{'error': 'Access limit reached', 'retry_after': '13 hours 3 minutes'}"
aszabQWSCjYcWD9a,1744486419630,429,Access limit reached,"{'error': 'Access limit reached', 'retry_after': '13 hours 3 minutes'}"
aszabQWSCjYcWD9a,1744486419630,429,Access limit reached,"{'error': 'Access limit reached', 'retry_after': '13 hours 3 minutes'}"
aszabQWSCjYcWD9a,1744486419630,429,Access limit reached,"{'error': 'Access limit reached', 'retry_after': '13 hours 3 minutes'}"
aszabQWSCjYcWD9a,1744486419630,429,Access limit reached,"{'error': 'Access limit reached', 'retry_after': '13 hours 3 minutes'}"
aszabQWSCjYcWD9a,1744486419630,429,Access limit reached,"{'error': 'Access limit reached', 'retry_after': '13 hours 3 minutes'}"
aszabQWSCjYcWD9a,1744486517630,429,Access limit reached,"{'error': 'Access limit reached', 'retry_after': '13 hours 3 minutes'}"
aszabQWSCjYcWD9a,1744486517630,429,Access limit reached,"{'error': 'Access limit reached', 'retry_after': '13 hours 3 minutes'}"
aszabQWSCjYcWD9a,1744486517630,429,Access limit reached,"{'error': 'Access limit reached', 'retry_after': '13 hours 3 minutes'}"
aszabQWSCjYcWD9a,1744486517630,429,Access limit reached,"{'error': 'Access limit reached', 'retry_after': '13 hours 3 minutes'}"
aszabQWSCjYcWD9a,1744486517630,429,Access limit reached,"{'error': 'Access limit reached', 'retry_after': '13 hours 3 minutes'}"
aszabQWSCjYcWD9a,1744486658630,429,Access limit reached,"{'error': 'Access limit reached', 'retry_after': '13 hours 3 minutes'}"
aszabQWSCjYcWD9a,1744486658630,429,Access limit reached,"{'error': 'Access limit reached', 'retry_after': '13 hours 3 minutes'}"
aszabQWSCjYcWD9a,1744486658630,429,Access limit reached,"{'error': 'Access limit reached', 'retry_after': '13 hours 3 minutes'}"
aszabQWSCjYcWD9a,1744486658630,429,Access limit reached,"{'error': 'Access limit reached', 'retry_after': '13 hours 3 minutes'}"
aszabQWSCjYcWD9a,1744486658630,429,Access limit reached,"{'error': 'Access limit reached', 'retry_after': '13 hours 3 minutes'}"
aszabQWSCjYcWD9a,1744486783630,429,Access limit reached,"{'error': 'Access limit reached', 'retry_after': '13 hours 3 minutes'}"
aszabQWSCjYcWD9a,1744486783630,429,Access limit reached,"{'error': 'Access limit reached', 'retry_after': '13 hours 3 minutes'}"
aszabQWSCjYcWD9a,1744486783630,429,Access limit reached,"{'error': 'Access limit reached', 'retry_after': '13 hours 3 minutes'}"
aszabQWSCjYcWD9a,1744486783630,429,Access limit reached,"{'error': 'Access limit reached', 'retry_after': '13 hours 3 minutes'}"
aszabQWSCjYcWD9a,1744486783630,429,Access limit reached,"{'error': 'Access limit reached', 'retry_after': '13 hours 3 minutes'}"
aszabQWSCjYcWD9a,1744486957630,429,Access limit reached,"{'error': 'Access limit reached', 'retry_after': '13 hours 3 minutes'}"
aszabQWSCjYcWD9a,1744486957630,429,Access limit reached,"{'error': 'Access limit reached', 'retry_after': '13 hours 3 minutes'}"
aszabQWSCjYcWD9a,1744486957630,429,Access limit reached,"{'error': 'Access limit reached', 'retry_after': '13 hours 3 minutes'}"
aszabQWSCjYcWD9a,1744486957630,429,Access limit reached,"{'error': 'Access limit reached', 'retry_after': '13 hours 3 minutes'}"
aszabQWSCjYcWD9a,1744486957630,429,Access limit reached,"{'error': 'Access limit reached', 'retry_after': '13 hours 3 minutes'}"
aszabQWSCjYcWD9a,1744487026630,429,Access limit reached,"{'error': 'Access limit reached', 'retry_after': '13 hours 3 minutes'}"
aszabQWSCjYcWD9a,1744487026630,429,Access limit reached,"{'error': 'Access limit reached', 'retry_after': '13 hours 3 minutes'}"
aszabQWSCjYcWD9a,1744487026630,429,Access limit reached,"{'error': 'Access limit reached', 'retry_after': '13 hours 3 minutes'}"
aszabQWSCjYcWD9a,1744487026630,429,Access limit reached,"{'error': 'Access limit reached', 'retry_after': '13 hours 3 minutes'}"
aszabQWSCjYcWD9a,1744487026630,429,Access limit reached,"{'error': 'Access limit reached', 'retry_after': '13 hours 3 minutes'}"
aszabQWSCjYcWD9a,1744487120630,429,Access limit reached,"{'error': 'Access limit reached', 'retry_after': '13 hours 3 minutes'}"
aszabQWSCjYcWD9a,1744487120630,429,Access limit reached,"{'error': 'Access limit reached', 'retry_after': '13 hours 3 minutes'}"
aszabQWSCjYcWD9a,1744487120630,429,Access limit reached,"{'error': 'Access limit reached', 'retry_after': '13 hours 3 minutes'}"
aszabQWSCjYcWD9a,1744487120630,429,Access limit reached,"{'error': 'Access limit reached', 'retry_after': '13 hours 3 minutes'}"
aszabQWSCjYcWD9a,1744487120630,429,Access limit reached,"{'error': 'Access limit reached', 'retry_after': '13 hours 3 minutes'}"
aszabQWSCjYcWD9a,1744487274630,429,Access limit reached,"{'error': 'Access limit reached', 'retry_after': '13 hours 3 minutes'}"
aszabQWSCjYcWD9a,1744487274630,429,Access limit reached,"{'error': 'Access limit reached', 'retry_after': '13 hours 3 minutes'}"
aszabQWSCjYcWD9a,1744487274630,429,Access limit reached,"{'error': 'Access limit reached', 'retry_after': '13 hours 3 minutes'}"
aszabQWSCjYcWD9a,1744487274630,429,Access limit reached,"{'error': 'Access limit reached', 'retry_after': '13 hours 3 minutes'}"
aszabQWSCjYcWD9a,1744487274630,429,Access limit reached,"{'error': 'Access limit reached', 'retry_after': '13 hours 3 minutes'}"
aszabQWSCjYcWD9a,1744487405630,429,Access limit reached,"{'error': 'Access limit reached', 'retry_after': '13 hours 3 minutes'}"
aszabQWSCjYcWD9a,1744487405630,429,Access limit reached,"{'error': 'Access limit reached', 'retry_after': '13 hours 3 minutes'}"
aszabQWSCjYcWD9a,1744487405630,429,Access limit reached,"{'error': 'Access limit reached', 'retry_after': '13 hours 3 minutes'}"
aszabQWSCjYcWD9a,1744487405630,429,Access limit reached,"{'error': 'Access limit reached', 'retry_after': '13 hours 3 minutes'}"
aszabQWSCjYcWD9a,1744487405630,429,Access limit reached,"{'error': 'Access limit reached', 'retry_after': '13 hours 3 minutes'}"
aszabQWSCjYcWD9a,1744487517630,429,Access limit reached,"{'error': 'Access limit reached', 'retry_after': '13 hours 3 minutes'}"
aszabQWSCjYcWD9a,1744487517630,429,Access limit reached,"{'error': 'Access limit reached', 'retry_after': '13 hours 3 minutes'}"
aszabQWSCjYcWD9a,1744487517630,429,Access limit reached,"{'error': 'Access limit reached', 'retry_after': '13 hours 3 minutes'}"
aszabQWSCjYcWD9a,1744487517630,429,Access limit reached,"{'error': 'Access limit reached', 'retry_after': '13 hours 3 minutes'}"
aszabQWSCjYcWD9a,1744487517630,429,Access limit reached,"{'error': 'Access limit reached', 'retry_after': '13 hours 3 minutes'}"
aszabQWSCjYcWD9a,1744487640630,429,Access limit reached,"{'error': 'Access limit reached', 'retry_after': '13 hours 3 minutes'}"
aszabQWSCjYcWD9a,1744487640630,429,Access limit reached,"{'error': 'Access limit reached', 'retry_after': '13 hours 3 minutes'}"
aszabQWSCjYcWD9a,1744487640630,429,Access limit reached,"{'error': 'Access limit reached', 'retry_after': '13 hours 2 minutes'}"
aszabQWSCjYcWD9a,1744487640630,429,Access limit reached,"{'error': 'Access limit reached', 'retry_after': '13 hours 2 minutes'}"
aszabQWSCjYcWD9a,1744487640630,429,Access limit reached,"{'error': 'Access limit reached', 'retry_after': '13 hours 2 minutes'}"
aszabQWSCjYcWD9a,1744487726630,429,Access limit reached,"{'error': 'Access limit reached', 'retry_after': '13 hours 2 minutes'}"
aszabQWSCjYcWD9a,1744487726630,429,Access limit reached,"{'error': 'Access limit reached', 'retry_after': '13 hours 2 minutes'}"
aszabQWSCjYcWD9a,1744487726630,429,Access limit reached,"{'error': 'Access limit reached', 'retry_after': '13 hours 2 minutes'}"
aszabQWSCjYcWD9a,1744487726630,429,Access limit reached,"{'error': 'Access limit reached', 'retry_after': '13 hours 2 minutes'}"
aszabQWSCjYcWD9a,1744487726630,429,Access limit reached,"{'error': 'Access limit reached', 'retry_after': '13 hours 2 minutes'}"
aszabQWSCjYcWD9a,1744487804630,429,Access limit reached,"{'error': 'Access limit reached', 'retry_after': '13 hours 2 minutes'}"
aszabQWSCjYcWD9a,1744487804630,429,Access limit reached,"{'error': 'Access limit reached', 'retry_after': '13 hours 2 minutes'}"
aszabQWSCjYcWD9a,1744487804630,429,Access limit reached,"{'error': 'Access limit reached', 'retry_after': '13 hours 2 minutes'}"
aszabQWSCjYcWD9a,1744487804630,429,Access limit reached,"{'error': 'Access limit reached', 'retry_after': '13 hours 2 minutes'}"
aszabQWSCjYcWD9a,1744487804630,429,Access limit reached,"{'error': 'Access limit reached', 'retry_after': '13 hours 2 minutes'}"
aszabQWSCjYcWD9a,1744487884630,429,Access limit reached,"{'error': 'Access limit reached', 'retry_after': '13 hours 2 minutes'}"
aszabQWSCjYcWD9a,1744487884630,429,Access limit reached,"{'error': 'Access limit reached', 'retry_after': '13 hours 2 minutes'}"
aszabQWSCjYcWD9a,1744487884630,429,Access limit reached,"{'error': 'Access limit reached', 'retry_after': '13 hours 2 minutes'}"
aszabQWSCjYcWD9a,1744487884630,429,Access limit reached,"{'error': 'Access limit reached', 'retry_after': '13 hours 2 minutes'}"
aszabQWSCjYcWD9a,1744487884630,429,Access limit reached,"{'error': 'Access limit reached', 'retry_after': '13 hours 2 minutes'}"
aszabQWSCjYcWD9a,1744488028630,429,Access limit reached,"{'error': 'Access limit reached', 'retry_after': '13 hours 2 minutes'}"
aszabQWSCjYcWD9a,1744488028630,429,Access limit reached,"{'error': 'Access limit reached', 'retry_after': '13 hours 2 minutes'}"
aszabQWSCjYcWD9a,1744488028630,429,Access limit reached,"{'error': 'Access limit reached', 'retry_after': '13 hours 2 minutes'}"
aszabQWSCjYcWD9a,1744488028630,429,Access limit reached,"{'error': 'Access limit reached', 'retry_after': '13 hours 2 minutes'}"
aszabQWSCjYcWD9a,1744488028630,429,Access limit reached,"{'error': 'Access limit reached', 'retry_after': '13 hours 2 minutes'}"
aszabQWSCjYcWD9a,1744488128630,429,Access limit reached,"{'error': 'Access limit reached', 'retry_after': '13 hours 2 minutes'}"
aszabQWSCjYcWD9a,1744488128630,429,Access limit reached,"{'error': 'Access limit reached', 'retry_after': '13 hours 2 minutes'}"
aszabQWSCjYcWD9a,1744488128630,429,Access limit reached,"{'error': 'Access limit reached', 'retry_after': '13 hours 2 minutes'}"
aszabQWSCjYcWD9a,1744488128630,429,Access limit reached,"{'error': 'Access limit reached', 'retry_after': '13 hours 2 minutes'}"
aszabQWSCjYcWD9a,1744488128630,429,Access limit reached,"{'error': 'Access limit reached', 'retry_after': '13 hours 2 minutes'}"
aszabQWSCjYcWD9a,1744488290630,429,Access limit reached,"{'error': 'Access limit reached', 'retry_after': '13 hours 2 minutes'}"
aszabQWSCjYcWD9a,1744488290630,429,Access limit reached,"{'error': 'Access limit reached', 'retry_after': '13 hours 2 minutes'}"
aszabQWSCjYcWD9a,1744488290630,429,Access limit reached,"{'error': 'Access limit reached', 'retry_after': '13 hours 2 minutes'}"
aszabQWSCjYcWD9a,1744488290630,429,Access limit reached,"{'error': 'Access limit reached', 'retry_after': '13 hours 2 minutes'}"
aszabQWSCjYcWD9a,1744488290630,429,Access limit reached,"{'error': 'Access limit reached', 'retry_after': '13 hours 2 minutes'}"
aszabQWSCjYcWD9a,1744488469630,429,Access limit reached,"{'error': 'Access limit reached', 'retry_after': '13 hours 2 minutes'}"
aszabQWSCjYcWD9a,1744488469630,429,Access limit reached,"{'error': 'Access limit reached', 'retry_after': '13 hours 2 minutes'}"
aszabQWSCjYcWD9a,1744488469630,429,Access limit reached,"{'error': 'Access limit reached', 'retry_after': '13 hours 2 minutes'}"
aszabQWSCjYcWD9a,1744488469630,429,Access limit reached,"{'error': 'Access limit reached', 'retry_after': '13 hours 2 minutes'}"
aszabQWSCjYcWD9a,1744488469630,429,Access limit reached,"{'error': 'Access limit reached', 'retry_after': '13 hours 2 minutes'}"
aszabQWSCjYcWD9a,1744488591630,429,Access limit reached,"{'error': 'Access limit reached', 'retry_after': '13 hours 2 minutes'}"
aszabQWSCjYcWD9a,1744488591630,429,Access limit reached,"{'error': 'Access limit reached', 'retry_after': '13 hours 2 minutes'}"
aszabQWSCjYcWD9a,1744488591630,429,Access limit reached,"{'error': 'Access limit reached', 'retry_after': '13 hours 2 minutes'}"
aszabQWSCjYcWD9a,1744488591630,429,Access limit reached,"{'error': 'Access limit reached', 'retry_after': '13 hours 2 minutes'}"
aszabQWSCjYcWD9a,1744488591630,429,Access limit reached,"{'error': 'Access limit reached', 'retry_after': '13 hours 2 minutes'}"
aszabQWSCjYcWD9a,1744488652630,429,Access limit reached,"{'error': 'Access limit reached', 'retry_after': '13 hours 2 minutes'}"
aszabQWSCjYcWD9a,1744488652630,429,Access limit reached,"{'error': 'Access limit reached', 'retry_after': '13 hours 2 minutes'}"
aszabQWSCjYcWD9a,1744488652630,429,Access limit reached,"{'error': 'Access limit reached', 'retry_after': '13 hours 2 minutes'}"
aszabQWSCjYcWD9a,1744488652630,429,Access limit reached,"{'error': 'Access limit reached', 'retry_after': '13 hours 2 minutes'}"
aszabQWSCjYcWD9a,1744488652630,429,Access limit reached,"{'error': 'Access limit reached', 'retry_after': '13 hours 2 minutes'}"
aszabQWSCjYcWD9a,1744488791630,429,Access limit reached,"{'error': 'Access limit reached', 'retry_after': '13 hours 2 minutes'}"
aszabQWSCjYcWD9a,1744488791630,429,Access limit reached,"{'error': 'Access limit reached', 'retry_after': '13 hours 2 minutes'}"
aszabQWSCjYcWD9a,1744488791630,429,Access limit reached,"{'error': 'Access limit reached', 'retry_after': '13 hours 2 minutes'}"
aszabQWSCjYcWD9a,1744488791630,429,Access limit reached,"{'error': 'Access limit reached', 'retry_after': '13 hours 2 minutes'}"
aszabQWSCjYcWD9a,1744488791630,429,Access limit reached,"{'error': 'Access limit reached', 'retry_after': '13 hours 2 minutes'}"
WNIW6wOBUcvDOXyr,1744488904630,429,Access limit reached,"{'error': 'Access limit reached', 'retry_after': '0 hours 48 minutes'}"
WNIW6wOBUcvDOXyr,1744488904630,429,Access limit reached,"{'error': 'Access limit reached', 'retry_after': '0 hours 48 minutes'}"
WNIW6wOBUcvDOXyr,1744488904630,429,Access limit reached,"{'error': 'Access limit reached', 'retry_after': '0 hours 48 minutes'}"
WNIW6wOBUcvDOXyr,1744488904630,429,Access limit reached,"{'error': 'Access limit reached', 'retry_after': '0 hours 48 minutes'}"
WNIW6wOBUcvDOXyr,1744488904630,429,Access limit reached,"{'error': 'Access limit reached', 'retry_after': '0 hours 48 minutes'}"
WNIW6wOBUcvDOXyr,1744489013630,429,Access limit reached,"{'error': 'Access limit reached', 'retry_after': '0 hours 48 minutes'}"
WNIW6wOBUcvDOXyr,1744489013630,429,Access limit reached,"{'error': 'Access limit reached', 'retry_after': '0 hours 48 minutes'}"
WNIW6wOBUcvDOXyr,1744489013630,429,Access limit reached,"{'error': 'Access limit reached', 'retry_after': '0 hours 48 minutes'}"
WNIW6wOBUcvDOXyr,1744489013630,429,Access limit reached,"{'error': 'Access limit reached', 'retry_after': '0 hours 48 minutes'}"
WNIW6wOBUcvDOXyr,1744489013630,429,Access limit reached,"{'error': 'Access limit reached', 'retry_after': '0 hours 48 minutes'}"
WNIW6wOBUcvDOXyr,1744489118630,429,Access limit reached,"{'error': 'Access limit reached', 'retry_after': '0 hours 48 minutes'}"
WNIW6wOBUcvDOXyr,1744489118630,429,Access limit reached,"{'error': 'Access limit reached', 'retry_after': '0 hours 48 minutes'}"
WNIW6wOBUcvDOXyr,1744489118630,429,Access limit reached,"{'error': 'Access limit reached', 'retry_after': '0 hours 48 minutes'}"
WNIW6wOBUcvDOXyr,1744489118630,429,Access limit reached,"{'error': 'Access limit reached', 'retry_after': '0 hours 48 minutes'}"
WNIW6wOBUcvDOXyr,1744489118630,429,Access limit reached,"{'error': 'Access limit reached', 'retry_after': '0 hours 48 minutes'}"
WNIW6wOBUcvDOXyr,1744489249630,429,Access limit reached,"{'error': 'Access limit reached', 'retry_after': '0 hours 48 minutes'}"
WNIW6wOBUcvDOXyr,1744489249630,429,Access limit reached,"{'error': 'Access limit reached', 'retry_after': '0 hours 48 minutes'}"
WNIW6wOBUcvDOXyr,1744489249630,429,Access limit reached,"{'error': 'Access limit reached', 'retry_after': '0 hours 48 minutes'}"
WNIW6wOBUcvDOXyr,1744489249630,429,Access limit reached,"{'error': 'Access limit reached', 'retry_after': '0 hours 48 minutes'}"
WNIW6wOBUcvDOXyr,1744489249630,429,Access limit reached,"{'error': 'Access limit reached', 'retry_after': '0 hours 48 minutes'}"
WNIW6wOBUcvDOXyr,1744489325630,429,Access limit reached,"{'error': 'Access limit reached', 'retry_after': '0 hours 48 minutes'}"
WNIW6wOBUcvDOXyr,1744489325630,429,Access limit reached,"{'error': 'Access limit reached', 'retry_after': '0 hours 48 minutes'}"
WNIW6wOBUcvDOXyr,1744489325630,429,Access limit reached,"{'error': 'Access limit reached', 'retry_after': '0 hours 48 minutes'}"
WNIW6wOBUcvDOXyr,1744489325630,429,Access limit reached,"{'error': 'Access limit reached', 'retry_after': '0 hours 48 minutes'}"
WNIW6wOBUcvDOXyr,1744489325630,429,Access limit reached,"{'error': 'Access limit reached', 'retry_after': '0 hours 48 minutes'}"
WNIW6wOBUcvDOXyr,1744489411630,429,Access limit reached,"{'error': 'Access limit reached', 'retry_after': '0 hours 48 minutes'}"
WNIW6wOBUcvDOXyr,1744489411630,429,Access limit reached,"{'error': 'Access limit reached', 'retry_after': '0 hours 48 minutes'}"
WNIW6wOBUcvDOXyr,1744489411630,429,Access limit reached,"{'error': 'Access limit reached', 'retry_after': '0 hours 48 minutes'}"
WNIW6wOBUcvDOXyr,1744489411630,429,Access limit reached,"{'error': 'Access limit reached', 'retry_after': '0 hours 48 minutes'}"
WNIW6wOBUcvDOXyr,1744489411630,429,Access limit reached,"{'error': 'Access limit reached', 'retry_after': '0 hours 48 minutes'}"
WNIW6wOBUcvDOXyr,1744489538630,429,Access limit reached,"{'error': 'Access limit reached', 'retry_after': '0 hours 48 minutes'}"
WNIW6wOBUcvDOXyr,1744489538630,429,Access limit reached,"{'error': 'Access limit reached', 'retry_after': '0 hours 48 minutes'}"
WNIW6wOBUcvDOXyr,1744489538630,429,Access limit reached,"{'error': 'Access limit reached', 'retry_after': '0 hours 48 minutes'}"
WNIW6wOBUcvDOXyr,1744489538630,429,Access limit reached,"{'error': 'Access limit reached', 'retry_after': '0 hours 48 minutes'}"
WNIW6wOBUcvDOXyr,1744489538630,429,Access limit reached,"{'error': 'Access limit reached', 'retry_after': '0 hours 48 minutes'}"
WNIW6wOBUcvDOXyr,1744489644630,429,Access limit reached,"{'error': 'Access limit reached', 'retry_after': '0 hours 48 minutes'}"
WNIW6wOBUcvDOXyr,1744489644630,429,Access limit reached,"{'error': 'Access limit reached', 'retry_after': '0 hours 48 minutes'}"
WNIW6wOBUcvDOXyr,1744489644630,429,Access limit reached,"{'error': 'Access limit reached', 'retry_after': '0 hours 48 minutes'}"
WNIW6wOBUcvDOXyr,1744489644630,429,Access limit reached,"{'error': 'Access limit reached', 'retry_after': '0 hours 48 minutes'}"
WNIW6wOBUcvDOXyr,1744489644630,429,Access limit reached,"{'error': 'Access limit reached', 'retry_after': '0 hours 48 minutes'}"
WNIW6wOBUcvDOXyr,1744489770630,429,Access limit reached,"{'error': 'Access limit reached', 'retry_after': '0 hours 48 minutes'}"
WNIW6wOBUcvDOXyr,1744489770630,429,Access limit reached,"{'error': 'Access limit reached', 'retry_after': '0 hours 48 minutes'}"
WNIW6wOBUcvDOXyr,1744489770630,429,Access limit reached,"{'error': 'Access limit reached', 'retry_after': '0 hours 48 minutes'}"
WNIW6wOBUcvDOXyr,1744489770630,429,Access limit reached,"{'error': 'Access limit reached', 'retry_after': '0 hours 48 minutes'}"
WNIW6wOBUcvDOXyr,1744489770630,429,Access limit reached,"{'error': 'Access limit reached', 'retry_after': '0 hours 48 minutes'}"
WNIW6wOBUcvDOXyr,1744489860630,429,Access limit reached,"{'error': 'Access limit reached', 'retry_after': '0 hours 48 minutes'}"
WNIW6wOBUcvDOXyr,1744489860630,429,Access limit reached,"{'error': 'Access limit reached', 'retry_after': '0 hours 48 minutes'}"
WNIW6wOBUcvDOXyr,1744489860630,429,Access limit reached,"{'error': 'Access limit reached', 'retry_after': '0 hours 48 minutes'}"
WNIW6wOBUcvDOXyr,1744489860630,429,Access limit reached,"{'error': 'Access limit reached', 'retry_after': '0 hours 48 minutes'}"
WNIW6wOBUcvDOXyr,1744489860630,429,Access limit reached,"{'error': 'Access limit reached', 'retry_after': '0 hours 48 minutes'}"
WNIW6wOBUcvDOXyr,1744490002630,429,Access limit reached,"{'error': 'Access limit reached', 'retry_after': '0 hours 48 minutes'}"
WNIW6wOBUcvDOXyr,1744490002630,429,Access limit reached,"{'error': 'Access limit reached', 'retry_after': '0 hours 48 minutes'}"
WNIW6wOBUcvDOXyr,1744490002630,429,Access limit reached,"{'error': 'Access limit reached', 'retry_after': '0 hours 48 minutes'}"
WNIW6wOBUcvDOXyr,1744490002630,429,Access limit reached,"{'error': 'Access limit reached', 'retry_after': '0 hours 48 minutes'}"
WNIW6wOBUcvDOXyr,1744490002630,429,Access limit reached,"{'error': 'Access limit reached', 'retry_after': '0 hours 48 minutes'}"
WNIW6wOBUcvDOXyr,1744490093630,429,Access limit reached,"{'error': 'Access limit reached', 'retry_after': '0 hours 48 minutes'}"
WNIW6wOBUcvDOXyr,1744490093630,429,Access limit reached,"{'error': 'Access limit reached', 'retry_after': '0 hours 48 minutes'}"
WNIW6wOBUcvDOXyr,1744490093630,429,Access limit reached,"{'error': 'Access limit reached', 'retry_after': '0 hours 48 minutes'}"
WNIW6wOBUcvDOXyr,1744490093630,429,Access limit reached,"{'error': 'Access limit reached', 'retry_after': '0 hours 48 minutes'}"
WNIW6wOBUcvDOXyr,1744490093630,429,Access limit reached,"{'error': 'Access limit reached', 'retry_after': '0 hours 48 minutes'}"
WNIW6wOBUcvDOXyr,1744490220630,429,Access limit reached,"{'error': 'Access limit reached', 'retry_after': '0 hours 48 minutes'}"
WNIW6wOBUcvDOXyr,1744490220630,429,Access limit reached,"{'error': 'Access limit reached', 'retry_after': '0 hours 48 minutes'}"
WNIW6wOBUcvDOXyr,1744490220630,429,Access limit reached,"{'error': 'Access limit reached', 'retry_after': '0 hours 48 minutes'}"
WNIW6wOBUcvDOXyr,1744490220630,429,Access limit reached,"{'error': 'Access limit reached', 'retry_after': '0 hours 48 minutes'}"
WNIW6wOBUcvDOXyr,1744490220630,429,Access limit reached,"{'error': 'Access limit reached', 'retry_after': '0 hours 48 minutes'}"
WNIW6wOBUcvDOXyr,1744490291630,429,Access limit reached,"{'error': 'Access limit reached', 'retry_after': '0 hours 48 minutes'}"
WNIW6wOBUcvDOXyr,1744490291630,429,Access limit reached,"{'error': 'Access limit reached', 'retry_after': '0 hours 48 minutes'}"
WNIW6wOBUcvDOXyr,1744490291630,429,Access limit reached,"{'error': 'Access limit reached', 'retry_after': '0 hours 48 minutes'}"
WNIW6wOBUcvDOXyr,1744490291630,429,Access limit reached,"{'error': 'Access limit reached', 'retry_after': '0 hours 48 minutes'}"
WNIW6wOBUcvDOXyr,1744490291630,429,Access limit reached,"{'error': 'Access limit reached', 'retry_after': '0 hours 48 minutes'}"
WNIW6wOBUcvDOXyr,1744490458630,429,Access limit reached,"{'error': 'Access limit reached', 'retry_after': '0 hours 48 minutes'}"
WNIW6wOBUcvDOXyr,1744490458630,429,Access limit reached,"{'error': 'Access limit reached', 'retry_after': '0 hours 48 minutes'}"
WNIW6wOBUcvDOXyr,1744490458630,429,Access limit reached,"{'error': 'Access limit reached', 'retry_after': '0 hours 48 minutes'}"
WNIW6wOBUcvDOXyr,1744490458630,429,Access limit reached,"{'error': 'Access limit reached', 'retry_after': '0 hours 48 minutes'}"
WNIW6wOBUcvDOXyr,1744490458630,429,Access limit reached,"{'error': 'Access limit reached', 'retry_after': '0 hours 48 minutes'}"
WNIW6wOBUcvDOXyr,1744490592630,429,Access limit reached,"{'error': 'Access limit reached', 'retry_after': '0 hours 48 minutes'}"
WNIW6wOBUcvDOXyr,1744490592630,429,Access limit reached,"{'error': 'Access limit reached', 'retry_after': '0 hours 48 minutes'}"
WNIW6wOBUcvDOXyr,1744490592630,429,Access limit reached,"{'error': 'Access limit reached', 'retry_after': '0 hours 48 minutes'}"
WNIW6wOBUcvDOXyr,1744490592630,429,Access limit reached,"{'error': 'Access limit reached', 'retry_after': '0 hours 48 minutes'}"
WNIW6wOBUcvDOXyr,1744490592630,429,Access limit reached,"{'error': 'Access limit reached', 'retry_after': '0 hours 48 minutes'}"
WNIW6wOBUcvDOXyr,1744490664630,429,Access limit reached,"{'error': 'Access limit reached', 'retry_after': '0 hours 48 minutes'}"
WNIW6wOBUcvDOXyr,1744490664630,429,Access limit reached,"{'error': 'Access limit reached', 'retry_after': '0 hours 48 minutes'}"
WNIW6wOBUcvDOXyr,1744490664630,429,Access limit reached,"{'error': 'Access limit reached', 'retry_after': '0 hours 48 minutes'}"
WNIW6wOBUcvDOXyr,1744490664630,429,Access limit reached,"{'error': 'Access limit reached', 'retry_after': '0 hours 48 minutes'}"
WNIW6wOBUcvDOXyr,1744490664630,429,Access limit reached,"{'error': 'Access limit reached', 'retry_after': '0 hours 48 minutes'}"
WNIW6wOBUcvDOXyr,1744490755630,429,Access limit reached,"{'error': 'Access limit reached', 'retry_after': '0 hours 48 minutes'}"
WNIW6wOBUcvDOXyr,1744490755630,429,Access limit reached,"{'error': 'Access limit reached', 'retry_after': '0 hours 48 minutes'}"
WNIW6wOBUcvDOXyr,1744490755630,429,Access limit reached,"{'error': 'Access limit reached', 'retry_after': '0 hours 48 minutes'}"
WNIW6wOBUcvDOXyr,1744490755630,429,Access limit reached,"{'error': 'Access limit reached', 'retry_after': '0 hours 48 minutes'}"
WNIW6wOBUcvDOXyr,1744490755630,429,Access limit reached,"{'error': 'Access limit reached', 'retry_after': '0 hours 48 minutes'}"
WNIW6wOBUcvDOXyr,1744490909630,429,Access limit reached,"{'error': 'Access limit reached', 'retry_after': '0 hours 48 minutes'}"
WNIW6wOBUcvDOXyr,1744490909630,429,Access limit reached,"{'error': 'Access limit reached', 'retry_after': '0 hours 48 minutes'}"
WNIW6wOBUcvDOXyr,1744490909630,429,Access limit reached,"{'error': 'Access limit reached', 'retry_after': '0 hours 48 minutes'}"
WNIW6wOBUcvDOXyr,1744490909630,429,Access limit reached,"{'error': 'Access limit reached', 'retry_after': '0 hours 48 minutes'}"
WNIW6wOBUcvDOXyr,1744490909630,429,Access limit reached,"{'error': 'Access limit reached', 'retry_after': '0 hours 48 minutes'}"
WNIW6wOBUcvDOXyr,1744491066630,429,Access limit reached,"{'error': 'Access limit reached', 'retry_after': '0 hours 48 minutes'}"
WNIW6wOBUcvDOXyr,1744491066630,429,Access limit reached,"{'error': 'Access limit reached', 'retry_after': '0 hours 48 minutes'}"
WNIW6wOBUcvDOXyr,1744491066630,429,Access limit reached,"{'error': 'Access limit reached', 'retry_after': '0 hours 48 minutes'}"
WNIW6wOBUcvDOXyr,1744491066630,429,Access limit reached,"{'error': 'Access limit reached', 'retry_after': '0 hours 48 minutes'}"
WNIW6wOBUcvDOXyr,1744491066630,429,Access limit reached,"{'error': 'Access limit reached', 'retry_after': '0 hours 48 minutes'}"
WNIW6wOBUcvDOXyr,1744491234630,429,Access limit reached,"{'error': 'Access limit reached', 'retry_after': '0 hours 48 minutes'}"
WNIW6wOBUcvDOXyr,1744491234630,429,Access limit reached,"{'error': 'Access limit reached', 'retry_after': '0 hours 48 minutes'}"
WNIW6wOBUcvDOXyr,1744491234630,429,Access limit reached,"{'error': 'Access limit reached', 'retry_after': '0 hours 48 minutes'}"
WNIW6wOBUcvDOXyr,1744491234630,429,Access limit reached,"{'error': 'Access limit reached', 'retry_after': '0 hours 48 minutes'}"
WNIW6wOBUcvDOXyr,1744491234630,429,Access limit reached,"{'error': 'Access limit reached', 'retry_after': '0 hours 48 minutes'}"
WNIW6wOBUcvDOXyr,1744491331630,429,Access limit reached,"{'error': 'Access limit reached', 'retry_after': '0 hours 48 minutes'}"
WNIW6wOBUcvDOXyr,1744491331630,429,Access limit reached,"{'error': 'Access limit reached', 'retry_after': '0 hours 48 minutes'}"
WNIW6wOBUcvDOXyr,1744491331630,429,Access limit reached,"{'error': 'Access limit reached', 'retry_after': '0 hours 48 minutes'}"
WNIW6wOBUcvDOXyr,1744491331630,429,Access limit reached,"{'error': 'Access limit reached', 'retry_after': '0 hours 48 minutes'}"
WNIW6wOBUcvDOXyr,1744491331630,429,Access limit reached,"{'error': 'Access limit reached', 'retry_after': '0 hours 48 minutes'}"
WNIW6wOBUcvDOXyr,1744491484630,429,Access limit reached,"{'error': 'Access limit reached', 'retry_after': '0 hours 48 minutes'}"
WNIW6wOBUcvDOXyr,1744491484630,429,Access limit reached,"{'error': 'Access limit reached', 'retry_after': '0 hours 48 minutes'}"
WNIW6wOBUcvDOXyr,1744491484630,429,Access limit reached,"{'error': 'Access limit reached', 'retry_after': '0 hours 48 minutes'}"
WNIW6wOBUcvDOXyr,1744491484630,429,Access limit reached,"{'error': 'Access limit reached', 'retry_after': '0 hours 48 minutes'}"
WNIW6wOBUcvDOXyr,1744491484630,429,Access limit reached,"{'error': 'Access limit reached', 'retry_after': '0 hours 48 minutes'}"
WNIW6wOBUcvDOXyr,1744491648630,429,Access limit reached,"{'error': 'Access limit reached', 'retry_after': '0 hours 48 minutes'}"
WNIW6wOBUcvDOXyr,1744491648630,429,Access limit reached,"{'error': 'Access limit reached', 'retry_after': '0 hours 48 minutes'}"
WNIW6wOBUcvDOXyr,1744491648630,429,Access limit reached,"{'error': 'Access limit reached', 'retry_after': '0 hours 48 minutes'}"
WNIW6wOBUcvDOXyr,1744491648630,429,Access limit reached,"{'error': 'Access limit reached', 'retry_after': '0 hours 48 minutes'}"
WNIW6wOBUcvDOXyr,1744491648630,429,Access limit reached,"{'error': 'Access limit reached', 'retry_after': '0 hours 48 minutes'}"
WNIW6wOBUcvDOXyr,1744491663630,429,Access limit reached,"{'error': 'Access limit reached', 'retry_after': '0 hours 48 minutes'}"
WNIW6wOBUcvDOXyr,1744491663630,429,Access limit reached,"{'error': 'Access limit reached', 'retry_after': '0 hours 48 minutes'}"
WNIW6wOBUcvDOXyr,1744491663630,429,Access limit reached,"{'error': 'Access limit reached', 'retry_after': '0 hours 48 minutes'}"
WNIW6wOBUcvDOXyr,1744491663630,429,Access limit reached,"{'error': 'Access limit reached', 'retry_after': '0 hours 48 minutes'}"
WNIW6wOBUcvDOXyr,1744491663630,429,Access limit reached,"{'error': 'Access limit reached', 'retry_after': '0 hours 48 minutes'}"
WNIW6wOBUcvDOXyr,1744491684630,429,Access limit reached,"{'error': 'Access limit reached', 'retry_after': '0 hours 48 minutes'}"
WNIW6wOBUcvDOXyr,1744491684630,429,Access limit reached,"{'error': 'Access limit reached', 'retry_after': '0 hours 48 minutes'}"
WNIW6wOBUcvDOXyr,1744491684630,429,Access limit reached,"{'error': 'Access limit reached', 'retry_after': '0 hours 48 minutes'}"
WNIW6wOBUcvDOXyr,1744491684630,429,Access limit reached,"{'error': 'Access limit reached', 'retry_after': '0 hours 48 minutes'}"
WNIW6wOBUcvDOXyr,1744491684630,429,Access limit reached,"{'error': 'Access limit reached', 'retry_after': '0 hours 48 minutes'}"
WNIW6wOBUcvDOXyr,1744491714630,429,Access limit reached,"{'error': 'Access limit reached', 'retry_after': '0 hours 48 minutes'}"
WNIW6wOBUcvDOXyr,1744491714630,429,Access limit reached,"{'error': 'Access limit reached', 'retry_after': '0 hours 48 minutes'}"
WNIW6wOBUcvDOXyr,1744491714630,429,Access limit reached,"{'error': 'Access limit reached', 'retry_after': '0 hours 48 minutes'}"
WNIW6wOBUcvDOXyr,1744491714630,429,Access limit reached,"{'error': 'Access limit reached', 'retry_after': '0 hours 48 minutes'}"
WNIW6wOBUcvDOXyr,1744491714630,429,Access limit reached,"{'error': 'Access limit reached', 'retry_after': '0 hours 48 minutes'}"
WNIW6wOBUcvDOXyr,1744491740630,429,Access limit reached,"{'error': 'Access limit reached', 'retry_after': '0 hours 48 minutes'}"
WNIW6wOBUcvDOXyr,1744491740630,429,Access limit reached,"{'error': 'Access limit reached', 'retry_after': '0 hours 48 minutes'}"
WNIW6wOBUcvDOXyr,1744491740630,429,Access limit reached,"{'error': 'Access limit reached', 'retry_after': '0 hours 48 minutes'}"
WNIW6wOBUcvDOXyr,1744491740630,429,Access limit reached,"{'error': 'Access limit reached', 'retry_after': '0 hours 48 minutes'}"
WNIW6wOBUcvDOXyr,1744491740630,429,Access limit reached,"{'error': 'Access limit reached', 'retry_after': '0 hours 48 minutes'}"
WNIW6wOBUcvDOXyr,1744491769630,429,Access limit reached,"{'error': 'Access limit reached', 'retry_after': '0 hours 48 minutes'}"
WNIW6wOBUcvDOXyr,1744491769630,429,Access limit reached,"{'error': 'Access limit reached', 'retry_after': '0 hours 48 minutes'}"
WNIW6wOBUcvDOXyr,1744491769630,429,Access limit reached,"{'error': 'Access limit reached', 'retry_after': '0 hours 48 minutes'}"
WNIW6wOBUcvDOXyr,1744491769630,429,Access limit reached,"{'error': 'Access limit reached', 'retry_after': '0 hours 48 minutes'}"
WNIW6wOBUcvDOXyr,1744491769630,429,Access limit reached,"{'error': 'Access limit reached', 'retry_after': '0 hours 48 minutes'}"
T79q5lQcq2RZ5AJU,1744491781630,429,Access limit reached,"{'error': 'Access limit reached', 'retry_after': '0 hours 2 minutes'}"
T79q5lQcq2RZ5AJU,1744491781630,429,Access limit reached,"{'error': 'Access limit reached', 'retry_after': '0 hours 2 minutes'}"
T79q5lQcq2RZ5AJU,1744491781630,429,Access limit reached,"{'error': 'Access limit reached', 'retry_after': '0 hours 2 minutes'}"
T79q5lQcq2RZ5AJU,1744491781630,429,Access limit reached,"{'error': 'Access limit reached', 'retry_after': '0 hours 2 minutes'}"
T79q5lQcq2RZ5AJU,1744491781630,429,Access limit reached,"{'error': 'Access limit reached', 'retry_after': '0 hours 2 minutes'}"
T79q5lQcq2RZ5AJU,1744491807630,429,Access limit reached,"{'error': 'Access limit reached', 'retry_after': '0 hours 2 minutes'}"
T79q5lQcq2RZ5AJU,1744491807630,429,Access limit reached,"{'error': 'Access limit reached', 'retry_after': '0 hours 2 minutes'}"
T79q5lQcq2RZ5AJU,1744491807630,429,Access limit reached,"{'error': 'Access limit reached', 'retry_after': '0 hours 2 minutes'}"
T79q5lQcq2RZ5AJU,1744491807630,429,Access limit reached,"{'error': 'Access limit reached', 'retry_after': '0 hours 2 minutes'}"
T79q5lQcq2RZ5AJU,1744491807630,429,Access limit reached,"{'error': 'Access limit reached', 'retry_after': '0 hours 2 minutes'}"
T79q5lQcq2RZ5AJU,1744491832630,429,Access limit reached,"{'error': 'Access limit reached', 'retry_after': '0 hours 2 minutes'}"
T79q5lQcq2RZ5AJU,1744491832630,429,Access limit reached,"{'error': 'Access limit reached', 'retry_after': '0 hours 2 minutes'}"
T79q5lQcq2RZ5AJU,1744491832630,429,Access limit reached,"{'error': 'Access limit reached', 'retry_after': '0 hours 2 minutes'}"
T79q5lQcq2RZ5AJU,1744491832630,429,Access limit reached,"{'error': 'Access limit reached', 'retry_after': '0 hours 2 minutes'}"
T79q5lQcq2RZ5AJU,1744491832630,429,Access limit reached,"{'error': 'Access limit reached', 'retry_after': '0 hours 2 minutes'}"
T79q5lQcq2RZ5AJU,1744491848630,429,Access limit reached,"{'error': 'Access limit reached', 'retry_after': '0 hours 2 minutes'}"
T79q5lQcq2RZ5AJU,1744491848630,429,Access limit reached,"{'error': 'Access limit reached', 'retry_after': '0 hours 2 minutes'}"
T79q5lQcq2RZ5AJU,1744491848630,429,Access limit reached,"{'error': 'Access limit reached', 'retry_after': '0 hours 2 minutes'}"
T79q5lQcq2RZ5AJU,1744491848630,429,Access limit reached,"{'error': 'Access limit reached', 'retry_after': '0 hours 2 minutes'}"
T79q5lQcq2RZ5AJU,1744491848630,429,Access limit reached,"{'error': 'Access limit reached', 'retry_after': '0 hours 2 minutes'}"
T79q5lQcq2RZ5AJU,1744491860630,429,Access limit reached,"{'error': 'Access limit reached', 'retry_after': '0 hours 2 minutes'}"
T79q5lQcq2RZ5AJU,1744491860630,429,Access limit reached,"{'error': 'Access limit reached', 'retry_after': '0 hours 2 minutes'}"
T79q5lQcq2RZ5AJU,1744491860630,429,Access limit reached,"{'error': 'Access limit reached', 'retry_after': '0 hours 2 minutes'}"
T79q5lQcq2RZ5AJU,1744491860630,429,Access limit reached,"{'error': 'Access limit reached', 'retry_after': '0 hours 2 minutes'}"
T79q5lQcq2RZ5AJU,1744491860630,429,Access limit reached,"{'error': 'Access limit reached', 'retry_after': '0 hours 2 minutes'}"
T79q5lQcq2RZ5AJU,1744491879630,429,Access limit reached,"{'error': 'Access limit reached', 'retry_after': '0 hours 2 minutes'}"
T79q5lQcq2RZ5AJU,1744491879630,429,Access limit reached,"{'error': 'Access limit reached', 'retry_after': '0 hours 2 minutes'}"
T79q5lQcq2RZ5AJU,1744491879630,429,Access limit reached,"{'error': 'Access limit reached', 'retry_after': '0 hours 2 minutes'}"
T79q5lQcq2RZ5AJU,1744491879630,429,Access limit reached,"{'error': 'Access limit reached', 'retry_after': '0 hours 2 minutes'}"
T79q5lQcq2RZ5AJU,1744491879630,429,Access limit reached,"{'error': 'Access limit reached', 'retry_after': '0 hours 2 minutes'}"
T79q5lQcq2RZ5AJU,1744491900630,429,Access limit reached,"{'error': 'Access limit reached', 'retry_after': '0 hours 2 minutes'}"
T79q5lQcq2RZ5AJU,1744491900630,429,Access limit reached,"{'error': 'Access limit reached', 'retry_after': '0 hours 2 minutes'}"
T79q5lQcq2RZ5AJU,1744491900630,429,Access limit reached,"{'error': 'Access limit reached', 'retry_after': '0 hours 2 minutes'}"
T79q5lQcq2RZ5AJU,1744491900630,429,Access limit reached,"{'error': 'Access limit reached', 'retry_after': '0 hours 2 minutes'}"
T79q5lQcq2RZ5AJU,1744491900630,429,Access limit reached,"{'error': 'Access limit reached', 'retry_after': '0 hours 2 minutes'}"
T79q5lQcq2RZ5AJU,1744491907630,429,Access limit reached,"{'error': 'Access limit reached', 'retry_after': '0 hours 2 minutes'}"
T79q5lQcq2RZ5AJU,1744491907630,429,Access limit reached,"{'error': 'Access limit reached', 'retry_after': '0 hours 2 minutes'}"
T79q5lQcq2RZ5AJU,1744491907630,429,Access limit reached,"{'error': 'Access limit reached', 'retry_after': '0 hours 2 minutes'}"
T79q5lQcq2RZ5AJU,1744491907630,429,Access limit reached,"{'error': 'Access limit reached', 'retry_after': '0 hours 2 minutes'}"
T79q5lQcq2RZ5AJU,1744491907630,429,Access limit reached,"{'error': 'Access limit reached', 'retry_after': '0 hours 2 minutes'}"
T79q5lQcq2RZ5AJU,1744491914630,429,Access limit reached,"{'error': 'Access limit reached', 'retry_after': '0 hours 2 minutes'}"
T79q5lQcq2RZ5AJU,1744491914630,429,Access limit reached,"{'error': 'Access limit reached', 'retry_after': '0 hours 2 minutes'}"
T79q5lQcq2RZ5AJU,1744491914630,429,Access limit reached,"{'error': 'Access limit reached', 'retry_after': '0 hours 2 minutes'}"
T79q5lQcq2RZ5AJU,1744491914630,429,Access limit reached,"{'error': 'Access limit reached', 'retry_after': '0 hours 2 minutes'}"
T79q5lQcq2RZ5AJU,1744491914630,429,Access limit reached,"{'error': 'Access limit reached', 'retry_after': '0 hours 2 minutes'}"
T79q5lQcq2RZ5AJU,1744491931630,429,Access limit reached,"{'error': 'Access limit reached', 'retry_after': '0 hours 2 minutes'}"
T79q5lQcq2RZ5AJU,1744491931630,429,Access limit reached,"{'error': 'Access limit reached', 'retry_after': '0 hours 2 minutes'}"
T79q5lQcq2RZ5AJU,1744491931630,429,Access limit reached,"{'error': 'Access limit reached', 'retry_after': '0 hours 2 minutes'}"
T79q5lQcq2RZ5AJU,1744491931630,429,Access limit reached,"{'error': 'Access limit reached', 'retry_after': '0 hours 2 minutes'}"
T79q5lQcq2RZ5AJU,1744491931630,429,Access limit reached,"{'error': 'Access limit reached', 'retry_after': '0 hours 2 minutes'}"
T79q5lQcq2RZ5AJU,1744491959630,429,Access limit reached,"{'error': 'Access limit reached', 'retry_after': '0 hours 2 minutes'}"
T79q5lQcq2RZ5AJU,1744491959630,429,Access limit reached,"{'error': 'Access limit reached', 'retry_after': '0 hours 2 minutes'}"
T79q5lQcq2RZ5AJU,1744491959630,429,Access limit reached,"{'error': 'Access limit reached', 'retry_after': '0 hours 2 minutes'}"
T79q5lQcq2RZ5AJU,1744491959630,429,Access limit reached,"{'error': 'Access limit reached', 'retry_after': '0 hours 2 minutes'}"
T79q5lQcq2RZ5AJU,1744491959630,429,Access limit reached,"{'error': 'Access limit reached', 'retry_after': '0 hours 2 minutes'}"
T79q5lQcq2RZ5AJU,1744491974630,429,Access limit reached,"{'error': 'Access limit reached', 'retry_after': '0 hours 2 minutes'}"
T79q5lQcq2RZ5AJU,1744491974630,429,Access limit reached,"{'error': 'Access limit reached', 'retry_after': '0 hours 2 minutes'}"
T79q5lQcq2RZ5AJU,1744491974630,429,Access limit reached,"{'error': 'Access limit reached', 'retry_after': '0 hours 2 minutes'}"
T79q5lQcq2RZ5AJU,1744491974630,429,Access limit reached,"{'error': 'Access limit reached', 'retry_after': '0 hours 2 minutes'}"
T79q5lQcq2RZ5AJU,1744491974630,429,Access limit reached,"{'error': 'Access limit reached', 'retry_after': '0 hours 2 minutes'}"
T79q5lQcq2RZ5AJU,1744491995630,429,Access limit reached,"{'error': 'Access limit reached', 'retry_after': '0 hours 2 minutes'}"
T79q5lQcq2RZ5AJU,1744491995630,429,Access limit reached,"{'error': 'Access limit reached', 'retry_after': '0 hours 2 minutes'}"
T79q5lQcq2RZ5AJU,1744491995630,429,Access limit reached,"{'error': 'Access limit reached', 'retry_after': '0 hours 2 minutes'}"
T79q5lQcq2RZ5AJU,1744491995630,429,Access limit reached,"{'error': 'Access limit reached', 'retry_after': '0 hours 2 minutes'}"
T79q5lQcq2RZ5AJU,1744491995630,429,Access limit reached,"{'error': 'Access limit reached', 'retry_after': '0 hours 2 minutes'}"
T79q5lQcq2RZ5AJU,1744492024630,429,Access limit reached,"{'error': 'Access limit reached', 'retry_after': '0 hours 2 minutes'}"
T79q5lQcq2RZ5AJU,1744492024630,429,Access limit reached,"{'error': 'Access limit reached', 'retry_after': '0 hours 2 minutes'}"
T79q5lQcq2RZ5AJU,1744492024630,429,Access limit reached,"{'error': 'Access limit reached', 'retry_after': '0 hours 2 minutes'}"
T79q5lQcq2RZ5AJU,1744492024630,429,Access limit reached,"{'error': 'Access limit reached', 'retry_after': '0 hours 2 minutes'}"
T79q5lQcq2RZ5AJU,1744492024630,429,Access limit reached,"{'error': 'Access limit reached', 'retry_after': '0 hours 2 minutes'}"
T79q5lQcq2RZ5AJU,1744492032630,429,Access limit reached,"{'error': 'Access limit reached', 'retry_after': '0 hours 2 minutes'}"
T79q5lQcq2RZ5AJU,1744492032630,429,Access limit reached,"{'error': 'Access limit reached', 'retry_after': '0 hours 2 minutes'}"
T79q5lQcq2RZ5AJU,1744492032630,429,Access limit reached,"{'error': 'Access limit reached', 'retry_after': '0 hours 2 minutes'}"
T79q5lQcq2RZ5AJU,1744492032630,429,Access limit reached,"{'error': 'Access limit reached', 'retry_after': '0 hours 2 minutes'}"
T79q5lQcq2RZ5AJU,1744492032630,429,Access limit reached,"{'error': 'Access limit reached', 'retry_after': '0 hours 2 minutes'}"
T79q5lQcq2RZ5AJU,1744492057630,429,Access limit reached,"{'error': 'Access limit reached', 'retry_after': '0 hours 2 minutes'}"
T79q5lQcq2RZ5AJU,1744492057630,429,Access limit reached,"{'error': 'Access limit reached', 'retry_after': '0 hours 2 minutes'}"
T79q5lQcq2RZ5AJU,1744492057630,429,Access limit reached,"{'error': 'Access limit reached', 'retry_after': '0 hours 2 minutes'}"
T79q5lQcq2RZ5AJU,1744492057630,429,Access limit reached,"{'error': 'Access limit reached', 'retry_after': '0 hours 2 minutes'}"
T79q5lQcq2RZ5AJU,1744492057630,429,Access limit reached,"{'error': 'Access limit reached', 'retry_after': '0 hours 2 minutes'}"
T79q5lQcq2RZ5AJU,1744492080630,429,Access limit reached,"{'error': 'Access limit reached', 'retry_after': '0 hours 2 minutes'}"
T79q5lQcq2RZ5AJU,1744492080630,429,Access limit reached,"{'error': 'Access limit reached', 'retry_after': '0 hours 2 minutes'}"
T79q5lQcq2RZ5AJU,1744492080630,429,Access limit reached,"{'error': 'Access limit reached', 'retry_after': '0 hours 2 minutes'}"
T79q5lQcq2RZ5AJU,1744492080630,429,Access limit reached,"{'error': 'Access limit reached', 'retry_after': '0 hours 2 minutes'}"
T79q5lQcq2RZ5AJU,1744492080630,429,Access limit reached,"{'error': 'Access limit reached', 'retry_after': '0 hours 2 minutes'}"
T79q5lQcq2RZ5AJU,1744492097630,429,Access limit reached,"{'error': 'Access limit reached', 'retry_after': '0 hours 2 minutes'}"
T79q5lQcq2RZ5AJU,1744492097630,429,Access limit reached,"{'error': 'Access limit reached', 'retry_after': '0 hours 2 minutes'}"
T79q5lQcq2RZ5AJU,1744492097630,429,Access limit reached,"{'error': 'Access limit reached', 'retry_after': '0 hours 2 minutes'}"
T79q5lQcq2RZ5AJU,1744492097630,429,Access limit reached,"{'error': 'Access limit reached', 'retry_after': '0 hours 2 minutes'}"
T79q5lQcq2RZ5AJU,1744492097630,429,Access limit reached,"{'error': 'Access limit reached', 'retry_after': '0 hours 2 minutes'}"
T79q5lQcq2RZ5AJU,1744492111630,429,Access limit reached,"{'error': 'Access limit reached', 'retry_after': '0 hours 2 minutes'}"
T79q5lQcq2RZ5AJU,1744492111630,429,Access limit reached,"{'error': 'Access limit reached', 'retry_after': '0 hours 2 minutes'}"
T79q5lQcq2RZ5AJU,1744492111630,429,Access limit reached,"{'error': 'Access limit reached', 'retry_after': '0 hours 2 minutes'}"
T79q5lQcq2RZ5AJU,1744492111630,429,Access limit reached,"{'error': 'Access limit reached', 'retry_after': '0 hours 2 minutes'}"
T79q5lQcq2RZ5AJU,1744492111630,429,Access limit reached,"{'error': 'Access limit reached', 'retry_after': '0 hours 2 minutes'}"
T79q5lQcq2RZ5AJU,1744492116630,429,Access limit reached,"{'error': 'Access limit reached', 'retry_after': '0 hours 2 minutes'}"
T79q5lQcq2RZ5AJU,1744492116630,429,Access limit reached,"{'error': 'Access limit reached', 'retry_after': '0 hours 2 minutes'}"
T79q5lQcq2RZ5AJU,1744492116630,429,Access limit reached,"{'error': 'Access limit reached', 'retry_after': '0 hours 2 minutes'}"
T79q5lQcq2RZ5AJU,1744492116630,429,Access limit reached,"{'error': 'Access limit reached', 'retry_after': '0 hours 2 minutes'}"
T79q5lQcq2RZ5AJU,1744492116630,429,Access limit reached,"{'error': 'Access limit reached', 'retry_after': '0 hours 2 minutes'}"
T79q5lQcq2RZ5AJU,1744492141630,429,Access limit reached,"{'error': 'Access limit reached', 'retry_after': '0 hours 2 minutes'}"
T79q5lQcq2RZ5AJU,1744492141630,429,Access limit reached,"{'error': 'Access limit reached', 'retry_after': '0 hours 2 minutes'}"
T79q5lQcq2RZ5AJU,1744492141630,429,Access limit reached,"{'error': 'Access limit reached', 'retry_after': '0 hours 2 minutes'}"
T79q5lQcq2RZ5AJU,1744492141630,429,Access limit reached,"{'error': 'Access limit reached', 'retry_after': '0 hours 2 minutes'}"
T79q5lQcq2RZ5AJU,1744492141630,429,Access limit reached,"{'error': 'Access limit reached', 'retry_after': '0 hours 2 minutes'}"
T79q5lQcq2RZ5AJU,1744492168630,429,Access limit reached,"{'error': 'Access limit reached', 'retry_after': '0 hours 2 minutes'}"
T79q5lQcq2RZ5AJU,1744492168630,429,Access limit reached,"{'error': 'Access limit reached', 'retry_after': '0 hours 2 minutes'}"
T79q5lQcq2RZ5AJU,1744492168630,429,Access limit reached,"{'error': 'Access limit reached', 'retry_after': '0 hours 2 minutes'}"
T79q5lQcq2RZ5AJU,1744492168630,429,Access limit reached,"{'error': 'Access limit reached', 'retry_after': '0 hours 2 minutes'}"
T79q5lQcq2RZ5AJU,1744492168630,429,Access limit reached,"{'error': 'Access limit reached', 'retry_after': '0 hours 2 minutes'}"
T79q5lQcq2RZ5AJU,1744492184630,429,Access limit reached,"{'error': 'Access limit reached', 'retry_after': '0 hours 2 minutes'}"
T79q5lQcq2RZ5AJU,1744492184630,429,Access limit reached,"{'error': 'Access limit reached', 'retry_after': '0 hours 2 minutes'}"
T79q5lQcq2RZ5AJU,1744492184630,429,Access limit reached,"{'error': 'Access limit reached', 'retry_after': '0 hours 2 minutes'}"
T79q5lQcq2RZ5AJU,1744492184630,429,Access limit reached,"{'error': 'Access limit reached', 'retry_after': '0 hours 2 minutes'}"
T79q5lQcq2RZ5AJU,1744492184630,429,Access limit reached,"{'error': 'Access limit reached', 'retry_after': '0 hours 2 minutes'}"
T79q5lQcq2RZ5AJU,1744492193630,429,Access limit reached,"{'error': 'Access limit reached', 'retry_after': '0 hours 2 minutes'}"
T79q5lQcq2RZ5AJU,1744492193630,429,Access limit reached,"{'error': 'Access limit reached', 'retry_after': '0 hours 2 minutes'}"
T79q5lQcq2RZ5AJU,1744492193630,429,Access limit reached,"{'error': 'Access limit reached', 'retry_after': '0 hours 2 minutes'}"
T79q5lQcq2RZ5AJU,1744492193630,429,Access limit reached,"{'error': 'Access limit reached', 'retry_after': '0 hours 2 minutes'}"
T79q5lQcq2RZ5AJU,1744492193630,429,Access limit reached,"{'error': 'Access limit reached', 'retry_after': '0 hours 2 minutes'}"
T79q5lQcq2RZ5AJU,1744492213630,429,Access limit reached,"{'error': 'Access limit reached', 'retry_after': '0 hours 2 minutes'}"
T79q5lQcq2RZ5AJU,1744492213630,429,Access limit reached,"{'error': 'Access limit reached', 'retry_after': '0 hours 2 minutes'}"
T79q5lQcq2RZ5AJU,1744492213630,429,Access limit reached,"{'error': 'Access limit reached', 'retry_after': '0 hours 2 minutes'}"
T79q5lQcq2RZ5AJU,1744492213630,429,Access limit reached,"{'error': 'Access limit reached', 'retry_after': '0 hours 2 minutes'}"
T79q5lQcq2RZ5AJU,1744492213630,429,Access limit reached,"{'error': 'Access limit reached', 'retry_after': '0 hours 2 minutes'}"
T79q5lQcq2RZ5AJU,1744492231630,429,Access limit reached,"{'error': 'Access limit reached', 'retry_after': '0 hours 2 minutes'}"
T79q5lQcq2RZ5AJU,1744492231630,429,Access limit reached,"{'error': 'Access limit reached', 'retry_after': '0 hours 2 minutes'}"
T79q5lQcq2RZ5AJU,1744492231630,429,Access limit reached,"{'error': 'Access limit reached', 'retry_after': '0 hours 2 minutes'}"
T79q5lQcq2RZ5AJU,1744492231630,429,Access limit reached,"{'error': 'Access limit reached', 'retry_after': '0 hours 2 minutes'}"
T79q5lQcq2RZ5AJU,1744492231630,429,Access limit reached,"{'error': 'Access limit reached', 'retry_after': '0 hours 2 minutes'}"
T79q5lQcq2RZ5AJU,1744492236630,429,Access limit reached,"{'error': 'Access limit reached', 'retry_after': '0 hours 2 minutes'}"
T79q5lQcq2RZ5AJU,1744492236630,429,Access limit reached,"{'error': 'Access limit reached', 'retry_after': '0 hours 2 minutes'}"
T79q5lQcq2RZ5AJU,1744492236630,429,Access limit reached,"{'error': 'Access limit reached', 'retry_after': '0 hours 2 minutes'}"
T79q5lQcq2RZ5AJU,1744492236630,429,Access limit reached,"{'error': 'Access limit reached', 'retry_after': '0 hours 2 minutes'}"
T79q5lQcq2RZ5AJU,1744492236630,429,Access limit reached,"{'error': 'Access limit reached', 'retry_after': '0 hours 2 minutes'}"
T79q5lQcq2RZ5AJU,1744492252630,429,Access limit reached,"{'error': 'Access limit reached', 'retry_after': '0 hours 2 minutes'}"
T79q5lQcq2RZ5AJU,1744492252630,429,Access limit reached,"{'error': 'Access limit reached', 'retry_after': '0 hours 2 minutes'}"
T79q5lQcq2RZ5AJU,1744492252630,429,Access limit reached,"{'error': 'Access limit reached', 'retry_after': '0 hours 2 minutes'}"
T79q5lQcq2RZ5AJU,1744492252630,429,Access limit reached,"{'error': 'Access limit reached', 'retry_after': '0 hours 2 minutes'}"
T79q5lQcq2RZ5AJU,1744492252630,429,Access limit reached,"{'error': 'Access limit reached', 'retry_after': '0 hours 2 minutes'}"
T79q5lQcq2RZ5AJU,1744492262630,429,Access limit reached,"{'error': 'Access limit reached', 'retry_after': '0 hours 2 minutes'}"
T79q5lQcq2RZ5AJU,1744492262630,429,Access limit reached,"{'error': 'Access limit reached', 'retry_after': '0 hours 2 minutes'}"
T79q5lQcq2RZ5AJU,1744492262630,429,Access limit reached,"{'error': 'Access limit reached', 'retry_after': '0 hours 2 minutes'}"
T79q5lQcq2RZ5AJU,1744492262630,429,Access limit reached,"{'error': 'Access limit reached', 'retry_after': '0 hours 2 minutes'}"
T79q5lQcq2RZ5AJU,1744492262630,429,Access limit reached,"{'error': 'Access limit reached', 'retry_after': '0 hours 2 minutes'}"
T79q5lQcq2RZ5AJU,1744492278630,429,Access limit reached,"{'error': 'Access limit reached', 'retry_after': '0 hours 2 minutes'}"
T79q5lQcq2RZ5AJU,1744492278630,429,Access limit reached,"{'error': 'Access limit reached', 'retry_after': '0 hours 2 minutes'}"
T79q5lQcq2RZ5AJU,1744492278630,429,Access limit reached,"{'error': 'Access limit reached', 'retry_after': '0 hours 2 minutes'}"
T79q5lQcq2RZ5AJU,1744492278630,429,Access limit reached,"{'error': 'Access limit reached', 'retry_after': '0 hours 2 minutes'}"
T79q5lQcq2RZ5AJU,1744492278630,429,Access limit reached,"{'error': 'Access limit reached', 'retry_after': '0 hours 2 minutes'}"
T79q5lQcq2RZ5AJU,1744492303630,429,Access limit reached,"{'error': 'Access limit reached', 'retry_after': '0 hours 2 minutes'}"
T79q5lQcq2RZ5AJU,1744492303630,429,Access limit reached,"{'error': 'Access limit reached', 'retry_after': '0 hours 2 minutes'}"
T79q5lQcq2RZ5AJU,1744492303630,429,Access limit reached,"{'error': 'Access limit reached', 'retry_after': '0 hours 2 minutes'}"
T79q5lQcq2RZ5AJU,1744492303630,429,Access limit reached,"{'error': 'Access limit reached', 'retry_after': '0 hours 2 minutes'}"
T79q5lQcq2RZ5AJU,1744492303630,429,Access limit reached,"{'error': 'Access limit reached', 'retry_after': '0 hours 2 minutes'}"
T79q5lQcq2RZ5AJU,1744492321630,429,Access limit reached,"{'error': 'Access limit reached', 'retry_after': '0 hours 2 minutes'}"
T79q5lQcq2RZ5AJU,1744492321630,429,Access limit reached,"{'error': 'Access limit reached', 'retry_after': '0 hours 2 minutes'}"
T79q5lQcq2RZ5AJU,1744492321630,429,Access limit reached,"{'error': 'Access limit reached', 'retry_after': '0 hours 2 minutes'}"
T79q5lQcq2RZ5AJU,1744492321630,429,Access limit reached,"{'error': 'Access limit reached', 'retry_after': '0 hours 2 minutes'}"
T79q5lQcq2RZ5AJU,1744492321630,429,Access limit reached,"{'error': 'Access limit reached', 'retry_after': '0 hours 2 minutes'}"
T79q5lQcq2RZ5AJU,1744492344630,429,Access limit reached,"{'error': 'Access limit reached', 'retry_after': '0 hours 2 minutes'}"
T79q5lQcq2RZ5AJU,1744492344630,429,Access limit reached,"{'error': 'Access limit reached', 'retry_after': '0 hours 2 minutes'}"
T79q5lQcq2RZ5AJU,1744492344630,429,Access limit reached,"{'error': 'Access limit reached', 'retry_after': '0 hours 2 minutes'}"
T79q5lQcq2RZ5AJU,1744492344630,429,Access limit reached,"{'error': 'Access limit reached', 'retry_after': '0 hours 2 minutes'}"
T79q5lQcq2RZ5AJU,1744492344630,429,Access limit reached,"{'error': 'Access limit reached', 'retry_after': '0 hours 2 minutes'}"
T79q5lQcq2RZ5AJU,1744492355630,429,Access limit reached,"{'error': 'Access limit reached', 'retry_after': '0 hours 2 minutes'}"
T79q5lQcq2RZ5AJU,1744492355630,429,Access limit reached,"{'error': 'Access limit reached', 'retry_after': '0 hours 2 minutes'}"
T79q5lQcq2RZ5AJU,1744492355630,429,Access limit reached,"{'error': 'Access limit reached', 'retry_after': '0 hours 2 minutes'}"
T79q5lQcq2RZ5AJU,1744492355630,429,Access limit reached,"{'error': 'Access limit reached', 'retry_after': '0 hours 2 minutes'}"
T79q5lQcq2RZ5AJU,1744492355630,429,Access limit reached,"{'error': 'Access limit reached', 'retry_after': '0 hours 2 minutes'}"
T79q5lQcq2RZ5AJU,1744492368630,429,Access limit reached,"{'error': 'Access limit reached', 'retry_after': '0 hours 2 minutes'}"
T79q5lQcq2RZ5AJU,1744492368630,429,Access limit reached,"{'error': 'Access limit reached', 'retry_after': '0 hours 2 minutes'}"
T79q5lQcq2RZ5AJU,1744492368630,429,Access limit reached,"{'error': 'Access limit reached', 'retry_after': '0 hours 2 minutes'}"
T79q5lQcq2RZ5AJU,1744492368630,429,Access limit reached,"{'error': 'Access limit reached', 'retry_after': '0 hours 2 minutes'}"
T79q5lQcq2RZ5AJU,1744492368630,429,Access limit reached,"{'error': 'Access limit reached', 'retry_after': '0 hours 2 minutes'}"
T79q5lQcq2RZ5AJU,1744492392630,429,Access limit reached,"{'error': 'Access limit reached', 'retry_after': '0 hours 2 minutes'}"
T79q5lQcq2RZ5AJU,1744492392630,429,Access limit reached,"{'error': 'Access limit reached', 'retry_after': '0 hours 2 minutes'}"
T79q5lQcq2RZ5AJU,1744492392630,429,Access limit reached,"{'error': 'Access limit reached', 'retry_after': '0 hours 2 minutes'}"
T79q5lQcq2RZ5AJU,1744492392630,429,Access limit reached,"{'error': 'Access limit reached', 'retry_after': '0 hours 2 minutes'}"
T79q5lQcq2RZ5AJU,1744492392630,429,Access limit reached,"{'error': 'Access limit reached', 'retry_after': '0 hours 2 minutes'}"
T79q5lQcq2RZ5AJU,1744492412630,429,Access limit reached,"{'error': 'Access limit reached', 'retry_after': '0 hours 2 minutes'}"
T79q5lQcq2RZ5AJU,1744492412630,429,Access limit reached,"{'error': 'Access limit reached', 'retry_after': '0 hours 2 minutes'}"
T79q5lQcq2RZ5AJU,1744492412630,429,Access limit reached,"{'error': 'Access limit reached', 'retry_after': '0 hours 2 minutes'}"
T79q5lQcq2RZ5AJU,1744492412630,429,Access limit reached,"{'error': 'Access limit reached', 'retry_after': '0 hours 2 minutes'}"
T79q5lQcq2RZ5AJU,1744492412630,429,Access limit reached,"{'error': 'Access limit reached', 'retry_after': '0 hours 2 minutes'}"
T79q5lQcq2RZ5AJU,1744492419630,429,Access limit reached,"{'error': 'Access limit reached', 'retry_after': '0 hours 2 minutes'}"
T79q5lQcq2RZ5AJU,1744492419630,429,Access limit reached,"{'error': 'Access limit reached', 'retry_after': '0 hours 2 minutes'}"
T79q5lQcq2RZ5AJU,1744492419630,429,Access limit reached,"{'error': 'Access limit reached', 'retry_after': '0 hours 2 minutes'}"
T79q5lQcq2RZ5AJU,1744492419630,429,Access limit reached,"{'error': 'Access limit reached', 'retry_after': '0 hours 2 minutes'}"
T79q5lQcq2RZ5AJU,1744492419630,429,Access limit reached,"{'error': 'Access limit reached', 'retry_after': '0 hours 2 minutes'}"
T79q5lQcq2RZ5AJU,1744492424630,429,Access limit reached,"{'error': 'Access limit reached', 'retry_after': '0 hours 2 minutes'}"
T79q5lQcq2RZ5AJU,1744492424630,429,Access limit reached,"{'error': 'Access limit reached', 'retry_after': '0 hours 2 minutes'}"
T79q5lQcq2RZ5AJU,1744492424630,429,Access limit reached,"{'error': 'Access limit reached', 'retry_after': '0 hours 2 minutes'}"
T79q5lQcq2RZ5AJU,1744492424630,429,Access limit reached,"{'error': 'Access limit reached', 'retry_after': '0 hours 2 minutes'}"
T79q5lQcq2RZ5AJU,1744492424630,429,Access limit reached,"{'error': 'Access limit reached', 'retry_after': '0 hours 2 minutes'}"
T79q5lQcq2RZ5AJU,1744492447630,429,Access limit reached,"{'error': 'Access limit reached', 'retry_after': '0 hours 2 minutes'}"
T79q5lQcq2RZ5AJU,1744492447630,429,Access limit reached,"{'error': 'Access limit reached', 'retry_after': '0 hours 2 minutes'}"
T79q5lQcq2RZ5AJU,1744492447630,429,Access limit reached,"{'error': 'Access limit reached', 'retry_after': '0 hours 2 minutes'}"
T79q5lQcq2RZ5AJU,1744492447630,429,Access limit reached,"{'error': 'Access limit reached', 'retry_after': '0 hours 2 minutes'}"
T79q5lQcq2RZ5AJU,1744492447630,429,Access limit reached,"{'error': 'Access limit reached', 'retry_after': '0 hours 2 minutes'}"
T79q5lQcq2RZ5AJU,1744492459630,429,Access limit reached,"{'error': 'Access limit reached', 'retry_after': '0 hours 2 minutes'}"
T79q5lQcq2RZ5AJU,1744492459630,429,Access limit reached,"{'error': 'Access limit reached', 'retry_after': '0 hours 2 minutes'}"
T79q5lQcq2RZ5AJU,1744492459630,429,Access limit reached,"{'error': 'Access limit reached', 'retry_after': '0 hours 2 minutes'}"
T79q5lQcq2RZ5AJU,1744492459630,429,Access limit reached,"{'error': 'Access limit reached', 'retry_after': '0 hours 2 minutes'}"
T79q5lQcq2RZ5AJU,1744492459630,429,Access limit reached,"{'error': 'Access limit reached', 'retry_after': '0 hours 2 minutes'}"
T79q5lQcq2RZ5AJU,1744492484630,429,Access limit reached,"{'error': 'Access limit reached', 'retry_after': '0 hours 2 minutes'}"
T79q5lQcq2RZ5AJU,1744492484630,429,Access limit reached,"{'error': 'Access limit reached', 'retry_after': '0 hours 2 minutes'}"
T79q5lQcq2RZ5AJU,1744492484630,429,Access limit reached,"{'error': 'Access limit reached', 'retry_after': '0 hours 2 minutes'}"
T79q5lQcq2RZ5AJU,1744492484630,429,Access limit reached,"{'error': 'Access limit reached', 'retry_after': '0 hours 2 minutes'}"
T79q5lQcq2RZ5AJU,1744492484630,429,Access limit reached,"{'error': 'Access limit reached', 'retry_after': '0 hours 2 minutes'}"
T79q5lQcq2RZ5AJU,1744492512630,429,Access limit reached,"{'error': 'Access limit reached', 'retry_after': '0 hours 2 minutes'}"
T79q5lQcq2RZ5AJU,1744492512630,429,Access limit reached,"{'error': 'Access limit reached', 'retry_after': '0 hours 2 minutes'}"
T79q5lQcq2RZ5AJU,1744492512630,429,Access limit reached,"{'error': 'Access limit reached', 'retry_after': '0 hours 2 minutes'}"
T79q5lQcq2RZ5AJU,1744492512630,429,Access limit reached,"{'error': 'Access limit reached', 'retry_after': '0 hours 2 minutes'}"
T79q5lQcq2RZ5AJU,1744492512630,429,Access limit reached,"{'error': 'Access limit reached', 'retry_after': '0 hours 2 minutes'}"
WNIW6wOBUcvDOXyr,1744492534630,429,Access limit reached,"{'error': 'Access limit reached', 'retry_after': '0 hours 47 minutes'}"
WNIW6wOBUcvDOXyr,1744492534630,429,Access limit reached,"{'error': 'Access limit reached', 'retry_after': '0 hours 47 minutes'}"
WNIW6wOBUcvDOXyr,1744492534630,429,Access limit reached,"{'error': 'Access limit reached', 'retry_after': '0 hours 47 minutes'}"
WNIW6wOBUcvDOXyr,1744492534630,429,Access limit reached,"{'error': 'Access limit reached', 'retry_after': '0 hours 47 minutes'}"
WNIW6wOBUcvDOXyr,1744492534630,429,Access limit reached,"{'error': 'Access limit reached', 'retry_after': '0 hours 47 minutes'}"
WNIW6wOBUcvDOXyr,1744492558630,429,Access limit reached,"{'error': 'Access limit reached', 'retry_after': '0 hours 47 minutes'}"
WNIW6wOBUcvDOXyr,1744492558630,429,Access limit reached,"{'error': 'Access limit reached', 'retry_after': '0 hours 47 minutes'}"
WNIW6wOBUcvDOXyr,1744492558630,429,Access limit reached,"{'error': 'Access limit reached', 'retry_after': '0 hours 47 minutes'}"
WNIW6wOBUcvDOXyr,1744492558630,429,Access limit reached,"{'error': 'Access limit reached', 'retry_after': '0 hours 47 minutes'}"
WNIW6wOBUcvDOXyr,1744492558630,429,Access limit reached,"{'error': 'Access limit reached', 'retry_after': '0 hours 47 minutes'}"
WNIW6wOBUcvDOXyr,1744492585630,429,Access limit reached,"{'error': 'Access limit reached', 'retry_after': '0 hours 47 minutes'}"
WNIW6wOBUcvDOXyr,1744492585630,429,Access limit reached,"{'error': 'Access limit reached', 'retry_after': '0 hours 47 minutes'}"
WNIW6wOBUcvDOXyr,1744492585630,429,Access limit reached,"{'error': 'Access limit reached', 'retry_after': '0 hours 47 minutes'}"
WNIW6wOBUcvDOXyr,1744492585630,429,Access limit reached,"{'error': 'Access limit reached', 'retry_after': '0 hours 47 minutes'}"
WNIW6wOBUcvDOXyr,1744492585630,429,Access limit reached,"{'error': 'Access limit reached', 'retry_after': '0 hours 47 minutes'}"
WNIW6wOBUcvDOXyr,1744492599630,429,Access limit reached,"{'error': 'Access limit reached', 'retry_after': '0 hours 47 minutes'}"
WNIW6wOBUcvDOXyr,1744492599630,429,Access limit reached,"{'error': 'Access limit reached', 'retry_after': '0 hours 47 minutes'}"
WNIW6wOBUcvDOXyr,1744492599630,429,Access limit reached,"{'error': 'Access limit reached', 'retry_after': '0 hours 47 minutes'}"
WNIW6wOBUcvDOXyr,1744492599630,429,Access limit reached,"{'error': 'Access limit reached', 'retry_after': '0 hours 47 minutes'}"
WNIW6wOBUcvDOXyr,1744492599630,429,Access limit reached,"{'error': 'Access limit reached', 'retry_after': '0 hours 47 minutes'}"
WNIW6wOBUcvDOXyr,1744492618630,429,Access limit reached,"{'error': 'Access limit reached', 'retry_after': '0 hours 47 minutes'}"
WNIW6wOBUcvDOXyr,1744492618630,429,Access limit reached,"{'error': 'Access limit reached', 'retry_after': '0 hours 47 minutes'}"
WNIW6wOBUcvDOXyr,1744492618630,429,Access limit reached,"{'error': 'Access limit reached', 'retry_after': '0 hours 47 minutes'}"
WNIW6wOBUcvDOXyr,1744492618630,429,Access limit reached,"{'error': 'Access limit reached', 'retry_after': '0 hours 47 minutes'}"
WNIW6wOBUcvDOXyr,1744492618630,429,Access limit reached,"{'error': 'Access limit reached', 'retry_after': '0 hours 47 minutes'}"
WNIW6wOBUcvDOXyr,1744492646630,429,Access limit reached,"{'error': 'Access limit reached', 'retry_after': '0 hours 47 minutes'}"
WNIW6wOBUcvDOXyr,1744492646630,429,Access limit reached,"{'error': 'Access limit reached', 'retry_after': '0 hours 47 minutes'}"
WNIW6wOBUcvDOXyr,1744492646630,429,Access limit reached,"{'error': 'Access limit reached', 'retry_after': '0 hours 47 minutes'}"
WNIW6wOBUcvDOXyr,1744492646630,429,Access limit reached,"{'error': 'Access limit reached', 'retry_after': '0 hours 47 minutes'}"
WNIW6wOBUcvDOXyr,1744492646630,429,Access limit reached,"{'error': 'Access limit reached', 'retry_after': '0 hours 47 minutes'}"
WNIW6wOBUcvDOXyr,1744492664630,429,Access limit reached,"{'error': 'Access limit reached', 'retry_after': '0 hours 47 minutes'}"
WNIW6wOBUcvDOXyr,1744492664630,429,Access limit reached,"{'error': 'Access limit reached', 'retry_after': '0 hours 47 minutes'}"
WNIW6wOBUcvDOXyr,1744492664630,429,Access limit reached,"{'error': 'Access limit reached', 'retry_after': '0 hours 47 minutes'}"
WNIW6wOBUcvDOXyr,1744492664630,429,Access limit reached,"{'error': 'Access limit reached', 'retry_after': '0 hours 47 minutes'}"
WNIW6wOBUcvDOXyr,1744492664630,429,Access limit reached,"{'error': 'Access limit reached', 'retry_after': '0 hours 47 minutes'}"
WNIW6wOBUcvDOXyr,1744492686630,429,Access limit reached,"{'error': 'Access limit reached', 'retry_after': '0 hours 47 minutes'}"
WNIW6wOBUcvDOXyr,1744492686630,429,Access limit reached,"{'error': 'Access limit reached', 'retry_after': '0 hours 47 minutes'}"
WNIW6wOBUcvDOXyr,1744492686630,429,Access limit reached,"{'error': 'Access limit reached', 'retry_after': '0 hours 47 minutes'}"
WNIW6wOBUcvDOXyr,1744492686630,429,Access limit reached,"{'error': 'Access limit reached', 'retry_after': '0 hours 47 minutes'}"
WNIW6wOBUcvDOXyr,1744492686630,429,Access limit reached,"{'error': 'Access limit reached', 'retry_after': '0 hours 47 minutes'}"
WNIW6wOBUcvDOXyr,1744492691630,429,Access limit reached,"{'error': 'Access limit reached', 'retry_after': '0 hours 47 minutes'}"
WNIW6wOBUcvDOXyr,1744492691630,429,Access limit reached,"{'error': 'Access limit reached', 'retry_after': '0 hours 47 minutes'}"
WNIW6wOBUcvDOXyr,1744492691630,429,Access limit reached,"{'error': 'Access limit reached', 'retry_after': '0 hours 47 minutes'}"
WNIW6wOBUcvDOXyr,1744492691630,429,Access limit reached,"{'error': 'Access limit reached', 'retry_after': '0 hours 47 minutes'}"
WNIW6wOBUcvDOXyr,1744492691630,429,Access limit reached,"{'error': 'Access limit reached', 'retry_after': '0 hours 47 minutes'}"
WNIW6wOBUcvDOXyr,1744492704630,429,Access limit reached,"{'error': 'Access limit reached', 'retry_after': '0 hours 47 minutes'}"
WNIW6wOBUcvDOXyr,1744492704630,429,Access limit reached,"{'error': 'Access limit reached', 'retry_after': '0 hours 47 minutes'}"
WNIW6wOBUcvDOXyr,1744492704630,429,Access limit reached,"{'error': 'Access limit reached', 'retry_after': '0 hours 47 minutes'}"
WNIW6wOBUcvDOXyr,1744492704630,429,Access limit reached,"{'error': 'Access limit reached', 'retry_after': '0 hours 47 minutes'}"
WNIW6wOBUcvDOXyr,1744492704630,429,Access limit reached,"{'error': 'Access limit reached', 'retry_after': '0 hours 47 minutes'}"
WNIW6wOBUcvDOXyr,1744492721630,429,Access limit reached,"{'error': 'Access limit reached', 'retry_after': '0 hours 47 minutes'}"
WNIW6wOBUcvDOXyr,1744492721630,429,Access limit reached,"{'error': 'Access limit reached', 'retry_after': '0 hours 47 minutes'}"
WNIW6wOBUcvDOXyr,1744492721630,429,Access limit reached,"{'error': 'Access limit reached', 'retry_after': '0 hours 47 minutes'}"
WNIW6wOBUcvDOXyr,1744492721630,429,Access limit reached,"{'error': 'Access limit reached', 'retry_after': '0 hours 47 minutes'}"
WNIW6wOBUcvDOXyr,1744492721630,429,Access limit reached,"{'error': 'Access limit reached', 'retry_after': '0 hours 47 minutes'}"
WNIW6wOBUcvDOXyr,1744492744630,429,Access limit reached,"{'error': 'Access limit reached', 'retry_after': '0 hours 47 minutes'}"
WNIW6wOBUcvDOXyr,1744492744630,429,Access limit reached,"{'error': 'Access limit reached', 'retry_after': '0 hours 47 minutes'}"
WNIW6wOBUcvDOXyr,1744492744630,429,Access limit reached,"{'error': 'Access limit reached', 'retry_after': '0 hours 47 minutes'}"
WNIW6wOBUcvDOXyr,1744492744630,429,Access limit reached,"{'error': 'Access limit reached', 'retry_after': '0 hours 47 minutes'}"
WNIW6wOBUcvDOXyr,1744492744630,429,Access limit reached,"{'error': 'Access limit reached', 'retry_after': '0 hours 47 minutes'}"
WNIW6wOBUcvDOXyr,1744492765630,429,Access limit reached,"{'error': 'Access limit reached', 'retry_after': '0 hours 47 minutes'}"
WNIW6wOBUcvDOXyr,1744492765630,429,Access limit reached,"{'error': 'Access limit reached', 'retry_after': '0 hours 47 minutes'}"
WNIW6wOBUcvDOXyr,1744492765630,429,Access limit reached,"{'error': 'Access limit reached', 'retry_after': '0 hours 47 minutes'}"
WNIW6wOBUcvDOXyr,1744492765630,429,Access limit reached,"{'error': 'Access limit reached', 'retry_after': '0 hours 47 minutes'}"
WNIW6wOBUcvDOXyr,1744492765630,429,Access limit reached,"{'error': 'Access limit reached', 'retry_after': '0 hours 47 minutes'}"
WNIW6wOBUcvDOXyr,1744492775630,429,Access limit reached,"{'error': 'Access limit reached', 'retry_after': '0 hours 47 minutes'}"
WNIW6wOBUcvDOXyr,1744492775630,429,Access limit reached,"{'error': 'Access limit reached', 'retry_after': '0 hours 47 minutes'}"
WNIW6wOBUcvDOXyr,1744492775630,429,Access limit reached,"{'error': 'Access limit reached', 'retry_after': '0 hours 47 minutes'}"
WNIW6wOBUcvDOXyr,1744492775630,429,Access limit reached,"{'error': 'Access limit reached', 'retry_after': '0 hours 47 minutes'}"
WNIW6wOBUcvDOXyr,1744492775630,429,Access limit reached,"{'error': 'Access limit reached', 'retry_after': '0 hours 47 minutes'}"
WNIW6wOBUcvDOXyr,1744492797630,429,Access limit reached,"{'error': 'Access limit reached', 'retry_after': '0 hours 47 minutes'}"
WNIW6wOBUcvDOXyr,1744492797630,429,Access limit reached,"{'error': 'Access limit reached', 'retry_after': '0 hours 47 minutes'}"
WNIW6wOBUcvDOXyr,1744492797630,429,Access limit reached,"{'error': 'Access limit reached', 'retry_after': '0 hours 47 minutes'}"
WNIW6wOBUcvDOXyr,1744492797630,429,Access limit reached,"{'error': 'Access limit reached', 'retry_after': '0 hours 47 minutes'}"
WNIW6wOBUcvDOXyr,1744492797630,429,Access limit reached,"{'error': 'Access limit reached', 'retry_after': '0 hours 47 minutes'}"
WNIW6wOBUcvDOXyr,1744492803630,429,Access limit reached,"{'error': 'Access limit reached', 'retry_after': '0 hours 47 minutes'}"
WNIW6wOBUcvDOXyr,1744492803630,429,Access limit reached,"{'error': 'Access limit reached', 'retry_after': '0 hours 47 minutes'}"
WNIW6wOBUcvDOXyr,1744492803630,429,Access limit reached,"{'error': 'Access limit reached', 'retry_after': '0 hours 47 minutes'}"
WNIW6wOBUcvDOXyr,1744492803630,429,Access limit reached,"{'error': 'Access limit reached', 'retry_after': '0 hours 47 minutes'}"
WNIW6wOBUcvDOXyr,1744492803630,429,Access limit reached,"{'error': 'Access limit reached', 'retry_after': '0 hours 47 minutes'}"
WNIW6wOBUcvDOXyr,1744492830630,429,Access limit reached,"{'error': 'Access limit reached', 'retry_after': '0 hours 47 minutes'}"
WNIW6wOBUcvDOXyr,1744492830630,429,Access limit reached,"{'error': 'Access limit reached', 'retry_after': '0 hours 47 minutes'}"
WNIW6wOBUcvDOXyr,1744492830630,429,Access limit reached,"{'error': 'Access limit reached', 'retry_after': '0 hours 47 minutes'}"
WNIW6wOBUcvDOXyr,1744492830630,429,Access limit reached,"{'error': 'Access limit reached', 'retry_after': '0 hours 47 minutes'}"
WNIW6wOBUcvDOXyr,1744492830630,429,Access limit reached,"{'error': 'Access limit reached', 'retry_after': '0 hours 47 minutes'}"
WNIW6wOBUcvDOXyr,1744492859630,429,Access limit reached,"{'error': 'Access limit reached', 'retry_after': '0 hours 47 minutes'}"
WNIW6wOBUcvDOXyr,1744492859630,429,Access limit reached,"{'error': 'Access limit reached', 'retry_after': '0 hours 47 minutes'}"
WNIW6wOBUcvDOXyr,1744492859630,429,Access limit reached,"{'error': 'Access limit reached', 'retry_after': '0 hours 47 minutes'}"
WNIW6wOBUcvDOXyr,1744492859630,429,Access limit reached,"{'error': 'Access limit reached', 'retry_after': '0 hours 47 minutes'}"
WNIW6wOBUcvDOXyr,1744492859630,429,Access limit reached,"{'error': 'Access limit reached', 'retry_after': '0 hours 47 minutes'}"
WNIW6wOBUcvDOXyr,1744492872630,429,Access limit reached,"{'error': 'Access limit reached', 'retry_after': '0 hours 47 minutes'}"
WNIW6wOBUcvDOXyr,1744492872630,429,Access limit reached,"{'error': 'Access limit reached', 'retry_after': '0 hours 47 minutes'}"
WNIW6wOBUcvDOXyr,1744492872630,429,Access limit reached,"{'error': 'Access limit reached', 'retry_after': '0 hours 47 minutes'}"
WNIW6wOBUcvDOXyr,1744492872630,429,Access limit reached,"{'error': 'Access limit reached', 'retry_after': '0 hours 47 minutes'}"
WNIW6wOBUcvDOXyr,1744492872630,429,Access limit reached,"{'error': 'Access limit reached', 'retry_after': '0 hours 47 minutes'}"
WNIW6wOBUcvDOXyr,1744492881630,429,Access limit reached,"{'error': 'Access limit reached', 'retry_after': '0 hours 47 minutes'}"
WNIW6wOBUcvDOXyr,1744492881630,429,Access limit reached,"{'error': 'Access limit reached', 'retry_after': '0 hours 47 minutes'}"
WNIW6wOBUcvDOXyr,1744492881630,429,Access limit reached,"{'error': 'Access limit reached', 'retry_after': '0 hours 47 minutes'}"
WNIW6wOBUcvDOXyr,1744492881630,429,Access limit reached,"{'error': 'Access limit reached', 'retry_after': '0 hours 47 minutes'}"
WNIW6wOBUcvDOXyr,1744492881630,429,Access limit reached,"{'error': 'Access limit reached', 'retry_after': '0 hours 47 minutes'}"
WNIW6wOBUcvDOXyr,1744492886630,429,Access limit reached,"{'error': 'Access limit reached', 'retry_after': '0 hours 47 minutes'}"
WNIW6wOBUcvDOXyr,1744492886630,429,Access limit reached,"{'error': 'Access limit reached', 'retry_after': '0 hours 47 minutes'}"
WNIW6wOBUcvDOXyr,1744492886630,429,Access limit reached,"{'error': 'Access limit reached', 'retry_after': '0 hours 47 minutes'}"
WNIW6wOBUcvDOXyr,1744492886630,429,Access limit reached,"{'error': 'Access limit reached', 'retry_after': '0 hours 47 minutes'}"
WNIW6wOBUcvDOXyr,1744492886630,429,Access limit reached,"{'error': 'Access limit reached', 'retry_after': '0 hours 47 minutes'}"
WNIW6wOBUcvDOXyr,1744492905630,429,Access limit reached,"{'error': 'Access limit reached', 'retry_after': '0 hours 47 minutes'}"
WNIW6wOBUcvDOXyr,1744492905630,429,Access limit reached,"{'error': 'Access limit reached', 'retry_after': '0 hours 47 minutes'}"
WNIW6wOBUcvDOXyr,1744492905630,429,Access limit reached,"{'error': 'Access limit reached', 'retry_after': '0 hours 47 minutes'}"
WNIW6wOBUcvDOXyr,1744492905630,429,Access limit reached,"{'error': 'Access limit reached', 'retry_after': '0 hours 47 minutes'}"
WNIW6wOBUcvDOXyr,1744492905630,429,Access limit reached,"{'error': 'Access limit reached', 'retry_after': '0 hours 47 minutes'}"
WNIW6wOBUcvDOXyr,1744492914630,429,Access limit reached,"{'error': 'Access limit reached', 'retry_after': '0 hours 47 minutes'}"
WNIW6wOBUcvDOXyr,1744492914630,429,Access limit reached,"{'error': 'Access limit reached', 'retry_after': '0 hours 47 minutes'}"
WNIW6wOBUcvDOXyr,1744492914630,429,Access limit reached,"{'error': 'Access limit reached', 'retry_after': '0 hours 47 minutes'}"
WNIW6wOBUcvDOXyr,1744492914630,429,Access limit reached,"{'error': 'Access limit reached', 'retry_after': '0 hours 47 minutes'}"
WNIW6wOBUcvDOXyr,1744492914630,429,Access limit reached,"{'error': 'Access limit reached', 'retry_after': '0 hours 47 minutes'}"
WNIW6wOBUcvDOXyr,1744492929630,429,Access limit reached,"{'error': 'Access limit reached', 'retry_after': '0 hours 47 minutes'}"
WNIW6wOBUcvDOXyr,1744492929630,429,Access limit reached,"{'error': 'Access limit reached', 'retry_after': '0 hours 47 minutes'}"
WNIW6wOBUcvDOXyr,1744492929630,429,Access limit reached,"{'error': 'Access limit reached', 'retry_after': '0 hours 47 minutes'}"
WNIW6wOBUcvDOXyr,1744492929630,429,Access limit reached,"{'error': 'Access limit reached', 'retry_after': '0 hours 47 minutes'}"
WNIW6wOBUcvDOXyr,1744492929630,429,Access limit reached,"{'error': 'Access limit reached', 'retry_after': '0 hours 47 minutes'}"
WNIW6wOBUcvDOXyr,1744492939630,429,Access limit reached,"{'error': 'Access limit reached', 'retry_after': '0 hours 47 minutes'}"
WNIW6wOBUcvDOXyr,1744492939630,429,Access limit reached,"{'error': 'Access limit reached', 'retry_after': '0 hours 47 minutes'}"
WNIW6wOBUcvDOXyr,1744492939630,429,Access limit reached,"{'error': 'Access limit reached', 'retry_after': '0 hours 47 minutes'}"
WNIW6wOBUcvDOXyr,1744492939630,429,Access limit reached,"{'error': 'Access limit reached', 'retry_after': '0 hours 47 minutes'}"
WNIW6wOBUcvDOXyr,1744492939630,429,Access limit reached,"{'error': 'Access limit reached', 'retry_after': '0 hours 47 minutes'}"
WNIW6wOBUcvDOXyr,1744492966630,429,Access limit reached,"{'error': 'Access limit reached', 'retry_after': '0 hours 47 minutes'}"
WNIW6wOBUcvDOXyr,1744492966630,429,Access limit reached,"{'error': 'Access limit reached', 'retry_after': '0 hours 47 minutes'}"
WNIW6wOBUcvDOXyr,1744492966630,429,Access limit reached,"{'error': 'Access limit reached', 'retry_after': '0 hours 47 minutes'}"
WNIW6wOBUcvDOXyr,1744492966630,429,Access limit reached,"{'error': 'Access limit reached', 'retry_after': '0 hours 47 minutes'}"
WNIW6wOBUcvDOXyr,1744492966630,429,Access limit reached,"{'error': 'Access limit reached', 'retry_after': '0 hours 47 minutes'}"
WNIW6wOBUcvDOXyr,1744492993630,429,Access limit reached,"{'error': 'Access limit reached', 'retry_after': '0 hours 47 minutes'}"
WNIW6wOBUcvDOXyr,1744492993630,429,Access limit reached,"{'error': 'Access limit reached', 'retry_after': '0 hours 47 minutes'}"
WNIW6wOBUcvDOXyr,1744492993630,429,Access limit reached,"{'error': 'Access limit reached', 'retry_after': '0 hours 47 minutes'}"
WNIW6wOBUcvDOXyr,1744492993630,429,Access limit reached,"{'error': 'Access limit reached', 'retry_after': '0 hours 47 minutes'}"
WNIW6wOBUcvDOXyr,1744492993630,429,Access limit reached,"{'error': 'Access limit reached', 'retry_after': '0 hours 47 minutes'}"
WNIW6wOBUcvDOXyr,1744493007630,429,Access limit reached,"{'error': 'Access limit reached', 'retry_after': '0 hours 47 minutes'}"
WNIW6wOBUcvDOXyr,1744493007630,429,Access limit reached,"{'error': 'Access limit reached', 'retry_after': '0 hours 47 minutes'}"
WNIW6wOBUcvDOXyr,1744493007630,429,Access limit reached,"{'error': 'Access limit reached', 'retry_after': '0 hours 47 minutes'}"
WNIW6wOBUcvDOXyr,1744493007630,429,Access limit reached,"{'error': 'Access limit reached', 'retry_after': '0 hours 47 minutes'}"
WNIW6wOBUcvDOXyr,1744493007630,429,Access limit reached,"{'error': 'Access limit reached', 'retry_after': '0 hours 47 minutes'}"
WNIW6wOBUcvDOXyr,1744493021630,429,Access limit reached,"{'error': 'Access limit reached', 'retry_after': '0 hours 47 minutes'}"
WNIW6wOBUcvDOXyr,1744493021630,429,Access limit reached,"{'error': 'Access limit reached', 'retry_after': '0 hours 47 minutes'}"
WNIW6wOBUcvDOXyr,1744493021630,429,Access limit reached,"{'error': 'Access limit reached', 'retry_after': '0 hours 47 minutes'}"
WNIW6wOBUcvDOXyr,1744493021630,429,Access limit reached,"{'error': 'Access limit reached', 'retry_after': '0 hours 47 minutes'}"
WNIW6wOBUcvDOXyr,1744493021630,429,Access limit reached,"{'error': 'Access limit reached', 'retry_after': '0 hours 47 minutes'}"
WNIW6wOBUcvDOXyr,1744493028630,429,Access limit reached,"{'error': 'Access limit reached', 'retry_after': '0 hours 47 minutes'}"
WNIW6wOBUcvDOXyr,1744493028630,429,Access limit reached,"{'error': 'Access limit reached', 'retry_after': '0 hours 47 minutes'}"
WNIW6wOBUcvDOXyr,1744493028630,429,Access limit reached,"{'error': 'Access limit reached', 'retry_after': '0 hours 47 minutes'}"
WNIW6wOBUcvDOXyr,1744493028630,429,Access limit reached,"{'error': 'Access limit reached', 'retry_after': '0 hours 47 minutes'}"
WNIW6wOBUcvDOXyr,1744493028630,429,Access limit reached,"{'error': 'Access limit reached', 'retry_after': '0 hours 47 minutes'}"
WNIW6wOBUcvDOXyr,1744493043630,429,Access limit reached,"{'error': 'Access limit reached', 'retry_after': '0 hours 47 minutes'}"
WNIW6wOBUcvDOXyr,1744493043630,429,Access limit reached,"{'error': 'Access limit reached', 'retry_after': '0 hours 47 minutes'}"
WNIW6wOBUcvDOXyr,1744493043630,429,Access limit reached,"{'error': 'Access limit reached', 'retry_after': '0 hours 47 minutes'}"
WNIW6wOBUcvDOXyr,1744493043630,429,Access limit reached,"{'error': 'Access limit reached', 'retry_after': '0 hours 47 minutes'}"
WNIW6wOBUcvDOXyr,1744493043630,429,Access limit reached,"{'error': 'Access limit reached', 'retry_after': '0 hours 47 minutes'}"
WNIW6wOBUcvDOXyr,1744493048630,429,Access limit reached,"{'error': 'Access limit reached', 'retry_after': '0 hours 47 minutes'}"
WNIW6wOBUcvDOXyr,1744493048630,429,Access limit reached,"{'error': 'Access limit reached', 'retry_after': '0 hours 47 minutes'}"
WNIW6wOBUcvDOXyr,1744493048630,429,Access limit reached,"{'error': 'Access limit reached', 'retry_after': '0 hours 47 minutes'}"
WNIW6wOBUcvDOXyr,1744493048630,429,Access limit reached,"{'error': 'Access limit reached', 'retry_after': '0 hours 47 minutes'}"
WNIW6wOBUcvDOXyr,1744493048630,429,Access limit reached,"{'error': 'Access limit reached', 'retry_after': '0 hours 47 minutes'}"
T79q5lQcq2RZ5AJU,1744493065630,429,Access limit reached,"{'error': 'Access limit reached', 'retry_after': '0 hours 2 minutes'}"
T79q5lQcq2RZ5AJU,1744493065630,429,Access limit reached,"{'error': 'Access limit reached', 'retry_after': '0 hours 2 minutes'}"
T79q5lQcq2RZ5AJU,1744493065630,429,Access limit reached,"{'error': 'Access limit reached', 'retry_after': '0 hours 2 minutes'}"
T79q5lQcq2RZ5AJU,1744493065630,429,Access limit reached,"{'error': 'Access limit reached', 'retry_after': '0 hours 2 minutes'}"
T79q5lQcq2RZ5AJU,1744493065630,429,Access limit reached,"{'error': 'Access limit reached', 'retry_after': '0 hours 2 minutes'}"
T79q5lQcq2RZ5AJU,1744493078630,429,Access limit reached,"{'error': 'Access limit reached', 'retry_after': '0 hours 2 minutes'}"
T79q5lQcq2RZ5AJU,1744493078630,429,Access limit reached,"{'error': 'Access limit reached', 'retry_after': '0 hours 2 minutes'}"
T79q5lQcq2RZ5AJU,1744493078630,429,Access limit reached,"{'error': 'Access limit reached', 'retry_after': '0 hours 2 minutes'}"
T79q5lQcq2RZ5AJU,1744493078630,429,Access limit reached,"{'error': 'Access limit reached', 'retry_after': '0 hours 2 minutes'}"
T79q5lQcq2RZ5AJU,1744493078630,429,Access limit reached,"{'error': 'Access limit reached', 'retry_after': '0 hours 2 minutes'}"
T79q5lQcq2RZ5AJU,1744493104630,429,Access limit reached,"{'error': 'Access limit reached', 'retry_after': '0 hours 2 minutes'}"
T79q5lQcq2RZ5AJU,1744493104630,429,Access limit reached,"{'error': 'Access limit reached', 'retry_after': '0 hours 2 minutes'}"
T79q5lQcq2RZ5AJU,1744493104630,429,Access limit reached,"{'error': 'Access limit reached', 'retry_after': '0 hours 2 minutes'}"
T79q5lQcq2RZ5AJU,1744493104630,429,Access limit reached,"{'error': 'Access limit reached', 'retry_after': '0 hours 2 minutes'}"
T79q5lQcq2RZ5AJU,1744493104630,429,Access limit reached,"{'error': 'Access limit reached', 'retry_after': '0 hours 2 minutes'}"
T79q5lQcq2RZ5AJU,1744493125630,429,Access limit reached,"{'error': 'Access limit reached', 'retry_after': '0 hours 2 minutes'}"
T79q5lQcq2RZ5AJU,1744493125630,429,Access limit reached,"{'error': 'Access limit reached', 'retry_after': '0 hours 2 minutes'}"
T79q5lQcq2RZ5AJU,1744493125630,429,Access limit reached,"{'error': 'Access limit reached', 'retry_after': '0 hours 2 minutes'}"
T79q5lQcq2RZ5AJU,1744493125630,429,Access limit reached,"{'error': 'Access limit reached', 'retry_after': '0 hours 2 minutes'}"
T79q5lQcq2RZ5AJU,1744493125630,429,Access limit reached,"{'error': 'Access limit reached', 'retry_after': '0 hours 2 minutes'}"
T79q5lQcq2RZ5AJU,1744493150630,429,Access limit reached,"{'error': 'Access limit reached', 'retry_after': '0 hours 2 minutes'}"
T79q5lQcq2RZ5AJU,1744493150630,429,Access limit reached,"{'error': 'Access limit reached', 'retry_after': '0 hours 2 minutes'}"
T79q5lQcq2RZ5AJU,1744493150630,429,Access limit reached,"{'error': 'Access limit reached', 'retry_after': '0 hours 2 minutes'}"
T79q5lQcq2RZ5AJU,1744493150630,429,Access limit reached,"{'error': 'Access limit reached', 'retry_after': '0 hours 2 minutes'}"
T79q5lQcq2RZ5AJU,1744493150630,429,Access limit reached,"{'error': 'Access limit reached', 'retry_after': '0 hours 2 minutes'}"
T79q5lQcq2RZ5AJU,1744493168630,429,Access limit reached,"{'error': 'Access limit reached', 'retry_after': '0 hours 2 minutes'}"
T79q5lQcq2RZ5AJU,1744493168630,429,Access limit reached,"{'error': 'Access limit reached', 'retry_after': '0 hours 2 minutes'}"
T79q5lQcq2RZ5AJU,1744493168630,429,Access limit reached,"{'error': 'Access limit reached', 'retry_after': '0 hours 2 minutes'}"
T79q5lQcq2RZ5AJU,1744493168630,429,Access limit reached,"{'error': 'Access limit reached', 'retry_after': '0 hours 2 minutes'}"
T79q5lQcq2RZ5AJU,1744493168630,429,Access limit reached,"{'error': 'Access limit reached', 'retry_after': '0 hours 2 minutes'}"
T79q5lQcq2RZ5AJU,1744493193630,429,Access limit reached,"{'error': 'Access limit reached', 'retry_after': '0 hours 2 minutes'}"
T79q5lQcq2RZ5AJU,1744493193630,429,Access limit reached,"{'error': 'Access limit reached', 'retry_after': '0 hours 2 minutes'}"
T79q5lQcq2RZ5AJU,1744493193630,429,Access limit reached,"{'error': 'Access limit reached', 'retry_after': '0 hours 2 minutes'}"
T79q5lQcq2RZ5AJU,1744493193630,429,Access limit reached,"{'error': 'Access limit reached', 'retry_after': '0 hours 2 minutes'}"
T79q5lQcq2RZ5AJU,1744493193630,429,Access limit reached,"{'error': 'Access limit reached', 'retry_after': '0 hours 2 minutes'}"
T79q5lQcq2RZ5AJU,1744493223630,429,Access limit reached,"{'error': 'Access limit reached', 'retry_after': '0 hours 2 minutes'}"
T79q5lQcq2RZ5AJU,1744493223630,429,Access limit reached,"{'error': 'Access limit reached', 'retry_after': '0 hours 2 minutes'}"
T79q5lQcq2RZ5AJU,1744493223630,429,Access limit reached,"{'error': 'Access limit reached', 'retry_after': '0 hours 2 minutes'}"
T79q5lQcq2RZ5AJU,1744493223630,429,Access limit reached,"{'error': 'Access limit reached', 'retry_after': '0 hours 2 minutes'}"
T79q5lQcq2RZ5AJU,1744493223630,429,Access limit reached,"{'error': 'Access limit reached', 'retry_after': '0 hours 2 minutes'}"
T79q5lQcq2RZ5AJU,1744493240630,429,Access limit reached,"{'error': 'Access limit reached', 'retry_after': '0 hours 2 minutes'}"
T79q5lQcq2RZ5AJU,1744493240630,429,Access limit reached,"{'error': 'Access limit reached', 'retry_after': '0 hours 2 minutes'}"
T79q5lQcq2RZ5AJU,1744493240630,429,Access limit reached,"{'error': 'Access limit reached', 'retry_after': '0 hours 2 minutes'}"
T79q5lQcq2RZ5AJU,1744493240630,429,Access limit reached,"{'error': 'Access limit reached', 'retry_after': '0 hours 2 minutes'}"
T79q5lQcq2RZ5AJU,1744493240630,429,Access limit reached,"{'error': 'Access limit reached', 'retry_after': '0 hours 2 minutes'}"
T79q5lQcq2RZ5AJU,1744493264630,429,Access limit reached,"{'error': 'Access limit reached', 'retry_after': '0 hours 2 minutes'}"
T79q5lQcq2RZ5AJU,1744493264630,429,Access limit reached,"{'error': 'Access limit reached', 'retry_after': '0 hours 2 minutes'}"
T79q5lQcq2RZ5AJU,1744493264630,429,Access limit reached,"{'error': 'Access limit reached', 'retry_after': '0 hours 2 minutes'}"
T79q5lQcq2RZ5AJU,1744493264630,429,Access limit reached,"{'error': 'Access limit reached', 'retry_after': '0 hours 2 minutes'}"
T79q5lQcq2RZ5AJU,1744493264630,429,Access limit reached,"{'error': 'Access limit reached', 'retry_after': '0 hours 2 minutes'}"
T79q5lQcq2RZ5AJU,1744493294630,429,Access limit reached,"{'error': 'Access limit reached', 'retry_after': '0 hours 2 minutes'}"
T79q5lQcq2RZ5AJU,1744493294630,429,Access limit reached,"{'error': 'Access limit reached', 'retry_after': '0 hours 2 minutes'}"
T79q5lQcq2RZ5AJU,1744493294630,429,Access limit reached,"{'error': 'Access limit reached', 'retry_after': '0 hours 2 minutes'}"
T79q5lQcq2RZ5AJU,1744493294630,429,Access limit reached,"{'error': 'Access limit reached', 'retry_after': '0 hours 2 minutes'}"
T79q5lQcq2RZ5AJU,1744493294630,429,Access limit reached,"{'error': 'Access limit reached', 'retry_after': '0 hours 2 minutes'}"
T79q5lQcq2RZ5AJU,1744493314630,429,Access limit reached,"{'error': 'Access limit reached', 'retry_after': '0 hours 2 minutes'}"
T79q5lQcq2RZ5AJU,1744493314630,429,Access limit reached,"{'error': 'Access limit reached', 'retry_after': '0 hours 2 minutes'}"
T79q5lQcq2RZ5AJU,1744493314630,429,Access limit reached,"{'error': 'Access limit reached', 'retry_after': '0 hours 2 minutes'}"
T79q5lQcq2RZ5AJU,1744493314630,429,Access limit reached,"{'error': 'Access limit reached', 'retry_after': '0 hours 2 minutes'}"
T79q5lQcq2RZ5AJU,1744493314630,429,Access limit reached,"{'error': 'Access limit reached', 'retry_after': '0 hours 2 minutes'}"
T79q5lQcq2RZ5AJU,1744493344630,429,Access limit reached,"{'error': 'Access limit reached', 'retry_after': '0 hours 2 minutes'}"
T79q5lQcq2RZ5AJU,1744493344630,429,Access limit reached,"{'error': 'Access limit reached', 'retry_after': '0 hours 2 minutes'}"
T79q5lQcq2RZ5AJU,1744493344630,429,Access limit reached,"{'error': 'Access limit reached', 'retry_after': '0 hours 2 minutes'}"
T79q5lQcq2RZ5AJU,1744493344630,429,Access limit reached,"{'error': 'Access limit reached', 'retry_after': '0 hours 2 minutes'}"
T79q5lQcq2RZ5AJU,1744493344630,429,Access limit reached,"{'error': 'Access limit reached', 'retry_after': '0 hours 2 minutes'}"
T79q5lQcq2RZ5AJU,1744493366630,429,Access limit reached,"{'error': 'Access limit reached', 'retry_after': '0 hours 2 minutes'}"
T79q5lQcq2RZ5AJU,1744493366630,429,Access limit reached,"{'error': 'Access limit reached', 'retry_after': '0 hours 2 minutes'}"
T79q5lQcq2RZ5AJU,1744493366630,429,Access limit reached,"{'error': 'Access limit reached', 'retry_after': '0 hours 2 minutes'}"
T79q5lQcq2RZ5AJU,1744493366630,429,Access limit reached,"{'error': 'Access limit reached', 'retry_after': '0 hours 2 minutes'}"
T79q5lQcq2RZ5AJU,1744493366630,429,Access limit reached,"{'error': 'Access limit reached', 'retry_after': '0 hours 2 minutes'}"
T79q5lQcq2RZ5AJU,1744493390630,429,Access limit reached,"{'error': 'Access limit reached', 'retry_after': '0 hours 2 minutes'}"
T79q5lQcq2RZ5AJU,1744493390630,429,Access limit reached,"{'error': 'Access limit reached', 'retry_after': '0 hours 2 minutes'}"
T79q5lQcq2RZ5AJU,1744493390630,429,Access limit reached,"{'error': 'Access limit reached', 'retry_after': '0 hours 2 minutes'}"
T79q5lQcq2RZ5AJU,1744493390630,429,Access limit reached,"{'error': 'Access limit reached', 'retry_after': '0 hours 2 minutes'}"
T79q5lQcq2RZ5AJU,1744493390630,429,Access limit reached,"{'error': 'Access limit reached', 'retry_after': '0 hours 2 minutes'}"
T79q5lQcq2RZ5AJU,1744493410630,429,Access limit reached,"{'error': 'Access limit reached', 'retry_after': '0 hours 2 minutes'}"
T79q5lQcq2RZ5AJU,1744493410630,429,Access limit reached,"{'error': 'Access limit reached', 'retry_after': '0 hours 2 minutes'}"
T79q5lQcq2RZ5AJU,1744493410630,429,Access limit reached,"{'error': 'Access limit reached', 'retry_after': '0 hours 2 minutes'}"
T79q5lQcq2RZ5AJU,1744493410630,429,Access limit reached,"{'error': 'Access limit reached', 'retry_after': '0 hours 2 minutes'}"
T79q5lQcq2RZ5AJU,1744493410630,429,Access limit reached,"{'error': 'Access limit reached', 'retry_after': '0 hours 2 minutes'}"
T79q5lQcq2RZ5AJU,1744493440630,429,Access limit reached,"{'error': 'Access limit reached', 'retry_after': '0 hours 2 minutes'}"
T79q5lQcq2RZ5AJU,1744493440630,429,Access limit reached,"{'error': 'Access limit reached', 'retry_after': '0 hours 2 minutes'}"
T79q5lQcq2RZ5AJU,1744493440630,429,Access limit reached,"{'error': 'Access limit reached', 'retry_after': '0 hours 2 minutes'}"
T79q5lQcq2RZ5AJU,1744493440630,429,Access limit reached,"{'error': 'Access limit reached', 'retry_after': '0 hours 2 minutes'}"
T79q5lQcq2RZ5AJU,1744493440630,429,Access limit reached,"{'error': 'Access limit reached', 'retry_after': '0 hours 2 minutes'}"
T79q5lQcq2RZ5AJU,1744493454630,429,Access limit reached,"{'error': 'Access limit reached', 'retry_after': '0 hours 2 minutes'}"
T79q5lQcq2RZ5AJU,1744493454630,429,Access limit reached,"{'error': 'Access limit reached', 'retry_after': '0 hours 2 minutes'}"
T79q5lQcq2RZ5AJU,1744493454630,429,Access limit reached,"{'error': 'Access limit reached', 'retry_after': '0 hours 2 minutes'}"
T79q5lQcq2RZ5AJU,1744493454630,429,Access limit reached,"{'error': 'Access limit reached', 'retry_after': '0 hours 2 minutes'}"
T79q5lQcq2RZ5AJU,1744493454630,429,Access limit reached,"{'error': 'Access limit reached', 'retry_after': '0 hours 2 minutes'}"
T79q5lQcq2RZ5AJU,1744493461630,429,Access limit reached,"{'error': 'Access limit reached', 'retry_after': '0 hours 2 minutes'}"
T79q5lQcq2RZ5AJU,1744493461630,429,Access limit reached,"{'error': 'Access limit reached', 'retry_after': '0 hours 2 minutes'}"
T79q5lQcq2RZ5AJU,1744493461630,429,Access limit reached,"{'error': 'Access limit reached', 'retry_after': '0 hours 2 minutes'}"
T79q5lQcq2RZ5AJU,1744493461630,429,Access limit reached,"{'error': 'Access limit reached', 'retry_after': '0 hours 2 minutes'}"
T79q5lQcq2RZ5AJU,1744493461630,429,Access limit reached,"{'error': 'Access limit reached', 'retry_after': '0 hours 2 minutes'}"
T79q5lQcq2RZ5AJU,1744493481630,429,Access limit reached,"{'error': 'Access limit reached', 'retry_after': '0 hours 2 minutes'}"
T79q5lQcq2RZ5AJU,1744493481630,429,Access limit reached,"{'error': 'Access limit reached', 'retry_after': '0 hours 2 minutes'}"
T79q5lQcq2RZ5AJU,1744493481630,429,Access limit reached,"{'error': 'Access limit reached', 'retry_after': '0 hours 2 minutes'}"
T79q5lQcq2RZ5AJU,1744493481630,429,Access limit reached,"{'error': 'Access limit reached', 'retry_after': '0 hours 2 minutes'}"
T79q5lQcq2RZ5AJU,1744493481630,429,Access limit reached,"{'error': 'Access limit reached', 'retry_after': '0 hours 2 minutes'}"
T79q5lQcq2RZ5AJU,1744493507630,429,Access limit reached,"{'error': 'Access limit reached', 'retry_after': '0 hours 2 minutes'}"
T79q5lQcq2RZ5AJU,1744493507630,429,Access limit reached,"{'error': 'Access limit reached', 'retry_after': '0 hours 2 minutes'}"
T79q5lQcq2RZ5AJU,1744493507630,429,Access limit reached,"{'error': 'Access limit reached', 'retry_after': '0 hours 2 minutes'}"
T79q5lQcq2RZ5AJU,1744493507630,429,Access limit reached,"{'error': 'Access limit reached', 'retry_after': '0 hours 2 minutes'}"
T79q5lQcq2RZ5AJU,1744493507630,429,Access limit reached,"{'error': 'Access limit reached', 'retry_after': '0 hours 2 minutes'}"
T79q5lQcq2RZ5AJU,1744493526630,429,Access limit reached,"{'error': 'Access limit reached', 'retry_after': '0 hours 2 minutes'}"
T79q5lQcq2RZ5AJU,1744493526630,429,Access limit reached,"{'error': 'Access limit reached', 'retry_after': '0 hours 2 minutes'}"
T79q5lQcq2RZ5AJU,1744493526630,429,Access limit reached,"{'error': 'Access limit reached', 'retry_after': '0 hours 2 minutes'}"
T79q5lQcq2RZ5AJU,1744493526630,429,Access limit reached,"{'error': 'Access limit reached', 'retry_after': '0 hours 2 minutes'}"
T79q5lQcq2RZ5AJU,1744493526630,429,Access limit reached,"{'error': 'Access limit reached', 'retry_after': '0 hours 2 minutes'}"
T79q5lQcq2RZ5AJU,1744493555630,429,Access limit reached,"{'error': 'Access limit reached', 'retry_after': '0 hours 2 minutes'}"
T79q5lQcq2RZ5AJU,1744493555630,429,Access limit reached,"{'error': 'Access limit reached', 'retry_after': '0 hours 2 minutes'}"
T79q5lQcq2RZ5AJU,1744493555630,429,Access limit reached,"{'error': 'Access limit reached', 'retry_after': '0 hours 2 minutes'}"
T79q5lQcq2RZ5AJU,1744493555630,429,Access limit reached,"{'error': 'Access limit reached', 'retry_after': '0 hours 2 minutes'}"
T79q5lQcq2RZ5AJU,1744493555630,429,Access limit reached,"{'error': 'Access limit reached', 'retry_after': '0 hours 2 minutes'}"
T79q5lQcq2RZ5AJU,1744493578630,429,Access limit reached,"{'error': 'Access limit reached', 'retry_after': '0 hours 1 minutes'}"
T79q5lQcq2RZ5AJU,1744493578630,429,Access limit reached,"{'error': 'Access limit reached', 'retry_after': '0 hours 1 minutes'}"
T79q5lQcq2RZ5AJU,1744493578630,429,Access limit reached,"{'error': 'Access limit reached', 'retry_after': '0 hours 1 minutes'}"
T79q5lQcq2RZ5AJU,1744493578630,429,Access limit reached,"{'error': 'Access limit reached', 'retry_after': '0 hours 1 minutes'}"
T79q5lQcq2RZ5AJU,1744493578630,429,Access limit reached,"{'error': 'Access limit reached', 'retry_after': '0 hours 1 minutes'}"
T79q5lQcq2RZ5AJU,1744493592630,429,Access limit reached,"{'error': 'Access limit reached', 'retry_after': '0 hours 1 minutes'}"
T79q5lQcq2RZ5AJU,1744493592630,429,Access limit reached,"{'error': 'Access limit reached', 'retry_after': '0 hours 1 minutes'}"
T79q5lQcq2RZ5AJU,1744493592630,429,Access limit reached,"{'error': 'Access limit reached', 'retry_after': '0 hours 1 minutes'}"
T79q5lQcq2RZ5AJU,1744493592630,429,Access limit reached,"{'error': 'Access limit reached', 'retry_after': '0 hours 1 minutes'}"
T79q5lQcq2RZ5AJU,1744493592630,429,Access limit reached,"{'error': 'Access limit reached', 'retry_after': '0 hours 1 minutes'}"
T79q5lQcq2RZ5AJU,1744493616630,429,Access limit reached,"{'error': 'Access limit reached', 'retry_after': '0 hours 1 minutes'}"
T79q5lQcq2RZ5AJU,1744493616630,429,Access limit reached,"{'error': 'Access limit reached', 'retry_after': '0 hours 1 minutes'}"
T79q5lQcq2RZ5AJU,1744493616630,429,Access limit reached,"{'error': 'Access limit reached', 'retry_after': '0 hours 1 minutes'}"
T79q5lQcq2RZ5AJU,1744493616630,429,Access limit reached,"{'error': 'Access limit reached', 'retry_after': '0 hours 1 minutes'}"
T79q5lQcq2RZ5AJU,1744493616630,429,Access limit reached,"{'error': 'Access limit reached', 'retry_after': '0 hours 1 minutes'}"
T79q5lQcq2RZ5AJU,1744493625630,429,Access limit reached,"{'error': 'Access limit reached', 'retry_after': '0 hours 1 minutes'}"
T79q5lQcq2RZ5AJU,1744493625630,429,Access limit reached,"{'error': 'Access limit reached', 'retry_after': '0 hours 1 minutes'}"
T79q5lQcq2RZ5AJU,1744493625630,429,Access limit reached,"{'error': 'Access limit reached', 'retry_after': '0 hours 1 minutes'}"
T79q5lQcq2RZ5AJU,1744493625630,429,Access limit reached,"{'error': 'Access limit reached', 'retry_after': '0 hours 1 minutes'}"
T79q5lQcq2RZ5AJU,1744493625630,429,Access limit reached,"{'error': 'Access limit reached', 'retry_after': '0 hours 1 minutes'}"
T79q5lQcq2RZ5AJU,1744493638630,429,Access limit reached,"{'error': 'Access limit reached', 'retry_after': '0 hours 1 minutes'}"
T79q5lQcq2RZ5AJU,1744493638630,429,Access limit reached,"{'error': 'Access limit reached', 'retry_after': '0 hours 1 minutes'}"
T79q5lQcq2RZ5AJU,1744493638630,429,Access limit reached,"{'error': 'Access limit reached', 'retry_after': '0 hours 1 minutes'}"
T79q5lQcq2RZ5AJU,1744493638630,429,Access limit reached,"{'error': 'Access limit reached', 'retry_after': '0 hours 1 minutes'}"
T79q5lQcq2RZ5AJU,1744493638630,429,Access limit reached,"{'error': 'Access limit reached', 'retry_after': '0 hours 1 minutes'}"
T79q5lQcq2RZ5AJU,1744493653630,429,Access limit reached,"{'error': 'Access limit reached', 'retry_after': '0 hours 1 minutes'}"
T79q5lQcq2RZ5AJU,1744493653630,429,Access limit reached,"{'error': 'Access limit reached', 'retry_after': '0 hours 1 minutes'}"
T79q5lQcq2RZ5AJU,1744493653630,429,Access limit reached,"{'error': 'Access limit reached', 'retry_after': '0 hours 1 minutes'}"
T79q5lQcq2RZ5AJU,1744493653630,429,Access limit reached,"{'error': 'Access limit reached', 'retry_after': '0 hours 1 minutes'}"
T79q5lQcq2RZ5AJU,1744493653630,429,Access limit reached,"{'error': 'Access limit reached', 'retry_after': '0 hours 1 minutes'}"
T79q5lQcq2RZ5AJU,1744493667630,429,Access limit reached,"{'error': 'Access limit reached', 'retry_after': '0 hours 1 minutes'}"
T79q5lQcq2RZ5AJU,1744493667630,429,Access limit reached,"{'error': 'Access limit reached', 'retry_after': '0 hours 1 minutes'}"
T79q5lQcq2RZ5AJU,1744493667630,429,Access limit reached,"{'error': 'Access limit reached', 'retry_after': '0 hours 1 minutes'}"
T79q5lQcq2RZ5AJU,1744493667630,429,Access limit reached,"{'error': 'Access limit reached', 'retry_after': '0 hours 1 minutes'}"
T79q5lQcq2RZ5AJU,1744493667630,429,Access limit reached,"{'error': 'Access limit reached', 'retry_after': '0 hours 1 minutes'}"
T79q5lQcq2RZ5AJU,1744493676630,429,Access limit reached,"{'error': 'Access limit reached', 'retry_after': '0 hours 1 minutes'}"
T79q5lQcq2RZ5AJU,1744493676630,429,Access limit reached,"{'error': 'Access limit reached', 'retry_after': '0 hours 1 minutes'}"
T79q5lQcq2RZ5AJU,1744493676630,429,Access limit reached,"{'error': 'Access limit reached', 'retry_after': '0 hours 1 minutes'}"
T79q5lQcq2RZ5AJU,1744493676630,429,Access limit reached,"{'error': 'Access limit reached', 'retry_after': '0 hours 1 minutes'}"
T79q5lQcq2RZ5AJU,1744493676630,429,Access limit reached,"{'error': 'Access limit reached', 'retry_after': '0 hours 1 minutes'}"
T79q5lQcq2RZ5AJU,1744493682630,429,Access limit reached,"{'error': 'Access limit reached', 'retry_after': '0 hours 1 minutes'}"
T79q5lQcq2RZ5AJU,1744493682630,429,Access limit reached,"{'error': 'Access limit reached', 'retry_after': '0 hours 1 minutes'}"
T79q5lQcq2RZ5AJU,1744493682630,429,Access limit reached,"{'error': 'Access limit reached', 'retry_after': '0 hours 1 minutes'}"
T79q5lQcq2RZ5AJU,1744493682630,429,Access limit reached,"{'error': 'Access limit reached', 'retry_after': '0 hours 1 minutes'}"
T79q5lQcq2RZ5AJU,1744493682630,429,Access limit reached,"{'error': 'Access limit reached', 'retry_after': '0 hours 1 minutes'}"
T79q5lQcq2RZ5AJU,1744493699630,429,Access limit reached,"{'error': 'Access limit reached', 'retry_after': '0 hours 1 minutes'}"
T79q5lQcq2RZ5AJU,1744493699630,429,Access limit reached,"{'error': 'Access limit reached', 'retry_after': '0 hours 1 minutes'}"
T79q5lQcq2RZ5AJU,1744493699630,429,Access limit reached,"{'error': 'Access limit reached', 'retry_after': '0 hours 1 minutes'}"
T79q5lQcq2RZ5AJU,1744493699630,429,Access limit reached,"{'error': 'Access limit reached', 'retry_after': '0 hours 1 minutes'}"
T79q5lQcq2RZ5AJU,1744493699630,429,Access limit reached,"{'error': 'Access limit reached', 'retry_after': '0 hours 1 minutes'}"
T79q5lQcq2RZ5AJU,1744493710630,429,Access limit reached,"{'error': 'Access limit reached', 'retry_after': '0 hours 1 minutes'}"
T79q5lQcq2RZ5AJU,1744493710630,429,Access limit reached,"{'error': 'Access limit reached', 'retry_after': '0 hours 1 minutes'}"
T79q5lQcq2RZ5AJU,1744493710630,429,Access limit reached,"{'error': 'Access limit reached', 'retry_after': '0 hours 1 minutes'}"
T79q5lQcq2RZ5AJU,1744493710630,429,Access limit reached,"{'error': 'Access limit reached', 'retry_after': '0 hours 1 minutes'}"
T79q5lQcq2RZ5AJU,1744493710630,429,Access limit reached,"{'error': 'Access limit reached', 'retry_after': '0 hours 1 minutes'}"
T79q5lQcq2RZ5AJU,1744493730630,429,Access limit reached,"{'error': 'Access limit reached', 'retry_after': '0 hours 1 minutes'}"
T79q5lQcq2RZ5AJU,1744493730630,429,Access limit reached,"{'error': 'Access limit reached', 'retry_after': '0 hours 1 minutes'}"
T79q5lQcq2RZ5AJU,1744493730630,429,Access limit reached,"{'error': 'Access limit reached', 'retry_after': '0 hours 1 minutes'}"
T79q5lQcq2RZ5AJU,1744493730630,429,Access limit reached,"{'error': 'Access limit reached', 'retry_after': '0 hours 1 minutes'}"
T79q5lQcq2RZ5AJU,1744493730630,429,Access limit reached,"{'error': 'Access limit reached', 'retry_after': '0 hours 1 minutes'}"
T79q5lQcq2RZ5AJU,1744493736630,429,Access limit reached,"{'error': 'Access limit reached', 'retry_after': '0 hours 1 minutes'}"
T79q5lQcq2RZ5AJU,1744493736630,429,Access limit reached,"{'error': 'Access limit reached', 'retry_after': '0 hours 1 minutes'}"
T79q5lQcq2RZ5AJU,1744493736630,429,Access limit reached,"{'error': 'Access limit reached', 'retry_after': '0 hours 1 minutes'}"
T79q5lQcq2RZ5AJU,1744493736630,429,Access limit reached,"{'error': 'Access limit reached', 'retry_after': '0 hours 1 minutes'}"
T79q5lQcq2RZ5AJU,1744493736630,429,Access limit reached,"{'error': 'Access limit reached', 'retry_after': '0 hours 1 minutes'}"
T79q5lQcq2RZ5AJU,1744493757630,429,Access limit reached,"{'error': 'Access limit reached', 'retry_after': '0 hours 1 minutes'}"
T79q5lQcq2RZ5AJU,1744493757630,429,Access limit reached,"{'error': 'Access limit reached', 'retry_after': '0 hours 1 minutes'}"
T79q5lQcq2RZ5AJU,1744493757630,429,Access limit reached,"{'error': 'Access limit reached', 'retry_after': '0 hours 1 minutes'}"
T79q5lQcq2RZ5AJU,1744493757630,429,Access limit reached,"{'error': 'Access limit reached', 'retry_after': '0 hours 1 minutes'}"
T79q5lQcq2RZ5AJU,1744493757630,429,Access limit reached,"{'error': 'Access limit reached', 'retry_after': '0 hours 1 minutes'}"
T79q5lQcq2RZ5AJU,1744493766630,429,Access limit reached,"{'error': 'Access limit reached', 'retry_after': '0 hours 1 minutes'}"
T79q5lQcq2RZ5AJU,1744493766630,429,Access limit reached,"{'error': 'Access limit reached', 'retry_after': '0 hours 1 minutes'}"
T79q5lQcq2RZ5AJU,1744493766630,429,Access limit reached,"{'error': 'Access limit reached', 'retry_after': '0 hours 1 minutes'}"
T79q5lQcq2RZ5AJU,1744493766630,429,Access limit reached,"{'error': 'Access limit reached', 'retry_after': '0 hours 1 minutes'}"
T79q5lQcq2RZ5AJU,1744493766630,429,Access limit reached,"{'error': 'Access limit reached', 'retry_after': '0 hours 1 minutes'}"
T79q5lQcq2RZ5AJU,1744493794630,429,Access limit reached,"{'error': 'Access limit reached', 'retry_after': '0 hours 1 minutes'}"
T79q5lQcq2RZ5AJU,1744493794630,429,Access limit reached,"{'error': 'Access limit reached', 'retry_after': '0 hours 1 minutes'}"
T79q5lQcq2RZ5AJU,1744493794630,429,Access limit reached,"{'error': 'Access limit reached', 'retry_after': '0 hours 1 minutes'}"
T79q5lQcq2RZ5AJU,1744493794630,429,Access limit reached,"{'error': 'Access limit reached', 'retry_after': '0 hours 1 minutes'}"
T79q5lQcq2RZ5AJU,1744493794630,429,Access limit reached,"{'error': 'Access limit reached', 'retry_after': '0 hours 1 minutes'}"
T79q5lQcq2RZ5AJU,1744493808630,429,Access limit reached,"{'error': 'Access limit reached', 'retry_after': '0 hours 1 minutes'}"
T79q5lQcq2RZ5AJU,1744493808630,429,Access limit reached,"{'error': 'Access limit reached', 'retry_after': '0 hours 1 minutes'}"
T79q5lQcq2RZ5AJU,1744493808630,429,Access limit reached,"{'error': 'Access limit reached', 'retry_after': '0 hours 1 minutes'}"
T79q5lQcq2RZ5AJU,1744493808630,429,Access limit reached,"{'error': 'Access limit reached', 'retry_after': '0 hours 1 minutes'}"
T79q5lQcq2RZ5AJU,1744493808630,429,Access limit reached,"{'error': 'Access limit reached', 'retry_after': '0 hours 1 minutes'}"
T79q5lQcq2RZ5AJU,1744493830630,429,Access limit reached,"{'error': 'Access limit reached', 'retry_after': '0 hours 1 minutes'}"
T79q5lQcq2RZ5AJU,1744493830630,429,Access limit reached,"{'error': 'Access limit reached', 'retry_after': '0 hours 1 minutes'}"
T79q5lQcq2RZ5AJU,1744493830630,429,Access limit reached,"{'error': 'Access limit reached', 'retry_after': '0 hours 1 minutes'}"
T79q5lQcq2RZ5AJU,1744493830630,429,Access limit reached,"{'error': 'Access limit reached', 'retry_after': '0 hours 1 minutes'}"
T79q5lQcq2RZ5AJU,1744493830630,429,Access limit reached,"{'error': 'Access limit reached', 'retry_after': '0 hours 1 minutes'}"
T79q5lQcq2RZ5AJU,1744493848630,429,Access limit reached,"{'error': 'Access limit reached', 'retry_after': '0 hours 1 minutes'}"
T79q5lQcq2RZ5AJU,1744493848630,429,Access limit reached,"{'error': 'Access limit reached', 'retry_after': '0 hours 1 minutes'}"
T79q5lQcq2RZ5AJU,1744493848630,429,Access limit reached,"{'error': 'Access limit reached', 'retry_after': '0 hours 1 minutes'}"
T79q5lQcq2RZ5AJU,1744493848630,429,Access limit reached,"{'error': 'Access limit reached', 'retry_after': '0 hours 1 minutes'}"
T79q5lQcq2RZ5AJU,1744493848630,429,Access limit reached,"{'error': 'Access limit reached', 'retry_after': '0 hours 1 minutes'}"
T79q5lQcq2RZ5AJU,1744493853630,429,Access limit reached,"{'error': 'Access limit reached', 'retry_after': '0 hours 1 minutes'}"
T79q5lQcq2RZ5AJU,1744493853630,429,Access limit reached,"{'error': 'Access limit reached', 'retry_after': '0 hours 1 minutes'}"
T79q5lQcq2RZ5AJU,1744493853630,429,Access limit reached,"{'error': 'Access limit reached', 'retry_after': '0 hours 1 minutes'}"
T79q5lQcq2RZ5AJU,1744493853630,429,Access limit reached,"{'error': 'Access limit reached', 'retry_after': '0 hours 1 minutes'}"
T79q5lQcq2RZ5AJU,1744493853630,429,Access limit reached,"{'error': 'Access limit reached', 'retry_after': '0 hours 1 minutes'}"
T79q5lQcq2RZ5AJU,1744493858630,429,Access limit reached,"{'error': 'Access limit reached', 'retry_after': '0 hours 1 minutes'}"
T79q5lQcq2RZ5AJU,1744493858630,429,Access limit reached,"{'error': 'Access limit reached', 'retry_after': '0 hours 1 minutes'}"
T79q5lQcq2RZ5AJU,1744493858630,429,Access limit reached,"{'error': 'Access limit reached', 'retry_after': '0 hours 1 minutes'}"
T79q5lQcq2RZ5AJU,1744493858630,429,Access limit reached,"{'error': 'Access limit reached', 'retry_after': '0 hours 1 minutes'}"
T79q5lQcq2RZ5AJU,1744493858630,429,Access limit reached,"{'error': 'Access limit reached', 'retry_after': '0 hours 1 minutes'}"
T79q5lQcq2RZ5AJU,1744493880630,429,Access limit reached,"{'error': 'Access limit reached', 'retry_after': '0 hours 1 minutes'}"
T79q5lQcq2RZ5AJU,1744493880630,429,Access limit reached,"{'error': 'Access limit reached', 'retry_after': '0 hours 1 minutes'}"
T79q5lQcq2RZ5AJU,1744493880630,429,Access limit reached,"{'error': 'Access limit reached', 'retry_after': '0 hours 1 minutes'}"
T79q5lQcq2RZ5AJU,1744493880630,429,Access limit reached,"{'error': 'Access limit reached', 'retry_after': '0 hours 1 minutes'}"
T79q5lQcq2RZ5AJU,1744493880630,429,Access limit reached,"{'error': 'Access limit reached', 'retry_after': '0 hours 1 minutes'}"
T79q5lQcq2RZ5AJU,1744493903630,429,Access limit reached,"{'error': 'Access limit reached', 'retry_after': '0 hours 1 minutes'}"
T79q5lQcq2RZ5AJU,1744493903630,429,Access limit reached,"{'error': 'Access limit reached', 'retry_after': '0 hours 1 minutes'}"
T79q5lQcq2RZ5AJU,1744493903630,429,Access limit reached,"{'error': 'Access limit reached', 'retry_after': '0 hours 1 minutes'}"
T79q5lQcq2RZ5AJU,1744493903630,429,Access limit reached,"{'error': 'Access limit reached', 'retry_after': '0 hours 1 minutes'}"
T79q5lQcq2RZ5AJU,1744493903630,429,Access limit reached,"{'error': 'Access limit reached', 'retry_after': '0 hours 1 minutes'}"
T79q5lQcq2RZ5AJU,1744493910630,429,Access limit reached,"{'error': 'Access limit reached', 'retry_after': '0 hours 1 minutes'}"
T79q5lQcq2RZ5AJU,1744493910630,429,Access limit reached,"{'error': 'Access limit reached', 'retry_after': '0 hours 1 minutes'}"
T79q5lQcq2RZ5AJU,1744493910630,429,Access limit reached,"{'error': 'Access limit reached', 'retry_after': '0 hours 1 minutes'}"
T79q5lQcq2RZ5AJU,1744493910630,429,Access limit reached,"{'error': 'Access limit reached', 'retry_after': '0 hours 1 minutes'}"
T79q5lQcq2RZ5AJU,1744493910630,429,Access limit reached,"{'error': 'Access limit reached', 'retry_after': '0 hours 1 minutes'}"
T79q5lQcq2RZ5AJU,1744493934630,429,Access limit reached,"{'error': 'Access limit reached', 'retry_after': '0 hours 1 minutes'}"
T79q5lQcq2RZ5AJU,1744493934630,429,Access limit reached,"{'error': 'Access limit reached', 'retry_after': '0 hours 1 minutes'}"
T79q5lQcq2RZ5AJU,1744493934630,429,Access limit reached,"{'error': 'Access limit reached', 'retry_after': '0 hours 1 minutes'}"
T79q5lQcq2RZ5AJU,1744493934630,429,Access limit reached,"{'error': 'Access limit reached', 'retry_after': '0 hours 1 minutes'}"
T79q5lQcq2RZ5AJU,1744493934630,429,Access limit reached,"{'error': 'Access limit reached', 'retry_after': '0 hours 1 minutes'}"
T79q5lQcq2RZ5AJU,1744493940630,429,Access limit reached,"{'error': 'Access limit reached', 'retry_after': '0 hours 1 minutes'}"
T79q5lQcq2RZ5AJU,1744493940630,429,Access limit reached,"{'error': 'Access limit reached', 'retry_after': '0 hours 1 minutes'}"
T79q5lQcq2RZ5AJU,1744493940630,429,Access limit reached,"{'error': 'Access limit reached', 'retry_after': '0 hours 1 minutes'}"
T79q5lQcq2RZ5AJU,1744493940630,429,Access limit reached,"{'error': 'Access limit reached', 'retry_after': '0 hours 1 minutes'}"
T79q5lQcq2RZ5AJU,1744493940630,429,Access limit reached,"{'error': 'Access limit reached', 'retry_after': '0 hours 1 minutes'}"
T79q5lQcq2RZ5AJU,1744493952630,429,Access limit reached,"{'error': 'Access limit reached', 'retry_after': '0 hours 1 minutes'}"
T79q5lQcq2RZ5AJU,1744493952630,429,Access limit reached,"{'error': 'Access limit reached', 'retry_after': '0 hours 1 minutes'}"
T79q5lQcq2RZ5AJU,1744493952630,429,Access limit reached,"{'error': 'Access limit reached', 'retry_after': '0 hours 1 minutes'}"
T79q5lQcq2RZ5AJU,1744493952630,429,Access limit reached,"{'error': 'Access limit reached', 'retry_after': '0 hours 1 minutes'}"
T79q5lQcq2RZ5AJU,1744493952630,429,Access limit reached,"{'error': 'Access limit reached', 'retry_after': '0 hours 1 minutes'}"
T79q5lQcq2RZ5AJU,1744493980630,429,Access limit reached,"{'error': 'Access limit reached', 'retry_after': '0 hours 1 minutes'}"
T79q5lQcq2RZ5AJU,1744493980630,429,Access limit reached,"{'error': 'Access limit reached', 'retry_after': '0 hours 1 minutes'}"
T79q5lQcq2RZ5AJU,1744493980630,429,Access limit reached,"{'error': 'Access limit reached', 'retry_after': '0 hours 1 minutes'}"
T79q5lQcq2RZ5AJU,1744493980630,429,Access limit reached,"{'error': 'Access limit reached', 'retry_after': '0 hours 1 minutes'}"
T79q5lQcq2RZ5AJU,1744493980630,429,Access limit reached,"{'error': 'Access limit reached', 'retry_after': '0 hours 1 minutes'}"
T79q5lQcq2RZ5AJU,1744493987630,429,Access limit reached,"{'error': 'Access limit reached', 'retry_after': '0 hours 1 minutes'}"
T79q5lQcq2RZ5AJU,1744493987630,429,Access limit reached,"{'error': 'Access limit reached', 'retry_after': '0 hours 1 minutes'}"
T79q5lQcq2RZ5AJU,1744493987630,429,Access limit reached,"{'error': 'Access limit reached', 'retry_after': '0 hours 1 minutes'}"
T79q5lQcq2RZ5AJU,1744493987630,429,Access limit reached,"{'error': 'Access limit reached', 'retry_after': '0 hours 1 minutes'}"
T79q5lQcq2RZ5AJU,1744493987630,429,Access limit reached,"{'error': 'Access limit reached', 'retry_after': '0 hours 1 minutes'}"
T79q5lQcq2RZ5AJU,1744493992630,429,Access limit reached,"{'error': 'Access limit reached', 'retry_after': '0 hours 1 minutes'}"
T79q5lQcq2RZ5AJU,1744493992630,429,Access limit reached,"{'error': 'Access limit reached', 'retry_after': '0 hours 1 minutes'}"
T79q5lQcq2RZ5AJU,1744493992630,429,Access limit reached,"{'error': 'Access limit reached', 'retry_after': '0 hours 1 minutes'}"
T79q5lQcq2RZ5AJU,1744493992630,429,Access limit reached,"{'error': 'Access limit reached', 'retry_after': '0 hours 1 minutes'}"
T79q5lQcq2RZ5AJU,1744493992630,429,Access limit reached,"{'error': 'Access limit reached', 'retry_after': '0 hours 1 minutes'}"
T79q5lQcq2RZ5AJU,1744494017630,429,Access limit reached,"{'error': 'Access limit reached', 'retry_after': '0 hours 1 minutes'}"
T79q5lQcq2RZ5AJU,1744494017630,429,Access limit reached,"{'error': 'Access limit reached', 'retry_after': '0 hours 1 minutes'}"
T79q5lQcq2RZ5AJU,1744494017630,429,Access limit reached,"{'error': 'Access limit reached', 'retry_after': '0 hours 1 minutes'}"
T79q5lQcq2RZ5AJU,1744494017630,429,Access limit reached,"{'error': 'Access limit reached', 'retry_after': '0 hours 1 minutes'}"
T79q5lQcq2RZ5AJU,1744494017630,429,Access limit reached,"{'error': 'Access limit reached', 'retry_after': '0 hours 1 minutes'}"
T79q5lQcq2RZ5AJU,1744494038630,429,Access limit reached,"{'error': 'Access limit reached', 'retry_after': '0 hours 1 minutes'}"
T79q5lQcq2RZ5AJU,1744494038630,429,Access limit reached,"{'error': 'Access limit reached', 'retry_after': '0 hours 1 minutes'}"
T79q5lQcq2RZ5AJU,1744494038630,429,Access limit reached,"{'error': 'Access limit reached', 'retry_after': '0 hours 1 minutes'}"
T79q5lQcq2RZ5AJU,1744494038630,429,Access limit reached,"{'error': 'Access limit reached', 'retry_after': '0 hours 1 minutes'}"
T79q5lQcq2RZ5AJU,1744494038630,429,Access limit reached,"{'error': 'Access limit reached', 'retry_after': '0 hours 1 minutes'}"
T79q5lQcq2RZ5AJU,1744494046630,429,Access limit reached,"{'error': 'Access limit reached', 'retry_after': '0 hours 1 minutes'}"
T79q5lQcq2RZ5AJU,1744494046630,429,Access limit reached,"{'error': 'Access limit reached', 'retry_after': '0 hours 1 minutes'}"
T79q5lQcq2RZ5AJU,1744494046630,429,Access limit reached,"{'error': 'Access limit reached', 'retry_after': '0 hours 1 minutes'}"
T79q5lQcq2RZ5AJU,1744494046630,429,Access limit reached,"{'error': 'Access limit reached', 'retry_after': '0 hours 1 minutes'}"
T79q5lQcq2RZ5AJU,1744494046630,429,Access limit reached,"{'error': 'Access limit reached', 'retry_after': '0 hours 1 minutes'}"
T79q5lQcq2RZ5AJU,1744494072630,429,Access limit reached,"{'error': 'Access limit reached', 'retry_after': '0 hours 1 minutes'}"
T79q5lQcq2RZ5AJU,1744494072630,429,Access limit reached,"{'error': 'Access limit reached', 'retry_after': '0 hours 1 minutes'}"
T79q5lQcq2RZ5AJU,1744494072630,429,Access limit reached,"{'error': 'Access limit reached', 'retry_after': '0 hours 1 minutes'}"
T79q5lQcq2RZ5AJU,1744494072630,429,Access limit reached,"{'error': 'Access limit reached', 'retry_after': '0 hours 1 minutes'}"
T79q5lQcq2RZ5AJU,1744494072630,429,Access limit reached,"{'error': 'Access limit reached', 'retry_after': '0 hours 1 minutes'}"
T79q5lQcq2RZ5AJU,1744494095630,429,Access limit reached,"{'error': 'Access limit reached', 'retry_after': '0 hours 1 minutes'}"
T79q5lQcq2RZ5AJU,1744494095630,429,Access limit reached,"{'error': 'Access limit reached', 'retry_after': '0 hours 1 minutes'}"
T79q5lQcq2RZ5AJU,1744494095630,429,Access limit reached,"{'error': 'Access limit reached', 'retry_after': '0 hours 1 minutes'}"
T79q5lQcq2RZ5AJU,1744494095630,429,Access limit reached,"{'error': 'Access limit reached', 'retry_after': '0 hours 1 minutes'}"
T79q5lQcq2RZ5AJU,1744494095630,429,Access limit reached,"{'error': 'Access limit reached', 'retry_after': '0 hours 1 minutes'}"
T79q5lQcq2RZ5AJU,1744494106630,429,Access limit reached,"{'error': 'Access limit reached', 'retry_after': '0 hours 1 minutes'}"
T79q5lQcq2RZ5AJU,1744494106630,429,Access limit reached,"{'error': 'Access limit reached', 'retry_after': '0 hours 1 minutes'}"
T79q5lQcq2RZ5AJU,1744494106630,429,Access limit reached,"{'error': 'Access limit reached', 'retry_after': '0 hours 1 minutes'}"
T79q5lQcq2RZ5AJU,1744494106630,429,Access limit reached,"{'error': 'Access limit reached', 'retry_after': '0 hours 1 minutes'}"
T79q5lQcq2RZ5AJU,1744494106630,429,Access limit reached,"{'error': 'Access limit reached', 'retry_after': '0 hours 1 minutes'}"
T79q5lQcq2RZ5AJU,1744494118630,429,Access limit reached,"{'error': 'Access limit reached', 'retry_after': '0 hours 1 minutes'}"
T79q5lQcq2RZ5AJU,1744494118630,429,Access limit reached,"{'error': 'Access limit reached', 'retry_after': '0 hours 1 minutes'}"
T79q5lQcq2RZ5AJU,1744494118630,429,Access limit reached,"{'error': 'Access limit reached', 'retry_after': '0 hours 1 minutes'}"
T79q5lQcq2RZ5AJU,1744494118630,429,Access limit reached,"{'error': 'Access limit reached', 'retry_after': '0 hours 1 minutes'}"
T79q5lQcq2RZ5AJU,1744494118630,429,Access limit reached,"{'error': 'Access limit reached', 'retry_after': '0 hours 1 minutes'}"
T79q5lQcq2RZ5AJU,1744494145630,429,Access limit reached,"{'error': 'Access limit reached', 'retry_after': '0 hours 1 minutes'}"
T79q5lQcq2RZ5AJU,1744494145630,429,Access limit reached,"{'error': 'Access limit reached', 'retry_after': '0 hours 1 minutes'}"
T79q5lQcq2RZ5AJU,1744494145630,429,Access limit reached,"{'error': 'Access limit reached', 'retry_after': '0 hours 1 minutes'}"
T79q5lQcq2RZ5AJU,1744494145630,429,Access limit reached,"{'error': 'Access limit reached', 'retry_after': '0 hours 1 minutes'}"
T79q5lQcq2RZ5AJU,1744494145630,429,Access limit reached,"{'error': 'Access limit reached', 'retry_after': '0 hours 1 minutes'}"
T79q5lQcq2RZ5AJU,1744494169630,429,Access limit reached,"{'error': 'Access limit reached', 'retry_after': '0 hours 1 minutes'}"
T79q5lQcq2RZ5AJU,1744494169630,429,Access limit reached,"{'error': 'Access limit reached', 'retry_after': '0 hours 1 minutes'}"
T79q5lQcq2RZ5AJU,1744494169630,429,Access limit reached,"{'error': 'Access limit reached', 'retry_after': '0 hours 1 minutes'}"
T79q5lQcq2RZ5AJU,1744494169630,429,Access limit reached,"{'error': 'Access limit reached', 'retry_after': '0 hours 1 minutes'}"
T79q5lQcq2RZ5AJU,1744494169630,429,Access limit reached,"{'error': 'Access limit reached', 'retry_after': '0 hours 1 minutes'}"
T79q5lQcq2RZ5AJU,1744494196630,429,Access limit reached,"{'error': 'Access limit reached', 'retry_after': '0 hours 1 minutes'}"
T79q5lQcq2RZ5AJU,1744494196630,429,Access limit reached,"{'error': 'Access limit reached', 'retry_after': '0 hours 1 minutes'}"
T79q5lQcq2RZ5AJU,1744494196630,429,Access limit reached,"{'error': 'Access limit reached', 'retry_after': '0 hours 1 minutes'}"
T79q5lQcq2RZ5AJU,1744494196630,429,Access limit reached,"{'error': 'Access limit reached', 'retry_after': '0 hours 1 minutes'}"
T79q5lQcq2RZ5AJU,1744494196630,429,Access limit reached,"{'error': 'Access limit reached', 'retry_after': '0 hours 1 minutes'}"
T79q5lQcq2RZ5AJU,1744494222630,429,Access limit reached,"{'error': 'Access limit reached', 'retry_after': '0 hours 1 minutes'}"
T79q5lQcq2RZ5AJU,1744494222630,429,Access limit reached,"{'error': 'Access limit reached', 'retry_after': '0 hours 1 minutes'}"
T79q5lQcq2RZ5AJU,1744494222630,429,Access limit reached,"{'error': 'Access limit reached', 'retry_after': '0 hours 1 minutes'}"
T79q5lQcq2RZ5AJU,1744494222630,429,Access limit reached,"{'error': 'Access limit reached', 'retry_after': '0 hours 1 minutes'}"
T79q5lQcq2RZ5AJU,1744494222630,429,Access limit reached,"{'error': 'Access limit reached', 'retry_after': '0 hours 1 minutes'}"
T79q5lQcq2RZ5AJU,1744494252630,429,Access limit reached,"{'error': 'Access limit reached', 'retry_after': '0 hours 1 minutes'}"
T79q5lQcq2RZ5AJU,1744494252630,429,Access limit reached,"{'error': 'Access limit reached', 'retry_after': '0 hours 1 minutes'}"
T79q5lQcq2RZ5AJU,1744494252630,429,Access limit reached,"{'error': 'Access limit reached', 'retry_after': '0 hours 1 minutes'}"
T79q5lQcq2RZ5AJU,1744494252630,429,Access limit reached,"{'error': 'Access limit reached', 'retry_after': '0 hours 1 minutes'}"
T79q5lQcq2RZ5AJU,1744494252630,429,Access limit reached,"{'error': 'Access limit reached', 'retry_after': '0 hours 1 minutes'}"
T79q5lQcq2RZ5AJU,1744494262630,429,Access limit reached,"{'error': 'Access limit reached', 'retry_after': '0 hours 1 minutes'}"
T79q5lQcq2RZ5AJU,1744494262630,429,Access limit reached,"{'error': 'Access limit reached', 'retry_after': '0 hours 1 minutes'}"
T79q5lQcq2RZ5AJU,1744494262630,429,Access limit reached,"{'error': 'Access limit reached', 'retry_after': '0 hours 1 minutes'}"
T79q5lQcq2RZ5AJU,1744494262630,429,Access limit reached,"{'error': 'Access limit reached', 'retry_after': '0 hours 1 minutes'}"
T79q5lQcq2RZ5AJU,1744494262630,429,Access limit reached,"{'error': 'Access limit reached', 'retry_after': '0 hours 1 minutes'}"
T79q5lQcq2RZ5AJU,1744494286630,429,Access limit reached,"{'error': 'Access limit reached', 'retry_after': '0 hours 1 minutes'}"
T79q5lQcq2RZ5AJU,1744494286630,429,Access limit reached,"{'error': 'Access limit reached', 'retry_after': '0 hours 1 minutes'}"
T79q5lQcq2RZ5AJU,1744494286630,429,Access limit reached,"{'error': 'Access limit reached', 'retry_after': '0 hours 1 minutes'}"
T79q5lQcq2RZ5AJU,1744494286630,429,Access limit reached,"{'error': 'Access limit reached', 'retry_after': '0 hours 1 minutes'}"
T79q5lQcq2RZ5AJU,1744494286630,429,Access limit reached,"{'error': 'Access limit reached', 'retry_after': '0 hours 1 minutes'}"
T79q5lQcq2RZ5AJU,1744494301630,429,Access limit reached,"{'error': 'Access limit reached', 'retry_after': '0 hours 1 minutes'}"
T79q5lQcq2RZ5AJU,1744494301630,429,Access limit reached,"{'error': 'Access limit reached', 'retry_after': '0 hours 1 minutes'}"
T79q5lQcq2RZ5AJU,1744494301630,429,Access limit reached,"{'error': 'Access limit reached', 'retry_after': '0 hours 1 minutes'}"
T79q5lQcq2RZ5AJU,1744494301630,429,Access limit reached,"{'error': 'Access limit reached', 'retry_after': '0 hours 1 minutes'}"
T79q5lQcq2RZ5AJU,1744494301630,429,Access limit reached,"{'error': 'Access limit reached', 'retry_after': '0 hours 1 minutes'}"
T79q5lQcq2RZ5AJU,1744494311630,429,Access limit reached,"{'error': 'Access limit reached', 'retry_after': '0 hours 1 minutes'}"
T79q5lQcq2RZ5AJU,1744494311630,429,Access limit reached,"{'error': 'Access limit reached', 'retry_after': '0 hours 1 minutes'}"
T79q5lQcq2RZ5AJU,1744494311630,429,Access limit reached,"{'error': 'Access limit reached', 'retry_after': '0 hours 1 minutes'}"
T79q5lQcq2RZ5AJU,1744494311630,429,Access limit reached,"{'error': 'Access limit reached', 'retry_after': '0 hours 1 minutes'}"
T79q5lQcq2RZ5AJU,1744494311630,429,Access limit reached,"{'error': 'Access limit reached', 'retry_after': '0 hours 1 minutes'}"
T79q5lQcq2RZ5AJU,1744494324630,429,Access limit reached,"{'error': 'Access limit reached', 'retry_after': '0 hours 1 minutes'}"
T79q5lQcq2RZ5AJU,1744494324630,429,Access limit reached,"{'error': 'Access limit reached', 'retry_after': '0 hours 1 minutes'}"
T79q5lQcq2RZ5AJU,1744494324630,429,Access limit reached,"{'error': 'Access limit reached', 'retry_after': '0 hours 1 minutes'}"
T79q5lQcq2RZ5AJU,1744494324630,429,Access limit reached,"{'error': 'Access limit reached', 'retry_after': '0 hours 1 minutes'}"
T79q5lQcq2RZ5AJU,1744494324630,429,Access limit reached,"{'error': 'Access limit reached', 'retry_after': '0 hours 1 minutes'}"
T79q5lQcq2RZ5AJU,1744494343630,429,Access limit reached,"{'error': 'Access limit reached', 'retry_after': '0 hours 1 minutes'}"
T79q5lQcq2RZ5AJU,1744494343630,429,Access limit reached,"{'error': 'Access limit reached', 'retry_after': '0 hours 1 minutes'}"
T79q5lQcq2RZ5AJU,1744494343630,429,Access limit reached,"{'error': 'Access limit reached', 'retry_after': '0 hours 1 minutes'}"
T79q5lQcq2RZ5AJU,1744494343630,429,Access limit reached,"{'error': 'Access limit reached', 'retry_after': '0 hours 1 minutes'}"
T79q5lQcq2RZ5AJU,1744494343630,429,Access limit reached,"{'error': 'Access limit reached', 'retry_after': '0 hours 1 minutes'}"
T79q5lQcq2RZ5AJU,1744494356630,429,Access limit reached,"{'error': 'Access limit reached', 'retry_after': '0 hours 1 minutes'}"
T79q5lQcq2RZ5AJU,1744494356630,429,Access limit reached,"{'error': 'Access limit reached', 'retry_after': '0 hours 1 minutes'}"
T79q5lQcq2RZ5AJU,1744494356630,429,Access limit reached,"{'error': 'Access limit reached', 'retry_after': '0 hours 1 minutes'}"
T79q5lQcq2RZ5AJU,1744494356630,429,Access limit reached,"{'error': 'Access limit reached', 'retry_after': '0 hours 1 minutes'}"
T79q5lQcq2RZ5AJU,1744494356630,429,Access limit reached,"{'error': 'Access limit reached', 'retry_after': '0 hours 1 minutes'}"
T79q5lQcq2RZ5AJU,1744494378630,429,Access limit reached,"{'error': 'Access limit reached', 'retry_after': '0 hours 1 minutes'}"
T79q5lQcq2RZ5AJU,1744494378630,429,Access limit reached,"{'error': 'Access limit reached', 'retry_after': '0 hours 1 minutes'}"
T79q5lQcq2RZ5AJU,1744494378630,429,Access limit reached,"{'error': 'Access limit reached', 'retry_after': '0 hours 1 minutes'}"
T79q5lQcq2RZ5AJU,1744494378630,429,Access limit reached,"{'error': 'Access limit reached', 'retry_after': '0 hours 1 minutes'}"
T79q5lQcq2RZ5AJU,1744494378630,429,Access limit reached,"{'error': 'Access limit reached', 'retry_after': '0 hours 1 minutes'}"
T79q5lQcq2RZ5AJU,1744494399630,429,Access limit reached,"{'error': 'Access limit reached', 'retry_after': '0 hours 1 minutes'}"
T79q5lQcq2RZ5AJU,1744494399630,429,Access limit reached,"{'error': 'Access limit reached', 'retry_after': '0 hours 1 minutes'}"
T79q5lQcq2RZ5AJU,1744494399630,429,Access limit reached,"{'error': 'Access limit reached', 'retry_after': '0 hours 1 minutes'}"
T79q5lQcq2RZ5AJU,1744494399630,429,Access limit reached,"{'error': 'Access limit reached', 'retry_after': '0 hours 1 minutes'}"
T79q5lQcq2RZ5AJU,1744494399630,429,Access limit reached,"{'error': 'Access limit reached', 'retry_after': '0 hours 1 minutes'}"
WNIW6wOBUcvDOXyr,1744494420630,429,Access limit reached,"{'error': 'Access limit reached', 'retry_after': '0 hours 46 minutes'}"
WNIW6wOBUcvDOXyr,1744494420630,429,Access limit reached,"{'error': 'Access limit reached', 'retry_after': '0 hours 46 minutes'}"
WNIW6wOBUcvDOXyr,1744494420630,429,Access limit reached,"{'error': 'Access limit reached', 'retry_after': '0 hours 46 minutes'}"
WNIW6wOBUcvDOXyr,1744494420630,429,Access limit reached,"{'error': 'Access limit reached', 'retry_after': '0 hours 46 minutes'}"
WNIW6wOBUcvDOXyr,1744494420630,429,Access limit reached,"{'error': 'Access limit reached', 'retry_after': '0 hours 46 minutes'}"
WNIW6wOBUcvDOXyr,1744494442630,429,Access limit reached,"{'error': 'Access limit reached', 'retry_after': '0 hours 46 minutes'}"
WNIW6wOBUcvDOXyr,1744494442630,429,Access limit reached,"{'error': 'Access limit reached', 'retry_after': '0 hours 46 minutes'}"
WNIW6wOBUcvDOXyr,1744494442630,429,Access limit reached,"{'error': 'Access limit reached', 'retry_after': '0 hours 46 minutes'}"
WNIW6wOBUcvDOXyr,1744494442630,429,Access limit reached,"{'error': 'Access limit reached', 'retry_after': '0 hours 46 minutes'}"
WNIW6wOBUcvDOXyr,1744494442630,429,Access limit reached,"{'error': 'Access limit reached', 'retry_after': '0 hours 46 minutes'}"
WNIW6wOBUcvDOXyr,1744494462630,429,Access limit reached,"{'error': 'Access limit reached', 'retry_after': '0 hours 46 minutes'}"
WNIW6wOBUcvDOXyr,1744494462630,429,Access limit reached,"{'error': 'Access limit reached', 'retry_after': '0 hours 46 minutes'}"
WNIW6wOBUcvDOXyr,1744494462630,429,Access limit reached,"{'error': 'Access limit reached', 'retry_after': '0 hours 46 minutes'}"
WNIW6wOBUcvDOXyr,1744494462630,429,Access limit reached,"{'error': 'Access limit reached', 'retry_after': '0 hours 46 minutes'}"
WNIW6wOBUcvDOXyr,1744494462630,429,Access limit reached,"{'error': 'Access limit reached', 'retry_after': '0 hours 46 minutes'}"
WNIW6wOBUcvDOXyr,1744494469630,429,Access limit reached,"{'error': 'Access limit reached', 'retry_after': '0 hours 46 minutes'}"
WNIW6wOBUcvDOXyr,1744494469630,429,Access limit reached,"{'error': 'Access limit reached', 'retry_after': '0 hours 46 minutes'}"
WNIW6wOBUcvDOXyr,1744494469630,429,Access limit reached,"{'error': 'Access limit reached', 'retry_after': '0 hours 46 minutes'}"
WNIW6wOBUcvDOXyr,1744494469630,429,Access limit reached,"{'error': 'Access limit reached', 'retry_after': '0 hours 46 minutes'}"
WNIW6wOBUcvDOXyr,1744494469630,429,Access limit reached,"{'error': 'Access limit reached', 'retry_after': '0 hours 46 minutes'}"
WNIW6wOBUcvDOXyr,1744494498630,429,Access limit reached,"{'error': 'Access limit reached', 'retry_after': '0 hours 46 minutes'}"
WNIW6wOBUcvDOXyr,1744494498630,429,Access limit reached,"{'error': 'Access limit reached', 'retry_after': '0 hours 46 minutes'}"
WNIW6wOBUcvDOXyr,1744494498630,429,Access limit reached,"{'error': 'Access limit reached', 'retry_after': '0 hours 46 minutes'}"
WNIW6wOBUcvDOXyr,1744494498630,429,Access limit reached,"{'error': 'Access limit reached', 'retry_after': '0 hours 46 minutes'}"
WNIW6wOBUcvDOXyr,1744494498630,429,Access limit reached,"{'error': 'Access limit reached', 'retry_after': '0 hours 46 minutes'}"
WNIW6wOBUcvDOXyr,1744494516630,429,Access limit reached,"{'error': 'Access limit reached', 'retry_after': '0 hours 46 minutes'}"
WNIW6wOBUcvDOXyr,1744494516630,429,Access limit reached,"{'error': 'Access limit reached', 'retry_after': '0 hours 46 minutes'}"
WNIW6wOBUcvDOXyr,1744494516630,429,Access limit reached,"{'error': 'Access limit reached', 'retry_after': '0 hours 46 minutes'}"
WNIW6wOBUcvDOXyr,1744494516630,429,Access limit reached,"{'error': 'Access limit reached', 'retry_after': '0 hours 46 minutes'}"
WNIW6wOBUcvDOXyr,1744494516630,429,Access limit reached,"{'error': 'Access limit reached', 'retry_after': '0 hours 46 minutes'}"
WNIW6wOBUcvDOXyr,1744494529630,429,Access limit reached,"{'error': 'Access limit reached', 'retry_after': '0 hours 46 minutes'}"
WNIW6wOBUcvDOXyr,1744494529630,429,Access limit reached,"{'error': 'Access limit reached', 'retry_after': '0 hours 46 minutes'}"
WNIW6wOBUcvDOXyr,1744494529630,429,Access limit reached,"{'error': 'Access limit reached', 'retry_after': '0 hours 46 minutes'}"
WNIW6wOBUcvDOXyr,1744494529630,429,Access limit reached,"{'error': 'Access limit reached', 'retry_after': '0 hours 46 minutes'}"
WNIW6wOBUcvDOXyr,1744494529630,429,Access limit reached,"{'error': 'Access limit reached', 'retry_after': '0 hours 46 minutes'}"
WNIW6wOBUcvDOXyr,1744494559630,429,Access limit reached,"{'error': 'Access limit reached', 'retry_after': '0 hours 46 minutes'}"
WNIW6wOBUcvDOXyr,1744494559630,429,Access limit reached,"{'error': 'Access limit reached', 'retry_after': '0 hours 46 minutes'}"
WNIW6wOBUcvDOXyr,1744494559630,429,Access limit reached,"{'error': 'Access limit reached', 'retry_after': '0 hours 46 minutes'}"
WNIW6wOBUcvDOXyr,1744494559630,429,Access limit reached,"{'error': 'Access limit reached', 'retry_after': '0 hours 46 minutes'}"
WNIW6wOBUcvDOXyr,1744494559630,429,Access limit reached,"{'error': 'Access limit reached', 'retry_after': '0 hours 46 minutes'}"
WNIW6wOBUcvDOXyr,1744494576630,429,Access limit reached,"{'error': 'Access limit reached', 'retry_after': '0 hours 46 minutes'}"
WNIW6wOBUcvDOXyr,1744494576630,429,Access limit reached,"{'error': 'Access limit reached', 'retry_after': '0 hours 46 minutes'}"
WNIW6wOBUcvDOXyr,1744494576630,429,Access limit reached,"{'error': 'Access limit reached', 'retry_after': '0 hours 46 minutes'}"
WNIW6wOBUcvDOXyr,1744494576630,429,Access limit reached,"{'error': 'Access limit reached', 'retry_after': '0 hours 46 minutes'}"
WNIW6wOBUcvDOXyr,1744494576630,429,Access limit reached,"{'error': 'Access limit reached', 'retry_after': '0 hours 46 minutes'}"
WNIW6wOBUcvDOXyr,1744494583630,429,Access limit reached,"{'error': 'Access limit reached', 'retry_after': '0 hours 46 minutes'}"
WNIW6wOBUcvDOXyr,1744494583630,429,Access limit reached,"{'error': 'Access limit reached', 'retry_after': '0 hours 46 minutes'}"
WNIW6wOBUcvDOXyr,1744494583630,429,Access limit reached,"{'error': 'Access limit reached', 'retry_after': '0 hours 46 minutes'}"
WNIW6wOBUcvDOXyr,1744494583630,429,Access limit reached,"{'error': 'Access limit reached', 'retry_after': '0 hours 46 minutes'}"
WNIW6wOBUcvDOXyr,1744494583630,429,Access limit reached,"{'error': 'Access limit reached', 'retry_after': '0 hours 46 minutes'}"
WNIW6wOBUcvDOXyr,1744494589630,429,Access limit reached,"{'error': 'Access limit reached', 'retry_after': '0 hours 46 minutes'}"
WNIW6wOBUcvDOXyr,1744494589630,429,Access limit reached,"{'error': 'Access limit reached', 'retry_after': '0 hours 46 minutes'}"
WNIW6wOBUcvDOXyr,1744494589630,429,Access limit reached,"{'error': 'Access limit reached', 'retry_after': '0 hours 46 minutes'}"
WNIW6wOBUcvDOXyr,1744494589630,429,Access limit reached,"{'error': 'Access limit reached', 'retry_after': '0 hours 46 minutes'}"
WNIW6wOBUcvDOXyr,1744494589630,429,Access limit reached,"{'error': 'Access limit reached', 'retry_after': '0 hours 46 minutes'}"
WNIW6wOBUcvDOXyr,1744494611630,429,Access limit reached,"{'error': 'Access limit reached', 'retry_after': '0 hours 46 minutes'}"
WNIW6wOBUcvDOXyr,1744494611630,429,Access limit reached,"{'error': 'Access limit reached', 'retry_after': '0 hours 46 minutes'}"
WNIW6wOBUcvDOXyr,1744494611630,429,Access limit reached,"{'error': 'Access limit reached', 'retry_after': '0 hours 46 minutes'}"
WNIW6wOBUcvDOXyr,1744494611630,429,Access limit reached,"{'error': 'Access limit reached', 'retry_after': '0 hours 46 minutes'}"
WNIW6wOBUcvDOXyr,1744494611630,429,Access limit reached,"{'error': 'Access limit reached', 'retry_after': '0 hours 46 minutes'}"
WNIW6wOBUcvDOXyr,1744494617630,429,Access limit reached,"{'error': 'Access limit reached', 'retry_after': '0 hours 46 minutes'}"
WNIW6wOBUcvDOXyr,1744494617630,429,Access limit reached,"{'error': 'Access limit reached', 'retry_after': '0 hours 46 minutes'}"
WNIW6wOBUcvDOXyr,1744494617630,429,Access limit reached,"{'error': 'Access limit reached', 'retry_after': '0 hours 46 minutes'}"
WNIW6wOBUcvDOXyr,1744494617630,429,Access limit reached,"{'error': 'Access limit reached', 'retry_after': '0 hours 46 minutes'}"
WNIW6wOBUcvDOXyr,1744494617630,429,Access limit reached,"{'error': 'Access limit reached', 'retry_after': '0 hours 46 minutes'}"
WNIW6wOBUcvDOXyr,1744494628630,429,Access limit reached,"{'error': 'Access limit reached', 'retry_after': '0 hours 46 minutes'}"
WNIW6wOBUcvDOXyr,1744494628630,429,Access limit reached,"{'error': 'Access limit reached', 'retry_after': '0 hours 46 minutes'}"
WNIW6wOBUcvDOXyr,1744494628630,429,Access limit reached,"{'error': 'Access limit reached', 'retry_after': '0 hours 46 minutes'}"
WNIW6wOBUcvDOXyr,1744494628630,429,Access limit reached,"{'error': 'Access limit reached', 'retry_after': '0 hours 46 minutes'}"
WNIW6wOBUcvDOXyr,1744494628630,429,Access limit reached,"{'error': 'Access limit reached', 'retry_after': '0 hours 46 minutes'}"
WNIW6wOBUcvDOXyr,1744494658630,429,Access limit reached,"{'error': 'Access limit reached', 'retry_after': '0 hours 46 minutes'}"
WNIW6wOBUcvDOXyr,1744494658630,429,Access limit reached,"{'error': 'Access limit reached', 'retry_after': '0 hours 46 minutes'}"
WNIW6wOBUcvDOXyr,1744494658630,429,Access limit reached,"{'error': 'Access limit reached', 'retry_after': '0 hours 46 minutes'}"
WNIW6wOBUcvDOXyr,1744494658630,429,Access limit reached,"{'error': 'Access limit reached', 'retry_after': '0 hours 46 minutes'}"
WNIW6wOBUcvDOXyr,1744494658630,429,Access limit reached,"{'error': 'Access limit reached', 'retry_after': '0 hours 46 minutes'}"
WNIW6wOBUcvDOXyr,1744494663630,429,Access limit reached,"{'error': 'Access limit reached', 'retry_after': '0 hours 46 minutes'}"
WNIW6wOBUcvDOXyr,1744494663630,429,Access limit reached,"{'error': 'Access limit reached', 'retry_after': '0 hours 46 minutes'}"
WNIW6wOBUcvDOXyr,1744494663630,429,Access limit reached,"{'error': 'Access limit reached', 'retry_after': '0 hours 46 minutes'}"
WNIW6wOBUcvDOXyr,1744494663630,429,Access limit reached,"{'error': 'Access limit reached', 'retry_after': '0 hours 46 minutes'}"
WNIW6wOBUcvDOXyr,1744494663630,429,Access limit reached,"{'error': 'Access limit reached', 'retry_after': '0 hours 46 minutes'}"
WNIW6wOBUcvDOXyr,1744494687630,429,Access limit reached,"{'error': 'Access limit reached', 'retry_after': '0 hours 46 minutes'}"
WNIW6wOBUcvDOXyr,1744494687630,429,Access limit reached,"{'error': 'Access limit reached', 'retry_after': '0 hours 46 minutes'}"
WNIW6wOBUcvDOXyr,1744494687630,429,Access limit reached,"{'error': 'Access limit reached', 'retry_after': '0 hours 46 minutes'}"
WNIW6wOBUcvDOXyr,1744494687630,429,Access limit reached,"{'error': 'Access limit reached', 'retry_after': '0 hours 46 minutes'}"
WNIW6wOBUcvDOXyr,1744494687630,429,Access limit reached,"{'error': 'Access limit reached', 'retry_after': '0 hours 46 minutes'}"
WNIW6wOBUcvDOXyr,1744494703630,429,Access limit reached,"{'error': 'Access limit reached', 'retry_after': '0 hours 46 minutes'}"
WNIW6wOBUcvDOXyr,1744494703630,429,Access limit reached,"{'error': 'Access limit reached', 'retry_after': '0 hours 46 minutes'}"
WNIW6wOBUcvDOXyr,1744494703630,429,Access limit reached,"{'error': 'Access limit reached', 'retry_after': '0 hours 46 minutes'}"
WNIW6wOBUcvDOXyr,1744494703630,429,Access limit reached,"{'error': 'Access limit reached', 'retry_after': '0 hours 46 minutes'}"
WNIW6wOBUcvDOXyr,1744494703630,429,Access limit reached,"{'error': 'Access limit reached', 'retry_after': '0 hours 46 minutes'}"
WNIW6wOBUcvDOXyr,1744494712630,429,Access limit reached,"{'error': 'Access limit reached', 'retry_after': '0 hours 46 minutes'}"
WNIW6wOBUcvDOXyr,1744494712630,429,Access limit reached,"{'error': 'Access limit reached', 'retry_after': '0 hours 46 minutes'}"
WNIW6wOBUcvDOXyr,1744494712630,429,Access limit reached,"{'error': 'Access limit reached', 'retry_after': '0 hours 46 minutes'}"
WNIW6wOBUcvDOXyr,1744494712630,429,Access limit reached,"{'error': 'Access limit reached', 'retry_after': '0 hours 46 minutes'}"
WNIW6wOBUcvDOXyr,1744494712630,429,Access limit reached,"{'error': 'Access limit reached', 'retry_after': '0 hours 46 minutes'}"
WNIW6wOBUcvDOXyr,1744494727630,429,Access limit reached,"{'error': 'Access limit reached', 'retry_after': '0 hours 46 minutes'}"
WNIW6wOBUcvDOXyr,1744494727630,429,Access limit reached,"{'error': 'Access limit reached', 'retry_after': '0 hours 46 minutes'}"
WNIW6wOBUcvDOXyr,1744494727630,429,Access limit reached,"{'error': 'Access limit reached', 'retry_after': '0 hours 46 minutes'}"
WNIW6wOBUcvDOXyr,1744494727630,429,Access limit reached,"{'error': 'Access limit reached', 'retry_after': '0 hours 46 minutes'}"
WNIW6wOBUcvDOXyr,1744494727630,429,Access limit reached,"{'error': 'Access limit reached', 'retry_after': '0 hours 46 minutes'}"
WNIW6wOBUcvDOXyr,1744494733630,429,Access limit reached,"{'error': 'Access limit reached', 'retry_after': '0 hours 46 minutes'}"
WNIW6wOBUcvDOXyr,1744494733630,429,Access limit reached,"{'error': 'Access limit reached', 'retry_after': '0 hours 46 minutes'}"
WNIW6wOBUcvDOXyr,1744494733630,429,Access limit reached,"{'error': 'Access limit reached', 'retry_after': '0 hours 46 minutes'}"
WNIW6wOBUcvDOXyr,1744494733630,429,Access limit reached,"{'error': 'Access limit reached', 'retry_after': '0 hours 46 minutes'}"
WNIW6wOBUcvDOXyr,1744494733630,429,Access limit reached,"{'error': 'Access limit reached', 'retry_after': '0 hours 46 minutes'}"
WNIW6wOBUcvDOXyr,1744494745630,429,Access limit reached,"{'error': 'Access limit reached', 'retry_after': '0 hours 46 minutes'}"
WNIW6wOBUcvDOXyr,1744494745630,429,Access limit reached,"{'error': 'Access limit reached', 'retry_after': '0 hours 46 minutes'}"
WNIW6wOBUcvDOXyr,1744494745630,429,Access limit reached,"{'error': 'Access limit reached', 'retry_after': '0 hours 46 minutes'}"
WNIW6wOBUcvDOXyr,1744494745630,429,Access limit reached,"{'error': 'Access limit reached', 'retry_after': '0 hours 46 minutes'}"
WNIW6wOBUcvDOXyr,1744494745630,429,Access limit reached,"{'error': 'Access limit reached', 'retry_after': '0 hours 46 minutes'}"
WNIW6wOBUcvDOXyr,1744494772630,429,Access limit reached,"{'error': 'Access limit reached', 'retry_after': '0 hours 46 minutes'}"
WNIW6wOBUcvDOXyr,1744494772630,429,Access limit reached,"{'error': 'Access limit reached', 'retry_after': '0 hours 46 minutes'}"
WNIW6wOBUcvDOXyr,1744494772630,429,Access limit reached,"{'error': 'Access limit reached', 'retry_after': '0 hours 46 minutes'}"
WNIW6wOBUcvDOXyr,1744494772630,429,Access limit reached,"{'error': 'Access limit reached', 'retry_after': '0 hours 46 minutes'}"
WNIW6wOBUcvDOXyr,1744494772630,429,Access limit reached,"{'error': 'Access limit reached', 'retry_after': '0 hours 46 minutes'}"
WNIW6wOBUcvDOXyr,1744494786630,429,Access limit reached,"{'error': 'Access limit reached', 'retry_after': '0 hours 46 minutes'}"
WNIW6wOBUcvDOXyr,1744494786630,429,Access limit reached,"{'error': 'Access limit reached', 'retry_after': '0 hours 46 minutes'}"
WNIW6wOBUcvDOXyr,1744494786630,429,Access limit reached,"{'error': 'Access limit reached', 'retry_after': '0 hours 46 minutes'}"
WNIW6wOBUcvDOXyr,1744494786630,429,Access limit reached,"{'error': 'Access limit reached', 'retry_after': '0 hours 46 minutes'}"
WNIW6wOBUcvDOXyr,1744494786630,429,Access limit reached,"{'error': 'Access limit reached', 'retry_after': '0 hours 46 minutes'}"
WNIW6wOBUcvDOXyr,1744494799630,429,Access limit reached,"{'error': 'Access limit reached', 'retry_after': '0 hours 46 minutes'}"
WNIW6wOBUcvDOXyr,1744494799630,429,Access limit reached,"{'error': 'Access limit reached', 'retry_after': '0 hours 46 minutes'}"
WNIW6wOBUcvDOXyr,1744494799630,429,Access limit reached,"{'error': 'Access limit reached', 'retry_after': '0 hours 46 minutes'}"
WNIW6wOBUcvDOXyr,1744494799630,429,Access limit reached,"{'error': 'Access limit reached', 'retry_after': '0 hours 46 minutes'}"
WNIW6wOBUcvDOXyr,1744494799630,429,Access limit reached,"{'error': 'Access limit reached', 'retry_after': '0 hours 46 minutes'}"
WNIW6wOBUcvDOXyr,1744494804630,429,Access limit reached,"{'error': 'Access limit reached', 'retry_after': '0 hours 46 minutes'}"
WNIW6wOBUcvDOXyr,1744494804630,429,Access limit reached,"{'error': 'Access limit reached', 'retry_after': '0 hours 46 minutes'}"
WNIW6wOBUcvDOXyr,1744494804630,429,Access limit reached,"{'error': 'Access limit reached', 'retry_after': '0 hours 46 minutes'}"
WNIW6wOBUcvDOXyr,1744494804630,429,Access limit reached,"{'error': 'Access limit reached', 'retry_after': '0 hours 46 minutes'}"
WNIW6wOBUcvDOXyr,1744494804630,429,Access limit reached,"{'error': 'Access limit reached', 'retry_after': '0 hours 46 minutes'}"
5reM7jR6dJDK1Nvj,1744495123630,429,Access limit reached,"{'error': 'Access limit reached', 'retry_after': '23 hours 32 minutes'}"
5reM7jR6dJDK1Nvj,1744495123630,429,Access limit reached,"{'error': 'Access limit reached', 'retry_after': '23 hours 32 minutes'}"
5reM7jR6dJDK1Nvj,1744495123630,429,Access limit reached,"{'error': 'Access limit reached', 'retry_after': '23 hours 32 minutes'}"
5reM7jR6dJDK1Nvj,1744495123630,429,Access limit reached,"{'error': 'Access limit reached', 'retry_after': '23 hours 32 minutes'}"
5reM7jR6dJDK1Nvj,1744495123630,429,Access limit reached,"{'error': 'Access limit reached', 'retry_after': '23 hours 32 minutes'}"
5reM7jR6dJDK1Nvj,1744495148630,429,Access limit reached,"{'error': 'Access limit reached', 'retry_after': '23 hours 32 minutes'}"
5reM7jR6dJDK1Nvj,1744495148630,429,Access limit reached,"{'error': 'Access limit reached', 'retry_after': '23 hours 32 minutes'}"
5reM7jR6dJDK1Nvj,1744495148630,429,Access limit reached,"{'error': 'Access limit reached', 'retry_after': '23 hours 32 minutes'}"
5reM7jR6dJDK1Nvj,1744495148630,429,Access limit reached,"{'error': 'Access limit reached', 'retry_after': '23 hours 32 minutes'}"
5reM7jR6dJDK1Nvj,1744495148630,429,Access limit reached,"{'error': 'Access limit reached', 'retry_after': '23 hours 32 minutes'}"
5reM7jR6dJDK1Nvj,1744495169630,429,Access limit reached,"{'error': 'Access limit reached', 'retry_after': '23 hours 32 minutes'}"
5reM7jR6dJDK1Nvj,1744495169630,429,Access limit reached,"{'error': 'Access limit reached', 'retry_after': '23 hours 32 minutes'}"
5reM7jR6dJDK1Nvj,1744495169630,429,Access limit reached,"{'error': 'Access limit reached', 'retry_after': '23 hours 32 minutes'}"
5reM7jR6dJDK1Nvj,1744495169630,429,Access limit reached,"{'error': 'Access limit reached', 'retry_after': '23 hours 32 minutes'}"
5reM7jR6dJDK1Nvj,1744495169630,429,Access limit reached,"{'error': 'Access limit reached', 'retry_after': '23 hours 32 minutes'}"
5reM7jR6dJDK1Nvj,1744495193630,429,Access limit reached,"{'error': 'Access limit reached', 'retry_after': '23 hours 32 minutes'}"
5reM7jR6dJDK1Nvj,1744495193630,429,Access limit reached,"{'error': 'Access limit reached', 'retry_after': '23 hours 32 minutes'}"
5reM7jR6dJDK1Nvj,1744495193630,429,Access limit reached,"{'error': 'Access limit reached', 'retry_after': '23 hours 32 minutes'}"
5reM7jR6dJDK1Nvj,1744495193630,429,Access limit reached,"{'error': 'Access limit reached', 'retry_after': '23 hours 32 minutes'}"
5reM7jR6dJDK1Nvj,1744495193630,429,Access limit reached,"{'error': 'Access limit reached', 'retry_after': '23 hours 32 minutes'}"
5reM7jR6dJDK1Nvj,1744495210630,429,Access limit reached,"{'error': 'Access limit reached', 'retry_after': '23 hours 32 minutes'}"
5reM7jR6dJDK1Nvj,1744495210630,429,Access limit reached,"{'error': 'Access limit reached', 'retry_after': '23 hours 32 minutes'}"
5reM7jR6dJDK1Nvj,1744495210630,429,Access limit reached,"{'error': 'Access limit reached', 'retry_after': '23 hours 32 minutes'}"
5reM7jR6dJDK1Nvj,1744495210630,429,Access limit reached,"{'error': 'Access limit reached', 'retry_after': '23 hours 32 minutes'}"
5reM7jR6dJDK1Nvj,1744495210630,429,Access limit reached,"{'error': 'Access limit reached', 'retry_after': '23 hours 32 minutes'}"
5reM7jR6dJDK1Nvj,1744495226630,429,Access limit reached,"{'error': 'Access limit reached', 'retry_after': '23 hours 32 minutes'}"
5reM7jR6dJDK1Nvj,1744495226630,429,Access limit reached,"{'error': 'Access limit reached', 'retry_after': '23 hours 32 minutes'}"
5reM7jR6dJDK1Nvj,1744495226630,429,Access limit reached,"{'error': 'Access limit reached', 'retry_after': '23 hours 32 minutes'}"
5reM7jR6dJDK1Nvj,1744495226630,429,Access limit reached,"{'error': 'Access limit reached', 'retry_after': '23 hours 32 minutes'}"
5reM7jR6dJDK1Nvj,1744495226630,429,Access limit reached,"{'error': 'Access limit reached', 'retry_after': '23 hours 32 minutes'}"
5reM7jR6dJDK1Nvj,1744495249630,429,Access limit reached,"{'error': 'Access limit reached', 'retry_after': '23 hours 32 minutes'}"
5reM7jR6dJDK1Nvj,1744495249630,429,Access limit reached,"{'error': 'Access limit reached', 'retry_after': '23 hours 32 minutes'}"
5reM7jR6dJDK1Nvj,1744495249630,429,Access limit reached,"{'error': 'Access limit reached', 'retry_after': '23 hours 32 minutes'}"
5reM7jR6dJDK1Nvj,1744495249630,429,Access limit reached,"{'error': 'Access limit reached', 'retry_after': '23 hours 32 minutes'}"
5reM7jR6dJDK1Nvj,1744495249630,429,Access limit reached,"{'error': 'Access limit reached', 'retry_after': '23 hours 32 minutes'}"
5reM7jR6dJDK1Nvj,1744495258630,429,Access limit reached,"{'error': 'Access limit reached', 'retry_after': '23 hours 32 minutes'}"
5reM7jR6dJDK1Nvj,1744495258630,429,Access limit reached,"{'error': 'Access limit reached', 'retry_after': '23 hours 32 minutes'}"
5reM7jR6dJDK1Nvj,1744495258630,429,Access limit reached,"{'error': 'Access limit reached', 'retry_after': '23 hours 32 minutes'}"
5reM7jR6dJDK1Nvj,1744495258630,429,Access limit reached,"{'error': 'Access limit reached', 'retry_after': '23 hours 32 minutes'}"
5reM7jR6dJDK1Nvj,1744495258630,429,Access limit reached,"{'error': 'Access limit reached', 'retry_after': '23 hours 32 minutes'}"
5reM7jR6dJDK1Nvj,1744495266630,429,Access limit reached,"{'error': 'Access limit reached', 'retry_after': '23 hours 32 minutes'}"
5reM7jR6dJDK1Nvj,1744495266630,429,Access limit reached,"{'error': 'Access limit reached', 'retry_after': '23 hours 32 minutes'}"
5reM7jR6dJDK1Nvj,1744495266630,429,Access limit reached,"{'error': 'Access limit reached', 'retry_after': '23 hours 32 minutes'}"
5reM7jR6dJDK1Nvj,1744495266630,429,Access limit reached,"{'error': 'Access limit reached', 'retry_after': '23 hours 32 minutes'}"
5reM7jR6dJDK1Nvj,1744495266630,429,Access limit reached,"{'error': 'Access limit reached', 'retry_after': '23 hours 32 minutes'}"
5reM7jR6dJDK1Nvj,1744495275630,429,Access limit reached,"{'error': 'Access limit reached', 'retry_after': '23 hours 32 minutes'}"
5reM7jR6dJDK1Nvj,1744495275630,429,Access limit reached,"{'error': 'Access limit reached', 'retry_after': '23 hours 32 minutes'}"
5reM7jR6dJDK1Nvj,1744495275630,429,Access limit reached,"{'error': 'Access limit reached', 'retry_after': '23 hours 32 minutes'}"
5reM7jR6dJDK1Nvj,1744495275630,429,Access limit reached,"{'error': 'Access limit reached', 'retry_after': '23 hours 32 minutes'}"
5reM7jR6dJDK1Nvj,1744495275630,429,Access limit reached,"{'error': 'Access limit reached', 'retry_after': '23 hours 32 minutes'}"
5reM7jR6dJDK1Nvj,1744495302630,429,Access limit reached,"{'error': 'Access limit reached', 'retry_after': '23 hours 32 minutes'}"
5reM7jR6dJDK1Nvj,1744495302630,429,Access limit reached,"{'error': 'Access limit reached', 'retry_after': '23 hours 32 minutes'}"
5reM7jR6dJDK1Nvj,1744495302630,429,Access limit reached,"{'error': 'Access limit reached', 'retry_after': '23 hours 32 minutes'}"
5reM7jR6dJDK1Nvj,1744495302630,429,Access limit reached,"{'error': 'Access limit reached', 'retry_after': '23 hours 32 minutes'}"
5reM7jR6dJDK1Nvj,1744495302630,429,Access limit reached,"{'error': 'Access limit reached', 'retry_after': '23 hours 32 minutes'}"
5reM7jR6dJDK1Nvj,1744495326630,429,Access limit reached,"{'error': 'Access limit reached', 'retry_after': '23 hours 32 minutes'}"
5reM7jR6dJDK1Nvj,1744495326630,429,Access limit reached,"{'error': 'Access limit reached', 'retry_after': '23 hours 32 minutes'}"
5reM7jR6dJDK1Nvj,1744495326630,429,Access limit reached,"{'error': 'Access limit reached', 'retry_after': '23 hours 32 minutes'}"
5reM7jR6dJDK1Nvj,1744495326630,429,Access limit reached,"{'error': 'Access limit reached', 'retry_after': '23 hours 32 minutes'}"
5reM7jR6dJDK1Nvj,1744495326630,429,Access limit reached,"{'error': 'Access limit reached', 'retry_after': '23 hours 32 minutes'}"
5reM7jR6dJDK1Nvj,1744495352630,429,Access limit reached,"{'error': 'Access limit reached', 'retry_after': '23 hours 32 minutes'}"
5reM7jR6dJDK1Nvj,1744495352630,429,Access limit reached,"{'error': 'Access limit reached', 'retry_after': '23 hours 32 minutes'}"
5reM7jR6dJDK1Nvj,1744495352630,429,Access limit reached,"{'error': 'Access limit reached', 'retry_after': '23 hours 32 minutes'}"
5reM7jR6dJDK1Nvj,1744495352630,429,Access limit reached,"{'error': 'Access limit reached', 'retry_after': '23 hours 32 minutes'}"
5reM7jR6dJDK1Nvj,1744495352630,429,Access limit reached,"{'error': 'Access limit reached', 'retry_after': '23 hours 32 minutes'}"
5reM7jR6dJDK1Nvj,1744495375630,429,Access limit reached,"{'error': 'Access limit reached', 'retry_after': '23 hours 32 minutes'}"
5reM7jR6dJDK1Nvj,1744495375630,429,Access limit reached,"{'error': 'Access limit reached', 'retry_after': '23 hours 32 minutes'}"
5reM7jR6dJDK1Nvj,1744495375630,429,Access limit reached,"{'error': 'Access limit reached', 'retry_after': '23 hours 32 minutes'}"
5reM7jR6dJDK1Nvj,1744495375630,429,Access limit reached,"{'error': 'Access limit reached', 'retry_after': '23 hours 32 minutes'}"
5reM7jR6dJDK1Nvj,1744495375630,429,Access limit reached,"{'error': 'Access limit reached', 'retry_after': '23 hours 32 minutes'}"
5reM7jR6dJDK1Nvj,1744495397630,429,Access limit reached,"{'error': 'Access limit reached', 'retry_after': '23 hours 32 minutes'}"
5reM7jR6dJDK1Nvj,1744495397630,429,Access limit reached,"{'error': 'Access limit reached', 'retry_after': '23 hours 32 minutes'}"
5reM7jR6dJDK1Nvj,1744495397630,429,Access limit reached,"{'error': 'Access limit reached', 'retry_after': '23 hours 32 minutes'}"
5reM7jR6dJDK1Nvj,1744495397630,429,Access limit reached,"{'error': 'Access limit reached', 'retry_after': '23 hours 32 minutes'}"
5reM7jR6dJDK1Nvj,1744495397630,429,Access limit reached,"{'error': 'Access limit reached', 'retry_after': '23 hours 32 minutes'}"
5reM7jR6dJDK1Nvj,1744495418630,429,Access limit reached,"{'error': 'Access limit reached', 'retry_after': '23 hours 32 minutes'}"
5reM7jR6dJDK1Nvj,1744495418630,429,Access limit reached,"{'error': 'Access limit reached', 'retry_after': '23 hours 32 minutes'}"
5reM7jR6dJDK1Nvj,1744495418630,429,Access limit reached,"{'error': 'Access limit reached', 'retry_after': '23 hours 32 minutes'}"
5reM7jR6dJDK1Nvj,1744495418630,429,Access limit reached,"{'error': 'Access limit reached', 'retry_after': '23 hours 32 minutes'}"
5reM7jR6dJDK1Nvj,1744495418630,429,Access limit reached,"{'error': 'Access limit reached', 'retry_after': '23 hours 32 minutes'}"
5reM7jR6dJDK1Nvj,1744495433630,429,Access limit reached,"{'error': 'Access limit reached', 'retry_after': '23 hours 32 minutes'}"
5reM7jR6dJDK1Nvj,1744495433630,429,Access limit reached,"{'error': 'Access limit reached', 'retry_after': '23 hours 32 minutes'}"
5reM7jR6dJDK1Nvj,1744495433630,429,Access limit reached,"{'error': 'Access limit reached', 'retry_after': '23 hours 32 minutes'}"
5reM7jR6dJDK1Nvj,1744495433630,429,Access limit reached,"{'error': 'Access limit reached', 'retry_after': '23 hours 32 minutes'}"
5reM7jR6dJDK1Nvj,1744495433630,429,Access limit reached,"{'error': 'Access limit reached', 'retry_after': '23 hours 32 minutes'}"
5reM7jR6dJDK1Nvj,1744495443630,429,Access limit reached,"{'error': 'Access limit reached', 'retry_after': '23 hours 32 minutes'}"
5reM7jR6dJDK1Nvj,1744495443630,429,Access limit reached,"{'error': 'Access limit reached', 'retry_after': '23 hours 32 minutes'}"
5reM7jR6dJDK1Nvj,1744495443630,429,Access limit reached,"{'error': 'Access limit reached', 'retry_after': '23 hours 32 minutes'}"
5reM7jR6dJDK1Nvj,1744495443630,429,Access limit reached,"{'error': 'Access limit reached', 'retry_after': '23 hours 32 minutes'}"
5reM7jR6dJDK1Nvj,1744495443630,429,Access limit reached,"{'error': 'Access limit reached', 'retry_after': '23 hours 32 minutes'}"
5reM7jR6dJDK1Nvj,1744495473630,429,Access limit reached,"{'error': 'Access limit reached', 'retry_after': '23 hours 32 minutes'}"
5reM7jR6dJDK1Nvj,1744495473630,429,Access limit reached,"{'error': 'Access limit reached', 'retry_after': '23 hours 32 minutes'}"
5reM7jR6dJDK1Nvj,1744495473630,429,Access limit reached,"{'error': 'Access limit reached', 'retry_after': '23 hours 32 minutes'}"
5reM7jR6dJDK1Nvj,1744495473630,429,Access limit reached,"{'error': 'Access limit reached', 'retry_after': '23 hours 32 minutes'}"
5reM7jR6dJDK1Nvj,1744495473630,429,Access limit reached,"{'error': 'Access limit reached', 'retry_after': '23 hours 32 minutes'}"
5reM7jR6dJDK1Nvj,1744495498630,429,Access limit reached,"{'error': 'Access limit reached', 'retry_after': '23 hours 32 minutes'}"
5reM7jR6dJDK1Nvj,1744495498630,429,Access limit reached,"{'error': 'Access limit reached', 'retry_after': '23 hours 32 minutes'}"
5reM7jR6dJDK1Nvj,1744495498630,429,Access limit reached,"{'error': 'Access limit reached', 'retry_after': '23 hours 32 minutes'}"
5reM7jR6dJDK1Nvj,1744495498630,429,Access limit reached,"{'error': 'Access limit reached', 'retry_after': '23 hours 32 minutes'}"
5reM7jR6dJDK1Nvj,1744495498630,429,Access limit reached,"{'error': 'Access limit reached', 'retry_after': '23 hours 32 minutes'}"
5reM7jR6dJDK1Nvj,1744495522630,429,Access limit reached,"{'error': 'Access limit reached', 'retry_after': '23 hours 32 minutes'}"
5reM7jR6dJDK1Nvj,1744495522630,429,Access limit reached,"{'error': 'Access limit reached', 'retry_after': '23 hours 32 minutes'}"
5reM7jR6dJDK1Nvj,1744495522630,429,Access limit reached,"{'error': 'Access limit reached', 'retry_after': '23 hours 32 minutes'}"
5reM7jR6dJDK1Nvj,1744495522630,429,Access limit reached,"{'error': 'Access limit reached', 'retry_after': '23 hours 32 minutes'}"
5reM7jR6dJDK1Nvj,1744495522630,429,Access limit reached,"{'error': 'Access limit reached', 'retry_after': '23 hours 32 minutes'}"
5reM7jR6dJDK1Nvj,1744495552630,429,Access limit reached,"{'error': 'Access limit reached', 'retry_after': '23 hours 32 minutes'}"
5reM7jR6dJDK1Nvj,1744495552630,429,Access limit reached,"{'error': 'Access limit reached', 'retry_after': '23 hours 32 minutes'}"
5reM7jR6dJDK1Nvj,1744495552630,429,Access limit reached,"{'error': 'Access limit reached', 'retry_after': '23 hours 32 minutes'}"
5reM7jR6dJDK1Nvj,1744495552630,429,Access limit reached,"{'error': 'Access limit reached', 'retry_after': '23 hours 32 minutes'}"
5reM7jR6dJDK1Nvj,1744495552630,429,Access limit reached,"{'error': 'Access limit reached', 'retry_after': '23 hours 32 minutes'}"
5reM7jR6dJDK1Nvj,1744495578630,429,Access limit reached,"{'error': 'Access limit reached', 'retry_after': '23 hours 32 minutes'}"
5reM7jR6dJDK1Nvj,1744495578630,429,Access limit reached,"{'error': 'Access limit reached', 'retry_after': '23 hours 32 minutes'}"
5reM7jR6dJDK1Nvj,1744495578630,429,Access limit reached,"{'error': 'Access limit reached', 'retry_after': '23 hours 32 minutes'}"
5reM7jR6dJDK1Nvj,1744495578630,429,Access limit reached,"{'error': 'Access limit reached', 'retry_after': '23 hours 32 minutes'}"
5reM7jR6dJDK1Nvj,1744495578630,429,Access limit reached,"{'error': 'Access limit reached', 'retry_after': '23 hours 32 minutes'}"
5reM7jR6dJDK1Nvj,1744495598630,429,Access limit reached,"{'error': 'Access limit reached', 'retry_after': '23 hours 32 minutes'}"
5reM7jR6dJDK1Nvj,1744495598630,429,Access limit reached,"{'error': 'Access limit reached', 'retry_after': '23 hours 32 minutes'}"
5reM7jR6dJDK1Nvj,1744495598630,429,Access limit reached,"{'error': 'Access limit reached', 'retry_after': '23 hours 32 minutes'}"
5reM7jR6dJDK1Nvj,1744495598630,429,Access limit reached,"{'error': 'Access limit reached', 'retry_after': '23 hours 32 minutes'}"
5reM7jR6dJDK1Nvj,1744495598630,429,Access limit reached,"{'error': 'Access limit reached', 'retry_after': '23 hours 32 minutes'}"
5reM7jR6dJDK1Nvj,1744495606630,429,Access limit reached,"{'error': 'Access limit reached', 'retry_after': '23 hours 32 minutes'}"
5reM7jR6dJDK1Nvj,1744495606630,429,Access limit reached,"{'error': 'Access limit reached', 'retry_after': '23 hours 32 minutes'}"
5reM7jR6dJDK1Nvj,1744495606630,429,Access limit reached,"{'error': 'Access limit reached', 'retry_after': '23 hours 32 minutes'}"
5reM7jR6dJDK1Nvj,1744495606630,429,Access limit reached,"{'error': 'Access limit reached', 'retry_after': '23 hours 32 minutes'}"
5reM7jR6dJDK1Nvj,1744495606630,429,Access limit reached,"{'error': 'Access limit reached', 'retry_after': '23 hours 32 minutes'}"
5reM7jR6dJDK1Nvj,1744495624630,429,Access limit reached,"{'error': 'Access limit reached', 'retry_after': '23 hours 32 minutes'}"
5reM7jR6dJDK1Nvj,1744495624630,429,Access limit reached,"{'error': 'Access limit reached', 'retry_after': '23 hours 32 minutes'}"
5reM7jR6dJDK1Nvj,1744495624630,429,Access limit reached,"{'error': 'Access limit reached', 'retry_after': '23 hours 32 minutes'}"
5reM7jR6dJDK1Nvj,1744495624630,429,Access limit reached,"{'error': 'Access limit reached', 'retry_after': '23 hours 32 minutes'}"
5reM7jR6dJDK1Nvj,1744495624630,429,Access limit reached,"{'error': 'Access limit reached', 'retry_after': '23 hours 32 minutes'}"
5reM7jR6dJDK1Nvj,1744495640630,429,Access limit reached,"{'error': 'Access limit reached', 'retry_after': '23 hours 32 minutes'}"
5reM7jR6dJDK1Nvj,1744495640630,429,Access limit reached,"{'error': 'Access limit reached', 'retry_after': '23 hours 32 minutes'}"
5reM7jR6dJDK1Nvj,1744495640630,429,Access limit reached,"{'error': 'Access limit reached', 'retry_after': '23 hours 32 minutes'}"
5reM7jR6dJDK1Nvj,1744495640630,429,Access limit reached,"{'error': 'Access limit reached', 'retry_after': '23 hours 32 minutes'}"
5reM7jR6dJDK1Nvj,1744495640630,429,Access limit reached,"{'error': 'Access limit reached', 'retry_after': '23 hours 32 minutes'}"
5reM7jR6dJDK1Nvj,1744495659630,429,Access limit reached,"{'error': 'Access limit reached', 'retry_after': '23 hours 32 minutes'}"
5reM7jR6dJDK1Nvj,1744495659630,429,Access limit reached,"{'error': 'Access limit reached', 'retry_after': '23 hours 32 minutes'}"
5reM7jR6dJDK1Nvj,1744495659630,429,Access limit reached,"{'error': 'Access limit reached', 'retry_after': '23 hours 32 minutes'}"
5reM7jR6dJDK1Nvj,1744495659630,429,Access limit reached,"{'error': 'Access limit reached', 'retry_after': '23 hours 32 minutes'}"
5reM7jR6dJDK1Nvj,1744495659630,429,Access limit reached,"{'error': 'Access limit reached', 'retry_after': '23 hours 32 minutes'}"
5reM7jR6dJDK1Nvj,1744495678630,429,Access limit reached,"{'error': 'Access limit reached', 'retry_after': '23 hours 32 minutes'}"
5reM7jR6dJDK1Nvj,1744495678630,429,Access limit reached,"{'error': 'Access limit reached', 'retry_after': '23 hours 32 minutes'}"
5reM7jR6dJDK1Nvj,1744495678630,429,Access limit reached,"{'error': 'Access limit reached', 'retry_after': '23 hours 32 minutes'}"
5reM7jR6dJDK1Nvj,1744495678630,429,Access limit reached,"{'error': 'Access limit reached', 'retry_after': '23 hours 32 minutes'}"
5reM7jR6dJDK1Nvj,1744495678630,429,Access limit reached,"{'error': 'Access limit reached', 'retry_after': '23 hours 32 minutes'}"
5reM7jR6dJDK1Nvj,1744495692630,429,Access limit reached,"{'error': 'Access limit reached', 'retry_after': '23 hours 32 minutes'}"
5reM7jR6dJDK1Nvj,1744495692630,429,Access limit reached,"{'error': 'Access limit reached', 'retry_after': '23 hours 32 minutes'}"
5reM7jR6dJDK1Nvj,1744495692630,429,Access limit reached,"{'error': 'Access limit reached', 'retry_after': '23 hours 32 minutes'}"
5reM7jR6dJDK1Nvj,1744495692630,429,Access limit reached,"{'error': 'Access limit reached', 'retry_after': '23 hours 32 minutes'}"
5reM7jR6dJDK1Nvj,1744495692630,429,Access limit reached,"{'error': 'Access limit reached', 'retry_after': '23 hours 32 minutes'}"
5reM7jR6dJDK1Nvj,1744495720630,429,Access limit reached,"{'error': 'Access limit reached', 'retry_after': '23 hours 32 minutes'}"
5reM7jR6dJDK1Nvj,1744495720630,429,Access limit reached,"{'error': 'Access limit reached', 'retry_after': '23 hours 32 minutes'}"
5reM7jR6dJDK1Nvj,1744495720630,429,Access limit reached,"{'error': 'Access limit reached', 'retry_after': '23 hours 32 minutes'}"
5reM7jR6dJDK1Nvj,1744495720630,429,Access limit reached,"{'error': 'Access limit reached', 'retry_after': '23 hours 32 minutes'}"
5reM7jR6dJDK1Nvj,1744495720630,429,Access limit reached,"{'error': 'Access limit reached', 'retry_after': '23 hours 32 minutes'}"
5reM7jR6dJDK1Nvj,1744495745630,429,Access limit reached,"{'error': 'Access limit reached', 'retry_after': '23 hours 32 minutes'}"
5reM7jR6dJDK1Nvj,1744495745630,429,Access limit reached,"{'error': 'Access limit reached', 'retry_after': '23 hours 32 minutes'}"
5reM7jR6dJDK1Nvj,1744495745630,429,Access limit reached,"{'error': 'Access limit reached', 'retry_after': '23 hours 32 minutes'}"
5reM7jR6dJDK1Nvj,1744495745630,429,Access limit reached,"{'error': 'Access limit reached', 'retry_after': '23 hours 32 minutes'}"
5reM7jR6dJDK1Nvj,1744495745630,429,Access limit reached,"{'error': 'Access limit reached', 'retry_after': '23 hours 32 minutes'}"
5reM7jR6dJDK1Nvj,1744495752630,429,Access limit reached,"{'error': 'Access limit reached', 'retry_after': '23 hours 32 minutes'}"
5reM7jR6dJDK1Nvj,1744495752630,429,Access limit reached,"{'error': 'Access limit reached', 'retry_after': '23 hours 32 minutes'}"
5reM7jR6dJDK1Nvj,1744495752630,429,Access limit reached,"{'error': 'Access limit reached', 'retry_after': '23 hours 32 minutes'}"
5reM7jR6dJDK1Nvj,1744495752630,429,Access limit reached,"{'error': 'Access limit reached', 'retry_after': '23 hours 32 minutes'}"
5reM7jR6dJDK1Nvj,1744495752630,429,Access limit reached,"{'error': 'Access limit reached', 'retry_after': '23 hours 32 minutes'}"
5reM7jR6dJDK1Nvj,1744495777630,429,Access limit reached,"{'error': 'Access limit reached', 'retry_after': '23 hours 32 minutes'}"
5reM7jR6dJDK1Nvj,1744495777630,429,Access limit reached,"{'error': 'Access limit reached', 'retry_after': '23 hours 32 minutes'}"
5reM7jR6dJDK1Nvj,1744495777630,429,Access limit reached,"{'error': 'Access limit reached', 'retry_after': '23 hours 32 minutes'}"
5reM7jR6dJDK1Nvj,1744495777630,429,Access limit reached,"{'error': 'Access limit reached', 'retry_after': '23 hours 32 minutes'}"
5reM7jR6dJDK1Nvj,1744495777630,429,Access limit reached,"{'error': 'Access limit reached', 'retry_after': '23 hours 32 minutes'}"
5reM7jR6dJDK1Nvj,1744495793630,429,Access limit reached,"{'error': 'Access limit reached', 'retry_after': '23 hours 32 minutes'}"
5reM7jR6dJDK1Nvj,1744495793630,429,Access limit reached,"{'error': 'Access limit reached', 'retry_after': '23 hours 32 minutes'}"
5reM7jR6dJDK1Nvj,1744495793630,429,Access limit reached,"{'error': 'Access limit reached', 'retry_after': '23 hours 32 minutes'}"
5reM7jR6dJDK1Nvj,1744495793630,429,Access limit reached,"{'error': 'Access limit reached', 'retry_after': '23 hours 32 minutes'}"
5reM7jR6dJDK1Nvj,1744495793630,429,Access limit reached,"{'error': 'Access limit reached', 'retry_after': '23 hours 32 minutes'}"
5reM7jR6dJDK1Nvj,1744495822630,429,Access limit reached,"{'error': 'Access limit reached', 'retry_after': '23 hours 32 minutes'}"
5reM7jR6dJDK1Nvj,1744495822630,429,Access limit reached,"{'error': 'Access limit reached', 'retry_after': '23 hours 32 minutes'}"
5reM7jR6dJDK1Nvj,1744495822630,429,Access limit reached,"{'error': 'Access limit reached', 'retry_after': '23 hours 32 minutes'}"
5reM7jR6dJDK1Nvj,1744495822630,429,Access limit reached,"{'error': 'Access limit reached', 'retry_after': '23 hours 32 minutes'}"
5reM7jR6dJDK1Nvj,1744495822630,429,Access limit reached,"{'error': 'Access limit reached', 'retry_after': '23 hours 32 minutes'}"
5reM7jR6dJDK1Nvj,1744495840630,429,Access limit reached,"{'error': 'Access limit reached', 'retry_after': '23 hours 32 minutes'}"
5reM7jR6dJDK1Nvj,1744495840630,429,Access limit reached,"{'error': 'Access limit reached', 'retry_after': '23 hours 32 minutes'}"
5reM7jR6dJDK1Nvj,1744495840630,429,Access limit reached,"{'error': 'Access limit reached', 'retry_after': '23 hours 32 minutes'}"
5reM7jR6dJDK1Nvj,1744495840630,429,Access limit reached,"{'error': 'Access limit reached', 'retry_after': '23 hours 32 minutes'}"
5reM7jR6dJDK1Nvj,1744495840630,429,Access limit reached,"{'error': 'Access limit reached', 'retry_after': '23 hours 32 minutes'}"
5reM7jR6dJDK1Nvj,1744495855630,429,Access limit reached,"{'error': 'Access limit reached', 'retry_after': '23 hours 32 minutes'}"
5reM7jR6dJDK1Nvj,1744495855630,429,Access limit reached,"{'error': 'Access limit reached', 'retry_after': '23 hours 32 minutes'}"
5reM7jR6dJDK1Nvj,1744495855630,429,Access limit reached,"{'error': 'Access limit reached', 'retry_after': '23 hours 32 minutes'}"
5reM7jR6dJDK1Nvj,1744495855630,429,Access limit reached,"{'error': 'Access limit reached', 'retry_after': '23 hours 32 minutes'}"
5reM7jR6dJDK1Nvj,1744495855630,429,Access limit reached,"{'error': 'Access limit reached', 'retry_after': '23 hours 32 minutes'}"
5reM7jR6dJDK1Nvj,1744495861630,429,Access limit reached,"{'error': 'Access limit reached', 'retry_after': '23 hours 32 minutes'}"
5reM7jR6dJDK1Nvj,1744495861630,429,Access limit reached,"{'error': 'Access limit reached', 'retry_after': '23 hours 32 minutes'}"
5reM7jR6dJDK1Nvj,1744495861630,429,Access limit reached,"{'error': 'Access limit reached', 'retry_after': '23 hours 32 minutes'}"
5reM7jR6dJDK1Nvj,1744495861630,429,Access limit reached,"{'error': 'Access limit reached', 'retry_after': '23 hours 32 minutes'}"
5reM7jR6dJDK1Nvj,1744495861630,429,Access limit reached,"{'error': 'Access limit reached', 'retry_after': '23 hours 32 minutes'}"
5reM7jR6dJDK1Nvj,1744495883630,429,Access limit reached,"{'error': 'Access limit reached', 'retry_after': '23 hours 32 minutes'}"
5reM7jR6dJDK1Nvj,1744495883630,429,Access limit reached,"{'error': 'Access limit reached', 'retry_after': '23 hours 32 minutes'}"
5reM7jR6dJDK1Nvj,1744495883630,429,Access limit reached,"{'error': 'Access limit reached', 'retry_after': '23 hours 32 minutes'}"
5reM7jR6dJDK1Nvj,1744495883630,429,Access limit reached,"{'error': 'Access limit reached', 'retry_after': '23 hours 32 minutes'}"
5reM7jR6dJDK1Nvj,1744495883630,429,Access limit reached,"{'error': 'Access limit reached', 'retry_after': '23 hours 32 minutes'}"
5reM7jR6dJDK1Nvj,1744495909630,429,Access limit reached,"{'error': 'Access limit reached', 'retry_after': '23 hours 32 minutes'}"
5reM7jR6dJDK1Nvj,1744495909630,429,Access limit reached,"{'error': 'Access limit reached', 'retry_after': '23 hours 32 minutes'}"
5reM7jR6dJDK1Nvj,1744495909630,429,Access limit reached,"{'error': 'Access limit reached', 'retry_after': '23 hours 32 minutes'}"
5reM7jR6dJDK1Nvj,1744495909630,429,Access limit reached,"{'error': 'Access limit reached', 'retry_after': '23 hours 32 minutes'}"
5reM7jR6dJDK1Nvj,1744495909630,429,Access limit reached,"{'error': 'Access limit reached', 'retry_after': '23 hours 32 minutes'}"
5reM7jR6dJDK1Nvj,1744495934630,429,Access limit reached,"{'error': 'Access limit reached', 'retry_after': '23 hours 31 minutes'}"
5reM7jR6dJDK1Nvj,1744495934630,429,Access limit reached,"{'error': 'Access limit reached', 'retry_after': '23 hours 31 minutes'}"
5reM7jR6dJDK1Nvj,1744495934630,429,Access limit reached,"{'error': 'Access limit reached', 'retry_after': '23 hours 31 minutes'}"
5reM7jR6dJDK1Nvj,1744495934630,429,Access limit reached,"{'error': 'Access limit reached', 'retry_after': '23 hours 31 minutes'}"
5reM7jR6dJDK1Nvj,1744495934630,429,Access limit reached,"{'error': 'Access limit reached', 'retry_after': '23 hours 31 minutes'}"
5reM7jR6dJDK1Nvj,1744495963630,429,Access limit reached,"{'error': 'Access limit reached', 'retry_after': '23 hours 31 minutes'}"
5reM7jR6dJDK1Nvj,1744495963630,429,Access limit reached,"{'error': 'Access limit reached', 'retry_after': '23 hours 31 minutes'}"
5reM7jR6dJDK1Nvj,1744495963630,429,Access limit reached,"{'error': 'Access limit reached', 'retry_after': '23 hours 31 minutes'}"
5reM7jR6dJDK1Nvj,1744495963630,429,Access limit reached,"{'error': 'Access limit reached', 'retry_after': '23 hours 31 minutes'}"
5reM7jR6dJDK1Nvj,1744495963630,429,Access limit reached,"{'error': 'Access limit reached', 'retry_after': '23 hours 31 minutes'}"
5reM7jR6dJDK1Nvj,1744495987630,429,Access limit reached,"{'error': 'Access limit reached', 'retry_after': '23 hours 31 minutes'}"
5reM7jR6dJDK1Nvj,1744495987630,429,Access limit reached,"{'error': 'Access limit reached', 'retry_after': '23 hours 31 minutes'}"
5reM7jR6dJDK1Nvj,1744495987630,429,Access limit reached,"{'error': 'Access limit reached', 'retry_after': '23 hours 31 minutes'}"
5reM7jR6dJDK1Nvj,1744495987630,429,Access limit reached,"{'error': 'Access limit reached', 'retry_after': '23 hours 31 minutes'}"
5reM7jR6dJDK1Nvj,1744495987630,429,Access limit reached,"{'error': 'Access limit reached', 'retry_after': '23 hours 31 minutes'}"
5reM7jR6dJDK1Nvj,1744496010630,429,Access limit reached,"{'error': 'Access limit reached', 'retry_after': '23 hours 31 minutes'}"
5reM7jR6dJDK1Nvj,1744496010630,429,Access limit reached,"{'error': 'Access limit reached', 'retry_after': '23 hours 31 minutes'}"
5reM7jR6dJDK1Nvj,1744496010630,429,Access limit reached,"{'error': 'Access limit reached', 'retry_after': '23 hours 31 minutes'}"
5reM7jR6dJDK1Nvj,1744496010630,429,Access limit reached,"{'error': 'Access limit reached', 'retry_after': '23 hours 31 minutes'}"
5reM7jR6dJDK1Nvj,1744496010630,429,Access limit reached,"{'error': 'Access limit reached', 'retry_after': '23 hours 31 minutes'}"
T79q5lQcq2RZ5AJU,1744496019630,429,Access limit reached,"{'error': 'Access limit reached', 'retry_after': '0 hours 0 minutes'}"
T79q5lQcq2RZ5AJU,1744496019630,429,Access limit reached,"{'error': 'Access limit reached', 'retry_after': '0 hours 0 minutes'}"
T79q5lQcq2RZ5AJU,1744496019630,429,Access limit reached,"{'error': 'Access limit reached', 'retry_after': '0 hours 0 minutes'}"
T79q5lQcq2RZ5AJU,1744496019630,429,Access limit reached,"{'error': 'Access limit reached', 'retry_after': '0 hours 0 minutes'}"
T79q5lQcq2RZ5AJU,1744496019630,429,Access limit reached,"{'error': 'Access limit reached', 'retry_after': '0 hours 0 minutes'}"
T79q5lQcq2RZ5AJU,1744496024630,429,Access limit reached,"{'error': 'Access limit reached', 'retry_after': '0 hours 0 minutes'}"
T79q5lQcq2RZ5AJU,1744496024630,429,Access limit reached,"{'error': 'Access limit reached', 'retry_after': '0 hours 0 minutes'}"
T79q5lQcq2RZ5AJU,1744496024630,429,Access limit reached,"{'error': 'Access limit reached', 'retry_after': '0 hours 0 minutes'}"
T79q5lQcq2RZ5AJU,1744496024630,429,Access limit reached,"{'error': 'Access limit reached', 'retry_after': '0 hours 0 minutes'}"
T79q5lQcq2RZ5AJU,1744496024630,429,Access limit reached,"{'error': 'Access limit reached', 'retry_after': '0 hours 0 minutes'}"
T79q5lQcq2RZ5AJU,1744496037630,429,Access limit reached,"{'error': 'Access limit reached', 'retry_after': '0 hours 0 minutes'}"
T79q5lQcq2RZ5AJU,1744496037630,429,Access limit reached,"{'error': 'Access limit reached', 'retry_after': '0 hours 0 minutes'}"
T79q5lQcq2RZ5AJU,1744496037630,429,Access limit reached,"{'error': 'Access limit reached', 'retry_after': '0 hours 0 minutes'}"
T79q5lQcq2RZ5AJU,1744496037630,429,Access limit reached,"{'error': 'Access limit reached', 'retry_after': '0 hours 0 minutes'}"
T79q5lQcq2RZ5AJU,1744496037630,429,Access limit reached,"{'error': 'Access limit reached', 'retry_after': '0 hours 0 minutes'}"
T79q5lQcq2RZ5AJU,1744496055630,429,Access limit reached,"{'error': 'Access limit reached', 'retry_after': '0 hours 0 minutes'}"
T79q5lQcq2RZ5AJU,1744496055630,429,Access limit reached,"{'error': 'Access limit reached', 'retry_after': '0 hours 0 minutes'}"
T79q5lQcq2RZ5AJU,1744496055630,429,Access limit reached,"{'error': 'Access limit reached', 'retry_after': '0 hours 0 minutes'}"
T79q5lQcq2RZ5AJU,1744496055630,429,Access limit reached,"{'error': 'Access limit reached', 'retry_after': '0 hours 0 minutes'}"
T79q5lQcq2RZ5AJU,1744496055630,429,Access limit reached,"{'error': 'Access limit reached', 'retry_after': '0 hours 0 minutes'}"
T79q5lQcq2RZ5AJU,1744496063630,429,Access limit reached,"{'error': 'Access limit reached', 'retry_after': '0 hours 0 minutes'}"
T79q5lQcq2RZ5AJU,1744496063630,429,Access limit reached,"{'error': 'Access limit reached', 'retry_after': '0 hours 0 minutes'}"
T79q5lQcq2RZ5AJU,1744496063630,429,Access limit reached,"{'error': 'Access limit reached', 'retry_after': '0 hours 0 minutes'}"
T79q5lQcq2RZ5AJU,1744496063630,429,Access limit reached,"{'error': 'Access limit reached', 'retry_after': '0 hours 0 minutes'}"
T79q5lQcq2RZ5AJU,1744496063630,429,Access limit reached,"{'error': 'Access limit reached', 'retry_after': '0 hours 0 minutes'}"
T79q5lQcq2RZ5AJU,1744496088630,429,Access limit reached,"{'error': 'Access limit reached', 'retry_after': '0 hours 0 minutes'}"
T79q5lQcq2RZ5AJU,1744496088630,429,Access limit reached,"{'error': 'Access limit reached', 'retry_after': '0 hours 0 minutes'}"
T79q5lQcq2RZ5AJU,1744496088630,429,Access limit reached,"{'error': 'Access limit reached', 'retry_after': '0 hours 0 minutes'}"
T79q5lQcq2RZ5AJU,1744496088630,429,Access limit reached,"{'error': 'Access limit reached', 'retry_after': '0 hours 0 minutes'}"
T79q5lQcq2RZ5AJU,1744496088630,429,Access limit reached,"{'error': 'Access limit reached', 'retry_after': '0 hours 0 minutes'}"
T79q5lQcq2RZ5AJU,1744496099630,429,Access limit reached,"{'error': 'Access limit reached', 'retry_after': '0 hours 0 minutes'}"
T79q5lQcq2RZ5AJU,1744496099630,429,Access limit reached,"{'error': 'Access limit reached', 'retry_after': '0 hours 0 minutes'}"
T79q5lQcq2RZ5AJU,1744496099630,429,Access limit reached,"{'error': 'Access limit reached', 'retry_after': '0 hours 0 minutes'}"
T79q5lQcq2RZ5AJU,1744496099630,429,Access limit reached,"{'error': 'Access limit reached', 'retry_after': '0 hours 0 minutes'}"
T79q5lQcq2RZ5AJU,1744496099630,429,Access limit reached,"{'error': 'Access limit reached', 'retry_after': '0 hours 0 minutes'}"
T79q5lQcq2RZ5AJU,1744496129630,429,Access limit reached,"{'error': 'Access limit reached', 'retry_after': '0 hours 0 minutes'}"
T79q5lQcq2RZ5AJU,1744496129630,429,Access limit reached,"{'error': 'Access limit reached', 'retry_after': '0 hours 0 minutes'}"
T79q5lQcq2RZ5AJU,1744496129630,429,Access limit reached,"{'error': 'Access limit reached', 'retry_after': '0 hours 0 minutes'}"
T79q5lQcq2RZ5AJU,1744496129630,429,Access limit reached,"{'error': 'Access limit reached', 'retry_after': '0 hours 0 minutes'}"
T79q5lQcq2RZ5AJU,1744496129630,429,Access limit reached,"{'error': 'Access limit reached', 'retry_after': '0 hours 0 minutes'}"
T79q5lQcq2RZ5AJU,1744496159630,429,Access limit reached,"{'error': 'Access limit reached', 'retry_after': '0 hours 0 minutes'}"
T79q5lQcq2RZ5AJU,1744496159630,429,Access limit reached,"{'error': 'Access limit reached', 'retry_after': '0 hours 0 minutes'}"
T79q5lQcq2RZ5AJU,1744496159630,429,Access limit reached,"{'error': 'Access limit reached', 'retry_after': '0 hours 0 minutes'}"
T79q5lQcq2RZ5AJU,1744496159630,429,Access limit reached,"{'error': 'Access limit reached', 'retry_after': '0 hours 0 minutes'}"
T79q5lQcq2RZ5AJU,1744496159630,429,Access limit reached,"{'error': 'Access limit reached', 'retry_after': '0 hours 0 minutes'}"
T79q5lQcq2RZ5AJU,1744496184630,429,Access limit reached,"{'error': 'Access limit reached', 'retry_after': '0 hours 0 minutes'}"
T79q5lQcq2RZ5AJU,1744496184630,429,Access limit reached,"{'error': 'Access limit reached', 'retry_after': '0 hours 0 minutes'}"
T79q5lQcq2RZ5AJU,1744496184630,429,Access limit reached,"{'error': 'Access limit reached', 'retry_after': '0 hours 0 minutes'}"
T79q5lQcq2RZ5AJU,1744496184630,429,Access limit reached,"{'error': 'Access limit reached', 'retry_after': '0 hours 0 minutes'}"
T79q5lQcq2RZ5AJU,1744496184630,429,Access limit reached,"{'error': 'Access limit reached', 'retry_after': '0 hours 0 minutes'}"
T79q5lQcq2RZ5AJU,1744496203630,429,Access limit reached,"{'error': 'Access limit reached', 'retry_after': '0 hours 0 minutes'}"
T79q5lQcq2RZ5AJU,1744496203630,429,Access limit reached,"{'error': 'Access limit reached', 'retry_after': '0 hours 0 minutes'}"
T79q5lQcq2RZ5AJU,1744496203630,429,Access limit reached,"{'error': 'Access limit reached', 'retry_after': '0 hours 0 minutes'}"
T79q5lQcq2RZ5AJU,1744496203630,429,Access limit reached,"{'error': 'Access limit reached', 'retry_after': '0 hours 0 minutes'}"
T79q5lQcq2RZ5AJU,1744496203630,429,Access limit reached,"{'error': 'Access limit reached', 'retry_after': '0 hours 0 minutes'}"
T79q5lQcq2RZ5AJU,1744496233630,429,Access limit reached,"{'error': 'Access limit reached', 'retry_after': '0 hours 0 minutes'}"
T79q5lQcq2RZ5AJU,1744496233630,429,Access limit reached,"{'error': 'Access limit reached', 'retry_after': '0 hours 0 minutes'}"
T79q5lQcq2RZ5AJU,1744496233630,429,Access limit reached,"{'error': 'Access limit reached', 'retry_after': '0 hours 0 minutes'}"
T79q5lQcq2RZ5AJU,1744496233630,429,Access limit reached,"{'error': 'Access limit reached', 'retry_after': '0 hours 0 minutes'}"
T79q5lQcq2RZ5AJU,1744496233630,429,Access limit reached,"{'error': 'Access limit reached', 'retry_after': '0 hours 0 minutes'}"
T79q5lQcq2RZ5AJU,1744496250630,429,Access limit reached,"{'error': 'Access limit reached', 'retry_after': '0 hours 0 minutes'}"
T79q5lQcq2RZ5AJU,1744496250630,429,Access limit reached,"{'error': 'Access limit reached', 'retry_after': '0 hours 0 minutes'}"
T79q5lQcq2RZ5AJU,1744496250630,429,Access limit reached,"{'error': 'Access limit reached', 'retry_after': '0 hours 0 minutes'}"
T79q5lQcq2RZ5AJU,1744496250630,429,Access limit reached,"{'error': 'Access limit reached', 'retry_after': '0 hours 0 minutes'}"
T79q5lQcq2RZ5AJU,1744496250630,429,Access limit reached,"{'error': 'Access limit reached', 'retry_after': '0 hours 0 minutes'}"
T79q5lQcq2RZ5AJU,1744496258630,429,Access limit reached,"{'error': 'Access limit reached', 'retry_after': '0 hours 0 minutes'}"
T79q5lQcq2RZ5AJU,1744496258630,429,Access limit reached,"{'error': 'Access limit reached', 'retry_after': '0 hours 0 minutes'}"
T79q5lQcq2RZ5AJU,1744496258630,429,Access limit reached,"{'error': 'Access limit reached', 'retry_after': '0 hours 0 minutes'}"
T79q5lQcq2RZ5AJU,1744496258630,429,Access limit reached,"{'error': 'Access limit reached', 'retry_after': '0 hours 0 minutes'}"
T79q5lQcq2RZ5AJU,1744496258630,429,Access limit reached,"{'error': 'Access limit reached', 'retry_after': '0 hours 0 minutes'}"
T79q5lQcq2RZ5AJU,1744496274630,429,Access limit reached,"{'error': 'Access limit reached', 'retry_after': '0 hours 0 minutes'}"
T79q5lQcq2RZ5AJU,1744496274630,429,Access limit reached,"{'error': 'Access limit reached', 'retry_after': '0 hours 0 minutes'}"
T79q5lQcq2RZ5AJU,1744496274630,429,Access limit reached,"{'error': 'Access limit reached', 'retry_after': '0 hours 0 minutes'}"
T79q5lQcq2RZ5AJU,1744496274630,429,Access limit reached,"{'error': 'Access limit reached', 'retry_after': '0 hours 0 minutes'}"
T79q5lQcq2RZ5AJU,1744496274630,429,Access limit reached,"{'error': 'Access limit reached', 'retry_after': '0 hours 0 minutes'}"
T79q5lQcq2RZ5AJU,1744496303630,429,Access limit reached,"{'error': 'Access limit reached', 'retry_after': '0 hours 0 minutes'}"
T79q5lQcq2RZ5AJU,1744496303630,429,Access limit reached,"{'error': 'Access limit reached', 'retry_after': '0 hours 0 minutes'}"
T79q5lQcq2RZ5AJU,1744496303630,429,Access limit reached,"{'error': 'Access limit reached', 'retry_after': '0 hours 0 minutes'}"
T79q5lQcq2RZ5AJU,1744496303630,429,Access limit reached,"{'error': 'Access limit reached', 'retry_after': '0 hours 0 minutes'}"
T79q5lQcq2RZ5AJU,1744496303630,429,Access limit reached,"{'error': 'Access limit reached', 'retry_after': '0 hours 0 minutes'}"
T79q5lQcq2RZ5AJU,1744496321630,429,Access limit reached,"{'error': 'Access limit reached', 'retry_after': '0 hours 0 minutes'}"
T79q5lQcq2RZ5AJU,1744496321630,429,Access limit reached,"{'error': 'Access limit reached', 'retry_after': '0 hours 0 minutes'}"
T79q5lQcq2RZ5AJU,1744496321630,429,Access limit reached,"{'error': 'Access limit reached', 'retry_after': '0 hours 0 minutes'}"
T79q5lQcq2RZ5AJU,1744496321630,429,Access limit reached,"{'error': 'Access limit reached', 'retry_after': '0 hours 0 minutes'}"
T79q5lQcq2RZ5AJU,1744496321630,429,Access limit reached,"{'error': 'Access limit reached', 'retry_after': '0 hours 0 minutes'}"
T79q5lQcq2RZ5AJU,1744496336630,429,Access limit reached,"{'error': 'Access limit reached', 'retry_after': '0 hours 0 minutes'}"
T79q5lQcq2RZ5AJU,1744496336630,429,Access limit reached,"{'error': 'Access limit reached', 'retry_after': '0 hours 0 minutes'}"
T79q5lQcq2RZ5AJU,1744496336630,429,Access limit reached,"{'error': 'Access limit reached', 'retry_after': '0 hours 0 minutes'}"
T79q5lQcq2RZ5AJU,1744496336630,429,Access limit reached,"{'error': 'Access limit reached', 'retry_after': '0 hours 0 minutes'}"
T79q5lQcq2RZ5AJU,1744496336630,429,Access limit reached,"{'error': 'Access limit reached', 'retry_after': '0 hours 0 minutes'}"
T79q5lQcq2RZ5AJU,1744496362630,429,Access limit reached,"{'error': 'Access limit reached', 'retry_after': '0 hours 0 minutes'}"
T79q5lQcq2RZ5AJU,1744496362630,429,Access limit reached,"{'error': 'Access limit reached', 'retry_after': '0 hours 0 minutes'}"
T79q5lQcq2RZ5AJU,1744496362630,429,Access limit reached,"{'error': 'Access limit reached', 'retry_after': '0 hours 0 minutes'}"
T79q5lQcq2RZ5AJU,1744496362630,429,Access limit reached,"{'error': 'Access limit reached', 'retry_after': '0 hours 0 minutes'}"
T79q5lQcq2RZ5AJU,1744496362630,429,Access limit reached,"{'error': 'Access limit reached', 'retry_after': '0 hours 0 minutes'}"
T79q5lQcq2RZ5AJU,1744496374630,429,Access limit reached,"{'error': 'Access limit reached', 'retry_after': '0 hours 0 minutes'}"
T79q5lQcq2RZ5AJU,1744496374630,429,Access limit reached,"{'error': 'Access limit reached', 'retry_after': '0 hours 0 minutes'}"
T79q5lQcq2RZ5AJU,1744496374630,429,Access limit reached,"{'error': 'Access limit reached', 'retry_after': '0 hours 0 minutes'}"
T79q5lQcq2RZ5AJU,1744496374630,429,Access limit reached,"{'error': 'Access limit reached', 'retry_after': '0 hours 0 minutes'}"
T79q5lQcq2RZ5AJU,1744496374630,429,Access limit reached,"{'error': 'Access limit reached', 'retry_after': '0 hours 0 minutes'}"
T79q5lQcq2RZ5AJU,1744496397630,429,Access limit reached,"{'error': 'Access limit reached', 'retry_after': '0 hours 0 minutes'}"
T79q5lQcq2RZ5AJU,1744496397630,429,Access limit reached,"{'error': 'Access limit reached', 'retry_after': '0 hours 0 minutes'}"
T79q5lQcq2RZ5AJU,1744496397630,429,Access limit reached,"{'error': 'Access limit reached', 'retry_after': '0 hours 0 minutes'}"
T79q5lQcq2RZ5AJU,1744496397630,429,Access limit reached,"{'error': 'Access limit reached', 'retry_after': '0 hours 0 minutes'}"
T79q5lQcq2RZ5AJU,1744496397630,429,Access limit reached,"{'error': 'Access limit reached', 'retry_after': '0 hours 0 minutes'}"
T79q5lQcq2RZ5AJU,1744496426630,429,Access limit reached,"{'error': 'Access limit reached', 'retry_after': '0 hours 0 minutes'}"
T79q5lQcq2RZ5AJU,1744496426630,429,Access limit reached,"{'error': 'Access limit reached', 'retry_after': '0 hours 0 minutes'}"
T79q5lQcq2RZ5AJU,1744496426630,429,Access limit reached,"{'error': 'Access limit reached', 'retry_after': '0 hours 0 minutes'}"
T79q5lQcq2RZ5AJU,1744496426630,429,Access limit reached,"{'error': 'Access limit reached', 'retry_after': '0 hours 0 minutes'}"
T79q5lQcq2RZ5AJU,1744496426630,429,Access limit reached,"{'error': 'Access limit reached', 'retry_after': '0 hours 0 minutes'}"
T79q5lQcq2RZ5AJU,1744496448630,429,Access limit reached,"{'error': 'Access limit reached', 'retry_after': '0 hours 0 minutes'}"
T79q5lQcq2RZ5AJU,1744496448630,429,Access limit reached,"{'error': 'Access limit reached', 'retry_after': '0 hours 0 minutes'}"
T79q5lQcq2RZ5AJU,1744496448630,429,Access limit reached,"{'error': 'Access limit reached', 'retry_after': '0 hours 0 minutes'}"
T79q5lQcq2RZ5AJU,1744496448630,429,Access limit reached,"{'error': 'Access limit reached', 'retry_after': '0 hours 0 minutes'}"
T79q5lQcq2RZ5AJU,1744496448630,429,Access limit reached,"{'error': 'Access limit reached', 'retry_after': '0 hours 0 minutes'}"
T79q5lQcq2RZ5AJU,1744496456630,429,Access limit reached,"{'error': 'Access limit reached', 'retry_after': '0 hours 0 minutes'}"
T79q5lQcq2RZ5AJU,1744496456630,429,Access limit reached,"{'error': 'Access limit reached', 'retry_after': '0 hours 0 minutes'}"
T79q5lQcq2RZ5AJU,1744496456630,429,Access limit reached,"{'error': 'Access limit reached', 'retry_after': '0 hours 0 minutes'}"
T79q5lQcq2RZ5AJU,1744496456630,429,Access limit reached,"{'error': 'Access limit reached', 'retry_after': '0 hours 0 minutes'}"
T79q5lQcq2RZ5AJU,1744496456630,429,Access limit reached,"{'error': 'Access limit reached', 'retry_after': '0 hours 0 minutes'}"
T79q5lQcq2RZ5AJU,1744496462630,429,Access limit reached,"{'error': 'Access limit reached', 'retry_after': '0 hours 0 minutes'}"
T79q5lQcq2RZ5AJU,1744496462630,429,Access limit reached,"{'error': 'Access limit reached', 'retry_after': '0 hours 0 minutes'}"
T79q5lQcq2RZ5AJU,1744496462630,429,Access limit reached,"{'error': 'Access limit reached', 'retry_after': '0 hours 0 minutes'}"
T79q5lQcq2RZ5AJU,1744496462630,429,Access limit reached,"{'error': 'Access limit reached', 'retry_after': '0 hours 0 minutes'}"
T79q5lQcq2RZ5AJU,1744496462630,429,Access limit reached,"{'error': 'Access limit reached', 'retry_after': '0 hours 0 minutes'}"
T79q5lQcq2RZ5AJU,1744496482630,429,Access limit reached,"{'error': 'Access limit reached', 'retry_after': '0 hours 0 minutes'}"
T79q5lQcq2RZ5AJU,1744496482630,429,Access limit reached,"{'error': 'Access limit reached', 'retry_after': '0 hours 0 minutes'}"
T79q5lQcq2RZ5AJU,1744496482630,429,Access limit reached,"{'error': 'Access limit reached', 'retry_after': '0 hours 0 minutes'}"
T79q5lQcq2RZ5AJU,1744496482630,429,Access limit reached,"{'error': 'Access limit reached', 'retry_after': '0 hours 0 minutes'}"
T79q5lQcq2RZ5AJU,1744496482630,429,Access limit reached,"{'error': 'Access limit reached', 'retry_after': '0 hours 0 minutes'}"
T79q5lQcq2RZ5AJU,1744496496630,429,Access limit reached,"{'error': 'Access limit reached', 'retry_after': '0 hours 0 minutes'}"
T79q5lQcq2RZ5AJU,1744496496630,429,Access limit reached,"{'error': 'Access limit reached', 'retry_after': '0 hours 0 minutes'}"
T79q5lQcq2RZ5AJU,1744496496630,429,Access limit reached,"{'error': 'Access limit reached', 'retry_after': '0 hours 0 minutes'}"
T79q5lQcq2RZ5AJU,1744496496630,429,Access limit reached,"{'error': 'Access limit reached', 'retry_after': '0 hours 0 minutes'}"
T79q5lQcq2RZ5AJU,1744496496630,429,Access limit reached,"{'error': 'Access limit reached', 'retry_after': '0 hours 0 minutes'}"
T79q5lQcq2RZ5AJU,1744496501630,429,Access limit reached,"{'error': 'Access limit reached', 'retry_after': '0 hours 0 minutes'}"
T79q5lQcq2RZ5AJU,1744496501630,429,Access limit reached,"{'error': 'Access limit reached', 'retry_after': '0 hours 0 minutes'}"
T79q5lQcq2RZ5AJU,1744496501630,429,Access limit reached,"{'error': 'Access limit reached', 'retry_after': '0 hours 0 minutes'}"
T79q5lQcq2RZ5AJU,1744496501630,429,Access limit reached,"{'error': 'Access limit reached', 'retry_after': '0 hours 0 minutes'}"
T79q5lQcq2RZ5AJU,1744496501630,429,Access limit reached,"{'error': 'Access limit reached', 'retry_after': '0 hours 0 minutes'}"
T79q5lQcq2RZ5AJU,1744496519630,429,Access limit reached,"{'error': 'Access limit reached', 'retry_after': '0 hours 0 minutes'}"
T79q5lQcq2RZ5AJU,1744496519630,429,Access limit reached,"{'error': 'Access limit reached', 'retry_after': '0 hours 0 minutes'}"
T79q5lQcq2RZ5AJU,1744496519630,429,Access limit reached,"{'error': 'Access limit reached', 'retry_after': '0 hours 0 minutes'}"
T79q5lQcq2RZ5AJU,1744496519630,429,Access limit reached,"{'error': 'Access limit reached', 'retry_after': '0 hours 0 minutes'}"
T79q5lQcq2RZ5AJU,1744496519630,429,Access limit reached,"{'error': 'Access limit reached', 'retry_after': '0 hours 0 minutes'}"
aszabQWSCjYcWD9a,1744496538630,429,Access limit reached,"{'error': 'Access limit reached', 'retry_after': '12 hours 59 minutes'}"
aszabQWSCjYcWD9a,1744496538630,429,Access limit reached,"{'error': 'Access limit reached', 'retry_after': '12 hours 59 minutes'}"
aszabQWSCjYcWD9a,1744496538630,429,Access limit reached,"{'error': 'Access limit reached', 'retry_after': '12 hours 59 minutes'}"
aszabQWSCjYcWD9a,1744496538630,429,Access limit reached,"{'error': 'Access limit reached', 'retry_after': '12 hours 59 minutes'}"
aszabQWSCjYcWD9a,1744496538630,429,Access limit reached,"{'error': 'Access limit reached', 'retry_after': '12 hours 59 minutes'}"
aszabQWSCjYcWD9a,1744496561630,429,Access limit reached,"{'error': 'Access limit reached', 'retry_after': '12 hours 59 minutes'}"
aszabQWSCjYcWD9a,1744496561630,429,Access limit reached,"{'error': 'Access limit reached', 'retry_after': '12 hours 59 minutes'}"
aszabQWSCjYcWD9a,1744496561630,429,Access limit reached,"{'error': 'Access limit reached', 'retry_after': '12 hours 59 minutes'}"
aszabQWSCjYcWD9a,1744496561630,429,Access limit reached,"{'error': 'Access limit reached', 'retry_after': '12 hours 59 minutes'}"
aszabQWSCjYcWD9a,1744496561630,429,Access limit reached,"{'error': 'Access limit reached', 'retry_after': '12 hours 59 minutes'}"
aszabQWSCjYcWD9a,1744496576630,429,Access limit reached,"{'error': 'Access limit reached', 'retry_after': '12 hours 59 minutes'}"
aszabQWSCjYcWD9a,1744496576630,429,Access limit reached,"{'error': 'Access limit reached', 'retry_after': '12 hours 59 minutes'}"
aszabQWSCjYcWD9a,1744496576630,429,Access limit reached,"{'error': 'Access limit reached', 'retry_after': '12 hours 59 minutes'}"
aszabQWSCjYcWD9a,1744496576630,429,Access limit reached,"{'error': 'Access limit reached', 'retry_after': '12 hours 59 minutes'}"
aszabQWSCjYcWD9a,1744496576630,429,Access limit reached,"{'error': 'Access limit reached', 'retry_after': '12 hours 59 minutes'}"
aszabQWSCjYcWD9a,1744496605630,429,Access limit reached,"{'error': 'Access limit reached', 'retry_after': '12 hours 59 minutes'}"
aszabQWSCjYcWD9a,1744496605630,429,Access limit reached,"{'error': 'Access limit reached', 'retry_after': '12 hours 59 minutes'}"
aszabQWSCjYcWD9a,1744496605630,429,Access limit reached,"{'error': 'Access limit reached', 'retry_after': '12 hours 59 minutes'}"
aszabQWSCjYcWD9a,1744496605630,429,Access limit reached,"{'error': 'Access limit reached', 'retry_after': '12 hours 59 minutes'}"
aszabQWSCjYcWD9a,1744496605630,429,Access limit reached,"{'error': 'Access limit reached', 'retry_after': '12 hours 59 minutes'}"
aszabQWSCjYcWD9a,1744496618630,429,Access limit reached,"{'error': 'Access limit reached', 'retry_after': '12 hours 59 minutes'}"
aszabQWSCjYcWD9a,1744496618630,429,Access limit reached,"{'error': 'Access limit reached', 'retry_after': '12 hours 59 minutes'}"
aszabQWSCjYcWD9a,1744496618630,429,Access limit reached,"{'error': 'Access limit reached', 'retry_after': '12 hours 59 minutes'}"
aszabQWSCjYcWD9a,1744496618630,429,Access limit reached,"{'error': 'Access limit reached', 'retry_after': '12 hours 59 minutes'}"
aszabQWSCjYcWD9a,1744496618630,429,Access limit reached,"{'error': 'Access limit reached', 'retry_after': '12 hours 59 minutes'}"
aszabQWSCjYcWD9a,1744496624630,429,Access limit reached,"{'error': 'Access limit reached', 'retry_after': '12 hours 59 minutes'}"
aszabQWSCjYcWD9a,1744496624630,429,Access limit reached,"{'error': 'Access limit reached', 'retry_after': '12 hours 59 minutes'}"
aszabQWSCjYcWD9a,1744496624630,429,Access limit reached,"{'error': 'Access limit reached', 'retry_after': '12 hours 59 minutes'}"
aszabQWSCjYcWD9a,1744496624630,429,Access limit reached,"{'error': 'Access limit reached', 'retry_after': '12 hours 59 minutes'}"
aszabQWSCjYcWD9a,1744496624630,429,Access limit reached,"{'error': 'Access limit reached', 'retry_after': '12 hours 59 minutes'}"
aszabQWSCjYcWD9a,1744496637630,429,Access limit reached,"{'error': 'Access limit reached', 'retry_after': '12 hours 59 minutes'}"
aszabQWSCjYcWD9a,1744496637630,429,Access limit reached,"{'error': 'Access limit reached', 'retry_after': '12 hours 59 minutes'}"
aszabQWSCjYcWD9a,1744496637630,429,Access limit reached,"{'error': 'Access limit reached', 'retry_after': '12 hours 59 minutes'}"
aszabQWSCjYcWD9a,1744496637630,429,Access limit reached,"{'error': 'Access limit reached', 'retry_after': '12 hours 59 minutes'}"
aszabQWSCjYcWD9a,1744496637630,429,Access limit reached,"{'error': 'Access limit reached', 'retry_after': '12 hours 59 minutes'}"
aszabQWSCjYcWD9a,1744496648630,429,Access limit reached,"{'error': 'Access limit reached', 'retry_after': '12 hours 59 minutes'}"
aszabQWSCjYcWD9a,1744496648630,429,Access limit reached,"{'error': 'Access limit reached', 'retry_after': '12 hours 59 minutes'}"
aszabQWSCjYcWD9a,1744496648630,429,Access limit reached,"{'error': 'Access limit reached', 'retry_after': '12 hours 59 minutes'}"
aszabQWSCjYcWD9a,1744496648630,429,Access limit reached,"{'error': 'Access limit reached', 'retry_after': '12 hours 59 minutes'}"
aszabQWSCjYcWD9a,1744496648630,429,Access limit reached,"{'error': 'Access limit reached', 'retry_after': '12 hours 59 minutes'}"
aszabQWSCjYcWD9a,1744496666630,429,Access limit reached,"{'error': 'Access limit reached', 'retry_after': '12 hours 59 minutes'}"
aszabQWSCjYcWD9a,1744496666630,429,Access limit reached,"{'error': 'Access limit reached', 'retry_after': '12 hours 59 minutes'}"
aszabQWSCjYcWD9a,1744496666630,429,Access limit reached,"{'error': 'Access limit reached', 'retry_after': '12 hours 59 minutes'}"
aszabQWSCjYcWD9a,1744496666630,429,Access limit reached,"{'error': 'Access limit reached', 'retry_after': '12 hours 59 minutes'}"
aszabQWSCjYcWD9a,1744496666630,429,Access limit reached,"{'error': 'Access limit reached', 'retry_after': '12 hours 59 minutes'}"
aszabQWSCjYcWD9a,1744496675630,429,Access limit reached,"{'error': 'Access limit reached', 'retry_after': '12 hours 59 minutes'}"
aszabQWSCjYcWD9a,1744496675630,429,Access limit reached,"{'error': 'Access limit reached', 'retry_after': '12 hours 59 minutes'}"
aszabQWSCjYcWD9a,1744496675630,429,Access limit reached,"{'error': 'Access limit reached', 'retry_after': '12 hours 59 minutes'}"
aszabQWSCjYcWD9a,1744496675630,429,Access limit reached,"{'error': 'Access limit reached', 'retry_after': '12 hours 59 minutes'}"
aszabQWSCjYcWD9a,1744496675630,429,Access limit reached,"{'error': 'Access limit reached', 'retry_after': '12 hours 59 minutes'}"
aszabQWSCjYcWD9a,1744496696630,429,Access limit reached,"{'error': 'Access limit reached', 'retry_after': '12 hours 59 minutes'}"
aszabQWSCjYcWD9a,1744496696630,429,Access limit reached,"{'error': 'Access limit reached', 'retry_after': '12 hours 59 minutes'}"
aszabQWSCjYcWD9a,1744496696630,429,Access limit reached,"{'error': 'Access limit reached', 'retry_after': '12 hours 59 minutes'}"
aszabQWSCjYcWD9a,1744496696630,429,Access limit reached,"{'error': 'Access limit reached', 'retry_after': '12 hours 59 minutes'}"
aszabQWSCjYcWD9a,1744496696630,429,Access limit reached,"{'error': 'Access limit reached', 'retry_after': '12 hours 59 minutes'}"
aszabQWSCjYcWD9a,1744496702630,429,Access limit reached,"{'error': 'Access limit reached', 'retry_after': '12 hours 59 minutes'}"
aszabQWSCjYcWD9a,1744496702630,429,Access limit reached,"{'error': 'Access limit reached', 'retry_after': '12 hours 59 minutes'}"
aszabQWSCjYcWD9a,1744496702630,429,Access limit reached,"{'error': 'Access limit reached', 'retry_after': '12 hours 59 minutes'}"
aszabQWSCjYcWD9a,1744496702630,429,Access limit reached,"{'error': 'Access limit reached', 'retry_after': '12 hours 59 minutes'}"
aszabQWSCjYcWD9a,1744496702630,429,Access limit reached,"{'error': 'Access limit reached', 'retry_after': '12 hours 59 minutes'}"
aszabQWSCjYcWD9a,1744496718630,429,Access limit reached,"{'error': 'Access limit reached', 'retry_after': '12 hours 59 minutes'}"
aszabQWSCjYcWD9a,1744496718630,429,Access limit reached,"{'error': 'Access limit reached', 'retry_after': '12 hours 59 minutes'}"
aszabQWSCjYcWD9a,1744496718630,429,Access limit reached,"{'error': 'Access limit reached', 'retry_after': '12 hours 59 minutes'}"
aszabQWSCjYcWD9a,1744496718630,429,Access limit reached,"{'error': 'Access limit reached', 'retry_after': '12 hours 59 minutes'}"
aszabQWSCjYcWD9a,1744496718630,429,Access limit reached,"{'error': 'Access limit reached', 'retry_after': '12 hours 59 minutes'}"
aszabQWSCjYcWD9a,1744496737630,429,Access limit reached,"{'error': 'Access limit reached', 'retry_after': '12 hours 59 minutes'}"
aszabQWSCjYcWD9a,1744496737630,429,Access limit reached,"{'error': 'Access limit reached', 'retry_after': '12 hours 59 minutes'}"
aszabQWSCjYcWD9a,1744496737630,429,Access limit reached,"{'error': 'Access limit reached', 'retry_after': '12 hours 59 minutes'}"
aszabQWSCjYcWD9a,1744496737630,429,Access limit reached,"{'error': 'Access limit reached', 'retry_after': '12 hours 59 minutes'}"
aszabQWSCjYcWD9a,1744496737630,429,Access limit reached,"{'error': 'Access limit reached', 'retry_after': '12 hours 59 minutes'}"
aszabQWSCjYcWD9a,1744496763630,429,Access limit reached,"{'error': 'Access limit reached', 'retry_after': '12 hours 59 minutes'}"
aszabQWSCjYcWD9a,1744496763630,429,Access limit reached,"{'error': 'Access limit reached', 'retry_after': '12 hours 59 minutes'}"
aszabQWSCjYcWD9a,1744496763630,429,Access limit reached,"{'error': 'Access limit reached', 'retry_after': '12 hours 59 minutes'}"
aszabQWSCjYcWD9a,1744496763630,429,Access limit reached,"{'error': 'Access limit reached', 'retry_after': '12 hours 59 minutes'}"
aszabQWSCjYcWD9a,1744496763630,429,Access limit reached,"{'error': 'Access limit reached', 'retry_after': '12 hours 59 minutes'}"
aszabQWSCjYcWD9a,1744496777630,429,Access limit reached,"{'error': 'Access limit reached', 'retry_after': '12 hours 59 minutes'}"
aszabQWSCjYcWD9a,1744496777630,429,Access limit reached,"{'error': 'Access limit reached', 'retry_after': '12 hours 59 minutes'}"
aszabQWSCjYcWD9a,1744496777630,429,Access limit reached,"{'error': 'Access limit reached', 'retry_after': '12 hours 59 minutes'}"
aszabQWSCjYcWD9a,1744496777630,429,Access limit reached,"{'error': 'Access limit reached', 'retry_after': '12 hours 59 minutes'}"
aszabQWSCjYcWD9a,1744496777630,429,Access limit reached,"{'error': 'Access limit reached', 'retry_after': '12 hours 59 minutes'}"
aszabQWSCjYcWD9a,1744496785630,429,Access limit reached,"{'error': 'Access limit reached', 'retry_after': '12 hours 59 minutes'}"
aszabQWSCjYcWD9a,1744496785630,429,Access limit reached,"{'error': 'Access limit reached', 'retry_after': '12 hours 59 minutes'}"
aszabQWSCjYcWD9a,1744496785630,429,Access limit reached,"{'error': 'Access limit reached', 'retry_after': '12 hours 59 minutes'}"
aszabQWSCjYcWD9a,1744496785630,429,Access limit reached,"{'error': 'Access limit reached', 'retry_after': '12 hours 59 minutes'}"
aszabQWSCjYcWD9a,1744496785630,429,Access limit reached,"{'error': 'Access limit reached', 'retry_after': '12 hours 59 minutes'}"
aszabQWSCjYcWD9a,1744496811630,429,Access limit reached,"{'error': 'Access limit reached', 'retry_after': '12 hours 59 minutes'}"
aszabQWSCjYcWD9a,1744496811630,429,Access limit reached,"{'error': 'Access limit reached', 'retry_after': '12 hours 59 minutes'}"
aszabQWSCjYcWD9a,1744496811630,429,Access limit reached,"{'error': 'Access limit reached', 'retry_after': '12 hours 59 minutes'}"
aszabQWSCjYcWD9a,1744496811630,429,Access limit reached,"{'error': 'Access limit reached', 'retry_after': '12 hours 59 minutes'}"
aszabQWSCjYcWD9a,1744496811630,429,Access limit reached,"{'error': 'Access limit reached', 'retry_after': '12 hours 59 minutes'}"
aszabQWSCjYcWD9a,1744496835630,429,Access limit reached,"{'error': 'Access limit reached', 'retry_after': '12 hours 59 minutes'}"
aszabQWSCjYcWD9a,1744496835630,429,Access limit reached,"{'error': 'Access limit reached', 'retry_after': '12 hours 59 minutes'}"
aszabQWSCjYcWD9a,1744496835630,429,Access limit reached,"{'error': 'Access limit reached', 'retry_after': '12 hours 59 minutes'}"
aszabQWSCjYcWD9a,1744496835630,429,Access limit reached,"{'error': 'Access limit reached', 'retry_after': '12 hours 59 minutes'}"
aszabQWSCjYcWD9a,1744496835630,429,Access limit reached,"{'error': 'Access limit reached', 'retry_after': '12 hours 59 minutes'}"
aszabQWSCjYcWD9a,1744496860630,429,Access limit reached,"{'error': 'Access limit reached', 'retry_after': '12 hours 59 minutes'}"
aszabQWSCjYcWD9a,1744496860630,429,Access limit reached,"{'error': 'Access limit reached', 'retry_after': '12 hours 59 minutes'}"
aszabQWSCjYcWD9a,1744496860630,429,Access limit reached,"{'error': 'Access limit reached', 'retry_after': '12 hours 59 minutes'}"
aszabQWSCjYcWD9a,1744496860630,429,Access limit reached,"{'error': 'Access limit reached', 'retry_after': '12 hours 59 minutes'}"
aszabQWSCjYcWD9a,1744496860630,429,Access limit reached,"{'error': 'Access limit reached', 'retry_after': '12 hours 59 minutes'}"
aszabQWSCjYcWD9a,1744496887630,429,Access limit reached,"{'error': 'Access limit reached', 'retry_after': '12 hours 59 minutes'}"
aszabQWSCjYcWD9a,1744496887630,429,Access limit reached,"{'error': 'Access limit reached', 'retry_after': '12 hours 59 minutes'}"
aszabQWSCjYcWD9a,1744496887630,429,Access limit reached,"{'error': 'Access limit reached', 'retry_after': '12 hours 59 minutes'}"
aszabQWSCjYcWD9a,1744496887630,429,Access limit reached,"{'error': 'Access limit reached', 'retry_after': '12 hours 59 minutes'}"
aszabQWSCjYcWD9a,1744496887630,429,Access limit reached,"{'error': 'Access limit reached', 'retry_after': '12 hours 59 minutes'}"
aszabQWSCjYcWD9a,1744496911630,429,Access limit reached,"{'error': 'Access limit reached', 'retry_after': '12 hours 59 minutes'}"
aszabQWSCjYcWD9a,1744496911630,429,Access limit reached,"{'error': 'Access limit reached', 'retry_after': '12 hours 59 minutes'}"
aszabQWSCjYcWD9a,1744496911630,429,Access limit reached,"{'error': 'Access limit reached', 'retry_after': '12 hours 59 minutes'}"
aszabQWSCjYcWD9a,1744496911630,429,Access limit reached,"{'error': 'Access limit reached', 'retry_after': '12 hours 59 minutes'}"
aszabQWSCjYcWD9a,1744496911630,429,Access limit reached,"{'error': 'Access limit reached', 'retry_after': '12 hours 59 minutes'}"
aszabQWSCjYcWD9a,1744496930630,429,Access limit reached,"{'error': 'Access limit reached', 'retry_after': '12 hours 59 minutes'}"
aszabQWSCjYcWD9a,1744496930630,429,Access limit reached,"{'error': 'Access limit reached', 'retry_after': '12 hours 59 minutes'}"
aszabQWSCjYcWD9a,1744496930630,429,Access limit reached,"{'error': 'Access limit reached', 'retry_after': '12 hours 59 minutes'}"
aszabQWSCjYcWD9a,1744496930630,429,Access limit reached,"{'error': 'Access limit reached', 'retry_after': '12 hours 59 minutes'}"
aszabQWSCjYcWD9a,1744496930630,429,Access limit reached,"{'error': 'Access limit reached', 'retry_after': '12 hours 59 minutes'}"
aszabQWSCjYcWD9a,1744496939630,429,Access limit reached,"{'error': 'Access limit reached', 'retry_after': '12 hours 59 minutes'}"
aszabQWSCjYcWD9a,1744496939630,429,Access limit reached,"{'error': 'Access limit reached', 'retry_after': '12 hours 59 minutes'}"
aszabQWSCjYcWD9a,1744496939630,429,Access limit reached,"{'error': 'Access limit reached', 'retry_after': '12 hours 59 minutes'}"
aszabQWSCjYcWD9a,1744496939630,429,Access limit reached,"{'error': 'Access limit reached', 'retry_after': '12 hours 59 minutes'}"
aszabQWSCjYcWD9a,1744496939630,429,Access limit reached,"{'error': 'Access limit reached', 'retry_after': '12 hours 59 minutes'}"
aszabQWSCjYcWD9a,1744496961630,429,Access limit reached,"{'error': 'Access limit reached', 'retry_after': '12 hours 59 minutes'}"
aszabQWSCjYcWD9a,1744496961630,429,Access limit reached,"{'error': 'Access limit reached', 'retry_after': '12 hours 59 minutes'}"
aszabQWSCjYcWD9a,1744496961630,429,Access limit reached,"{'error': 'Access limit reached', 'retry_after': '12 hours 59 minutes'}"
aszabQWSCjYcWD9a,1744496961630,429,Access limit reached,"{'error': 'Access limit reached', 'retry_after': '12 hours 59 minutes'}"
aszabQWSCjYcWD9a,1744496961630,429,Access limit reached,"{'error': 'Access limit reached', 'retry_after': '12 hours 59 minutes'}"
aszabQWSCjYcWD9a,1744496977630,429,Access limit reached,"{'error': 'Access limit reached', 'retry_after': '12 hours 59 minutes'}"
aszabQWSCjYcWD9a,1744496977630,429,Access limit reached,"{'error': 'Access limit reached', 'retry_after': '12 hours 59 minutes'}"
aszabQWSCjYcWD9a,1744496977630,429,Access limit reached,"{'error': 'Access limit reached', 'retry_after': '12 hours 59 minutes'}"
aszabQWSCjYcWD9a,1744496977630,429,Access limit reached,"{'error': 'Access limit reached', 'retry_after': '12 hours 59 minutes'}"
aszabQWSCjYcWD9a,1744496977630,429,Access limit reached,"{'error': 'Access limit reached', 'retry_after': '12 hours 59 minutes'}"
aszabQWSCjYcWD9a,1744496985630,429,Access limit reached,"{'error': 'Access limit reached', 'retry_after': '12 hours 59 minutes'}"
aszabQWSCjYcWD9a,1744496985630,429,Access limit reached,"{'error': 'Access limit reached', 'retry_after': '12 hours 59 minutes'}"
aszabQWSCjYcWD9a,1744496985630,429,Access limit reached,"{'error': 'Access limit reached', 'retry_after': '12 hours 59 minutes'}"
aszabQWSCjYcWD9a,1744496985630,429,Access limit reached,"{'error': 'Access limit reached', 'retry_after': '12 hours 59 minutes'}"
aszabQWSCjYcWD9a,1744496985630,429,Access limit reached,"{'error': 'Access limit reached', 'retry_after': '12 hours 59 minutes'}"
aszabQWSCjYcWD9a,1744497001630,429,Access limit reached,"{'error': 'Access limit reached', 'retry_after': '12 hours 59 minutes'}"
aszabQWSCjYcWD9a,1744497001630,429,Access limit reached,"{'error': 'Access limit reached', 'retry_after': '12 hours 59 minutes'}"
aszabQWSCjYcWD9a,1744497001630,429,Access limit reached,"{'error': 'Access limit reached', 'retry_after': '12 hours 59 minutes'}"
aszabQWSCjYcWD9a,1744497001630,429,Access limit reached,"{'error': 'Access limit reached', 'retry_after': '12 hours 59 minutes'}"
aszabQWSCjYcWD9a,1744497001630,429,Access limit reached,"{'error': 'Access limit reached', 'retry_after': '12 hours 59 minutes'}"
aszabQWSCjYcWD9a,1744497018630,429,Access limit reached,"{'error': 'Access limit reached', 'retry_after': '12 hours 59 minutes'}"
aszabQWSCjYcWD9a,1744497018630,429,Access limit reached,"{'error': 'Access limit reached', 'retry_after': '12 hours 59 minutes'}"
aszabQWSCjYcWD9a,1744497018630,429,Access limit reached,"{'error': 'Access limit reached', 'retry_after': '12 hours 59 minutes'}"
aszabQWSCjYcWD9a,1744497018630,429,Access limit reached,"{'error': 'Access limit reached', 'retry_after': '12 hours 59 minutes'}"
aszabQWSCjYcWD9a,1744497018630,429,Access limit reached,"{'error': 'Access limit reached', 'retry_after': '12 hours 59 minutes'}"
aszabQWSCjYcWD9a,1744497042630,429,Access limit reached,"{'error': 'Access limit reached', 'retry_after': '12 hours 59 minutes'}"
aszabQWSCjYcWD9a,1744497042630,429,Access limit reached,"{'error': 'Access limit reached', 'retry_after': '12 hours 59 minutes'}"
aszabQWSCjYcWD9a,1744497042630,429,Access limit reached,"{'error': 'Access limit reached', 'retry_after': '12 hours 59 minutes'}"
aszabQWSCjYcWD9a,1744497042630,429,Access limit reached,"{'error': 'Access limit reached', 'retry_after': '12 hours 59 minutes'}"
aszabQWSCjYcWD9a,1744497042630,429,Access limit reached,"{'error': 'Access limit reached', 'retry_after': '12 hours 59 minutes'}"
aszabQWSCjYcWD9a,1744497059630,429,Access limit reached,"{'error': 'Access limit reached', 'retry_after': '12 hours 59 minutes'}"
aszabQWSCjYcWD9a,1744497059630,429,Access limit reached,"{'error': 'Access limit reached', 'retry_after': '12 hours 59 minutes'}"
aszabQWSCjYcWD9a,1744497059630,429,Access limit reached,"{'error': 'Access limit reached', 'retry_after': '12 hours 59 minutes'}"
aszabQWSCjYcWD9a,1744497059630,429,Access limit reached,"{'error': 'Access limit reached', 'retry_after': '12 hours 59 minutes'}"
aszabQWSCjYcWD9a,1744497059630,429,Access limit reached,"{'error': 'Access limit reached', 'retry_after': '12 hours 59 minutes'}"
aszabQWSCjYcWD9a,1744497074630,429,Access limit reached,"{'error': 'Access limit reached', 'retry_after': '12 hours 59 minutes'}"
aszabQWSCjYcWD9a,1744497074630,429,Access limit reached,"{'error': 'Access limit reached', 'retry_after': '12 hours 59 minutes'}"
aszabQWSCjYcWD9a,1744497074630,429,Access limit reached,"{'error': 'Access limit reached', 'retry_after': '12 hours 59 minutes'}"
aszabQWSCjYcWD9a,1744497074630,429,Access limit reached,"{'error': 'Access limit reached', 'retry_after': '12 hours 59 minutes'}"
aszabQWSCjYcWD9a,1744497074630,429,Access limit reached,"{'error': 'Access limit reached', 'retry_after': '12 hours 59 minutes'}"
aszabQWSCjYcWD9a,1744497088630,429,Access limit reached,"{'error': 'Access limit reached', 'retry_after': '12 hours 59 minutes'}"
aszabQWSCjYcWD9a,1744497088630,429,Access limit reached,"{'error': 'Access limit reached', 'retry_after': '12 hours 59 minutes'}"
aszabQWSCjYcWD9a,1744497088630,429,Access limit reached,"{'error': 'Access limit reached', 'retry_after': '12 hours 59 minutes'}"
aszabQWSCjYcWD9a,1744497088630,429,Access limit reached,"{'error': 'Access limit reached', 'retry_after': '12 hours 59 minutes'}"
aszabQWSCjYcWD9a,1744497088630,429,Access limit reached,"{'error': 'Access limit reached', 'retry_after': '12 hours 59 minutes'}"
YAxhTHul26gN03ih,1744497100630,429,Access limit reached,"{'error': 'Access limit reached', 'retry_after': '23 hours 22 minutes'}"
YAxhTHul26gN03ih,1744497100630,429,Access limit reached,"{'error': 'Access limit reached', 'retry_after': '23 hours 22 minutes'}"
YAxhTHul26gN03ih,1744497100630,429,Access limit reached,"{'error': 'Access limit reached', 'retry_after': '23 hours 22 minutes'}"
YAxhTHul26gN03ih,1744497100630,429,Access limit reached,"{'error': 'Access limit reached', 'retry_after': '23 hours 22 minutes'}"
YAxhTHul26gN03ih,1744497100630,429,Access limit reached,"{'error': 'Access limit reached', 'retry_after': '23 hours 22 minutes'}"
YAxhTHul26gN03ih,1744497123630,429,Access limit reached,"{'error': 'Access limit reached', 'retry_after': '23 hours 22 minutes'}"
YAxhTHul26gN03ih,1744497123630,429,Access limit reached,"{'error': 'Access limit reached', 'retry_after': '23 hours 22 minutes'}"
YAxhTHul26gN03ih,1744497123630,429,Access limit reached,"{'error': 'Access limit reached', 'retry_after': '23 hours 22 minutes'}"
YAxhTHul26gN03ih,1744497123630,429,Access limit reached,"{'error': 'Access limit reached', 'retry_after': '23 hours 22 minutes'}"
YAxhTHul26gN03ih,1744497123630,429,Access limit reached,"{'error': 'Access limit reached', 'retry_after': '23 hours 22 minutes'}"
YAxhTHul26gN03ih,1744497150630,429,Access limit reached,"{'error': 'Access limit reached', 'retry_after': '23 hours 22 minutes'}"
YAxhTHul26gN03ih,1744497150630,429,Access limit reached,"{'error': 'Access limit reached', 'retry_after': '23 hours 22 minutes'}"
YAxhTHul26gN03ih,1744497150630,429,Access limit reached,"{'error': 'Access limit reached', 'retry_after': '23 hours 22 minutes'}"
YAxhTHul26gN03ih,1744497150630,429,Access limit reached,"{'error': 'Access limit reached', 'retry_after': '23 hours 22 minutes'}"
YAxhTHul26gN03ih,1744497150630,429,Access limit reached,"{'error': 'Access limit reached', 'retry_after': '23 hours 22 minutes'}"
YAxhTHul26gN03ih,1744497157630,429,Access limit reached,"{'error': 'Access limit reached', 'retry_after': '23 hours 22 minutes'}"
YAxhTHul26gN03ih,1744497157630,429,Access limit reached,"{'error': 'Access limit reached', 'retry_after': '23 hours 22 minutes'}"
YAxhTHul26gN03ih,1744497157630,429,Access limit reached,"{'error': 'Access limit reached', 'retry_after': '23 hours 22 minutes'}"
YAxhTHul26gN03ih,1744497157630,429,Access limit reached,"{'error': 'Access limit reached', 'retry_after': '23 hours 22 minutes'}"
YAxhTHul26gN03ih,1744497157630,429,Access limit reached,"{'error': 'Access limit reached', 'retry_after': '23 hours 22 minutes'}"
YAxhTHul26gN03ih,1744497176630,429,Access limit reached,"{'error': 'Access limit reached', 'retry_after': '23 hours 22 minutes'}"
YAxhTHul26gN03ih,1744497176630,429,Access limit reached,"{'error': 'Access limit reached', 'retry_after': '23 hours 22 minutes'}"
YAxhTHul26gN03ih,1744497176630,429,Access limit reached,"{'error': 'Access limit reached', 'retry_after': '23 hours 22 minutes'}"
YAxhTHul26gN03ih,1744497176630,429,Access limit reached,"{'error': 'Access limit reached', 'retry_after': '23 hours 22 minutes'}"
YAxhTHul26gN03ih,1744497176630,429,Access limit reached,"{'error': 'Access limit reached', 'retry_after': '23 hours 22 minutes'}"
YAxhTHul26gN03ih,1744497204630,429,Access limit reached,"{'error': 'Access limit reached', 'retry_after': '23 hours 22 minutes'}"
YAxhTHul26gN03ih,1744497204630,429,Access limit reached,"{'error': 'Access limit reached', 'retry_after': '23 hours 22 minutes'}"
YAxhTHul26gN03ih,1744497204630,429,Access limit reached,"{'error': 'Access limit reached', 'retry_after': '23 hours 22 minutes'}"
YAxhTHul26gN03ih,1744497204630,429,Access limit reached,"{'error': 'Access limit reached', 'retry_after': '23 hours 22 minutes'}"
YAxhTHul26gN03ih,1744497204630,429,Access limit reached,"{'error': 'Access limit reached', 'retry_after': '23 hours 22 minutes'}"
YAxhTHul26gN03ih,1744497223630,429,Access limit reached,"{'error': 'Access limit reached', 'retry_after': '23 hours 22 minutes'}"
YAxhTHul26gN03ih,1744497223630,429,Access limit reached,"{'error': 'Access limit reached', 'retry_after': '23 hours 22 minutes'}"
YAxhTHul26gN03ih,1744497223630,429,Access limit reached,"{'error': 'Access limit reached', 'retry_after': '23 hours 22 minutes'}"
YAxhTHul26gN03ih,1744497223630,429,Access limit reached,"{'error': 'Access limit reached', 'retry_after': '23 hours 22 minutes'}"
YAxhTHul26gN03ih,1744497223630,429,Access limit reached,"{'error': 'Access limit reached', 'retry_after': '23 hours 22 minutes'}"
YAxhTHul26gN03ih,1744497234630,429,Access limit reached,"{'error': 'Access limit reached', 'retry_after': '23 hours 22 minutes'}"
YAxhTHul26gN03ih,1744497234630,429,Access limit reached,"{'error': 'Access limit reached', 'retry_after': '23 hours 22 minutes'}"
YAxhTHul26gN03ih,1744497234630,429,Access limit reached,"{'error': 'Access limit reached', 'retry_after': '23 hours 22 minutes'}"
YAxhTHul26gN03ih,1744497234630,429,Access limit reached,"{'error': 'Access limit reached', 'retry_after': '23 hours 22 minutes'}"
YAxhTHul26gN03ih,1744497234630,429,Access limit reached,"{'error': 'Access limit reached', 'retry_after': '23 hours 22 minutes'}"
YAxhTHul26gN03ih,1744497239630,429,Access limit reached,"{'error': 'Access limit reached', 'retry_after': '23 hours 22 minutes'}"
YAxhTHul26gN03ih,1744497239630,429,Access limit reached,"{'error': 'Access limit reached', 'retry_after': '23 hours 22 minutes'}"
YAxhTHul26gN03ih,1744497239630,429,Access limit reached,"{'error': 'Access limit reached', 'retry_after': '23 hours 22 minutes'}"
YAxhTHul26gN03ih,1744497239630,429,Access limit reached,"{'error': 'Access limit reached', 'retry_after': '23 hours 22 minutes'}"
YAxhTHul26gN03ih,1744497239630,429,Access limit reached,"{'error': 'Access limit reached', 'retry_after': '23 hours 22 minutes'}"
YAxhTHul26gN03ih,1744497263630,429,Access limit reached,"{'error': 'Access limit reached', 'retry_after': '23 hours 22 minutes'}"
YAxhTHul26gN03ih,1744497263630,429,Access limit reached,"{'error': 'Access limit reached', 'retry_after': '23 hours 22 minutes'}"
YAxhTHul26gN03ih,1744497263630,429,Access limit reached,"{'error': 'Access limit reached', 'retry_after': '23 hours 22 minutes'}"
YAxhTHul26gN03ih,1744497263630,429,Access limit reached,"{'error': 'Access limit reached', 'retry_after': '23 hours 22 minutes'}"
YAxhTHul26gN03ih,1744497263630,429,Access limit reached,"{'error': 'Access limit reached', 'retry_after': '23 hours 22 minutes'}"
YAxhTHul26gN03ih,1744497270630,429,Access limit reached,"{'error': 'Access limit reached', 'retry_after': '23 hours 22 minutes'}"
YAxhTHul26gN03ih,1744497270630,429,Access limit reached,"{'error': 'Access limit reached', 'retry_after': '23 hours 22 minutes'}"
YAxhTHul26gN03ih,1744497270630,429,Access limit reached,"{'error': 'Access limit reached', 'retry_after': '23 hours 22 minutes'}"
YAxhTHul26gN03ih,1744497270630,429,Access limit reached,"{'error': 'Access limit reached', 'retry_after': '23 hours 22 minutes'}"
YAxhTHul26gN03ih,1744497270630,429,Access limit reached,"{'error': 'Access limit reached', 'retry_after': '23 hours 22 minutes'}"
YAxhTHul26gN03ih,1744497279630,429,Access limit reached,"{'error': 'Access limit reached', 'retry_after': '23 hours 22 minutes'}"
YAxhTHul26gN03ih,1744497279630,429,Access limit reached,"{'error': 'Access limit reached', 'retry_after': '23 hours 22 minutes'}"
YAxhTHul26gN03ih,1744497279630,429,Access limit reached,"{'error': 'Access limit reached', 'retry_after': '23 hours 22 minutes'}"
YAxhTHul26gN03ih,1744497279630,429,Access limit reached,"{'error': 'Access limit reached', 'retry_after': '23 hours 22 minutes'}"
YAxhTHul26gN03ih,1744497279630,429,Access limit reached,"{'error': 'Access limit reached', 'retry_after': '23 hours 22 minutes'}"
YAxhTHul26gN03ih,1744497293630,429,Access limit reached,"{'error': 'Access limit reached', 'retry_after': '23 hours 22 minutes'}"
YAxhTHul26gN03ih,1744497293630,429,Access limit reached,"{'error': 'Access limit reached', 'retry_after': '23 hours 22 minutes'}"
YAxhTHul26gN03ih,1744497293630,429,Access limit reached,"{'error': 'Access limit reached', 'retry_after': '23 hours 22 minutes'}"
YAxhTHul26gN03ih,1744497293630,429,Access limit reached,"{'error': 'Access limit reached', 'retry_after': '23 hours 22 minutes'}"
YAxhTHul26gN03ih,1744497293630,429,Access limit reached,"{'error': 'Access limit reached', 'retry_after': '23 hours 22 minutes'}"
YAxhTHul26gN03ih,1744497315630,429,Access limit reached,"{'error': 'Access limit reached', 'retry_after': '23 hours 22 minutes'}"
YAxhTHul26gN03ih,1744497315630,429,Access limit reached,"{'error': 'Access limit reached', 'retry_after': '23 hours 22 minutes'}"
YAxhTHul26gN03ih,1744497315630,429,Access limit reached,"{'error': 'Access limit reached', 'retry_after': '23 hours 22 minutes'}"
YAxhTHul26gN03ih,1744497315630,429,Access limit reached,"{'error': 'Access limit reached', 'retry_after': '23 hours 22 minutes'}"
YAxhTHul26gN03ih,1744497315630,429,Access limit reached,"{'error': 'Access limit reached', 'retry_after': '23 hours 22 minutes'}"
YAxhTHul26gN03ih,1744497332630,429,Access limit reached,"{'error': 'Access limit reached', 'retry_after': '23 hours 22 minutes'}"
YAxhTHul26gN03ih,1744497332630,429,Access limit reached,"{'error': 'Access limit reached', 'retry_after': '23 hours 22 minutes'}"
YAxhTHul26gN03ih,1744497332630,429,Access limit reached,"{'error': 'Access limit reached', 'retry_after': '23 hours 22 minutes'}"
YAxhTHul26gN03ih,1744497332630,429,Access limit reached,"{'error': 'Access limit reached', 'retry_after': '23 hours 22 minutes'}"
YAxhTHul26gN03ih,1744497332630,429,Access limit reached,"{'error': 'Access limit reached', 'retry_after': '23 hours 22 minutes'}"
YAxhTHul26gN03ih,1744497344630,429,Access limit reached,"{'error': 'Access limit reached', 'retry_after': '23 hours 22 minutes'}"
YAxhTHul26gN03ih,1744497344630,429,Access limit reached,"{'error': 'Access limit reached', 'retry_after': '23 hours 22 minutes'}"
YAxhTHul26gN03ih,1744497344630,429,Access limit reached,"{'error': 'Access limit reached', 'retry_after': '23 hours 22 minutes'}"
YAxhTHul26gN03ih,1744497344630,429,Access limit reached,"{'error': 'Access limit reached', 'retry_after': '23 hours 22 minutes'}"
YAxhTHul26gN03ih,1744497344630,429,Access limit reached,"{'error': 'Access limit reached', 'retry_after': '23 hours 22 minutes'}"
YAxhTHul26gN03ih,1744497363630,429,Access limit reached,"{'error': 'Access limit reached', 'retry_after': '23 hours 22 minutes'}"
YAxhTHul26gN03ih,1744497363630,429,Access limit reached,"{'error': 'Access limit reached', 'retry_after': '23 hours 22 minutes'}"
YAxhTHul26gN03ih,1744497363630,429,Access limit reached,"{'error': 'Access limit reached', 'retry_after': '23 hours 22 minutes'}"
YAxhTHul26gN03ih,1744497363630,429,Access limit reached,"{'error': 'Access limit reached', 'retry_after': '23 hours 22 minutes'}"
YAxhTHul26gN03ih,1744497363630,429,Access limit reached,"{'error': 'Access limit reached', 'retry_after': '23 hours 22 minutes'}"
YAxhTHul26gN03ih,1744497383630,429,Access limit reached,"{'error': 'Access limit reached', 'retry_after': '23 hours 22 minutes'}"
YAxhTHul26gN03ih,1744497383630,429,Access limit reached,"{'error': 'Access limit reached', 'retry_after': '23 hours 22 minutes'}"
YAxhTHul26gN03ih,1744497383630,429,Access limit reached,"{'error': 'Access limit reached', 'retry_after': '23 hours 22 minutes'}"
YAxhTHul26gN03ih,1744497383630,429,Access limit reached,"{'error': 'Access limit reached', 'retry_after': '23 hours 22 minutes'}"
YAxhTHul26gN03ih,1744497383630,429,Access limit reached,"{'error': 'Access limit reached', 'retry_after': '23 hours 22 minutes'}"
YAxhTHul26gN03ih,1744497400630,429,Access limit reached,"{'error': 'Access limit reached', 'retry_after': '23 hours 22 minutes'}"
YAxhTHul26gN03ih,1744497400630,429,Access limit reached,"{'error': 'Access limit reached', 'retry_after': '23 hours 22 minutes'}"
YAxhTHul26gN03ih,1744497400630,429,Access limit reached,"{'error': 'Access limit reached', 'retry_after': '23 hours 22 minutes'}"
YAxhTHul26gN03ih,1744497400630,429,Access limit reached,"{'error': 'Access limit reached', 'retry_after': '23 hours 22 minutes'}"
YAxhTHul26gN03ih,1744497400630,429,Access limit reached,"{'error': 'Access limit reached', 'retry_after': '23 hours 22 minutes'}"
YAxhTHul26gN03ih,1744497420630,429,Access limit reached,"{'error': 'Access limit reached', 'retry_after': '23 hours 22 minutes'}"
YAxhTHul26gN03ih,1744497420630,429,Access limit reached,"{'error': 'Access limit reached', 'retry_after': '23 hours 22 minutes'}"
YAxhTHul26gN03ih,1744497420630,429,Access limit reached,"{'error': 'Access limit reached', 'retry_after': '23 hours 22 minutes'}"
YAxhTHul26gN03ih,1744497420630,429,Access limit reached,"{'error': 'Access limit reached', 'retry_after': '23 hours 21 minutes'}"
YAxhTHul26gN03ih,1744497420630,429,Access limit reached,"{'error': 'Access limit reached', 'retry_after': '23 hours 21 minutes'}"
YAxhTHul26gN03ih,1744497447630,429,Access limit reached,"{'error': 'Access limit reached', 'retry_after': '23 hours 21 minutes'}"
YAxhTHul26gN03ih,1744497447630,429,Access limit reached,"{'error': 'Access limit reached', 'retry_after': '23 hours 21 minutes'}"
YAxhTHul26gN03ih,1744497447630,429,Access limit reached,"{'error': 'Access limit reached', 'retry_after': '23 hours 21 minutes'}"
YAxhTHul26gN03ih,1744497447630,429,Access limit reached,"{'error': 'Access limit reached', 'retry_after': '23 hours 21 minutes'}"
YAxhTHul26gN03ih,1744497447630,429,Access limit reached,"{'error': 'Access limit reached', 'retry_after': '23 hours 21 minutes'}"
YAxhTHul26gN03ih,1744497467630,429,Access limit reached,"{'error': 'Access limit reached', 'retry_after': '23 hours 21 minutes'}"
YAxhTHul26gN03ih,1744497467630,429,Access limit reached,"{'error': 'Access limit reached', 'retry_after': '23 hours 21 minutes'}"
YAxhTHul26gN03ih,1744497467630,429,Access limit reached,"{'error': 'Access limit reached', 'retry_after': '23 hours 21 minutes'}"
YAxhTHul26gN03ih,1744497467630,429,Access limit reached,"{'error': 'Access limit reached', 'retry_after': '23 hours 21 minutes'}"
YAxhTHul26gN03ih,1744497467630,429,Access limit reached,"{'error': 'Access limit reached', 'retry_after': '23 hours 21 minutes'}"
YAxhTHul26gN03ih,1744497480630,429,Access limit reached,"{'error': 'Access limit reached', 'retry_after': '23 hours 21 minutes'}"
YAxhTHul26gN03ih,1744497480630,429,Access limit reached,"{'error': 'Access limit reached', 'retry_after': '23 hours 21 minutes'}"
YAxhTHul26gN03ih,1744497480630,429,Access limit reached,"{'error': 'Access limit reached', 'retry_after': '23 hours 21 minutes'}"
YAxhTHul26gN03ih,1744497480630,429,Access limit reached,"{'error': 'Access limit reached', 'retry_after': '23 hours 21 minutes'}"
YAxhTHul26gN03ih,1744497480630,429,Access limit reached,"{'error': 'Access limit reached', 'retry_after': '23 hours 21 minutes'}"
YAxhTHul26gN03ih,1744497485630,429,Access limit reached,"{'error': 'Access limit reached', 'retry_after': '23 hours 21 minutes'}"
YAxhTHul26gN03ih,1744497485630,429,Access limit reached,"{'error': 'Access limit reached', 'retry_after': '23 hours 21 minutes'}"
YAxhTHul26gN03ih,1744497485630,429,Access limit reached,"{'error': 'Access limit reached', 'retry_after': '23 hours 21 minutes'}"
YAxhTHul26gN03ih,1744497485630,429,Access limit reached,"{'error': 'Access limit reached', 'retry_after': '23 hours 21 minutes'}"
YAxhTHul26gN03ih,1744497485630,429,Access limit reached,"{'error': 'Access limit reached', 'retry_after': '23 hours 21 minutes'}"
YAxhTHul26gN03ih,1744497514630,429,Access limit reached,"{'error': 'Access limit reached', 'retry_after': '23 hours 21 minutes'}"
YAxhTHul26gN03ih,1744497514630,429,Access limit reached,"{'error': 'Access limit reached', 'retry_after': '23 hours 21 minutes'}"
YAxhTHul26gN03ih,1744497514630,429,Access limit reached,"{'error': 'Access limit reached', 'retry_after': '23 hours 21 minutes'}"
YAxhTHul26gN03ih,1744497514630,429,Access limit reached,"{'error': 'Access limit reached', 'retry_after': '23 hours 21 minutes'}"
YAxhTHul26gN03ih,1744497514630,429,Access limit reached,"{'error': 'Access limit reached', 'retry_after': '23 hours 21 minutes'}"
YAxhTHul26gN03ih,1744497529630,429,Access limit reached,"{'error': 'Access limit reached', 'retry_after': '23 hours 21 minutes'}"
YAxhTHul26gN03ih,1744497529630,429,Access limit reached,"{'error': 'Access limit reached', 'retry_after': '23 hours 21 minutes'}"
YAxhTHul26gN03ih,1744497529630,429,Access limit reached,"{'error': 'Access limit reached', 'retry_after': '23 hours 21 minutes'}"
YAxhTHul26gN03ih,1744497529630,429,Access limit reached,"{'error': 'Access limit reached', 'retry_after': '23 hours 21 minutes'}"
YAxhTHul26gN03ih,1744497529630,429,Access limit reached,"{'error': 'Access limit reached', 'retry_after': '23 hours 21 minutes'}"
YAxhTHul26gN03ih,1744497551630,429,Access limit reached,"{'error': 'Access limit reached', 'retry_after': '23 hours 21 minutes'}"
YAxhTHul26gN03ih,1744497551630,429,Access limit reached,"{'error': 'Access limit reached', 'retry_after': '23 hours 21 minutes'}"
YAxhTHul26gN03ih,1744497551630,429,Access limit reached,"{'error': 'Access limit reached', 'retry_after': '23 hours 21 minutes'}"
YAxhTHul26gN03ih,1744497551630,429,Access limit reached,"{'error': 'Access limit reached', 'retry_after': '23 hours 21 minutes'}"
YAxhTHul26gN03ih,1744497551630,429,Access limit reached,"{'error': 'Access limit reached', 'retry_after': '23 hours 21 minutes'}"
YAxhTHul26gN03ih,1744497566630,429,Access limit reached,"{'error': 'Access limit reached', 'retry_after': '23 hours 21 minutes'}"
YAxhTHul26gN03ih,1744497566630,429,Access limit reached,"{'error': 'Access limit reached', 'retry_after': '23 hours 21 minutes'}"
YAxhTHul26gN03ih,1744497566630,429,Access limit reached,"{'error': 'Access limit reached', 'retry_after': '23 hours 21 minutes'}"
YAxhTHul26gN03ih,1744497566630,429,Access limit reached,"{'error': 'Access limit reached', 'retry_after': '23 hours 21 minutes'}"
YAxhTHul26gN03ih,1744497566630,429,Access limit reached,"{'error': 'Access limit reached', 'retry_after': '23 hours 21 minutes'}"
YAxhTHul26gN03ih,1744497596630,429,Access limit reached,"{'error': 'Access limit reached', 'retry_after': '23 hours 21 minutes'}"
YAxhTHul26gN03ih,1744497596630,429,Access limit reached,"{'error': 'Access limit reached', 'retry_after': '23 hours 21 minutes'}"
YAxhTHul26gN03ih,1744497596630,429,Access limit reached,"{'error': 'Access limit reached', 'retry_after': '23 hours 21 minutes'}"
YAxhTHul26gN03ih,1744497596630,429,Access limit reached,"{'error': 'Access limit reached', 'retry_after': '23 hours 21 minutes'}"
YAxhTHul26gN03ih,1744497596630,429,Access limit reached,"{'error': 'Access limit reached', 'retry_after': '23 hours 21 minutes'}"
YAxhTHul26gN03ih,1744497613630,429,Access limit reached,"{'error': 'Access limit reached', 'retry_after': '23 hours 21 minutes'}"
YAxhTHul26gN03ih,1744497613630,429,Access limit reached,"{'error': 'Access limit reached', 'retry_after': '23 hours 21 minutes'}"
YAxhTHul26gN03ih,1744497613630,429,Access limit reached,"{'error': 'Access limit reached', 'retry_after': '23 hours 21 minutes'}"
YAxhTHul26gN03ih,1744497613630,429,Access limit reached,"{'error': 'Access limit reached', 'retry_after': '23 hours 21 minutes'}"
YAxhTHul26gN03ih,1744497613630,429,Access limit reached,"{'error': 'Access limit reached', 'retry_after': '23 hours 21 minutes'}"
YAxhTHul26gN03ih,1744497641630,429,Access limit reached,"{'error': 'Access limit reached', 'retry_after': '23 hours 21 minutes'}"
YAxhTHul26gN03ih,1744497641630,429,Access limit reached,"{'error': 'Access limit reached', 'retry_after': '23 hours 21 minutes'}"
YAxhTHul26gN03ih,1744497641630,429,Access limit reached,"{'error': 'Access limit reached', 'retry_after': '23 hours 21 minutes'}"
YAxhTHul26gN03ih,1744497641630,429,Access limit reached,"{'error': 'Access limit reached', 'retry_after': '23 hours 21 minutes'}"
YAxhTHul26gN03ih,1744497641630,429,Access limit reached,"{'error': 'Access limit reached', 'retry_after': '23 hours 21 minutes'}"
YAxhTHul26gN03ih,1744497647630,429,Access limit reached,"{'error': 'Access limit reached', 'retry_after': '23 hours 21 minutes'}"
YAxhTHul26gN03ih,1744497647630,429,Access limit reached,"{'error': 'Access limit reached', 'retry_after': '23 hours 21 minutes'}"
YAxhTHul26gN03ih,1744497647630,429,Access limit reached,"{'error': 'Access limit reached', 'retry_after': '23 hours 21 minutes'}"
YAxhTHul26gN03ih,1744497647630,429,Access limit reached,"{'error': 'Access limit reached', 'retry_after': '23 hours 21 minutes'}"
YAxhTHul26gN03ih,1744497647630,429,Access limit reached,"{'error': 'Access limit reached', 'retry_after': '23 hours 21 minutes'}"
YAxhTHul26gN03ih,1744497670630,429,Access limit reached,"{'error': 'Access limit reached', 'retry_after': '23 hours 21 minutes'}"
YAxhTHul26gN03ih,1744497670630,429,Access limit reached,"{'error': 'Access limit reached', 'retry_after': '23 hours 21 minutes'}"
YAxhTHul26gN03ih,1744497670630,429,Access limit reached,"{'error': 'Access limit reached', 'retry_after': '23 hours 21 minutes'}"
YAxhTHul26gN03ih,1744497670630,429,Access limit reached,"{'error': 'Access limit reached', 'retry_after': '23 hours 21 minutes'}"
YAxhTHul26gN03ih,1744497670630,429,Access limit reached,"{'error': 'Access limit reached', 'retry_after': '23 hours 21 minutes'}"
YAxhTHul26gN03ih,1744497678630,429,Access limit reached,"{'error': 'Access limit reached', 'retry_after': '23 hours 21 minutes'}"
YAxhTHul26gN03ih,1744497678630,429,Access limit reached,"{'error': 'Access limit reached', 'retry_after': '23 hours 21 minutes'}"
YAxhTHul26gN03ih,1744497678630,429,Access limit reached,"{'error': 'Access limit reached', 'retry_after': '23 hours 21 minutes'}"
YAxhTHul26gN03ih,1744497678630,429,Access limit reached,"{'error': 'Access limit reached', 'retry_after': '23 hours 21 minutes'}"
YAxhTHul26gN03ih,1744497678630,429,Access limit reached,"{'error': 'Access limit reached', 'retry_after': '23 hours 21 minutes'}"
YAxhTHul26gN03ih,1744497690630,429,Access limit reached,"{'error': 'Access limit reached', 'retry_after': '23 hours 21 minutes'}"
YAxhTHul26gN03ih,1744497690630,429,Access limit reached,"{'error': 'Access limit reached', 'retry_after': '23 hours 21 minutes'}"
YAxhTHul26gN03ih,1744497690630,429,Access limit reached,"{'error': 'Access limit reached', 'retry_after': '23 hours 21 minutes'}"
YAxhTHul26gN03ih,1744497690630,429,Access limit reached,"{'error': 'Access limit reached', 'retry_after': '23 hours 21 minutes'}"
YAxhTHul26gN03ih,1744497690630,429,Access limit reached,"{'error': 'Access limit reached', 'retry_after': '23 hours 21 minutes'}"
YAxhTHul26gN03ih,1744497706630,429,Access limit reached,"{'error': 'Access limit reached', 'retry_after': '23 hours 21 minutes'}"
YAxhTHul26gN03ih,1744497706630,429,Access limit reached,"{'error': 'Access limit reached', 'retry_after': '23 hours 21 minutes'}"
YAxhTHul26gN03ih,1744497706630,429,Access limit reached,"{'error': 'Access limit reached', 'retry_after': '23 hours 21 minutes'}"
YAxhTHul26gN03ih,1744497706630,429,Access limit reached,"{'error': 'Access limit reached', 'retry_after': '23 hours 21 minutes'}"
YAxhTHul26gN03ih,1744497706630,429,Access limit reached,"{'error': 'Access limit reached', 'retry_after': '23 hours 21 minutes'}"
YAxhTHul26gN03ih,1744497725630,429,Access limit reached,"{'error': 'Access limit reached', 'retry_after': '23 hours 21 minutes'}"
YAxhTHul26gN03ih,1744497725630,429,Access limit reached,"{'error': 'Access limit reached', 'retry_after': '23 hours 21 minutes'}"
YAxhTHul26gN03ih,1744497725630,429,Access limit reached,"{'error': 'Access limit reached', 'retry_after': '23 hours 21 minutes'}"
YAxhTHul26gN03ih,1744497725630,429,Access limit reached,"{'error': 'Access limit reached', 'retry_after': '23 hours 21 minutes'}"
YAxhTHul26gN03ih,1744497725630,429,Access limit reached,"{'error': 'Access limit reached', 'retry_after': '23 hours 21 minutes'}"
YAxhTHul26gN03ih,1744497747630,429,Access limit reached,"{'error': 'Access limit reached', 'retry_after': '23 hours 21 minutes'}"
YAxhTHul26gN03ih,1744497747630,429,Access limit reached,"{'error': 'Access limit reached', 'retry_after': '23 hours 21 minutes'}"
YAxhTHul26gN03ih,1744497747630,429,Access limit reached,"{'error': 'Access limit reached', 'retry_after': '23 hours 21 minutes'}"
YAxhTHul26gN03ih,1744497747630,429,Access limit reached,"{'error': 'Access limit reached', 'retry_after': '23 hours 21 minutes'}"
YAxhTHul26gN03ih,1744497747630,429,Access limit reached,"{'error': 'Access limit reached', 'retry_after': '23 hours 21 minutes'}"
YAxhTHul26gN03ih,1744497761630,429,Access limit reached,"{'error': 'Access limit reached', 'retry_after': '23 hours 21 minutes'}"
YAxhTHul26gN03ih,1744497761630,429,Access limit reached,"{'error': 'Access limit reached', 'retry_after': '23 hours 21 minutes'}"
YAxhTHul26gN03ih,1744497761630,429,Access limit reached,"{'error': 'Access limit reached', 'retry_after': '23 hours 21 minutes'}"
YAxhTHul26gN03ih,1744497761630,429,Access limit reached,"{'error': 'Access limit reached', 'retry_after': '23 hours 21 minutes'}"
YAxhTHul26gN03ih,1744497761630,429,Access limit reached,"{'error': 'Access limit reached', 'retry_after': '23 hours 21 minutes'}"
YAxhTHul26gN03ih,1744497784630,429,Access limit reached,"{'error': 'Access limit reached', 'retry_after': '23 hours 21 minutes'}"
YAxhTHul26gN03ih,1744497784630,429,Access limit reached,"{'error': 'Access limit reached', 'retry_after': '23 hours 21 minutes'}"
YAxhTHul26gN03ih,1744497784630,429,Access limit reached,"{'error': 'Access limit reached', 'retry_after': '23 hours 21 minutes'}"
YAxhTHul26gN03ih,1744497784630,429,Access limit reached,"{'error': 'Access limit reached', 'retry_after': '23 hours 21 minutes'}"
YAxhTHul26gN03ih,1744497784630,429,Access limit reached,"{'error': 'Access limit reached', 'retry_after': '23 hours 21 minutes'}"
YAxhTHul26gN03ih,1744497796630,429,Access limit reached,"{'error': 'Access limit reached', 'retry_after': '23 hours 21 minutes'}"
YAxhTHul26gN03ih,1744497796630,429,Access limit reached,"{'error': 'Access limit reached', 'retry_after': '23 hours 21 minutes'}"
YAxhTHul26gN03ih,1744497796630,429,Access limit reached,"{'error': 'Access limit reached', 'retry_after': '23 hours 21 minutes'}"
YAxhTHul26gN03ih,1744497796630,429,Access limit reached,"{'error': 'Access limit reached', 'retry_after': '23 hours 21 minutes'}"
YAxhTHul26gN03ih,1744497796630,429,Access limit reached,"{'error': 'Access limit reached', 'retry_after': '23 hours 21 minutes'}"
YAxhTHul26gN03ih,1744497815630,429,Access limit reached,"{'error': 'Access limit reached', 'retry_after': '23 hours 21 minutes'}"
YAxhTHul26gN03ih,1744497815630,429,Access limit reached,"{'error': 'Access limit reached', 'retry_after': '23 hours 21 minutes'}"
YAxhTHul26gN03ih,1744497815630,429,Access limit reached,"{'error': 'Access limit reached', 'retry_after': '23 hours 21 minutes'}"
YAxhTHul26gN03ih,1744497815630,429,Access limit reached,"{'error': 'Access limit reached', 'retry_after': '23 hours 21 minutes'}"
YAxhTHul26gN03ih,1744497815630,429,Access limit reached,"{'error': 'Access limit reached', 'retry_after': '23 hours 21 minutes'}"
YAxhTHul26gN03ih,1744497828630,429,Access limit reached,"{'error': 'Access limit reached', 'retry_after': '23 hours 21 minutes'}"
YAxhTHul26gN03ih,1744497828630,429,Access limit reached,"{'error': 'Access limit reached', 'retry_after': '23 hours 21 minutes'}"
YAxhTHul26gN03ih,1744497828630,429,Access limit reached,"{'error': 'Access limit reached', 'retry_after': '23 hours 21 minutes'}"
YAxhTHul26gN03ih,1744497828630,429,Access limit reached,"{'error': 'Access limit reached', 'retry_after': '23 hours 21 minutes'}"
YAxhTHul26gN03ih,1744497828630,429,Access limit reached,"{'error': 'Access limit reached', 'retry_after': '23 hours 21 minutes'}"
YAxhTHul26gN03ih,1744497845630,429,Access limit reached,"{'error': 'Access limit reached', 'retry_after': '23 hours 21 minutes'}"
YAxhTHul26gN03ih,1744497845630,429,Access limit reached,"{'error': 'Access limit reached', 'retry_after': '23 hours 21 minutes'}"
YAxhTHul26gN03ih,1744497845630,429,Access limit reached,"{'error': 'Access limit reached', 'retry_after': '23 hours 21 minutes'}"
YAxhTHul26gN03ih,1744497845630,429,Access limit reached,"{'error': 'Access limit reached', 'retry_after': '23 hours 21 minutes'}"
YAxhTHul26gN03ih,1744497845630,429,Access limit reached,"{'error': 'Access limit reached', 'retry_after': '23 hours 21 minutes'}"
YAxhTHul26gN03ih,1744497865630,429,Access limit reached,"{'error': 'Access limit reached', 'retry_after': '23 hours 21 minutes'}"
YAxhTHul26gN03ih,1744497865630,429,Access limit reached,"{'error': 'Access limit reached', 'retry_after': '23 hours 21 minutes'}"
YAxhTHul26gN03ih,1744497865630,429,Access limit reached,"{'error': 'Access limit reached', 'retry_after': '23 hours 21 minutes'}"
YAxhTHul26gN03ih,1744497865630,429,Access limit reached,"{'error': 'Access limit reached', 'retry_after': '23 hours 21 minutes'}"
YAxhTHul26gN03ih,1744497865630,429,Access limit reached,"{'error': 'Access limit reached', 'retry_after': '23 hours 21 minutes'}"
YAxhTHul26gN03ih,1744497885630,429,Access limit reached,"{'error': 'Access limit reached', 'retry_after': '23 hours 21 minutes'}"
YAxhTHul26gN03ih,1744497885630,429,Access limit reached,"{'error': 'Access limit reached', 'retry_after': '23 hours 21 minutes'}"
YAxhTHul26gN03ih,1744497885630,429,Access limit reached,"{'error': 'Access limit reached', 'retry_after': '23 hours 21 minutes'}"
YAxhTHul26gN03ih,1744497885630,429,Access limit reached,"{'error': 'Access limit reached', 'retry_after': '23 hours 21 minutes'}"
YAxhTHul26gN03ih,1744497885630,429,Access limit reached,"{'error': 'Access limit reached', 'retry_after': '23 hours 21 minutes'}"
YAxhTHul26gN03ih,1744497907630,429,Access limit reached,"{'error': 'Access limit reached', 'retry_after': '23 hours 21 minutes'}"
YAxhTHul26gN03ih,1744497907630,429,Access limit reached,"{'error': 'Access limit reached', 'retry_after': '23 hours 21 minutes'}"
YAxhTHul26gN03ih,1744497907630,429,Access limit reached,"{'error': 'Access limit reached', 'retry_after': '23 hours 21 minutes'}"
YAxhTHul26gN03ih,1744497907630,429,Access limit reached,"{'error': 'Access limit reached', 'retry_after': '23 hours 21 minutes'}"
YAxhTHul26gN03ih,1744497907630,429,Access limit reached,"{'error': 'Access limit reached', 'retry_after': '23 hours 21 minutes'}"
YAxhTHul26gN03ih,1744497929630,429,Access limit reached,"{'error': 'Access limit reached', 'retry_after': '23 hours 21 minutes'}"
YAxhTHul26gN03ih,1744497929630,429,Access limit reached,"{'error': 'Access limit reached', 'retry_after': '23 hours 21 minutes'}"
YAxhTHul26gN03ih,1744497929630,429,Access limit reached,"{'error': 'Access limit reached', 'retry_after': '23 hours 21 minutes'}"
YAxhTHul26gN03ih,1744497929630,429,Access limit reached,"{'error': 'Access limit reached', 'retry_after': '23 hours 21 minutes'}"
YAxhTHul26gN03ih,1744497929630,429,Access limit reached,"{'error': 'Access limit reached', 'retry_after': '23 hours 21 minutes'}"
YAxhTHul26gN03ih,1744497951630,429,Access limit reached,"{'error': 'Access limit reached', 'retry_after': '23 hours 21 minutes'}"
YAxhTHul26gN03ih,1744497951630,429,Access limit reached,"{'error': 'Access limit reached', 'retry_after': '23 hours 21 minutes'}"
YAxhTHul26gN03ih,1744497951630,429,Access limit reached,"{'error': 'Access limit reached', 'retry_after': '23 hours 21 minutes'}"
YAxhTHul26gN03ih,1744497951630,429,Access limit reached,"{'error': 'Access limit reached', 'retry_after': '23 hours 21 minutes'}"
YAxhTHul26gN03ih,1744497951630,429,Access limit reached,"{'error': 'Access limit reached', 'retry_after': '23 hours 21 minutes'}"
YAxhTHul26gN03ih,1744497968630,429,Access limit reached,"{'error': 'Access limit reached', 'retry_after': '23 hours 21 minutes'}"
YAxhTHul26gN03ih,1744497968630,429,Access limit reached,"{'error': 'Access limit reached', 'retry_after': '23 hours 21 minutes'}"
YAxhTHul26gN03ih,1744497968630,429,Access limit reached,"{'error': 'Access limit reached', 'retry_after': '23 hours 21 minutes'}"
YAxhTHul26gN03ih,1744497968630,429,Access limit reached,"{'error': 'Access limit reached', 'retry_after': '23 hours 21 minutes'}"
YAxhTHul26gN03ih,1744497968630,429,Access limit reached,"{'error': 'Access limit reached', 'retry_after': '23 hours 21 minutes'}"
YAxhTHul26gN03ih,1744497986630,429,Access limit reached,"{'error': 'Access limit reached', 'retry_after': '23 hours 21 minutes'}"
YAxhTHul26gN03ih,1744497986630,429,Access limit reached,"{'error': 'Access limit reached', 'retry_after': '23 hours 21 minutes'}"
YAxhTHul26gN03ih,1744497986630,429,Access limit reached,"{'error': 'Access limit reached', 'retry_after': '23 hours 21 minutes'}"
YAxhTHul26gN03ih,1744497986630,429,Access limit reached,"{'error': 'Access limit reached', 'retry_after': '23 hours 21 minutes'}"
YAxhTHul26gN03ih,1744497986630,429,Access limit reached,"{'error': 'Access limit reached', 'retry_after': '23 hours 21 minutes'}"
YAxhTHul26gN03ih,1744498002630,429,Access limit reached,"{'error': 'Access limit reached', 'retry_after': '23 hours 21 minutes'}"
YAxhTHul26gN03ih,1744498002630,429,Access limit reached,"{'error': 'Access limit reached', 'retry_after': '23 hours 21 minutes'}"
YAxhTHul26gN03ih,1744498002630,429,Access limit reached,"{'error': 'Access limit reached', 'retry_after': '23 hours 21 minutes'}"
YAxhTHul26gN03ih,1744498002630,429,Access limit reached,"{'error': 'Access limit reached', 'retry_after': '23 hours 21 minutes'}"
YAxhTHul26gN03ih,1744498002630,429,Access limit reached,"{'error': 'Access limit reached', 'retry_after': '23 hours 21 minutes'}"
YAxhTHul26gN03ih,1744498022630,429,Access limit reached,"{'error': 'Access limit reached', 'retry_after': '23 hours 21 minutes'}"
YAxhTHul26gN03ih,1744498022630,429,Access limit reached,"{'error': 'Access limit reached', 'retry_after': '23 hours 21 minutes'}"
YAxhTHul26gN03ih,1744498022630,429,Access limit reached,"{'error': 'Access limit reached', 'retry_after': '23 hours 21 minutes'}"
YAxhTHul26gN03ih,1744498022630,429,Access limit reached,"{'error': 'Access limit reached', 'retry_after': '23 hours 21 minutes'}"
YAxhTHul26gN03ih,1744498022630,429,Access limit reached,"{'error': 'Access limit reached', 'retry_after': '23 hours 21 minutes'}"
YAxhTHul26gN03ih,1744498036630,429,Access limit reached,"{'error': 'Access limit reached', 'retry_after': '23 hours 21 minutes'}"
YAxhTHul26gN03ih,1744498036630,429,Access limit reached,"{'error': 'Access limit reached', 'retry_after': '23 hours 21 minutes'}"
YAxhTHul26gN03ih,1744498036630,429,Access limit reached,"{'error': 'Access limit reached', 'retry_after': '23 hours 21 minutes'}"
YAxhTHul26gN03ih,1744498036630,429,Access limit reached,"{'error': 'Access limit reached', 'retry_after': '23 hours 21 minutes'}"
YAxhTHul26gN03ih,1744498036630,429,Access limit reached,"{'error': 'Access limit reached', 'retry_after': '23 hours 21 minutes'}"
YAxhTHul26gN03ih,1744498047630,429,Access limit reached,"{'error': 'Access limit reached', 'retry_after': '23 hours 21 minutes'}"
YAxhTHul26gN03ih,1744498047630,429,Access limit reached,"{'error': 'Access limit reached', 'retry_after': '23 hours 21 minutes'}"
YAxhTHul26gN03ih,1744498047630,429,Access limit reached,"{'error': 'Access limit reached', 'retry_after': '23 hours 21 minutes'}"
YAxhTHul26gN03ih,1744498047630,429,Access limit reached,"{'error': 'Access limit reached', 'retry_after': '23 hours 21 minutes'}"
YAxhTHul26gN03ih,1744498047630,429,Access limit reached,"{'error': 'Access limit reached', 'retry_after': '23 hours 21 minutes'}"
YAxhTHul26gN03ih,1744498064630,429,Access limit reached,"{'error': 'Access limit reached', 'retry_after': '23 hours 21 minutes'}"
YAxhTHul26gN03ih,1744498064630,429,Access limit reached,"{'error': 'Access limit reached', 'retry_after': '23 hours 21 minutes'}"
YAxhTHul26gN03ih,1744498064630,429,Access limit reached,"{'error': 'Access limit reached', 'retry_after': '23 hours 21 minutes'}"
YAxhTHul26gN03ih,1744498064630,429,Access limit reached,"{'error': 'Access limit reached', 'retry_after': '23 hours 21 minutes'}"
YAxhTHul26gN03ih,1744498064630,429,Access limit reached,"{'error': 'Access limit reached', 'retry_after': '23 hours 21 minutes'}"
YAxhTHul26gN03ih,1744498082630,429,Access limit reached,"{'error': 'Access limit reached', 'retry_after': '23 hours 21 minutes'}"
YAxhTHul26gN03ih,1744498082630,429,Access limit reached,"{'error': 'Access limit reached', 'retry_after': '23 hours 21 minutes'}"
YAxhTHul26gN03ih,1744498082630,429,Access limit reached,"{'error': 'Access limit reached', 'retry_after': '23 hours 21 minutes'}"
YAxhTHul26gN03ih,1744498082630,429,Access limit reached,"{'error': 'Access limit reached', 'retry_after': '23 hours 21 minutes'}"
YAxhTHul26gN03ih,1744498082630,429,Access limit reached,"{'error': 'Access limit reached', 'retry_after': '23 hours 21 minutes'}"
YAxhTHul26gN03ih,1744498108630,429,Access limit reached,"{'error': 'Access limit reached', 'retry_after': '23 hours 21 minutes'}"
YAxhTHul26gN03ih,1744498108630,429,Access limit reached,"{'error': 'Access limit reached', 'retry_after': '23 hours 21 minutes'}"
YAxhTHul26gN03ih,1744498108630,429,Access limit reached,"{'error': 'Access limit reached', 'retry_after': '23 hours 21 minutes'}"
YAxhTHul26gN03ih,1744498108630,429,Access limit reached,"{'error': 'Access limit reached', 'retry_after': '23 hours 21 minutes'}"
YAxhTHul26gN03ih,1744498108630,429,Access limit reached,"{'error': 'Access limit reached', 'retry_after': '23 hours 21 minutes'}"
YAxhTHul26gN03ih,1744498119630,429,Access limit reached,"{'error': 'Access limit reached', 'retry_after': '23 hours 21 minutes'}"
YAxhTHul26gN03ih,1744498119630,429,Access limit reached,"{'error': 'Access limit reached', 'retry_after': '23 hours 21 minutes'}"
YAxhTHul26gN03ih,1744498119630,429,Access limit reached,"{'error': 'Access limit reached', 'retry_after': '23 hours 21 minutes'}"
YAxhTHul26gN03ih,1744498119630,429,Access limit reached,"{'error': 'Access limit reached', 'retry_after': '23 hours 21 minutes'}"
YAxhTHul26gN03ih,1744498119630,429,Access limit reached,"{'error': 'Access limit reached', 'retry_after': '23 hours 21 minutes'}"
YAxhTHul26gN03ih,1744498135630,429,Access limit reached,"{'error': 'Access limit reached', 'retry_after': '23 hours 21 minutes'}"
YAxhTHul26gN03ih,1744498135630,429,Access limit reached,"{'error': 'Access limit reached', 'retry_after': '23 hours 21 minutes'}"
YAxhTHul26gN03ih,1744498135630,429,Access limit reached,"{'error': 'Access limit reached', 'retry_after': '23 hours 21 minutes'}"
YAxhTHul26gN03ih,1744498135630,429,Access limit reached,"{'error': 'Access limit reached', 'retry_after': '23 hours 21 minutes'}"
YAxhTHul26gN03ih,1744498135630,429,Access limit reached,"{'error': 'Access limit reached', 'retry_after': '23 hours 21 minutes'}"
YAxhTHul26gN03ih,1744498152630,429,Access limit reached,"{'error': 'Access limit reached', 'retry_after': '23 hours 21 minutes'}"
YAxhTHul26gN03ih,1744498152630,429,Access limit reached,"{'error': 'Access limit reached', 'retry_after': '23 hours 21 minutes'}"
YAxhTHul26gN03ih,1744498152630,429,Access limit reached,"{'error': 'Access limit reached', 'retry_after': '23 hours 21 minutes'}"
YAxhTHul26gN03ih,1744498152630,429,Access limit reached,"{'error': 'Access limit reached', 'retry_after': '23 hours 21 minutes'}"
YAxhTHul26gN03ih,1744498152630,429,Access limit reached,"{'error': 'Access limit reached', 'retry_after': '23 hours 21 minutes'}"
YAxhTHul26gN03ih,1744498181630,429,Access limit reached,"{'error': 'Access limit reached', 'retry_after': '23 hours 21 minutes'}"
YAxhTHul26gN03ih,1744498181630,429,Access limit reached,"{'error': 'Access limit reached', 'retry_after': '23 hours 21 minutes'}"
YAxhTHul26gN03ih,1744498181630,429,Access limit reached,"{'error': 'Access limit reached', 'retry_after': '23 hours 21 minutes'}"
YAxhTHul26gN03ih,1744498181630,429,Access limit reached,"{'error': 'Access limit reached', 'retry_after': '23 hours 21 minutes'}"
YAxhTHul26gN03ih,1744498181630,429,Access limit reached,"{'error': 'Access limit reached', 'retry_after': '23 hours 21 minutes'}"
YAxhTHul26gN03ih,1744498188630,429,Access limit reached,"{'error': 'Access limit reached', 'retry_after': '23 hours 21 minutes'}"
YAxhTHul26gN03ih,1744498188630,429,Access limit reached,"{'error': 'Access limit reached', 'retry_after': '23 hours 21 minutes'}"
YAxhTHul26gN03ih,1744498188630,429,Access limit reached,"{'error': 'Access limit reached', 'retry_after': '23 hours 21 minutes'}"
YAxhTHul26gN03ih,1744498188630,429,Access limit reached,"{'error': 'Access limit reached', 'retry_after': '23 hours 21 minutes'}"
YAxhTHul26gN03ih,1744498188630,429,Access limit reached,"{'error': 'Access limit reached', 'retry_after': '23 hours 21 minutes'}"
YAxhTHul26gN03ih,1744498212630,429,Access limit reached,"{'error': 'Access limit reached', 'retry_after': '23 hours 21 minutes'}"
YAxhTHul26gN03ih,1744498212630,429,Access limit reached,"{'error': 'Access limit reached', 'retry_after': '23 hours 21 minutes'}"
YAxhTHul26gN03ih,1744498212630,429,Access limit reached,"{'error': 'Access limit reached', 'retry_after': '23 hours 20 minutes'}"
YAxhTHul26gN03ih,1744498212630,429,Access limit reached,"{'error': 'Access limit reached', 'retry_after': '23 hours 20 minutes'}"
YAxhTHul26gN03ih,1744498212630,429,Access limit reached,"{'error': 'Access limit reached', 'retry_after': '23 hours 20 minutes'}"
YAxhTHul26gN03ih,1744498231630,429,Access limit reached,"{'error': 'Access limit reached', 'retry_after': '23 hours 20 minutes'}"
YAxhTHul26gN03ih,1744498231630,429,Access limit reached,"{'error': 'Access limit reached', 'retry_after': '23 hours 20 minutes'}"
YAxhTHul26gN03ih,1744498231630,429,Access limit reached,"{'error': 'Access limit reached', 'retry_after': '23 hours 20 minutes'}"
YAxhTHul26gN03ih,1744498231630,429,Access limit reached,"{'error': 'Access limit reached', 'retry_after': '23 hours 20 minutes'}"
YAxhTHul26gN03ih,1744498231630,429,Access limit reached,"{'error': 'Access limit reached', 'retry_after': '23 hours 20 minutes'}"
YAxhTHul26gN03ih,1744498256630,429,Access limit reached,"{'error': 'Access limit reached', 'retry_after': '23 hours 20 minutes'}"
YAxhTHul26gN03ih,1744498256630,429,Access limit reached,"{'error': 'Access limit reached', 'retry_after': '23 hours 20 minutes'}"
YAxhTHul26gN03ih,1744498256630,429,Access limit reached,"{'error': 'Access limit reached', 'retry_after': '23 hours 20 minutes'}"
YAxhTHul26gN03ih,1744498256630,429,Access limit reached,"{'error': 'Access limit reached', 'retry_after': '23 hours 20 minutes'}"
YAxhTHul26gN03ih,1744498256630,429,Access limit reached,"{'error': 'Access limit reached', 'retry_after': '23 hours 20 minutes'}"
YAxhTHul26gN03ih,1744498275630,429,Access limit reached,"{'error': 'Access limit reached', 'retry_after': '23 hours 20 minutes'}"
YAxhTHul26gN03ih,1744498275630,429,Access limit reached,"{'error': 'Access limit reached', 'retry_after': '23 hours 20 minutes'}"
YAxhTHul26gN03ih,1744498275630,429,Access limit reached,"{'error': 'Access limit reached', 'retry_after': '23 hours 20 minutes'}"
YAxhTHul26gN03ih,1744498275630,429,Access limit reached,"{'error': 'Access limit reached', 'retry_after': '23 hours 20 minutes'}"
YAxhTHul26gN03ih,1744498275630,429,Access limit reached,"{'error': 'Access limit reached', 'retry_after': '23 hours 20 minutes'}"
YAxhTHul26gN03ih,1744498287630,429,Access limit reached,"{'error': 'Access limit reached', 'retry_after': '23 hours 20 minutes'}"
YAxhTHul26gN03ih,1744498287630,429,Access limit reached,"{'error': 'Access limit reached', 'retry_after': '23 hours 20 minutes'}"
YAxhTHul26gN03ih,1744498287630,429,Access limit reached,"{'error': 'Access limit reached', 'retry_after': '23 hours 20 minutes'}"
YAxhTHul26gN03ih,1744498287630,429,Access limit reached,"{'error': 'Access limit reached', 'retry_after': '23 hours 20 minutes'}"
YAxhTHul26gN03ih,1744498287630,429,Access limit reached,"{'error': 'Access limit reached', 'retry_after': '23 hours 20 minutes'}"
YAxhTHul26gN03ih,1744498293630,429,Access limit reached,"{'error': 'Access limit reached', 'retry_after': '23 hours 20 minutes'}"
YAxhTHul26gN03ih,1744498293630,429,Access limit reached,"{'error': 'Access limit reached', 'retry_after': '23 hours 20 minutes'}"
YAxhTHul26gN03ih,1744498293630,429,Access limit reached,"{'error': 'Access limit reached', 'retry_after': '23 hours 20 minutes'}"
YAxhTHul26gN03ih,1744498293630,429,Access limit reached,"{'error': 'Access limit reached', 'retry_after': '23 hours 20 minutes'}"
YAxhTHul26gN03ih,1744498293630,429,Access limit reached,"{'error': 'Access limit reached', 'retry_after': '23 hours 20 minutes'}"
YAxhTHul26gN03ih,1744498311630,429,Access limit reached,"{'error': 'Access limit reached', 'retry_after': '23 hours 20 minutes'}"
YAxhTHul26gN03ih,1744498311630,429,Access limit reached,"{'error': 'Access limit reached', 'retry_after': '23 hours 20 minutes'}"
YAxhTHul26gN03ih,1744498311630,429,Access limit reached,"{'error': 'Access limit reached', 'retry_after': '23 hours 20 minutes'}"
YAxhTHul26gN03ih,1744498311630,429,Access limit reached,"{'error': 'Access limit reached', 'retry_after': '23 hours 20 minutes'}"
YAxhTHul26gN03ih,1744498311630,429,Access limit reached,"{'error': 'Access limit reached', 'retry_after': '23 hours 20 minutes'}"
YAxhTHul26gN03ih,1744498334630,429,Access limit reached,"{'error': 'Access limit reached', 'retry_after': '23 hours 20 minutes'}"
YAxhTHul26gN03ih,1744498334630,429,Access limit reached,"{'error': 'Access limit reached', 'retry_after': '23 hours 20 minutes'}"
YAxhTHul26gN03ih,1744498334630,429,Access limit reached,"{'error': 'Access limit reached', 'retry_after': '23 hours 20 minutes'}"
YAxhTHul26gN03ih,1744498334630,429,Access limit reached,"{'error': 'Access limit reached', 'retry_after': '23 hours 20 minutes'}"
YAxhTHul26gN03ih,1744498334630,429,Access limit reached,"{'error': 'Access limit reached', 'retry_after': '23 hours 20 minutes'}"
YAxhTHul26gN03ih,1744498343630,429,Access limit reached,"{'error': 'Access limit reached', 'retry_after': '23 hours 20 minutes'}"
YAxhTHul26gN03ih,1744498343630,429,Access limit reached,"{'error': 'Access limit reached', 'retry_after': '23 hours 20 minutes'}"
YAxhTHul26gN03ih,1744498343630,429,Access limit reached,"{'error': 'Access limit reached', 'retry_after': '23 hours 20 minutes'}"
YAxhTHul26gN03ih,1744498343630,429,Access limit reached,"{'error': 'Access limit reached', 'retry_after': '23 hours 20 minutes'}"
YAxhTHul26gN03ih,1744498343630,429,Access limit reached,"{'error': 'Access limit reached', 'retry_after': '23 hours 20 minutes'}"
aszabQWSCjYcWD9a,1744498366630,429,Access limit reached,"{'error': 'Access limit reached', 'retry_after': '12 hours 58 minutes'}"
aszabQWSCjYcWD9a,1744498366630,429,Access limit reached,"{'error': 'Access limit reached', 'retry_after': '12 hours 58 minutes'}"
aszabQWSCjYcWD9a,1744498366630,429,Access limit reached,"{'error': 'Access limit reached', 'retry_after': '12 hours 58 minutes'}"
aszabQWSCjYcWD9a,1744498366630,429,Access limit reached,"{'error': 'Access limit reached', 'retry_after': '12 hours 58 minutes'}"
aszabQWSCjYcWD9a,1744498366630,429,Access limit reached,"{'error': 'Access limit reached', 'retry_after': '12 hours 58 minutes'}"
aszabQWSCjYcWD9a,1744498381630,429,Access limit reached,"{'error': 'Access limit reached', 'retry_after': '12 hours 58 minutes'}"
aszabQWSCjYcWD9a,1744498381630,429,Access limit reached,"{'error': 'Access limit reached', 'retry_after': '12 hours 58 minutes'}"
aszabQWSCjYcWD9a,1744498381630,429,Access limit reached,"{'error': 'Access limit reached', 'retry_after': '12 hours 58 minutes'}"
aszabQWSCjYcWD9a,1744498381630,429,Access limit reached,"{'error': 'Access limit reached', 'retry_after': '12 hours 58 minutes'}"
aszabQWSCjYcWD9a,1744498381630,429,Access limit reached,"{'error': 'Access limit reached', 'retry_after': '12 hours 58 minutes'}"
aszabQWSCjYcWD9a,1744498406630,429,Access limit reached,"{'error': 'Access limit reached', 'retry_after': '12 hours 58 minutes'}"
aszabQWSCjYcWD9a,1744498406630,429,Access limit reached,"{'error': 'Access limit reached', 'retry_after': '12 hours 58 minutes'}"
aszabQWSCjYcWD9a,1744498406630,429,Access limit reached,"{'error': 'Access limit reached', 'retry_after': '12 hours 58 minutes'}"
aszabQWSCjYcWD9a,1744498406630,429,Access limit reached,"{'error': 'Access limit reached', 'retry_after': '12 hours 58 minutes'}"
aszabQWSCjYcWD9a,1744498406630,429,Access limit reached,"{'error': 'Access limit reached', 'retry_after': '12 hours 58 minutes'}"
aszabQWSCjYcWD9a,1744498432630,429,Access limit reached,"{'error': 'Access limit reached', 'retry_after': '12 hours 58 minutes'}"
aszabQWSCjYcWD9a,1744498432630,429,Access limit reached,"{'error': 'Access limit reached', 'retry_after': '12 hours 58 minutes'}"
aszabQWSCjYcWD9a,1744498432630,429,Access limit reached,"{'error': 'Access limit reached', 'retry_after': '12 hours 58 minutes'}"
aszabQWSCjYcWD9a,1744498432630,429,Access limit reached,"{'error': 'Access limit reached', 'retry_after': '12 hours 58 minutes'}"
aszabQWSCjYcWD9a,1744498432630,429,Access limit reached,"{'error': 'Access limit reached', 'retry_after': '12 hours 58 minutes'}"
aszabQWSCjYcWD9a,1744498441630,429,Access limit reached,"{'error': 'Access limit reached', 'retry_after': '12 hours 58 minutes'}"
aszabQWSCjYcWD9a,1744498441630,429,Access limit reached,"{'error': 'Access limit reached', 'retry_after': '12 hours 58 minutes'}"
aszabQWSCjYcWD9a,1744498441630,429,Access limit reached,"{'error': 'Access limit reached', 'retry_after': '12 hours 58 minutes'}"
aszabQWSCjYcWD9a,1744498441630,429,Access limit reached,"{'error': 'Access limit reached', 'retry_after': '12 hours 58 minutes'}"
aszabQWSCjYcWD9a,1744498441630,429,Access limit reached,"{'error': 'Access limit reached', 'retry_after': '12 hours 58 minutes'}"
5reM7jR6dJDK1Nvj,1744498446630,429,Access limit reached,"{'error': 'Access limit reached', 'retry_after': '23 hours 29 minutes'}"
5reM7jR6dJDK1Nvj,1744498446630,429,Access limit reached,"{'error': 'Access limit reached', 'retry_after': '23 hours 29 minutes'}"
5reM7jR6dJDK1Nvj,1744498446630,429,Access limit reached,"{'error': 'Access limit reached', 'retry_after': '23 hours 29 minutes'}"
5reM7jR6dJDK1Nvj,1744498446630,429,Access limit reached,"{'error': 'Access limit reached', 'retry_after': '23 hours 29 minutes'}"
5reM7jR6dJDK1Nvj,1744498446630,429,Access limit reached,"{'error': 'Access limit reached', 'retry_after': '23 hours 29 minutes'}"
